logged_at,decision_time,asset,contract_ticker,close_time,spot,floor_strike,offset_pct,tau_minutes,spread,p_market,p_model_15m,raw_edge,side,decision,z_score,bp_5m,body_5m,dir_5m,vol_ratio,vol_ratio_5m,body_15m,bp_15m,dir_15m,upper_wick_15m,lower_wick_15m,atr_ratio_15m,range_ratio_15m,consec_dir_15m,stoch_k_5m,stoch_k_15m,chg_1m,chg_5m,chg_15m,vwap_dist,ema_bias,ema_bias_1h,ema20_dist_1h,ema50_dist_1h,nearest_res_dist_pct,composite_p_up,realized_vol_annual,vol_ratio_1h,bp_1h,chg_1h,dir_1h,consec_dir_1h,stoch_k_1h,stoch_cross_1h,rsi_1h,macd_hist_1h,donchian_breakout_1h,engulfing_1h,bb_pct_1h,mu6h,mu12h,mu24h,regime_z,arima_forecast_1h,stoch_k_4h,rsi_4h,chg_4h,bp_4h,liq_score,liq_bias,oi_chg_pct,ls_long_pct,fear_greed,cg_composite,kelly_fraction,bet_fraction,bet_amount,bankroll,resolved_yes,would_win,would_pnl,spot_at_expiry,price_move_pct,miss_pct,markov_regime_1h,markov_regime_15m,markov_eth_daily,markov_sol_6h,markov_sol_4h,markov_sol_1h,p_up_v2_btc,z_drift_6h,p_gbdt,autocorr1_15,autocorr1_30,hurst_exponent,ou_theta,ou_halflife,ou_mu_distance,kalman_velocity,kalman_residual,kc_pct_1h,kc_bo_1h,cvd_4h,cg_futures_delta_4h,cg_futures_ratio_4h,cg_futures_cvd_12h,vwap_hmm_state,p_up_v3,v3_agree,pup_v3_hmm_state,kc_pct_5m,kc_bo_5m,kc_pct_15m,kc_bo_15m,donch_breakout_5m,donch_pos_5m,donch_breakout_15m,donch_pos_15m,stoch_cross_5m,stoch_cross_15m,kalman_velocity_5m,kalman_residual_5m,hurst_exponent_5m,ou_theta_5m,kalman_velocity_15m,kalman_residual_15m,hurst_exponent_15m,ou_theta_15m,arima_forecast_15m,logged_at_p,won,be,tedge,episode,r_chg_5m,r_bb_pctb_5m,r_bb_width_5m,r_rsi_5m,r_stoch_5m,r_donch_5m,r_kc_pctb_5m,r_chg_15m,r_bb_pctb_15m,r_bb_width_15m,r_rsi_15m,r_stoch_15m,r_donch_15m,r_kc_pctb_15m,r_chg_1h,r_bb_pctb_1h,r_bb_width_1h,r_rsi_1h,r_stoch_1h,r_donch_1h,r_kc_pctb_1h,r_chg_4h,r_bb_pctb_4h,r_bb_width_4h,r_rsi_4h,r_stoch_4h,r_donch_4h,r_kc_pctb_4h,r_chg_1d,r_bb_pctb_1d,r_bb_width_1d,r_rsi_1d,r_stoch_1d,r_donch_1d,r_kc_pctb_1d,week,z_1h_ago,z_delta_1h,mins_below,chg_b15,sto_b15,chg_b60,sto_b60,offset_atr,ep_pos
2026-05-26 16:31:19.352473+00:00,2026-05-26T16:31:19.343681+00:00,SOL,KXSOL15M-26MAY261245-45,2026-05-26 16:45:00+00:00,84.185,84.1992,-0.0169,13.68,0.04,0.4,0.3462,0.0538,no,trade,0.0572,0.3529,0.6471,-1.0,0.058,1.0,0.7317,0.7317,1,0.2683,0.0,0.005806,0.838,-1.0,28.12,12.86,0.0,-0.1659,-0.0593,-0.2498,-1,,-0.5867,,1.5051,0.5138,0.5779,,0.232,-0.9972,-1.0,-2.0,22.27,0.0,52.88,,,0.0,0.3387,-0.0002171,0.0001779,-0.0005089,-0.2192,,50.0,50.0,-0.9856,0.145,-2.0,-1.0,0.0528,75.67,33.0,0.0,0.1344,0.03,30.0,1000.0,1.0,0.0,-30.0,84.41,0.2673,0.2504,Bear,,Bear,Bear,Bull,Sideways,,0.4273,,-0.0464025688795806,-0.0530607000529759,0.5455,2.3357,0.2968,-2.0081,-0.003749,-0.00174,0.2441,0.0,-61727.35,-17009467.781400025,0.9518563033457924,-31049743.626700018,,,,,,,,,,,,,,,,,,,,,,,,2026-05-26 16:31:19.352473+00:00,False,0.6,-0.6,132,-0.1303163132330254,0.2756692146558134,0.0196369940164701,41.87303003775357,24.793388429751957,0.2013422818791934,0.3342192794960372,0.3571428571428559,0.1043284605576131,0.0222281173048288,36.476069156441646,14.285714285714189,0.1428571428571418,0.2074329217557124,-0.9971844204598734,0.3012643485304939,0.0242397484156716,37.27656281426147,22.272727272727156,0.2227272727272715,0.2440740272927713,-1.0900140646975975,0.3011368993738733,0.0453797043596452,41.63416780369359,20.370370370370296,0.4663120567375878,0.3342441725519182,-0.3396977861075401,0.2643698182019351,0.1845522565224695,41.27380893537189,21.871127633209426,0.2094955489614243,0.3840725436351264,2026-05-23/2026-05-29,0.956134,-0.528834,5.039207883333333,0.2317125114539964,15.203779034516296,-0.4929074427190594,14.66704584741317,0.02910781949707199,1
2026-05-27 18:33:20.792040+00:00,2026-05-27T18:33:20.784527+00:00,SOL,KXSOL15M-26MAY271445-45,2026-05-27 18:45:00+00:00,83.3625,83.3683,-0.007,11.66,0.03,0.525,0.3407,0.1843,no,trade,0.0463,0.5,0.0,0.0,1.022,1.0,1.0,1.0,1,0.0,0.0,0.003677,0.814,0.0,73.53,16.56,0.0,0.0,0.0359,-0.1598,1,,-0.7475,,0.5027,0.3679,0.3189,,0.0,-1.0455,-1.0,-2.0,20.53,0.0,45.21,,,0.0,-0.0493,-0.0013353,-0.0005882,-0.0005528,-0.2908,,,,0.5836,0.8011,-2.0,-1.0,-0.1253,77.13,26.0,0.0,0.351,0.03,29.92,1000.0,1.0,0.0,-29.92,83.51,0.1769,0.17,Bear,,Bear,Sideways,Bear,Sideways,,0.4335,,0.1882887898248653,0.0442288236618189,0.4279,2.841663,0.2439,-2.4073,-0.004715,-0.001842,0.1992,0.0,-5480.73,-11690262.599899976,0.955459483748518,-30250026.815600008,,,,,,,,,,,,,,,,,,,,,,,,2026-05-27 18:33:20.792040+00:00,False,0.475,-0.475,137,0.0718735026353556,0.4551014843362114,0.0122572291549825,50.129861511232,75.75757575757615,0.2808988764044942,0.6188866855402542,0.3001560811622061,0.3555573991237533,0.0229209695644619,43.44807340196486,16.556291390728575,0.2840909090909105,0.3843834220632015,-1.045503148390159,-0.0352367967778501,0.0129535661097919,36.1193471203083,20.52631578947381,0.205263157894738,0.1991748592727516,0.583611243449278,0.3711409938816972,0.0418148234334022,49.71476015979149,43.2960893854748,0.3808353808353807,0.5378499231629639,-1.669017395392569,0.2064130388424621,0.1926158952679791,35.52311595491014,14.602076124567468,0.1252225519287833,0.2851444869137147,2026-05-23/2026-05-29,0.792519,-0.359019,25.21320066666667,0.27350699273263057,25.571496532211,-0.6008712393918869,4.941250761146278,0.019037258634756592,1
2026-05-27 23:05:39.441074+00:00,2026-05-27T23:05:39.430041+00:00,SOL,KXSOL15M-26MAY271915-15,2026-05-27 23:15:00+00:00,82.3625,82.373,-0.0127,9.35,0.01,0.435,0.3462,0.0888,no,trade,0.0674,1.0,0.9333,1.0,0.617,1.0,1.0,0.0,-1,0.0,0.0,0.003402,0.7125,1.0,32.79,18.42,0.1213,0.1335,-0.0727,-0.1599,-1,,-1.3922,,1.507,0.4483,0.4483,,0.2951,0.1092,1.0,1.0,12.55,0.0,36.21,,,0.0,-0.0719,-0.00334,-0.0014321,-0.0011262,-0.3267,,,,-0.6394,0.4306,-2.0,-1.0,0.0438,78.28,26.0,0.0,0.204,0.03,29.94,1000.0,1.0,0.0,-29.94,82.55,0.2277,0.2149,Bear,,Bear,Sideways,Bear,Bear,,0.5082,,-0.1610125479411125,-0.089992556760633,0.6597,2.370029,0.2925,0.5897,0.001161,0.005649,0.0944,0.0,6246.42,-63174729.50579998,0.79637172818284,-78141165.19819999,,,,,,,,,,,,,,,,,,,,,,,,2026-05-27 23:05:39.441074+00:00,False,0.565,-0.565,139,-0.0484261501210503,0.3857659568754226,0.0171962664654836,38.996734636500165,51.315789473683935,0.2635135135135132,0.2916135281405649,-0.120918984280538,0.1555558549094073,0.0289860031231824,27.64705175794701,22.631578947368133,0.2263157894736813,0.1041477532988769,0.2305545443514134,-0.0842752758488389,0.0236123441852087,32.5624678648462,16.349809885931307,0.163498098859313,0.0943610465818019,-0.6394316163410352,0.235805060752086,0.0384663447497345,42.21941193895256,28.21229050279306,0.2657894736842083,0.4039196168208511,-1.669017395392569,0.2064130388424621,0.1926158952679791,35.52311595491014,14.602076124567468,0.1252225519287833,0.2851444869137147,2026-05-23/2026-05-29,0.614411,-0.10621100000000006,10.1240179,-0.32118610914945167,11.783880766702627,0.12053124685134087,7.310084908727157,0.037330981775426215,1
2026-05-28 01:23:46.874130+00:00,2026-05-28T01:23:46.864777+00:00,SOL,KXSOL15M-26MAY272130-30,2026-05-28 01:30:00+00:00,82.4025,82.4673,-0.0786,6.22,0.05,0.505,0.2753,0.2297,no,trade,0.4544,0.1667,0.8333,-1.0,0.517,1.0,0.0769,0.2308,1,0.7692,0.1538,0.003189,0.4946,-1.0,2.94,30.14,0.0,0.0121,-0.3024,-0.1745,-1,,-0.9768,,0.2584,0.4483,0.5028,,0.8214,0.2183,1.0,1.0,17.87,0.0,37.43,,,0.0,0.1456,-0.0026411,-0.0013801,-0.0009979,-0.2057,,,,-1.7749,0.1526,-2.0,-0.9757,-0.0585,78.57,23.0,1.0,0.4549,0.03,30.2,1000.0,0.0,1.0,30.81,82.13,-0.3307,-0.409,Bear,,Bear,Sideways,Bear,Sideways,,0.5205,,-0.173440954336054,-0.0903892599541871,0.5966,2.234729,0.3102,0.5486,0.002247,0.000682,0.2208,0.0,495.32,-140164958.9439,0.7098794738130122,-215029951.04959995,,,,,,,,,,,,,,,,,,,,,,,,2026-05-28 01:23:46.874130+00:00,True,0.495,0.505,140,-0.2419842710223885,0.2921320211004794,0.0055948391663236,36.61489888506957,11.764705882354662,0.361702127659579,-0.0107196428305041,0.0121006776379495,0.4200135907845185,0.0279216867914174,48.051943281667256,63.1578947368422,0.2526315789473716,0.5765213879746376,0.2182876546204193,0.0935016323091592,0.0296446388962539,35.59921803268172,17.870722433460067,0.1787072243346006,0.2207834702582456,-1.7280419497080255,-0.0688927317491132,0.0450313342768989,28.834148846701325,6.823529411764519,0.0672853828306245,0.1153749684029685,-1.4343772412144462,0.1706453520767995,0.2032657815077263,31.27424729106737,7.539353769676851,0.0540059347181006,0.2168163982510376,2026-05-23/2026-05-29,0.586299,-0.06579900000000005,15.147902166666666,-0.1260553329410774,49.82053582874065,0.14866858293500762,17.608153996006834,0.2464722483537159,1
2026-05-28 02:04:12.721511+00:00,2026-05-28T02:04:12.707955+00:00,SOL,KXSOL15M-26MAY272215-15,2026-05-28 02:15:00+00:00,82.0425,82.1407,-0.1196,10.79,0.06,0.44,0.3462,0.0938,no,trade,0.4934,1.0,0.6,1.0,0.463,1.0,0.7917,0.2083,-1,0.0,0.2083,0.00292,1.0,-1.0,28.21,28.21,0.0,-0.0365,-0.2185,-0.2844,-1,,-1.2913,,0.2701,0.4483,0.535,,0.3205,-0.5082,-1.0,-1.0,8.83,-1.0,34.24,,,-1.0,0.0697,-0.003391,-0.0013472,-0.0011449,-0.3021,,,,-1.7749,0.1526,-2.0,-1.0,0.3007,78.48,23.0,1.0,0.2131,0.03,30.24,1000.0,1.0,0.0,-30.24,82.36,0.387,0.267,Bear,,Bear,Sideways,Bear,Bear,,0.2413,,-0.1908742444224027,-0.1049775944812879,0.5893,2.105362,0.3292,-0.9578,-0.000758,-0.002314,0.0846,0.0,4738.65,-140164958.9439,0.7098794738130122,-215029951.04959995,,,,,,,,,,,,,,,,,,,,,,,,2026-05-28 02:04:12.721511+00:00,False,0.56,-0.56,140,0.0365007908504688,0.1790259844131233,0.0093690669637021,41.15934437660201,14.516129032258506,0.145161290322585,0.2510598041072281,0.0730282375851931,0.2781281045282067,0.0195939743659896,34.10528073273285,14.516129032258506,0.0538922155688642,0.2526271683356044,-0.5082284607938026,0.0154479751456262,0.0332167741852021,30.19313027538351,3.370786516854058,0.0337078651685405,0.0845295519342087,-1.7280419497080255,-0.0688927317491132,0.0450313342768989,28.834148846701325,6.823529411764519,0.0672853828306245,0.1153749684029685,-1.4343772412144462,0.1706453520767995,0.2032657815077263,31.27424729106737,7.539353769676851,0.0540059347181006,0.2168163982510376,2026-05-23/2026-05-29,0.622561,-0.38126100000000007,55.578691850000006,0.08517271418080341,23.801501632661427,-0.3724136599410399,5.950468227598751,0.40958904109589045,2
2026-05-28 02:19:20.849266+00:00,2026-05-28T02:19:20.839777+00:00,SOL,KXSOL15M-26MAY272230-30,2026-05-28 02:30:00+00:00,82.1825,82.2187,-0.044,10.66,0.05,0.385,0.2753,0.1097,no,trade,0.2069,1.0,1.0,1.0,0.037,1.0,0.8235,1.0,1,0.0,0.1765,0.002934,0.7041,-1.0,47.06,41.03,-0.0729,-0.085,0.1217,-0.1498,1,,-1.2913,,0.1428,0.4522,0.4727,,0.3205,-0.5082,-1.0,-1.0,8.83,-1.0,34.24,,,-1.0,0.0697,-0.003391,-0.0013472,-0.0011449,-0.3021,,,,-1.7749,0.1526,-2.0,-1.0,-0.1962,78.54,23.0,1.0,0.2851,0.03,30.13,1000.0,0.0,1.0,18.86,82.21,0.0335,-0.0106,Bear,,Bear,Sideways,Bear,Bear,,0.1927,,-0.1908742444224027,-0.1049775944812879,0.5893,2.105362,0.3292,-0.9578,-0.000758,-0.002314,0.0846,0.0,4738.65,-140164958.9439,0.7098794738130122,-215029951.04959995,,,,,,,,,,,,,,,,,,,,,,,,2026-05-28 02:19:20.849266+00:00,True,0.615,0.385,140,0.1825039542523443,0.395134847155,0.0101228949689123,51.2593696866021,38.88888888888991,0.3387096774193652,0.6415916371983664,0.1459498905375778,0.361247907074136,0.0148927747773873,41.93509663077312,33.87096774193652,0.1329113924050684,0.4228393088879343,-0.5082284607938026,0.0154479751456262,0.0332167741852021,30.19313027538351,3.370786516854058,0.0337078651685405,0.0845295519342087,-1.7280419497080255,-0.0688927317491132,0.0450313342768989,28.834148846701325,6.823529411764519,0.0672853828306245,0.1153749684029685,-1.4343772412144462,0.1706453520767995,0.2032657815077263,31.27424729106737,7.539353769676851,0.0540059347181006,0.2168163982510376,2026-05-23/2026-05-29,0.520529,-0.32782900000000004,70.71415443333333,0.06110312403855289,33.243900917203675,-0.3724136599410399,5.950468227598751,0.14996591683708246,3
2026-05-28 02:34:31.658987+00:00,2026-05-28T02:34:31.647328+00:00,SOL,KXSOL15M-26MAY272245-45,2026-05-28 02:45:00+00:00,82.0575,82.0682,-0.013,10.48,0.06,0.5,0.3654,0.1346,no,trade,0.0473,0.0,1.0,-1.0,0.021,1.0,0.5,0.4474,-1,0.0526,0.4474,0.003093,1.4944,1.0,51.06,30.77,0.0,0.0487,-0.0972,-0.0681,-1,,-1.2913,,0.0393,0.4522,0.6175,,0.3205,-0.5082,-1.0,-1.0,8.83,-1.0,34.24,,,-1.0,0.0697,-0.003391,-0.0013472,-0.0011449,-0.3021,,,,-1.7749,0.1526,-2.0,-1.0,0.0021,78.41,23.0,1.0,0.2692,0.03,30.0,1000.0,0.0,1.0,30.0,82.1,0.0518,0.0387,Bear,,Bear,Sideways,Bear,Bear,,0.1502,,-0.1908742444224027,-0.1049775944812879,0.5893,2.105362,0.3292,-0.9578,-0.000758,-0.002314,0.0846,0.0,4738.65,-140164958.9439,0.7098794738130122,-215029951.04959995,,,,,,,,,,,,,,,,,,,,,,,,2026-05-28 02:34:31.658987+00:00,True,0.5,0.5,140,0.207317073170743,0.2820092772661462,0.0103326874902459,44.52387648280543,37.777777777777914,0.2266666666666689,0.3748810354240059,-0.206461015302406,0.1589482981932269,0.0096738681548146,35.10171969617461,22.66666666666689,0.1125827814569543,0.2639102833151013,-0.5082284607938026,0.0154479751456262,0.0332167741852021,30.19313027538351,3.370786516854058,0.0337078651685405,0.0845295519342087,-1.7280419497080255,-0.0688927317491132,0.0450313342768989,28.834148846701325,6.823529411764519,0.0672853828306245,0.1153749684029685,-1.4343772412144462,0.1706453520767995,0.2032657815077263,31.27424729106737,7.539353769676851,0.0540059347181006,0.2168163982510376,2026-05-23/2026-05-29,0.331554,-0.18135400000000002,85.89431644999999,-0.1927742735925997,4.086175764922145,-0.3724136599410399,5.950468227598751,0.04203039120594892,4
2026-05-28 03:04:50.109946+00:00,2026-05-28T03:04:50.099810+00:00,SOL,KXSOL15M-26MAY272315-15,2026-05-28 03:15:00+00:00,81.9225,81.9978,-0.0918,10.17,0.04,0.4,0.2907,0.1093,no,trade,0.6917,0.5,0.0,0.0,6.752,1.0,0.5714,0.5714,1,0.4286,0.0,0.002733,0.3121,-1.0,18.42,12.82,0.0,-0.0852,-0.0365,-0.1135,-1,,-1.298,,0.176,0.4483,0.302,,0.3684,-0.0973,-1.0,-2.0,6.01,0.0,33.03,,,0.0,0.1089,-0.0034937,-0.0018064,-0.0013474,-0.2979,,,,-1.7749,0.1526,-2.0,-1.0,0.0787,78.46,23.0,1.0,0.2733,0.03,30.0,1000.0,0.0,1.0,20.0,81.94,0.0214,-0.0705,Bear,,Bear,Sideways,Bear,Bear,,0.0296,,-0.1856025519115707,-0.1054116644478141,0.5766,2.172023,0.3191,-0.1054,0.000114,0.000673,0.1044,0.0,-7198.48,-140164958.9439,0.7098794738130122,-215029951.04959995,,,,,,,,,,,,,,,,,,,,,,,,2026-05-28 03:04:50.109946+00:00,True,0.6,0.4,140,0.0,0.3458793496943169,0.0052881671034986,44.91365814894595,36.84210526315849,0.3111111111111104,0.4214323078771543,0.0365363536719121,0.1937486171599558,0.0102438493577836,35.22628065359089,18.666666666666742,0.1505376344086016,0.2903235563676166,-0.0972999270250518,0.0586845303464422,0.0361588204035482,29.20270798247776,5.000000000000025,0.0500000000000002,0.1044386232223427,-1.7280419497080255,-0.0688927317491132,0.0450313342768989,28.834148846701325,6.823529411764519,0.0672853828306245,0.1153749684029685,-1.4343772412144462,0.1706453520767995,0.2032657815077263,31.27424729106737,7.539353769676851,0.0540059347181006,0.2168163982510376,2026-05-23/2026-05-29,0.241281,-0.211681,116.20183243333332,0.09995641302351643,37.84464565321096,0.02146684644086516,10.535725566997579,0.33589462129527986,5
2026-05-28 03:50:21.616835+00:00,2026-05-28T03:50:21.605177+00:00,SOL,KXSOL15M-26MAY280000-00,2026-05-28 04:00:00+00:00,80.91,80.9592,-0.0608,9.64,0.08,0.42,0.3407,0.0793,no,trade,0.2408,0.1818,0.1818,1.0,0.11,1.0,0.96,0.04,-1,0.0,0.04,0.003903,0.7901,-4.0,24.31,17.33,0.0,0.0247,-0.1109,-0.9664,-1,,-1.3051,,1.1461,0.4483,0.5895,,0.3684,-0.0973,-1.0,-2.0,6.01,,33.03,,,0.0,0.1257,-0.0034937,-0.0018064,-0.001461,-0.298,,,,-1.7749,0.1526,-2.0,-1.0,0.3958,78.24,23.0,1.0,0.1887,0.03,30.16,1000.0,0.0,1.0,21.84,80.7,-0.2595,-0.3202,Bear,,Bear,Sideways,Bear,Bear,,0.1764,,-0.1856025519115707,-0.1054116644478141,0.5766,2.172023,0.3191,-0.1054,0.000114,0.000673,-0.2997,-1.0,-26042.71,-6975548.0146000385,0.9786282392103348,-210315236.4643,,,,,,,,,,,,,,,,,,,,,,,,2026-05-28 03:50:21.616835+00:00,True,0.5800000000000001,0.4199999999999999,141,-0.0123319768158935,0.0931314182188449,0.0222586730238872,25.427625579523948,24.3055555555552,0.2121212121212097,-0.0667421252576497,-0.4542106555364467,-0.2290649613074548,0.0190566469600421,13.239025367467775,17.82178217821783,0.1782178217821783,-0.2419203281077963,-0.0972999270250518,0.0586845303464422,0.0361588204035482,29.20270798247776,5.000000000000025,0.0500000000000002,0.1044386232223427,-1.7280419497080255,-0.0688927317491132,0.0450313342768989,28.834148846701325,6.823529411764519,0.0672853828306245,0.1153749684029685,-1.4343772412144462,0.1706453520767995,0.2032657815077263,31.27424729106737,7.539353769676851,0.0540059347181006,0.2168163982510376,2026-05-23/2026-05-29,0.047353,0.129047,161.72694725000002,-0.4680053755139246,1.889225718927235,0.02146684644086516,10.535725566997579,0.15577760696899823,1
2026-05-28 04:10:32.728324+00:00,2026-05-28T04:10:32.717902+00:00,SOL,KXSOL15M-26MAY280015-15,2026-05-28 04:15:00+00:00,80.755,80.6363,0.1472,4.46,0.06,0.79,0.7238,0.0662,no,trade,-0.3929,1.0,1.0,1.0,1.733,1.0,0.4918,0.3279,-1,0.1803,0.3279,0.004286,1.7608,1.0,36.08,26.72,0.0,0.3725,0.2605,-0.8506,1,,-2.6886,,1.315,0.4483,1.2852,,0.1266,-1.6801,-1.0,-3.0,4.72,0.0,28.33,,,0.0,-0.1082,-0.0033708,-0.0037232,-0.0024287,-0.5659,,50.0,50.0,-2.0616,0.0913,-2.0,-0.7953,0.1901,78.12,23.0,1.0,0.0838,0.0252,25.2,1000.0,0.0,1.0,94.8,80.63,-0.1548,-0.0078,Bear,,Bear,Bear,Bear,Bear,,0.1298,,-0.1541977242376065,-0.0940693547409989,0.6017,2.154851,0.3217,-3.0065,-0.004798,-0.004401,-0.2997,-1.0,-26042.71,-6975548.0146000385,0.9786282392103348,-210315236.4643,,,,,,,,,,,,,,,,,,,,,,,,2026-05-28 04:10:32.728324+00:00,True,0.2099999999999999,0.79,141,0.5599800895968121,0.1982898130641796,0.0289880767723531,37.02309372962839,33.83084577114453,0.3269230769230805,0.2594530731187257,-0.4069552349241556,-0.1880736966648013,0.0244255365572767,10.559160316243108,6.572769953051684,0.0657276995305168,-0.2997507978701322,-1.6800584368151903,-0.1694547026080985,0.0455825819122214,17.76354491610998,3.3492822966507374,0.0334928229665073,-0.2997039622291978,-2.0616056269706418,-0.2167672534482665,0.0601226529668104,20.17226957804249,2.554744525547461,0.0238907849829352,-0.1241052488199749,-1.4343772412144462,0.1706453520767995,0.2032657815077263,31.27424729106737,7.539353769676851,0.0540059347181006,0.2168163982510376,2026-05-23/2026-05-29,0.029646,0.10015399999999999,181.91213873333334,-0.20551931526069378,12.047006870132504,-1.4109504784733828,7.567237878800497,0.34344377041530566,2
2026-05-28 04:50:57.309764+00:00,2026-05-28T04:50:57.304123+00:00,SOL,KXSOL15M-26MAY280100-00,2026-05-28 05:00:00+00:00,80.6925,80.7598,-0.0833,9.05,0.08,0.33,0.2753,0.0547,no,trade,0.3443,0.0,1.0,-1.0,0.157,1.0,1.0,1.0,1,0.0,0.0,0.005569,1.1778,-1.0,68.38,33.2,0.0,-0.0371,0.1487,-0.3073,1,,-2.7028,,1.2867,0.4483,0.5836,,0.1266,-1.6801,-1.0,-3.0,4.72,,28.33,,,0.0,-0.0889,-0.0033708,-0.0037232,-0.0026382,-0.5675,,,,-2.0616,0.0913,-2.0,-1.0,-0.1622,78.49,23.0,1.0,0.1659,0.03,30.15,1000.0,0.0,1.0,14.85,80.91,0.2695,0.186,Bear,,Bear,Bear,Bear,Bear,,0.1889,,-0.1541977242376065,-0.0940693547409989,0.6017,2.154851,0.3217,-3.0065,-0.004798,-0.004401,-0.0847,-1.0,-18307.84,-6975548.0146000385,0.9786282392103348,-210315236.4643,,,,,,,,,,,,,,,,,,,,,,,,2026-05-28 04:50:57.309764+00:00,True,0.6699999999999999,0.33,141,-0.0371149325745445,0.4467237860576833,0.0221587702036258,50.83797799392801,64.76190476190423,0.348717948717947,0.6706344472956806,0.6600249066002428,0.1493832947822697,0.0364541821174599,32.541212644946285,28.063241106719104,0.2699619771863099,0.2281074035645798,-1.6800584368151903,-0.1694547026080985,0.0455825819122214,17.76354491610998,3.3492822966507374,0.0334928229665073,-0.2997039622291978,-2.0616056269706418,-0.2167672534482665,0.0601226529668104,20.17226957804249,2.554744525547461,0.0238907849829352,-0.1241052488199749,-1.4343772412144462,0.1706453520767995,0.2032657815077263,31.27424729106737,7.539353769676851,0.0540059347181006,0.2168163982510376,2026-05-23/2026-05-29,0.1764,0.012500000000000011,222.32182939999998,0.3873025130974428,18.70831121119469,-1.4109504784733828,7.567237878800497,0.14957802118872326,3
2026-05-28 05:06:07.298985+00:00,2026-05-28T05:06:07.285700+00:00,SOL,KXSOL15M-26MAY280115-15,2026-05-28 05:15:00+00:00,80.7225,80.7485,-0.0322,8.88,0.06,0.39,0.3116,0.0784,no,trade,0.2135,1.0,1.0,1.0,0.022,1.0,0.4211,0.5789,1,0.4211,0.1579,0.005129,0.4578,3.0,92.93,38.17,0.0,0.0124,0.1485,0.1249,1,,-2.2874,,1.07,0.4483,0.3669,,0.9192,0.2602,1.0,1.0,18.96,1.0,25.68,,,0.0,0.0306,-0.0032435,-0.0032918,-0.0023573,-0.449,,,,-2.0616,0.0913,-2.0,-1.0,0.1764,78.54,23.0,1.0,0.2012,0.03,29.89,1000.0,0.0,1.0,19.11,80.76,0.0465,0.0142,Bear,,Bear,Bear,Bear,Bear,,0.2277,,-0.1800639641845805,-0.1174261328596131,0.6478,2.002628,0.3461,0.5116,0.001327,0.005465,-0.0847,-1.0,-18307.84,-6975548.0146000385,0.9786282392103348,-210315236.4643,,,,,,,,,,,,,,,,,,,,,,,,2026-05-28 05:06:07.298985+00:00,True,0.61,0.39,141,0.01235941169202,0.5947073619014177,0.0162049645480488,56.47168538870403,98.7654320987648,0.5263157894736837,0.8105013558410847,0.0989731535321114,0.208601885999028,0.0372964099623913,35.54044409529624,34.497816593886235,0.3003802281368796,0.3074214731833664,0.1857355126300142,-0.0210311247637682,0.0516812959749197,21.613539641362664,16.88034188034174,0.1688034188034173,-0.0847383824925943,-2.0616056269706418,-0.2167672534482665,0.0601226529668104,20.17226957804249,2.554744525547461,0.0238907849829352,-0.1241052488199749,-1.4343772412144462,0.1706453520767995,0.2032657815077263,31.27424729106737,7.539353769676851,0.0540059347181006,0.2168163982510376,2026-05-23/2026-05-29,0.129812,0.097888,237.48831641666666,-0.012543721976476796,19.7628826242402,-0.12714964240869708,11.423895756662729,0.06278026905829596,4
2026-05-28 05:16:14.649832+00:00,2026-05-28T05:16:14.639327+00:00,SOL,KXSOL15M-26MAY280130-30,2026-05-28 05:30:00+00:00,80.5625,80.6302,-0.084,13.76,0.04,0.37,0.2753,0.0947,no,trade,0.4255,0.0,1.0,-1.0,0.923,1.0,0.9375,0.0,-1,0.0625,0.0,0.00505,0.3923,0.0,76.77,31.93,0.0,-0.0742,-0.1854,-0.044,-1,,-2.2874,,1.2562,0.4483,0.3859,,0.9192,0.2602,1.0,1.0,18.96,1.0,25.68,,,0.0,0.0306,-0.0032435,-0.0032918,-0.0023573,-0.449,,,,-2.0616,0.0913,-2.0,-1.0,0.1151,78.54,23.0,1.0,0.2561,0.03,30.24,1000.0,0.0,1.0,17.76,80.57,0.0093,-0.0747,Bear,,Bear,Bear,Bear,Bear,,0.243,,-0.1800639641845805,-0.1174261328596131,0.6478,2.002628,0.3461,0.5116,0.001327,0.005465,-0.0847,-1.0,-18307.84,-6975548.0146000385,0.9786282392103348,-210315236.4643,,,,,,,,,,,,,,,,,,,,,,,,2026-05-28 05:16:14.649832+00:00,True,0.63,0.37,141,-0.0742390497401435,0.5239922420288942,0.0126482578689747,46.590639265978616,79.0123456790122,0.592592592592594,0.442357117781096,-0.1853911753800452,0.1941127270388776,0.0381672172333849,32.382427488061765,27.94759825327523,0.2433460076045633,0.2198199803623841,0.1857355126300142,-0.0210311247637682,0.0516812959749197,21.613539641362664,16.88034188034174,0.1688034188034173,-0.0847383824925943,-2.0616056269706418,-0.2167672534482665,0.0601226529668104,20.17226957804249,2.554744525547461,0.0238907849829352,-0.1241052488199749,-1.4343772412144462,0.1706453520767995,0.2032657815077263,31.27424729106737,7.539353769676851,0.0540059347181006,0.2168163982510376,2026-05-23/2026-05-29,0.150283,0.092717,247.6108305333333,-0.15557259845050408,12.197456038916672,-0.12714964240869708,11.423895756662729,0.16633663366336635,5
2026-05-28 05:46:32.906015+00:00,2026-05-28T05:46:32.898882+00:00,SOL,KXSOL15M-26MAY280200-00,2026-05-28 06:00:00+00:00,80.6475,80.7092,-0.0764,13.45,0.04,0.32,0.2114,0.1086,no,trade,1.0358,0.5,0.0,0.0,0.0,1.0,0.0,0.5,0,0.0,0.0,0.004867,0.0,0.0,2.33,25.79,0.0,0.0,0.0,-0.1811,-1,,-2.1778,,1.4934,0.4483,0.1459,,0.9192,0.2602,1.0,1.0,18.96,,25.68,,,0.0,0.0467,-0.0032435,-0.0032918,-0.0021485,-0.4383,,,,-2.0616,0.0913,-2.0,-0.895,-0.0545,78.39,23.0,1.0,0.3393,0.03,29.92,1000.0,0.0,1.0,14.08,80.67,0.0279,-0.0486,Bear,,Bear,Bear,Bear,Bear,,0.1452,,-0.1800639641845805,-0.1174261328596131,0.6478,2.002628,0.3461,0.5116,0.001327,0.005465,-0.106,-1.0,-17579.93,-6975548.0146000385,0.9786282392103348,-210315236.4643,,,,,,,,,,,,,,,,,,,,,,,,2026-05-28 05:46:32.906015+00:00,True,0.6799999999999999,0.32,141,0.0,0.4022589424408684,0.0093882063131482,36.642949618057415,5.263157894735661,0.5555555555555399,0.1862141819913732,0.0,0.2025085909275326,0.0391320806740122,28.731566556088907,19.911504424778336,0.1711026615969541,0.1305521908500204,0.1857355126300142,-0.0210311247637682,0.0516812959749197,21.613539641362664,16.88034188034174,0.1688034188034173,-0.0847383824925943,-2.0616056269706418,-0.2167672534482665,0.0601226529668104,20.17226957804249,2.554744525547461,0.0238907849829352,-0.1241052488199749,-1.4343772412144462,0.1706453520767995,0.2032657815077263,31.27424729106737,7.539353769676851,0.0540059347181006,0.2168163982510376,2026-05-23/2026-05-29,0.188906,-0.043705999999999995,277.91510025,0.07345725717835538,11.363424910615239,-0.12714964240869708,11.423895756662729,0.15697554961988905,6
2026-06-02 15:18:49.416299+00:00,2026-06-02T15:18:49.400734+00:00,SOL,KXSOL15M-26JUN021130-30,2026-06-02 15:30:00+00:00,76.8825,76.9487,-0.086,11.18,0.01,0.435,0.376,0.059,no,trade,0.2042,0.0,1.0,-1.0,0.019,1.0,0.7826,0.2174,-1,0.0,0.2174,0.005849,1.0222,-2.0,3.09,2.61,-0.1688,-0.1946,-0.065,-0.6437,-1,,-3.0058,,2.0963,0.4483,0.9138,,0.2512,-1.9141,-1.0,-4.0,12.26,1.0,21.86,,,0.0,-0.0967,-0.0046934,-0.0034699,-0.0032192,-0.6629,,,,-0.8523,0.3061,-2.0,-1.0,1.4342,79.92,22.0,1.0,0.1357,0.0109,10.73,1000.0,0.0,1.0,8.26,75.92,-1.2519,-1.3369,Bear,,Bear,Bear,Bear,Bear,,0.3982,0.376,-0.0208981081675032,-0.1141374377708688,0.5502,2.071716,0.3346,-2.7285,-0.004742,-0.005016,-0.2554,-1.0,-75037.13,-178293318.27390003,0.7785921214902166,-239931080.89300007,,,,,,,,,,,,,,,,,,,,,,,,2026-06-02 15:18:49.416299+00:00,True,0.565,0.435,166,0.0,0.2051840257693887,0.0418114924534671,33.297737667588834,5.913978494623627,0.051162790697674,0.0961574224838829,-0.5547671268223531,-0.0318587474219053,0.0384689226984116,23.889769718726384,4.999999999999968,0.0438247011952188,-0.1125981478832106,-1.7492711370262315,-0.1096001562112831,0.0514850839140254,18.793750238615416,11.557788944723807,0.0997830802603054,-0.2553889116814202,-0.8523439458510973,-0.031972090899555,0.0589307192134572,28.273048012698084,6.696428571428502,0.0660792951541843,0.1120768927320702,-1.5283842794759694,0.1599952838437032,0.1399061951445458,28.597413624360655,22.425629290617955,0.1168057210965439,0.2697592818886741,2026-05-30/2026-06-05,0.723416,-0.32521599999999995,30.34027165,-0.24239078517968027,9.616348723143506,-1.1048915454142327,9.398369367245897,0.14703368097110617,1
2026-06-02 15:49:06.684215+00:00,2026-06-02T15:49:06.668466+00:00,SOL,KXSOL15M-26JUN021200-00,2026-06-02 16:00:00+00:00,76.0625,76.1242,-0.0811,10.89,0.05,0.465,0.376,0.089,no,trade,0.1353,0.6,0.4,-1.0,1.279,1.0,0.013,0.7922,-1,0.1948,0.7922,0.006957,1.4509,1.0,33.84,18.87,-0.144,0.0787,0.2628,-0.976,-1,,-2.9347,,2.3686,0.4483,1.3161,,0.2512,-1.9141,-1.0,-4.0,12.26,,21.86,,,0.0,-0.106,-0.0046934,-0.0034699,-0.003196,-0.6535,,,,-0.8523,0.3061,0.0,1.0,-0.9416,79.43,22.0,1.0,0.1915,0.0153,15.52,1000.0,1.0,0.0,-15.52,76.35,0.378,0.2966,Bear,,Bear,Bear,Bear,Bear,,0.3704,0.376,-0.0208981081675032,-0.1141374377708688,0.5502,2.071716,0.3346,-2.7285,-0.004742,-0.005016,-0.3999,-1.0,-78783.4,-26571892.32100004,0.9441554983026508,-231260118.5925001,,,,,,,,,,,,,,,,,,,,,,,,2026-06-02 15:49:06.684215+00:00,False,0.5349999999999999,-0.5349999999999999,166,0.1050558108995458,0.1598532333385141,0.0403383573523539,23.59730056145048,26.75438596491224,0.1900311526479752,0.0530723732505628,-0.1963864886095678,-0.0294375144279012,0.0521152138097771,17.208306704750825,17.183098591549292,0.1580310880829014,-0.1991721904590319,-1.7492711370262315,-0.1096001562112831,0.0514850839140254,18.793750238615416,11.557788944723807,0.0997830802603054,-0.2553889116814202,-0.8523439458510973,-0.031972090899555,0.0589307192134572,28.273048012698084,6.696428571428502,0.0660792951541843,0.1120768927320702,-1.5283842794759694,0.1599952838437032,0.1399061951445458,28.597413624360655,22.425629290617955,0.1168057210965439,0.2697592818886741,2026-05-30/2026-06-05,0.464879,-0.09447899999999998,60.62807025,-0.3390962962962929,7.329730748957321,-1.1048915454142327,9.398369367245897,0.1165732355900532,2
2026-06-02 17:53:51.152792+00:00,2026-06-02T17:53:51.140019+00:00,SOL,KXSOL15M-26JUN021400-00,2026-06-02 18:00:00+00:00,76.7325,76.7675,-0.0456,6.15,0.03,0.565,0.3116,0.2534,no,trade,0.2661,0.0,1.0,-1.0,0.025,1.0,0.0385,0.4615,-1,0.5,0.4615,0.008292,0.4081,-2.0,44.78,53.51,0.0,0.0,-0.2208,-0.5083,-1,,-2.7329,,1.2881,0.3679,0.5011,,0.3867,0.5501,1.0,1.0,21.26,,20.27,,,0.0,0.0478,-0.0057819,-0.0039122,-0.0028308,-0.5013,,,,-3.3827,0.1803,-1.0,-0.3827,0.8465,80.22,22.0,1.0,0.4486,0.0359,36.11,1000.0,0.0,1.0,46.9,76.97,0.3095,0.2638,Bear,,Bear,Bear,Bear,Bear,,0.1669,0.3116,0.0655990789040286,-0.0312221345875363,0.5114,3.865498,0.1793,1.2172,0.00337,0.009009,0.0713,0.0,-51899.48,-26571892.32100004,0.9441554983026508,-231260118.5925001,,,,,,,,,,,,,,,,,,,,,,,,2026-06-02 17:53:51.152792+00:00,True,0.435,0.565,167,-0.2077922077922012,0.3187264888030956,0.0140355035997978,44.75141536599684,44.776119402985486,0.2608695652173907,0.322970815894136,-0.012985326580972,0.3703120603846037,0.0526622476103151,44.194458004023616,43.80952380952378,0.3887323943661962,0.4807557865095074,0.668764752163642,0.0079274343057394,0.0712779778615511,23.803209720565675,21.25693160813294,0.1903973509933763,-0.0236446288384582,-3.590391908975965,-0.253085626891429,0.0831984586759962,16.967355529315668,8.521970705725716,0.0829015544041451,-0.2345042476360969,-1.5283842794759694,0.1599952838437032,0.1399061951445458,28.597413624360655,22.425629290617955,0.1168057210965439,0.2697592818886741,2026-05-30/2026-06-05,0.368158,-0.201258,185.36921320000002,-0.3710677825611408,27.25847500763516,0.16314023181334125,8.097792109505955,0.05499276410998553,1
2026-06-02 18:19:03.538657+00:00,2026-06-02T18:19:03.519802+00:00,SOL,KXSOL15M-26JUN021430-30,2026-06-02 18:30:00+00:00,76.5575,76.639,-0.1063,10.94,0.06,0.29,0.2114,0.0786,no,trade,0.6267,0.0,0.0,0.0,0.509,1.0,1.0,0.0,-1,0.0,0.0,0.006015,0.3029,0.0,38.46,58.45,0.0,0.0,-0.1819,-0.109,-1,,-2.3984,,1.2452,0.3679,0.3721,,0.4918,0.1303,1.0,2.0,22.55,0.0,17.9,,,0.0,0.1094,-0.0048313,-0.003014,-0.0025969,-0.4176,,,,-3.3827,0.1803,-2.0,-1.0,-0.0107,80.25,22.0,1.0,0.271,0.0217,22.01,1000.0,0.0,1.0,8.99,76.37,-0.2449,-0.351,Bear,,Bear,Bear,Bear,Bear,,0.2116,0.2114,0.0918139802172898,-0.0215007566685893,0.4756,4.666759,0.1485,0.3438,0.003347,-5.1e-05,0.0713,0.0,-51899.48,-26571892.32100004,0.9441554983026508,-231260118.5925001,,,,,,,,,,,,,,,,,,,,,,,,2026-06-02 18:19:03.538657+00:00,True,0.71,0.29,167,-0.1170046801872159,0.3253443755390559,0.0062530415185745,44.3207024884761,47.54098360655611,0.4328358208955186,0.2988319818364757,-0.0130140551796054,0.3663114972121318,0.0473073445653031,39.867146971683795,58.45410628019313,0.3408450704225337,0.3827449847386576,0.0911814510876851,0.08194313286104,0.0759854347131348,25.243289588650015,22.550831792975963,0.2019867549668875,0.0713305026745588,-3.590391908975965,-0.253085626891429,0.0831984586759962,16.967355529315668,8.521970705725716,0.0829015544041451,-0.2345042476360969,-1.5283842794759694,0.1599952838437032,0.1399061951445458,28.597413624360655,22.425629290617955,0.1168057210965439,0.2697592818886741,2026-05-30/2026-06-05,0.184001,0.027599000000000012,210.57564428333333,0.19555920238405466,42.169325111974686,0.07128448531592557,9.314245361101133,0.1767248545303408,2
2026-06-02 18:49:23.094720+00:00,2026-06-02T18:49:23.084291+00:00,SOL,KXSOL15M-26JUN021500-00,2026-06-02 19:00:00+00:00,76.0725,76.1215,-0.0644,10.62,0.05,0.425,0.3225,0.1025,no,trade,0.2272,1.0,1.0,1.0,1.145,1.0,0.4783,0.4348,-1,0.087,0.4348,0.005818,0.5185,0.0,12.5,29.95,0.0656,0.0,-0.0786,-0.5952,-1,,-2.5407,,1.8116,0.4483,0.6306,,0.4918,0.1303,1.0,2.0,22.55,,17.9,,,0.0,0.1261,-0.0048313,-0.003014,-0.0032428,-0.4405,,,,-3.3827,0.1803,-2.0,-1.0,0.0661,80.11,22.0,1.0,0.2412,0.0193,19.55,1000.0,0.0,1.0,14.45,76.16,0.115,0.0506,Bear,,Bear,Bear,Bear,Bear,,0.0372,0.3225,0.0918139802172898,-0.0215007566685893,0.4756,4.666759,0.1485,0.3438,0.003347,-5.1e-05,-0.0381,-1.0,5773.38,-26571892.32100004,0.9441554983026508,-231260118.5925001,,,,,,,,,,,,,,,,,,,,,,,,2026-06-02 18:49:23.094720+00:00,True,0.575,0.425,167,0.1050420168067223,0.0369088876316702,0.0142792488723476,26.505331323827832,9.411764705882057,0.0808080808080783,-0.1549801266994788,-0.352895046399182,0.2199437687579273,0.0373542228415246,26.9662296830611,29.95169082125567,0.1771428571428543,0.0374006556527039,0.0911814510876851,0.08194313286104,0.0759854347131348,25.243289588650015,22.550831792975963,0.2019867549668875,0.0713305026745588,-3.590391908975965,-0.253085626891429,0.0831984586759962,16.967355529315668,8.521970705725716,0.0829015544041451,-0.2345042476360969,-1.5283842794759694,0.1599952838437032,0.1399061951445458,28.597413624360655,22.425629290617955,0.1168057210965439,0.2697592818886741,2026-05-30/2026-06-05,0.166916,-0.129716,240.90157866666667,-0.09406397211711992,14.854426619132644,0.07128448531592557,9.314245361101133,0.11069095909247165,3
2026-06-02 21:18:45.263828+00:00,2026-06-02T21:18:45.247837+00:00,SOL,KXSOL15M-26JUN021730-30,2026-06-02 21:30:00+00:00,75.51,75.2932,0.2879,11.25,0.05,0.855,0.8126,0.0424,no,trade,-0.8546,0.0,1.0,-1.0,1.469,1.0,0.2647,0.0,-1,0.7353,0.0,0.006247,0.7212,1.0,62.22,39.84,0.0,0.1194,-0.0397,-0.0396,-1,,-3.2444,,2.1632,0.4483,0.7272,,0.5385,-0.053,-1.0,-3.0,18.42,0.0,17.78,,,0.0,0.0925,-0.0041876,-0.0044405,-0.0040098,-0.6323,,,,-0.9692,0.356,-2.0,-0.6609,-0.421,80.03,22.0,1.0,0.0496,0.004,3.92,1000.0,1.0,0.0,-3.92,75.94,0.5695,0.859,Bear,,Bear,Bear,Bear,Bear,,0.1433,0.8126,0.1530365303314339,-0.0087614241484295,0.5406,4.116813,0.1684,0.117,0.000827,0.00216,0.0154,0.0,-22222.93,-70665020.93160003,0.8694961670238939,-275530231.5265001,,,,,,,,,,,,,,,,,,,,,,,,2026-06-02 21:18:45.263828+00:00,False,0.145,-0.145,168,-0.3964583058015059,0.4455694070626322,0.0147355151351733,45.98681297673898,45.192307692307935,0.4433962264150982,0.3660286525883643,-0.2250463330685792,0.2365651225408981,0.0394495594357297,40.66228343502402,23.076923076923286,0.171428571428573,0.3391694686333662,-0.0925803465150032,0.0717238957528332,0.0893595677787717,17.555564717070098,13.000000000000114,0.1058631921824113,0.0154322167102826,-0.8523472331497528,-0.1425946763158094,0.1039214886140722,15.348009960166095,8.737864077669895,0.0852071005917158,-0.1478464531022706,-1.5283842794759694,0.1599952838437032,0.1399061951445458,28.597413624360655,22.425629290617955,0.1168057210965439,0.2697592818886741,2026-05-30/2026-06-05,0.064697,0.078603,390.2710638,-0.20880357666572813,74.13371728135228,0.5369886327289741,29.97576055829243,0.46086121338242353,1
2026-06-02 21:48:58.896293+00:00,2026-06-02T21:48:58.890698+00:00,SOL,KXSOL15M-26JUN021800-00,2026-06-02 22:00:00+00:00,75.69,75.7748,-0.1119,11.02,0.01,0.305,0.234,0.071,no,trade,0.3525,0.0,1.0,-1.0,0.099,1.0,0.5455,0.0,-1,0.4545,0.0,0.006679,0.4344,0.0,74.42,71.2,0.0,0.0,-0.1317,0.2735,-1,,-3.0464,,1.5665,0.4234,0.6937,,0.5385,-0.053,-1.0,-3.0,18.42,,17.78,,,0.0,0.1007,-0.0041876,-0.0044405,-0.0036194,-0.6176,,,,-0.9692,0.356,-2.0,-1.0,0.1612,80.09,22.0,1.0,0.2329,0.0186,18.77,1000.0,0.0,1.0,8.24,75.53,-0.2114,-0.3231,Bear,,Bear,Bear,Bear,Bear,,0.2612,0.234,0.1530365303314339,-0.0087614241484295,0.5406,4.116813,0.1684,0.117,0.000827,0.00216,0.1436,0.0,-23240.28,-70665020.93160003,0.8694961670238939,-275530231.5265001,,,,,,,,,,,,,,,,,,,,,,,,2026-06-02 21:48:58.896293+00:00,True,0.6950000000000001,0.3049999999999999,168,-0.2893214097843377,0.736081252683437,0.0163480590784813,56.39032526142612,74.71264367815955,0.8070175438596378,0.6600604789970768,-0.1580194890703268,0.4193349560523965,0.0358670119825699,50.178883020666056,47.93814432989658,0.4008620689655152,0.596858630694129,-0.0925803465150032,0.0717238957528332,0.0893595677787717,17.555564717070098,13.000000000000114,0.1058631921824113,0.0154322167102826,-0.8523472331497528,-0.1425946763158094,0.1039214886140722,15.348009960166095,8.737864077669895,0.0852071005917158,-0.1478464531022706,-1.5283842794759694,0.1599952838437032,0.1399061951445458,28.597413624360655,22.425629290617955,0.1168057210965439,0.2697592818886741,2026-05-30/2026-06-05,0.089268,0.17193199999999997,420.49827155,-0.1295953404664929,85.99640813710504,0.5369886327289741,29.97576055829243,0.16754005090582422,2
2026-06-02 23:04:45.798320+00:00,2026-06-02T23:04:45.784243+00:00,SOL,KXSOL15M-26JUN021915-15,2026-06-02 23:15:00+00:00,73.495,73.5193,-0.0331,10.24,0.03,0.665,0.4561,0.2089,no,trade,0.0544,0.1176,0.0,0.0,0.851,1.0,0.6259,0.3309,-1,0.0432,0.3309,0.008797,2.1503,-3.0,3.42,3.03,0.0,-0.5145,-1.1302,-1.8241,-1,,-4.3984,,4.3552,0.4483,1.3779,,0.2044,-2.3662,-1.0,-1.0,7.43,-1.0,15.02,,,-1.0,0.0026,-0.0064404,-0.0061112,-0.0046698,-0.6841,,,,-0.9692,0.356,-2.0,-1.0,0.0094,79.73,22.0,1.0,0.3142,0.0251,25.12,1000.0,1.0,0.0,-25.12,73.96,0.6327,0.5994,Bear,,Bear,Bear,Bear,Bear,,0.1422,0.4561,-0.0311335435200551,-0.0463111590510127,0.6149,2.501022,0.2771,-3.1079,-0.005199,-0.009936,-0.2141,-1.0,-19025.88,-70665020.93160003,0.8694961670238939,-275530231.5265001,,,,,,,,,,,,,,,,,,,,,,,,2026-06-02 23:04:45.798320+00:00,False,0.3349999999999999,-0.3349999999999999,169,0.3532608695652195,-0.0068067623623997,0.0367046781808894,27.1125395618334,11.71171171171195,0.1065573770491819,-0.1584600248060259,-1.3885180240320485,-0.1490088806507618,0.0350747251752339,25.653141128708427,10.65573770491819,0.0771513353115741,-0.188312224877271,-2.4821758648006287,-0.0187829954807327,0.1020178932655568,13.540209750946673,4.3405676126878925,0.0349932705248997,-0.2140473713190964,-0.8523472331497528,-0.1425946763158094,0.1039214886140722,15.348009960166095,8.737864077669895,0.0852071005917158,-0.1478464531022706,-1.5283842794759694,0.1599952838437032,0.1399061951445458,28.597413624360655,22.425629290617955,0.1168057210965439,0.2697592818886741,2026-05-30/2026-06-05,0.220661,-0.078461,496.27997200000004,-0.8275504226695207,11.480423555209176,-1.7461203901332767,5.498590459344349,0.03762646356712516,1
2026-06-03 00:48:46.065972+00:00,2026-06-03T00:48:46.053468+00:00,SOL,KXSOL15M-26JUN022100-00,2026-06-03 01:00:00+00:00,74.8425,74.8778,-0.0471,11.24,0.02,0.42,0.3225,0.0975,no,trade,0.138,0.0,1.0,-1.0,0.226,1.0,0.4737,0.5789,1,0.4211,0.1053,0.008695,0.5827,2.0,91.14,68.0,0.0,0.1335,0.1603,1.4757,1,,-3.5667,,999.0,0.4259,0.7391,,0.9662,0.61,1.0,1.0,21.38,,19.7,,,0.0,0.122,-0.0057819,-0.0053066,-0.004657,-0.4886,,,,-1.6954,0.44,-2.0,-1.0,-0.0861,79.62,22.0,1.0,0.2322,0.0186,18.56,1000.0,0.0,1.0,13.44,74.89,0.0635,0.0163,Bear,,Bear,Bear,Bear,Bear,,0.0154,0.3225,-0.1524404516421546,-0.1004807546521514,0.7224,2.011488,0.3446,0.9508,0.001315,0.00896,0.2696,0.0,3005.65,-62863152.95599997,0.8440175551456078,-160100066.20860004,,,,,,,,,,,,,,,,,,,,,,,,2026-06-03 00:48:46.065972+00:00,True,0.5800000000000001,0.4199999999999999,170,-0.1732640277222419,0.7849048842146982,0.0333514394839998,61.5915563244516,84.81012658227878,0.8978723404255339,0.78036531796134,0.2408993576017204,0.4884863577220681,0.0428837434586826,53.30223441214688,64.9230769230769,0.6492307692307691,0.6659034744858249,0.4874086108854536,0.0777603834592666,0.1046732369970408,20.61720537431968,21.37518684603876,0.1735436893203875,0.0262657001943215,-1.8383811665123704,-0.1235819536559675,0.1269381307129601,12.409476498868417,13.91050583657582,0.1355450236966818,-0.1690533382874156,-8.573540280857362,-0.2141201986872539,0.1687192914708881,13.469759028217254,9.426499670402068,0.0686509841574648,-0.1752336426323964,2026-05-30/2026-06-05,0.135949,-0.12054899999999999,600.2844328666666,0.4171725140377225,50.82547101762892,0.551002689048552,16.004771876531905,0.05416906267970099,1
2026-06-03 01:03:56.033978+00:00,2026-06-03T01:03:56.022192+00:00,SOL,KXSOL15M-26JUN022115-15,2026-06-03 01:15:00+00:00,74.7425,74.7918,-0.0659,11.07,0.04,0.48,0.3462,0.1338,no,trade,0.3067,0.0,0.5,-1.0,0.083,1.0,0.0909,0.0,-1,0.9091,0.0,0.008269,0.1776,0.0,77.48,69.31,0.0,-0.1067,-0.1467,1.3019,-1,,-2.4457,,999.0,0.4259,0.4684,,0.7748,0.7534,1.0,2.0,31.39,0.0,22.58,,,0.0,0.2295,-0.0028027,-0.0044523,-0.0038043,-0.2503,,,,-1.6954,0.44,-2.0,-1.0,0.0093,79.52,12.0,1.0,0.2787,0.0223,22.36,1000.0,0.0,1.0,20.64,74.83,0.1171,0.0511,Bear,,Bear,Bear,Bear,Bear,,0.0093,0.3462,-0.0969188074678542,-0.0729629097953325,0.6948,2.588337,0.2678,1.4741,0.004292,0.004249,0.2696,0.0,3005.65,-62863152.95599997,0.8440175551456078,-160100066.20860004,,,,,,,,,,,,,,,,,,,,,,,,2026-06-03 01:03:56.033978+00:00,True,0.52,0.48,170,-0.1466666666666616,0.7022574799198891,0.0352731573428883,58.29516300029309,79.83870967741927,0.8936170212765955,0.6420267773691322,-0.0133511348464732,0.4965085011321622,0.0420623142425174,53.11563318371835,64.61538461538444,0.6461538461538444,0.6474963694522752,0.9027216383724168,0.1908728118720428,0.1038328364906305,32.47841460198876,31.390134529147907,0.2695763799743256,0.2696041764805194,-1.8383811665123704,-0.1235819536559675,0.1269381307129601,12.409476498868417,13.91050583657582,0.1355450236966818,-0.1690533382874156,-8.573540280857362,-0.2141201986872539,0.1687192914708881,13.469759028217254,9.426499670402068,0.0686509841574648,-0.1752336426323964,2026-05-30/2026-06-05,0.135949,-0.12664899999999998,615.4505663,-0.20183128460938837,43.551091713262394,0.2704718249029625,21.547609755815493,0.07969524730922722,2
2026-06-03 02:04:29.706861+00:00,2026-06-03T02:04:29.692682+00:00,SOL,KXSOL15M-26JUN022215-15,2026-06-03 02:15:00+00:00,74.6425,74.6725,-0.0402,10.51,0.01,0.425,0.3462,0.0788,no,trade,0.1072,0.625,0.375,-1.0,0.249,1.0,0.9492,0.9492,1,0.0508,0.0,0.008383,0.944,-1.0,48.84,75.32,0.0,-0.3075,0.1747,-0.0487,-1,,-2.2245,,0.1007,0.3571,0.8384,,0.7558,-0.1335,-1.0,-1.0,31.35,0.0,23.36,,,0.0,0.2455,-0.0018174,-0.0044475,-0.0035097,-0.2357,,,,-1.6954,0.44,0.0,0.9956,0.0092,79.27,12.0,1.0,0.1853,0.0148,14.95,1000.0,0.0,1.0,11.05,74.59,-0.0703,-0.1105,Bear,,Bear,Bear,Bear,Bear,,0.0569,0.3462,-0.0895121674735705,-0.0690487699988524,0.6885,4.026774,0.1721,0.0733,0.001646,-0.003731,0.2804,0.0,1954.76,-62863152.95599997,0.8440175551456078,-160100066.20860004,,,,,,,,,,,,,,,,,,,,,,,,2026-06-03 02:04:29.706861+00:00,True,0.575,0.425,171,-0.013368983957207,0.4889195176773426,0.0120653447818513,54.696948996174854,75.58139534883792,0.6989247311828074,0.6797395604100874,0.8495145631068013,0.5076610345164879,0.0401541523008857,51.518051202053094,77.51937984496129,0.6153846153846154,0.5829824178095141,-0.1335291761249801,0.2091946469240603,0.1043038014211973,31.656006077506703,31.347962382445164,0.2816901408450706,0.280398629366796,-1.8383811665123704,-0.1235819536559675,0.1269381307129601,12.409476498868417,13.91050583657582,0.1355450236966818,-0.1690533382874156,-8.573540280857362,-0.2141201986872539,0.1687192914708881,13.469759028217254,9.426499670402068,0.0686509841574648,-0.1752336426323964,2026-05-30/2026-06-05,0.000705,0.056195,676.0117810166666,0.6386254790856416,64.47478632093711,-0.044095642732089324,21.55708998708134,0.047954193009662416,1
2026-06-03 02:49:53.481838+00:00,2026-06-03T02:49:53.462586+00:00,SOL,KXSOL15M-26JUN022300-00,2026-06-03 03:00:00+00:00,74.2625,74.2872,-0.0332,10.11,0.06,0.47,0.3225,0.1475,no,trade,0.1075,0.5,0.0,0.0,0.0,1.0,0.25,1.0,1,0.0,0.75,0.006553,0.2463,-1.0,29.41,64.76,-0.2553,-0.1209,-0.0806,-0.3037,-1,,-2.3198,,0.3872,0.3679,0.7053,,0.7558,-0.1335,-1.0,-1.0,31.35,,23.36,,,0.0,0.2592,-0.0018174,-0.0044475,-0.0040547,-0.2434,,,,-1.6954,0.44,-2.0,-1.0,0.1345,79.12,12.0,1.0,0.3139,0.0251,24.91,1000.0,1.0,0.0,-24.91,74.43,0.2256,0.1922,Bear,,Bear,Bear,Bear,Bear,,0.0748,0.3225,-0.0895121674735705,-0.0690487699988524,0.6885,4.026774,0.1721,0.0733,0.001646,-0.003731,0.2125,0.0,8232.21,-62863152.95599997,0.8440175551456078,-160100066.20860004,,,,,,,,,,,,,,,,,,,,,,,,2026-06-03 02:49:53.481838+00:00,False,0.53,-0.53,172,0.0,0.271409117289445,0.0123080360414616,39.45824061124676,42.64705882353079,0.3372093023255889,0.2521191038429209,0.040322580645169,0.4371695062754175,0.0336081057324808,44.87070638820473,69.78723404255338,0.5412541254125438,0.3808673985847539,-0.1335291761249801,0.2091946469240603,0.1043038014211973,31.656006077506703,31.347962382445164,0.2816901408450706,0.280398629366796,-1.8383811665123704,-0.1235819536559675,0.1269381307129601,12.409476498868417,13.91050583657582,0.1355450236966818,-0.1690533382874156,-8.573540280857362,-0.2141201986872539,0.1687192914708881,13.469759028217254,9.426499670402068,0.0686509841574648,-0.1752336426323964,2026-05-30/2026-06-05,-0.019033,0.093833,721.4080306333333,0.18691134588317837,61.30884166639363,-0.044095642732089324,21.55708998708134,0.0506638180985808,1
2026-06-03 04:36:00.824733+00:00,2026-06-03T04:36:00.808144+00:00,SOL,KXSOL15M-26JUN030045-45,2026-06-03 04:45:00+00:00,73.5325,73.542,-0.0129,8.99,0.04,0.43,0.3654,0.0646,no,trade,0.0354,0.6667,0.3333,-1.0,1.052,1.0,1.0,1.0,1,0.0,0.0,0.006456,0.6316,-1.0,72.78,46.42,0.1088,0.1361,0.2316,0.5815,1,,-4.2364,,0.4753,0.3679,0.8812,,0.181,-2.284,-1.0,-3.0,5.8,0.0,19.01,,,0.0,0.0555,-0.0067587,-0.0039496,-0.0052474,-0.5535,,50.0,50.0,-2.1526,0.1362,0.0,0.9059,0.1511,79.14,12.0,1.0,0.1503,0.012,11.97,1000.0,1.0,0.0,-11.97,73.89,0.4862,0.4732,Bear,,Bear,Bear,Bear,Bear,,-0.1926,0.3654,-0.0615900670121053,-0.0392269570463657,0.632,5.381369,0.1288,-2.6456,-0.005784,-0.007653,-0.1008,-1.0,1855.67,59936764.60439998,1.189254856172009,-73591409.28320003,,,,,,,,,,,,,,,,,,,,,,,,2026-06-03 04:36:00.824733+00:00,False,0.5700000000000001,-0.5700000000000001,173,-0.1357220412595117,0.486512896810134,0.032231660547348,53.12544580016254,67.21311475409811,0.5857142857142852,0.6681110636215178,0.408830744071964,0.2807558274230131,0.0349537357551505,44.73708456432137,50.18867924528338,0.4767025089605768,0.4454312244996609,-2.284025258632272,0.048133741349061,0.1097759684156936,18.93504609837676,5.8015267175573895,0.0511440107671614,-0.1007618295446472,-2.007545136081912,-0.1054000724452252,0.1517667611309378,10.048527999430448,3.5447761194030756,0.0345768880800736,-0.2137262764369156,-8.573540280857362,-0.2141201986872539,0.1687192914708881,13.469759028217254,9.426499670402068,0.0686509841574648,-0.1752336426323964,2026-05-30/2026-06-05,-0.130253,-0.062346999999999986,827.5304122166667,0.3683161041051042,71.28286963158288,-1.1506949534392574,10.763367456219711,0.019981412639405206,1
2026-06-03 05:41:41.325416+00:00,2026-06-03T05:41:41.306360+00:00,SOL,KXSOL15M-26JUN030145-45,2026-06-03 05:45:00+00:00,74.4825,74.5213,-0.0521,3.31,0.05,0.445,0.3462,0.0988,no,trade,0.1874,0.0,1.0,-1.0,2.264,1.0,0.7308,0.0,-1,0.2692,0.0,0.006118,0.5696,-2.0,77.86,88.58,0.0,0.0805,-0.2274,0.5341,-1,,-2.1657,,999.0,0.3415,1.1068,,0.993,1.954,1.0,1.0,32.58,,33.2,,,0.0,0.2697,0.0005182,-0.0029611,-0.0041849,-0.1608,,,,-2.1526,0.1362,-2.0,-1.0,0.133,79.22,12.0,1.0,0.2219,0.0178,17.76,1000.0,0.0,1.0,14.24,74.56,0.1041,0.0519,Bear,,Bear,Bear,Bear,Bear,,0.128,0.3462,-0.242131763879094,-0.1565187465905092,0.774,1.893971,0.366,2.4908,0.003812,0.014833,0.3285,0.0,2578.03,59936764.60439998,1.189254856172009,-73591409.28320003,,,,,,,,,,,,,,,,,,,,,,,,2026-06-03 05:41:41.325416+00:00,True,0.5549999999999999,0.445,174,-0.026878107781203,0.6568550957211571,0.0300506948964176,53.37292323347629,64.5390070921985,0.7747747747747746,0.425904159650877,-0.0668270515904789,0.7000014321672106,0.0353556630472075,63.92079290216078,95.27559055118093,0.8929889298892969,0.9476203390686212,1.8699298776295947,0.2347811529288879,0.1068574584324398,38.28992288200584,32.5842696629215,0.2403314917127081,0.3285241104137367,-2.007545136081912,-0.1054000724452252,0.1517667611309378,10.048527999430448,3.5447761194030756,0.0345768880800736,-0.2137262764369156,-8.573540280857362,-0.2141201986872539,0.1687192914708881,13.469759028217254,9.426499670402068,0.0686509841574648,-0.1752336426323964,2026-05-30/2026-06-05,-0.14665,0.27465,893.2054236,-0.26889828446464703,89.78381005119383,0.9506226740301438,37.063765456240944,0.08515854854527623,1
2026-06-03 05:46:45.359389+00:00,2026-06-03T05:46:45.341665+00:00,SOL,KXSOL15M-26JUN030200-00,2026-06-03 06:00:00+00:00,74.3575,74.4647,-0.144,13.25,0.06,0.38,0.3225,0.0575,no,trade,0.3336,1.0,1.0,1.0,0.485,1.0,0.0857,0.9143,-1,0.0,0.9143,0.006237,0.7527,-3.0,74.81,87.01,-0.0536,-0.0536,0.377,0.2899,1,,-2.1657,,999.0,0.4664,0.8602,,0.993,1.954,1.0,1.0,32.58,,33.2,,,0.0,0.2697,0.0005182,-0.0029611,-0.0041849,-0.1608,,,,-2.1526,0.1362,-2.0,-1.0,0.085,79.22,12.0,1.0,0.1514,0.0121,12.4,1000.0,1.0,0.0,-12.4,74.74,0.5144,0.3697,Bear,,Bear,Bear,Bear,Bear,,0.1701,0.3225,-0.242131763879094,-0.1565187465905092,0.774,1.893971,0.366,2.4908,0.003812,0.014833,0.5064,0.0,3219.89,59936764.60439998,1.189254856172009,-73591409.28320003,,,,,,,,,,,,,,,,,,,,,,,,2026-06-03 05:46:45.359389+00:00,False,0.62,-0.62,174,0.2822960075278935,0.7278374686001647,0.0294371290384811,62.32475773113112,77.8625954198469,0.8141025641025603,0.7328387422926632,-0.2273639160090934,0.6436789852193031,0.034691973943647,59.372290147757184,88.58267716535411,0.849056603773583,0.7632818951878074,1.8699298776295947,0.2347811529288879,0.1068574584324398,38.28992288200584,32.5842696629215,0.2403314917127081,0.3285241104137367,-2.007545136081912,-0.1054000724452252,0.1517667611309378,10.048527999430448,3.5447761194030756,0.0345768880800736,-0.2137262764369156,-8.573540280857362,-0.2141201986872539,0.1687192914708881,13.469759028217254,9.426499670402068,0.0686509841574648,-0.1752336426323964,2026-05-30/2026-06-05,-0.105624,0.27572399999999997,898.2726564833333,-0.037878494141974084,88.34857097652701,0.9506226740301438,37.063765456240944,0.23088023088023085,2
2026-06-03 06:17:05.072476+00:00,2026-06-03T06:17:05.057533+00:00,SOL,KXSOL15M-26JUN030230-30,2026-06-03 06:30:00+00:00,74.7175,74.7973,-0.1067,12.92,0.02,0.32,0.2114,0.1086,no,trade,0.6108,0.5,0.0,0.0,0.0,1.0,0.8333,0.0,-1,0.1667,0.0,0.00613,0.131,0.0,67.21,92.13,0.0,0.0,-0.0669,0.1574,1,,-1.1844,,999.0,0.4162,0.3525,,0.8148,0.7821,1.0,2.0,44.76,0.0,41.85,,,0.0,0.3797,0.0011636,-0.0023092,-0.0033774,-0.0275,,,,-2.1526,0.1362,0.0,1.0,-0.1131,79.15,12.0,1.0,0.3393,0.0271,27.2,1000.0,1.0,0.0,-27.2,75.04,0.4316,0.3245,Bear,,Bear,Bear,Bear,Bear,,0.1917,0.2114,-0.1131619540505047,-0.0885206852580203,0.7302,2.791298,0.2483,1.2602,0.004058,0.000532,0.5064,0.0,3219.89,59936764.60439998,1.189254856172009,-73591409.28320003,,,,,,,,,,,,,,,,,,,,,,,,2026-06-03 06:17:05.072476+00:00,False,0.6799999999999999,-0.6799999999999999,174,0.0,0.6555082117750007,0.0199932494732903,62.00213220489975,67.21311475409787,0.8473282442748072,0.7081236600665126,-0.0668985817500633,0.6882213448153172,0.0339682151036414,60.3353373835004,92.1259842519684,0.8830188679245277,0.7548448916571839,0.8773113780537134,0.3340012897797719,0.1024062746225603,45.46172132950514,44.75655430711608,0.3352033660589056,0.5063984670295852,-2.007545136081912,-0.1054000724452252,0.1517667611309378,10.048527999430448,3.5447761194030756,0.0345768880800736,-0.2137262764369156,-8.573540280857362,-0.2141201986872539,0.1687192914708881,13.469759028217254,9.426499670402068,0.0686509841574648,-0.1752336426323964,2026-05-30/2026-06-05,0.106977,0.084723,928.6012079333334,-0.3196916610974321,87.43270895639907,1.34849890486759,70.7636360901353,0.17406199021207178,3
2026-06-03 06:32:12.908325+00:00,2026-06-03T06:32:12.891333+00:00,SOL,KXSOL15M-26JUN030245-45,2026-06-03 06:45:00+00:00,74.9375,74.9617,-0.0323,12.79,0.04,0.45,0.3225,0.1275,no,trade,0.0893,0.5,0.0,0.0,0.067,1.0,1.0,1.0,1,0.0,0.0,0.006292,0.826,-1.0,95.0,98.53,0.0,-0.0533,0.4686,0.578,1,,-1.1844,,999.0,0.322,0.7331,,0.8148,0.7821,1.0,2.0,44.76,0.0,41.85,,,0.0,0.3797,0.0011636,-0.0023092,-0.0033774,-0.0275,,,,-2.1526,0.1362,0.0,1.0,-0.2771,79.25,12.0,1.0,0.2834,0.0227,22.55,1000.0,1.0,0.0,-22.55,75.14,0.2702,0.2379,Bear,,Bear,Bear,Bear,Bear,,0.2743,0.3225,-0.1131619540505047,-0.0885206852580203,0.7302,2.791298,0.2483,1.2602,0.004058,0.000532,0.5064,0.0,3219.89,59936764.60439998,1.189254856172009,-73591409.28320003,,,,,,,,,,,,,,,,,,,,,,,,2026-06-03 06:32:12.908325+00:00,False,0.55,-0.55,174,0.0799786723540529,0.8835190045815489,0.015247735982562,77.39967288326184,100.0,1.0,1.1786370052605604,0.5221582541170111,0.8362850266380926,0.034395612057461,67.7755572555728,100.0,1.0,0.981173436054116,0.8773113780537134,0.3340012897797719,0.1024062746225603,45.46172132950514,44.75655430711608,0.3352033660589056,0.5063984670295852,-2.007545136081912,-0.1054000724452252,0.1517667611309378,10.048527999430448,3.5447761194030756,0.0345768880800736,-0.2137262764369156,-8.573540280857362,-0.2141201986872539,0.1687192914708881,13.469759028217254,9.426499670402068,0.0686509841574648,-0.1752336426323964,2026-05-30/2026-06-05,0.127981,0.14631899999999998,943.7318054166666,0.18442231025848077,93.92885251062532,1.34849890486759,70.7636360901353,0.051335028607755885,4
2026-06-03 06:47:21.500745+00:00,2026-06-03T06:47:21.482022+00:00,SOL,KXSOL15M-26JUN030300-00,2026-06-03 07:00:00+00:00,75.0325,75.0738,-0.055,12.65,0.06,0.36,0.3116,0.0484,no,trade,0.1527,0.5,0.0,0.0,0.0,1.0,0.3103,0.3793,1,0.6207,0.069,0.006369,0.606,0.0,80.65,93.94,0.0,0.0,0.1333,0.4174,1,,-0.785,,999.0,0.322,0.7346,,0.8148,0.7821,1.0,2.0,44.76,,41.85,,,0.0,0.3987,0.0011636,-0.0023092,-0.0023142,-0.0081,,,,-2.1526,0.1362,0.0,0.9872,0.6832,79.33,12.0,1.0,0.1346,0.0108,10.88,1000.0,0.0,1.0,6.12,74.97,-0.0833,-0.1383,Bear,,Bear,Bear,Bear,Bear,,0.2977,0.3116,-0.1131619540505047,-0.0885206852580203,0.7302,2.791298,0.2483,1.2602,0.004058,0.000532,0.5633,0.0,-716.68,59936764.60439998,1.189254856172009,-73591409.28320003,,,,,,,,,,,,,,,,,,,,,,,,2026-06-03 06:47:21.500745+00:00,True,0.64,0.36,174,0.0,0.8720299801877376,0.0126331766056662,75.82646634346173,80.64516129032322,0.8269230769230828,0.980926096820789,0.0799147575919034,0.824402361042239,0.036088533327624,68.8194174181385,93.9393939393942,0.939393939393942,0.9510771624486865,0.8773113780537134,0.3340012897797719,0.1024062746225603,45.46172132950514,44.75655430711608,0.3352033660589056,0.5063984670295852,-2.007545136081912,-0.1054000724452252,0.1517667611309378,10.048527999430448,3.5447761194030756,0.0345768880800736,-0.2137262764369156,-8.573540280857362,-0.2141201986872539,0.1687192914708881,13.469759028217254,9.426499670402068,0.0686509841574648,-0.1752336426323964,2026-05-30/2026-06-05,0.170135,0.127565,958.8750124166667,0.11854392436738692,92.00460534731994,1.34849890486759,70.7636360901353,0.08635578583765112,5
2026-06-03 07:02:32.396207+00:00,2026-06-03T07:02:32.383935+00:00,SOL,KXSOL15M-26JUN030315-15,2026-06-03 07:15:00+00:00,74.7425,74.7795,-0.0495,12.46,0.02,0.52,0.3407,0.1793,no,trade,0.198,0.5,0.0,0.0,0.0,1.0,1.0,0.0,-1,0.0,0.0,0.006126,0.3701,0.0,44.44,88.22,0.0,0.0,-0.2262,0.1479,-1,,-0.4342,,999.0,0.4664,0.5133,,0.4444,0.3077,1.0,3.0,54.58,0.0,40.04,,,0.0,0.4462,0.0001779,-0.0013124,-0.0019775,0.0338,,,,-2.1526,0.1362,-2.0,-1.0,-0.0025,79.52,12.0,1.0,0.3447,0.0276,27.36,1000.0,1.0,0.0,-27.36,75.0,0.3445,0.2949,Bear,,Bear,Bear,Bear,Bear,,0.2873,0.3407,-0.085645245492002,-0.0745044701658338,0.5847,2.969145,0.2335,0.5675,0.001903,-0.003525,0.5633,0.0,-716.68,59936764.60439998,1.189254856172009,-73591409.28320003,,,,,,,,,,,,,,,,,,,,,,,,2026-06-03 07:02:32.396207+00:00,False,0.48,-0.48,174,0.0,0.6410770993912853,0.0134988604272948,55.23093041726832,56.250000000000554,0.6634615384615413,0.4464808375402419,-0.2262443438914019,0.7543922578370243,0.0365418744672957,62.30379881698162,88.2154882154884,0.882154882154884,0.7654551631670935,0.3077334760503092,0.3824625818850296,0.0939377170294616,47.93601450947835,54.58333333333329,0.3674614305750352,0.5632835695814358,-2.007545136081912,-0.1054000724452252,0.1517667611309378,10.048527999430448,3.5447761194030756,0.0345768880800736,-0.2137262764369156,-8.573540280857362,-0.2141201986872539,0.1687192914708881,13.469759028217254,9.426499670402068,0.0686509841574648,-0.1752336426323964,2026-05-30/2026-06-05,0.194961,0.092339,974.05660345,-0.5012066085019473,75.39878568406134,-0.5185950790557947,62.15780998389698,0.08080313418217434,6
2026-06-03 08:08:11.517139+00:00,2026-06-03T08:08:11.500450+00:00,SOL,KXSOL15M-26JUN030415-15,2026-06-03 08:15:00+00:00,75.075,75.1498,-0.0995,6.81,0.07,0.265,0.2114,0.0536,no,trade,0.4872,1.0,1.0,1.0,0.01,1.0,0.3636,0.0,-1,0.6364,0.0,0.003699,0.7897,1.0,73.33,92.16,0.0,0.0,-0.1591,0.108,-1,,0.1553,,999.0,0.322,0.5678,,0.5111,0.3068,1.0,4.0,61.69,0.0,41.09,,,0.0,0.5223,0.0009112,-0.0004531,-0.0008748,0.0878,,50.0,50.0,3.4815,0.92,0.0,1.0,0.2729,79.15,12.0,1.0,0.2022,0.0162,16.17,1000.0,0.0,1.0,5.83,75.06,-0.02,-0.1195,Bear,,Bear,Bear,Bear,Bear,,0.3496,0.2114,-0.0460962631809059,-0.0700653559131707,0.5707,3.375965,0.2053,0.5393,0.000622,-0.002083,0.6188,0.0,9513.88,-23686428.783900023,0.8970501303818252,-26612817.135500018,,,,,,,,,,,,,,,,,,,,,,,,2026-06-03 08:08:11.517139+00:00,True,0.735,0.265,175,0.1329787234042534,0.7427166087282908,0.0074272326324091,58.50496098129772,73.33333333333249,0.733333333333325,0.6920359610983097,-0.1062699256110466,0.7545720798147095,0.0414913079397488,65.37380034330948,88.65979381443303,0.9283387622149842,0.7901985826740312,0.3067893824196366,0.4358507342699994,0.0849404975667527,50.53010716676178,61.68831168831181,0.4178885630498541,0.6187630856440878,3.39612264540079,0.1428986508579502,0.158558700423417,34.09690237232171,26.58582089552247,0.2593266606005465,0.2489052743283198,-8.573540280857362,-0.2141201986872539,0.1687192914708881,13.469759028217254,9.426499670402068,0.0686509841574648,-0.1752336426323964,2026-05-30/2026-06-05,0.280662,0.068938,1039.7086189833333,0.035027390258535185,77.37853577371018,0.3404328358208808,71.40956529851495,0.2689916193565829,1
2026-06-03 08:18:16.900391+00:00,2026-06-03T08:18:16.891892+00:00,SOL,KXSOL15M-26JUN030430-30,2026-06-03 08:30:00+00:00,74.89,74.9367,-0.0623,11.72,0.02,0.41,0.2753,0.1347,no,trade,0.2592,0.375,0.625,-1.0,0.243,1.0,0.5185,0.1111,-1,0.3704,0.1111,0.003616,0.9947,0.0,14.29,73.13,0.0,0.0,-0.3187,-0.209,-1,,0.1553,,999.0,0.322,0.5093,,0.5111,0.3068,1.0,4.0,61.69,0.0,41.09,,,0.0,0.5223,0.0009112,-0.0004531,-0.0008748,0.0878,,50.0,50.0,3.4815,0.92,-2.0,-1.0,0.1091,79.13,12.0,1.0,0.3287,0.0263,26.55,1000.0,0.0,1.0,18.45,75.01,0.1602,0.0978,Bear,,Bear,Bear,Bear,Bear,,0.3213,0.2753,-0.0460962631809059,-0.0700653559131707,0.5707,3.375965,0.2053,0.5393,0.000622,-0.002083,0.6188,0.0,9513.88,-23686428.783900023,0.8970501303818252,-26612817.135500018,,,,,,,,,,,,,,,,,,,,,,,,2026-06-03 08:18:16.900391+00:00,True,0.5900000000000001,0.4099999999999999,175,-0.3187250996015911,0.3092924800503818,0.0076384394315744,39.57354061836146,20.000000000000632,0.2000000000000063,-0.0234185671324191,-0.186170212765957,0.6930850609608535,0.042118657740247,58.3103375393534,77.21518987341773,0.882736156351792,0.5994473185372771,0.3067893824196366,0.4358507342699994,0.0849404975667527,50.53010716676178,61.68831168831181,0.4178885630498541,0.6187630856440878,3.39612264540079,0.1428986508579502,0.158558700423417,34.09690237232171,26.58582089552247,0.2593266606005465,0.2489052743283198,-8.573540280857362,-0.2141201986872539,0.1687192914708881,13.469759028217254,9.426499670402068,0.0686509841574648,-0.1752336426323964,2026-05-30/2026-06-05,0.291723,0.029576999999999964,1049.79833985,-0.024840806871051502,75.98918469217966,0.3404328358208808,71.40956529851495,0.17228982300884957,2
2026-06-03 08:48:33.732054+00:00,2026-06-03T08:48:33.712394+00:00,SOL,KXSOL15M-26JUN030500-00,2026-06-03 09:00:00+00:00,74.935,75.0107,-0.1009,11.44,0.04,0.28,0.1858,0.0942,no,trade,0.8068,0.5,0.0,0.0,0.0,1.0,1.0,1.0,1,0.0,0.0,0.002767,0.4811,0.0,24.39,72.81,0.0,0.0,0.1333,-0.1519,1,,0.0183,,999.0,0.322,0.2682,,0.5111,0.3068,1.0,4.0,61.69,,41.09,,,0.0,0.5392,0.0009112,-0.0004531,-0.0013775,0.0802,,,,3.4815,0.92,0.0,1.0,0.0846,78.95,12.0,1.0,0.3364,0.0269,26.64,1000.0,0.0,1.0,10.36,75.0,0.0867,-0.0143,Bear,,Bear,Bear,Bear,Bear,,0.3457,0.1858,-0.0460962631809059,-0.0700653559131707,0.5707,3.375965,0.2053,0.5393,0.000622,-0.002083,0.5471,0.0,5691.26,-23686428.783900023,0.8970501303818252,-26612817.135500018,,,,,,,,,,,,,,,,,,,,,,,,2026-06-03 08:48:33.732054+00:00,True,0.72,0.28,175,0.0,0.3878606266407045,0.0072363802956829,48.6194321747909,24.39024390243784,0.3111111111111104,0.4799229539768965,0.1333155579255951,0.674832400366382,0.0376751584419092,59.75907697048551,72.80701754385946,0.8990228013029311,0.653868419712564,0.3067893824196366,0.4358507342699994,0.0849404975667527,50.53010716676178,61.68831168831181,0.4178885630498541,0.6187630856440878,3.39612264540079,0.1428986508579502,0.158558700423417,34.09690237232171,26.58582089552247,0.2593266606005465,0.2489052743283198,-8.573540280857362,-0.2141201986872539,0.1687192914708881,13.469759028217254,9.426499670402068,0.0686509841574648,-0.1752336426323964,2026-05-30/2026-06-05,0.361865,-0.016164999999999985,1080.0788675666668,-0.06233425450005159,29.41342556645784,0.3404328358208808,71.40956529851495,0.3646548608601373,3
2026-06-03 09:03:44.088885+00:00,2026-06-03T09:03:44.070488+00:00,SOL,KXSOL15M-26JUN030515-15,2026-06-03 09:15:00+00:00,74.895,74.906,-0.0147,11.27,0.03,0.515,0.3462,0.1688,no,trade,0.1129,0.0,1.0,-1.0,0.324,1.0,1.0,0.0,-1,0.0,0.0,0.002629,0.558,0.0,0.0,53.33,0.0,0.0,-0.1465,-0.3035,-1,,-0.2242,,999.0,0.4167,0.2811,,0.0,-0.266,-1.0,-1.0,69.55,0.0,43.35,,,0.0,0.4929,0.0012715,-0.0005096,-0.0014579,0.0316,,,,3.4815,0.92,0.0,1.0,0.0852,78.95,12.0,1.0,0.3277,0.0262,26.19,1000.0,0.0,1.0,27.81,75.07,0.2337,0.2189,Bear,,Bear,Bear,Bear,Bear,,0.3448,0.3462,-0.0683625494953153,-0.0798347649742115,0.5994,3.188835,0.2174,-0.1273,-0.001368,-0.003221,0.5471,0.0,5691.26,-23686428.783900023,0.8970501303818252,-26612817.135500018,,,,,,,,,,,,,,,,,,,,,,,,2026-06-03 09:03:44.088885+00:00,True,0.485,0.515,175,-0.1464518705898032,0.1727376939152202,0.0067279609334336,35.18207389278868,0.0,0.0,-0.0764420779497756,-0.1464518705898032,0.6222548033248356,0.0293333900787655,53.659578762496565,63.15789473684197,0.8472727272727266,0.4895204320673143,-0.2659574468085179,0.4262689383702146,0.0740979631451488,48.12965244198128,69.55380577427832,0.3885630498533728,0.5471399922127754,3.39612264540079,0.1428986508579502,0.158558700423417,34.09690237232171,26.58582089552247,0.2593266606005465,0.2489052743283198,-8.573540280857362,-0.2141201986872539,0.1687192914708881,13.469759028217254,9.426499670402068,0.0686509841574648,-0.1752336426323964,2026-05-30/2026-06-05,0.349641,-0.004840999999999984,1095.2514814166668,0.05850746268656337,34.947413002047135,-0.28096886286669287,63.7478350105663,0.05591479650057057,4
2026-06-03 09:18:51.944978+00:00,2026-06-03T09:18:51.926250+00:00,SOL,KXSOL15M-26JUN030530-30,2026-06-03 09:30:00+00:00,74.7675,74.9012,-0.1785,11.14,0.02,0.18,0.1229,0.0571,no,trade,1.9351,0.5,0.0,0.0,0.113,1.0,1.0,1.0,1,0.0,0.0,0.00236,0.3952,0.0,63.64,52.05,0.0,0.0,0.0933,-0.2091,1,,-0.2242,,999.0,0.4634,0.2006,,0.0,-0.266,-1.0,-1.0,69.55,0.0,43.35,,,0.0,0.4929,0.0012715,-0.0005096,-0.0014579,0.0316,,,,3.4815,0.92,-2.0,-1.0,-0.0289,78.86,12.0,1.0,0.3174,0.0254,25.42,1000.0,0.0,1.0,5.58,74.93,0.2173,0.0385,Bear,,Bear,Bear,Bear,Bear,,0.4099,0.1229,-0.0683625494953153,-0.0798347649742115,0.5994,3.188835,0.2174,-0.1273,-0.001368,-0.003221,0.5471,0.0,5691.26,-23686428.783900023,0.8970501303818252,-26612817.135500018,,,,,,,,,,,,,,,,,,,,,,,,2026-06-03 09:18:51.944978+00:00,True,0.8200000000000001,0.1799999999999999,175,0.093333333333323,0.3699573546499081,0.0072660031669603,49.01726558330419,23.33333333333128,0.1666666666666497,0.5524460526685665,0.093333333333323,0.6407865951848276,0.024066851050637,56.871549865479935,61.1111111111104,0.828431372549016,0.592073004667336,-0.2659574468085179,0.4262689383702146,0.0740979631451488,48.12965244198128,69.55380577427832,0.3885630498533728,0.5471399922127754,3.39612264540079,0.1428986508579502,0.158558700423417,34.09690237232171,26.58582089552247,0.2593266606005465,0.2489052743283198,-8.573540280857362,-0.2141201986872539,0.1687192914708881,13.469759028217254,9.426499670402068,0.0686509841574648,-0.1752336426323964,2026-05-30/2026-06-05,0.345482,0.06441799999999998,1110.3824163,-0.09506378357736489,14.131128755014515,-0.28096886286669287,63.7478350105663,0.7563559322033897,5
2026-06-03 14:01:50.453968+00:00,2026-06-03T14:01:50.436996+00:00,SOL,KXSOL15M-26JUN031015-15,2026-06-03 14:15:00+00:00,74.3075,74.4915,-0.247,13.16,0.03,0.205,0.1633,0.0417,no,trade,0.8387,0.0,1.0,-1.0,0.249,1.0,0.5652,0.5652,1,0.4348,0.0,0.003494,0.8822,0.0,14.94,11.02,0.0,-0.1205,0.1611,-0.5023,-1,,-0.5214,,0.0237,0.5952,0.5893,,0.1494,-0.8241,-1.0,-1.0,68.28,-1.0,52.84,,,-1.0,0.4598,-0.0013128,-0.0002008,-0.0009395,-0.0932,,,,-0.133,0.3086,-2.0,-1.0,0.2503,78.57,12.0,1.0,0.2033,0.0163,15.9,1000.0,0.0,1.0,4.1,74.5,0.2591,0.0114,Sideways,,Bear,Bear,Bear,Bear,,0.5442,0.1633,-0.0763353616362726,-0.0414970418919029,0.6365,3.55261,0.1951,-0.7565,-0.002009,-0.002375,0.3313,0.0,-15191.18,-42691276.36160004,0.888798084084189,-6440940.541100085,,,,,,,,,,,,,,,,,,,,,,,,2026-06-03 14:01:50.453968+00:00,True,0.795,0.2049999999999999,177,-0.120481927710847,0.1119623936755936,0.0122038255476696,38.67333252729135,14.942528735631829,0.1494252873563182,0.1656134446956481,0.0670600858369008,0.0425238115915872,0.0151004974947658,28.65244872870707,11.016949152542056,0.1101694915254205,0.1345773090076346,-0.7581803671189213,0.4113843418840426,0.0409152144029042,40.94267692253336,68.27794561933545,0.4891774891774898,0.3313309294277844,-0.1329787234042645,0.1720986912121062,0.1618684290345623,33.66260704678639,26.59574468085106,0.2516010978956997,0.2621135723707091,-8.573540280857362,-0.2141201986872539,0.1687192914708881,13.469759028217254,9.426499670402068,0.0686509841574648,-0.1752336426323964,2026-05-30/2026-06-05,0.741429,-0.197229,5.107566133333333,0.2180304972986491,31.814234316199457,-0.3012997791938865,69.68539967132797,0.7069261591299371,1
2026-06-03 19:05:34.651532+00:00,2026-06-03T19:05:34.629874+00:00,SOL,KXSOL15M-26JUN031515-15,2026-06-03 19:15:00+00:00,72.965,72.9952,-0.0414,9.43,0.05,0.495,0.3462,0.1488,no,trade,0.1121,0.9655,0.9655,1.0,0.267,1.0,0.0,0.5,0,0.0,0.0,0.007286,0.0,1.0,63.04,53.93,-0.0137,0.3844,0.3844,-0.225,1,,-1.7573,,1.3458,0.3571,0.8715,,0.3261,-0.3693,-1.0,-1.0,21.07,-1.0,37.08,,,-1.0,0.1163,-0.0052471,-0.0023905,-0.001341,-0.3611,,,,-2.4358,0.0,-2.0,-1.0,-0.1551,79.33,12.0,1.0,0.3005,0.024,24.24,1000.0,0.0,1.0,23.76,72.85,-0.1576,-0.1989,Bear,,Bear,Bear,Bear,Bear,,0.4127,0.3462,-0.0500098706687265,-0.0368492455810311,0.5412,2.730735,0.2538,-0.1819,0.001085,-0.001347,0.1443,0.0,-29314.61,-45754151.50839996,0.9257843278437476,-112131856.65390004,,,,,,,,,,,,,,,,,,,,,,,,2026-06-03 19:05:34.651532+00:00,True,0.505,0.495,178,0.3980782429650054,0.4954844798655849,0.0227066984608419,58.022432066208296,64.13043478260894,0.404109589041096,0.8764888436759427,-0.2328129279649426,0.2755248635397042,0.0350970377268464,41.24522811258801,34.09090909090905,0.2988047808764934,0.3137030090957494,-0.3692560175054815,0.0758036430893747,0.0481037111739066,25.61496680388251,21.067415730337068,0.2106741573033706,0.1442716321235539,-2.3968042609853524,0.0893228127156761,0.1711480204492273,26.804684485135866,10.20408163265309,0.0881261595547312,0.0610287582225907,-8.573540280857362,-0.2141201986872539,0.1687192914708881,13.469759028217254,9.426499670402068,0.0686509841574648,-0.1752336426323964,2026-05-30/2026-06-05,0.573317,-0.16061699999999995,73.66085886666666,0.027365726963646253,43.42616342982829,0.10506174196067697,24.632236407946493,0.05682130112544606,1
2026-06-03 21:17:04.756814+00:00,2026-06-03T21:17:04.742272+00:00,SOL,KXSOL15M-26JUN031730-30,2026-06-03 21:30:00+00:00,71.5975,71.628,-0.0426,12.92,0.04,0.45,0.3462,0.1038,no,trade,0.0727,0.4615,0.5385,-1.0,0.233,1.0,0.6667,0.6778,1,0.3222,0.0111,0.008382,1.4982,0.0,48.23,27.42,0.0,0.0,0.2378,-0.0851,1,,-3.3473,,2.1879,0.4483,1.1814,,0.1418,-0.9875,-1.0,-3.0,4.28,0.0,16.13,,,0.0,-0.0655,-0.0073954,-0.0043446,-0.0024955,-0.8493,,,,-1.7326,0.1466,-1.0,0.3783,-0.1559,79.41,12.0,1.0,0.2306,0.0184,18.7,1000.0,1.0,0.0,-18.7,71.79,0.2689,0.2262,Bear,,Bear,Bear,Bear,Bear,,0.44,0.3462,-0.0941332142488594,-0.0027678457762745,0.4724,3.312949,0.2092,-1.075,-0.001982,-0.001129,-0.1002,-1.0,-29845.65,-37551074.534399986,0.9181527062441311,-125996502.4044,,,,,,,,,,,,,,,,,,,,,,,,2026-06-03 21:17:04.756814+00:00,False,0.55,-0.55,179,-0.3060230908332184,0.3268922618100507,0.0206807262409717,46.35396631419112,49.27536231884073,0.4223602484472094,0.4597149523666406,0.6742520016856268,0.1348089644637877,0.0345745475161129,36.96585798871021,24.63768115942049,0.2251655629139087,0.2809138113852709,-1.1661807580174988,-0.0861497772804723,0.0664012268946228,15.345834799296329,4.282655246252736,0.0428265524625273,-0.1002206979055422,-1.7326057298772124,0.0602985843087844,0.1823430141889828,22.987271939854296,3.4102306920762633,0.02972027972028,-0.0211405408474053,-8.573540280857362,-0.2141201986872539,0.1687192914708881,13.469759028217254,9.426499670402068,0.0686509841574648,-0.1752336426323964,2026-05-30/2026-06-05,0.563318,-0.12331799999999998,35.345946899999994,0.7114257279231095,51.26514624330163,-0.7364797021466751,9.33836140632943,0.050823192555476016,1
2026-06-03 22:07:30.687715+00:00,2026-06-03T22:07:30.672021+00:00,SOL,KXSOL15M-26JUN031815-15,2026-06-03 22:15:00+00:00,72.6725,72.7123,-0.0547,7.49,0.05,0.385,0.3407,0.0443,no,trade,0.1398,1.0,0.973,1.0,1.345,1.0,0.9118,0.9412,1,0.0588,0.0294,0.008092,1.1539,5.0,84.62,85.12,-0.2461,-0.4375,0.0687,1.5873,1,,-1.2235,,0.4766,0.3729,1.0372,,0.9774,2.4201,1.0,1.0,38.54,1.0,32.66,,,1.0,0.2684,-0.0011637,-0.0028915,-0.0016523,-0.108,,,,-1.7326,0.1466,0.0,1.0,0.2671,79.56,12.0,1.0,0.115,0.0092,9.22,1000.0,0.0,1.0,5.77,72.35,-0.4438,-0.4983,Bear,,Bear,Bear,Bear,Bear,,0.3694,0.3407,-0.126741014221543,-0.061534097106778,0.5422,2.302542,0.301,2.6743,0.005789,0.013837,0.4265,0.0,-8860.24,-37551074.534399986,0.9181527062441311,-125996502.4044,,,,,,,,,,,,,,,,,,,,,,,,2026-06-03 22:07:30.687715+00:00,True,0.615,0.385,180,0.4808352795713677,1.047547509086784,0.0288137577496706,76.65706764990685,100.0,1.0,1.3594467453550672,1.322383073496658,0.6083723934398513,0.0367180966449801,60.27289637525007,83.72093023255844,0.5960264900662269,0.8453602526496272,2.2475066722854375,0.2632904204594856,0.0675609392478366,42.71040999616864,38.54389721627432,0.3854389721627432,0.4264965543952102,-1.7326057298772124,0.0602985843087844,0.1823430141889828,22.987271939854296,3.4102306920762633,0.02972027972028,-0.0211405408474053,-8.573540280857362,-0.2141201986872539,0.1687192914708881,13.469759028217254,9.426499670402068,0.0686509841574648,-0.1752336426323964,2026-05-30/2026-06-05,0.41285,-0.04344999999999999,85.77812858333333,0.24860541034239514,67.74736254371301,1.030698212437109,34.159903093524406,0.06759762728620859,1
2026-06-03 22:17:35.868266+00:00,2026-06-03T22:17:35.855367+00:00,SOL,KXSOL15M-26JUN031830-30,2026-06-03 22:30:00+00:00,72.1,72.4363,-0.4643,12.4,0.02,0.21,0.1538,0.0562,no,trade,1.0383,0.0,1.0,-1.0,0.455,1.0,0.3571,0.0,-1,0.6429,0.0,0.008234,0.94,-2.0,48.37,63.26,0.0,-0.3169,-1.0801,0.9034,-1,,-1.2235,,1.1083,0.3087,0.9226,,0.9774,2.4201,1.0,1.0,38.54,1.0,32.66,,,1.0,0.2684,-0.0011637,-0.0028915,-0.0016523,-0.108,,,,-1.7326,0.1466,-2.0,-1.0,0.3774,79.56,12.0,1.0,0.2676,0.0214,21.33,1000.0,0.0,1.0,5.67,72.56,0.638,0.1708,Bear,,Bear,Bear,Bear,Bear,,0.2527,0.1538,-0.126741014221543,-0.061534097106778,0.5422,2.302542,0.301,2.6743,0.005789,0.013837,0.4265,0.0,-8860.24,-37551074.534399986,0.9181527062441311,-125996502.4044,,,,,,,,,,,,,,,,,,,,,,,,2026-06-03 22:17:35.868266+00:00,True,0.79,0.2099999999999999,180,-0.178792463210009,0.7414821222366552,0.0306645469098903,55.85204746108861,63.39869281045739,0.7395348837209299,0.5985034725617381,-0.2885011677428273,0.5325937898929883,0.0366085205089578,55.66692058646177,73.95348837209299,0.5264900662251649,0.6917210878251188,2.2475066722854375,0.2632904204594856,0.0675609392478366,42.71040999616864,38.54389721627432,0.3854389721627432,0.4264965543952102,-1.7326057298772124,0.0602985843087844,0.1823430141889828,22.987271939854296,3.4102306920762633,0.02972027972028,-0.0211405408474053,-8.573540280857362,-0.2141201986872539,0.1687192914708881,13.469759028217254,9.426499670402068,0.0686509841574648,-0.1752336426323964,2026-05-30/2026-06-05,0.396255,-0.14355500000000004,95.8644711,-0.45279897978635075,45.8983514061537,1.030698212437109,34.159903093524406,0.5638814670876852,2
2026-06-04 01:39:28.057296+00:00,2026-06-04T01:39:28.040820+00:00,SOL,KXSOL15M-26JUN032145-45,2026-06-04 01:45:00+00:00,69.3925,69.2905,0.1472,5.54,0.04,0.76,0.6963,0.0637,no,trade,-0.2416,0.5893,0.5179,1.0,0.986,1.0,0.8091,0.1455,-1,0.0455,0.1455,0.008624,1.8355,1.0,17.13,10.76,-0.115,-0.2154,0.4626,-1.1332,-1,,-3.3937,,1.1249,0.4483,1.8756,,0.2035,-1.1735,-1.0,-3.0,6.64,,22.17,,,0.0,0.0843,-0.0048986,-0.0050728,-0.0042177,-0.4998,,,,-0.3616,0.3023,0.0,0.9719,-0.2067,79.13,12.0,1.0,0.0839,0.0067,6.72,1000.0,1.0,0.0,-6.72,69.59,0.2846,0.4322,Bear,,Bear,Bear,Bear,Bear,,0.2032,0.6963,-0.146563499593678,-0.0515271114687922,0.5645,2.298042,0.3016,-1.0698,-0.002854,-0.003008,0.0519,0.0,4266.58,-122094548.67400002,0.8834232031237889,-205399774.71679997,,,,,,,,,,,,,,,,,,,,,,,,2026-06-04 01:39:28.057296+00:00,False,0.24,-0.24,181,0.5196304849884426,0.1764148991743547,0.0501609478790902,34.85265604937712,21.39917695473241,0.1739130434782598,0.2181740811885083,-1.2120347925281494,-0.1707398955939058,0.0475825106631656,21.268670689521244,3.9800995024874815,0.0398009950248748,-0.2536489678718803,-1.2562814070351869,0.0276776590178817,0.0833492785007862,27.24362375062539,6.641366223908815,0.0664136622390881,0.0518693309154003,-0.5414410662224034,0.0905812027895643,0.1932596021524589,21.881401179000036,6.091846298031918,0.053807947019868,0.0248947030623825,-3.476151980598219,-0.2122558547184503,0.1974084426300167,10.984444703563554,3.830288744843876,0.0300230946882219,-0.2191444019609505,2026-05-30/2026-06-05,0.182106,0.021094,297.7342882666666,-0.6448657594861129,3.999037280379654,-1.311202082809182,9.83115329380938,0.17068645640074212,1
2026-06-04 02:19:56.274796+00:00,2026-06-04T02:19:56.263547+00:00,SOL,KXSOL15M-26JUN032230-30,2026-06-04 02:30:00+00:00,68.4725,68.2493,0.327,10.07,0.06,0.74,0.6459,0.0941,no,trade,-0.2334,0.7895,0.7895,1.0,0.437,1.0,0.1842,0.7895,-1,0.0263,0.7895,0.011035,2.5118,1.0,48.23,32.72,0.0438,0.3954,2.5277,0.2088,1,,-5.6242,,0.3336,0.4483,3.1973,,0.0992,-2.9112,-1.0,-4.0,3.62,0.0,18.38,,,0.0,-0.081,-0.0078889,-0.0068771,-0.005783,-0.7301,,,,-0.3616,0.3023,0.0,0.9746,-0.0873,78.81,11.0,1.0,0.1271,0.0102,10.14,1000.0,1.0,0.0,-10.14,69.49,1.486,1.8179,Bear,,Bear,Bear,Bear,Bear,,0.1843,0.6459,-0.0450248353694778,0.0135091891240804,0.6066,4.322308,0.1604,-2.6346,-0.006265,-0.007186,-0.2299,-1.0,-35015.8,-122094548.67400002,0.8834232031237889,-205399774.71679997,,,,,,,,,,,,,,,,,,,,,,,,2026-06-04 02:19:56.274796+00:00,False,0.26,-0.26,181,0.5291005291005346,0.1983203268829302,0.0586951100828615,37.65740780744511,37.270341207349105,0.3302325581395355,0.298398378058589,-0.4366812227074246,-0.0303015083082732,0.0731646841061544,20.520305387737498,27.255278310940568,0.2305194805194809,-0.0807701059743631,-2.8837998303647083,-0.121550051443152,0.1017273775493585,18.586753906700892,3.6231884057971055,0.0346740638002774,-0.229834653655628,-0.5414410662224034,0.0905812027895643,0.1932596021524589,21.881401179000036,6.091846298031918,0.053807947019868,0.0248947030623825,-3.476151980598219,-0.2122558547184503,0.1974084426300167,10.984444703563554,3.830288744843876,0.0300230946882219,-0.2191444019609505,2026-05-30/2026-06-05,0.182106,0.0021940000000000015,338.2045799333334,0.26848154255667556,27.65407187029189,-1.686951296985384,2.6654738178084805,0.2963298595378342,2
2026-06-04 02:35:04.238013+00:00,2026-06-04T02:35:04.225514+00:00,SOL,KXSOL15M-26JUN032245-45,2026-06-04 02:45:00+00:00,69.6775,69.2988,0.5465,9.93,0.02,0.87,0.8126,0.0574,no,trade,-0.6059,0.8493,0.6301,1.0,0.836,1.0,0.7733,0.8488,1,0.1512,0.0756,0.012289,2.0083,2.0,92.68,54.6,-0.1002,0.2878,1.382,1.8828,1,,-5.6242,,999.0,0.3415,2.0691,,0.0992,-2.9112,-1.0,-4.0,3.62,0.0,18.38,,,0.0,-0.081,-0.0078889,-0.0068771,-0.005783,-0.7301,,,,-0.3616,0.3023,0.0,1.0,-0.9377,79.12,11.0,1.0,0.066,0.0053,5.33,1000.0,1.0,0.0,-5.33,70.1,0.6064,1.1562,Bear,,Bear,Bear,Bear,Bear,,0.259,0.8126,-0.0450248353694778,0.0135091891240804,0.6066,4.322308,0.1604,-2.6346,-0.006265,-0.007186,-0.2299,-1.0,-35015.8,-122094548.67400002,0.8834232031237889,-205399774.71679997,,,,,,,,,,,,,,,,,,,,,,,,2026-06-04 02:35:04.238013+00:00,False,0.13,-0.13,181,0.5763688760806795,0.637200441717256,0.049569482351038,61.97646448658317,95.9183673469386,0.7067669172932323,0.8846679358030485,1.4619883040935644,0.1959674348909232,0.0759765224303803,39.09301764431184,46.44913627639164,0.3928571428571433,0.3523241554512168,-2.8837998303647083,-0.121550051443152,0.1017273775493585,18.586753906700892,3.6231884057971055,0.0346740638002774,-0.229834653655628,-0.5414410662224034,0.0905812027895643,0.1932596021524589,21.881401179000036,6.091846298031918,0.053807947019868,0.0248947030623825,-3.476151980598219,-0.2122558547184503,0.1974084426300167,10.984444703563554,3.830288744843876,0.0300230946882219,-0.2191444019609505,2026-05-30/2026-06-05,0.203241,0.055759,353.3373002166666,1.0609399973561695,47.209233667458506,-1.686951296985384,2.6654738178084805,0.4447066482219872,3
2026-06-04 02:50:12.679777+00:00,2026-06-04T02:50:12.661895+00:00,SOL,KXSOL15M-26JUN032300-00,2026-06-04 03:00:00+00:00,70.225,70.0693,0.2222,9.79,0.01,0.745,0.6963,0.0487,no,trade,-0.3362,0.6341,0.3415,1.0,0.384,1.0,0.7064,0.8532,1,0.1468,0.1468,0.0128,1.213,3.0,93.96,64.17,-0.0569,0.0428,0.8041,2.3512,1,,-5.6373,,999.0,0.2812,1.5294,,0.0992,-2.9112,-1.0,-4.0,3.62,,18.38,,,0.0,-0.0742,-0.0078889,-0.0068771,-0.0062127,-0.733,,,,-0.3616,0.3023,0.0,1.0,0.1335,79.22,11.0,1.0,0.0654,0.0052,5.36,1000.0,0.0,1.0,15.66,70.05,-0.2492,-0.0275,Bear,,Bear,Bear,Bear,Bear,,0.2984,0.6963,-0.0450248353694778,0.0135091891240804,0.6066,4.322308,0.1604,-2.6346,-0.006265,-0.007186,0.2324,0.0,-41505.71,-122094548.67400002,0.8834232031237889,-205399774.71679997,,,,,,,,,,,,,,,,,,,,,,,,2026-06-04 02:50:12.679777+00:00,True,0.255,0.745,181,0.2853474104722586,0.8549065881104354,0.0425839712296095,69.01355640525968,97.92899408284045,0.9538904899135456,0.967437607707346,0.9942363112391828,0.3402773470367765,0.0761942157882084,48.64742651256842,60.6237816764133,0.50487012987013,0.5676868602530867,-2.8837998303647083,-0.121550051443152,0.1017273775493585,18.586753906700892,3.6231884057971055,0.0346740638002774,-0.229834653655628,-0.5414410662224034,0.0905812027895643,0.1932596021524589,21.881401179000036,6.091846298031918,0.053807947019868,0.0248947030623825,-3.476151980598219,-0.2122558547184503,0.1974084426300167,10.984444703563554,3.830288744843876,0.0300230946882219,-0.2191444019609505,2026-05-30/2026-06-05,0.221964,0.076436,368.47799628333337,0.5685576519995905,63.319649843536,-1.686951296985384,2.6654738178084805,0.17359375,4
2026-06-04 03:50:49.521330+00:00,2026-06-04T03:50:49.507874+00:00,SOL,KXSOL15M-26JUN040000-00,2026-06-04 04:00:00+00:00,71.44,71.514,-0.1035,9.18,0.09,0.325,0.227,0.098,no,trade,0.3884,1.0,1.0,1.0,0.005,1.0,0.8548,0.9516,1,0.0484,0.0968,0.013941,0.6209,4.0,100.0,100.0,0.0,0.0,0.294,1.8962,1,,-3.3769,,999.0,0.1875,0.6379,,0.8784,2.0399,1.0,1.0,37.92,,27.35,,,0.0,0.1542,-0.0027381,-0.0050668,-0.0046598,-0.3005,,,,-0.3616,0.3023,0.0,1.0,-0.0625,79.24,11.0,1.0,0.3015,0.0241,24.3,1000.0,0.0,1.0,11.7,71.47,0.042,-0.0615,Bear,,Bear,Bear,Bear,Bear,,0.1864,0.227,-0.1913738950274548,-0.0989232885102947,0.515,1.85508,0.3736,2.1709,0.003479,0.020193,0.5178,0.0,-38971.85,-87589599.04659998,0.7973399683175496,-247235222.255,,,,,,,,,,,,,,,,,,,,,,,,2026-06-04 03:50:49.521330+00:00,True,0.675,0.3249999999999999,182,0.0279290601871151,0.8256446287934596,0.0547400579637282,78.57113240813976,100.0,1.0,1.020374090119297,0.8449514152936155,0.7144826788936504,0.0640553926664163,66.0829741147449,90.25341130604288,0.8886756238003841,0.9359395085552474,1.9650655021834051,0.1121969816639389,0.1072855745765107,34.494170073238635,36.6786140979689,0.3536866359446999,0.2323802456762543,-0.5414410662224034,0.0905812027895643,0.1932596021524589,21.881401179000036,6.091846298031918,0.053807947019868,0.0248947030623825,-3.476151980598219,-0.2122558547184503,0.1974084426300167,10.984444703563554,3.830288744843876,0.0300230946882219,-0.2191444019609505,2026-05-30/2026-06-05,0.33111,-0.14471,429.09202216666665,0.732401153266582,97.99762889686333,1.5599916713044282,31.042595850894095,0.07424144609425434,1
2026-06-04 04:11:02.444116+00:00,2026-06-04T04:11:02.433559+00:00,SOL,KXSOL15M-26JUN040015-15,2026-06-04 04:15:00+00:00,71.4675,71.4068,0.085,3.96,0.01,0.795,0.7238,0.0712,no,trade,-0.5158,0.4286,0.4286,1.0,0.104,1.0,0.5,0.4286,-1,0.0714,0.4286,0.012737,0.3075,1.0,87.5,97.32,0.028,0.042,0.2102,1.1586,1,,-1.2593,,999.0,0.322,0.5999,,0.8987,1.9107,1.0,2.0,59.9,0.0,37.17,,,0.0,0.3574,-0.0030501,-0.0021069,-0.0030964,-0.0218,,50.0,50.0,-0.1537,0.8799,0.0,0.9984,-0.1548,79.09,11.0,1.0,0.0896,0.0072,7.17,1000.0,1.0,0.0,-7.17,71.67,0.2833,0.3686,Bear,,Bear,Bear,Bear,Bear,,0.2923,0.7238,-0.031616320686201,-0.0136491950695028,0.4954,3.375776,0.2053,2.0965,0.006714,0.007763,0.5178,0.0,-38971.85,-87589599.04659998,0.7973399683175496,-247235222.255,,,,,,,,,,,,,,,,,,,,,,,,2026-06-04 04:11:02.444116+00:00,False,0.2049999999999999,-0.2049999999999999,182,0.0139918847068765,0.7379264894014239,0.0351597112453499,67.67739508539145,90.50632911392458,0.9392712550607322,0.7574469793914655,-0.1955034213098727,0.6987431323115817,0.0617518831417833,63.40832685907162,96.5591397849463,0.8618042226487524,0.8413676502264481,2.0271234832262675,0.3138303172752016,0.1056908177603487,47.05542198527873,58.84665792922671,0.5172811059907833,0.5177582877723982,-0.237297599106645,0.1268382405094858,0.201727225623159,21.383187422028985,30.585831062670284,0.2790553138595399,0.1569448198107826,-3.476151980598219,-0.2122558547184503,0.1974084426300167,10.984444703563554,3.830288744843876,0.0300230946882219,-0.2191444019609505,2026-05-30/2026-06-05,0.261233,0.03106700000000001,449.3074019333333,-0.15015245593109627,94.91264524600204,1.830918716567731,53.38707624574026,0.0667347099002905,2
2026-06-04 04:16:05.690156+00:00,2026-06-04T04:16:05.684989+00:00,SOL,KXSOL15M-26JUN040030-30,2026-06-04 04:30:00+00:00,71.5775,71.6398,-0.087,13.91,0.07,0.375,0.2974,0.0776,no,trade,0.2285,0.68,0.68,1.0,0.235,1.0,0.7143,0.7143,1,0.2857,0.0,0.012099,0.3229,0.0,92.59,98.39,0.0,-0.0976,0.2798,1.307,1,,-1.2593,,999.0,0.322,0.74,,0.8987,1.9107,1.0,2.0,59.9,0.0,37.17,,,0.0,0.3574,-0.0030501,-0.0021069,-0.0030964,-0.0218,,50.0,50.0,-0.1537,0.8799,0.0,0.999,-0.0591,79.09,11.0,1.0,0.207,0.0166,16.25,1000.0,0.0,1.0,9.75,71.56,-0.0244,-0.1114,Bear,,Bear,Bear,Bear,Bear,,0.3504,0.2974,-0.031616320686201,-0.0136491950695028,0.4954,3.375776,0.2053,2.0965,0.006714,0.007763,0.5178,0.0,-38971.85,-87589599.04659998,0.7973399683175496,-247235222.255,,,,,,,,,,,,,,,,,,,,,,,,2026-06-04 04:16:05.690156+00:00,True,0.625,0.375,182,0.2658086177951935,0.7917335814881084,0.0332972826369575,72.95389563257848,93.1034482758622,0.9639639639639648,0.9251513835753422,0.279837694137397,0.7497736095745822,0.0610811935426144,65.68420717105295,98.32285115303986,0.9142300194931776,0.8831138336621582,2.0271234832262675,0.3138303172752016,0.1056908177603487,47.05542198527873,58.84665792922671,0.5172811059907833,0.5177582877723982,-0.237297599106645,0.1268382405094858,0.201727225623159,21.383187422028985,30.585831062670284,0.2790553138595399,0.1569448198107826,-3.476151980598219,-0.2122558547184503,0.1974084426300167,10.984444703563554,3.830288744843876,0.0300230946882219,-0.2191444019609505,2026-05-30/2026-06-05,0.282024,0.06837599999999999,454.3615026,0.4134314499648184,100.0,1.830918716567731,53.38707624574026,0.07190676915447557,3
2026-06-04 04:31:14.194696+00:00,2026-06-04T04:31:14.186027+00:00,SOL,KXSOL15M-26JUN040045-45,2026-06-04 04:45:00+00:00,71.375,71.4377,-0.0878,13.77,0.04,0.42,0.2449,0.1751,no,trade,0.4955,0.5,0.0,0.0,0.0,1.0,0.9167,0.0833,-1,0.0,0.0833,0.011679,0.1436,0.0,75.64,96.18,0.0,0.0,-0.0419,0.9265,-1,,-1.2593,,999.0,0.322,0.3462,,0.8987,1.9107,1.0,2.0,59.9,0.0,37.17,,,0.0,0.3574,-0.0030501,-0.0021069,-0.0030964,-0.0218,,50.0,50.0,-0.1537,0.8799,0.0,0.999,-0.0206,79.08,11.0,1.0,0.4169,0.0334,33.64,1000.0,0.0,1.0,24.36,71.09,-0.3993,-0.4867,Bear,,Bear,Bear,Bear,Bear,,0.301,0.2449,-0.031616320686201,-0.0136491950695028,0.4954,3.375776,0.2053,2.0965,0.006714,0.007763,0.5178,0.0,-38971.85,-87589599.04659998,0.7973399683175496,-247235222.255,,,,,,,,,,,,,,,,,,,,,,,,2026-06-04 04:31:14.194696+00:00,True,0.5800000000000001,0.4199999999999999,182,0.0139762403913445,0.691204991927458,0.0264806778975584,65.60290238356473,77.9069767441863,0.8920454545454561,0.714514157818664,-0.1534812334310076,0.7280968150775883,0.0605896871186747,63.18505986502103,96.01677148846964,0.8927875243664722,0.8040707082898898,2.0271234832262675,0.3138303172752016,0.1056908177603487,47.05542198527873,58.84665792922671,0.5172811059907833,0.5177582877723982,-0.237297599106645,0.1268382405094858,0.201727225623159,21.383187422028985,30.585831062670284,0.2790553138595399,0.1569448198107826,-3.476151980598219,-0.2122558547184503,0.1974084426300167,10.984444703563554,3.830288744843876,0.0300230946882219,-0.2191444019609505,2026-05-30/2026-06-05,0.252896,0.04810399999999998,469.5032449333333,0.0754210350272233,98.16285405972594,1.830918716567731,53.38707624574026,0.07517766932100352,4
2026-06-04 04:46:23.015243+00:00,2026-06-04T04:46:22.998555+00:00,SOL,KXSOL15M-26JUN040100-00,2026-06-04 05:00:00+00:00,70.9475,71.0145,-0.0943,13.62,0.01,0.385,0.3116,0.0734,no,trade,0.2587,1.0,0.2857,1.0,0.101,1.0,0.8393,0.1607,-1,0.0,0.1607,0.011474,0.6865,0.0,12.0,86.72,0.0,0.0281,-0.3644,-0.0225,-1,,-1.2813,,999.0,0.4162,0.7168,,0.8987,1.9107,1.0,2.0,59.9,,37.17,,,0.0,0.3748,-0.0030501,-0.0021069,-0.0033738,-0.0226,,,,-0.1537,0.8799,-2.0,-1.0,0.1976,79.03,11.0,1.0,0.1908,0.0153,15.38,1000.0,0.0,1.0,9.63,70.91,-0.0529,-0.1472,Bear,,Bear,Bear,Bear,Bear,,0.3339,0.3116,-0.031616320686201,-0.0136491950695028,0.4954,3.375776,0.2053,2.0965,0.006714,0.007763,0.4157,0.0,-35079.71,-87589599.04659998,0.7973399683175496,-247235222.255,,,,,,,,,,,,,,,,,,,,,,,,2026-06-04 04:46:23.015243+00:00,True,0.615,0.385,182,-0.0703531729280948,0.2214997144144829,0.0148781149203787,37.27217890774984,2.666666666666136,0.3706896551724085,0.0092351784495312,-0.754611514812753,0.612066432944687,0.0591917220319672,51.96446218189819,84.69601677148837,0.7875243664717341,0.512001859176943,2.0271234832262675,0.3138303172752016,0.1056908177603487,47.05542198527873,58.84665792922671,0.5172811059907833,0.5177582877723982,-0.237297599106645,0.1268382405094858,0.201727225623159,21.383187422028985,30.585831062670284,0.2790553138595399,0.1569448198107826,-3.476151980598219,-0.2122558547184503,0.1974084426300167,10.984444703563554,3.830288744843876,0.0300230946882219,-0.2191444019609505,2026-05-30/2026-06-05,0.186407,0.14749299999999999,484.65025405,-0.45465865894400714,89.39594474551828,1.830918716567731,53.38707624574026,0.08218581139968624,5
2026-06-04 05:16:44.818816+00:00,2026-06-04T05:16:44.811200+00:00,SOL,KXSOL15M-26JUN040130-30,2026-06-04 05:30:00+00:00,70.0125,70.0785,-0.0942,13.26,0.04,0.45,0.376,0.074,no,trade,0.1849,1.0,0.4706,1.0,18.897,1.0,0.8211,0.1789,-1,0.0,0.1789,0.011062,1.2236,1.0,12.85,68.61,0.0856,0.157,-0.5948,-0.5384,-1,,-1.8628,,999.0,0.4664,1.0149,,0.0667,-0.7835,-1.0,-1.0,54.06,0.0,36.08,,,0.0,0.3028,-0.0029817,-0.0023521,-0.0036546,-0.1034,,,,-0.1537,0.8799,-2.0,-1.0,0.3478,78.24,11.0,1.0,0.1645,0.0132,13.2,1000.0,0.0,1.0,10.8,70.14,0.1821,0.0878,Bear,,Bear,Bear,Bear,Bear,,0.1556,0.376,-0.0315293848252275,-0.0545411613585696,0.4299,2.863231,0.2421,-0.4835,0.001468,-0.011715,0.4157,0.0,-35079.71,-87589599.04659998,0.7973399683175496,-247235222.255,,,,,,,,,,,,,,,,,,,,,,,,2026-06-04 05:16:44.818816+00:00,True,0.55,0.4499999999999999,182,-0.18502704241391,-0.084439720854075,0.0254414169556811,15.685665827171505,9.497206703910678,0.0949720670391067,-0.4029575285485309,-1.0999858976166954,0.4228790271755754,0.05495704809333,37.55174392188794,66.03773584905647,0.6140350877192972,0.1222361007474406,-0.7835455435847294,0.2656071966066701,0.1050447487869927,43.28141696035106,52.82258064516121,0.4527649769585248,0.4157522046164922,-0.237297599106645,0.1268382405094858,0.201727225623159,21.383187422028985,30.585831062670284,0.2790553138595399,0.1569448198107826,-3.476151980598219,-0.2122558547184503,0.1974084426300167,10.984444703563554,3.830288744843876,0.0300230946882219,-0.2191444019609505,2026-05-30/2026-06-05,0.313592,-0.157992,515.0136469333333,-0.9395901051556632,71.96139102025244,0.06387968745558137,55.03861837895775,0.085156391249322,6
2026-06-04 05:31:53.198238+00:00,2026-06-04T05:31:53.179247+00:00,SOL,KXSOL15M-26JUN040145-45,2026-06-04 05:45:00+00:00,70.025,70.0758,-0.0725,13.12,0.04,0.52,0.3225,0.1975,no,trade,0.2325,0.1538,0.0769,-1.0,2.142,1.0,0.3846,0.1538,-1,0.4615,0.1538,0.01,0.1853,0.0,11.25,58.51,0.0,-0.0143,-0.0712,-0.3899,-1,,-1.8628,,999.0,0.4664,0.6243,,0.0667,-0.7835,-1.0,-1.0,54.06,0.0,36.08,,,0.0,0.3028,-0.0029817,-0.0023521,-0.0036546,-0.1034,,,,-0.1537,0.8799,-2.0,-0.7904,0.0262,77.58,11.0,1.0,0.3798,0.0304,30.24,1000.0,1.0,0.0,-30.24,70.61,0.8354,0.7623,Bear,,Bear,Bear,Bear,Bear,,0.1412,0.3225,-0.0315293848252275,-0.0545411613585696,0.4299,2.863231,0.2421,-0.4835,0.001468,-0.011715,0.4157,0.0,-35079.71,-87589599.04659998,0.7973399683175496,-247235222.255,,,,,,,,,,,,,,,,,,,,,,,,2026-06-04 05:31:53.198238+00:00,False,0.48,-0.48,182,-0.0142551674982227,0.1194352293307969,0.031206469755218,19.280900503896305,11.250000000000366,0.1005586592178805,-0.1433281038094319,0.0142592328532753,0.4314881747815149,0.0550417711953683,37.801035023026365,66.24737945492662,0.6624737945492661,0.1595830053848773,-0.7835455435847294,0.2656071966066701,0.1050447487869927,43.28141696035106,52.82258064516121,0.4527649769585248,0.4157522046164922,-0.237297599106645,0.1268382405094858,0.201727225623159,21.383187422028985,30.585831062670284,0.2790553138595399,0.1569448198107826,-3.476151980598219,-0.2122558547184503,0.1974084426300167,10.984444703563554,3.830288744843876,0.0300230946882219,-0.2191444019609505,2026-05-30/2026-06-05,0.347302,-0.206102,530.1533039666667,0.09781070767873601,73.82178819910227,0.06387968745558137,55.03861837895775,0.0725,7
2026-06-04 05:47:01.972986+00:00,2026-06-04T05:47:01.965785+00:00,SOL,KXSOL15M-26JUN040200-00,2026-06-04 06:00:00+00:00,70.4325,70.4745,-0.0596,12.97,0.05,0.435,0.3654,0.0696,no,trade,0.1042,1.0,1.0,1.0,0.007,1.0,0.9556,0.9556,1,0.0444,0.0,0.008447,0.7545,3.0,57.52,55.98,0.0567,0.3981,0.6701,0.322,1,,-1.7064,,999.0,0.4664,1.1516,,0.0667,-0.7835,-1.0,-1.0,54.06,,36.08,,,0.0,0.3158,-0.0029817,-0.0023521,-0.0033909,-0.0966,,,,-0.1537,0.8799,-1.0,0.5419,-0.0227,77.49,11.0,1.0,0.16,0.0128,12.99,1000.0,0.0,1.0,10.0,70.33,-0.1455,-0.205,Bear,,Bear,Bear,Bear,Bear,,0.258,0.3654,-0.0315293848252275,-0.0545411613585696,0.4299,2.863231,0.2421,-0.4835,0.001468,-0.011715,0.3111,0.0,18144.72,-87589599.04659998,0.7973399683175496,-247235222.255,,,,,,,,,,,,,,,,,,,,,,,,2026-06-04 05:47:01.972986+00:00,True,0.565,0.435,182,0.0,0.2749161035419567,0.0312066210788034,38.71584352738344,32.1739130434785,0.2067039106145269,0.3064713647321652,0.2708867978328921,0.4915844471515512,0.0540417185276583,42.38854963194932,63.40206185567001,0.7023060796645696,0.3110151051592195,-0.7835455435847294,0.2656071966066701,0.1050447487869927,43.28141696035106,52.82258064516121,0.4527649769585248,0.4157522046164922,-0.237297599106645,0.1268382405094858,0.201727225623159,21.383187422028985,30.585831062670284,0.2790553138595399,0.1569448198107826,-3.476151980598219,-0.2122558547184503,0.1974084426300167,10.984444703563554,3.830288744843876,0.0300230946882219,-0.2191444019609505,2026-05-30/2026-06-05,0.325576,-0.06757599999999997,545.2995497666667,0.6257776619858157,81.47851397694652,0.06387968745558137,55.03861837895775,0.07055759441221736,8
2026-06-04 09:03:41.414342+00:00,2026-06-04T09:03:41.367358+00:00,SOL,KXSOL15M-26JUN040515-15,2026-06-04 09:15:00+00:00,68.7525,69.1648,-0.5961,11.31,0.18,0.14,0.073,0.067,no,trade,2.0222,0.5,0.0,0.0,0.004,1.0,0.8421,1.0,1,0.0,0.1579,0.007325,0.3746,0.0,64.06,29.6,0.0,0.0,0.2752,0.2578,1,,-2.5807,,0.6589,0.3571,0.6373,,0.8454,0.1447,1.0,1.0,38.52,0.0,35.88,,,0.0,0.155,-0.0019149,-0.0023265,-0.0032627,-0.251,,,,-3.2461,0.0,-2.0,-1.0,-0.0205,78.48,11.0,1.0,0.4783,0.0383,38.7,1000.0,0.0,1.0,6.3,68.34,-0.6,-1.1925,Bear,,Bear,Bear,Bear,Bear,,0.2703,0.073,-0.0882874689817168,-0.077764504240987,0.4183,2.541286,0.2728,0.3678,-0.000592,0.006724,0.2039,0.0,8670.35,-30667688.1918,0.946505920077464,-240351835.9124,,,,,,,,,,,,,,,,,,,,,,,,2026-06-04 09:03:41.414342+00:00,True,0.86,0.14,183,0.2316490516867109,0.4827721051531023,0.0217913296789321,51.89553966432944,64.06250000000053,0.5655172413793144,0.6819970756826431,0.2316490516867109,0.2327858429002019,0.0511842715869995,40.10395204181128,29.60288808664276,0.2455089820359301,0.324629993133692,0.1156905278380415,0.1494483962154118,0.0945397743170094,33.55480594849253,36.52597402597405,0.2688172043010756,0.2039100993849104,-3.2461172519938297,0.0443863991159064,0.2140747142685534,15.577871192347786,15.270935960591151,0.1348663766314483,-0.0331925603307182,-3.476151980598219,-0.2122558547184503,0.1974084426300167,10.984444703563554,3.830288744843876,0.0300230946882219,-0.2191444019609505,2026-05-30/2026-06-05,0.25799,0.012309999999999988,741.9569057,0.4491417556464983,36.41971606535464,0.07214398639112662,49.7068961449282,0.8137883959044367,1
2026-06-04 10:39:35.841194+00:00,2026-06-04T10:39:35.826427+00:00,SOL,KXSOL15M-26JUN040645-45,2026-06-04 10:45:00+00:00,68.4075,68.3272,0.1175,5.41,0.05,0.755,0.6963,0.0587,no,trade,-0.306,1.0,0.7381,1.0,9.868,1.0,0.0435,0.0,-1,0.9565,0.0,0.007776,0.4328,-3.0,50.93,24.35,-0.35,-0.4516,-0.1023,-0.0582,-1,,-2.9128,,1.8073,0.3571,1.1966,,0.6759,-0.6789,-1.0,-1.0,31.13,,36.89,,,-1.0,0.1289,-0.0064426,-0.0047464,-0.003852,-0.3011,,,,-3.2461,0.0,-1.0,-0.4734,0.1556,78.25,11.0,1.0,0.0778,0.0062,6.12,1000.0,0.0,1.0,18.86,68.37,-0.0548,0.0626,Bear,,Bear,Bear,Bear,Bear,,-0.1661,0.6963,0.0135571935404057,-0.0806899692226396,0.3478,2.546558,0.2722,-0.4806,-0.000997,-0.000928,0.1444,0.0,-18964.14,-30667688.1918,0.946505920077464,-240351835.9124,,,,,,,,,,,,,,,,,,,,,,,,2026-06-04 10:39:35.841194+00:00,True,0.245,0.755,184,0.1751057930833299,0.6581690944026134,0.0213922181516726,60.76861274442764,79.81651376146806,0.600000000000002,0.7942623512784848,0.1754129513229063,0.2823640834312315,0.0584506466178414,42.09324626572892,28.195488721804544,0.2205882352941172,0.3783355881864365,-0.8233424815831447,0.1012327035590979,0.0930390361113528,30.07109301793254,27.272727272727167,0.2201834862385312,0.1443647647439822,-3.2461172519938297,0.0443863991159064,0.2140747142685534,15.577871192347786,15.270935960591151,0.1348663766314483,-0.0331925603307182,-3.476151980598219,-0.2122558547184503,0.1974084426300167,10.984444703563554,3.830288744843876,0.0300230946882219,-0.2191444019609505,2026-05-30/2026-06-05,-0.136645,-0.02945500000000001,837.8640199,-0.5628612727107019,0.0,-0.7644135294963439,40.98847429389088,0.1511059670781893,1
2026-06-04 12:55:58.038861+00:00,2026-06-04T12:55:58.034739+00:00,SOL,KXSOL15M-26JUN040900-00,2026-06-04 13:00:00+00:00,70.055,69.8915,0.2339,4.04,0.05,0.875,0.8126,0.0624,no,trade,-0.7535,0.4783,0.5217,-1.0,0.697,1.0,0.8354,0.8354,1,0.1646,0.0,0.00849,1.3261,3.0,91.18,93.73,0.0,-0.2559,0.157,2.0671,1,,-1.9099,,999.0,0.322,1.1191,,1.0,1.1188,1.0,1.0,30.03,,33.17,,,0.0,0.2316,-0.0038377,-0.0035042,-0.0023832,-0.1658,,,,-0.6365,0.6368,0.0,1.0,-0.1564,78.89,11.0,1.0,0.0713,0.0057,5.75,1000.0,1.0,0.0,-5.75,70.08,0.0357,0.2697,Bear,,Bear,Bear,Bear,Bear,,0.0943,0.8126,-0.1125768386057597,-0.0999639612895338,0.546,2.300941,0.3012,1.5893,0.003271,0.013154,0.6164,0.0,-8811.02,5547835.29430002,1.010976424552681,-112709451.94409996,,,,,,,,,,,,,,,,,,,,,,,,2026-06-04 12:55:58.038861+00:00,False,0.125,-0.125,185,-0.1705756929637369,0.9180826551569536,0.0461887977486703,76.31958689374125,94.93670886075988,0.9560439560439594,1.2115601757653298,1.1122345803842304,1.1007338043300767,0.0349878644510254,71.08574972585974,95.09433962264168,0.9509433962264168,1.1448861319388144,1.537324464153711,0.191670403189702,0.0938324306694274,37.76514429268927,27.759740259740173,0.2432432432432423,0.3026930776280158,-0.6652205350687002,0.0704932678458661,0.2219733932494509,14.677520942156065,12.170818505338037,0.1088478676002542,-0.0025336016268906,-3.476151980598219,-0.2122558547184503,0.1974084426300167,10.984444703563554,3.830288744843876,0.0300230946882219,-0.2191444019609505,2026-05-30/2026-06-05,-0.203324,0.297624,974.2339810166667,0.5032824070374309,98.84715797837623,0.23996377469939212,26.47472085458558,0.27550058892815077,1
2026-06-04 13:01:03.424949+00:00,2026-06-04T13:01:03.416018+00:00,SOL,KXSOL15M-26JUN040915-15,2026-06-04 13:15:00+00:00,69.98,70.0155,-0.0507,13.95,0.06,0.42,0.3225,0.0975,no,trade,0.0912,0.0,1.0,-1.0,0.074,1.0,0.1714,0.1714,1,0.8286,0.0,0.008235,0.6064,4.0,85.79,90.59,0.0,-0.1283,0.1143,1.9039,1,,0.042,,999.0,0.322,1.0796,,0.8474,1.9796,1.0,2.0,60.63,0.0,41.78,,,0.0,0.4694,-0.0009015,-0.0008049,-0.001,0.0775,,,,-0.6365,0.6368,0.0,1.0,-0.0297,78.89,11.0,1.0,0.2322,0.0186,18.56,1000.0,0.0,1.0,13.44,69.8,-0.2572,-0.3078,Bear,,Bear,Bear,Bear,Bear,,0.0901,0.3225,-0.0084324731251294,-0.0340087320425228,0.3672,3.576909,0.1938,1.8686,0.005786,0.006706,0.6164,0.0,-8811.02,5547835.29430002,1.010976424552681,-112709451.94409996,,,,,,,,,,,,,,,,,,,,,,,,2026-06-04 13:01:03.424949+00:00,True,0.5800000000000001,0.4199999999999999,185,-0.2420617969528748,0.8313288287006985,0.0457441181585002,69.04101404267024,85.78431372549053,0.8875968992248092,0.946021812140819,0.0857142857142889,1.037887997211118,0.0394428014169576,71.64785531860794,89.8954703832755,0.898954703832755,1.088219963215464,1.994467899257546,0.4158066393502772,0.0895948825547919,50.69629520563828,59.1170825335893,0.4381223328591746,0.6163566218539264,-0.6652205350687002,0.0704932678458661,0.2219733932494509,14.677520942156065,12.170818505338037,0.1088478676002542,-0.0025336016268906,-3.476151980598219,-0.2122558547184503,0.1974084426300167,10.984444703563554,3.830288744843876,0.0300230946882219,-0.2191444019609505,2026-05-30/2026-06-05,-0.134057,0.224157,979.32374915,0.14169875068750226,87.68596946465608,1.8638191868883158,65.57787743740411,0.0615664845173042,2
2026-06-04 13:16:11.529047+00:00,2026-06-04T13:16:11.507755+00:00,SOL,KXSOL15M-26JUN040930-30,2026-06-04 13:30:00+00:00,69.7825,69.8248,-0.0606,13.81,0.05,0.485,0.3462,0.1388,no,trade,0.1397,0.0,0.0,0.0,0.008,1.0,1.0,0.0,-1,0.0,0.0,0.008054,0.3202,-2.0,71.05,80.84,-0.1431,-0.1431,-0.3995,1.4386,-1,,0.042,,999.0,0.322,0.8463,,0.8474,1.9796,1.0,2.0,60.63,0.0,41.78,,,0.0,0.4694,-0.0009015,-0.0008049,-0.001,0.0775,,,,-0.6365,0.6368,-2.0,-1.0,-0.1264,78.86,11.0,1.0,0.2861,0.0229,22.66,1000.0,0.0,1.0,21.34,69.53,-0.3618,-0.4222,Bear,,Bear,Bear,Bear,Bear,,0.0723,0.3462,-0.0084324731251294,-0.0340087320425228,0.3672,3.576909,0.1938,1.8686,0.005786,0.006706,0.6164,0.0,-8811.02,5547835.29430002,1.010976424552681,-112709451.94409996,,,,,,,,,,,,,,,,,,,,,,,,2026-06-04 13:16:11.529047+00:00,True,0.515,0.485,185,0.0429184549356254,0.7115425027080613,0.0451780730265338,62.13165653259827,77.89473684210583,0.8227848101265869,0.6761572441317892,-0.1855552383671077,0.9256488388411528,0.0430029059797436,68.22175497653396,85.36585365853698,0.8536585365853697,0.9640026029533212,1.994467899257546,0.4158066393502772,0.0895948825547919,50.69629520563828,59.1170825335893,0.4381223328591746,0.6163566218539264,-0.6652205350687002,0.0704932678458661,0.2219733932494509,14.677520942156065,12.170818505338037,0.1088478676002542,-0.0025336016268906,-3.476151980598219,-0.2122558547184503,0.1974084426300167,10.984444703563554,3.830288744843876,0.0300230946882219,-0.2191444019609505,2026-05-30/2026-06-05,-0.169065,0.241365,994.4588174500001,-0.06838742054356972,85.11003008612056,1.8638191868883158,65.57787743740411,0.07524211571889744,3
2026-06-04 13:46:29.696146+00:00,2026-06-04T13:46:29.682215+00:00,SOL,KXSOL15M-26JUN041000-00,2026-06-04 14:00:00+00:00,69.885,70.0188,-0.1911,13.51,0.04,0.41,0.3225,0.0875,no,trade,0.2463,0.0,1.0,-1.0,0.087,1.0,0.6569,0.6569,1,0.3431,0.0,0.00919,1.5867,-1.0,60.0,80.46,-0.3561,-0.7661,-0.0857,0.7186,1,,-0.4167,,999.0,0.4664,1.5317,,0.8474,1.9796,1.0,2.0,60.63,,41.78,,,0.0,0.4805,-0.0009015,-0.0008049,-0.0025484,0.0603,,,,-0.6365,0.6368,0.0,0.882,-0.3192,78.24,11.0,1.0,0.2135,0.0171,17.11,1000.0,1.0,0.0,-17.11,70.37,0.694,0.5016,Bear,,Bear,Bear,Bear,Bear,,0.0225,0.3225,-0.0084324731251294,-0.0340087320425228,0.3672,3.576909,0.1938,1.8686,0.005786,0.006706,0.6544,0.0,-10872.28,5547835.29430002,1.010976424552681,-112709451.94409996,,,,,,,,,,,,,,,,,,,,,,,,2026-06-04 13:46:29.696146+00:00,False,0.5900000000000001,-0.5900000000000001,185,-0.4961020552799344,0.7144785526563703,0.0365816551969772,59.76478152936011,76.66666666666706,0.8333333333333356,0.7875217591745138,1.5184381778741818,0.9489611648461214,0.0473576335592979,64.83888707403293,88.59934853420212,0.8859934853420212,0.9034803756554756,1.994467899257546,0.4158066393502772,0.0895948825547919,50.69629520563828,59.1170825335893,0.4381223328591746,0.6163566218539264,-0.6652205350687002,0.0704932678458661,0.2219733932494509,14.677520942156065,12.170818505338037,0.1088478676002542,-0.0025336016268906,-3.476151980598219,-0.2122558547184503,0.1974084426300167,10.984444703563554,3.830288744843876,0.0300230946882219,-0.2191444019609505,2026-05-30/2026-06-05,0.094278,-0.07177800000000001,1024.7616024333333,0.8518629669908906,76.27307423853132,1.8638191868883158,65.57787743740411,0.20794341675734493,4
2026-06-04 14:16:49.205538+00:00,2026-06-04T14:16:49.200308+00:00,SOL,KXSOL15M-26JUN041030-30,2026-06-04 14:30:00+00:00,70.3775,70.4567,-0.1124,13.18,0.06,0.42,0.3462,0.0738,no,trade,0.1686,0.3529,0.3529,1.0,0.845,1.0,0.3333,0.7381,1,0.2619,0.4048,0.009316,0.6398,-1.0,89.81,94.9,0.0,-0.2266,-0.1417,0.7085,1,,0.0217,,999.0,0.3644,1.3319,,0.88,0.4138,1.0,3.0,67.35,0.0,45.0,,,0.0,0.5339,0.0029148,0.0020015,-0.0021132,0.1029,,,,-0.6365,0.6368,0.0,0.9998,-0.0853,78.34,11.0,1.0,0.1756,0.014,13.92,1000.0,0.0,1.0,10.08,69.98,-0.5648,-0.6766,Bear,,Bear,Bear,Bear,Bear,,0.0591,0.3462,0.0276010465309404,-0.0005124023183452,0.3684,7.550103,0.0918,0.5688,0.003174,-0.006558,0.6544,0.0,-10872.28,5547835.29430002,1.010976424552681,-112709451.94409996,,,,,,,,,,,,,,,,,,,,,,,,2026-06-04 14:16:49.205538+00:00,True,0.5800000000000001,0.4199999999999999,185,0.2698863636363624,0.8303123049293251,0.0222059349127838,64.24719264860771,100.0,1.0,0.8657452311065145,0.3126332243853946,0.9356842608755628,0.0560253366853815,68.87642476974102,100.0,1.0,0.959527236108389,0.4424778761062065,0.4854962009281436,0.0831812288227148,53.25114322282376,66.08187134502931,0.5223420647149466,0.6543698261603818,-0.6652205350687002,0.0704932678458661,0.2219733932494509,14.677520942156065,12.170818505338037,0.1088478676002542,-0.0025336016268906,-3.476151980598219,-0.2122558547184503,0.1974084426300167,10.984444703563554,3.830288744843876,0.0300230946882219,-0.2191444019609505,2026-05-30/2026-06-05,0.072259,-0.013159000000000004,1055.0867589666666,0.38339579713102534,98.63496768203399,0.7532659387177842,83.83353305551098,0.12065264061829112,5
2026-06-04 15:52:53.789306+00:00,2026-06-04T15:52:53.784051+00:00,SOL,KXSOL15M-26JUN041200-00,2026-06-04 16:00:00+00:00,69.6475,69.693,-0.0653,7.11,0.03,0.365,0.3225,0.0425,no,trade,0.2322,0.36,0.64,-1.0,0.045,1.0,0.5556,0.3333,-1,0.1111,0.3333,0.008362,0.3088,-3.0,25.96,41.4,0.0,-0.1003,-0.1003,-0.5835,-1,,-0.4147,,999.0,0.4259,0.7647,,0.17,-0.8242,-1.0,-1.0,60.56,,46.17,,,-1.0,0.4818,0.0013427,-0.0002861,-0.0017442,0.0073,,,,-0.6365,0.6368,-2.0,-1.0,0.0123,78.05,11.0,1.0,0.1165,0.0093,9.53,1000.0,0.0,1.0,5.48,69.69,0.061,-0.0043,Bear,,Bear,Bear,Bear,Bear,,0.1917,0.3225,0.0189853288736987,-0.0138249324209778,0.3099,3.210185,0.2159,-0.5175,-0.000928,-0.010178,0.4912,0.0,11527.66,-2552183.1904999614,0.991683439007505,-27672036.08799994,,,,,,,,,,,,,,,,,,,,,,,,2026-06-04 15:52:53.789306+00:00,True,0.635,0.365,186,-0.2293249247527495,0.244333497737736,0.0168123428608106,40.856243447327195,17.30769230769173,0.1551724137930975,0.2439936448449137,-0.1431229426077096,0.599377228972836,0.0544500154919666,50.16364417116378,61.68224299065387,0.7363344051446921,0.4423126956426517,-0.8242148642887526,0.4057230261207248,0.077249672456212,47.921039912069794,58.90985324947599,0.4561688311688318,0.5143286448535871,-0.6652205350687002,0.0704932678458661,0.2219733932494509,14.677520942156065,12.170818505338037,0.1088478676002542,-0.0025336016268906,-3.476151980598219,-0.2122558547184503,0.1974084426300167,10.984444703563554,3.830288744843876,0.0300230946882219,-0.2191444019609505,2026-05-30/2026-06-05,0.051835,0.13986500000000002,1151.1631551,-0.062303152914766624,71.45964172384103,-0.37400403300730245,76.67543059505284,0.07809136570198517,1
2026-06-04 16:33:20.856811+00:00,2026-06-04T16:33:20.842442+00:00,SOL,KXSOL15M-26JUN041245-45,2026-06-04 16:45:00+00:00,69.015,69.088,-0.1057,11.66,0.03,0.415,0.3654,0.0496,no,trade,0.1966,0.0,1.0,-1.0,2.128,1.0,0.725,0.0,-1,0.275,0.0,0.007342,0.7876,0.0,0.0,7.64,0.0,0.0,-0.4175,-0.7586,-1,,-0.5046,,0.3339,0.4259,1.1417,,0.25,-0.1433,-1.0,-2.0,58.55,0.0,54.74,,,0.0,0.4603,0.0022391,-0.0021017,-0.0017248,-0.011,,50.0,50.0,1.441,0.5714,-2.0,-1.0,-0.1162,77.88,11.0,1.0,0.1196,0.0096,9.36,1000.0,1.0,0.0,-9.36,69.43,0.6013,0.495,Bear,,Bear,Bear,Bear,Bear,,0.2478,0.3654,0.0117614667049347,-0.0119857990696933,0.3296,3.787414,0.183,0.0382,-0.001408,-0.001034,0.4912,0.0,11527.66,-2552183.1904999614,0.991683439007505,-27672036.08799994,,,,,,,,,,,,,,,,,,,,,,,,2026-06-04 16:33:20.856811+00:00,False,0.585,-0.585,186,-0.2739331026528235,-0.0015435491263858,0.0147921099241028,23.634312003548946,0.0,0.0,-0.0791736961047788,-0.4175064785487903,0.322873591144958,0.0379013889952864,37.423456386722506,7.792207792208056,0.4559386973180069,0.1559385427688388,-0.1432870038687639,0.4048499093136867,0.0741227780932139,46.97624476687524,56.8134171907756,0.4399350649350642,0.491212003639895,1.4558159848595098,0.1674091475125768,0.2268844216018906,25.55996461034779,21.171874999999957,0.1846049046321522,0.1976197204683009,-3.476151980598219,-0.2122558547184503,0.1974084426300167,10.984444703563554,3.830288744843876,0.0300230946882219,-0.2191444019609505,2026-05-30/2026-06-05,0.196762,0.051038,1191.6142801833334,-0.1353928951205452,39.96025442967285,-0.01707182014680786,76.34991325499459,0.14396622173794607,2
2026-06-04 18:47:12.416361+00:00,2026-06-04T18:47:12.401676+00:00,SOL,KXSOL15M-26JUN041500-00,2026-06-04 19:00:00+00:00,69.505,69.5187,-0.0197,12.8,0.05,0.535,0.3462,0.1888,no,trade,0.0445,0.0,0.1111,-1.0,0.083,1.0,0.0857,0.3143,1,0.6857,0.2286,0.007469,0.674,-2.0,75.0,73.91,-0.1436,-0.2725,0.0144,0.4118,1,,-0.5519,,999.0,0.4167,0.8973,,0.6311,-0.0144,-1.0,-4.0,42.15,,36.46,,,0.0,0.387,0.0014254,-0.0012061,-0.0007178,-0.0731,,,,1.441,0.5714,0.0,0.9979,-0.0923,78.12,11.0,1.0,0.3528,0.0282,28.36,1000.0,0.0,1.0,32.63,69.49,-0.0216,-0.0413,Bear,,Bear,Bear,Bear,Bear,,0.2154,0.3462,0.0135941325853777,-0.0165144535669093,0.2646,3.728608,0.1859,0.0121,-0.00129,0.001235,0.4959,0.0,-19086.94,-2552183.1904999614,0.991683439007505,-27672036.08799994,,,,,,,,,,,,,,,,,,,,,,,,2026-06-04 18:47:12.416361+00:00,True,0.4649999999999999,0.535,187,0.0861326442721743,0.8646487942029991,0.0204676265549059,65.06866021694455,97.58064516129022,0.9758064516129022,0.9362442832608976,0.1005025125627945,0.5424032758395616,0.0284476280128855,55.76928460352418,71.5976331360944,0.5817307692307667,0.6985918604230972,-0.2016709881878409,0.3584530336484912,0.0647664111752168,42.82090767767138,42.15456674473065,0.3733766233766231,0.4131120850995392,1.4558159848595098,0.1674091475125768,0.2268844216018906,25.55996461034779,21.171874999999957,0.1846049046321522,0.1976197204683009,-3.476151980598219,-0.2122558547184503,0.1974084426300167,10.984444703563554,3.830288744843876,0.0300230946882219,-0.2191444019609505,2026-05-30/2026-06-05,0.247766,-0.03236599999999998,1325.4736060166665,0.048426483620600536,66.75519646626289,-0.0772740653517845,51.91932413611448,0.0263756861695006,1
2026-06-04 19:02:21.262697+00:00,2026-06-04T19:02:21.246797+00:00,SOL,KXSOL15M-26JUN041515-15,2026-06-04 19:15:00+00:00,69.455,69.4952,-0.0578,12.65,0.03,0.415,0.3225,0.0925,no,trade,0.1593,0.0,0.84,-1.0,0.483,1.0,0.1562,0.2187,-1,0.625,0.2187,0.007006,0.6569,-3.0,70.43,75.0,0.0576,-0.2439,-0.1436,0.4147,-1,,-0.1097,,0.0836,0.4167,0.7405,,0.7478,0.433,1.0,1.0,56.76,1.0,41.51,,,1.0,0.4683,-0.0011458,-0.0010237,-0.0004029,0.0047,,,,1.441,0.5714,-2.0,-1.0,0.2333,78.27,11.0,1.0,0.2229,0.0178,17.55,1000.0,0.0,1.0,12.45,69.43,-0.036,-0.0938,Sideways,,Bear,Bear,Bear,Bear,,0.2406,0.3225,0.0192215017156954,-0.0158006309932906,0.2747,3.501949,0.1979,0.5392,0.000359,0.003977,0.4959,0.0,-19086.94,-2552183.1904999614,0.991683439007505,-27672036.08799994,,,,,,,,,,,,,,,,,,,,,,,,2026-06-04 19:02:21.262697+00:00,True,0.585,0.415,187,-0.2151154452889825,0.7332644073923678,0.0214866073162087,56.18427406684661,78.81355932203377,0.8106060606060597,0.6014361845679911,-0.2008032128514081,0.4911127713693514,0.0266765824917373,52.999190794277474,77.53623188405773,0.5144230769230741,0.5993855670798917,0.4330254041570391,0.447347412516036,0.05728436087702,47.162135002456544,56.75675675675655,0.499040307101727,0.4958549657534552,1.4558159848595098,0.1674091475125768,0.2268844216018906,25.55996461034779,21.171874999999957,0.1846049046321522,0.1976197204683009,-3.476151980598219,-0.2122558547184503,0.1974084426300167,10.984444703563554,3.830288744843876,0.0300230946882219,-0.2191444019609505,2026-05-30/2026-06-05,0.247766,-0.007165999999999978,1340.62104495,-0.14284686240644273,78.32453801933183,0.4525932955319778,70.91204513802093,0.08250071367399371,2
2026-06-04 19:47:43.562783+00:00,2026-06-04T19:47:43.552415+00:00,SOL,KXSOL15M-26JUN041600-00,2026-06-04 20:00:00+00:00,69.1275,69.2088,-0.1175,12.28,0.05,0.345,0.2743,0.0707,no,trade,0.4162,0.0,0.2857,-1.0,0.258,1.0,1.0,0.0,-1,0.0,0.0,0.007387,0.7235,-2.0,14.29,52.94,0.0,-0.173,-0.2593,-0.2083,-1,,-0.5244,,0.3901,0.3087,0.5844,,0.7478,0.433,1.0,1.0,56.76,,41.51,,,1.0,0.4748,-0.0011458,-0.0010237,-0.0017867,-0.0232,,,,1.441,0.5714,-2.0,-1.0,0.0206,78.23,11.0,1.0,0.2049,0.0164,16.38,1000.0,0.0,1.0,8.63,69.17,0.0615,-0.0561,Sideways,,Bear,Bear,Bear,Bear,,0.3361,0.2743,0.0192215017156954,-0.0158006309932906,0.2747,3.501949,0.1979,0.5392,0.000359,0.003977,0.3963,0.0,-15341.82,-8513027.584699988,0.9704688029763604,-5517375.48089993,,,,,,,,,,,,,,,,,,,,,,,,2026-06-04 19:47:43.562783+00:00,True,0.655,0.345,188,-0.0288600288600227,0.4009919716376035,0.0152118983731691,44.896720940689626,21.428571428572155,0.5045045045045068,0.3276835848980565,-0.5312275664034471,0.370425926768557,0.0216060842138283,47.17967125675274,58.333333333333336,0.392857142857142,0.4120933887408283,0.4330254041570391,0.447347412516036,0.05728436087702,47.162135002456544,56.75675675675655,0.499040307101727,0.4958549657534552,1.4558159848595098,0.1674091475125768,0.2268844216018906,25.55996461034779,21.171874999999957,0.1846049046321522,0.1976197204683009,-3.476151980598219,-0.2122558547184503,0.1974084426300167,10.984444703563554,3.830288744843876,0.0300230946882219,-0.2191444019609505,2026-05-30/2026-06-05,0.223758,0.112342,1385.99271305,-0.5457281153344096,70.21823286680552,0.4525932955319778,70.91204513802093,0.15906321916881005,1
2026-06-04 20:38:08.889675+00:00,2026-06-04T20:38:08.883405+00:00,SOL,KXSOL15M-26JUN041645-45,2026-06-04 20:45:00+00:00,68.74,68.5973,0.208,6.86,0.05,0.875,0.8017,0.0733,no,trade,-0.5787,1.0,1.0,1.0,0.045,1.0,0.6757,0.1081,-1,0.2162,0.1081,0.007493,0.7175,1.0,27.43,23.53,0.0872,-0.1885,-0.174,-0.5542,-1,,-1.0058,,0.5169,0.3087,0.9942,,0.1111,-0.4605,-1.0,-1.0,45.68,-1.0,42.65,,,-1.0,0.3695,-0.0028666,2.41e-05,-0.0020444,-0.1239,,50.0,50.0,-0.7462,0.4853,-2.0,-1.0,-0.1016,78.39,11.0,1.0,0.0838,0.0067,6.75,1000.0,1.0,0.0,-6.75,68.9,0.2328,0.4413,Sideways,,Bear,Bear,Bear,Bear,,0.3989,0.8017,0.0135260912577584,-0.0191923714372084,0.3438,3.401614,0.2038,-0.3529,-0.000871,-0.002966,0.3963,0.0,-15341.82,-8513027.584699988,0.9704688029763604,-5517375.48089993,,,,,,,,,,,,,,,,,,,,,,,,2026-06-04 20:38:08.889675+00:00,False,0.125,-0.125,189,0.3784570596797598,0.3335845148103258,0.0165541131676971,47.48261127027812,38.9380530973446,0.3358778625954175,0.4953706080774909,-0.362581580855692,0.0620310684155909,0.0205032088485224,36.74217067906927,14.393939393939297,0.1376811594202886,0.1480977204048438,-0.5892497844208089,0.3630497351609379,0.0520914447779922,42.11988284060222,45.67567567567558,0.4269005847953215,0.3962806619257741,-0.746161572679005,0.1724945407063063,0.2299523415319252,23.74184099523643,17.965545529122213,0.1491825613079018,0.1735075962587928,-3.476151980598219,-0.2122558547184503,0.1974084426300167,10.984444703563554,3.830288744843876,0.0300230946882219,-0.2191444019609505,2026-05-30/2026-06-05,0.400725,-0.001825000000000021,1436.4148279166666,-0.4997560879241969,20.677245075934756,-0.30642191975002175,62.181284148126814,0.27759241959161884,1
2026-06-04 21:03:23.084918+00:00,2026-06-04T21:03:23.073880+00:00,SOL,KXSOL15M-26JUN041715-15,2026-06-04 21:15:00+00:00,68.685,68.7205,-0.0517,11.62,0.02,0.61,0.3462,0.2638,no,trade,0.1779,1.0,1.0,1.0,0.79,1.0,0.5946,0.2973,-1,0.1081,0.2973,0.007075,0.7606,1.0,34.33,17.65,0.1019,0.1019,0.2625,-0.4501,-1,,-1.4026,,0.5919,0.3679,0.6177,,0.2462,-0.7084,-1.0,-2.0,38.22,0.0,38.94,,,0.0,0.2513,-0.0026721,-0.0006647,-0.0019971,-0.2261,,,,-0.7462,0.4853,-2.0,-0.9777,-0.046,78.47,11.0,1.0,0.4324,0.0346,34.71,1000.0,1.0,0.0,-34.71,68.84,0.2257,0.1739,Bull,,Bear,Bear,Bear,Sideways,,0.3525,0.3462,0.0172969668251346,-0.0167373352840878,0.5342,3.487147,0.1988,-0.4451,-0.001484,-0.001478,0.2835,0.0,-13725.74,-8513027.584699988,0.9704688029763604,-5517375.48089993,,,,,,,,,,,,,,,,,,,,,,,,2026-06-04 21:03:23.084918+00:00,False,0.39,-0.39,189,0.0,0.2385948278669991,0.0177689440483497,40.49184338699373,22.535211267606904,0.1415929203539906,0.2526042615194355,-0.3193033381712618,0.1203176179749881,0.020867540482343,38.08107455296523,12.878787878788076,0.1287878787878807,0.2052142227931412,-0.7083995952002264,0.2533205262894177,0.0515151187652156,36.71305923742026,38.58520900321553,0.3563941299790365,0.2834639918618885,-0.746161572679005,0.1724945407063063,0.2299523415319252,23.74184099523643,17.965545529122213,0.1491825613079018,0.1735075962587928,-3.476151980598219,-0.2122558547184503,0.1974084426300167,10.984444703563554,3.830288744843876,0.0300230946882219,-0.2191444019609505,2026-05-30/2026-06-05,0.335856,0.016643999999999992,1440.0,0.0035074143278635006,52.35461777342913,-0.08308360061412001,59.82126914973399,0.07307420494699647,2
2026-06-04 21:33:37.494044+00:00,2026-06-04T21:33:37.484403+00:00,SOL,KXSOL15M-26JUN041745-45,2026-06-04 21:45:00+00:00,68.2,68.2207,-0.0303,11.38,0.08,0.47,0.376,0.094,no,trade,0.0698,0.0,1.0,-1.0,0.526,1.0,1.0,0.0,-1,0.0,0.0,0.006313,1.2305,-2.0,4.65,2.38,-0.044,-0.1171,-0.7564,-0.8265,-1,,-1.4026,,1.3122,0.4483,0.9347,,0.2462,-0.7084,-1.0,-2.0,38.22,0.0,38.94,,,0.0,0.2513,-0.0026721,-0.0006647,-0.0019971,-0.2261,,,,-0.7462,0.4853,-2.0,-1.0,-0.345,78.59,11.0,1.0,0.2001,0.016,15.9,1000.0,0.0,1.0,14.1,68.12,-0.1173,-0.1476,Bull,,Bear,Bear,Bear,Sideways,,0.2907,0.376,0.0172969668251346,-0.0167373352840878,0.5342,3.487147,0.1988,-0.4451,-0.001484,-0.001478,0.2835,0.0,-13725.74,-8513027.584699988,0.9704688029763604,-5517375.48089993,,,,,,,,,,,,,,,,,,,,,,,,2026-06-04 21:33:37.494044+00:00,True,0.53,0.47,189,-0.1899473991817557,-0.0049309307175968,0.013804938731409,31.433527214639753,0.0,0.0,-0.0915995333999113,-0.7699012202208033,-0.0061108675676685,0.0241286789796017,33.0138308694889,0.0,0.0,0.0520216043800113,-0.7083995952002264,0.2533205262894177,0.0515151187652156,36.71305923742026,38.58520900321553,0.3563941299790365,0.2834639918618885,-0.746161572679005,0.1724945407063063,0.2299523415319252,23.74184099523643,17.965545529122213,0.1491825613079018,0.1735075962587928,-3.476151980598219,-0.2122558547184503,0.1974084426300167,10.984444703563554,3.830288744843876,0.0300230946882219,-0.2191444019609505,2026-05-30/2026-06-05,0.398905,-0.108205,1440.0,-0.5154774918873173,27.788409112776534,-0.08308360061412001,59.82126914973399,0.047996198320925075,3
2026-06-05 00:36:15.653590+00:00,2026-06-05T00:36:15.632202+00:00,SOL,KXSOL15M-26JUN042045-45,2026-06-05 00:45:00+00:00,68.7925,68.9205,-0.1857,8.74,0.05,0.315,0.2114,0.1036,no,trade,0.6863,1.0,1.0,1.0,0.144,1.0,0.85,1.0,1,0.0,0.15,0.006124,1.4189,2.0,100.0,100.0,0.0,0.0,0.451,0.4676,1,,-0.3731,,999.0,0.3087,0.6641,,0.8333,0.4088,1.0,2.0,41.4,0.0,50.13,,,0.0,0.3865,-0.0012072,0.0001091,-0.0003353,-0.0525,,50.0,50.0,-0.5638,0.7516,0.0,1.0,0.1264,78.83,13.0,1.0,0.3288,0.0263,26.03,1000.0,0.0,1.0,11.97,68.76,-0.0472,-0.2329,Bull,,Bear,Bear,Bear,Sideways,,0.3458,0.2114,0.0178669713849235,-0.0070455577404258,0.2869,5.788113,0.1198,0.5084,0.002102,0.001351,0.4431,0.0,-15231.37,-40333432.327499986,0.903457122208856,-51398643.102699935,,,,,,,,,,,,,,,,,,,,,,,,2026-06-05 00:36:15.653590+00:00,True,0.685,0.3149999999999999,190,0.0289729103288394,0.9120470352847042,0.0147453905079263,67.73967617673765,100.0,1.0,1.040436684869565,0.7443082311733962,0.7692053565122589,0.0264198886143056,62.55556725507185,98.62068965517268,0.6975609756097556,0.8462180831138215,0.4087591240875987,0.342873047606051,0.0490764260026057,44.03735433499688,41.800643086816635,0.3044496487119434,0.4430757652646642,-0.5638282492410052,0.1844762929516034,0.2338605220203956,22.36335752464467,16.806722689075613,0.1226158038147137,0.1722609493486047,-3.992183137911776,-0.1750629517967535,0.2439445814410617,8.887076619526837,8.641382621219382,0.0801424755120212,-0.2590580918879203,2026-05-30/2026-06-05,0.287633,0.05816699999999997,1440.0,0.3650838825926428,97.56492678197911,0.2621382319784482,73.70995964718068,0.30323318092749835,1
2026-06-05 00:51:24.669906+00:00,2026-06-05T00:51:24.652970+00:00,SOL,KXSOL15M-26JUN042100-00,2026-06-05 01:00:00+00:00,68.7325,68.7628,-0.0441,8.59,0.05,0.515,0.3462,0.1688,no,trade,0.127,0.9231,0.9231,1.0,0.221,1.0,0.8621,0.0,-1,0.1379,0.0,0.006046,0.6952,1.0,91.94,96.55,0.0,0.349,0.2324,0.2933,1,,-0.3964,,999.0,0.3087,0.8583,,0.8333,0.4088,1.0,2.0,41.4,,50.13,,,0.0,0.3911,-0.0012072,0.0001091,-0.0004348,-0.0541,,,,-0.5638,0.7516,-2.0,-1.0,-0.028,78.87,13.0,1.0,0.3277,0.0262,26.19,1000.0,0.0,1.0,27.81,68.42,-0.4547,-0.4985,Bull,,Bear,Bear,Bear,Sideways,,0.3424,0.3462,0.0178669713849235,-0.0070455577404258,0.2869,5.788113,0.1198,0.5084,0.002102,0.001351,0.3514,0.0,1604.01,-40333432.327499986,0.903457122208856,-51398643.102699935,,,,,,,,,,,,,,,,,,,,,,,,2026-06-05 00:51:24.669906+00:00,True,0.485,0.515,190,0.3490401396160525,0.8218033576960755,0.0154108257035557,61.44205006722936,91.93548387096808,0.9484536082474256,0.8163448265364892,-0.3911342894393654,0.6442437711763167,0.0246380724133552,54.17670205610652,80.0000000000006,0.6904761904761941,0.6124585306768554,0.4087591240875987,0.342873047606051,0.0490764260026057,44.03735433499688,41.800643086816635,0.3044496487119434,0.4430757652646642,-0.5638282492410052,0.1844762929516034,0.2338605220203956,22.36335752464467,16.806722689075613,0.1226158038147137,0.1722609493486047,-3.992183137911776,-0.1750629517967535,0.2439445814410617,8.887076619526837,8.641382621219382,0.0801424755120212,-0.2590580918879203,2026-05-30/2026-06-05,0.287633,0.054766999999999955,1440.0,-0.32957746478873284,66.28755262150806,0.2621382319784482,73.70995964718068,0.0729407872973867,2
2026-06-05 01:31:51.040277+00:00,2026-06-05T01:31:51.025812+00:00,SOL,KXSOL15M-26JUN042145-45,2026-06-05 01:45:00+00:00,68.6825,68.283,0.5851,13.15,0.05,0.865,0.8126,0.0524,no,trade,-0.7587,0.8667,0.8667,1.0,0.013,1.0,0.8889,0.8889,1,0.1111,0.0,0.006137,0.4264,2.0,80.3,82.07,0.7912,0.7617,1.0281,0.3136,1,,-0.831,,999.0,0.3729,1.5371,,0.0,-0.5234,-1.0,-1.0,29.94,-1.0,55.56,,,-1.0,0.2808,-0.002802,-0.0019739,-0.0007356,-0.1495,,,,-0.5638,0.7516,0.0,1.0,0.0512,78.88,13.0,1.0,0.0606,0.0048,4.86,1000.0,1.0,0.0,-4.86,68.34,-0.4987,0.0835,Sideways,,Bear,Bear,Bear,Bear,,0.3263,0.8126,0.0096944288706191,-0.0098112406333733,0.2966,6.465403,0.1072,-0.3047,0.000176,-0.004456,0.3514,0.0,1604.01,-40333432.327499986,0.903457122208856,-51398643.102699935,,,,,,,,,,,,,,,,,,,,,,,,2026-06-05 01:31:51.040277+00:00,False,0.135,-0.135,190,0.190839694656475,0.2920081853185781,0.0224023529759793,45.06819332588489,39.3939393939393,0.393939393939393,0.4063383479622563,0.2349831105889155,0.3932454257646328,0.0223866678091146,43.23009890735055,44.82758620689686,0.4482758620689686,0.3419395320680084,-0.5234079674323877,0.2545413678472977,0.0453387022369407,39.68885746391972,30.22508038585202,0.2540540540540532,0.3513689248661371,-0.5638282492410052,0.1844762929516034,0.2338605220203956,22.36335752464467,16.806722689075613,0.1226158038147137,0.1722609493486047,-3.992183137911776,-0.1750629517967535,0.2439445814410617,8.887076619526837,8.641382621219382,0.0801424755120212,-0.2590580918879203,2026-05-30/2026-06-05,0.345796,-0.019496000000000013,1440.0,0.12393031069835025,29.19670385111321,-0.7673457658956773,51.82480448523378,0.9533974254521752,3
2026-06-05 01:47:01.250455+00:00,2026-06-05T01:47:01.241673+00:00,SOL,KXSOL15M-26JUN042200-00,2026-06-05 02:00:00+00:00,68.38,68.4047,-0.0361,12.98,0.05,0.485,0.4069,0.0781,no,trade,0.0578,0.0,1.0,-1.0,0.623,1.0,0.4444,0.0,-1,0.5556,0.0,0.006168,1.066,3.0,55.04,57.93,0.0,-0.073,-0.5088,-0.1829,-1,,-0.6946,,0.0922,0.3087,1.2572,,0.0,-0.5234,-1.0,-1.0,29.94,,55.56,,,-1.0,0.291,-0.002802,-0.0019739,-0.0003305,-0.1392,,,,-0.5638,0.7516,-1.0,-0.1699,-0.1364,78.87,13.0,1.0,0.161,0.0129,12.88,1000.0,1.0,0.0,-12.88,68.53,0.2194,0.1832,Sideways,,Bear,Bear,Bear,Bear,,0.3376,0.4069,0.0096944288706191,-0.0098112406333733,0.2966,6.465403,0.1072,-0.3047,0.000176,-0.004456,0.4097,0.0,253.94,-40333432.327499986,0.903457122208856,-51398643.102699935,,,,,,,,,,,,,,,,,,,,,,,,2026-06-05 01:47:01.250455+00:00,False,0.515,-0.515,190,-0.3935286401399174,0.3721588728444983,0.0219147858644481,46.865864770970234,46.21212121212141,0.4621212121212141,0.4262622882602854,0.1318681318681402,0.4688799669430183,0.0213799812698144,45.9963228312844,51.034482758621216,0.5103448275862121,0.4308158494006858,-0.5234079674323877,0.2545413678472977,0.0453387022369407,39.68885746391972,30.22508038585202,0.2540540540540532,0.3513689248661371,-0.5638282492410052,0.1844762929516034,0.2338605220203956,22.36335752464467,16.806722689075613,0.1226158038147137,0.1722609493486047,-3.992183137911776,-0.1750629517967535,0.2439445814410617,8.887076619526837,8.641382621219382,0.0801424755120212,-0.2590580918879203,2026-05-30/2026-06-05,0.342397,-0.004796999999999996,1440.0,0.022987141094299446,30.829082347665437,-0.7673457658956773,51.82480448523378,0.05852788586251621,4
2026-06-05 02:02:11.545700+00:00,2026-06-05T02:02:11.538117+00:00,SOL,KXSOL15M-26JUN042215-15,2026-06-05 02:15:00+00:00,68.3025,68.4667,-0.2398,12.81,0.06,0.38,0.234,0.146,no,trade,0.7369,0.8,0.8,1.0,0.02,1.0,0.8636,0.8636,1,0.1364,0.0,0.006118,0.5247,0.0,62.99,60.61,0.0,0.1754,0.1315,-0.051,1,,-0.4843,,999.0,0.3087,0.66,,0.7547,0.1608,1.0,1.0,30.79,0.0,48.67,,,0.0,0.3348,-0.0015493,-0.002208,-0.0002094,-0.09,,,,-0.5638,0.7516,0.0,0.8504,0.0683,78.83,13.0,1.0,0.3843,0.0307,31.0,1000.0,0.0,1.0,19.0,68.25,-0.0769,-0.3165,Bear,,Bear,Bear,Bear,Bear,,0.3411,0.234,-0.015229873525062,-0.0093674038134927,0.2869,5.699547,0.1216,0.31,0.000602,0.000979,0.4097,0.0,253.94,-40333432.327499986,0.903457122208856,-51398643.102699935,,,,,,,,,,,,,,,,,,,,,,,,2026-06-05 02:02:11.545700+00:00,True,0.62,0.38,190,0.1315020455873838,0.5046844564536711,0.0218073284813122,53.997050519607846,62.99212598425194,0.6060606060606071,0.6436691631082218,0.2780216564237658,0.6053606236153093,0.0210983679267161,51.78678185487651,64.1379310344831,0.6413793103448311,0.5652518898248888,0.1607717041800738,0.3099460310998694,0.0435540422581471,41.69514836927806,31.10367892976602,0.2837837837837828,0.4096735908648831,-0.5638282492410052,0.1844762929516034,0.2338605220203956,22.36335752464467,16.806722689075613,0.1226158038147137,0.1722609493486047,-3.992183137911776,-0.1750629517967535,0.2439445814410617,8.887076619526837,8.641382621219382,0.0801424755120212,-0.2590580918879203,2026-05-30/2026-06-05,0.266866,0.07423400000000002,1440.0,0.01842021191293952,32.137451650877296,-0.05788397937059875,45.491579070766925,0.3919581562602158,5
2026-06-05 03:38:10.619322+00:00,2026-06-05T03:38:10.609124+00:00,SOL,KXSOL15M-26JUN042345-45,2026-06-05 03:45:00+00:00,67.195,67.2073,-0.0183,6.83,0.01,0.495,0.4069,0.0881,no,trade,0.0424,0.5652,0.3913,1.0,0.483,1.0,0.1231,0.0769,-1,0.8,0.0769,0.006919,1.3957,2.0,26.04,12.56,-0.311,-0.3995,-0.2371,-0.7667,-1,,-1.7824,,1.0731,0.4522,1.1973,,0.0606,-1.8094,-1.0,-1.0,2.35,0.0,26.41,,,-1.0,0.0167,-0.0034077,-0.0030399,-0.0003335,-0.3698,,,,-0.5638,0.7516,-2.0,-0.7912,0.1805,78.74,13.0,1.0,0.1779,0.0142,14.14,1000.0,0.0,1.0,13.86,67.13,-0.0967,-0.115,Bear,,Bear,Bear,Bear,Bear,,0.1409,0.4069,0.0324211727409075,-0.0503085139737222,0.2879,3.766802,0.184,-1.43,-0.003071,-0.00867,0.0999,0.0,-25452.48,-40333432.327499986,0.903457122208856,-51398643.102699935,,,,,,,,,,,,,,,,,,,,,,,,2026-06-05 03:38:10.619322+00:00,True,0.505,0.495,191,0.4907063197026051,0.3887216538306856,0.02459940509535,49.52987398088332,52.5252525252524,0.346666666666664,0.5665975934646047,0.2235469448584215,0.0451526614813767,0.0313874562497892,29.185935732913407,9.547738693467249,0.0954773869346724,0.1346530769340897,-1.8094265285276467,-0.0258962417453184,0.045631745109569,29.009866950367226,0.0,0.0,0.0999508094660598,-0.5638282492410052,0.1844762929516034,0.2338605220203956,22.36335752464467,16.806722689075613,0.1226158038147137,0.1722609493486047,-3.992183137911776,-0.1750629517967535,0.2439445814410617,8.887076619526837,8.641382621219382,0.0801424755120212,-0.2590580918879203,2026-05-30/2026-06-05,0.177768,-0.03686800000000001,1440.0,0.32409819117305005,15.045320566860878,-1.1495441008654628,1.9499851146174603,0.02644890880184998,1
2026-06-05 05:19:11.850831+00:00,2026-06-05T05:19:11.846209+00:00,SOL,KXSOL15M-26JUN050130-30,2026-06-05 05:30:00+00:00,67.5175,67.6377,-0.1777,10.81,0.05,0.335,0.2743,0.0607,no,trade,0.4359,1.0,1.0,1.0,0.001,1.0,0.7381,0.1429,-1,0.119,0.1429,0.008695,0.7136,0.0,66.04,58.0,0.0,0.0,-0.2652,0.4385,1,,-1.1026,,0.1553,0.3087,0.9,,1.0,1.4169,1.0,1.0,37.31,1.0,35.49,,,1.0,0.2724,-0.001221,-0.0017223,-0.0018653,-0.113,,,,-2.5153,0.0385,-2.0,-1.0,-0.0049,78.95,13.0,1.0,0.1811,0.0145,14.63,1000.0,1.0,0.0,-14.63,67.74,0.3295,0.1512,Sideways,,Bear,Bear,Bear,Bear,,0.2742,0.2743,0.0597555036676008,-0.035615832174807,0.5037,4.155395,0.1668,1.4801,0.00317,0.010034,0.434,0.0,-38318.98,-95388364.28770006,0.9063583723819636,-144234824.19990003,,,,,,,,,,,,,,,,,,,,,,,,2026-06-05 05:19:11.850831+00:00,False,0.665,-0.665,192,-0.1916838690651623,0.7468430199220091,0.018185497357973,54.67967879077595,66.66666666666666,0.7631578947368418,0.5999541384215409,-0.4558823529411837,0.4262006040788125,0.0351404734184365,50.21721187823907,57.14285714285694,0.4603174603174597,0.5403274259773722,1.4168530947054505,0.2850486483849497,0.05262472918353,43.58072752872378,37.30964467005076,0.3620689655172409,0.4339838550685267,-2.515266065716782,0.1225229908204601,0.2342522288411587,17.248547543870856,0.8820286659316232,0.0054458815520761,0.009819492528492,-3.992183137911776,-0.1750629517967535,0.2439445814410617,8.887076619526837,8.641382621219382,0.0801424755120212,-0.2590580918879203,2026-05-30/2026-06-05,0.173385,0.10081499999999999,1440.0,-0.40080541470054465,75.33144920245086,1.4275399253140586,62.07521964252637,0.2043703277745831,1
2026-06-05 05:49:30.438732+00:00,2026-06-05T05:49:30.413005+00:00,SOL,KXSOL15M-26JUN050200-00,2026-06-05 06:00:00+00:00,66.44,66.6973,-0.3858,10.5,0.01,0.215,0.1538,0.0612,no,trade,0.7868,0.0,1.0,-1.0,0.032,1.0,0.811,0.0,-1,0.189,0.0,0.009847,1.9389,-2.0,15.47,15.47,0.0752,-0.2848,-1.9024,-1.5494,-1,,-1.1924,,1.853,0.3087,1.0993,,1.0,1.4169,1.0,1.0,37.31,,35.49,,,1.0,0.2871,-0.001221,-0.0017223,-0.002284,-0.1201,,,,-2.5153,0.0385,-2.0,-1.0,-0.222,79.13,13.0,1.0,0.2847,0.0228,22.77,1000.0,0.0,1.0,6.24,66.01,-0.6472,-1.0305,Sideways,,Bear,Bear,Bear,Bear,,0.0799,0.1538,0.0597555036676008,-0.035615832174807,0.5037,4.155395,0.1668,1.4801,0.00317,0.010034,0.0509,0.0,-23503.96,-95388364.28770006,0.9063583723819636,-144234824.19990003,,,,,,,,,,,,,,,,,,,,,,,,2026-06-05 05:49:30.438732+00:00,True,0.785,0.2149999999999999,192,-0.4171632896305177,-0.030041972604305,0.0184471764183799,28.296369577042185,0.0,0.0,-0.204136923515859,-1.3286093888396633,0.0845203023860241,0.0307675783829969,35.07153675014939,17.61363636363644,0.1244979919678726,0.1532520351908174,1.4168530947054505,0.2850486483849497,0.05262472918353,43.58072752872378,37.30964467005076,0.3620689655172409,0.4339838550685267,-2.515266065716782,0.1225229908204601,0.2342522288411587,17.248547543870856,0.8820286659316232,0.0054458815520761,0.009819492528492,-3.992183137911776,-0.1750629517967535,0.2439445814410617,8.887076619526837,8.641382621219382,0.0801424755120212,-0.2590580918879203,2026-05-30/2026-06-05,0.150201,-0.070301,1440.0,-0.9184792017048693,41.06122932141697,1.4275399253140586,62.07521964252637,0.3917944551640093,2
2026-06-05 06:40:00.192711+00:00,2026-06-05T06:40:00.174851+00:00,SOL,KXSOL15M-26JUN050245-45,2026-06-05 06:45:00+00:00,64.8375,64.6055,0.3591,5.0,0.04,0.8,0.7507,0.0493,no,trade,-0.4584,0.35,0.1667,1.0,0.884,1.0,0.5613,0.3443,-1,0.0943,0.3443,0.012169,2.6811,1.0,27.71,27.25,0.0,0.3862,0.7286,-0.6726,-1,,-3.2,,2.5329,0.3087,2.5351,,0.0777,-2.5441,-1.0,-1.0,4.0,,28.08,,,-1.0,-0.0573,-0.0061959,-0.0037016,-0.0034502,-0.4367,,,,-2.5153,0.0385,0.0,0.9573,-1.157,78.2,13.0,1.0,0.0616,0.0049,5.0,1000.0,1.0,0.0,-5.0,65.36,0.8059,1.1679,Sideways,,Bear,Bear,Bear,Bear,,0.0219,0.7507,-0.0480555515848571,-0.0832343952811218,0.6337,2.681346,0.2585,-2.0883,-0.003196,-0.014446,0.0509,0.0,-23503.96,-95388364.28770006,0.9063583723819636,-144234824.19990003,,,,,,,,,,,,,,,,,,,,,,,,2026-06-05 06:40:00.192711+00:00,False,0.1999999999999999,-0.1999999999999999,193,0.0926927236212016,0.1753065968316762,0.0766440124443071,34.871357090307654,23.132530120482087,0.2274881516587697,0.2071290038096242,-1.7341040462427793,-0.2250037134912317,0.0552967435782041,16.72583150643206,18.246445497630244,0.1552419354838699,-0.2579826697287762,-2.54411764705883,-0.0607226437798965,0.0620415786489646,29.573502448429625,4.0431266846358955,0.0335570469798638,0.0508541230523171,-2.515266065716782,0.1225229908204601,0.2342522288411587,17.248547543870856,0.8820286659316232,0.0054458815520761,0.009819492528492,-3.992183137911776,-0.1750629517967535,0.2439445814410617,8.887076619526837,8.641382621219382,0.0801424755120212,-0.2590580918879203,2026-05-30/2026-06-05,0.231102,-0.209202,1440.0,-0.6391351610297136,22.753768529254987,-2.052942970226057,1.9597329830300985,0.29509409154408744,1
2026-06-05 07:20:24.822611+00:00,2026-06-05T07:20:24.805462+00:00,SOL,KXSOL15M-26JUN050330-30,2026-06-05 07:30:00+00:00,64.3575,64.1567,0.313,9.59,0.08,0.78,0.7333,0.0467,no,trade,-0.3812,1.0,1.0,1.0,0.024,1.0,0.7315,0.2685,-1,0.0,0.2685,0.013131,1.2738,1.0,34.91,17.54,0.0,0.3887,0.0,-0.5867,-1,,-4.4891,,2.8998,0.4483,1.9192,,0.4647,-1.7957,-1.0,-2.0,20.7,1.0,25.11,,,0.0,-0.1296,-0.0083413,-0.0055717,-0.0043671,-0.6093,,,,-2.5153,0.0385,-2.0,-1.0,-0.2197,77.98,13.0,1.0,0.0598,0.0048,4.84,1000.0,1.0,0.0,-4.84,65.55,1.8529,2.1717,Bear,,Bear,Bear,Bear,Bear,,0.0618,0.7333,-0.0266540252282452,-0.0354067308363438,0.4848,5.103353,0.1358,-1.3388,-0.003845,-0.001651,-0.049,-1.0,16467.69,-95388364.28770006,0.9063583723819636,-144234824.19990003,,,,,,,,,,,,,,,,,,,,,,,,2026-06-05 07:20:24.822611+00:00,False,0.2199999999999999,-0.2199999999999999,193,0.3886815920397968,0.2967404664397677,0.0530617424580074,38.73310245311343,31.75965665236032,0.2228915662650582,0.3299737540565537,-1.167793484941615,-0.0196955854214861,0.0703551540720238,21.674092060261955,11.61137440758282,0.1098654708520165,-0.0722195520310476,-1.7956843217141971,-0.1544001707845491,0.0769298630394604,23.566428900040805,20.833333333333336,0.1849112426035501,-0.0489719909384544,-2.515266065716782,0.1225229908204601,0.2342522288411587,17.248547543870856,0.8820286659316232,0.0054458815520761,0.009819492528492,-3.992183137911776,-0.1750629517967535,0.2439445814410617,8.887076619526837,8.641382621219382,0.0801424755120212,-0.2590580918879203,2026-05-30/2026-06-05,0.006907,0.054893,1440.0,-0.5985476088361197,17.06806856999585,-0.5804536525330972,26.913181455662876,0.23836722260300056,2
2026-06-05 07:50:42.430813+00:00,2026-06-05T07:50:42.415732+00:00,SOL,KXSOL15M-26JUN050400-00,2026-06-05 08:00:00+00:00,65.955,66.059,-0.1574,9.3,0.04,0.41,0.3116,0.0984,no,trade,0.2609,1.0,1.0,1.0,0.114,1.0,0.8765,1.0,1,0.0,0.1235,0.013526,0.905,3.0,94.69,55.45,0.0,-0.0302,0.2728,2.0621,1,,-4.4608,,0.254,0.3415,1.4357,,0.4647,-1.7957,-1.0,-2.0,20.7,,25.11,,,0.0,-0.1197,-0.0083413,-0.0055717,-0.0045626,-0.6065,,,,-2.5153,0.0385,0.0,0.9977,-0.2344,78.39,13.0,1.0,0.2401,0.0192,19.47,1000.0,1.0,0.0,-19.47,66.17,0.326,0.168,Bear,,Bear,Bear,Bear,Bear,,0.056,0.3116,-0.0266540252282452,-0.0354067308363438,0.4848,5.103353,0.1358,-1.3388,-0.003845,-0.001651,0.2846,0.0,15835.5,-2729388.349600017,0.9927179288168084,-138451184.96480006,,,,,,,,,,,,,,,,,,,,,,,,2026-06-05 07:50:42.430813+00:00,False,0.5900000000000001,-0.5900000000000001,193,0.2267916540671377,0.9570726258736733,0.0402151661327888,72.03840635154566,100.0,1.0,1.0993110563276691,1.085129145651842,0.4099852987234412,0.0690225769632221,51.333538763246274,54.73933649289107,0.5473933649289107,0.6446465543200419,-1.7956843217141971,-0.1544001707845491,0.0769298630394604,23.566428900040805,20.833333333333336,0.1849112426035501,-0.0489719909384544,-2.515266065716782,0.1225229908204601,0.2342522288411587,17.248547543870856,0.8820286659316232,0.0054458815520761,0.009819492528492,-3.992183137911776,-0.1750629517967535,0.2439445814410617,8.887076619526837,8.641382621219382,0.0801424755120212,-0.2590580918879203,2026-05-30/2026-06-05,0.125874,-0.06987400000000002,1440.0,0.827557380065147,67.26002068381975,-0.5804536525330972,26.913181455662876,0.11636847552861157,3
2026-06-05 08:51:19.974803+00:00,2026-06-05T08:51:19.958131+00:00,SOL,KXSOL15M-26JUN050500-00,2026-06-05 09:00:00+00:00,65.3425,65.3985,-0.0856,8.67,0.06,0.45,0.376,0.074,no,trade,0.216,0.0,1.0,-1.0,0.801,1.0,1.0,0.0,-1,0.0,0.0,0.012244,0.4625,-2.0,0.0,36.39,0.0,0.0,-0.9249,-0.0795,-1,,-2.5171,,1.4899,0.3087,0.9763,,0.9469,1.628,1.0,1.0,38.74,,33.92,,,0.0,0.1476,-0.0058407,-0.003695,-0.0031965,-0.2459,,,,-1.3125,0.5545,-2.0,-1.0,-0.0649,77.69,13.0,1.0,0.1645,0.0132,13.2,1000.0,0.0,1.0,10.8,65.25,-0.1416,-0.2271,Bear,,Bear,Bear,Bear,Bear,,0.1189,0.376,0.0424554419930476,-0.0705482764611643,0.4219,2.895579,0.2394,1.6545,0.002989,0.016585,0.1409,0.0,16578.88,-2729388.349600017,0.9927179288168084,-138451184.96480006,,,,,,,,,,,,,,,,,,,,,,,,2026-06-05 08:51:19.974803+00:00,True,0.55,0.4499999999999999,194,-0.3659652333028229,0.3467462059115726,0.032344653447831,34.106666405420555,0.0,0.5796460176991147,-0.0741136987022619,-0.5610310841546728,0.3440233683738676,0.0683325362519965,44.18864367011727,42.16867469879512,0.4146919431279622,0.3951588127325842,1.6748617086662645,0.106280295265428,0.0829496427103075,37.08077964766562,39.00000000000006,0.3461538461538464,0.2845878494647747,-1.3124533929902982,0.1066055866077585,0.2316126560465507,15.220667417065386,19.780219780219813,0.1347926267281108,0.0456753312970934,-3.992183137911776,-0.1750629517967535,0.2439445814410617,8.887076619526837,8.641382621219382,0.0801424755120212,-0.2590580918879203,2026-05-30/2026-06-05,0.056038,0.062862,1440.0,-0.5225541058811123,58.26103737016103,1.7041520941418309,62.14348402080934,0.06991179353152564,1
2026-06-05 09:16:35.877953+00:00,2026-06-05T09:16:35.860781+00:00,SOL,KXSOL15M-26JUN050530-30,2026-06-05 09:30:00+00:00,66.115,66.1592,-0.0668,13.41,0.05,0.515,0.4069,0.1081,no,trade,0.0886,1.0,0.6494,1.0,4.625,1.0,1.0,1.0,1,0.0,0.0,0.012139,1.3078,-1.0,75.57,85.87,0.1207,0.6238,1.364,0.4724,1,,-3.5167,,0.2288,0.3571,1.4933,,0.1031,-1.3158,-1.0,-1.0,24.4,-1.0,28.96,,,0.0,0.046,-0.0051309,-0.0042693,-0.0038718,-0.383,,,,-1.3125,0.5545,0.0,1.0,-0.0105,77.65,13.0,1.0,0.2099,0.0168,16.97,1000.0,1.0,0.0,-16.97,66.32,0.3101,0.2431,Bear,,Bear,Bear,Bear,Bear,,0.3744,0.4069,-0.1404621998330193,-0.0962785041786925,0.4492,2.447012,0.2833,-0.9435,-0.000146,-0.00767,0.1409,0.0,16578.88,-2729388.349600017,0.9927179288168084,-138451184.96480006,,,,,,,,,,,,,,,,,,,,,,,,2026-06-05 09:16:35.877953+00:00,False,0.485,-0.485,194,0.7301490721022263,0.806498290813839,0.0202766759706549,69.92612105893957,100.0,0.9385964912280638,1.1391650708695615,1.4865900383141728,0.5185516183831109,0.0668314667270019,54.779413098139074,80.2013422818791,0.5663507109004742,0.7169678413747645,-1.3903581683542443,0.0228820078042072,0.0895854224795918,31.638064694017515,24.398625429553263,0.2100591715976332,0.1409079185848566,-1.3124533929902982,0.1066055866077585,0.2316126560465507,15.220667417065386,19.780219780219813,0.1347926267281108,0.0456753312970934,-3.992183137911776,-0.1750629517967535,0.2439445814410617,8.887076619526837,8.641382621219382,0.0801424755120212,-0.2590580918879203,2026-05-30/2026-06-05,0.109734,0.264666,1440.0,1.0539457080422254,96.46480328628199,-0.9914076731963761,41.29862415782638,0.055029244583573604,2
2026-06-05 09:31:44.430522+00:00,2026-06-05T09:31:44.413380+00:00,SOL,KXSOL15M-26JUN050545-45,2026-06-05 09:45:00+00:00,66.265,66.3322,-0.1013,13.26,0.07,0.335,0.2753,0.0597,no,trade,0.2397,1.0,1.0,1.0,0.021,1.0,0.25,0.3889,-1,0.3611,0.3889,0.01175,0.462,1.0,89.31,94.68,0.1208,0.1208,0.2721,0.7805,1,,-3.5167,,999.0,0.3571,0.8418,,0.1031,-1.3158,-1.0,-1.0,24.4,-1.0,28.96,,,0.0,0.046,-0.0051309,-0.0042693,-0.0038718,-0.383,,,,-1.3125,0.5545,0.0,1.0,-0.4177,77.67,13.0,1.0,0.1784,0.0143,13.96,1000.0,0.0,1.0,7.03,66.1,-0.249,-0.3501,Bear,,Bear,Bear,Bear,Bear,,0.3928,0.2753,-0.1404621998330193,-0.0962785041786925,0.4492,2.447012,0.2833,-0.9435,-0.000146,-0.00767,0.1409,0.0,16578.88,-2729388.349600017,0.9927179288168084,-138451184.96480006,,,,,,,,,,,,,,,,,,,,,,,,2026-06-05 09:31:44.430522+00:00,True,0.665,0.3349999999999999,194,0.2118003025718629,0.8321665984421782,0.0198779515789428,68.23937886303564,83.20610687022895,0.8320610687022895,0.9817213856825427,0.0302023557837483,0.543506352136707,0.0626298346449474,55.02850104966134,89.59107806691445,0.5710900473933642,0.6978342530830456,-1.3903581683542443,0.0228820078042072,0.0895854224795918,31.638064694017515,24.398625429553263,0.2100591715976332,0.1409079185848566,-1.3124533929902982,0.1066055866077585,0.2316126560465507,15.220667417065386,19.780219780219813,0.1347926267281108,0.0456753312970934,-3.992183137911776,-0.1750629517967535,0.2439445814410617,8.887076619526837,8.641382621219382,0.0801424755120212,-0.2590580918879203,2026-05-30/2026-06-05,0.210883,0.181917,1440.0,0.11256309466023406,92.81741872739808,-0.9914076731963761,41.29862415782638,0.08621276595744681,3
2026-06-05 10:02:04.156323+00:00,2026-06-05T10:02:04.137621+00:00,SOL,KXSOL15M-26JUN050615-15,2026-06-05 10:15:00+00:00,66.5625,66.4483,0.1719,12.93,0.03,0.765,0.6923,0.0727,no,trade,-0.3813,0.0,1.0,-1.0,0.003,1.0,0.7083,0.7083,1,0.2917,0.0,0.009267,0.7769,2.0,100.0,100.0,0.0,0.2556,0.6036,1.3001,1,,-1.5551,,999.0,0.3571,0.9077,,0.8947,1.8238,1.0,1.0,48.88,1.0,37.67,,,1.0,0.2811,-0.0015232,-0.0018727,-0.0026161,-0.0905,,,,-1.3125,0.5545,0.0,1.0,-0.023,77.56,13.0,1.0,0.095,0.0076,7.52,1000.0,1.0,0.0,-7.52,66.51,-0.0789,0.0929,Bear,,Bear,Bear,Bear,Bear,,0.5152,0.6923,-0.1721773773257714,-0.1108755701741199,0.482,2.075947,0.3339,1.7104,0.004247,0.011272,0.4319,0.0,11234.68,-2729388.349600017,0.9927179288168084,-138451184.96480006,,,,,,,,,,,,,,,,,,,,,,,,2026-06-05 10:02:04.156323+00:00,False,0.235,-0.235,194,-0.0902255639097737,0.8442665565085918,0.0232466214754469,69.42927643452974,90.20979020979011,0.9020979020979012,0.9599195965082304,0.5143721633888099,0.6467739475217098,0.053536553578897,57.862930311832066,94.5098039215686,0.6184834123222749,0.757861852464932,1.8237547892720365,0.2420373177913276,0.0870931607601322,43.90911276651412,48.87640449438198,0.3860946745562126,0.4319195688206925,-1.3124533929902982,0.1066055866077585,0.2316126560465507,15.220667417065386,19.780219780219813,0.1347926267281108,0.0456753312970934,-3.992183137911776,-0.1750629517967535,0.2439445814410617,8.887076619526837,8.641382621219382,0.0801424755120212,-0.2590580918879203,2026-05-30/2026-06-05,0.148023,0.367177,1440.0,0.07586952606941644,77.38051283181666,0.7536061268248462,60.425239812183804,0.1854969245710586,4
2026-06-05 10:17:12.892132+00:00,2026-06-05T10:17:12.878881+00:00,SOL,KXSOL15M-26JUN050630-30,2026-06-05 10:30:00+00:00,66.3075,66.5117,-0.307,12.79,0.03,0.205,0.1633,0.0417,no,trade,1.0672,0.5,0.0,0.0,0.029,1.0,0.6875,0.0,-1,0.3125,0.0,0.008549,0.2814,0.0,85.96,93.94,0.0,0.0,-0.24,1.0668,-1,,-1.5551,,999.0,0.4634,0.5841,,0.8947,1.8238,1.0,1.0,48.88,1.0,37.67,,,1.0,0.2811,-0.0015232,-0.0018727,-0.0026161,-0.0905,,,,-1.3125,0.5545,-2.0,-1.0,0.0599,77.49,13.0,1.0,0.2033,0.0163,15.9,1000.0,0.0,1.0,4.1,66.43,0.1847,-0.1228,Bear,,Bear,Bear,Bear,Bear,,0.4821,0.1633,-0.1721773773257714,-0.1108755701741199,0.482,2.075947,0.3339,1.7104,0.004247,0.011272,0.4319,0.0,11234.68,-2729388.349600017,0.9927179288168084,-138451184.96480006,,,,,,,,,,,,,,,,,,,,,,,,2026-06-05 10:17:12.892132+00:00,True,0.795,0.2049999999999999,194,-0.2399880005999666,0.765337408020777,0.0279431527415053,63.49740102591295,86.8852459016396,0.8947368421052652,0.7718045003553835,0.1053582179410206,0.7040312733468368,0.0481466452821997,58.97718730552648,93.93939393939408,0.6457831325301212,0.7659281906123365,1.8237547892720365,0.2420373177913276,0.0870931607601322,43.90911276651412,48.87640449438198,0.3860946745562126,0.4319195688206925,-1.3124533929902982,0.1066055866077585,0.2316126560465507,15.220667417065386,19.780219780219813,0.1347926267281108,0.0456753312970934,-3.992183137911776,-0.1750629517967535,0.2439445814410617,8.887076619526837,8.641382621219382,0.0801424755120212,-0.2590580918879203,2026-05-30/2026-06-05,0.3891,0.09299999999999997,1440.0,-0.14834651862986048,72.24227528476862,0.7536061268248462,60.425239812183804,0.3591063282255235,5
2026-06-05 10:47:32.885653+00:00,2026-06-05T10:47:32.871161+00:00,SOL,KXSOL15M-26JUN050700-00,2026-06-05 11:00:00+00:00,66.36,66.4698,-0.1652,12.46,0.04,0.34,0.2743,0.0657,no,trade,0.5459,0.0,1.0,-1.0,0.198,1.0,0.4194,0.0,-1,0.5806,0.0,0.00724,0.6458,0.0,35.09,75.66,0.0,0.0,-0.3906,0.3751,-1,,-1.6433,,999.0,0.4167,0.6222,,0.8947,1.8238,1.0,1.0,48.88,,37.67,,,1.0,0.2964,-0.0015232,-0.0018727,-0.0030785,-0.0943,,,,-1.3125,0.5545,-1.0,-0.4866,0.1707,77.16,13.0,1.0,0.1932,0.0155,15.18,1000.0,0.0,1.0,7.82,66.33,-0.0452,-0.2103,Bear,,Bear,Bear,Bear,Bear,,0.4454,0.2743,-0.1721773773257714,-0.1108755701741199,0.482,2.075947,0.3339,1.7104,0.004247,0.011272,0.416,0.0,-3280.11,-2729388.349600017,0.9927179288168084,-138451184.96480006,,,,,,,,,,,,,,,,,,,,,,,,2026-06-05 10:47:32.885653+00:00,True,0.6599999999999999,0.3400000000000001,194,-0.0452284034373584,0.4742960931451516,0.014078013985923,45.475693641693525,35.08771929824566,0.6967213114754058,0.2125216652182355,-0.1956947162426781,0.7065376547062588,0.0389794385901451,53.677183381718905,84.25531914893604,0.8288590604026831,0.5895447958539348,1.8237547892720365,0.2420373177913276,0.0870931607601322,43.90911276651412,48.87640449438198,0.3860946745562126,0.4319195688206925,-1.3124533929902982,0.1066055866077585,0.2316126560465507,15.220667417065386,19.780219780219813,0.1347926267281108,0.0456753312970934,-3.992183137911776,-0.1750629517967535,0.2439445814410617,8.887076619526837,8.641382621219382,0.0801424755120212,-0.2590580918879203,2026-05-30/2026-06-05,0.426805,0.018595000000000028,1440.0,0.18592660667409167,67.49203556654454,0.7536061268248462,60.425239812183804,0.22817679558011053,6
2026-06-05 12:03:19.893467+00:00,2026-06-05T12:03:19.878213+00:00,SOL,KXSOL15M-26JUN050815-15,2026-06-05 12:15:00+00:00,65.73,66.0433,-0.4744,11.67,0.17,0.185,0.1352,0.0498,no,trade,0.8521,0.0,1.0,-1.0,0.047,1.0,0.3158,0.0,-1,0.6842,0.0,0.005978,0.4828,-3.0,16.35,44.23,-0.5753,-0.5438,-0.4536,-0.8123,-1,,-1.7107,,0.6851,0.3087,1.1842,,0.2025,-0.3769,-1.0,-2.0,43.1,-1.0,40.84,,,0.0,0.2682,-0.0004785,-0.0033372,-0.0028563,-0.1318,,50.0,50.0,-0.0605,0.5962,-2.0,-1.0,0.2134,76.75,13.0,1.0,0.2694,0.0216,21.19,1000.0,0.0,1.0,4.81,66.01,0.426,-0.0504,Bear,,Bear,Bear,Bear,Bear,,0.4247,0.1352,-0.1646427770281931,-0.1026969948878612,0.4035,2.175133,0.3187,-0.0918,0.000198,-0.004551,0.3721,0.0,35851.94,-8186041.711500049,0.9899673010643112,-106303794.34880012,,,,,,,,,,,,,,,,,,,,,,,,2026-06-05 12:03:19.893467+00:00,True,0.815,0.185,195,-0.2867059001056216,0.1943647894349719,0.0107339291364398,41.40762685698704,20.253164556961796,0.2025316455696179,0.1966645204328932,-0.2114164904862603,0.5384849708657145,0.0322843402199801,46.75298547226307,59.61538461538459,0.7649253731343294,0.3882734348605166,-0.3769033619779871,0.2326140324289634,0.084822633298343,41.08536159763366,43.10344827586208,0.375,0.3720867856939185,-0.1360132990781415,0.1272808690960083,0.2226854455777095,14.989122708152834,19.01944209636518,0.130813953488372,0.0992304512287595,-3.992183137911776,-0.1750629517967535,0.2439445814410617,8.887076619526837,8.641382621219382,0.0801424755120212,-0.2590580918879203,2026-05-30/2026-06-05,0.323938,0.10076200000000002,1440.0,-0.3930710599001408,0.0,-0.8259913832691423,29.569346500741318,0.7935764469722315,1
2026-06-05 12:48:46.900770+00:00,2026-06-05T12:48:46.882507+00:00,SOL,KXSOL15M-26JUN050900-00,2026-06-05 13:00:00+00:00,65.6325,65.6968,-0.0979,11.22,0.03,0.445,0.376,0.069,no,trade,0.1225,0.0556,0.9444,-1.0,0.125,1.0,0.3298,0.4149,-1,0.2553,0.4149,0.006265,2.2808,1.0,49.54,36.73,0.0,0.2286,0.2133,-0.5127,1,,-1.5661,,0.681,0.3571,1.7305,,0.2025,-0.3769,-1.0,-2.0,43.1,,40.84,,,0.0,0.2818,-0.0004785,-0.0033372,-0.0025728,-0.1245,,,,-0.0605,0.5962,-2.0,-0.9994,0.1633,76.72,13.0,1.0,0.1551,0.0124,12.21,1000.0,1.0,0.0,-12.21,65.97,0.5142,0.4158,Bear,,Bear,Bear,Bear,Bear,,0.3881,0.376,-0.1646427770281931,-0.1026969948878612,0.4035,2.175133,0.3187,-0.0918,0.000198,-0.004551,0.3247,0.0,10376.8,-8186041.711500049,0.9899673010643112,-106303794.34880012,,,,,,,,,,,,,,,,,,,,,,,,2026-06-05 12:48:46.900770+00:00,False,0.5549999999999999,-0.5549999999999999,196,-0.2583586626139889,0.1216289449554071,0.0176205886740368,37.57927962702894,30.097087378640964,0.2230215827338145,0.2449310911503638,-0.3643540306664805,0.1740537923347611,0.020846682235939,35.90046106360627,22.30215827338145,0.3076923076923035,0.2322034506584284,-0.3769033619779871,0.2326140324289634,0.084822633298343,41.08536159763366,43.10344827586208,0.375,0.3720867856939185,-0.1360132990781415,0.1272808690960083,0.2226854455777095,14.989122708152834,19.01944209636518,0.130813953488372,0.0992304512287595,-3.992183137911776,-0.1750629517967535,0.2439445814410617,8.887076619526837,8.641382621219382,0.0801424755120212,-0.2590580918879203,2026-05-30/2026-06-05,0.439088,-0.05098799999999998,1440.0,-0.4111520515509004,20.62466979519523,-0.8259913832691423,29.569346500741318,0.15626496408619314,1
2026-06-05 15:50:41.466463+00:00,2026-06-05T15:50:41.451287+00:00,SOL,KXSOL15M-26JUN051200-00,2026-06-05 16:00:00+00:00,64.305,64.3555,-0.0785,9.31,0.05,0.525,0.3462,0.1788,no,trade,0.0888,0.8909,0.1091,-1.0,0.808,1.0,0.2687,0.5522,-1,0.1791,0.5522,0.012426,0.8375,-2.0,27.41,18.56,0.7675,-0.0155,-0.4638,-0.8252,-1,,-1.9947,,2.4922,0.4483,2.1004,,0.7391,1.5387,1.0,1.0,30.24,,36.6,,,0.0,0.2636,0.0002042,-0.0024634,-0.0034308,-0.1561,,,,-0.0605,0.5962,-2.0,-0.9998,0.0044,77.12,13.0,1.0,0.3405,0.0272,27.07,1000.0,0.0,1.0,29.92,63.98,-0.5054,-0.5835,Bear,,Bear,Bear,Bear,Bear,,0.0953,0.3462,-0.18774215482146,-0.1403598350862095,0.438,1.920583,0.3609,1.3865,0.001456,0.014758,0.1804,0.0,-2605.37,-53810588.35839999,0.944621163064028,-64726018.41950005,,,,,,,,,,,,,,,,,,,,,,,,2026-06-05 15:50:41.466463+00:00,True,0.475,0.525,197,-0.0931821711445901,0.1826285989601186,0.0240117235138193,37.236627276642544,24.873096446700263,0.2487309644670026,0.2870977754923182,-0.2787672293634746,0.1251445731977408,0.0479679813504837,35.904180779041354,11.610486891385849,0.1161048689138584,0.2310157252802547,1.491377971104546,0.2170214516113875,0.0867187878023629,40.56714178346921,30.24193548387092,0.2577319587628863,0.3602682806644891,-0.1360132990781415,0.1272808690960083,0.2226854455777095,14.989122708152834,19.01944209636518,0.130813953488372,0.0992304512287595,-3.992183137911776,-0.1750629517967535,0.2439445814410617,8.887076619526837,8.641382621219382,0.0801424755120212,-0.2590580918879203,2026-05-30/2026-06-05,0.332558,-0.23725800000000002,1440.0,-1.0057653247055764,10.692739580457097,0.21918981571400487,15.876271988404685,0.06317399002092387,1
2026-06-05 17:47:08.472140+00:00,2026-06-05T17:47:08.454751+00:00,SOL,KXSOL15M-26JUN051400-00,2026-06-05 18:00:00+00:00,64.9775,65.136,-0.2433,12.86,0.07,0.325,0.2753,0.0497,no,trade,0.4511,0.2857,0.2857,1.0,1.331,1.0,0.7115,0.7115,1,0.2885,0.0,0.012435,0.642,-1.0,40.97,69.09,0.0,-0.2603,0.4007,0.6141,1,,-0.5919,,0.939,0.3087,1.0918,,1.0,2.614,1.0,1.0,56.34,,44.81,,,1.0,0.459,-0.0009576,-0.0025509,-0.0025583,0.0251,,,,-2.6949,0.1478,-2.0,-1.0,-0.0141,76.86,13.0,1.0,0.1531,0.0122,12.15,1000.0,0.0,1.0,5.85,65.12,0.2193,-0.0246,Bear,,Bear,Bear,Bear,Bear,,0.1895,0.2753,-0.2834943434403255,-0.1922579633455043,0.3947,1.492473,0.4644,2.0967,0.004275,0.01687,0.3922,0.0,33378.3,-53810588.35839999,0.944621163064028,-64726018.41950005,,,,,,,,,,,,,,,,,,,,,,,,2026-06-05 17:47:08.472140+00:00,True,0.675,0.3249999999999999,198,0.122755869265001,0.5697307274384278,0.0331539021321981,54.02598874907727,48.611111111111384,0.721804511278197,0.5921503485733468,0.5702836004932266,0.5435028451811461,0.0446514051678658,52.25215968052577,72.1804511278197,0.56140350877193,0.5753978229698302,2.613972304341061,0.3861563785054062,0.084684566134207,49.5163946547046,55.5084745762713,0.4580419580419589,0.5587913693983575,-2.739104116222768,0.0547985824481435,0.2210552788230644,11.357677508934003,3.719357565511393,0.0275862068965515,-0.0240007220740868,-3.992183137911776,-0.1750629517967535,0.2439445814410617,8.887076619526837,8.641382621219382,0.0801424755120212,-0.2590580918879203,2026-05-30/2026-06-05,0.154937,0.03456300000000001,1440.0,0.13872230496501103,57.45327761081891,1.5586657966265127,41.79651201593572,0.1956574185765983,1
2026-06-05 18:47:47.257819+00:00,2026-06-05T18:47:47.241196+00:00,SOL,KXSOL15M-26JUN051500-00,2026-06-05 19:00:00+00:00,63.3875,63.6563,-0.4223,12.22,0.04,0.36,0.2743,0.0857,no,trade,0.4679,0.0,0.8939,-1.0,1.346,1.0,0.5606,0.0,-1,0.4394,0.0,0.011746,0.8842,-3.0,5.13,11.27,-0.4701,-0.6099,-0.9199,-1.7971,-1,,-1.2978,,3.3322,0.3087,1.8758,,0.2162,-1.1836,-1.0,-1.0,39.09,,42.86,,,0.0,0.299,-0.0024391,-0.0014588,-0.0021853,-0.0911,,,,-2.6949,0.1478,-2.0,-0.9859,0.1496,77.16,13.0,1.0,0.238,0.019,19.2,1000.0,0.0,1.0,10.8,62.53,-1.3528,-1.7693,Bear,,Bear,Bear,Bear,Bear,,0.0433,0.2743,-0.4266492041231523,-0.2260038698330294,0.4365,1.422697,0.4872,-0.8107,-0.000116,-0.012657,0.0675,0.0,-5068.08,-53810588.35839999,0.944621163064028,-64726018.41950005,,,,,,,,,,,,,,,,,,,,,,,,2026-06-05 18:47:47.257819+00:00,True,0.64,0.36,199,-0.7025761124121677,-0.0566809956085291,0.0348426110936668,14.92847531243588,0.0,0.0,-0.2771859323840329,-0.7180768029971918,-0.0206068124444859,0.0351199676323101,32.10613985706571,10.150375939849754,0.1015037593984975,-0.0054660555608652,-1.319181197877184,0.2574254305926463,0.0849013021030756,43.30619874383569,37.076271186440685,0.305944055944056,0.3921579129638591,-2.739104116222768,0.0547985824481435,0.2210552788230644,11.357677508934003,3.719357565511393,0.0275862068965515,-0.0240007220740868,-3.992183137911776,-0.1750629517967535,0.2439445814410617,8.887076619526837,8.641382621219382,0.0801424755120212,-0.2590580918879203,2026-05-30/2026-06-05,0.19882,-0.15552,1440.0,-0.30340003578215313,15.201276413759823,-1.0256968736829686,25.622359240796094,0.3595266473693173,1
2026-06-05 19:23:08.695063+00:00,2026-06-05T19:23:08.683550+00:00,SOL,KXSOL15M-26JUN051530-30,2026-06-05 19:30:00+00:00,62.105,61.8862,0.3536,6.86,0.05,0.855,0.751,0.104,no,trade,-0.4298,0.5417,0.4583,-1.0,0.556,1.0,0.8235,0.042,-1,0.1345,0.042,0.013151,1.455,1.0,20.65,15.56,0.0322,0.7942,0.4036,-2.1137,-1,,-4.182,,5.0747,0.3087,2.2734,,0.0981,-3.3477,-1.0,-2.0,4.84,-1.0,32.84,,,0.0,-0.0793,-0.0073557,-0.0027863,-0.0041769,-0.3672,,,,-2.6949,0.1478,-2.0,-0.96,1.0593,77.28,13.0,1.0,0.1216,0.0097,9.72,1000.0,1.0,0.0,-9.72,62.75,1.0386,1.3958,Bear,,Bear,Bear,Bear,Bear,,-0.0593,0.751,-0.3688643195209986,-0.1804494614037812,0.3269,1.619704,0.4279,-2.1529,-0.005258,-0.01603,0.0675,0.0,-5068.08,-53810588.35839999,0.944621163064028,-64726018.41950005,,,,,,,,,,,,,,,,,,,,,,,,2026-06-05 19:23:08.695063+00:00,False,0.145,-0.145,199,-0.1130673558391137,0.0691031206427738,0.0755887252858022,9.293027774951112,8.130081300813114,0.0777202072538869,-0.2351855903019817,-1.636479186526851,-0.2097938227047631,0.0581643379938018,20.653651547170057,1.2106537530265669,0.0121065375302656,-0.3272445567043699,-3.288260602335591,-0.0286147502013906,0.0923561992005478,31.943489857298516,4.841713221601455,0.0408163265306119,0.0674294311210767,-2.739104116222768,0.0547985824481435,0.2210552788230644,11.357677508934003,3.719357565511393,0.0275862068965515,-0.0240007220740868,-3.992183137911776,-0.1750629517967535,0.2439445814410617,8.887076619526837,8.641382621219382,0.0801424755120212,-0.2590580918879203,2026-05-30/2026-06-05,0.081664,-0.140964,1440.0,-0.04672908204698123,10.4277074100223,-2.2576847432103087,6.007765588406263,0.2688768914911414,2
2026-06-05 20:33:55.776113+00:00,2026-06-05T20:33:55.765948+00:00,SOL,KXSOL15M-26JUN051645-45,2026-06-05 20:45:00+00:00,64.1,64.2172,-0.1825,11.08,0.04,0.38,0.3116,0.0684,no,trade,0.233,0.619,0.619,1.0,0.034,1.0,0.4783,0.8261,1,0.1739,0.3478,0.01315,0.5444,-1.0,89.68,69.25,-0.186,-0.0933,0.2496,2.3724,1,,-2.8184,,1.3178,0.4259,1.7079,,0.9336,1.129,1.0,1.0,40.11,1.0,40.23,,,0.0,0.1132,-0.0022127,-0.0033011,-0.0033016,-0.2173,,50.0,50.0,-1.0425,0.4689,-1.0,0.3878,-0.5087,76.98,13.0,1.0,0.1801,0.0144,14.26,1000.0,1.0,0.0,-14.26,64.52,0.6552,0.4715,Bear,,Bear,Bear,Bear,Bear,,0.2055,0.3116,-0.4041721519231978,-0.2123544083304822,0.4477,1.459587,0.4749,0.9177,-2.4e-05,0.016194,0.2653,0.0,7681.85,-13448859.96420002,0.9724840311411216,-75445490.03410006,,,,,,,,,,,,,,,,,,,,,,,,2026-06-05 20:33:55.776113+00:00,False,0.62,-0.62,200,0.2026816339257831,0.8840101491063888,0.0524953056726247,67.48496341697481,96.7078189300412,0.9715302491103208,0.9556047349958868,0.5632921295571913,0.5160845375309687,0.066818807343558,55.51951809258878,61.34831460674156,0.6134831460674156,0.7104220065323057,1.048617731172552,0.1150041259776759,0.0910912427617384,37.751348610382195,39.539347408829215,0.2743009320905463,0.2652609099465604,-1.0424770499455338,0.0506558454005116,0.2181105036150911,10.292986445076837,14.916727009413492,0.1168462847419173,0.0469904126176482,-3.992183137911776,-0.1750629517967535,0.2439445814410617,8.887076619526837,8.641382621219382,0.0801424755120212,-0.2590580918879203,2026-05-30/2026-06-05,0.049442,0.15605799999999997,1440.0,0.20234272885086835,76.38366011958502,1.5930797207899472,29.984828361753856,0.13878326996197718,1
2026-06-05 20:49:05.887584+00:00,2026-06-05T20:49:05.873951+00:00,SOL,KXSOL15M-26JUN051700-00,2026-06-05 21:00:00+00:00,64.41,64.4278,-0.0276,10.91,0.04,0.42,0.3225,0.0975,no,trade,0.0451,1.0,1.0,1.0,0.108,1.0,0.3556,0.7333,1,0.2667,0.3778,0.012876,0.5412,5.0,100.0,78.77,0.0,0.264,0.7804,2.7257,1,,-3.102,,0.761,0.4259,1.3444,,0.9336,1.129,1.0,1.0,40.11,,40.23,,,0.0,0.1251,-0.0022127,-0.0033011,-0.0044596,-0.2301,,,,-1.0425,0.4689,0.0,0.7746,0.0369,76.88,13.0,1.0,0.2322,0.0186,18.56,1000.0,1.0,0.0,-18.56,64.68,0.4192,0.3914,Bear,,Bear,Bear,Bear,Bear,,0.1801,0.3225,-0.4041721519231978,-0.2123544083304822,0.4477,1.459587,0.4749,0.9177,-2.4e-05,0.016194,0.4788,0.0,18735.24,-13448859.96420002,0.9724840311411216,-75445490.03410006,,,,,,,,,,,,,,,,,,,,,,,,2026-06-05 20:49:05.887584+00:00,False,0.5800000000000001,-0.5800000000000001,200,0.031065548306941,0.8065297173538967,0.0597877379868481,69.66984416259318,94.7826086956526,0.9597315436241642,0.8979942322472164,0.2022716664073609,0.5462680821163711,0.0668242107977653,57.002094470542104,72.40506329113948,0.6426966292134852,0.7264894558182264,1.048617731172552,0.1150041259776759,0.0910912427617384,37.751348610382195,39.539347408829215,0.2743009320905463,0.2652609099465604,-1.0424770499455338,0.0506558454005116,0.2181105036150911,10.292986445076837,14.916727009413492,0.1168462847419173,0.0469904126176482,-3.992183137911776,-0.1750629517967535,0.2439445814410617,8.887076619526837,8.641382621219382,0.0801424755120212,-0.2590580918879203,2026-05-30/2026-06-05,0.11273,0.06737000000000001,1440.0,0.5851395912343849,100.0,1.5930797207899472,29.984828361753856,0.021435228331780055,2
2026-06-05 21:34:31.500007+00:00,2026-06-05T21:34:31.481865+00:00,SOL,KXSOL15M-26JUN051745-45,2026-06-05 21:45:00+00:00,64.7325,64.9172,-0.2845,10.48,0.05,0.255,0.1538,0.1012,no,trade,1.0437,0.5,0.0,0.0,0.0,1.0,0.9048,0.0952,-1,0.0,0.0952,0.012446,0.2602,-1.0,78.0,93.85,0.0,-0.0462,-0.1693,0.91,-1,,-1.3197,,0.2109,0.4634,0.6114,,0.9369,1.9868,1.0,2.0,60.65,0.0,48.53,,,0.0,0.3511,-0.0016666,-0.0007312,-0.0031285,-0.0431,,,,-1.0425,0.4689,0.0,1.0,-0.3828,76.73,13.0,1.0,0.3969,0.0317,32.03,1000.0,1.0,0.0,-32.03,65.27,0.8303,0.5435,Bear,,Bear,Bear,Bear,Bear,,0.2335,0.1538,-0.3343089338668408,-0.181160688253325,0.43,1.725982,0.4016,1.3082,0.003488,0.011169,0.4788,0.0,18735.24,-13448859.96420002,0.9724840311411216,-75445490.03410006,,,,,,,,,,,,,,,,,,,,,,,,2026-06-05 21:34:31.500007+00:00,False,0.745,-0.745,201,0.0,0.7570421005887145,0.0329263008364893,68.87309049962425,81.00000000000023,0.9181034482758628,0.8113384834890782,0.2162496138399694,0.650503857868795,0.0671877689834747,62.88718264545344,88.12664907651707,0.7505617977528088,0.8132779642206389,1.6981132075471803,0.3137098514481611,0.0853082954552068,46.39981270659194,60.26871401151646,0.4331034482758627,0.4787737564619389,-1.0424770499455338,0.0506558454005116,0.2181105036150911,10.292986445076837,14.916727009413492,0.1168462847419173,0.0469904126176482,-3.992183137911776,-0.1750629517967535,0.2439445814410617,8.887076619526837,8.641382621219382,0.0801424755120212,-0.2590580918879203,2026-05-30/2026-06-05,0.181593,0.05190700000000001,1440.0,-0.4542751025500946,86.29669224439253,2.1397483270638507,61.29414558956109,0.22858749799132247,1
2026-06-05 23:10:33.240468+00:00,2026-06-05T23:10:33.223750+00:00,SOL,KXSOL15M-26JUN051915-15,2026-06-05 23:15:00+00:00,64.2975,64.4113,-0.1767,4.45,0.06,0.29,0.234,0.056,no,trade,0.64,0.0294,0.9706,-1.0,5.885,1.0,0.1,0.95,1,0.05,0.85,0.009753,0.3189,-1.0,51.25,61.37,-0.3717,-0.5568,-0.3101,-0.3397,-1,,-0.6108,,0.7855,0.4167,0.9496,,0.5941,-0.6317,-1.0,-1.0,57.03,-1.0,46.88,,,-1.0,0.3416,-0.0037311,-0.0023443,-0.0005692,-0.0417,,,,-1.0425,0.4689,0.0,1.0,0.1081,76.58,13.0,1.0,0.1932,0.0155,15.62,1000.0,0.0,1.0,6.38,64.08,-0.3383,-0.5144,Bear,,Bear,Bear,Bear,Bear,,0.0525,0.234,-0.3047191643639513,-0.1703551709589639,0.3274,1.821709,0.3805,-0.2856,0.000194,-0.007461,0.4432,0.0,18755.12,-13448859.96420002,0.9724840311411216,-75445490.03410006,,,,,,,,,,,,,,,,,,,,,,,,2026-06-05 23:10:33.240468+00:00,True,0.71,0.29,202,-0.5258274048871026,0.2898350567793691,0.0225662589672229,42.02048467361086,42.57425742574163,0.2905405405405347,0.2407696918055562,0.031022180859308,0.6166715818523312,0.0582738118883647,51.77301135564462,73.80952380952357,0.7702349869451676,0.5233686196131195,-0.6317411402157358,0.3090434743496878,0.0731035729308371,45.02651410304911,56.62188099808052,0.4531490015360978,0.4432331488735871,-1.0424770499455338,0.0506558454005116,0.2181105036150911,10.292986445076837,14.916727009413492,0.1168462847419173,0.0469904126176482,-3.992183137911776,-0.1750629517967535,0.2439445814410617,8.887076619526837,8.641382621219382,0.0801424755120212,-0.2590580918879203,2026-05-30/2026-06-05,0.201854,-0.14935400000000001,1440.0,-0.3837328345696389,83.27425821972737,-0.16590998244250255,58.80779036964513,0.18117502306982466,1
2026-06-05 23:35:49.374639+00:00,2026-06-05T23:35:49.359835+00:00,SOL,KXSOL15M-26JUN051945-45,2026-06-05 23:45:00+00:00,63.105,63.6023,-0.7819,9.18,0.05,0.155,0.073,0.082,no,trade,1.0068,0.082,0.918,-1.0,1.476,1.0,1.0,0.0,-1,0.0,0.0,0.009057,1.2409,-3.0,24.37,17.91,0.0798,-0.2054,-0.832,-1.5543,-1,,-0.6108,,2.5436,0.4483,1.8655,,0.5941,-0.6317,-1.0,-1.0,57.03,-1.0,46.88,,,-1.0,0.3416,-0.0037311,-0.0023443,-0.0005692,-0.0417,,,,-1.0425,0.4689,-2.0,-1.0,0.2547,76.63,13.0,1.0,0.5288,0.0423,42.25,1000.0,0.0,1.0,7.75,63.07,-0.0555,-0.8369,Bear,,Bear,Bear,Bear,Bear,,-0.0696,0.073,-0.3047191643639513,-0.1703551709589639,0.3274,1.821709,0.3805,-0.2856,0.000194,-0.007461,0.4432,0.0,18755.12,-13448859.96420002,0.9724840311411216,-75445490.03410006,,,,,,,,,,,,,,,,,,,,,,,,2026-06-05 23:35:49.374639+00:00,True,0.845,0.155,202,-0.9941612750512752,-0.225207564842217,0.0317886733362388,14.05343935836312,2.5380710659900654,0.0212765957446825,-0.7067222716406443,-1.1079900124843944,0.3358086735893656,0.0564173539631805,33.137402901912154,23.66412213740444,0.4778067885117482,0.0359967259156812,-0.6317411402157358,0.3090434743496878,0.0731035729308371,45.02651410304911,56.62188099808052,0.4531490015360978,0.4432331488735871,-1.0424770499455338,0.0506558454005116,0.2181105036150911,10.292986445076837,14.916727009413492,0.1168462847419173,0.0469904126176482,-3.992183137911776,-0.1750629517967535,0.2439445814410617,8.887076619526837,8.641382621219382,0.0801424755120212,-0.2590580918879203,2026-05-30/2026-06-05,0.099012,-0.16861199999999998,1440.0,-0.5213909389978011,51.572283529940954,-0.16590998244250255,58.80779036964513,0.8633101468477421,2
2026-06-05 23:50:58.863143+00:00,2026-06-05T23:50:58.852515+00:00,SOL,KXSOL15M-26JUN052000-00,2026-06-06 00:00:00+00:00,63.345,63.202,0.2263,9.02,0.05,0.815,0.7507,0.0643,no,trade,-0.5214,1.0,1.0,1.0,1.478,1.0,0.1803,0.8197,-1,0.0,0.8197,0.00818,1.1796,1.0,26.9,19.78,0.0,0.2378,0.0792,-1.1843,-1,,-0.9463,,2.4595,0.4483,1.0461,,0.5941,-0.6317,-1.0,-1.0,57.03,,46.88,,,-1.0,0.3462,-0.0037311,-0.0023443,-0.0017145,-0.0558,,,,-1.0425,0.4689,-2.0,-0.9474,-0.6667,76.88,13.0,1.0,0.0789,0.0063,6.29,1000.0,1.0,0.0,-6.29,63.82,0.7499,0.9778,Bear,,Bear,Bear,Bear,Bear,,-0.0867,0.7507,-0.3047191643639513,-0.1703551709589639,0.3274,1.821709,0.3805,-0.2856,0.000194,-0.007461,0.3074,0.0,745.56,-17459949.696799994,0.9357465176029844,-84719398.0194,,,,,,,,,,,,,,,,,,,,,,,,2026-06-05 23:50:58.863143+00:00,False,0.185,-0.185,202,0.0474758664345653,0.1624006122905845,0.0370830998998615,33.877573437109405,26.90355329949246,0.2650000000000005,0.1074158832845323,-0.2840460785860865,0.294621004502235,0.0572631980592568,30.96500178063087,18.6567164179104,0.4308093994778058,0.0465012595940417,-0.6317411402157358,0.3090434743496878,0.0731035729308371,45.02651410304911,56.62188099808052,0.4531490015360978,0.4432331488735871,-1.0424770499455338,0.0506558454005116,0.2181105036150911,10.292986445076837,14.916727009413492,0.1168462847419173,0.0469904126176482,-3.992183137911776,-0.1750629517967535,0.2439445814410617,8.887076619526837,8.641382621219382,0.0801424755120212,-0.2590580918879203,2026-05-30/2026-06-05,0.034976,-0.121676,1440.0,-0.29907770167868497,18.29715747743678,-0.16590998244250255,58.80779036964513,0.2766503667481663,3
2026-06-06 00:31:22.578486+00:00,2026-06-06T00:31:22.565706+00:00,SOL,KXSOL15M-26JUN052045-45,2026-06-06 00:45:00+00:00,64.4225,64.4412,-0.029,13.63,0.04,0.48,0.3225,0.1575,no,trade,0.0531,0.0,0.2,-1.0,0.293,1.0,0.5789,0.0,-1,0.4211,0.0,0.008553,0.6891,1.0,89.45,66.42,0.2644,0.1865,-0.2167,1.1129,1,,-2.0697,,999.0,0.3679,1.0727,,0.4721,-1.3031,-1.0,-2.0,40.49,0.0,38.11,,,0.0,0.1633,-0.003884,-0.0031615,-0.0024562,-0.1856,,50.0,50.0,0.3154,0.347,0.0,1.0,-0.0019,76.81,13.0,1.0,0.3282,0.0263,26.0,1000.0,1.0,0.0,-26.0,64.62,0.3066,0.2775,Bear,,Bear,Bear,Bear,Bear,,0.2305,0.3225,-0.2958807029822436,-0.1648172870982895,0.3368,1.815321,0.3818,-0.7915,-0.002172,-0.007277,0.3074,0.0,745.56,-17459949.696799994,0.9357465176029844,-84719398.0194,,,,,,,,,,,,,,,,,,,,,,,,2026-06-06 00:31:22.578486+00:00,False,0.52,-0.52,202,-0.0155496812315414,0.6548881227939644,0.0365029313688572,58.630993352634896,80.90452261306493,0.8090452261306493,0.7353464942854343,-0.3409795412275263,0.5427062087255019,0.042319467237511,53.26005360472999,60.07462686567146,0.6815476190476175,0.6136829840704916,-1.349046363777329,0.1621917483551845,0.0731311984772095,38.96057964302553,39.92322456813815,0.3195084485407064,0.3073554538725544,0.0314465408804975,0.0976335318309251,0.2225896167376825,10.582277986653908,16.68003207698474,0.1287925696594426,0.1318209312393599,-7.502180866530972,-0.183398793266232,0.3166683773935222,6.359305230838899,8.043310131477176,0.0787282361847085,-0.372838044047698,2026-06-06/2026-06-12,-0.069592,0.300092,1440.0,-0.07558034676373726,54.39592881041395,-0.7419636844203326,52.878846045428965,0.033906231731556186,4
2026-06-06 01:31:58.837359+00:00,2026-06-06T01:31:58.821040+00:00,SOL,KXSOL15M-26JUN052145-45,2026-06-06 01:45:00+00:00,64.355,64.411,-0.0869,13.02,0.03,0.475,0.3225,0.1525,no,trade,0.1728,1.0,1.0,1.0,0.865,1.0,0.2941,1.0,1,0.0,0.7059,0.008298,0.6364,-1.0,39.19,79.07,-0.0776,0.4211,0.2179,0.6978,1,,-0.0127,,999.0,0.4259,1.0111,,0.9573,1.7596,1.0,1.0,62.36,1.0,43.95,,,1.0,0.4572,0.0047768,-0.0012894,-0.0004615,0.0332,,,,0.3154,0.347,-2.0,-0.9799,0.2136,76.64,11.0,1.0,0.3211,0.0257,25.73,1000.0,0.0,1.0,23.28,64.07,-0.4429,-0.5294,Bear,,Bear,Bear,Bear,Bear,,0.2982,0.3225,-0.31691879691166,-0.1803851648903667,0.3035,1.516884,0.457,1.3856,0.002001,0.012913,0.5393,0.0,-2200.85,-17459949.696799994,0.9357465176029844,-84719398.0194,,,,,,,,,,,,,,,,,,,,,,,,2026-06-06 01:31:58.837359+00:00,True,0.525,0.475,203,0.5304212168486755,0.5318291794588271,0.0214668510012658,52.015090285738424,45.94594594594584,0.7530864197530837,0.5538229554546299,0.1554243083618178,0.5291310975996859,0.0322590019636061,53.26415635339543,79.18552036199067,0.6529850746268641,0.5786921530300176,1.8076076705438424,0.4251004557067153,0.0615547075977659,49.36375966339128,61.99616122840684,0.49615975422427,0.5392656955345794,0.0314465408804975,0.0976335318309251,0.2225896167376825,10.582277986653908,16.68003207698474,0.1287925696594426,0.1318209312393599,-7.502180866530972,-0.183398793266232,0.3166683773935222,6.359305230838899,8.043310131477176,0.0787282361847085,-0.372838044047698,2026-06-06/2026-06-12,0.239364,0.05883600000000003,1440.0,0.28105104553017846,54.50375040765304,0.3290464183411057,62.08443920743133,0.1047240298867197,1
2026-06-06 02:37:37.870843+00:00,2026-06-06T02:37:37.853352+00:00,SOL,KXSOL15M-26JUN052245-45,2026-06-06 02:45:00+00:00,63.56,63.5615,-0.0024,7.37,0.02,0.56,0.3462,0.2138,no,trade,0.0065,1.0,0.4,1.0,0.181,1.0,0.3409,1.0,1,0.0,0.6591,0.007406,0.9319,2.0,41.28,49.3,0.0,0.0628,0.7109,-0.5418,1,,-1.5585,,0.481,0.3087,0.9674,,0.06,-1.3432,-1.0,-1.0,45.82,-1.0,41.94,,,0.0,0.266,0.0007843,-0.0007142,-0.0024362,-0.1204,,,,0.3154,0.347,0.0,1.0,-0.0319,76.66,11.0,1.0,0.3817,0.0305,30.36,1000.0,1.0,0.0,-30.36,63.53,-0.0472,-0.0496,Bear,,Bear,Bear,Bear,Bear,,0.1558,0.3462,-0.3421817016782271,-0.1970876773245526,0.3152,1.66711,0.4158,-0.8716,-0.001276,-0.010006,0.3725,0.0,-17636.89,-17459949.696799994,0.9357465176029844,-84719398.0194,,,,,,,,,,,,,,,,,,,,,,,,2026-06-06 02:37:37.870843+00:00,False,0.4399999999999999,-0.4399999999999999,204,-0.0470662064637639,0.2751248047740777,0.0256766089902667,39.94599896090224,35.96491228070206,0.2662337662337675,0.3445620201839838,0.1571338780641085,0.2763703784092471,0.0330771279960597,40.50579935692802,48.837209302325654,0.39179104477612,0.2639272837958474,-1.3432144511347777,0.2350180714011842,0.0610947420039399,42.97124119483804,45.29750479846447,0.4529750479846447,0.3725068780609981,0.0314465408804975,0.0976335318309251,0.2225896167376825,10.582277986653908,16.68003207698474,0.1287925696594426,0.1318209312393599,-7.502180866530972,-0.183398793266232,0.3166683773935222,6.359305230838899,8.043310131477176,0.0787282361847085,-0.372838044047698,2026-06-06/2026-06-12,0.272804,-0.117004,1440.0,-0.11605934907572557,22.162084571736855,-0.39779506572964474,57.777118115524814,0.003240615716986227,1
2026-06-06 02:47:44.185527+00:00,2026-06-06T02:47:44.170772+00:00,SOL,KXSOL15M-26JUN052300-00,2026-06-06 03:00:00+00:00,63.64,63.597,0.0676,12.27,0.04,0.67,0.6188,0.0512,no,trade,-0.1443,0.0,1.0,-1.0,0.039,1.0,0.25,0.5,-1,0.25,0.5,0.007095,0.6212,-2.0,27.71,39.07,0.0,-0.2199,-0.2825,-0.6786,-1,,-1.5249,,0.8242,0.3571,0.9698,,0.06,-1.3432,-1.0,-1.0,45.82,,41.94,,,0.0,0.2786,0.0007843,-0.0007142,-0.0024882,-0.1185,,,,0.3154,0.347,-1.0,0.3456,-0.1121,76.66,11.0,1.0,0.0764,0.0061,6.27,1000.0,0.0,1.0,12.73,63.46,-0.2828,-0.2154,Bear,,Bear,Bear,Bear,Bear,,0.1375,0.6188,-0.3421817016782271,-0.1970876773245526,0.3152,1.66711,0.4158,-0.8716,-0.001276,-0.010006,0.3566,0.0,-10638.85,-17459949.696799994,0.9357465176029844,-84719398.0194,,,,,,,,,,,,,,,,,,,,,,,,2026-06-06 02:47:44.185527+00:00,True,0.3299999999999999,0.67,204,0.2203683299228709,0.2960773849960635,0.0224251341000327,42.21988452572257,33.94495412844068,0.2402597402597422,0.3893856745859121,-0.1098211484154343,0.2547017805301436,0.0292416716332804,39.03814666109013,45.58139534883728,0.3798449612403118,0.2467790455902679,-1.3432144511347777,0.2350180714011842,0.0610947420039399,42.97124119483804,45.29750479846447,0.4529750479846447,0.3725068780609981,0.0314465408804975,0.0976335318309251,0.2225896167376825,10.582277986653908,16.68003207698474,0.1287925696594426,0.1318209312393599,-7.502180866530972,-0.183398793266232,0.3166683773935222,6.359305230838899,8.043310131477176,0.0787282361847085,-0.372838044047698,2026-06-06/2026-06-12,0.255635,-0.11813499999999999,1440.0,0.2660940974101189,44.531086016539945,-0.39779506572964474,57.777118115524814,0.09527836504580689,2
2026-06-06 03:02:54.830771+00:00,2026-06-06T03:02:54.815935+00:00,SOL,KXSOL15M-26JUN052315-15,2026-06-06 03:15:00+00:00,63.3425,63.556,-0.3359,12.09,0.06,0.36,0.2526,0.1074,no,trade,0.6812,1.0,1.0,1.0,2.624,1.0,1.0,1.0,1,0.0,0.0,0.006557,0.5292,-1.0,13.7,18.64,0.0,-0.549,-0.2046,-0.7302,-1,,-1.5914,,0.9012,0.3087,1.03,,0.8182,-0.1566,-1.0,-2.0,42.97,0.0,42.41,,,0.0,0.2556,-0.0024138,-0.0020402,-0.0024796,-0.1298,,,,0.3154,0.347,-2.0,-1.0,-0.1518,76.77,11.0,1.0,0.2982,0.0239,23.68,1000.0,0.0,1.0,13.32,63.16,-0.2881,-0.6231,Bear,,Bear,Bear,Bear,Bear,,0.1045,0.2526,-0.3474436054020577,-0.1976486955697658,0.4005,1.386152,0.5001,-0.0288,-0.000898,0.001219,0.3566,0.0,-10638.85,-17459949.696799994,0.9357465176029844,-84719398.0194,,,,,,,,,,,,,,,,,,,,,,,,2026-06-06 03:02:54.830771+00:00,True,0.64,0.36,204,0.3462930898787908,0.4249341238344756,0.0187804966531202,51.00095891751939,61.643835616438416,0.3947368421052654,0.660266433248865,0.125647871839174,0.3163358377484229,0.0274052410902492,41.83107840569714,49.30232558139532,0.479638009049773,0.3368928569358076,-0.2347417840375509,0.2236950053172899,0.0633086156380864,41.882228214963106,42.41842610364685,0.4241842610364684,0.3565631594263419,0.0314465408804975,0.0976335318309251,0.2225896167376825,10.582277986653908,16.68003207698474,0.1287925696594426,0.1318209312393599,-7.502180866530972,-0.183398793266232,0.3166683773935222,6.359305230838899,8.043310131477176,0.0787282361847085,-0.372838044047698,2026-06-06/2026-06-12,0.169176,-0.064676,1440.0,0.028811577367449104,46.375047227236365,-0.10492258377143848,59.20047797167132,0.5122769559249656,3
2026-06-06 03:23:07.659203+00:00,2026-06-06T03:23:07.640222+00:00,SOL,KXSOL15M-26JUN052330-30,2026-06-06 03:30:00+00:00,63.095,63.2568,-0.2558,6.88,0.07,0.205,0.1538,0.0512,no,trade,0.8725,1.0,1.0,1.0,0.092,1.0,0.7143,0.119,-1,0.1667,0.119,0.006518,1.0173,1.0,32.86,13.29,0.0,0.1423,0.0948,-0.5338,1,,-1.5914,,0.9596,0.3679,0.8116,,0.8182,-0.1566,-1.0,-2.0,42.97,0.0,42.41,,,0.0,0.2556,-0.0024138,-0.0020402,-0.0024796,-0.1298,,,,0.3154,0.347,-2.0,-1.0,-0.2921,76.77,11.0,1.0,0.2498,0.02,19.88,1000.0,0.0,1.0,5.13,63.05,-0.0713,-0.3269,Bear,,Bear,Bear,Bear,Bear,,0.0556,0.1538,-0.3474436054020577,-0.1976486955697658,0.4005,1.386152,0.5001,-0.0288,-0.000898,0.001219,0.3566,0.0,-10638.85,-17459949.696799994,0.9357465176029844,-84719398.0194,,,,,,,,,,,,,,,,,,,,,,,,2026-06-06 03:23:07.659203+00:00,True,0.795,0.2049999999999999,204,0.1424952501583254,0.1392956818814953,0.0164266332873543,35.024297266221836,15.873015873016032,0.086206896551725,0.1255533132744344,-0.925490196078438,0.0544481530627801,0.0300287457563325,30.10248394726689,5.084745762711647,0.2186046511627896,-0.0172540717392151,-0.2347417840375509,0.2236950053172899,0.0633086156380864,41.882228214963106,42.41842610364685,0.4241842610364684,0.3565631594263419,0.0314465408804975,0.0976335318309251,0.2225896167376825,10.582277986653908,16.68003207698474,0.1287925696594426,0.1318209312393599,-7.502180866530972,-0.183398793266232,0.3166683773935222,6.359305230838899,8.043310131477176,0.0787282361847085,-0.372838044047698,2026-06-06/2026-06-12,0.090223,-0.034623,1440.0,-0.20626229508197147,20.32282282282268,-0.10492258377143848,59.20047797167132,0.39245167229211414,4
2026-06-06 03:48:22.209209+00:00,2026-06-06T03:48:22.193902+00:00,SOL,KXSOL15M-26JUN060000-00,2026-06-06 04:00:00+00:00,62.71,62.764,-0.086,11.63,0.03,0.415,0.3462,0.0688,no,trade,0.1482,1.0,0.875,1.0,2.043,1.0,0.4884,0.5116,-1,0.0,0.5116,0.005844,1.1712,-4.0,17.7,9.01,0.0,0.0478,0.0797,-0.9088,-1,,-1.5148,,1.55,0.4483,1.2343,,0.8182,-0.1566,-1.0,-2.0,42.97,,42.41,,,0.0,0.2658,-0.0024138,-0.0020402,-0.0023931,-0.126,,,,0.3154,0.347,-2.0,-0.9655,0.1675,76.87,11.0,1.0,0.1657,0.0133,13.45,1000.0,1.0,0.0,-13.45,62.87,0.2551,0.1689,Bear,,Bear,Bear,Bear,Bear,,-0.042,0.3462,-0.3474436054020577,-0.1976486955697658,0.4005,1.386152,0.5001,-0.0288,-0.000898,0.001219,0.1969,0.0,-6353.21,-32554714.858799934,0.9522476255568856,-63463524.51979995,,,,,,,,,,,,,,,,,,,,,,,,2026-06-06 03:48:22.209209+00:00,False,0.585,-0.585,204,0.0318623546279983,0.0715387641564326,0.021233816290636,23.06275241939869,14.91228070175453,0.146551724137932,0.0165953693823519,-0.2700127064803048,0.0325340655548508,0.0362382133376795,24.742158963810823,7.657657657657715,0.0765765765765771,-0.0694596974680534,-0.2347417840375509,0.2236950053172899,0.0633086156380864,41.882228214963106,42.41842610364685,0.4241842610364684,0.3565631594263419,0.0314465408804975,0.0976335318309251,0.2225896167376825,10.582277986653908,16.68003207698474,0.1287925696594426,0.1318209312393599,-7.502180866530972,-0.183398793266232,0.3166683773935222,6.359305230838899,8.043310131477176,0.0787282361847085,-0.372838044047698,2026-06-06/2026-06-12,0.123193,-0.165193,1440.0,-0.23704743844004117,13.066971997910754,-0.10492258377143848,59.20047797167132,0.14715947980835042,5
2026-06-06 05:39:27.785712+00:00,2026-06-06T05:39:27.769442+00:00,SOL,KXSOL15M-26JUN060145-45,2026-06-06 05:45:00+00:00,62.0375,62.115,-0.1248,5.54,0.04,0.45,0.3462,0.1038,no,trade,0.1867,0.0,0.6667,-1.0,0.286,1.0,0.7624,0.7624,1,0.2376,0.0,0.011525,2.5289,-1.0,81.51,53.15,-0.0964,0.2098,-0.5764,1.0274,1,,-4.9949,,999.0,0.4483,2.0594,,0.107,-3.4993,-1.0,-4.0,5.17,,33.64,,,0.0,-0.1889,-0.0101768,-0.006954,-0.0040294,-0.4943,,,,-1.2412,0.1081,0.0,0.9651,-1.4349,77.85,11.0,1.0,0.2306,0.0184,18.7,1000.0,1.0,0.0,-18.7,62.22,0.2942,0.169,Bear,,Bear,Bear,Bear,Bear,,0.011,0.3462,-0.2709615179439578,-0.1561529658947869,0.5482,1.592563,0.4352,-2.3086,-0.006206,-0.011536,-0.1132,-1.0,1211.26,-32554714.858799934,0.9522476255568856,-63463524.51979995,,,,,,,,,,,,,,,,,,,,,,,,2026-06-06 05:39:27.785712+00:00,False,0.55,-0.55,205,-0.0644018676541624,0.7260189066954617,0.0493723207221557,62.14278962566938,80.2521008403362,0.6518771331058018,0.8482940194020954,2.1210128247286963,0.3372684889605169,0.0862345739073872,48.55637735759041,52.845528455284565,0.4166666666666667,0.5936000467644754,-3.4839325485205186,-0.1843718988967518,0.0865629984156431,25.231867088138472,5.169340463458102,0.0455259026687596,-0.1131865292203845,-1.194592895315938,0.0955455088339951,0.227853524556199,9.284063758897872,11.379310344827587,0.0910344827586206,0.1122902085429433,-7.502180866530972,-0.183398793266232,0.3166683773935222,6.359305230838899,8.043310131477176,0.0787282361847085,-0.372838044047698,2026-06-06/2026-06-12,-0.153092,0.16409200000000002,1440.0,1.2989478952152966,75.44474007612185,-1.0082399902942574,32.22265984906563,0.10828633405639912,1
2026-06-06 05:49:33.968820+00:00,2026-06-06T05:49:33.956610+00:00,SOL,KXSOL15M-26JUN060200-00,2026-06-06 06:00:00+00:00,62.66,62.2625,0.6384,10.44,0.04,0.86,0.8017,0.0583,no,trade,-0.7091,0.3871,0.3871,1.0,0.328,1.0,0.1591,0.5682,1,0.4318,0.4091,0.011534,0.6087,5.0,100.0,68.77,-0.0481,0.7232,1.1296,2.0938,1,,-4.9949,,999.0,0.4483,2.014,,0.107,-3.4993,-1.0,-4.0,5.17,,33.64,,,0.0,-0.1889,-0.0101768,-0.006954,-0.0040294,-0.4943,,,,-1.2412,0.1081,0.0,1.0,0.0831,77.68,11.0,1.0,0.0678,0.0054,5.46,1000.0,1.0,0.0,-5.46,62.62,-0.0638,0.5742,Bear,,Bear,Bear,Bear,Bear,,0.0314,0.8017,-0.2709615179439578,-0.1561529658947869,0.5482,1.592563,0.4352,-2.3086,-0.006206,-0.011536,0.3476,0.0,24288.24,-32554714.858799934,0.9522476255568856,-63463524.51979995,,,,,,,,,,,,,,,,,,,,,,,,2026-06-06 05:49:33.968820+00:00,False,0.14,-0.14,205,0.1932367149758418,0.8517225526929613,0.0418468290028234,64.76930274014381,86.5546218487395,0.8306451612903222,0.8447416710905242,0.1771051360489384,0.3752707537316521,0.0836470513404473,50.37256166773374,57.222222222222264,0.44017094017094,0.6207136277453857,-3.4839325485205186,-0.1843718988967518,0.0865629984156431,25.231867088138472,5.169340463458102,0.0455259026687596,-0.1131865292203845,-1.194592895315938,0.0955455088339951,0.227853524556199,9.284063758897872,11.379310344827587,0.0910344827586206,0.1122902085429433,-7.502180866530972,-0.183398793266232,0.3166683773935222,6.359305230838899,8.043310131477176,0.0787282361847085,-0.372838044047698,2026-06-06/2026-06-12,-0.165272,0.196672,1440.0,0.03192645724117149,76.60207843651948,-1.0082399902942574,32.22265984906563,0.5534940176868389,2
2026-06-06 06:19:52.448832+00:00,2026-06-06T06:19:52.433454+00:00,SOL,KXSOL15M-26JUN060230-30,2026-06-06 06:30:00+00:00,62.86,62.9483,-0.1403,10.13,0.04,0.4,0.2753,0.1247,no,trade,0.2797,1.0,1.0,1.0,0.556,1.0,0.85,0.925,1,0.075,0.075,0.011753,0.5416,-1.0,90.17,79.53,0.0,-0.2381,-0.2856,2.3052,1,,-1.8877,,999.0,0.4634,1.1432,,0.9442,2.8792,1.0,1.0,40.65,1.0,44.22,,,0.0,0.2095,-0.0028802,-0.0033821,-0.0018902,-0.1223,,,,-1.2412,0.1081,0.0,1.0,-0.1289,77.47,11.0,1.0,0.3119,0.0249,25.2,1000.0,1.0,0.0,-25.2,63.0,0.2227,0.0821,Bear,,Bear,Bear,Bear,Bear,,-0.045,0.2753,-0.3698844061894081,-0.2296317733943753,0.3382,1.220134,0.5681,2.2145,0.003144,0.029725,0.3476,0.0,24288.24,-32554714.858799934,0.9522476255568856,-63463524.51979995,,,,,,,,,,,,,,,,,,,,,,,,2026-06-06 06:19:52.448832+00:00,False,0.6,-0.6,205,0.0,0.8068922333945122,0.0581182032848139,70.93111863167402,92.6640926640925,0.933566433566432,0.923143409118072,0.4797697105389353,0.529933445291067,0.0754070333718864,60.18323917469621,74.37325905292477,0.6238317757009348,0.8047990976303859,3.0657656172737857,0.180705548046022,0.0859757824097695,41.95955849239596,40.651801029159614,0.3596358118361158,0.3476542762336869,-1.194592895315938,0.0955455088339951,0.227853524556199,9.284063758897872,11.379310344827587,0.0910344827586206,0.1122902085429433,-7.502180866530972,-0.183398793266232,0.3166683773935222,6.359305230838899,8.043310131477176,0.0787282361847085,-0.372838044047698,2026-06-06/2026-06-12,-0.056784,0.011784000000000003,1440.0,0.35612758780607656,95.56667103934866,1.5070236574172835,64.0489938880721,0.11937377690802349,3
2026-06-06 06:35:00.832009+00:00,2026-06-06T06:35:00.812302+00:00,SOL,KXSOL15M-26JUN060245-45,2026-06-06 06:45:00+00:00,62.955,63.0117,-0.09,9.99,0.08,0.39,0.3462,0.0438,no,trade,0.1737,0.5,0.0,0.0,0.066,1.0,0.2292,0.625,1,0.375,0.3958,0.012018,0.634,-1.0,76.3,89.31,0.1429,-0.2217,0.2546,2.142,1,,-1.8877,,999.0,0.4634,1.1885,,0.9442,2.8792,1.0,1.0,40.65,1.0,44.22,,,0.0,0.2095,-0.0028802,-0.0033821,-0.0018902,-0.1223,,,,-1.2412,0.1081,0.0,1.0,0.0119,77.34,11.0,1.0,0.1122,0.009,9.15,1000.0,0.0,1.0,5.85,62.85,-0.1668,-0.2566,Bear,,Bear,Bear,Bear,Bear,,-0.048,0.3462,-0.3698844061894081,-0.2296317733943753,0.3382,1.220134,0.5681,2.2145,0.003144,0.029725,0.3476,0.0,24288.24,-32554714.858799934,0.9522476255568856,-63463524.51979995,,,,,,,,,,,,,,,,,,,,,,,,2026-06-06 06:35:00.832009+00:00,True,0.61,0.39,205,-0.2217294900221711,0.7337284891046194,0.0575729966671511,66.92502037746287,75.75757575757575,0.8987341772151899,0.7774691937007845,0.4933948750596828,0.6158901680667423,0.0711682680020934,64.57304260726292,88.4272997032641,0.6962616822429915,0.8854003521015691,3.0657656172737857,0.180705548046022,0.0859757824097695,41.95955849239596,40.651801029159614,0.3596358118361158,0.3476542762336869,-1.194592895315938,0.0955455088339951,0.227853524556199,9.284063758897872,11.379310344827587,0.0910344827586206,0.1122902085429433,-7.502180866530972,-0.183398793266232,0.3166683773935222,6.359305230838899,8.043310131477176,0.0787282361847085,-0.372838044047698,2026-06-06/2026-06-12,0.010996,-0.058996,1440.0,-0.2018779388769154,88.52285106455811,1.5070236574172835,64.0489938880721,0.07488766849725412,4
2026-06-06 07:05:20.646011+00:00,2026-06-06T07:05:20.627075+00:00,SOL,KXSOL15M-26JUN060315-15,2026-06-06 07:15:00+00:00,62.1425,62.1587,-0.0261,9.66,0.04,0.49,0.4069,0.0831,no,trade,0.0433,1.0,0.3333,1.0,0.226,1.0,0.7719,0.0702,-1,0.1579,0.0702,0.012102,0.7578,-3.0,7.14,62.97,0.0,0.0483,-0.7506,-0.7271,-1,,-2.3851,,0.0033,0.4162,1.4039,,0.0354,-0.6704,-1.0,-1.0,35.51,0.0,36.38,,,0.0,0.1912,-0.0066676,-0.0009454,-0.0030384,-0.1568,,,,-1.2412,0.1081,-2.0,-1.0,0.682,76.75,11.0,1.0,0.1695,0.0136,13.77,1000.0,1.0,0.0,-13.77,63.14,1.6052,1.5787,Bear,,Bear,Bear,Bear,Bear,,-0.0144,0.4069,-0.3499689326859496,-0.2267192180776496,0.3552,1.327342,0.5222,-0.1513,0.001857,-0.004195,0.318,0.0,26212.99,-32554714.858799934,0.9522476255568856,-63463524.51979995,,,,,,,,,,,,,,,,,,,,,,,,2026-06-06 07:05:20.646011+00:00,False,0.51,-0.51,205,-0.1285553591515276,0.1890919133896615,0.0239624291237074,32.6851026230575,7.142857142856861,0.1136363636363625,-0.0310123289712152,-0.9864757358790888,0.4392304107559253,0.0647941191242086,45.69354686820838,65.50632911392398,0.560975609756097,0.4042275009058166,-0.4797697105389464,0.160142884047524,0.0853937931226237,40.27787486744376,35.50600343053175,0.314112291350531,0.3179776040502256,-1.194592895315938,0.0955455088339951,0.227853524556199,9.284063758897872,11.379310344827587,0.0910344827586206,0.1122902085429433,-7.502180866530972,-0.183398793266232,0.3166683773935222,6.359305230838899,8.043310131477176,0.0787282361847085,-0.372838044047698,2026-06-06/2026-06-12,-0.083511,0.069111,1440.0,-0.21107647193807644,71.28859129304031,-0.3421672682508925,56.71397725434487,0.021566683192860685,5
2026-06-06 07:35:36.435275+00:00,2026-06-06T07:35:36.423170+00:00,SOL,KXSOL15M-26JUN060345-45,2026-06-06 07:45:00+00:00,62.79,62.639,0.2411,9.4,0.06,0.83,0.788,0.042,no,trade,-0.5437,1.0,1.0,1.0,0.149,1.0,0.7925,0.0,-1,0.2075,0.0,0.012953,0.6526,1.0,59.26,80.38,0.0,0.1437,-0.4762,-0.1332,-1,,-2.3851,,999.0,0.4162,1.0475,,0.0354,-0.6704,-1.0,-1.0,35.51,0.0,36.38,,,0.0,0.1912,-0.0066676,-0.0009454,-0.0030384,-0.1568,,,,-1.2412,0.1081,-2.0,-1.0,-0.1111,76.42,11.0,1.0,0.0506,0.004,4.08,1000.0,1.0,0.0,-4.08,63.1,0.4937,0.736,Bear,,Bear,Bear,Bear,Bear,,-0.0601,0.788,-0.3499689326859496,-0.2267192180776496,0.3552,1.327342,0.5222,-0.1513,0.001857,-0.004195,0.318,0.0,26212.99,-32554714.858799934,0.9522476255568856,-63463524.51979995,,,,,,,,,,,,,,,,,,,,,,,,2026-06-06 07:35:36.435275+00:00,False,0.17,-0.17,205,0.1437470052707334,0.448597955092753,0.0179795369257066,51.56946108018188,56.6371681415932,0.5079365079365092,0.5188856511595866,-0.3501512016552577,0.56204228068577,0.0596878337627523,51.78548559720921,77.53164556962025,0.680555555555556,0.5537056436376362,-0.4797697105389464,0.160142884047524,0.0853937931226237,40.27787486744376,35.50600343053175,0.314112291350531,0.3179776040502256,-1.194592895315938,0.0955455088339951,0.227853524556199,9.284063758897872,11.379310344827587,0.0910344827586206,0.1122902085429433,-7.502180866530972,-0.183398793266232,0.3166683773935222,6.359305230838899,8.043310131477176,0.0787282361847085,-0.372838044047698,2026-06-06/2026-06-12,-0.048049,-0.012051,1440.0,-0.42184404192548985,76.59968858901168,-0.3421672682508925,56.71397725434487,0.18613448621940865,6
2026-06-06 08:05:55.377250+00:00,2026-06-06T08:05:55.361751+00:00,SOL,KXSOL15M-26JUN060415-15,2026-06-06 08:15:00+00:00,62.67,62.7428,-0.116,9.08,0.02,0.49,0.3462,0.1438,no,trade,0.4535,0.0,1.0,-1.0,0.026,1.0,0.8437,0.0,-1,0.1563,0.0,0.01101,0.4638,-2.0,56.48,79.43,0.0,-0.0478,-0.3815,-0.1134,-1,,-1.0789,,999.0,0.4167,0.6158,,0.6667,1.0625,1.0,1.0,50.29,0.0,41.26,,,1.0,0.3194,-0.0029471,-0.0010814,-0.001466,-0.0516,,50.0,50.0,-0.1432,0.8291,-2.0,-1.0,0.3028,76.24,11.0,1.0,0.2934,0.0235,23.46,1000.0,1.0,0.0,-23.46,62.84,0.2713,0.1549,Bear,,Bear,Bear,Bear,Bear,,0.0089,0.3462,-0.3459117967345141,-0.2354506899016386,0.1276,1.312403,0.5282,0.7394,0.00303,0.003727,0.4438,0.0,25440.09,-18590150.504700005,0.9479002522153966,-68604815.06029993,,,,,,,,,,,,,,,,,,,,,,,,2026-06-06 08:05:55.377250+00:00,False,0.51,-0.51,205,-0.1752150366358673,0.4287741187207587,0.0168937683875232,46.198076143027635,58.653846153846146,0.5398230088495591,0.3219784568399648,-0.3492063492063435,0.6441742295031309,0.0537764783827726,53.53393292545297,82.91139240506334,0.7774480712166175,0.5887113293906169,0.8838180941667995,0.2820699297898612,0.0821897370875015,44.93429812813934,50.28790786948177,0.397572078907436,0.4437689339938746,-0.1272669424117078,0.1331352048721881,0.2337624730226288,9.13342392518679,21.924686192468652,0.1690322580645164,0.1834757370586728,-7.502180866530972,-0.183398793266232,0.3166683773935222,6.359305230838899,8.043310131477176,0.0787282361847085,-0.372838044047698,2026-06-06/2026-06-12,-0.014395,0.023295,1440.0,-0.07636648181271743,86.3617956892965,0.43502945107243285,66.00776475056443,0.10535876475930972,7
2026-06-06 08:16:00.310121+00:00,2026-06-06T08:16:00.295464+00:00,SOL,KXSOL15M-26JUN060430-30,2026-06-06 08:30:00+00:00,62.925,62.9442,-0.0305,14.0,0.06,0.42,0.3116,0.1084,no,trade,0.1034,0.5,0.0,0.0,0.069,1.0,0.8235,1.0,1,0.0,0.1765,0.010185,0.2656,0.0,43.4,84.81,0.0,0.0,0.2233,0.1793,1,,-1.0789,,999.0,0.4664,0.5718,,0.6667,1.0625,1.0,1.0,50.29,0.0,41.26,,,1.0,0.3194,-0.0029471,-0.0010814,-0.001466,-0.0516,,50.0,50.0,-0.1432,0.8291,-1.0,-0.4682,0.1619,76.1,11.0,1.0,0.2582,0.0207,20.88,1000.0,1.0,0.0,-20.88,63.33,0.6436,0.6129,Bear,,Bear,Bear,Bear,Bear,,0.0251,0.3116,-0.3459117967345141,-0.2354506899016386,0.1276,1.312403,0.5282,0.7394,0.00303,0.003727,0.4438,0.0,25440.09,-18590150.504700005,0.9479002522153966,-68604815.06029993,,,,,,,,,,,,,,,,,,,,,,,,2026-06-06 08:16:00.310121+00:00,False,0.5800000000000001,-0.5800000000000001,205,0.2712621669060278,0.6304019986141334,0.0154071317298367,55.9019387345859,72.63157894736871,0.735849056603778,0.6837594594681724,0.0955718381650205,0.669783631030249,0.0528640477427387,54.65262966275245,84.8101265822786,0.8427672955974846,0.6123095966161722,0.8838180941667995,0.2820699297898612,0.0821897370875015,44.93429812813934,50.28790786948177,0.397572078907436,0.4437689339938746,-0.1272669424117078,0.1331352048721881,0.2337624730226288,9.13342392518679,21.924686192468652,0.1690322580645164,0.1834757370586728,-7.502180866530972,-0.183398793266232,0.3166683773935222,6.359305230838899,8.043310131477176,0.0787282361847085,-0.372838044047698,2026-06-06/2026-06-12,0.046529,-0.021429,1440.0,0.17720467976383159,92.05270693295155,0.43502945107243285,66.00776475056443,0.029945999018163968,8
2026-06-06 08:46:16.918919+00:00,2026-06-06T08:46:16.900284+00:00,SOL,KXSOL15M-26JUN060500-00,2026-06-06 09:00:00+00:00,63.135,63.2978,-0.2572,13.72,0.06,0.29,0.2124,0.0776,no,trade,0.5477,1.0,1.0,1.0,0.03,1.0,0.0357,0.1786,1,0.8214,0.1429,0.008819,0.5013,0.0,74.44,85.63,0.0,0.079,-0.1261,0.7312,1,,-1.604,,999.0,0.3644,0.9202,,0.6667,1.0625,1.0,1.0,50.29,,41.26,,,1.0,0.3306,-0.0029471,-0.0010814,-0.003284,-0.0719,,,,-0.1432,0.8291,0.0,1.0,-0.2952,76.24,11.0,1.0,0.2674,0.0214,21.3,1000.0,0.0,1.0,8.7,63.17,0.0554,-0.2019,Bear,,Bear,Bear,Bear,Bear,,0.0012,0.2124,-0.3459117967345141,-0.2354506899016386,0.1276,1.312403,0.5282,0.7394,0.00303,0.003727,0.5587,0.0,18095.75,-18590150.504700005,0.9479002522153966,-68604815.06029993,,,,,,,,,,,,,,,,,,,,,,,,2026-06-06 08:46:16.918919+00:00,True,0.71,0.29,205,0.079001422025593,0.9428590945371822,0.0158859914136668,70.02379425428876,74.44444444444474,0.8380281690140869,1.0703460747306155,-0.1418886962005316,0.7880470814459284,0.0561417558103657,62.07351365136682,91.90140845070437,0.9325513196480948,0.7987027214415506,0.8838180941667995,0.2820699297898612,0.0821897370875015,44.93429812813934,50.28790786948177,0.397572078907436,0.4437689339938746,-0.1272669424117078,0.1331352048721881,0.2337624730226288,9.13342392518679,21.924686192468652,0.1690322580645164,0.1834757370586728,-7.502180866530972,-0.183398793266232,0.3166683773935222,6.359305230838899,8.043310131477176,0.0787282361847085,-0.372838044047698,2026-06-06/2026-06-12,0.000797,0.00040299999999999993,1440.0,-0.07758770291886874,94.28911627433114,0.43502945107243285,66.00776475056443,0.2916430434289602,9
2026-06-06 09:36:49.152243+00:00,2026-06-06T09:36:49.135975+00:00,SOL,KXSOL15M-26JUN060545-45,2026-06-06 09:45:00+00:00,63.4325,63.498,-0.1032,8.18,0.08,0.32,0.2753,0.0447,no,trade,0.2576,0.0,1.0,-1.0,0.513,1.0,1.0,0.0,-1,0.0,0.0,0.006178,0.051,1.0,76.19,93.38,0.0,-0.1102,0.5067,0.3102,1,,-0.6576,,999.0,0.4634,1.0154,,0.7444,1.0207,1.0,2.0,61.04,0.0,51.7,,,0.0,0.4386,-0.0010754,-0.0017446,-0.0025237,0.0183,,,,-0.1432,0.8291,0.0,1.0,-0.0606,75.92,11.0,1.0,0.1398,0.0112,10.88,1000.0,0.0,1.0,5.12,63.15,-0.4454,-0.548,Bull,,Bear,Bear,Bear,Bear,,0.2321,0.2753,-0.3328196615607277,-0.2115794121702267,0.2035,1.375953,0.5038,0.73,0.003142,0.000405,0.5587,0.0,18095.75,-18590150.504700005,0.9479002522153966,-68604815.06029993,,,,,,,,,,,,,,,,,,,,,,,,2026-06-06 09:36:49.152243+00:00,True,0.6799999999999999,0.32,206,0.5067300079176551,0.8233745808007581,0.016482357260286,67.9849246350451,84.37499999999979,0.8888888888888872,1.073513894732097,-0.28422548555187,0.675936284461539,0.0560357163307308,55.5349302505498,72.18543046357601,0.8768328445747797,0.5778167291895521,0.8920038228735327,0.4069224055281809,0.0779641127170262,49.58081585934369,61.0364683301344,0.4825493171471935,0.5587016663381223,-0.1272669424117078,0.1331352048721881,0.2337624730226288,9.13342392518679,21.924686192468652,0.1690322580645164,0.1834757370586728,-7.502180866530972,-0.183398793266232,0.3166683773935222,6.359305230838899,8.043310131477176,0.0787282361847085,-0.372838044047698,2026-06-06/2026-06-12,0.002584,0.229516,1440.0,0.12223567514964007,78.59738132043826,0.4088065415602582,74.77933057159537,0.16704435092262868,1
2026-06-06 10:47:36.070340+00:00,2026-06-06T10:47:36.049697+00:00,SOL,KXSOL15M-26JUN060700-00,2026-06-06 11:00:00+00:00,61.4575,61.5095,-0.0845,12.4,0.05,0.485,0.376,0.109,no,trade,0.1328,0.5,0.0,0.0,0.0,1.0,0.8095,0.1111,-1,0.0794,0.1111,0.006639,1.542,1.0,13.06,12.5,0.0,0.3588,0.2934,-0.8905,-1,,-0.6831,,1.1,0.4167,1.3115,,0.099,-0.8548,-1.0,-1.0,47.41,,45.89,,,0.0,0.3364,-0.0006109,-0.0029669,-0.0003292,-0.0586,,,,-0.1432,0.8291,-2.0,-0.9882,-0.8672,76.21,11.0,1.0,0.2248,0.018,18.03,1000.0,1.0,0.0,-18.03,61.8,0.5573,0.4723,Sideways,,Bear,Bear,Bear,Bear,,0.1035,0.376,-0.3431839716467284,-0.2115597475899908,0.157,1.313717,0.5276,-0.635,-0.000361,-0.011383,0.2611,0.0,-18436.4,-18590150.504700005,0.9479002522153966,-68604815.06029993,,,,,,,,,,,,,,,,,,,,,,,,2026-06-06 10:47:36.070340+00:00,False,0.515,-0.515,207,0.1142857142857112,0.0860087619229137,0.0472152703742929,20.276093434732857,3.1531531531531676,0.0305676855895197,-0.2544534024418394,-1.1923944569771194,-0.1742489264264664,0.0347567487883271,24.064407877797663,3.0172413793103567,0.0301724137931035,-0.2534139151910323,-1.1209346384591146,0.2849592332365214,0.0792611778341101,44.13552723011734,47.40882917466415,0.423670668953689,0.408431635476114,-0.1272669424117078,0.1331352048721881,0.2337624730226288,9.13342392518679,21.924686192468652,0.1690322580645164,0.1834757370586728,-7.502180866530972,-0.183398793266232,0.3166683773935222,6.359305230838899,8.043310131477176,0.0787282361847085,-0.372838044047698,2026-06-06/2026-06-12,0.173693,-0.07019299999999999,1440.0,-0.2573529593856927,24.48037115332757,-0.4407020022649699,60.2075943244113,0.12727820454887784,1
2026-06-06 11:33:04.592686+00:00,2026-06-06T11:33:04.572107+00:00,SOL,KXSOL15M-26JUN060745-45,2026-06-06 11:45:00+00:00,62.23,62.2478,-0.0286,11.93,0.02,0.5,0.3225,0.1775,no,trade,0.0863,1.0,1.0,1.0,0.145,1.0,0.5946,0.8108,1,0.1892,0.2162,0.006634,0.8962,0.0,93.33,42.24,0.0,0.0,-0.1124,0.5145,1,,-1.8123,,999.0,0.3087,0.6957,,0.3846,-1.404,-1.0,-2.0,31.48,0.0,37.54,,,0.0,0.1784,0.0030757,-0.0035506,-0.0011424,-0.1846,,,,-0.1432,0.8291,-1.0,-0.5665,0.1234,77.0,11.0,1.0,0.355,0.0284,28.5,1000.0,1.0,0.0,-28.5,62.42,0.3053,0.2766,Sideways,,Bear,Bear,Bear,Bear,,0.0794,0.3225,-0.2975213878148158,-0.2051165202709244,0.1358,1.434572,0.4832,-0.7788,-0.002369,-0.006505,0.2611,0.0,-18436.4,-18590150.504700005,0.9479002522153966,-68604815.06029993,,,,,,,,,,,,,,,,,,,,,,,,2026-06-06 11:33:04.592686+00:00,False,0.5,-0.5,208,0.0965095705323992,0.6557677869778968,0.0257387031401842,56.82475589897774,93.33333333333329,0.6712328767123262,0.770815967261354,0.3709677419354795,0.3206771203646538,0.0389755786304621,46.578045742585715,42.24137931034469,0.4224137931034469,0.4677638916744598,-1.3252434935334567,0.1580503863888877,0.0800605414213477,38.46298194672526,31.477927063339695,0.2813036020583192,0.2610557441232771,-0.1272669424117078,0.1331352048721881,0.2337624730226288,9.13342392518679,21.924686192468652,0.1690322580645164,0.1834757370586728,-7.502180866530972,-0.183398793266232,0.3166683773935222,6.359305230838899,8.043310131477176,0.0787282361847085,-0.372838044047698,2026-06-06/2026-06-12,0.114911,-0.035511,1440.0,0.24142057906297865,49.455897166692544,-0.6376895423341744,44.529184134150235,0.04311124510099488,1
2026-06-06 12:48:49.714844+00:00,2026-06-06T12:48:49.701892+00:00,SOL,KXSOL15M-26JUN060900-00,2026-06-06 13:00:00+00:00,62.75,62.5547,0.3122,11.17,0.05,0.865,0.8017,0.0633,no,trade,-0.7015,1.0,0.9583,1.0,1.39,1.0,0.7708,1.0,1,0.0,0.2292,0.007136,1.0718,2.0,100.0,65.94,0.3999,0.4481,0.6737,0.6009,1,,-1.3229,,999.0,0.4167,0.9638,,0.6932,0.9547,1.0,1.0,47.05,,39.48,,,0.0,0.3279,-0.0003736,-0.0016269,-0.0024031,-0.085,,,,-0.4944,0.4914,0.0,1.0,1.0186,76.21,11.0,1.0,0.0732,0.0059,5.81,1000.0,1.0,0.0,-5.81,62.93,0.2869,0.6,Sideways,,Bear,Bear,Bear,Bear,,-0.0091,0.8017,-0.3713713516460196,-0.2186096804460434,0.2398,1.226002,0.5654,0.7886,0.000499,0.009303,0.5465,0.0,-4486.12,-2900034.1387999654,0.991054988693532,-54044899.502299905,,,,,,,,,,,,,,,,,,,,,,,,2026-06-06 12:48:49.714844+00:00,False,0.135,-0.135,209,0.3689444979146472,0.6967252006616994,0.0133584941412237,58.12278138236745,72.72727272727263,0.7804878048780493,0.7463863494912758,0.4333868378812333,0.4859289548542141,0.0385967269773054,54.30825710993282,57.641921397379946,0.5689655172413793,0.6418835319053112,0.9546925566343178,0.2945430979936828,0.0809723377646536,44.32834520944737,47.046413502109694,0.3825042881646663,0.4174372589396181,-0.6212169480726337,0.1509388114513113,0.2422105665876668,8.444069144971735,19.240724762726515,0.1438709677419357,0.1958735255827665,-7.502180866530972,-0.183398793266232,0.3166683773935222,6.359305230838899,8.043310131477176,0.0787282361847085,-0.372838044047698,2026-06-06/2026-06-12,0.087179,-0.096279,1440.0,0.10013170372538127,59.04402335380361,0.32231834241183144,53.32387190982646,0.43749999999999994,1
2026-06-06 13:04:00.233380+00:00,2026-06-06T13:04:00.222090+00:00,SOL,KXSOL15M-26JUN060915-15,2026-06-06 13:15:00+00:00,62.8975,62.9192,-0.0345,11.0,0.04,0.44,0.3225,0.1175,no,trade,0.0871,0.0,1.0,-1.0,0.144,1.0,0.6667,0.7778,1,0.2222,0.1111,0.007535,1.1403,-1.0,79.17,84.21,0.0,-0.2223,0.1434,0.4265,1,,-0.4244,,999.0,0.3803,0.8659,,0.875,0.6236,1.0,2.0,59.19,0.0,43.53,,,0.0,0.4431,0.0018643,-0.0024016,-0.0017143,0.0187,,,,-0.4944,0.4914,0.0,1.0,-0.4999,76.19,11.0,1.0,0.2671,0.0214,21.28,1000.0,0.0,1.0,16.72,62.8,-0.155,-0.1894,Sideways,,Bear,Bear,Bear,Bear,,0.0187,0.3225,-0.3263547509328922,-0.2372308532188698,0.3104,1.181831,0.5865,0.7578,0.001745,0.003896,0.5465,0.0,-4486.12,-2900034.1387999654,0.991054988693532,-54044899.502299905,,,,,,,,,,,,,,,,,,,,,,,,2026-06-06 13:04:00.233380+00:00,True,0.56,0.4399999999999999,209,-0.0952532147959983,0.936464142068183,0.0150619509598015,68.2459531381041,87.50000000000018,0.8750000000000019,1.0227526097397517,0.5753556017260575,0.6311131003675091,0.038797991288998,62.13402490694791,73.36244541484717,0.7241379310344825,0.8367163182467223,0.8655233210450364,0.4203643504849574,0.0723142743620065,49.40869882939021,59.188034188034166,0.4751286449399663,0.5465165744187113,-0.6212169480726337,0.1509388114513113,0.2422105665876668,8.444069144971735,19.240724762726515,0.1438709677419357,0.1958735255827665,-7.502180866530972,-0.183398793266232,0.3166683773935222,6.359305230838899,8.043310131477176,0.0787282361847085,-0.372838044047698,2026-06-06/2026-06-12,0.059602,-0.040902,1440.0,0.3398901708610458,76.47386253630222,0.3577136981204987,67.6722677083891,0.0457863304578633,2
2026-06-06 13:19:08.621005+00:00,2026-06-06T13:19:08.601853+00:00,SOL,KXSOL15M-26JUN060930-30,2026-06-06 13:30:00+00:00,62.7,62.7687,-0.1094,10.86,0.06,0.33,0.2753,0.0547,no,trade,0.2517,0.0588,0.0588,1.0,0.066,1.0,0.7222,0.0556,-1,0.2222,0.0556,0.007318,0.3925,-2.0,59.37,78.33,0.0,-0.2229,-0.3023,0.1,-1,,-0.4244,,999.0,0.3803,0.957,,0.875,0.6236,1.0,2.0,59.19,0.0,43.53,,,0.0,0.4431,0.0018643,-0.0024016,-0.0017143,0.0187,,,,-0.4944,0.4914,-2.0,-1.0,0.117,75.99,11.0,1.0,0.1659,0.0133,13.4,1000.0,0.0,1.0,6.6,62.65,-0.0797,-0.1891,Sideways,,Bear,Bear,Bear,Bear,,-0.0537,0.2753,-0.3263547509328922,-0.2372308532188698,0.3104,1.181831,0.5865,0.7578,0.001745,0.003896,0.5465,0.0,-4486.12,-2900034.1387999654,0.991054988693532,-54044899.502299905,,,,,,,,,,,,,,,,,,,,,,,,2026-06-06 13:19:08.621005+00:00,True,0.6699999999999999,0.33,209,-0.2382086707956143,0.7223367201114634,0.0144010310471482,57.33355880684478,76.04166666666684,0.7604166666666684,0.6362961009923331,-0.1747973939297598,0.5862963252675317,0.0387743523596939,58.61510340496236,82.6315789473685,0.6767241379310345,0.7243221137140969,0.8655233210450364,0.4203643504849574,0.0723142743620065,49.40869882939021,59.188034188034166,0.4751286449399663,0.5465165744187113,-0.6212169480726337,0.1509388114513113,0.2422105665876668,8.444069144971735,19.240724762726515,0.1438709677419357,0.1958735255827665,-7.502180866530972,-0.183398793266232,0.3166683773935222,6.359305230838899,8.043310131477176,0.0787282361847085,-0.372838044047698,2026-06-06/2026-06-12,-0.003084,-0.050615999999999994,1440.0,0.015831521148590433,86.02188207394624,0.3577136981204987,67.6722677083891,0.14949439737633233,3
2026-06-06 13:49:25.845363+00:00,2026-06-06T13:49:25.826358+00:00,SOL,KXSOL15M-26JUN061000-00,2026-06-06 14:00:00+00:00,62.4325,62.4558,-0.0373,10.57,0.05,0.455,0.3462,0.1088,no,trade,0.0751,0.5,0.0,0.0,0.0,1.0,0.619,0.381,-1,0.0,0.381,0.006099,1.0991,1.0,52.44,78.33,0.0,0.4328,0.691,0.0808,1,,-0.4942,,999.0,0.3803,1.1078,,0.875,0.6236,1.0,2.0,59.19,,43.53,,,0.0,0.4623,0.0018643,-0.0024016,-0.002055,0.0157,,,,-0.4944,0.4914,0.0,1.0,0.3244,75.93,11.0,1.0,0.239,0.0191,19.08,1000.0,0.0,1.0,15.93,62.34,-0.1482,-0.1854,Sideways,,Bear,Bear,Bear,Bear,,0.0147,0.3462,-0.3263547509328922,-0.2372308532188698,0.3104,1.181831,0.5865,0.7578,0.001745,0.003896,0.4055,0.0,-1970.57,-2900034.1387999654,0.991054988693532,-54044899.502299905,,,,,,,,,,,,,,,,,,,,,,,,2026-06-06 13:49:25.845363+00:00,True,0.5449999999999999,0.455,209,0.0,0.2723877855583516,0.0152978746843061,39.72167677935059,19.512195121951663,0.312499999999999,0.1415838001837387,-0.4150039904229796,0.4388133829769944,0.0350268918972673,45.75849302326263,63.333333333333464,0.4978165938864633,0.371948956759321,0.8655233210450364,0.4203643504849574,0.0723142743620065,49.40869882939021,59.188034188034166,0.4751286449399663,0.5465165744187113,-0.6212169480726337,0.1509388114513113,0.2422105665876668,8.444069144971735,19.240724762726515,0.1438709677419357,0.1958735255827665,-7.502180866530972,-0.183398793266232,0.3166683773935222,6.359305230838899,8.043310131477176,0.0787282361847085,-0.372838044047698,2026-06-06/2026-06-12,-0.000505,0.015205,1440.0,-0.024077456487725524,72.0985591606481,0.3577136981204987,67.6722677083891,0.06115756681423184,4
2026-06-06 14:24:48.502857+00:00,2026-06-06T14:24:48.490872+00:00,SOL,KXSOL15M-26JUN061030-30,2026-06-06 14:30:00+00:00,62.695,62.747,-0.0829,5.2,0.05,0.365,0.2124,0.1526,no,trade,0.4454,1.0,1.0,1.0,0.277,1.0,0.9348,0.9348,1,0.0652,0.0,0.005897,1.2408,2.0,100.0,85.04,0.0,0.0955,0.3032,0.3138,1,,-1.293,,999.0,0.4138,0.592,,0.1486,-0.9375,-1.0,-1.0,46.58,-1.0,44.57,,,-1.0,0.3381,-0.0011722,-0.0020597,-0.0025153,-0.0897,,,,-0.4944,0.4914,-2.0,-1.0,-0.1308,75.89,11.0,1.0,0.418,0.0334,33.66,1000.0,0.0,1.0,19.35,62.56,-0.2153,-0.298,Bull,,Bear,Bear,Bear,Sideways,,-0.0389,0.2124,-0.3138694308692433,-0.2048890491113365,0.2335,1.17659,0.5891,-0.4813,-0.000741,-0.007817,0.4055,0.0,-1970.57,-2900034.1387999654,0.991054988693532,-54044899.502299905,,,,,,,,,,,,,,,,,,,,,,,,2026-06-06 14:24:48.502857+00:00,True,0.635,0.365,209,0.0318572793883253,0.6640871914078924,0.0141038469472964,61.36968682137224,78.08219178082153,0.6951219512195123,0.9015450821220916,0.7058068655758643,0.6740630183757745,0.0306818276453162,57.383487775518255,84.39306358381523,0.6681222707423589,0.6966361973806141,-0.9375496583505448,0.3110364376225549,0.0684990838238356,44.34081408566306,46.58119658119666,0.4184261036468337,0.4055061213889587,-0.6212169480726337,0.1509388114513113,0.2422105665876668,8.444069144971735,19.240724762726515,0.1438709677419357,0.1958735255827665,-7.502180866530972,-0.183398793266232,0.3166683773935222,6.359305230838899,8.043310131477176,0.0787282361847085,-0.372838044047698,2026-06-06/2026-06-12,-0.037361,-0.0015389999999999987,1440.0,0.2597235141880816,71.33920146832648,-0.3513581593218018,64.80089111668075,0.14057995590978464,5
2026-06-06 17:46:14.991054+00:00,2026-06-06T17:46:14.973804+00:00,SOL,KXSOL15M-26JUN061400-00,2026-06-06 18:00:00+00:00,61.8175,61.856,-0.0622,13.75,0.05,0.455,0.3462,0.1088,no,trade,0.106,1.0,1.0,1.0,0.223,1.0,0.0213,0.0638,-1,0.9149,0.0638,0.006373,1.1899,1.0,59.02,46.32,0.3075,0.3075,0.1292,0.3092,1,,-0.9724,,0.2416,0.3087,1.1478,,0.8222,0.1935,1.0,-2.0,58.36,,42.22,,,0.0,0.364,0.0009412,0.0020085,-0.0018512,-0.0922,,,,-0.5916,0.4824,-1.0,0.3411,-0.1043,76.72,11.0,1.0,0.239,0.0191,19.08,1000.0,0.0,1.0,15.93,61.5,-0.5136,-0.5755,Bear,,Bear,Bear,Bear,Bear,,-0.0477,0.3462,-0.3086515726114061,-0.2593705849354739,0.2941,1.159528,0.5978,0.1382,-0.000418,0.001709,0.2399,0.0,-13146.99,-1451059.852099985,0.9941420808077388,-22941244.495599955,,,,,,,,,,,,,,,,,,,,,,,,2026-06-06 17:46:14.991054+00:00,True,0.5449999999999999,0.455,210,-0.2582728006456869,0.4131636107683139,0.0135890822260988,44.41385130003005,42.857142857142854,0.4222222222222224,0.3526826446287664,-0.0970088924818091,0.2462435073826137,0.0276119731047135,42.22520959315961,29.13907284768201,0.258823529411764,0.3651198719685547,-0.0321698568441441,0.3120295685618136,0.0668997188011239,42.763116344841656,58.35777126099706,0.3819577735124758,0.3946798966136212,-0.3526206122776099,0.1652974053762725,0.2359401650225472,8.026695632903,19.27133269415152,0.129677419354839,0.2149343419738978,-7.502180866530972,-0.183398793266232,0.3166683773935222,6.359305230838899,8.043310131477176,0.0787282361847085,-0.372838044047698,2026-06-06/2026-06-12,-0.265501,0.217801,1440.0,-0.0008243552799824805,42.48947439902187,-0.1416440842958222,62.05840743734862,0.09759924682253256,1
2026-06-06 18:06:25.205295+00:00,2026-06-06T18:06:25.187735+00:00,SOL,KXSOL15M-26JUN061415-15,2026-06-06 18:15:00+00:00,61.5925,61.5983,-0.0094,8.58,0.05,0.515,0.376,0.139,no,trade,0.0276,0.75,0.75,1.0,0.168,1.0,1.0,0.0,-1,0.0,0.0,0.006617,1.1769,1.0,19.18,21.32,0.0325,0.2276,0.0162,-0.1624,-1,,-1.8204,,0.7135,0.3679,0.8454,,0.0,-1.0299,-1.0,-3.0,39.3,-1.0,43.23,,,-1.0,0.18,-0.0023946,-0.0013841,-0.0023926,-0.218,,,,-0.5916,0.4824,-2.0,-1.0,-0.1348,76.87,11.0,1.0,0.27,0.0216,21.82,1000.0,0.0,1.0,23.17,61.53,-0.1015,-0.1109,Bear,,Bear,Bear,Bear,Bear,,-0.0495,0.376,-0.3099416192604781,-0.2580437763523631,0.354,1.15368,0.6008,-0.5581,-0.001676,-0.003976,0.2399,0.0,-13146.99,-1451059.852099985,0.9941420808077388,-22941244.495599955,,,,,,,,,,,,,,,,,,,,,,,,2026-06-06 18:06:25.205295+00:00,True,0.485,0.515,210,0.2601626016260017,0.341331081806763,0.0140229676211711,43.55342962708305,21.917808219177708,0.3048780487804877,0.3732984536043299,-0.4693316070561559,0.115169285477013,0.0273632291006091,35.275785046702524,11.029411764705785,0.0925925925925918,0.1976663404821798,-1.045856798069189,0.1797501806451784,0.063250645831692,36.38291624972549,39.296187683284515,0.2827004219409284,0.2398861021122194,-0.3526206122776099,0.1652974053762725,0.2359401650225472,8.026695632903,19.27133269415152,0.129677419354839,0.2149343419738978,-7.502180866530972,-0.183398793266232,0.3166683773935222,6.359305230838899,8.043310131477176,0.0787282361847085,-0.372838044047698,2026-06-06/2026-06-12,-0.265501,0.216001,1440.0,-0.1304800293341013,29.054054054053914,-0.2543132307759266,54.255254648342834,0.014205833459271575,2
2026-06-06 18:16:29.674400+00:00,2026-06-06T18:16:29.656803+00:00,SOL,KXSOL15M-26JUN061430-30,2026-06-06 18:30:00+00:00,61.4725,61.5305,-0.0943,13.51,0.07,0.415,0.3462,0.0688,no,trade,0.2275,1.0,1.0,1.0,0.145,1.0,0.6111,0.7222,1,0.2778,0.1111,0.006687,0.4375,-1.0,6.67,16.98,-0.1298,0.0813,0.0488,-0.3981,-1,,-1.8204,,0.8757,0.4522,0.8175,,0.0,-1.0299,-1.0,-3.0,39.3,-1.0,43.23,,,-1.0,0.18,-0.0023946,-0.0013841,-0.0023926,-0.218,,,,-0.5916,0.4824,-2.0,-1.0,-0.1243,76.87,11.0,1.0,0.1657,0.0133,13.45,1000.0,1.0,0.0,-13.45,61.96,0.793,0.698,Bear,,Bear,Bear,Bear,Bear,,-0.0534,0.3462,-0.3099416192604781,-0.2580437763523631,0.354,1.15368,0.6008,-0.5581,-0.001676,-0.003976,0.2399,0.0,-13146.99,-1451059.852099985,0.9941420808077388,-22941244.495599955,,,,,,,,,,,,,,,,,,,,,,,,2026-06-06 18:16:29.674400+00:00,False,0.585,-0.585,210,0.1462938881664488,0.2682775100288263,0.0135113801243085,43.30606667082551,17.333333333333677,0.1948051948051939,0.3691949413822587,0.1788617886178789,0.2058608918662818,0.026499821773255,39.62419980081339,19.11764705882339,0.172185430463575,0.312772645861911,-1.045856798069189,0.1797501806451784,0.063250645831692,36.38291624972549,39.296187683284515,0.2827004219409284,0.2398861021122194,-0.3526206122776099,0.1652974053762725,0.2359401650225472,8.026695632903,19.27133269415152,0.129677419354839,0.2149343419738978,-7.502180866530972,-0.183398793266232,0.3166683773935222,6.359305230838899,8.043310131477176,0.0787282361847085,-0.372838044047698,2026-06-06/2026-06-12,-0.265501,0.21210099999999998,1440.0,-0.007181320246929523,28.64134354500839,-0.2543132307759266,54.255254648342834,0.14101988933752055,3
2026-06-06 19:01:54.238776+00:00,2026-06-06T19:01:54.224761+00:00,SOL,KXSOL15M-26JUN061515-15,2026-06-06 19:15:00+00:00,61.6575,61.7267,-0.1121,13.1,0.05,0.375,0.3225,0.0525,no,trade,0.3268,0.625,0.625,1.0,0.156,1.0,0.1111,0.8333,1,0.1667,0.7222,0.006251,0.4667,-1.0,35.48,32.22,-0.0972,-0.1457,-0.0648,-0.0839,1,,-1.23,,0.5294,0.4522,0.6874,,0.4516,0.4228,1.0,1.0,46.92,0.0,56.72,,,0.0,0.2839,-0.0031278,-0.0006318,-0.0019821,-0.13,,,,-0.5916,0.4824,-2.0,-0.6505,-0.0441,76.9,11.0,1.0,0.1401,0.0112,11.25,1000.0,1.0,0.0,-11.25,61.96,0.4906,0.378,Sideways,,Bear,Bear,Bear,Bear,,0.0272,0.3225,-0.330329489539087,-0.2584885778348552,0.27,1.145612,0.605,0.4657,0.000262,0.006129,0.3469,0.0,-20540.33,-1451059.852099985,0.9941420808077388,-22941244.495599955,,,,,,,,,,,,,,,,,,,,,,,,2026-06-06 19:01:54.238776+00:00,False,0.625,-0.625,211,0.0810241451952631,0.547353124878456,0.0111187516285798,51.0360312432828,45.1612903225805,0.3733333333333348,0.5453380922842236,0.0323939099449166,0.3414772858300334,0.0249257292316298,45.84121460761534,38.8888888888888,0.2715231788079451,0.4348546640586548,0.4227642276422694,0.2646660541664141,0.0593617088607134,40.4669664914775,46.920821114369495,0.3418803418803416,0.3468837468571304,-0.3526206122776099,0.1652974053762725,0.2359401650225472,8.026695632903,19.27133269415152,0.129677419354839,0.2149343419738978,-7.502180866530972,-0.183398793266232,0.3166683773935222,6.359305230838899,8.043310131477176,0.0787282361847085,-0.372838044047698,2026-06-06/2026-06-12,-0.049462,0.076662,1440.0,-0.023025524213882154,47.26443477760996,0.13869027906776576,56.17607042817152,0.17933130699088148,1
2026-06-06 19:32:09.076342+00:00,2026-06-06T19:32:09.065047+00:00,SOL,KXSOL15M-26JUN061545-45,2026-06-06 19:45:00+00:00,61.725,61.7707,-0.074,12.85,0.05,0.455,0.3225,0.1325,no,trade,0.2643,0.2381,0.7619,-1.0,0.333,1.0,0.5667,0.1667,-1,0.2667,0.1667,0.00616,0.788,-2.0,45.76,47.56,0.0,-0.0808,-0.2743,-0.0044,-1,,-1.23,,0.299,0.3571,0.5662,,0.4516,0.4228,1.0,1.0,46.92,0.0,56.72,,,0.0,0.2839,-0.0031278,-0.0006318,-0.0019821,-0.13,,,,-0.5916,0.4824,0.0,0.7697,0.0155,76.78,11.0,1.0,0.2913,0.0233,23.44,1000.0,0.0,1.0,19.57,61.74,0.0243,-0.0497,Sideways,,Bear,Bear,Bear,Bear,,0.0615,0.3225,-0.330329489539087,-0.2584885778348552,0.27,1.145612,0.605,0.4657,0.000262,0.006129,0.3469,0.0,-20540.33,-1451059.852099985,0.9941420808077388,-22941244.495599955,,,,,,,,,,,,,,,,,,,,,,,,2026-06-06 19:32:09.076342+00:00,True,0.5449999999999999,0.455,211,-0.2581477896095419,0.5570511407434454,0.0134782683533914,47.22268095458871,49.15254237288152,0.5312500000000049,0.3475134668589786,-0.4829362524146785,0.4085365014579655,0.0203008344210176,47.47565190464423,45.55555555555568,0.345588235294117,0.452847042721314,0.4227642276422694,0.2646660541664141,0.0593617088607134,40.4669664914775,46.920821114369495,0.3418803418803416,0.3468837468571304,-0.3526206122776099,0.1652974053762725,0.2359401650225472,8.026695632903,19.27133269415152,0.129677419354839,0.2149343419738978,-7.502180866530972,-0.183398793266232,0.3166683773935222,6.359305230838899,8.043310131477176,0.0787282361847085,-0.372838044047698,2026-06-06/2026-06-12,0.09415,-0.03265,1440.0,-0.22061750193789198,43.99900350688941,0.13869027906776576,56.17607042817152,0.12012987012987013,2
2026-06-06 20:17:33.292323+00:00,2026-06-06T20:17:33.282703+00:00,SOL,KXSOL15M-26JUN061630-30,2026-06-06 20:30:00+00:00,61.5425,61.6237,-0.1318,12.45,0.03,0.365,0.3116,0.0534,no,trade,0.4029,0.0,1.0,-1.0,0.272,1.0,0.303,0.3636,-1,0.3333,0.3636,0.005405,0.9914,1.0,22.86,19.75,0.0,0.065,0.0975,-0.3269,-1,,-0.9872,,0.5865,0.4522,0.6724,,0.0426,-0.0486,-1.0,-1.0,18.1,0.0,43.22,,,0.0,0.271,-0.0018009,-0.0014866,-0.0011945,-0.1238,,50.0,50.0,-0.5804,0.2889,-2.0,-1.0,-0.5114,77.09,11.0,1.0,0.1464,0.0117,11.43,1000.0,0.0,1.0,6.57,61.5,-0.0691,-0.2007,Bear,,Bear,Bear,Bear,Bear,,-0.0148,0.3116,-0.2939201600024326,-0.2545732371332619,0.2802,1.15206,0.6017,0.2631,0.000746,0.00153,0.3913,0.0,-8325.4,8400041.197699994,1.0461119987018312,4048947.206800043,,,,,,,,,,,,,,,,,,,,,,,,2026-06-06 20:17:33.292323+00:00,True,0.635,0.365,212,0.1953760989905628,0.1764258833499414,0.0121303265101112,37.57088406391544,17.142857142856883,0.1714285714285688,0.1295632587628188,-0.5012126111560211,0.1488945185578724,0.0138857611828435,40.28759231422426,14.814814814814586,0.1979166666666641,0.2365637140506132,0.1457253886010479,0.3096909591721639,0.0585138518883773,41.98523671217177,25.8620689655173,0.3611111111111116,0.3912883899781254,-0.5147177095061961,0.1670974236163902,0.2241743104620466,7.430093651312021,16.203259827420936,0.1112574061882821,0.2068747890088488,-7.502180866530972,-0.183398793266232,0.3166683773935222,6.359305230838899,8.043310131477176,0.0787282361847085,-0.372838044047698,2026-06-06/2026-06-12,0.099685,-0.114485,1440.0,-0.12891833364730987,40.991830935890135,0.026773130525770128,42.88480910290428,0.24384828862164662,1
2026-06-06 21:18:03.703910+00:00,2026-06-06T21:18:03.685933+00:00,SOL,KXSOL15M-26JUN061730-30,2026-06-06 21:30:00+00:00,62.0325,62.0367,-0.0068,11.94,0.05,0.465,0.3407,0.1243,no,trade,0.0255,0.6333,0.6333,1.0,4.403,1.0,0.6667,0.6667,1,0.3333,0.0,0.004971,1.0694,0.0,85.14,85.71,0.0,-0.1126,0.2908,0.5216,1,,0.0975,,999.0,0.3729,0.5569,,1.0,0.438,1.0,1.0,28.45,0.0,47.45,,,1.0,0.3842,-0.001794,-0.0019029,0.0012645,-0.017,,,,-0.5804,0.2889,0.0,0.9699,-0.4646,76.99,11.0,1.0,0.2672,0.0214,21.4,1000.0,1.0,0.0,-21.4,62.2,0.27,0.2632,Sideways,,Bear,Bear,Bear,Bear,,0.3278,0.3407,-0.265742007947549,-0.2522515630362877,0.3659,1.141544,0.6072,0.2177,0.000793,0.000146,0.4244,0.0,-6494.96,8400041.197699994,1.0461119987018312,4048947.206800043,,,,,,,,,,,,,,,,,,,,,,,,2026-06-06 21:18:03.703910+00:00,False,0.5349999999999999,-0.5349999999999999,213,0.2745478036175752,1.0282291343318717,0.0107936357047268,74.10469540692758,87.01298701298768,0.8701298701298769,1.1750950133295543,0.2907446293006099,0.8629364353530782,0.0125711164124283,59.46022872277837,87.01298701298768,0.8292682926829349,0.7700079306848358,0.0970088924818091,0.337543449219764,0.0486789251568255,43.07251158745055,28.44827586206882,0.3739316239316234,0.4243479349168593,-0.5147177095061961,0.1670974236163902,0.2241743104620466,7.430093651312021,16.203259827420936,0.1112574061882821,0.2068747890088488,-7.502180866530972,-0.183398793266232,0.3166683773935222,6.359305230838899,8.043310131477176,0.0787282361847085,-0.372838044047698,2026-06-06/2026-06-12,0.022867,0.304933,1440.0,0.3037482154256921,100.0,0.06706324464471614,45.771320744009394,0.013679340173003419,1
2026-06-07 03:01:34.845235+00:00,2026-06-07T03:01:34.835189+00:00,SOL,KXSOL15M-26JUN062315-15,2026-06-07 03:15:00+00:00,63.445,63.5355,-0.1424,13.42,0.08,0.34,0.2743,0.0657,no,trade,0.3467,0.5,0.0,0.0,0.0,1.0,0.3448,0.3448,1,0.6552,0.0,0.005791,0.7883,2.0,65.08,83.43,0.0,0.1577,0.3159,-0.0317,1,,1.8765,,999.0,0.4146,0.8136,,0.4921,-0.2987,-1.0,-1.0,84.15,0.0,55.22,,,0.0,0.994,0.0040163,0.0011111,0.0016172,0.3594,,,,0.73,0.7204,0.0,1.0,0.203,77.6,11.0,1.0,0.1932,0.0155,15.18,1000.0,1.0,0.0,-15.18,63.63,0.2916,0.1487,Sideways,,Bear,Bear,Bear,Sideways,,-0.226,0.2743,-0.2767928773838968,-0.2854628489938745,0.569,1.204663,0.5754,-0.1212,0.000641,-0.009691,0.8655,0.0,-6065.95,80717255.4975,1.262138257931272,87666236.84310001,,,,,,,,,,,,,,,,,,,,,,,,2026-06-07 03:01:34.845235+00:00,False,0.6599999999999999,-0.6599999999999999,214,0.0,0.429240143898321,0.0130239364741861,55.995162244753466,49.20634920634937,0.4428571428571443,0.6345246419353527,0.4434589800443422,0.7705923883012975,0.0498746372080428,62.518300169382925,79.14438502673798,0.8304347826086957,0.7505166921254933,-0.2986951737148247,0.9429030689740794,0.0384892423156961,66.89309956803487,84.14634146341461,0.8476562499999999,0.8655642810837952,0.3880355699272364,0.2061167406261486,0.2149878189581973,13.002506553005176,19.95863495346439,0.1393501805054155,0.2705841013570833,-2.4049041182018116,-0.0878150498234599,0.3813792773828222,5.79534580402958,7.198806415516623,0.0694244604316549,-0.3022298234407004,2026-06-06/2026-06-12,0.281815,-0.507815,1440.0,0.4182907865349028,87.13987209523204,-0.006193221689543282,90.12671765620942,0.24589880849594195,1
2026-06-07 03:16:42.474211+00:00,2026-06-07T03:16:42.459598+00:00,SOL,KXSOL15M-26JUN062330-30,2026-06-07 03:30:00+00:00,63.635,63.6375,-0.0039,13.3,0.05,0.465,0.3225,0.1425,no,trade,0.0148,0.5,0.0,0.0,0.265,1.0,1.0,1.0,1,0.0,0.0,0.005646,0.5845,0.0,83.87,89.71,0.0,0.0,0.1732,0.297,1,,1.8765,,999.0,0.4146,0.5268,,0.4921,-0.2987,-1.0,-1.0,84.15,0.0,55.22,,,0.0,0.994,0.0040163,0.0011111,0.0016172,0.3594,,,,0.73,0.7204,0.0,1.0,-0.0986,77.57,11.0,1.0,0.3065,0.0245,24.61,1000.0,1.0,0.0,-24.61,63.98,0.5422,0.5382,Sideways,,Bear,Bear,Bear,Sideways,,-0.2886,0.3225,-0.2767928773838968,-0.2854628489938745,0.569,1.204663,0.5754,-0.1212,0.000641,-0.009691,0.8655,0.0,-6065.95,80717255.4975,1.262138257931272,87666236.84310001,,,,,,,,,,,,,,,,,,,,,,,,2026-06-07 03:16:42.474211+00:00,False,0.5349999999999999,-0.5349999999999999,214,0.0471698113207574,0.698452771453715,0.0125434711560619,68.33602065790092,82.5396825396827,0.7428571428571443,0.9470779982767024,0.3311258278145601,0.8046874638665825,0.0502223923785037,66.60557345926219,89.71428571428574,0.9217391304347828,0.8868055453848304,-0.2986951737148247,0.9429030689740794,0.0384892423156961,66.89309956803487,84.14634146341461,0.8476562499999999,0.8655642810837952,0.3880355699272364,0.2061167406261486,0.2149878189581973,13.002506553005176,19.95863495346439,0.1393501805054155,0.2705841013570833,-2.4049041182018116,-0.0878150498234599,0.3813792773828222,5.79534580402958,7.198806415516623,0.0694244604316549,-0.3022298234407004,2026-06-06/2026-06-12,0.281815,-0.570415,1440.0,0.00744533127334801,86.62134105998044,-0.006193221689543282,90.12671765620942,0.006907545164718384,2
2026-06-07 03:31:51.114474+00:00,2026-06-07T03:31:51.101891+00:00,SOL,KXSOL15M-26JUN062345-45,2026-06-07 03:45:00+00:00,63.8675,63.9727,-0.1644,13.15,0.04,0.36,0.2743,0.0857,no,trade,0.3466,0.5667,0.3,1.0,14.046,1.0,0.7292,0.7292,1,0.2708,0.0,0.006058,1.2399,-1.0,80.0,90.15,0.0,0.1567,0.44,0.3636,1,,1.8765,,999.0,0.4146,0.9494,,0.4921,-0.2987,-1.0,-1.0,84.15,0.0,55.22,,,0.0,0.994,0.0040163,0.0011111,0.0016172,0.3594,,,,0.73,0.7204,0.0,1.0,-0.5871,77.87,11.0,1.0,0.238,0.019,19.2,1000.0,0.0,1.0,10.8,63.6,-0.4188,-0.5826,Sideways,,Bear,Bear,Bear,Sideways,,-0.1179,0.2743,-0.2767928773838968,-0.2854628489938745,0.569,1.204663,0.5754,-0.1212,0.000641,-0.009691,0.8655,0.0,-6065.95,80717255.4975,1.262138257931272,87666236.84310001,,,,,,,,,,,,,,,,,,,,,,,,2026-06-07 03:31:51.114474+00:00,True,0.64,0.36,214,0.1408671153545038,0.9639257134581568,0.0159517120298971,78.8773135503923,98.8636363636358,0.988636363636358,1.194207835618076,0.5500550055005382,0.875193897068933,0.0503613410823548,72.4322042707581,99.48186528497382,0.9959349593495914,1.0943392068306816,-0.2986951737148247,0.9429030689740794,0.0384892423156961,66.89309956803487,84.14634146341461,0.8476562499999999,0.8655642810837952,0.3880355699272364,0.2061167406261486,0.2149878189581973,13.002506553005176,19.95863495346439,0.1393501805054155,0.2705841013570833,-2.4049041182018116,-0.0878150498234599,0.3813792773828222,5.79534580402958,7.198806415516623,0.0694244604316549,-0.3022298234407004,2026-06-06/2026-06-12,0.281815,-0.399715,1440.0,0.22007606026304138,90.18910146563695,-0.006193221689543282,90.12671765620942,0.2713766919775503,3
2026-06-07 03:47:00.923115+00:00,2026-06-07T03:47:00.907720+00:00,SOL,KXSOL15M-26JUN070000-00,2026-06-07 04:00:00+00:00,63.6725,63.7258,-0.0836,12.99,0.03,0.385,0.3116,0.0734,no,trade,0.2652,0.0,1.0,-1.0,0.098,1.0,1.0,0.0,-1,0.0,0.0,0.006184,0.9655,1.0,51.55,76.62,0.0,0.0629,-0.4225,-0.0975,-1,,1.6822,,999.0,0.5088,0.6347,,0.4921,-0.2987,-1.0,-1.0,84.15,,55.22,,,0.0,0.976,0.0040163,0.0011111,0.0010916,0.3474,,,,0.73,0.7204,-2.0,-1.0,-0.0996,78.04,11.0,1.0,0.1908,0.0153,15.38,1000.0,1.0,0.0,-15.38,63.78,0.1688,0.0851,Sideways,,Bear,Bear,Bear,Sideways,,0.0802,0.3116,-0.2767928773838968,-0.2854628489938745,0.569,1.204663,0.5754,-0.1212,0.000641,-0.009691,0.9309,0.0,-4946.84,58046717.12630001,1.2362510702853544,147164013.8215,,,,,,,,,,,,,,,,,,,,,,,,2026-06-07 03:47:00.923115+00:00,False,0.615,-0.615,214,-0.2822201317027262,0.5548647374639295,0.0172111834835277,46.368201597100075,54.117647058823536,0.5568181818181824,0.2558822896070953,-0.5939356048765165,0.7330651856054369,0.0482324916289292,59.47588059649691,79.58115183246073,0.8281938325991189,0.6786848848169814,-0.2986951737148247,0.9429030689740794,0.0384892423156961,66.89309956803487,84.14634146341461,0.8476562499999999,0.8655642810837952,0.3880355699272364,0.2061167406261486,0.2149878189581973,13.002506553005176,19.95863495346439,0.1393501805054155,0.2705841013570833,-2.4049041182018116,-0.0878150498234599,0.3813792773828222,5.79534580402958,7.198806415516623,0.0694244604316549,-0.3022298234407004,2026-06-06/2026-06-12,0.026862,0.053337999999999997,1440.0,-0.13479840979722102,81.81158397677532,-0.006193221689543282,90.12671765620942,0.13518758085381627,4
2026-06-07 04:02:10.157507+00:00,2026-06-07T04:02:10.141969+00:00,SOL,KXSOL15M-26JUN070015-15,2026-06-07 04:15:00+00:00,63.575,63.8057,-0.3616,12.83,0.06,0.17,0.1229,0.0471,no,trade,2.0041,1.0,1.0,1.0,0.042,1.0,1.0,1.0,1,0.0,0.0,0.00626,0.4007,2.0,52.17,83.58,0.0,0.1256,0.22,0.0643,1,,2.0109,,999.0,0.4146,0.3658,,0.4928,0.5361,1.0,1.0,87.32,-1.0,65.99,,,1.0,1.0104,0.0048266,0.0021045,0.0013576,0.4116,,50.0,50.0,2.6896,0.8293,-2.0,-1.0,0.047,78.09,11.0,1.0,0.2773,0.0222,22.41,1000.0,0.0,1.0,4.59,63.58,0.0079,-0.3537,Sideways,,Bear,Bear,Bear,Sideways,,0.156,0.1229,-0.2749402125687828,-0.2857573883996863,0.5653,1.213517,0.5712,0.4401,0.000334,-0.000988,0.9309,0.0,-4946.84,58046717.12630001,1.2362510702853544,147164013.8215,,,,,,,,,,,,,,,,,,,,,,,,2026-06-07 04:02:10.157507+00:00,True,0.83,0.17,214,0.0941915227629541,0.6873412059817393,0.0171332715994938,57.46338013632877,62.295081967212425,0.7386363636363599,0.6618661982282781,0.2515723270440251,0.7613413492114777,0.0466824663410284,62.70212527316521,87.83068783068762,0.8954545454545437,0.793535830055121,0.5361084831283502,1.0036678787282656,0.0430772591432891,70.57076428125694,91.28787878787864,0.9160583941605824,0.9309770839293848,2.6896440650668207,0.3421303524897058,0.2023480361552692,41.37697982474205,39.95560488346281,0.2773497688751926,0.5285492026169513,-2.4049041182018116,-0.0878150498234599,0.3813792773828222,5.79534580402958,7.198806415516623,0.0694244604316549,-0.3022298234407004,2026-06-06/2026-06-12,-0.488015,0.644015,1440.0,0.13288525028942733,90.05906900792262,0.22544072947339178,92.6930828048128,0.5776357827476037,5
2026-06-07 04:17:18.302190+00:00,2026-06-07T04:17:18.291135+00:00,SOL,KXSOL15M-26JUN070030-30,2026-06-07 04:30:00+00:00,63.5625,63.5807,-0.0286,12.7,0.05,0.515,0.3225,0.1925,no,trade,0.1754,0.0,1.0,-1.0,0.427,1.0,0.8235,0.0,-1,0.1765,0.0,0.006112,0.875,0.0,0.0,73.63,0.0,-0.0314,-0.0786,-0.3142,-1,,2.0109,,999.0,0.4146,0.3321,,0.4928,0.5361,1.0,1.0,87.32,-1.0,65.99,,,1.0,1.0104,0.0048266,0.0021045,0.0013576,0.4116,,50.0,50.0,2.6896,0.8293,-2.0,-1.0,-0.1751,77.96,11.0,1.0,0.3738,0.0299,30.07,1000.0,0.0,1.0,31.93,63.45,-0.177,-0.2056,Sideways,,Bear,Bear,Bear,Sideways,,0.1399,0.3225,-0.2749402125687828,-0.2857573883996863,0.5653,1.213517,0.5712,0.4401,0.000334,-0.000988,0.9309,0.0,-4946.84,58046717.12630001,1.2362510702853544,147164013.8215,,,,,,,,,,,,,,,,,,,,,,,,2026-06-07 04:17:18.302190+00:00,True,0.485,0.515,214,-0.1099764336213726,0.4629613534827259,0.0146422517276158,43.36799189656939,22.641509433961733,0.5176470588235259,0.2485747689242295,-0.2823086574654909,0.6799216018006023,0.0455207015592228,56.80230129924272,78.30687830687812,0.7999999999999986,0.5864017047161818,0.5361084831283502,1.0036678787282656,0.0430772591432891,70.57076428125694,91.28787878787864,0.9160583941605824,0.9309770839293848,2.6896440650668207,0.3421303524897058,0.2023480361552692,41.37697982474205,39.95560488346281,0.2773497688751926,0.5285492026169513,-2.4049041182018116,-0.0878150498234599,0.3813792773828222,5.79534580402958,7.198806415516623,0.0694244604316549,-0.3022298234407004,2026-06-06/2026-06-12,-0.54955,0.68945,1440.0,-0.21114696367162678,76.9368788178131,0.22544072947339178,92.6930828048128,0.046793193717277484,6
2026-06-07 04:52:40.561399+00:00,2026-06-07T04:52:40.542803+00:00,SOL,KXSOL15M-26JUN070100-00,2026-06-07 05:00:00+00:00,63.9425,63.9465,-0.0063,7.33,0.03,0.595,0.3225,0.2725,no,trade,0.0268,0.5,0.0,0.0,0.0,1.0,0.8806,0.8806,1,0.1194,0.0,0.005634,1.8574,-1.0,87.34,90.1,-0.0312,-0.0312,0.3763,0.3126,1,,1.8335,,999.0,0.4146,0.6259,,0.4928,0.5361,1.0,1.0,87.32,,65.99,,,1.0,0.9948,0.0048266,0.0021045,0.0008735,0.3998,,,,2.6896,0.8293,0.0,1.0,0.1588,77.99,11.0,1.0,0.458,0.0366,36.45,1000.0,1.0,0.0,-36.45,64.02,0.1212,0.1149,Sideways,,Bear,Bear,Bear,Sideways,,0.4525,0.3225,-0.2749402125687828,-0.2857573883996863,0.5653,1.213517,0.5712,0.4401,0.000334,-0.000988,0.9673,0.0,19481.12,58046717.12630001,1.2362510702853544,147164013.8215,,,,,,,,,,,,,,,,,,,,,,,,2026-06-07 04:52:40.561399+00:00,False,0.405,-0.405,214,0.0,0.9041706845053968,0.0123473259178068,70.88947029625244,97.2602739726033,0.972602739726033,1.2190301419137834,1.1211116374546082,0.8090196108315133,0.0416622438611352,64.57449348872512,97.89473684210569,0.990000000000002,0.9189755104931404,0.5361084831283502,1.0036678787282656,0.0430772591432891,70.57076428125694,91.28787878787864,0.9160583941605824,0.9309770839293848,2.6896440650668207,0.3421303524897058,0.2023480361552692,41.37697982474205,39.95560488346281,0.2773497688751926,0.5285492026169513,-2.4049041182018116,-0.0878150498234599,0.3813792773828222,5.79534580402958,7.198806415516623,0.0694244604316549,-0.3022298234407004,2026-06-06/2026-06-12,0.080242,0.37225800000000003,1440.0,0.445398561562782,95.52073852554858,0.22544072947339178,92.6930828048128,0.011182108626198083,7
2026-06-07 05:02:48.051920+00:00,2026-06-07T05:02:48.038099+00:00,SOL,KXSOL15M-26JUN070115-15,2026-06-07 05:15:00+00:00,63.965,64.0792,-0.1782,12.2,0.03,0.265,0.1858,0.0792,no,trade,0.8028,1.0,1.0,1.0,0.272,1.0,0.4,1.0,1,0.0,0.6,0.004998,0.3125,-1.0,88.61,91.09,0.0156,-0.078,-0.0156,0.321,1,,2.1166,,999.0,0.4146,0.4611,,0.9494,0.3445,1.0,2.0,98.56,1.0,66.59,,,0.0,1.0047,0.0060651,0.0025485,0.0011318,0.456,,,,2.6896,0.8293,0.0,1.0,0.0354,77.99,11.0,1.0,0.2989,0.0239,24.25,1000.0,1.0,0.0,-24.25,64.13,0.258,0.0793,Bull,,Bear,Bear,Bear,Bull,,0.4576,0.1858,-0.2902230228736981,-0.2806334870252318,0.5471,1.345999,0.515,0.4339,6.8e-05,-0.000809,0.9673,0.0,19481.12,58046717.12630001,1.2362510702853544,147164013.8215,,,,,,,,,,,,,,,,,,,,,,,,2026-06-07 05:02:48.051920+00:00,False,0.735,-0.735,214,0.1562988433885692,0.8886465757868061,0.0134206529639129,69.97445297491632,100.0,1.0,1.1481782708249375,0.0624609618987914,0.8006151645158047,0.0396341667118625,65.26530671527608,100.0,1.0,0.9122548143257558,0.5018820577164407,1.050926018797138,0.0475851711744586,73.74730645146484,100.0,1.0,0.967313268877671,2.6896440650668207,0.3421303524897058,0.2023480361552692,41.37697982474205,39.95560488346281,0.2773497688751926,0.5285492026169513,-2.4049041182018116,-0.0878150498234599,0.3813792773828222,5.79534580402958,7.198806415516623,0.0694244604316549,-0.3022298234407004,2026-06-06/2026-06-12,0.155971,0.30162900000000004,1440.0,0.14736546002869222,100.0,0.36085402118346543,100.0,0.3565426170468187,8
2026-06-07 05:17:56.294907+00:00,2026-06-07T05:17:56.283155+00:00,SOL,KXSOL15M-26JUN070130-30,2026-06-07 05:30:00+00:00,64.2225,64.2357,-0.0205,12.06,0.05,0.555,0.3225,0.2325,no,trade,0.0381,0.8605,0.7442,1.0,1.491,1.0,0.5349,0.8605,1,0.1395,0.3256,0.005174,1.2946,-1.0,82.69,85.71,-0.078,0.3125,0.2499,0.3612,1,,2.1166,,999.0,0.4146,1.1244,,0.9494,0.3445,1.0,2.0,98.56,1.0,66.59,,,0.0,1.0047,0.0060651,0.0025485,0.0011318,0.456,,,,2.6896,0.8293,0.0,1.0,-0.4548,77.96,11.0,1.0,0.419,0.0335,33.38,1000.0,0.0,1.0,41.63,64.26,0.0584,0.0378,Bull,,Bear,Bear,Bear,Bull,,0.5078,0.3225,-0.2902230228736981,-0.2806334870252318,0.5471,1.345999,0.515,0.4339,6.8e-05,-0.000809,0.9673,0.0,19481.12,58046717.12630001,1.2362510702853544,147164013.8215,,,,,,,,,,,,,,,,,,,,,,,,2026-06-07 05:17:56.294907+00:00,True,0.4449999999999999,0.555,214,0.5938427879356167,1.0711192430591945,0.0162526437969152,76.35995583878746,100.0,1.0,1.3559673538917123,0.4525593008739115,0.8898438289997299,0.0376035728067715,70.04114376182872,100.0,1.0,1.0516183849286345,0.5018820577164407,1.050926018797138,0.0475851711744586,73.74730645146484,100.0,1.0,0.967313268877671,2.6896440650668207,0.3421303524897058,0.2023480361552692,41.37697982474205,39.95560488346281,0.2773497688751926,0.5285492026169513,-2.4049041182018116,-0.0878150498234599,0.3813792773828222,5.79534580402958,7.198806415516623,0.0694244604316549,-0.3022298234407004,2026-06-06/2026-06-12,0.139906,0.36789400000000005,1440.0,0.1488617113327262,100.0,0.36085402118346543,100.0,0.03962118283726324,9
2026-06-07 05:33:04.654677+00:00,2026-06-07T05:33:04.643426+00:00,SOL,KXSOL15M-26JUN070145-45,2026-06-07 05:45:00+00:00,64.035,64.2095,-0.2718,11.93,0.02,0.28,0.234,0.046,no,trade,0.5107,0.0,1.0,-1.0,0.026,1.0,0.375,0.65,1,0.35,0.275,0.005408,1.1546,-1.0,63.48,69.34,-0.2334,-0.4352,-0.5125,0.1149,-1,,2.1166,,999.0,0.4146,1.1186,,0.9494,0.3445,1.0,2.0,98.56,1.0,66.59,,,0.0,1.0047,0.0060651,0.0025485,0.0011318,0.456,,,,2.6896,0.8293,-2.0,-1.0,-0.1027,77.85,11.0,1.0,0.1644,0.0132,12.96,1000.0,1.0,0.0,-12.96,64.37,0.5232,0.25,Bull,,Bear,Bear,Bear,Bull,,0.4811,0.234,-0.2902230228736981,-0.2806334870252318,0.5471,1.345999,0.515,0.4339,6.8e-05,-0.000809,0.9673,0.0,19481.12,58046717.12630001,1.2362510702853544,147164013.8215,,,,,,,,,,,,,,,,,,,,,,,,2026-06-07 05:33:04.654677+00:00,False,0.72,-0.72,214,0.0,0.8404776334234669,0.0209181806815763,67.7953989005121,87.82608695652175,0.8782608695652175,0.8231551887253451,-0.046605561597024,0.8633094975493295,0.0341945120878418,68.92012809719785,89.7810218978102,0.9411764705882352,0.9198624272364092,0.5018820577164407,1.050926018797138,0.0475851711744586,73.74730645146484,100.0,1.0,0.967313268877671,2.6896440650668207,0.3421303524897058,0.2023480361552692,41.37697982474205,39.95560488346281,0.2773497688751926,0.5285492026169513,-2.4049041182018116,-0.0878150498234599,0.3813792773828222,5.79534580402958,7.198806415516623,0.0694244604316549,-0.3022298234407004,2026-06-06/2026-06-12,-0.013227,0.494327,1440.0,-0.22850381799863762,69.88350528057629,0.36085402118346543,100.0,0.5025887573964497,10
2026-06-07 05:48:14.441309+00:00,2026-06-07T05:48:14.426779+00:00,SOL,KXSOL15M-26JUN070200-00,2026-06-07 06:00:00+00:00,64.305,64.3372,-0.05,11.76,0.03,0.425,0.3116,0.1134,no,trade,0.158,1.0,1.0,1.0,0.06,1.0,0.3548,1.0,1,0.0,0.6452,0.005583,0.8628,-1.0,75.93,90.51,-0.0155,-0.0155,0.4527,0.4408,1,,2.3105,,999.0,0.4146,0.6698,,0.9494,0.3445,1.0,2.0,98.56,,66.59,,,0.0,1.0032,0.0060651,0.0025485,0.0018353,0.4895,,,,2.6896,0.8293,0.0,0.8291,0.1154,77.87,11.0,1.0,0.2669,0.0214,21.27,1000.0,0.0,1.0,15.72,64.22,-0.1322,-0.1822,Bull,,Bear,Bear,Bear,Bull,,0.5122,0.3116,-0.2902230228736981,-0.2806334870252318,0.5471,1.345999,0.515,0.4339,6.8e-05,-0.000809,0.9461,0.0,31821.28,58046717.12630001,1.2362510702853544,147164013.8215,,,,,,,,,,,,,,,,,,,,,,,,2026-06-07 05:48:14.441309+00:00,True,0.575,0.425,214,0.0466272925085498,0.782805993104294,0.0219990808032815,63.40173058998597,85.52631578947386,0.9043478260869576,0.7802715670455165,0.0466272925085498,0.8521331147466319,0.0324622709410753,69.48094311711333,91.97080291970808,0.9537815126050424,0.8729742283286173,0.5018820577164407,1.050926018797138,0.0475851711744586,73.74730645146484,100.0,1.0,0.967313268877671,2.6896440650668207,0.3421303524897058,0.2023480361552692,41.37697982474205,39.95560488346281,0.2773497688751926,0.5285492026169513,-2.4049041182018116,-0.0878150498234599,0.3813792773828222,5.79534580402958,7.198806415516623,0.0694244604316549,-0.3022298234407004,2026-06-06/2026-06-12,0.452476,0.059724,1440.0,-0.017274081938345454,68.69745799415917,0.36085402118346543,100.0,0.08955758552749418,11
2026-06-07 06:03:23.174875+00:00,2026-06-07T06:03:23.158461+00:00,SOL,KXSOL15M-26JUN070215-15,2026-06-07 06:15:00+00:00,64.1325,64.2547,-0.1902,11.62,0.06,0.34,0.2124,0.1276,no,trade,0.7518,0.0,1.0,-1.0,1.603,1.0,0.8421,0.0,-1,0.1579,0.0,0.005221,0.5672,-2.0,42.59,73.28,0.078,-0.0623,-0.2332,0.1254,-1,,2.2728,,999.0,0.4146,0.5386,,0.5,0.2029,1.0,3.0,91.21,-1.0,74.06,,,0.0,0.9636,0.0055957,0.0035935,0.0018472,0.4791,,,,2.6896,0.8293,0.0,0.8291,0.5449,77.87,11.0,1.0,0.3752,0.03,29.7,1000.0,0.0,1.0,15.3,64.1,-0.0507,-0.2408,Bull,,Bear,Bear,Bear,Bull,,0.4576,0.2124,-0.247246766585052,-0.277993042919986,0.5406,1.131363,0.6127,0.1927,-0.000565,-0.001842,0.9461,0.0,31821.28,58046717.12630001,1.2362510702853544,147164013.8215,,,,,,,,,,,,,,,,,,,,,,,,2026-06-07 06:03:23.174875+00:00,True,0.6599999999999999,0.3400000000000001,214,0.0,0.6108891586007591,0.0201285532601448,52.410937278376586,49.999999999998685,0.7652173913043401,0.4616717947382329,-0.2485629951841095,0.7934032869940715,0.0248623314834841,62.384899891526565,80.29197080291902,0.8865546218487353,0.6922216408882814,0.2028714107365825,1.0016234616495785,0.0538222363851115,75.0193043289251,91.20521172638404,0.9164086687306472,0.9461014951283636,2.6896440650668207,0.3421303524897058,0.2023480361552692,41.37697982474205,39.95560488346281,0.2773497688751926,0.5285492026169513,-2.4049041182018116,-0.0878150498234599,0.3813792773828222,5.79534580402958,7.198806415516623,0.0694244604316549,-0.3022298234407004,2026-06-06/2026-06-12,0.457603,-2.9999999999752447e-06,1440.0,-0.12702202745080715,58.89946969264982,-0.22414103511817496,78.63380624047713,0.3642980271978548,12
2026-06-07 07:19:06.233598+00:00,2026-06-07T07:19:06.206959+00:00,SOL,KXSOL15M-26JUN070330-30,2026-06-07 07:30:00+00:00,64.7175,64.7973,-0.1232,10.9,0.06,0.32,0.227,0.093,no,trade,0.419,0.0,1.0,-1.0,0.958,1.0,0.1562,0.6563,-1,0.1875,0.6563,0.004989,0.9912,-3.0,68.13,82.74,-0.0926,-0.1851,-0.0926,0.5317,-1,,2.9551,,999.0,0.4146,0.6459,,0.8681,0.9647,1.0,4.0,96.66,1.0,77.96,,,0.0,1.0173,0.0071636,0.0041198,0.0022655,0.6259,,,,2.6896,0.8293,-2.0,-1.0,-0.1532,78.04,11.0,1.0,0.2905,0.0232,23.12,1000.0,1.0,0.0,-23.12,64.9,0.282,0.1585,Bull,,Bear,Bear,Bear,Bull,,0.5375,0.227,-0.1937129375727632,-0.2705115297578672,0.5802,1.217161,0.5695,0.7689,0.000596,0.003519,1.0972,1.0,37650.39,58046717.12630001,1.2362510702853544,147164013.8215,,,,,,,,,,,,,,,,,,,,,,,,2026-06-07 07:19:06.233598+00:00,False,0.6799999999999999,-0.6799999999999999,214,0.0,0.7740726180083645,0.0209328270761147,69.58876555537799,93.40659340659325,0.9340659340659324,0.89420318132301,0.0924641701340656,0.8967500457544167,0.0359953101013136,73.6265251250836,96.4285714285713,0.968421052631578,0.971666689542624,1.0590250739760163,1.067661854341491,0.0622135635718357,80.62109647440047,96.65738161559877,0.9672131147540972,1.0972475115555116,2.6896440650668207,0.3421303524897058,0.2023480361552692,41.37697982474205,39.95560488346281,0.2773497688751926,0.5285492026169513,-2.4049041182018116,-0.0878150498234599,0.3813792773828222,5.79534580402958,7.198806415516623,0.0694244604316549,-0.3022298234407004,2026-06-06/2026-06-12,0.421019,0.116481,10.103893300000001,0.15651919602694964,92.09504350296943,0.5784002048672798,91.53852009744212,0.246943275205452,13
2026-06-07 07:49:24.080846+00:00,2026-06-07T07:49:24.053617+00:00,SOL,KXSOL15M-26JUN070400-00,2026-06-07 08:00:00+00:00,64.8125,64.8355,-0.0355,10.6,0.05,0.475,0.3116,0.1634,no,trade,0.1979,0.0,1.0,-1.0,0.05,1.0,0.5556,0.0,-1,0.4444,0.0,0.004835,0.287,0.0,64.71,89.74,0.0,0.0,-0.077,0.2845,-1,,3.0903,,999.0,0.4146,0.3991,,0.8681,0.9647,1.0,4.0,96.66,,77.96,,,0.0,0.9995,0.0071636,0.0041198,0.0028547,0.6567,,,,2.6896,0.8293,0.0,1.0,0.1754,78.01,11.0,1.0,0.3441,0.0275,27.3,1000.0,1.0,0.0,-27.3,64.86,0.0733,0.0378,Bull,,Bear,Bear,Bear,Bull,,0.5167,0.3116,-0.1937129375727632,-0.2705115297578672,0.5802,1.217161,0.5695,0.7689,0.000596,0.003519,1.0161,1.0,46370.92,19226980.693099976,1.0552893532680656,157990953.3169,,,,,,,,,,,,,,,,,,,,,,,,2026-06-07 07:49:24.080846+00:00,False,0.525,-0.525,214,-0.1385894672005005,0.5854924172211633,0.0167984275657647,53.48665761057627,57.89473684210349,0.8241758241758144,0.4831516283893825,-0.0770416024653442,0.7955436647989286,0.0339381838940965,68.03406267399312,90.47619047618988,0.905325443786976,0.7643147916461654,1.0590250739760163,1.067661854341491,0.0622135635718357,80.62109647440047,96.65738161559877,0.9672131147540972,1.0972475115555116,2.6896440650668207,0.3421303524897058,0.2023480361552692,41.37697982474205,39.95560488346281,0.2773497688751926,0.5285492026169513,-2.4049041182018116,-0.0878150498234599,0.3813792773828222,5.79534580402958,7.198806415516623,0.0694244604316549,-0.3022298234407004,2026-06-06/2026-06-12,0.577295,-0.060594999999999954,10.101347433333332,0.09048792537167394,95.57388334705658,0.5784002048672798,91.53852009744212,0.0734229576008273,14
2026-06-07 08:19:41.789565+00:00,2026-06-07T08:19:41.756653+00:00,SOL,KXSOL15M-26JUN070430-30,2026-06-07 08:30:00+00:00,64.5925,64.6203,-0.043,10.31,0.01,0.565,0.3462,0.2188,no,trade,0.1789,0.5,0.0,0.0,0.137,1.0,0.6098,0.122,-1,0.2683,0.122,0.004182,1.5185,-2.0,6.82,57.94,0.0465,-0.0774,-0.3857,-0.373,-1,,2.7449,,999.0,0.4531,0.5431,,0.6765,-0.0462,-1.0,-1.0,95.82,0.0,89.25,,,0.0,0.9295,0.0032434,0.0042028,0.0026474,0.5589,,50.0,50.0,1.5659,0.9107,-2.0,-1.0,-0.0018,78.02,11.0,1.0,0.3872,0.031,30.89,1000.0,1.0,0.0,-30.89,64.88,0.4451,0.4019,Bull,,Bear,Bear,Bear,Bull,,0.4447,0.3462,-0.2082592949002875,-0.2715526611519182,0.599,1.288541,0.5379,-0.0034,-0.000718,-0.003891,1.0161,1.0,46370.92,19226980.693099976,1.0552893532680656,157990953.3169,,,,,,,,,,,,,,,,,,,,,,,,2026-06-07 08:19:41.789565+00:00,False,0.435,-0.435,214,0.03096454559528,-0.057664067592446,0.006663888212868,33.89764981207266,12.19512195121892,0.1111111111111041,-0.0165515230441,-0.3854455750847974,0.6380965057274779,0.0318574087637983,53.777047230475794,62.61682242990627,0.7619047619047595,0.4357199986804671,-0.0462320850670328,0.9739247374426322,0.0692146773086968,79.70496425467813,95.82172701949844,0.9590163934426216,1.016149024480946,1.7252195734002609,0.44541838033721,0.1859380178041287,53.00837125399632,52.86839145106864,0.393305439330544,0.6716769273912502,-2.4049041182018116,-0.0878150498234599,0.3813792773828222,5.79534580402958,7.198806415516623,0.0694244604316549,-0.3022298234407004,2026-06-06/2026-06-12,0.53752,-0.09282000000000001,40.39649275,-0.10436965776852158,87.37568631513543,0.45065095816674283,99.02301488426976,0.10282161645145863,15
2026-06-07 08:34:49.712720+00:00,2026-06-07T08:34:49.695669+00:00,SOL,KXSOL15M-26JUN070445-45,2026-06-07 08:45:00+00:00,64.8125,64.8683,-0.086,10.18,0.04,0.39,0.2753,0.1147,no,trade,0.3036,1.0,0.8462,1.0,0.079,1.0,0.6765,1.0,1,0.0,0.3235,0.004427,1.1841,-1.0,75.0,84.21,0.0,-0.0154,0.4647,0.1085,1,,2.7449,,999.0,0.4146,0.6443,,0.6765,-0.0462,-1.0,-1.0,95.82,0.0,89.25,,,0.0,0.9295,0.0032434,0.0042028,0.0026474,0.5589,,50.0,50.0,1.5659,0.9107,-2.0,-0.9886,0.1568,77.89,11.0,1.0,0.2942,0.0235,23.79,1000.0,1.0,0.0,-23.79,65.31,0.7676,0.6809,Bull,,Bear,Bear,Bear,Bull,,0.493,0.2753,-0.2082592949002875,-0.2715526611519182,0.599,1.288541,0.5379,-0.0034,-0.000718,-0.003891,1.0161,1.0,46370.92,19226980.693099976,1.0552893532680656,157990953.3169,,,,,,,,,,,,,,,,,,,,,,,,2026-06-07 08:34:49.712720+00:00,False,0.61,-0.61,214,0.4801734820322201,0.6141978123966574,0.0081744571043614,60.871068211378315,77.27272727272845,0.7727272727272845,0.9099061899034104,0.4024144869215318,0.7400315513845891,0.0322628850862621,63.17859414129738,86.91588785046733,0.9166666666666666,0.7043908726661006,-0.0462320850670328,0.9739247374426322,0.0692146773086968,79.70496425467813,95.82172701949844,0.9590163934426216,1.016149024480946,1.7252195734002609,0.44541838033721,0.1859380178041287,53.00837125399632,52.86839145106864,0.393305439330544,0.6716769273912502,-2.4049041182018116,-0.0878150498234599,0.3813792773828222,5.79534580402958,7.198806415516623,0.0694244604316549,-0.3022298234407004,2026-06-06/2026-06-12,0.555014,-0.062014000000000014,55.528545333333334,0.3662371698629485,100.0,0.45065095816674283,99.02301488426976,0.19426248023492204,16
2026-06-07 10:56:12.650845+00:00,2026-06-07T10:56:12.631282+00:00,SOL,KXSOL15M-26JUN070700-00,2026-06-07 11:00:00+00:00,64.6175,64.647,-0.0456,3.79,0.02,0.66,0.376,0.284,no,trade,0.1776,1.0,1.0,1.0,0.507,1.0,0.8857,0.0286,-1,0.0857,0.0286,0.005148,1.0515,1.0,26.42,8.92,0.0,0.217,-0.4771,-0.8651,-1,,2.34,,999.0,0.5923,0.9568,,0.0,-1.4862,-1.0,-1.0,75.8,,77.46,,,0.0,0.7893,0.0031076,0.0039671,0.0033677,0.2804,,,,1.5659,0.9107,-2.0,-1.0,0.2991,78.22,11.0,1.0,0.4304,0.0344,34.34,1000.0,0.0,1.0,66.66,64.75,0.2051,0.1593,Bull,,Bear,Bear,Bear,Bull,,0.4413,0.376,-0.5023125157266856,-0.2835612397235655,0.583,1.279155,0.5419,-1.0182,-0.002701,-0.01207,0.6542,0.0,12729.71,19226980.693099976,1.0552893532680656,157990953.3169,,,,,,,,,,,,,,,,,,,,,,,,2026-06-07 10:56:12.650845+00:00,True,0.3399999999999999,0.66,215,0.2169869807811641,0.2696610643132074,0.0251991424315165,36.4326036425484,20.0,0.0891719745222929,0.130236499516882,-0.3853267570900098,0.319814290897497,0.0279808986944564,37.78887315475706,6.410256410256037,0.2663316582914566,0.1204418156255963,-1.4114433146152794,0.8471469754678637,0.0858994948676014,65.03570986047043,75.80299785867219,0.7616033755274242,0.7627054524690119,1.7252195734002609,0.44541838033721,0.1859380178041287,53.00837125399632,52.86839145106864,0.393305439330544,0.6716769273912502,-2.4049041182018116,-0.0878150498234599,0.3813792773828222,5.79534580402958,7.198806415516623,0.0694244604316549,-0.3022298234407004,2026-06-06/2026-06-12,0.665952,-0.22465199999999996,15.14418075,-0.22776214808795103,34.21165460046773,-0.42640156517003147,86.73997518286312,0.08857808857808859,1
2026-06-07 12:27:09.141769+00:00,2026-06-07T12:27:09.122481+00:00,SOL,KXSOL15M-26JUN070830-30,2026-06-07 12:30:00+00:00,64.0,64.0218,-0.0341,2.85,0.04,0.49,0.3225,0.1675,no,trade,0.1195,0.0,1.0,-1.0,0.276,1.0,1.0,0.0,-1,0.0,0.0,0.005681,2.8055,0.0,7.09,4.13,0.0,-0.2338,-0.1248,-1.2523,-1,,2.0618,,999.0,0.4978,1.2241,,0.717,0.4324,1.0,1.0,76.86,1.0,74.88,,,0.0,0.7559,0.002115,0.0038553,0.0033157,0.2444,,50.0,50.0,0.2621,0.3248,-2.0,-1.0,-0.1158,78.28,11.0,1.0,0.3419,0.0274,27.54,1000.0,1.0,0.0,-27.54,64.0,0.0,-0.0341,Bull,,Bear,Bear,Bear,Bull,,0.0091,0.3225,-0.1918321508153833,-0.2829372686630125,0.5407,1.303786,0.5316,0.344,-0.000672,0.005172,0.7323,0.0,3544.96,-16719645.554800034,0.9527392997531948,60554052.26459995,,,,,,,,,,,,,,,,,,,,,,,,2026-06-07 12:27:09.141769+00:00,False,0.51,-0.51,216,0.1408230323892922,0.0196202729244845,0.0224584560197861,22.263570467819303,7.086614173228558,0.0708661417322855,-0.2424717338576055,-1.5838843610641251,-0.0511006929339278,0.0272012207958961,28.154778670523346,0.0,0.0,-0.1986233209603236,0.432432432432428,0.7960891450971644,0.0906328769636489,64.40295239636208,76.85589519650652,0.7735042735042733,0.7323439277355271,0.2621029910576666,0.4840155249007825,0.1659893199185857,54.62271445987906,61.72370088719904,0.4201898188093186,0.6683937383467157,-2.4049041182018116,-0.0878150498234599,0.3813792773828222,5.79534580402958,7.198806415516623,0.0694244604316549,-0.3022298234407004,2026-06-06/2026-06-12,0.387774,-0.378674,106.08569615,-0.7749435607504185,3.393605375410649,0.4646521896389366,88.46533764367803,0.060024643548671,1
2026-06-07 12:37:16.708983+00:00,2026-06-07T12:37:16.692964+00:00,SOL,KXSOL15M-26JUN070845-45,2026-06-07 12:45:00+00:00,63.945,64.0393,-0.1473,7.73,0.04,0.39,0.3116,0.0784,no,trade,0.4215,0.0385,0.9615,-1.0,5.347,1.0,0.6562,0.2813,-1,0.0625,0.2813,0.005266,0.9532,-1.0,0.69,0.43,0.0,-0.3906,-0.6235,-1.3229,-1,,2.0618,,0.0432,0.4978,0.912,,0.717,0.4324,1.0,1.0,76.86,1.0,74.88,,,0.0,0.7559,0.002115,0.0038553,0.0033157,0.2444,,50.0,50.0,0.2621,0.3248,-2.0,-1.0,-0.1503,77.95,11.0,1.0,0.2012,0.0161,15.86,1000.0,0.0,1.0,10.14,64.01,0.1016,-0.0458,Bull,,Bear,Bear,Bear,Bull,,-0.0352,0.3116,-0.1918321508153833,-0.2829372686630125,0.5407,1.303786,0.5316,0.344,-0.000672,0.005172,0.7323,0.0,3544.96,-16719645.554800034,0.9527392997531948,60554052.26459995,,,,,,,,,,,,,,,,,,,,,,,,2026-06-07 12:37:16.708983+00:00,True,0.61,0.39,216,-0.390625,0.0072685563796342,0.0275252331606397,17.378386447532023,0.694444444444304,0.006944444444443,-0.393675641624895,0.0,0.0286008278563624,0.0303520608578761,28.159768189345556,4.128440366972621,0.0412844036697262,-0.0803270306431961,0.432432432432428,0.7960891450971644,0.0906328769636489,64.40295239636208,76.85589519650652,0.7735042735042733,0.7323439277355271,0.2621029910576666,0.4840155249007825,0.1659893199185857,54.62271445987906,61.72370088719904,0.4201898188093186,0.6683937383467157,-2.4049041182018116,-0.0878150498234599,0.3813792773828222,5.79534580402958,7.198806415516623,0.0694244604316549,-0.3022298234407004,2026-06-06/2026-06-12,0.370382,-0.405582,116.21181638333334,-0.22714991169791032,5.567791567938087,0.4646521896389366,88.46533764367803,0.27971895176604633,2
2026-06-07 12:47:23.735130+00:00,2026-06-07T12:47:23.719521+00:00,SOL,KXSOL15M-26JUN070900-00,2026-06-07 13:00:00+00:00,64.22,63.869,0.5496,12.61,0.05,0.855,0.8017,0.0533,no,trade,-0.8836,0.8,0.2,-1.0,1.136,1.0,0.3333,0.6667,-1,0.0,0.6667,0.005386,0.8678,1.0,33.11,23.44,0.2812,0.7692,0.2969,-0.5758,1,,1.9844,,999.0,0.5851,1.2664,,0.717,0.4324,1.0,1.0,76.86,,74.88,,,0.0,0.7426,0.002115,0.0038553,0.0032778,0.2377,,,,0.2621,0.3248,0.0,1.0,-0.1426,77.95,11.0,1.0,0.0623,0.005,4.93,1000.0,1.0,0.0,-4.93,64.19,-0.0467,0.5026,Bull,,Bear,Bear,Bear,Bull,,-0.0317,0.8017,-0.1918321508153833,-0.2829372686630125,0.5407,1.303786,0.5316,0.344,-0.000672,0.005172,0.3987,0.0,3376.81,-16719645.554800034,0.9527392997531948,60554052.26459995,,,,,,,,,,,,,,,,,,,,,,,,2026-06-07 12:47:23.735130+00:00,False,0.145,-0.145,216,-0.0781860828772518,0.1718416010644097,0.030428472867966,29.83773230931942,11.111111111110835,0.1111111111111083,0.0480056921791062,-0.1562500000000022,0.0488094300090946,0.0335281358828202,26.462151523258996,6.808510638297722,0.0680851063829772,-0.0720521122101062,0.432432432432428,0.7960891450971644,0.0906328769636489,64.40295239636208,76.85589519650652,0.7735042735042733,0.7323439277355271,0.2621029910576666,0.4840155249007825,0.1659893199185857,54.62271445987906,61.72370088719904,0.4201898188093186,0.6683937383467157,-2.4049041182018116,-0.0878150498234599,0.3813792773828222,5.79534580402958,7.198806415516623,0.0694244604316549,-0.3022298234407004,2026-06-06/2026-06-12,0.484113,-0.515813,126.32891883333333,-0.4805838447546562,6.494253767320106,0.4646521896389366,88.46533764367803,1.0204233197177868,3
2026-06-07 13:02:32.798726+00:00,2026-06-07T13:02:32.780469+00:00,SOL,KXSOL15M-26JUN070915-15,2026-06-07 13:15:00+00:00,64.19,64.282,-0.1431,12.46,0.08,0.37,0.2743,0.0957,no,trade,0.5778,0.5,0.0,0.0,0.0,1.0,1.0,1.0,1,0.0,0.0,0.00513,0.6985,0.0,36.84,32.24,0.0,0.0,0.0,-0.5633,1,,0.6031,,999.0,0.5255,0.5091,,0.3712,-1.2765,-1.0,-1.0,55.81,-1.0,67.39,,,-1.0,0.5851,-0.0018077,0.002678,0.0022604,-0.0303,,,,0.2621,0.3248,0.0,1.0,-0.3375,77.78,11.0,1.0,0.2586,0.0207,20.79,1000.0,0.0,1.0,12.21,64.29,0.1558,0.0124,Bull,,Bear,Bear,Bear,Bull,,-0.0383,0.2743,-0.1843142521643328,-0.2857919789665655,0.5234,1.24432,0.557,-0.9168,-0.002546,-0.005529,0.3987,0.0,3376.81,-16719645.554800034,0.9527392997531948,60554052.26459995,,,,,,,,,,,,,,,,,,,,,,,,2026-06-07 13:02:32.798726+00:00,True,0.63,0.37,216,0.0,0.3630151601234258,0.0308593558012463,46.4374866893138,31.468531468531175,0.312499999999996,0.5392722866568977,0.4538341158059511,0.20907598653091,0.0348778525187028,38.72227238412157,21.951219512194868,0.1914893617021257,0.2580486098744429,-1.2917115177610403,0.6334526202767549,0.0894836527192906,49.87850190364128,55.813953488372,0.5931477516059946,0.3987082259433631,0.2621029910576666,0.4840155249007825,0.1659893199185857,54.62271445987906,61.72370088719904,0.4201898188093186,0.6683937383467157,-2.4049041182018116,-0.0878150498234599,0.3813792773828222,5.79534580402958,7.198806415516623,0.0694244604316549,-0.3022298234407004,2026-06-06/2026-06-12,0.474319,-0.5126189999999999,141.47997876666668,0.3646061904586606,27.208807883337766,-1.116885390388378,57.80208445256243,0.2789473684210526,4
2026-06-07 13:17:41.439690+00:00,2026-06-07T13:17:41.427085+00:00,SOL,KXSOL15M-26JUN070930-30,2026-06-07 13:30:00+00:00,64.1575,64.2425,-0.1323,12.31,0.06,0.34,0.25,0.09,no,trade,0.5432,0.8333,0.1667,1.0,0.073,1.0,0.1875,0.8125,-1,0.0,0.8125,0.004589,0.5424,3.0,85.51,39.86,0.0,0.1246,0.1558,-0.3718,1,,0.6031,,999.0,0.5255,0.5036,,0.3712,-1.2765,-1.0,-1.0,55.81,-1.0,67.39,,,-1.0,0.5851,-0.0018077,0.002678,0.0022604,-0.0303,,,,0.2621,0.3248,0.0,1.0,0.0536,77.73,11.0,1.0,0.2647,0.0212,21.12,1000.0,1.0,0.0,-21.12,64.33,0.2689,0.1362,Bull,,Bear,Bear,Bear,Bull,,-0.0239,0.25,-0.1843142521643328,-0.2857919789665655,0.5234,1.24432,0.557,-0.9168,-0.002546,-0.005529,0.3987,0.0,3376.81,-16719645.554800034,0.9527392997531948,60554052.26459995,,,,,,,,,,,,,,,,,,,,,,,,2026-06-07 13:17:41.439690+00:00,False,0.6599999999999999,-0.6599999999999999,216,0.2027132387338426,0.4383580122708634,0.0303637961431215,52.260604036509726,41.600000000000485,0.361111111111112,0.6897956697723225,0.1090512540894428,0.2534400046711751,0.0356905848396838,41.442099609661575,35.13513513513542,0.221276595744682,0.3484215710089458,-1.2917115177610403,0.6334526202767549,0.0894836527192906,49.87850190364128,55.813953488372,0.5931477516059946,0.3987082259433631,0.2621029910576666,0.4840155249007825,0.1659893199185857,54.62271445987906,61.72370088719904,0.4201898188093186,0.6683937383467157,-2.4049041182018116,-0.0878150498234599,0.3813792773828222,5.79534580402958,7.198806415516623,0.0694244604316549,-0.3022298234407004,2026-06-06/2026-06-12,0.056506,-0.080406,156.6239948333333,-0.3119634670152638,10.170882111633658,-1.116885390388378,57.80208445256243,0.2882981041621268,5
2026-06-07 13:48:04.870023+00:00,2026-06-07T13:48:04.851935+00:00,SOL,KXSOL15M-26JUN071000-00,2026-06-07 14:00:00+00:00,64.3,64.3258,-0.0401,11.97,0.03,0.455,0.3225,0.1325,no,trade,0.1468,0.5,0.0,0.0,0.0,1.0,0.25,0.6875,-1,0.0625,0.6875,0.004127,0.6022,2.0,100.0,45.95,0.0,0.14,0.0622,0.5808,1,,0.5936,,999.0,0.462,0.5725,,0.3712,-1.2765,-1.0,-1.0,55.81,,67.39,,,-1.0,0.5658,-0.0018077,0.002678,0.0023788,-0.0308,,,,0.2621,0.3248,0.0,1.0,-0.08,77.46,11.0,1.0,0.2913,0.0233,23.44,1000.0,1.0,0.0,-23.44,64.38,0.1244,0.0843,Bull,,Bear,Bear,Bear,Bull,,0.0662,0.3225,-0.1843142521643328,-0.2857919789665655,0.5234,1.24432,0.557,-0.9168,-0.002546,-0.005529,0.4773,0.0,431.22,-16719645.554800034,0.9527392997531948,60554052.26459995,,,,,,,,,,,,,,,,,,,,,,,,2026-06-07 13:48:04.870023+00:00,False,0.5449999999999999,-0.5449999999999999,216,0.0,0.7015429527247365,0.0116811915561594,54.554779564826696,91.52542372881408,0.4400000000000059,0.6883519089085545,0.1245911851736725,0.3067884461862968,0.0368089488093971,43.66796382243371,38.19444444444461,0.234042553191491,0.4195127521561911,-1.2917115177610403,0.6334526202767549,0.0894836527192906,49.87850190364128,55.813953488372,0.5931477516059946,0.3987082259433631,0.2621029910576666,0.4840155249007825,0.1659893199185857,54.62271445987906,61.72370088719904,0.4201898188093186,0.6683937383467157,-2.4049041182018116,-0.0878150498234599,0.3813792773828222,5.79534580402958,7.198806415516623,0.0694244604316549,-0.3022298234407004,2026-06-06/2026-06-12,-0.037398,0.103598,187.0145003833333,-0.203750061847785,10.577576244122483,-1.116885390388378,57.80208445256243,0.09716501090380422,6
2026-06-07 14:46:03.335679+00:00,2026-06-07T14:46:03.314892+00:00,SOL,KXSOL15M-26JUN071100-00,2026-06-07 15:00:00+00:00,64.7675,64.7943,-0.0414,13.95,0.01,0.485,0.3462,0.1388,no,trade,0.0987,0.0,1.0,-1.0,1.246,1.0,0.6341,0.0,-1,0.3659,0.0,0.004484,1.4103,0.0,57.29,73.55,0.0,-0.4911,-0.6284,-0.1089,-1,,0.8535,,999.0,0.4402,0.8137,,1.0,0.14,1.0,1.0,57.57,,66.86,,,0.0,0.5796,-0.001238,0.0010027,0.0027374,0.0263,,,,0.2621,0.3248,-1.0,0.5909,-0.2594,77.86,11.0,1.0,0.2861,0.0229,22.66,1000.0,1.0,0.0,-22.66,64.89,0.1891,0.1477,Bull,,Bear,Bear,Bear,Bull,,-0.0081,0.3462,-0.2248582642625117,-0.2879088871027451,0.5387,1.327772,0.522,0.2225,-0.000399,0.006223,0.6624,0.0,3624.89,-16719645.554800034,0.9527392997531948,60554052.26459995,,,,,,,,,,,,,,,,,,,,,,,,2026-06-07 14:46:03.335679+00:00,False,0.515,-0.515,217,-0.4910988336402577,0.7391677437770791,0.0209001586078375,57.233016918744305,57.29166666666674,0.633928571428576,0.5719871367395901,-0.3228285933896901,0.6873247626485823,0.0234847821611505,60.30624180156107,72.84768211920549,0.7284768211920549,0.8217029737225825,0.2959962610998623,0.6479844960368135,0.0854029844735537,52.63759067784356,57.56823821339931,0.6338329764453946,0.4772794722173717,0.2621029910576666,0.4840155249007825,0.1659893199185857,54.62271445987906,61.72370088719904,0.4201898188093186,0.6683937383467157,-2.4049041182018116,-0.0878150498234599,0.3813792773828222,5.79534580402958,7.198806415516623,0.0694244604316549,-0.3022298234407004,2026-06-06/2026-06-12,0.066165,-0.074265,244.98892798333333,-0.06792569589593178,36.30075957407359,-0.2364803581579089,47.016807314633255,0.09232827832292595,1
2026-06-07 15:01:12.584677+00:00,2026-06-07T15:01:12.575031+00:00,SOL,KXSOL15M-26JUN071115-15,2026-06-07 15:15:00+00:00,64.8275,64.9027,-0.1159,13.79,0.05,0.345,0.227,0.118,no,trade,0.3375,1.0,1.0,1.0,0.75,1.0,0.2778,1.0,1,0.0,0.7222,0.004667,0.5943,0.0,58.62,76.77,0.0,0.0,0.0771,0.0156,-1,,1.4927,,999.0,0.462,0.6706,,0.5862,0.7922,1.0,2.0,69.92,1.0,68.88,,,0.0,0.6801,-0.0026753,0.0019095,0.0030595,0.1594,,,,0.2621,0.3248,-2.0,-1.0,0.087,77.79,11.0,1.0,0.342,0.0274,27.51,1000.0,0.0,1.0,14.49,64.85,0.0347,-0.0812,Bull,,Bear,Bear,Bear,Bull,,-0.0924,0.227,-0.1779880169181018,-0.2924495846120159,0.5409,1.43081,0.4844,0.6111,0.001546,0.00548,0.6624,0.0,3624.89,-16719645.554800034,0.9527392997531948,60554052.26459995,,,,,,,,,,,,,,,,,,,,,,,,2026-06-07 15:01:12.584677+00:00,True,0.655,0.345,217,0.0154130702836097,0.7152534206426316,0.0199885619199587,58.63864948380579,58.6206896551727,0.6538461538461565,0.6818587548301679,0.0771128932757436,0.7247603833185816,0.0232616730192612,61.712159658637184,76.158940397351,0.76158940397351,0.8285627392882655,0.7921714818266645,0.7196648424944792,0.0826434509555287,59.61927146808724,69.92481203007513,0.7430406852248389,0.6624237006012943,0.2621029910576666,0.4840155249007825,0.1659893199185857,54.62271445987906,61.72370088719904,0.4201898188093186,0.6683937383467157,-2.4049041182018116,-0.0878150498234599,0.3813792773828222,5.79534580402958,7.198806415516623,0.0694244604316549,-0.3022298234407004,2026-06-06/2026-06-12,0.067268,-0.15966799999999998,260.14307795,-0.37004754805399775,16.056919534551554,0.03236644711779313,47.95555618170121,0.24833940432826226,2
2026-06-07 15:46:40.226010+00:00,2026-06-07T15:46:40.210267+00:00,SOL,KXSOL15M-26JUN071200-00,2026-06-07 16:00:00+00:00,64.995,65.1107,-0.1777,13.33,0.04,0.3,0.2114,0.0886,no,trade,0.7362,0.0,0.0,0.0,0.061,1.0,0.65,0.65,1,0.35,0.0,0.00375,0.8187,0.0,87.04,92.9,0.0,-0.1073,0.2,0.3828,1,,1.3968,,999.0,0.4402,0.4796,,0.5862,0.7922,1.0,2.0,69.92,,68.88,,,0.0,0.6678,-0.0026753,0.0019095,0.0029406,0.1521,,,,0.2621,0.3248,0.0,1.0,-0.1425,77.71,11.0,1.0,0.2953,0.0236,23.8,1000.0,0.0,1.0,10.2,64.96,-0.0539,-0.2315,Bull,,Bear,Bear,Bear,Bull,,-0.0718,0.2114,-0.1779880169181018,-0.2924495846120159,0.5409,1.43081,0.4844,0.6111,0.001546,0.00548,0.7306,0.0,2397.99,-29478174.507199973,0.8939731077385261,-26970839.36890003,,,,,,,,,,,,,,,,,,,,,,,,2026-06-07 15:46:40.226010+00:00,True,0.7,0.3,218,0.0,0.8259790397664047,0.0130531605257162,69.76066167712662,87.03703703703812,0.8607594936708879,1.081602071281131,0.5091806819935263,0.8584694707054815,0.0244515597221111,68.24646755981973,92.7152317880795,0.927152317880795,0.9570467757108272,0.7921714818266645,0.7196648424944792,0.0826434509555287,59.61927146808724,69.92481203007513,0.7430406852248389,0.6624237006012943,0.2621029910576666,0.4840155249007825,0.1659893199185857,54.62271445987906,61.72370088719904,0.4201898188093186,0.6683937383467157,-2.4049041182018116,-0.0878150498234599,0.3813792773828222,5.79534580402958,7.198806415516623,0.0694244604316549,-0.3022298234407004,2026-06-06/2026-06-12,-0.052416,-0.019384000000000005,305.6037668333333,0.30002568281832787,76.80765748286086,0.03236644711779313,47.95555618170121,0.47386666666666666,1
2026-06-07 16:06:51.948839+00:00,2026-06-07T16:06:51.924547+00:00,SOL,KXSOL15M-26JUN071215-15,2026-06-07 16:15:00+00:00,64.8475,64.9282,-0.1243,8.14,0.04,0.32,0.2114,0.1086,no,trade,0.5886,0.0,0.7143,-1.0,0.59,1.0,0.0,0.5,0,0.0,0.0,0.00341,0.0,-1.0,48.15,75.19,0.0308,-0.0769,-0.3224,0.0222,-1,,1.6145,,999.0,0.462,0.537,,0.8704,0.3853,1.0,3.0,68.12,0.0,62.69,,,0.0,0.7167,0.0004612,0.0017844,0.0029971,0.2039,,50.0,50.0,0.1846,0.929,-2.0,-1.0,-0.0818,77.66,11.0,1.0,0.3393,0.0271,27.2,1000.0,1.0,0.0,-27.2,65.08,0.3585,0.2338,Bull,,Bear,Bear,Bear,Bull,,-0.1008,0.2114,-0.2781085181977112,-0.286673953630691,0.5177,1.675848,0.4136,0.2756,0.001549,-9.7e-05,0.7306,0.0,2397.99,-29478174.507199973,0.8939731077385261,-26970839.36890003,,,,,,,,,,,,,,,,,,,,,,,,2026-06-07 16:06:51.948839+00:00,False,0.6799999999999999,-0.6799999999999999,218,-0.3530856616518307,0.4370725182205767,0.0106425658620108,44.91325127462975,44.44444444444415,0.4137931034482682,0.1725407286897493,0.0,0.830737463290857,0.0255810259198459,68.31672031889275,92.7152317880795,0.927152317880795,0.9314502908508988,0.38526737555864,0.7438244887199841,0.0797508294329002,62.73992694089545,68.12080536912747,0.7965738758029973,0.7306475517618615,0.1691526987544156,0.5135256670717527,0.1563917880238705,55.766316824878544,75.56904400606982,0.4774688398849473,0.6579101818289074,-2.4049041182018116,-0.0878150498234599,0.3813792773828222,5.79534580402958,7.198806415516623,0.0694244604316549,-0.3022298234407004,2026-06-06/2026-06-12,-0.113874,0.013074000000000002,325.7991473166667,-0.11455905947623801,66.57755932105914,0.4552011379461929,51.12983667005454,0.36451612903225805,2
2026-06-07 17:47:55.787719+00:00,2026-06-07T17:47:55.773708+00:00,SOL,KXSOL15M-26JUN071400-00,2026-06-07 18:00:00+00:00,65.3575,65.4443,-0.1326,12.07,0.05,0.315,0.2743,0.0407,no,trade,0.4944,0.0,0.5,-1.0,0.458,1.0,0.0909,0.2727,-1,0.6364,0.2727,0.003947,0.4266,-3.0,54.1,70.21,0.0,-0.2443,-0.2291,-0.1293,-1,,0.7824,,999.0,0.4978,0.5602,,0.449,0.0616,1.0,-1.0,60.51,,63.21,,,0.0,0.6633,0.0006423,0.0011879,0.0014411,0.1125,,,,0.1846,0.929,0.0,1.0,0.025,77.66,11.0,1.0,0.1291,0.0103,10.28,1000.0,0.0,1.0,4.73,65.36,0.0038,-0.1288,Bull,,Bear,Bear,Bear,Bull,,-0.0535,0.2743,-0.2377204908203126,-0.263010978677495,0.5872,1.843564,0.376,-0.1494,0.000233,-0.003624,0.7079,0.0,-8137.23,-29478174.507199973,0.8939731077385261,-26970839.36890003,,,,,,,,,,,,,,,,,,,,,,,,2026-06-07 17:47:55.787719+00:00,True,0.685,0.3149999999999999,219,0.0152718387293582,0.7519009258257301,0.0134112279525623,62.54428138033988,80.32786885245825,0.8481012658227802,0.7487563935114809,0.0152718387293582,0.8559399853888693,0.0268079298276555,69.9345026038992,89.565217391304,0.9272727272727244,0.9023541544045924,-0.2149217070924192,0.6965507167989963,0.0753010462409642,59.70973548814962,60.507246376811544,0.7620087336244536,0.6448586990822099,0.1691526987544156,0.5135256670717527,0.1563917880238705,55.766316824878544,75.56904400606982,0.4774688398849473,0.6579101818289074,-2.4049041182018116,-0.0878150498234599,0.3813792773828222,5.79534580402958,7.198806415516623,0.0694244604316549,-0.3022298234407004,2026-06-06/2026-06-12,0.048044,-0.101544,426.86312865,0.0010758902469820697,92.96186745543257,-0.01788513585694318,42.161923427277884,0.3359513554598429,1
2026-06-07 19:34:00.956715+00:00,2026-06-07T19:34:00.939867+00:00,SOL,KXSOL15M-26JUN071545-45,2026-06-07 19:45:00+00:00,63.895,63.9878,-0.145,10.99,0.01,0.485,0.3462,0.1388,no,trade,0.2511,0.8519,0.1481,-1.0,0.771,1.0,0.566,0.434,-1,0.0,0.434,0.00471,1.7625,-5.0,1.78,1.67,0.0,-0.2032,-0.1876,-1.5804,-1,,0.608,,1.032,0.5851,1.264,,0.0,-0.612,-1.0,-1.0,52.72,-1.0,57.59,,,-1.0,0.612,0.0019874,8.98e-05,0.0014995,0.0652,,,,0.1846,0.929,-2.0,-1.0,-0.3612,77.32,11.0,1.0,0.2861,0.0229,22.66,1000.0,0.0,1.0,21.34,63.79,-0.1643,-0.3091,Bull,,Bear,Bear,Bear,Bull,,0.2112,0.3462,-0.2514370384869179,-0.3012293687492772,0.6106,1.538968,0.4504,-0.2003,-0.000383,-0.002062,0.637,0.0,-6333.78,-29478174.507199973,0.8939731077385261,-26970839.36890003,,,,,,,,,,,,,,,,,,,,,,,,2026-06-07 19:34:00.956715+00:00,True,0.515,0.485,220,-0.1091873342692117,0.0521279340432545,0.0330610545476596,20.174103763552665,13.609467455621555,0.1360946745562155,-0.2103403712608349,-0.2492211838006186,-0.1511225223019277,0.0242872601375437,21.660686436636624,12.777777777778018,0.1277777777777801,-0.3133499376681218,-0.1533272002453123,0.687520258918779,0.0610866057104196,60.46901003148925,58.723404255319224,0.7744186046511633,0.6369298328866247,0.1691526987544156,0.5135256670717527,0.1563917880238705,55.766316824878544,75.56904400606982,0.4774688398849473,0.6579101818289074,-2.4049041182018116,-0.0878150498234599,0.3813792773828222,5.79534580402958,7.198806415516623,0.0694244604316549,-0.3022298234407004,2026-06-06/2026-06-12,0.460183,-0.248983,532.9492785833334,-0.5127787356759339,12.648105136271917,-0.20706365208416067,33.4389967913441,0.3078556263269639,1
2026-06-07 19:49:09.535952+00:00,2026-06-07T19:49:09.517058+00:00,SOL,KXSOL15M-26JUN071600-00,2026-06-07 20:00:00+00:00,63.7175,63.7748,-0.0898,10.84,0.03,0.485,0.3462,0.1388,no,trade,0.2,0.3913,0.3043,-1.0,0.613,1.0,0.7353,0.2647,-1,0.0,0.2647,0.004691,1.136,1.0,6.55,5.73,0.0,0.0157,-0.0627,-1.564,-1,,0.5013,,1.1188,0.5851,0.9895,,0.0,-0.612,-1.0,-1.0,52.72,,57.59,,,-1.0,0.5911,0.0019874,8.98e-05,0.001243,0.0557,,,,0.1846,0.929,-2.0,-1.0,0.0884,77.27,11.0,1.0,0.2861,0.0229,22.66,1000.0,1.0,0.0,-22.66,63.9,0.2864,0.1963,Bull,,Bear,Bear,Bear,Bull,,0.1119,0.3462,-0.2514370384869179,-0.3012293687492772,0.6106,1.538968,0.4504,-0.2003,-0.000383,-0.002062,0.165,0.0,-5066.19,40879763.12020004,1.0816221701099176,-5318056.9417999685,,,,,,,,,,,,,,,,,,,,,,,,2026-06-07 19:49:09.535952+00:00,False,0.515,-0.515,220,-0.1721439749608699,0.1235051906098488,0.0408135579511844,19.16175899662626,4.999999999999803,0.049999999999998,-0.190378321333751,-0.390381011867591,-0.1304710800334921,0.0299211854446301,18.66978446207079,4.712041884816569,0.0471204188481656,-0.3643116732527165,-0.1533272002453123,0.687520258918779,0.0610866057104196,60.46901003148925,58.723404255319224,0.7744186046511633,0.6369298328866247,0.1691526987544156,0.5135256670717527,0.1563917880238705,55.766316824878544,75.56904400606982,0.4774688398849473,0.6579101818289074,-2.4049041182018116,-0.0878150498234599,0.3813792773828222,5.79534580402958,7.198806415516623,0.0694244604316549,-0.3022298234407004,2026-06-06/2026-06-12,0.420088,-0.308188,548.0922658666666,-0.33569726328833704,0.0,-0.20706365208416067,33.4389967913441,0.19143039863568537,2
2026-06-07 21:20:06.904840+00:00,2026-06-07T21:20:06.886629+00:00,SOL,KXSOL15M-26JUN071730-30,2026-06-07 21:30:00+00:00,64.67,64.7665,-0.149,9.89,0.03,0.305,0.2124,0.0926,no,trade,0.5853,0.0,1.0,-1.0,0.132,1.0,0.2083,1.0,1,0.0,0.7917,0.005231,0.7089,-1.0,87.69,56.91,-0.0309,-0.1235,0.1083,0.4657,1,,0.1647,,999.0,0.5327,0.5873,,0.9659,1.3302,1.0,1.0,44.17,1.0,48.98,,,0.0,0.4876,-0.00036,-0.0015176,0.0006501,0.0121,,,,-1.601,0.1198,0.0,1.0,-0.3232,77.4,11.0,1.0,0.3035,0.0243,24.33,1000.0,0.0,1.0,10.68,64.61,-0.0928,-0.2416,Sideways,,Bear,Bear,Bear,Sideways,,0.3026,0.2124,-0.2677232103171498,-0.2755983823770528,0.5672,1.246206,0.5562,1.1356,0.001184,0.012049,0.524,0.0,1009.15,40879763.12020004,1.0816221701099176,-5318056.9417999685,,,,,,,,,,,,,,,,,,,,,,,,2026-06-07 21:20:06.904840+00:00,True,0.6950000000000001,0.3049999999999999,221,0.1392111368909265,0.7790718956013176,0.0193935867866564,67.44480851765005,90.7692307692303,0.9459459459459438,0.8930374362994785,-0.1544401544401497,0.4134156859798318,0.0356189239058094,51.36643793832606,53.03867403314955,0.5000000000000037,0.5932087911704041,1.2984981226533243,0.5581196819289361,0.039017402030741,52.477803109851656,44.16666666666666,0.6641604010025056,0.524040238503905,-1.8728891618053356,0.4119699570349823,0.1480395883147292,42.2717543506826,57.0561456752656,0.360498561840844,0.4548949838095186,-2.4049041182018116,-0.0878150498234599,0.3813792773828222,5.79534580402958,7.198806415516623,0.0694244604316549,-0.3022298234407004,2026-06-06/2026-06-12,0.114827,0.18777299999999997,639.0484140000001,0.06289421918967975,69.39354000036117,1.0398578738540776,43.17791846636278,0.2848403746893519,1
2026-06-07 21:35:16.267852+00:00,2026-06-07T21:35:16.248450+00:00,SOL,KXSOL15M-26JUN071745-45,2026-06-07 21:45:00+00:00,64.3775,64.5565,-0.2773,9.73,0.03,0.215,0.1538,0.0612,no,trade,1.9235,0.5,0.0,0.0,0.0,1.0,1.0,0.0,-1,0.0,0.0,0.005174,0.5684,0.0,48.65,50.83,0.0,0.0,-0.17,0.1676,-1,,0.1647,,0.0235,0.5327,0.3355,,0.9659,1.3302,1.0,1.0,44.17,1.0,48.98,,,0.0,0.4876,-0.00036,-0.0015176,0.0006501,0.0121,,,,-1.601,0.1198,-2.0,-1.0,-0.1347,77.36,11.0,1.0,0.2847,0.0228,22.76,1000.0,0.0,1.0,6.23,64.35,-0.0427,-0.3199,Sideways,,Bear,Bear,Bear,Sideways,,0.277,0.1538,-0.2677232103171498,-0.2755983823770528,0.5672,1.246206,0.5562,1.1356,0.001184,0.012049,0.524,0.0,1009.15,40879763.12020004,1.0816221701099176,-5318056.9417999685,,,,,,,,,,,,,,,,,,,,,,,,2026-06-07 21:35:16.267852+00:00,True,0.785,0.2149999999999999,221,0.0,0.6126173709238598,0.0148677479554765,51.82328424290154,48.64864864864792,0.7888888888888911,0.4441977630864775,-0.061871616395992,0.4069302037934932,0.0355532541920235,49.81183787773592,50.828729281767984,0.4791666666666671,0.5433393301559675,1.2984981226533243,0.5581196819289361,0.039017402030741,52.477803109851656,44.16666666666666,0.6641604010025056,0.524040238503905,-1.8728891618053356,0.4119699570349823,0.1480395883147292,42.2717543506826,57.0561456752656,0.360498561840844,0.4548949838095186,-2.4049041182018116,-0.0878150498234599,0.3813792773828222,5.79534580402958,7.198806415516623,0.0694244604316549,-0.3022298234407004,2026-06-06/2026-06-12,0.137247,0.13975300000000002,654.2044642,-0.29515076491491987,52.88244533915902,1.0398578738540776,43.17791846636278,0.5359489756474681,2
2026-06-08 05:05:07.347574+00:00,2026-06-08T05:05:07.327757+00:00,SOL,KXSOL15M-26JUN080115-15,2026-06-08 05:15:00+00:00,65.5025,65.5502,-0.0728,9.88,0.04,0.43,0.3225,0.1075,no,trade,0.4044,1.0,1.0,1.0,0.04,1.0,0.7143,0.7143,1,0.2857,0.0,0.004513,0.7101,-1.0,13.64,9.02,0.0,0.0305,-0.1676,-0.4409,-1,,0.3462,,1.2391,0.5851,0.4151,,0.2159,-1.041,-1.0,-2.0,45.02,-1.0,55.07,,,0.0,0.5731,-0.0006341,0.000753,0.0013485,-0.0285,,,,-0.2558,0.5122,-2.0,-1.0,0.059,77.28,9.0,1.0,0.25,0.02,19.95,1000.0,0.0,1.0,15.05,65.22,-0.4313,-0.5037,Sideways,,Bear,Bear,Bear,Sideways,,0.3918,0.3225,-0.2226722661803386,-0.1593118420287792,0.465,1.658289,0.418,-1.2338,-0.003043,-0.003026,0.4208,0.0,-4334.4,-5252178.7842999995,0.976682838372076,26553634.114000052,,,,,,,,,,,,,,,,,,,,,,,,2026-06-08 05:05:07.347574+00:00,True,0.5700000000000001,0.4299999999999999,227,-0.1067235859124937,0.1975113893092489,0.0203591799131081,30.48694725933925,13.636363636362608,0.1142857142857053,0.0517061542017507,0.2292176039119908,0.1328982309037211,0.0254471692196233,35.551027283108,14.285714285714132,0.1130952380952372,0.1149713613426884,-1.0410380205190028,0.5931137998828621,0.0505864604265811,49.728662043809514,50.80213903743318,0.5080213903743318,0.4207932864628368,-0.2558314522197125,0.7395374066573477,0.1180376993969692,61.678652244184725,84.18156808803296,0.679245283018868,0.7234264076989056,7.022064744725398,0.1096474034548019,0.4092425013704607,27.063358719431093,23.89817629179333,0.2262589928057556,0.1212956921919474,2026-06-06/2026-06-12,0.411469,-0.019668999999999992,60.77245956666666,0.13703353117493489,11.51479401000205,-0.5968561710613773,59.64313628305097,0.16131176600930647,1
2026-06-08 05:50:34.996908+00:00,2026-06-08T05:50:34.983983+00:00,SOL,KXSOL15M-26JUN080200-00,2026-06-08 06:00:00+00:00,65.1,65.068,0.0492,9.42,0.04,0.68,0.6188,0.0612,no,trade,-0.134,0.3077,0.3077,1.0,5.075,1.0,0.6667,0.3333,-1,0.0,0.3333,0.004465,1.4447,-2.0,16.92,6.36,-0.1227,0.0615,-0.3215,-0.6302,-1,,0.2874,,1.756,0.5851,0.8668,,0.2159,-1.041,-1.0,-2.0,45.02,,55.07,,,0.0,0.5543,-0.0006341,0.000753,0.0012413,-0.0326,,,,-0.2558,0.5122,-2.0,-1.0,-0.0206,77.12,9.0,1.0,0.09,0.0072,7.04,1000.0,1.0,0.0,-7.04,65.32,0.3379,0.3873,Sideways,,Bear,Bear,Bear,Sideways,,0.2628,0.6188,-0.2226722661803386,-0.1593118420287792,0.465,1.658289,0.418,-1.2338,-0.003043,-0.003026,0.3308,0.0,563.56,-5252178.7842999995,0.976682838372076,26553634.114000052,,,,,,,,,,,,,,,,,,,,,,,,2026-06-08 05:50:34.996908+00:00,False,0.3199999999999999,-0.3199999999999999,228,-0.0460546515198001,0.1309136760423832,0.015227354549415,27.299255887472953,16.92307692307669,0.1122448979591826,0.0526272352341736,-0.4127809203485655,0.0580637279202344,0.0300596666828848,29.757548313647433,8.092485549132961,0.0725388601036269,0.003623620045354,-1.0410380205190028,0.5931137998828621,0.0505864604265811,49.728662043809514,50.80213903743318,0.5080213903743318,0.4207932864628368,-0.2558314522197125,0.7395374066573477,0.1180376993969692,61.678652244184725,84.18156808803296,0.679245283018868,0.7234264076989056,7.022064744725398,0.1096474034548019,0.4092425013704607,27.063358719431093,23.89817629179333,0.2262589928057556,0.1212956921919474,2026-06-06/2026-06-12,0.434744,-0.17194400000000004,106.2332818,-0.4311792498115752,0.0,-0.5968561710613773,59.64313628305097,0.11019036954087345,1
2026-06-08 06:36:03.323985+00:00,2026-06-08T06:36:03.309742+00:00,SOL,KXSOL15M-26JUN080245-45,2026-06-08 06:45:00+00:00,65.715,65.7755,-0.092,8.95,0.03,0.295,0.234,0.061,no,trade,0.3741,0.5,0.0,0.0,0.0,1.0,0.7097,0.7097,1,0.2903,0.0,0.004484,1.0508,0.0,89.77,51.3,0.0,0.0,0.1065,0.7347,1,,-0.1827,,0.6598,0.5255,0.5963,,0.5192,-0.3511,-1.0,-3.0,37.44,0.0,50.93,,,0.0,0.4621,-0.0029862,6.39e-05,0.0008581,-0.1151,,,,-0.2558,0.5122,0.0,0.6142,-0.114,77.38,9.0,1.0,0.2069,0.0166,16.21,1000.0,0.0,1.0,6.78,65.79,0.1141,0.022,Sideways,,Bear,Bear,Bear,Sideways,,0.2695,0.234,-0.1824628071191558,-0.222924281988221,0.4035,1.837599,0.3772,-0.6508,-0.001807,0.002317,0.3308,0.0,563.56,-5252178.7842999995,0.976682838372076,26553634.114000052,,,,,,,,,,,,,,,,,,,,,,,,2026-06-08 06:36:03.323985+00:00,True,0.7050000000000001,0.2949999999999999,229,0.0,0.9028044306849626,0.0136403155326218,71.48811053063625,89.77272727272845,0.8977272727272845,1.0570759081962933,0.3202195791399909,0.4295975995254364,0.0284417352186814,53.52230998523809,45.66473988439332,0.4566473988439332,0.680664317063304,-0.4878792498856699,0.4914855523697972,0.0503618497685682,45.1778921731485,42.24598930481269,0.4224598930481268,0.3307942964587735,-0.2558314522197125,0.7395374066573477,0.1180376993969692,61.678652244184725,84.18156808803296,0.679245283018868,0.7234264076989056,7.022064744725398,0.1096474034548019,0.4092425013704607,27.063358719431093,23.89817629179333,0.2262589928057556,0.1212956921919474,2026-06-06/2026-06-12,0.31133,-0.04182999999999998,151.70539975000003,0.14695924454179998,62.08025545933151,-0.060225626227017326,58.20195588767941,0.20517395182872433,1
2026-06-08 06:46:08.290884+00:00,2026-06-08T06:46:08.272700+00:00,SOL,KXSOL15M-26JUN080300-00,2026-06-08 07:00:00+00:00,65.6925,65.7012,-0.0132,13.87,0.01,0.515,0.3225,0.1925,no,trade,0.0989,0.5,0.0,0.0,0.0,1.0,0.0,0.5,0,0.0,0.0,0.004061,0.0,0.0,89.77,55.63,0.0,0.0,0.0,0.7551,1,,-0.3394,,0.6598,0.5255,0.2608,,0.5192,-0.3511,-1.0,-3.0,37.44,,50.93,,,0.0,0.4419,-0.0029862,6.39e-05,0.0003893,-0.1276,,,,-0.2558,0.5122,0.0,0.6142,0.1553,77.38,9.0,1.0,0.3738,0.0299,30.07,1000.0,0.0,1.0,31.93,65.79,0.1484,0.1352,Sideways,,Bear,Bear,Bear,Sideways,,0.2746,0.3225,-0.1824628071191558,-0.222924281988221,0.4035,1.837599,0.3772,-0.6508,-0.001807,0.002317,0.5271,0.0,9721.05,-5252178.7842999995,0.976682838372076,26553634.114000052,,,,,,,,,,,,,,,,,,,,,,,,2026-06-08 06:46:08.290884+00:00,True,0.485,0.515,229,0.0,0.8399770151009692,0.0150991857786128,71.50098874105657,89.77272727272845,0.8977272727272845,0.996754989025158,0.0,0.4334614744320209,0.0285005068495526,53.507769028219194,51.2987012987015,0.4566473988439332,0.6705515402433114,-0.4878792498856699,0.4914855523697972,0.0503618497685682,45.1778921731485,42.24598930481269,0.4224598930481268,0.3307942964587735,-0.2558314522197125,0.7395374066573477,0.1180376993969692,61.678652244184725,84.18156808803296,0.679245283018868,0.7234264076989056,7.022064744725398,0.1096474034548019,0.4092425013704607,27.063358719431093,23.89817629179333,0.2262589928057556,0.1212956921919474,2026-06-06/2026-06-12,0.262757,0.011842999999999992,161.7881814,-0.1898689506136142,55.248637297828395,-0.060225626227017326,58.20195588767941,0.03250430928342773,2
2026-06-08 07:16:26.986086+00:00,2026-06-08T07:16:26.967890+00:00,SOL,KXSOL15M-26JUN080330-30,2026-06-08 07:30:00+00:00,65.55,65.6843,-0.2045,13.55,0.03,0.375,0.2753,0.0997,no,trade,0.3732,0.5135,0.5135,1.0,1.305,1.0,0.3243,0.5135,-1,0.1622,0.5135,0.004092,1.3777,-2.0,37.5,49.22,-0.0609,0.0,-0.2432,0.4601,-1,,0.4111,,0.9012,0.5255,1.0799,,0.8393,0.7195,1.0,1.0,49.76,1.0,55.37,,,1.0,0.5982,-0.0028632,0.001058,0.0008609,0.034,,,,-0.2558,0.5122,-2.0,-1.0,0.0792,77.38,9.0,1.0,0.266,0.0213,21.25,1000.0,1.0,0.0,-21.25,66.06,0.778,0.572,Sideways,,Bear,Bear,Bear,Sideways,,0.5482,0.2753,-0.2088374768848201,-0.1994545375663442,0.4353,1.846275,0.3754,0.761,0.002017,0.0067,0.5271,0.0,9721.05,-5252178.7842999995,0.976682838372076,26553634.114000052,,,,,,,,,,,,,,,,,,,,,,,,2026-06-08 07:16:26.986086+00:00,False,0.625,-0.625,229,0.0759993920048662,0.728252204127194,0.0162630994587255,77.34562639310414,90.00000000000178,0.9545454545454634,0.8127969455169566,0.0759993920048662,0.485537463719926,0.0272940257374962,55.51560679553894,65.62500000000021,0.4855491329479777,0.6762491287865692,0.7966906695265896,0.6343874444712149,0.0501012301264734,53.225809263682585,56.14973262032095,0.5614973262032095,0.527117536608974,-0.2558314522197125,0.7395374066573477,0.1180376993969692,61.678652244184725,84.18156808803296,0.679245283018868,0.7234264076989056,7.022064744725398,0.1096474034548019,0.4092425013704607,27.063358719431093,23.89817629179333,0.2262589928057556,0.1212956921919474,2026-06-06/2026-06-12,0.240586,0.30761400000000005,192.0997681,0.17408864538592805,89.87979378189308,0.4494933375505994,68.9517128314618,0.4997556207233626,3
2026-06-08 19:01:19.213453+00:00,2026-06-08T19:01:19.197638+00:00,SOL,KXSOL15M-26JUN081515-15,2026-06-08 19:15:00+00:00,67.3725,67.4142,-0.0619,13.68,0.05,0.485,0.3225,0.1625,no,trade,0.1502,0.6667,0.6667,1.0,0.059,1.0,0.3077,0.8462,1,0.1538,0.5385,0.005001,0.7712,-1.0,50.0,71.55,-0.0445,-0.1037,-0.0889,0.1176,1,,1.1293,,999.0,0.5232,0.8075,,0.5789,0.1039,1.0,2.0,86.83,0.0,67.35,,,0.0,0.8432,0.0004454,0.0020642,0.0010278,0.2639,,,,0.5995,0.6102,-2.0,-1.0,0.1688,76.28,9.0,1.0,0.3351,0.0268,26.78,1000.0,1.0,0.0,-26.78,67.47,0.1447,0.0828,Sideways,,Bear,Bear,Sideways,Sideways,,0.3852,0.3225,-0.2142552627798976,-0.1988768893625461,0.4192,1.397906,0.4958,-0.0242,0.000401,-0.000434,0.7273,0.0,7174.31,-21954634.074799985,0.9138532580257702,1091095.8953999877,,,,,,,,,,,,,,,,,,,,,,,,2026-06-08 19:01:19.213453+00:00,False,0.515,-0.515,232,0.1039038147543358,0.6867547077245786,0.0137712221927464,58.919807460775914,68.00000000000068,0.8139534883720969,0.6893340313437742,0.1782531194296055,0.6759137171608716,0.0189017461843825,56.69263912077838,74.13793103448293,0.7196969696969678,0.6591414433843138,0.1633744244764479,0.8664362036994162,0.0386167867361305,65.2607796280694,86.83274021352298,0.8683274021352299,0.7273447583111443,0.599520383693064,0.906199629985006,0.1058125318404067,67.05337905192147,89.48170731707322,0.9098039215686278,0.7489508099203148,7.022064744725398,0.1096474034548019,0.4092425013704607,27.063358719431093,23.89817629179333,0.2262589928057556,0.1212956921919474,2026-06-06/2026-06-12,0.524502,-0.13930200000000004,50.53689088333333,-0.14105175947983772,19.886087566808406,-0.1345917899165605,57.030493435128015,0.12377524495100979,1
2026-06-08 19:16:29.418004+00:00,2026-06-08T19:16:29.402225+00:00,SOL,KXSOL15M-26JUN081530-30,2026-06-08 19:30:00+00:00,67.4875,67.5847,-0.1438,13.51,0.07,0.355,0.2743,0.0807,no,trade,0.3261,0.5926,0.3333,1.0,0.857,1.0,0.6207,0.6207,1,0.3793,0.0,0.005057,0.8494,-1.0,62.5,81.03,-0.1775,-0.0148,0.1335,0.1159,1,,1.1293,,999.0,0.553,0.8705,,0.5789,0.1039,1.0,2.0,86.83,0.0,67.35,,,0.0,0.8432,0.0004454,0.0020642,0.0010278,0.2639,,,,0.5995,0.6102,0.0,1.0,-0.2486,76.2,9.0,1.0,0.2273,0.0182,18.06,1000.0,1.0,0.0,-18.06,67.59,0.1519,0.0078,Sideways,,Bear,Bear,Sideways,Sideways,,0.4115,0.2743,-0.2142552627798976,-0.1988768893625461,0.4192,1.397906,0.4958,-0.0242,0.000401,-0.000434,0.7273,0.0,7174.31,-21954634.074799985,0.9138532580257702,1091095.8953999877,,,,,,,,,,,,,,,,,,,,,,,,2026-06-08 19:16:29.418004+00:00,False,0.645,-0.645,232,0.0740302043233498,0.7591021842397793,0.0133218924539477,62.11375001075833,77.08333333333364,0.8842105263157904,0.7442423183794358,0.2224199288256345,0.7683307600548356,0.0184238533692326,60.58032582955353,87.06896551724208,0.8211382113821153,0.7575117698883348,0.1633744244764479,0.8664362036994162,0.0386167867361305,65.2607796280694,86.83274021352298,0.8683274021352299,0.7273447583111443,0.599520383693064,0.906199629985006,0.1058125318404067,67.05337905192147,89.48170731707322,0.9098039215686278,0.7489508099203148,7.022064744725398,0.1096474034548019,0.4092425013704607,27.063358719431093,23.89817629179333,0.2262589928057556,0.1212956921919474,2026-06-06/2026-06-12,0.495656,-0.08415600000000001,65.70696673333333,-0.015414357796561529,18.56610700210522,-0.1345917899165605,57.030493435128015,0.28435831520664423,2
2026-06-08 19:31:37.812679+00:00,2026-06-08T19:31:37.801038+00:00,SOL,KXSOL15M-26JUN081545-45,2026-06-08 19:45:00+00:00,67.6325,67.6445,-0.0177,13.37,0.04,0.5,0.3225,0.1775,no,trade,0.049,0.0588,0.5882,-1.0,8.17,1.0,0.1818,0.3939,1,0.6061,0.2121,0.004964,0.983,1.0,71.93,86.78,0.0,-0.0886,0.252,0.13,1,,1.1293,,999.0,0.5135,0.7171,,0.5789,0.1039,1.0,2.0,86.83,0.0,67.35,,,0.0,0.8432,0.0004454,0.0020642,0.0010278,0.2639,,,,0.5995,0.6102,0.0,1.0,0.1587,76.12,9.0,1.0,0.355,0.0284,28.5,1000.0,0.0,1.0,28.5,67.61,-0.0333,-0.051,Sideways,,Bear,Bear,Sideways,Sideways,,0.4217,0.3225,-0.2142552627798976,-0.1988768893625461,0.4192,1.397906,0.4958,-0.0242,0.000401,-0.000434,0.7273,0.0,7174.31,-21954634.074799985,0.9138532580257702,1091095.8953999877,,,,,,,,,,,,,,,,,,,,,,,,2026-06-08 19:31:37.812679+00:00,True,0.5,0.5,232,-0.1477323090559812,0.7447779310436607,0.0077513705345686,57.75312047211115,64.91228070175434,0.7101449275362328,0.6095264587248808,0.0,0.7436968875773017,0.0180801320553562,60.56689782442363,83.47107438016516,0.8211382113821153,0.7113155368901101,0.1633744244764479,0.8664362036994162,0.0386167867361305,65.2607796280694,86.83274021352298,0.8683274021352299,0.7273447583111443,0.599520383693064,0.906199629985006,0.1058125318404067,67.05337905192147,89.48170731707322,0.9098039215686278,0.7489508099203148,7.022064744725398,0.1096474034548019,0.4092425013704607,27.063358719431093,23.89817629179333,0.2262589928057556,0.1212956921919474,2026-06-06/2026-06-12,0.44794,-0.026239999999999986,80.84687798333333,0.16149738419952708,32.39351077039392,-0.1345917899165605,57.030493435128015,0.03565672844480258,3
2026-06-08 19:46:46.579220+00:00,2026-06-08T19:46:46.562056+00:00,SOL,KXSOL15M-26JUN081600-00,2026-06-08 20:00:00+00:00,67.525,67.5915,-0.0984,13.23,0.04,0.4,0.2743,0.1257,no,trade,0.3369,0.9286,0.5,1.0,1.234,1.0,0.1053,0.6842,-1,0.2105,0.6842,0.004747,0.5924,-1.0,59.65,80.99,0.0,0.0444,-0.1035,0.0104,-1,,1.1477,,999.0,0.5232,0.5824,,0.5789,0.1039,1.0,2.0,86.83,,67.35,,,0.0,0.8294,0.0004454,0.0020642,0.0011567,0.2654,,,,0.5995,0.6102,-2.0,-1.0,-0.1016,76.09,9.0,1.0,0.3142,0.0251,25.2,1000.0,0.0,1.0,16.8,67.36,-0.2444,-0.3425,Sideways,,Bear,Bear,Sideways,Sideways,,0.4231,0.2743,-0.2142552627798976,-0.1988768893625461,0.4192,1.397906,0.4958,-0.0242,0.000401,-0.000434,0.6534,0.0,-760.31,8419284.211899996,1.037820260144258,-3690183.380300015,,,,,,,,,,,,,,,,,,,,,,,,2026-06-08 19:46:46.579220+00:00,True,0.6,0.4,232,-0.0443524541691275,0.702508139999939,0.0077175108732849,57.49022460737469,68.42105263157816,0.6842105263157816,0.5794362879037843,0.0295901760615446,0.7375316029032146,0.0174134775499687,61.213256156325464,85.1239669421483,0.8373983739837381,0.7007817481418006,0.1633744244764479,0.8664362036994162,0.0386167867361305,65.2607796280694,86.83274021352298,0.8683274021352299,0.7273447583111443,0.599520383693064,0.906199629985006,0.1058125318404067,67.05337905192147,89.48170731707322,0.9098039215686278,0.7489508099203148,7.022064744725398,0.1096474034548019,0.4092425013704607,27.063358719431093,23.89817629179333,0.2262589928057556,0.1212956921919474,2026-06-06/2026-06-12,0.398903,0.02419699999999997,95.992987,-0.0832074152962825,25.257787615397053,-0.1345917899165605,57.030493435128015,0.20728881398778176,4
2026-06-08 20:01:55.446173+00:00,2026-06-08T20:01:55.431269+00:00,SOL,KXSOL15M-26JUN081615-15,2026-06-08 20:15:00+00:00,67.385,67.3937,-0.0129,13.08,0.07,0.505,0.3225,0.1825,no,trade,0.0529,0.6429,0.3571,-1.0,0.323,1.0,0.7353,0.2647,-1,0.0,0.2647,0.004825,1.0462,0.0,17.31,64.46,0.0,-0.0742,-0.296,-0.2952,-1,,0.9289,,999.0,0.5232,0.489,,0.1731,-0.0742,-1.0,-1.0,81.93,-1.0,70.53,,,0.0,0.7802,0.0013664,0.0015862,0.0010102,0.1997,,50.0,50.0,0.4174,0.6446,-2.0,-1.0,0.2296,76.09,9.0,1.0,0.3614,0.0289,28.71,1000.0,0.0,1.0,29.29,67.08,-0.4526,-0.4655,Sideways,,Bear,Bear,Bull,Sideways,,0.4001,0.3225,-0.2207181775942013,-0.2159929797471065,0.5393,1.398508,0.4956,-0.4096,-0.000572,-0.001559,0.6534,0.0,-760.31,8419284.211899996,1.037820260144258,-3690183.380300015,,,,,,,,,,,,,,,,,,,,,,,,2026-06-08 20:01:55.446173+00:00,True,0.495,0.505,232,-0.1483019427554577,0.1895906277477514,0.0079945182505332,33.909855080449475,16.363636363636648,0.1929824561403473,0.0413232703357146,-0.4141399201301632,0.49658551167109,0.0173980247403799,48.84412519266102,61.98347107437976,0.6097560975609736,0.4156910407799821,-0.163107947805452,0.7944983464900661,0.0401596107847467,62.31313726019689,80.72289156626498,0.8291814946619205,0.6533819641630544,0.3128724672228689,0.906965704201066,0.1111373625912562,68.55686982579465,92.5696594427244,0.937254901960784,0.745877971838234,7.022064744725398,0.1096474034548019,0.4092425013704607,27.063358719431093,23.89817629179333,0.2262589928057556,0.1212956921919474,2026-06-06/2026-06-12,0.396039,0.004061000000000037,111.14076955,-0.18756554477017406,11.257401832676813,-0.1249540169847907,43.65201455401548,0.026735751295336785,5
2026-06-08 20:17:05.916556+00:00,2026-06-08T20:17:05.908302+00:00,SOL,KXSOL15M-26JUN081630-30,2026-06-08 20:30:00+00:00,67.085,67.0932,-0.0122,12.9,0.06,0.45,0.3462,0.1038,no,trade,0.032,0.0,1.0,-1.0,0.522,1.0,0.6829,0.0,-1,0.3171,0.0,0.004845,1.2615,0.0,1.39,41.32,0.0447,-0.0745,-0.4748,-0.5762,-1,,0.9289,,999.0,0.6304,0.7708,,0.1731,-0.0742,-1.0,-1.0,81.93,-1.0,70.53,,,0.0,0.7802,0.0013664,0.0015862,0.0010102,0.1997,,50.0,50.0,0.4174,0.6446,-2.0,-1.0,-0.2817,76.04,9.0,1.0,0.2306,0.0184,18.7,1000.0,0.0,1.0,15.3,67.02,-0.0969,-0.1091,Sideways,,Bear,Bear,Bull,Sideways,,0.3188,0.3462,-0.2207181775942013,-0.2159929797471065,0.5393,1.398508,0.4956,-0.4096,-0.000572,-0.001559,0.6534,0.0,-760.31,8419284.211899996,1.037820260144258,-3690183.380300015,,,,,,,,,,,,,,,,,,,,,,,,2026-06-08 20:17:05.916556+00:00,True,0.55,0.4499999999999999,232,-0.2676181980374781,-0.0568092531827866,0.0101562201204163,25.2883690835676,0.0,0.0,-0.1521093516912589,-0.3713055101737694,0.303402859104297,0.0165899657455558,40.46434841441722,41.32231404958651,0.406504065040649,0.2206347551492922,-0.163107947805452,0.7944983464900661,0.0401596107847467,62.31313726019689,80.72289156626498,0.8291814946619205,0.6533819641630544,0.3128724672228689,0.906965704201066,0.1111373625912562,68.55686982579465,92.5696594427244,0.937254901960784,0.745877971838234,7.022064744725398,0.1096474034548019,0.4092425013704607,27.063358719431093,23.89817629179333,0.2262589928057556,0.1212956921919474,2026-06-06/2026-06-12,0.42327,-0.10447000000000001,126.31527593333334,-0.16202168726642263,13.655009950854597,-0.1249540169847907,43.65201455401548,0.02518059855521156,6
2026-06-08 20:47:24.444027+00:00,2026-06-08T20:47:24.431314+00:00,SOL,KXSOL15M-26JUN081700-00,2026-06-08 21:00:00+00:00,67.24,67.2852,-0.0672,12.6,0.03,0.405,0.3225,0.0825,no,trade,0.2133,0.0,0.5455,-1.0,0.404,1.0,0.6667,0.6667,1,0.3333,0.0,0.004681,1.0476,2.0,48.44,51.92,0.0744,-0.0891,0.4029,-0.1941,1,,1.1397,,999.0,0.6304,0.6437,,0.1731,-0.0742,-1.0,-1.0,81.93,,70.53,,,0.0,0.7668,0.0013664,0.0015862,0.0017752,0.2389,,,,0.4174,0.6446,-2.0,-1.0,-0.0413,76.21,9.0,1.0,0.2038,0.0163,16.06,1000.0,1.0,0.0,-16.06,67.52,0.4164,0.349,Sideways,,Bear,Bear,Bull,Sideways,,0.2681,0.3225,-0.2207181775942013,-0.2159929797471065,0.5393,1.398508,0.4956,-0.4096,-0.000572,-0.001559,0.6663,0.0,-16260.58,8419284.211899996,1.037820260144258,-3690183.380300015,,,,,,,,,,,,,,,,,,,,,,,,2026-06-08 20:47:24.444027+00:00,False,0.595,-0.595,232,-0.0445964025568623,0.336086800158765,0.0133987788709575,48.34486045694408,37.681159420288665,0.3209876543209755,0.5248912382562364,0.1191185229303171,0.4671835922489279,0.0163061449887958,47.631151091477086,52.58620689655119,0.5454545454545391,0.4348538489505629,-0.163107947805452,0.7944983464900661,0.0401596107847467,62.31313726019689,80.72289156626498,0.8291814946619205,0.6533819641630544,0.3128724672228689,0.906965704201066,0.1111373625912562,68.55686982579465,92.5696594427244,0.937254901960784,0.745877971838234,7.022064744725398,0.1096474034548019,0.4092425013704607,27.063358719431093,23.89817629179333,0.2262589928057556,0.1212956921919474,2026-06-06/2026-06-12,0.418367,-0.15026699999999998,156.62406711666665,0.19386859153305291,34.77105766327917,-0.1249540169847907,43.65201455401548,0.1435590685750908,7
2026-06-08 21:22:47.826592+00:00,2026-06-08T21:22:47.808204+00:00,SOL,KXSOL15M-26JUN081730-30,2026-06-08 21:30:00+00:00,67.76,67.9263,-0.2448,7.21,0.05,0.235,0.1858,0.0492,no,trade,0.6575,0.0,1.0,-1.0,1.149,1.0,0.7353,0.7353,1,0.2647,0.0,0.004751,2.1109,-1.0,70.69,70.69,0.0,-0.0295,-0.0884,0.4253,1,,1.1114,,999.0,0.5135,1.0068,,0.8627,0.0891,1.0,1.0,83.26,0.0,67.6,,,1.0,0.7683,0.0003464,0.0022805,0.0017199,0.239,,,,0.4174,0.6446,0.0,0.9964,-1.3505,76.76,9.0,1.0,0.2094,0.0168,16.83,1000.0,0.0,1.0,5.17,67.82,0.0885,-0.1565,Sideways,,Bear,Bear,Bull,Bull,,0.2987,0.1858,-0.2321558611661065,-0.1976550412749028,0.5552,1.402423,0.4942,-0.053,-0.000102,0.000754,0.6663,0.0,-16260.58,8419284.211899996,1.037820260144258,-3690183.380300015,,,,,,,,,,,,,,,,,,,,,,,,2026-06-08 21:22:47.826592+00:00,True,0.765,0.235,232,-0.2795762213066433,0.8688534114608449,0.0157325235937467,65.40110224473369,69.29824561403436,0.6929824561403436,0.8899496959877257,0.8009492732126811,1.0191302786363,0.0184285517044126,70.02135149700851,86.20689655172333,0.8961038961038895,1.0033355538981712,0.1336699836625543,0.8081643626939935,0.0415575299842808,63.81277377593056,83.26180257510725,0.8612099644128113,0.666331972927061,0.3128724672228689,0.906965704201066,0.1111373625912562,68.55686982579465,92.5696594427244,0.937254901960784,0.745877971838234,7.022064744725398,0.1096474034548019,0.4092425013704607,27.063358719431093,23.89817629179333,0.2262589928057556,0.1212956921919474,2026-06-06/2026-06-12,0.299711,-0.0010109999999999841,192.01377653333333,0.4485638111995538,95.44050770379376,0.16317368718563596,50.56784739686433,0.515259945274679,8
2026-06-08 21:32:54.776248+00:00,2026-06-08T21:32:54.763884+00:00,SOL,KXSOL15M-26JUN081745-45,2026-06-08 21:45:00+00:00,67.7575,67.7957,-0.0563,12.09,0.05,0.395,0.2753,0.1197,no,trade,0.2267,0.5,0.0,0.0,0.0,1.0,0.88,0.12,-1,0.0,0.12,0.004466,0.8255,1.0,71.43,72.41,0.0,0.0295,0.0,0.4588,1,,1.1114,,999.0,0.5232,0.5184,,0.8627,0.0891,1.0,1.0,83.26,0.0,67.6,,,1.0,0.7683,0.0003464,0.0022805,0.0017199,0.239,,,,0.4174,0.6446,0.0,1.0,-0.1618,76.75,9.0,1.0,0.3032,0.0243,24.2,1000.0,1.0,0.0,-24.2,67.9,0.2103,0.1538,Sideways,,Bear,Bear,Bull,Bull,,0.2919,0.2753,-0.2321558611661065,-0.1976550412749028,0.5552,1.402423,0.4942,-0.053,-0.000102,0.000754,0.6663,0.0,-16260.58,8419284.211899996,1.037820260144258,-3690183.380300015,,,,,,,,,,,,,,,,,,,,,,,,2026-06-08 21:32:54.776248+00:00,False,0.605,-0.605,232,0.0,0.8426512813804484,0.0172328825618957,66.54102799988524,71.92982456140288,0.7192982456140288,0.8875494166020845,-0.2354326074161195,0.8629655106905736,0.0192937833768595,62.88298754990239,71.92982456140288,0.7922077922077883,0.7965378623897232,0.1336699836625543,0.8081643626939935,0.0415575299842808,63.81277377593056,83.26180257510725,0.8612099644128113,0.666331972927061,0.3128724672228689,0.906965704201066,0.1111373625912562,68.55686982579465,92.5696594427244,0.937254901960784,0.745877971838234,7.022064744725398,0.1096474034548019,0.4092425013704607,27.063358719431093,23.89817629179333,0.2262589928057556,0.1212956921919474,2026-06-06/2026-06-12,0.308158,-0.016257999999999995,202.12960413333334,-0.024766230468364903,92.76114844227186,0.16317368718563596,50.56784739686433,0.12606359158083294,9
2026-06-08 21:48:03.556687+00:00,2026-06-08T21:48:03.541815+00:00,SOL,KXSOL15M-26JUN081800-00,2026-06-08 22:00:00+00:00,67.745,67.8595,-0.1687,11.94,0.05,0.245,0.1538,0.0912,no,trade,1.0409,0.0,1.0,-1.0,0.194,1.0,0.3333,0.3333,1,0.6667,0.0,0.004356,0.3043,2.0,71.11,77.59,0.0,0.0442,0.0885,0.4921,1,,1.2093,,999.0,0.5135,0.3403,,0.8627,0.0891,1.0,1.0,83.26,,67.6,,,1.0,0.7558,0.0003464,0.0022805,0.0021606,0.2568,,,,0.4174,0.6446,0.0,1.0,-0.2024,76.73,9.0,1.0,0.3723,0.0298,29.45,1000.0,0.0,1.0,9.56,67.33,-0.6126,-0.7803,Sideways,,Bear,Bear,Bull,Bull,,0.3425,0.1538,-0.2321558611661065,-0.1976550412749028,0.5552,1.402423,0.4942,-0.053,-0.000102,0.000754,0.7112,0.0,-9495.09,8419284.211899996,1.037820260144258,-3690183.380300015,,,,,,,,,,,,,,,,,,,,,,,,2026-06-08 21:48:03.556687+00:00,True,0.755,0.245,232,-0.0883522308938289,0.7818552465849944,0.0198501608633194,65.22266645988157,72.44897959183581,0.7631578947368333,0.832715212450929,0.0737463126843529,0.8569352230791764,0.0204428625075995,64.1980057784624,76.31578947368332,0.8246753246753188,0.8114336294905387,0.1336699836625543,0.8081643626939935,0.0415575299842808,63.81277377593056,83.26180257510725,0.8612099644128113,0.666331972927061,0.3128724672228689,0.906965704201066,0.1111373625912562,68.55686982579465,92.5696594427244,0.937254901960784,0.745877971838234,7.022064744725398,0.1096474034548019,0.4092425013704607,27.063358719431093,23.89817629179333,0.2262589928057556,0.1212956921919474,2026-06-06/2026-06-12,0.228167,0.11433300000000002,217.27594478333333,0.16217349190577046,100.0,0.16317368718563596,50.56784739686433,0.3872819100091827,10
2026-06-08 22:18:23.096276+00:00,2026-06-08T22:18:23.082228+00:00,SOL,KXSOL15M-26JUN081830-30,2026-06-08 22:30:00+00:00,67.0175,67.0643,-0.0698,11.62,0.04,0.36,0.2753,0.0847,no,trade,0.292,0.0,1.0,-1.0,0.276,1.0,1.0,0.0,-1,0.0,0.0,0.004773,1.2812,-3.0,5.31,6.03,-0.0149,-0.0596,-0.4307,-0.8563,-1,,1.2284,,999.0,0.6304,0.5085,,0.0882,0.0889,1.0,2.0,76.43,0.0,66.14,,,0.0,0.7714,0.0009903,0.0014441,0.0021182,0.2766,,,,0.4174,0.6446,-2.0,-1.0,0.233,76.89,9.0,1.0,0.2354,0.0188,18.56,1000.0,1.0,0.0,-18.56,67.1,0.1231,0.0532,Sideways,,Bear,Bear,Bull,Sideways,,0.1583,0.2753,-0.2282876694038111,-0.2551538132814562,0.5404,1.394274,0.4971,0.1192,0.000452,0.000888,0.7112,0.0,-9495.09,8419284.211899996,1.037820260144258,-3690183.380300015,,,,,,,,,,,,,,,,,,,,,,,,2026-06-08 22:18:23.096276+00:00,False,0.64,-0.64,232,-0.2824438828601172,0.0551125629100738,0.016712894467837,21.59986491826416,0.0,0.0,-0.4498136177160818,-0.7839077059606625,0.2069863357205802,0.0170093776218127,37.85433995977756,8.771929824560901,0.302013422818792,0.0935869418500749,0.2818154850192877,0.8359597584956538,0.0434167239621656,67.08567562240452,80.45977011494233,0.8365384615384601,0.7112667359531832,0.3128724672228689,0.906965704201066,0.1111373625912562,68.55686982579465,92.5696594427244,0.937254901960784,0.745877971838234,7.022064744725398,0.1096474034548019,0.4092425013704607,27.063358719431093,23.89817629179333,0.2262589928057556,0.1212956921919474,2026-06-06/2026-06-12,0.298702,-0.14040200000000003,247.6016046,-0.6456792175333792,26.503392151131354,0.48264211978108484,71.05717266841476,0.14623926251833227,11
2026-06-08 22:33:31.308156+00:00,2026-06-08T22:33:31.291779+00:00,SOL,KXSOL15M-26JUN081845-45,2026-06-08 22:45:00+00:00,67.0325,67.099,-0.0991,11.48,0.06,0.39,0.2743,0.1157,no,trade,0.4188,1.0,1.0,1.0,0.187,1.0,0.1765,1.0,1,0.0,0.8235,0.004672,0.5421,2.0,18.37,14.88,0.1193,0.0149,0.2689,-0.7332,1,,1.2284,,999.0,0.7273,0.5066,,0.0882,0.0889,1.0,2.0,76.43,0.0,66.14,,,0.0,0.7714,0.0009903,0.0014441,0.0021182,0.2766,,,,0.4174,0.6446,-2.0,-1.0,0.3459,76.88,9.0,1.0,0.2966,0.0237,23.79,1000.0,0.0,1.0,15.21,67.13,0.1455,0.0462,Sideways,,Bear,Bear,Bull,Sideways,,0.2159,0.2743,-0.2282876694038111,-0.2551538132814562,0.5404,1.394274,0.4971,0.1192,0.000452,0.000888,0.7112,0.0,-9495.09,8419284.211899996,1.037820260144258,-3690183.380300015,,,,,,,,,,,,,,,,,,,,,,,,2026-06-08 22:33:31.308156+00:00,True,0.61,0.39,232,0.179157957599263,0.1733717403290076,0.0201253034288038,33.56051285569039,17.34693877550911,0.1428571428571326,0.0498860354599158,0.0298151460942142,0.2254095769859527,0.0170433207577569,38.63277505694233,14.285714285713262,0.2554744525547395,0.1619219249248916,0.2818154850192877,0.8359597584956538,0.0434167239621656,67.08567562240452,80.45977011494233,0.8365384615384601,0.7112667359531832,0.3128724672228689,0.906965704201066,0.1111373625912562,68.55686982579465,92.5696594427244,0.937254901960784,0.745877971838234,7.022064744725398,0.1096474034548019,0.4092425013704607,27.063358719431093,23.89817629179333,0.2262589928057556,0.1212956921919474,2026-06-06/2026-06-12,0.291857,-0.07595699999999997,262.73846926666664,-0.018921819272166296,24.658861898681778,0.48264211978108484,71.05717266841476,0.21211472602739725,12
2026-06-09 00:04:25.718938+00:00,2026-06-09T00:04:25.697514+00:00,SOL,KXSOL15M-26JUN082015-15,2026-06-09 00:15:00+00:00,66.75,66.8012,-0.0766,10.57,0.02,0.27,0.2124,0.0576,no,trade,0.5409,0.2,0.2,1.0,0.308,1.0,0.2,0.2,1,0.8,0.0,0.004448,0.1683,0.0,19.44,9.46,0.0,0.0,0.015,-0.3819,-1,,-0.1375,,999.0,0.5659,0.316,,0.1944,-0.5656,-1.0,-2.0,41.99,0.0,55.64,,,0.0,0.4505,-0.0013666,9.99e-05,0.0006679,-0.1489,,50.0,50.0,-0.8314,0.0946,-2.0,-1.0,0.0241,76.79,9.0,1.0,0.2132,0.0171,16.79,1000.0,0.0,1.0,6.21,66.58,-0.2547,-0.3311,Sideways,,Bear,Bear,Bull,Sideways,,0.2288,0.2124,-0.1965981484318625,-0.2374607848589423,0.3924,1.486542,0.4663,-0.786,-0.001712,-0.000166,0.3668,0.0,1234.97,-36938698.90099996,0.8812990437706962,-50474048.76389995,,,,,,,,,,,,,,,,,,,,,,,,2026-06-09 00:04:25.718938+00:00,True,0.73,0.27,233,0.0748615062134971,0.2550462149781873,0.0099617608914436,39.88242543157983,25.000000000000988,0.2500000000000099,0.3017685045740051,-0.1046181437752147,0.1337935607239553,0.0198125170134289,33.225745663865325,12.328767123288072,0.1232876712328807,0.1680001778838593,-0.5061030068472805,0.5455792501174646,0.0434139033779819,46.226335148134766,44.104803493449886,0.58974358974359,0.3668147456746924,-0.727758799940581,0.8069503390213855,0.1158382445187717,61.099373962397266,80.92399403874815,0.8391959798994975,0.6295920224128366,0.586907449209928,0.1629213538433767,0.4310768344077543,28.72417963236677,25.75173477255207,0.2402877697841729,0.2007375517364516,2026-06-06/2026-06-12,0.387725,-0.15892499999999998,353.6453156333334,-0.06229889247645337,16.918804190751473,-0.4778362062643815,26.248060356359105,0.17221223021582735,1
2026-06-09 01:10:12.846898+00:00,2026-06-09T01:10:12.829617+00:00,SOL,KXSOL15M-26JUN082115-15,2026-06-09 01:15:00+00:00,65.51,65.4103,0.1524,4.79,0.03,0.865,0.8126,0.0524,no,trade,-0.602,0.5,0.0,0.0,0.033,1.0,0.9302,0.0698,-1,0.0,0.0698,0.005102,1.2863,1.0,12.33,7.03,0.0,0.0,-0.0305,-0.3038,-1,,-1.9317,,0.3431,0.5851,0.8381,,0.0205,-2.1407,-1.0,-3.0,1.07,0.0,41.97,,,0.0,-0.0825,-0.0051958,-0.0023752,-0.0002195,-0.4845,,,,-0.8314,0.0946,-1.0,-0.1336,0.8311,76.97,9.0,1.0,0.0606,0.0048,4.86,1000.0,1.0,0.0,-4.86,65.52,0.0153,0.1677,Sideways,,Bear,Bear,Bull,Sideways,,-0.134,0.8126,-0.1429678179403198,-0.1684434748103577,0.503,1.738323,0.3987,-2.5639,-0.005162,-0.006298,-0.097,-1.0,23783.91,-36938698.90099996,0.8812990437706962,-50474048.76389995,,,,,,,,,,,,,,,,,,,,,,,,2026-06-09 01:10:12.846898+00:00,False,0.135,-0.135,234,0.0,0.2175641188557047,0.0372157202101547,29.166480615416106,12.328767123287218,0.1146496815286582,0.1472074492731067,-0.5325623858794759,-0.1027489968428139,0.0404468918171168,11.608603214791389,1.1673151750973236,0.0107913669064752,-0.4113601715584293,-2.1992818671454195,0.0536841521597893,0.0445781780777849,26.522943127654997,1.0791366906475224,0.1185897435897448,-0.0970430240312617,-0.727758799940581,0.8069503390213855,0.1158382445187717,61.099373962397266,80.92399403874815,0.8391959798994975,0.6295920224128366,0.586907449209928,0.1629213538433767,0.4310768344077543,28.72417963236677,25.75173477255207,0.2402877697841729,0.2007375517364516,2026-06-06/2026-06-12,0.234939,-0.368939,419.4307816333333,-0.20746977337389172,8.372432046083262,-0.8855950567163928,6.647114676914493,0.29870638965111723,1
2026-06-09 01:20:18.951354+00:00,2026-06-09T01:20:18.932951+00:00,SOL,KXSOL15M-26JUN082130-30,2026-06-09 01:30:00+00:00,65.59,65.6068,-0.0256,9.69,0.01,0.585,0.3462,0.2388,no,trade,0.1156,1.0,1.0,1.0,0.041,1.0,0.1538,0.2308,1,0.7692,0.0769,0.005244,0.3776,2.0,21.53,14.42,0.0,0.061,0.1984,-0.1022,1,,-1.9317,,0.1441,0.5851,0.5161,,0.0205,-2.1407,-1.0,-3.0,1.07,0.0,41.97,,,0.0,-0.0825,-0.0051958,-0.0023752,-0.0002195,-0.4845,,,,-0.8314,0.0946,-1.0,-0.1336,-0.1243,76.96,9.0,1.0,0.4081,0.0327,32.79,1000.0,1.0,0.0,-32.79,65.9,0.4726,0.4469,Sideways,,Bear,Bear,Bull,Sideways,,-0.1353,0.3462,-0.1429678179403198,-0.1684434748103577,0.503,1.738323,0.3987,-2.5639,-0.005162,-0.006298,-0.097,-1.0,23783.91,-36938698.90099996,0.8812990437706962,-50474048.76389995,,,,,,,,,,,,,,,,,,,,,,,,2026-06-09 01:20:18.951354+00:00,False,0.415,-0.415,234,0.1984126984127199,0.3175669089965296,0.0363697307805482,39.76290633303168,21.52777777777797,0.1974522292993653,0.444913561380694,0.2294630564479094,0.03383630455881,0.0450506205515054,19.23543905977384,7.031249999999706,0.0647482014388462,-0.1681976655278471,-2.1992818671454195,0.0536841521597893,0.0445781780777849,26.522943127654997,1.0791366906475224,0.1185897435897448,-0.0970430240312617,-0.727758799940581,0.8069503390213855,0.1158382445187717,61.099373962397266,80.92399403874815,0.8391959798994975,0.6295920224128366,0.586907449209928,0.1629213538433767,0.4310768344077543,28.72417963236677,25.75173477255207,0.2402877697841729,0.2007375517364516,2026-06-06/2026-06-12,0.1708,-0.30610000000000004,429.53252256666667,0.2140083202009535,17.977728348589807,-0.8855950567163928,6.647114676914493,0.048817696414950415,2
2026-06-09 02:10:50.278755+00:00,2026-06-09T02:10:50.245281+00:00,SOL,KXSOL15M-26JUN082215-15,2026-06-09 02:15:00+00:00,65.9975,66.0127,-0.023,4.17,0.05,0.445,0.3462,0.0988,no,trade,0.1442,1.0,0.2941,1.0,0.86,1.0,1.0,1.0,1,0.0,0.0,0.004812,0.409,5.0,100.0,35.29,0.0,0.2428,0.1061,0.6319,1,,-1.0315,,999.0,0.5255,0.5672,,1.0,0.8397,1.0,1.0,25.36,1.0,43.71,,,0.0,0.1452,-0.0032732,-0.0009534,-0.0002927,-0.2176,,,,-0.8314,0.0946,0.0,0.8053,0.0967,77.11,9.0,1.0,0.2219,0.0178,17.76,1000.0,0.0,1.0,14.24,65.79,-0.3144,-0.3374,Sideways,,Bear,Bear,Bull,Sideways,,0.0508,0.3462,-0.1324319472451691,-0.2033410718265849,0.4214,1.54937,0.4474,1.1122,0.002047,0.012346,0.239,0.0,20995.2,-36938698.90099996,0.8812990437706962,-50474048.76389995,,,,,,,,,,,,,,,,,,,,,,,,2026-06-09 02:10:50.278755+00:00,True,0.5549999999999999,0.445,235,0.0454338936846987,0.8186704808648321,0.0145076263333936,64.50992389592663,100.0,1.0,0.8486017907970587,0.197208737864063,0.2896932015362202,0.0484192745487486,41.57252962280771,34.80392156862728,0.255395683453235,0.4256742566947467,1.0402325225638664,0.2487060407964107,0.04090551778753,40.14278302400377,25.539568345323502,0.260714285714286,0.2389920659462258,-0.727758799940581,0.8069503390213855,0.1158382445187717,61.099373962397266,80.92399403874815,0.8391959798994975,0.6295920224128366,0.586907449209928,0.1629213538433767,0.4310768344077543,28.72417963236677,25.75173477255207,0.2402877697841729,0.2007375517364516,2026-06-06/2026-06-12,-0.13404,0.18484,480.05464591666663,0.0008122967068091569,29.979804466677006,0.3780717732042582,19.93347828773981,0.04779717373233582,1
2026-06-09 02:31:10.459190+00:00,2026-06-09T02:31:10.440823+00:00,SOL,KXSOL15M-26JUN082245-45,2026-06-09 02:45:00+00:00,65.855,65.858,-0.0046,13.83,0.05,0.515,0.3462,0.1688,no,trade,0.0131,1.0,0.5,1.0,0.083,1.0,0.1429,0.8571,-1,0.0,0.8571,0.004799,0.6637,1.0,71.43,29.56,0.1823,0.2128,0.228,0.3493,1,,-1.0315,,999.0,0.5987,0.6775,,1.0,0.8397,1.0,1.0,25.36,1.0,43.71,,,0.0,0.1452,-0.0032732,-0.0009534,-0.0002927,-0.2176,,,,-0.8314,0.0946,-2.0,-0.9881,-0.2232,77.03,9.0,1.0,0.3277,0.0262,26.19,1000.0,0.0,1.0,27.81,65.66,-0.2961,-0.3006,Sideways,,Bear,Bear,Bull,Sideways,,0.0666,0.3462,-0.1324319472451691,-0.2033410718265849,0.4214,1.54937,0.4474,1.1122,0.002047,0.012346,0.239,0.0,20995.2,-36938698.90099996,0.8812990437706962,-50474048.76389995,,,,,,,,,,,,,,,,,,,,,,,,2026-06-09 02:31:10.459190+00:00,True,0.485,0.515,235,0.2131546894031499,0.5394112699688521,0.0136925503103681,46.10936313220809,42.85714285714092,0.6666666666666535,0.4125110416522899,-0.2424977265838346,0.258897957058915,0.0443554203210994,35.03605221570717,23.529411764705472,0.1867704280155607,0.2442193978921528,1.0402325225638664,0.2487060407964107,0.04090551778753,40.14278302400377,25.539568345323502,0.260714285714286,0.2389920659462258,-0.727758799940581,0.8069503390213855,0.1158382445187717,61.099373962397266,80.92399403874815,0.8391959798994975,0.6295920224128366,0.586907449209928,0.1629213538433767,0.4310768344077543,28.72417963236677,25.75173477255207,0.2402877697841729,0.2007375517364516,2026-06-06/2026-06-12,-0.076902,0.14350200000000002,500.3909865,0.04715096885834491,28.18755650946794,0.3780717732042582,19.93347828773981,0.00958533027714107,2
2026-06-09 02:51:22.007762+00:00,2026-06-09T02:51:21.995838+00:00,SOL,KXSOL15M-26JUN082300-00,2026-06-09 03:00:00+00:00,65.655,65.6712,-0.0247,8.64,0.01,0.455,0.3462,0.1088,no,trade,0.0686,1.0,1.0,1.0,0.005,1.0,0.6216,0.2432,-1,0.1351,0.2432,0.005002,1.1261,1.0,24.49,22.29,0.0,0.0457,0.0152,-0.1862,1,,-0.9836,,0.0915,0.574,0.8877,,1.0,0.8397,1.0,1.0,25.36,,43.71,,,0.0,0.1329,-0.0032732,-0.0009534,-0.0001512,-0.2132,,,,-0.8314,0.0946,-2.0,-1.0,-0.0631,76.6,9.0,1.0,0.239,0.0191,19.07,1000.0,1.0,0.0,-19.07,65.96,0.4645,0.4398,Sideways,,Bear,Bear,Bull,Sideways,,0.0162,0.3462,-0.1324319472451691,-0.2033410718265849,0.4214,1.54937,0.4474,1.1122,0.002047,0.012346,0.2092,0.0,12382.27,-36938698.90099996,0.8812990437706962,-50474048.76389995,,,,,,,,,,,,,,,,,,,,,,,,2026-06-09 02:51:22.007762+00:00,False,0.5449999999999999,-0.5449999999999999,235,0.3198294243070387,0.5390926151808559,0.0101009545576612,52.8980954092763,61.224489795919546,0.6481481481481565,0.6478127371810343,-0.2430872075356971,0.2250779283931167,0.0417285616594914,30.94724676800442,15.763546798029212,0.1249999999999972,0.1529714193644372,1.0402325225638664,0.2487060407964107,0.04090551778753,40.14278302400377,25.539568345323502,0.260714285714286,0.2389920659462258,-0.727758799940581,0.8069503390213855,0.1158382445187717,61.099373962397266,80.92399403874815,0.8391959798994975,0.6295920224128366,0.586907449209928,0.1629213538433767,0.4310768344077543,28.72417963236677,25.75173477255207,0.2402877697841729,0.2007375517364516,2026-06-06/2026-06-12,-0.072354,0.088554,520.5834627,-0.23218635324827597,15.873351191029435,0.3780717732042582,19.93347828773981,0.049380247900839655,3
2026-06-09 03:21:42.973766+00:00,2026-06-09T03:21:42.960517+00:00,SOL,KXSOL15M-26JUN082330-30,2026-06-09 03:30:00+00:00,65.9625,65.9888,-0.0399,8.29,0.04,0.44,0.3407,0.0993,no,trade,0.1482,0.2727,0.2727,1.0,0.3,1.0,0.1739,1.0,1,0.0,0.8261,0.004608,0.7559,3.0,85.19,47.26,0.0,-0.0303,0.4106,0.2758,1,,-1.1355,,999.0,0.462,0.6776,,0.6122,-0.2121,-1.0,-1.0,18.93,0.0,36.02,,,0.0,0.1069,-0.0038764,-0.001765,-0.0003123,-0.2413,,,,-0.8314,0.0946,0.0,1.0,0.0266,76.48,9.0,1.0,0.2256,0.018,17.92,1000.0,0.0,1.0,14.08,65.95,-0.019,-0.0588,Sideways,,Bear,Bear,Bull,Sideways,,-0.0227,0.3407,-0.129648463968166,-0.2053900377956419,0.4189,1.5494,0.4474,-0.4093,0.001404,-0.001078,0.2092,0.0,12382.27,-36938698.90099996,0.8812990437706962,-50474048.76389995,,,,,,,,,,,,,,,,,,,,,,,,2026-06-09 03:21:42.973766+00:00,True,0.56,0.4399999999999999,235,0.0606152447340635,0.7442770898235253,0.0092274189144403,61.2468635741233,85.18518518518567,0.8518518518518567,0.8118552317215465,0.1821770153332069,0.3833861926858508,0.0375846392376715,46.56157024693147,41.40127388534995,0.3186274509803892,0.5347630648844659,-0.2725208175624383,0.1786549376978569,0.0405659283505432,37.98108579265174,19.06474820143888,0.1906474820143888,0.209158462457181,-0.727758799940581,0.8069503390213855,0.1158382445187717,61.099373962397266,80.92399403874815,0.8391959798994975,0.6295920224128366,0.586907449209928,0.1629213538433767,0.4310768344077543,28.72417963236677,25.75173477255207,0.2402877697841729,0.2007375517364516,2026-06-06/2026-06-12,-0.010133,-0.012567000000000002,550.9328961,0.13809253441015024,66.64168919099686,0.08994122045793418,23.10618191216189,0.08658854166666667,4
2026-06-09 03:46:58.237730+00:00,2026-06-09T03:46:58.221686+00:00,SOL,KXSOL15M-26JUN090000-00,2026-06-09 04:00:00+00:00,65.7925,65.8363,-0.0665,13.03,0.06,0.46,0.3462,0.1138,no,trade,0.243,0.5,0.0,0.0,0.0,1.0,0.9583,0.0417,-1,0.0,0.0417,0.004741,0.7689,1.0,50.0,64.94,0.1826,0.1826,0.0456,-0.0948,-1,,-1.2908,,999.0,0.574,0.5499,,0.6122,-0.2121,-1.0,-1.0,18.93,,36.02,,,0.0,0.088,-0.0038764,-0.001765,-0.0008548,-0.2577,,,,-0.8314,0.0946,-2.0,-1.0,0.0698,76.49,9.0,1.0,0.2473,0.0198,19.98,1000.0,1.0,0.0,-19.98,66.0,0.3154,0.2486,Sideways,,Bear,Bear,Bull,Sideways,,-0.0228,0.3462,-0.129648463968166,-0.2053900377956419,0.4189,1.5494,0.4474,-0.4093,0.001404,-0.001078,0.2969,0.0,7417.1,35164148.3391,1.1260870494089823,6644733.650000036,,,,,,,,,,,,,,,,,,,,,,,,2026-06-09 03:46:58.237730+00:00,False,0.54,-0.54,235,0.0,0.2939154382196925,0.0086968087286719,37.973550858601065,27.777777777778507,0.277777777777785,0.1509162381180231,-0.2428658166363062,0.3107921754088424,0.0342763774446558,37.12178827355154,26.388888888888616,0.18627450980392,0.2701008951539492,-0.2725208175624383,0.1786549376978569,0.0405659283505432,37.98108579265174,19.06474820143888,0.1906474820143888,0.209158462457181,-0.727758799940581,0.8069503390213855,0.1158382445187717,61.099373962397266,80.92399403874815,0.8391959798994975,0.6295920224128366,0.586907449209928,0.1629213538433767,0.4310768344077543,28.72417963236677,25.75173477255207,0.2402877697841729,0.2007375517364516,2026-06-06/2026-06-12,0.016151,-0.038951,576.1872955,-0.08489949342029846,45.92688736050493,0.08994122045793418,23.10618191216189,0.14026576671588273,5
2026-06-09 04:02:08.620304+00:00,2026-06-09T04:02:08.602354+00:00,SOL,KXSOL15M-26JUN090015-15,2026-06-09 04:15:00+00:00,65.9075,66.0112,-0.1571,12.86,0.05,0.375,0.234,0.141,no,trade,0.7033,1.0,1.0,1.0,0.351,1.0,0.9412,1.0,1,0.0,0.0588,0.004026,0.6398,0.0,73.81,85.71,0.0,0.1974,0.243,0.1544,1,,-0.9926,,999.0,0.462,0.4519,,0.725,0.0758,1.0,1.0,23.57,0.0,41.29,,,0.0,0.1706,-0.0037949,-0.0014023,-0.0006781,-0.1858,,50.0,50.0,-1.1976,0.4521,-2.0,-1.0,0.0389,76.49,9.0,1.0,0.3761,0.0301,30.0,1000.0,1.0,0.0,-30.0,66.1,0.2921,0.1345,Sideways,,Bear,Bear,Bull,Sideways,,0.0894,0.234,-0.1093396007756435,-0.2097275160255955,0.4438,1.514737,0.4576,0.1461,0.001921,0.000854,0.2969,0.0,7417.1,35164148.3391,1.1260870494089823,6644733.650000036,,,,,,,,,,,,,,,,,,,,,,,,2026-06-09 04:02:08.620304+00:00,False,0.625,-0.625,235,0.2582409235910798,0.8186030547644513,0.0077708340732065,62.18447174480787,73.80952380952405,0.7962962962962997,0.9110882151848426,0.4260499087035851,0.4561148428753206,0.0310305233240871,49.9383408100389,85.71428571428571,0.3235294117647054,0.5961314405378586,0.1973584332776612,0.2302594055449754,0.0408582205253582,40.63681612854355,23.74100719424447,0.2374100719424447,0.2969437713167944,-1.25673249551167,0.6773071886462579,0.1164355610091302,50.25518414842159,68.35820895522383,0.7336683417085424,0.4741730201600312,0.586907449209928,0.1629213538433767,0.4310768344077543,28.72417963236677,25.75173477255207,0.2402877697841729,0.2007375517364516,2026-06-06/2026-06-12,-0.01265,0.10204999999999999,591.3603383999999,0.17109024150008256,82.68743807112202,0.06264926342161026,25.318141212560384,0.3902136115250869,6
2026-06-09 04:17:20.440164+00:00,2026-06-09T04:17:20.427724+00:00,SOL,KXSOL15M-26JUN090030-30,2026-06-09 04:30:00+00:00,66.0925,66.1265,-0.0514,12.66,0.06,0.44,0.3407,0.0993,no,trade,0.199,0.3333,0.3333,1.0,0.673,1.0,0.7,0.7,1,0.3,0.0,0.003759,0.8046,-1.0,83.67,88.73,0.0303,-0.1058,0.1818,0.2608,1,,-0.9926,,999.0,0.462,0.5264,,0.725,0.0758,1.0,1.0,23.57,0.0,41.29,,,0.0,0.1706,-0.0037949,-0.0014023,-0.0006781,-0.1858,,50.0,50.0,-1.1976,0.4521,0.0,0.9999,-0.2077,76.37,9.0,1.0,0.2256,0.018,17.92,1000.0,0.0,1.0,14.08,66.0,-0.14,-0.1913,Sideways,,Bear,Bear,Bull,Sideways,,0.1854,0.3407,-0.1093396007756435,-0.2097275160255955,0.4438,1.514737,0.4576,0.1461,0.001921,0.000854,0.2969,0.0,7417.1,35164148.3391,1.1260870494089823,6644733.650000036,,,,,,,,,,,,,,,,,,,,,,,,2026-06-09 04:17:20.440164+00:00,True,0.56,0.4399999999999999,235,0.1817631020902821,0.9550217426608828,0.0088575791981814,71.34927920085157,89.36170212766015,0.9193548387096826,1.1412979716233465,0.212121212121219,0.5597046311465839,0.0265051825857122,55.21739975112443,94.11764705882383,0.3940886699507372,0.7292724259462298,0.1973584332776612,0.2302594055449754,0.0408582205253582,40.63681612854355,23.74100719424447,0.2374100719424447,0.2969437713167944,-1.25673249551167,0.6773071886462579,0.1164355610091302,50.25518414842159,68.35820895522383,0.7336683417085424,0.4741730201600312,0.586907449209928,0.1629213538433767,0.4310768344077543,28.72417963236677,25.75173477255207,0.2402877697841729,0.2007375517364516,2026-06-06/2026-06-12,-0.022656,0.20805600000000002,606.5573360666666,0.06410491896715609,89.72348630224548,0.06264926342161026,25.318141212560384,0.13673849428039372,7
2026-06-09 04:32:29.190187+00:00,2026-06-09T04:32:29.171374+00:00,SOL,KXSOL15M-26JUN090045-45,2026-06-09 04:45:00+00:00,65.8875,65.955,-0.1023,12.52,0.01,0.345,0.2124,0.1326,no,trade,0.5792,0.0,1.0,-1.0,0.159,1.0,0.6364,0.0,-1,0.3636,0.0,0.00342,0.4873,-2.0,59.18,68.25,0.0,-0.0908,-0.1815,0.0636,-1,,-0.9926,,999.0,0.462,0.3622,,0.725,0.0758,1.0,1.0,23.57,0.0,41.29,,,0.0,0.1706,-0.0037949,-0.0014023,-0.0006781,-0.1858,,50.0,50.0,-1.1976,0.4521,-2.0,-1.0,-0.2332,76.44,9.0,1.0,0.3842,0.0307,30.79,1000.0,1.0,0.0,-30.79,67.16,1.9313,1.827,Sideways,,Bear,Bear,Bull,Sideways,,0.1609,0.2124,-0.1093396007756435,-0.2097275160255955,0.4438,1.514737,0.4576,0.1461,0.001921,0.000854,0.2969,0.0,7417.1,35164148.3391,1.1260870494089823,6644733.650000036,,,,,,,,,,,,,,,,,,,,,,,,2026-06-09 04:32:29.190187+00:00,False,0.655,-0.655,235,-0.1360544217687165,0.7291037052936513,0.0082748835233589,57.56873565862739,72.3404255319158,0.7400000000000091,0.6564629520847517,-0.1209555488357994,0.5410854256785194,0.02378798194024,51.62226973546974,81.42857142857216,0.4585987261146509,0.6132292757505011,0.1973584332776612,0.2302594055449754,0.0408582205253582,40.63681612854355,23.74100719424447,0.2374100719424447,0.2969437713167944,-1.25673249551167,0.6773071886462579,0.1164355610091302,50.25518414842159,68.35820895522383,0.7336683417085424,0.4741730201600312,0.586907449209928,0.1629213538433767,0.4310768344077543,28.72417963236677,25.75173477255207,0.2402877697841729,0.2007375517364516,2026-06-06/2026-06-12,-0.057408,0.218308,621.7031697833334,-0.17618750953567464,61.038567364640315,0.06264926342161026,25.318141212560384,0.2991228070175439,8
2026-06-09 04:52:41.473281+00:00,2026-06-09T04:52:41.461658+00:00,SOL,KXSOL15M-26JUN090100-00,2026-06-09 05:00:00+00:00,67.0175,67.0277,-0.0152,7.31,0.05,0.565,0.3654,0.1996,no,trade,0.0524,1.0,0.625,1.0,0.821,1.0,0.8923,0.8923,1,0.1077,0.0,0.004466,4.323,2.0,94.34,95.14,0.0,0.2681,0.3727,1.2476,1,,-1.1541,,999.0,0.462,0.7787,,0.725,0.0758,1.0,1.0,23.57,,41.29,,,0.0,0.1775,-0.0037949,-0.0014023,-0.0012607,-0.203,,,,-1.1976,0.4521,0.0,1.0,-0.8497,76.33,9.0,1.0,0.3533,0.0283,28.28,1000.0,0.0,1.0,36.73,67.11,0.138,0.1228,Sideways,,Bear,Bear,Bull,Sideways,,0.375,0.3654,-0.1093396007756435,-0.2097275160255955,0.4438,1.514737,0.4576,0.1461,0.001921,0.000854,0.7362,0.0,4028.7,35164148.3391,1.1260870494089823,6644733.650000036,,,,,,,,,,,,,,,,,,,,,,,,2026-06-09 04:52:41.473281+00:00,True,0.435,0.565,235,-0.0148898153662813,1.0592695741847111,0.02709878087404,87.80520214350355,92.25806451612964,0.9225806451612965,1.561815121487231,1.665152891310928,1.1765199306524647,0.0257973626758519,76.19042234137483,100.0,1.0,1.39509107064394,0.1973584332776612,0.2302594055449754,0.0408582205253582,40.63681612854355,23.74100719424447,0.2374100719424447,0.2969437713167944,-1.25673249551167,0.6773071886462579,0.1164355610091302,50.25518414842159,68.35820895522383,0.7336683417085424,0.4741730201600312,0.586907449209928,0.1629213538433767,0.4310768344077543,28.72417963236677,25.75173477255207,0.2402877697841729,0.2007375517364516,2026-06-06/2026-06-12,0.06476,0.31024,641.9078880166667,0.8040663109525559,91.15121717232273,0.06264926342161026,25.318141212560384,0.03403493058665472,9
2026-06-09 05:02:49.117343+00:00,2026-06-09T05:02:49.100977+00:00,SOL,KXSOL15M-26JUN090115-15,2026-06-09 05:15:00+00:00,66.9225,67.0102,-0.1309,12.19,0.04,0.38,0.3116,0.0684,no,trade,0.2712,0.5,0.0,0.0,0.013,1.0,0.1429,0.1143,-1,0.7429,0.1143,0.00443,1.1807,-2.0,67.74,72.97,0.0,-0.2831,-0.3425,0.5829,-1,,0.4597,,999.0,0.462,1.003,,0.7817,1.6818,1.0,2.0,63.21,0.0,48.39,,,0.0,0.5899,-0.0001738,0.0001865,-0.0001395,0.1443,,,,-1.1976,0.4521,0.0,1.0,-0.2425,76.19,9.0,1.0,0.1801,0.0144,14.26,1000.0,1.0,0.0,-14.26,67.01,0.1307,-0.0003,Sideways,,Bear,Bear,Bull,Sideways,,0.3613,0.3116,-0.1896707605514956,-0.2074002418440352,0.4265,1.532145,0.4524,1.7742,0.004998,0.005418,0.7362,0.0,4028.7,35164148.3391,1.1260870494089823,6644733.650000036,,,,,,,,,,,,,,,,,,,,,,,,2026-06-09 05:02:49.117343+00:00,False,0.62,-0.62,235,-0.1636417732817641,0.8904971601696283,0.032733650126427,78.99278462431243,80.50314465408795,0.8176470588235284,1.1374227373358343,-0.0744490768314398,1.095930967594673,0.0276660458280995,74.20938805325854,83.2432432432432,0.8509615384615372,1.1968816065090175,1.6818181818181843,0.6184571127902982,0.0377800103883318,58.20466188316566,63.669064748201265,0.6366906474820127,0.7362011541153657,-1.25673249551167,0.6773071886462579,0.1164355610091302,50.25518414842159,68.35820895522383,0.7336683417085424,0.4741730201600312,0.586907449209928,0.1629213538433767,0.4310768344077543,28.72417963236677,25.75173477255207,0.2402877697841729,0.2007375517364516,2026-06-06/2026-06-12,0.117366,0.243934,652.03528905,-0.06829261204710502,85.09145726257334,0.62220415643508,47.300083713979085,0.2954853273137697,10
2026-06-09 08:04:44.327686+00:00,2026-06-09T08:04:44.309529+00:00,SOL,KXSOL15M-26JUN090415-15,2026-06-09 08:15:00+00:00,66.79,66.8633,-0.1096,10.26,0.05,0.255,0.1858,0.0692,no,trade,1.0744,0.2,0.2,1.0,1.08,1.0,0.8,0.2,-1,0.0,0.2,0.004389,0.1703,0.0,29.23,26.39,0.0,0.0,-0.0149,-0.0855,-1,,0.0646,,999.0,0.462,0.231,,0.2923,-0.2089,-1.0,-2.0,55.36,0.0,45.47,,,0.0,0.5094,0.0021062,-0.0005835,-0.0002145,0.0352,,50.0,50.0,1.3485,0.6268,-2.0,-1.0,-0.0081,75.74,9.0,1.0,0.2714,0.0217,21.61,1000.0,0.0,1.0,7.4,66.6,-0.2845,-0.3938,Bear,,Bear,Sideways,Bull,Sideways,,0.3416,0.1858,-0.1484519972488811,-0.1910783361425116,0.4315,1.637424,0.4233,-0.3115,-0.001736,-0.001049,0.5585,0.0,11300.83,-41257175.37550002,0.8344505802886603,-43031725.93739998,,,,,,,,,,,,,,,,,,,,,,,,2026-06-09 08:04:44.327686+00:00,True,0.745,0.255,236,-0.0149476831091233,0.2487103294103947,0.0128386297720184,38.74101607274003,29.230769230769265,0.2638888888888862,0.2356530959313974,-0.0149476831091233,0.5602338754069572,0.0333252707179182,49.26235105985372,62.67605633802813,0.688235294117647,0.4021269649208656,-0.2088617037147577,0.4925734250473246,0.0362247909891563,53.054001794147496,55.75539568345312,0.5575539568345311,0.5585577551838466,1.3484848484848433,0.7672778400972609,0.1189746437503684,59.12129718474099,79.70297029702964,0.845477386934673,0.6235104973075465,0.586907449209928,0.1629213538433767,0.4310768344077543,28.72417963236677,25.75173477255207,0.2402877697841729,0.2007375517364516,2026-06-06/2026-06-12,0.580575,-0.23897499999999994,45.45546143333333,-0.02057183693369158,54.26394588311134,-0.17209911784191734,53.041915235406144,0.24971519708361817,1
2026-06-09 08:19:54.316154+00:00,2026-06-09T08:19:54.297354+00:00,SOL,KXSOL15M-26JUN090430-30,2026-06-09 08:30:00+00:00,66.47,66.5752,-0.158,10.1,0.06,0.39,0.3225,0.0675,no,trade,0.4921,1.0,0.8571,1.0,4.537,1.0,0.6744,0.3256,-1,0.0,0.3256,0.003475,1.858,0.0,15.73,14.58,0.0,0.0,-0.4335,-0.3646,-1,,0.0646,,999.0,0.5255,0.7331,,0.2923,-0.2089,-1.0,-2.0,55.36,0.0,45.47,,,0.0,0.5094,0.0021062,-0.0005835,-0.0002145,0.0352,,50.0,50.0,1.3485,0.6268,-2.0,-1.0,0.3025,75.77,9.0,1.0,0.1731,0.0139,14.03,1000.0,1.0,0.0,-14.03,66.67,0.3009,0.1424,Bear,,Bear,Sideways,Bull,Sideways,,0.3476,0.3225,-0.1484519972488811,-0.1910783361425116,0.4315,1.637424,0.4233,-0.3115,-0.001736,-0.001049,0.5585,0.0,11300.83,-41257175.37550002,0.8344505802886603,-43031725.93739998,,,,,,,,,,,,,,,,,,,,,,,,2026-06-09 08:19:54.316154+00:00,False,0.61,-0.61,236,0.0600961538461453,0.081153770797067,0.0145902562250536,25.744543124784713,15.73033707865174,0.1573033707865174,-0.1369311973671119,-0.4335476154881279,0.4116880647377384,0.0316206468353259,40.078212189511646,14.58333333333327,0.5176470588235259,0.1298359104929345,-0.2088617037147577,0.4925734250473246,0.0362247909891563,53.054001794147496,55.75539568345312,0.5575539568345311,0.5585577551838466,1.3484848484848433,0.7672778400972609,0.1189746437503684,59.12129718474099,79.70297029702964,0.845477386934673,0.6235104973075465,0.586907449209928,0.1629213538433767,0.4310768344077543,28.72417963236677,25.75173477255207,0.2402877697841729,0.2007375517364516,2026-06-06/2026-06-12,0.548922,-0.201322,60.621935900000004,-0.41937195820398454,17.102976624250417,-0.17209911784191734,53.041915235406144,0.4546762589928058,2
2026-06-09 09:05:21.301358+00:00,2026-06-09T09:05:21.287203+00:00,SOL,KXSOL15M-26JUN090515-15,2026-06-09 09:15:00+00:00,66.5825,66.5883,-0.0087,9.65,0.07,0.585,0.3462,0.2388,no,trade,0.0353,0.4,0.0,0.0,0.239,1.0,0.4286,0.0952,-1,0.4762,0.0952,0.003227,0.9767,0.0,39.53,17.71,0.0,0.0,-0.1199,-0.1664,-1,,-0.25,,999.0,0.5255,0.5765,,0.3953,-0.3887,-1.0,-3.0,46.07,0.0,42.29,,,0.0,0.4193,0.001912,-0.0009822,-0.0003088,-0.0444,,,,1.3485,0.6268,-1.0,0.0278,0.0412,75.97,9.0,1.0,0.4081,0.0327,32.79,1000.0,1.0,0.0,-32.79,66.54,-0.0638,-0.0725,Bear,,Bear,Bear,Bull,Sideways,,0.313,0.3462,-0.1404853146843499,-0.1861750365983593,0.4794,1.984154,0.3493,-0.4852,-0.002022,-0.00037,0.4432,0.0,-5900.19,-41257175.37550002,0.8344505802886603,-43031725.93739998,,,,,,,,,,,,,,,,,,,,,,,,2026-06-09 09:05:21.301358+00:00,False,0.415,-0.415,237,0.0,0.3040683178311661,0.0073429652809802,41.5359990737772,36.170212765956805,0.2073170731707319,0.3360673542923759,-0.2096750037441919,0.3051277344785271,0.0214741987004185,42.18218408468032,17.708333333333364,0.4436619718309821,0.2468557853856061,-0.3886978621617687,0.3979590468390834,0.0360487584062611,48.0409500149229,46.40287769784142,0.4640287769784142,0.4432044018156423,1.3484848484848433,0.7672778400972609,0.1189746437503684,59.12129718474099,79.70297029702964,0.845477386934673,0.6235104973075465,0.586907449209928,0.1629213538433767,0.4310768344077543,28.72417963236677,25.75173477255207,0.2402877697841729,0.2007375517364516,2026-06-06/2026-06-12,0.367159,-0.05415900000000001,106.07168929999999,-0.23058759351745062,6.794102808452839,-0.5358008578321805,29.08590394100841,0.026960024790827392,1
2026-06-09 09:25:33.837628+00:00,2026-06-09T09:25:33.823722+00:00,SOL,KXSOL15M-26JUN090530-30,2026-06-09 09:30:00+00:00,66.6575,66.6637,-0.0093,4.44,0.05,0.545,0.3407,0.2043,no,trade,0.1911,0.5,0.0,0.0,0.0,1.0,0.5625,0.0625,-1,0.375,0.0625,0.003092,0.7778,0.0,3.45,8.33,0.0,0.0,0.0,-0.1852,-1,,-0.25,,999.0,0.574,0.1674,,0.3953,-0.3887,-1.0,-3.0,46.07,0.0,42.29,,,0.0,0.4193,0.001912,-0.0009822,-0.0003088,-0.0444,,,,1.3485,0.6268,-1.0,0.0278,0.0198,75.91,9.0,1.0,0.3748,0.03,30.03,1000.0,0.0,1.0,35.97,66.48,-0.2663,-0.2756,Bear,,Bear,Bear,Bull,Sideways,,0.298,0.3407,-0.1404853146843499,-0.1861750365983593,0.4794,1.984154,0.3493,-0.4852,-0.002022,-0.00037,0.4432,0.0,-5900.19,-41257175.37550002,0.8344505802886603,-43031725.93739998,,,,,,,,,,,,,,,,,,,,,,,,2026-06-09 09:25:33.837628+00:00,True,0.4549999999999999,0.545,237,0.0,0.2241505033301755,0.0075841982549613,35.76145375154036,3.4482758620708243,0.1702127659574686,0.1688799686867831,-0.13507429085996,0.1985488658588864,0.0193297777170778,39.02445140501685,8.333333333334567,0.380281690140849,0.1710631740161974,-0.3886978621617687,0.3979590468390834,0.0360487584062611,48.0409500149229,46.40287769784142,0.4640287769784142,0.4432044018156423,1.3484848484848433,0.7672778400972609,0.1189746437503684,59.12129718474099,79.70297029702964,0.845477386934673,0.6235104973075465,0.586907449209928,0.1629213538433767,0.4310768344077543,28.72417963236677,25.75173477255207,0.2402877697841729,0.2007375517364516,2026-06-06/2026-06-12,0.309755,-0.011755000000000015,126.28062713333334,-0.11914069120059212,5.332693410124143,-0.5358008578321805,29.08590394100841,0.03007761966364812,2
2026-06-09 09:55:52.035988+00:00,2026-06-09T09:55:52.022061+00:00,SOL,KXSOL15M-26JUN090600-00,2026-06-09 10:00:00+00:00,66.0975,66.1093,-0.0178,4.14,0.01,0.545,0.3225,0.2225,no,trade,0.1502,0.5,0.0,0.0,0.0,1.0,0.75,0.25,-1,0.0,0.25,0.003661,1.8171,0.0,15.07,8.4,0.0,0.0,0.0454,-0.5274,-1,,-0.3673,,0.181,0.5851,0.4237,,0.3953,-0.3887,-1.0,-3.0,46.07,,42.29,,,0.0,0.4246,0.001912,-0.0009822,-0.0007165,-0.0543,,,,1.3485,0.6268,-2.0,-1.0,0.6709,76.12,9.0,1.0,0.4083,0.0327,32.76,1000.0,1.0,0.0,-32.76,66.2,0.1551,0.1372,Bear,,Bear,Bear,Bull,Sideways,,0.0307,0.3225,-0.1404853146843499,-0.1861750365983593,0.4794,1.984154,0.3493,-0.4852,-0.002022,-0.00037,0.255,0.0,-8251.09,-41257175.37550002,0.8344505802886603,-43031725.93739998,,,,,,,,,,,,,,,,,,,,,,,,2026-06-09 09:55:52.035988+00:00,False,0.4549999999999999,-0.4549999999999999,237,0.0,0.1039180841048271,0.0134013470537786,22.940096023009502,14.102564102564266,0.1410256410256426,-0.0440107964093879,-0.5114320096269553,-0.0876206485316562,0.0193326071698071,27.23926259045605,7.246376811593815,0.0724637681159381,-0.1264630892851455,-0.3886978621617687,0.3979590468390834,0.0360487584062611,48.0409500149229,46.40287769784142,0.4640287769784142,0.4432044018156423,1.3484848484848433,0.7672778400972609,0.1189746437503684,59.12129718474099,79.70297029702964,0.845477386934673,0.6235104973075465,0.586907449209928,0.1629213538433767,0.4310768344077543,28.72417963236677,25.75173477255207,0.2402877697841729,0.2007375517364516,2026-06-06/2026-06-12,0.328585,-0.297885,156.58393313333332,-0.26129871767478496,2.015834491858975,-0.5358008578321805,29.08590394100841,0.04862059546571974,3
2026-06-09 10:46:21.921018+00:00,2026-06-09T10:46:21.902742+00:00,SOL,KXSOL15M-26JUN090700-00,2026-06-09 11:00:00+00:00,66.12,66.1378,-0.0269,13.64,0.01,0.605,0.3225,0.2825,no,trade,0.2342,0.5,0.0,0.0,0.252,1.0,0.7,0.7,1,0.3,0.0,0.003196,0.473,0.0,69.57,17.2,0.0,0.0302,0.1059,-0.1399,1,,-1.0096,,0.1567,0.4658,0.2256,,0.1692,-0.7204,-1.0,-4.0,28.93,,39.29,,,0.0,0.2733,0.0003784,-0.0017082,-0.0012876,-0.1958,,,,1.3485,0.6268,-2.0,-1.0,0.1073,76.26,9.0,1.0,0.467,0.0374,37.52,1000.0,1.0,0.0,-37.52,66.45,0.4991,0.472,Bear,,Bear,Bear,Bull,Bear,,-0.1939,0.3225,-0.131156024753955,-0.174975789641105,0.3878,1.878686,0.369,-0.9154,-0.002427,-0.000614,0.4027,0.0,-5686.86,-41257175.37550002,0.8344505802886603,-43031725.93739998,,,,,,,,,,,,,,,,,,,,,,,,2026-06-09 10:46:21.921018+00:00,False,0.395,-0.395,238,0.0907852927825692,0.4032557270553336,0.012173843024185,46.35277067065643,65.21739130434916,0.2238805970149333,0.59866265643299,0.0907852927825692,0.1773742653360244,0.0258121043972106,31.91118020988787,11.718750000000432,0.1056338028169052,0.1592406545834661,-0.7203962179198387,0.2224397208242305,0.0373525267650689,39.988626126922895,29.136690647482084,0.2913669064748208,0.2549313582674989,1.3484848484848433,0.7672778400972609,0.1189746437503684,59.12129718474099,79.70297029702964,0.845477386934673,0.6235104973075465,0.586907449209928,0.1629213538433767,0.4310768344077543,28.72417963236677,25.75173477255207,0.2402877697841729,0.2007375517364516,2026-06-06/2026-06-12,0.030711,-0.22461099999999998,207.08201696666666,-0.10714452978269895,11.218309859155134,-0.25088448476942027,17.92879434430922,0.08416770963704631,1
2026-06-09 11:01:31.092958+00:00,2026-06-09T11:01:31.075869+00:00,SOL,KXSOL15M-26JUN090715-15,2026-06-09 11:15:00+00:00,66.3825,66.3897,-0.0108,13.49,0.04,0.46,0.3225,0.1375,no,trade,0.0331,0.6667,0.6667,1.0,0.343,1.0,0.7812,0.7812,1,0.2188,0.0,0.002902,1.6593,3.0,93.75,48.39,0.0602,-0.0451,0.4383,0.2976,1,,-0.5617,,999.0,0.5255,0.6467,,0.8542,0.3172,1.0,1.0,38.21,1.0,41.37,,,0.0,0.3754,-0.0017476,-0.0009607,-0.0009619,-0.0877,,,,1.3485,0.6268,-2.0,-1.0,0.121,76.26,9.0,1.0,0.299,0.0239,23.76,1000.0,0.0,1.0,20.24,66.05,-0.5009,-0.5117,Bear,,Bear,Bear,Bull,Sideways,,-0.1044,0.3225,-0.1850119817158568,-0.1762245752181084,0.3778,1.866886,0.3713,0.4086,0.000649,0.004934,0.4027,0.0,-5686.86,-41257175.37550002,0.8344505802886603,-43031725.93739998,,,,,,,,,,,,,,,,,,,,,,,,2026-06-09 11:01:31.092958+00:00,True,0.54,0.4599999999999999,238,0.2112569790251983,0.9006866524529985,0.0085410959438511,74.83353124031396,93.18181818181787,0.6406249999999941,1.324814514350328,0.3930461073318181,0.3473772829849957,0.024915561075721,49.52433143312542,44.086021505375655,0.2887323943661944,0.6050674034631159,0.3930461073318181,0.3435602331405379,0.0372723769968128,45.68827159454061,38.48920863309326,0.3848920863309326,0.4026883989398404,1.3484848484848433,0.7672778400972609,0.1189746437503684,59.12129718474099,79.70297029702964,0.845477386934673,0.6235104973075465,0.586907449209928,0.1629213538433767,0.4310768344077543,28.72417963236677,25.75173477255207,0.2402877697841729,0.2007375517364516,2026-06-06/2026-06-12,0.032918,-0.137318,222.2348826333333,0.15053958234196863,30.210195615573515,0.1884850697969176,26.289903686247936,0.037215713301171606,2
2026-06-09 11:16:41.088114+00:00,2026-06-09T11:16:41.064820+00:00,SOL,KXSOL15M-26JUN090730-30,2026-06-09 11:30:00+00:00,66.04,66.0823,-0.064,13.32,0.01,0.455,0.3462,0.1088,no,trade,0.1885,0.0,1.0,-1.0,0.445,1.0,1.0,0.0,-1,0.0,0.0,0.003015,1.4552,-2.0,18.75,10.11,-0.1663,-0.2264,-0.5418,-0.0518,-1,,-0.5617,,0.2629,0.5987,0.675,,0.8542,0.3172,1.0,1.0,38.21,1.0,41.37,,,0.0,0.3754,-0.0017476,-0.0009607,-0.0009619,-0.0877,,,,1.3485,0.6268,-2.0,-1.0,0.2713,76.31,9.0,1.0,0.239,0.0191,19.07,1000.0,0.0,1.0,15.92,65.99,-0.0757,-0.1397,Bear,,Bear,Bear,Bull,Sideways,,-0.1463,0.3462,-0.1850119817158568,-0.1762245752181084,0.3778,1.866886,0.3713,0.4086,0.000649,0.004934,0.4027,0.0,-5686.86,-41257175.37550002,0.8344505802886603,-43031725.93739998,,,,,,,,,,,,,,,,,,,,,,,,2026-06-09 11:16:41.088114+00:00,True,0.5449999999999999,0.455,238,-0.2412545235223162,0.5106257733677042,0.0056902350181022,45.49380220196052,35.55555555555458,0.3555555555555457,0.3424537007580382,-0.3764493299201921,0.2248113889074101,0.0246849580774205,38.4993784757898,17.204301075268326,0.1126760563380256,0.2528790721223858,0.3930461073318181,0.3435602331405379,0.0372723769968128,45.68827159454061,38.48920863309326,0.3848920863309326,0.4026883989398404,1.3484848484848433,0.7672778400972609,0.1189746437503684,59.12129718474099,79.70297029702964,0.845477386934673,0.6235104973075465,0.586907449209928,0.1629213538433767,0.4310768344077543,28.72417963236677,25.75173477255207,0.2402877697841729,0.2007375517364516,2026-06-06/2026-06-12,0.057124,-0.20342400000000002,237.40146856666667,-0.406466911329173,1.991919011197179,0.1884850697969176,26.289903686247936,0.21227197346600332,3
2026-06-09 11:46:58.952330+00:00,2026-06-09T11:46:58.934848+00:00,SOL,KXSOL15M-26JUN090800-00,2026-06-09 12:00:00+00:00,66.055,66.0648,-0.0148,13.02,0.01,0.475,0.3225,0.1525,no,trade,0.0454,0.6522,0.6522,1.0,0.379,1.0,0.4783,0.6522,1,0.3478,0.1739,0.002951,1.1795,-1.0,26.42,16.09,0.0,-0.0303,0.0303,-0.0156,1,,-0.5377,,0.2555,0.574,0.656,,0.8542,0.3172,1.0,1.0,38.21,,41.37,,,0.0,0.3915,-0.0017476,-0.0009607,-0.0009469,-0.0853,,,,1.3485,0.6268,-2.0,-1.0,-0.1017,76.23,9.0,1.0,0.3211,0.0257,25.73,1000.0,1.0,0.0,-25.73,66.08,0.0378,0.023,Bear,,Bear,Bear,Bull,Sideways,,-0.1028,0.3225,-0.1850119817158568,-0.1762245752181084,0.3778,1.866886,0.3713,0.4086,0.000649,0.004934,0.2713,0.0,-5915.82,-34520201.673699975,0.9345072504547016,-40613228.710099995,,,,,,,,,,,,,,,,,,,,,,,,2026-06-09 11:46:58.952330+00:00,False,0.525,-0.525,238,0.2426080363912008,0.4859304653225315,0.0069875313131181,50.51197072246886,31.99999999999932,0.3199999999999932,0.5811819882693153,0.1818457342021684,0.2453972280280422,0.0223591979516923,40.04654824923206,18.39080459770096,0.1142857142857125,0.3103137886661176,0.3930461073318181,0.3435602331405379,0.0372723769968128,45.68827159454061,38.48920863309326,0.3848920863309326,0.4026883989398404,1.3484848484848433,0.7672778400972609,0.1189746437503684,59.12129718474099,79.70297029702964,0.845477386934673,0.6235104973075465,0.586907449209928,0.1629213538433767,0.4310768344077543,28.72417963236677,25.75173477255207,0.2402877697841729,0.2007375517364516,2026-06-06/2026-06-12,-0.194073,0.09127299999999999,267.6992055,0.09397602644558578,27.78990368249244,0.1884850697969176,26.289903686247936,0.05015249068112504,4
2026-06-09 12:17:19.668300+00:00,2026-06-09T12:17:19.651198+00:00,SOL,KXSOL15M-26JUN090830-30,2026-06-09 12:30:00+00:00,66.2875,66.322,-0.052,12.68,0.01,0.435,0.3462,0.0888,no,trade,0.1462,0.8,0.2,-1.0,0.255,1.0,0.65,0.8,1,0.2,0.15,0.003287,1.8361,-1.0,62.26,44.59,0.0,-0.1657,0.0151,0.0233,1,,-0.8396,,999.0,0.5255,0.7245,,0.4,-0.4515,-1.0,-1.0,37.67,0.0,38.6,,,-1.0,0.3009,-0.0027487,-0.0008148,-0.0011329,-0.1594,,50.0,50.0,-1.1063,0.2128,0.0,1.0,0.0273,76.29,9.0,1.0,0.204,0.0163,16.38,1000.0,0.0,1.0,12.61,66.25,-0.0566,-0.1086,Bear,,Bear,Bear,Bull,Sideways,,-0.0938,0.3462,-0.1741115163923771,-0.1794887429661187,0.4478,1.937365,0.3578,-0.6383,-0.000448,-0.001757,0.2713,0.0,-5915.82,-34520201.673699975,0.9345072504547016,-40613228.710099995,,,,,,,,,,,,,,,,,,,,,,,,2026-06-09 12:17:19.668300+00:00,True,0.565,0.435,238,-0.1655379984951133,0.7783315821640675,0.0093121582231967,61.88706099705344,75.00000000000068,0.7500000000000069,0.7749907869465298,0.393462469733663,0.4550666935440907,0.0181007490780857,53.01889534316513,44.82758620689712,0.2932330827067677,0.670112121935414,-0.4969131154946571,0.2382430271663156,0.0382048066861518,40.11277718059588,34.41860465116269,0.2661870503597103,0.2712764340295855,-1.210943339811632,0.6443026041390822,0.1162808788741809,49.808976092587486,57.41127348642999,0.7437185929648236,0.4670406603426102,0.586907449209928,0.1629213538433767,0.4310768344077543,28.72417963236677,25.75173477255207,0.2402877697841729,0.2007375517364516,2026-06-06/2026-06-12,-0.150323,0.05652300000000002,298.0444716666667,0.063668010698259,54.42239532229303,-0.11225728541820468,22.3436316938106,0.15819896562214786,5
2026-06-09 12:32:28.650053+00:00,2026-06-09T12:32:28.635360+00:00,SOL,KXSOL15M-26JUN090845-45,2026-06-09 12:45:00+00:00,66.2325,66.252,-0.0294,12.53,0.01,0.565,0.3462,0.2188,no,trade,0.0981,0.5385,0.4615,-1.0,0.213,1.0,0.6111,0.3889,-1,0.0,0.3889,0.003257,0.8344,-2.0,54.72,42.03,-0.0151,-0.1206,-0.1056,-0.0396,-1,,-0.8396,,0.0201,0.5255,0.6149,,0.4,-0.4515,-1.0,-1.0,37.67,0.0,38.6,,,-1.0,0.3009,-0.0027487,-0.0008148,-0.0011329,-0.1594,,50.0,50.0,-1.1063,0.2128,-2.0,-1.0,0.0031,76.26,9.0,1.0,0.3872,0.031,30.89,1000.0,0.0,1.0,40.12,66.07,-0.2453,-0.2747,Bear,,Bear,Bear,Bull,Sideways,,-0.1308,0.3462,-0.1741115163923771,-0.1794887429661187,0.4478,1.937365,0.3578,-0.6383,-0.000448,-0.001757,0.2713,0.0,-5915.82,-34520201.673699975,0.9345072504547016,-40613228.710099995,,,,,,,,,,,,,,,,,,,,,,,,2026-06-09 12:32:28.650053+00:00,True,0.435,0.565,238,-0.0301932367149704,0.5495120183605468,0.0096120801627954,49.380636419563,51.92307692307655,0.5192307692307655,0.4386396058537269,-0.1808863430810992,0.3723679736336558,0.0177076030141274,47.19487515624509,36.4864864864862,0.2755102040816274,0.4912831740123051,-0.4969131154946571,0.2382430271663156,0.0382048066861518,40.11277718059588,34.41860465116269,0.2661870503597103,0.2712764340295855,-1.210943339811632,0.6443026041390822,0.1162808788741809,49.808976092587486,57.41127348642999,0.7437185929648236,0.4670406603426102,0.586907449209928,0.1629213538433767,0.4310768344077543,28.72417963236677,25.75173477255207,0.2402877697841729,0.2007375517364516,2026-06-06/2026-06-12,-0.158274,0.027474,313.19416755000003,-0.17045925227332503,41.88931540280086,-0.11225728541820468,22.3436316938106,0.09026711697881486,6
2026-06-09 12:47:37.165787+00:00,2026-06-09T12:47:37.149193+00:00,SOL,KXSOL15M-26JUN090900-00,2026-06-09 13:00:00+00:00,65.9675,66.0697,-0.1547,12.38,0.01,0.375,0.2743,0.1007,no,trade,0.5243,0.0,1.0,-1.0,0.184,1.0,1.0,0.0,-1,0.0,0.0,0.003332,1.0,-3.0,13.21,13.21,-0.0757,-0.1814,-0.4073,-0.3632,-1,,-0.8576,,0.3531,0.5255,0.6082,,0.4,-0.4515,-1.0,-1.0,37.67,,38.6,,,-1.0,0.3163,-0.0027487,-0.0008148,-0.0012678,-0.1605,,,,-1.1063,0.2128,-2.0,-1.0,0.0194,76.26,9.0,1.0,0.2685,0.0215,21.25,1000.0,1.0,0.0,-21.25,66.22,0.3828,0.2275,Bear,,Bear,Bear,Bull,Sideways,,-0.1615,0.2743,-0.1741115163923771,-0.1794887429661187,0.4478,1.937365,0.3578,-0.6383,-0.000448,-0.001757,0.3123,0.0,3401.07,-34520201.673699975,0.9345072504547016,-40613228.710099995,,,,,,,,,,,,,,,,,,,,,,,,2026-06-09 12:47:37.165787+00:00,False,0.625,-0.625,238,-0.2114484216885648,0.338994826165125,0.0091052202980284,37.74068951375726,23.076923076921396,0.2307692307692139,0.1709001686291202,-0.2265176683781455,0.2631783570944008,0.0164565571316083,40.71061240251472,17.391304347824743,0.1224489795918263,0.3039338116480589,-0.4969131154946571,0.2382430271663156,0.0382048066861518,40.11277718059588,34.41860465116269,0.2661870503597103,0.2712764340295855,-1.210943339811632,0.6443026041390822,0.1162808788741809,49.808976092587486,57.41127348642999,0.7437185929648236,0.4670406603426102,0.586907449209928,0.1629213538433767,0.4310768344077543,28.72417963236677,25.75173477255207,0.2402877697841729,0.2007375517364516,2026-06-06/2026-06-12,-0.109865,-0.051635,328.33609645,-0.20839517047902545,8.691562650939852,-0.11225728541820468,22.3436316938106,0.4642857142857143,7
2026-06-09 13:38:08.228418+00:00,2026-06-09T13:38:08.206775+00:00,SOL,KXSOL15M-26JUN090945-45,2026-06-09 13:45:00+00:00,65.585,65.7087,-0.1883,6.87,0.01,0.375,0.3225,0.0525,no,trade,0.6684,0.5,0.375,1.0,0.95,1.0,0.9216,0.0588,-1,0.0196,0.0588,0.003679,2.1124,-3.0,0.0,0.0,-0.0457,-0.3795,-0.2887,-0.6303,-1,,-0.6814,,0.8715,0.5851,0.78,,0.48,0.121,1.0,1.0,42.31,0.0,41.64,,,0.0,0.3502,-0.0020263,0.0010766,-0.0011224,-0.1178,,,,-1.1063,0.2128,-2.0,-1.0,0.1295,76.29,9.0,1.0,0.1401,0.0112,11.25,1000.0,1.0,0.0,-11.25,65.95,0.5565,0.3672,Bear,,Bear,Bear,Bull,Bear,,-0.0278,0.3225,-0.1983405369388333,-0.1888970676306129,0.4535,1.962082,0.3533,-0.0564,0.000481,0.001422,0.3123,0.0,3401.07,-34520201.673699975,0.9345072504547016,-40613228.710099995,,,,,,,,,,,,,,,,,,,,,,,,2026-06-09 13:38:08.228418+00:00,False,0.625,-0.625,239,0.2587125247298871,0.195397159373354,0.0127324568310081,40.853784100512264,33.333333333332675,0.2891566265060185,0.2932877143900497,-0.6801692865779918,-0.0201149214767631,0.0147642810975637,29.55092652669232,0.0,0.0,-0.0044970794504205,0.01513317191284,0.2644904119463356,0.0390848005922454,40.41579142285013,36.057692307692335,0.2697841726618704,0.3122988188527814,-1.210943339811632,0.6443026041390822,0.1162808788741809,49.808976092587486,57.41127348642999,0.7437185929648236,0.4670406603426102,0.586907449209928,0.1629213538433767,0.4310768344077543,28.72417963236677,25.75173477255207,0.2402877697841729,0.2007375517364516,2026-06-06/2026-06-12,-0.145509,0.11770900000000001,378.85380696666664,-0.34053327722267657,7.783756515890454,-0.1399612253206839,18.015429725458905,0.5118238651807556,1
2026-06-09 13:48:14.961134+00:00,2026-06-09T13:48:14.942586+00:00,SOL,KXSOL15M-26JUN091000-00,2026-06-09 14:00:00+00:00,65.97,65.976,-0.0091,11.75,0.03,0.605,0.3462,0.2588,no,trade,0.0233,0.875,0.875,1.0,0.038,1.0,0.8235,0.9412,1,0.0588,0.1176,0.003776,1.3639,2.0,53.42,45.88,0.1061,0.0758,0.2125,0.0683,1,,-0.7115,,0.2752,0.5851,0.8245,,0.48,0.121,1.0,1.0,42.31,,41.64,,,0.0,0.3671,-0.0020263,0.0010766,-0.0012961,-0.1202,,,,-1.1063,0.2128,-2.0,-1.0,-0.0287,76.3,9.0,1.0,0.4277,0.0342,34.37,1000.0,0.0,1.0,52.64,65.86,-0.1667,-0.1758,Bear,,Bear,Bear,Bull,Bear,,0.012,0.3462,-0.1983405369388333,-0.1888970676306129,0.4535,1.962082,0.3533,-0.0564,0.000481,0.001422,0.3154,0.0,45166.75,-34520201.673699975,0.9345072504547016,-40613228.710099995,,,,,,,,,,,,,,,,,,,,,,,,2026-06-09 13:48:14.961134+00:00,True,0.395,0.605,239,0.2889294403892961,0.3313999962060537,0.0131014721527498,48.079284409266776,43.835616438356936,0.3809523809523882,0.5153867391406444,0.3652412113833714,0.2341145106290983,0.0129293415379685,42.429637564682,38.09523809523882,0.2689075630252168,0.3532143815172893,0.01513317191284,0.2644904119463356,0.0390848005922454,40.41579142285013,36.057692307692335,0.2697841726618704,0.3122988188527814,-1.210943339811632,0.6443026041390822,0.1162808788741809,49.808976092587486,57.41127348642999,0.7437185929648236,0.4670406603426102,0.586907449209928,0.1629213538433767,0.4310768344077543,28.72417963236677,25.75173477255207,0.2402877697841729,0.2007375517364516,2026-06-06/2026-06-12,-0.10298,0.11498,388.9660189,0.1610939177058901,38.38282421224914,-0.1399612253206839,18.015429725458905,0.024099576271186442,2
2026-06-09 14:03:24.575035+00:00,2026-06-09T14:03:24.557214+00:00,SOL,KXSOL15M-26JUN091015-15,2026-06-09 14:15:00+00:00,65.9025,65.9202,-0.0269,11.59,0.05,0.445,0.3462,0.0988,no,trade,0.059,1.0,0.8571,1.0,0.07,1.0,0.2308,0.2692,1,0.7308,0.0385,0.003963,0.9945,-1.0,45.21,38.82,0.0,0.0303,-0.1514,-0.0127,-1,,-0.9295,,0.3649,0.5255,0.9692,,0.5205,-0.3021,-1.0,-1.0,32.21,-1.0,42.91,,,-1.0,0.2908,-0.0022072,-5.05e-05,-0.0014136,-0.1799,,,,-1.1063,0.2128,-2.0,-1.0,-0.0648,76.19,9.0,1.0,0.2219,0.0178,17.76,1000.0,0.0,1.0,14.24,65.3,-0.9142,-0.9408,Bear,,Bear,Bear,Bull,Bear,,-0.0075,0.3462,-0.1814467359527051,-0.1795517183769552,0.5,1.921547,0.3607,-0.2141,0.000379,-0.000158,0.3154,0.0,45166.75,-34520201.673699975,0.9345072504547016,-40613228.710099995,,,,,,,,,,,,,,,,,,,,,,,,2026-06-09 14:03:24.575035+00:00,True,0.5549999999999999,0.445,239,-0.2719444024777084,0.440259336455058,0.0108969727866042,49.39255508900853,52.05479452054899,0.5205479452054899,0.5014097406975105,0.0909780136467031,0.3187428405545502,0.0113849364905452,45.31312122005683,45.23809523809621,0.3584905660377442,0.4427494782271705,-0.1210470570434218,0.2591598699670203,0.0391299088786274,38.83008252799822,32.21153846153857,0.2410071942446048,0.3154112499747264,-1.210943339811632,0.6443026041390822,0.1162808788741809,49.808976092587486,57.41127348642999,0.7437185929648236,0.4670406603426102,0.586907449209928,0.1629213538433767,0.4310768344077543,28.72417963236677,25.75173477255207,0.2402877697841729,0.2007375517364516,2026-06-06/2026-06-12,-0.111789,0.10428899999999999,404.1262505833334,-0.11539229777235427,28.474562284236583,-0.45557537482524557,15.275472032228729,0.06787787030027756,3
2026-06-09 22:22:53.716701+00:00,2026-06-09T22:22:53.682668+00:00,SOL,KXSOL15M-26JUN091830-30,2026-06-09 22:30:00+00:00,65.1525,65.0402,0.1727,7.11,0.04,0.85,0.7977,0.0523,no,trade,-0.869,1.0,1.0,1.0,0.575,1.0,0.7368,1.0,1,0.0,0.2632,0.003384,0.8608,2.0,53.13,43.59,0.0,0.1689,0.524,0.0984,1,,-1.3069,,0.3228,0.5327,0.5398,,0.0164,-0.8852,-1.0,-1.0,41.96,-1.0,31.21,,,-1.0,0.2706,0.0015729,-0.0015384,-0.0021846,-0.2195,,,,1.7405,0.9238,0.0,1.0,0.1424,76.25,9.0,1.0,0.0615,0.0049,4.95,1000.0,1.0,0.0,-4.95,65.23,0.119,0.2918,Bear,,Bear,Bear,Bull,Sideways,,0.3827,0.7977,0.0901421435934086,-0.0694652859026898,0.3096,3.231938,0.2145,-1.1195,-0.002861,-0.00462,0.3141,0.0,-6294.85,-15693540.383600011,0.8899737564836941,-18791079.36179997,,,,,,,,,,,,,,,,,,,,,,,,2026-06-09 22:22:53.716701+00:00,False,0.15,-0.15,240,0.338826428461414,0.4243972919894382,0.0155131505833701,55.50044283637416,40.62500000000076,0.337662337662346,0.888754343941307,-0.0153988296889284,0.1838576517671312,0.0145717292780721,34.40190548981978,5.128205128205923,0.2952380952380982,0.1006672387706347,-0.8852258852258821,0.2434018636440346,0.0543517870382412,38.789233699430106,41.96428571428562,0.3624678663239065,0.3141618167430263,1.7721125446914288,0.5363337698473959,0.1050754921676838,46.99156325506742,42.2657952069716,0.6085672082717867,0.4333234002178985,0.586907449209928,0.1629213538433767,0.4310768344077543,28.72417963236677,25.75173477255207,0.2402877697841729,0.2007375517364516,2026-06-06/2026-06-12,0.113358,0.26934199999999997,903.6119450166666,0.11263842273188107,34.32352020043776,-0.5018730657160075,40.96785036955281,0.5103427895981087,1
2026-06-09 22:38:01.186640+00:00,2026-06-09T22:38:01.170940+00:00,SOL,KXSOL15M-26JUN091845-45,2026-06-09 22:45:00+00:00,65.0675,65.1002,-0.0502,6.98,0.03,0.375,0.2753,0.0997,no,trade,0.3654,0.2857,0.0,0.0,1.458,1.0,0.7143,0.7143,1,0.2857,0.0,0.003432,0.9393,-1.0,62.5,32.05,0.0,-0.1073,-0.138,0.0552,1,,-1.3069,,0.4606,0.5327,0.3772,,0.0164,-0.8852,-1.0,-1.0,41.96,-1.0,31.21,,,-1.0,0.2706,0.0015729,-0.0015384,-0.0021846,-0.2195,,,,1.7405,0.9238,0.0,1.0,0.1797,76.27,9.0,1.0,0.266,0.0213,21.25,1000.0,1.0,0.0,-21.25,65.11,0.0653,0.0151,Bear,,Bear,Bear,Bull,Sideways,,0.4227,0.2753,0.0901421435934086,-0.0694652859026898,0.3096,3.231938,0.2145,-1.1195,-0.002861,-0.00462,0.3141,0.0,-6294.85,-15693540.383600011,0.8899737564836941,-18791079.36179997,,,,,,,,,,,,,,,,,,,,,,,,2026-06-09 22:38:01.186640+00:00,False,0.625,-0.625,240,0.0,0.567240749841673,0.0125501553526246,61.75020599273386,84.99999999999964,0.5230769230769238,0.916577808741596,0.4620360388110311,0.4841217542891166,0.0139965685896725,51.42067847262139,43.58974358974396,0.5510204081632695,0.5478062059240193,-0.8852258852258821,0.2434018636440346,0.0543517870382412,38.789233699430106,41.96428571428562,0.3624678663239065,0.3141618167430263,1.7721125446914288,0.5363337698473959,0.1050754921676838,46.99156325506742,42.2657952069716,0.6085672082717867,0.4333234002178985,0.586907449209928,0.1629213538433767,0.4310768344077543,28.72417963236677,25.75173477255207,0.2402877697841729,0.2007375517364516,2026-06-06/2026-06-12,0.113358,0.309342,918.736444,-0.019175005881033602,28.674439758537495,-0.5018730657160075,40.96785036955281,0.14627039627039629,2
2026-06-09 22:48:06.578608+00:00,2026-06-09T22:48:06.562146+00:00,SOL,KXSOL15M-26JUN091900-00,2026-06-09 23:00:00+00:00,65.0825,65.1123,-0.0458,11.89,0.01,0.435,0.3462,0.0888,no,trade,0.2418,0.4545,0.5455,-1.0,1.295,1.0,0.5,0.25,-1,0.25,0.25,0.00339,0.9061,-2.0,52.5,26.92,-0.0154,-0.0461,-0.1993,0.008,-1,,-1.2403,,0.5214,0.5327,0.398,,0.0164,-0.8852,-1.0,-1.0,41.96,,31.21,,,-1.0,0.283,0.0015729,-0.0015384,-0.0021118,-0.2124,,,,1.7405,0.9238,0.0,1.0,0.2478,76.27,9.0,1.0,0.204,0.0163,16.38,1000.0,0.0,1.0,12.61,64.86,-0.3419,-0.3875,Bear,,Bear,Bear,Bull,Sideways,,0.3077,0.3462,0.0901421435934086,-0.0694652859026898,0.3096,3.231938,0.2145,-1.1195,-0.002861,-0.00462,0.3066,0.0,-1380.93,-15693540.383600011,0.8899737564836941,-18791079.36179997,,,,,,,,,,,,,,,,,,,,,,,,2026-06-09 22:48:06.578608+00:00,True,0.565,0.435,240,0.0614533722537835,0.4892774186399864,0.010738183644195,49.348415584254056,59.99999999999787,0.3749999999999917,0.5159211743605071,-0.1533036946190558,0.3717224990144086,0.0139193262669317,46.75109302831011,30.769230769230067,0.4489795918367305,0.4215914669817963,-0.8852258852258821,0.2434018636440346,0.0543517870382412,38.789233699430106,41.96428571428562,0.3624678663239065,0.3141618167430263,1.7721125446914288,0.5363337698473959,0.1050754921676838,46.99156325506742,42.2657952069716,0.6085672082717867,0.4333234002178985,0.586907449209928,0.1629213538433767,0.4310768344077543,28.72417963236677,25.75173477255207,0.2402877697841729,0.2007375517364516,2026-06-06/2026-06-12,0.113358,0.19434199999999996,928.8263101333334,0.03555980167366801,32.31125444472045,-0.5018730657160075,40.96785036955281,0.13510324483775812,3
2026-06-09 23:03:14.906970+00:00,2026-06-09T23:03:14.892880+00:00,SOL,KXSOL15M-26JUN091915-15,2026-06-09 23:15:00+00:00,64.7975,64.8368,-0.0606,11.75,0.05,0.445,0.3462,0.0988,no,trade,0.2814,0.0,1.0,-1.0,1.803,1.0,1.0,0.0,-1,0.0,0.0,0.003615,1.1524,-3.0,5.88,3.37,0.0463,-0.0771,-0.4455,-0.3867,-1,,-1.2339,,0.965,0.5851,0.4556,,0.0,-0.1232,-1.0,-2.0,42.09,0.0,32.34,,,0.0,0.2732,0.0016268,-0.001968,-0.0020568,-0.219,,,,1.7405,0.9238,-2.0,-1.0,0.4342,76.15,9.0,1.0,0.2219,0.0178,17.76,1000.0,1.0,0.0,-17.76,64.91,0.1736,0.1129,Bear,,Bear,Bear,Bull,Bear,,-0.303,0.3462,0.095821157790672,-0.0623651392093688,0.3576,4.112028,0.1686,-0.1195,-0.001448,0.002309,0.3066,0.0,-1380.93,-15693540.383600011,0.8899737564836941,-18791079.36179997,,,,,,,,,,,,,,,,,,,,,,,,2026-06-09 23:03:14.906970+00:00,False,0.5549999999999999,-0.5549999999999999,240,-0.0616332819722731,0.1122825335943314,0.0081855382774006,28.19585170343464,0.0,0.0,-0.1718494219420384,-0.4145555043758575,0.0721618070589601,0.0138634354865899,36.45206248017261,0.0,0.173469387755103,0.1248946934790819,-0.1231906375115499,0.2430274514381515,0.0560586859553672,37.55398964862752,42.0886075949367,0.3419023136246781,0.3066008990629195,1.7721125446914288,0.5363337698473959,0.1050754921676838,46.99156325506742,42.2657952069716,0.6085672082717867,0.4333234002178985,0.586907449209928,0.1629213538433767,0.4310768344077543,28.72417963236677,25.75173477255207,0.2402877697841729,0.2007375517364516,2026-06-06/2026-06-12,0.113358,-0.416358,943.9651161666666,-0.2633625965625219,5.366741089886217,-0.1346675782625928,43.07544958115318,0.16763485477178422,4
2026-06-10 00:17:58.668079+00:00,2026-06-10T00:17:58.654056+00:00,SOL,KXSOL15M-26JUN092030-30,2026-06-10 00:30:00+00:00,64.9675,65.0193,-0.0797,12.03,0.03,0.385,0.2753,0.1097,no,trade,0.3649,0.5,0.0,0.0,0.0,1.0,0.7143,1.0,1,0.0,0.2857,0.003094,0.695,0.0,91.89,44.16,0.0,0.0,0.2155,0.3004,1,,-0.941,,999.0,0.5327,0.4567,,0.5135,0.1542,1.0,1.0,48.47,1.0,37.15,,,1.0,0.3243,0.0002825,-0.0015128,-0.0018299,-0.1472,,50.0,50.0,-0.7335,0.2111,0.0,1.0,0.0445,76.02,9.0,1.0,0.2851,0.0228,22.75,1000.0,1.0,0.0,-22.75,65.0,0.05,-0.0297,Bear,,Bear,Sideways,Bull,Bear,,0.0336,0.2753,0.0850315097977867,-0.0493839546800727,0.4005,3.165247,0.219,0.2739,0.000244,0.002317,0.3762,0.0,2621.1,-18286364.836999983,0.8915457393859929,-2557242.525099978,,,,,,,,,,,,,,,,,,,,,,,,2026-06-10 00:17:58.668079+00:00,False,0.615,-0.615,241,0.0,0.7939838575451099,0.0060447993965232,60.54646969904518,91.89189189189167,0.7391304347826033,0.8053029318953283,0.230911330049266,0.4141814042905819,0.0155492782975026,52.89550119827498,41.46341463414638,0.3777777777777791,0.6059552142441628,0.1541782300339189,0.2883046814248945,0.0571829329445927,40.29501199960729,48.63945578231272,0.3676092544987127,0.3761556107817639,-0.7789827401863514,0.4357500849930116,0.095370618048473,43.10915484454772,31.15468409586038,0.5290611028315936,0.3551569180882096,-2.8126870137642257,0.1500449406154747,0.451326118504448,25.495125354761612,19.48051948051947,0.172661870503597,0.1325877353473163,2026-06-06/2026-06-12,-0.081348,0.114948,1018.6944679833334,0.13707029620730893,39.95126439915453,0.023177202190782786,44.06508824630267,0.2575953458306399,1
2026-06-10 01:03:27.088805+00:00,2026-06-10T01:03:27.073435+00:00,SOL,KXSOL15M-26JUN092115-15,2026-06-10 01:15:00+00:00,65.065,65.0817,-0.0257,11.55,0.04,0.58,0.3654,0.2146,no,trade,0.067,1.0,1.0,1.0,0.585,1.0,1.0,1.0,1,0.0,0.0,0.003788,2.029,0.0,89.83,68.83,0.0,0.0,0.7746,0.2416,1,,-0.6559,,999.0,0.5327,0.8176,,0.8983,0.0615,1.0,2.0,51.53,0.0,34.75,,,0.0,0.3742,-0.0006393,-0.0014855,-0.0014999,-0.0849,,,,-0.7335,0.2111,0.0,1.0,0.1018,75.86,9.0,1.0,0.37,0.0296,29.4,1000.0,0.0,1.0,40.6,64.88,-0.2843,-0.3099,Bear,,Bear,Sideways,Bull,Bear,,0.0095,0.3654,0.0901319658783629,-0.0402077689129969,0.4941,4.706172,0.1473,0.2722,0.000753,0.000665,0.438,0.0,1322.59,-18286364.836999983,0.8915457393859929,-2557242.525099978,,,,,,,,,,,,,,,,,,,,,,,,2026-06-10 01:03:27.088805+00:00,True,0.42,0.58,242,0.3548287565566355,0.683462522345599,0.010241897972726,58.9955725074539,89.83050847457594,0.8548387096774149,0.9139905818055742,0.8214507129572279,0.4308299460998629,0.0174253081436106,51.68474435919846,68.83116883116807,0.46086956521739,0.5882236369371656,0.1385467980295596,0.3316910699599633,0.0545702039770478,42.95769222384505,51.70068027210875,0.3907455012853459,0.4380553265968893,-0.7789827401863514,0.4357500849930116,0.095370618048473,43.10915484454772,31.15468409586038,0.5290611028315936,0.3551569180882096,-2.8126870137642257,0.1500449406154747,0.451326118504448,25.495125354761612,19.48051948051947,0.172661870503597,0.1325877353473163,2026-06-06/2026-06-12,-0.081348,0.090848,1064.16814675,0.5793024116277357,85.18219140201157,0.25461467836687124,51.60513258539099,0.06784582893347413,1
2026-06-10 01:33:44.765809+00:00,2026-06-10T01:33:44.751734+00:00,SOL,KXSOL15M-26JUN092145-45,2026-06-10 01:45:00+00:00,65.1025,65.1682,-0.1008,11.26,0.05,0.385,0.234,0.151,no,trade,0.3856,1.0,1.0,1.0,16.711,1.0,1.0,1.0,1,0.0,0.0,0.004202,1.1697,-1.0,86.76,76.62,0.0,-0.0614,-0.0307,-0.026,1,,-0.6559,,0.0038,0.5327,0.5653,,0.8983,0.0615,1.0,2.0,51.53,0.0,34.75,,,0.0,0.3742,-0.0006393,-0.0014855,-0.0014999,-0.0849,,,,-0.7335,0.2111,-2.0,-1.0,-0.0976,75.92,10.0,1.0,0.3923,0.0314,31.36,1000.0,0.0,1.0,19.63,64.89,-0.3264,-0.4269,Bear,,Bear,Sideways,Bull,Bear,,-0.048,0.234,0.0901319658783629,-0.0402077689129969,0.4941,4.706172,0.1473,0.2722,0.000753,0.000665,0.438,0.0,1322.59,-18286364.836999983,0.8915457393859929,-2557242.525099978,,,,,,,,,,,,,,,,,,,,,,,,2026-06-10 01:33:44.765809+00:00,True,0.615,0.385,242,0.1382276148057082,0.8054252060024341,0.0115148539915439,62.12892329816078,100.0,1.0,0.9310821951573208,0.4932182490752224,0.6122881649270024,0.0159412011174404,56.353304802029136,88.31168831168802,0.5964912280701812,0.7250244945691738,0.1385467980295596,0.3316910699599633,0.0545702039770478,42.95769222384505,51.70068027210875,0.3907455012853459,0.4380553265968893,-0.7789827401863514,0.4357500849930116,0.095370618048473,43.10915484454772,31.15468409586038,0.5290611028315936,0.3551569180882096,-2.8126870137642257,0.1500449406154747,0.451326118504448,25.495125354761612,19.48051948051947,0.172661870503597,0.1325877353473163,2026-06-06/2026-06-12,0.055342,-0.103342,1094.4627634833334,-0.029623857899963024,66.1806315702515,0.25461467836687124,51.60513258539099,0.23988576868158018,2
2026-06-10 01:48:54.101750+00:00,2026-06-10T01:48:54.091079+00:00,SOL,KXSOL15M-26JUN092200-00,2026-06-10 02:00:00+00:00,64.965,64.8847,0.1238,11.1,0.03,0.835,0.751,0.084,no,trade,-0.3371,0.0833,0.9167,-1.0,0.135,1.0,0.8824,0.0588,-1,0.0588,0.0588,0.00437,1.196,1.0,76.81,69.74,0.0,0.2157,-0.0922,-0.1229,-1,,-0.5088,,0.0939,0.5327,0.7984,,0.8983,0.0615,1.0,2.0,51.53,,34.75,,,0.0,0.393,-0.0006393,-0.0014855,-0.0011179,-0.0701,,,,-0.7335,0.2111,-2.0,-1.0,0.0093,75.89,10.0,1.0,0.1006,0.008,8.09,1000.0,1.0,0.0,-8.09,65.11,0.2232,0.3472,Bear,,Bear,Sideways,Bull,Bear,,-0.1187,0.751,0.0901319658783629,-0.0402077689129969,0.4941,4.706172,0.1473,0.2722,0.000753,0.000665,0.517,0.0,41754.61,-18286364.836999983,0.8915457393859929,-2557242.525099978,,,,,,,,,,,,,,,,,,,,,,,,2026-06-10 01:48:54.101750+00:00,False,0.165,-0.165,242,-0.3378897250806312,0.3932871692076372,0.0116828507067957,42.16204761250153,53.62318840579794,0.5362318840579794,0.1725833339793908,-0.4754601226993893,0.3280909954263807,0.0139510012610914,46.481243810645765,48.051948051948,0.3457943925233663,0.4013397514807338,0.1385467980295596,0.3316910699599633,0.0545702039770478,42.95769222384505,51.70068027210875,0.3907455012853459,0.4380553265968893,-0.7789827401863514,0.4357500849930116,0.095370618048473,43.10915484454772,31.15468409586038,0.5290611028315936,0.3551569180882096,-2.8126870137642257,0.1500449406154747,0.451326118504448,25.495125354761612,19.48051948051947,0.172661870503597,0.1325877353473163,2026-06-06/2026-06-12,-0.289091,0.170391,1109.6183625,-0.23138055717124573,36.65296681054964,0.25461467836687124,51.60513258539099,0.28329519450800916,3
2026-06-10 02:49:54.999304+00:00,2026-06-10T02:49:54.980249+00:00,SOL,KXSOL15M-26JUN092300-00,2026-06-10 03:00:00+00:00,64.3,64.3515,-0.08,10.09,0.02,0.4,0.2753,0.1247,no,trade,0.4637,0.5,0.0,0.0,0.0,1.0,0.8214,0.0,-1,0.1786,0.0,0.004851,0.897,-4.0,0.0,0.0,0.0,-0.0466,-0.0621,-1.1661,-1,,-0.3328,,1.1338,0.6323,0.3941,,0.9706,0.2306,1.0,3.0,56.61,,39.08,,,0.0,0.4683,-0.0006888,-0.0010289,-0.0012259,-0.0059,,,,-0.7335,0.2111,-2.0,-1.0,-0.232,75.82,10.0,1.0,0.3119,0.0249,25.2,1000.0,0.0,1.0,16.8,64.41,0.1711,0.0909,Bear,,Bear,Sideways,Bull,Bear,,-0.1744,0.2753,0.0959615833484376,-0.0457400615444455,0.4476,5.552312,0.1248,0.3683,0.000983,0.00027,0.1658,0.0,42091.37,-18286364.836999983,0.8915457393859929,-2557242.525099978,,,,,,,,,,,,,,,,,,,,,,,,2026-06-10 02:49:54.999304+00:00,True,0.6,0.4,243,0.0,0.0225144006486933,0.017388281631736,20.413243585403933,0.0,0.0,-0.2784815255916517,-0.3559820461228935,-0.1302887069995449,0.0137300187516677,34.591825244190204,0.0,0.0,-0.0042432414841673,0.2305918524212247,0.392768165584532,0.0498641336667003,47.42736582155061,56.80272108843548,0.4293059125964014,0.5169848846083285,-0.7789827401863514,0.4357500849930116,0.095370618048473,43.10915484454772,31.15468409586038,0.5290611028315936,0.3551569180882096,-2.8126870137642257,0.1500449406154747,0.451326118504448,25.495125354761612,19.48051948051947,0.172661870503597,0.1325877353473163,2026-06-06/2026-06-12,-0.118662,-0.055737999999999996,1170.6333217333333,-0.0776066203025616,1.1760075566752382,-0.2990464359215128,42.72675796807972,0.16491445062873633,1
2026-06-10 03:25:16.200847+00:00,2026-06-10T03:25:16.185793+00:00,SOL,KXSOL15M-26JUN092330-30,2026-06-10 03:30:00+00:00,64.5625,64.491,0.1109,4.73,0.03,0.845,0.788,0.057,no,trade,-0.816,1.0,1.0,1.0,0.08,1.0,0.3529,0.6176,1,0.3824,0.2647,0.004844,1.0868,3.0,56.86,31.52,0.0,0.1085,-0.0619,0.248,1,,-1.3958,,0.2283,0.4677,0.4525,,0.1463,-1.0751,-1.0,-1.0,31.1,-1.0,32.15,,,-1.0,0.1893,-0.0028478,-0.0007727,-0.0019112,-0.3023,,,,-0.7335,0.2111,-1.0,0.5849,-0.0996,75.84,10.0,1.0,0.0674,0.0054,5.43,1000.0,1.0,0.0,-5.43,64.82,0.3988,0.5101,Bear,,Bear,Sideways,Bull,Bear,,-0.117,0.788,0.0645724353880949,-0.0606913121917041,0.575,4.723059,0.1468,-1.5839,-0.002972,-0.005349,0.1658,0.0,42091.37,-18286364.836999983,0.8915457393859929,-2557242.525099978,,,,,,,,,,,,,,,,,,,,,,,,2026-06-10 03:25:16.200847+00:00,False,0.155,-0.155,243,0.1085103084792926,0.4253731701746741,0.0194761512360061,51.10141490227985,47.54098360655611,0.3186813186813111,0.6522912820542796,0.1863064741499887,0.1576456404474485,0.0164511755164447,40.59075216360213,26.08695652173893,0.2399999999999948,0.277878600661639,-1.211656441717801,0.1749782597771298,0.0474773741793056,32.14948030788362,31.095406360423887,0.230366492146596,0.1657739074204562,-0.7789827401863514,0.4357500849930116,0.095370618048473,43.10915484454772,31.15468409586038,0.5290611028315936,0.3551569180882096,-2.8126870137642257,0.1500449406154747,0.451326118504448,25.495125354761612,19.48051948051947,0.172661870503597,0.1325877353473163,2026-06-06/2026-06-12,-0.178739,0.061739,1205.9866807833334,0.2786424630558004,31.218759292561582,-0.628645843549891,25.727623591077176,0.22894302229562344,2
2026-06-10 04:05:42.773125+00:00,2026-06-10T04:05:42.758840+00:00,SOL,KXSOL15M-26JUN100015-15,2026-06-10 04:15:00+00:00,64.4325,64.4658,-0.0517,9.29,0.04,0.45,0.3462,0.1038,no,trade,0.3036,0.0,1.0,-1.0,0.01,1.0,0.5,0.0,-1,0.5,0.0,0.005107,0.6074,-3.0,30.77,20.65,-0.0775,-0.0775,-0.0775,0.1428,-1,,-1.026,,0.3843,0.5327,0.4047,,0.4038,0.1863,1.0,1.0,40.82,0.0,35.14,,,0.0,0.2564,-0.0010556,0.0002587,-0.0015497,-0.2093,,50.0,50.0,-0.7383,0.2609,-2.0,-1.0,0.0379,75.9,10.0,1.0,0.2306,0.0184,18.7,1000.0,1.0,0.0,-18.7,64.55,0.1824,0.1306,Bear,,Bear,Sideways,Bull,Bear,,0.0861,0.3462,0.0536714060000942,-0.0640769988410256,0.5804,3.853587,0.1799,0.3306,5.9e-05,0.00412,0.2744,0.0,75455.18,-2939698.3876000047,0.9808415557387536,-36919603.6082,,,,,,,,,,,,,,,,,,,,,,,,2026-06-10 04:05:42.773125+00:00,False,0.55,-0.55,243,-0.0774833410816633,0.4272618285619624,0.0089490944234826,42.382133578937186,34.54545454545431,0.3454545454545431,0.249488414098659,-0.0619482731918696,0.2168133846471607,0.016422093621706,42.35637519361177,26.08695652173893,0.2608695652173893,0.3253753998800455,0.1863064741499887,0.2315239329412691,0.0440055239171034,35.76067187507779,40.816326530612194,0.2976190476190476,0.2743694566984097,-0.6619458128078737,0.3201410783363849,0.0818776587434311,39.88340012471944,21.786492374727658,0.4641791044776117,0.2969085171147894,-2.8126870137642257,0.1500449406154747,0.451326118504448,25.495125354761612,19.48051948051947,0.172661870503597,0.1325877353473163,2026-06-06/2026-06-12,-0.12785,0.21394999999999997,1246.4295520833334,0.07626773159739031,45.24433242236745,0.440232252082029,48.98102822938598,0.10123360093988643,3
2026-06-10 04:46:07.321435+00:00,2026-06-10T04:46:07.302914+00:00,SOL,KXSOL15M-26JUN100100-00,2026-06-10 05:00:00+00:00,64.1425,64.1647,-0.0346,13.88,0.01,0.505,0.3462,0.1588,no,trade,0.1226,0.5,0.0,0.0,0.004,1.0,0.7083,0.2917,-1,0.0,0.2917,0.00423,0.8842,-2.0,1.75,0.95,-0.1556,-0.1556,-0.419,-0.5723,-1,,-1.0474,,0.8114,0.6323,0.5493,,0.4038,0.1863,1.0,1.0,40.82,,35.14,,,0.0,0.2663,-0.0010556,0.0002587,-0.0017235,-0.2111,,,,-0.7383,0.2609,-2.0,-1.0,0.0485,75.81,10.0,1.0,0.3144,0.0251,25.25,1000.0,1.0,0.0,-25.25,64.26,0.1832,0.1485,Bear,,Bear,Sideways,Bull,Bear,,0.014,0.3462,0.0536714060000942,-0.0640769988410256,0.5804,3.853587,0.1799,0.3306,5.9e-05,0.00412,0.1846,0.0,82372.96,-2939698.3876000047,0.9808415557387536,-36919603.6082,,,,,,,,,,,,,,,,,,,,,,,,2026-06-10 04:46:07.321435+00:00,False,0.495,-0.495,243,0.0,0.0223492786849681,0.0086130190607476,31.66120662122546,11.538461538461748,0.0952380952380973,-0.0030598320013811,-0.4954327295247029,0.093318712927409,0.0185110202737027,35.928920442207954,6.000000000000227,0.0600000000000022,0.1247229478860875,0.1863064741499887,0.2315239329412691,0.0440055239171034,35.76067187507779,40.816326530612194,0.2976190476190476,0.2743694566984097,-0.6619458128078737,0.3201410783363849,0.0818776587434311,39.88340012471944,21.786492374727658,0.4641791044776117,0.2969085171147894,-2.8126870137642257,0.1500449406154747,0.451326118504448,25.495125354761612,19.48051948051947,0.172661870503597,0.1325877353473163,2026-06-06/2026-06-12,0.081602,-0.067602,1286.8386905833333,-0.4125892491968486,5.679249464431176,0.440232252082029,48.98102822938598,0.0817966903073286,4
2026-06-10 05:36:39.995790+00:00,2026-06-10T05:36:39.981838+00:00,SOL,KXSOL15M-26JUN100145-45,2026-06-10 05:45:00+00:00,64.055,64.1052,-0.0783,8.34,0.04,0.32,0.2753,0.0447,no,trade,0.3137,1.0,1.0,1.0,0.005,1.0,0.1818,0.9545,1,0.0455,0.7727,0.003843,0.8928,-1.0,38.46,20.41,0.0,-0.0156,0.3129,-0.3886,1,,-1.3241,,0.7751,0.4522,0.627,,0.2128,-0.4184,-1.0,-1.0,34.11,0.0,41.18,,,-1.0,0.1759,-0.001549,3.89e-05,-0.0018778,-0.2942,,,,-0.7383,0.2609,-2.0,-1.0,0.0499,75.78,10.0,1.0,0.1398,0.0112,10.88,1000.0,0.0,1.0,5.12,64.06,0.0078,-0.0705,Bear,,Bear,Sideways,Bull,Bear,,0.0811,0.2753,0.0379724249524313,-0.0643074348569691,0.4624,3.118717,0.2223,-0.5237,-0.000456,-0.000706,0.1846,0.0,82372.96,-2939698.3876000047,0.9808415557387536,-36919603.6082,,,,,,,,,,,,,,,,,,,,,,,,2026-06-10 05:36:39.995790+00:00,True,0.6799999999999999,0.32,244,0.0155933260564511,0.2996103715395167,0.0119916631470493,44.735844967633334,30.98591549295786,0.3098591549295786,0.4579052604763059,0.0624122327976151,0.1339397362412939,0.0208614308704723,33.325749427911845,17.64705882352892,0.1627906976744147,0.1601821058583701,-0.4184100418409997,0.1618035064005716,0.0418695463885667,31.417507088106476,34.112149532710454,0.2310126582278496,0.1846127058087252,-0.6619458128078737,0.3201410783363849,0.0818776587434311,39.88340012471944,21.786492374727658,0.4641791044776117,0.2969085171147894,-2.8126870137642257,0.1500449406154747,0.451326118504448,25.495125354761612,19.48051948051947,0.172661870503597,0.1325877353473163,2026-06-06/2026-06-12,0.075203,0.0058969999999999995,1337.3832631666667,0.09755123196841797,22.52821796718736,-0.510305514119247,31.045461627568276,0.2037470725995316,1
2026-06-10 05:46:46.241554+00:00,2026-06-10T05:46:46.224183+00:00,SOL,KXSOL15M-26JUN100200-00,2026-06-10 06:00:00+00:00,64.0325,64.0587,-0.0409,13.23,0.02,0.47,0.3407,0.1293,no,trade,0.237,0.5,0.0,0.0,0.0,1.0,0.875,0.0,-1,0.125,0.0,0.003602,0.3467,0.0,31.82,15.22,0.0,0.0,-0.1092,-0.4806,-1,,-1.2599,,0.8693,0.4234,0.344,,0.2128,-0.4184,-1.0,-1.0,34.11,,41.18,,,-1.0,0.1647,-0.001549,3.89e-05,-0.0017913,-0.2865,,,,-0.7383,0.2609,-2.0,-1.0,0.1192,75.78,10.0,1.0,0.275,0.022,22.26,1000.0,1.0,0.0,-22.26,64.13,0.1523,0.1113,Bear,,Bear,Sideways,Bull,Bear,,0.0823,0.3407,0.0379724249524313,-0.0643074348569691,0.4624,3.118717,0.2223,-0.5237,-0.000456,-0.000706,0.1707,0.0,67849.26,-2939698.3876000047,0.9808415557387536,-36919603.6082,,,,,,,,,,,,,,,,,,,,,,,,2026-06-10 05:46:46.241554+00:00,False,0.53,-0.53,244,0.0,0.2500910713665253,0.0118331044022715,39.24702311321639,31.81818181818211,0.1971830985915518,0.2598112355622943,-0.1091532823951246,0.1240488379371366,0.0222550404167606,31.18231264116146,14.285714285714285,0.1085271317829468,0.1085861996883279,-0.4184100418409997,0.1618035064005716,0.0418695463885667,31.417507088106476,34.112149532710454,0.2310126582278496,0.1846127058087252,-0.6619458128078737,0.3201410783363849,0.0818776587434311,39.88340012471944,21.786492374727658,0.4641791044776117,0.2969085171147894,-2.8126870137642257,0.1500449406154747,0.451326118504448,25.495125354761612,19.48051948051947,0.172661870503597,0.1325877353473163,2026-06-06/2026-06-12,0.069237,0.013062999999999991,1347.487359233333,-0.019350796297512574,30.204643442706214,-0.510305514119247,31.045461627568276,0.11354802887284841,2
2026-06-10 06:17:06.930584+00:00,2026-06-10T06:17:06.915882+00:00,SOL,KXSOL15M-26JUN100230-30,2026-06-10 06:30:00+00:00,63.96,63.9702,-0.0159,12.89,0.05,0.525,0.344,0.181,no,trade,0.0513,1.0,0.6,1.0,0.007,1.0,0.5238,0.3333,-1,0.1429,0.3333,0.003291,0.9966,1.0,36.67,11.96,0.0156,0.0938,0.1251,-0.2096,-1,,-1.3224,,0.7439,0.4483,0.6282,,0.4773,-0.2023,-1.0,-2.0,28.04,0.0,47.3,,,0.0,0.139,-0.0021432,-0.0009304,-0.0018059,-0.3087,,,,-0.7383,0.2609,-2.0,-1.0,0.1088,75.86,10.0,1.0,0.3448,0.0276,27.55,1000.0,1.0,0.0,-27.55,64.14,0.2814,0.2654,Bear,,Bear,Bear,Bull,Bear,,0.0844,0.344,-0.0069733599709959,-0.0611559741167113,0.543,3.640269,0.1904,-0.2314,4.9e-05,0.000668,0.1707,0.0,67849.26,-2939698.3876000047,0.9808415557387536,-36919603.6082,,,,,,,,,,,,,,,,,,,,,,,,2026-06-10 06:17:06.930584+00:00,False,0.475,-0.475,244,-0.1715265866209292,0.2544509182781121,0.0068903350773873,42.20367965279747,22.72727272727155,0.2272727272727155,0.316100445577009,-0.1715265866209292,0.1661783120124582,0.0228229528602223,31.89568848566479,10.869565217390663,0.0775193798449573,0.1579205847298717,-0.2023031434796318,0.1505786021232578,0.0418626349969719,29.413888488153233,28.03738317756982,0.2040816326530594,0.1706630683554734,-0.6619458128078737,0.3201410783363849,0.0818776587434311,39.88340012471944,21.786492374727658,0.4641791044776117,0.2969085171147894,-2.8126870137642257,0.1500449406154747,0.451326118504448,25.495125354761612,19.48051948051947,0.172661870503597,0.1325877353473163,2026-06-06/2026-06-12,-0.015827,0.10022700000000001,1377.8321764,0.058972143893343265,63.232718236995744,0.16022109008460017,37.69365732053458,0.04831358249772106,3
2026-06-10 06:37:19.572836+00:00,2026-06-10T06:37:19.556947+00:00,SOL,KXSOL15M-26JUN100245-45,2026-06-10 06:45:00+00:00,64.0125,64.0598,-0.0738,7.68,0.02,0.45,0.3462,0.1038,no,trade,0.2738,0.1481,0.8519,-1.0,9.127,1.0,0.7692,0.7692,1,0.2308,0.0,0.00331,0.6149,-1.0,0.0,0.0,0.0,-0.0626,-0.3433,-0.3617,-1,,-1.3224,,0.8154,0.4483,0.706,,0.4773,-0.2023,-1.0,-2.0,28.04,0.0,47.3,,,0.0,0.139,-0.0021432,-0.0009304,-0.0018059,-0.3087,,,,-0.7383,0.2609,-2.0,-1.0,-0.1208,75.96,10.0,1.0,0.2306,0.0184,18.7,1000.0,1.0,0.0,-18.7,64.19,0.2773,0.2032,Bear,,Bear,Bear,Bull,Bear,,0.1535,0.3462,-0.0069733599709959,-0.0611559741167113,0.543,3.640269,0.1904,-0.2314,4.9e-05,0.000668,0.1707,0.0,67849.26,-2939698.3876000047,0.9808415557387536,-36919603.6082,,,,,,,,,,,,,,,,,,,,,,,,2026-06-10 06:37:19.572836+00:00,False,0.55,-0.55,244,-0.3275109170305823,0.0618770295185202,0.0064814405283567,35.0476415897907,13.793103448275607,0.0816326530612224,0.0812850941271345,0.1562011871290458,0.2517690025990717,0.0210932892237278,39.117748389682845,21.739130434782876,0.1550387596899256,0.3403906840976107,-0.2023031434796318,0.1505786021232578,0.0418626349969719,29.413888488153233,28.03738317756982,0.2040816326530594,0.1706630683554734,-0.6619458128078737,0.3201410783363849,0.0818776587434311,39.88340012471944,21.786492374727658,0.4641791044776117,0.2969085171147894,-2.8126870137642257,0.1500449406154747,0.451326118504448,25.495125354761612,19.48051948051947,0.172661870503597,0.1325877353473163,2026-06-06/2026-06-12,0.081134,0.072366,1398.0428806000002,-0.04463472666442758,57.652042853069375,0.16022109008460017,37.69365732053458,0.2229607250755287,4
2026-06-10 06:47:25.971787+00:00,2026-06-10T06:47:25.955551+00:00,SOL,KXSOL15M-26JUN100300-00,2026-06-10 07:00:00+00:00,64.155,64.169,-0.0218,12.57,0.04,0.52,0.3462,0.1738,no,trade,0.0539,0.0,1.0,-1.0,0.029,1.0,0.1111,0.7111,1,0.2889,0.6,0.003416,2.0521,0.0,71.11,36.36,0.0,-0.0467,0.4381,0.1905,1,,-1.0153,,0.3125,0.3679,0.8281,,0.4773,-0.2023,-1.0,-2.0,28.04,,47.3,,,0.0,0.1194,-0.0021432,-0.0009304,-0.0009086,-0.3006,,,,-0.7383,0.2609,-2.0,-0.8924,0.0748,75.96,10.0,1.0,0.3341,0.0267,26.88,1000.0,1.0,0.0,-26.88,64.18,0.039,0.0171,Bear,,Bear,Bear,Bull,Bear,,0.2577,0.3462,-0.0069733599709959,-0.0611559741167113,0.543,3.640269,0.1904,-0.2314,4.9e-05,0.000668,0.2475,0.0,29100.48,-2939698.3876000047,0.9808415557387536,-36919603.6082,,,,,,,,,,,,,,,,,,,,,,,,2026-06-10 06:47:25.971787+00:00,False,0.48,-0.48,244,-0.0622761949245043,0.8024345420691444,0.0054950543545028,55.44962848574912,71.11111111111185,0.6530612244897939,0.6848349265911863,0.1091703056768533,0.3232679308237988,0.0204206715849281,43.902721709761174,32.98969072164931,0.2406015037593977,0.4693225114238059,-0.2023031434796318,0.1505786021232578,0.0418626349969719,29.413888488153233,28.03738317756982,0.2040816326530594,0.1706630683554734,-0.6619458128078737,0.3201410783363849,0.0818776587434311,39.88340012471944,21.786492374727658,0.4641791044776117,0.2969085171147894,-2.8126870137642257,0.1500449406154747,0.451326118504448,25.495125354761612,19.48051948051947,0.172661870503597,0.1325877353473163,2026-06-06/2026-06-12,0.082279,0.175421,1408.1495297833333,0.06214168303733114,65.41814330522729,0.16022109008460017,37.69365732053458,0.06381733021077284,5
2026-06-10 07:02:35.186160+00:00,2026-06-10T07:02:35.168978+00:00,SOL,KXSOL15M-26JUN100315-15,2026-06-10 07:15:00+00:00,64.1325,64.1723,-0.062,12.42,0.01,0.455,0.3225,0.1325,no,trade,0.2914,0.0,1.0,-1.0,0.026,1.0,0.2857,0.0,-1,0.7143,0.0,0.003206,0.6806,-2.0,64.44,33.72,0.0,-0.0312,-0.2022,0.1447,-1,,-0.8496,,0.3581,0.3679,0.438,,0.6889,0.078,1.0,1.0,17.22,0.0,49.32,,,0.0,0.1766,-0.0022441,-0.0014417,-0.0008031,-0.2402,,,,-0.7383,0.2609,0.0,1.0,-0.0446,76.11,10.0,1.0,0.2913,0.0233,23.43,1000.0,1.0,0.0,-23.43,64.37,0.3703,0.3081,Bear,,Bear,Sideways,Bull,Bear,,0.1839,0.3225,0.1866090323971718,-0.0711975859792136,0.5585,3.077138,0.2253,0.1834,0.000962,0.001177,0.2475,0.0,29100.48,-2939698.3876000047,0.9808415557387536,-36919603.6082,,,,,,,,,,,,,,,,,,,,,,,,2026-06-10 07:02:35.186160+00:00,False,0.5449999999999999,-0.5449999999999999,244,-0.1089494163423965,0.6797674864880621,0.0063344113150779,51.967598518298985,68.88888888889163,0.6888888888889163,0.5416225562406114,-0.0155787505841886,0.3271425865246884,0.0172102484059693,43.349285794477886,35.22727272727369,0.2500000000000071,0.4611860018754485,0.0779666302822557,0.1878577855389204,0.038979221237752,31.318508139562724,17.2222222222227,0.2210884353741517,0.2474471186072863,-0.6619458128078737,0.3201410783363849,0.0818776587434311,39.88340012471944,21.786492374727658,0.4641791044776117,0.2969085171147894,-2.8126870137642257,0.1500449406154747,0.451326118504448,25.495125354761612,19.48051948051947,0.172661870503597,0.1325877353473163,2026-06-06/2026-06-12,0.102774,0.081126,1423.3031026666665,0.11637203937397977,79.97067090309233,0.19292269074668855,32.88332049177575,0.19338739862757331,6
2026-06-10 07:32:53.920549+00:00,2026-06-10T07:32:53.902661+00:00,SOL,KXSOL15M-26JUN100345-45,2026-06-10 07:45:00+00:00,64.41,64.482,-0.1117,12.11,0.03,0.335,0.227,0.108,no,trade,0.4928,0.0,1.0,-1.0,0.002,1.0,0.375,0.5,1,0.5,0.125,0.0032,1.1626,3.0,86.3,82.89,-0.062,0.031,0.031,0.6351,1,,-0.8496,,999.0,0.4205,0.4724,,0.6889,0.078,1.0,1.0,17.22,0.0,49.32,,,0.0,0.1766,-0.0022441,-0.0014417,-0.0008031,-0.2402,,,,-0.7383,0.2609,0.0,1.0,-0.1657,76.21,10.0,1.0,0.3223,0.0258,25.94,1000.0,1.0,0.0,-25.94,64.63,0.3416,0.2295,Bear,,Bear,Sideways,Bull,Bear,,0.2864,0.227,0.1866090323971718,-0.0711975859792136,0.5585,3.077138,0.2253,0.1834,0.000962,0.001177,0.2475,0.0,29100.48,-2939698.3876000047,0.9808415557387536,-36919603.6082,,,,,,,,,,,,,,,,,,,,,,,,2026-06-10 07:32:53.920549+00:00,False,0.665,-0.665,244,-0.0774833410816633,0.8768902967517725,0.0109702484561039,65.88091588487204,83.56164383561769,0.8356164383561769,0.8667185133636562,0.2020202020202255,0.6706030250519162,0.0136675597151879,61.57093727582193,80.26315789473792,0.6288659793814462,0.7940317050371943,0.0779666302822557,0.1878577855389204,0.038979221237752,31.318508139562724,17.2222222222227,0.2210884353741517,0.2474471186072863,-0.6619458128078737,0.3201410783363849,0.0818776587434311,39.88340012471944,21.786492374727658,0.4641791044776117,0.2969085171147894,-2.8126870137642257,0.1500449406154747,0.451326118504448,25.495125354761612,19.48051948051947,0.172661870503597,0.1325877353473163,2026-06-06/2026-06-12,0.15351,0.13288999999999998,1440.0,0.20443327177095405,93.22224543248755,0.19292269074668855,32.88332049177575,0.3490625,7
2026-06-10 07:48:04.277959+00:00,2026-06-10T07:48:04.265232+00:00,SOL,KXSOL15M-26JUN100400-00,2026-06-10 08:00:00+00:00,64.5525,64.5785,-0.0403,11.93,0.01,0.525,0.3462,0.1788,no,trade,0.1798,0.1667,0.8333,-1.0,0.109,1.0,0.2903,0.4839,1,0.5161,0.1935,0.003448,1.391,0.0,74.6,82.61,0.0,0.0,0.2016,0.8427,1,,-0.6391,,999.0,0.4205,0.4701,,0.6889,0.078,1.0,1.0,17.22,,49.32,,,0.0,0.1919,-0.0022441,-0.0014417,-0.0001556,-0.2252,,,,-0.7383,0.2609,0.0,1.0,0.1982,76.33,10.0,1.0,0.3405,0.0272,27.07,1000.0,0.0,1.0,29.92,64.52,-0.0503,-0.0906,Bear,,Bear,Sideways,Bull,Bear,,0.357,0.3462,0.1866090323971718,-0.0711975859792136,0.5585,3.077138,0.2253,0.1834,0.000962,0.001177,0.4617,0.0,-10260.95,-28964709.634800017,0.9090198460589608,-50190772.8594,,,,,,,,,,,,,,,,,,,,,,,,2026-06-10 07:48:04.277959+00:00,True,0.475,0.525,244,0.0,0.9120480939345724,0.0127968066383837,74.74888323863533,82.6086956521729,0.826086956521729,0.9625488354608284,0.2326302729528384,0.8129244841166843,0.0142790848033767,67.9997948912013,82.6086956521729,0.7835051546391684,0.8997767479010659,0.0779666302822557,0.1878577855389204,0.038979221237752,31.318508139562724,17.2222222222227,0.2210884353741517,0.2474471186072863,-0.6619458128078737,0.3201410783363849,0.0818776587434311,39.88340012471944,21.786492374727658,0.4641791044776117,0.2969085171147894,-2.8126870137642257,0.1500449406154747,0.451326118504448,25.495125354761612,19.48051948051947,0.172661870503597,0.1325877353473163,2026-06-06/2026-06-12,0.215383,0.141617,1440.0,0.13845983424067843,96.31816602987115,0.19292269074668855,32.88332049177575,0.11687935034802785,8
2026-06-10 23:49:28.719068+00:00,2026-06-10T23:49:28.710360+00:00,SOL,KXSOL15M-26JUN102000-00,2026-06-11 00:00:00+00:00,63.1275,63.1327,-0.0082,10.53,0.03,0.465,0.3462,0.1188,no,trade,0.0307,1.0,1.0,1.0,0.476,1.0,1.0,1.0,1,0.0,0.0,0.004435,0.6071,-1.0,85.94,60.32,0.0,-0.1424,0.1269,0.7049,1,,-1.7431,,1.2151,0.3571,0.5994,,0.8364,0.4155,1.0,1.0,13.94,,42.67,,,0.0,0.1466,-0.0046561,-0.0011067,-0.0017695,-0.3495,,,,-2.6006,0.1263,0.0,1.0,-0.0928,78.31,10.0,1.0,0.2554,0.0204,20.33,1000.0,1.0,0.0,-20.33,63.18,0.0832,0.0749,Sideways,,Bear,Sideways,Bear,Bear,,0.3642,0.3462,,,,,,,,,0.3425,0.0,-27069.1,34498426.61540002,1.1059626314800193,6451948.546800047,,,,,,,,,,,,,,,,,,,,,,,,2026-06-10 23:49:28.719068+00:00,False,0.5349999999999999,-0.5349999999999999,246,0.0949968334388984,0.9774942592478176,0.0145435140003226,75.37384755366202,100.0,1.0,1.355511788173774,0.2696272799365573,0.5326979554934285,0.0283258422615011,56.20510152898534,66.92913385826766,0.5379746835443029,0.7959641257017211,0.4476418864908016,0.0840736531138039,0.0447273199715293,32.40992990925605,13.939393939393948,0.1393939393939394,0.1549044076779082,-2.600581306409677,0.1055966528704779,0.0730565308451579,39.8253651641079,12.915851272015711,0.1291585127201571,0.271326047383587,-2.8126870137642257,0.1500449406154747,0.451326118504448,25.495125354761612,19.48051948051947,0.172661870503597,0.1325877353473163,2026-06-06/2026-06-12,0.111219,0.252981,309.3453178,0.06833304414450847,58.072237549920125,0.123563373969926,29.27118866758463,0.018489289740698987,1
2026-06-11 10:02:16.094049+00:00,2026-06-11T10:02:16.082279+00:00,SOL,KXSOL15M-26JUN110615-15,2026-06-11 10:15:00+00:00,65.3325,65.3407,-0.0125,12.74,0.02,0.5,0.3116,0.1884,no,trade,0.0748,0.0,1.0,-1.0,0.133,1.0,0.2308,0.2308,1,0.7692,0.0,0.00251,0.7913,3.0,85.71,90.14,0.0459,-0.0763,0.0612,0.2825,1,,1.3508,,999.0,,0.3407,,0.7959,0.1378,1.0,2.0,96.83,0.0,63.16,,,0.0,0.7852,-0.0001273,0.0037385,0.0013227,0.2285,,,,-0.7484,0.2576,0.0,1.0,-0.6815,75.18,13.0,1.0,0.3769,0.0302,30.0,1000.0,1.0,0.0,-30.0,65.44,0.1645,0.152,Bull,,Bear,Bull,Sideways,Sideways,,0.5447,0.3116,,,,,,,,,0.7705,0.0,81.93,45134493.08370003,1.1843669779254495,73470355.65330005,,,,,,,,,,,,,,,,,,,,,,,,2026-06-11 10:02:16.094049+00:00,False,0.5,-0.5,251,-0.1221374045801471,0.6693071845952112,0.0079104900387524,61.49999568412617,79.59183673469482,0.7959183673469482,0.8252990909824175,0.0458785747056156,0.8215496592797176,0.0106851103952842,61.13402147686664,85.91549295774715,0.8591549295774715,0.7969788712255902,0.1377621307209642,0.7743220689457323,0.0581394658129979,62.394600802272734,96.825396825397,0.9242424242424244,0.7704976649065293,-0.748434397433928,0.4025449406076518,0.0760200543729302,50.954930045533146,51.683168316831775,0.4539130434782614,0.5551635260111142,-2.7401477832512233,0.1413497051007622,0.4685145118437132,22.706512603618226,13.028472821397768,0.1092224231464738,0.0734874934870837,2026-06-06/2026-06-12,0.827116,-0.282416,10.151567483333334,0.042713549872597234,85.41980894922082,0.03489271681271777,96.92005416456469,0.04980079681274901,1
2026-06-11 20:50:21.302452+00:00,2026-06-11T20:50:21.295935+00:00,SOL,KXSOL15M-26JUN111700-00,2026-06-11 21:00:00+00:00,66.37,66.387,-0.0256,9.65,0.01,0.545,0.3407,0.2043,no,trade,0.1396,0.5,0.0,0.0,0.0,1.0,0.7222,0.0,-1,0.2778,0.0,0.005928,0.4574,0.0,0.0,34.01,0.0,0.0,-0.1954,-0.8381,-1,,1.8365,,999.0,,0.4283,,0.5065,0.2695,1.0,1.0,85.1,,71.55,,,0.0,0.9796,0.0036222,0.0025262,0.0017752,0.3269,,,,2.1348,0.8341,-2.0,-1.0,0.3138,74.27,13.0,1.0,0.3748,0.03,30.03,1000.0,1.0,0.0,-30.03,66.48,0.1657,0.1401,Bull,,Bear,Bull,Sideways,Bull,,0.5002,0.3407,,,,,,,,,0.6464,0.0,90784.12,5059223.782499999,1.0351546036114008,19297199.551499993,,,,,,,,,,,,,,,,,,,,,,,,2026-06-11 20:50:21.302452+00:00,False,0.4549999999999999,-0.4549999999999999,254,0.0,0.0442449625643405,0.0155544446661829,20.945479791847703,0.0,0.0,-0.4063602074792043,-0.1954299458809316,0.5,0.0399964151720468,41.489671293660905,57.64192139738008,0.5764192139738008,0.1815294900760974,0.089659294680211,0.9749980623503068,0.0488192006080105,75.16782877949834,85.09803921568644,0.9090909090909102,0.8881355844829458,2.431564459397473,0.814036955720675,0.0758088940327557,62.65097747803802,92.38476953907823,0.8017391304347827,0.852018510580775,-2.7401477832512233,0.1413497051007622,0.4685145118437132,22.706512603618226,13.028472821397768,0.1092224231464738,0.0734874934870837,2026-06-06/2026-06-12,0.845003,-0.34480299999999997,25.221707533333333,-0.10373617495341714,61.09108527131751,0.18982504972433478,80.72932816537435,0.04318488529014845,1
2026-06-12 01:19:33.753972+00:00,2026-06-12T01:19:33.742509+00:00,SOL,KXSOL15M-26JUN112130-30,2026-06-12 01:30:00+00:00,66.64,66.6613,-0.032,10.44,0.01,0.495,0.3225,0.1725,no,trade,0.2902,0.2727,0.2727,1.0,0.063,1.0,0.76,0.24,-1,0.0,0.24,0.002654,1.4113,0.0,15.79,14.63,0.0,0.0,0.06,-0.3154,-1,,1.0955,,0.1422,,0.2471,,0.48,0.0598,1.0,1.0,82.72,1.0,64.94,,,0.0,0.7729,0.000324,0.0020033,0.0015216,0.1754,,,,-0.0897,0.6479,-2.0,-1.0,0.04,74.13,13.0,1.0,0.3485,0.0279,27.77,1000.0,0.0,1.0,27.22,66.61,-0.045,-0.077,Bull,,Bear,Bull,Sideways,Bull,,0.2307,0.3225,,,,,,,,,0.7195,0.0,2806.12,11790291.797499985,1.0828418176102586,60409553.175800025,,,,,,,,,,,,,,,,,,,,,,,,2026-06-12 01:19:33.753972+00:00,True,0.505,0.495,255,0.0449640287769836,0.1613745084459829,0.007369879042411,35.071687671593395,15.789473684211314,0.1538461538461594,0.0484761096098944,-0.2838362712877185,0.3597266915721086,0.0121012912949291,44.08056453130349,14.63414634146409,0.5070422535211304,0.2615228472567238,0.1346297681376285,0.807606131063,0.0474002833795878,67.22017308382115,82.49999999999997,0.835294117647058,0.7195225899818442,-0.194087787399233,0.7948556500987604,0.0747165855610606,61.44405703734779,89.77955911823638,0.7791304347826072,0.7849956567736125,5.808800253244684,0.2688301770868543,0.473309002407417,38.66621510733998,28.861087144089716,0.2455947136563875,0.3905786058934825,2026-06-06/2026-06-12,0.504014,-0.27331399999999995,203.6125662,-0.23800492571361964,30.504037625343727,0.05914729783951245,82.73062015503865,0.12057272042200451,1
2026-06-12 15:33:54.096781+00:00,2026-06-12T15:33:54.080101+00:00,SOL,KXSOL15M-26JUN121145-45,2026-06-12 15:45:00+00:00,67.9775,68.2353,-0.3778,11.1,0.05,0.195,0.1538,0.0412,no,trade,0.8043,0.0,1.0,-1.0,0.094,1.0,1.0,0.0,-1,0.0,0.0,0.005565,1.4792,-2.0,57.8,68.94,0.0,-0.3807,-0.9031,0.3682,-1,,1.5268,,999.0,,1.024,,1.0,1.8283,1.0,1.0,100.0,1.0,59.4,,,1.0,1.1885,0.0027451,0.0009249,0.000964,0.362,,,,0.8438,0.5138,-2.0,-1.0,-0.2594,74.28,13.0,1.0,0.2113,0.0169,16.9,1000.0,0.0,1.0,4.09,67.74,-0.3494,-0.7259,Sideways,,Bear,Bull,Sideways,Sideways,,0.5192,0.1538,,,,,,,,,1.0322,1.0,66206.43,30907576.779900014,1.06163284701797,45050818.7331,,,,,,,,,,,,,,,,,,,,,,,,2026-06-12 15:33:54.096781+00:00,True,0.8049999999999999,0.195,259,-0.1462202076326857,0.7716911684684052,0.0416434606075093,62.28639878836637,76.50000000000006,0.7803738317757015,0.7214678633023223,-0.669090909090897,1.0252350709015248,0.0344008202223875,72.50582414254441,79.4759825327512,0.794759825327512,1.0558122117606894,1.996397478234768,1.2304657475588854,0.0222558317453779,69.08043146626723,100.0,1.0,1.03218153924735,0.8437547084526154,0.812768399005689,0.0741228587259003,60.21254556210022,89.58742632612991,0.8958742632612992,0.7050705511454467,5.808800253244684,0.2688301770868543,0.473309002407417,38.66621510733998,28.861087144089716,0.2455947136563875,0.3905786058934825,2026-06-06/2026-06-12,0.735519,-0.21631900000000004,10.118279683333332,-0.13697404344207298,92.17781226451018,1.2541068469529737,99.54045032249877,0.6788858939802337,1
2026-06-12 20:18:16.379969+00:00,2026-06-12T20:18:16.366291+00:00,SOL,KXSOL15M-26JUN121630-30,2026-06-12 20:30:00+00:00,66.5725,66.6455,-0.1095,11.73,0.04,0.38,0.3116,0.0684,no,trade,0.3359,1.0,1.0,1.0,0.059,1.0,0.1364,0.7727,-1,0.0909,0.7727,0.00386,0.8556,-4.0,6.94,3.03,-0.1798,-0.06,0.0751,-0.3885,-1,,-0.4565,,1.1738,,0.6906,,0.1034,-0.6843,-1.0,-3.0,27.54,0.0,50.08,,,0.0,0.3765,0.0001499,0.0004882,-0.000187,-0.1258,,50.0,50.0,-0.7286,0.0397,-2.0,-1.0,-0.2847,75.36,13.0,1.0,0.1801,0.0144,14.26,1000.0,1.0,0.0,-14.26,66.72,0.2216,0.1118,Sideways,,Bear,Sideways,Bull,Sideways,,0.2556,0.3116,,,,,,,,,0.3232,0.0,7535.94,5101514.837200001,1.0426360052233552,30180815.110700022,,,,,,,,,,,,,,,,,,,,,,,,2026-06-12 20:18:16.379969+00:00,False,0.62,-0.62,260,-0.1049160671462767,0.0926884357511897,0.0147011162285364,29.091961800590227,12.500000000000494,0.1000000000000047,0.007929068158295,-0.1647693229478775,0.0178315137169423,0.0231999395734919,24.022286905110107,5.4545454545456895,0.0409090909090924,-0.0400079954875745,-0.6843201428146317,0.3750967563679215,0.0267138187046889,44.75465298499139,27.536231884058104,0.275362318840581,0.3232244976272893,-0.7581388434666159,0.7552457754865574,0.0774085169588264,56.42093803420428,68.70109546165888,0.6870109546165888,0.578592593265939,5.808800253244684,0.2688301770868543,0.473309002407417,38.66621510733998,28.861087144089716,0.2455947136563875,0.3905786058934825,2026-06-06/2026-06-12,0.328005,-0.072405,187.30633281666667,-0.06815854658815956,1.0948473131846552,-0.13504983563417117,49.21630300752362,0.28367875647668395,1
2026-06-12 20:48:33.806672+00:00,2026-06-12T20:48:33.787684+00:00,SOL,KXSOL15M-26JUN121700-00,2026-06-12 21:00:00+00:00,66.5925,66.7673,-0.2618,11.44,0.07,0.195,0.1508,0.0442,no,trade,2.8795,0.5,0.0,0.0,0.0,1.0,0.0,0.5,0,0.0,0.0,0.003169,0.0,0.0,23.88,14.95,-0.015,0.0,0.0,-0.0553,1,,-0.4894,,1.0068,,0.1951,,0.1034,-0.6843,-1.0,-3.0,27.54,,50.08,,,0.0,0.3793,0.0001499,0.0004882,-0.0003089,-0.1281,,,,-0.7286,0.0397,-2.0,-1.0,-0.1154,75.46,13.0,1.0,0.2267,0.0181,18.51,1000.0,0.0,1.0,4.48,66.71,0.1764,-0.0858,Sideways,,Bear,Sideways,Bull,Sideways,,0.1697,0.1508,,,,,,,,,0.2897,0.0,3773.15,5101514.837200001,1.0426360052233552,30180815.110700022,,,,,,,,,,,,,,,,,,,,,,,,2026-06-12 20:48:33.806672+00:00,True,0.8049999999999999,0.195,260,0.0,0.3337593132848956,0.0138075619951256,40.6825214364077,22.22222222222178,0.2222222222222178,0.4166676861350637,0.0,0.1257114219488382,0.0220213782996349,29.121506798435547,12.69841269841252,0.0969696969696954,0.1239242457295209,-0.6843201428146317,0.3750967563679215,0.0267138187046889,44.75465298499139,27.536231884058104,0.275362318840581,0.3232244976272893,-0.7581388434666159,0.7552457754865574,0.0774085169588264,56.42093803420428,68.70109546165888,0.6870109546165888,0.578592593265939,5.808800253244684,0.2688301770868543,0.473309002407417,38.66621510733998,28.861087144089716,0.2455947136563875,0.3905786058934825,2026-06-06/2026-06-12,0.34545,-0.17575,217.59677786666668,0.006265902877244933,3.4897919312300387,-0.13504983563417117,49.21630300752362,0.8261281161249604,2
2026-06-12 21:03:41.730627+00:00,2026-06-12T21:03:41.712301+00:00,SOL,KXSOL15M-26JUN121715-15,2026-06-12 21:15:00+00:00,66.615,66.6658,-0.0762,11.31,0.01,0.385,0.3116,0.0734,no,trade,0.4763,1.0,0.0,0.0,1.396,1.0,0.75,0.25,-1,0.0,0.25,0.00288,0.6245,1.0,68.18,16.13,0.0,0.105,-0.015,-0.0449,1,,-0.605,,1.0197,,0.3451,,0.3636,-0.1797,-1.0,-4.0,20.0,0.0,54.45,,,0.0,0.3257,-0.0032445,-0.0002497,-0.000402,-0.1501,,,,-0.7286,0.0397,,,,,13.0,1.0,0.1908,0.0153,15.38,1000.0,1.0,0.0,-15.38,66.8,0.2777,0.2013,Sideways,,Bear,Sideways,Bull,Sideways,,0.1334,0.3116,,,,,,,,,0.2897,0.0,3773.15,5101514.837200001,1.0426360052233552,30180815.110700022,,,,,,,,,,,,,,,,,,,,,,,,2026-06-12 21:03:41.730627+00:00,False,0.615,-0.615,260,0.0300210147103019,0.3073114483906701,0.0124692235558617,34.23901673073843,34.78260869565083,0.1111111111111089,0.1796101717092686,-0.1199040767386083,0.119924644141928,0.023593942701909,26.419577889091855,7.47663551401858,0.0484848484848477,0.0640738077244214,-0.1797483523067744,0.3190536541607127,0.0271090928690252,43.00826396542269,20.0,0.2318840579710142,0.289699294162436,-0.7581388434666159,0.7552457754865574,0.0774085169588264,56.42093803420428,68.70109546165888,0.6870109546165888,0.578592593265939,5.808800253244684,0.2688301770868543,0.473309002407417,38.66621510733998,28.861087144089716,0.2455947136563875,0.3905786058934825,2026-06-06/2026-06-12,0.243408,-0.11000800000000002,232.72884378333336,-0.08963772756553912,11.485904463586124,-0.2372973752986285,33.99663215219781,0.26458333333333334,3
2026-06-12 22:54:15.182034+00:00,2026-06-12T22:54:15.165876+00:00,SOL,KXSOL15M-26JUN121900-00,2026-06-12 23:00:00+00:00,66.51,66.5483,-0.0576,5.75,0.02,0.37,0.3116,0.0584,no,trade,0.5602,1.0,1.0,1.0,0.037,1.0,0.9231,0.0769,-1,0.0,0.0769,0.002212,0.8835,-2.0,12.5,3.85,-0.1351,-0.1351,-0.1201,-0.3004,-1,,-0.3636,,1.356,,0.3107,,0.1667,-0.2099,-1.0,-5.0,8.37,,51.74,,,0.0,0.3072,-0.0016195,-0.0008345,0.0004623,-0.1342,,,,-0.7286,0.0397,-2.0,-1.0,0.0491,75.81,13.0,1.0,0.158,0.0126,12.6,1000.0,1.0,0.0,-12.6,66.61,0.1504,0.0927,Sideways,,Bear,Sideways,Bull,Sideways,,0.2564,0.3116,,,,,,,,,0.2887,0.0,-5682.42,5101514.837200001,1.0426360052233552,30180815.110700022,,,,,,,,,,,,,,,,,,,,,,,,2026-06-12 22:54:15.182034+00:00,False,0.63,-0.63,261,0.0600781015319906,0.2946596269718425,0.0059139592432502,43.54966596327856,44.44444444444679,0.2857142857142953,0.3580113552910768,-0.1349932503374895,0.2075925680214616,0.0166379864240824,33.506480077734935,10.256410256410025,0.0808080808080795,0.1932245783750203,-0.1050420168067334,0.2842654938023474,0.0273075515458942,41.89753663895391,8.368200836819605,0.2065217391304319,0.2883937646470546,-0.7581388434666159,0.7552457754865574,0.0774085169588264,56.42093803420428,68.70109546165888,0.6870109546165888,0.578592593265939,5.808800253244684,0.2688301770868543,0.473309002407417,38.66621510733998,28.861087144089716,0.2455947136563875,0.3905786058934825,2026-06-06/2026-06-12,0.231163,0.02523700000000001,343.28636723333335,-0.14664914486897107,27.546612718027873,0.06277434231114487,34.24781204067804,0.26039783001808314,1
2026-06-12 23:19:31.007831+00:00,2026-06-12T23:19:30.989158+00:00,SOL,KXSOL15M-26JUN121930-30,2026-06-12 23:30:00+00:00,66.5125,66.5452,-0.0491,10.49,0.04,0.39,0.3116,0.0784,no,trade,0.3782,0.5,0.0,0.0,0.0,1.0,0.1111,1.0,1,0.0,0.8889,0.002048,0.6597,0.0,52.94,28.57,0.0,0.0,0.1353,0.0013,1,,-0.3833,,1.2585,,0.291,,0.0,-0.0901,-1.0,-5.0,5.11,0.0,47.09,,,0.0,0.2977,-0.0033972,-0.0002751,0.0003958,-0.1327,,,,-0.7286,0.0397,-2.0,-1.0,0.0906,75.81,13.0,1.0,0.2012,0.0161,15.86,1000.0,1.0,0.0,-15.86,66.62,0.1616,0.1124,Sideways,,Bear,Sideways,Bull,Sideways,,0.3679,0.3116,,,,,,,,,0.2887,0.0,-5682.42,5101514.837200001,1.0426360052233552,30180815.110700022,,,,,,,,,,,,,,,,,,,,,,,,2026-06-12 23:19:31.007831+00:00,False,0.61,-0.61,261,0.0,0.4471114114653248,0.0045399292637544,51.02623173213026,52.94117647058971,0.4444444444444678,0.6194246180272516,0.1352773185029354,0.2940685148840509,0.0154762556714476,40.10588626384491,23.07692307692413,0.1250000000000055,0.3658737716078246,-0.0600871263331748,0.2837100276696306,0.0277000577056577,41.18910218357852,2.6200873362446337,0.1920289855072464,0.2886706148686536,-0.7581388434666159,0.7552457754865574,0.0774085169588264,56.42093803420428,68.70109546165888,0.6870109546165888,0.578592593265939,5.808800253244684,0.2688301770868543,0.473309002407417,38.66621510733998,28.861087144089716,0.2455947136563875,0.3905786058934825,2026-06-06/2026-06-12,0.231163,0.136737,368.5501305166666,-0.07559723706423993,23.14266699359003,0.024533400855286658,35.41024703608907,0.23974609375,2
2026-06-12 23:34:41.763495+00:00,2026-06-12T23:34:41.745063+00:00,SOL,KXSOL15M-26JUN121945-45,2026-06-12 23:45:00+00:00,66.58,66.603,-0.0345,10.31,0.06,0.49,0.3462,0.1438,no,trade,0.5542,0.5,0.0,0.0,0.0,1.0,0.0,0.5,0,0.0,0.0,0.001704,0.0,1.0,64.71,33.33,0.0,0.03,0.03,0.0625,1,,-0.3833,,1.2306,,0.1407,,0.0,-0.0901,-1.0,-5.0,5.11,0.0,47.09,,,0.0,0.2977,-0.0033972,-0.0002751,0.0003958,-0.1327,,,,-0.7286,0.0397,-2.0,-1.0,-0.0752,75.8,13.0,1.0,0.2934,0.0235,23.46,1000.0,1.0,0.0,-23.46,66.68,0.1502,0.1156,Sideways,,Bear,Sideways,Bull,Sideways,,0.3901,0.3462,,,,,,,,,0.2887,0.0,-5682.42,5101514.837200001,1.0426360052233552,30180815.110700022,,,,,,,,,,,,,,,,,,,,,,,,2026-06-12 23:34:41.763495+00:00,False,0.51,-0.51,261,0.0,0.5178129522877106,0.0033708974072559,51.053559368696696,52.94117647058971,0.5000000000000296,0.6004463411511594,0.0,0.3141742417663526,0.0148220898676221,40.05905145600247,28.571428571429536,0.1250000000000055,0.3734006085504544,-0.0600871263331748,0.2837100276696306,0.0277000577056577,41.18910218357852,2.6200873362446337,0.1920289855072464,0.2886706148686536,-0.7581388434666159,0.7552457754865574,0.0774085169588264,56.42093803420428,68.70109546165888,0.6870109546165888,0.578592593265939,5.808800253244684,0.2688301770868543,0.473309002407417,38.66621510733998,28.861087144089716,0.2455947136563875,0.3905786058934825,2026-06-06/2026-06-12,0.231163,0.158937,383.7293915833333,-0.023064990652688078,18.014641493572686,0.024533400855286658,35.41024703608907,0.2024647887323944,3
2026-06-13 06:19:07.321127+00:00,2026-06-13T06:19:07.304324+00:00,SOL,KXSOL15M-26JUN130230-30,2026-06-13 06:30:00+00:00,66.685,66.6978,-0.0192,10.88,0.06,0.38,0.2753,0.1047,no,trade,0.3168,0.5,0.0,0.0,0.0,1.0,1.0,1.0,1,0.0,0.0,0.001788,0.2515,0.0,26.67,17.95,0.0,0.0,0.045,-0.0646,1,,-0.2835,,0.5249,,0.1332,,0.2222,0.0,-1.0,0.0,11.7,0.0,42.82,,,0.0,0.3182,-0.0002247,-0.0008205,-0.0,-0.0886,,,,0.1048,0.1781,-2.0,-1.0,-0.1179,75.83,14.0,1.0,0.2757,0.0221,22.32,1000.0,1.0,0.0,-22.32,66.76,0.1125,0.0933,Sideways,,Bear,Sideways,Bull,Sideways,,0.5318,0.2753,,,,,,,,,0.3546,0.0,4511.04,7040095.934399992,1.0479914079341577,13201965.577999994,,,,,,,,,,,,,,,,,,,,,,,,2026-06-13 06:19:07.321127+00:00,False,0.62,-0.62,264,0.0,0.3701311885120137,0.0049010194634923,45.71994699745605,43.75000000000555,0.2592592592592768,0.4478058210747859,0.0449775112443706,0.2713011148130739,0.0140428826420547,42.656866460440426,16.66666666666836,0.0853658536585448,0.3144188904505648,0.0,0.3280351146291425,0.0246119175921744,44.01087235113927,11.695906432748746,0.1004366812227088,0.3546141594287128,0.1347507111842949,0.7342669063940709,0.0793136633807123,57.79871898752204,70.5790297339592,0.705790297339592,0.5873372516456021,-0.0897531787584005,0.2893114906016301,0.4692679764342196,38.5161919420705,28.602243313201072,0.2472957851547933,0.402126961324336,2026-06-13/2026-06-19,0.679347,-0.14754699999999998,25.272018783333333,0.005597872431106765,48.4737876539247,0.054782218654692016,28.284704331675254,0.10738255033557045,1
2026-06-13 08:05:13.694068+00:00,2026-06-13T08:05:13.667966+00:00,SOL,KXSOL15M-26JUN130415-15,2026-06-13 08:15:00+00:00,67.2625,67.319,-0.0839,9.78,0.01,0.305,0.2114,0.0936,no,trade,0.5906,0.0,1.0,-1.0,0.335,1.0,0.5652,0.5652,1,0.4348,0.0,0.002037,1.6771,-1.0,65.85,82.28,-0.0594,-0.0594,-0.1187,0.2011,-1,,0.471,,999.0,,0.3297,,0.7561,0.2083,1.0,2.0,86.73,0.0,49.84,,,0.0,0.729,-0.0001237,0.0007332,0.0001208,0.204,,50.0,50.0,0.7028,0.8734,0.0,1.0,-0.517,75.74,14.0,1.0,0.3068,0.0245,24.33,1000.0,0.0,1.0,10.68,67.3,0.0558,-0.0282,Sideways,,Bear,Sideways,Bull,Sideways,,0.4483,0.2114,,,,,,,,,0.7761,0.0,3943.45,12988121.795100003,1.112901216659479,21088572.535899997,,,,,,,,,,,,,,,,,,,,,,,,2026-06-13 08:05:13.694068+00:00,True,0.6950000000000001,0.3049999999999999,266,-0.059391239792117,0.7264969559792437,0.0115087110350464,60.51369499676904,65.85365853658494,0.8055555555555545,0.6968154951984266,0.1933948229693394,1.0266465194451322,0.0124437023261412,69.10459513251563,87.34177215189776,0.8734177215189776,1.113554712965635,0.2083023359619185,0.6929636160381517,0.0249345347192912,60.75619074596558,86.73469387755009,0.3842794759825297,0.776186840894596,0.7027511961722466,0.7922777381482867,0.0816867532728768,62.96275314636821,74.73118279569876,0.7793427230046934,0.6855342412745203,-0.0897531787584005,0.2893114906016301,0.4692679764342196,38.5161919420705,28.602243313201072,0.2472957851547933,0.402126961324336,2026-06-13/2026-06-19,0.605517,-0.157217,30.3115678,-0.039993113602532215,80.90703454438776,0.10309870273217392,79.0348472983549,0.4118802160039273,1
2026-06-13 08:35:31.690739+00:00,2026-06-13T08:35:31.670224+00:00,SOL,KXSOL15M-26JUN130445-45,2026-06-13 08:45:00+00:00,67.325,67.3493,-0.0361,9.48,0.05,0.675,0.227,0.448,no,trade,0.3365,0.5,0.0,0.0,0.0,1.0,0.7143,0.0,-1,0.2857,0.0,0.001879,0.5537,0.0,30.43,78.95,0.0,0.0,-0.0743,0.0978,-1,,0.471,,999.0,,0.2526,,0.7561,0.2083,1.0,2.0,86.73,0.0,49.84,,,0.0,0.729,-0.0001237,0.0007332,0.0001208,0.204,,50.0,50.0,0.7028,0.8734,0.0,1.0,0.1827,75.39,14.0,1.0,0.6637,0.0531,52.97,1000.0,1.0,0.0,-52.97,67.47,0.2154,0.1792,Sideways,,Bear,Sideways,Bull,Sideways,,0.4472,0.227,,,,,,,,,0.7761,0.0,3943.45,12988121.795100003,1.112901216659479,21088572.535899997,,,,,,,,,,,,,,,,,,,,,,,,2026-06-13 08:35:31.690739+00:00,False,0.3249999999999999,-0.3249999999999999,266,0.0,0.5871313632188165,0.0071679572889278,52.8804599085923,51.515151515152304,0.6097560975609807,0.4343406677816061,-0.01485884101039,0.8620723114513053,0.013984511986495,64.31444423509814,79.74683544303856,0.7974683544303857,0.8492645732935364,0.2083023359619185,0.6929636160381517,0.0249345347192912,60.75619074596558,86.73469387755009,0.3842794759825297,0.776186840894596,0.7027511961722466,0.7922777381482867,0.0816867532728768,62.96275314636821,74.73118279569876,0.7793427230046934,0.6855342412745203,-0.0897531787584005,0.2893114906016301,0.4692679764342196,38.5161919420705,28.602243313201072,0.2472957851547933,0.402126961324336,2026-06-13/2026-06-19,0.521459,-0.07425900000000002,60.61151231666667,-0.046739680044793896,69.70873244156496,0.10309870273217392,79.0348472983549,0.19212346993081425,2
2026-06-15 04:16:04.398575+00:00,2026-06-15T04:16:04.386185+00:00,SOL,KXSOL15M-26JUN150030-30,2026-06-15 04:30:00+00:00,71.1325,71.16,-0.0386,13.93,0.05,0.435,0.3225,0.1125,no,trade,0.2261,0.5,0.0,0.0,0.0,1.0,0.875,0.125,-1,0.0,0.125,0.002993,0.7517,0.0,21.88,48.15,0.0,0.0,-0.1965,-0.0658,-1,,2.6968,,0.1684,,0.332,,0.7609,0.4936,1.0,1.0,90.68,1.0,82.16,,,1.0,0.8374,0.001929,0.004542,0.0027707,0.359,,50.0,50.0,-0.0701,0.5464,-2.0,-1.0,-0.0967,73.24,50.0,0.0,0.2587,0.0207,20.9,1000.0,0.0,1.0,16.09,71.08,-0.0738,-0.1124,Bull,,Bear,Bull,Bull,Bull,,0.1467,0.3225,,,,,,,,,1.0269,1.0,16126.58,12159126.133100018,1.091610016585271,62803758.30210008,,,,,,,,,,,,,,,,,,,,,,,,2026-06-15 04:16:04.398575+00:00,True,0.565,0.435,271,0.0,0.3928412448380498,0.0063595482449033,40.94083607246845,39.02439024390405,0.4565217391304442,0.1149240069390021,-0.1964636542239661,0.4775157914222511,0.0118786815448247,52.59886438843577,48.14814814814808,0.5468750000000018,0.4664991954234953,0.4935834155972429,0.8782836257026503,0.0916190692477646,81.11727180676662,90.67796610169496,0.9067796610169496,1.0267685171212702,0.0561639988767348,1.1195840920401825,0.0794308967973872,78.51296599115923,91.5384615384616,0.92280701754386,1.126022560582364,3.487358326068013,0.4563016476532844,0.4342150578545077,54.72781251499087,48.27586206896554,0.4263685427910564,0.7169245951687602,2026-06-13/2026-06-19,0.782263,-0.6355630000000001,,-0.20307108793025108,63.798295746209064,0.6926849287399062,96.60827643375994,0.1289675910457735,1
2026-06-15 04:31:14.715534+00:00,2026-06-15T04:31:14.711099+00:00,SOL,KXSOL15M-26JUN150045-45,2026-06-15 04:45:00+00:00,71.01,71.0628,-0.0743,13.76,0.01,0.385,0.2743,0.1107,no,trade,0.4453,1.0,1.0,1.0,0.378,1.0,1.0,1.0,1,0.0,0.0,0.002874,0.3427,-1.0,3.33,33.33,-0.1545,-0.1545,-0.0562,-0.1224,-1,,2.6968,,0.2112,,0.3262,,0.7609,0.4936,1.0,1.0,90.68,1.0,82.16,,,1.0,0.8374,0.001929,0.004542,0.0027707,0.359,,50.0,50.0,-0.0701,0.5464,-2.0,-1.0,-0.0591,73.09,50.0,0.0,0.2875,0.023,22.75,1000.0,0.0,1.0,14.24,71.07,0.0845,0.0101,Bull,,Bear,Bull,Bull,Bull,,0.0021,0.2743,,,,,,,,,1.0269,1.0,16126.58,12159126.133100018,1.091610016585271,62803758.30210008,,,,,,,,,,,,,,,,,,,,,,,,2026-06-15 04:31:14.715534+00:00,True,0.615,0.385,271,0.0984251968503935,0.5754653354875495,0.0059590734456371,52.0903646724774,33.33333333333333,0.608695652173905,0.6107833984533917,0.0984251968503935,0.5438390837971683,0.0113805830570921,55.50516788855686,56.79012345678919,0.5363636363636353,0.5643404136919361,0.4935834155972429,0.8782836257026503,0.0916190692477646,81.11727180676662,90.67796610169496,0.9067796610169496,1.0267685171212702,0.0561639988767348,1.1195840920401825,0.0794308967973872,78.51296599115923,91.5384615384616,0.92280701754386,1.126022560582364,3.487358326068013,0.4563016476532844,0.4342150578545077,54.72781251499087,48.27586206896554,0.4263685427910564,0.7169245951687602,2026-06-13/2026-06-19,0.782263,-0.780163,1440.0,-0.07167488733328398,55.732178912425326,0.6926849287399062,96.60827643375994,0.2585247042449548,2
2026-06-15 05:01:37.096632+00:00,2026-06-15T05:01:37.092862+00:00,SOL,KXSOL15M-26JUN150115-15,2026-06-15 05:15:00+00:00,70.8625,70.9093,-0.066,13.38,0.01,0.315,0.2124,0.1026,no,trade,0.5322,0.5,0.0,0.0,0.0,1.0,1.0,0.0,-1,0.0,0.0,0.002666,0.4226,0.0,0.0,12.7,0.0,0.0,-0.1126,-0.1555,-1,,2.1879,,0.2955,,0.2458,,0.0,-0.3789,-1.0,-1.0,83.94,-1.0,84.76,,,0.0,0.7648,0.001462,0.0042503,0.002892,0.2547,,,,-0.0701,0.5464,-2.0,-1.0,0.0429,72.89,50.0,0.0,0.3256,0.026,26.03,1000.0,1.0,0.0,-26.03,71.0,0.194,0.1279,Bull,,Bear,Bull,Bull,Bull,,0.2162,0.2124,,,,,,,,,0.8513,0.0,16447.64,12159126.133100018,1.091610016585271,62803758.30210008,,,,,,,,,,,,,,,,,,,,,,,,2026-06-15 05:01:37.096632+00:00,False,0.685,-0.685,271,0.0,0.0810623603112053,0.0053845287333481,28.55664011395901,0.0,0.0,-0.2212086079941716,-0.1125650766849561,0.2804331354548211,0.01065694831698,45.71490433184702,20.2898550724635,0.268041237113393,0.2736982610974093,-0.3788941902890919,0.8024356689962205,0.0950898989868117,72.72974263490423,83.93665158371023,0.849576271186439,0.8512696825108607,0.0561639988767348,1.1195840920401825,0.0794308967973872,78.51296599115923,91.5384615384616,0.92280701754386,1.126022560582364,3.487358326068013,0.4563016476532844,0.4342150578545077,54.72781251499087,48.27586206896554,0.4263685427910564,0.7169245951687602,2026-06-13/2026-06-19,0.782263,-0.566063,1440.0,-0.013688732832917161,44.760953732416226,-0.3604841841110984,86.24331929931732,0.24756189047261817,3
2026-06-15 05:31:58.677864+00:00,2026-06-15T05:31:58.671231+00:00,SOL,KXSOL15M-26JUN150145-45,2026-06-15 05:45:00+00:00,71.135,71.1507,-0.0221,13.03,0.05,0.405,0.3462,0.0588,no,trade,0.1679,0.5,0.0,0.0,0.0,1.0,1.0,1.0,1,0.0,0.0,0.002208,0.6364,3.0,84.38,41.54,0.0,0.0844,0.2254,0.1312,1,,2.1879,,0.0521,,0.264,,0.0,-0.3789,-1.0,-1.0,83.94,-1.0,84.76,,,0.0,0.7648,0.001462,0.0042503,0.002892,0.2547,,,,-0.0701,0.5464,0.0,1.0,0.0348,72.9,50.0,0.0,0.1451,0.0116,11.9,1000.0,0.0,1.0,8.1,70.97,-0.232,-0.254,Bull,,Bear,Bull,Bull,Bull,,0.4972,0.3462,,,,,,,,,0.8513,0.0,16447.64,12159126.133100018,1.091610016585271,62803758.30210008,,,,,,,,,,,,,,,,,,,,,,,,2026-06-15 05:31:58.677864+00:00,True,0.595,0.405,271,0.0,0.5340066239666632,0.0059982347782894,58.21743568887696,69.99999999999858,0.4374999999999833,0.9309612648997816,0.1267427122940256,0.4845719794814112,0.0077479569757764,52.20691525679998,32.30769230769106,0.4157303370786405,0.5144270771348913,-0.3788941902890919,0.8024356689962205,0.0950898989868117,72.72974263490423,83.93665158371023,0.849576271186439,0.8512696825108607,0.0561639988767348,1.1195840920401825,0.0794308967973872,78.51296599115923,91.5384615384616,0.92280701754386,1.126022560582364,3.487358326068013,0.4563016476532844,0.4342150578545077,54.72781251499087,48.27586206896554,0.4263685427910564,0.7169245951687602,2026-06-13/2026-06-19,0.002062,0.49513799999999997,1440.0,0.2485911215803327,74.46547333320962,-0.3604841841110984,86.24331929931732,0.10009057971014494,4
2026-06-15 06:02:20.113573+00:00,2026-06-15T06:02:20.109249+00:00,SOL,KXSOL15M-26JUN150215-15,2026-06-15 06:15:00+00:00,71.14,71.1937,-0.0754,12.67,0.04,0.36,0.234,0.126,no,trade,0.3825,1.0,1.0,1.0,0.022,1.0,0.9643,0.9643,1,0.0357,0.0,0.002196,1.79,0.0,97.22,72.92,0.0,0.014,0.3804,0.2443,1,,2.3236,,999.0,,0.4018,,0.9722,0.3522,1.0,1.0,89.57,1.0,84.81,,,0.0,0.7663,4.68e-05,0.0047288,0.0031947,0.2883,,,,-0.0701,0.5464,0.0,0.9734,-0.1026,72.78,50.0,0.0,0.3501,0.028,28.16,1000.0,0.0,1.0,15.84,71.2,0.0843,0.0088,Bull,,Bear,Bull,Bull,Bull,,0.4773,0.234,,,,,,,,,0.9173,0.0,11456.81,12159126.133100018,1.091610016585271,62803758.30210008,,,,,,,,,,,,,,,,,,,,,,,,2026-06-15 06:02:20.113573+00:00,True,0.64,0.36,271,0.3663519797097336,1.0016627680466457,0.005134444635769,67.90225567540921,100.0,1.0,1.2409204536037797,0.3663519797097336,0.7068777366591964,0.007952855750051,58.538660567880605,70.83333333333346,0.6172839506172823,0.7383362414879714,0.3380757853218785,0.8055613414531676,0.0988303079445092,75.35290741051683,89.34240362811792,0.9004237288135596,0.9173209923219424,0.0561639988767348,1.1195840920401825,0.0794308967973872,78.51296599115923,91.5384615384616,0.92280701754386,1.126022560582364,3.487358326068013,0.4563016476532844,0.4342150578545077,54.72781251499087,48.27586206896554,0.4263685427910564,0.7169245951687602,2026-06-13/2026-06-19,0.216189,0.261111,1440.0,0.2632390842536969,80.37961928143308,0.3170921211851585,95.32776335594725,0.34335154826958103,5
2026-06-15 06:22:32.485116+00:00,2026-06-15T06:22:32.480932+00:00,SOL,KXSOL15M-26JUN150230-30,2026-06-15 06:30:00+00:00,71.1575,71.17,-0.0176,7.46,0.02,0.59,0.3116,0.2784,no,trade,0.1454,0.5,0.0,0.0,0.0,1.0,0.8,0.2,-1,0.0,0.2,0.002187,0.3211,0.0,82.14,64.58,0.0,0.0,-0.0561,0.1636,-1,,2.3236,,999.0,,0.3207,,0.9722,0.3522,1.0,1.0,89.57,1.0,84.81,,,0.0,0.7663,4.68e-05,0.0047288,0.0031947,0.2883,,,,-0.0701,0.5464,0.0,1.0,-0.1309,72.83,50.0,0.0,0.4719,0.0378,37.72,1000.0,1.0,0.0,-37.72,71.31,0.2143,0.1967,Bull,,Bear,Bull,Bull,Bull,,0.4734,0.3116,,,,,,,,,0.9173,0.0,11456.81,12159126.133100018,1.091610016585271,62803758.30210008,,,,,,,,,,,,,,,,,,,,,,,,2026-06-15 06:22:32.485116+00:00,False,0.41,-0.41,271,0.0,0.7917295330171468,0.0063667740972651,61.85034565873092,88.57142857143066,0.8857142857143065,0.8618624235670341,-0.0421170854976837,0.6355683181440999,0.0072072690517337,56.64680796339658,64.58333333333327,0.5072463768115978,0.6662080785947054,0.3380757853218785,0.8055613414531676,0.0988303079445092,75.35290741051683,89.34240362811792,0.9004237288135596,0.9173209923219424,0.0561639988767348,1.1195840920401825,0.0794308967973872,78.51296599115923,91.5384615384616,0.92280701754386,1.126022560582364,3.487358326068013,0.4563016476532844,0.4342150578545077,54.72781251499087,48.27586206896554,0.4263685427910564,0.7169245951687602,2026-06-13/2026-06-19,0.408603,0.064797,1440.0,0.01999281048215007,82.79254685696536,0.3170921211851585,95.32776335594725,0.08047553726566073,6
2026-06-15 07:03:00.684854+00:00,2026-06-15T07:03:00.681407+00:00,SOL,KXSOL15M-26JUN150315-15,2026-06-15 07:15:00+00:00,71.135,71.3258,-0.2675,11.99,0.02,0.21,0.1538,0.0562,no,trade,1.7578,0.5,0.0,0.0,0.0,1.0,0.0,0.5,0,0.0,0.0,0.001627,0.0,-1.0,0.0,45.83,-0.2103,-0.3224,-0.3224,-0.1183,-1,,2.3448,,0.1247,,0.319,,1.0,0.1404,1.0,2.0,91.84,0.0,85.4,,,0.0,0.749,0.0005148,0.004722,0.00369,0.2926,,,,-0.0701,0.5464,0.0,1.0,0.0847,73.03,50.0,0.0,0.2676,0.0214,21.33,1000.0,0.0,1.0,5.67,71.31,0.246,-0.0222,Bull,,Bear,Bull,Bull,Bull,,0.5225,0.1538,,,,,,,,,0.9357,0.0,10243.77,12159126.133100018,1.091610016585271,62803758.30210008,,,,,,,,,,,,,,,,,,,,,,,,2026-06-15 07:03:00.684854+00:00,True,0.79,0.2099999999999999,271,0.0,0.7651739439383355,0.0074151031041297,75.3718301696502,100.0,1.0,1.0858537104877994,0.0,0.8183708758180329,0.0073036548425889,63.23512984581935,93.74999999999982,0.6923076923076906,0.8307748068683326,0.1544293134914998,0.7898364752468651,0.1016674656208359,76.52399733965137,91.83673469387756,0.923728813559322,0.9357880099801594,0.0561639988767348,1.1195840920401825,0.0794308967973872,78.51296599115923,91.5384615384616,0.92280701754386,1.126022560582364,3.487358326068013,0.4563016476532844,0.4342150578545077,54.72781251499087,48.27586206896554,0.4263685427910564,0.7169245951687602,2026-06-13/2026-06-19,0.477266,0.04523399999999994,5.094747566666666,0.0762826241587522,60.54627342728595,-0.04355305487713235,94.0760454614865,1.6441303011677935,7
2026-06-15 20:17:09.918677+00:00,2026-06-15T20:17:09.903513+00:00,SOL,KXSOL15M-26JUN151630-30,2026-06-15 20:30:00+00:00,75.065,75.2027,-0.1831,12.84,0.01,0.375,0.2907,0.0843,no,trade,0.4135,0.6667,0.3333,-1.0,0.161,1.0,0.3714,0.4286,1,0.5714,0.0571,0.005746,0.8099,-1.0,51.3,51.3,-0.0797,0.0133,-0.1593,0.1911,-1,,2.5274,,999.0,,0.8967,,0.4348,-0.239,-1.0,-1.0,82.03,0.0,86.19,,,-1.0,0.8063,0.0034749,0.0043609,0.003297,0.4463,,50.0,50.0,-0.0532,0.3472,0.0,1.0,0.1373,71.37,50.0,0.0,0.2248,0.018,18.12,1000.0,0.0,1.0,10.87,75.13,0.0866,-0.0967,Bull,,Bear,Bull,Bull,Bull,,0.4389,0.2907,,,,,,,,,0.8624,0.0,8439.04,-17581190.24509999,0.9230294923800204,28879841.946800023,,,,,,,,,,,,,,,,,,,,,,,,2026-06-15 20:17:09.918677+00:00,True,0.625,0.375,278,-0.1991238550378193,0.3865004409639582,0.0128724500059501,46.29281473846972,50.90909090909138,0.5090909090909138,0.4144683450805137,0.0798722044728528,0.4262276874249031,0.0226802359030187,49.59573445005304,43.41085271317874,0.5981735159817368,0.4418089632957561,-0.2522905324658042,0.846577810112183,0.0983445137441945,80.10400489429615,82.02676864244748,0.8236397748592874,0.8623900898872189,-0.0665158972994461,1.0565238109270434,0.1515806110006406,88.77857979938972,89.64757709251103,0.901981230448384,1.2834818326181123,3.487358326068013,0.4563016476532844,0.4342150578545077,54.72781251499087,48.27586206896554,0.4263685427910564,0.7169245951687602,2026-06-13/2026-06-19,0.416838,0.022062000000000026,81.03197795,0.06270568962052359,20.98033838486281,-0.48677143240989373,56.56864988558327,0.31865645666550646,1
2026-06-15 20:47:31.746326+00:00,2026-06-15T20:47:31.733707+00:00,SOL,KXSOL15M-26JUN151700-00,2026-06-15 21:00:00+00:00,74.8425,74.9838,-0.1884,12.47,0.05,0.355,0.2753,0.0797,no,trade,0.5352,0.0,0.1667,-1.0,0.094,1.0,0.5333,0.2,-1,0.2667,0.2,0.00518,0.3867,-1.0,0.0,22.61,-0.0133,-0.3328,-0.2531,-0.2263,-1,,2.6036,,999.0,,0.7235,,0.4348,-0.239,-1.0,-1.0,82.03,,86.19,,,-1.0,0.791,0.0034749,0.0043609,0.0037699,0.4611,,,,-0.0532,0.3472,-2.0,-1.0,0.0321,71.28,50.0,0.0,0.2246,0.018,18.06,1000.0,0.0,1.0,9.94,74.94,0.1303,-0.0584,Bull,,Bear,Bull,Bull,Bull,,0.3912,0.2753,,,,,,,,,0.7396,0.0,8422.13,-17581190.24509999,0.9230294923800204,28879841.946800023,,,,,,,,,,,,,,,,,,,,,,,,2026-06-15 20:47:31.746326+00:00,True,0.645,0.355,278,-0.0266418009857383,0.3608704572776319,0.011474065852229,40.41756110069662,12.96296296296189,0.3909090909090862,0.3522982231007709,0.0133262260127775,0.2229971945121494,0.0154704359920512,46.1746854099608,39.090909090908625,0.2986111111111064,0.3836967322806418,-0.2522905324658042,0.846577810112183,0.0983445137441945,80.10400489429615,82.02676864244748,0.8236397748592874,0.8623900898872189,-0.0665158972994461,1.0565238109270434,0.1515806110006406,88.77857979938972,89.64757709251103,0.901981230448384,1.2834818326181123,3.487358326068013,0.4563016476532844,0.4342150578545077,54.72781251499087,48.27586206896554,0.4263685427910564,0.7169245951687602,2026-06-13/2026-06-19,0.471511,-0.08031100000000002,111.3957721,0.041317661048045906,44.664278202592065,-0.48677143240989373,56.56864988558327,0.36370656370656373,2
2026-06-15 21:33:08.442389+00:00,2026-06-15T21:33:08.426562+00:00,SOL,KXSOL15M-26JUN151745-45,2026-06-15 21:45:00+00:00,74.44,74.4812,-0.0553,11.86,0.01,0.465,0.3462,0.1188,no,trade,0.1959,0.0,1.0,-1.0,2.033,1.0,0.8163,0.0,-1,0.1837,0.0,0.005202,1.2657,-4.0,0.0,0.0,-0.0269,-0.2279,-0.7204,-0.8453,-1,,2.1531,,999.0,,0.5945,,0.2308,-0.2263,-1.0,-2.0,78.97,0.0,83.39,,,0.0,0.7521,0.0026219,0.0041715,0.003401,0.3388,,,,-0.0532,0.3472,-2.0,-1.0,-0.233,71.09,50.0,0.0,0.2554,0.0204,20.33,1000.0,1.0,0.0,-20.33,74.58,0.1881,0.1327,Bull,,Bear,Bull,Bull,Bull,,0.3123,0.3462,,,,,,,,,0.7396,0.0,8422.13,-17581190.24509999,0.9230294923800204,28879841.946800023,,,,,,,,,,,,,,,,,,,,,,,,2026-06-15 21:33:08.442389+00:00,False,0.5349999999999999,-0.5349999999999999,279,-0.3742815131666854,-0.0970958612193444,0.010450861929765,27.02417840786164,0.0,0.0,-0.154461236050093,-0.5471043501467765,-0.073635113278873,0.0165994677617033,31.84106849032095,0.0,0.0,0.0826845829698612,-0.2662406815761464,0.7869754432638086,0.0998011181179185,74.13463303743141,78.20267686424475,0.7861163227016884,0.7396411459490598,-0.0665158972994461,1.0565238109270434,0.1515806110006406,88.77857979938972,89.64757709251103,0.901981230448384,1.2834818326181123,3.487358326068013,0.4563016476532844,0.4342150578545077,54.72781251499087,48.27586206896554,0.4263685427910564,0.7169245951687602,2026-06-13/2026-06-19,0.414881,-0.10258099999999998,157.00737315,-0.10812215232097744,9.888073530501934,0.005036299693816915,56.76029748283761,0.10630526720492119,1
2026-06-15 21:48:18.830137+00:00,2026-06-15T21:48:18.825402+00:00,SOL,KXSOL15M-26JUN151800-00,2026-06-15 22:00:00+00:00,74.4625,74.552,-0.1201,11.69,0.03,0.285,0.227,0.058,no,trade,0.4528,0.5385,0.3846,1.0,0.138,1.0,0.2857,0.7143,1,0.2857,0.4286,0.00514,0.5485,-1.0,8.0,4.44,-0.0537,-0.1609,0.0134,-0.2251,-1,,2.0829,,999.0,,0.5625,,0.2308,-0.2263,-1.0,-2.0,78.97,,83.39,,,0.0,0.7376,0.0026219,0.0041715,0.0033933,0.3303,,,,-0.0532,0.3472,-2.0,-1.0,-0.0146,71.07,50.0,0.0,0.2034,0.0163,16.45,1000.0,0.0,1.0,6.56,74.46,-0.0034,-0.1234,Bull,,Bear,Bull,Bull,Bull,,0.2495,0.227,,,,,,,,,0.5313,0.0,31109.73,-17581190.24509999,0.9230294923800204,28879841.946800023,,,,,,,,,,,,,,,,,,,,,,,,2026-06-15 21:48:18.830137+00:00,True,0.7150000000000001,0.2849999999999999,279,0.040246847330283,0.156000309756256,0.0126532160855431,35.15884634228897,17.808219178081472,0.1274509803921529,0.2092886448743624,0.0536696632228439,0.002211873883291,0.0162865742629385,33.784135447485184,10.156249999999636,0.0884353741496568,0.1656604221228812,-0.2662406815761464,0.7869754432638086,0.0998011181179185,74.13463303743141,78.20267686424475,0.7861163227016884,0.7396411459490598,-0.0665158972994461,1.0565238109270434,0.1515806110006406,88.77857979938972,89.64757709251103,0.901981230448384,1.2834818326181123,3.487358326068013,0.4563016476532844,0.4342150578545077,54.72781251499087,48.27586206896554,0.4263685427910564,0.7169245951687602,2026-06-13/2026-06-19,0.406322,-0.15682200000000002,172.18050228333334,-0.0004967171511993662,14.832683413439371,0.005036299693816915,56.76029748283761,0.23365758754863813,2
2026-06-15 23:04:14.785199+00:00,2026-06-15T23:04:14.769134+00:00,SOL,KXSOL15M-26JUN151915-15,2026-06-15 23:15:00+00:00,73.67,73.7508,-0.1096,10.76,0.04,0.36,0.2753,0.0847,no,trade,0.4248,0.75,0.25,1.0,0.519,1.0,0.2632,0.5789,-1,0.1579,0.5789,0.004711,0.5473,-2.0,6.19,3.17,-0.1355,-0.1626,-0.0136,-0.8716,-1,,0.326,,0.4392,,0.5703,,0.1856,-0.8863,-1.0,-4.0,56.98,0.0,69.28,,,0.0,0.5467,-0.0040598,0.0021732,0.0021273,-0.1078,,,,-0.0532,0.3472,-2.0,-1.0,-0.1582,70.86,50.0,0.0,0.2354,0.0188,18.56,1000.0,1.0,0.0,-18.56,73.86,0.2579,0.1481,Sideways,,Bear,Bull,Bull,Bull,,-0.1205,0.2753,,,,,,,,,0.32,0.0,28742.03,-17581190.24509999,0.9230294923800204,28879841.946800023,,,,,,,,,,,,,,,,,,,,,,,,2026-06-15 23:04:14.785199+00:00,False,0.64,-0.64,280,0.0813559322033974,0.1524573987660266,0.0174553627654038,29.272036336647687,18.947368421053294,0.1463414634146392,0.1330207421531647,-0.1082690485857296,0.0331057237738558,0.0303799134766628,20.323729684690974,9.52380952380988,0.0861244019138787,-0.010348163576391,-0.8196721311475419,0.5951743916828706,0.0948727196472078,48.87872930278098,56.978967495219926,0.5697896749521992,0.3199930355533978,-0.0665158972994461,1.0565238109270434,0.1515806110006406,88.77857979938972,89.64757709251103,0.901981230448384,1.2834818326181123,3.487358326068013,0.4563016476532844,0.4342150578545077,54.72781251499087,48.27586206896554,0.4263685427910564,0.7169245951687602,2026-06-13/2026-06-19,0.176143,-0.296643,248.11308664999999,-0.09802136253164173,16.316699209372032,-0.25899087250732533,39.37242562929064,0.23264699639142436,1
2026-06-15 23:34:34.467837+00:00,2026-06-15T23:34:34.463479+00:00,SOL,KXSOL15M-26JUN151945-45,2026-06-15 23:45:00+00:00,73.7575,73.8417,-0.114,10.43,0.02,0.3,0.234,0.066,no,trade,0.4729,0.8214,0.6429,1.0,7.889,1.0,0.0714,0.8214,-1,0.1071,0.8214,0.004171,0.9095,-1.0,39.13,10.91,0.0814,-0.0947,0.0542,-0.2027,1,,0.326,,0.2779,,0.5416,,0.1856,-0.8863,-1.0,-4.0,56.98,0.0,69.28,,,0.0,0.5467,-0.0040598,0.0021732,0.0021273,-0.1078,,,,-0.0532,0.3472,-2.0,-1.0,0.1108,70.78,50.0,0.0,0.2201,0.0176,17.5,1000.0,1.0,0.0,-17.5,73.94,0.2474,0.1331,Sideways,,Bear,Bull,Bull,Bull,,-0.0967,0.234,,,,,,,,,0.32,0.0,28742.03,-17581190.24509999,0.9230294923800204,28879841.946800023,,,,,,,,,,,,,,,,,,,,,,,,2026-06-15 23:34:34.467837+00:00,False,0.7,-0.7,280,0.2034174125305154,0.3783698613535093,0.015825274331113,46.875122717058424,38.8059701492544,0.2736842105263203,0.5512814765084999,0.0677139761646739,0.1619637733153231,0.0327824836315939,26.03579292424467,14.207650273224337,0.1244019138756003,0.193816156730135,-0.8196721311475419,0.5951743916828706,0.0948727196472078,48.87872930278098,56.978967495219926,0.5697896749521992,0.3199930355533978,-0.0665158972994461,1.0565238109270434,0.1515806110006406,88.77857979938972,89.64757709251103,0.901981230448384,1.2834818326181123,3.487358326068013,0.4563016476532844,0.4342150578545077,54.72781251499087,48.27586206896554,0.4263685427910564,0.7169245951687602,2026-06-13/2026-06-19,-0.119085,0.022385000000000002,278.44113061666667,-0.0075926854815278055,23.97258995089367,-0.25899087250732533,39.37242562929064,0.27331575161831695,2
2026-06-16 00:20:08.621271+00:00,2026-06-16T00:20:08.613172+00:00,SOL,KXSOL15M-26JUN152030-30,2026-06-16 00:30:00+00:00,74.035,74.0682,-0.0448,9.86,0.04,0.42,0.3225,0.0975,no,trade,0.1864,0.0,0.8333,-1.0,0.388,1.0,0.4333,0.9333,1,0.0667,0.5,0.00406,0.9976,-1.0,77.36,31.39,0.0,-0.1079,0.2165,0.2998,1,,0.5408,,999.0,,0.5552,,0.8537,0.2574,1.0,1.0,57.7,0.0,71.98,,,0.0,0.555,-0.0028804,0.001477,0.0023318,-0.0355,,50.0,50.0,-1.5041,0.2022,0.0,1.0,0.0122,71.11,50.0,0.0,0.2322,0.0186,18.56,1000.0,0.0,1.0,13.44,73.89,-0.1959,-0.2406,Bull,,Bear,Bull,Bull,Bull,,-0.0699,0.3225,,,,,,,,,0.4107,0.0,12182.77,10955711.748899996,1.0412790969623331,-32056473.81460002,,,,,,,,,,,,,,,,,,,,,,,,2026-06-16 00:20:08.621271+00:00,True,0.5800000000000001,0.4199999999999999,281,-0.0944287063267101,0.8549610903362846,0.0068255792914599,57.05138648591668,77.35849056603693,0.7735849056603693,0.6717773752235727,0.1756756756756683,0.3348869525983297,0.0295532088248121,44.220231433028104,36.496350364963384,0.2392344497607651,0.5207177258971893,0.2574176940793871,0.605836032645052,0.0919891158384498,52.2907666631481,58.21501014198785,0.6061185468451241,0.4106524450461165,-1.4909478168264156,0.8943818945917632,0.1598133037505122,73.78433105231508,77.31277533039645,0.7845188284518827,0.9176458863910516,3.903397921932039,0.5632601876255747,0.4133076695574653,62.36350767778104,65.810746552544,0.5616883116883118,0.8544856800272467,2026-06-13/2026-06-19,-0.135803,0.065903,324.01035451666667,0.11172106220949107,57.513297872340715,0.1652156184636766,43.16376815061094,0.11034482758620688,1
2026-06-16 00:50:30.120418+00:00,2026-06-16T00:50:30.110267+00:00,SOL,KXSOL15M-26JUN152100-00,2026-06-16 01:00:00+00:00,74.1925,74.2805,-0.1185,9.5,0.05,0.335,0.227,0.108,no,trade,0.4581,0.0,0.5,-1.0,0.219,1.0,0.82,0.82,1,0.18,0.0,0.004339,1.5521,-1.0,74.07,62.0,-0.0942,-0.0404,0.3243,0.4444,1,,0.5381,,999.0,,0.6086,,0.8537,0.2574,1.0,1.0,57.7,,71.98,,,0.0,0.5328,-0.0028804,0.001477,0.0024779,-0.0356,,,,-1.5041,0.2022,-2.0,-1.0,0.0462,71.28,50.0,0.0,0.3223,0.0258,25.94,1000.0,0.0,1.0,13.07,74.01,-0.246,-0.3642,Bull,,Bear,Bull,Bull,Bull,,-0.0105,0.227,,,,,,,,,0.4502,0.0,19926.9,10955711.748899996,1.0412790969623331,-32056473.81460002,,,,,,,,,,,,,,,,,,,,,,,,2026-06-16 00:50:30.120418+00:00,True,0.665,0.3349999999999999,281,-0.0672947510094168,0.9654109879369164,0.0085269776227636,65.74857523481256,76.66666666666634,0.8108108108108087,0.890533820981594,0.5548788740018962,0.4587545884941301,0.0270538302808675,54.70338042427108,48.90510948905106,0.3544973544973553,0.6953616040543912,0.2574176940793871,0.605836032645052,0.0919891158384498,52.2907666631481,58.21501014198785,0.6061185468451241,0.4106524450461165,-1.4909478168264156,0.8943818945917632,0.1598133037505122,73.78433105231508,77.31277533039645,0.7845188284518827,0.9176458863910516,3.903397921932039,0.5632601876255747,0.4133076695574653,62.36350767778104,65.810746552544,0.5616883116883118,0.8544856800272467,2026-06-13/2026-06-19,-0.112157,0.10165700000000001,354.3686736333333,0.17531235808847523,70.69144638116154,0.1652156184636766,43.16376815061094,0.27310440193592994,2
2026-06-16 01:46:15.273551+00:00,2026-06-16T01:46:15.263006+00:00,SOL,KXSOL15M-26JUN152200-00,2026-06-16 02:00:00+00:00,74.0975,74.112,-0.0196,13.75,0.02,0.49,0.3225,0.1675,no,trade,0.081,0.25,0.5,-1.0,1.695,1.0,0.2941,0.5294,-1,0.1765,0.5294,0.004152,0.5522,-2.0,34.21,67.11,-0.027,-0.0404,-0.0674,0.0168,-1,,0.5456,,999.0,,0.4723,,0.2963,0.0135,1.0,2.0,52.98,,68.23,,,0.0,0.5063,-0.00288,0.0013394,0.0026461,-0.0238,,,,-1.5041,0.2022,,,,,50.0,0.0,0.3419,0.0274,27.54,1000.0,0.0,1.0,26.46,73.79,-0.415,-0.4345,Sideways,,Bear,Bull,Bull,Bull,,-0.0768,0.3225,,,,,,,,,0.385,0.0,7547.43,10955711.748899996,1.0412790969623331,-32056473.81460002,,,,,,,,,,,,,,,,,,,,,,,,2026-06-16 01:46:15.273551+00:00,True,0.51,0.49,282,0.0944796868673103,0.5797647623019531,0.0061734206633175,52.425052079508696,42.49999999999982,0.539999999999992,0.5351909806720737,-0.0269614451334776,0.4782873763948239,0.018623597624093,49.47317751440275,65.43209876543206,0.3868613138686126,0.5387114548788666,0.0945945945945769,0.5981619027194366,0.0873206865251762,53.59804084841439,54.3577981651374,0.6195028680688323,0.4501550503179891,-1.4909478168264156,0.8943818945917632,0.1598133037505122,73.78433105231508,77.31277533039645,0.7845188284518827,0.9176458863910516,3.903397921932039,0.5632601876255747,0.4133076695574653,62.36350767778104,65.810746552544,0.5616883116883118,0.8544856800272467,2026-06-13/2026-06-19,-0.01049,-0.06631,410.12122585,0.08214281515634969,84.28312053414581,-0.0885777652470554,27.808102558965782,0.04720616570327553,1
2026-06-16 03:32:33.233171+00:00,2026-06-16T03:32:33.222380+00:00,SOL,KXSOL15M-26JUN152345-45,2026-06-16 03:45:00+00:00,73.4175,73.4302,-0.0173,12.45,0.03,0.445,0.3225,0.1225,no,trade,0.0548,0.92,0.92,1.0,0.506,1.0,0.6066,0.9672,1,0.0328,0.3607,0.004687,1.7718,-1.0,87.5,40.13,-0.068,-0.0544,0.5751,0.3131,1,,-0.9972,,0.3448,,0.6485,,0.1584,-1.1379,-1.0,-2.0,6.1,0.0,51.28,,,0.0,0.243,-0.0044615,-0.0009198,0.0009231,-0.3374,,,,-1.5041,0.2022,0.0,1.0,-0.0211,71.49,50.0,0.0,0.2753,0.022,22.2,1000.0,1.0,0.0,-22.2,73.63,0.2894,0.2721,Sideways,,Bear,Bull,Bull,Bull,,0.0168,0.3225,,,,,,,,,0.0792,0.0,-1258.64,10955711.748899996,1.0412790969623331,-32056473.81460002,,,,,,,,,,,,,,,,,,,,,,,,2026-06-16 03:32:33.233171+00:00,False,0.5549999999999999,-0.5549999999999999,283,0.3965540817721935,0.6072655349557887,0.0192768083372312,65.65481756302158,89.5522388059712,0.4255319148936198,1.0071557456619358,0.5477951246233959,0.3225884256940442,0.024460475503327,45.186063930250874,38.216560509554505,0.382165605095545,0.496875509410494,-1.218026796589533,0.3838063004652903,0.0778186190110997,34.482564447696745,6.402439024390051,0.4130019120458881,0.0792346682072731,-1.4909478168264156,0.8943818945917632,0.1598133037505122,73.78433105231508,77.31277533039645,0.7845188284518827,0.9176458863910516,3.903397921932039,0.5632601876255747,0.4133076695574653,62.36350767778104,65.810746552544,0.5616883116883118,0.8544856800272467,2026-06-13/2026-06-19,-0.303311,0.320111,516.42055285,0.24733021173708458,40.4539235008341,-0.9769096280219491,0.7442153313390482,0.036910603797738424,1
2026-06-16 04:48:30.654423+00:00,2026-06-16T04:48:30.641405+00:00,SOL,KXSOL15M-26JUN160100-00,2026-06-16 05:00:00+00:00,73.205,73.2118,-0.0093,11.49,0.03,0.415,0.3225,0.0925,no,trade,0.0424,0.0,0.6364,-1.0,0.663,1.0,0.9286,0.0714,-1,0.0,0.0714,0.004144,0.9224,1.0,6.15,30.99,0.0273,-0.0409,-0.1227,-0.1191,-1,,-0.2123,,0.5935,,0.4683,,0.9348,0.9862,1.0,1.0,28.09,,51.36,,,0.0,0.3408,-0.0015525,-0.0016008,0.0008188,-0.0755,,,,-0.3649,0.5796,-2.0,-0.9733,0.2463,71.46,50.0,0.0,0.2229,0.0178,17.55,1000.0,1.0,0.0,-17.55,73.39,0.2527,0.2434,Bull,,Bear,Bull,Bull,Bull,,0.1258,0.3225,,,,,,,,,0.3081,0.0,-15337.85,46849222.55090001,1.258891851145467,40223744.05470002,,,,,,,,,,,,,,,,,,,,,,,,2026-06-16 04:48:30.654423+00:00,False,0.585,-0.585,284,0.0136462882096122,0.3277784467945139,0.0150928344230842,30.384056981261523,10.769230769231813,0.4081632653061265,0.0043012197336941,-0.2992790096585485,0.2922148070938938,0.0247593842272731,39.39085864113844,32.638888888889525,0.2993630573248477,0.2566350965733884,1.0001370050692016,0.4891129680754588,0.0715870413220034,48.9810457329374,27.77777777777787,0.5525812619502865,0.4281315643023713,-0.3783783783783745,0.8309007752164778,0.1623975226605409,70.37080048753513,74.2290748898678,0.7552301255230123,0.789524327066295,3.903397921932039,0.5632601876255747,0.4133076695574653,62.36350767778104,65.810746552544,0.5616883116883118,0.8544856800272467,2026-06-13/2026-06-19,0.024572,0.101228,592.3775737166667,-0.15776271826482002,30.609148641935075,0.7052985212749441,31.159353063054773,0.022442084942084942,1
2026-06-16 05:18:53.268400+00:00,2026-06-16T05:18:53.257123+00:00,SOL,KXSOL15M-26JUN160130-30,2026-06-16 05:30:00+00:00,73.59,73.627,-0.0503,11.12,0.01,0.415,0.2753,0.1397,no,trade,0.2626,0.7,0.6,1.0,0.943,1.0,0.75,0.8125,1,0.1875,0.0625,0.004259,1.0205,-1.0,66.67,76.19,-0.0408,-0.0679,0.1224,0.0969,1,,-0.6455,,0.0856,,0.4162,,0.2154,-0.5288,-1.0,-1.0,16.67,-1.0,46.43,,,0.0,0.2499,-0.0010192,-0.0025395,0.0004532,-0.1744,,,,-0.3649,0.5796,0.0,1.0,-0.028,71.59,50.0,0.0,0.3367,0.0269,26.91,1000.0,1.0,0.0,-26.91,73.72,0.1767,0.1263,Sideways,,Bear,Bull,Bull,Bull,,0.1714,0.2753,,,,,,,,,0.3081,0.0,-15337.85,46849222.55090001,1.258891851145467,40223744.05470002,,,,,,,,,,,,,,,,,,,,,,,,2026-06-16 05:18:53.268400+00:00,False,0.585,-0.585,284,0.1767745444655855,0.6515505874870409,0.0101816269587868,68.53172910691828,69.23076923076906,0.6923076923076906,0.987666695535364,0.4225736095965215,0.5318820375764716,0.0238606099216189,54.86725473456979,60.28368794326256,0.5414012738853532,0.6978481022752384,-0.4883342376559962,0.3907381188585018,0.0644795851285879,43.50376284992755,16.666666666666814,0.4837476099426385,0.3080955177079924,-0.3783783783783745,0.8309007752164778,0.1623975226605409,70.37080048753513,74.2290748898678,0.7552301255230123,0.789524327066295,3.903397921932039,0.5632601876255747,0.4133076695574653,62.36350767778104,65.810746552544,0.5616883116883118,0.8544856800272467,2026-06-13/2026-06-19,0.118508,0.052891999999999995,622.7544733333333,0.22559804435131614,46.946201044562315,-0.45753516833068053,12.436527816433252,0.11810284104249823,2
2026-06-16 05:33:59.498755+00:00,2026-06-16T05:33:59.479907+00:00,SOL,KXSOL15M-26JUN160145-45,2026-06-16 05:45:00+00:00,73.5775,73.6757,-0.1333,11.01,0.03,0.345,0.2114,0.1336,no,trade,0.6733,0.0,0.3,-1.0,0.235,1.0,0.3182,0.5455,1,0.4545,0.2273,0.004143,0.7213,-1.0,69.64,75.24,0.1087,-0.095,-0.0136,0.0928,1,,-0.6455,,0.0996,,0.4328,,0.2154,-0.5288,-1.0,-1.0,16.67,-1.0,46.43,,,0.0,0.2499,-0.0010192,-0.0025395,0.0004532,-0.1744,,,,-0.3649,0.5796,-2.0,-1.0,-0.0472,71.59,50.0,0.0,0.3872,0.031,30.79,1000.0,0.0,1.0,16.22,73.83,0.3432,0.2094,Sideways,,Bear,Bull,Bull,Bull,,0.1563,0.2114,,,,,,,,,0.3081,0.0,-15337.85,46849222.55090001,1.258891851145467,40223744.05470002,,,,,,,,,,,,,,,,,,,,,,,,2026-06-16 05:33:59.498755+00:00,True,0.655,0.345,284,-0.0407000407000257,0.6604774502794664,0.0101654242852769,66.31039610101874,82.14285714285823,0.7076923076923137,0.7890118925538625,0.013574046423237,0.5439999202094091,0.0236216962036403,55.2042248519836,81.90476190476231,0.5477707006369488,0.6763804395060143,-0.4883342376559962,0.3907381188585018,0.0644795851285879,43.50376284992755,16.666666666666814,0.4837476099426385,0.3080955177079924,-0.3783783783783745,0.8309007752164778,0.1623975226605409,70.37080048753513,74.2290748898678,0.7552301255230123,0.789524327066295,3.903397921932039,0.5632601876255747,0.4133076695574653,62.36350767778104,65.810746552544,0.5616883116883118,0.8544856800272467,2026-06-13/2026-06-19,0.122957,0.033343,637.8583125833334,0.09139651696403739,58.69073522675312,-0.45753516833068053,12.436527816433252,0.32174752594738115,3
2026-06-16 06:19:33.199788+00:00,2026-06-16T06:19:33.185178+00:00,SOL,KXSOL15M-26JUN160230-30,2026-06-16 06:30:00+00:00,73.7875,73.8165,-0.0393,10.45,0.03,0.485,0.3225,0.1625,no,trade,0.2481,0.0,1.0,-1.0,1.348,1.0,0.6875,0.6875,1,0.3125,0.0,0.003251,0.6667,-1.0,82.05,93.14,0.0,-0.0271,0.1221,0.403,1,,-0.313,,999.0,,0.3552,,0.7778,0.4496,1.0,1.0,28.09,0.0,35.79,,,0.0,0.3284,-0.0006092,-0.0017448,0.0001358,-0.0559,,,,-0.3649,0.5796,0.0,1.0,0.1303,71.82,50.0,0.0,0.3351,0.0268,26.78,1000.0,1.0,0.0,-26.78,73.99,0.2744,0.235,Sideways,,Bear,Bull,Bull,Bull,,0.1474,0.3225,,,,,,,,,0.4775,0.0,-13017.44,46849222.55090001,1.258891851145467,40223744.05470002,,,,,,,,,,,,,,,,,,,,,,,,2026-06-16 06:19:33.199788+00:00,False,0.515,-0.515,285,0.1491930014919207,0.8195296174514564,0.0103972020514407,70.04854408146018,88.09523809523881,0.9218750000000046,0.9028839636331112,0.1491930014919207,0.6995617117995174,0.0202366158184413,62.08172650138941,95.00000000000028,0.7083333333333346,0.7880879993105135,0.5043620501635759,0.4300003253853461,0.0541431483894883,50.13457500521445,28.086419753086673,0.5273833671399605,0.4775116916461889,-0.3783783783783745,0.8309007752164778,0.1623975226605409,70.37080048753513,74.2290748898678,0.7552301255230123,0.789524327066295,3.903397921932039,0.5632601876255747,0.4133076695574653,62.36350767778104,65.810746552544,0.5616883116883118,0.8544856800272467,2026-06-13/2026-06-19,0.164891,-0.017491000000000007,683.4199964666666,0.14382686296572356,80.69403101989732,0.33244509227836616,25.97829112162522,0.12088588126730238,1
2026-06-16 06:34:45.645816+00:00,2026-06-16T06:34:45.627919+00:00,SOL,KXSOL15M-26JUN160245-45,2026-06-16 06:45:00+00:00,73.9175,73.9408,-0.0315,10.24,0.01,0.465,0.3225,0.1425,no,trade,0.1985,1.0,1.0,1.0,3.972,1.0,0.8824,1.0,1,0.0,0.1176,0.003147,0.7301,5.0,92.86,97.37,-0.054,0.0135,0.2438,0.3927,1,,-0.313,,999.0,,0.3597,,0.7778,0.4496,1.0,1.0,28.09,0.0,35.79,,,0.0,0.3284,-0.0006092,-0.0017448,0.0001358,-0.0559,,,,-0.3649,0.5796,0.0,1.0,0.027,72.05,50.0,0.0,0.3065,0.0245,24.61,1000.0,1.0,0.0,-24.61,74.04,0.1657,0.1342,Sideways,,Bear,Bull,Bull,Bull,,0.2144,0.3225,,,,,,,,,0.4775,0.0,-13017.44,46849222.55090001,1.258891851145467,40223744.05470002,,,,,,,,,,,,,,,,,,,,,,,,2026-06-16 06:34:45.645816+00:00,False,0.5349999999999999,-0.5349999999999999,285,0.2167140728700944,0.9746683164861704,0.0086915725127173,78.84623612903795,100.0,1.0,1.2240734841242102,0.2031419284940216,0.8196168977709527,0.0194234249673498,67.80999189198201,100.0,0.8297872340425481,0.930127355479971,0.5043620501635759,0.4300003253853461,0.0541431483894883,50.13457500521445,28.086419753086673,0.5273833671399605,0.4775116916461889,-0.3783783783783745,0.8309007752164778,0.1623975226605409,70.37080048753513,74.2290748898678,0.7552301255230123,0.789524327066295,3.903397921932039,0.5632601876255747,0.4133076695574653,62.36350767778104,65.810746552544,0.5616883116883118,0.8544856800272467,2026-06-13/2026-06-19,0.13343,0.08097000000000001,698.6274302666666,0.18819941037702126,97.72498090145157,0.33244509227836616,25.97829112162522,0.10009532888465206,2
2026-06-16 09:16:38.204928+00:00,2026-06-16T09:16:38.190412+00:00,SOL,KXSOL15M-26JUN160530-30,2026-06-16 09:30:00+00:00,75.11,75.2478,-0.1831,13.37,0.04,0.3,0.2124,0.0876,no,trade,0.6259,0.8462,0.6923,1.0,0.14,1.0,0.1905,0.5238,-1,0.2857,0.5238,0.003623,0.7717,-2.0,53.77,73.94,-0.1859,-0.1329,-0.3581,-0.0262,-1,,1.2029,,999.0,,0.5807,,0.8346,1.2624,1.0,4.0,87.46,0.0,50.85,,,0.0,0.8278,0.005437,0.0004877,-0.0001904,0.3822,,,,0.9356,0.9313,0.0,1.0,0.1804,73.11,50.0,0.0,0.2919,0.0233,23.1,1000.0,0.0,1.0,9.9,74.92,-0.253,-0.4356,Sideways,,Bear,Bull,Bull,Bull,,0.532,0.2124,,,,,,,,,1.0306,1.0,4365.95,4201147.364800006,1.0158563696178788,62006081.664600015,,,,,,,,,,,,,,,,,,,,,,,,2026-06-16 09:16:38.204928+00:00,True,0.7,0.3,286,0.1196649381731251,0.8184339443734634,0.0199355181361955,68.02190232575532,77.57009345794323,0.8095238095238031,0.8298963927578397,-0.0928751492636381,0.957461683318476,0.033094495708022,87.75181974345016,86.88524590163894,0.8965517241379275,1.1194181112124355,1.2493283181085555,0.8326752283145793,0.0416070104957051,71.10292234156802,87.93103448275885,0.7896341463414642,1.0306085912632792,0.9766684753119924,0.8525479572038205,0.165206402865773,73.95231346450322,82.15859030837,0.8276595744680847,0.8731018831486274,3.903397921932039,0.5632601876255747,0.4133076695574653,62.36350767778104,65.810746552544,0.5616883116883118,0.8544856800272467,2026-06-13/2026-06-19,0.437811,0.09418900000000002,5.053415466666666,-0.2926006663224956,77.26013889180267,0.8930391612814947,98.42478023265508,0.5053822798785537,1
2026-06-16 09:47:00.731678+00:00,2026-06-16T09:47:00.712513+00:00,SOL,KXSOL15M-26JUN160600-00,2026-06-16 10:00:00+00:00,74.97,75.0528,-0.1103,12.99,0.02,0.31,0.2124,0.0976,no,trade,0.4346,0.8333,0.6667,1.0,0.146,1.0,0.7,0.9,1,0.1,0.2,0.003902,0.6829,-1.0,29.11,65.43,0.0932,-0.0133,0.1067,-0.1973,1,,1.2961,,999.0,,0.5109,,0.8346,1.2624,1.0,4.0,87.46,,50.85,,,0.0,0.8752,0.005437,0.0004877,9.73e-05,0.3931,,,,0.9356,0.9313,-2.0,-1.0,0.0116,72.52,50.0,0.0,0.3147,0.0252,24.84,1000.0,0.0,1.0,11.16,74.84,-0.1734,-0.2835,Sideways,,Bear,Bull,Bull,Bull,,0.4058,0.2124,,,,,,,,,0.7416,0.0,1068.94,4201147.364800006,1.0158563696178788,62006081.664600015,,,,,,,,,,,,,,,,,,,,,,,,2026-06-16 09:47:00.731678+00:00,True,0.69,0.31,286,0.2403525170249665,0.5679306782075916,0.0135430376638565,53.40361614903973,36.4864864864855,0.5607476635513927,0.5609786625216674,0.1601067378252052,0.8058705551824825,0.0321930806135019,67.7676113511808,72.67441860465061,0.7947598253275058,0.7671872420422686,1.2493283181085555,0.8326752283145793,0.0416070104957051,71.10292234156802,87.93103448275885,0.7896341463414642,1.0306085912632792,0.9766684753119924,0.8525479572038205,0.165206402865773,73.95231346450322,82.15859030837,0.8276595744680847,0.8731018831486274,3.903397921932039,0.5632601876255747,0.4133076695574653,62.36350767778104,65.810746552544,0.5616883116883118,0.8544856800272467,2026-06-13/2026-06-19,0.518759,-0.11295899999999998,35.4288613,0.07174692966669394,61.43801366471884,0.8930391612814947,98.42478023265508,0.28267555099948743,2
2026-06-16 11:33:18.973643+00:00,2026-06-16T11:33:18.960875+00:00,SOL,KXSOL15M-26JUN160745-45,2026-06-16 11:45:00+00:00,74.405,74.513,-0.1449,11.69,0.03,0.275,0.2124,0.0626,no,trade,0.7169,0.5,0.5,-1.0,2.393,1.0,0.3514,0.1622,-1,0.4865,0.1622,0.004411,1.1261,-4.0,1.59,0.88,0.0134,-0.1207,-0.3078,-0.497,-1,,0.2844,,999.0,,0.4291,,0.0,-0.1737,-1.0,-2.0,67.74,-1.0,47.99,,,0.0,0.652,0.0030392,0.00101,-0.0004916,0.0986,,,,0.9356,0.9313,-2.0,-1.0,0.0331,72.28,50.0,0.0,0.2275,0.0182,18.12,1000.0,0.0,1.0,6.87,74.53,0.168,0.0228,Bear,,Bear,Bull,Bull,Sideways,,0.2592,0.2124,,,,,,,,,0.6561,0.0,319.11,4201147.364800006,1.0158563696178788,62006081.664600015,,,,,,,,,,,,,,,,,,,,,,,,2026-06-16 11:33:18.973643+00:00,True,0.725,0.275,287,-0.0804181745074461,-0.0008210955928564,0.0079231784534284,29.221697831628276,9.677419354839005,0.09677419354839,0.074536995822493,-0.1607071112896818,0.3857422645997896,0.0197956625382839,40.1244775605233,17.49999999999944,0.361290322580644,0.2352347805921419,-0.1737039016568853,0.586821499704544,0.0401460166240948,58.2031510829316,69.48529411764675,0.5833333333333318,0.6561043518343341,0.9766684753119924,0.8525479572038205,0.165206402865773,73.95231346450322,82.15859030837,0.8276595744680847,0.8731018831486274,3.903397921932039,0.5632601876255747,0.4133076695574653,62.36350767778104,65.810746552544,0.5616883116883118,0.8544856800272467,2026-06-13/2026-06-19,0.496549,-0.23734900000000003,141.73289405,-0.0941714365499724,5.285718942531398,-0.01370714975150733,65.46383570548517,0.32849693946950803,1
2026-06-16 11:48:28.865400+00:00,2026-06-16T11:48:28.850237+00:00,SOL,KXSOL15M-26JUN160800-00,2026-06-16 12:00:00+00:00,74.3825,74.4713,-0.1192,11.52,0.02,0.32,0.227,0.093,no,trade,0.6413,0.5556,0.0,0.0,0.279,1.0,0.4737,0.5263,-1,0.0,0.5263,0.004164,0.6129,-5.0,7.46,4.1,0.0,-0.0671,-0.0269,-0.424,-1,,0.3333,,999.0,,0.3973,,0.0,-0.1737,-1.0,-2.0,67.74,,47.99,,,0.0,0.6827,0.0030392,0.00101,-0.0003649,0.1029,,,,0.9356,0.9313,-2.0,-1.0,0.1353,72.28,50.0,0.0,0.2905,0.0232,23.12,1000.0,1.0,0.0,-23.12,74.66,0.3731,0.2534,Bear,,Bear,Bull,Bull,Sideways,,0.2355,0.227,,,,,,,,,0.6062,0.0,-3084.3,-31809748.525300022,0.9376529563499744,19240621.390399992,,,,,,,,,,,,,,,,,,,,,,,,2026-06-16 11:48:28.865400+00:00,False,0.6799999999999999,-0.6799999999999999,287,0.0402900886381951,0.1390893151895298,0.0108189729742816,32.32261373096222,13.88888888888812,0.1388888888888812,0.1879123164193521,-0.0804828973843041,0.3143475123210627,0.0181248911413006,37.7152527249398,8.695652173912507,0.2999999999999924,0.2128017162223608,-0.1737039016568853,0.586821499704544,0.0401460166240948,58.2031510829316,69.48529411764675,0.5833333333333318,0.6561043518343341,0.9766684753119924,0.8525479572038205,0.165206402865773,73.95231346450322,82.15859030837,0.8276595744680847,0.8731018831486274,3.903397921932039,0.5632601876255747,0.4133076695574653,62.36350767778104,65.810746552544,0.5616883116883118,0.8544856800272467,2026-06-13/2026-06-19,0.506041,-0.270541,156.89775666666668,0.0009487766052584945,6.236573034613102,-0.01370714975150733,65.46383570548517,0.2862632084534102,2
2026-06-16 13:04:22.689107+00:00,2026-06-16T13:04:22.676155+00:00,SOL,KXSOL15M-26JUN160915-15,2026-06-16 13:15:00+00:00,74.8425,74.863,-0.0274,10.63,0.05,0.445,0.3225,0.1225,no,trade,0.0767,0.7,0.6,1.0,0.171,1.0,0.1111,0.5926,-1,0.2963,0.5926,0.004063,0.8873,-3.0,41.12,44.74,0.0,-0.0267,0.0935,-0.0752,-1,,0.5739,,999.0,,0.7944,,0.396,0.3214,1.0,1.0,75.27,1.0,60.26,,,1.0,0.7682,0.001587,0.0010184,-3.34e-05,0.155,,,,0.2552,0.2441,-2.0,-1.0,-0.0148,72.27,50.0,0.0,0.2753,0.022,22.2,1000.0,0.0,1.0,17.8,74.36,-0.6447,-0.6719,Sideways,,Bear,Bull,Bull,Sideways,,0.2027,0.3225,,,,,,,,,0.6881,0.0,-1673.94,-31809748.525300022,0.9376529563499744,19240621.390399992,,,,,,,,,,,,,,,,,,,,,,,,2026-06-16 13:04:22.689107+00:00,True,0.5549999999999999,0.445,288,0.1202726179339919,0.6302534613100095,0.015607687155011,50.74665666625575,44.85981308411221,0.4732142857142848,0.474423481599687,-0.0266880170803229,0.5501554327618414,0.0122492307111728,58.22800743673723,47.32142857142848,0.4833333333333308,0.6099870791597721,0.3616878767582099,0.6941344705708439,0.0367691122816113,61.19630384736157,77.20588235294113,0.7241379310344843,0.6881154605170265,0.2821063944116186,0.8335277759898567,0.1661020434429295,74.97524322281218,84.47136563876654,0.8500000000000004,0.852894060033128,3.903397921932039,0.5632601876255747,0.4133076695574653,62.36350767778104,65.810746552544,0.5616883116883118,0.8544856800272467,2026-06-13/2026-06-19,0.283252,-0.08055200000000001,232.79481845,-0.11233164161769116,15.58162700608731,-0.08003077898629529,58.52576361121437,0.06743785380260892,1
2026-06-16 13:24:35.494583+00:00,2026-06-16T13:24:35.482638+00:00,SOL,KXSOL15M-26JUN160930-30,2026-06-16 13:30:00+00:00,74.175,74.244,-0.0929,5.41,0.06,0.36,0.3116,0.0484,no,trade,0.2667,0.8333,0.8333,1.0,0.385,1.0,0.6489,0.3511,-1,0.0,0.3511,0.004815,2.632,-4.0,12.9,12.9,0.0135,-0.3225,-0.3359,-0.9709,-1,,0.5739,,0.0633,,1.0866,,0.396,0.3214,1.0,1.0,75.27,1.0,60.26,,,1.0,0.7682,0.001587,0.0010184,-3.34e-05,0.155,,,,0.2552,0.2441,-2.0,-0.9822,-0.2695,72.06,50.0,0.0,0.1346,0.0108,10.88,1000.0,0.0,1.0,6.12,74.04,-0.182,-0.2748,Sideways,,Bear,Bull,Bull,Sideways,,0.2126,0.3116,,,,,,,,,0.6881,0.0,-1673.94,-31809748.525300022,0.9376529563499744,19240621.390399992,,,,,,,,,,,,,,,,,,,,,,,,2026-06-16 13:24:35.494583+00:00,True,0.64,0.36,288,0.1077005923532548,0.174322188320772,0.0166737665234572,33.09348657906675,22.818791946308817,0.2281879194630881,0.048030913995842,-0.8542445274959953,-0.0383506030445455,0.014133171239769,33.1257139287882,17.449664429530436,0.1710526315789496,0.1413437154289131,0.3616878767582099,0.6941344705708439,0.0367691122816113,61.19630384736157,77.20588235294113,0.7241379310344843,0.6881154605170265,0.2821063944116186,0.8335277759898567,0.1661020434429295,74.97524322281218,84.47136563876654,0.8500000000000004,0.852894060033128,3.903397921932039,0.5632601876255747,0.4133076695574653,62.36350767778104,65.810746552544,0.5616883116883118,0.8544856800272467,2026-06-13/2026-06-19,0.318008,-0.105408,253.00824305,-0.3557079681384856,20.22550273160402,-0.08003077898629529,58.52576361121437,0.19293873312564902,2
2026-06-16 13:34:43.909547+00:00,2026-06-16T13:34:43.904911+00:00,SOL,KXSOL15M-26JUN160945-45,2026-06-16 13:45:00+00:00,73.94,74.011,-0.0959,10.27,0.01,0.435,0.3462,0.0888,no,trade,0.1957,0.0,1.0,-1.0,3.367,1.0,0.7,0.0,-1,0.3,0.0,0.004872,1.1089,0.0,3.87,3.87,-0.1211,0.0,-0.5106,-1.0052,-1,,0.5739,,0.2474,,1.1093,,0.396,0.3214,1.0,1.0,75.27,1.0,60.26,,,1.0,0.7682,0.001587,0.0010184,-3.34e-05,0.155,,,,0.2552,0.2441,-2.0,-1.0,0.1173,71.83,50.0,0.0,0.204,0.0163,16.38,1000.0,1.0,0.0,-16.38,74.25,0.4193,0.3229,Sideways,,Bear,Bull,Bull,Sideways,,0.168,0.3462,,,,,,,,,0.6881,0.0,-1673.94,-31809748.525300022,0.9376529563499744,19240621.390399992,,,,,,,,,,,,,,,,,,,,,,,,2026-06-16 13:34:43.909547+00:00,False,0.565,-0.565,288,-0.1348072256673105,0.0495330638581991,0.0193235312229591,25.841149261756996,4.026845637584021,0.0402684563758402,-0.1150843039384871,-0.2692514808831481,-0.0814604358001341,0.0168730275312042,28.69120200862363,4.026845637584021,0.0394736842105275,0.0639288154363822,0.3616878767582099,0.6941344705708439,0.0367691122816113,61.19630384736157,77.20588235294113,0.7241379310344843,0.6881154605170265,0.2821063944116186,0.8335277759898567,0.1661020434429295,74.97524322281218,84.47136563876654,0.8500000000000004,0.852894060033128,3.903397921932039,0.5632601876255747,0.4133076695574653,62.36350767778104,65.810746552544,0.5616883116883118,0.8544856800272467,2026-06-13/2026-06-19,0.32658,-0.15857999999999997,263.14849245,-0.2365651823183268,0.0,-0.08003077898629529,58.52576361121437,0.19683908045977014,3
2026-06-16 14:10:08.245136+00:00,2026-06-16T14:10:08.230731+00:00,SOL,KXSOL15M-26JUN161015-15,2026-06-16 14:15:00+00:00,73.895,73.949,-0.073,4.87,0.02,0.53,0.3462,0.1838,no,trade,0.1943,0.1556,0.8444,-1.0,1.817,1.0,0.6341,0.2195,-1,0.1463,0.2195,0.005257,1.0551,-2.0,7.29,4.14,0.0677,-0.4579,-0.0541,-0.8111,-1,,-0.4181,,0.413,,1.2355,,0.1456,-1.1746,-1.0,-1.0,43.73,-1.0,50.33,,,-1.0,0.4405,-0.000898,0.000169,-0.00032,-0.1312,,,,0.2552,0.2441,-2.0,-1.0,0.0593,71.74,50.0,0.0,0.3467,0.0277,27.73,1000.0,0.0,1.0,31.27,73.78,-0.1556,-0.2285,Bear,,Bear,Bull,Bull,Sideways,,0.1472,0.3462,,,,,,,,,0.3171,0.0,-359.35,-31809748.525300022,0.9376529563499744,19240621.390399992,,,,,,,,,,,,,,,,,,,,,,,,2026-06-16 14:10:08.245136+00:00,True,0.47,0.53,288,-0.3373819163292824,0.1679529604384231,0.025153461256786,29.383110672985765,0.9259259259250852,0.0059880239520903,0.0980670090040522,-0.2962563964449272,0.0123242162548134,0.0184300863697948,31.91390122083905,9.259259259259585,0.0925925925925958,0.1603587502431905,-1.174586225306984,0.3904709414730422,0.0351314372532449,44.75184545800728,44.85294117647085,0.4206896551724174,0.31707668940503,0.2821063944116186,0.8335277759898567,0.1661020434429295,74.97524322281218,84.47136563876654,0.8500000000000004,0.852894060033128,3.903397921932039,0.5632601876255747,0.4133076695574653,62.36350767778104,65.810746552544,0.5616883116883118,0.8544856800272467,2026-06-13/2026-06-19,0.211906,-0.06470600000000001,298.5540856,-0.06516802388021325,15.923923177326024,-0.5119087884750129,32.82035389534348,0.1388624690888339,4
2026-06-16 14:35:28.082738+00:00,2026-06-16T14:35:28.068697+00:00,SOL,KXSOL15M-26JUN161045-45,2026-06-16 14:45:00+00:00,72.6975,72.8015,-0.1429,9.54,0.05,0.465,0.3462,0.1188,no,trade,0.2092,0.46,0.5,-1.0,3.916,1.0,0.9623,0.0,-1,0.0377,0.0,0.006368,2.2866,1.0,22.0,13.88,0.2209,-0.0137,-0.5464,-0.831,-1,,-0.4181,,1.6028,,1.6046,,0.1456,-1.1746,-1.0,-1.0,43.73,-1.0,50.33,,,-1.0,0.4405,-0.000898,0.000169,-0.00032,-0.1312,,,,0.2552,0.2441,-2.0,-1.0,-0.7382,71.83,50.0,0.0,0.2554,0.0204,20.33,1000.0,1.0,0.0,-20.33,72.95,0.3473,0.204,Bear,,Bear,Bull,Bull,Sideways,,-0.03,0.3462,,,,,,,,,0.3171,0.0,-359.35,-31809748.525300022,0.9376529563499744,19240621.390399992,,,,,,,,,,,,,,,,,,,,,,,,2026-06-16 14:35:28.082738+00:00,False,0.5349999999999999,-0.5349999999999999,288,-0.5207619569686073,-0.0782653521422703,0.0326523028969854,12.048043647314202,11.675126903553508,0.0888030888030902,-0.3404766520103384,-1.2851731601731586,-0.2712334099688097,0.0273697690095896,16.450610266745855,4.511278195488874,0.0451127819548887,-0.2612126614275351,-1.174586225306984,0.3904709414730422,0.0351314372532449,44.75184545800728,44.85294117647085,0.4206896551724174,0.31707668940503,0.2821063944116186,0.8335277759898567,0.1661020434429295,74.97524322281218,84.47136563876654,0.8500000000000004,0.852894060033128,3.903397921932039,0.5632601876255747,0.4133076695574653,62.36350767778104,65.810746552544,0.5616883116883118,0.8544856800272467,2026-06-13/2026-06-19,0.184289,-0.214289,323.8847123,-0.683832816591734,8.079652811506005,-0.5119087884750129,32.82035389534348,0.22440326633165827,5
2026-06-16 16:39:14.961351+00:00,2026-06-16T16:39:14.774121+00:00,SOL,KXSOL15M-26JUN161245-45,2026-06-16 16:45:00+00:00,73.0675,73.2698,-0.2761,5.76,0.06,0.22,0.1538,0.0662,no,trade,0.8997,0.0,0.92,-1.0,1.614,1.0,0.6429,0.7857,1,0.2143,0.1429,0.006792,0.2816,-1.0,24.56,39.9,-0.0137,0.1505,-0.2045,-0.0671,-1,,-1.0163,,0.7764,,0.9286,,0.5303,0.4797,1.0,1.0,29.23,,46.14,,,0.0,0.2381,-0.0034426,-0.0004761,-0.0006335,-0.2202,,,,-1.8345,0.2997,0.0,0.7428,-0.0143,72.43,50.0,0.0,0.3009,0.0241,24.18,1000.0,0.0,1.0,6.82,73.24,0.2361,-0.0407,Bear,,Bear,Bull,Bull,Bear,,-0.1302,0.1538,,,,,,,,,0.2317,0.0,-11360.79,23420221.285299987,1.097693763582452,-4188379.875200033,,,,,,,,,,,,,,,,,,,,,,,,2026-06-16 16:39:14.961351+00:00,True,0.78,0.2199999999999999,289,-0.3545132260703632,0.1906859100271792,0.0077893073538711,36.37216058651403,10.000000000000236,0.2499999999999901,0.139137863631991,0.1365374112507034,0.3162725710460665,0.0400385268691767,42.00093942461261,38.28125000000012,0.3111111111111118,0.4427291125006134,0.5348326933625858,0.2009317668559325,0.0363624204533388,39.01892718320631,29.874213836478013,0.2987421383647801,0.2317243833090891,-1.7950435365036932,0.6981135631551162,0.1620604759434049,58.19957285449759,69.7136563876652,0.6971365638766519,0.5318092262763479,3.903397921932039,0.5632601876255747,0.4133076695574653,62.36350767778104,65.810746552544,0.5616883116883118,0.8544856800272467,2026-06-13/2026-06-19,-0.015295,-0.11490500000000001,447.6660225166667,-0.04803834557214337,34.71562328569719,0.3805210631007139,31.19769956930003,0.40650765606595995,1
2026-06-16 17:21:46.146957+00:00,2026-06-16T17:21:46.136305+00:00,SOL,KXSOL15M-26JUN161330-30,2026-06-16 17:30:00+00:00,73.1675,73.2022,-0.0474,8.23,0.05,0.475,0.3462,0.1288,no,trade,0.1706,0.7692,0.7692,1.0,0.479,1.0,0.5385,0.6154,1,0.3846,0.0769,0.005773,0.3074,0.0,62.86,46.11,-0.1091,0.0,0.1093,0.0134,1,,-1.1653,,0.6382,,0.702,,0.1951,-0.3,-1.0,-1.0,23.08,1.0,50.95,,,0.0,0.1947,-0.0036081,-0.0002845,-0.0007647,-0.2493,,,,-1.8345,0.2997,0.0,1.0,-0.0345,72.34,50.0,0.0,0.2711,0.0217,21.53,1000.0,1.0,0.0,-21.53,73.17,0.0034,-0.044,Bear,,Bear,Bull,Bull,Bear,,0.0416,0.3462,,,,,,,,,0.1964,0.0,-14331.4,23420221.285299987,1.097693763582452,-4188379.875200033,,,,,,,,,,,,,,,,,,,,,,,,2026-06-16 17:21:46.146957+00:00,False,0.525,-0.525,289,0.1365187713310511,0.7159049948761651,0.0059748757981952,58.85872234806991,86.48648648648359,0.6530612244897888,0.7669031656828906,0.1914922719190359,0.3479098236180735,0.0381504859640155,41.97159130953802,45.17766497461934,0.2825396825396822,0.4315029316611772,-0.2728140772063847,0.1642073564204804,0.0368303479326317,36.796957969680946,23.58490566037731,0.2358490566037731,0.1964192606484799,-1.7950435365036932,0.6981135631551162,0.1620604759434049,58.19957285449759,69.7136563876652,0.6971365638766519,0.5318092262763479,3.903397921932039,0.5632601876255747,0.4133076695574653,62.36350767778104,65.810746552544,0.5616883116883118,0.8544856800272467,2026-06-13/2026-06-19,-0.099761,0.14136100000000001,490.1857826166667,0.10046786625663717,46.82769951410468,-0.24113939083051372,21.178087893100827,0.08210635717997573,2
2026-06-16 17:31:53.863105+00:00,2026-06-16T17:31:53.858443+00:00,SOL,KXSOL15M-26JUN161345-45,2026-06-16 17:45:00+00:00,73.1375,73.2178,-0.1097,13.1,0.06,0.45,0.3462,0.1038,no,trade,0.2615,0.6667,0.3333,-1.0,0.228,1.0,0.2333,0.8,1,0.2,0.5667,0.005672,0.7229,-1.0,37.14,54.05,-0.2046,-0.1638,-0.1229,-0.1093,-1,,-1.1653,,0.7572,,0.8405,,0.1951,-0.3,-1.0,-1.0,23.08,1.0,50.95,,,0.0,0.1947,-0.0036081,-0.0002845,-0.0007647,-0.2493,,,,-1.8345,0.2997,0.0,1.0,0.0074,72.34,50.0,0.0,0.2306,0.0184,18.7,1000.0,1.0,0.0,-18.7,73.39,0.3452,0.2352,Bear,,Bear,Bull,Bull,Bear,,0.0699,0.3462,,,,,,,,,0.1964,0.0,-14331.4,23420221.285299987,1.097693763582452,-4188379.875200033,,,,,,,,,,,,,,,,,,,,,,,,2026-06-16 17:31:53.863105+00:00,False,0.55,-0.55,289,0.3284072249589487,0.6472974946243955,0.0063949944632323,54.998617621665474,82.85714285714192,0.5918367346938674,0.6749558470257995,0.0955631399317313,0.3920230039628593,0.0342927022771723,45.42151819766667,49.74093264248655,0.3047619047619022,0.4990682739338536,-0.2728140772063847,0.1642073564204804,0.0368303479326317,36.796957969680946,23.58490566037731,0.2358490566037731,0.1964192606484799,-1.7950435365036932,0.6981135631551162,0.1620604759434049,58.19957285449759,69.7136563876652,0.6971365638766519,0.5318092262763479,3.903397921932039,0.5632601876255747,0.4133076695574653,62.36350767778104,65.810746552544,0.5616883116883118,0.8544856800272467,2026-06-13/2026-06-19,-0.099761,0.169661,500.3143850833333,-0.07544244929595934,41.04356742522207,-0.24113939083051372,21.178087893100827,0.1934062059238364,3
2026-06-16 20:04:44.772568+00:00,2026-06-16T20:04:44.752252+00:00,SOL,KXSOL15M-26JUN161615-15,2026-06-16 20:15:00+00:00,73.71,73.7532,-0.0586,10.26,0.06,0.39,0.3225,0.0675,no,trade,0.1903,0.5,0.5,-1.0,0.438,1.0,0.9118,0.0882,-1,0.0,0.0882,0.004604,1.0021,-2.0,12.28,51.97,0.0,-0.2302,-0.4996,-0.2196,-1,,-0.0628,,0.1155,,0.6971,,0.4211,-0.0135,-1.0,-1.0,46.15,0.0,51.03,,,0.0,0.432,-0.0004057,-0.0006518,0.0001101,-0.001,,50.0,50.0,0.7228,0.6535,-2.0,-0.7499,-0.0663,72.3,50.0,0.0,0.1731,0.0139,14.03,1000.0,1.0,0.0,-14.03,74.05,0.4613,0.4024,Bear,,Bear,Bull,Bull,Sideways,,0.1446,0.3225,,,,,,,,,0.5061,0.0,-3706.39,2579883.9196999967,1.0248589187668642,-5809643.320300043,,,,,,,,,,,,,,,,,,,,,,,,2026-06-16 20:04:44.772568+00:00,False,0.61,-0.61,290,-0.0811688311688318,0.4482450830493796,0.0078448378650457,46.59202568070504,42.10526315789435,0.4590163934426252,0.3509577288041066,-0.1756994188403804,0.7356107679866287,0.0182366347769583,54.496302428467494,65.3543307086615,0.6857142857142854,0.5591991332408095,-0.1622060016220672,0.4525058532836132,0.0367098375918245,49.47342155832472,47.16981132075462,0.4716981132075462,0.5060965055390996,0.7502387123175414,0.722593668402836,0.1592134898492491,62.2112997383255,75.77092511013213,0.7577092511013213,0.6193436273702696,3.903397921932039,0.5632601876255747,0.4133076695574653,62.36350767778104,65.810746552544,0.5616883116883118,0.8544856800272467,2026-06-13/2026-06-19,-0.048192,0.19279200000000002,653.1628761333334,0.009824858567730743,16.01750095754355,-0.28414415186106545,16.372281323504197,0.1272806255430061,1
2026-06-16 20:50:21.129984+00:00,2026-06-16T20:50:21.117907+00:00,SOL,KXSOL15M-26JUN161700-00,2026-06-16 21:00:00+00:00,74.0425,74.0885,-0.0621,9.65,0.06,0.41,0.3116,0.0984,no,trade,0.2359,0.5,0.0,0.0,0.252,1.0,0.3103,0.7586,1,0.2414,0.4483,0.004499,0.8694,0.0,86.79,85.96,0.0,0.0,0.2841,0.2779,1,,0.0382,,999.0,,0.6145,,0.4211,-0.0135,-1.0,-1.0,46.15,,51.03,,,0.0,0.4267,-0.0004057,-0.0006518,0.0004528,0.0082,,,,0.7228,0.6535,-2.0,-1.0,0.1508,72.27,50.0,0.0,0.2401,0.0192,19.47,1000.0,0.0,1.0,13.53,74.25,0.2802,0.218,Bear,,Bear,Bull,Bull,Sideways,,0.3743,0.3116,,,,,,,,,0.6499,0.0,-1026.98,2579883.9196999967,1.0248589187668642,-5809643.320300043,,,,,,,,,,,,,,,,,,,,,,,,2026-06-16 20:50:21.129984+00:00,True,0.5900000000000001,0.4099999999999999,291,0.0,0.7984730648938527,0.0087898587929179,62.64375941446139,86.53846153846276,0.8813559322033993,0.8547636049008144,0.1215395003376196,0.8319856699415719,0.0193611258980077,64.0295005833622,86.8852459016396,0.8740157480314984,0.737112555987643,-0.1622060016220672,0.4525058532836132,0.0367098375918245,49.47342155832472,47.16981132075462,0.4716981132075462,0.5060965055390996,0.7502387123175414,0.722593668402836,0.1592134898492491,62.2112997383255,75.77092511013213,0.7577092511013213,0.6193436273702696,3.903397921932039,0.5632601876255747,0.4133076695574653,62.36350767778104,65.810746552544,0.5616883116883118,0.8544856800272467,2026-06-13/2026-06-19,-0.048192,0.42249200000000003,698.7688330666666,0.2043485480613949,42.457499779027586,-0.28414415186106545,16.372281323504197,0.13803067348299622,1
2026-06-16 21:20:38.187477+00:00,2026-06-16T21:20:38.177930+00:00,SOL,KXSOL15M-26JUN161730-30,2026-06-16 21:30:00+00:00,73.8575,73.9837,-0.1706,9.37,0.05,0.265,0.2114,0.0536,no,trade,0.7057,0.0,1.0,-1.0,1.145,1.0,0.6667,0.3333,-1,0.0,0.3333,0.004193,0.3871,-2.0,6.06,50.0,0.0,-0.3101,-0.2563,-0.0744,-1,,0.5122,,999.0,,0.5731,,1.0,0.528,1.0,1.0,58.15,0.0,50.32,,,1.0,0.5609,0.0030582,-0.0012808,0.0007537,0.127,,,,0.7228,0.6535,0.0,1.0,0.0322,72.35,50.0,0.0,0.2022,0.0162,16.17,1000.0,0.0,1.0,5.83,73.85,-0.0102,-0.1807,Sideways,,Bear,Bull,Bull,Sideways,,0.3881,0.2114,,,,,,,,,0.6499,0.0,-1026.98,2579883.9196999967,1.0248589187668642,-5809643.320300043,,,,,,,,,,,,,,,,,,,,,,,,2026-06-16 21:20:38.187477+00:00,True,0.735,0.265,291,-0.3100984225428149,0.3556155165411175,0.0084200415880749,38.27877739949593,44.64285714285696,0.4464285714285696,-0.0289863259934984,-0.107744107744101,0.7811261120672433,0.0197725081062138,62.35685326107494,87.61904761904802,0.8976377952755938,0.6980512742524134,0.5280259951259136,0.5924634844037384,0.0368307280202298,55.88374804215699,59.43396226415083,0.5943396226415083,0.6499306483392899,0.7502387123175414,0.722593668402836,0.1592134898492491,62.2112997383255,75.77092511013213,0.7577092511013213,0.6193436273702696,3.903397921932039,0.5632601876255747,0.4133076695574653,62.36350767778104,65.810746552544,0.5616883116883118,0.8544856800272467,2026-06-13/2026-06-19,0.311411,0.07668900000000001,729.0531246166667,0.047162233528053044,50.28137061371147,0.3069471680152258,29.08077362071876,0.40686859050798957,2
2026-06-16 22:46:27.348621+00:00,2026-06-16T22:46:27.336070+00:00,SOL,KXSOL15M-26JUN161900-00,2026-06-16 23:00:00+00:00,73.5475,73.6335,-0.1168,13.55,0.02,0.38,0.2753,0.1047,no,trade,0.6624,0.1,0.9,-1.0,0.707,1.0,0.9333,0.0667,-1,0.0,0.0667,0.002704,0.7527,-3.0,0.0,1.75,-0.0136,-0.1355,-0.2031,-0.2897,-1,,-0.1383,,0.1437,,0.3475,,0.3261,-0.4175,-1.0,-1.0,48.62,,46.03,,,0.0,0.4275,0.0014262,-0.0010082,-0.000243,-0.0081,,,,0.7228,0.6535,-2.0,-1.0,-0.0251,72.35,50.0,0.0,0.2757,0.0221,22.32,1000.0,1.0,0.0,-22.32,73.67,0.1666,0.0496,Sideways,,Bear,Bull,Bull,Sideways,,0.4266,0.2753,,,,,,,,,0.3936,0.0,-1830.59,2579883.9196999967,1.0248589187668642,-5809643.320300043,,,,,,,,,,,,,,,,,,,,,,,,2026-06-16 22:46:27.348621+00:00,False,0.62,-0.62,291,-0.1219677463070945,0.0842369882745035,0.0061685151648762,29.605652179102407,3.2258064516145297,0.0208333333333438,-0.1746948059914127,-0.1895991332611091,0.1434610452815772,0.0088958759859307,38.5732358291535,12.69841269841252,0.4285714285714324,0.1899912300806249,-0.4175084175084165,0.4777908161852632,0.0368118905368003,50.0477657183495,49.68553459119481,0.4968553459119481,0.5080024997437712,0.7502387123175414,0.722593668402836,0.1592134898492491,62.2112997383255,75.77092511013213,0.7577092511013213,0.6193436273702696,3.903397921932039,0.5632601876255747,0.4133076695574653,62.36350767778104,65.810746552544,0.5616883116883118,0.8544856800272467,2026-06-13/2026-06-19,0.576743,-0.15014300000000003,5.072477016666666,-0.03570384338867916,42.616187041024965,-0.13260392318114045,23.573739271908277,0.43195266272189353,3
2026-06-16 23:47:03.454203+00:00,2026-06-16T23:47:03.440696+00:00,SOL,KXSOL15M-26JUN162000-00,2026-06-17 00:00:00+00:00,73.53,73.585,-0.0747,12.94,0.01,0.335,0.2753,0.0597,no,trade,0.4034,0.5,0.0,0.0,0.0,1.0,1.0,0.0,-1,0.0,0.0,0.001815,0.2246,-2.0,8.33,4.35,0.0,-0.244,-0.2846,-0.3921,-1,,-0.5176,,0.273,,0.3735,,0.0,-0.3652,-1.0,-2.0,41.32,,34.58,,,0.0,0.3435,0.0012718,-0.0011682,-0.0006932,-0.1024,,,,0.7228,0.6535,-2.0,-1.0,-0.0646,72.4,50.0,0.0,0.1784,0.0143,13.96,1000.0,0.0,1.0,7.03,73.54,0.0136,-0.0612,Sideways,,Bear,Bull,Bull,Sideways,,0.4646,0.2753,,,,,,,,,0.352,0.0,-813.59,-1983471.602699995,0.9875270844272658,24016633.60229999,,,,,,,,,,,,,,,,,,,,,,,,2026-06-16 23:47:03.454203+00:00,True,0.665,0.3349999999999999,292,0.0,0.4462132114176459,0.0047872527942814,46.863833889052785,39.999999999997726,0.3030303030302874,0.4282686379382848,-0.0406504065040613,0.2761658347359289,0.0087038101609234,44.86800341319841,17.2413793103439,0.2380952380952262,0.3941279903131266,-0.3651609413037548,0.3584756072186912,0.0347882101394475,45.307191379653354,41.58730158730158,0.411949685534591,0.3935906027430602,0.7502387123175414,0.722593668402836,0.1592134898492491,62.2112997383255,75.77092511013213,0.7577092511013213,0.6193436273702696,3.903397921932039,0.5632601876255747,0.4133076695574653,62.36350767778104,65.810746552544,0.5616883116883118,0.8544856800272467,2026-06-13/2026-06-19,0.424325,0.040275000000000005,5.05757005,-0.013830492630273472,20.490994775873066,-0.04664708847209598,21.927218121984758,0.4115702479338843,1
2026-06-17 02:02:01.658153+00:00,2026-06-17T02:02:01.649908+00:00,SOL,KXSOL15M-26JUN162215-15,2026-06-17 02:15:00+00:00,73.7925,73.8587,-0.0896,12.98,0.04,0.45,0.3225,0.1275,no,trade,0.224,1.0,1.0,1.0,0.009,1.0,1.0,1.0,1,0.0,0.0,0.003121,1.7771,-1.0,94.67,94.67,0.0,-0.0541,0.5031,0.5709,1,,-0.0554,,999.0,,0.8058,,1.0,0.8179,1.0,1.0,50.47,1.0,44.02,,,1.0,0.5152,0.0002255,-9.01e-05,-0.0007393,0.0542,,,,-0.4333,0.0779,0.0,0.8521,-0.2122,71.95,50.0,0.0,0.2834,0.0227,22.55,1000.0,1.0,0.0,-22.55,73.89,0.1321,0.0424,Sideways,,Bear,Bull,Bull,Sideways,,0.3884,0.3225,,,,,,,,,0.6016,0.0,-6557.42,-1983471.602699995,0.9875270844272658,24016633.60229999,,,,,,,,,,,,,,,,,,,,,,,,2026-06-17 02:02:01.658153+00:00,False,0.55,-0.55,293,0.2847457627118466,1.115042231438697,0.010064439126095,69.2300030526478,100.0,1.0,1.1531413749036614,0.5574439157036037,0.7886002074041988,0.0109504689888652,61.44678198564399,100.0,0.7211538461538418,0.8668976158451789,0.8178844056706547,0.4702132873752253,0.0349155861332124,53.17500183067197,50.79365079365053,0.5031446540880474,0.6016047412048211,-0.4332520985648402,0.6748277715607404,0.15658138070185,58.4675337867165,71.26567844925887,0.7224669603524233,0.547162330546966,-0.6216216216216153,0.5663086795200759,0.3938139872953783,60.39958028179824,84.15094339622644,0.577221742881795,0.767351907162689,2026-06-13/2026-06-19,0.443869,-0.05546899999999999,140.02763588333335,0.2616648521265086,98.57860076937946,0.26559887725770004,37.457083436144295,0.28708747196411405,1
2026-06-17 03:07:53.500394+00:00,2026-06-17T03:07:53.486956+00:00,SOL,KXSOL15M-26JUN162315-15,2026-06-17 03:15:00+00:00,73.8575,73.968,-0.1494,7.11,0.02,0.23,0.1858,0.0442,no,trade,0.6349,0.5,0.0,0.0,0.0,1.0,0.8333,1.0,1,0.0,0.1667,0.004,0.4058,-1.0,25.35,57.6,0.0,-0.0676,0.0812,-0.1935,1,,0.0064,,999.0,,0.6401,,0.3239,0.027,1.0,2.0,63.28,0.0,41.49,,,0.0,0.5483,-0.0006072,0.0012255,-0.0006137,0.0588,,,,-0.4333,0.0779,-2.0,-1.0,0.1519,72.5,50.0,0.0,0.1922,0.0154,15.4,1000.0,0.0,1.0,4.6,73.87,0.0169,-0.1325,Bear,,Bear,Bull,Bull,Sideways,,0.4112,0.1858,,,,,,,,,0.5901,0.0,-6200.82,-1983471.602699995,0.9875270844272658,24016633.60229999,,,,,,,,,,,,,,,,,,,,,,,,2026-06-17 03:07:53.500394+00:00,True,0.77,0.2299999999999999,294,0.0,0.5848761176694824,0.0159473162586694,53.09671998024442,32.39436619718394,0.6033057851239734,0.5410738563521414,0.1353546291283258,0.7581002328562512,0.0124256467414465,55.34775484030767,61.60000000000082,0.6160000000000082,0.6368822960189042,0.0270416441319865,0.4823661479969686,0.0348564260739781,53.59100571034305,63.28125000000012,0.5094339622641513,0.5900889385896455,-0.4332520985648402,0.6748277715607404,0.15658138070185,58.4675337867165,71.26567844925887,0.7224669603524233,0.547162330546966,-0.6216216216216153,0.5663086795200759,0.3938139872953783,60.39958028179824,84.15094339622644,0.577221742881795,0.767351907162689,2026-06-13/2026-06-19,0.342363,0.06883700000000004,205.89167323333334,0.05735305480920605,63.58122785788199,-0.026483464595339345,47.777333544085835,0.3735,1
2026-06-17 05:19:42.775758+00:00,2026-06-17T05:19:42.751126+00:00,SOL,KXSOL15M-26JUN170130-30,2026-06-17 05:30:00+00:00,73.5275,73.5398,-0.0167,10.29,0.02,0.49,0.3225,0.1675,no,trade,0.0927,0.5,0.2,1.0,1.277,1.0,0.4651,0.1163,-1,0.4186,0.1163,0.003182,1.8354,0.0,13.64,6.67,0.0,0.0,-0.4193,-0.2138,-1,,-0.2168,,0.3716,,0.4079,,0.6667,0.0949,1.0,1.0,57.33,-1.0,62.11,,,0.0,0.5282,0.000339,0.0008054,-0.0009244,-0.0114,,,,0.2856,0.432,-2.0,-1.0,0.0011,72.67,50.0,0.0,0.3419,0.0274,27.54,1000.0,1.0,0.0,-27.54,73.74,0.289,0.2722,Bear,,Bear,Bull,Bull,Sideways,,0.3994,0.3225,,,,,,,,,0.5097,0.0,-4241.32,-39735245.474999994,0.7868518284454599,-39138833.15799999,,,,,,,,,,,,,,,,,,,,,,,,2026-06-17 05:19:42.775758+00:00,False,0.51,-0.51,295,-0.1357404642324033,0.0197795606765876,0.0045893773200727,33.908841644023155,0.0,0.0,-0.0375500038291073,-0.3386616093199679,0.3189851658727959,0.0121379357264924,40.4949041558299,2.197802197801769,0.2879999999999995,0.2516357876026435,0.0949152542372822,0.4576703566857745,0.0298843100902748,49.94685027212447,58.97435897435862,0.4634920634920607,0.5097133116096372,0.2855588795213304,0.6736921224536158,0.1518761904052131,60.27759101281819,73.10826542491267,0.7455947136563874,0.578325473570536,-0.6216216216216153,0.5663086795200759,0.3938139872953783,60.39958028179824,84.15094339622644,0.577221742881795,0.767351907162689,2026-06-13/2026-06-19,0.441263,-0.04186300000000004,337.7129293,-0.1657953785183075,15.818049092069627,0.14489745181076596,56.670390169950856,0.05248271527341295,1
2026-06-17 05:34:53.467412+00:00,2026-06-17T05:34:53.447985+00:00,SOL,KXSOL15M-26JUN170145-45,2026-06-17 05:45:00+00:00,73.6075,73.6518,-0.0601,10.11,0.03,0.615,0.2753,0.3397,no,trade,0.3318,1.0,1.0,1.0,2.365,1.0,0.4138,1.0,1,0.0,0.5862,0.003063,1.2848,-1.0,46.43,25.49,-0.0136,-0.0407,0.1087,-0.0359,1,,-0.2168,,0.2564,,0.4134,,0.6667,0.0949,1.0,1.0,57.33,-1.0,62.11,,,0.0,0.5282,0.000339,0.0008054,-0.0009244,-0.0114,,,,0.2856,0.432,-2.0,-1.0,0.0256,72.65,50.0,0.0,0.5524,0.0442,44.27,1000.0,1.0,0.0,-44.27,73.87,0.3566,0.2963,Bear,,Bear,Bull,Bull,Sideways,,0.333,0.2753,,,,,,,,,0.5097,0.0,-4241.32,-39735245.474999994,0.7868518284454599,-39138833.15799999,,,,,,,,,,,,,,,,,,,,,,,,2026-06-17 05:34:53.467412+00:00,False,0.385,-0.385,295,0.2447314751869544,0.5179534794072607,0.0049108739127644,52.00367785809715,51.78571428571519,0.5178571428571519,0.6056790048417555,0.2174799510670233,0.4831989230748336,0.0117031089086708,49.33614779727457,28.431372549020335,0.4160000000000082,0.4956818904761941,0.0949152542372822,0.4576703566857745,0.0298843100902748,49.94685027212447,58.97435897435862,0.4634920634920607,0.5097133116096372,0.2855588795213304,0.6736921224536158,0.1518761904052131,60.27759101281819,73.10826542491267,0.7455947136563874,0.578325473570536,-0.6216216216216153,0.5663086795200759,0.3938139872953783,60.39958028179824,84.15094339622644,0.577221742881795,0.767351907162689,2026-06-13/2026-06-19,0.4977,-0.16469999999999996,352.89112353333337,0.11097220375049233,32.47330960853889,0.14489745181076596,56.670390169950856,0.19621286320600717,2
2026-06-17 07:05:59.666145+00:00,2026-06-17T07:05:59.652168+00:00,SOL,KXSOL15M-26JUN170315-15,2026-06-17 07:15:00+00:00,73.2075,73.358,-0.2052,9.01,0.05,0.285,0.2114,0.0736,no,trade,1.0887,0.0,1.0,-1.0,0.033,1.0,0.0,0.6923,0,0.3077,0.6923,0.002993,0.5928,-1.0,6.9,5.13,0.0,-0.1907,-0.1907,-0.556,-1,,-0.188,,0.8371,,0.4556,,0.3103,-0.2582,-1.0,-2.0,23.19,0.0,54.02,,,0.0,0.3208,9.09e-05,-0.0006559,0.0004272,-0.1534,,,,0.2856,0.432,-2.0,-1.0,-0.1991,72.67,50.0,0.0,0.2582,0.0207,20.73,1000.0,1.0,0.0,-20.73,73.51,0.4132,0.2072,Bear,,Bear,Bull,Bull,Bear,,0.2565,0.2114,,,,,,,,,0.3199,0.0,-347.33,-39735245.474999994,0.7868518284454599,-39138833.15799999,,,,,,,,,,,,,,,,,,,,,,,,2026-06-17 07:05:59.666145+00:00,False,0.7150000000000001,-0.7150000000000001,296,-0.081743869209816,0.1781608338334347,0.0108501094016485,32.99881063744566,21.052631578947896,0.173913043478268,0.1497493089653837,0.095458884494759,0.126243663502653,0.0122280124531212,39.87124401045948,23.076923076923915,0.1451612903225867,0.2634336287990378,-0.2581872537029461,0.298390247799786,0.0259144396193234,39.8648388490218,23.18840579710206,0.3301587301587315,0.3198672662686513,0.2855588795213304,0.6736921224536158,0.1518761904052131,60.27759101281819,73.10826542491267,0.7455947136563874,0.578325473570536,-0.6216216216216153,0.5663086795200759,0.3938139872953783,60.39958028179824,84.15094339622644,0.577221742881795,0.767351907162689,2026-06-13/2026-06-19,0.390888,-0.134388,443.99443575,-0.02682553394770526,7.633702787044358,-0.3083464690842974,20.53778026011372,0.6855997327096558,1
2026-06-17 07:31:17.229769+00:00,2026-06-17T07:31:17.224064+00:00,SOL,KXSOL15M-26JUN170345-45,2026-06-17 07:45:00+00:00,73.055,73.143,-0.1203,13.72,0.02,0.42,0.3462,0.0738,no,trade,0.4576,0.1429,0.8571,-1.0,0.751,1.0,0.8421,0.0263,-1,0.1316,0.0263,0.003368,1.542,-2.0,0.0,0.0,-0.041,-0.0683,-0.5438,-0.5145,-1,,-0.188,,0.9692,,0.515,,0.3103,-0.2582,-1.0,-2.0,23.19,0.0,54.02,,,0.0,0.3208,9.09e-05,-0.0006559,0.0004272,-0.1534,,,,0.2856,0.432,-2.0,-1.0,0.0781,72.66,50.0,0.0,0.1756,0.014,13.92,1000.0,1.0,0.0,-13.92,73.32,0.3627,0.242,Bear,,Bear,Bull,Bull,Bear,,0.2484,0.3462,,,,,,,,,0.3199,0.0,-347.33,-39735245.474999994,0.7868518284454599,-39138833.15799999,,,,,,,,,,,,,,,,,,,,,,,,2026-06-17 07:31:17.229769+00:00,False,0.5800000000000001,-0.5800000000000001,296,-0.3268864069735699,0.0678265642959751,0.0099486765312287,28.697791692229757,0.0,0.0,-0.0223700124683076,-0.4489185144878171,-0.077069114914801,0.0112922813880258,34.35101956919229,0.0,0.0,0.108016653340131,-0.2581872537029461,0.298390247799786,0.0259144396193234,39.8648388490218,23.18840579710206,0.3301587301587315,0.3198672662686513,0.2855588795213304,0.6736921224536158,0.1518761904052131,60.27759101281819,73.10826542491267,0.7455947136563874,0.578325473570536,-0.6216216216216153,0.5663086795200759,0.3938139872953783,60.39958028179824,84.15094339622644,0.577221742881795,0.767351907162689,2026-06-13/2026-06-19,0.240857,0.007543000000000022,469.2871628166667,-0.24369850721919217,5.168693970167219,-0.3083464690842974,20.53778026011372,0.35718527315914494,2
2026-06-17 07:46:28.422009+00:00,2026-06-17T07:46:28.385837+00:00,SOL,KXSOL15M-26JUN170400-00,2026-06-17 08:00:00+00:00,73.2025,73.2582,-0.076,13.53,0.01,0.425,0.3225,0.1025,no,trade,0.3177,0.5,0.0,0.0,0.0,1.0,0.875,1.0,1,0.0,0.125,0.003468,0.6292,0.0,40.0,19.05,0.0,0.0,0.2187,-0.1624,1,,-0.3001,,0.7401,,0.4718,,0.3103,-0.2582,-1.0,-2.0,23.19,,54.02,,,0.0,0.2531,9.09e-05,-0.0006559,8.18e-05,-0.1779,,,,0.2856,0.432,-2.0,-1.0,0.0679,72.68,50.0,0.0,0.2412,0.0193,19.55,1000.0,0.0,1.0,14.45,73.24,0.0512,-0.0248,Bear,,Bear,Bull,Bull,Bear,,0.2752,0.3225,,,,,,,,,0.273,0.0,-2039.85,-35431586.52860001,0.8767994089372656,-77150303.6063,,,,,,,,,,,,,,,,,,,,,,,,2026-06-17 07:46:28.422009+00:00,True,0.575,0.425,296,0.0,0.3324066400193058,0.0097902687567436,43.593901890417854,39.99999999999858,0.2539682539682447,0.4120828102784255,0.1913091008472145,0.1361398996559961,0.0116453772523761,41.38355953117099,19.047619047618564,0.1904761904761856,0.3128336542960703,-0.2581872537029461,0.298390247799786,0.0259144396193234,39.8648388490218,23.18840579710206,0.3301587301587315,0.3198672662686513,0.2855588795213304,0.6736921224536158,0.1518761904052131,60.27759101281819,73.10826542491267,0.7455947136563874,0.578325473570536,-0.6216216216216153,0.5663086795200759,0.3938139872953783,60.39958028179824,84.15094339622644,0.577221742881795,0.767351907162689,2026-06-13/2026-06-19,0.260934,0.014266000000000001,484.47370015,-0.011014810343124015,8.697801712722198,-0.3083464690842974,20.53778026011372,0.21914648212226068,3
2026-06-17 08:16:50.021148+00:00,2026-06-17T08:16:50.016871+00:00,SOL,KXSOL15M-26JUN170430-30,2026-06-17 08:30:00+00:00,72.76,72.8538,-0.1288,13.17,0.02,0.39,0.3116,0.0784,no,trade,0.5179,0.0,1.0,-1.0,1.163,1.0,1.0,0.0,-1,0.0,0.0,0.003853,1.1756,-3.0,0.0,0.0,-0.0823,-0.0823,-0.5325,-0.5607,-1,,-0.4684,,1.3756,,0.4969,,0.4074,-0.218,-1.0,-3.0,15.28,0.0,43.48,,,0.0,0.1555,-0.0016304,-0.0007025,-5.97e-05,-0.2513,,50.0,50.0,-0.6915,0.2245,-2.0,-1.0,-0.0505,72.62,50.0,0.0,0.2012,0.0161,15.86,1000.0,0.0,1.0,10.14,72.71,-0.0687,-0.1974,Bear,,Bear,Bull,Bull,Bear,,0.1957,0.3116,,,,,,,,,0.273,0.0,-2039.85,-35431586.52860001,0.8767994089372656,-77150303.6063,,,,,,,,,,,,,,,,,,,,,,,,2026-06-17 08:16:50.021148+00:00,True,0.61,0.39,296,-0.2735603884557513,-0.1281386904577382,0.0082543585588312,28.86080237997662,0.0,0.0,-0.171854935166714,-0.4505734571272457,-0.126964412174485,0.0138143857768282,29.41921511077605,0.0,0.0,-0.0204132307730957,-0.2179836512261723,0.234204499929777,0.0242432095675346,36.38369004536369,15.277777777777724,0.2793650793650774,0.2729873127063114,-0.6915254237288226,0.6099696496580379,0.1469193463711949,53.68216586798293,47.091932457785965,0.6894273127753295,0.4683389540747548,-0.6216216216216153,0.5663086795200759,0.3938139872953783,60.39958028179824,84.15094339622644,0.577221742881795,0.767351907162689,2026-06-13/2026-06-19,0.304772,-0.10907199999999997,514.8336858,-0.24314030253118624,12.502201756372045,-0.16297722950900928,26.856869951618066,0.3342849727485076,4
2026-06-17 09:17:31.786942+00:00,2026-06-17T09:17:31.775873+00:00,SOL,KXSOL15M-26JUN170530-30,2026-06-17 09:30:00+00:00,72.3075,72.3402,-0.0452,12.47,0.07,0.385,0.3225,0.0625,no,trade,0.214,1.0,1.0,1.0,0.295,1.0,1.0,1.0,1,0.0,0.0,0.003659,0.0377,0.0,27.16,13.75,0.0,0.0138,0.0138,-0.4856,1,,-1.3976,,1.9114,,0.4337,,0.2019,-1.1333,-1.0,-4.0,9.29,0.0,28.95,,,0.0,-0.1997,-0.0035751,-0.0020911,-0.0006013,-0.5267,,,,-0.6915,0.2245,-2.0,-1.0,0.0652,72.38,50.0,0.0,0.1624,0.013,12.91,1000.0,1.0,0.0,-12.91,72.37,0.0864,0.0412,Bear,,Bear,Bull,Bull,Bear,,0.0278,0.3225,,,,,,,,,-0.0334,-1.0,-5341.54,-35431586.52860001,0.8767994089372656,-77150303.6063,,,,,,,,,,,,,,,,,,,,,,,,2026-06-17 09:17:31.786942+00:00,False,0.615,-0.615,297,0.0138102472034384,0.2540754594779629,0.020697202133546,31.80886307348102,24.175824175824143,0.1964285714285721,0.1869563458551278,0.0138102472034384,0.0227734457757023,0.025495597003178,20.42458612289488,12.865497076023372,0.1222222222222217,-0.134505170725717,-1.1332605133806628,-0.1656531198715891,0.0240787601780827,23.98187114619492,9.29203539822985,0.0772058823529389,-0.0333662945523765,-0.6915254237288226,0.6099696496580379,0.1469193463711949,53.68216586798293,47.091932457785965,0.6894273127753295,0.4683389540747548,-0.6216216216216153,0.5663086795200759,0.3938139872953783,60.39958028179824,84.15094339622644,0.577221742881795,0.767351907162689,2026-06-13/2026-06-19,0.162781,-0.13498100000000002,575.5297823666666,-0.024661417051485834,9.626845841400137,-0.7959483433310099,9.195879194000458,0.1235310194042088,1
2026-06-17 09:32:50.154318+00:00,2026-06-17T09:32:50.120132+00:00,SOL,KXSOL15M-26JUN170545-45,2026-06-17 09:45:00+00:00,72.3825,72.4452,-0.0865,12.17,0.05,0.425,0.3462,0.0788,no,trade,0.3856,0.5,0.0,0.0,0.0,1.0,0.2778,0.0,-1,0.7222,0.0,0.003478,0.7139,1.0,43.48,18.75,0.1796,0.1796,0.1105,-0.243,1,,-1.3976,,1.7973,,0.4666,,0.2019,-1.1333,-1.0,-4.0,9.29,0.0,28.95,,,0.0,-0.1997,-0.0035751,-0.0020911,-0.0006013,-0.5267,,,,-0.6915,0.2245,0.0,1.0,-0.0356,72.54,50.0,0.0,0.1853,0.0148,14.95,1000.0,1.0,0.0,-14.95,72.51,0.1761,0.0894,Bear,,Bear,Bull,Bull,Bear,,0.0094,0.3462,,,,,,,,,-0.0334,-1.0,-5341.54,-35431586.52860001,0.8767994089372656,-77150303.6063,,,,,,,,,,,,,,,,,,,,,,,,2026-06-17 09:32:50.154318+00:00,False,0.575,-0.575,297,0.0,0.2736550974583374,0.0174515383719407,34.538164840397414,23.943661971831435,0.1517857142857171,0.1579685360533375,-0.069041701187511,0.0650971702436003,0.0275617323778294,19.495832375844486,10.691823899371151,0.0944444444444455,-0.0958822837804811,-1.1332605133806628,-0.1656531198715891,0.0240787601780827,23.98187114619492,9.29203539822985,0.0772058823529389,-0.0333662945523765,-0.6915254237288226,0.6099696496580379,0.1469193463711949,53.68216586798293,47.091932457785965,0.6894273127753295,0.4683389540747548,-0.6216216216216153,0.5663086795200759,0.3938139872953783,60.39958028179824,84.15094339622644,0.577221742881795,0.767351907162689,2026-06-13/2026-06-19,0.112212,-0.102812,590.8359053,0.14923606920995702,19.86106662395881,-0.7959483433310099,9.195879194000458,0.24870615296147208,2
2026-06-17 11:24:12.836467+00:00,2026-06-17T11:24:12.821342+00:00,SOL,KXSOL15M-26JUN170730-30,2026-06-17 11:30:00+00:00,71.9175,71.9597,-0.0586,5.79,0.02,0.43,0.3225,0.1075,no,trade,0.3901,0.0,1.0,-1.0,0.065,1.0,0.275,0.725,-1,0.0,0.725,0.003038,1.8301,-4.0,25.68,12.84,0.0,0.1252,-0.1804,-0.5107,-1,,-1.6646,,1.5651,,0.4531,,0.0,-0.4415,-1.0,-1.0,0.0,-1.0,21.05,,,-1.0,-0.0498,-0.0037906,-0.0017258,-0.0015568,-0.5939,,,,-0.6915,0.2245,-2.0,-1.0,-0.1227,72.41,50.0,0.0,0.25,0.02,19.95,1000.0,1.0,0.0,-19.95,71.95,0.0452,-0.0135,Bear,,Bear,Bull,Bull,Bear,,-0.0296,0.3225,,,,,,,,,-0.0261,-1.0,42134.1,-35431586.52860001,0.8767994089372656,-77150303.6063,,,,,,,,,,,,,,,,,,,,,,,,2026-06-17 11:24:12.836467+00:00,False,0.5700000000000001,-0.5700000000000001,298,-0.2637057598889658,-0.0708833383441146,0.0115748142798102,21.29097080829956,12.328767123288072,0.1046511627907017,-0.2934707995131475,-0.1524390243902385,0.1255274633432585,0.0262036430029014,17.821860586955168,18.064516129032366,0.1386138613861385,-0.0493057596689203,-0.4415011037527727,-0.0803637710724487,0.0308034283138389,22.52218593373179,0.0,0.0,-0.0260984462549669,-0.6915254237288226,0.6099696496580379,0.1469193463711949,53.68216586798293,47.091932457785965,0.6894273127753295,0.4683389540747548,-0.6216216216216153,0.5663086795200759,0.3938139872953783,60.39958028179824,84.15094339622644,0.577221742881795,0.767351907162689,2026-06-13/2026-06-19,-0.083853,0.054252999999999996,702.2139411166667,-0.28497820373595273,0.0,-0.12104312909130277,0.29125860123056635,0.19289005924950625,1
2026-06-17 12:04:41.209109+00:00,2026-06-17T12:04:41.199529+00:00,SOL,KXSOL15M-26JUN170815-15,2026-06-17 12:15:00+00:00,71.94,72.0013,-0.0851,10.32,0.04,0.42,0.2753,0.1447,no,trade,0.4469,0.2857,0.7143,-1.0,0.116,1.0,0.4286,0.2857,-1,0.2857,0.2857,0.002676,0.7259,-1.0,51.72,34.48,0.0,-0.0416,-0.1801,-0.0609,-1,,-1.5656,,1.4045,,0.4302,,0.7674,-0.097,-1.0,-2.0,12.22,1.0,22.55,,,0.0,0.0251,-0.0034323,-0.0016595,-0.001516,-0.5554,,50.0,50.0,-1.5702,0.223,-2.0,-1.0,0.0015,72.67,50.0,0.0,0.3446,0.0276,27.84,1000.0,1.0,0.0,-27.84,72.28,0.4726,0.3871,Bear,,Bear,Bull,Bull,Sideways,,0.0277,0.2753,,,,,,,,,0.0196,0.0,-4702.71,96293702.5984,1.2740302795234597,21126870.594799995,,,,,,,,,,,,,,,,,,,,,,,,2026-06-17 12:04:41.209109+00:00,False,0.5800000000000001,-0.5800000000000001,298,-0.1385233411829833,0.3935941418352161,0.01061271101184,45.72223911588561,56.14035087719355,0.4383561643835694,0.431080210960495,0.0416319733555381,0.2421711457957379,0.0252556213193187,29.5152140494003,32.32323232323277,0.1787709497206739,0.2344700211829677,-0.0970066518846901,-0.0128857209705269,0.035124088166718,21.67431047366115,11.89591078066943,0.1189591078066943,0.0196209186681982,-1.5701802293828448,0.4854081179447641,0.1404056845544569,41.80091191123415,24.091778202676945,0.5627753303964758,0.2528663852640272,-0.6216216216216153,0.5663086795200759,0.3938139872953783,60.39958028179824,84.15094339622644,0.577221742881795,0.767351907162689,2026-06-13/2026-06-19,-0.05333,0.08103,742.6868184833334,0.10465619713533325,32.7663230240552,0.06374349986077998,15.730729206325192,0.31801195814648725,2
2026-06-17 12:19:53.018712+00:00,2026-06-17T12:19:53.011030+00:00,SOL,KXSOL15M-26JUN170830-30,2026-06-17 12:30:00+00:00,72.1575,72.1823,-0.0344,10.12,0.03,0.465,0.3225,0.1425,no,trade,0.1939,1.0,1.0,1.0,0.011,1.0,0.96,1.0,1,0.0,0.04,0.002451,1.4113,-1.0,95.24,57.47,0.0,-0.0277,0.3193,0.2322,1,,-1.5656,,1.1225,,0.4039,,0.7674,-0.097,-1.0,-2.0,12.22,1.0,22.55,,,0.0,0.0251,-0.0034323,-0.0016595,-0.001516,-0.5554,,50.0,50.0,-1.5702,0.223,0.0,0.902,0.1569,72.74,50.0,0.0,0.3065,0.0245,24.61,1000.0,0.0,1.0,21.39,71.74,-0.5786,-0.6128,Bear,,Bear,Bull,Bull,Sideways,,0.0308,0.3225,,,,,,,,,0.0196,0.0,-4702.71,96293702.5984,1.2740302795234597,21126870.594799995,,,,,,,,,,,,,,,,,,,,,,,,2026-06-17 12:19:53.018712+00:00,True,0.5349999999999999,0.4650000000000001,298,0.0692233144122811,0.7512236180382251,0.0083607505551464,62.53044476819401,100.0,0.7968750000000073,0.9981993996893982,0.2635594395894003,0.3630984940101239,0.0222658895928438,45.182057494135,59.30232558139599,0.2849162011173203,0.5506259921455056,-0.0970066518846901,-0.0128857209705269,0.035124088166718,21.67431047366115,11.89591078066943,0.1189591078066943,0.0196209186681982,-1.5701802293828448,0.4854081179447641,0.1404056845544569,41.80091191123415,24.091778202676945,0.5627753303964758,0.2528663852640272,-0.6216216216216153,0.5663086795200759,0.3938139872953783,60.39958028179824,84.15094339622644,0.577221742881795,0.767351907162689,2026-06-13/2026-06-19,-0.0296,0.0604,757.8836451999999,0.010843373865654371,51.29990341275008,0.06374349986077998,15.730729206325192,0.14035087719298245,3
2026-06-17 13:20:34.085846+00:00,2026-06-17T13:20:34.072447+00:00,SOL,KXSOL15M-26JUN170930-30,2026-06-17 13:30:00+00:00,72.3325,72.3997,-0.0928,9.44,0.03,0.305,0.227,0.078,no,trade,0.3845,0.6667,0.3333,-1.0,1.28,1.0,0.5455,0.8182,1,0.1818,0.2727,0.003394,0.8953,-1.0,88.51,77.0,0.0138,-0.0276,0.1522,0.5239,1,,-1.2051,,0.876,,0.57,,1.0,0.4164,1.0,1.0,25.09,0.0,30.15,,,1.0,0.1657,-0.0024245,-0.0011668,-0.0016288,-0.3469,,,,-1.5702,0.223,0.0,1.0,-0.2976,73.27,50.0,0.0,0.2556,0.0205,20.16,1000.0,0.0,1.0,8.85,72.2,-0.1832,-0.2758,Bear,,Bear,Bull,Bull,Bear,,0.2815,0.227,,,,,,,,,0.245,0.0,-4332.27,96293702.5984,1.2740302795234597,21126870.594799995,,,,,,,,,,,,,,,,,,,,,,,,2026-06-17 13:20:34.085846+00:00,True,0.6950000000000001,0.3049999999999999,299,-0.0828043058238914,0.8325775098834182,0.0104395439542509,64.10061337645158,91.66666666666752,0.9166666666666752,0.8661561534395287,0.1658833287254468,0.6607148181701177,0.0135972428704223,57.56174148779824,82.99999999999983,0.6484374999999981,0.7919317495938767,0.3467887363018507,0.1228266307257236,0.0373626199268624,31.669849231148703,25.088339222615136,0.2508833922261513,0.2449927956802827,-1.5701802293828448,0.4854081179447641,0.1404056845544569,41.80091191123415,24.091778202676945,0.5627753303964758,0.2528663852640272,-0.6216216216216153,0.5663086795200759,0.3938139872953783,60.39958028179824,84.15094339622644,0.577221742881795,0.767351907162689,2026-06-13/2026-06-19,0.110464,0.17103599999999997,818.5680974333334,0.04807582912740305,97.25524440827958,0.32523951825187414,29.11051041904631,0.27342368886269885,1
2026-06-17 13:50:53.645578+00:00,2026-06-17T13:50:53.638242+00:00,SOL,KXSOL15M-26JUN171000-00,2026-06-17 14:00:00+00:00,72.51,72.5168,-0.0094,9.11,0.01,0.535,0.3462,0.1888,no,trade,0.0287,0.75,0.5,1.0,1.563,1.0,0.5745,0.8511,1,0.1489,0.2766,0.003605,1.7929,2.0,94.83,97.32,0.0,0.0688,0.4004,0.7333,1,,-1.1206,,0.4164,,0.7857,,1.0,0.4164,1.0,1.0,25.09,,30.15,,,1.0,0.1767,-0.0024245,-0.0011668,-0.0014584,-0.3344,,,,-1.5702,0.223,0.0,1.0,0.1694,73.58,50.0,0.0,0.3528,0.0282,28.36,1000.0,0.0,1.0,32.63,72.52,0.0138,0.0044,Bear,,Bear,Bull,Bull,Bear,,0.2988,0.3462,,,,,,,,,0.3779,0.0,-5755.47,96293702.5984,1.2740302795234597,21126870.594799995,,,,,,,,,,,,,,,,,,,,,,,,2026-06-17 13:50:53.645578+00:00,True,0.4649999999999999,0.535,299,0.2896152254861395,0.9892174428248706,0.0136389014567066,72.30316164419605,100.0,1.0,1.1733246895327136,0.3459728757265523,0.7891096102062198,0.0113665327608742,58.01574191339566,88.88888888888906,0.8800000000000097,0.7687990058796497,0.3467887363018507,0.1228266307257236,0.0373626199268624,31.669849231148703,25.088339222615136,0.2508833922261513,0.2449927956802827,-1.5701802293828448,0.4854081179447641,0.1404056845544569,41.80091191123415,24.091778202676945,0.5627753303964758,0.2528663852640272,-0.6216216216216153,0.5663086795200759,0.3938139872953783,60.39958028179824,84.15094339622644,0.577221742881795,0.767351907162689,2026-06-13/2026-06-19,0.236571,0.06222900000000001,848.8940929666667,0.49772992196293053,85.83741852071284,0.32523951825187414,29.11051041904631,0.026074895977808602,2
2026-06-17 14:01:00.751593+00:00,2026-06-17T14:01:00.745870+00:00,SOL,KXSOL15M-26JUN171015-15,2026-06-17 14:15:00+00:00,72.2975,72.4213,-0.1709,13.99,0.03,0.365,0.2743,0.0907,no,trade,0.376,0.1667,0.4167,-1.0,1.488,1.0,0.56,0.08,-1,0.36,0.08,0.003782,0.9115,0.0,58.18,79.46,0.0,-0.1377,-0.2064,0.4182,-1,,-0.792,,0.6902,,0.8819,,0.5818,0.2488,1.0,2.0,31.45,0.0,35.0,,,0.0,0.2571,-0.0016466,-0.0016385,-0.001212,-0.1862,,,,-1.5702,0.223,0.0,0.9986,-0.1117,73.58,50.0,0.0,0.2484,0.0199,19.68,1000.0,1.0,0.0,-19.68,72.66,0.5014,0.3296,Bear,,Bear,Bull,Bull,Bear,,0.2917,0.2743,,,,,,,,,0.3779,0.0,-5755.47,96293702.5984,1.2740302795234597,21126870.594799995,,,,,,,,,,,,,,,,,,,,,,,,2026-06-17 14:01:00.751593+00:00,False,0.635,-0.635,299,-0.0551267916207409,0.7402376911072949,0.0145726773554831,57.410034109940874,62.96296296296189,0.8165137614678879,0.6480403415962402,0.0137912012136087,0.7872020128841464,0.0116579384989287,58.36350161185091,81.65137614678879,0.8165137614678879,0.7361717410128888,0.2488249930881814,0.2183249638816475,0.0385927100524913,38.22009029538351,31.44876325088343,0.3144876325088343,0.3779145443139172,-1.5701802293828448,0.4854081179447641,0.1404056845544569,41.80091191123415,24.091778202676945,0.5627753303964758,0.2528663852640272,-0.6216216216216153,0.5663086795200759,0.3938139872953783,60.39958028179824,84.15094339622644,0.577221742881795,0.767351907162689,2026-06-13/2026-06-19,0.249324,0.042376000000000025,859.01252655,0.09601103436940317,89.30936371639633,0.3708465220281676,44.416101931521126,0.4518773135906927,3
2026-06-17 17:48:54.835657+00:00,2026-06-17T17:48:54.822487+00:00,SOL,KXSOL15M-26JUN171400-00,2026-06-17 18:00:00+00:00,73.4225,73.5442,-0.1655,11.09,0.05,0.325,0.2753,0.0497,no,trade,0.3976,0.0,1.0,-1.0,0.609,1.0,0.7812,0.0,-1,0.2188,0.0,0.00564,0.7724,-2.0,0.0,57.86,0.0272,-0.2309,-0.6223,-0.5559,-1,,0.7966,,999.0,,0.9069,,0.0549,-0.0677,-1.0,-1.0,71.43,,47.6,,,0.0,0.7309,0.0037003,-4.52e-05,-0.0001624,0.2649,,,,2.457,0.9864,-2.0,-1.0,0.202,73.46,50.0,0.0,0.1531,0.0122,12.15,1000.0,1.0,0.0,-12.15,73.11,-0.4256,-0.5904,Sideways,,Bear,Bull,Bull,Sideways,,0.4245,0.2753,,,,,,,,,0.8929,0.0,-6865.23,-48458902.63829994,0.933262335401406,12403213.431500047,,,,,,,,,,,,,,,,,,,,,,,,2026-06-17 17:48:54.835657+00:00,False,0.675,-0.675,300,-0.2979011509817164,0.2439598797394304,0.0134005455888806,41.88438707164272,18.749999999998472,0.1061946902654786,0.2351885184043714,-0.2168315489903927,0.6822904259504428,0.0411723180992505,55.32757187516343,63.92857142857121,0.6392857142857121,0.5334389609573105,-0.0406448990651675,0.7065494651838565,0.0375614189252054,65.87596042712903,71.4285714285715,0.714285714285715,0.8400178442124248,2.3859065057566964,0.6362304710488601,0.1304197568932531,57.868709864639776,56.978967495219926,0.7522026431718061,0.6199505452319878,-0.6216216216216153,0.5663086795200759,0.3938139872953783,60.39958028179824,84.15094339622644,0.577221742881795,0.767351907162689,2026-06-13/2026-06-19,0.619952,-0.19545199999999996,40.39726095,-0.1728880597942406,63.262648692512755,0.14225099272369146,69.0873574754885,0.29343971631205673,1
2026-06-17 18:49:32.149384+00:00,2026-06-17T18:49:32.134455+00:00,SOL,KXSOL15M-26JUN171500-00,2026-06-17 19:00:00+00:00,74.095,74.223,-0.1725,10.47,0.06,0.41,0.3225,0.0875,no,trade,0.1948,1.0,1.0,1.0,1.507,1.0,0.8615,1.0,1,0.0,0.1385,0.008338,2.1065,-1.0,85.92,74.06,-0.35,-0.3903,1.2447,0.8203,1,,1.1094,,999.0,,1.9856,,0.8,0.4337,1.0,1.0,82.06,,54.12,,,1.0,0.8325,0.0045834,0.0005755,0.000108,0.332,,,,2.457,0.9864,0.0,0.9993,-0.638,73.39,50.0,0.0,0.2135,0.0171,17.11,1000.0,0.0,1.0,11.89,73.62,-0.6411,-0.8124,Sideways,,Bear,Bull,Bull,Sideways,,0.3537,0.3225,,,,,,,,,0.6072,0.0,-15799.98,-48458902.63829994,0.933262335401406,12403213.431500047,,,,,,,,,,,,,,,,,,,,,,,,2026-06-17 18:49:32.149384+00:00,True,0.5900000000000001,0.4099999999999999,301,0.8687389710872795,0.9800242538049756,0.0206823654065084,68.77006026211961,100.0,1.0,1.029813339656238,1.5163934426229542,0.8332724538551972,0.0396232794926074,63.150579139555454,86.19246861924694,0.8821428571428577,0.8092971320271463,0.4337218758470929,0.8155183385181404,0.0380915233533232,70.16840339456567,82.05980066445166,0.8205980066445165,0.8929043726817263,2.3859065057566964,0.6362304710488601,0.1304197568932531,57.868709864639776,56.978967495219926,0.7522026431718061,0.6199505452319878,-0.6216216216216153,0.5663086795200759,0.3938139872953783,60.39958028179824,84.15094339622644,0.577221742881795,0.767351907162689,2026-06-13/2026-06-19,0.444796,-0.09109600000000001,101.0191564,0.9080172736020797,71.51758756507584,0.26179453220946947,78.39185404626608,0.20688414487886783,1
2026-06-18 09:50:11.889118+00:00,2026-06-18T09:50:11.883887+00:00,SOL,KXSOL15M-26JUN180600-00,2026-06-18 10:00:00+00:00,71.8675,71.8887,-0.0295,9.8,0.02,0.35,0.2753,0.0747,no,trade,0.2014,0.0,0.2222,-1.0,2.712,1.0,0.6154,1.0,1,0.0,0.3846,0.002621,0.6894,-1.0,41.18,79.8,0.0,-0.1249,0.0695,-0.0031,1,,-0.5703,,999.0,,0.3391,,0.5294,0.1532,1.0,3.0,40.53,,36.96,,,0.0,0.4557,-0.0014772,-0.0003008,-0.0020186,-0.0116,,,,0.1954,0.9737,,,,,50.0,0.0,0.2136,0.0171,34.45,2000.0,0.0,1.0,18.55,71.81,-0.08,-0.1095,Bear,,Bear,Bull,Sideways,Sideways,,-0.0899,0.2753,,,,,,,,,0.5104,0.0,7260.97,-53001507.6582,0.7952177083373347,-56157455.51280001,,,,,,,,,,,,,,,,,,,,,,,,2026-06-18 09:50:11.889118+00:00,True,0.65,0.35,302,-0.0138966092273373,0.5075277053967521,0.0046159562778508,52.09940486726894,41.17647058823505,0.4117647058823505,0.5261198339631015,0.1112966054535258,0.7819023192955887,0.022672180347638,63.327131819431315,82.24299065420462,0.8716216216216139,0.7407420631646688,0.1532460295346815,0.400782800159436,0.0503589160459445,49.3679114442442,40.53156146179391,0.3073047858942063,0.5539033633307376,0.1954215522054658,0.2294892349031903,0.0692839492008769,43.28072567814961,22.79260780287471,0.2059369202226343,0.3581666063139557,-2.080500407941255,0.5317967712549722,0.3723104078021378,53.93038610126762,74.52830188679248,0.5112165660051771,0.6142402001411146,2026-06-13/2026-06-19,0.011388,-0.10128799999999999,1001.6814853,0.02257924365292041,55.48069000345556,-0.16112004327135665,34.01673197077215,0.112552460892789,1
2026-06-18 10:05:39.680643+00:00,2026-06-18T10:05:39.666178+00:00,SOL,KXSOL15M-26JUN180615-15,2026-06-18 10:15:00+00:00,71.705,71.7835,-0.1094,9.34,0.08,0.22,0.1633,0.0567,no,trade,0.8219,0.0,1.0,-1.0,2.327,1.0,0.6957,0.0,-1,0.3043,0.0,0.002697,1.1882,-2.0,0.0,62.63,-0.0139,-0.0974,-0.2363,-0.2276,-1,,-0.6165,,999.0,,0.3158,,0.0,-0.1113,-1.0,-1.0,57.29,0.0,51.5,,,0.0,0.4333,0.000395,0.0003838,-0.001962,-0.035,,,,0.1954,0.9737,,,,,50.0,0.0,0.2577,0.0206,41.34,2000.0,0.0,1.0,11.66,71.33,-0.523,-0.6318,Bear,,Bear,Bull,Sideways,Sideways,,-0.1812,0.1633,,,,,,,,,0.5104,0.0,7260.97,-53001507.6582,0.7952177083373347,-56157455.51280001,,,,,,,,,,,,,,,,,,,,,,,,2026-06-18 10:05:39.680643+00:00,True,0.78,0.2199999999999999,302,0.0417769112937005,0.2032499029663435,0.0048479476113635,42.536652273491306,8.823529411764952,0.0882352941176495,0.2723605617079077,-0.208449138410216,0.6701085908002703,0.0223514582650353,52.6669088889888,65.65656565656562,0.7702702702702686,0.4854851025876039,-0.111281123939344,0.3888943692723287,0.0505387349642823,47.75380014091515,57.28643216080419,0.2871536523929473,0.5104097842189044,0.1954215522054658,0.2294892349031903,0.0692839492008769,43.28072567814961,22.79260780287471,0.2059369202226343,0.3581666063139557,-2.080500407941255,0.5317967712549722,0.3723104078021378,53.93038610126762,74.52830188679248,0.5112165660051771,0.6142402001411146,2026-06-13/2026-06-19,0.011388,-0.192588,1017.1446773833334,-0.08016855777651655,39.97204534865658,-0.2432971359466185,46.04695690088264,0.40563589173155357,2
2026-06-18 10:46:44.482189+00:00,2026-06-18T10:46:44.477576+00:00,SOL,KXSOL15M-26JUN180700-00,2026-06-18 11:00:00+00:00,71.03,71.1228,-0.1305,13.26,0.05,0.395,0.3116,0.0834,no,trade,0.6269,0.0,0.5714,-1.0,0.508,1.0,0.1538,0.2308,1,0.7692,0.0769,0.003134,0.5833,-1.0,0.0,0.0,0.0,-0.2385,-0.1124,-0.7756,-1,,-0.4749,,0.7149,,0.4146,,0.0,-0.1113,-1.0,-1.0,57.29,,51.5,,,0.0,0.4662,0.000395,0.0003838,-0.0016324,-0.0227,,,,0.1954,0.9737,-2.0,-1.0,-0.23,74.38,50.0,0.0,0.2113,0.0169,33.88,2000.0,1.0,0.0,-33.88,71.41,0.535,0.4038,Bear,,Bear,Bull,Sideways,Sideways,,-0.4268,0.3116,,,,,,,,,0.3313,0.0,-2425.72,-53001507.6582,0.7952177083373347,-56157455.51280001,,,,,,,,,,,,,,,,,,,,,,,,2026-06-18 10:46:44.482189+00:00,False,0.605,-0.605,302,-0.0421170854976837,0.1796051820628386,0.0200136480832465,24.002042573930964,4.545454545455206,0.0404040404040463,0.0286595798890184,0.028097780275349,0.2176451943006784,0.0189739283163655,29.704069613617435,4.040404040404635,0.2083333333333328,-0.0284171429113451,-0.111281123939344,0.3888943692723287,0.0505387349642823,47.75380014091515,57.28643216080419,0.2871536523929473,0.5104097842189044,0.1954215522054658,0.2294892349031903,0.0692839492008769,43.28072567814961,22.79260780287471,0.2059369202226343,0.3581666063139557,-2.080500407941255,0.5317967712549722,0.3723104078021378,53.93038610126762,74.52830188679248,0.5112165660051771,0.6142402001411146,2026-06-13/2026-06-19,-0.08985,-0.33695,1058.22470315,0.13593162435945327,12.7258881762003,-0.2432971359466185,46.04695690088264,0.4164007657945118,3
2026-06-18 11:37:23.755443+00:00,2026-06-18T11:37:23.746880+00:00,SOL,KXSOL15M-26JUN180745-45,2026-06-18 11:45:00+00:00,71.0375,71.0635,-0.0366,7.61,0.04,0.37,0.3225,0.0475,no,trade,0.198,0.5,0.0,0.0,2.022,1.0,0.1875,1.0,1,0.0,0.8125,0.003425,1.3138,-1.0,38.03,20.61,-0.0843,-0.0562,0.3811,-0.3419,1,,-0.9322,,0.6648,,0.4859,,0.4133,-0.6124,-1.0,-2.0,37.19,-1.0,41.96,,,0.0,0.3103,0.0007017,-0.0003145,-0.0018795,-0.1474,,,,0.1954,0.9737,-2.0,-1.0,-0.095,74.58,50.0,0.0,0.1284,0.0103,20.79,2000.0,0.0,1.0,12.21,70.93,-0.1513,-0.1879,Bear,,Bear,Bull,Sideways,Bear,,0.1613,0.3225,,,,,,,,,0.3313,0.0,-2425.72,-53001507.6582,0.7952177083373347,-56157455.51280001,,,,,,,,,,,,,,,,,,,,,,,,2026-06-18 11:37:23.755443+00:00,True,0.63,0.37,303,0.3099901366774737,0.4072464944279846,0.0140658715461115,48.321904155807374,49.29577464788696,0.3271028037383145,0.5547269830055547,-0.1828410689170168,0.0546530322454398,0.0192754440486733,29.097238933712266,9.92366412213704,0.0992366412213704,0.0216891053955872,-0.5570254839158961,0.2964666752203371,0.0514699367451464,40.2077150609758,37.18592964824104,0.1863979848866486,0.3313017418701053,0.1954215522054658,0.2294892349031903,0.0692839492008769,43.28072567814961,22.79260780287471,0.2059369202226343,0.3581666063139557,-2.080500407941255,0.5317967712549722,0.3723104078021378,53.93038610126762,74.52830188679248,0.5112165660051771,0.6142402001411146,2026-06-13/2026-06-19,-0.473225,0.634525,1108.8792573833334,-0.060047206727043,7.759435677405118,-0.086990315690616,40.75127249978668,0.10686131386861313,1
2026-06-18 11:52:34.733021+00:00,2026-06-18T11:52:34.720933+00:00,SOL,KXSOL15M-26JUN180800-00,2026-06-18 12:00:00+00:00,70.7775,70.8385,-0.0861,7.43,0.03,0.375,0.2753,0.0997,no,trade,0.4528,0.0,0.7391,-1.0,0.524,1.0,0.7692,0.1538,-1,0.0769,0.1538,0.0036,1.5294,-2.0,10.0,5.71,0.1131,-0.1973,-0.3657,-0.5125,-1,,-0.3972,,1.0421,,0.5062,,0.4133,-0.6124,-1.0,-2.0,37.19,,41.96,,,0.0,0.2905,0.0007017,-0.0003145,-0.0002423,-0.1281,,,,0.1954,0.9737,-2.0,-1.0,0.2158,74.63,50.0,0.0,0.266,0.0213,42.5,2000.0,1.0,0.0,-42.5,70.93,0.2155,0.1292,Bear,,Bear,Bull,Sideways,Bear,,0.0508,0.2753,,,,,,,,,0.1715,0.0,1080.87,-81773471.37300003,0.8679845388220511,-118923283.54850005,,,,,,,,,,,,,,,,,,,,,,,,2026-06-18 11:52:34.733021+00:00,False,0.625,-0.625,303,-0.1552137716946511,0.0090050035774736,0.0114911472363082,31.417648022710964,0.0,0.0,0.0119709518400641,-0.1409046075806608,0.0371951749438134,0.0209540022059148,26.69880099865111,4.477611940298665,0.0447761194029866,0.0353772661566892,-0.5570254839158961,0.2964666752203371,0.0514699367451464,40.2077150609758,37.18592964824104,0.1863979848866486,0.3313017418701053,0.1954215522054658,0.2294892349031903,0.0692839492008769,43.28072567814961,22.79260780287471,0.2059369202226343,0.3581666063139557,-2.080500407941255,0.5317967712549722,0.3723104078021378,53.93038610126762,74.52830188679248,0.5112165660051771,0.6142402001411146,2026-06-13/2026-06-19,-0.426818,0.477618,1124.0622170166666,-0.057863767246990605,7.311343976369103,-0.086990315690616,40.75127249978668,0.23916666666666667,2
2026-06-18 12:07:46.083486+00:00,2026-06-18T12:07:46.071601+00:00,SOL,KXSOL15M-26JUN180815-15,2026-06-18 12:15:00+00:00,70.8475,70.875,-0.0388,7.24,0.07,0.515,0.3462,0.1688,no,trade,0.1988,0.5833,0.1667,1.0,4.826,1.0,0.0,0.75,0,0.25,0.75,0.003767,0.8984,-1.0,20.0,11.43,-0.0705,-0.0423,0.1129,-0.2882,1,,-0.9661,,0.8931,,0.5262,,0.225,-0.6722,-1.0,-3.0,13.07,0.0,43.76,,,0.0,0.0651,-0.0003052,-0.0012593,-0.0006487,-0.3031,,50.0,50.0,-1.1842,0.1286,-2.0,-1.0,0.1931,74.66,50.0,0.0,0.3277,0.0262,52.38,2000.0,1.0,0.0,-52.38,70.99,0.2011,0.1623,Bear,,Bear,Bull,Sideways,Bear,,0.1216,0.3462,,,,,,,,,0.1715,0.0,1080.87,-81773471.37300003,0.8679845388220511,-118923283.54850005,,,,,,,,,,,,,,,,,,,,,,,,2026-06-18 12:07:46.083486+00:00,False,0.485,-0.485,303,0.0140944326990632,0.3263218664170024,0.0121859004030074,44.80696225300933,26.24999999999931,0.2624999999999931,0.4563349411830372,0.1128827430506573,0.1274860422674389,0.0222321617007106,31.90837730582362,14.285714285714432,0.1428571428571443,0.1880595775553339,-0.6441674835457101,0.1955511500390944,0.0489343897682237,33.21750175718141,14.070351758794065,0.0705289672544083,0.1714860423385675,-1.1563109501253832,0.0774452670833788,0.0707195690475503,37.01606819133247,5.7494866529774304,0.0519480519480521,0.2341210733107919,-2.080500407941255,0.5317967712549722,0.3723104078021378,53.93038610126762,74.52830188679248,0.5112165660051771,0.6142402001411146,2026-06-13/2026-06-19,-0.127919,0.249519,1139.2513914333333,0.07115952808878223,14.285919231044414,-0.28569571886531975,23.37418602667255,0.10299973453676667,3
2026-06-18 12:53:26.820007+00:00,2026-06-18T12:53:26.807298+00:00,SOL,KXSOL15M-26JUN180900-00,2026-06-18 13:00:00+00:00,71.3525,71.3575,-0.007,6.56,0.03,0.445,0.3225,0.1225,no,trade,0.0416,1.0,1.0,1.0,2.642,1.0,0.0769,1.0,1,0.0,0.9231,0.003989,0.4561,5.0,85.37,54.26,-0.0839,0.014,0.2244,0.3595,1,,-1.0998,,0.0982,,0.4769,,0.225,-0.6722,-1.0,-3.0,13.07,,43.76,,,0.0,0.0776,-0.0003052,-0.0012593,-0.0011369,-0.3288,,,,-1.1842,0.1286,0.0,1.0,-0.0719,74.8,50.0,0.0,0.2753,0.022,43.84,2000.0,1.0,0.0,-43.84,71.56,0.2908,0.2838,Bear,,Bear,Bull,Sideways,Bear,,0.3209,0.3225,,,,,,,,,0.4909,0.0,7810.78,-81773471.37300003,0.8679845388220511,-118923283.54850005,,,,,,,,,,,,,,,,,,,,,,,,2026-06-18 12:53:26.820007+00:00,False,0.5549999999999999,-0.5549999999999999,304,0.2522421524663754,1.0524345540826483,0.0116890259069195,76.87248623984642,100.0,1.0,1.2376406218937843,0.0981904895497098,0.4184850972202431,0.0226505874260188,54.15383928930416,43.57142857142835,0.4357142857142835,0.6636010202887833,-0.6441674835457101,0.1955511500390944,0.0489343897682237,33.21750175718141,14.070351758794065,0.0705289672544083,0.1714860423385675,-1.1563109501253832,0.0774452670833788,0.0707195690475503,37.01606819133247,5.7494866529774304,0.0519480519480521,0.2341210733107919,-2.080500407941255,0.5317967712549722,0.3723104078021378,53.93038610126762,74.52830188679248,0.5112165660051771,0.6142402001411146,2026-06-13/2026-06-19,0.050833,0.270067,1184.93033345,0.10321971010283093,59.93925820353564,-0.28569571886531975,23.37418602667255,0.01754825770869892,1
2026-06-18 13:03:34.111607+00:00,2026-06-18T13:03:34.097116+00:00,SOL,KXSOL15M-26JUN180915-15,2026-06-18 13:15:00+00:00,71.4425,71.4977,-0.0772,11.43,0.03,0.405,0.2907,0.1143,no,trade,0.2889,0.8462,0.8462,1.0,3.9,1.0,0.8571,0.8571,1,0.1429,0.0,0.003884,0.5039,-1.0,93.06,60.47,-0.1118,0.0,0.126,0.3695,1,,-0.2003,,999.0,,0.5733,,0.971,0.874,1.0,1.0,44.72,1.0,48.76,,,1.0,0.4216,0.0003731,-0.0008112,-0.0005132,-0.0105,,,,-1.1842,0.1286,0.0,1.0,0.0177,74.85,50.0,0.0,0.2822,0.0226,45.22,2000.0,1.0,0.0,-45.22,71.58,0.1925,0.1151,Bear,,Bear,Bull,Sideways,Bear,,0.3775,0.2907,,,,,,,,,0.4909,0.0,7810.78,-81773471.37300003,0.8679845388220511,-118923283.54850005,,,,,,,,,,,,,,,,,,,,,,,,2026-06-18 13:03:34.111607+00:00,False,0.595,-0.595,304,0.1539538138558338,0.943412946837602,0.013808947021438,71.94742127265832,97.5903614457836,0.975903614457836,1.0900341250261854,0.2802690582959677,0.5494304778197902,0.0223584484749715,62.23690984305634,62.790697674418475,0.5785714285714278,0.8508311171454861,0.8597603946441046,0.3875278568844797,0.0435207454400099,47.23780659906978,44.723618090452405,0.2445054945054946,0.4908717657535261,-1.1563109501253832,0.0774452670833788,0.0707195690475503,37.01606819133247,5.7494866529774304,0.0519480519480521,0.2341210733107919,-2.080500407941255,0.5317967712549722,0.3723104078021378,53.93038610126762,74.52830188679248,0.5112165660051771,0.6142402001411146,2026-06-13/2026-06-19,0.121631,0.255869,1195.0518601166666,0.11533307191793352,86.11267832675135,0.512265586686178,54.44308584752785,0.19876416065911434,2
2026-06-18 13:23:47.775676+00:00,2026-06-18T13:23:47.762176+00:00,SOL,KXSOL15M-26JUN180930-30,2026-06-18 13:30:00+00:00,71.5225,71.5283,-0.0081,6.21,0.05,0.535,0.3225,0.2125,no,trade,0.0411,1.0,0.8462,1.0,0.2,1.0,0.3684,0.8421,1,0.1579,0.4737,0.003939,0.6734,0.0,91.55,80.0,0.0,-0.0837,0.014,0.435,1,,-0.2003,,999.0,,0.5737,,0.971,0.874,1.0,1.0,44.72,1.0,48.76,,,1.0,0.4216,0.0003731,-0.0008112,-0.0005132,-0.0105,,,,-1.1842,0.1286,0.0,1.0,-0.2583,74.83,50.0,0.0,0.3972,0.0318,63.7,2000.0,1.0,0.0,-63.7,71.67,0.2062,0.1981,Bear,,Bear,Bull,Sideways,Bear,,0.3897,0.3225,,,,,,,,,0.4909,0.0,7810.78,-81773471.37300003,0.8679845388220511,-118923283.54850005,,,,,,,,,,,,,,,,,,,,,,,,2026-06-18 13:23:47.775676+00:00,False,0.4649999999999999,-0.4649999999999999,304,0.0837637861231366,0.8730106867193261,0.0167639011377528,74.23212607199694,100.0,1.0,1.0829180431983922,0.0978200111794169,0.6053825944329299,0.0217093268426052,64.75200524456467,68.21705426356522,0.6285714285714228,0.8786621287545345,0.8597603946441046,0.3875278568844797,0.0435207454400099,47.23780659906978,44.723618090452405,0.2445054945054946,0.4908717657535261,-1.1563109501253832,0.0774452670833788,0.0707195690475503,37.01606819133247,5.7494866529774304,0.0519480519480521,0.2341210733107919,-2.080500407941255,0.5317967712549722,0.3723104078021378,53.93038610126762,74.52830188679248,0.5112165660051771,0.6142402001411146,2026-06-13/2026-06-19,0.178989,0.21071099999999998,1215.2795946,0.1685788439614866,99.86765829745212,0.512265586686178,54.44308584752785,0.020563594821020565,3
2026-06-18 16:48:23.918575+00:00,2026-06-18T16:48:23.903401+00:00,SOL,KXSOL15M-26JUN181300-00,2026-06-18 17:00:00+00:00,68.7275,68.778,-0.0734,11.6,0.03,0.465,0.376,0.089,no,trade,0.133,0.4,0.0667,1.0,0.302,1.0,0.2439,0.7805,1,0.2195,0.5366,0.008699,0.685,-1.0,35.59,12.65,-0.0145,0.0436,0.3939,-0.7284,1,,-4.0057,,2.9583,,1.1754,,0.0292,-3.7396,-1.0,-1.0,1.87,,25.9,,,-1.0,-0.293,-0.007938,-0.0037715,-0.0035917,-0.5244,,,,-3.4818,0.0237,-2.0,-0.8619,0.0448,76.62,50.0,0.0,0.1915,0.0153,30.5,2000.0,1.0,0.0,-30.5,69.05,0.4692,0.3955,Bear,,Bear,Sideways,Bear,Bear,,0.2893,0.376,,,,,,,,,-0.0056,-1.0,10630.41,81930157.9932,1.264050270862898,-52844821.03800002,,,,,,,,,,,,,,,,,,,,,,,,2026-06-18 16:48:23.918575+00:00,False,0.5349999999999999,-0.5349999999999999,305,0.1162283887839565,0.3780341869181813,0.0432583148174524,44.630574936272126,34.899328859060255,0.2015503875968978,0.5167841348956899,0.3348864298194476,0.1317473867114155,0.0609049177247623,28.9987887239902,15.384615384615287,0.1538461538461528,0.1062116640541639,-3.631245601688948,-0.3859766318038907,0.0473324433496384,19.966065153430023,1.87353629976577,0.0187353629976576,-0.2914648755948733,-3.4954193093728048,-0.1991633113178662,0.0886547121223444,24.694882053848943,1.118881118881094,0.010430247718383,-0.0686789261956972,-2.080500407941255,0.5317967712549722,0.3723104078021378,53.93038610126762,74.52830188679248,0.5112165660051771,0.6142402001411146,2026-06-13/2026-06-19,0.28041,0.008890000000000009,1419.88197625,0.1961408277724619,19.79708539127522,-2.2174269175448846,3.0616573674917555,0.08437751465685711,1
2026-06-18 17:08:36.117375+00:00,2026-06-18T17:08:36.102349+00:00,SOL,KXSOL15M-26JUN181315-15,2026-06-18 17:15:00+00:00,68.9225,68.9847,-0.0902,6.4,0.04,0.39,0.3225,0.0675,no,trade,0.277,0.0,1.0,-1.0,0.517,1.0,0.9286,0.9643,1,0.0357,0.0357,0.008746,0.4639,-1.0,87.88,18.67,0.0,0.0725,0.0145,-0.0707,1,,-2.859,,2.6215,,0.9333,,0.9848,0.9499,1.0,1.0,16.67,1.0,28.57,,,0.0,-0.0159,-0.0055288,-0.0024136,-0.0028128,-0.3301,,,,-3.4818,0.0237,0.0,0.9888,-0.0693,76.88,50.0,0.0,0.1731,0.0139,27.45,2000.0,0.0,1.0,17.55,68.89,-0.0472,-0.1373,Bear,,Bear,Sideways,Bear,Bear,,0.4034,0.3225,,,,,,,,,-0.0056,-1.0,10630.41,81930157.9932,1.264050270862898,-52844821.03800002,,,,,,,,,,,,,,,,,,,,,,,,2026-06-18 17:08:36.117375+00:00,True,0.61,0.39,305,-0.2171395483497318,0.4750314684040314,0.0220669830981563,46.00037994368265,78.26086956521856,0.3085714285714321,0.4817969266391462,0.2466985923668563,0.2037934024300466,0.0631827696969377,34.036748257183746,20.783132530120454,0.2041420118343191,0.2467843018379417,0.8909011245801013,-0.0682054334555134,0.0551199509877497,29.715227272259256,16.66666666666661,0.1615925058548005,-0.0055624822315101,-3.4954193093728048,-0.1991633113178662,0.0886547121223444,24.694882053848943,1.118881118881094,0.010430247718383,-0.0686789261956972,-2.080500407941255,0.5317967712549722,0.3723104078021378,53.93038610126762,74.52830188679248,0.5112165660051771,0.6142402001411146,2026-06-13/2026-06-19,0.329817,0.07358299999999995,1440.0,-0.026641939035731976,19.465955247914987,0.52774543296914,16.811969644132198,0.10313286073633661,2
2026-06-18 17:33:52.050005+00:00,2026-06-18T17:33:52.035712+00:00,SOL,KXSOL15M-26JUN181345-45,2026-06-18 17:45:00+00:00,69.005,68.8743,0.1898,11.14,0.01,0.765,0.7238,0.0412,no,trade,-0.4111,0.9714,0.9714,1.0,4.29,1.0,0.2564,0.8718,1,0.1282,0.6154,0.007927,0.7119,2.0,100.0,21.69,0.1014,0.6261,0.2611,0.4714,1,,-2.859,,2.3249,,1.0019,,0.9848,0.9499,1.0,1.0,16.67,1.0,28.57,,,0.0,-0.0159,-0.0055288,-0.0024136,-0.0028128,-0.3301,,,,-3.4818,0.0237,0.0,1.0,0.1814,76.62,50.0,0.0,0.0539,0.0043,8.7,2000.0,0.0,1.0,28.32,68.72,-0.413,-0.224,Bear,,Bear,Sideways,Bear,Bear,,0.3256,0.7238,,,,,,,,,-0.0056,-1.0,10630.41,81930157.9932,1.264050270862898,-52844821.03800002,,,,,,,,,,,,,,,,,,,,,,,,2026-06-18 17:33:52.050005+00:00,True,0.235,0.765,305,0.3782918667248447,0.7516482037954454,0.0094109817107751,51.961494050075245,84.48275862068903,0.869565217391299,0.6176506396525502,0.1742413242340479,0.245012403739244,0.0661418090619426,34.84994192735165,18.072289156626372,0.1775147928994068,0.2860032897373904,0.8909011245801013,-0.0682054334555134,0.0551199509877497,29.715227272259256,16.66666666666661,0.1615925058548005,-0.0055624822315101,-3.4954193093728048,-0.1991633113178662,0.0886547121223444,24.694882053848943,1.118881118881094,0.010430247718383,-0.0686789261956972,-2.080500407941255,0.5317967712549722,0.3723104078021378,53.93038610126762,74.52830188679248,0.5112165660051771,0.6142402001411146,2026-06-13/2026-06-19,0.324379,0.0012210000000000276,1440.0,0.06443590811815447,12.645071079002445,0.52774543296914,16.811969644132198,0.23943484294184433,3
2026-06-18 17:49:00.973651+00:00,2026-06-18T17:49:00.958274+00:00,SOL,KXSOL15M-26JUN181400-00,2026-06-18 18:00:00+00:00,68.6475,68.6795,-0.0466,10.99,0.03,0.455,0.3462,0.1088,no,trade,0.1072,1.0,0.5,1.0,0.268,1.0,0.4651,0.2326,-1,0.3023,0.2326,0.008034,0.7788,-2.0,17.39,11.26,0.0146,-0.0436,-0.5498,-0.1699,-1,,-2.8452,,2.8544,,0.951,,0.9848,0.9499,1.0,1.0,16.67,,28.57,,,0.0,-0.0007,-0.0055288,-0.0024136,-0.0029542,-0.3283,,,,-3.4818,0.0237,-2.0,-0.8396,0.2407,76.78,50.0,0.0,0.239,0.0191,38.15,2000.0,0.0,1.0,31.85,68.6,-0.0692,-0.1158,Bear,,Bear,Sideways,Bear,Bear,,0.3219,0.3462,,,,,,,,,-0.0767,-1.0,-12200.5,81930157.9932,1.264050270862898,-52844821.03800002,,,,,,,,,,,,,,,,,,,,,,,,2026-06-18 17:49:00.973651+00:00,True,0.5449999999999999,0.455,305,0.0727484359086316,0.3567463376878093,0.008464311736474,43.339054011686585,28.26086956521679,0.4590163934426252,0.3383143868675137,-0.3043919408609818,0.2286260735385221,0.0665237427962271,31.247228720891997,11.74698795180727,0.1153846153846157,0.1987477290474227,0.8909011245801013,-0.0682054334555134,0.0551199509877497,29.715227272259256,16.66666666666661,0.1615925058548005,-0.0055624822315101,-3.4954193093728048,-0.1991633113178662,0.0886547121223444,24.694882053848943,1.118881118881094,0.010430247718383,-0.0686789261956972,-2.080500407941255,0.5317967712549722,0.3723104078021378,53.93038610126762,74.52830188679248,0.5112165660051771,0.6142402001411146,2026-06-13/2026-06-19,0.289282,0.032618000000000036,1440.0,0.20751444115933992,19.364043605479306,0.52774543296914,16.811969644132198,0.05800348518795122,4
2026-06-18 18:49:37.448520+00:00,2026-06-18T18:49:37.431642+00:00,SOL,KXSOL15M-26JUN181500-00,2026-06-18 19:00:00+00:00,68.67,68.6422,0.0405,10.38,0.04,0.66,0.6188,0.0412,no,trade,-0.1275,0.875,0.8125,1.0,2.131,1.0,0.4167,0.5833,-1,0.0,0.5833,0.007103,0.4912,1.0,75.71,30.11,0.0,0.0727,-0.0145,0.0951,1,,-3.2582,,2.5113,,0.7149,,0.125,-0.6227,-1.0,-1.0,6.12,,30.18,,,0.0,0.0087,-0.0055182,-0.0029117,-0.0036944,-0.3804,,,,-3.4818,0.0237,-2.0,-1.0,0.1477,76.85,50.0,0.0,0.0624,0.005,9.86,2000.0,0.0,1.0,19.14,68.61,-0.0874,-0.0469,Bear,,Bear,Sideways,Bear,Bear,,0.258,0.6188,,,,,,,,,0.0291,0.0,-8430.71,81930157.9932,1.264050270862898,-52844821.03800002,,,,,,,,,,,,,,,,,,,,,,,,2026-06-18 18:49:37.448520+00:00,True,0.3399999999999999,0.66,306,0.1895043731778622,0.4836829360009965,0.0102526662169058,51.27907563951901,60.00000000000071,0.5581395348837259,0.5762157005989259,-0.2032815449397373,0.3103226695392423,0.0583729329908985,37.96783625998524,19.354838709677548,0.1387283236994233,0.3487203983781045,-0.6658946149391887,-0.0540267953528649,0.0646836533768559,26.872571741343577,6.1170212765958425,0.0538641686182679,-0.0767064428673364,-3.4954193093728048,-0.1991633113178662,0.0886547121223444,24.694882053848943,1.118881118881094,0.010430247718383,-0.0686789261956972,-2.080500407941255,0.5317967712549722,0.3723104078021378,53.93038610126762,74.52830188679248,0.5112165660051771,0.6142402001411146,2026-06-13/2026-06-19,0.300084,-0.04208400000000001,1440.0,-0.2384112744814204,33.0755028075159,-0.1401028164892293,14.530163406529404,0.057018161340278754,1
2026-06-18 19:04:51.101238+00:00,2026-06-18T19:04:51.096613+00:00,SOL,KXSOL15M-26JUN181515-15,2026-06-18 19:15:00+00:00,68.56,68.5882,-0.0411,10.15,0.01,0.455,0.3462,0.1088,no,trade,0.1439,0.7143,0.2857,-1.0,0.178,1.0,0.36,0.4,-1,0.24,0.4,0.006468,0.5627,1.0,62.86,50.57,0.0437,0.0291,-0.1889,-0.0241,-1,,-2.8929,,2.5868,,0.6505,,0.6,-0.0146,-1.0,1.0,10.77,0.0,32.91,,,0.0,0.0789,-0.0068706,-0.0032488,-0.003418,-0.3245,,,,-3.4818,0.0237,0.0,1.0,-0.1609,76.89,50.0,0.0,0.239,0.0191,38.15,2000.0,1.0,0.0,-38.15,68.65,0.1313,0.0901,Bear,,Bear,Sideways,Bear,Bear,,0.1915,0.3462,,,,,,,,,0.0291,0.0,-8430.71,81930157.9932,1.264050270862898,-52844821.03800002,,,,,,,,,,,,,,,,,,,,,,,,2026-06-18 19:04:51.101238+00:00,False,0.5449999999999999,-0.5449999999999999,306,-0.0582156891282048,0.4342478065364861,0.009296221336015,46.842230994645234,60.0,0.4883720930232581,0.4307365910786822,-0.0872981230903513,0.3156686112499507,0.0560972239348761,36.57384392463484,23.86363636363639,0.1213872832369949,0.3276563800234801,0.0728650539201458,0.0378635542310101,0.0716006515628341,27.73422167284133,10.769230769230798,0.0952380952380957,0.0291105173392938,-3.4954193093728048,-0.1991633113178662,0.0886547121223444,24.694882053848943,1.118881118881094,0.010430247718383,-0.0686789261956972,-2.080500407941255,0.5317967712549722,0.3723104078021378,53.93038610126762,74.52830188679248,0.5112165660051771,0.6142402001411146,2026-06-13/2026-06-19,0.262188,-0.07068799999999997,1440.0,-0.013059682750160562,39.49366152252942,0.14021952820442163,18.289883868315698,0.06354359925788497,2
2026-06-18 20:03:23.110899+00:00,2026-06-18T20:03:23.101274+00:00,SOL,KXSOL15M-26JUN181615-15,2026-06-18 20:15:00+00:00,69.5225,69.367,0.2242,11.62,0.03,0.855,0.788,0.067,no,trade,-0.6659,1.0,1.0,1.0,0.143,1.0,0.15,0.9,1,0.1,0.75,0.004837,0.5945,4.0,86.09,89.12,-0.2295,0.2017,0.3607,0.961,1,,-1.4083,,1.1048,,0.7152,,0.977,1.1655,1.0,2.0,30.51,1.0,39.69,,,1.0,0.2577,-0.0034679,-0.0027619,-0.0019494,-0.1137,,50.0,50.0,1.476,0.9835,0.0,1.0,-0.1526,77.05,50.0,0.0,0.0783,0.0063,12.47,2000.0,1.0,0.0,-12.47,69.72,0.2841,0.5089,Bear,,Bear,Sideways,Bear,Bear,,0.2189,0.788,,,,,,,,,0.3542,0.0,-4949.9,-21597718.618,0.8689144115785624,-21441031.997800022,,,,,,,,,,,,,,,,,,,,,,,,2026-06-18 20:03:23.110899+00:00,False,0.145,-0.145,307,0.0576368876080479,0.9744724092603728,0.0167494756382922,76.38973488166052,97.7528089887645,0.977528089887645,1.1540246317911378,0.0432214378331741,0.7036555079818158,0.0308820922077008,62.189666196863755,98.34710743801683,0.4131944444444443,0.8803551543580195,1.1213047910295648,0.2199149852453841,0.0731026298414905,40.3312894416852,30.51282051282041,0.2698412698412695,0.3541946049308476,1.4166788374470496,0.0296693086547063,0.0990077628355309,34.522520566395755,16.39118457300271,0.1523687580025604,0.1699346779933196,-2.080500407941255,0.5317967712549722,0.3723104078021378,53.93038610126762,74.52830188679248,0.5112165660051771,0.6142402001411146,2026-06-13/2026-06-19,0.191529,0.027371000000000006,1440.0,-0.03495526726327025,90.44585987261149,0.38319785531681916,28.579014079682167,0.4635104403555923,1
2026-06-18 20:18:34.141352+00:00,2026-06-18T20:18:34.135858+00:00,SOL,KXSOL15M-26JUN181630-30,2026-06-18 20:30:00+00:00,69.6225,69.6707,-0.0692,11.43,0.05,0.455,0.3225,0.1325,no,trade,0.2182,1.0,0.25,1.0,0.353,1.0,0.7857,0.7857,1,0.2143,0.0,0.004784,0.8394,-1.0,93.44,94.87,0.0,0.0287,0.2444,1.0046,1,,-1.4083,,0.8321,,0.6801,,0.977,1.1655,1.0,2.0,30.51,1.0,39.69,,,1.0,0.2577,-0.0034679,-0.0027619,-0.0019494,-0.1137,,50.0,50.0,1.476,0.9835,-2.0,-0.914,-0.3158,77.14,50.0,0.0,0.2913,0.0233,46.87,2000.0,1.0,0.0,-46.87,69.79,0.2406,0.1712,Bear,,Bear,Sideways,Bear,Bear,,0.2753,0.3225,,,,,,,,,0.3542,0.0,-4949.9,-21597718.618,0.8689144115785624,-21441031.997800022,,,,,,,,,,,,,,,,,,,,,,,,2026-06-18 20:18:34.141352+00:00,False,0.5449999999999999,-0.5449999999999999,307,-0.0143348623853234,0.9279851132168268,0.024097008399222,82.72129756434316,95.08196721311457,0.9516129032258048,1.2563245726352013,0.4464285714285809,1.0051687875613575,0.0227645106414116,69.00928378268429,96.15384615384602,0.6048387096774184,1.0468167553952057,1.1213047910295648,0.2199149852453841,0.0731026298414905,40.3312894416852,30.51282051282041,0.2698412698412695,0.3541946049308476,1.4166788374470496,0.0296693086547063,0.0990077628355309,34.522520566395755,16.39118457300271,0.1523687580025604,0.1699346779933196,-2.080500407941255,0.5317967712549722,0.3723104078021378,53.93038610126762,74.52830188679248,0.5112165660051771,0.6142402001411146,2026-06-13/2026-06-19,0.191529,0.08377099999999998,1440.0,0.29379999866547823,91.67697454044837,0.38319785531681916,28.579014079682167,0.14464882943143811,2
2026-06-18 20:48:50.811065+00:00,2026-06-18T20:48:50.797060+00:00,SOL,KXSOL15M-26JUN181700-00,2026-06-18 21:00:00+00:00,69.7125,69.7827,-0.1006,11.16,0.03,0.405,0.2753,0.1297,no,trade,0.3942,0.5,0.0,0.0,0.114,1.0,0.6,0.6,1,0.4,0.0,0.004493,0.3189,-1.0,82.67,92.22,0.0,-0.0716,-0.1288,0.7851,-1,,-1.2585,,0.6999,,0.5542,,0.977,1.1655,1.0,2.0,30.51,,39.69,,,1.0,0.2727,-0.0034679,-0.0027619,-0.0015843,-0.1058,,,,1.476,0.9835,-1.0,0.3582,-0.1833,77.0,50.0,0.0,0.3204,0.0256,51.17,2000.0,0.0,1.0,34.83,69.8,0.1255,0.0248,Bear,,Bear,Sideways,Bear,Bear,,0.4123,0.2753,,,,,,,,,0.5222,0.0,-1909.73,-21597718.618,0.8689144115785624,-21441031.997800022,,,,,,,,,,,,,,,,,,,,,,,,2026-06-18 20:48:50.811065+00:00,True,0.595,0.405,307,-0.0572409845449262,0.7464692933436788,0.0267827916885931,78.46765057442488,92.00000000000016,0.9398496240601516,0.9001135671026248,0.0,0.9881225925181903,0.0251055783776115,70.7683720396943,95.20958083832346,0.9520958083832346,0.9950565366979292,1.1213047910295648,0.2199149852453841,0.0731026298414905,40.3312894416852,30.51282051282041,0.2698412698412695,0.3541946049308476,1.4166788374470496,0.0296693086547063,0.0990077628355309,34.522520566395755,16.39118457300271,0.1523687580025604,0.1699346779933196,-2.080500407941255,0.5317967712549722,0.3723104078021378,53.93038610126762,74.52830188679248,0.5112165660051771,0.6142402001411146,2026-06-13/2026-06-19,0.191529,0.220771,1440.0,-0.03418893288881231,90.31285497414994,0.38319785531681916,28.579014079682167,0.22390385043400846,3
2026-06-18 21:04:00.195124+00:00,2026-06-18T21:04:00.182402+00:00,SOL,KXSOL15M-26JUN181715-15,2026-06-18 21:15:00+00:00,69.7375,69.7573,-0.0284,11.0,0.04,0.48,0.3225,0.1575,no,trade,0.1264,1.0,1.0,1.0,0.086,1.0,0.5,1.0,1,0.0,0.5,0.004196,0.3415,-1.0,76.92,92.81,0.0,-0.1288,0.0143,0.5873,-1,,-0.56,,0.6569,,0.4911,,0.9231,0.5178,1.0,3.0,42.05,0.0,40.53,,,0.0,0.3676,-0.0029311,-0.0023512,-0.0010816,-0.0065,,,,1.476,0.9835,-1.0,0.3582,-0.2686,76.96,50.0,0.0,0.3282,0.0263,52.52,2000.0,0.0,1.0,48.48,69.41,-0.4696,-0.4979,Bear,,Bear,Sideways,Bear,Bear,,0.4022,0.3225,,,,,,,,,0.5222,0.0,-1909.73,-21597718.618,0.8689144115785624,-21441031.997800022,,,,,,,,,,,,,,,,,,,,,,,,2026-06-18 21:04:00.195124+00:00,True,0.52,0.48,307,0.0286245885215308,0.7262313288576422,0.0208105412715502,76.08051084812102,95.38461538461524,0.9756097560975602,0.9408740703463248,0.0715922107674682,0.9498639237495528,0.026536786652466,71.95000224705886,98.2035928143712,0.982035928143712,0.9941429019290748,0.6480414746543817,0.3264547525222587,0.0718919681445248,46.57590851895437,42.051282051282,0.3718820861678009,0.5222149363693018,1.4166788374470496,0.0296693086547063,0.0990077628355309,34.522520566395755,16.39118457300271,0.1523687580025604,0.1699346779933196,-2.080500407941255,0.5317967712549722,0.3723104078021378,53.93038610126762,74.52830188679248,0.5112165660051771,0.6142402001411146,2026-06-13/2026-06-19,0.241286,0.160914,1440.0,-0.008205615619183426,86.30994633578457,0.2830126629658203,36.20722140385741,0.06768350810295519,4
2026-06-18 21:19:08.348277+00:00,2026-06-18T21:19:08.343639+00:00,SOL,KXSOL15M-26JUN181730-30,2026-06-18 21:30:00+00:00,69.4525,69.5188,-0.0954,10.86,0.06,0.46,0.3225,0.1375,no,trade,0.3585,0.0,1.0,-1.0,0.965,1.0,0.7143,0.0,-1,0.2857,0.0,0.004024,0.7519,-2.0,0.0,69.46,0.0,-0.3446,-0.5587,-0.0695,-1,,-0.56,,1.2082,,0.5855,,0.9231,0.5178,1.0,3.0,42.05,0.0,40.53,,,0.0,0.3676,-0.0029311,-0.0023512,-0.0010816,-0.0065,,,,1.476,0.9835,-2.0,-1.0,-0.082,76.77,50.0,0.0,0.299,0.0239,48.06,2000.0,1.0,0.0,-48.06,69.69,0.342,0.2463,Bear,,Bear,Sideways,Bear,Bear,,0.343,0.3225,,,,,,,,,0.5222,0.0,-1909.73,-21597718.618,0.8689144115785624,-21441031.997800022,,,,,,,,,,,,,,,,,,,,,,,,2026-06-18 21:19:08.348277+00:00,False,0.54,-0.54,307,-0.3006012024048043,0.4525975584788312,0.0128647744136768,43.07498886634089,0.0,0.730000000000004,0.0810654365135201,-0.3433967663471149,0.7885609285690978,0.0274822581279444,58.807237433274466,83.83233532934156,0.8383233532934157,0.6706271381021542,0.6480414746543817,0.3264547525222587,0.0718919681445248,46.57590851895437,42.051282051282,0.3718820861678009,0.5222149363693018,1.4166788374470496,0.0296693086547063,0.0990077628355309,34.522520566395755,16.39118457300271,0.1523687580025604,0.1699346779933196,-2.080500407941255,0.5317967712549722,0.3723104078021378,53.93038610126762,74.52830188679248,0.5112165660051771,0.6142402001411146,2026-06-13/2026-06-19,0.290031,0.052969000000000044,1440.0,-0.24111914771193232,64.70229137681389,0.2830126629658203,36.20722140385741,0.2370775347912525,5
2026-06-18 22:08:20.332455+00:00,2026-06-18T22:08:20.325773+00:00,SOL,KXSOL15M-26JUN181815-15,2026-06-18 22:15:00+00:00,69.4325,69.5107,-0.1125,6.66,0.03,0.245,0.1858,0.0592,no,trade,0.6843,0.0,1.0,-1.0,1.191,1.0,1.0,1.0,1,0.0,0.0,0.003349,0.3006,-1.0,26.67,71.11,0.0,-0.0431,0.0288,-0.208,-1,,-0.8937,,0.9873,,0.462,,0.3778,-0.3152,-1.0,-1.0,34.1,-1.0,36.08,,,0.0,0.3243,0.0026802,-0.0026289,-0.0013155,-0.0658,,,,1.476,0.9835,-2.0,-0.9281,0.0314,76.63,50.0,0.0,0.2416,0.0193,38.51,2000.0,1.0,0.0,-38.51,69.64,0.2989,0.186,Bear,,Bear,Sideways,Bear,Bear,,0.3928,0.1858,,,,,,,,,0.4105,0.0,-1192.58,-21597718.618,0.8689144115785624,-21441031.997800022,,,,,,,,,,,,,,,,,,,,,,,,2026-06-18 22:08:20.332455+00:00,False,0.755,-0.755,308,-0.1006036217303774,0.19894314724785,0.0090309000238412,40.43230588376724,20.833333333334934,0.2083333333333493,0.1732713766423825,0.1007049345417732,0.6895639094842247,0.0283934038011547,54.247044556732675,74.81481481481472,0.7964071856287407,0.5494456607970052,-0.4435541565317002,0.2879382859923177,0.0708594567943129,42.99164888457185,34.10256410256401,0.3015873015873014,0.4104508760906891,1.4166788374470496,0.0296693086547063,0.0990077628355309,34.522520566395755,16.39118457300271,0.1523687580025604,0.1699346779933196,-2.080500407941255,0.5317967712549722,0.3723104078021378,53.93038610126762,74.52830188679248,0.5112165660051771,0.6142402001411146,2026-06-13/2026-06-19,0.415267,-0.022467000000000015,1440.0,0.09013721717838763,54.77071005917179,-0.2734848782490862,28.814960090438994,0.33592117049865633,1
2026-06-19 01:31:28.464470+00:00,2026-06-19T01:31:28.449622+00:00,SOL,KXSOL15M-26JUN182145-45,2026-06-19 01:45:00+00:00,69.625,69.639,-0.0201,13.53,0.05,0.525,0.3407,0.1843,no,trade,0.0587,0.0,1.0,-1.0,0.573,1.0,0.12,0.12,1,0.88,0.0,0.00253,1.417,2.0,13.33,63.38,0.0,-0.1718,0.0574,-0.0329,-1,,-0.6915,,0.0309,,0.6755,,0.4074,-0.043,-1.0,-1.0,41.76,0.0,38.78,,,0.0,0.4091,0.0025291,-0.0021708,-0.0019156,-0.0298,,,,0.3164,0.7344,-1.0,-0.0271,-0.0029,76.01,50.0,0.0,0.351,0.0281,56.05,2000.0,1.0,0.0,-56.05,69.66,0.0503,0.0302,Bear,,Bear,Sideways,Bear,Bear,,0.3059,0.3407,,,,,,,,,0.4873,0.0,-7164.58,-16823649.749300003,0.9170223684757968,43508789.6259,,,,,,,,,,,,,,,,,,,,,,,,2026-06-19 01:31:28.464470+00:00,False,0.475,-0.475,309,-0.3145553331426964,0.379400609016405,0.0065954572728237,44.973294352930374,25.000000000000988,0.3249999999999955,0.244079487511194,0.0430477830391851,0.6330939893121226,0.0085232190469407,55.56098545447055,61.97183098591572,0.6197183098591572,0.5781225095791416,-0.0430107526881773,0.3692800481164207,0.0662970647474883,45.563073678823734,41.761363636363654,0.3769230769230761,0.4872618927042753,0.4464285714285809,0.1180735529178475,0.1014153257880717,37.52769644882558,23.474178403755865,0.1920614596670934,0.25979371080533,-3.1384529926399174,0.4671283657597723,0.346667486843937,45.6258458701855,60.31446540880503,0.413718723037101,0.4383271672679809,2026-06-13/2026-06-19,0.392787,-0.08688699999999999,1440.0,0.22445702991249483,95.82601852412344,-0.014606754417267886,32.45933174423964,0.07944664031620553,1
2026-06-19 01:51:43.525441+00:00,2026-06-19T01:51:43.515972+00:00,SOL,KXSOL15M-26JUN182200-00,2026-06-19 02:00:00+00:00,69.765,69.6737,0.131,8.28,0.03,0.865,0.788,0.077,no,trade,-0.5156,1.0,1.0,1.0,0.234,1.0,0.375,0.5625,-1,0.0625,0.5625,0.002537,0.9032,1.0,57.14,74.65,0.0,0.0,0.345,0.124,1,,-0.6687,,999.0,,0.6399,,0.4074,-0.043,-1.0,-1.0,41.76,,38.78,,,0.0,0.4292,0.0025291,-0.0021708,-0.0019691,-0.0282,,,,0.3164,0.7344,-2.0,-1.0,-0.0574,75.74,50.0,0.0,0.089,0.0071,14.18,2000.0,1.0,0.0,-14.18,69.93,0.2365,0.3679,Bear,,Bear,Sideways,Bear,Bear,,0.2926,0.788,,,,,,,,,0.585,0.0,-4125.84,-16823649.749300003,0.9170223684757968,43508789.6259,,,,,,,,,,,,,,,,,,,,,,,,2026-06-19 01:51:43.525441+00:00,False,0.135,-0.135,309,0.2153316106804581,0.5717464641793666,0.0067916038327928,53.266602516095986,57.14285714285907,0.5714285714285907,0.6365133311994168,-0.0860585197934638,0.5496597876713325,0.0080973759543528,51.06268070398562,53.521126760563206,0.5352112676056321,0.4790996275003704,-0.0430107526881773,0.3692800481164207,0.0662970647474883,45.563073678823734,41.761363636363654,0.3769230769230761,0.4872618927042753,0.4464285714285809,0.1180735529178475,0.1014153257880717,37.52769644882558,23.474178403755865,0.1920614596670934,0.25979371080533,-3.1384529926399174,0.4671283657597723,0.346667486843937,45.6258458701855,60.31446540880503,0.413718723037101,0.4383271672679809,2026-06-13/2026-06-19,0.392787,-0.10018699999999997,1440.0,-0.2823882503152353,41.90931654458509,-0.014606754417267886,32.45933174423964,0.5163579030350808,2
2026-06-19 02:01:50.976800+00:00,2026-06-19T02:01:50.961772+00:00,SOL,KXSOL15M-26JUN182215-15,2026-06-19 02:15:00+00:00,69.8625,69.8648,-0.0033,13.15,0.05,0.475,0.3225,0.1525,no,trade,0.012,1.0,1.0,1.0,0.26,1.0,1.0,1.0,1,0.0,0.0,0.002635,1.4651,0.0,85.71,91.55,0.0,0.0286,0.1719,0.2664,1,,-0.3344,,999.0,,0.5485,,0.8571,0.3012,1.0,1.0,47.73,0.0,43.11,,,1.0,0.4773,0.0011719,-0.001148,-0.0016581,0.0235,,,,0.3164,0.7344,0.0,1.0,-0.067,75.74,50.0,0.0,0.3211,0.0257,51.45,2000.0,0.0,1.0,46.55,69.84,-0.0322,-0.0355,Bear,,Bear,Sideways,Bear,Bear,,0.3859,0.3225,,,,,,,,,0.585,0.0,-4125.84,-16823649.749300003,0.9170223684757968,43508789.6259,,,,,,,,,,,,,,,,,,,,,,,,2026-06-19 02:01:50.976800+00:00,True,0.525,0.475,309,0.0286082105564355,0.7746385554619012,0.0068337736349328,59.44850558690504,85.71428571428862,0.8571428571428862,0.8542045929384947,0.3875968992248291,1.0102139302334103,0.0083314013447213,65.54011227478507,91.5492957746495,0.915492957746495,0.8515221726630656,0.3012048192771122,0.4258046090263123,0.0657852755462518,49.875260013401686,47.727272727272975,0.4307692307692319,0.5849877094675748,0.4464285714285809,0.1180735529178475,0.1014153257880717,37.52769644882558,23.474178403755865,0.1920614596670934,0.25979371080533,-3.1384529926399174,0.4671283657597723,0.346667486843937,45.6258458701855,60.31446540880503,0.413718723037101,0.4383271672679809,2026-06-13/2026-06-19,0.392787,-0.0068869999999999765,1440.0,0.19697403996616902,79.4115866577866,0.07976135428204856,34.7932551796558,0.012523719165085389,3
2026-06-19 02:17:02.338173+00:00,2026-06-19T02:17:02.326767+00:00,SOL,KXSOL15M-26JUN182230-30,2026-06-19 02:30:00+00:00,69.7075,69.7753,-0.0972,12.96,0.03,0.385,0.2743,0.1107,no,trade,0.3522,0.5,0.0,0.0,0.283,1.0,0.0556,0.3889,1,0.6111,0.3333,0.002772,0.9299,-1.0,56.25,72.73,-0.143,-0.143,-0.1287,0.0639,-1,,-0.3344,,999.0,,0.5558,,0.8571,0.3012,1.0,1.0,47.73,0.0,43.11,,,1.0,0.4773,0.0011719,-0.001148,-0.0016581,0.0235,,,,0.3164,0.7344,0.0,1.0,-0.188,75.69,50.0,0.0,0.2875,0.023,46.12,2000.0,0.0,1.0,28.87,69.58,-0.1829,-0.2799,Bear,,Bear,Sideways,Bear,Bear,,0.3173,0.2743,,,,,,,,,0.585,0.0,-4125.84,-16823649.749300003,0.9170223684757968,43508789.6259,,,,,,,,,,,,,,,,,,,,,,,,2026-06-19 02:17:02.338173+00:00,True,0.615,0.385,309,0.10018605982538,0.723983768643068,0.0071929904113141,56.51237230517576,77.08333333333364,0.7708333333333364,0.7048663435963977,0.014300014300006,0.9543236423815756,0.0092121596114424,65.99233527676876,85.71428571428571,0.8571428571428571,0.8053240466426669,0.3012048192771122,0.4258046090263123,0.0657852755462518,49.875260013401686,47.727272727272975,0.4307692307692319,0.5849877094675748,0.4464285714285809,0.1180735529178475,0.1014153257880717,37.52769644882558,23.474178403755865,0.1920614596670934,0.25979371080533,-3.1384529926399174,0.4671283657597723,0.346667486843937,45.6258458701855,60.31446540880503,0.413718723037101,0.4383271672679809,2026-06-13/2026-06-19,0.392787,-0.07548699999999997,1440.0,0.03152687662266729,85.1595006934807,0.07976135428204856,34.7932551796558,0.35064935064935066,4
2026-06-19 02:37:16.499509+00:00,2026-06-19T02:37:16.480795+00:00,SOL,KXSOL15M-26JUN182245-45,2026-06-19 02:45:00+00:00,69.4475,69.4983,-0.0731,7.73,0.03,0.395,0.2753,0.1197,no,trade,0.3579,1.0,0.0,0.0,0.3,1.0,0.9286,0.0714,-1,0.0,0.0714,0.002998,1.3425,0.0,12.96,38.96,-0.0287,0.1007,-0.0287,-0.2758,-1,,-0.3344,,0.2661,,0.5329,,0.8571,0.3012,1.0,1.0,47.73,0.0,43.11,,,1.0,0.4773,0.0011719,-0.001148,-0.0016581,0.0235,,,,0.3164,0.7344,-2.0,-1.0,-0.2523,75.88,50.0,0.0,0.3032,0.0243,48.4,2000.0,0.0,1.0,31.6,69.56,0.162,0.0888,Bear,,Bear,Sideways,Bear,Bear,,0.2095,0.2753,,,,,,,,,0.585,0.0,-4125.84,-16823649.749300003,0.9170223684757968,43508789.6259,,,,,,,,,,,,,,,,,,,,,,,,2026-06-19 02:37:16.499509+00:00,True,0.605,0.395,309,0.0,0.1623602050331036,0.0090177159496253,37.222276282535354,12.96296296296189,0.1296296296296189,0.1036224146336183,-0.5147269087789508,0.402046639900011,0.009235145461825,43.41256142981603,38.96103896103879,0.3896103896103879,0.2799421268336792,0.3012048192771122,0.4258046090263123,0.0657852755462518,49.875260013401686,47.727272727272975,0.4307692307692319,0.5849877094675748,0.4464285714285809,0.1180735529178475,0.1014153257880717,37.52769644882558,23.474178403755865,0.1920614596670934,0.25979371080533,-3.1384529926399174,0.4671283657597723,0.346667486843937,45.6258458701855,60.31446540880503,0.413718723037101,0.4383271672679809,2026-06-13/2026-06-19,0.305869,-0.09636900000000001,1440.0,-0.05589617396716262,74.29804284173211,0.07976135428204856,34.7932551796558,0.24382921947965314,5
2026-06-19 02:47:23.307862+00:00,2026-06-19T02:47:23.299978+00:00,SOL,KXSOL15M-26JUN182300-00,2026-06-19 03:00:00+00:00,69.395,69.4733,-0.1127,12.61,0.06,0.49,0.3462,0.1438,no,trade,0.4426,1.0,1.0,1.0,0.277,1.0,0.2222,0.5556,-1,0.2222,0.5556,0.002787,0.4649,-3.0,0.0,0.0,-0.1581,-0.0863,-0.0863,-0.4359,-1,,-0.2197,,0.4475,,0.5201,,0.8571,0.3012,1.0,1.0,47.73,,43.11,,,1.0,0.5036,0.0011719,-0.001148,-0.0013962,0.0308,,,,0.3164,0.7344,-2.0,-1.0,0.0767,75.88,50.0,0.0,0.2934,0.0235,46.92,2000.0,1.0,0.0,-46.92,69.66,0.3819,0.2687,Bear,,Bear,Sideways,Bear,Bear,,0.2951,0.3462,,,,,,,,,0.4463,0.0,-11721.73,-16823649.749300003,0.9170223684757968,43508789.6259,,,,,,,,,,,,,,,,,,,,,,,,2026-06-19 02:47:23.307862+00:00,False,0.51,-0.51,309,0.0719320961012792,0.2025339037539563,0.0096620063411431,38.55420048635542,9.259259259258869,0.0925925925925886,0.1843474769958466,-0.0287438919229554,0.3655598801045636,0.0091315428836712,42.494014869553965,36.3636363636367,0.363636363636367,0.2777711091273842,0.3012048192771122,0.4258046090263123,0.0657852755462518,49.875260013401686,47.727272727272975,0.4307692307692319,0.5849877094675748,0.4464285714285809,0.1180735529178475,0.1014153257880717,37.52769644882558,23.474178403755865,0.1920614596670934,0.25979371080533,-3.1384529926399174,0.4671283657597723,0.346667486843937,45.6258458701855,60.31446540880503,0.413718723037101,0.4383271672679809,2026-06-13/2026-06-19,0.292599,0.0025009999999999755,1440.0,-0.09585746566191933,55.681923254738116,0.07976135428204856,34.7932551796558,0.40437746681019016,6
2026-06-19 03:48:09.095630+00:00,2026-06-19T03:48:09.080938+00:00,SOL,KXSOL15M-26JUN190000-00,2026-06-19 04:00:00+00:00,68.9375,68.9215,0.0232,11.85,0.04,0.7,0.631,0.069,no,trade,-0.0682,1.0,1.0,1.0,0.299,1.0,0.8,0.2,-1,0.0,0.2,0.003934,1.4737,0.0,29.13,22.06,0.0,0.029,-0.2025,-0.1714,-1,,-0.4101,,0.452,,0.7165,,0.35,-0.3861,-1.0,-1.0,40.06,,36.23,,,-1.0,0.4601,-0.0005494,-0.0017402,-0.0012045,-0.0284,,,,0.3164,0.7344,-2.0,-1.0,0.0379,75.65,50.0,0.0,0.0985,0.0079,15.9,2000.0,1.0,0.0,-15.9,69.03,0.1342,0.1574,Bear,,Bear,Sideways,Bear,Bear,,-0.6594,0.631,,,,,,,,,0.206,0.0,-18417.55,-33590527.40360001,0.8542494500326853,-72011895.77090001,,,,,,,,,,,,,,,,,,,,,,,,2026-06-19 03:48:09.095630+00:00,False,0.3,-0.3,310,0.0,0.1259742028813958,0.0186314451266919,36.52337425818607,27.18446601941756,0.2058823529411774,0.107531441274222,-0.5909484001152987,-0.1827362430435016,0.0133101433511032,26.371383938461776,20.58823529411774,0.2058823529411774,-0.0222462556977066,-0.3861003861003964,0.3836941689084887,0.0645583536269989,44.66327555421571,40.05681818181813,0.3615384615384601,0.4463051675315422,0.4464285714285809,0.1180735529178475,0.1014153257880717,37.52769644882558,23.474178403755865,0.1920614596670934,0.25979371080533,-3.1384529926399174,0.4671283657597723,0.346667486843937,45.6258458701855,60.31446540880503,0.413718723037101,0.4383271672679809,2026-06-13/2026-06-19,0.279973,-0.939373,35.45159383333333,-0.2697953934887587,38.51023090992235,0.005902364420551365,34.96610397877489,0.058973055414336555,1
2026-06-19 04:08:24.382506+00:00,2026-06-19T04:08:24.377617+00:00,SOL,KXSOL15M-26JUN190015-15,2026-06-19 04:15:00+00:00,68.855,68.9622,-0.1554,6.6,0.05,0.325,0.2124,0.1126,no,trade,0.6953,0.2,0.8,-1.0,4.138,1.0,0.7,1.0,1,0.0,0.3,0.003864,0.3753,-1.0,25.24,19.12,0.1743,0.1743,-0.1448,-0.0825,-1,,-1.1485,,0.4067,,0.6315,,0.3592,-0.8613,-1.0,-2.0,23.41,0.0,36.55,,,0.0,0.3061,-0.0012502,0.000715,-0.0016699,-0.1705,,50.0,50.0,-0.9892,0.2721,-2.0,-1.0,0.0392,75.54,50.0,0.0,0.3463,0.0277,55.35,2000.0,1.0,0.0,-55.35,69.13,0.3994,0.2433,Bear,,Bear,Sideways,Bear,Bear,,-0.8026,0.2124,,,,,,,,,0.206,0.0,-18417.55,-33590527.40360001,0.8542494500326853,-72011895.77090001,,,,,,,,,,,,,,,,,,,,,,,,2026-06-19 04:08:24.382506+00:00,False,0.675,-0.675,310,-0.3186097031136814,0.133598692958473,0.0182948957325413,32.38641630536473,13.59223300970878,0.1359223300970878,-0.0028288425676512,0.1159924604900553,-0.0013067744816081,0.015094968945756,31.158414137434548,26.470588235294084,0.2647058823529408,0.1055568502094828,-0.8756818834338209,0.2714851483927901,0.0625016413610745,35.02588817132536,23.121387283236956,0.2051282051282041,0.2060233684899634,-1.003584229390686,0.0769294998059111,0.1049074400735374,33.535095479588435,12.519561815336417,0.1097393689986277,0.1753695310071808,-3.1384529926399174,0.4671283657597723,0.346667486843937,45.6258458701855,60.31446540880503,0.413718723037101,0.4383271672679809,2026-06-13/2026-06-19,0.556231,-1.358831,55.706375099999995,0.20182473691132685,56.58150434385018,-0.3800771418884241,26.565680105647477,0.4021739130434783,2
2026-06-19 05:04:06.648607+00:00,2026-06-19T05:04:06.631985+00:00,SOL,KXSOL15M-26JUN190115-15,2026-06-19 05:15:00+00:00,68.4275,68.2742,0.2245,10.89,0.04,0.84,0.7977,0.0423,no,trade,-0.8936,1.0,0.0,0.0,1.552,1.0,0.6316,0.2368,-1,0.1316,0.2368,0.004732,1.1718,1.0,32.98,16.94,0.0,0.3221,0.0146,-0.3738,1,,-2.176,,0.8151,,0.5514,,0.0957,-1.043,-1.0,-3.0,3.09,0.0,30.84,,,0.0,0.1461,-0.0030462,-0.0009341,-0.002905,-0.3436,,,,-0.9892,0.2721,-2.0,-1.0,0.2474,75.55,50.0,0.0,0.0503,0.004,8.0,2000.0,1.0,0.0,-8.0,68.66,0.3398,0.5651,Bear,,Bear,Sideways,Bear,Bear,,-0.5025,0.7977,,,,,,,,,-0.0185,-1.0,-17292.37,-33590527.40360001,0.8542494500326853,-72011895.77090001,,,,,,,,,,,,,,,,,,,,,,,,2026-06-19 05:04:06.648607+00:00,False,0.16,-0.16,311,-0.1461774594357479,0.0594636148482705,0.0177218277081839,24.89503691483304,9.57446808510677,0.0775862068965548,-0.108284283631598,-0.3064798598949148,-0.0916306190429744,0.0267507991211466,19.30562719616492,4.918032786885437,0.0491803278688543,-0.1585770306526232,-1.071687183200576,0.1352905725858885,0.0612766384086043,26.930616418201268,3.09278350515476,0.0229007633587794,-0.0185233484894806,-1.003584229390686,0.0769294998059111,0.1049074400735374,33.535095479588435,12.519561815336417,0.1097393689986277,0.1753695310071808,-3.1384529926399174,0.4671283657597723,0.346667486843937,45.6258458701855,60.31446540880503,0.413718723037101,0.4383271672679809,2026-06-13/2026-06-19,-0.802576,0.300076,111.41081011666667,-0.23269413279735085,7.422664855892863,-0.5523035208772176,10.84534709940153,0.47442941673710903,1
2026-06-19 05:19:18.036617+00:00,2026-06-19T05:19:18.019427+00:00,SOL,KXSOL15M-26JUN190130-30,2026-06-19 05:30:00+00:00,68.515,68.6282,-0.1649,10.7,0.05,0.255,0.2114,0.0436,no,trade,0.7498,0.6667,0.0,0.0,0.526,1.0,0.9459,0.9459,1,0.0541,0.0,0.004983,1.0814,-1.0,46.81,24.04,0.0,-0.0582,0.1897,-0.065,1,,-2.176,,0.6117,,0.4879,,0.0957,-1.043,-1.0,-3.0,3.09,0.0,30.84,,,0.0,0.1461,-0.0030462,-0.0009341,-0.002905,-0.3436,,,,-0.9892,0.2721,-2.0,-1.0,-0.0242,75.66,50.0,0.0,0.1709,0.0137,27.57,2000.0,0.0,1.0,9.44,68.62,0.1533,-0.0119,Bear,,Bear,Sideways,Bear,Bear,,-0.4283,0.2114,,,,,,,,,-0.0185,-1.0,-17292.37,-33590527.40360001,0.8542494500326853,-72011895.77090001,,,,,,,,,,,,,,,,,,,,,,,,2026-06-19 05:19:18.036617+00:00,True,0.745,0.255,311,0.0145560407569078,0.4488718762254341,0.0155014511795627,51.9899628611427,52.127659574467664,0.5212765957446767,0.6896642021539788,0.5855658029570998,0.1643207165250393,0.0280666160414155,38.41797824791495,26.775956284152752,0.2677595628415275,0.2934026008974817,-1.071687183200576,0.1352905725858885,0.0612766384086043,26.930616418201268,3.09278350515476,0.0229007633587794,-0.0185233484894806,-1.003584229390686,0.0769294998059111,0.1049074400735374,33.535095479588435,12.519561815336417,0.1097393689986277,0.1753695310071808,-3.1384529926399174,0.4671283657597723,0.346667486843937,45.6258458701855,60.31446540880503,0.413718723037101,0.4383271672679809,2026-06-13/2026-06-19,-0.548473,0.12017299999999997,126.60061028333332,0.32623373395495037,38.16206428248073,-0.5523035208772176,10.84534709940153,0.33092514549468194,2
2026-06-19 06:20:02.579866+00:00,2026-06-19T06:20:02.573534+00:00,SOL,KXSOL15M-26JUN190230-30,2026-06-19 06:30:00+00:00,68.67,68.7472,-0.1123,9.96,0.03,0.425,0.2753,0.1497,no,trade,0.606,1.0,0.0,0.0,0.404,1.0,0.5625,0.9375,1,0.0625,0.375,0.004844,0.4807,-1.0,73.68,33.33,0.0436,-0.0727,-0.0872,0.3419,1,,-1.3603,,0.4252,,0.4259,,0.8108,0.4389,1.0,1.0,23.5,1.0,51.79,,,0.0,0.252,-0.0026494,3.64e-05,-0.0020156,-0.1977,,,,-0.9892,0.2721,0.0,1.0,0.006,75.82,50.0,0.0,0.3524,0.0282,56.35,2000.0,0.0,1.0,41.65,68.74,0.1019,-0.0105,Bear,,Bear,Sideways,Bear,Bear,,-0.0934,0.2753,,,,,,,,,0.1928,0.0,-15439.47,-33590527.40360001,0.8542494500326853,-72011895.77090001,,,,,,,,,,,,,,,,,,,,,,,,2026-06-19 06:20:02.579866+00:00,True,0.575,0.425,312,-0.0727061218554592,0.7850974630873909,0.007442296886693,56.796564861506575,73.68421052631697,0.8333333333333413,0.6915842899449488,0.1747997086671393,0.3245275562354319,0.0301694860593862,46.063649798421245,36.66666666666647,0.3005464480874304,0.5077990597356411,0.4977309325135515,0.2341477713670042,0.0573826104973344,34.91613419508592,23.497267759563236,0.1184573002754841,0.192819586988967,-1.003584229390686,0.0769294998059111,0.1049074400735374,33.535095479588435,12.519561815336417,0.1097393689986277,0.1753695310071808,-3.1384529926399174,0.4671283657597723,0.346667486843937,45.6258458701855,60.31446540880503,0.413718723037101,0.4383271672679809,2026-06-13/2026-06-19,-0.428331,0.33493100000000003,187.34299776666666,0.12060534415396784,66.6724360386447,0.478628815802451,49.36993747146962,0.23183319570602806,1
2026-06-19 06:50:23.791125+00:00,2026-06-19T06:50:23.776474+00:00,SOL,KXSOL15M-26JUN190300-00,2026-06-19 07:00:00+00:00,68.5025,68.557,-0.0795,9.61,0.04,0.37,0.2753,0.0947,no,trade,0.4761,0.6,0.4,-1.0,0.364,1.0,0.6923,0.3077,-1,0.0,0.3077,0.004615,0.8217,0.0,22.86,31.19,0.0438,-0.0292,-0.1747,-0.0533,-1,,-1.426,,0.6388,,0.3907,,0.8108,0.4389,1.0,1.0,23.5,,51.79,,,0.0,0.2588,-0.0026494,3.64e-05,-0.0023659,-0.2024,,,,-0.9892,0.2721,-2.0,-1.0,0.0573,75.72,50.0,0.0,0.2561,0.0205,40.95,2000.0,1.0,0.0,-40.95,68.74,0.3467,0.2669,Bear,,Bear,Sideways,Bear,Bear,,-0.0536,0.2753,,,,,,,,,0.2715,0.0,-18146.34,-33590527.40360001,0.8542494500326853,-72011895.77090001,,,,,,,,,,,,,,,,,,,,,,,,2026-06-19 06:50:23.791125+00:00,False,0.63,-0.63,312,-0.0437572928821516,0.3145652847210927,0.0063664924428847,39.754149250217026,23.68421052631697,0.2368421052631697,0.2098870488164272,-0.2618562700029025,0.2657908927208552,0.0291936074451087,38.5870225022196,29.310344827586587,0.185792349726778,0.2932910119881818,0.4977309325135515,0.2341477713670042,0.0573826104973344,34.91613419508592,23.497267759563236,0.1184573002754841,0.192819586988967,-1.003584229390686,0.0769294998059111,0.1049074400735374,33.535095479588435,12.519561815336417,0.1097393689986277,0.1753695310071808,-3.1384529926399174,0.4671283657597723,0.346667486843937,45.6258458701855,60.31446540880503,0.413718723037101,0.4383271672679809,2026-06-13/2026-06-19,-0.23529,0.18169,217.69651875,0.01415219741121021,89.37182085108118,0.478628815802451,49.36993747146962,0.1722643553629469,2
2026-06-19 07:46:05.450356+00:00,2026-06-19T07:46:05.434983+00:00,SOL,KXSOL15M-26JUN190400-00,2026-06-19 08:00:00+00:00,68.1475,68.1607,-0.0194,13.91,0.05,0.505,0.3654,0.1396,no,trade,0.0687,0.9167,0.9167,1.0,0.825,1.0,0.4237,0.4068,-1,0.1695,0.4068,0.004177,2.0702,-2.0,31.08,27.71,-0.0147,0.3087,-0.336,-0.2008,-1,,-0.4068,,0.9742,,0.5479,,0.7429,0.0874,1.0,2.0,28.42,,46.24,,,0.0,0.2945,-0.0023593,8.49e-05,0.0002624,-0.1461,,,,-0.9892,0.2721,-2.0,-1.0,-0.1044,75.65,50.0,0.0,0.2765,0.0221,44.05,2000.0,1.0,0.0,-44.05,68.27,0.1798,0.1604,Bear,,Bear,Sideways,Bear,Bear,,0.2025,0.3654,,,,,,,,,0.1146,0.0,3756.09,4345567.421600014,1.0315560089279698,-46068609.7313,,,,,,,,,,,,,,,,,,,,,,,,2026-06-19 07:46:05.450356+00:00,False,0.495,-0.495,313,0.3234342840340964,0.1058054707929247,0.011619468294754,39.88224094732741,32.432432432431966,0.2926829268292645,0.1981022208665797,-0.510278466248737,0.1269330783395898,0.0213347645366512,31.47937315050947,21.23893805309698,0.1395348837209273,0.0881885634734678,0.1310997815003434,0.2761151440924596,0.0539225154765795,37.0079802414401,28.415300546447895,0.1464788732394356,0.2714483477525225,-1.003584229390686,0.0769294998059111,0.1049074400735374,33.535095479588435,12.519561815336417,0.1097393689986277,0.1753695310071808,-3.1384529926399174,0.4671283657597723,0.346667486843937,45.6258458701855,60.31446540880503,0.413718723037101,0.4383271672679809,2026-06-13/2026-06-19,-0.053569,0.256069,273.39083926666666,-0.45151156663164604,22.322362941290255,0.2478729103056132,65.88001741032082,0.04644481685420158,1
2026-06-19 08:06:19.923675+00:00,2026-06-19T08:06:19.908887+00:00,SOL,KXSOL15M-26JUN190415-15,2026-06-19 08:15:00+00:00,68.2525,68.2913,-0.0568,8.67,0.02,0.58,0.3225,0.2575,no,trade,0.2704,1.0,1.0,1.0,0.077,1.0,0.2105,0.7895,1,0.2105,0.5789,0.00394,0.7056,2.0,47.3,42.17,-0.0146,-0.0146,0.3376,0.0729,1,,-0.9852,,0.7903,,0.5174,,0.3649,-0.6837,-1.0,-1.0,13.17,-1.0,46.14,,,-1.0,0.1259,-0.0040041,-0.0014161,-0.0001828,-0.3043,,50.0,50.0,-1.101,0.2328,0.0,1.0,-0.075,75.6,50.0,0.0,0.444,0.0355,70.98,2000.0,1.0,0.0,-70.98,68.48,0.3333,0.2763,Bear,,Bear,Sideways,Bear,Bear,,0.1832,0.3225,,,,,,,,,0.1146,0.0,3756.09,4345567.421600014,1.0315560089279698,-46068609.7313,,,,,,,,,,,,,,,,,,,,,,,,2026-06-19 08:06:19.923675+00:00,False,0.42,-0.42,313,0.1318295005126701,0.3821000125639433,0.012203800308431,49.78970667721946,48.64864864864891,0.4390243902439054,0.5895940402454215,0.0439624853458386,0.1519551232436904,0.0187314871019254,33.160298979095174,32.92682926829247,0.1569767441860443,0.1767520154690173,-0.6837358161187024,0.1815701213391538,0.0531797479217487,30.98820757177225,13.170731707316897,0.0716180371352775,0.1146234605636987,-1.1296162201303472,0.0475956964547563,0.1136525439234927,29.46452022624871,4.066265060240903,0.0358090185676387,0.0819096970631989,-3.1384529926399174,0.4671283657597723,0.346667486843937,45.6258458701855,60.31446540880503,0.413718723037101,0.4383271672679809,2026-06-13/2026-06-19,0.005467,0.177733,293.63206125,0.1099644621973539,37.011725006941404,-0.446902770943447,26.969138645785883,0.14416243654822336,2
2026-06-19 08:41:47.052176+00:00,2026-06-19T08:41:47.037862+00:00,SOL,KXSOL15M-26JUN190445-45,2026-06-19 08:45:00+00:00,68.4875,68.5002,-0.0185,3.22,0.04,0.64,0.3225,0.3175,no,trade,0.1425,1.0,1.0,1.0,0.703,1.0,1.0,1.0,1,0.0,0.0,0.003491,0.6687,-1.0,72.97,65.06,0.0,-0.0875,-0.1457,0.3888,1,,-1.1615,,0.499,,0.5257,,0.3649,-0.6837,-1.0,-1.0,13.17,,46.14,,,-1.0,0.1024,-0.0040041,-0.0014161,-0.0007863,-0.3376,,,,-1.101,0.2328,0.0,0.9699,-0.0273,75.58,50.0,0.0,0.4961,0.0397,79.2,2000.0,1.0,0.0,-79.2,68.54,0.0767,0.0581,Bear,,Bear,Sideways,Bear,Bear,,0.2918,0.3225,,,,,,,,,0.1146,0.0,3756.09,4345567.421600014,1.0315560089279698,-46068609.7313,,,,,,,,,,,,,,,,,,,,,,,,2026-06-19 08:41:47.052176+00:00,False,0.36,-0.36,313,0.2186907712494301,0.8790694039523971,0.011641016401813,69.08673626104476,100.0,1.0,1.1283478735727022,0.2629272567922891,0.5015410658307108,0.0141808506737414,51.56150225309011,78.04878048780559,0.4885496183206103,0.6265984791532622,-0.6837358161187024,0.1815701213391538,0.0531797479217487,30.98820757177225,13.170731707316897,0.0716180371352775,0.1146234605636987,-1.1296162201303472,0.0475956964547563,0.1136525439234927,29.46452022624871,4.066265060240903,0.0358090185676387,0.0819096970631989,-3.1384529926399174,0.4671283657597723,0.346667486843937,45.6258458701855,60.31446540880503,0.413718723037101,0.4383271672679809,2026-06-13/2026-06-19,0.202483,0.08931700000000001,329.08420293333336,0.10681119918218851,42.04847501914612,-0.446902770943447,26.969138645785883,0.052993411629905465,3
2026-06-19 15:01:20.880138+00:00,2026-06-19T15:01:20.868161+00:00,SOL,KXSOL15M-26JUN191115-15,2026-06-19 15:15:00+00:00,69.0075,69.1092,-0.1472,13.66,0.07,0.405,0.3116,0.0934,no,trade,0.2889,0.0,0.9091,-1.0,0.211,1.0,1.0,0.0,-1,0.0,0.0,0.004497,0.7402,-2.0,42.11,72.05,-0.1445,-0.1878,-0.4754,-0.1686,-1,,0.3174,,999.0,,1.0,,0.5965,-0.1299,-1.0,-1.0,59.43,0.0,44.44,,,0.0,0.5958,0.0013787,-0.0005642,-0.0003423,0.1661,,,,-0.0732,0.1613,0.0,1.0,0.122,76.23,50.0,0.0,0.2307,0.0185,36.89,2000.0,1.0,0.0,-36.89,69.2,0.279,0.1314,Sideways,,Bear,Sideways,Bear,Sideways,,0.4268,0.3116,,,,,,,,,0.6997,0.0,36559.71,35976282.05369997,1.1234157241256977,6731322.071699977,,,,,,,,,,,,,,,,,,,,,,,,2026-06-19 15:01:20.880138+00:00,False,0.595,-0.595,315,-0.3169572107765472,0.569383810477428,0.0192939545473876,50.19470994646416,59.64912280701738,0.7171717171717146,0.372939595192167,-0.3313166234514608,0.8362782601083342,0.0253790583476258,60.160427009477175,81.81818181818164,0.8181818181818165,0.7149344567794638,-0.2019327852300634,0.5533810376401183,0.0353997398541377,56.11918581418526,59.433962264150786,0.5943396226415079,0.6997112922570715,-0.0732386113959204,0.0984172462706979,0.1207119711048526,29.196729205262585,3.313253012048176,0.029177718832891,0.1191786324882247,-3.1384529926399174,0.4671283657597723,0.346667486843937,45.6258458701855,60.31446540880503,0.413718723037101,0.4383271672679809,2026-06-13/2026-06-19,0.564496,-0.13769599999999999,55.68133563333333,-0.2046720746955888,79.36746035331844,-0.02478587189483905,79.36746035331844,0.32732933066488773,1
2026-06-19 17:26:42.303354+00:00,2026-06-19T17:26:42.286313+00:00,SOL,KXSOL15M-26JUN191330-30,2026-06-19 17:30:00+00:00,68.865,68.8322,0.0477,3.3,0.01,0.845,0.6963,0.1487,no,trade,-0.2473,0.0,1.0,-1.0,1.577,1.0,0.6667,0.9583,1,0.0417,0.2917,0.004559,0.7636,2.0,32.93,31.4,-0.1158,-0.3901,0.1162,-0.3705,1,,-0.3854,,999.0,,0.7692,,0.0375,-0.7938,-1.0,-1.0,45.25,-1.0,40.91,,,-1.0,0.4332,0.0009239,0.0005229,-0.0008847,-0.0772,,,,1.5522,0.882,0.0,1.0,0.0796,75.83,50.0,0.0,0.176,0.0141,28.21,2000.0,1.0,0.0,-28.21,69.0,0.196,0.2438,Sideways,,Bear,Sideways,Bear,Sideways,,0.5179,0.6963,,,,,,,,,0.41,0.0,33200.14,-8458073.796999991,0.94822536236455,31863775.678299993,,,,,,,,,,,,,,,,,,,,,,,,2026-06-19 17:26:42.303354+00:00,False,0.155,-0.155,316,0.1159420289855051,0.3876748544868055,0.0151813878279533,51.46954752090451,48.809523809523206,0.488095238095232,0.6304912674442955,0.232761128891501,0.4218571967815862,0.0236373645665681,43.08033178447939,27.380952380952746,0.6139240506329113,0.2404806405300265,-0.9652787782740258,0.3879457758313389,0.0336920360597779,45.52015135696858,45.25139664804423,0.3820754716981093,0.4099904423954495,1.7443564936968636,0.2601090324413619,0.1186782929012546,43.079172918205614,22.056631892697336,0.1944809461235203,0.4274153663771969,-3.1384529926399174,0.4671283657597723,0.346667486843937,45.6258458701855,60.31446540880503,0.413718723037101,0.4383271672679809,2026-06-13/2026-06-19,0.602332,-0.08443199999999995,79.5550559,0.024504140532766172,18.019101778944187,-0.3906611484355893,57.9623187096186,0.1046282079403378,1
2026-06-19 17:31:46.798726+00:00,2026-06-19T17:31:46.794934+00:00,SOL,KXSOL15M-26JUN191345-45,2026-06-19 17:45:00+00:00,68.955,68.9028,0.0758,13.22,0.02,0.74,0.6963,0.0437,no,trade,-0.2069,0.5,0.5,-1.0,0.577,1.0,0.2187,0.2187,1,0.7813,0.0,0.004348,1.0667,3.0,40.74,38.37,0.0435,0.087,0.1016,-0.2744,-1,,-0.3854,,999.0,,0.7299,,0.0375,-0.7938,-1.0,-1.0,45.25,-1.0,40.91,,,-1.0,0.4332,0.0009239,0.0005229,-0.0008847,-0.0772,,,,1.5522,0.882,0.0,1.0,-0.1138,75.83,50.0,0.0,0.0591,0.0047,9.36,2000.0,1.0,0.0,-9.36,69.35,0.5728,0.649,Sideways,,Bear,Sideways,Bear,Sideways,,0.4991,0.6963,,,,,,,,,0.41,0.0,33200.14,-8458073.796999991,0.94822536236455,31863775.678299993,,,,,,,,,,,,,,,,,,,,,,,,2026-06-19 17:31:46.798726+00:00,False,0.26,-0.26,316,-0.1592356687898033,0.3022071020496078,0.0153471608014744,43.9410800656708,36.585365853658494,0.3571428571428523,0.4115743805540399,0.1015965166908383,0.4331686576031957,0.0207982476014599,45.76740157174918,35.71428571428523,0.6582278481012614,0.3549456213926815,-0.9652787782740258,0.3879457758313389,0.0336920360597779,45.52015135696858,45.25139664804423,0.3820754716981093,0.4099904423954495,1.7443564936968636,0.2601090324413619,0.1186782929012546,43.079172918205614,22.056631892697336,0.1944809461235203,0.4274153663771969,-3.1384529926399174,0.4671283657597723,0.346667486843937,45.6258458701855,60.31446540880503,0.413718723037101,0.4383271672679809,2026-06-13/2026-06-19,0.602332,-0.10323199999999999,84.62997876666667,-0.11683849233730115,6.755562538049433,-0.3906611484355893,57.9623187096186,0.17433302667893286,2
2026-06-19 17:46:55.850045+00:00,2026-06-19T17:46:55.836208+00:00,SOL,KXSOL15M-26JUN191400-00,2026-06-19 18:00:00+00:00,69.255,69.3353,-0.1158,13.07,0.04,0.3,0.227,0.073,no,trade,0.3494,0.6667,0.6667,1.0,0.119,1.0,0.95,0.95,1,0.05,0.0,0.004274,1.3494,-1.0,94.44,79.07,-0.0288,-0.0288,0.4199,0.2374,1,,-0.4465,,999.0,,0.665,,0.0375,-0.7938,-1.0,-1.0,45.25,,40.91,,,-1.0,0.4545,0.0009239,0.0005229,-0.0011442,-0.0839,,,,1.5522,0.882,0.0,1.0,-0.1497,75.87,50.0,0.0,0.2432,0.0195,39.2,2000.0,0.0,1.0,16.8,69.35,0.1372,0.0212,Sideways,,Bear,Sideways,Bear,Sideways,,0.5173,0.227,,,,,,,,,0.6853,0.0,28144.46,-8458073.796999991,0.94822536236455,31863775.678299993,,,,,,,,,,,,,,,,,,,,,,,,2026-06-19 17:46:55.850045+00:00,True,0.7,0.3,316,0.0576950814943133,0.6907720535108647,0.0151944500591921,66.6889350453648,97.22222222222275,0.8333333333333334,1.0255000036715425,0.5799623024503431,0.6990628943778306,0.0181331546079744,58.59498081373586,83.33333333333334,0.9113924050632908,0.7370121664564272,-0.9652787782740258,0.3879457758313389,0.0336920360597779,45.52015135696858,45.25139664804423,0.3820754716981093,0.4099904423954495,1.7443564936968636,0.2601090324413619,0.1186782929012546,43.079172918205614,22.056631892697336,0.1944809461235203,0.4274153663771969,-3.1384529926399174,0.4671283657597723,0.346667486843937,45.6258458701855,60.31446540880503,0.413718723037101,0.4383271672679809,2026-06-13/2026-06-19,0.602332,-0.085032,99.78083408333333,0.2976754861924169,43.53213801771344,-0.3906611484355893,57.9623187096186,0.2709405708937763,3
2026-06-19 18:02:04.952965+00:00,2026-06-19T18:02:04.940632+00:00,SOL,KXSOL15M-26JUN191415-15,2026-06-19 18:15:00+00:00,69.2375,69.3083,-0.1022,12.92,0.01,0.305,0.227,0.078,no,trade,0.349,0.75,0.25,1.0,1.748,1.0,0.1429,0.2857,-1,0.5714,0.2857,0.003999,0.7577,-2.0,77.11,74.42,-0.0577,-0.0288,-0.0288,0.1446,1,,0.3951,,999.0,,0.5907,,0.8193,0.8874,1.0,1.0,88.2,1.0,52.86,,,1.0,0.7309,0.0027381,0.0008454,-0.0005205,0.1559,,,,1.5522,0.882,0.0,1.0,-0.039,75.75,50.0,0.0,0.2556,0.0205,41.01,2000.0,0.0,1.0,18.0,69.27,0.0469,-0.0553,Sideways,,Bear,Sideways,Bear,Sideways,,0.5397,0.227,,,,,,,,,0.6853,0.0,28144.46,-8458073.796999991,0.94822536236455,31863775.678299993,,,,,,,,,,,,,,,,,,,,,,,,2026-06-19 18:02:04.952965+00:00,True,0.6950000000000001,0.3049999999999999,316,0.0577200577200676,0.679043793679155,0.0145769307323644,58.70558944794014,80.72289156626543,0.8072289156626543,0.7347360008640472,-0.0432463600980259,0.6565920718835624,0.0168058000580655,57.39735102145643,79.76190476190465,0.8349514563106781,0.6761429351512455,0.8728542333430456,0.6539006972224475,0.0331061013098077,56.4514216828185,89.2405063291138,0.665094339622643,0.6853463975093856,1.7443564936968636,0.2601090324413619,0.1186782929012546,43.079172918205614,22.056631892697336,0.1944809461235203,0.4274153663771969,-3.1384529926399174,0.4671283657597723,0.346667486843937,45.6258458701855,60.31446540880503,0.413718723037101,0.4383271672679809,2026-06-13/2026-06-19,0.602332,-0.06263200000000002,114.93254941666667,0.1881515850091109,66.84668407926003,0.3935749285957524,80.35693308634126,0.2555638909727432,4
2026-06-19 18:32:23.890319+00:00,2026-06-19T18:32:23.876551+00:00,SOL,KXSOL15M-26JUN191445-45,2026-06-19 18:45:00+00:00,68.965,69.0255,-0.0876,12.6,0.02,0.4,0.2753,0.1247,no,trade,0.3621,0.0,1.0,-1.0,0.253,1.0,1.0,0.0,-1,0.0,0.0,0.003975,0.7656,-4.0,10.71,38.37,-0.0145,-0.2169,-0.3178,-0.2157,-1,,0.3951,,999.0,,0.4945,,0.8193,0.8874,1.0,1.0,88.2,1.0,52.86,,,1.0,0.7309,0.0027381,0.0008454,-0.0005205,0.1559,,,,1.5522,0.882,-2.0,-1.0,0.0044,75.61,50.0,0.0,0.3119,0.0249,49.8,2000.0,0.0,1.0,33.2,68.94,-0.0363,-0.1239,Sideways,,Bear,Sideways,Bear,Sideways,,0.5356,0.2753,,,,,,,,,0.6853,0.0,28144.46,-8458073.796999991,0.94822536236455,31863775.678299993,,,,,,,,,,,,,,,,,,,,,,,,2026-06-19 18:32:23.890319+00:00,True,0.6,0.4,316,-0.0867678958785256,0.472023304407123,0.0126706967331075,40.1742892560134,26.78571428571519,0.5060240963855452,0.1706761739796465,-0.2598527501082581,0.3594669635752875,0.0128508353667689,47.27011528248343,50.0,0.5757575757575779,0.3914168532046249,0.8728542333430456,0.6539006972224475,0.0331061013098077,56.4514216828185,89.2405063291138,0.665094339622643,0.6853463975093856,1.7443564936968636,0.2601090324413619,0.1186782929012546,43.079172918205614,22.056631892697336,0.1944809461235203,0.4274153663771969,-3.1384529926399174,0.4671283657597723,0.346667486843937,45.6258458701855,60.31446540880503,0.413718723037101,0.4383271672679809,2026-06-13/2026-06-19,0.487512,0.048087999999999964,5.081505316666666,-0.06406335526994988,47.01007442901706,0.3935749285957524,80.35693308634126,0.22037735849056603,5
2026-06-19 20:33:39.230469+00:00,2026-06-19T20:33:39.215638+00:00,SOL,KXSOL15M-26JUN191645-45,2026-06-19 20:45:00+00:00,68.78,68.8672,-0.1266,11.35,0.01,0.295,0.2124,0.0826,no,trade,0.5561,1.0,1.0,1.0,0.697,1.0,0.2963,0.7037,-1,0.0,0.7037,0.003286,1.1924,-2.0,47.22,22.37,-0.029,-0.0145,-0.029,0.0473,1,,0.0613,,999.0,,0.4903,,0.5,-0.1014,-1.0,-2.0,63.35,0.0,53.42,,,0.0,0.6123,-0.0008679,0.0008259,-9.96e-05,0.0048,,50.0,50.0,-0.4907,0.3333,-2.0,-1.0,0.1227,75.72,50.0,0.0,0.2799,0.0224,45.12,2000.0,1.0,0.0,-45.12,68.94,0.2326,0.1057,Sideways,,Bear,Bear,Bear,Sideways,,0.3945,0.2124,,,,,,,,,0.4871,0.0,-11434.24,6262616.367899999,1.0580226841127085,33780824.62459998,,,,,,,,,,,,,,,,,,,,,,,,2026-06-19 20:33:39.230469+00:00,False,0.7050000000000001,-0.7050000000000001,317,0.1744186046511719,0.4205236553324734,0.0041063655312242,47.53676370304531,50.000000000001975,0.4736842105263217,0.4456271903389197,-0.1448855404230564,0.3079293949372706,0.0145390710753383,44.29030743439015,30.120481927710905,0.2976190476190464,0.4011513933871528,0.0,0.5155630615459729,0.0303011290563808,49.05084292745767,64.55696202531628,0.4811320754716984,0.4870899607190384,-0.6627287134418625,0.2303395803977565,0.1151194414064629,39.59997839808818,15.201192250372534,0.1345646437994718,0.3422337080050898,-3.1384529926399174,0.4671283657597723,0.346667486843937,45.6258458701855,60.31446540880503,0.413718723037101,0.4383271672679809,2026-06-13/2026-06-19,0.36803,0.026469999999999994,126.33717448333333,0.01970951067136184,59.35544522459567,-0.17010020004518678,61.52532417656842,0.3852708460133901,1
2026-06-19 21:34:15.077115+00:00,2026-06-19T21:34:15.064519+00:00,SOL,KXSOL15M-26JUN191745-45,2026-06-19 21:45:00+00:00,69.0575,69.0712,-0.0198,10.75,0.02,0.48,0.3116,0.1684,no,trade,0.1105,1.0,1.0,1.0,8.808,1.0,0.6842,0.1579,-1,0.1579,0.1579,0.002808,0.9779,1.0,73.17,80.0,0.0,0.0723,-0.1299,0.2129,-1,,0.6489,,999.0,,0.3971,,1.0,0.4351,1.0,1.0,81.99,1.0,55.56,,,1.0,0.7862,0.0001445,0.0007616,0.0008542,0.1549,,,,-0.4907,0.3333,-2.0,-1.0,-0.2334,75.74,50.0,0.0,0.3509,0.0281,56.16,2000.0,0.0,1.0,51.84,68.97,-0.1267,-0.1465,Sideways,,Bear,Bear,Bear,Sideways,,0.542,0.3116,,,,,,,,,0.6308,0.0,-5847.34,6262616.367899999,1.0580226841127085,33780824.62459998,,,,,,,,,,,,,,,,,,,,,,,,2026-06-19 21:34:15.077115+00:00,True,0.52,0.48,318,-0.130020225368399,0.6454165716969451,0.0078177654762611,51.81413845720469,73.5849056603773,0.7358490566037731,0.4625863642160168,-0.0578285383836973,0.6216381539442144,0.0106573514287917,54.97484157950317,63.93442622950835,0.5542168674698731,0.6135364365711322,0.435097897026826,0.6802125548558342,0.0286736878845698,55.094332319519005,83.54430379746802,0.6226415094339619,0.6307648570743334,-0.6627287134418625,0.2303395803977565,0.1151194414064629,39.59997839808818,15.201192250372534,0.1345646437994718,0.3422337080050898,-3.1384529926399174,0.4671283657597723,0.346667486843937,45.6258458701855,60.31446540880503,0.413718723037101,0.4383271672679809,2026-06-13/2026-06-19,0.392589,0.14941100000000002,10.10128525,-0.11310665000707765,73.6751494663041,0.3463348843439684,81.24429584782861,0.07051282051282053,1
2026-06-19 21:54:25.989420+00:00,2026-06-19T21:54:25.973735+00:00,SOL,KXSOL15M-26JUN191800-00,2026-06-19 22:00:00+00:00,68.8925,68.9058,-0.0193,5.57,0.03,0.445,0.3225,0.1225,no,trade,0.1448,0.0,1.0,-1.0,0.433,1.0,0.6111,0.1111,-1,0.2778,0.1111,0.002797,0.9333,-4.0,5.71,40.0,-0.1159,0.0145,-0.0869,-0.1095,-1,,0.5487,,999.0,,0.4095,,1.0,0.4351,1.0,1.0,81.99,,55.56,,,1.0,0.772,0.0001445,0.0007616,0.0005801,0.1437,,,,-0.4907,0.3333,-2.0,-1.0,-0.0328,75.81,50.0,0.0,0.2753,0.022,43.84,2000.0,1.0,0.0,-43.84,68.99,0.1415,0.1222,Sideways,,Bear,Bear,Bear,Sideways,,0.5072,0.3225,,,,,,,,,0.4683,0.0,-7260.17,6262616.367899999,1.0580226841127085,33780824.62459998,,,,,,,,,,,,,,,,,,,,,,,,2026-06-19 21:54:25.989420+00:00,False,0.5549999999999999,-0.5549999999999999,318,-0.1014198782961384,0.3070702826923196,0.0079936645002771,36.4038794309518,17.948717948719818,0.3962264150943538,-0.0276538230400184,-0.1591204976131965,0.4892921531599123,0.0101469838263788,48.038741244875446,52.83018867924538,0.4216867469879458,0.4432267849287863,0.435097897026826,0.6802125548558342,0.0286736878845698,55.094332319519005,83.54430379746802,0.6226415094339619,0.6307648570743334,-0.6627287134418625,0.2303395803977565,0.1151194414064629,39.59997839808818,15.201192250372534,0.1345646437994718,0.3422337080050898,-3.1384529926399174,0.4671283657597723,0.346667486843937,45.6258458701855,60.31446540880503,0.413718723037101,0.4383271672679809,2026-06-13/2026-06-19,0.466969,0.04023099999999996,30.283157000000003,-0.10047900425608214,53.80160891476407,0.3463348843439684,81.24429584782861,0.06900250268144441,2
2026-06-20 11:22:04.043002+00:00,2026-06-20T11:22:04.039042+00:00,SOL,KXSOL15M-26JUN200730-30,2026-06-20 11:30:00+00:00,71.4425,71.4493,-0.0095,7.94,0.05,0.535,0.3225,0.2125,no,trade,0.0764,1.0,1.0,1.0,0.095,1.0,0.8276,0.0,-1,0.1724,0.0,0.002428,1.6708,1.0,13.33,49.02,0.0,-0.0839,-0.0978,-0.1146,-1,,1.7235,,999.0,,0.3206,,1.0,0.2517,1.0,2.0,78.57,0.0,75.36,,,0.0,0.8015,0.0021053,0.002753,0.0023628,0.365,,,,2.0827,0.6482,0.0,0.9953,0.1558,75.75,50.0,0.0,0.3972,0.0318,63.7,2000.0,1.0,0.0,-63.7,71.63,0.2624,0.2529,Sideways,,Bear,Sideways,Bear,Bull,,0.4352,0.3225,,,,,,,,,0.8648,0.0,-3519.96,21279843.5009,1.135582485769886,39919162.692200005,,,,,,,,,,,,,,,,,,,,,,,,2026-06-20 11:22:04.043002+00:00,False,0.4649999999999999,-0.4649999999999999,326,0.1259445843828865,0.4675172470269213,0.0047322039635805,49.58098847672227,33.33333333333176,0.3939393939393822,0.4693020785304144,-0.3347280334728197,0.3210205535353045,0.014193860285744,47.00819414070661,37.73584905660155,0.1904761904761801,0.3828836004951182,0.097724417143663,0.8400479275430152,0.0651276066468522,70.25595875088317,78.57142857142857,0.8015873015873016,0.8647894040570311,2.0827389443652145,0.6207385673120397,0.1013994097172277,63.01423675202607,76.7441860465117,0.5409836065573769,0.8694184977114046,0.0143369175627405,0.4932011488134653,0.3092866212177422,45.66172008659905,60.37735849056607,0.4141501294219157,0.4468786472464401,2026-06-20/2026-06-26,0.8435,-0.40830000000000005,20.234050033333332,-0.012517804889045081,70.34490727367168,-0.1395426601846883,75.26797895147132,0.039126853377265236,1
2026-06-20 14:19:10.900846+00:00,2026-06-20T14:19:10.885607+00:00,SOL,KXSOL15M-26JUN201030-30,2026-06-20 14:30:00+00:00,70.6175,70.4845,0.1887,10.82,0.02,0.85,0.751,0.099,no,trade,-0.5406,0.0,1.0,-1.0,2.501,1.0,1.0,0.0,-1,0.0,0.0,0.003742,2.3081,1.0,9.71,6.49,0.0,0.1418,-0.5772,-0.7902,-1,,0.6214,,0.3182,,0.7685,,0.5063,-0.5032,-1.0,-2.0,56.8,0.0,65.37,,,0.0,0.6019,-0.0008874,0.0016673,0.001926,0.0144,,,,0.3774,0.7073,-2.0,-1.0,0.2031,74.83,50.0,0.0,0.1165,0.0093,18.6,2000.0,1.0,0.0,-18.6,70.76,0.2018,0.3909,Sideways,,Bear,Bear,Bear,Bull,,0.4162,0.751,,,,,,,,,0.4486,0.0,1173.59,-24784335.155799985,0.9425896963217008,21298353.177000016,,,,,,,,,,,,,,,,,,,,,,,,2026-06-20 14:19:10.900846+00:00,False,0.15,-0.15,327,-0.1698754246885703,-0.0487151920272836,0.0182415320340793,19.019256791835957,0.0,0.0,-0.5807155911592423,-0.9272267490868402,-0.1944834285247175,0.019110004128262,25.164355310977996,0.0,0.0,-0.2913471268285321,-0.5032149846239897,0.6486031654124992,0.0650034032482121,53.36532035961962,56.80272108843548,0.6576819407008104,0.4486098654292649,0.3633314700950185,0.6833223319499621,0.0944198779997396,64.78356364064612,86.06194690265464,0.5797317436661684,0.8746916379478651,0.0143369175627405,0.4932011488134653,0.3092866212177422,45.66172008659905,60.37735849056607,0.4141501294219157,0.4468786472464401,2026-06-20/2026-06-26,0.67506,-0.25886,55.648347433333335,-0.35853352375202485,0.0,-0.2959644936968986,16.04508594950796,0.5042757883484768,1
2026-06-21 21:38:27.608008+00:00,2026-06-21T21:38:27.603553+00:00,SOL,KXSOL15M-26JUN211745-45,2026-06-21 21:45:00+00:00,72.755,72.7472,0.0107,6.54,0.01,0.815,0.6188,0.1962,no,trade,-0.0318,1.0,1.0,1.0,0.435,1.0,0.3148,0.7037,1,0.2963,0.3889,0.004278,1.73,2.0,30.25,23.79,0.0,0.0137,-0.1095,-0.3154,1,,-0.4791,,0.7711,,0.9554,,0.0357,-1.3298,-1.0,-1.0,36.11,-1.0,51.93,,,-1.0,0.3471,-0.0013558,0.000398,-3.4e-05,-0.1857,,,,0.513,0.7867,-2.0,-1.0,-0.2242,72.32,50.0,0.0,0.2407,0.0193,38.48,2000.0,1.0,0.0,-38.48,73.23,0.6529,0.6637,Sideways,,Bear,Sideways,Bull,Sideways,,0.3899,0.6188,,,,,,,,,0.225,0.0,-8704.28,-72087627.33710003,0.824484164492559,-35041820.34680003,,,,,,,,,,,,,,,,,,,,,,,,2026-06-21 21:38:27.608008+00:00,False,0.185,-0.185,336,0.137174211248281,0.2617971443587789,0.0348176084468392,40.25982355232927,31.90184049079739,0.2524271844660172,0.322381967770237,0.2337412347036993,-0.0871046140928164,0.0266217413059799,24.5878962168009,20.388349514563167,0.2000000000000013,-0.1558932029596593,-1.3297515110812783,0.3740416760102682,0.0251016812824572,42.36269372504009,36.72316384180751,0.3672316384180751,0.224965187450016,0.5130282165519251,0.91040063286625,0.118022475962954,76.73005107860966,98.04511278195496,0.9804511278195496,0.9143571229335716,4.988532110091737,0.7054033485670734,0.265902140682823,58.71995274816849,79.8571428571428,0.5709297250109123,0.7019929262794523,2026-06-20/2026-06-26,0.659809,-0.26990899999999995,30.360133466666664,0.027469760084319894,16.031654172778424,-0.5931315740474896,17.420959827226138,0.02501168770453483,1
2026-06-21 22:03:46.219252+00:00,2026-06-21T22:03:46.206348+00:00,SOL,KXSOL15M-26JUN211815-15,2026-06-21 22:15:00+00:00,73.04,73.0557,-0.0215,11.23,0.02,0.58,0.3462,0.2338,no,trade,0.0501,0.3333,0.6667,-1.0,0.063,1.0,0.3939,0.0606,-1,0.5455,0.0606,0.004437,1.0176,-2.0,61.22,29.13,0.2743,-0.0274,-0.4495,-0.1543,-1,,-0.7872,,0.5729,,0.9283,,0.6526,-0.4087,-1.0,-2.0,29.11,0.0,49.49,,,0.0,0.1834,-0.002197,-0.0010873,-3.42e-05,-0.279,,,,0.513,0.7867,-2.0,-1.0,-0.0749,72.34,50.0,0.0,0.403,0.0322,64.68,2000.0,0.0,1.0,89.32,73.03,-0.0137,-0.0352,Sideways,,Bear,Sideways,Bull,Sideways,,0.368,0.3462,,,,,,,,,0.1379,0.0,29853.69,-72087627.33710003,0.824484164492559,-35041820.34680003,,,,,,,,,,,,,,,,,,,,,,,,2026-06-21 22:03:46.219252+00:00,True,0.42,0.58,336,-0.3408316291751867,0.3722810618236689,0.0262605231535189,43.102540336671545,63.26530612244865,0.3803680981595043,0.3245481499931579,-0.1775228731394351,0.1169457389969235,0.0302162143881891,34.25675146779783,30.097087378640275,0.2952380952380914,0.1541218078338276,-0.4900626191124413,0.1856378581580437,0.0254048428017782,36.68489786791248,29.523809523809145,0.2952380952380914,0.1378694081168222,0.5130282165519251,0.91040063286625,0.118022475962954,76.73005107860966,98.04511278195496,0.9804511278195496,0.9143571229335716,4.988532110091737,0.7054033485670734,0.265902140682823,58.71995274816849,79.8571428571428,0.5709297250109123,0.7019929262794523,2026-06-20/2026-06-26,0.586976,-0.21897600000000006,55.670320866666664,-0.1849944044709284,33.518162119967705,-0.11218015227246747,26.929564672043828,0.04845616407482533,2
2026-06-21 22:18:56.728736+00:00,2026-06-21T22:18:56.715587+00:00,SOL,KXSOL15M-26JUN211830-30,2026-06-21 22:30:00+00:00,73.14,72.9387,0.276,11.06,0.01,0.855,0.8126,0.0424,no,trade,-0.7121,0.6667,0.2222,1.0,0.15,1.0,0.5417,0.375,-1,0.0833,0.375,0.004372,0.75,1.0,76.34,34.47,0.2191,0.2465,0.1505,0.0112,1,,-0.7872,,0.4177,,0.8438,,0.6526,-0.4087,-1.0,-2.0,29.11,0.0,49.49,,,0.0,0.1834,-0.002197,-0.0010873,-3.42e-05,-0.279,,,,0.513,0.7867,0.0,1.0,0.2563,72.2,50.0,0.0,0.0496,0.004,7.98,2000.0,1.0,0.0,-7.98,72.74,-0.5469,-0.2724,Sideways,,Bear,Sideways,Bull,Sideways,,0.3813,0.8126,,,,,,,,,0.1379,0.0,29853.69,-72087627.33710003,0.824484164492559,-35041820.34680003,,,,,,,,,,,,,,,,,,,,,,,,2026-06-21 22:18:56.728736+00:00,False,0.145,-0.145,336,-0.1504376367614912,0.3745935451988878,0.0202630914791307,39.75499242397887,56.98924731182853,0.3271604938271631,0.2601124760368521,-0.1231190150478678,0.1246592457270593,0.0313737653055399,32.47917432052874,25.728155339805852,0.2523809523809536,0.1334591917784104,-0.4900626191124413,0.1856378581580437,0.0254048428017782,36.68489786791248,29.523809523809145,0.2952380952380914,0.1378694081168222,0.5130282165519251,0.91040063286625,0.118022475962954,76.73005107860966,98.04511278195496,0.9804511278195496,0.9143571229335716,4.988532110091737,0.7054033485670734,0.265902140682823,58.71995274816849,79.8571428571428,0.5709297250109123,0.7019929262794523,2026-06-20/2026-06-26,0.400529,-0.01922900000000005,70.84547893333334,-0.2895689031000015,8.661830612492185,-0.11218015227246747,26.929564672043828,0.6312900274473926,3
2026-06-22 00:35:08.980404+00:00,2026-06-22T00:35:08.975033+00:00,SOL,KXSOL15M-26JUN212045-45,2026-06-22 00:45:00+00:00,72.88,72.8623,0.0243,9.85,0.04,0.69,0.6237,0.0663,no,trade,-0.0727,1.0,0.8333,1.0,2.678,1.0,0.4737,0.4737,1,0.5263,0.0,0.005416,0.9603,3.0,92.5,67.89,0.0,0.0548,0.1096,0.3458,1,,-1.3676,,999.0,,0.772,,0.2468,-0.7664,-1.0,-4.0,8.3,0.0,32.74,,,0.0,-0.0104,-0.0040644,-0.0007323,-0.0005492,-0.4159,,50.0,50.0,-2.6058,0.0856,0.0,0.9998,-0.1494,72.11,50.0,0.0,0.0961,0.0077,15.5,2000.0,1.0,0.0,-15.5,73.31,0.59,0.6144,Bear,,Bear,Sideways,Bull,Sideways,,0.2178,0.6237,,,,,,,,,-0.0065,-1.0,29616.34,40908140.02700001,1.1146258722013231,-9347953.726700008,,,,,,,,,,,,,,,,,,,,,,,,2026-06-22 00:35:08.980404+00:00,False,0.31,-0.31,337,0.1919912232583698,0.7952397276992811,0.0123301831470907,64.02705002583942,91.54929577464766,0.9154929577464768,0.9477815262453748,0.1510781486059542,0.3648174000157437,0.0332759114055135,46.35983676417256,50.0,0.2394366197183111,0.5133456038487838,-0.7663883946900096,-0.0078782957300664,0.029726594005047,28.43213317428274,4.6082949308759655,0.0460829493087596,-0.0065693776253049,-2.605775688381462,0.6596996209186957,0.1140899129605548,50.439270770739945,64.9746192893402,0.6887218045112788,0.4270001033935886,-0.9967231021299704,0.7306498333994258,0.2196576506253107,55.483032033659185,74.06866325785248,0.5872563005230627,0.6212300390947374,2026-06-20/2026-06-26,0.221165,-0.003365000000000007,207.0496734,0.33093083158068914,60.90019211417038,-0.8171184889958383,1.938239439627754,0.044867060561299854,1
2026-06-22 01:10:55.215566+00:00,2026-06-22T01:10:55.199489+00:00,SOL,KXSOL15M-26JUN212115-15,2026-06-22 01:15:00+00:00,73.27,73.3207,-0.0691,4.08,0.04,0.46,0.3225,0.1375,no,trade,0.271,0.7333,0.2667,-1.0,0.404,1.0,0.3,1.0,1,0.0,0.7,0.004822,0.8485,-1.0,72.45,78.91,0.0,-0.3668,0.1366,0.4018,1,,-0.1321,,999.0,,0.9159,,0.8558,1.2274,1.0,1.0,47.16,1.0,45.04,,,1.0,0.3706,-0.0017393,-0.0002947,0.0002474,-0.0241,,,,-2.6058,0.0856,0.0,0.9926,-0.0721,72.21,50.0,0.0,0.299,0.0239,48.06,2000.0,0.0,1.0,40.94,73.3,0.0409,-0.0282,Sideways,,Bear,Sideways,Bull,Sideways,,0.2341,0.3225,,,,,,,,,0.482,0.0,34852.07,40908140.02700001,1.1146258722013231,-9347953.726700008,,,,,,,,,,,,,,,,,,,,,,,,2026-06-22 01:10:55.215566+00:00,True,0.54,0.4599999999999999,337,-0.0543478260869423,0.8978474959730344,0.0212436850440069,69.16433153692425,96.33027522935848,0.9663865546218554,1.00905013149248,0.0818107444777727,0.6325412521092566,0.0259924379291138,60.950601506156104,86.84210526315866,0.4647887323943683,0.8115372160671687,1.2274169080126909,0.401367176271146,0.0298168162178201,48.69782204196595,45.62211981566859,0.4562211981566859,0.4820222576336259,-2.605775688381462,0.6596996209186957,0.1140899129605548,50.439270770739945,64.9746192893402,0.6887218045112788,0.4270001033935886,-0.9967231021299704,0.7306498333994258,0.2196576506253107,55.483032033659185,74.06866325785248,0.5872563005230627,0.6212300390947374,2026-06-20/2026-06-26,0.252351,-0.01825099999999999,242.82025943333335,-0.08916953130304606,71.02240724868409,0.8803669251192803,49.54854140861916,0.14330153463293238,2
2026-06-22 01:46:21.119553+00:00,2026-06-22T01:46:21.112216+00:00,SOL,KXSOL15M-26JUN212200-00,2026-06-22 02:00:00+00:00,74.36,74.3157,0.0596,13.65,0.03,0.635,0.5864,0.0486,no,trade,-0.0875,0.25,0.1,-1.0,0.127,1.0,0.5357,0.2679,-1,0.1964,0.2679,0.006209,1.2136,0.0,66.3,76.34,0.0,-0.1075,-0.2818,-0.0499,1,,-0.3917,,0.1748,,1.3367,,0.8558,1.2274,1.0,1.0,47.16,,45.04,,,1.0,0.3538,-0.0017393,-0.0002947,-0.0005968,-0.0498,,,,-2.6058,0.0856,-2.0,-0.9032,0.2913,72.52,50.0,0.0,0.0766,0.0061,12.41,2000.0,1.0,0.0,-12.41,74.4,0.0538,0.1134,Sideways,,Bear,Sideways,Bull,Sideways,,0.2471,0.5864,,,,,,,,,0.8283,0.0,39425.91,40908140.02700001,1.1146258722013231,-9347953.726700008,,,,,,,,,,,,,,,,,,,,,,,,2026-06-22 01:46:21.119553+00:00,False,0.365,-0.365,337,-0.0537923614846724,0.8751655723413753,0.030049166028656,67.08868998977138,67.02127659574437,0.7327586206896525,0.8572690194573437,-0.3218884120171794,1.06980087428285,0.0281678957018578,70.62613302649521,75.49407114624489,0.7549407114624489,0.9914492400315276,1.2274169080126909,0.401367176271146,0.0298168162178201,48.69782204196595,45.62211981566859,0.4562211981566859,0.4820222576336259,-2.605775688381462,0.6596996209186957,0.1140899129605548,50.439270770739945,64.9746192893402,0.6887218045112788,0.4270001033935886,-0.9967231021299704,0.7306498333994258,0.2196576506253107,55.483032033659185,74.06866325785248,0.5872563005230627,0.6212300390947374,2026-06-20/2026-06-26,0.252325,-0.005225000000000035,278.25199255,-0.21720076555687973,79.00443340314874,0.8803669251192803,49.54854140861916,0.09598969238202609,3
2026-06-22 02:16:43.899629+00:00,2026-06-22T02:16:43.894871+00:00,SOL,KXSOL15M-26JUN212230-30,2026-06-22 02:30:00+00:00,73.9975,74.016,-0.025,13.27,0.02,0.59,0.3462,0.2438,no,trade,0.0524,0.5,0.0,0.0,0.004,1.0,1.0,0.0,-1,0.0,0.0,0.006144,0.6374,-2.0,45.73,66.03,-0.0945,-0.081,-0.4704,-0.495,-1,,0.8726,,0.5358,,0.949,,0.6707,1.3762,1.0,2.0,79.39,0.0,61.43,,,0.0,0.7817,-0.000112,0.0005732,0.0002863,0.237,,,,-2.6058,0.0856,-2.0,-1.0,-0.0313,72.31,50.0,0.0,0.4131,0.0331,66.01,2000.0,1.0,0.0,-66.01,74.27,0.3683,0.3432,Sideways,,Bear,Sideways,Bull,Sideways,,0.2356,0.3462,,,,,,,,,0.8283,0.0,39425.91,40908140.02700001,1.1146258722013231,-9347953.726700008,,,,,,,,,,,,,,,,,,,,,,,,2026-06-22 02:16:43.899629+00:00,False,0.41,-0.41,337,-0.0134916351861913,0.6131558841409418,0.0258925319465913,52.716814146129046,49.390243902439146,0.5585106382978722,0.4297660917372244,-0.389784946236571,0.849219017990603,0.0331450894251059,62.14540550230598,67.19367588932815,0.6719367588932814,0.7452783664284898,1.3623978201634968,0.8197657422165601,0.0305812604100879,62.45451815023542,78.65612648221376,0.7865612648221376,0.8282691328098172,-2.605775688381462,0.6596996209186957,0.1140899129605548,50.439270770739945,64.9746192893402,0.6887218045112788,0.4270001033935886,-0.9967231021299704,0.7306498333994258,0.2196576506253107,55.483032033659185,74.06866325785248,0.5872563005230627,0.6212300390947374,2026-06-20/2026-06-26,0.172339,0.06326100000000001,308.63166048333335,-0.03753468358059786,83.90364120488123,1.1181035095570113,85.50521635139481,0.040690104166666664,4
2026-06-22 02:31:55.354525+00:00,2026-06-22T02:31:55.336803+00:00,SOL,KXSOL15M-26JUN212245-45,2026-06-22 02:45:00+00:00,74.1325,74.1575,-0.0337,13.08,0.03,0.425,0.3225,0.1025,no,trade,0.0795,1.0,1.0,1.0,0.143,1.0,0.8519,0.8519,1,0.1481,0.0,0.006011,0.6048,0.0,25.56,74.43,0.0,0.1213,0.1618,-0.2688,1,,0.8726,,0.2311,,0.85,,0.6707,1.3762,1.0,2.0,79.39,0.0,61.43,,,0.0,0.7817,-0.000112,0.0005732,0.0002863,0.237,,,,-2.6058,0.0856,-2.0,-1.0,0.0827,72.22,50.0,0.0,0.2412,0.0193,38.52,2000.0,0.0,1.0,28.47,73.99,-0.1922,-0.2259,Sideways,,Bear,Sideways,Bull,Sideways,,0.256,0.3225,,,,,,,,,0.8283,0.0,39425.91,40908140.02700001,1.1146258722013231,-9347953.726700008,,,,,,,,,,,,,,,,,,,,,,,,2026-06-22 02:31:55.354525+00:00,True,0.575,0.425,337,0.0943777807738799,0.630070409736315,0.0226421242959911,59.391100535347945,45.31249999999983,0.6195652173913035,0.6355010118244451,0.1754149237619628,0.8568839337406728,0.0348109293016874,64.5974081031153,72.33201581027659,0.7233201581027658,0.7987293658631986,1.3623978201634968,0.8197657422165601,0.0305812604100879,62.45451815023542,78.65612648221376,0.7865612648221376,0.8282691328098172,-2.605775688381462,0.6596996209186957,0.1140899129605548,50.439270770739945,64.9746192893402,0.6887218045112788,0.4270001033935886,-0.9967231021299704,0.7306498333994258,0.2196576506253107,55.483032033659185,74.06866325785248,0.5872563005230627,0.6212300390947374,2026-06-20/2026-06-26,0.268207,-0.012206999999999968,323.82257541666667,-0.024134073919979127,82.87424595807072,1.1181035095570113,85.50521635139481,0.056063882881384135,5
2026-06-22 03:37:48.915429+00:00,2026-06-22T03:37:48.902944+00:00,SOL,KXSOL15M-26JUN212345-45,2026-06-22 03:45:00+00:00,73.73,73.7327,-0.0037,7.19,0.02,0.58,0.3462,0.2338,no,trade,0.0134,0.1538,0.1538,1.0,0.265,1.0,0.8205,0.8205,1,0.1795,0.0,0.006032,0.875,0.0,59.57,52.27,0.0,-0.1486,0.1084,-0.2469,1,,0.1127,,0.6052,,0.737,,0.0492,-0.7796,-1.0,-1.0,57.25,-1.0,51.44,,,0.0,0.5308,0.0008148,-0.0002705,-8.46e-05,0.044,,,,-2.6058,0.0856,0.0,1.0,0.0744,72.33,50.0,0.0,0.403,0.0322,64.68,2000.0,0.0,1.0,89.32,73.72,-0.0136,-0.0172,Sideways,,Bear,Sideways,Bull,Sideways,,0.4575,0.3462,,,,,,,,,0.5839,0.0,5332.99,40908140.02700001,1.1146258722013231,-9347953.726700008,,,,,,,,,,,,,,,,,,,,,,,,2026-06-22 03:37:48.915429+00:00,True,0.42,0.58,338,0.0541345242928814,0.4415134137286717,0.0132878041498616,53.85804685832215,63.829787234043614,0.504201680672277,0.6448280555654542,0.4076640847941348,0.652387866213225,0.0361664545844454,53.08328428368456,56.79012345679011,0.5849802371541515,0.5290611876317084,-0.739247311827973,0.5638025759859392,0.0301950326667825,53.36914376635078,56.916996047430715,0.5691699604743071,0.5839226204301735,-2.605775688381462,0.6596996209186957,0.1140899129605548,50.439270770739945,64.9746192893402,0.6887218045112788,0.4270001033935886,-0.9967231021299704,0.7306498333994258,0.2196576506253107,55.483032033659185,74.06866325785248,0.5872563005230627,0.6212300390947374,2026-06-20/2026-06-26,0.278477,0.17902300000000004,389.71525715,0.27549654072427376,60.841936921955366,-0.5253616932849647,63.088450026758814,0.006133952254641911,1
2026-06-22 03:47:55.912911+00:00,2026-06-22T03:47:55.906715+00:00,SOL,KXSOL15M-26JUN220000-00,2026-06-22 04:00:00+00:00,73.53,73.6367,-0.1449,12.07,0.01,0.345,0.2753,0.0697,no,trade,0.426,0.0,0.76,-1.0,2.52,1.0,0.5938,0.0,-1,0.4062,0.0,0.006063,0.7168,-2.0,33.71,32.47,0.0,-0.4058,-0.5,-0.54,-1,,0.3239,,0.926,,0.7102,,0.0492,-0.7796,-1.0,-1.0,57.25,,51.44,,,0.0,0.5345,0.0008148,-0.0002705,0.0006078,0.0625,,,,-2.6058,0.0856,-2.0,-0.8333,-0.0263,72.24,50.0,0.0,0.2022,0.0162,32.09,2000.0,0.0,1.0,16.9,73.53,0.0,-0.1449,Sideways,,Bear,Sideways,Bull,Sideways,,0.3921,0.2753,,,,,,,,,0.4409,0.0,-1526.17,-6940409.736900002,0.964214889083762,-38119897.04700002,,,,,,,,,,,,,,,,,,,,,,,,2026-06-22 03:47:55.912911+00:00,True,0.655,0.345,338,-0.2976995940460081,0.2180295194640404,0.0123033913067788,37.5216181869918,39.32584269663015,0.3723404255319248,0.1809019032806522,-0.2842062525375444,0.5575131726937822,0.034877501232955,47.23212757470899,42.72727272727322,0.501976284584984,0.3780322611776548,-0.739247311827973,0.5638025759859392,0.0301950326667825,53.36914376635078,56.916996047430715,0.5691699604743071,0.5839226204301735,-2.605775688381462,0.6596996209186957,0.1140899129605548,50.439270770739945,64.9746192893402,0.6887218045112788,0.4270001033935886,-0.9967231021299704,0.7306498333994258,0.2196576506253107,55.483032033659185,74.06866325785248,0.5872563005230627,0.6212300390947374,2026-06-20/2026-06-26,0.288556,0.10354400000000002,399.83188185,-0.1414867911418427,51.34463618170122,-0.5253616932849647,63.088450026758814,0.2389905987135082,2
2026-06-22 04:33:30.556332+00:00,2026-06-22T04:33:30.538893+00:00,SOL,KXSOL15M-26JUN220045-45,2026-06-22 04:45:00+00:00,73.485,73.5572,-0.0982,11.49,0.01,0.365,0.2753,0.0897,no,trade,0.4074,0.5,0.0,0.0,0.117,1.0,0.4,0.4,-1,0.2,0.4,0.005465,0.2487,-2.0,31.15,17.07,-0.0136,-0.0543,-0.1086,-0.1205,-1,,-0.1127,,0.9385,,0.5155,,0.2388,-0.4201,-1.0,-2.0,44.66,0.0,46.45,,,0.0,0.3947,0.0008868,-0.0006551,0.0002898,-0.0392,,50.0,50.0,1.3515,0.4033,-1.0,-0.0588,0.0082,72.28,50.0,0.0,0.2459,0.0197,39.37,2000.0,0.0,1.0,22.63,73.45,-0.0476,-0.1457,Sideways,,Bear,Sideways,Bull,Sideways,,0.5328,0.2753,,,,,,,,,0.4409,0.0,-1526.17,-6940409.736900002,0.964214889083762,-38119897.04700002,,,,,,,,,,,,,,,,,,,,,,,,2026-06-22 04:33:30.556332+00:00,True,0.635,0.365,339,0.0,0.4002166715257235,0.0088404888792709,46.300170748214555,37.704918032787575,0.4328358208955306,0.4803551820713745,-0.0543035568829619,0.4995827589264735,0.0325545153057024,46.66216539057813,19.512195121951663,0.4782608695652203,0.3979665894464717,-0.4874746106973582,0.3919047788409694,0.029488086147078,48.06596773589451,42.68774703557304,0.4268774703557303,0.4409431892469064,1.3515377189353028,0.7534235713132753,0.1146520049351948,58.68106841133639,76.61290322580642,0.7931526390870178,0.6217224525897859,-0.9967231021299704,0.7306498333994258,0.2196576506253107,55.483032033659185,74.06866325785248,0.5872563005230627,0.6212300390947374,2026-06-20/2026-06-26,0.45753,0.07527000000000006,445.4092722,-0.04391803238462666,10.356169034407467,-0.47994279042088417,42.71725987935316,0.17968892955169258,1
2026-06-22 16:53:21.373326+00:00,2026-06-22T16:53:21.356619+00:00,SOL,KXSOL15M-26JUN221300-00,2026-06-22 17:00:00+00:00,72.7275,72.6273,0.138,6.65,0.02,0.83,0.7507,0.0793,no,trade,-0.5359,1.0,1.0,1.0,0.032,1.0,0.5,0.5,-1,0.0,0.5,0.005313,0.4658,1.0,14.74,5.88,-0.055,0.0688,0.0688,-0.8397,1,,-0.9322,,1.8232,,0.7234,,0.1169,-0.49,-1.0,-2.0,4.62,,37.48,,,0.0,0.0575,-0.0015882,-0.000432,-0.0002639,-0.2423,,,,-1.4823,0.0462,-2.0,-1.0,-0.1617,72.86,50.0,0.0,0.0955,0.0076,15.3,2000.0,1.0,0.0,-15.3,73.02,0.4022,0.5407,Bull,,Bear,Sideways,Bull,Sideways,,0.0259,0.7507,,,,,,,,,0.1855,0.0,-23245.34,-35135455.934299946,0.8990097827586766,-37004975.58839995,,,,,,,,,,,,,,,,,,,,,,,,2026-06-22 16:53:21.373326+00:00,False,0.17,-0.17,340,0.0687947165657565,0.2516604348022422,0.0218060724860466,30.01552020898532,13.861386138614042,0.1166666666666668,0.2355275486050778,-0.1236773395629886,0.058837305585775,0.0360023699276471,18.786023981361534,3.7815126050421672,0.0378151260504216,-0.0828116936236957,-0.4899959167006917,0.2222494789869677,0.0299366081422676,37.61840940257646,4.615384615384784,0.2734375000000009,0.1692508473029043,-1.4291492517190307,0.6284901959917335,0.1055761631550153,51.124576077628376,58.20224719101128,0.7357954545454544,0.4572325254231991,-0.9967231021299704,0.7306498333994258,0.2196576506253107,55.483032033659185,74.06866325785248,0.5872563005230627,0.6212300390947374,2026-06-20/2026-06-26,0.756935,-0.731035,567.7228887666666,-0.21080893154638014,1.9475448554344794,-0.20373575069789762,55.670344327315476,0.25974025974025977,1
2026-06-22 17:03:29.727908+00:00,2026-06-22T17:03:29.711266+00:00,SOL,KXSOL15M-26JUN221315-15,2026-06-22 17:15:00+00:00,72.84,72.8868,-0.0642,11.51,0.02,0.43,0.3462,0.0838,no,trade,0.2018,1.0,0.7647,1.0,1.924,1.0,1.0,1.0,1,0.0,0.0,0.005419,0.8592,0.0,72.88,18.07,0.0,0.0,0.4678,-0.3576,1,,-0.9547,,1.3915,,0.6802,,0.7288,-0.2186,-1.0,-3.0,18.07,1.0,41.42,,,0.0,0.0701,-0.0017483,-0.0009532,-0.0003244,-0.241,,,,-1.4823,0.0462,-1.0,0.1549,-0.0945,73.17,50.0,0.0,0.1948,0.0156,31.35,2000.0,1.0,0.0,-31.35,72.97,0.1785,0.1141,Bull,,Bear,Sideways,Bull,Sideways,,0.2344,0.3462,,,,,,,,,0.1855,0.0,-23245.34,-35135455.934299946,0.8990097827586766,-37004975.58839995,,,,,,,,,,,,,,,,,,,,,,,,2026-06-22 17:03:29.727908+00:00,False,0.5700000000000001,-0.5700000000000001,340,0.1371365880416863,0.4717448473682071,0.0198609760120956,56.44972221678394,72.88135593220171,0.3583333333333263,0.8183065903241341,0.4678040726472154,0.2170853383921026,0.0371446668768846,36.71305290755146,18.06722689075603,0.1806722689075602,0.3010096131141103,-0.1231021748050897,0.2019543505932558,0.0310020879922322,36.52466816932348,18.06722689075603,0.2382812499999995,0.1855244006274835,-1.4291492517190307,0.6284901959917335,0.1055761631550153,51.124576077628376,58.20224719101128,0.7357954545454544,0.4572325254231991,-0.9967231021299704,0.7306498333994258,0.2196576506253107,55.483032033659185,74.06866325785248,0.5872563005230627,0.6212300390947374,2026-06-20/2026-06-26,0.153565,0.08083499999999999,577.8621318,0.36876937762633233,25.358806555645348,-0.05207919554920393,53.69540545916126,0.11847204281232697,2
2026-06-22 17:18:40.275165+00:00,2026-06-22T17:18:40.259291+00:00,SOL,KXSOL15M-26JUN221330-30,2026-06-22 17:30:00+00:00,72.8025,72.8987,-0.132,11.33,0.01,0.395,0.3116,0.0834,no,trade,0.4186,0.6667,0.3333,-1.0,0.141,1.0,0.2632,0.7368,-1,0.0,0.7368,0.005085,0.5125,-2.0,74.42,13.45,0.0,-0.0822,-0.1506,0.0206,1,,-0.9547,,1.5595,,0.6794,,0.7288,-0.2186,-1.0,-3.0,18.07,1.0,41.42,,,0.0,0.0701,-0.0017483,-0.0009532,-0.0003244,-0.241,,,,-1.4823,0.0462,-2.0,-1.0,0.079,73.2,50.0,0.0,0.2113,0.0169,33.88,2000.0,0.0,1.0,22.12,72.74,-0.0858,-0.2177,Bull,,Bear,Sideways,Bull,Sideways,,0.2561,0.3116,,,,,,,,,0.1855,0.0,-23245.34,-35135455.934299946,0.8990097827586766,-37004975.58839995,,,,,,,,,,,,,,,,,,,,,,,,2026-06-22 17:18:40.275165+00:00,True,0.605,0.395,340,0.1784733662822502,0.5168396696542086,0.0138379640474334,52.20381574249263,88.37209302325627,0.3653846153846138,0.65219807130344,-0.0684743905779217,0.2277988133993118,0.0381398123014106,35.405697639594905,15.966386554621687,0.1596638655462169,0.2840270804696416,-0.1231021748050897,0.2019543505932558,0.0310020879922322,36.52466816932348,18.06722689075603,0.2382812499999995,0.1855244006274835,-1.4291492517190307,0.6284901959917335,0.1055761631550153,51.124576077628376,58.20224719101128,0.7357954545454544,0.4572325254231991,-0.9967231021299704,0.7306498333994258,0.2196576506253107,55.483032033659185,74.06866325785248,0.5872563005230627,0.6212300390947374,2026-06-20/2026-06-26,-0.007496,0.263596,593.0379194166667,-0.18598379795584652,13.995813137694713,-0.05207919554920393,53.69540545916126,0.25958702064896755,3
2026-06-22 18:04:16.352968+00:00,2026-06-22T18:04:16.342302+00:00,SOL,KXSOL15M-26JUN221415-15,2026-06-22 18:15:00+00:00,73.325,73.2132,0.1527,10.73,0.01,0.845,0.788,0.057,no,trade,-0.5898,0.0,0.2,-1.0,0.27,1.0,0.875,0.875,1,0.125,0.0,0.004456,1.2227,3.0,98.72,68.33,0.0409,0.1911,0.4516,0.8039,1,,-0.8029,,0.8675,,0.5725,,0.9265,0.3424,1.0,1.0,28.57,0.0,47.6,,,1.0,0.2098,-0.0020348,-0.0007247,-0.0009565,-0.1636,,,,-1.4823,0.0462,0.0,1.0,0.1671,73.36,50.0,0.0,0.0674,0.0054,10.85,2000.0,1.0,0.0,-10.85,73.5,0.2387,0.3917,Bull,,Bear,Sideways,Bull,Sideways,,0.3538,0.788,,,,,,,,,0.3395,0.0,-53425.52,-35135455.934299946,0.8990097827586766,-37004975.58839995,,,,,,,,,,,,,,,,,,,,,,,,2026-06-22 18:04:16.352968+00:00,False,0.155,-0.155,341,0.0,1.0489665349368595,0.0093948665831192,72.80298712182565,94.11764705882464,0.9452054794520648,1.1423645901141009,0.4936917169500843,0.4087107854709828,0.037318204540178,52.37838396518499,57.49999999999967,0.2899159663865542,0.6776064118665134,0.3560668310052195,0.308925138770278,0.0305308215994235,42.154389029146635,28.99159663865542,0.3398437500000015,0.3395249047203867,-1.4291492517190307,0.6284901959917335,0.1055761631550153,51.124576077628376,58.20224719101128,0.7357954545454544,0.4572325254231991,-0.9967231021299704,0.7306498333994258,0.2196576506253107,55.483032033659185,74.06866325785248,0.5872563005230627,0.6212300390947374,2026-06-20/2026-06-26,0.234362,0.11943800000000002,638.6392161333333,0.27390609084816386,27.417273673257103,-0.2941630875718193,42.54600975769551,0.34268402154398564,1
2026-06-22 18:19:27.453549+00:00,2026-06-22T18:19:27.438768+00:00,SOL,KXSOL15M-26JUN221430-30,2026-06-22 18:30:00+00:00,73.3575,73.4215,-0.0872,10.55,0.02,0.38,0.2753,0.1047,no,trade,0.3421,0.6667,0.5,1.0,0.327,1.0,0.875,0.9167,1,0.0833,0.0417,0.0043,0.7602,-1.0,85.87,70.0,-0.2175,-0.0544,0.0272,0.7567,1,,-0.8029,,0.617,,0.569,,0.9265,0.3424,1.0,1.0,28.57,0.0,47.6,,,1.0,0.2098,-0.0020348,-0.0007247,-0.0009565,-0.1636,,,,-1.4823,0.0462,0.0,1.0,-0.1861,73.36,50.0,0.0,0.2757,0.0221,44.02,2000.0,0.0,1.0,26.98,73.31,-0.0648,-0.1519,Bull,,Bear,Sideways,Bull,Sideways,,0.3808,0.2753,,,,,,,,,0.3395,0.0,-53425.52,-35135455.934299946,0.8990097827586766,-37004975.58839995,,,,,,,,,,,,,,,,,,,,,,,,2026-06-22 18:19:27.453549+00:00,True,0.62,0.38,341,0.0408496732026142,0.9639052333929377,0.0138043070367908,79.70117119429639,98.8095238095232,0.9887640449438144,1.1915791628230454,0.2592794759825212,0.4952109074229655,0.0355199918367474,58.806659258814655,73.33333333333279,0.3697478991596626,0.8248558629992067,0.3560668310052195,0.308925138770278,0.0305308215994235,42.154389029146635,28.99159663865542,0.3398437500000015,0.3395249047203867,-1.4291492517190307,0.6284901959917335,0.1055761631550153,51.124576077628376,58.20224719101128,0.7357954545454544,0.4572325254231991,-0.9967231021299704,0.7306498333994258,0.2196576506253107,55.483032033659185,74.06866325785248,0.5872563005230627,0.6212300390947374,2026-06-20/2026-06-26,0.256084,0.12471600000000005,653.8242258166666,0.11272445820433852,37.52063822407219,-0.2941630875718193,42.54600975769551,0.2027906976744186,2
2026-06-22 19:40:30.044860+00:00,2026-06-22T19:40:30.026783+00:00,SOL,KXSOL15M-26JUN221545-45,2026-06-22 19:45:00+00:00,72.65,72.5703,0.1098,4.51,0.01,0.865,0.8017,0.0633,no,trade,-0.6192,1.0,1.0,1.0,0.125,1.0,0.7037,0.0,-1,0.2963,0.0,0.003955,0.938,1.0,31.87,27.1,0.0687,0.0687,0.3862,-0.3145,1,,-1.2082,,1.3065,,0.6053,,0.1122,-0.7781,-1.0,-1.0,4.6,,37.79,,,-1.0,0.0314,-0.003853,-0.0012064,-0.0007297,-0.302,,,,-1.4823,0.0462,-2.0,-1.0,-0.1017,73.49,50.0,0.0,0.0732,0.0059,11.75,2000.0,1.0,0.0,-11.75,72.72,0.0964,0.2063,Bull,,Bear,Sideways,Bull,Sideways,,0.175,0.8017,,,,,,,,,0.1981,0.0,-48157.46,-35135455.934299946,0.8990097827586766,-37004975.58839995,,,,,,,,,,,,,,,,,,,,,,,,2026-06-22 19:40:30.044860+00:00,False,0.135,-0.135,342,0.0,0.2928932963825656,0.0196042420037262,43.51374782438812,26.37362637362706,0.2242990654205677,0.4124052836712739,-0.2614199229499347,0.0687433276217585,0.0196643265722982,27.892181138329164,0.0,0.0,-0.0098420985284415,-0.6550218340611424,0.1146988655017809,0.0315720762734709,35.41609806162492,8.82352941176446,0.15234375,0.1980690596651963,-1.4291492517190307,0.6284901959917335,0.1055761631550153,51.124576077628376,58.20224719101128,0.7357954545454544,0.4572325254231991,-0.9967231021299704,0.7306498333994258,0.2196576506253107,55.483032033659185,74.06866325785248,0.5872563005230627,0.6212300390947374,2026-06-20/2026-06-26,0.351944,-0.176944,734.8674143333334,-0.0673959927647072,9.379387306958693,-0.4036068111455182,23.820556669056884,0.27762326169405815,1
2026-06-22 19:50:37.662994+00:00,2026-06-22T19:50:37.643530+00:00,SOL,KXSOL15M-26JUN221600-00,2026-06-22 20:00:00+00:00,72.56,72.6595,-0.1369,9.38,0.01,0.445,0.3225,0.1225,no,trade,0.5756,0.0,1.0,-1.0,0.075,1.0,0.1765,0.6471,1,0.3529,0.4706,0.003763,0.6214,-1.0,28.77,19.63,0.0,-0.0275,-0.0412,-0.3905,-1,,-1.2082,,1.4152,,0.5637,,0.1122,-0.7781,-1.0,-1.0,4.6,,37.79,,,-1.0,0.0314,-0.003853,-0.0012064,-0.0007297,-0.302,,,,-1.4823,0.0462,-2.0,-1.0,0.0172,73.52,50.0,0.0,0.2753,0.022,43.84,2000.0,1.0,0.0,-43.84,72.72,0.2205,0.0833,Bull,,Bear,Sideways,Bull,Sideways,,0.1973,0.3225,,,,,,,,,0.1964,0.0,-12240.16,-56285827.34220001,0.8112628362420089,-97832142.76649997,,,,,,,,,,,,,,,,,,,,,,,,2026-06-22 19:50:37.662994+00:00,False,0.5549999999999999,-0.5549999999999999,342,-0.1100110011001076,0.2728923508714869,0.0187413801446754,37.97383308773408,17.647058823529903,0.1401869158878548,0.229858909108832,0.3172851427783119,0.254235166209081,0.0195175905496953,39.02910992176432,21.49532710280396,0.1769230769230784,0.2875445607509136,-0.6550218340611424,0.1146988655017809,0.0315720762734709,35.41609806162492,8.82352941176446,0.15234375,0.1980690596651963,-1.4291492517190307,0.6284901959917335,0.1055761631550153,51.124576077628376,58.20224719101128,0.7357954545454544,0.4572325254231991,-0.9967231021299704,0.7306498333994258,0.2196576506253107,55.483032033659185,74.06866325785248,0.5872563005230627,0.6212300390947374,2026-06-20/2026-06-26,0.31094,-0.11363999999999999,744.9943832333333,0.07075135986196468,19.902971992335708,-0.4036068111455182,23.820556669056884,0.36380547435556737,2
2026-06-22 20:10:52.929710+00:00,2026-06-22T20:10:52.914496+00:00,SOL,KXSOL15M-26JUN221615-15,2026-06-22 20:15:00+00:00,72.6775,72.6798,-0.0032,4.12,0.03,0.445,0.3462,0.0988,no,trade,0.0222,0.5,0.0,0.0,0.0,1.0,0.0769,0.6923,-1,0.2308,0.6923,0.003669,0.4866,1.0,78.57,30.84,0.0,-0.1234,0.1788,-0.159,1,,-1.0697,,1.2303,,0.5082,,0.7586,0.0826,1.0,1.0,8.87,0.0,37.39,,,0.0,0.0942,-0.0050126,-0.0016005,-0.0006669,-0.2599,,50.0,50.0,-0.6423,0.2056,0.0,1.0,0.191,73.63,50.0,0.0,0.2219,0.0178,35.52,2000.0,1.0,0.0,-35.52,72.72,0.0585,0.0553,Bull,,Bear,Sideways,Bull,Sideways,,0.2193,0.3462,,,,,,,,,0.1964,0.0,-12240.16,-56285827.34220001,0.8112628362420089,-97832142.76649997,,,,,,,,,,,,,,,,,,,,,,,,2026-06-22 20:10:52.929710+00:00,False,0.5549999999999999,-0.5549999999999999,342,0.0,0.586973898668228,0.0132618432738738,60.299199057125904,100.0,0.4615384615384579,0.9037154215843308,-0.0137513751375162,0.2710780341123697,0.0192897271560838,38.72113064440572,20.560747663551155,0.1692307692307668,0.302134914828166,-0.1236263736263731,0.0563924092230491,0.0304770231647895,34.24203365146175,8.870967741935424,0.0887096774193542,0.1963961282380014,-0.5471207769115138,0.5530413898212285,0.092238836631758,47.1120692995262,49.21348314606733,0.6789772727272716,0.3853701377022147,-0.9967231021299704,0.7306498333994258,0.2196576506253107,55.483032033659185,74.06866325785248,0.5872563005230627,0.6212300390947374,2026-06-20/2026-06-26,0.186105,0.033195,765.2488285,0.1280792078592885,36.71572424477096,0.2189331647685755,32.45438219051274,0.00872172254020169,3
2026-06-22 20:36:11.486560+00:00,2026-06-22T20:36:11.482580+00:00,SOL,KXSOL15M-26JUN221645-45,2026-06-22 20:45:00+00:00,72.6425,72.5065,0.1876,8.81,0.01,0.875,0.8126,0.0624,no,trade,-0.9586,1.0,1.0,1.0,0.276,1.0,0.625,0.125,-1,0.25,0.125,0.003594,0.918,1.0,56.76,24.3,0.0,0.1514,-0.0412,0.0443,1,,-1.0697,,1.3202,,0.4774,,0.7586,0.0826,1.0,1.0,8.87,0.0,37.39,,,0.0,0.0942,-0.0050126,-0.0016005,-0.0006669,-0.2599,,50.0,50.0,-0.6423,0.2056,-2.0,-1.0,-0.0973,73.7,50.0,0.0,0.0713,0.0057,11.38,2000.0,1.0,0.0,-11.38,72.79,0.203,0.391,Bull,,Bear,Sideways,Bull,Sideways,,0.1948,0.8126,,,,,,,,,0.1964,0.0,-12240.16,-56285827.34220001,0.8112628362420089,-97832142.76649997,,,,,,,,,,,,,,,,,,,,,,,,2026-06-22 20:36:11.486560+00:00,False,0.125,-0.125,342,0.2894954507857594,0.597979712324746,0.0056849638193068,50.88300872957844,61.90476190476287,0.6190476190476287,0.5940902225576307,-0.2475247524752366,0.1788197882818373,0.0167347474893422,33.192275911617756,4.672897196262713,0.0384615384615468,0.1834940507514299,-0.1236263736263731,0.0563924092230491,0.0304770231647895,34.24203365146175,8.870967741935424,0.0887096774193542,0.1963961282380014,-0.5471207769115138,0.5530413898212285,0.092238836631758,47.1120692995262,49.21348314606733,0.6789772727272716,0.3853701377022147,-0.9967231021299704,0.7306498333994258,0.2196576506253107,55.483032033659185,74.06866325785248,0.5872563005230627,0.6212300390947374,2026-06-20/2026-06-26,0.174985,0.019815,790.5581093333333,-0.22643380700748672,19.931892907467404,0.2189331647685755,32.45438219051274,0.5219810795770728,4
2026-06-22 20:46:19.174949+00:00,2026-06-22T20:46:19.169727+00:00,SOL,KXSOL15M-26JUN221700-00,2026-06-22 21:00:00+00:00,72.7,72.7303,-0.0417,13.68,0.02,0.41,0.3225,0.0875,no,trade,0.1905,1.0,1.0,1.0,0.17,1.0,1.0,1.0,1,0.0,0.0,0.003631,0.7189,-1.0,67.57,28.04,-0.0137,-0.0137,0.2065,0.0725,1,,-1.1701,,1.2656,,0.4286,,0.7586,0.0826,1.0,1.0,8.87,,37.39,,,0.0,0.1012,-0.0050126,-0.0016005,-0.0010462,-0.2728,,,,-0.6423,0.2056,-2.0,-1.0,0.0166,73.7,50.0,0.0,0.2135,0.0171,34.22,2000.0,1.0,0.0,-34.22,72.81,0.1513,0.1096,Bull,,Bear,Sideways,Bull,Sideways,,0.2412,0.3225,,,,,,,,,0.2438,0.0,-557.87,-56285827.34220001,0.8112628362420089,-97832142.76649997,,,,,,,,,,,,,,,,,,,,,,,,2026-06-22 20:46:19.174949+00:00,False,0.5900000000000001,-0.5900000000000001,342,0.0274800769442196,0.7050350713747023,0.0057347823351608,54.184038325787654,70.27027027026965,0.7380952380952405,0.7021608207844257,0.3584229390680926,0.412111619793887,0.0149063458034499,46.8414279859802,28.971962616822445,0.2897196261682244,0.5085856240975676,-0.1236263736263731,0.0563924092230491,0.0304770231647895,34.24203365146175,8.870967741935424,0.0887096774193542,0.1963961282380014,-0.5471207769115138,0.5530413898212285,0.092238836631758,47.1120692995262,49.21348314606733,0.6789772727272716,0.3853701377022147,-0.9967231021299704,0.7306498333994258,0.2196576506253107,55.483032033659185,74.06866325785248,0.5872563005230627,0.6212300390947374,2026-06-20/2026-06-26,0.197264,0.043936,800.68624915,0.16205668163085107,44.518952495235744,0.2189331647685755,32.45438219051274,0.11484439548333791,5
2026-06-22 21:01:31.594136+00:00,2026-06-22T21:01:31.581743+00:00,SOL,KXSOL15M-26JUN221715-15,2026-06-22 21:15:00+00:00,72.7375,72.7422,-0.0065,13.48,0.02,0.56,0.3462,0.2138,no,trade,0.0315,0.5,0.0,0.0,0.157,1.0,0.4615,0.3846,-1,0.1538,0.3846,0.003551,0.5028,1.0,72.97,29.91,0.11,0.11,0.0275,0.0841,1,,-1.0351,,1.2376,,0.4057,,0.5135,0.0138,1.0,2.0,9.68,1.0,38.96,,,0.0,0.1465,-0.0016872,-0.0013299,-0.0009636,-0.2337,,,,-0.6423,0.2056,-2.0,-1.0,-0.1577,73.7,50.0,0.0,0.3817,0.0305,61.16,2000.0,0.0,1.0,77.84,72.76,0.0309,0.0245,Sideways,,Bear,Sideways,Bull,Bear,,0.2525,0.3462,,,,,,,,,0.2438,0.0,-557.87,-56285827.34220001,0.8112628362420089,-97832142.76649997,,,,,,,,,,,,,,,,,,,,,,,,2026-06-22 21:01:31.594136+00:00,True,0.4399999999999999,0.56,342,0.0687947165657565,0.5195759811998605,0.0056195382727047,48.69643699713026,51.35135135135208,0.5714285714285907,0.4787467889788354,-0.0961538461538347,0.3639166540539553,0.0147721986394365,44.063955908888715,22.42990654205677,0.2242990654205677,0.430082795967618,0.0275065328015466,0.1067791018193854,0.0325511807762865,34.81284714274756,9.67741935483906,0.0967741935483906,0.2437299767734629,-0.5471207769115138,0.5530413898212285,0.092238836631758,47.1120692995262,49.21348314606733,0.6789772727272716,0.3853701377022147,-0.9967231021299704,0.7306498333994258,0.2196576506253107,55.483032033659185,74.06866325785248,0.5872563005230627,0.6212300390947374,2026-06-20/2026-06-26,0.219315,0.03318499999999999,815.8932356,-0.10401738461095489,28.735794451894986,-0.08993468220365175,27.266058037169717,0.018304702900591382,6
2026-06-22 21:16:42.867367+00:00,2026-06-22T21:16:42.853074+00:00,SOL,KXSOL15M-26JUN221730-30,2026-06-22 21:30:00+00:00,72.7275,72.739,-0.0158,13.29,0.02,0.43,0.3225,0.1075,no,trade,0.086,0.0,1.0,-1.0,0.061,1.0,0.5556,0.0,-1,0.4444,0.0,0.003394,0.3642,2.0,87.1,29.91,0.0,0.0275,0.0,0.0521,-1,,-1.0351,,1.2363,,0.3656,,0.5135,0.0138,1.0,2.0,9.68,1.0,38.96,,,0.0,0.1465,-0.0016872,-0.0013299,-0.0009636,-0.2337,,,,-0.6423,0.2056,0.0,1.0,-0.205,73.7,50.0,0.0,0.25,0.02,39.9,2000.0,0.0,1.0,30.1,72.67,-0.0791,-0.0949,Sideways,,Bear,Sideways,Bull,Bear,,0.25,0.3225,,,,,,,,,0.2438,0.0,-557.87,-56285827.34220001,0.8112628362420089,-97832142.76649997,,,,,,,,,,,,,,,,,,,,,,,,2026-06-22 21:16:42.867367+00:00,True,0.5700000000000001,0.4299999999999999,342,-0.041214452534688,0.5426698324909702,0.0049935637318547,49.84680440850259,59.4594594594607,0.5945945945946071,0.4915511640270138,0.041248453183007,0.3928773335582838,0.0147951394318206,45.645849446901074,25.233644859813865,0.2523364485981386,0.4742266432803917,0.0275065328015466,0.1067791018193854,0.0325511807762865,34.81284714274756,9.67741935483906,0.0967741935483906,0.2437299767734629,-0.5471207769115138,0.5530413898212285,0.092238836631758,47.1120692995262,49.21348314606733,0.6789772727272716,0.3853701377022147,-0.9967231021299704,0.7306498333994258,0.2196576506253107,55.483032033659185,74.06866325785248,0.5872563005230627,0.6212300390947374,2026-06-20/2026-06-26,0.19632,0.053680000000000005,831.0811227833333,-0.07519154129310701,17.338415566691598,-0.08993468220365175,27.266058037169717,0.04655274012964055,7
2026-06-22 22:42:07.731413+00:00,2026-06-22T22:42:07.722506+00:00,SOL,KXSOL15M-26JUN221845-45,2026-06-22 22:45:00+00:00,71.73,71.7873,-0.0798,2.87,0.01,0.575,0.3225,0.2525,no,trade,0.4325,0.3571,0.6071,-1.0,3.609,1.0,0.7132,0.2868,-1,0.0,0.2868,0.004174,4.3103,-2.0,16.67,16.67,0.0,0.0139,-0.7062,-0.4425,-1,,-1.0297,,2.6424,,0.7894,,0.6,-0.2472,-1.0,-1.0,12.36,,32.87,,,-1.0,0.1733,-0.0010978,-0.001343,-0.0010202,-0.2387,,,,-0.6423,0.2056,-2.0,-1.0,-0.3432,73.84,50.0,0.0,0.4392,0.0351,70.13,2000.0,0.0,1.0,94.88,71.72,-0.0139,-0.0937,Sideways,,Bear,Sideways,Bull,Sideways,,0.2112,0.3225,,,,,,,,,0.243,0.0,2.76,-56285827.34220001,0.8112628362420089,-97832142.76649997,,,,,,,,,,,,,,,,,,,,,,,,2026-06-22 22:42:07.731413+00:00,True,0.425,0.575,343,-0.2365052865887618,-0.0992317102616516,0.0193104097577482,19.244717412215195,16.783216783216346,0.1678321678321634,-0.3248721847922385,-1.359329946450627,-0.1476129499908401,0.0199539206341438,27.58864842033165,25.6944444444448,0.1770334928229684,-0.1052388648031366,-0.1374948439433643,0.1132229642077936,0.033537362783942,33.181912894343554,12.35955056179768,0.1235955056179768,0.2430039935625639,-0.5471207769115138,0.5530413898212285,0.092238836631758,47.1120692995262,49.21348314606733,0.6789772727272716,0.3853701377022147,-0.9967231021299704,0.7306498333994258,0.2196576506253107,55.483032033659185,74.06866325785248,0.5872563005230627,0.6212300390947374,2026-06-20/2026-06-26,0.249978,-0.03877800000000001,916.49552355,-0.5549412154736699,0.0,-0.2151589500131501,15.221152276807596,0.19118351701006228,1
2026-06-22 23:07:28.715688+00:00,2026-06-22T23:07:28.703992+00:00,SOL,KXSOL15M-26JUN221915-15,2026-06-22 23:15:00+00:00,71.9575,72.04,-0.1145,7.52,0.01,0.275,0.227,0.048,no,trade,0.4992,1.0,1.0,1.0,0.649,1.0,0.7879,0.7879,1,0.2121,0.0,0.004417,1.0382,-1.0,34.72,34.72,0.0,-0.1526,0.0278,-0.0348,1,,-1.7361,,2.2331,,0.6066,,0.3542,-0.8949,-1.0,-2.0,14.57,0.0,29.92,,,0.0,0.0237,-0.0023908,-0.0020696,-0.0015183,-0.4261,,,,-0.6423,0.2056,0.0,1.0,0.0498,73.84,50.0,0.0,0.1744,0.014,27.55,2000.0,0.0,1.0,10.45,72.04,0.1147,0.0,Sideways,,Bear,Sideways,Bull,Bear,,0.1585,0.227,,,,,,,,,0.0801,0.0,-9078.74,-56285827.34220001,0.8112628362420089,-97832142.76649997,,,,,,,,,,,,,,,,,,,,,,,,2026-06-22 23:07:28.715688+00:00,True,0.725,0.275,343,0.1528202278410662,0.3498793674654486,0.0227914167399254,45.838803688383635,43.356643356643474,0.4335664335664347,0.5304724621533495,0.3625209146681518,0.1167187599336774,0.0242571232330555,35.99557089019105,35.416666666667076,0.2440191387559829,0.1894867268873018,-0.8949469916012531,-0.0325072516068013,0.0386104426934168,24.586501849604232,14.57142857142872,0.1457142857142871,0.080027180879086,-0.5471207769115138,0.5530413898212285,0.092238836631758,47.1120692995262,49.21348314606733,0.6789772727272716,0.3853701377022147,-0.9967231021299704,0.7306498333994258,0.2196576506253107,55.483032033659185,74.06866325785248,0.5872563005230627,0.6212300390947374,2026-06-20/2026-06-26,0.297838,-0.139338,941.8452614666666,0.18541709366031167,14.033943332898701,-0.5396716701774107,6.708620347535297,0.25922571881367446,2
2026-06-22 23:17:36.742467+00:00,2026-06-22T23:17:36.733479+00:00,SOL,KXSOL15M-26JUN221930-30,2026-06-22 23:30:00+00:00,71.93,71.9917,-0.0857,12.39,0.01,0.335,0.2753,0.0597,no,trade,0.2954,1.0,0.1429,1.0,0.062,1.0,0.4375,0.875,1,0.125,0.4375,0.004284,0.5185,-1.0,41.18,38.89,-0.0416,-0.0139,-0.0694,0.0463,1,,-1.7361,,2.1429,,0.5978,,0.3542,-0.8949,-1.0,-2.0,14.57,0.0,29.92,,,0.0,0.0237,-0.0023908,-0.0020696,-0.0015183,-0.4261,,,,-0.6423,0.2056,0.0,1.0,0.0737,73.75,50.0,0.0,0.1784,0.0143,28.6,2000.0,1.0,0.0,-28.6,72.08,0.2085,0.1227,Sideways,,Bear,Sideways,Bull,Bear,,0.1702,0.2753,,,,,,,,,0.0801,0.0,-9078.74,-56285827.34220001,0.8112628362420089,-97832142.76649997,,,,,,,,,,,,,,,,,,,,,,,,2026-06-22 23:17:36.742467+00:00,False,0.665,-0.665,343,0.0138696255201242,0.3933174865459143,0.0221757705248246,47.27312278396554,47.058823529411825,0.4475524475524458,0.5556900895615426,0.180605723812155,0.2104809405151564,0.0227213628690435,40.65808517739517,44.44444444444456,0.3062200956937796,0.3274829600047533,-0.8949469916012531,-0.0325072516068013,0.0386104426934168,24.586501849604232,14.57142857142872,0.1457142857142871,0.080027180879086,-0.5471207769115138,0.5530413898212285,0.092238836631758,47.1120692995262,49.21348314606733,0.6789772727272716,0.3853701377022147,-0.9967231021299704,0.7306498333994258,0.2196576506253107,55.483032033659185,74.06866325785248,0.5872563005230627,0.6212300390947374,2026-06-20/2026-06-26,0.312661,-0.14246100000000003,951.9790411166666,0.056681140898762195,18.33200896616341,-0.5396716701774107,6.708620347535297,0.200046685340803,3
2026-06-22 23:37:51.213186+00:00,2026-06-22T23:37:51.199026+00:00,SOL,KXSOL15M-26JUN221945-45,2026-06-22 23:45:00+00:00,71.9975,72.029,-0.0437,7.15,0.02,0.37,0.3116,0.0584,no,trade,0.2191,0.1429,0.8571,-1.0,0.311,1.0,0.375,1.0,1,0.0,0.625,0.004261,0.2605,1.0,92.31,43.06,-0.0278,0.0139,0.0833,0.2007,-1,,-1.7361,,2.0474,,0.5412,,0.3542,-0.8949,-1.0,-2.0,14.57,0.0,29.92,,,0.0,0.0237,-0.0023908,-0.0020696,-0.0015183,-0.4261,,,,-0.6423,0.2056,0.0,1.0,0.0526,73.81,50.0,0.0,0.158,0.0126,25.2,2000.0,0.0,1.0,14.8,72.01,0.0174,-0.0264,Sideways,,Bear,Sideways,Bull,Bear,,0.1731,0.3116,,,,,,,,,0.0801,0.0,-9078.74,-56285827.34220001,0.8112628362420089,-97832142.76649997,,,,,,,,,,,,,,,,,,,,,,,,2026-06-22 23:37:51.213186+00:00,True,0.63,0.37,343,0.0,0.4281863218480122,0.0215070889205903,47.44076669776318,57.009345794392075,0.4265734265734241,0.5383541964128249,-0.0416031063652733,0.2141114673750251,0.0215101974773055,39.89141243374946,42.361111111111136,0.3160621761658017,0.3183767024951384,-0.8949469916012531,-0.0325072516068013,0.0386104426934168,24.586501849604232,14.57142857142872,0.1457142857142871,0.080027180879086,-0.5471207769115138,0.5530413898212285,0.092238836631758,47.1120692995262,49.21348314606733,0.6789772727272716,0.3853701377022147,-0.9967231021299704,0.7306498333994258,0.2196576506253107,55.483032033659185,74.06866325785248,0.5872563005230627,0.6212300390947374,2026-06-20/2026-06-26,0.211244,-0.038143999999999983,972.2202197666667,0.09602511065240904,25.617609734691754,-0.5396716701774107,6.708620347535297,0.10255808495658297,4
2026-06-22 23:47:59.106089+00:00,2026-06-22T23:47:59.092774+00:00,SOL,KXSOL15M-26JUN222000-00,2026-06-23 00:00:00+00:00,71.8225,71.8882,-0.0914,12.02,0.02,0.4,0.3225,0.0775,no,trade,0.3856,0.0,1.0,-1.0,0.061,1.0,0.4667,0.4667,-1,0.0667,0.4667,0.004218,0.4941,-3.0,61.9,34.72,-0.0555,-0.0555,-0.1526,0.0446,-1,,-1.8361,,2.2161,,0.4959,,0.3542,-0.8949,-1.0,-2.0,14.57,,29.92,,,0.0,0.0424,-0.0023908,-0.0020696,-0.0019531,-0.4444,,,,-0.6423,0.2056,0.0,1.0,0.0232,73.79,50.0,0.0,0.1938,0.0155,31.2,2000.0,1.0,0.0,-31.2,71.95,0.1775,0.086,Sideways,,Bear,Sideways,Bull,Bear,,0.1671,0.3225,,,,,,,,,0.1122,0.0,-8831.6,39164045.89739999,1.248810148697083,-52257237.379099965,,,,,,,,,,,,,,,,,,,,,,,,2026-06-22 23:47:59.106089+00:00,False,0.6,-0.6,343,-0.1109723956165931,0.4174665454512745,0.0184802117709358,40.58677333012283,76.74418604651255,0.3970588235294165,0.3378517028090252,-0.0971143174250732,0.1879007033582329,0.019986434664457,37.93830546938748,37.76223776223802,0.3085714285714321,0.2730296301651099,-0.8949469916012531,-0.0325072516068013,0.0386104426934168,24.586501849604232,14.57142857142872,0.1457142857142871,0.080027180879086,-0.5471207769115138,0.5530413898212285,0.092238836631758,47.1120692995262,49.21348314606733,0.6789772727272716,0.3853701377022147,-0.9967231021299704,0.7306498333994258,0.2196576506253107,55.483032033659185,74.06866325785248,0.5872563005230627,0.6212300390947374,2026-06-20/2026-06-26,0.147171,0.019929000000000002,982.35176815,-0.04570989163928951,26.61639774217513,-0.5396716701774107,6.708620347535297,0.2166903745851114,5
2026-06-23 00:03:11.516505+00:00,2026-06-23T00:03:11.494608+00:00,SOL,KXSOL15M-26JUN222015-15,2026-06-23 00:15:00+00:00,71.8275,71.9043,-0.1068,11.81,0.02,0.45,0.3225,0.1275,no,trade,0.4199,0.5,0.0,0.0,0.0,1.0,1.0,0.0,-1,0.0,0.0,0.004023,0.1383,-4.0,8.0,29.86,-0.1389,-0.0973,-0.0973,-0.0436,-1,,-1.6765,,999.0,,0.5369,,0.1579,-0.0972,-1.0,-3.0,14.29,0.0,30.43,,,0.0,0.0934,-0.0029836,-0.0025092,-0.0018398,-0.3946,,50.0,50.0,-1.0314,0.3472,,,,,50.0,0.0,0.2834,0.0227,45.1,2000.0,0.0,1.0,36.9,71.83,0.0035,-0.1033,Sideways,,Bear,Sideways,Bull,Bear,,0.1427,0.3225,,,,,,,,,0.1122,0.0,-8831.6,39164045.89739999,1.248810148697083,-52257237.379099965,,,,,,,,,,,,,,,,,,,,,,,,2026-06-23 00:03:11.516505+00:00,True,0.55,0.4499999999999999,343,0.0,0.4580306124583729,0.0097624743065118,37.11315635791574,48.14814814814717,0.4201680672268915,0.2697581900325185,-0.0555478405777076,0.1946082036202607,0.0203692908668731,36.76046736995788,34.965034965034796,0.3472222222222227,0.24717247436722,-0.0138927479855555,0.040804509533234,0.0428632827955422,24.463736579071707,14.285714285714285,0.1428571428571428,0.1122176361097424,-1.0177417136569833,0.4155943230661422,0.0840135449289307,40.34177600496433,21.671018276762368,0.5238095238095236,0.2622602164341823,-0.7447248655357952,0.7097308879544874,0.212377726684454,53.00253191656845,70.12417823228633,0.7427672955974841,0.5593089712551557,2026-06-20/2026-06-26,0.15848,-0.015780000000000016,997.5586084166666,0.03338801134473712,30.354303718073812,0.1404046914592394,11.798055390197458,0.2654735272184937,6
2026-06-23 00:18:22.296369+00:00,2026-06-23T00:18:22.279568+00:00,SOL,KXSOL15M-26JUN222030-30,2026-06-23 00:30:00+00:00,71.735,71.7517,-0.0233,11.63,0.02,0.46,0.3407,0.1193,no,trade,0.1078,0.0,1.0,-1.0,0.713,1.0,0.4706,0.0,-1,0.5294,0.0,0.003968,0.5965,0.0,0.0,25.0,-0.0139,0.0,-0.1113,-0.1271,-1,,-1.6765,,0.1002,,0.4589,,0.1579,-0.0972,-1.0,-3.0,14.29,0.0,30.43,,,0.0,0.0934,-0.0029836,-0.0025092,-0.0018398,-0.3946,,50.0,50.0,-1.0314,0.3472,-2.0,-1.0,-0.0763,73.66,50.0,0.0,0.2593,0.0207,41.58,2000.0,0.0,1.0,35.42,71.7,-0.0488,-0.0721,Sideways,,Bear,Sideways,Bull,Bear,,0.1195,0.3407,,,,,,,,,0.1122,0.0,-8831.6,39164045.89739999,1.248810148697083,-52257237.379099965,,,,,,,,,,,,,,,,,,,,,,,,2026-06-23 00:18:22.296369+00:00,True,0.54,0.4599999999999999,343,-0.1112501738283922,0.2092474989816659,0.0066188701819735,23.96450596492784,0.0,0.3488372093023117,-0.128989132176617,-0.1945254967347542,0.1449771280730942,0.0213264047534018,32.62983450988324,25.174825174825017,0.25,0.1197646377770635,-0.0138927479855555,0.040804509533234,0.0428632827955422,24.463736579071707,14.285714285714285,0.1428571428571428,0.1122176361097424,-1.0177417136569833,0.4155943230661422,0.0840135449289307,40.34177600496433,21.671018276762368,0.5238095238095236,0.2622602164341823,-0.7447248655357952,0.7097308879544874,0.212377726684454,53.00253191656845,70.12417823228633,0.7427672955974841,0.5593089712551557,2026-06-20/2026-06-26,0.181566,-0.06206600000000001,1012.7382728166667,-0.16143345914605423,15.610933913613378,0.1404046914592394,11.798055390197458,0.058719758064516125,7
2026-06-23 00:48:44.512619+00:00,2026-06-23T00:48:44.498242+00:00,SOL,KXSOL15M-26JUN222100-00,2026-06-23 01:00:00+00:00,71.595,71.7455,-0.2098,11.26,0.02,0.29,0.227,0.063,no,trade,0.8596,0.6667,0.6667,1.0,0.67,1.0,0.1579,0.7368,-1,0.1053,0.7368,0.004074,0.6504,1.0,32.14,16.67,0.0,0.0558,0.0,-0.3073,1,,-1.6169,,0.1699,,0.5277,,0.1579,-0.0972,-1.0,-3.0,14.29,,30.43,,,0.0,0.1089,-0.0029836,-0.0025092,-0.0017642,-0.3865,,,,-1.0314,0.3472,-2.0,-1.0,0.4196,73.85,50.0,0.0,0.2171,0.0174,34.79,2000.0,1.0,0.0,-34.79,71.88,0.3981,0.1875,Sideways,,Bear,Sideways,Bull,Bear,,0.2546,0.227,,,,,,,,,0.1075,0.0,-8263.82,39164045.89739999,1.248810148697083,-52257237.379099965,,,,,,,,,,,,,,,,,,,,,,,,2026-06-23 00:48:44.512619+00:00,False,0.71,-0.71,343,0.1397233477714143,0.1478364159937298,0.0094181089203985,31.55890839991831,25.0,0.2413793103448293,0.1433930125644457,-0.0418410041841066,0.1407533375992295,0.0237210427811792,28.342372905379833,13.986013986014118,0.1388888888888911,0.0608627925071918,-0.0138927479855555,0.040804509533234,0.0428632827955422,24.463736579071707,14.285714285714285,0.1428571428571428,0.1122176361097424,-1.0177417136569833,0.4155943230661422,0.0840135449289307,40.34177600496433,21.671018276762368,0.5238095238095236,0.2622602164341823,-0.7447248655357952,0.7097308879544874,0.212377726684454,53.00253191656845,70.12417823228633,0.7427672955974841,0.5593089712551557,2026-06-20/2026-06-26,0.138829,0.11577099999999999,1043.10854365,0.2896125244618464,42.64467184191918,0.1404046914592394,11.798055390197458,0.5149729995090819,8
2026-06-23 01:19:09.781809+00:00,2026-06-23T01:19:09.777123+00:00,SOL,KXSOL15M-26JUN222130-30,2026-06-23 01:30:00+00:00,71.7925,71.8065,-0.0195,10.84,0.01,0.425,0.3462,0.0788,no,trade,0.1001,0.2857,0.0,0.0,1.438,1.0,0.2,0.2,1,0.8,0.0,0.003797,0.3665,-1.0,75.56,27.78,-0.0278,-0.0417,-0.1251,0.0304,-1,,-1.5769,,999.0,,0.429,,0.7447,-0.0417,-1.0,-4.0,11.71,-1.0,29.98,,,0.0,0.1253,-0.0018676,-0.0028603,-0.0017322,-0.3774,,,,-1.0314,0.3472,0.0,1.0,-0.0411,74.09,50.0,0.0,0.1853,0.0148,29.9,2000.0,0.0,1.0,22.1,71.86,0.094,0.0745,Sideways,,Bear,Sideways,Bull,Bear,,0.3476,0.3462,,,,,,,,,0.1075,0.0,-8263.82,39164045.89739999,1.248810148697083,-52257237.379099965,,,,,,,,,,,,,,,,,,,,,,,,2026-06-23 01:19:09.781809+00:00,True,0.575,0.425,343,-0.0278086763070062,0.6025010942408685,0.0077403730970051,58.010273001163874,82.22222222222271,0.6607142857142911,0.7408386462446253,0.0974523179730013,0.3204089851983397,0.0232133959074668,42.96706124242005,30.069930069930408,0.300699300699304,0.448860889542001,-0.1945254967347542,0.0658806851169948,0.0466116512521984,22.777979307907643,10.285714285714269,0.1028571428571426,0.107468293375943,-1.0177417136569833,0.4155943230661422,0.0840135449289307,40.34177600496433,21.671018276762368,0.5238095238095236,0.2622602164341823,-0.7447248655357952,0.7097308879544874,0.212377726684454,53.00253191656845,70.12417823228633,0.7427672955974841,0.5593089712551557,2026-06-20/2026-06-26,0.129282,0.218318,1073.5296968166667,0.23303331042268116,74.20959774170791,0.09866245756828818,15.379425688125586,0.05135633394785357,9
2026-06-23 01:34:20.283293+00:00,2026-06-23T01:34:20.268713+00:00,SOL,KXSOL15M-26JUN222145-45,2026-06-23 01:45:00+00:00,71.795,71.8018,-0.0095,10.67,0.01,0.445,0.3462,0.0988,no,trade,0.0464,0.0,1.0,-1.0,0.017,1.0,0.2857,0.0,-1,0.7143,0.0,0.003713,0.5241,1.0,87.23,36.43,0.0835,0.1113,0.0696,0.1379,1,,-1.5769,,999.0,,0.4534,,0.7447,-0.0417,-1.0,-4.0,11.71,-1.0,29.98,,,0.0,0.1253,-0.0018676,-0.0028603,-0.0017322,-0.3774,,,,-1.0314,0.3472,-2.0,-1.0,0.1408,74.14,50.0,0.0,0.2219,0.0178,35.52,2000.0,0.0,1.0,28.48,71.62,-0.2437,-0.2532,Sideways,,Bear,Sideways,Bull,Bear,,0.41,0.3462,,,,,,,,,0.1075,0.0,-8263.82,39164045.89739999,1.248810148697083,-52257237.379099965,,,,,,,,,,,,,,,,,,,,,,,,2026-06-23 01:34:20.283293+00:00,True,0.5549999999999999,0.445,343,-0.1250868658790871,0.5769678431882155,0.0066026303355213,50.17313792106016,70.2127659574466,0.7021276595744661,0.4929823550865844,-0.0556328233657921,0.3162287276917666,0.0231484598650528,41.12166465405548,27.27272727272718,0.2727272727272718,0.401711223803746,-0.1945254967347542,0.0658806851169948,0.0466116512521984,22.777979307907643,10.285714285714269,0.1028571428571426,0.107468293375943,-1.0177417136569833,0.4155943230661422,0.0840135449289307,40.34177600496433,21.671018276762368,0.5238095238095236,0.2622602164341823,-0.7447248655357952,0.7097308879544874,0.212377726684454,53.00253191656845,70.12417823228633,0.7427672955974841,0.5593089712551557,2026-06-20/2026-06-26,0.128028,0.281972,1088.70472155,-0.11015132575433739,61.72547635850367,0.09866245756828818,15.379425688125586,0.025585779692970642,10
2026-06-23 02:04:43.289617+00:00,2026-06-23T02:04:43.273507+00:00,SOL,KXSOL15M-26JUN222215-15,2026-06-23 02:15:00+00:00,71.64,71.6515,-0.016,10.28,0.02,0.63,0.3654,0.2646,no,trade,0.0581,0.5,0.5,1.0,0.569,1.0,0.2051,0.8718,1,0.1282,0.6667,0.002779,1.957,1.0,55.38,46.15,0.0,0.0279,0.3218,0.0131,1,,-1.6428,,0.0436,,0.6251,,0.5231,-0.2643,-1.0,-5.0,9.39,0.0,22.93,,,0.0,0.1302,-0.0023546,-0.0036836,-0.0018214,-0.4084,,,,-1.0314,0.3472,-2.0,-1.0,-0.2032,74.17,50.0,0.0,0.42,0.0336,67.34,2000.0,1.0,0.0,-67.34,71.86,0.3071,0.291,Sideways,,Bear,Sideways,Bull,Bear,,0.4402,0.3654,,,,,,,,,0.1199,0.0,-5957.3,39164045.89739999,1.248810148697083,-52257237.379099965,,,,,,,,,,,,,,,,,,,,,,,,2026-06-23 02:04:43.289617+00:00,False,0.37,-0.37,343,0.1816657350474981,0.3833396604938194,0.0078842879710455,46.50948161034178,52.30769230769238,0.5230769230769238,0.4515610416541784,-0.0418293363078636,0.2583477622548884,0.0213050620736526,33.78349743230527,44.73684210526331,0.219354838709678,0.2780689257083296,-0.1949046359459805,0.0866641770082438,0.0499880762614552,21.15009776254192,9.392265193370248,0.0939226519337024,0.1199015312284826,-1.0177417136569833,0.4155943230661422,0.0840135449289307,40.34177600496433,21.671018276762368,0.5238095238095236,0.2622602164341823,-0.7447248655357952,0.7097308879544874,0.212377726684454,53.00253191656845,70.12417823228633,0.7427672955974841,0.5593089712551557,2026-06-20/2026-06-26,0.370236,0.06996399999999997,1119.0881602833333,0.20055380642380882,83.46629344529882,0.13504541692053174,20.286305524846135,0.057574667146455566,11
2026-06-23 02:40:09.290698+00:00,2026-06-23T02:40:09.285524+00:00,SOL,KXSOL15M-26JUN222245-45,2026-06-23 02:45:00+00:00,71.8225,71.8475,-0.0348,4.85,0.02,0.53,0.3407,0.1893,no,trade,0.205,0.0,1.0,-1.0,2.546,1.0,0.4211,0.6842,1,0.3158,0.2632,0.002601,1.0153,2.0,92.31,81.08,0.0,-0.0556,0.0556,0.2225,1,,-1.6374,,999.0,,0.5591,,0.5231,-0.2643,-1.0,-5.0,9.39,,22.93,,,0.0,0.1465,-0.0023546,-0.0036836,-0.0019248,-0.4068,,,,-1.0314,0.3472,-2.0,-1.0,-0.0077,74.23,50.0,0.0,0.3571,0.0286,57.34,2000.0,1.0,0.0,-57.34,71.95,0.1775,0.1427,Sideways,,Bear,Sideways,Bull,Bear,,0.4907,0.3407,,,,,,,,,0.1199,0.0,-5957.3,39164045.89739999,1.248810148697083,-52257237.379099965,,,,,,,,,,,,,,,,,,,,,,,,2026-06-23 02:40:09.290698+00:00,False,0.47,-0.47,343,-0.0833912439193951,0.6509795942650279,0.0082561450207207,58.19496946854144,83.07692307692332,0.8307692307692331,0.66831255376992,0.4047452896022152,0.4773912278411653,0.0178227843535714,52.572198569981175,77.63157894736835,0.380645161290322,0.6444929290622883,-0.1949046359459805,0.0866641770082438,0.0499880762614552,21.15009776254192,9.392265193370248,0.0939226519337024,0.1199015312284826,-1.0177417136569833,0.4155943230661422,0.0840135449289307,40.34177600496433,21.671018276762368,0.5238095238095236,0.2622602164341823,-0.7447248655357952,0.7097308879544874,0.212377726684454,53.00253191656845,70.12417823228633,0.7427672955974841,0.5593089712551557,2026-06-20/2026-06-26,0.406972,0.08372800000000002,1154.5215116333334,0.08761314228324935,82.54978443851367,0.13504541692053174,20.286305524846135,0.13379469434832755,12
2026-06-23 02:50:18.489456+00:00,2026-06-23T02:50:18.476689+00:00,SOL,KXSOL15M-26JUN222300-00,2026-06-23 03:00:00+00:00,71.83,71.9068,-0.1068,9.69,0.02,0.36,0.234,0.126,no,trade,0.4898,0.4,0.6,-1.0,0.088,1.0,0.3636,0.9091,1,0.0909,0.5455,0.002552,0.5992,-1.0,87.69,77.03,0.0,-0.0417,-0.0972,0.1789,-1,,-1.6374,,999.0,,0.508,,0.5231,-0.2643,-1.0,-5.0,9.39,,22.93,,,0.0,0.1465,-0.0023546,-0.0036836,-0.0019248,-0.4068,,,,-1.0314,0.3472,-2.0,-1.0,0.0629,74.27,50.0,0.0,0.3501,0.028,56.32,2000.0,1.0,0.0,-56.32,72.01,0.2506,0.1435,Sideways,,Bear,Sideways,Bull,Bear,,0.498,0.234,,,,,,,,,0.3077,0.0,-4785.08,39164045.89739999,1.248810148697083,-52257237.379099965,,,,,,,,,,,,,,,,,,,,,,,,2026-06-23 02:50:18.489456+00:00,False,0.64,-0.64,343,-0.0833564879133108,0.6983006169326833,0.0083226334545267,57.763591276016555,87.69230769230806,0.8769230769230806,0.6587213929126736,0.0556018904642741,0.5272554787688601,0.0168285785774528,54.724098899315315,85.1351351351354,0.406451612903229,0.6760761384555426,-0.1949046359459805,0.0866641770082438,0.0499880762614552,21.15009776254192,9.392265193370248,0.0939226519337024,0.1199015312284826,-1.0177417136569833,0.4155943230661422,0.0840135449289307,40.34177600496433,21.671018276762368,0.5238095238095236,0.2622602164341823,-0.7447248655357952,0.7097308879544874,0.212377726684454,53.00253191656845,70.12417823228633,0.7427672955974841,0.5593089712551557,2026-06-20/2026-06-26,0.342521,0.15547899999999998,1164.6748242666665,0.02567818933862931,86.77889550400225,0.13504541692053174,20.286305524846135,0.4184952978056427,13
2026-06-23 12:08:38.050241+00:00,2026-06-23T12:08:38.036021+00:00,SOL,KXSOL15M-26JUN230815-15,2026-06-23 12:15:00+00:00,69.1825,69.2165,-0.0491,6.37,0.01,0.535,0.2753,0.2597,no,trade,0.2903,0.0,0.7,-1.0,6.267,1.0,0.0588,0.9412,1,0.0588,0.8824,0.003124,0.7855,0.0,86.27,90.79,0.0,-0.0144,0.188,0.2877,1,,-2.207,,0.4778,,0.4862,,0.9778,0.6392,1.0,1.0,22.77,1.0,18.69,,,1.0,0.1891,-0.0040638,-0.0031744,-0.0030202,-0.3523,,50.0,50.0,-0.9437,0.5753,0.0,1.0,0.2165,75.79,50.0,0.0,0.4855,0.0388,77.66,2000.0,0.0,1.0,89.35,69.15,-0.047,-0.0961,Bear,,Bear,Sideways,Bear,Bear,,0.2728,0.2753,,,,,,,,,0.1281,0.0,-88880.56,-29877664.84679997,0.9236613986073654,-65844621.91709995,,,,,,,,,,,,,,,,,,,,,,,,2026-06-23 12:08:38.050241+00:00,True,0.4649999999999999,0.535,345,0.0144425187752927,0.772297234125861,0.0118109397482639,64.62099033061236,83.33333333333412,0.8507462686567221,0.759224197663615,-0.0433087916847152,0.5116510676114888,0.0353427937124453,53.046501284359806,94.44444444444322,0.4497816593886455,0.7077344495341271,0.6834375454413344,0.1501519924460313,0.084549088659178,27.02839664570861,21.96162046908312,0.1925233644859812,0.1280641118079085,-1.2268188302425154,-0.1230521887126595,0.0744181193754643,23.21675863787073,15.236686390532553,0.1523668639053255,-0.0595279890995402,-0.7447248655357952,0.7097308879544874,0.212377726684454,53.00253191656845,70.12417823228633,0.7427672955974841,0.5593089712551557,2026-06-20/2026-06-26,0.039161,0.23363899999999999,381.10083735,-0.09500130157376052,81.15462136481409,0.3191283149999169,23.35200486226321,0.15717029449423814,1
2026-06-23 12:23:49.342702+00:00,2026-06-23T12:23:49.329957+00:00,SOL,KXSOL15M-26JUN230830-30,2026-06-23 12:30:00+00:00,69.065,69.0805,-0.0224,6.18,0.02,0.47,0.3462,0.1238,no,trade,0.1522,0.0,0.0,0.0,0.294,1.0,0.85,0.0,-1,0.15,0.0,0.002851,1.0145,0.0,50.0,71.43,0.0,0.0,-0.1876,0.0548,-1,,-2.207,,0.6652,,0.43,,0.9778,0.6392,1.0,1.0,22.77,1.0,18.69,,,1.0,0.1891,-0.0040638,-0.0031744,-0.0030202,-0.3523,,50.0,50.0,-0.9437,0.5753,0.0,1.0,0.0911,75.74,50.0,0.0,0.2633,0.0211,41.87,2000.0,1.0,0.0,-41.87,69.19,0.181,0.1585,Bear,,Bear,Sideways,Bear,Bear,,0.2703,0.3462,,,,,,,,,0.1281,0.0,-88880.56,-29877664.84679997,0.9236613986073654,-65844621.91709995,,,,,,,,,,,,,,,,,,,,,,,,2026-06-23 12:23:49.342702+00:00,False,0.53,-0.53,345,0.0,0.5959012058014665,0.0118507736037501,48.833995749663586,44.44444444444752,0.7014925373134442,0.3613033666099702,-0.1299826689774574,0.5023421783208635,0.0308737417104975,48.53833866648592,73.68421052631697,0.4104803493449822,0.5601967426001432,0.6834375454413344,0.1501519924460313,0.084549088659178,27.02839664570861,21.96162046908312,0.1925233644859812,0.1280641118079085,-1.2268188302425154,-0.1230521887126595,0.0744181193754643,23.21675863787073,15.236686390532553,0.1523668639053255,-0.0595279890995402,-0.7447248655357952,0.7097308879544874,0.212377726684454,53.00253191656845,70.12417823228633,0.7427672955974841,0.5593089712551557,2026-06-20/2026-06-26,0.209286,0.061013999999999985,396.28904503333337,-0.1697413763319222,44.89571899012014,0.3191283149999169,23.35200486226321,0.07856892318484743,2
2026-06-23 12:33:56.390685+00:00,2026-06-23T12:33:56.376809+00:00,SOL,KXSOL15M-26JUN230845-45,2026-06-23 12:45:00+00:00,69.0625,69.0967,-0.0495,11.06,0.01,0.475,0.3225,0.1525,no,trade,0.2479,1.0,0.2857,1.0,31.754,1.0,0.2857,1.0,1,0.0,0.7143,0.002787,0.7259,2.0,54.84,80.0,0.0,0.1157,0.0868,0.1102,1,,-2.207,,0.5358,,0.4353,,0.9778,0.6392,1.0,1.0,22.77,1.0,18.69,,,1.0,0.1891,-0.0040638,-0.0031744,-0.0030202,-0.3523,,50.0,50.0,-0.9437,0.5753,0.0,1.0,-0.1793,75.55,50.0,0.0,0.3211,0.0257,51.45,2000.0,0.0,1.0,46.55,69.1,0.0543,0.0048,Bear,,Bear,Sideways,Bear,Bear,,0.2885,0.3225,,,,,,,,,0.1281,0.0,-88880.56,-29877664.84679997,0.9236613986073654,-65844621.91709995,,,,,,,,,,,,,,,,,,,,,,,,2026-06-23 12:33:56.390685+00:00,True,0.525,0.475,345,0.0578452639190096,0.6101628542411878,0.0097846577390655,54.675979799242384,52.94117647058775,0.7611940298507469,0.5481619436278541,0.0578452639190096,0.5607358772747236,0.0255015912160831,50.67192267914366,76.11940298507469,0.4414414414414406,0.6040531443730092,0.6834375454413344,0.1501519924460313,0.084549088659178,27.02839664570861,21.96162046908312,0.1925233644859812,0.1280641118079085,-1.2268188302425154,-0.1230521887126595,0.0744181193754643,23.21675863787073,15.236686390532553,0.1523668639053255,-0.0595279890995402,-0.7447248655357952,0.7097308879544874,0.212377726684454,53.00253191656845,70.12417823228633,0.7427672955974841,0.5593089712551557,2026-06-20/2026-06-26,0.221453,0.06704699999999997,406.40651141666666,-0.031948717981578056,39.684282055303626,0.3191283149999169,23.35200486226321,0.1776103336921421,3
2026-06-23 12:49:06.430852+00:00,2026-06-23T12:49:06.416573+00:00,SOL,KXSOL15M-26JUN230900-00,2026-06-23 13:00:00+00:00,68.995,69.0655,-0.1021,10.9,0.02,0.47,0.3225,0.1475,no,trade,0.5389,0.0,0.2222,-1.0,0.743,1.0,0.4286,0.0,-1,0.5714,0.0,0.002793,1.0889,-2.0,3.33,58.57,0.0145,-0.0579,-0.2167,-0.154,-1,,-2.2126,,0.751,,0.4163,,0.9778,0.6392,1.0,1.0,22.77,,18.69,,,1.0,0.2029,-0.0040638,-0.0031744,-0.0032398,-0.3525,,,,-0.9437,0.5753,0.0,1.0,-0.246,75.48,50.0,0.0,0.3139,0.0251,50.35,2000.0,0.0,1.0,44.65,69.01,0.0217,-0.0804,Bear,,Bear,Sideways,Bear,Bear,,0.2847,0.3225,,,,,,,,,0.066,0.0,13371.3,-29877664.84679997,0.9236613986073654,-65844621.91709995,,,,,,,,,,,,,,,,,,,,,,,,2026-06-23 12:49:06.430852+00:00,True,0.53,0.47,345,-0.1011999421714704,0.3073991445562646,0.0053668645735019,40.12007394086116,16.66666666666588,0.5098039215686188,0.2062740057823423,-0.1300766006648412,0.5612206896513218,0.0188144189282342,45.758907570881014,62.686567164178406,0.4158878504672899,0.4674674227334238,0.6834375454413344,0.1501519924460313,0.084549088659178,27.02839664570861,21.96162046908312,0.1925233644859812,0.1280641118079085,-1.2268188302425154,-0.1230521887126595,0.0744181193754643,23.21675863787073,15.236686390532553,0.1523668639053255,-0.0595279890995402,-0.7447248655357952,0.7097308879544874,0.212377726684454,53.00253191656845,70.12417823228633,0.7427672955974841,0.5593089712551557,2026-06-20/2026-06-26,0.208637,0.07606300000000002,421.5738475333334,-0.08973823489909494,25.050964403323896,0.3191283149999169,23.35200486226321,0.36555674901539564,4
2026-06-23 13:19:28.346384+00:00,2026-06-23T13:19:28.325933+00:00,SOL,KXSOL15M-26JUN230930-30,2026-06-23 13:30:00+00:00,68.825,68.8877,-0.091,10.53,0.02,0.45,0.3407,0.1093,no,trade,0.3908,1.0,0.7368,1.0,1.561,1.0,0.0833,0.7917,-1,0.125,0.7917,0.002841,1.2263,-1.0,22.22,34.29,0.0,-0.1015,0.0436,-0.3272,-1,,-2.4167,,0.9777,,0.5206,,0.1522,-0.5193,-1.0,-1.0,19.13,0.0,19.92,,,0.0,0.1759,-0.0032786,-0.003456,-0.0033267,-0.4204,,,,-0.9437,0.5753,-2.0,-1.0,0.1618,75.19,50.0,0.0,0.2428,0.0194,39.05,2000.0,0.0,1.0,31.95,68.81,-0.0218,-0.1128,Bear,,Bear,Sideways,Bear,Bear,,0.3072,0.3407,,,,,,,,,0.066,0.0,13371.3,-29877664.84679997,0.9236613986073654,-65844621.91709995,,,,,,,,,,,,,,,,,,,,,,,,2026-06-23 13:19:28.346384+00:00,True,0.55,0.4499999999999999,345,0.1743172574084628,0.1829922932486524,0.0077345752015688,40.46371825854682,35.18518518518436,0.3275862068965487,0.3356121872663202,0.0,0.5102603519772387,0.0113078713785504,38.84682155456717,41.79104477611823,0.657894736842105,0.3320320788484283,-0.4043905257076874,0.1459016743501201,0.0868289489828233,24.478432524925267,19.230769230769205,0.1401869158878502,0.0659322900989088,-1.2268188302425154,-0.1230521887126595,0.0744181193754643,23.21675863787073,15.236686390532553,0.1523668639053255,-0.0595279890995402,-0.7447248655357952,0.7097308879544874,0.212377726684454,53.00253191656845,70.12417823228633,0.7427672955974841,0.5593089712551557,2026-06-20/2026-06-26,0.27027,0.03692999999999996,451.9391064,-0.14327406948150267,14.73138866989455,-0.4164198069567693,13.399745304873663,0.32030975008799717,5
2026-06-23 18:18:59.413823+00:00,2026-06-23T18:18:59.408483+00:00,SOL,KXSOL15M-26JUN231430-30,2026-06-23 18:30:00+00:00,68.7525,68.8195,-0.0974,11.01,0.01,0.355,0.2753,0.0797,no,trade,0.3629,0.7222,0.7222,1.0,0.446,1.0,0.3478,0.7826,1,0.2174,0.4348,0.004513,0.7402,-1.0,34.69,42.27,0.0436,-0.0581,0.0291,-0.1456,1,,-1.5509,,0.6483,,0.5864,,0.1633,-0.1162,-1.0,-1.0,14.51,0.0,20.19,,,-1.0,0.2759,-0.0012557,-0.0026597,-0.0026081,-0.2785,,,,-0.7213,0.322,-2.0,-1.0,-0.0467,75.59,50.0,0.0,0.2246,0.018,36.12,2000.0,1.0,0.0,-36.12,68.93,0.2582,0.1606,Bear,,Bear,Sideways,Bear,Bear,,0.3328,0.2753,,,,,,,,,0.2344,0.0,6585.75,12507843.928299991,1.0802453807245658,14279376.874200076,,,,,,,,,,,,,,,,,,,,,,,,2026-06-23 18:18:59.413823+00:00,False,0.645,-0.645,348,0.1890634089587006,0.4727688189364799,0.0077277655685363,51.3851513255884,42.85714285714203,0.4285714285714203,0.5752988847048699,0.1890634089587006,0.3919645140846624,0.0125458461065646,47.57616858393913,46.391752577319934,0.38135593220339,0.4612563793622087,-0.2900232018561266,0.2422228345395235,0.078601242680622,27.598868956803273,14.51187335092376,0.117270788912582,0.2343581718577585,-0.6065857885615311,-0.0768174973679255,0.0873051126633141,21.417304522547425,9.02366863905324,0.0902366863905324,-0.0499562417844509,-0.7447248655357952,0.7097308879544874,0.212377726684454,53.00253191656845,70.12417823228633,0.7427672955974841,0.5593089712551557,2026-06-20/2026-06-26,0.395191,-0.06239100000000003,84.35689705,-0.0046501887495442595,21.36740899005714,-0.3292999260018137,19.2390276619825,0.21582096166629738,1
2026-06-23 18:34:08.923049+00:00,2026-06-23T18:34:08.910837+00:00,SOL,KXSOL15M-26JUN231445-45,2026-06-23 18:45:00+00:00,68.78,68.8915,-0.1618,10.85,0.02,0.26,0.2124,0.0476,no,trade,0.6671,0.0,1.0,-1.0,0.73,1.0,0.0833,0.5417,1,0.4583,0.4583,0.004511,0.7724,-1.0,40.82,45.36,0.0,-0.087,-0.029,-0.0502,-1,,-1.5509,,0.5843,,0.5343,,0.1633,-0.1162,-1.0,-1.0,14.51,0.0,20.19,,,-1.0,0.2759,-0.0012557,-0.0026597,-0.0026081,-0.2785,,,,-0.7213,0.322,0.0,1.0,0.0161,75.59,50.0,0.0,0.1829,0.0146,29.6,2000.0,0.0,1.0,10.4,68.77,-0.0145,-0.1764,Bear,,Bear,Sideways,Bear,Bear,,0.3239,0.2124,,,,,,,,,0.2344,0.0,6585.75,12507843.928299991,1.0802453807245658,14279376.874200076,,,,,,,,,,,,,,,,,,,,,,,,2026-06-23 18:34:08.923049+00:00,True,0.74,0.26,348,-0.0579794173068415,0.6243947552800697,0.0071767252017554,55.29190001994328,55.102040816326294,0.5510204081632629,0.6423192139411444,0.087095369429524,0.4465754483075992,0.0120727067830314,50.1360184144367,52.577319587629454,0.4322033898305103,0.5248083895017982,-0.2900232018561266,0.2422228345395235,0.078601242680622,27.598868956803273,14.51187335092376,0.117270788912582,0.2343581718577585,-0.6065857885615311,-0.0768174973679255,0.0873051126633141,21.417304522547425,9.02366863905324,0.0902366863905324,-0.0499562417844509,-0.7447248655357952,0.7097308879544874,0.212377726684454,53.00253191656845,70.12417823228633,0.7427672955974841,0.5593089712551557,2026-06-20/2026-06-26,0.387815,-0.063915,99.51538415,-0.0067992128307658994,20.67055633166199,-0.3292999260018137,19.2390276619825,0.3586787851917535,2
2026-06-23 19:09:30.616627+00:00,2026-06-23T19:09:30.602981+00:00,SOL,KXSOL15M-26JUN231515-15,2026-06-23 19:15:00+00:00,68.8675,68.821,0.0676,5.49,0.01,0.845,0.751,0.094,no,trade,-0.387,0.7,0.7,1.0,0.942,1.0,0.65,0.85,1,0.15,0.2,0.004229,0.6863,2.0,55.56,48.45,-0.1594,-0.0435,0.029,0.0256,1,,-1.3008,,0.4874,,0.5399,,0.5588,0.1162,1.0,1.0,20.35,1.0,24.3,,,1.0,0.3268,-0.0001451,-0.0017119,-0.0027419,-0.1946,,,,-0.7213,0.322,0.0,1.0,-0.0412,75.54,50.0,0.0,0.1112,0.0089,17.83,2000.0,1.0,0.0,-17.83,68.89,0.0327,0.1003,Bear,,Bear,Sideways,Bear,Bear,,0.2502,0.751,,,,,,,,,0.3385,0.0,17386.66,12507843.928299991,1.0802453807245658,14279376.874200076,,,,,,,,,,,,,,,,,,,,,,,,2026-06-23 19:09:30.616627+00:00,False,0.155,-0.155,348,0.0435350457117955,0.634617526917724,0.0063088712180317,57.7027252106381,70.27027027026965,0.5306122448979461,0.7200444204625305,0.291078445641113,0.4272136150349301,0.0124495570416349,49.79667331186708,48.45360824742262,0.3983050847457594,0.5211108589933496,0.2181500872600272,0.2911220419537889,0.0764660314777117,33.00897923692594,20.648967551622498,0.1794871794871799,0.3384726172601827,-0.6065857885615311,-0.0768174973679255,0.0873051126633141,21.417304522547425,9.02366863905324,0.0902366863905324,-0.0499562417844509,-0.7447248655357952,0.7097308879544874,0.212377726684454,53.00253191656845,70.12417823228633,0.7427672955974841,0.5593089712551557,2026-06-20/2026-06-26,0.329693,-0.07949300000000004,134.87694378333333,0.15778678931392953,20.347585147388177,-0.16860943000550632,17.232386207823097,0.1598486639867581,3
2026-06-23 21:20:08.547442+00:00,2026-06-23T21:20:08.531718+00:00,SOL,KXSOL15M-26JUN231730-30,2026-06-23 21:30:00+00:00,69.0075,69.053,-0.0659,9.86,0.04,0.41,0.2743,0.1357,no,trade,0.4483,0.0,1.0,-1.0,0.624,1.0,0.8,0.8,1,0.2,0.0,0.002688,1.0769,-1.0,62.96,79.17,-0.0289,-0.0868,-0.1445,0.1673,1,,-0.8168,,0.093,,0.3394,,0.8,0.2325,1.0,3.0,34.06,0.0,32.99,,,0.0,0.3886,-0.0004102,0.0003632,-0.0021985,-0.0976,,,,0.0145,0.3288,0.0,1.0,-0.124,75.79,50.0,0.0,0.3309,0.0265,53.1,2000.0,1.0,0.0,-53.1,69.18,0.25,0.1839,Bear,,Bear,Sideways,Bear,Bear,,0.4335,0.2743,,,,,,,,,0.4166,0.0,18237.83,11341255.056999996,1.0927492730098325,-6028565.86149998,,,,,,,,,,,,,,,,,,,,,,,,2026-06-23 21:20:08.547442+00:00,False,0.5900000000000001,-0.5900000000000001,349,-0.0867678958785256,0.7461437277159604,0.0058887766351867,60.003798870605344,62.96296296296452,0.7727272727272845,0.7038014486953903,0.2319176692274327,0.9413776574483804,0.0069343719116533,62.82776339639869,92.15686274509946,0.7704918032786874,0.8075355080728192,0.1015670342426,0.3456979690628436,0.0691443527814131,36.393681714601136,34.061135371179,0.2041884816753925,0.4165875054313258,0.1453065969195144,0.0181969417215521,0.0977008509205317,23.05501603324153,10.502958579881764,0.1050295857988176,0.0384230452045145,-0.7447248655357952,0.7097308879544874,0.212377726684454,53.00253191656845,70.12417823228633,0.7427672955974841,0.5593089712551557,2026-06-20/2026-06-26,0.306489,0.12701099999999999,265.5091240333333,0.07521298338108995,85.08561097522016,0.07761056862398696,45.328098610853296,0.2451636904761905,1
2026-06-23 21:50:30.135531+00:00,2026-06-23T21:50:30.127012+00:00,SOL,KXSOL15M-26JUN231800-00,2026-06-23 22:00:00+00:00,69.16,69.1963,-0.0525,9.5,0.02,0.49,0.3225,0.1675,no,trade,0.4007,1.0,1.0,1.0,0.23,1.0,0.3636,0.3636,1,0.6364,0.0,0.002372,0.6696,5.0,94.59,96.55,0.0,0.0289,0.0144,0.1825,1,,-0.6815,,999.0,,0.308,,0.8,0.2325,1.0,3.0,34.06,,32.99,,,0.0,0.4084,-0.0004102,0.0003632,-0.0019052,-0.0825,,,,0.0145,0.3288,0.0,1.0,-0.0317,75.84,50.0,0.0,0.3419,0.0274,54.57,2000.0,1.0,0.0,-54.57,69.27,0.1591,0.1065,Bear,,Bear,Sideways,Bear,Bear,,0.5412,0.3225,,,,,,,,,0.5882,0.0,8299.89,11341255.056999996,1.0927492730098325,-6028565.86149998,,,,,,,,,,,,,,,,,,,,,,,,2026-06-23 21:50:30.135531+00:00,False,0.51,-0.51,349,0.0722334585379957,0.9100962496905504,0.0065652258528076,72.22477972065153,94.5945945945919,0.945945945945919,1.0956469910794313,0.0578201792425403,0.9773102208418344,0.0081278005013859,66.63356129522458,87.93103448275761,0.885245901639332,0.841524057305084,0.1015670342426,0.3456979690628436,0.0691443527814131,36.393681714601136,34.061135371179,0.2041884816753925,0.4165875054313258,0.1453065969195144,0.0181969417215521,0.0977008509205317,23.05501603324153,10.502958579881764,0.1050295857988176,0.0384230452045145,-0.7447248655357952,0.7097308879544874,0.212377726684454,53.00253191656845,70.12417823228633,0.7427672955974841,0.5593089712551557,2026-06-20/2026-06-26,0.306489,0.234711,10.118925516666668,0.12599647286615223,98.99593410578922,0.07761056862398696,45.328098610853296,0.22133220910623946,2
2026-06-24 14:12:10.276587+00:00,2026-06-24T14:12:10.272998+00:00,SOL,KXSOL15M-26JUN241015-15,2026-06-24 14:15:00+00:00,68.8375,68.8388,-0.0019,2.83,0.01,0.565,0.376,0.189,no,trade,0.0046,0.0,0.4483,-1.0,1.498,1.0,0.1613,0.3065,1,0.6935,0.1452,0.00604,1.4889,2.0,53.4,27.36,-0.3036,-0.2459,0.0145,-0.1455,1,,-0.7938,,1.1135,,1.769,,0.4757,-0.7635,-1.0,-2.0,24.38,-1.0,40.23,,,0.0,-0.0053,-0.0011572,-0.0014153,-0.0003438,-0.2447,,,,0.6199,0.6235,-2.0,-0.6605,0.152,74.3,50.0,0.0,0.3346,0.0268,53.51,2000.0,0.0,1.0,69.5,69.05,0.3087,0.3068,Bear,,Bear,Sideways,Bear,Sideways,,0.5315,0.376,,,,,,,,,0.2392,0.0,-18344.52,-86582533.78210008,0.8757499989826305,-73423755.73310009,,,,,,,,,,,,,,,,,,,,,,,,2026-06-24 14:12:10.276587+00:00,True,0.435,0.565,356,-0.0725900116143929,0.2985936092821456,0.0228693292054794,41.76261398891147,42.15686274509748,0.3028169014084482,0.339734334740507,0.2619706010769995,0.2447800061300815,0.0207910220412703,40.06664741570593,24.378109452736176,0.2437810945273617,0.3190734273965556,-0.977432801494882,0.1183547584298836,0.0215955977421387,37.82705565830673,24.378109452736176,0.2437810945273617,0.2392244057459492,0.6198644947383425,0.2637889055962978,0.1132766658195652,39.8610995132996,23.52071005917163,0.2352071005917163,0.4116490510672513,-3.098513269417813,0.5647225203161131,0.2097322155457932,43.674900282127254,53.83491599707813,0.6025157232704399,0.382186347794244,2026-06-20/2026-06-26,0.63444,-0.10294000000000003,15.22127645,-0.2208960109697955,2.0148690280019275,-2.0524766161470587,2.0148690280019275,0.0031456953642384107,1
2026-06-24 14:17:14.804645+00:00,2026-06-24T14:17:14.794246+00:00,SOL,KXSOL15M-26JUN241030-30,2026-06-24 14:30:00+00:00,68.65,68.7503,-0.1459,12.76,0.02,0.41,0.3462,0.0638,no,trade,0.1643,0.35,0.225,-1.0,1.402,1.0,0.1739,0.4348,1,0.5652,0.2609,0.00643,1.0404,-1.0,34.95,17.91,-0.3621,-0.1017,-0.0872,-0.4038,-1,,-0.7938,,1.3726,,1.8034,,0.4757,-0.7635,-1.0,-2.0,24.38,-1.0,40.23,,,0.0,-0.0053,-0.0011572,-0.0014153,-0.0003438,-0.2447,,,,0.6199,0.6235,-2.0,-1.0,0.2997,74.28,50.0,0.0,0.1555,0.0124,24.78,2000.0,1.0,0.0,-24.78,69.19,0.7866,0.6396,Bear,,Bear,Sideways,Bear,Sideways,,0.5351,0.3462,,,,,,,,,0.2392,0.0,-18344.52,-86582533.78210008,0.8757499989826305,-73423755.73310009,,,,,,,,,,,,,,,,,,,,,,,,2026-06-24 14:17:14.804645+00:00,False,0.5900000000000001,-0.5900000000000001,356,-0.07264274298997,0.2879865456341,0.0219107517320135,40.06445721916059,40.86021505376328,0.2857142857142826,0.3287645503693936,-0.1596748439541273,0.2006741606925549,0.021619817323097,37.37569870235397,18.90547263681578,0.1890547263681578,0.285121045681091,-0.977432801494882,0.1183547584298836,0.0215955977421387,37.82705565830673,24.378109452736176,0.2437810945273617,0.2392244057459492,0.6198644947383425,0.2637889055962978,0.1132766658195652,39.8610995132996,23.52071005917163,0.2352071005917163,0.4116490510672513,-3.098513269417813,0.5647225203161131,0.2097322155457932,43.674900282127254,53.83491599707813,0.6025157232704399,0.382186347794244,2026-06-20/2026-06-26,0.643428,-0.10832799999999998,20.296744083333333,-0.18720790039841173,3.9305654248300903,-2.0524766161470587,2.0148690280019275,0.22690513219284603,2
2026-06-24 14:32:25.977415+00:00,2026-06-24T14:32:25.962865+00:00,SOL,KXSOL15M-26JUN241045-45,2026-06-24 14:45:00+00:00,69.1775,68.9207,0.3726,12.57,0.01,0.835,0.751,0.084,no,trade,-0.4507,0.4167,0.5833,-1.0,0.184,1.0,0.0,0.8182,0,0.1818,0.8182,0.00664,0.958,4.0,67.09,38.31,-0.0289,0.3191,0.5232,0.2801,1,,-0.7938,,0.7624,,1.6872,,0.4757,-0.7635,-1.0,-2.0,24.38,-1.0,40.23,,,0.0,-0.0053,-0.0011572,-0.0014153,-0.0003438,-0.2447,,,,0.6199,0.6235,0.0,1.0,0.4243,74.24,50.0,0.0,0.1006,0.008,16.17,2000.0,0.0,1.0,81.83,69.13,-0.0687,0.3037,Bear,,Bear,Sideways,Bear,Sideways,,0.5062,0.751,,,,,,,,,0.2392,0.0,-18344.52,-86582533.78210008,0.8757499989826305,-73423755.73310009,,,,,,,,,,,,,,,,,,,,,,,,2026-06-24 14:32:25.977415+00:00,True,0.165,0.835,356,0.1015522994342044,0.5233779298176182,0.0164345402354892,52.33768010280493,64.51612903225796,0.4687499999999951,0.601706516369206,0.3198604245420178,0.3627108290383124,0.0215764556820627,45.80308141661206,29.850746268656568,0.2985074626865657,0.4596203820588497,-0.977432801494882,0.1183547584298836,0.0215955977421387,37.82705565830673,24.378109452736176,0.2437810945273617,0.2392244057459492,0.6198644947383425,0.2637889055962978,0.1132766658195652,39.8610995132996,23.52071005917163,0.2352071005917163,0.4116490510672513,-3.098513269417813,0.5647225203161131,0.2097322155457932,43.674900282127254,53.83491599707813,0.6025157232704399,0.382186347794244,2026-06-20/2026-06-26,0.625549,-0.11934900000000004,35.482956916666666,0.06547657652256067,15.663067426573468,-2.0524766161470587,2.0148690280019275,0.5611445783132529,3
2026-06-24 14:47:38.207016+00:00,2026-06-24T14:47:38.202633+00:00,SOL,KXSOL15M-26JUN241100-00,2026-06-24 15:00:00+00:00,69.05,68.8982,0.2203,12.37,0.01,0.695,0.6237,0.0713,no,trade,-0.2868,1.0,0.3571,1.0,0.679,1.0,0.0678,0.4746,1,0.5254,0.4068,0.007159,1.1919,5.0,65.79,36.82,0.0145,0.2901,-0.0434,0.246,1,,-0.8744,,0.7924,,1.5821,,0.4757,-0.7635,-1.0,-2.0,24.38,,40.23,,,0.0,-0.015,-0.0011572,-0.0014153,-0.0006357,-0.2555,,,,0.6199,0.6235,-1.0,0.439,-0.1038,74.33,50.0,0.0,0.1026,0.0082,16.47,2000.0,0.0,1.0,37.53,68.94,-0.1593,0.0607,Bear,,Bear,Sideways,Bear,Sideways,,0.4469,0.6237,,,,,,,,,0.2667,0.0,-34836.28,-86582533.78210008,0.8757499989826305,-73423755.73310009,,,,,,,,,,,,,,,,,,,,,,,,2026-06-24 14:47:38.207016+00:00,True,0.305,0.695,356,-0.2460558691561809,0.503733286742984,0.0116601340295246,46.757529778129786,36.8421052631578,0.519999999999996,0.4399728551160648,-0.1159420289855051,0.323205017227756,0.0218688634094356,43.37314876713591,25.870646766169074,0.2587064676616907,0.4188165158908324,-0.977432801494882,0.1183547584298836,0.0215955977421387,37.82705565830673,24.378109452736176,0.2437810945273617,0.2392244057459492,0.6198644947383425,0.2637889055962978,0.1132766658195652,39.8610995132996,23.52071005917163,0.2352071005917163,0.4116490510672513,-3.098513269417813,0.5647225203161131,0.2097322155457932,43.674900282127254,53.83491599707813,0.6025157232704399,0.382186347794244,2026-06-20/2026-06-26,0.605395,-0.158495,50.6867836,-0.10801137123340743,12.65135927456795,-2.0524766161470587,2.0148690280019275,0.3077245425338734,4
2026-06-24 17:34:46.369271+00:00,2026-06-24T17:34:46.351766+00:00,SOL,KXSOL15M-26JUN241345-45,2026-06-24 17:45:00+00:00,65.465,65.5625,-0.1487,10.23,0.01,0.445,0.376,0.069,no,trade,0.178,0.6809,0.6809,1.0,0.199,1.0,0.6333,0.3667,-1,0.0,0.3667,0.009204,1.9905,-5.0,11.28,7.14,-0.1983,-0.2133,-0.7124,-2.1094,-1,,-3.6049,,5.4695,,1.8955,,0.1524,-1.3924,-1.0,-2.0,6.11,0.0,25.3,,,0.0,-0.2024,-0.0059513,-0.0036972,-0.0031311,-0.6595,,,,-3.5699,0.0,-1.0,0.2375,-0.0274,74.93,50.0,0.0,0.1551,0.0124,24.97,2000.0,0.0,1.0,20.02,65.26,-0.3131,-0.4614,Bear,,Bear,Bear,Bear,Bear,,0.1272,0.376,,,,,,,,,-0.2145,-1.0,-73265.95,-47897742.58850002,0.944401067266843,-122252120.48670007,,,,,,,,,,,,,,,,,,,,,,,,2026-06-24 17:34:46.369271+00:00,True,0.5549999999999999,0.445,357,0.4130335016062414,0.0354980991698567,0.0445176706879626,22.881065205713156,11.787072243346111,0.1178707224334611,-0.1243372797811104,-1.0551703346397434,-0.0805382048491376,0.0638192862168833,15.123056334295256,7.616707616707659,0.0690423162583524,-0.3032474914313874,-1.0258697591436383,-0.2655588495350101,0.0506333694659239,16.971203496324236,3.759398496240392,0.0375939849624039,-0.2145153720813497,-3.6389684813753487,0.0331060474242342,0.1248812993588204,23.00199175627155,0.0,0.0,-0.0304587881718522,-3.098513269417813,0.5647225203161131,0.2097322155457932,43.674900282127254,53.83491599707813,0.6025157232704399,0.382186347794244,2026-06-20/2026-06-26,0.258745,-0.131545,217.82282118333333,0.009575093507829813,18.951175577414585,-0.6588012593807813,5.700394981072032,0.16156019122120818,1
2026-06-24 18:35:24.773420+00:00,2026-06-24T18:35:24.760105+00:00,SOL,KXSOL15M-26JUN241445-45,2026-06-24 18:45:00+00:00,66.0775,66.1287,-0.0774,9.59,0.02,0.39,0.3462,0.0438,no,trade,0.1289,1.0,1.0,1.0,0.143,1.0,0.8778,0.8778,1,0.1222,0.0,0.009676,1.4031,-1.0,91.46,39.16,0.0,0.1511,0.3634,1.069,1,,-5.3817,,3.0322,,1.4066,,0.0976,-2.3881,-1.0,-3.0,3.56,1.0,18.46,,,0.0,-0.2185,-0.0119001,-0.0061289,-0.0047038,-0.8472,,,,-3.5699,0.0,-2.0,-1.0,-0.5156,75.85,50.0,0.0,0.1122,0.009,17.69,2000.0,0.0,1.0,11.31,66.03,-0.0719,-0.1493,Bear,,Bear,Bear,Bear,Bear,,-0.078,0.3462,,,,,,,,,-0.4255,-1.0,-69284.2,-47897742.58850002,0.944401067266843,-122252120.48670007,,,,,,,,,,,,,,,,,,,,,,,,2026-06-24 18:35:24.773420+00:00,True,0.61,0.39,358,-0.0452352231604114,0.727406190114848,0.0368912562381268,66.831154662217,91.4110429447853,0.7303921568627473,1.0292131873546226,1.375726077652084,0.2989874577015655,0.0812398238146596,44.58882218219812,36.71497584541052,0.3304347826086942,0.5121126669745638,-2.4635721796604892,-0.2868348411383292,0.0756151701227413,11.327510254981163,2.317290552584842,0.0231729055258484,-0.4255151278318595,-3.6389684813753487,0.0331060474242342,0.1248812993588204,23.00199175627155,0.0,0.0,-0.0304587881718522,-3.098513269417813,0.5647225203161131,0.2097322155457932,43.674900282127254,53.83491599707813,0.6025157232704399,0.382186347794244,2026-06-20/2026-06-26,-0.024891,-0.053109,278.46289033333335,0.31328595347062116,31.580904896412278,-0.9000394058400807,5.698636054276464,0.07999173212071103,1
2026-06-24 20:16:31.901303+00:00,2026-06-24T20:16:31.884044+00:00,SOL,KXSOL15M-26JUN241630-30,2026-06-24 20:30:00+00:00,67.075,67.1695,-0.1407,13.47,0.02,0.45,0.3407,0.1093,no,trade,0.1678,0.0,1.0,-1.0,0.111,1.0,0.781,0.781,1,0.219,0.0,0.009312,2.192,0.0,83.52,88.59,0.0,-0.1488,0.2689,0.8771,1,,-3.0636,,1.267,,1.6573,,0.75,0.0151,1.0,-1.0,22.42,0.0,26.1,,,0.0,0.1191,-0.0070165,-0.0040869,-0.0032451,-0.3405,,50.0,50.0,-2.1626,0.3975,0.0,1.0,-0.3896,75.66,50.0,0.0,0.2428,0.0194,39.05,2000.0,1.0,0.0,-39.05,67.59,0.7678,0.626,Bear,,Bear,Bear,Bear,Bear,,0.1074,0.3407,,,,,,,,,0.1101,0.0,-61458.33,20192655.368400037,1.0656273951722224,-114287621.00220008,,,,,,,,,,,,,,,,,,,,,,,,2026-06-24 20:16:31.901303+00:00,False,0.55,-0.55,359,-0.1487652484379542,1.075881984070868,0.027115873294204,79.37799067396989,83.14606741573051,0.8314606741573051,1.3470932300330407,1.619984859954582,0.6626709641289299,0.0587137759863009,63.31336027990295,88.54961832061082,0.6073298429319379,1.0008653610341467,-0.1662636033857301,0.0782590554929363,0.0908485157740612,30.434220756830427,22.281639928698755,0.2228163992869875,0.1101096216284414,-1.798988997918538,-0.0038337334813423,0.1401812592126803,18.723224459392952,12.291052114060962,0.1229105211406096,-0.0705323424108486,-3.098513269417813,0.5647225203161131,0.2097322155457932,43.674900282127254,53.83491599707813,0.6025157232704399,0.382186347794244,2026-06-20/2026-06-26,0.027839,0.07956099999999999,379.5816883833333,1.3404552388107227,95.52518533503105,0.5690181642426184,20.147771250907272,0.15109536082474226,1
2026-06-24 20:31:42.318233+00:00,2026-06-24T20:31:42.304264+00:00,SOL,KXSOL15M-26JUN241645-45,2026-06-24 20:45:00+00:00,67.405,67.4248,-0.0294,13.3,0.01,0.555,0.3225,0.2325,no,trade,0.0382,1.0,1.0,1.0,0.182,1.0,1.0,1.0,1,0.0,0.0,0.008623,0.8064,0.0,100.0,100.0,0.0,0.0,0.7002,1.4632,1,,-3.0636,,0.5544,,1.5267,,0.75,0.0151,1.0,-1.0,22.42,0.0,26.1,,,0.0,0.1191,-0.0070165,-0.0040869,-0.0032451,-0.3405,,50.0,50.0,-2.1626,0.3975,0.0,0.9771,-0.1356,75.95,50.0,0.0,0.419,0.0335,67.19,2000.0,1.0,0.0,-67.19,67.58,0.2596,0.2302,Bear,,Bear,Bear,Bear,Bear,,0.1082,0.3225,,,,,,,,,0.1101,0.0,-61458.33,20192655.368400037,1.0656273951722224,-114287621.00220008,,,,,,,,,,,,,,,,,,,,,,,,2026-06-24 20:31:42.318233+00:00,False,0.4449999999999999,-0.4449999999999999,359,0.3414489311164059,1.0049991898974593,0.0386353766413383,85.48465867128319,100.0,1.0,1.4891104644365172,0.7002383790226441,0.8191558079556318,0.0541612674411126,68.48498822162587,100.0,0.7622950819672155,1.1454766005368726,-0.1662636033857301,0.0782590554929363,0.0908485157740612,30.434220756830427,22.281639928698755,0.2228163992869875,0.1101096216284414,-1.798988997918538,-0.0038337334813423,0.1401812592126803,18.723224459392952,12.291052114060962,0.1229105211406096,-0.0705323424108486,-3.098513269417813,0.5647225203161131,0.2097322155457932,43.674900282127254,53.83491599707813,0.6025157232704399,0.382186347794244,2026-06-20/2026-06-26,0.059173,0.049027,394.75530388333334,-0.05921369937587073,93.3856515582423,0.5690181642426184,20.147771250907272,0.03409486257682941,2
2026-06-24 20:46:52.096832+00:00,2026-06-24T20:46:52.088029+00:00,SOL,KXSOL15M-26JUN241700-00,2026-06-24 21:00:00+00:00,67.475,67.5337,-0.0869,13.14,0.02,0.45,0.3462,0.1038,no,trade,0.13,0.6667,0.6667,1.0,0.613,1.0,0.1034,0.931,1,0.069,0.8276,0.00829,0.5179,-1.0,95.21,96.84,-0.0592,-0.0444,-0.0592,1.0776,1,,-3.0693,,0.5905,,1.338,,0.75,0.0151,1.0,-1.0,22.42,,26.1,,,0.0,0.1359,-0.0070165,-0.0040869,-0.0034806,-0.3401,,,,-2.1626,0.3975,-2.0,-0.8596,-0.1401,75.98,50.0,0.0,0.2306,0.0184,36.85,2000.0,1.0,0.0,-36.85,67.69,0.3186,0.2314,Bear,,Bear,Bear,Bear,Bear,,0.1196,0.3462,,,,,,,,,0.5985,0.0,-25297.4,20192655.368400037,1.0656273951722224,-114287621.00220008,,,,,,,,,,,,,,,,,,,,,,,,2026-06-24 20:46:52.096832+00:00,False,0.55,-0.55,359,0.2223210315696056,0.8588243140038655,0.0462552556381822,80.49715816234068,98.93617021276616,0.990000000000002,1.2060278207970194,0.044385264092317,0.8302973486450783,0.0538636573456917,68.80445739208645,99.29577464788748,0.8924050632911426,1.080534027061967,-0.1662636033857301,0.0782590554929363,0.0908485157740612,30.434220756830427,22.281639928698755,0.2228163992869875,0.1101096216284414,-1.798988997918538,-0.0038337334813423,0.1401812592126803,18.723224459392952,12.291052114060962,0.1229105211406096,-0.0705323424108486,-3.098513269417813,0.5647225203161131,0.2097322155457932,43.674900282127254,53.83491599707813,0.6025157232704399,0.382186347794244,2026-06-20/2026-06-26,0.045065,0.07453499999999999,409.9182805333333,0.36976117435172373,100.0,0.5690181642426184,20.147771250907272,0.10482509047044632,3
2026-06-24 21:32:23.235294+00:00,2026-06-24T21:32:23.219673+00:00,SOL,KXSOL15M-26JUN241745-45,2026-06-24 21:45:00+00:00,67.3775,67.4427,-0.0967,12.62,0.01,0.485,0.3225,0.1625,no,trade,0.1973,0.5,0.0,0.0,0.0,1.0,1.0,1.0,1,0.0,0.0,0.007269,0.5095,0.0,34.72,80.82,0.0,0.0,0.1483,0.6136,1,,-0.5999,,0.5946,,1.0008,,0.8497,2.483,1.0,1.0,51.6,0.0,39.15,,,0.0,0.3918,-0.0030497,-0.002163,-0.0017302,0.0303,,,,-2.1626,0.3975,-2.0,-1.0,-0.1423,75.74,50.0,0.0,0.3351,0.0268,53.56,2000.0,1.0,0.0,-53.56,67.85,0.7013,0.6039,Bear,,Bear,Bear,Bear,Bear,,0.1699,0.3225,,,,,,,,,0.5985,0.0,-25297.4,20192655.368400037,1.0656273951722224,-114287621.00220008,,,,,,,,,,,,,,,,,,,,,,,,2026-06-24 21:32:23.235294+00:00,False,0.515,-0.515,360,0.0,0.6078386033343199,0.0290045417298584,59.821933165218894,45.348837209302424,0.7863636363636372,0.6134709327253459,0.2375649591685347,0.8114719816657643,0.0524911169764269,63.13884054096794,84.83870967741943,0.8522012578616359,0.8195824497514905,2.482967448902351,0.3579922758411347,0.0900177123155475,49.869133073310216,51.51515151515154,0.5151515151515154,0.5985075629180426,-1.798988997918538,-0.0038337334813423,0.1401812592126803,18.723224459392952,12.291052114060962,0.1229105211406096,-0.0705323424108486,-3.098513269417813,0.5647225203161131,0.2097322155457932,43.674900282127254,53.83491599707813,0.6025157232704399,0.382186347794244,2026-06-20/2026-06-26,0.113565,0.056334999999999996,455.43725489999997,0.14221048369169598,82.0859082104898,1.769518393629732,46.77874243752236,0.13303067822258907,1
2026-06-24 21:47:32.958384+00:00,2026-06-24T21:47:32.953645+00:00,SOL,KXSOL15M-26JUN241800-00,2026-06-24 22:00:00+00:00,67.775,67.7935,-0.0273,12.45,0.01,0.455,0.3225,0.1325,no,trade,0.0608,0.5,0.0,0.0,0.0,1.0,1.0,1.0,1,0.0,0.0,0.007018,0.7136,3.0,87.5,96.22,0.1326,0.059,0.5629,0.757,1,,-0.7057,,0.0022,,0.9218,,0.8497,2.483,1.0,1.0,51.6,,39.15,,,0.0,0.4049,-0.0030497,-0.002163,-0.0021895,0.0256,,,,-2.1626,0.3975,0.0,1.0,-0.18,75.76,50.0,0.0,0.2913,0.0233,46.87,2000.0,1.0,0.0,-46.87,68.37,0.8779,0.8504,Bear,,Bear,Bear,Bear,Bear,,0.2886,0.3225,,,,,,,,,0.6589,0.0,-19669.57,20192655.368400037,1.0656273951722224,-114287621.00220008,,,,,,,,,,,,,,,,,,,,,,,,2026-06-24 21:47:32.958384+00:00,False,0.5449999999999999,-0.5449999999999999,360,0.0,0.8808441318991387,0.0131067563428083,74.29542552640747,81.94444444444308,0.8773584905660289,1.1000892728984455,0.5036290919863573,0.8876389949843563,0.0544498597157428,68.30293053316191,94.69387755102002,0.9591194968553428,0.9763943801644348,2.482967448902351,0.3579922758411347,0.0900177123155475,49.869133073310216,51.51515151515154,0.5151515151515154,0.5985075629180426,-1.798988997918538,-0.0038337334813423,0.1401812592126803,18.723224459392952,12.291052114060962,0.1229105211406096,-0.0705323424108486,-3.098513269417813,0.5647225203161131,0.2097322155457932,43.674900282127254,53.83491599707813,0.6025157232704399,0.382186347794244,2026-06-20/2026-06-26,0.128714,0.15988600000000003,470.59930640000005,0.4075248913371077,95.34024969228057,1.769518393629732,46.77874243752236,0.038899971501852385,2
2026-06-24 22:17:52.721094+00:00,2026-06-24T22:17:52.715487+00:00,SOL,KXSOL15M-26JUN241830-30,2026-06-24 22:30:00+00:00,67.955,68.007,-0.0765,12.12,0.01,0.425,0.3462,0.0788,no,trade,0.1798,0.0,1.0,-1.0,0.169,1.0,0.0488,0.0,-1,0.9512,0.0,0.006404,0.9425,-1.0,53.17,79.79,0.0,-0.3521,-0.7452,0.4722,-1,,-0.1209,,999.0,,0.8859,,1.0,0.5762,1.0,2.0,58.54,0.0,43.29,,,0.0,0.4667,0.0020196,-0.0015042,-0.0016936,0.0874,,,,-2.1626,0.3975,-2.0,-1.0,0.1161,76.05,50.0,0.0,0.1853,0.0148,29.9,2000.0,0.0,1.0,22.1,67.85,-0.1545,-0.2309,Bear,,Bear,Sideways,Bear,Bear,,0.2458,0.3462,,,,,,,,,0.6589,0.0,-19669.57,20192655.368400037,1.0656273951722224,-114287621.00220008,,,,,,,,,,,,,,,,,,,,,,,,2026-06-24 22:17:52.721094+00:00,True,0.575,0.425,360,-0.0880152559777025,0.8642704242081477,0.0156058635128598,70.87736610617065,67.4603174603175,0.674603174603175,0.9010977644766018,0.1764965436093613,0.864846371813782,0.061848486359084,72.0105012849204,85.76388888888899,0.88978494623656,0.981535290747692,0.4431969271679659,0.4215654659393765,0.087991705993967,52.66144522692971,56.86274509803918,0.5686274509803918,0.6589115673286878,-1.798988997918538,-0.0038337334813423,0.1401812592126803,18.723224459392952,12.291052114060962,0.1229105211406096,-0.0705323424108486,-3.098513269417813,0.5647225203161131,0.2097322155457932,43.674900282127254,53.83491599707813,0.6025157232704399,0.382186347794244,2026-06-20/2026-06-26,0.117233,0.128567,500.9286849,-0.05758689787612736,90.08258571146555,0.19896268523214022,49.82608499107196,0.11945658963148033,3
2026-06-24 23:03:21.565976+00:00,2026-06-24T23:03:21.558613+00:00,SOL,KXSOL15M-26JUN241915-15,2026-06-24 23:15:00+00:00,67.7175,67.7408,-0.0344,11.64,0.01,0.515,0.3225,0.1925,no,trade,0.1259,1.0,1.0,1.0,0.449,1.0,0.1053,0.7895,-1,0.1053,0.7895,0.005822,0.481,-2.0,16.25,75.72,0.0,-0.0295,0.1328,-0.2615,1,,-0.3429,,999.0,,0.5804,,0.1875,-0.3816,-1.0,-1.0,54.8,-1.0,41.77,,,0.0,0.4508,0.0032233,-0.001364,-0.0017346,0.0426,,,,-2.1626,0.3975,-2.0,-1.0,-0.0381,75.68,50.0,0.0,0.3738,0.0299,59.66,2000.0,1.0,0.0,-59.66,67.89,0.2547,0.2203,Bear,,Bear,Sideways,Bear,Bear,,0.318,0.3225,,,,,,,,,0.6042,0.0,2132.23,20192655.368400037,1.0656273951722224,-114287621.00220008,,,,,,,,,,,,,,,,,,,,,,,,2026-06-24 23:03:21.565976+00:00,False,0.485,-0.485,361,0.0589709568037832,0.5039001185654035,0.0113340413494123,51.24269440691136,18.750000000000774,0.4144144144144218,0.4855202481085691,-0.0294594196494246,0.7347790786441266,0.0557906660547052,62.88726992764938,76.44927536231907,0.8214285714285738,0.6981148842723458,-0.176496543609339,0.4141328048685834,0.0872813829193818,51.34768470675549,54.723707664884266,0.5472370766488427,0.6042002978385418,-1.798988997918538,-0.0038337334813423,0.1401812592126803,18.723224459392952,12.291052114060962,0.1229105211406096,-0.0705323424108486,-3.098513269417813,0.5647225203161131,0.2097322155457932,43.674900282127254,53.83491599707813,0.6025157232704399,0.382186347794244,2026-06-20/2026-06-26,0.334796,-0.016795999999999978,546.4094329333333,-0.0499112515558342,74.69497200681818,-0.3762867660595748,44.0513532722391,0.05908622466506356,1
2026-06-24 23:48:50.206468+00:00,2026-06-24T23:48:50.194273+00:00,SOL,KXSOL15M-26JUN242000-00,2026-06-25 00:00:00+00:00,67.855,67.909,-0.0795,11.17,0.02,0.43,0.2753,0.1547,no,trade,0.3846,1.0,1.0,1.0,0.217,1.0,0.0,0.5,0,0.5,0.5,0.004045,0.2182,-1.0,72.97,57.94,0.0,0.0,-0.0441,-0.0208,1,,-0.2218,,999.0,,0.4488,,0.1875,-0.3816,-1.0,-1.0,54.8,,41.77,,,0.0,0.4674,0.0032233,-0.001364,-0.0014574,0.0482,,,,-2.1626,0.3975,0.0,1.0,-0.0494,75.92,50.0,0.0,0.3599,0.0288,57.57,2000.0,1.0,0.0,-57.57,68.09,0.3463,0.2665,Bear,,Bear,Sideways,Bear,Bear,,0.4556,0.2753,,,,,,,,,0.658,0.0,334.38,-18135154.209900007,0.8711625974655772,-45840241.42999999,,,,,,,,,,,,,,,,,,,,,,,,2026-06-24 23:48:50.206468+00:00,False,0.5700000000000001,-0.5700000000000001,362,-0.088170462894932,0.6030373917648747,0.0063563010085126,54.98237435050934,72.972972972971,0.562499999999987,0.5723143097527638,-0.0441046750955576,0.7033310018197215,0.0504970300205397,65.26982052103905,62.14285714285683,0.8159722222222215,0.7368689065003475,-0.176496543609339,0.4141328048685834,0.0872813829193818,51.34768470675549,54.723707664884266,0.5472370766488427,0.6042002978385418,-1.798988997918538,-0.0038337334813423,0.1401812592126803,18.723224459392952,12.291052114060962,0.1229105211406096,-0.0705323424108486,-3.098513269417813,0.5647225203161131,0.2097322155457932,43.674900282127254,53.83491599707813,0.6025157232704399,0.382186347794244,2026-06-20/2026-06-26,0.281886,0.17371399999999998,591.8867744666666,-0.08534701944090672,57.84697811982211,-0.3762867660595748,44.0513532722391,0.1965389369592089,1
2026-06-25 00:04:00.747288+00:00,2026-06-25T00:04:00.732759+00:00,SOL,KXSOL15M-26JUN242015-15,2026-06-25 00:15:00+00:00,67.9325,67.9742,-0.0613,10.99,0.01,0.395,0.2753,0.1197,no,trade,0.2443,1.0,0.6667,1.0,1.484,1.0,0.0,1.0,0,0.0,1.0,0.003746,0.7451,-1.0,88.0,64.29,-0.0294,-0.0294,0.1177,0.0907,1,,0.0919,,999.0,,0.5492,,1.0,0.3241,1.0,1.0,58.72,1.0,43.72,,,0.0,0.5043,0.0077662,-0.002067,-0.001164,0.0821,,50.0,50.0,3.0886,0.8259,0.0,1.0,-0.1247,75.95,50.0,0.0,0.3032,0.0243,48.4,2000.0,1.0,0.0,-48.4,68.16,0.3349,0.2733,Bear,,Sideways,Bear,Bear,Bear,,0.5066,0.2753,,,,,,,,,0.658,0.0,334.38,-18135154.209900007,0.8711625974655772,-45840241.42999999,,,,,,,,,,,,,,,,,,,,,,,,2026-06-25 00:04:00.747288+00:00,False,0.605,-0.605,362,0.2798232695139901,0.9171408669610868,0.0055049663933441,62.71520311377015,100.0,1.0,0.8840714021028673,0.1470804530077973,0.7110689689208589,0.0488221568718337,68.32996148912389,65.87301587301621,0.8506944444444468,0.8082702466894816,0.324149108589955,0.4627544715517286,0.0858820795887096,53.793959676533554,58.64527629233523,0.5864527629233524,0.6579729072451174,3.0885692657077968,0.2287329363826949,0.1396260593997765,40.49625673650026,37.55707762557083,0.3235004916420851,0.3670904207348778,-2.3659305993690705,0.4528212786192289,0.2100444431659844,37.977855757308845,38.121118012422386,0.4987421383647801,0.2952666877283439,2026-06-20/2026-06-26,0.344782,0.16181800000000007,607.0624548,0.13194254153214846,65.45549530723738,0.30198244973407284,48.66832587026573,0.16364121729845166,2
2026-06-25 00:19:09.983037+00:00,2026-06-25T00:19:09.967085+00:00,SOL,KXSOL15M-26JUN242030-30,2026-06-25 00:30:00+00:00,67.87,68.0268,-0.2305,10.84,0.03,0.275,0.2124,0.0626,no,trade,0.8023,0.0,1.0,-1.0,0.002,1.0,0.3333,0.4762,1,0.5238,0.1429,0.003666,0.8424,-1.0,34.15,58.73,-0.2347,-0.2347,-0.0882,-0.1301,-1,,0.0919,,0.3178,,0.6335,,1.0,0.3241,1.0,1.0,58.72,1.0,43.72,,,0.0,0.5043,0.0077662,-0.002067,-0.001164,0.0821,,50.0,50.0,3.0886,0.8259,0.0,1.0,0.0554,75.83,50.0,0.0,0.2275,0.0182,36.25,2000.0,0.0,1.0,13.75,67.99,0.1768,-0.0541,Bear,,Sideways,Bear,Bear,Bear,,0.4841,0.2124,,,,,,,,,0.658,0.0,334.38,-18135154.209900007,0.8711625974655772,-45840241.42999999,,,,,,,,,,,,,,,,,,,,,,,,2026-06-25 00:19:09.983037+00:00,True,0.725,0.275,362,-0.0439882697947258,0.9182411130530234,0.0071235587434273,65.36519505613259,76.19047619047764,0.8181818181818276,0.9066399511501524,0.1174915552944577,0.7204363497570389,0.0438749700978497,70.72368135134428,72.22222222222247,0.878472222222224,0.8458292915902992,0.324149108589955,0.4627544715517286,0.0858820795887096,53.793959676533554,58.64527629233523,0.5864527629233524,0.6579729072451174,3.0885692657077968,0.2287329363826949,0.1396260593997765,40.49625673650026,37.55707762557083,0.3235004916420851,0.3670904207348778,-2.3659305993690705,0.4528212786192289,0.2100444431659844,37.977855757308845,38.121118012422386,0.4987421383647801,0.2952666877283439,2026-06-20/2026-06-26,0.392787,0.09131299999999998,622.21638395,0.11178884256950461,77.75215723009856,0.30198244973407284,48.66832587026573,0.6287506819421713,3
2026-06-25 14:51:02.404838+00:00,2026-06-25T14:51:02.389947+00:00,SOL,KXSOL15M-26JUN251100-00,2026-06-25 15:00:00+00:00,66.3175,65.9897,0.4967,8.97,0.02,0.83,0.7579,0.0721,no,trade,-0.3547,1.0,0.0556,1.0,0.293,1.0,0.2215,0.3418,1,0.6582,0.1203,0.012837,1.8526,2.0,76.47,48.85,0.0908,0.4992,-0.1803,1.0625,1,-1.0,-5.5902,-6.1455,0.2134,,3.3821,1.0,0.0231,-6.0304,-1.0,-1.0,1.81,0.0,25.84,-0.227863,0.0,-1.0,-0.2479,-0.0130286,-0.0047798,-0.0029378,-0.5285,,,,-1.7582,0.1022,0.0,0.8119,0.2165,76.18,50.0,0.0,0.0868,0.0069,13.94,2000.0,1.0,0.0,-13.94,66.29,-0.0415,0.4551,Bear,,Sideways,Bear,Bear,Bear,,0.472,0.7579,3.5115,0.1974,-4.9458,0.7809,0.0187,0.0212,-0.0104,-0.0267,0.2478,0.0,-61214.92,-36604596.64289999,0.965253493342409,2545784.288000047,,,,,,,,,,,,,,,,,,,,,,,,2026-06-25 14:51:02.404838+00:00,False,0.17,-0.17,370,0.090757827862653,0.4361503680446603,0.0743214246856801,48.45161412601802,61.97604790419178,0.4802784222737833,0.5203202619922378,0.5169530180933579,0.194387352225493,0.0747471395984074,39.62854253357208,41.96242171189984,0.4110429447852771,0.3249769693350908,-6.0530558405393675,-0.2541411382537951,0.0744125506365002,15.633905108484852,0.0,0.0,-0.5605691318698518,-1.885706060169856,0.2959605620910321,0.1299512429400154,43.70148126996895,46.66666666666664,0.3303834808259586,0.4016892496992938,-2.3659305993690705,0.4528212786192289,0.2100444431659844,37.977855757308845,38.121118012422386,0.4987421383647801,0.2952666877283439,2026-06-20/2026-06-26,0.605985,-0.13398500000000002,55.773413966666666,0.174381350373487,37.42979634983079,-4.8185967995945544,2.800522475690297,0.3869284100646569,1
2026-06-25 17:31:32.096731+00:00,2026-06-25T17:31:32.082474+00:00,SOL,KXSOL15M-26JUN251345-45,2026-06-25 17:45:00+00:00,67.1475,67.2152,-0.1007,13.47,0.02,0.42,0.3225,0.0975,no,trade,0.1446,1.0,1.0,1.0,0.836,1.0,1.0,1.0,1,0.0,0.0,0.012014,1.0636,-1.0,98.17,98.54,-0.0446,0.119,0.9904,1.0461,1,-1.0,-2.3321,-3.1798,0.3492,,1.3772,1.0,0.203,-0.5278,-1.0,-2.0,33.63,-1.0,41.04,-0.272993,0.0,-1.0,0.1311,-0.0059322,-0.0031001,-0.0003836,-0.1685,,,,-2.7427,0.4614,0.0,0.9413,0.393,75.97,50.0,0.0,0.2322,0.0186,37.12,2000.0,0.0,1.0,26.88,66.86,-0.4282,-0.5285,Bear,,Sideways,Bear,Bear,Bear,,0.282,0.3225,1.3855,0.5003,-0.3352,0.6984,-0.2622,-0.25,0.0015,-0.0036,,,-66867.06,-13708043.489600005,0.9667971150635244,-98039433.48819998,,,,,,,,,,,,,,,,,,,,,,,,2026-06-25 17:31:32.096731+00:00,True,0.5800000000000001,0.4199999999999999,371,0.6580915345498095,1.0450223130504916,0.0251632231940709,79.57081864895441,99.3827160493824,0.993827160493824,1.379431844416927,1.2486836166691662,0.6754658927672641,0.0654401008087887,62.441768377952194,99.66887417218528,0.6680584551148223,0.9028376310133792,-0.6032272658724303,0.1298306893814248,0.0771256010221436,37.55179352966833,32.73056057866188,0.3273056057866187,0.2266961173993327,-2.7142018779342636,0.1235890353542729,0.1265263006516356,34.489274532603716,35.023771790808354,0.2033118675252996,0.1961323104147097,-2.3659305993690705,0.4528212786192289,0.2100444431659844,37.977855757308845,38.121118012422386,0.4987421383647801,0.2952666877283439,2026-06-20/2026-06-26,0.325888,-0.04388800000000004,216.26827885,0.17031513434391243,55.17276621047834,-0.4058050332784613,30.974628263823874,0.08381887797569502,1
2026-06-25 18:01:54.322241+00:00,2026-06-25T18:01:54.317023+00:00,SOL,KXSOL15M-26JUN251415-15,2026-06-25 18:15:00+00:00,66.97,66.9772,-0.0107,13.1,0.02,0.53,0.3462,0.1838,no,trade,0.0176,0.9655,0.5862,1.0,0.575,1.0,0.3437,0.9687,1,0.0313,0.625,0.009502,0.5017,2.0,87.1,90.29,0.0,0.5693,0.4038,0.7314,1,-1.0,-0.6748,-1.5063,0.5294,,1.2245,1.0,0.7945,1.5606,1.0,1.0,52.98,1.0,46.72,-0.196819,0.0,1.0,0.351,-0.0028107,-0.0024863,0.0012878,-0.0142,,,,-2.7427,0.4614,-2.0,-0.9984,0.211,75.77,50.0,0.0,0.3467,0.0277,55.46,2000.0,0.0,1.0,62.54,66.08,-1.329,-1.3396,Bear,,Sideways,Bear,Bear,Sideways,,0.2035,0.3462,1.3545,0.5118,1.2545,0.6172,-0.2652,-0.254,0.0042,0.0078,,,-7344.18,-13708043.489600005,0.9667971150635244,-98039433.48819998,,,,,,,,,,,,,,,,,,,,,,,,2026-06-25 18:01:54.322241+00:00,True,0.47,0.53,371,0.1045400238948834,0.7533355188277299,0.0292773065972175,60.36750954771629,80.64516129032273,0.8170731707317092,0.7416662334512276,0.0895923547857391,0.6663880677435547,0.0562464716025396,57.31365174228792,84.12698412698428,0.6782407407407411,0.7126904988714684,1.6992869063874982,0.3543802071669436,0.0778901683726415,48.17006629666189,52.983725135623985,0.5298372513562398,0.5064933942084882,-2.7142018779342636,0.1235890353542729,0.1265263006516356,34.489274532603716,35.023771790808354,0.2033118675252996,0.1961323104147097,-2.3659305993690705,0.4528212786192289,0.2100444431659844,37.977855757308845,38.121118012422386,0.4987421383647801,0.2952666877283439,2026-06-20/2026-06-26,0.120501,0.08299899999999999,246.63870401666665,0.02725048325586954,47.388895664957,0.5468123012287052,39.53452165767289,0.011260787202694168,2
2026-06-25 18:52:29.566095+00:00,2026-06-25T18:52:29.562232+00:00,SOL,KXSOL15M-26JUN251500-00,2026-06-25 19:00:00+00:00,66.005,66.0177,-0.0192,7.51,0.01,0.675,0.3462,0.3288,no,trade,0.0431,1.0,0.3182,1.0,0.32,1.0,0.8431,0.1569,-1,0.0,0.1569,0.008818,0.875,0.0,12.71,25.0,-0.1058,0.2274,-0.0605,-0.9437,-1,-1.0,-0.6748,-1.5063,0.5294,,1.1821,1.0,0.7945,1.5606,1.0,1.0,52.98,1.0,46.72,-0.196819,0.0,1.0,0.351,-0.0028107,-0.0024863,0.0012878,-0.0142,,,,-2.7427,0.4614,-2.0,-1.0,-0.0283,76.0,50.0,0.0,0.487,0.039,78.0,2000.0,1.0,0.0,-78.0,66.12,0.1742,0.155,Bear,,Sideways,Bear,Bear,Sideways,,0.0598,0.3462,1.3545,0.5118,1.2545,0.6172,-0.2652,-0.254,0.0042,0.0078,,,41856.3,-13708043.489600005,0.9667971150635244,-98039433.48819998,,,,,,,,,,,,,,,,,,,,,,,,2026-06-25 18:52:29.566095+00:00,False,0.3249999999999999,-0.3249999999999999,372,-0.0907715582450618,0.1194788107824957,0.0237784711382496,35.846987770706164,1.6260162601634285,0.0152671755725268,0.1187203355019861,-0.616448654337709,0.4675085772577702,0.040455523671528,43.1784801939363,34.92063492063473,0.6191950464396277,0.3057980683041753,1.6992869063874982,0.3543802071669436,0.0778901683726415,48.17006629666189,52.983725135623985,0.5298372513562398,0.5064933942084882,-2.7142018779342636,0.1235890353542729,0.1265263006516356,34.489274532603716,35.023771790808354,0.2033118675252996,0.1961323104147097,-2.3659305993690705,0.4528212786192289,0.2100444431659844,37.977855757308845,38.121118012422386,0.4987421383647801,0.2952666877283439,2026-06-20/2026-06-26,0.133096,-0.073296,297.22610158333333,-0.403466713367695,42.083309710286734,0.5468123012287052,39.53452165767289,0.021773644817418916,1
2026-06-25 19:02:37.643886+00:00,2026-06-25T19:02:37.628957+00:00,SOL,KXSOL15M-26JUN251515-15,2026-06-25 19:15:00+00:00,65.9675,66.0668,-0.1503,12.38,0.01,0.395,0.3462,0.0488,no,trade,0.2981,0.1333,0.8667,-1.0,0.116,1.0,0.1765,0.6176,1,0.3824,0.4412,0.00838,0.6142,-1.0,9.32,22.56,0.0,-0.2567,0.1668,-1.0095,-1,-1.0,-1.7818,-2.7066,0.5879,,1.0399,1.0,0.178,-1.3568,-1.0,-1.0,37.25,-1.0,39.51,-0.188639,0.0,0.0,0.2109,-0.0051347,-0.0040562,0.0,-0.1197,,,,-2.7427,0.4614,-2.0,-0.9802,0.0873,76.0,50.0,0.0,0.1234,0.0099,19.96,2000.0,0.0,1.0,13.03,65.82,-0.2236,-0.3736,Bear,,Sideways,Bear,Bear,Bear,,0.0694,0.3462,1.2902,0.5372,-0.9141,0.6255,-0.287,-0.2728,-0.0,-0.0122,,,41856.3,-13708043.489600005,0.9667971150635244,-98039433.48819998,,,,,,,,,,,,,,,,,,,,,,,,2026-06-25 19:02:37.643886+00:00,True,0.605,0.395,372,-0.0755172934602033,0.2350565475157725,0.0251892363610122,42.04151731378225,12.61261261261267,0.1068702290076338,0.3307321282678899,0.0907715582450841,0.4286939140600922,0.0275022822628657,44.302472778141386,28.658536585365773,0.6151315789473668,0.3557587072679554,-1.2979263016559828,0.2164770499003326,0.0809184911550629,41.80291221424769,37.25135623869805,0.3725135623869804,0.3247991792829233,-2.7142018779342636,0.1235890353542729,0.1265263006516356,34.489274532603716,35.023771790808354,0.2033118675252996,0.1961323104147097,-2.3659305993690705,0.4528212786192289,0.2100444431659844,37.977855757308845,38.121118012422386,0.4987421383647801,0.2952666877283439,2026-06-20/2026-06-26,0.192701,-0.12330100000000001,307.36073143333334,0.1217575080431299,41.40684826605384,-0.24520429947448852,35.67506234084939,0.1793556085918854,2
2026-06-25 19:17:48.143368+00:00,2026-06-25T19:17:48.128554+00:00,SOL,KXSOL15M-26JUN251530-30,2026-06-25 19:30:00+00:00,65.6925,65.7567,-0.0976,12.2,0.02,0.4,0.3462,0.0538,no,trade,0.2143,0.1304,0.7826,-1.0,2.225,1.0,0.9231,0.0769,-1,0.0,0.0769,0.008275,0.7156,1.0,10.0,10.37,0.0608,-0.2121,-0.3028,-0.8985,-1,-1.0,-1.7818,-2.7066,0.887,,0.9459,1.0,0.178,-1.3568,-1.0,-1.0,37.25,-1.0,39.51,-0.188639,0.0,0.0,0.2109,-0.0051347,-0.0040562,0.0,-0.1197,,,,-2.7427,0.4614,-2.0,-1.0,0.1219,76.07,50.0,0.0,0.1344,0.0108,21.6,2000.0,1.0,0.0,-21.6,66.03,0.5138,0.4156,Bear,,Sideways,Bear,Bear,Bear,,0.0255,0.3462,1.2902,0.5372,-0.9141,0.6255,-0.287,-0.2728,-0.0,-0.0122,,,41856.3,-13708043.489600005,0.9667971150635244,-98039433.48819998,,,,,,,,,,,,,,,,,,,,,,,,2026-06-25 19:17:48.143368+00:00,False,0.6,-0.6,372,-0.1971788260276219,0.1307759618691147,0.0257863555094114,30.370232524969808,0.0,0.0,-0.013479049420863,-0.5441354292623934,0.2368740459567505,0.0278075540560837,38.94153650619299,6.707317073170695,0.2536585365853642,0.1960586345038301,-1.2979263016559828,0.2164770499003326,0.0809184911550629,41.80291221424769,37.25135623869805,0.3725135623869804,0.3247991792829233,-2.7142018779342636,0.1235890353542729,0.1265263006516356,34.489274532603716,35.023771790808354,0.2033118675252996,0.1961323104147097,-2.3659305993690705,0.4528212786192289,0.2100444431659844,37.977855757308845,38.121118012422386,0.4987421383647801,0.2952666877283439,2026-06-20/2026-06-26,0.012751,0.012748999999999998,322.53572280000003,-0.38684439974749907,20.422637931662944,-0.24520429947448852,35.67506234084939,0.11794561933534746,3
2026-06-25 19:38:01.317694+00:00,2026-06-25T19:38:01.304627+00:00,SOL,KXSOL15M-26JUN251545-45,2026-06-25 19:45:00+00:00,65.96,65.8407,0.1812,6.98,0.01,0.835,0.788,0.047,no,trade,-0.5397,1.0,1.0,1.0,0.086,1.0,0.24,0.56,1,0.44,0.32,0.007807,0.4848,2.0,40.51,22.56,-0.0151,0.0757,0.3799,0.1845,1,-1.0,-1.7818,-2.7066,0.4893,,0.9203,1.0,0.178,-1.3568,-1.0,-1.0,37.25,-1.0,39.51,-0.188639,0.0,0.0,0.2109,-0.0051347,-0.0040562,0.0,-0.1197,,,,-2.7427,0.4614,0.0,0.7306,0.3057,75.99,50.0,0.0,0.0562,0.0045,9.08,2000.0,1.0,0.0,-9.08,66.04,0.1213,0.3027,Bear,,Sideways,Bear,Bear,Bear,,0.1525,0.788,1.2902,0.5372,-0.9141,0.6255,-0.287,-0.2728,-0.0,-0.0122,,,41856.3,-13708043.489600005,0.9667971150635244,-98039433.48819998,,,,,,,,,,,,,,,,,,,,,,,,2026-06-25 19:38:01.317694+00:00,False,0.165,-0.165,372,0.2732240437158584,0.3976761342007503,0.0219933963313875,50.36104017410844,38.09523809523882,0.2302158273381347,0.6340415941848555,0.1215805471124653,0.2744281831280796,0.0274521920927647,40.78577246959021,11.585365853658397,0.2328042328042315,0.274987735005554,-1.2979263016559828,0.2164770499003326,0.0809184911550629,41.80291221424769,37.25135623869805,0.3725135623869804,0.3247991792829233,-2.7142018779342636,0.1235890353542729,0.1265263006516356,34.489274532603716,35.023771790808354,0.2033118675252996,0.1961323104147097,-2.3659305993690705,0.4528212786192289,0.2100444431659844,37.977855757308845,38.121118012422386,0.4987421383647801,0.2952666877283439,2026-06-20/2026-06-26,0.044896,0.107604,342.7552949,0.03981658725282777,22.57411661743753,-0.24520429947448852,35.67506234084939,0.23209939797617524,4
2026-06-25 19:48:08.174386+00:00,2026-06-25T19:48:08.157512+00:00,SOL,KXSOL15M-26JUN251600-00,2026-06-25 20:00:00+00:00,65.915,66.0127,-0.148,11.87,0.01,0.365,0.3116,0.0534,no,trade,0.3642,0.0,0.4,-1.0,0.039,1.0,0.7619,0.7619,1,0.2381,0.0,0.007366,0.4317,-1.0,54.55,21.34,0.0,-0.1512,-0.0303,0.2372,1,-1.0,-1.7818,-2.7066,0.519,,0.8559,1.0,0.178,-1.3568,-1.0,-1.0,37.25,-1.0,39.51,-0.188639,0.0,0.0,0.2109,-0.0051347,-0.0040562,0.0,-0.1197,,,,-2.7427,0.4614,0.0,0.7306,0.0323,75.99,50.0,0.0,0.1464,0.0117,23.5,2000.0,1.0,0.0,-23.5,66.36,0.6751,0.5261,Bear,,Sideways,Bear,Bear,Bear,,0.2378,0.3116,1.2902,0.5372,-0.9141,0.6255,-0.287,-0.2728,-0.0,-0.0122,,,6166.13,41512333.18509999,1.1548713345119797,-8800306.947400004,,,,,,,,,,,,,,,,,,,,,,,,2026-06-25 19:48:08.174386+00:00,False,0.635,-0.635,372,0.1211020284589636,0.5095321296574576,0.0166572812621375,55.24870140770505,72.72727272727226,0.3921568627450997,0.7319210258201091,0.3946569520340004,0.4163691054427408,0.0274167343488039,46.80492280503396,27.439024390244064,0.3703703703703717,0.4534139672561094,-1.2979263016559828,0.2164770499003326,0.0809184911550629,41.80291221424769,37.25135623869805,0.3725135623869804,0.3247991792829233,-2.7142018779342636,0.1235890353542729,0.1265263006516356,34.489274532603716,35.023771790808354,0.2033118675252996,0.1961323104147097,-2.3659305993690705,0.4528212786192289,0.2100444431659844,37.977855757308845,38.121118012422386,0.4987421383647801,0.2952666877283439,2026-06-20/2026-06-26,0.059796,0.178004,352.86957309999997,0.04018862852384064,33.50738162247552,-0.24520429947448852,35.67506234084939,0.20092316046701056,5
2026-06-25 21:34:18.670269+00:00,2026-06-25T21:34:18.664932+00:00,SOL,KXSOL15M-26JUN251745-45,2026-06-25 21:45:00+00:00,66.8375,66.706,0.1971,10.69,0.01,0.865,0.7579,0.1071,no,trade,-0.5199,0.8276,0.8276,1.0,3.508,1.0,0.902,0.902,1,0.098,0.0,0.006452,1.1802,3.0,97.85,98.41,0.1046,0.2695,0.8583,0.7769,1,-1.0,-1.495,-2.5517,0.2446,,0.84,1.0,0.0986,-0.1811,-1.0,-1.0,37.29,0.0,33.47,-0.146925,0.0,-1.0,0.2537,-0.0006539,-0.003576,-0.0009652,-0.0964,,,,-0.181,0.3049,0.0,1.0,0.0156,76.05,50.0,0.0,0.1238,0.0099,19.85,2000.0,1.0,0.0,-19.85,66.96,0.1833,0.3808,Bear,,Sideways,Bear,Bear,Bear,,0.539,0.7579,1.2959,0.5349,0.0092,0.6741,-0.2904,-0.2741,0.0001,-0.0004,,,10643.9,41512333.18509999,1.1548713345119797,-8800306.947400004,,,,,,,,,,,,,,,,,,,,,,,,2026-06-25 21:34:18.670269+00:00,False,0.135,-0.135,373,0.4964645704829129,0.898748785097804,0.0143667881008167,72.34409473582004,93.58974358974396,0.9479166666666692,1.205135601734821,0.6933976484775339,0.7535450325280518,0.0249848598185913,60.07064504512802,76.25899280575553,0.6768292682926823,0.8103053275396295,-0.060441220912677,0.2581288355112156,0.0856404603052395,41.67898287361185,37.29433272394893,0.3688969258589522,0.3583905328865505,-0.1960488614085265,0.1292792418781642,0.1187085234502978,33.904537917924884,32.96354992076088,0.1913523459061648,0.2264256186651313,-2.3659305993690705,0.4528212786192289,0.2100444431659844,37.977855757308845,38.121118012422386,0.4987421383647801,0.2952666877283439,2026-06-20/2026-06-26,0.365943,0.17305700000000002,459.0445044833333,0.12619138825957776,92.30041481697116,0.12609005705486176,33.12759753539239,0.305486670799752,1
2026-06-26 05:25:17.811643+00:00,2026-06-26T05:25:17.806776+00:00,SOL,KXSOL15M-26JUN260130-30,2026-06-26 05:30:00+00:00,67.93,68.0915,-0.2372,4.71,0.03,0.205,0.1538,0.0512,no,trade,1.3208,0.5,0.0,0.0,0.302,1.0,1.0,1.0,1,0.0,0.0,0.007786,0.0377,0.0,25.81,83.07,0.0,0.0,0.0,-0.0726,-1,1.0,1.0313,0.3252,999.0,,0.6008,1.0,0.1935,-0.2199,-1.0,-1.0,79.66,0.0,59.56,0.194188,0.0,0.0,0.7092,0.0021941,0.0025995,-0.0002503,0.1106,,,,1.1369,1.0,0.0,1.0,0.2355,74.04,50.0,0.0,0.2498,0.02,39.75,2000.0,1.0,0.0,-39.75,68.07,0.2061,-0.0316,Bear,,Sideways,Bear,Bear,Sideways,,0.4434,0.1538,1.2061,0.5747,-0.4149,0.6407,-0.4032,-0.2992,0.0004,-0.0104,,,-31307.84,53290090.58140004,1.1067116077122672,106191073.863,,,,,,,,,,,,,,,,,,,,,,,,2026-06-26 05:25:17.811643+00:00,False,0.795,-0.795,376,0.0,0.4397073463709076,0.0073065059811646,56.4250777103444,25.806451612902485,0.5274725274725182,0.5477072576545234,0.0293901542983032,0.7268404791339866,0.0398953238135265,60.473315774403616,82.93650793650764,0.8293650793650764,0.7352946811870493,-0.6569343065693456,0.7076824605995022,0.0694815557962486,56.88384900545595,80.06134969325139,0.7900000000000006,0.6956853974158439,1.2415016257759426,0.4629503634925971,0.0956056093987063,51.57110151215172,69.73058637084,0.4994324631101027,0.5847332588790772,-0.6315171097077465,0.403861337937428,0.1980841557498446,36.524303283084485,29.765886287625413,0.471698113207547,0.3128216513517146,2026-06-20/2026-06-26,0.765599,-0.322199,5.063527383333334,0.08515255595387128,86.46948900642577,0.00697828900699804,82.06535135193074,0.3046493706652966,1
2026-06-26 06:31:07.416974+00:00,2026-06-26T06:31:07.401008+00:00,SOL,KXSOL15M-26JUN260245-45,2026-06-26 06:45:00+00:00,68.965,69.0055,-0.0587,13.88,0.01,0.445,0.3462,0.0988,no,trade,0.1233,0.0,1.0,-1.0,0.749,1.0,0.7667,0.7917,1,0.2083,0.025,0.007019,2.4706,2.0,87.31,93.95,0.1157,0.0289,1.4068,1.0001,1,1.0,1.3971,0.7327,999.0,0.4146,0.9268,1.0,0.8919,0.4848,1.0,1.0,88.27,0.0,61.75,0.230906,0.0,1.0,0.7983,0.0018129,0.001686,-0.0004001,0.1451,,,,1.1369,1.0,0.0,1.0,-0.2865,73.7,12.0,1.0,0.2219,0.0178,35.52,2000.0,1.0,0.0,-35.52,69.68,1.0368,0.9775,Bear,,Sideways,Bear,Bear,Sideways,,0.5074,0.3462,1.1991,0.5781,0.3792,0.6265,-0.4045,-0.3011,0.0006,0.0004,,,,53290090.58140004,1.1067116077122672,106191073.863,,,,,,,,,,,,,,,,,,,,,,,,2026-06-26 06:31:07.416974+00:00,False,0.5549999999999999,-0.5549999999999999,377,-0.3603863341502089,1.071162212296214,0.0212924794501703,71.89445072236263,81.3432835820896,0.813432835820896,1.223621255851328,1.4382154388024704,0.9584335625097316,0.0480090833386268,74.1013027957403,92.6253687315634,0.9262536873156342,1.1491400822512103,0.5143277002204405,0.7954045723715683,0.067643183098606,59.5982876729227,90.03322259136223,0.897703549060544,0.7690622193324954,1.2415016257759426,0.4629503634925971,0.0956056093987063,51.57110151215172,69.73058637084,0.4994324631101027,0.5847332588790772,-0.6315171097077465,0.403861337937428,0.1980841557498446,36.524303283084485,29.765886287625413,0.471698113207547,0.3128216513517146,2026-06-20/2026-06-26,0.465291,0.04210899999999995,70.8902829,-0.0013391311014410157,74.67653101368185,0.04632392526406903,83.55231430377994,0.08363014674455051,1
2026-06-26 06:46:18.812993+00:00,2026-06-26T06:46:18.805385+00:00,SOL,KXSOL15M-26JUN260300-00,2026-06-26 07:00:00+00:00,69.57,69.6583,-0.1268,13.69,0.02,0.45,0.3462,0.1038,no,trade,0.2617,0.76,0.72,1.0,0.935,1.0,0.8182,0.9091,1,0.0909,0.0909,0.006468,1.4643,-1.0,94.29,96.79,-0.0574,0.2013,0.6936,1.575,1,1.0,1.3971,0.7327,999.0,0.4146,0.9498,1.0,0.8919,0.4848,1.0,1.0,88.27,0.0,61.75,0.230906,0.0,1.0,0.7983,0.0018129,0.001686,-0.0004001,0.1451,,,,1.1369,1.0,0.0,1.0,-0.2309,73.99,12.0,1.0,0.2306,0.0184,36.85,2000.0,1.0,0.0,-36.85,69.93,0.5175,0.39,Bear,,Sideways,Bear,Bear,Sideways,,0.5464,0.3462,1.1991,0.5781,0.3792,0.6265,-0.4045,-0.3011,0.0006,0.0004,,,,53290090.58140004,1.1067116077122672,106191073.863,,,,,,,,,,,,,,,,,,,,,,,,2026-06-26 06:46:18.812993+00:00,False,0.55,-0.55,377,0.2588438308886776,1.0512967707847325,0.0323599518043089,81.13463463703647,100.0,1.0,1.5030287873679606,0.868055555555558,1.0281707656080274,0.0549813066679545,79.7198996820372,100.0,1.0,1.3528193462796083,0.5143277002204405,0.7954045723715683,0.067643183098606,59.5982876729227,90.03322259136223,0.897703549060544,0.7690622193324954,1.2415016257759426,0.4629503634925971,0.0956056093987063,51.57110151215172,69.73058637084,0.4994324631101027,0.5847332588790772,-0.6315171097077465,0.403861337937428,0.1980841557498446,36.524303283084485,29.765886287625413,0.471698113207547,0.3128216513517146,2026-06-20/2026-06-26,0.432594,0.11380600000000002,86.08021654999999,1.097365676237616,100.0,0.04632392526406903,83.55231430377994,0.19604205318491033,2
2026-06-26 10:03:40.247386+00:00,2026-06-26T10:03:40.231779+00:00,SOL,KXSOL15M-26JUN260615-15,2026-06-26 10:15:00+00:00,68.9175,68.9245,-0.0102,11.33,0.01,0.605,0.376,0.229,no,trade,0.0387,0.5,0.0,0.0,0.0,1.0,1.0,0.0,-1,0.0,0.0,0.005996,1.6442,1.0,5.0,2.44,0.0,0.0725,-0.4618,-1.1957,-1,1.0,1.0023,1.1895,999.0,,0.5652,1.0,0.0,-1.3173,-1.0,-2.0,59.08,0.0,62.75,0.33226,0.0,0.0,0.7311,0.0010188,0.0020937,4.84e-05,0.0505,,,,3.7097,0.9195,-2.0,-1.0,-0.3652,72.45,12.0,1.0,0.3786,0.0303,60.44,2000.0,1.0,0.0,-60.44,69.08,0.2358,0.2256,Sideways,,Sideways,Bear,Bear,Bull,,0.5075,0.376,1.4104,0.4914,-0.9267,0.4769,-0.317,-0.2422,-0.0041,-0.0076,,,,-68369884.20849997,0.8384480744396732,-3691143.530599952,,,,,,,,,,,,,,,,,,,,,,,,2026-06-26 10:03:40.247386+00:00,False,0.395,-0.395,378,0.0,-0.1291015711044524,0.0176870862759289,12.417847729077168,0.0,0.0,-0.7139194583199456,-0.9770114942528664,0.3404136212243357,0.0519358034762021,32.781928784453626,0.0,0.3027210884353746,-0.1247644026297858,-1.4302059496567487,0.7308276197353425,0.0849860419775025,53.853169500815405,58.9178356713427,0.6931137724550899,0.5403677096432213,3.2554744525547408,0.8336901404479129,0.0893825667702076,63.41224884329715,96.50655021834068,0.8360655737704923,0.8323239122429218,-0.6315171097077465,0.403861337937428,0.1980841557498446,36.524303283084485,29.765886287625413,0.471698113207547,0.3128216513517146,2026-06-20/2026-06-26,0.733605,-0.226105,15.2041231,-0.40464241635617126,9.20824226725349,-0.8160707453931049,57.370839280737215,0.01701134089392929,1
2026-06-26 10:18:49.983848+00:00,2026-06-26T10:18:49.967872+00:00,SOL,KXSOL15M-26JUN260630-30,2026-06-26 10:30:00+00:00,68.9725,69.0143,-0.0606,11.17,0.02,0.44,0.3462,0.0938,no,trade,0.266,1.0,1.0,1.0,0.087,1.0,1.0,1.0,1,0.0,0.0,0.00547,0.2911,0.0,17.2,7.8,0.0,0.1595,0.1595,-0.9954,1,1.0,1.0023,1.1895,999.0,,0.494,1.0,0.0,-1.3173,-1.0,-2.0,59.08,0.0,62.75,0.33226,0.0,0.0,0.7311,0.0010188,0.0020937,4.84e-05,0.0505,,,,3.7097,0.9195,-2.0,-1.0,-0.0764,72.54,12.0,1.0,0.2131,0.017,34.16,2000.0,1.0,0.0,-34.16,69.08,0.1559,0.0952,Sideways,,Sideways,Bear,Bear,Bull,,0.5345,0.3462,1.4104,0.4914,-0.9267,0.4769,-0.317,-0.2422,-0.0041,-0.0076,,,,-68369884.20849997,0.8384480744396732,-3691143.530599952,,,,,,,,,,,,,,,,,,,,,,,,2026-06-26 10:18:49.983848+00:00,False,0.56,-0.56,378,0.0,0.1209819216944526,0.0220024444861753,17.454070376599105,5.376344086021242,0.0420168067226867,-0.3726219528977395,0.0725478816018476,0.3317218686202536,0.0487941206696895,34.556122754301995,2.4390243902437674,0.319727891156462,-0.0366944084217574,-1.4302059496567487,0.7308276197353425,0.0849860419775025,53.853169500815405,58.9178356713427,0.6931137724550899,0.5403677096432213,3.2554744525547408,0.8336901404479129,0.0893825667702076,63.41224884329715,96.50655021834068,0.8360655737704923,0.8323239122429218,-0.6315171097077465,0.403861337937428,0.1980841557498446,36.524303283084485,29.765886287625413,0.471698113207547,0.3128216513517146,2026-06-20/2026-06-26,0.714467,-0.179967,30.36639746666667,-0.04093334043180352,7.009165070199597,-0.8160707453931049,57.370839280737215,0.11078610603290676,2
2026-06-26 14:06:25.552627+00:00,2026-06-26T14:06:25.548699+00:00,SOL,KXSOL15M-26JUN261015-15,2026-06-26 14:15:00+00:00,70.3325,70.5602,-0.3227,8.58,0.01,0.275,0.227,0.048,no,trade,0.3497,0.7843,0.0588,1.0,0.716,1.0,0.8028,0.8028,1,0.1972,0.0,0.008368,2.4097,-1.0,82.26,82.26,-0.1839,-0.0568,0.7728,0.1932,1,1.0,2.9827,3.5225,999.0,,2.2877,1.0,0.8943,2.5116,1.0,2.0,92.81,0.0,62.6,0.188777,0.0,0.0,0.9267,-0.000283,0.0039762,0.0039654,0.282,,,,-3.2518,0.0086,-2.0,-0.9406,0.4655,73.58,12.0,1.0,0.1744,0.014,27.55,2000.0,1.0,0.0,-27.55,70.94,0.8638,0.5383,Bull,,Sideways,Bear,Sideways,Bull,,0.4301,0.227,1.5231,0.4551,1.5034,0.2814,-0.2968,-0.2128,0.0039,0.0126,,,,71088029.37229991,1.0841380685142796,56008235.74519998,,,,,,,,,,,,,,,,,,,,,,,,2026-06-26 14:06:25.552627+00:00,False,0.725,-0.725,379,0.0991360997026014,1.0302754958363802,0.0389416815536887,82.40672892784015,91.25000000000028,0.9135802469135832,1.145986269318185,1.378320172290004,1.2213600985630957,0.030754718457918,73.46888799297966,88.61788617886171,0.8861788617886172,1.1621081528473625,2.4372551864209946,0.9266650816455754,0.0848161095767997,66.81392699757387,92.78557114228455,0.931166347992352,0.9247236670447646,-3.2518026297186475,0.4855499262927018,0.077783183358126,49.1055004739585,63.02765647743828,0.548101265822786,0.4973022038938322,-0.6315171097077465,0.403861337937428,0.1980841557498446,36.524303283084485,29.765886287625413,0.471698113207547,0.3128216513517146,2026-06-20/2026-06-26,0.165776,0.264324,257.95921045,1.3016425148104416,99.5088270102219,1.5703758529219458,75.55426988403603,0.3856357552581262,1
2026-06-26 14:16:33.546383+00:00,2026-06-26T14:16:33.531667+00:00,SOL,KXSOL15M-26JUN261030-30,2026-06-26 14:30:00+00:00,70.9125,70.9837,-0.1003,13.44,0.01,0.545,0.3462,0.1988,no,trade,0.0879,0.5862,0.3276,1.0,0.528,1.0,0.3646,0.75,1,0.25,0.3854,0.008774,1.5413,-1.0,91.67,91.67,-0.0845,0.3676,0.7522,0.9428,1,1.0,2.9827,3.5225,999.0,,2.2569,1.0,0.8943,2.5116,1.0,2.0,92.81,0.0,62.6,0.188777,0.0,0.0,0.9267,-0.000283,0.0039762,0.0039654,0.282,,,,-3.2518,0.0086,-2.0,-1.0,0.2018,73.58,12.0,1.0,0.3647,0.0292,58.24,2000.0,1.0,0.0,-58.24,71.7,1.1105,1.0091,Bull,,Sideways,Bear,Sideways,Bull,,0.4415,0.3462,1.5231,0.4551,1.5034,0.2814,-0.2968,-0.2128,0.0039,0.0126,,,,71088029.37229991,1.0841380685142796,56008235.74519998,,,,,,,,,,,,,,,,,,,,,,,,2026-06-26 14:16:33.546383+00:00,False,0.4549999999999999,-0.4549999999999999,379,0.6641232160520039,1.029436194352301,0.049840298654015,87.30741420248108,100.0,1.0,1.2577875273825303,0.8922248973233238,1.2316801104844008,0.0411348199254794,78.14527146668979,100.0,1.0,1.256156784400145,2.4372551864209946,0.9266650816455754,0.0848161095767997,66.81392699757387,92.78557114228455,0.931166347992352,0.9247236670447646,-3.2518026297186475,0.4855499262927018,0.077783183358126,49.1055004739585,63.02765647743828,0.548101265822786,0.4973022038938322,-0.6315171097077465,0.403861337937428,0.1980841557498446,36.524303283084485,29.765886287625413,0.471698113207547,0.3128216513517146,2026-06-20/2026-06-26,0.18838,0.25312,268.09243971666666,-0.20404961018478662,86.48888632628933,1.5703758529219458,75.55426988403603,0.11431502165488944,2
2026-06-26 14:31:44.170847+00:00,2026-06-26T14:31:44.158522+00:00,SOL,KXSOL15M-26JUN261045-45,2026-06-26 14:45:00+00:00,71.6475,71.6827,-0.0491,13.27,0.02,0.4,0.3116,0.0884,no,trade,0.0391,0.5833,0.3333,1.0,0.603,1.0,0.6731,0.8077,1,0.1923,0.1346,0.009501,1.5262,0.0,93.88,94.57,-0.0279,0.3779,0.6596,1.785,1,1.0,2.9827,3.5225,999.0,,2.5014,1.0,0.8943,2.5116,1.0,2.0,92.81,0.0,62.6,0.188777,0.0,0.0,0.9267,-0.000283,0.0039762,0.0039654,0.282,,,,-3.2518,0.0086,0.0,0.9998,-0.15,73.04,12.0,1.0,0.2211,0.0177,35.4,2000.0,0.0,1.0,23.6,70.57,-1.5039,-1.5523,Bull,,Sideways,Bear,Sideways,Bull,,0.4705,0.3116,1.5231,0.4551,1.5034,0.2814,-0.2968,-0.2128,0.0039,0.0126,,,,71088029.37229991,1.0841380685142796,56008235.74519998,,,,,,,,,,,,,,,,,,,,,,,,2026-06-26 14:31:44.170847+00:00,True,0.6,0.4,379,0.2096729102599726,0.9388177738938398,0.0616046652530514,83.05768484445886,93.5294117647059,0.9356725146198834,1.1440159528079927,0.6316676024705314,1.1746180939237705,0.0521182526354043,80.88471706057561,93.67816091954025,0.9367816091954024,1.2481869082176515,2.4372551864209946,0.9266650816455754,0.0848161095767997,66.81392699757387,92.78557114228455,0.931166347992352,0.9247236670447646,-3.2518026297186475,0.4855499262927018,0.077783183358126,49.1055004739585,63.02765647743828,0.548101265822786,0.4973022038938322,-0.6315171097077465,0.403861337937428,0.1980841557498446,36.524303283084485,29.765886287625413,0.471698113207547,0.3128216513517146,2026-06-20/2026-06-26,0.221234,0.249266,283.2695141166667,0.055014167438938166,88.39334621039569,1.5703758529219458,75.55426988403603,0.05167877065572044,3
2026-06-26 14:46:56.232854+00:00,2026-06-26T14:46:56.219396+00:00,SOL,KXSOL15M-26JUN261100-00,2026-06-26 15:00:00+00:00,70.5675,70.6817,-0.1616,13.07,0.02,0.4,0.3225,0.0775,no,trade,0.1341,0.0,0.4783,-1.0,0.137,1.0,0.8636,0.0,-1,0.1364,0.0,0.010318,1.5083,-2.0,54.07,66.3,-0.2826,-0.3665,-1.4776,0.2171,-1,1.0,2.9827,3.5225,999.0,,2.4182,1.0,0.8943,2.5116,1.0,2.0,92.81,0.0,62.6,0.188777,0.0,0.0,0.9267,-0.000283,0.0039762,0.0039654,0.282,,,,-3.2518,0.0086,-2.0,-1.0,-0.4745,72.8,12.0,1.0,0.1938,0.0155,31.2,2000.0,0.0,1.0,20.8,70.6,0.0461,-0.1156,Bull,,Sideways,Bear,Sideways,Bull,,0.4385,0.3225,1.5231,0.4551,1.5034,0.2814,-0.2968,-0.2128,0.0039,0.0126,,,,71088029.37229991,1.0841380685142796,56008235.74519998,,,,,,,,,,,,,,,,,,,,,,,,2026-06-26 14:46:56.232854+00:00,True,0.6,0.4,379,-0.2818092151613438,0.6475597677125949,0.0627232615178123,52.473277376519974,60.68965517241366,0.6666666666666666,0.4125348929449397,-1.283303110615153,0.8785597853963341,0.055508332746985,62.29330692433413,67.24137931034471,0.6724137931034472,0.7580119085057521,2.4372551864209946,0.9266650816455754,0.0848161095767997,66.81392699757387,92.78557114228455,0.931166347992352,0.9247236670447646,-3.2518026297186475,0.4855499262927018,0.077783183358126,49.1055004739585,63.02765647743828,0.548101265822786,0.4973022038938322,-0.6315171097077465,0.403861337937428,0.1980841557498446,36.524303283084485,29.765886287625413,0.471698113207547,0.3128216513517146,2026-06-20/2026-06-26,0.279207,0.15929300000000002,298.4705475666667,-0.7782813022549018,61.43627295528587,1.5703758529219458,75.55426988403603,0.15661949990308197,4
2026-06-26 16:48:31.332351+00:00,2026-06-26T16:48:31.317397+00:00,SOL,KXSOL15M-26JUN261300-00,2026-06-26 17:00:00+00:00,72.62,72.6497,-0.0409,11.48,0.01,0.515,0.3225,0.1925,no,trade,0.0403,0.0,0.7241,-1.0,0.276,1.0,0.3978,0.3978,1,0.6022,0.0,0.013165,0.9709,2.0,60.66,85.06,0.0826,-0.1647,-0.151,0.3127,1,1.0,4.2473,5.5223,999.0,,2.1686,1.0,0.8865,2.1428,1.0,1.0,96.63,0.0,68.35,0.298494,0.0,1.0,1.028,0.0072403,0.0041295,0.0034186,0.4056,,,,5.1878,0.9468,0.0,0.8597,0.8396,71.16,12.0,1.0,0.3738,0.0299,59.66,2000.0,0.0,1.0,63.35,72.44,-0.2479,-0.2886,Bull,,Sideways,Sideways,Bull,Bull,,0.4981,0.3225,1.3721,0.5052,1.2229,0.3556,-0.2985,-0.2507,0.0032,0.0058,,,,12603518.121500015,1.0367869398420058,15321663.285299957,,,,,,,,,,,,,,,,,,,,,,,,2026-06-26 16:48:31.332351+00:00,True,0.485,0.515,380,-0.2335164835164827,0.7401665995606355,0.035470715350656,59.84043443860646,53.551912568305504,0.7258064516129012,0.6456809024112761,0.5537865152983379,0.8645193473205833,0.082984071608003,73.38709353609215,82.96593186372732,0.8316831683168299,0.8716072758082369,1.94023509417931,1.0259464645716785,0.0920391253675637,74.47129166545189,96.6183574879228,0.966183574879228,1.035269242330743,5.187783136051438,1.0610942483420542,0.0877853264351244,63.69626444535581,97.40420271940675,0.9740420271940676,0.8878651141005254,-0.6315171097077465,0.403861337937428,0.1980841557498446,36.524303283084485,29.765886287625413,0.471698113207547,0.3128216513517146,2026-06-20/2026-06-26,0.430026,0.06807399999999997,420.05553918333334,0.1921721009406463,81.00552260583333,1.0931312945484883,82.90948403280443,0.03106722369920243,1
2026-06-27 17:26:39.433838+00:00,2026-06-27T17:26:39.429129+00:00,SOL,KXSOL15M-26JUN271330-30,2026-06-27T17:30:00Z,72.1225,72.1253,-0.0039,3.35,0.02,0.7,0.3462,0.3538,no,trade,0.0212,0.0,1.0,-1.0,0.198,1.0,0.5522,0.4478,-1,0.0,0.4478,0.003907,2.3747,-3.0,31.46,22.58,0.0,-0.0415,0.2081,-0.2429,-1,1.0,0.9712,3.0747,999.0,,0.725,1.0,0.0938,-0.1511,-1.0,-1.0,71.26,0.0,57.93,-0.069006,0.0,0.0,0.914,0.00152,0.0008526,9.75e-05,0.1596,,,,1.4765,0.774,-2.0,-1.0,-0.3069,70.64,14.0,1.0,0.5054,0.0404,81.0,2000.0,1.0,0.0,-81.0,72.23,0.1491,0.1452,Bull,,Bear,Sideways,Bull,Sideways,,0.2731,0.3462,0.0473,-0.1149,0.6644,2.1809,0.3178,-0.4051,-0.0009,-0.0023,0.714,0.0,-5466.56,38014728.73,1.204144,38712950.87,,,,,,,,,,,,,,,,,,,,,,,,2026-06-27 17:26:39.433838+00:00,False,0.3,-0.3,381,-0.0138446628824673,0.166374592422179,0.0165919996763924,34.40378177968276,31.46067415730348,0.2568807339449543,0.1257111696677906,-0.6602475928473184,0.2583026483508506,0.0195288399889757,32.100148712857845,22.58064516129025,0.3379310344827544,0.0074935211852677,-0.2059025394646418,0.9152523972298188,0.019754049568756,63.504082160860904,71.25748502993991,0.7303370786516833,0.7182716464290985,1.434140907825121,0.8405317956421215,0.1394231064845871,62.73961908431114,89.55987717502549,0.8955987717502549,0.7661502336133533,6.325746378953601,0.7019407914715888,0.1763613234633005,55.741329082136566,65.55183946488293,0.7057142857142854,0.6150736293300115,2026-06-27/2026-07-03,0.50736,-0.23426000000000002,24.440563966666666,-0.35614703197097697,28.37820835430306,-0.08461402166763943,83.96897634766971,0.009982083439979524,1
2026-06-27 17:31:44.055998+00:00,2026-06-27T17:31:44.051497+00:00,SOL,KXSOL15M-26JUN271345-45,2026-06-27T17:45:00Z,72.0725,72.1562,-0.116,13.27,0.02,0.38,0.2753,0.1047,no,trade,0.3311,1.0,0.2,1.0,0.296,1.0,0.2,0.7,-1,0.1,0.7,0.00384,0.3608,-4.0,26.97,19.35,0.0,0.0,0.0277,-0.2938,-1,1.0,0.9712,3.0747,999.0,,0.6978,1.0,0.0938,-0.1511,-1.0,-1.0,71.26,0.0,57.93,-0.069006,0.0,0.0,0.914,0.00152,0.0008526,9.75e-05,0.1596,,,,1.4765,0.774,0.0,1.0,0.1931,70.64,14.0,1.0,0.2757,0.0221,44.02,2000.0,0.0,1.0,26.98,72.27,0.274,0.1577,Bull,,Bear,Sideways,Bull,Sideways,,0.4083,0.2753,0.0473,-0.1149,0.6644,2.1809,0.3178,-0.4051,-0.0009,-0.0023,0.714,0.0,389.73,38014728.73,1.204144,38712950.87,,,,,,,,,,,,,,,,,,,,,,,,2026-06-27 17:31:44.055998+00:00,True,0.62,0.38,381,0.0138465798947828,0.2062629651551687,0.0166969992271261,35.25052846004988,32.584269662922026,0.2761904761904828,0.184575404931798,0.0138465798947828,0.2305336157031088,0.0179210508277425,32.67383234670322,23.38709677419388,0.3262411347517762,0.0669701605314442,-0.2059025394646418,0.9152523972298188,0.019754049568756,63.504082160860904,71.25748502993991,0.7303370786516833,0.7182716464290985,1.434140907825121,0.8405317956421215,0.1394231064845871,62.73961908431114,89.55987717502549,0.8955987717502549,0.7661502336133533,6.325746378953601,0.7019407914715888,0.1763613234633005,55.741329082136566,65.55183946488293,0.7057142857142854,0.6150736293300115,2026-06-27/2026-07-03,0.50736,-0.09906000000000004,29.51759996666667,0.06535915341818743,36.6800872336849,-0.08461402166763943,83.96897634766971,0.3020833333333333,2
2026-06-27 17:46:53.809433+00:00,2026-06-27T17:46:53.801819+00:00,SOL,KXSOL15M-26JUN271400-00,2026-06-27T18:00:00Z,72.1175,72.1405,-0.0319,13.11,0.01,0.515,0.3462,0.1688,no,trade,0.0985,1.0,1.0,1.0,0.141,1.0,0.15,0.5,-1,0.35,0.5,0.003608,0.7671,2.0,37.5,26.61,0.0415,0.0554,0.1247,-0.0607,1,1.0,0.9712,3.0747,999.0,,0.6483,1.0,0.0938,-0.1511,-1.0,-1.0,71.26,0.0,57.93,-0.069006,0.0,0.0,0.914,0.00152,0.0008526,9.75e-05,0.1596,,,,1.4765,0.774,0.0,1.0,0.1241,70.51,14.0,1.0,0.3277,0.0262,52.38,2000.0,0.0,1.0,55.62,72.04,-0.1075,-0.1393,Bull,,Bear,Sideways,Bull,Sideways,,0.4455,0.3462,0.0473,-0.1149,0.6644,2.1809,0.3178,-0.4051,-0.0009,-0.0023,0.714,0.0,-73.94,38014728.73,1.204144,38712950.87,,,,,,,,,,,,,,,,,,,,,,,,2026-06-27 17:46:53.809433+00:00,True,0.485,0.515,381,-0.1382361072712279,0.2864669675897552,0.016987704736582,40.55229458491043,34.090909090908944,0.2857142857142837,0.3173878445411818,0.0138446628824562,0.1843649990114108,0.0157535865316955,33.378305384410325,24.193548387096367,0.3138686131386797,0.1394338242046109,-0.2059025394646418,0.9152523972298188,0.019754049568756,63.504082160860904,71.25748502993991,0.7303370786516833,0.7182716464290985,1.434140907825121,0.8405317956421215,0.1394231064845871,62.73961908431114,89.55987717502549,0.8955987717502549,0.7661502336133533,6.325746378953601,0.7019407914715888,0.1763613234633005,55.741329082136566,65.55183946488293,0.7057142857142854,0.6150736293300115,2026-06-27/2026-07-03,0.50736,-0.061860000000000026,44.680157216666665,-0.0022272600461392678,36.39699714812909,-0.08461402166763943,83.96897634766971,0.08841463414634146,3
2026-06-27 18:47:37.957918+00:00,2026-06-27T18:47:37.947619+00:00,SOL,KXSOL15M-26JUN271500-00,2026-06-27T19:00:00Z,71.8325,71.8398,-0.0102,12.37,0.01,0.465,0.3462,0.1188,no,trade,0.0391,0.0,1.0,-1.0,0.181,1.0,0.7083,0.7083,1,0.2917,0.0,0.003416,0.9767,0.0,33.33,13.28,0.0,0.0,-0.0278,-0.288,-1,1.0,0.0634,1.8631,0.1033,,0.5354,1.0,0.1791,-0.7575,-1.0,-2.0,32.93,0.0,46.7,-0.096631,0.0,0.0,0.4569,0.000556,0.0002548,-0.0003398,-0.084,,,,1.4765,0.774,-2.0,-1.0,-0.0339,70.56,14.0,1.0,0.2554,0.0204,40.66,2000.0,0.0,1.0,35.34,71.89,0.08,0.0699,Sideways,,Bear,Sideways,Bull,Sideways,,0.393,0.3462,0.0966,-0.0629,0.7365,2.7898,0.2485,-1.0357,-0.0026,-0.0034,0.3358,0.0,-80.5,38014728.73,1.204144,38712950.87,,,,,,,,,,,,,,,,,,,,,,,,2026-06-27 18:47:37.957918+00:00,True,0.5349999999999999,0.4650000000000001,382,-0.0277932184546969,0.239214746303247,0.0085094538581471,40.73496728993453,29.82456140350869,0.2982456140350868,0.3254553396106058,0.2368677720496093,0.108589868993843,0.0208525893800934,33.07046351775418,13.281250000000124,0.1205673758865251,0.1535003052663916,-0.8803301237964245,0.46265846897821,0.0196820434465738,46.08528514585149,32.934131736526744,0.3707865168539304,0.3387790065935832,1.434140907825121,0.8405317956421215,0.1394231064845871,62.73961908431114,89.55987717502549,0.8955987717502549,0.7661502336133533,6.325746378953601,0.7019407914715888,0.1763613234633005,55.741329082136566,65.55183946488293,0.7057142857142854,0.6150736293300115,2026-06-27/2026-07-03,0.445548,-0.052547999999999984,105.4159653,0.09756894163897023,25.61860426102941,-0.43071583085895204,50.40317928337886,0.029859484777517566,1
2026-06-27 19:07:53.984047+00:00,2026-06-27T19:07:53.979939+00:00,SOL,KXSOL15M-26JUN271515-15,2026-06-27T19:15:00Z,71.7725,71.8078,-0.0492,7.1,0.03,0.465,0.3225,0.1425,no,trade,0.2989,1.0,1.0,1.0,0.467,1.0,0.4,0.0,-1,0.6,0.0,0.003298,0.2108,-2.0,32.5,10.32,0.0,-0.1111,-0.0556,-0.3487,-1,-1.0,-0.1095,1.775,0.1375,,0.4475,1.0,0.375,-0.1527,-1.0,-3.0,24.55,0.0,49.42,-0.139522,0.0,0.0,0.3527,-0.0005783,-0.0002199,-0.0003921,-0.1223,,,,1.4765,0.774,-2.0,-1.0,0.0011,70.56,14.0,1.0,0.3065,0.0245,49.22,2000.0,1.0,0.0,-49.22,71.9,0.1776,0.1284,Bull,,Bear,Sideways,Bull,Sideways,,0.3889,0.3225,0.0405,-0.0592,0.5868,2.8268,0.2452,-0.3769,-0.0013,0.0025,0.2868,0.0,3437.75,38014728.73,1.204144,38712950.87,,,,,,,,,,,,,,,,,,,,,,,,2026-06-27 19:07:53.984047+00:00,False,0.5349999999999999,-0.5349999999999999,382,0.0973303670745107,0.4007950948181314,0.0085340793351961,48.17077396606608,46.80851063829775,0.3859649122806947,0.5798205584254944,-0.027800945232137,0.1358723520268843,0.0221769742253407,32.42080362293602,11.718750000000432,0.1063829787234074,0.1582138545986013,-0.1942825423258409,0.35957490970825,0.0195021155344189,43.08477032800786,24.550898203592585,0.2921348314606717,0.289341721526943,1.434140907825121,0.8405317956421215,0.1394231064845871,62.73961908431114,89.55987717502549,0.8955987717502549,0.7661502336133533,6.325746378953601,0.7019407914715888,0.1763613234633005,55.741329082136566,65.55183946488293,0.7057142857142854,0.6150736293300115,2026-06-27/2026-07-03,0.374854,0.014046000000000003,125.68306745,-0.027592543177124007,22.114578090923942,0.025542037220338543,52.38510351900466,0.14918132201334142,2
2026-06-27 19:48:23.355256+00:00,2026-06-27T19:48:23.345842+00:00,SOL,KXSOL15M-26JUN271600-00,2026-06-27T20:00:00Z,71.0225,71.0562,-0.0474,11.61,0.01,0.425,0.3462,0.0788,no,trade,0.1496,1.0,1.0,1.0,0.143,1.0,0.4167,0.5278,-1,0.0556,0.5278,0.003905,1.2956,1.0,19.05,10.64,-0.1123,0.0141,0.0563,-0.3942,-1,-1.0,-0.1095,1.775,1.1931,,0.6748,1.0,0.375,-0.1527,-1.0,-3.0,24.55,0.0,49.42,-0.139522,0.0,0.0,0.3527,-0.0005783,-0.0002199,-0.0003921,-0.1223,,,,1.4765,0.774,-2.0,-1.0,0.4883,70.84,14.0,1.0,0.1853,0.0148,29.9,2000.0,0.0,1.0,22.1,71.1,0.1091,0.0616,Bull,,Bear,Sideways,Bull,Sideways,,0.1947,0.3462,0.0405,-0.0592,0.5868,2.8268,0.2452,-0.3769,-0.0013,0.0025,0.2868,0.0,1992.6,38014728.73,1.204144,38712950.87,,,,,,,,,,,,,,,,,,,,,,,,2026-06-27 19:48:23.355256+00:00,True,0.575,0.425,382,0.0984944420993505,0.0499706468148263,0.0192292469368707,18.244654433586703,18.095238095237928,0.155737704918031,-0.1623711827407011,-0.0421525923844368,-0.0118809554508607,0.0316494342052613,15.914421929252498,10.106382978723309,0.0852017937219719,-0.2152755252811509,-0.1942825423258409,0.35957490970825,0.0195021155344189,43.08477032800786,24.550898203592585,0.2921348314606717,0.289341721526943,1.434140907825121,0.8405317956421215,0.1394231064845871,62.73961908431114,89.55987717502549,0.8955987717502549,0.7661502336133533,6.325746378953601,0.7019407914715888,0.1763613234633005,55.741329082136566,65.55183946488293,0.7057142857142854,0.6150736293300115,2026-06-27/2026-07-03,0.392983,-0.19828300000000001,166.1725876,-0.22582970573332695,11.508347487468846,0.025542037220338543,52.38510351900466,0.12138284250960306,3
2026-06-27 20:16:01.483097+00:00,2026-06-27T20:16:01.467365+00:00,SOL,KXSOL15M-26JUN271630-30,2026-06-27T20:30:00Z,71.1525,71.1313,0.0298,13.98,0.01,0.615,0.369,0.246,no,trade,-0.112,0.0,1.0,-1.0,0.365,1.0,0.8235,0.8235,1,0.1765,0.0,0.0039,0.6118,0.0,30.53,17.47,-0.0281,-0.0281,0.1969,-0.0676,1,-1.0,-1.1312,0.5844,0.9454,,0.5157,1.0,0.1442,-1.0989,-1.0,-4.0,6.73,0.0,41.06,-0.210751,0.0,0.0,-0.0914,-0.0031349,-0.0013717,-0.0010817,-0.3559,,50.0,50.0,-2.3486,0.0735,-2.0,-1.0,-0.1391,71.13,14.0,1.0,0.4001,0.032,63.91,2000.0,1.0,0.0,-63.91,71.26,0.1511,0.1809,Sideways,,Bear,Sideways,Bull,Sideways,,0.2439,0.631,0.1138,-0.048,0.6029,3.0223,0.2293,-1.3012,-0.0025,-0.0024,-0.0366,-1.0,3912.86,-59557539.24,0.819842,-33309857.31,,,,,,,,,,,,,,,,,,,,,,,,2026-06-27 20:16:01.483097+00:00,False,0.385,-0.385,382,-0.0420934474533507,0.3135018571401879,0.0214028051973563,38.72680689502273,27.88461538461483,0.2761904761904694,0.3889423647834238,0.168728908886373,0.1410989415470133,0.0347800202052857,24.535208939412858,15.508021390373983,0.1380952380952347,0.0578254021579042,-1.1123470522803047,-0.0756263655516213,0.0230542292367586,30.187148000787715,7.623318385650286,0.0762331838565028,-0.0250178766999324,-2.374742621825654,0.6537229582262696,0.1407309597865392,50.781640188993855,71.85261003070627,0.7185261003070628,0.457243316938936,6.325746378953601,0.7019407914715888,0.1763613234633005,55.741329082136566,65.55183946488293,0.7057142857142854,0.6150736293300115,2026-06-27/2026-07-03,0.409638,-0.165738,193.80805161666666,0.17061330055891943,25.391827885717895,-0.6047094030321887,9.918899772821483,0.07641025641025642,4
2026-06-27 20:36:15.771643+00:00,2026-06-27T20:36:15.754718+00:00,SOL,KXSOL15M-26JUN271645-45,2026-06-27T20:45:00Z,71.1675,71.1453,0.0312,8.74,0.02,0.69,0.3037,0.3863,no,trade,-0.1867,0.5,0.0,0.0,0.0,1.0,0.4,0.6,1,0.4,0.2,0.003799,0.1847,0.0,86.11,22.3,0.0,0.0,0.014,-0.017,1,-1.0,-1.1312,0.5844,0.917,,0.4097,1.0,0.1442,-1.0989,-1.0,-4.0,6.73,0.0,41.06,-0.210751,0.0,0.0,-0.0914,-0.0031349,-0.0013717,-0.0010817,-0.3559,,50.0,50.0,-2.3486,0.0735,,,,,14.0,1.0,0.5598,0.0448,89.59,2000.0,0.0,1.0,199.41,71.24,0.1019,0.1331,Sideways,,Bear,Sideways,Bull,Sideways,,0.2544,0.6963,0.1138,-0.048,0.6029,3.0223,0.2293,-1.3012,-0.0025,-0.0024,-0.0366,-1.0,3893.3,-59557539.24,0.819842,-33309857.31,,,,,,,,,,,,,,,,,,,,,,,,2026-06-27 20:36:15.771643+00:00,True,0.31,0.69,382,0.0421170854976837,0.4024387015290623,0.0181633881624377,43.037499867626174,51.66666666666754,0.2980769230769275,0.4910272994978342,-0.0140370578326609,0.1726819205323944,0.0350428726434813,24.319347490114993,16.000000000000064,0.1333333333333342,0.08293611719284,-1.1123470522803047,-0.0756263655516213,0.0230542292367586,30.187148000787715,7.623318385650286,0.0762331838565028,-0.0250178766999324,-2.374742621825654,0.6537229582262696,0.1407309597865392,50.781640188993855,71.85261003070627,0.7185261003070628,0.457243316938936,6.325746378953601,0.7019407914715888,0.1763613234633005,55.741329082136566,65.55183946488293,0.7057142857142854,0.6150736293300115,2026-06-27/2026-07-03,0.106358,0.148042,214.04619405,-0.007514968972133218,25.02232267425712,-0.6047094030321887,9.918899772821483,0.08212687549355094,5
2026-06-27 20:46:24.455006+00:00,2026-06-27T20:46:24.440218+00:00,SOL,KXSOL15M-26JUN271700-00,2026-06-27T21:00:00Z,71.0875,71.0872,0.0004,13.59,0.01,0.675,0.3225,0.3525,no,trade,-0.0023,0.0,1.0,-1.0,0.114,1.0,0.6667,0.0,-1,0.3333,0.0,0.003068,0.1373,0.0,80.95,20.86,0.0,0.0,-0.0281,-0.0166,-1,-1.0,-1.1312,0.5844,0.9454,,0.3679,1.0,0.1442,-1.0989,-1.0,-4.0,6.73,0.0,41.06,-0.210751,0.0,0.0,-0.0914,-0.0031349,-0.0013717,-0.0010817,-0.3559,,,,-2.3486,0.0735,-2.0,-1.0,0.0194,71.16,14.0,1.0,0.5222,0.0418,83.52,2000.0,1.0,0.0,-83.52,71.22,0.1864,0.1868,Sideways,,Bear,Sideways,Bull,Sideways,,0.2761,0.6775,0.1138,-0.048,0.6029,3.0223,0.2293,-1.3012,-0.0025,-0.0024,-0.0366,-1.0,4390.0,-59557539.24,0.819842,-33309857.31,,,,,,,,,,,,,,,,,,,,,,,,2026-06-27 20:46:24.455006+00:00,False,0.3249999999999999,-0.3249999999999999,382,-0.0420934474533507,0.4264496085405637,0.0145843280831592,40.615903424833334,82.60869565217149,0.2788461538461483,0.3946102760792426,0.0140390284992131,0.2033121543766068,0.0340487565865919,25.169160968909424,20.863309352517405,0.1394230769230732,0.1292265913530198,-1.1123470522803047,-0.0756263655516213,0.0230542292367586,30.187148000787715,7.623318385650286,0.0762331838565028,-0.0250178766999324,-2.374742621825654,0.6537229582262696,0.1407309597865392,50.781640188993855,71.85261003070627,0.7185261003070628,0.457243316938936,6.325746378953601,0.7019407914715888,0.1763613234633005,55.741329082136566,65.55183946488293,0.7057142857142854,0.6150736293300115,2026-06-27/2026-07-03,0.194741,0.08135900000000001,224.19091676666667,-0.022380695463941613,31.652067708631503,-0.6047094030321887,9.918899772821483,0.001303780964797914,6
2026-06-27 21:05:14.364456+00:00,2026-06-27T21:05:14.346321+00:00,SOL,KXSOL15M-26JUN271715-15,2026-06-27T21:15:00Z,71.2725,71.1532,0.1677,9.76,0.01,0.875,0.1874,0.6876,no,trade,-0.9481,1.0,1.0,1.0,0.286,1.0,0.2222,0.0,-1,0.7778,0.0,0.003052,0.4131,1.0,100.0,33.08,0.0,0.2387,0.1262,0.2707,1,-1.0,-0.8728,0.7344,0.6402,,0.41,1.0,0.4706,0.1125,1.0,1.0,12.11,0.0,38.85,-0.242473,0.0,0.0,0.0426,-0.0034738,-0.0009424,-0.0004943,-0.2723,,,,-2.3486,0.0735,0.0,1.0,-0.0583,71.27,14.0,1.0,0.7858,0.06,120.0,2000.0,1.0,0.0,-120.0,71.48,0.2911,0.4593,Sideways,,Bear,Sideways,Bull,Sideways,,0.2972,0.8126,0.1459,-0.0413,0.571,3.2096,0.216,0.0145,0.0003,0.0056,0.0814,0.0,-333.9,-59557539.24,0.819842,-33309857.31,,,,,,,,,,,,,,,,,,,,,,,,2026-06-27 21:05:14.364456+00:00,False,0.125,-0.125,382,0.2386969952260731,1.0837991302670678,0.0042695163525815,62.374624501160085,100.0,0.7333333333333365,1.0247569302439066,-0.0280741156653552,0.2213956168387513,0.0332291182540845,24.512542204393256,19.424460431654385,0.1323529411764691,0.143466017799899,0.1406074240719812,0.0456006296806639,0.0252459808978401,33.07910851772331,12.10762331838545,0.1210762331838545,0.081353743709192,-2.374742621825654,0.6537229582262696,0.1407309597865392,50.781640188993855,71.85261003070627,0.7185261003070628,0.457243316938936,6.325746378953601,0.7019407914715888,0.1763613234633005,55.741329082136566,65.55183946488293,0.7057142857142854,0.6150736293300115,2026-06-27/2026-07-03,0.200067,0.09713300000000002,243.02274093333332,-0.005227203295232741,31.05093414247791,0.13543375860087803,19.873219825585423,0.5494757536041939,7
2026-06-27 21:25:27.550407+00:00,2026-06-27T21:25:27.544681+00:00,SOL,KXSOL15M-26JUN271730-30,2026-06-27T21:30:00Z,71.385,71.3843,0.001,4.54,0.04,0.64,0.3225,0.3175,no,trade,-0.0084,0.6364,0.6364,1.0,0.135,1.0,0.963,0.963,1,0.037,0.0,0.003118,1.2115,-1.0,75.76,42.62,0.0,0.042,-0.014,0.3606,1,-1.0,-0.8728,0.7344,0.5276,,0.3978,1.0,0.4706,0.1125,1.0,1.0,12.11,0.0,38.85,-0.242473,0.0,0.0,0.0426,-0.0034738,-0.0009424,-0.0004943,-0.2723,,,,-2.3486,0.0735,0.0,1.0,-0.145,71.41,14.0,1.0,0.4961,0.0397,79.2,2000.0,1.0,0.0,-79.2,71.58,0.2732,0.2741,Sideways,,Bear,Sideways,Bull,Sideways,,0.3358,0.6775,0.1459,-0.0413,0.571,3.2096,0.216,0.0145,0.0003,0.0056,0.0814,0.0,-507.16,-59557539.24,0.819842,-33309857.31,,,,,,,,,,,,,,,,,,,,,,,,2026-06-27 21:25:27.550407+00:00,False,0.36,-0.36,382,0.0979843225084042,0.9893048504787136,0.0064938113831545,68.70074701932128,87.87878787879023,0.9111111111111294,1.0262126848774793,0.3650659926986765,0.3491483005673133,0.031290329561317,45.57035188473468,39.84962406015051,0.2819148936170225,0.5711972161804203,0.1406074240719812,0.0456006296806639,0.0252459808978401,33.07910851772331,12.10762331838545,0.1210762331838545,0.081353743709192,-2.374742621825654,0.6537229582262696,0.1407309597865392,50.781640188993855,71.85261003070627,0.7185261003070628,0.457243316938936,6.325746378953601,0.7019407914715888,0.1763613234633005,55.741329082136566,65.55183946488293,0.7057142857142854,0.6150736293300115,2026-06-27/2026-07-03,0.243912,0.091888,263.24250678333334,0.23050682293557223,58.44701961088289,0.13543375860087803,19.873219825585423,0.0032071840923669015,8
2026-06-27 22:31:14.380881+00:00,2026-06-27T22:31:14.362234+00:00,SOL,KXSOL15M-26JUN271845-45,2026-06-27T22:45:00Z,70.73,70.6287,0.1434,13.76,0.01,0.815,0.2493,0.5657,no,trade,-0.4464,1.0,1.0,1.0,0.261,1.0,0.0233,0.9767,-1,0.0,0.9767,0.003682,1.6493,1.0,39.37,31.45,0.1131,0.3828,0.611,-0.2346,1,-1.0,-1.2177,0.0439,1.3471,,0.6274,1.0,0.0143,-0.6865,-1.0,-1.0,0.43,0.0,33.25,-0.264059,0.0,-1.0,-0.0563,-0.0045455,-0.0010745,-0.00063,-0.3511,,,,-2.3486,0.0735,0.0,1.0,0.0627,71.23,14.0,1.0,0.6941,0.0555,111.0,2000.0,1.0,0.0,-111.0,70.99,0.3676,0.5115,Sideways,,Bear,Sideways,Bull,Bear,,0.3117,0.7507,-0.0547,-0.0362,0.5182,3.3164,0.209,-0.5898,0.0001,-0.0005,0.0095,0.0,1526.69,-59557539.24,0.819842,-33309857.31,,,,,,,,,,,,,,,,,,,,,,,,2026-06-27 22:31:14.380881+00:00,False,0.185,-0.185,383,0.2268216614686569,0.2030452454943827,0.0197221541047021,34.03978012021116,27.868852459016697,0.2786885245901669,0.2119509465301007,-0.155345290213249,0.099958925739552,0.0258758835013448,21.419686105920743,20.85889570552174,0.1717171717171731,-0.0207703185723153,-0.4633529907329348,-0.0540951638136591,0.0282549244012024,28.57297548517859,0.4347826086958725,0.0043478260869587,0.0093367084604057,-2.374742621825654,0.6537229582262696,0.1407309597865392,50.781640188993855,71.85261003070627,0.7185261003070628,0.457243316938936,6.325746378953601,0.7019407914715888,0.1763613234633005,55.741329082136566,65.55183946488293,0.7057142857142854,0.6150736293300115,2026-06-27/2026-07-03,0.422736,-0.11103600000000002,329.0230146833334,-0.01822731692731061,33.20814855875802,-0.11829032641359483,11.167159293548586,0.38946224877783814,1
2026-06-27 23:01:57.263713+00:00,2026-06-27T23:01:57.254405+00:00,SOL,KXSOL15M-26JUN271915-15,2026-06-27T23:15:00Z,70.95,70.9797,-0.0418,13.05,0.02,0.38,0.3225,0.0575,no,trade,0.1702,1.0,1.0,1.0,0.182,1.0,0.4167,1.0,1,0.0,0.5833,0.003226,1.0467,-1.0,97.44,59.84,-0.0141,0.0141,0.1127,0.1727,1,-1.0,-0.8498,0.3233,0.8855,,0.4936,1.0,1.0,0.1973,1.0,1.0,27.18,1.0,38.54,-0.262371,0.0,0.0,0.0996,-0.0037325,-0.0011062,-0.0004315,-0.2345,,,,-2.3486,0.0735,0.0,1.0,-0.0866,71.68,14.0,1.0,0.1514,0.0121,24.18,2000.0,0.0,1.0,14.82,70.7,-0.3524,-0.3941,Sideways,,Bear,Sideways,Bull,Bear,,0.4107,0.3225,-0.1059,-0.0357,0.5549,3.3368,0.2077,0.1673,0.0015,0.0029,0.2118,0.0,2280.17,-59557539.24,0.819842,-33309857.31,,,,,,,,,,,,,,,,,,,,,,,,2026-06-27 23:01:57.263713+00:00,True,0.62,0.38,383,0.1126601887058154,0.5796085885304636,0.0171631216819518,60.402358632161985,97.33333333333384,0.5983606557377087,0.9095915170252072,0.1408649105507864,0.3526211638850632,0.0226876842708926,44.84172847629667,59.83606557377087,0.4033149171270735,0.4959995591021195,0.2821272393849661,0.1014274820547463,0.0303850414945023,34.78474800507752,25.886524822695105,0.258865248226951,0.2086839262505929,-2.374742621825654,0.6537229582262696,0.1407309597865392,50.781640188993855,71.85261003070627,0.7185261003070628,0.457243316938936,6.325746378953601,0.7019407914715888,0.1763613234633005,55.741329082136566,65.55183946488293,0.7057142857142854,0.6150736293300115,2026-06-27/2026-07-03,0.260663,0.15003700000000003,359.73772855,0.09501930635407163,57.59341503322536,0.06089330562424333,33.308871100124264,0.12957222566646,2
2026-06-28 00:06:01.974927+00:00,2026-06-28T00:06:01.969612+00:00,SOL,KXSOL15M-26JUN272015-15,2026-06-28T00:15:00Z,70.4,70.4113,-0.016,8.97,0.01,0.595,0.3462,0.2488,no,trade,0.0663,0.6667,0.5556,1.0,3.582,1.0,1.0,0.0,-1,0.0,0.0,0.003487,0.2849,-2.0,0.0,12.6,0.0,-0.0426,-0.1276,-0.4542,-1,-1.0,-1.445,-0.5069,0.0662,,0.5864,1.0,0.1406,-0.7316,-1.0,-1.0,8.71,-1.0,35.83,-0.278982,0.0,-1.0,-0.0281,-0.0035059,-0.001475,-0.000807,-0.3833,,50.0,50.0,-0.7595,0.1969,-2.0,-1.0,0.0563,71.77,14.0,1.0,0.4181,0.0334,66.83,2000.0,1.0,0.0,-66.83,70.59,0.2699,0.2538,Sideways,,Bear,Sideways,Bull,Bear,,0.3416,0.3462,-0.1358,-0.0396,0.6047,3.221,0.2152,-0.8536,-0.0004,-0.0037,0.0243,0.0,934.42,-59557539.24,0.819842,-33309857.31,,,,,,,,,,,,,,,,,,,,,,,,2026-06-28 00:06:01.974927+00:00,False,0.405,-0.405,384,-0.0283446712018076,0.2536052914063441,0.0120465163265888,34.772746461350195,10.937500000001146,0.1093750000000114,0.2006476857025655,-0.0991080277502387,0.1478583339939121,0.0199616267473922,32.95265241071684,16.393442622951067,0.1226993865030695,0.1558788042862052,-0.7455338303558934,-0.0274434759947108,0.034674469798449,27.488454616778952,7.092198581560366,0.0709219858156036,0.0189583816165462,-0.7874015748031482,0.5815994004781678,0.1371637419765317,47.39458576881347,59.535452322738394,0.6612077789150462,0.3763304984407725,-1.918265221017512,0.5743712713800014,0.1714735209329268,50.09833512800946,54.013377926421434,0.598246895544193,0.5137205727602848,2026-06-27/2026-07-03,0.426284,-0.08468399999999998,423.8162487833333,-0.07418550737759988,25.9808995892747,-0.31439350729419724,15.025926748486448,0.045884714654430746,1
2026-06-28 00:21:14.146161+00:00,2026-06-28T00:21:14.131392+00:00,SOL,KXSOL15M-26JUN272030-30,2026-06-28T00:30:00Z,70.6075,70.5182,0.1266,8.77,0.02,0.83,0.788,0.042,no,trade,-0.5775,1.0,1.0,1.0,0.633,1.0,0.5882,0.7059,1,0.2941,0.1176,0.003615,0.6648,2.0,100.0,33.07,0.0,0.1132,0.369,-0.0491,1,-1.0,-1.445,-0.5069,1.2223,,0.5365,1.0,0.1406,-0.7316,-1.0,-1.0,8.71,-1.0,35.83,-0.278982,0.0,-1.0,-0.0281,-0.0035059,-0.001475,-0.000807,-0.3833,,50.0,50.0,-0.7595,0.1969,-2.0,-1.0,0.3048,71.76,14.0,1.0,0.0506,0.004,8.16,2000.0,1.0,0.0,-8.16,70.74,0.1877,0.3145,Sideways,,Bear,Sideways,Bull,Bear,,0.3874,0.788,-0.1358,-0.0396,0.6047,3.221,0.2152,-0.8536,-0.0004,-0.0037,0.0243,0.0,728.47,-59557539.24,0.819842,-33309857.31,,,,,,,,,,,,,,,,,,,,,,,,2026-06-28 00:21:14.146161+00:00,False,0.17,-0.17,384,0.1983283751239462,0.5114024737649743,0.0117809198434938,58.688887183142896,45.61403508771961,0.4062500000000076,0.8499589493874178,0.0425170068027336,0.1734397243037363,0.01742594603875,34.763612124931186,18.852459016393787,0.1493506493506513,0.2417390354759377,-0.7455338303558934,-0.0274434759947108,0.034674469798449,27.488454616778952,7.092198581560366,0.0709219858156036,0.0189583816165462,-0.7874015748031482,0.5815994004781678,0.1371637419765317,47.39458576881347,59.535452322738394,0.6612077789150462,0.3763304984407725,-1.918265221017512,0.5743712713800014,0.1714735209329268,50.09833512800946,54.013377926421434,0.598246895544193,0.5137205727602848,2026-06-27/2026-07-03,0.426284,-0.038883999999999974,439.01910268333336,0.15149609683089427,41.16606003940289,-0.31439350729419724,15.025926748486448,0.35020746887966797,2
2026-06-28 00:31:22.893855+00:00,2026-06-28T00:31:22.887313+00:00,SOL,KXSOL15M-26JUN272045-45,2026-06-28T00:45:00Z,70.5875,70.6735,-0.1217,13.62,0.01,0.285,0.2114,0.0736,no,trade,0.4567,1.0,1.0,1.0,0.049,1.0,1.0,1.0,1,0.0,0.0,0.003675,0.5769,0.0,100.0,33.86,0.0,0.1132,0.1274,-0.0233,1,-1.0,-1.445,-0.5069,1.208,,0.5237,1.0,0.1406,-0.7316,-1.0,-1.0,8.71,-1.0,35.83,-0.278982,0.0,-1.0,-0.0281,-0.0035059,-0.001475,-0.000807,-0.3833,,50.0,50.0,-0.7595,0.1969,-2.0,-1.0,-0.0099,71.76,14.0,1.0,0.2582,0.0207,41.47,2000.0,0.0,1.0,16.53,70.82,0.3294,0.2073,Sideways,,Bear,Sideways,Bull,Bear,,0.4087,0.2114,-0.1358,-0.0396,0.6047,3.221,0.2152,-0.8536,-0.0004,-0.0037,0.0243,0.0,695.34,-59557539.24,0.819842,-33309857.31,,,,,,,,,,,,,,,,,,,,,,,,2026-06-28 00:31:22.893855+00:00,True,0.7150000000000001,0.2849999999999999,384,0.0282805429864252,0.5491694606291047,0.0110748195167137,59.47826064839846,100.0,0.4218749999999934,0.7799027182471044,0.2124946876328026,0.3133098177953907,0.0175473433558489,43.56322129164456,31.147540983606213,0.3114754098360621,0.4621813119479429,-0.7455338303558934,-0.0274434759947108,0.034674469798449,27.488454616778952,7.092198581560366,0.0709219858156036,0.0189583816165462,-0.7874015748031482,0.5815994004781678,0.1371637419765317,47.39458576881347,59.535452322738394,0.6612077789150462,0.3763304984407725,-1.918265221017512,0.5743712713800014,0.1714735209329268,50.09833512800946,54.013377926421434,0.598246895544193,0.5137205727602848,2026-06-27/2026-07-03,0.426284,-0.01758399999999999,449.1648975833333,0.09268945788392102,50.47083180285227,-0.31439350729419724,15.025926748486448,0.331156462585034,3
2026-06-28 00:46:34.841619+00:00,2026-06-28T00:46:34.829331+00:00,SOL,KXSOL15M-26JUN272100-00,2026-06-28T01:00:00Z,70.62,70.6377,-0.0251,13.42,0.01,0.505,0.3225,0.1825,no,trade,0.0942,1.0,1.0,1.0,0.219,1.0,0.1,0.9,-1,0.0,0.9,0.003504,0.4035,0.0,74.29,33.07,0.1272,0.1274,-0.0141,0.1655,1,-1.0,-1.445,-0.5069,1.2223,,0.5264,1.0,0.1406,-0.7316,-1.0,-1.0,8.71,-1.0,35.83,-0.278982,0.0,-1.0,-0.0281,-0.0035059,-0.001475,-0.000807,-0.3833,,,,-0.7595,0.1969,0.0,1.0,0.1277,71.87,14.0,1.0,0.3614,0.0289,57.91,2000.0,1.0,0.0,-57.91,70.74,0.1699,0.1448,Sideways,,Bear,Sideways,Bull,Bear,,0.407,0.3225,-0.1358,-0.0396,0.6047,3.221,0.2152,-0.8536,-0.0004,-0.0037,0.0243,0.0,1510.57,-59557539.24,0.819842,-33309857.31,,,,,,,,,,,,,,,,,,,,,,,,2026-06-28 00:46:34.841619+00:00,False,0.495,-0.495,384,0.0,0.4910093832002383,0.0070850785687889,44.75013287936254,62.96296296296452,0.2698412698412745,0.3768217732491798,-0.1413627367825798,0.2576497119721271,0.0178839926708497,39.47313106537925,22.95081967213126,0.2295081967213126,0.3341840966606434,-0.7455338303558934,-0.0274434759947108,0.034674469798449,27.488454616778952,7.092198581560366,0.0709219858156036,0.0189583816165462,-0.7874015748031482,0.5815994004781678,0.1371637419765317,47.39458576881347,59.535452322738394,0.6612077789150462,0.3763304984407725,-1.918265221017512,0.5743712713800014,0.1714735209329268,50.09833512800946,54.013377926421434,0.598246895544193,0.5137205727602848,2026-06-27/2026-07-03,0.354686,0.05231399999999997,464.3640269833333,-0.024808399562459282,47.97809463385364,-0.31439350729419724,15.025926748486448,0.0716324200913242,4
2026-06-28 01:01:50.664731+00:00,2026-06-28T01:01:50.660214+00:00,SOL,KXSOL15M-26JUN272115-15,2026-06-28T01:15:00Z,70.5975,70.654,-0.08,13.16,0.03,0.385,0.3116,0.0734,no,trade,0.351,1.0,1.0,1.0,0.416,1.0,0.5,0.5,-1,0.0,0.5,0.003554,0.6364,0.0,77.14,53.75,0.0,0.0849,0.0141,0.1697,1,-1.0,-1.0821,-0.263,1.094,,0.4555,1.0,0.7714,0.3547,1.0,1.0,14.98,0.0,35.09,-0.267886,0.0,0.0,0.0999,-0.0027572,-0.0016678,-0.0006313,-0.2679,,,,-0.7595,0.1969,0.0,1.0,-0.053,71.97,17.0,1.0,0.1908,0.0153,30.75,2000.0,0.0,1.0,19.25,70.6,0.0035,-0.0764,Sideways,,Bear,Sideways,Bull,Bear,,0.4157,0.3116,-0.1679,-0.0416,0.7434,3.1833,0.2177,0.1686,0.001,0.0028,0.175,0.0,-425.14,-14561617.43,0.930045,-36104427.97,,,,,,,,,,,,,,,,,,,,,,,,2026-06-28 01:01:50.664731+00:00,True,0.615,0.385,384,0.0707313622860361,0.8319004305547357,0.004564238283938,57.77562399052586,77.14285714285725,0.7714285714285726,0.7032983505726803,0.1415628539071178,0.3516729773974081,0.0179172065363901,45.40093794510699,31.147540983606213,0.3114754098360621,0.4966967342161116,0.2551020408163129,0.1006547573236035,0.0374323799160427,32.91716729514317,13.475177304964342,0.1347517730496434,0.1723365101694576,-0.7874015748031482,0.5815994004781678,0.1371637419765317,47.39458576881347,59.535452322738394,0.6612077789150462,0.3763304984407725,-1.918265221017512,0.5743712713800014,0.1714735209329268,50.09833512800946,54.013377926421434,0.598246895544193,0.5137205727602848,2026-06-27/2026-07-03,0.341637,0.07406299999999999,479.62774551666666,0.017933627296340404,49.77961064547311,0.237429946589085,28.789795386293488,0.22509848058525606,5
2026-06-28 17:46:13.949707+00:00,2026-06-28T17:46:13.938614+00:00,SOL,KXSOL15M-26JUN281400-00,2026-06-28T18:00:00Z,71.2225,71.2333,-0.0152,13.77,0.01,0.525,0.3462,0.1788,no,trade,0.0303,1.0,1.0,1.0,1.505,1.0,0.025,0.9,1,0.1,0.875,0.004647,1.2069,-3.0,36.36,29.09,-0.0561,0.1264,0.0,-0.1008,1,1.0,0.0468,-0.2229,0.2002,,0.9773,1.0,0.413,-0.749,-1.0,-1.0,64.15,-1.0,60.52,0.113017,0.0,-1.0,0.6601,0.0002564,0.0008898,-0.0006585,-0.0076,,,,0.1947,0.7128,-2.0,-1.0,-0.1166,71.02,17.0,1.0,0.3405,0.0272,54.62,2000.0,1.0,0.0,-54.62,71.56,0.4739,0.4586,Bear,,Bear,Bull,Bull,Sideways,,0.4869,0.3462,-0.0132,-0.0936,0.6183,2.3498,0.295,-1.3119,-0.0022,-0.0031,0.4709,0.0,4312.36,-12607744.2,0.941648,-1364666.22,,,,,,,,,,,,,,,,,,,,,,,,2026-06-28 17:46:13.949707+00:00,False,0.475,-0.475,392,0.3658364992261242,0.3078629821506848,0.0144434302224858,43.12101754265295,37.5,0.3055555555555544,0.3550675654118232,-0.0980392156862852,0.0887822841505189,0.0125827880281343,37.61290050482529,27.966101694914947,0.2796610169491494,0.2670164057659175,-0.555864369093928,0.6633950001894916,0.0295625642827705,50.55402556954487,66.01941747572806,0.6601941747572806,0.4764366040359056,0.0417072153482411,0.6685199103860641,0.1231036525987067,57.59575227943136,64.88970588235273,0.8045035823950861,0.6383231995769697,-1.918265221017512,0.5743712713800014,0.1714735209329268,50.09833512800946,54.013377926421434,0.598246895544193,0.5137205727602848,2026-06-27/2026-07-03,0.675569,-0.18866899999999998,15.21582845,-0.1815472662532902,20.37336799196471,-0.2866033560220749,9.238484888478236,0.03270927480094685,1
2026-06-28 18:21:45.724286+00:00,2026-06-28T18:21:45.710411+00:00,SOL,KXSOL15M-26JUN281430-30,2026-06-28T18:30:00Z,71.2175,71.2888,-0.1,8.24,0.02,0.33,0.2753,0.0547,no,trade,0.3614,0.0,0.75,-1.0,0.155,1.0,0.4375,0.0,-1,0.5625,0.0,0.004807,0.9333,-2.0,47.14,30.0,0.0,-0.028,-0.3075,-0.0735,-1,1.0,0.079,-0.1975,0.2107,,0.6993,1.0,0.6705,-0.0279,-1.0,1.0,65.57,0.0,60.31,0.090622,0.0,0.0,0.6577,-0.0007433,0.0012313,-0.0002727,0.0062,,,,0.1947,0.7128,0.0,1.0,-0.0233,71.07,17.0,1.0,0.1659,0.0133,26.8,2000.0,0.0,1.0,13.2,71.24,0.0316,-0.0685,Bear,,Bear,Sideways,Bull,Sideways,,0.3939,0.2753,0.0016,-0.0955,0.8511,2.3489,0.2951,0.1456,-0.0001,0.0017,0.4902,0.0,9090.2,-12607744.2,0.941648,-1364666.22,,,,,,,,,,,,,,,,,,,,,,,,2026-06-28 18:21:45.724286+00:00,True,0.6699999999999999,0.33,392,-0.1819454163750955,0.25912258770752,0.0085101856479016,39.04727427486192,41.55844155844089,0.3636363636363577,0.1857257652225242,-0.1955580388322442,0.2305833975705465,0.012245299536498,44.285559479116735,40.909090909091375,0.38135593220339,0.400048197622135,0.0419228619340517,0.6608810597550571,0.0295735742141004,51.45272119726554,67.47572815533975,0.6747572815533975,0.4947472937671772,0.0417072153482411,0.6685199103860641,0.1231036525987067,57.59575227943136,64.88970588235273,0.8045035823950861,0.6383231995769697,-1.918265221017512,0.5743712713800014,0.1714735209329268,50.09833512800946,54.013377926421434,0.598246895544193,0.5137205727602848,2026-06-27/2026-07-03,0.603771,-0.20987099999999997,50.74540476666667,0.16954536370450413,41.838091415382635,-0.16828843491922818,20.074943231365204,0.2080299563137092,2
2026-06-28 18:31:54.806610+00:00,2026-06-28T18:31:54.792287+00:00,SOL,KXSOL15M-26JUN281445-45,2026-06-28T18:45:00Z,71.09,71.1082,-0.0256,13.09,0.01,0.555,0.3225,0.2325,no,trade,0.0809,0.3125,0.6875,-1.0,0.325,1.0,0.6957,0.2174,-1,0.087,0.2174,0.004722,0.6837,1.0,34.29,21.82,0.0281,-0.0421,-0.1542,-0.2065,-1,1.0,0.079,-0.1975,0.3774,,0.634,1.0,0.6705,-0.0279,-1.0,1.0,65.57,0.0,60.31,0.090622,0.0,0.0,0.6577,-0.0007433,0.0012313,-0.0002727,0.0062,,,,0.1947,0.7128,-2.0,-1.0,-0.0081,71.07,17.0,1.0,0.419,0.0335,67.19,2000.0,0.0,1.0,83.8,71.08,-0.0141,-0.0397,Bear,,Bear,Sideways,Bull,Sideways,,0.4062,0.3225,0.0016,-0.0955,0.8511,2.3489,0.2951,0.1456,-0.0001,0.0017,0.4902,0.0,9218.59,-12607744.2,0.941648,-1364666.22,,,,,,,,,,,,,,,,,,,,,,,,2026-06-28 18:31:54.806610+00:00,True,0.4449999999999999,0.555,392,-0.1261564339781418,0.1582310642736929,0.008680167550789,35.512930586427416,35.71428571428557,0.2840909090909105,0.1208981525063094,-0.2799160251924504,0.0676011707029989,0.0134083822805756,37.68154782947098,22.727272727272847,0.2118644067796598,0.2423829328353155,0.0419228619340517,0.6608810597550571,0.0295735742141004,51.45272119726554,67.47572815533975,0.6747572815533975,0.4947472937671772,0.0417072153482411,0.6685199103860641,0.1231036525987067,57.59575227943136,64.88970588235273,0.8045035823950861,0.6383231995769697,-1.918265221017512,0.5743712713800014,0.1714735209329268,50.09833512800946,54.013377926421434,0.598246895544193,0.5137205727602848,2026-06-27/2026-07-03,0.529567,-0.123367,60.896776833333334,-0.1019503746584105,37.08453462438057,-0.16828843491922818,20.074943231365204,0.054214315967810255,3
2026-06-28 18:47:06.934669+00:00,2026-06-28T18:47:06.922486+00:00,SOL,KXSOL15M-26JUN281500-00,2026-06-28T19:00:00Z,71.03,71.0422,-0.0172,12.89,0.02,0.61,0.3462,0.2638,no,trade,0.0602,0.5,0.0,0.0,0.0,1.0,0.8421,0.1579,-1,0.0,0.1579,0.004508,0.5924,1.0,13.85,12.73,0.0844,0.0844,-0.1404,-0.3078,-1,1.0,0.079,-0.1975,0.5159,,0.5757,1.0,0.6705,-0.0279,-1.0,1.0,65.57,0.0,60.31,0.090622,0.0,0.0,0.6577,-0.0007433,0.0012313,-0.0002727,0.0062,,,,0.1947,0.7128,-2.0,-1.0,-0.1273,71.13,17.0,1.0,0.4324,0.0346,69.03,2000.0,1.0,0.0,-69.03,71.13,0.1408,0.1236,Bear,,Bear,Sideways,Bull,Sideways,,0.4016,0.3462,0.0016,-0.0955,0.8511,2.3489,0.2951,0.1456,-0.0001,0.0017,0.4902,0.0,9907.27,-12607744.2,0.941648,-1364666.22,,,,,,,,,,,,,,,,,,,,,,,,2026-06-28 18:47:06.934669+00:00,False,0.39,-0.39,392,0.0,0.1060685424044226,0.0112001049663736,27.49783936675304,11.428571428571138,0.0909090909090894,-0.0577421133408778,-0.2385964912280713,-0.0186097068665058,0.0145251131111627,32.86839623549599,7.272727272727156,0.0677966101694897,0.1227739805871938,0.0419228619340517,0.6608810597550571,0.0295735742141004,51.45272119726554,67.47572815533975,0.6747572815533975,0.4947472937671772,0.0417072153482411,0.6685199103860641,0.1231036525987067,57.59575227943136,64.88970588235273,0.8045035823950861,0.6383231995769697,-1.918265221017512,0.5743712713800014,0.1714735209329268,50.09833512800946,54.013377926421434,0.598246895544193,0.5137205727602848,2026-06-27/2026-07-03,0.468084,-0.06648399999999999,76.09891115,-0.05719809809197063,32.97672361364458,-0.16828843491922818,20.074943231365204,0.038154392191659274,4
2026-06-28 19:22:38.852390+00:00,2026-06-28T19:22:38.838156+00:00,SOL,KXSOL15M-26JUN281530-30,2026-06-28T19:30:00Z,70.86,70.9543,-0.1329,7.36,0.01,0.255,0.2124,0.0426,no,trade,0.6912,0.0,1.0,-1.0,0.322,1.0,0.2692,0.7308,-1,0.0,0.7308,0.00436,0.8406,-2.0,11.32,4.88,-0.1127,-0.1127,-0.0704,-0.4263,-1,-1.0,-0.5101,-0.7964,0.7961,,0.5142,1.0,0.1364,-0.5453,-1.0,-1.0,43.87,0.0,53.85,0.041734,0.0,0.0,0.4421,-0.0018177,0.000765,-0.0004602,-0.1885,,,,0.1947,0.7128,-2.0,-1.0,-0.2003,71.32,17.0,1.0,0.1669,0.0134,26.82,2000.0,0.0,1.0,9.18,71.05,0.2681,0.1349,Sideways,,Bear,Sideways,Bull,Sideways,,0.3813,0.2124,-0.0328,-0.0972,0.6332,2.3232,0.2984,-1.19,-0.0018,-0.0014,0.298,0.0,7878.66,-12607744.2,0.941648,-1364666.22,,,,,,,,,,,,,,,,,,,,,,,,2026-06-28 19:22:38.852390+00:00,True,0.745,0.255,392,-0.0562983814215267,0.2281323030677068,0.0121069262241874,37.78833442282708,20.289855072463915,0.1686746987951817,0.2591241975226103,-0.1124701251230098,0.0760263902864982,0.0163187574033891,33.124645574798805,14.634146341462936,0.1374045801526658,0.1845890438149362,-0.6425478418773722,0.4415642409863109,0.0295408690618552,39.409083975433255,45.14563106796076,0.4514563106796075,0.2992864467355777,0.0417072153482411,0.6685199103860641,0.1231036525987067,57.59575227943136,64.88970588235273,0.8045035823950861,0.6383231995769697,-1.918265221017512,0.5743712713800014,0.1714735209329268,50.09833512800946,54.013377926421434,0.598246895544193,0.5137205727602848,2026-06-27/2026-07-03,0.393916,-0.012616000000000016,111.63087316666666,-0.12861579868481687,25.745150994352134,0.0023995434490942102,20.198409614836276,0.30481651376146784,5
2026-06-28 19:37:53.499951+00:00,2026-06-28T19:37:53.486876+00:00,SOL,KXSOL15M-26JUN281545-45,2026-06-28T19:45:00Z,70.8625,70.9165,-0.0761,7.11,0.02,0.49,0.3462,0.1438,no,trade,0.3359,1.0,1.0,1.0,1.067,1.0,0.5333,0.4667,-1,0.0,0.4667,0.004186,0.5048,-3.0,27.5,10.19,0.0,-0.4069,0.0705,-0.2508,1,-1.0,-0.5101,-0.7964,0.7251,,0.6165,1.0,0.1364,-0.5453,-1.0,-1.0,43.87,0.0,53.85,0.041734,0.0,0.0,0.4421,-0.0018177,0.000765,-0.0004602,-0.1885,,,,0.1947,0.7128,0.0,1.0,-0.0316,71.3,17.0,1.0,0.2934,0.0235,46.92,2000.0,0.0,1.0,45.08,70.69,-0.2434,-0.3194,Sideways,,Bear,Sideways,Bull,Sideways,,0.3702,0.3462,-0.0328,-0.0972,0.6332,2.3232,0.2984,-1.19,-0.0018,-0.0014,0.298,0.0,8463.09,-12607744.2,0.941648,-1364666.22,,,,,,,,,,,,,,,,,,,,,,,,2026-06-28 19:37:53.499951+00:00,True,0.51,0.49,392,0.3802816901408379,0.5915200992690145,0.0120482794101319,61.51392512378049,86.95652173912977,0.4819277108433642,0.9810723919482854,-0.0703729767769112,0.0910470017943609,0.0172186372969384,31.48967863370102,10.56910569105663,0.1056910569105663,0.1687528290015042,-0.6425478418773722,0.4415642409863109,0.0295408690618552,39.409083975433255,45.14563106796076,0.4514563106796075,0.2992864467355777,0.0417072153482411,0.6685199103860641,0.1231036525987067,57.59575227943136,64.88970588235273,0.8045035823950861,0.6383231995769697,-1.918265221017512,0.5743712713800014,0.1714735209329268,50.09833512800946,54.013377926421434,0.598246895544193,0.5137205727602848,2026-06-27/2026-07-03,0.418281,-0.04808100000000004,126.87499918333333,-0.0003696270714725891,26.949076933635414,0.0023995434490942102,20.198409614836276,0.18179646440516006,6
2026-06-28 21:19:27.327391+00:00,2026-06-28T21:19:27.313427+00:00,SOL,KXSOL15M-26JUN281730-30,2026-06-28T21:30:00Z,70.665,70.6815,-0.0233,10.55,0.01,0.505,0.3407,0.1643,no,trade,0.0807,0.6154,0.3846,-1.0,0.098,1.0,0.3462,0.6154,-1,0.0385,0.6154,0.004047,0.9077,-2.0,21.67,33.81,0.0,-0.0424,-0.0847,-0.3961,-1,-1.0,-0.6497,-0.9147,0.8143,,0.6456,1.0,0.3636,0.2262,1.0,1.0,29.35,0.0,54.53,-0.047154,0.0,0.0,0.3233,-0.0018468,-0.0012135,-0.0001876,-0.2048,,,,-1.9695,0.2067,-2.0,-1.0,-0.1254,71.79,17.0,1.0,0.3253,0.026,51.98,2000.0,1.0,0.0,-51.98,70.82,0.2193,0.1959,Bear,,Bear,Sideways,Bull,Sideways,,0.3499,0.3407,-0.0597,-0.0422,0.5609,3.1586,0.2194,0.7207,0.0022,0.0029,0.3102,0.0,32329.42,-56079867.55,0.821979,-55294517.89,,,,,,,,,,,,,,,,,,,,,,,,2026-06-28 21:19:27.327391+00:00,False,0.495,-0.495,393,-0.3385526872619504,0.2438550337795463,0.0108282513777386,35.08847911676179,0.0,0.3541666666666725,0.0133330812650081,-0.352609308885754,0.0787524802442953,0.0170633063205623,34.618316454604624,24.460431654676498,0.2073170731707337,0.1642544408267643,0.3112620260328214,0.3205499173131636,0.0286968299362948,38.382066758213526,30.256410256410387,0.3398058252427194,0.30792458884355,-1.778765981100594,0.5067302055800296,0.1188696217371429,46.032925780897486,41.36029411764708,0.673490276356193,0.3640166409014044,-1.918265221017512,0.5743712713800014,0.1714735209329268,50.09833512800946,54.013377926421434,0.598246895544193,0.5137205727602848,2026-06-27/2026-07-03,0.34717,0.00273000000000001,228.43878985,0.09208110850094098,91.72914813402741,0.28002647095022315,30.121787059826033,0.057573511242895975,1
2026-06-28 22:50:42.010161+00:00,2026-06-28T22:50:41.997145+00:00,SOL,KXSOL15M-26JUN281900-00,2026-06-28T23:00:00Z,70.2975,70.4353,-0.1956,9.3,0.02,0.32,0.2753,0.0447,no,trade,0.4882,0.2105,0.4737,-1.0,1.717,1.0,0.6341,0.0976,-1,0.2683,0.0976,0.005617,1.0361,-3.0,14.05,14.05,0.0284,-0.1276,-0.2407,-0.5191,-1,-1.0,-1.2731,-1.5855,1.1601,,0.9535,1.0,0.1143,-0.6636,-1.0,-1.0,3.92,0.0,42.76,-0.093576,0.0,-1.0,0.1008,-0.0039559,-0.0014093,-0.0003127,-0.3916,,,,-1.9695,0.2067,-2.0,-1.0,-0.0219,72.07,17.0,1.0,0.1398,0.0112,22.44,2000.0,0.0,1.0,10.56,70.18,-0.1671,-0.3625,Sideways,,Bear,Sideways,Bull,Sideways,,0.4418,0.2753,-0.0881,-0.0654,0.9125,2.7078,0.256,-1.4647,-0.0012,-0.0026,0.1274,0.0,29038.24,-56079867.55,0.821979,-55294517.89,,,,,,,,,,,,,,,,,,,,,,,,2026-06-28 22:50:42.010161+00:00,True,0.6799999999999999,0.32,394,-0.1275871845761278,0.2360896750289133,0.0162804425042851,40.247502873990705,14.049586776859718,0.1404958677685971,0.192361306468293,-0.367231638418064,0.1555569075197844,0.016715961534708,41.30038084390818,21.487603305785655,0.1830985915492991,0.3037669732853569,-0.761636107193242,0.0947572877727407,0.030533321332734,29.579630702508094,4.0404040404039465,0.0776699029126196,0.1220368878632783,-1.778765981100594,0.5067302055800296,0.1188696217371429,46.032925780897486,41.36029411764708,0.673490276356193,0.3640166409014044,-1.918265221017512,0.5743712713800014,0.1714735209329268,50.09833512800946,54.013377926421434,0.598246895544193,0.5137205727602848,2026-06-27/2026-07-03,0.290435,0.15136500000000003,319.6835026833333,-0.5395753394609293,0.0,-0.39327284796036865,11.438744056010933,0.34822859177496884,1
2026-06-29 11:51:59.539023+00:00,2026-06-29T11:51:59.534870+00:00,SOL,KXSOL15M-26JUN290800-00,2026-06-29T12:00:00Z,72.32,72.344,-0.0332,8.01,0.01,0.395,0.3225,0.0725,no,trade,0.1235,1.0,1.0,1.0,0.038,1.0,0.2817,0.0141,-1,0.7042,0.0141,0.004888,2.004,1.0,5.32,4.1,0.0,0.0552,-0.1928,-0.7975,-1,1.0,1.5947,1.9752,999.0,,0.6881,1.0,0.3857,0.3701,1.0,5.0,88.92,0.0,69.53,0.17957,0.0,0.0,0.9142,0.0035428,0.0034982,0.0010196,0.3382,,,,0.0964,0.8122,-2.0,-1.0,-0.0627,70.53,13.0,1.0,0.1836,0.0147,29.64,2000.0,1.0,0.0,-29.64,72.4,0.1106,0.0774,Sideways,,Bear,Bull,Bull,Bull,,0.4144,0.3225,-0.1248,-0.0738,0.7109,2.604,0.2662,0.5855,0.0005,0.0003,0.8,0.0,8890.69,816851.88,1.002327,23912574.26,,,,,,,,,,,,,,,,,,,,,,,,2026-06-29 11:51:59.539023+00:00,False,0.605,-0.605,404,0.0552181115405892,0.1616741553105257,0.0212756073125543,34.47254102721183,4.301075268817845,0.0330578512396743,0.0942194483034949,-0.2753303964757703,0.2696499516833677,0.0188254439283626,35.96449819131189,0.8196721311467963,0.2243589743589704,0.1582508811150347,0.3838771593090317,0.9161225339171564,0.0478003328600925,71.45267497279221,88.71391076115468,0.8871391076115468,0.8049567814125796,-0.0275065328015355,0.7376289456321441,0.0725538578840817,61.31059179060062,83.09037900874637,0.8504435994930283,0.6816852464512901,1.2471655328798017,0.6310999438113001,0.167883687502285,53.56333431896616,61.371237458193974,0.6625273922571218,0.5700220406900067,2026-06-27/2026-07-03,0.723313,-0.308913,10.158983716666667,-0.20742686177860348,16.877974490767752,0.0886858062572271,81.87751620853888,0.06792144026186579,1
2026-06-29 12:02:08.065247+00:00,2026-06-29T12:02:08.052826+00:00,SOL,KXSOL15M-26JUN290815-15,2026-06-29T12:15:00Z,72.2475,72.3985,-0.2086,12.87,0.01,0.335,0.2743,0.0607,no,trade,0.5252,0.875,0.875,1.0,0.206,1.0,0.32,0.88,1,0.12,0.56,0.004741,0.7292,-1.0,13.51,10.07,-0.1243,-0.1381,-0.2345,-0.8737,-1,1.0,0.566,1.0042,999.0,,0.8033,1.0,0.2268,-1.0236,-1.0,-1.0,70.88,-1.0,67.7,0.128208,0.0,-1.0,0.7003,0.0005986,0.0012504,0.000352,0.0521,,50.0,50.0,-0.2339,0.163,-2.0,-0.7941,-0.0584,70.66,13.0,1.0,0.1811,0.0145,29.26,2000.0,1.0,0.0,-29.26,73.94,2.3426,2.1292,Sideways,,Bear,Bull,Sideways,Sideways,,0.4108,0.2743,-0.1501,-0.0833,0.3898,2.4579,0.282,-1.6033,-0.0035,-0.0043,0.5184,0.0,5095.62,816851.88,1.002327,23912574.26,,,,,,,,,,,,,,,,,,,,,,,,2026-06-29 12:02:08.065247+00:00,False,0.665,-0.665,404,0.2904162633107443,0.2559743103376488,0.0211372555477073,42.164085734781615,21.35922330097074,0.1629629629629611,0.3522880594961221,0.1104362230811784,0.3207727560254947,0.0185187413051086,39.76909867157184,16.29629629629611,0.2756410256410205,0.2700605401242714,-0.9560229445506718,0.7005264104600729,0.0486050125347344,54.37433129533721,70.34120734908113,0.7034120734908113,0.5188401605990854,-0.2338698583023823,0.693589739233322,0.0620654735477616,59.33314792278339,70.34120734908113,0.770408163265305,0.6250250781830671,1.2471655328798017,0.6310999438113001,0.167883687502285,53.56333431896616,61.371237458193974,0.6625273922571218,0.5700220406900067,2026-06-27/2026-07-03,0.696262,-0.28546200000000005,20.30108745,0.031569563533251355,20.475918522749733,-0.34942030075537645,66.6996740222475,0.4399915629614005,2
2026-06-29 14:03:48.944248+00:00,2026-06-29T14:03:48.940782+00:00,SOL,KXSOL15M-26JUN291015-15,2026-06-29T14:15:00Z,73.4625,73.5107,-0.0656,11.19,0.02,0.42,0.3462,0.0738,no,trade,0.0805,0.9683,0.8095,1.0,2.222,1.0,0.7813,0.9792,1,0.0208,0.1979,0.009427,1.3841,-1.0,52.6,60.26,0.1631,0.068,0.7118,-0.1069,1,1.0,1.8137,2.3264,999.0,,1.7651,1.0,0.6104,0.0951,1.0,2.0,80.58,1.0,69.15,0.173477,0.0,0.0,0.9099,0.0022998,0.0024439,0.0011347,0.3355,,,,-0.2339,0.163,-2.0,-1.0,0.4726,70.26,13.0,1.0,0.1756,0.014,27.84,2000.0,0.0,1.0,20.16,72.65,-1.106,-1.1708,Sideways,,Bear,Bull,Bull,Bull,,0.3828,0.3462,-0.2675,-0.142,0.8423,1.9538,0.3548,0.371,0.0011,-0.0021,0.7531,0.0,-28937.75,-16005525.99,0.950974,8127754.05,,,,,,,,,,,,,,,,,,,,,,,,2026-06-29 14:03:48.944248+00:00,True,0.5800000000000001,0.4199999999999999,405,0.7794338848625904,0.5382881199352415,0.0198603371123448,54.82026699348275,61.038961038961205,0.5402298850574715,0.6395562784322651,0.8898015058179443,0.7456227301980778,0.0271654378042199,56.2423356584875,63.63636363636381,0.6363636363636381,0.6224235383103818,0.2721088435374108,0.9099181593120628,0.0568194700346314,69.12075252373032,80.39215686274515,0.8283261802575113,0.7592215675383882,-0.2338698583023823,0.693589739233322,0.0620654735477616,59.33314792278339,70.34120734908113,0.770408163265305,0.6250250781830671,1.2471655328798017,0.6310999438113001,0.167883687502285,53.56333431896616,61.371237458193974,0.6625273922571218,0.5700220406900067,2026-06-27/2026-07-03,0.557678,-0.17487800000000003,55.78240413333333,0.1304175076041858,11.741509165837703,-0.7540350252395411,30.84721418073293,0.06958735546833564,1
2026-06-29 14:19:00.958938+00:00,2026-06-29T14:19:00.945567+00:00,SOL,KXSOL15M-26JUN291030-30,2026-06-29T14:30:00Z,72.365,72.4612,-0.1328,10.99,0.02,0.54,0.3225,0.2175,no,trade,0.1516,0.0154,0.7231,-1.0,0.82,1.0,0.8613,0.0073,-1,0.1314,0.0073,0.010688,1.7677,-2.0,8.21,14.96,-0.1378,-0.1927,-1.4408,-1.4301,-1,1.0,1.8137,2.3264,0.2058,,1.9163,1.0,0.6104,0.0951,1.0,2.0,80.58,1.0,69.15,0.173477,0.0,0.0,0.9099,0.0022998,0.0024439,0.0011347,0.3355,,,,-0.2339,0.163,-2.0,-1.0,0.2383,70.43,13.0,1.0,0.4028,0.0322,64.4,2000.0,1.0,0.0,-64.4,73.28,1.2644,1.13,Sideways,,Bear,Bull,Bull,Bull,,0.3874,0.3225,-0.2675,-0.142,0.8423,1.9538,0.3548,0.371,0.0011,-0.0021,0.7531,0.0,-37689.38,-16005525.99,0.950974,8127754.05,,,,,,,,,,,,,,,,,,,,,,,,2026-06-29 14:19:00.958938+00:00,False,0.4599999999999999,-0.4599999999999999,405,-0.8062312107133152,-0.0567364076733095,0.0232153865893094,32.302530658888145,0.0,0.0,-0.0009881715145922,-1.5061058344640443,0.2000606901599203,0.027805981719866,40.49760359011909,13.18181818181845,0.1318181818181845,0.2102086898416542,0.2721088435374108,0.9099181593120628,0.0568194700346314,69.12075252373032,80.39215686274515,0.8283261802575113,0.7592215675383882,-0.2338698583023823,0.693589739233322,0.0620654735477616,59.33314792278339,70.34120734908113,0.770408163265305,0.6250250781830671,1.2471655328798017,0.6310999438113001,0.167883687502285,53.56333431896616,61.371237458193974,0.6625273922571218,0.5700220406900067,2026-06-27/2026-07-03,0.482766,-0.09536599999999995,70.98264896666666,-0.6963116549044024,0.9749303621168511,-0.7540350252395411,30.84721418073293,0.12425149700598803,2
2026-06-29 14:49:31.296698+00:00,2026-06-29T14:49:31.292814+00:00,SOL,KXSOL15M-26JUN291100-00,2026-06-29T15:00:00Z,72.845,72.9772,-0.1812,10.48,0.02,0.42,0.3462,0.0738,no,trade,0.2118,0.0,0.9667,-1.0,0.276,1.0,0.0938,0.2344,-1,0.6719,0.2344,0.011348,0.7731,-2.0,38.71,33.76,0.0274,-0.2188,-0.6266,-0.686,-1,1.0,1.8137,2.3264,999.0,,1.9172,1.0,0.6104,0.0951,1.0,2.0,80.58,1.0,69.15,0.173477,0.0,0.0,0.9099,0.0022998,0.0024439,0.0011347,0.3355,,,,-0.2339,0.163,-2.0,-1.0,-0.2795,70.5,13.0,1.0,0.1756,0.014,27.84,2000.0,1.0,0.0,-27.84,73.6,1.0364,0.8534,Sideways,,Bear,Bull,Bull,Bull,,0.402,0.3462,-0.2675,-0.142,0.8423,1.9538,0.3548,0.371,0.0011,-0.0021,0.7531,0.0,-34701.12,-16005525.99,0.950974,8127754.05,,,,,,,,,,,,,,,,,,,,,,,,2026-06-29 14:49:31.296698+00:00,False,0.5800000000000001,-0.5800000000000001,405,-0.3000136369834982,0.3370556732683329,0.0264950188870072,45.994592426748,41.61490683229826,0.3602150537634419,0.4181818871635239,-0.2455996725337805,0.439637398146909,0.0272600781337252,48.13798044886328,36.81818181818187,0.3681818181818187,0.4390316976143694,0.2721088435374108,0.9099181593120628,0.0568194700346314,69.12075252373032,80.39215686274515,0.8283261802575113,0.7592215675383882,-0.2338698583023823,0.693589739233322,0.0620654735477616,59.33314792278339,70.34120734908113,0.770408163265305,0.6250250781830671,1.2471655328798017,0.6310999438113001,0.167883687502285,53.56333431896616,61.371237458193974,0.6625273922571218,0.5700220406900067,2026-06-27/2026-07-03,0.328074,0.07392600000000005,101.4882783,-0.17805126894935297,19.25984039906082,-0.7540350252395411,30.84721418073293,0.15967571378216425,3
2026-06-29 16:20:48.898490+00:00,2026-06-29T16:20:48.884036+00:00,SOL,KXSOL15M-26JUN291230-30,2026-06-29T16:30:00Z,73.3125,73.448,-0.1845,9.19,0.01,0.365,0.3225,0.0425,no,trade,0.3144,0.1818,0.6364,-1.0,0.04,1.0,0.48,0.04,-1,0.48,0.04,0.010583,0.6428,-3.0,25.83,56.37,-0.0407,-0.2714,-0.7293,-0.4393,-1,1.0,1.6985,2.3049,999.0,,1.4049,1.0,0.6812,0.2851,1.0,4.0,83.85,0.0,70.02,0.173582,0.0,1.0,0.8652,0.0021342,0.0013303,0.0010451,0.3163,,50.0,50.0,1.8613,0.735,-2.0,-1.0,-0.166,69.52,13.0,1.0,0.1165,0.0093,18.41,2000.0,0.0,1.0,10.58,73.15,-0.2217,-0.4057,Sideways,,Bear,Bull,Bull,Bull,,0.3174,0.3225,-0.2472,-0.1437,0.8283,1.9404,0.3572,0.3168,-0.0003,0.0003,0.6932,0.0,-44994.54,-16005525.99,0.950974,8127754.05,,,,,,,,,,,,,,,,,,,,,,,,2026-06-29 16:20:48.898490+00:00,True,0.635,0.365,406,0.1087547580206571,0.5031645436184418,0.0214572779549269,46.15875333905438,50.65789473684198,0.5065789473684198,0.3586246572506434,-0.3926878808395262,0.5811463026291981,0.0287983348351974,51.32554985352011,57.43589743589759,0.5727272727272743,0.5000988044602707,0.4625221058359274,0.8659794217907754,0.0585782959985324,68.80026646016583,83.07291666666653,0.8605150214592261,0.7013221066843447,1.833976833976836,0.9272479709755608,0.0663237753865075,68.53406414398229,86.05150214592261,0.8929159802306414,0.8075963970813715,1.2471655328798017,0.6310999438113001,0.167883687502285,53.56333431896616,61.371237458193974,0.6625273922571218,0.5700220406900067,2026-06-27/2026-07-03,0.3757,-0.05829999999999996,192.7816415,-0.2689912477698897,54.382078954396285,0.8186450968461267,52.428962722130734,0.17433619956534063,1
2026-06-30 15:32:09.920103+00:00,2026-06-30T15:32:09.905528+00:00,SOL,KXSOL15M-26JUN301145-45,2026-06-30T15:45:00Z,73.0875,73.1387,-0.07,12.84,0.01,0.575,0.3654,0.2096,no,trade,0.0963,0.0,1.0,-1.0,0.043,1.0,0.3611,0.8056,1,0.1944,0.4444,0.007247,1.3567,-1.0,50.4,67.2,0.0,-0.2044,0.5078,0.0616,1,-1.0,-0.9938,-0.5127,0.5359,,1.471,1.0,0.1712,0.1236,1.0,2.0,33.45,0.0,33.33,-0.278088,0.0,0.0,0.1708,-0.0015694,-0.0019649,-0.0004433,-0.184,,,,-0.9579,0.0886,0.0,0.9513,-0.1358,71.24,14.0,1.0,0.3645,0.0292,58.23,2000.0,1.0,0.0,-58.23,73.68,0.8107,0.7401,Bear,,Bear,Bull,Sideways,Bear,,0.5276,0.3654,-0.1023,-0.1284,0.9478,2.0572,0.3369,0.0658,0.0022,-0.0011,0.3002,0.0,-111213.11,-30514272.14,0.878283,-39968139.42,,,,,,,,,,,,,,,,,,,,,,,,2026-06-30 15:32:09.920103+00:00,False,0.425,-0.425,420,-0.1770875902465496,0.5634685095629415,0.018189217967749,55.62983792217456,54.400000000000546,0.6013986013986041,0.6793513859740148,0.3285870755750153,0.5940631226513049,0.0294592681692321,55.08413603919474,69.84126984127022,0.6984126984127021,0.6047976929690919,0.274612110394079,0.1948049094937429,0.0519484316044019,39.96767566512152,36.896551724138114,0.2541567695962008,0.3360463211461545,-1.1049723756905938,0.6375550087964864,0.0835634399084465,51.66652215442881,56.082148499210085,0.5608214849921008,0.4579866743031206,5.06718924972005,0.9001121794323906,0.1651905469818176,65.05952277093989,90.8036454018227,0.9195652173913044,0.7815434800879106,2026-06-27/2026-07-03,0.752144,-0.22454400000000008,20.332001716666664,-0.11970636009336344,16.014241724403853,-0.2361896776931105,14.91018744721507,0.09659169311439217,1
2026-06-30 16:18:28.172738+00:00,2026-06-30T16:18:28.158318+00:00,SOL,KXSOL15M-26JUN301230-30,2026-06-30T16:30:00Z,72.8975,72.9333,-0.0491,11.53,0.01,0.485,0.3462,0.1388,no,trade,0.072,0.0,1.0,-1.0,0.065,1.0,0.3387,0.0,-1,0.6613,0.0,0.007983,1.0637,1.0,23.02,49.53,0.1096,-0.2459,-0.2323,-0.0074,-1,-1.0,-0.633,-0.2733,0.8229,,1.4566,1.0,0.3716,0.2604,1.0,3.0,41.03,0.0,36.46,-0.230494,0.0,0.0,0.2462,-0.0014067,-0.0012326,-0.0004138,-0.0962,,50.0,50.0,-0.3406,0.5613,-2.0,-1.0,0.3474,71.35,14.0,1.0,0.2861,0.0229,45.84,2000.0,0.0,1.0,43.17,72.8,-0.1337,-0.1828,Bear,,Bear,Bull,Sideways,Bear,,0.3956,0.3462,-0.1094,-0.1151,0.9219,2.1705,0.3193,0.382,0.0019,-0.0004,0.4253,0.0,-107679.53,-47981376.05,0.935142,-83145395.44,,,,,,,,,,,,,,,,,,,,,,,,2026-06-30 16:18:28.172738+00:00,True,0.515,0.485,421,-0.5996184246388592,0.2824066035921875,0.0149781842661117,41.02571290743184,23.7762237762239,0.237762237762239,0.1855831507485449,-0.3415767181308871,0.4696608128672462,0.0261886487845338,43.71340132793755,47.342995169082144,0.4734299516908214,0.392168904489787,0.2190880460084754,0.2544297559399015,0.0482168791481987,43.3556316130536,42.41379310344833,0.3037037037037038,0.4330398447449288,-0.272516691647362,0.5967490737709498,0.0837826432128975,49.78838489440389,52.9225908372827,0.529225908372827,0.4322564487587571,5.06718924972005,0.9001121794323906,0.1651905469818176,65.05952277093989,90.8036454018227,0.9195652173913044,0.7815434800879106,2026-06-27/2026-07-03,0.547749,-0.15214900000000003,66.6362123,0.08474801299571677,20.774634334103013,-0.2903845973177055,9.162129278404175,0.061505699611674805,1
2026-06-30 17:55:07.195944+00:00,2026-06-30T17:55:07.191922+00:00,SOL,KXSOL15M-26JUN301400-00,2026-06-30T18:00:00Z,73.2625,73.2682,-0.0078,4.88,0.01,0.475,0.3407,0.1343,no,trade,0.0345,1.0,1.0,1.0,0.015,1.0,0.1667,0.0,-1,0.8333,0.0,0.007214,0.3401,1.0,14.75,52.03,0.0,0.0682,-0.0545,0.2762,-1,-1.0,-0.0638,0.3689,0.0247,,0.7394,1.0,0.8778,0.5605,1.0,4.0,55.17,0.0,38.56,-0.170237,0.0,0.0,0.3789,-0.0005203,-0.0005308,-0.0002597,0.0385,,,,-0.3406,0.5613,-2.0,-1.0,0.0255,70.83,14.0,1.0,0.2827,0.0226,45.15,2000.0,0.0,1.0,40.85,73.16,-0.1399,-0.1477,Bear,,Bear,Bull,Bull,Bear,,0.2386,0.3407,-0.0725,-0.11,0.841,2.2017,0.3148,0.7145,0.002,0.0001,0.5694,0.0,-256197.73,-47981376.05,0.935142,-83145395.44,,,,,,,,,,,,,,,,,,,,,,,,2026-06-30 17:55:07.195944+00:00,True,0.525,0.475,422,0.1500886887706443,0.5535896707549761,0.0150115001722237,50.098803974654075,38.750000000000426,0.5625000000000063,0.4851440100272638,-0.0953288846520572,0.6618757522366445,0.0257909948454205,54.77536653020015,53.146853146853246,0.6763285024154593,0.5648574127775311,0.505533542833736,0.3767173175524006,0.0455052020944182,50.76535962740844,55.17241379310364,0.4177545691906014,0.565668918890744,-0.272516691647362,0.5967490737709498,0.0837826432128975,49.78838489440389,52.9225908372827,0.529225908372827,0.4322564487587571,5.06718924972005,0.9001121794323906,0.1651905469818176,65.05952277093989,90.8036454018227,0.9195652173913044,0.7815434800879106,2026-06-27/2026-07-03,0.368591,-0.129991,163.28659906666664,-0.03789191506731182,19.321635351272658,0.17972334836022785,15.048891008824283,0.010812309398392015,1
2026-06-30 19:46:28.975431+00:00,2026-06-30T19:46:28.958339+00:00,SOL,KXSOL15M-26JUN301600-00,2026-06-30T20:00:00Z,73.6075,73.6875,-0.1086,13.52,0.02,0.32,0.2743,0.0457,no,trade,0.3306,0.75,0.5,1.0,0.06,1.0,0.6154,0.6154,1,0.3846,0.0,0.004645,1.1375,3.0,84.44,87.93,0.0136,0.0,0.2172,0.6003,1,1.0,0.0358,0.4836,999.0,,0.6478,1.0,0.8767,0.5191,1.0,1.0,71.49,0.0,45.63,-0.099782,0.0,1.0,0.4371,0.0034554,-0.0006542,-0.0011228,0.056,,,,-0.3406,0.5613,0.0,1.0,0.2681,70.85,14.0,1.0,0.1427,0.0114,23.12,2000.0,0.0,1.0,10.88,73.72,0.1528,0.0441,Bear,,Sideways,Bull,Sideways,Bear,,0.4445,0.2743,-0.0579,-0.1595,0.8404,1.8388,0.377,0.7318,0.0008,0.0029,0.5822,0.0,-93624.73,-47981376.05,0.935142,-83145395.44,,,,,,,,,,,,,,,,,,,,,,,,2026-06-30 19:46:28.975431+00:00,True,0.6799999999999999,0.32,423,-0.0135538086202258,0.8567883927542839,0.0101811181907597,64.9193507249406,81.99999999999932,0.8199999999999932,0.8130986943996893,0.3127549632852666,0.980634596533152,0.0131978845889893,67.05277469601518,84.74576271186392,0.8181818181818155,0.7808371756765057,0.532786885245895,0.4340386513226892,0.0380165746204466,51.97347821703352,71.49122807017582,0.4752186588921301,0.5778883463218852,-0.272516691647362,0.5967490737709498,0.0837826432128975,49.78838489440389,52.9225908372827,0.529225908372827,0.4322564487587571,5.06718924972005,0.9001121794323906,0.1651905469818176,65.05952277093989,90.8036454018227,0.9195652173913044,0.7815434800879106,2026-06-27/2026-07-03,0.371377,0.073123,274.64959051666665,0.18865444061759717,90.78696610739556,0.4492982849285676,31.547058665304096,0.23379978471474705,1
2026-06-30 20:01:40.634025+00:00,2026-06-30T20:01:40.629101+00:00,SOL,KXSOL15M-26JUN301615-15,2026-06-30T20:15:00Z,73.5775,73.6142,-0.0499,13.33,0.01,0.485,0.3225,0.1625,no,trade,0.156,0.75,0.75,1.0,0.066,1.0,0.2857,0.7143,-1,0.0,0.7143,0.004584,0.6216,-2.0,58.33,75.0,-0.0407,0.1359,0.0407,0.438,1,1.0,0.2337,0.7615,999.0,,0.635,1.0,0.6667,0.2583,1.0,2.0,78.51,0.0,45.42,-0.056799,0.0,0.0,0.5186,0.0020007,-0.0005182,-0.0012412,0.0994,,50.0,50.0,0.8202,0.8305,0.0,1.0,-0.0152,70.79,14.0,1.0,0.3351,0.0268,53.56,2000.0,1.0,0.0,-53.56,73.85,0.3704,0.3203,Bear,,Sideways,Bull,Sideways,Sideways,,0.3999,0.3225,-0.0467,-0.1505,1.0,1.8949,0.3658,0.1846,0.0003,-0.0005,0.6245,0.0,67785.99,-47981376.05,0.935142,-83145395.44,,,,,,,,,,,,,,,,,,,,,,,,2026-06-30 20:01:40.634025+00:00,False,0.515,-0.515,423,0.2038043478260975,0.7769475904757305,0.0102370773441866,60.14223019862015,66.66666666666666,0.7999999999999972,0.7192376654268278,-0.0271112918530547,0.9055181016841776,0.0137520117759262,65.79517725513884,82.75862068965488,0.8041958041958044,0.7274344890164893,0.2174208452235371,0.5160040880498381,0.0343321203229239,54.92913865600062,78.50877192982479,0.5507692307692327,0.6218381717216084,0.7651318486131986,0.6719297932789041,0.0841670558132375,55.07561675753665,61.76935229067927,0.6176935229067927,0.5443843375242251,5.06718924972005,0.9001121794323906,0.1651905469818176,65.05952277093989,90.8036454018227,0.9195652173913044,0.7815434800879106,2026-06-27/2026-07-03,0.383627,0.016272999999999982,289.84390041666666,0.08160653396882545,92.86407766990254,0.22111345468724952,40.271538854668336,0.1088568935427574,2
2026-06-30 20:16:51.910909+00:00,2026-06-30T20:16:51.895954+00:00,SOL,KXSOL15M-26JUN301630-30,2026-06-30T20:30:00Z,73.6525,73.7317,-0.1074,13.14,0.01,0.335,0.2753,0.0597,no,trade,0.3436,0.7143,0.1429,1.0,0.182,1.0,0.4231,0.6923,1,0.3077,0.2692,0.004381,0.8035,0.0,83.33,90.0,0.0,0.0678,0.2035,0.7173,1,1.0,0.2337,0.7615,999.0,,0.6256,1.0,0.6667,0.2583,1.0,2.0,78.51,0.0,45.42,-0.056799,0.0,0.0,0.5186,0.0020007,-0.0005182,-0.0012412,0.0994,,50.0,50.0,0.8202,0.8305,0.0,1.0,0.151,70.74,14.0,1.0,0.1784,0.0143,28.6,2000.0,0.0,1.0,14.41,73.66,0.0102,-0.0972,Bear,,Sideways,Bull,Sideways,Sideways,,0.3926,0.2753,-0.0467,-0.1505,1.0,1.8949,0.3658,0.1846,0.0003,-0.0005,0.6245,0.0,67936.94,-47981376.05,0.935142,-83145395.44,,,,,,,,,,,,,,,,,,,,,,,,2026-06-30 20:16:51.910909+00:00,True,0.665,0.3349999999999999,423,0.0948766603415363,0.8108561176078698,0.0108174082089912,65.36971983733488,83.33333333333215,0.8999999999999915,0.8002262230445337,0.1355932203389809,0.9404357042053708,0.0144957433842645,69.1231719714207,89.99999999999915,0.8656716417910401,0.7746526932382354,0.2174208452235371,0.5160040880498381,0.0343321203229239,54.92913865600062,78.50877192982479,0.5507692307692327,0.6218381717216084,0.7651318486131986,0.6719297932789041,0.0841670558132375,55.07561675753665,61.76935229067927,0.6176935229067927,0.5443843375242251,5.06718924972005,0.9001121794323906,0.1651905469818176,65.05952277093989,90.8036454018227,0.9195652173913044,0.7815434800879106,2026-06-27/2026-07-03,0.394965,-0.002365000000000006,305.0318484833333,0.09886830313490247,99.35552381998534,0.22111345468724952,40.271538854668336,0.2451495092444647,3
2026-06-30 20:37:05.203377+00:00,2026-06-30T20:37:05.198508+00:00,SOL,KXSOL15M-26JUN301645-45,2026-06-30T20:45:00Z,73.5025,73.5797,-0.1049,7.92,0.01,0.275,0.2124,0.0626,no,trade,0.5078,0.0,1.0,-1.0,0.078,1.0,0.9048,0.0952,-1,0.0,0.0952,0.004036,0.7067,-2.0,17.95,68.0,0.0,-0.0407,-0.0272,-0.0247,-1,1.0,0.2337,0.7615,999.0,,0.5327,1.0,0.6667,0.2583,1.0,2.0,78.51,0.0,45.42,-0.056799,0.0,0.0,0.5186,0.0020007,-0.0005182,-0.0012412,0.0994,,50.0,50.0,0.8202,0.8305,-2.0,-1.0,-0.2251,70.76,14.0,1.0,0.2275,0.0182,36.25,2000.0,0.0,1.0,13.75,73.66,0.2143,0.1091,Bear,,Sideways,Bull,Sideways,Sideways,,0.3978,0.2124,-0.0467,-0.1505,1.0,1.8949,0.3658,0.1846,0.0003,-0.0005,0.6245,0.0,66617.42,-47981376.05,0.935142,-83145395.44,,,,,,,,,,,,,,,,,,,,,,,,2026-06-30 20:37:05.203377+00:00,True,0.725,0.275,423,-0.0543035568829619,0.4107744632277529,0.0063902318407619,43.79576733680678,45.000000000001066,0.4500000000000106,0.2829516601019177,-0.2572782667569329,0.7386809703905489,0.0148122334782063,56.96895609741774,70.99999999999937,0.706349206349204,0.5715480465205167,0.2174208452235371,0.5160040880498381,0.0343321203229239,54.92913865600062,78.50877192982479,0.5507692307692327,0.6218381717216084,0.7651318486131986,0.6719297932789041,0.0841670558132375,55.07561675753665,61.76935229067927,0.6176935229067927,0.5443843375242251,5.06718924972005,0.9001121794323906,0.1651905469818176,65.05952277093989,90.8036454018227,0.9195652173913044,0.7815434800879106,2026-06-27/2026-07-03,0.397402,0.00039800000000000946,325.2533896166667,-0.22304091286233785,75.31766084440937,0.22111345468724952,40.271538854668336,0.25991080277502476,4
2026-06-30 21:02:27.187275+00:00,2026-06-30T21:02:27.174276+00:00,SOL,KXSOL15M-26JUN301715-15,2026-06-30T21:15:00Z,73.58,73.6053,-0.0344,12.55,0.01,0.575,0.3225,0.2525,no,trade,0.1175,1.0,1.0,1.0,0.246,1.0,0.375,0.4375,1,0.5625,0.0625,0.003827,1.1342,0.0,41.18,78.0,0.0,0.0407,0.0271,0.0664,1,1.0,0.1846,0.6626,999.0,,0.5989,1.0,0.4118,-0.0136,-1.0,-1.0,77.63,0.0,45.6,-0.02263,0.0,0.0,0.5251,0.0018183,0.0001244,-0.0009332,0.0812,,,,0.8202,0.8305,0.0,1.0,-0.0373,70.75,14.0,1.0,0.4392,0.0351,70.13,2000.0,0.0,1.0,94.88,73.26,-0.4349,-0.4691,Bear,,Sideways,Bull,Sideways,Sideways,,0.4525,0.3225,-0.0475,-0.1451,1.0,1.9471,0.356,-0.1561,-0.0006,-0.0011,0.603,0.0,58718.41,-6293551.3,0.977298,-73091616.41,,,,,,,,,,,,,,,,,,,,,,,,2026-06-30 21:02:27.187275+00:00,True,0.425,0.575,423,0.1902432395705977,0.5631523356457123,0.0059082798406438,52.09057957141363,41.17647058823505,0.6333333333333404,0.551517923401109,0.0678610206297447,0.7537131888738311,0.0153215883598313,60.24128157645068,78.00000000000011,0.8135593220339004,0.6137064526224797,-0.0271186440677917,0.5225304695674051,0.0331338805181624,54.409420184149795,77.63157894736882,0.6103448275862092,0.6002426087389248,0.7651318486131986,0.6719297932789041,0.0841670558132375,55.07561675753665,61.76935229067927,0.6176935229067927,0.5443843375242251,5.06718924972005,0.9001121794323906,0.1651905469818176,65.05952277093989,90.8036454018227,0.9195652173913044,0.7815434800879106,2026-06-27/2026-07-03,0.398761,0.05373900000000004,350.61978791666667,0.13402429546078842,80.75359771503852,-0.0739046517757691,39.09163212015873,0.0898876404494382,5
2026-06-30 21:48:00.935109+00:00,2026-06-30T21:48:00.923625+00:00,SOL,KXSOL15M-26JUN301800-00,2026-06-30T22:00:00Z,73.2675,73.29,-0.0307,11.99,0.02,0.44,0.3225,0.1175,no,trade,0.1187,0.0,1.0,-1.0,0.35,1.0,0.5385,0.5385,1,0.4615,0.0,0.003823,0.4631,0.0,25.76,47.0,0.0,-0.0681,0.0545,-0.1791,1,1.0,0.1846,0.6626,0.2372,,0.5417,1.0,0.4118,-0.0136,-1.0,-1.0,77.63,0.0,45.6,-0.02263,0.0,0.0,0.5251,0.0018183,0.0001244,-0.0009332,0.0812,,,,0.8202,0.8305,-2.0,-1.0,-0.0429,70.8,14.0,1.0,0.2671,0.0214,42.56,2000.0,1.0,0.0,-42.56,73.51,0.331,0.3002,Bear,,Sideways,Bull,Sideways,Sideways,,0.4391,0.3225,-0.0475,-0.1451,1.0,1.9471,0.356,-0.1561,-0.0006,-0.0011,0.603,0.0,55482.32,-6293551.3,0.977298,-73091616.41,,,,,,,,,,,,,,,,,,,,,,,,2026-06-30 21:48:00.935109+00:00,False,0.56,-0.56,424,0.013622122326673,0.2899059895408716,0.0108664731365406,44.66496693076065,25.757575757576152,0.2575757575757615,0.4156906651231527,0.2047222601337495,0.4002103178878,0.0107030004024071,46.439699792325534,46.999999999999886,0.4699999999999988,0.4113053657509704,-0.0271186440677917,0.5225304695674051,0.0331338805181624,54.409420184149795,77.63157894736882,0.6103448275862092,0.6002426087389248,0.7651318486131986,0.6719297932789041,0.0841670558132375,55.07561675753665,61.76935229067927,0.6176935229067927,0.5443843375242251,5.06718924972005,0.9001121794323906,0.1651905469818176,65.05952277093989,90.8036454018227,0.9195652173913044,0.7815434800879106,2026-06-27/2026-07-03,0.446068,-0.00696800000000003,396.1822518166666,0.10086482883708836,48.79539106145164,-0.0739046517757691,39.09163212015873,0.0803034266283024,1
2026-07-01 08:18:55.128091+00:00,2026-07-01T08:18:55.123360+00:00,SOL,KXSOL15M-26JUL010430-30,2026-07-01T08:30:00Z,74.7125,74.8335,-0.1617,11.08,0.01,0.265,0.2032,0.0618,no,trade,0.768,0.2143,0.5,-1.0,5.535,1.0,0.1212,0.4242,1,0.5758,0.303,0.004562,0.9665,-2.0,75.0,48.02,0.0,-0.0267,-0.0401,0.3626,-1,1.0,0.8572,1.3408,999.0,,0.4588,1.0,0.963,0.7264,1.0,1.0,73.8,1.0,66.67,0.143588,0.0,0.0,0.7789,0.002128,0.0012672,0.0003745,0.142,,50.0,50.0,-0.8081,0.4862,0.0,1.0,0.251,68.81,10.0,1.0,0.2333,0.0187,37.48,2000.0,0.0,1.0,13.51,74.74,0.0368,-0.1249,Sideways,,Bear,Bull,Bull,Bull,,0.5193,0.2032,-0.0425,-0.0391,0.6913,3.2252,0.2149,1.2308,0.0014,0.0082,0.6262,0.0,-19271.87,58733115.46,1.138147,31403503.12,,,,,,,,,,,,,,,,,,,,,,,,2026-07-01 08:18:55.128091+00:00,True,0.735,0.265,430,-0.1600213361781399,0.7889068365289761,0.0149040874914802,60.76571613579351,84.61538461538474,0.8541666666666673,0.6955751234013492,-0.0133547008546841,0.4318339187399522,0.0233775567228848,54.14694112492395,46.59090909090938,0.4659090909090937,0.6008084805317688,0.753498385360607,0.7768722630178908,0.0497791256892481,58.44755506939334,73.80281690140824,0.7584415584415573,0.6229127743752209,-0.8211920529801353,0.7735642842399688,0.0853775475795318,60.82821081827411,77.56521739130424,0.7962085308056862,0.6584877817496277,-1.9317879030109288,0.774657300323378,0.1376733602698135,58.38143021297315,78.7903893951947,0.8029253271747496,0.6442473965799277,2026-06-27/2026-07-03,0.568957,-0.04965700000000006,10.152134850000001,-0.061582045820918196,19.043862767753676,0.029386911723316977,57.86184570823553,0.3544498027181061,1
2026-07-01 11:06:14.609169+00:00,2026-07-01T11:06:14.594259+00:00,SOL,KXSOL15M-26JUL010715-15,2026-07-01T11:15:00Z,74.83,74.9392,-0.1457,8.76,0.05,0.345,0.2743,0.0707,no,trade,0.6903,0.3714,0.5143,-1.0,0.597,1.0,0.5455,0.1818,-1,0.2727,0.1818,0.004521,0.6498,-5.0,22.89,39.62,0.0802,0.2544,-0.399,-0.6324,-1,1.0,0.6587,1.1981,999.0,,0.5175,1.0,0.0714,-0.5304,-1.0,-2.0,77.46,-1.0,61.47,0.124068,0.0,-1.0,0.7168,-0.0012397,0.0018422,0.0006833,0.0799,,,,-0.8081,0.4862,-2.0,-0.9977,0.0804,67.19,10.0,1.0,0.2049,0.0164,32.75,2000.0,1.0,0.0,-32.75,75.16,0.441,0.2946,Sideways,,Bear,Bull,Bull,Bull,,0.5317,0.2743,0.0144,0.0021,0.7871,5.9093,0.1173,-0.9477,-0.002,-0.0031,0.5551,0.0,16441.12,1105806.8,1.002995,35057408.07,,,,,,,,,,,,,,,,,,,,,,,,2026-07-01 11:06:14.609169+00:00,False,0.655,-0.655,432,-0.2399680042661112,-0.1001532772995951,0.0091678243597363,24.598053758250884,15.662650602409125,0.1566265060240912,-0.116495301946169,-0.0666133759658849,0.566135354392267,0.0194775146747309,46.51799917563156,50.94339622641557,0.6486486486486522,0.3780636054587686,-0.6226815050344392,0.7146416332426249,0.0468951217066322,55.62029606772341,77.46478873239442,0.7746478873239443,0.550709850992124,-0.8211920529801353,0.7735642842399688,0.0853775475795318,60.82821081827411,77.56521739130424,0.7962085308056862,0.6584877817496277,-1.9317879030109288,0.774657300323378,0.1376733602698135,58.38143021297315,78.7903893951947,0.8029253271747496,0.6442473965799277,2026-06-27/2026-07-03,0.662645,-0.1309450000000001,10.14348615,0.015501123703565156,28.32170248048083,-0.483971980766007,51.72266913312815,0.32227383322273834,1
2026-07-01 15:19:45.312626+00:00,2026-07-01T15:19:45.298145+00:00,SOL,KXSOL15M-26JUL011130-30,2026-07-01T15:30:00Z,76.845,76.9553,-0.1433,10.25,0.02,0.35,0.2753,0.0747,no,trade,0.2144,0.0,1.0,-1.0,0.05,1.0,0.2545,0.2545,1,0.7455,0.0,0.0069,1.0363,-1.0,61.76,83.33,0.0,-0.1428,-0.013,0.3708,-1,1.0,2.6629,3.3362,999.0,,1.5148,1.0,0.7687,1.3043,1.0,2.0,93.16,0.0,71.06,0.168651,0.0,0.0,1.0718,0.0031289,0.0023299,0.0022032,0.4823,,,,-0.0535,0.3019,0.0,1.0,0.1829,65.78,10.0,1.0,0.2136,0.0171,34.45,2000.0,1.0,0.0,-34.45,77.6,0.9825,0.8378,Bull,,Bear,Bull,Bull,Bull,,0.3894,0.2753,0.1258,0.1298,0.2299,2.0128,0.3444,1.6305,0.0043,-0.0011,1.0509,1.0,63764.06,7542525.84,1.0228,61282245.81,,,,,,,,,,,,,,,,,,,,,,,,2026-07-01 15:19:45.312626+00:00,False,0.65,-0.65,433,-0.0518672199170233,0.7625814660579091,0.0305296871358005,68.2836233389763,76.47058823529417,0.8325581395348833,0.7812551876172587,0.2080083203328087,0.9703315106328188,0.0460768963456115,86.72883095465599,88.27361563517914,0.8827361563517915,1.0422656916323727,1.3038324772816967,1.077035426440375,0.0515863029068198,74.57782147932312,93.76257545271623,0.9376257545271623,1.0665734764408312,-0.1201923076922906,0.7371440026645316,0.0815833946741388,59.775086863309355,72.83464566929142,0.7819905213270149,0.6207446122657196,-1.9317879030109288,0.774657300323378,0.1376733602698135,58.38143021297315,78.7903893951947,0.8029253271747496,0.6442473965799277,2026-06-27/2026-07-03,0.689727,-0.30032699999999996,30.4218771,0.656828793627251,91.08576668481525,0.15466921683839896,75.97615813695879,0.2076811594202899,1
2026-07-01 18:01:25.999245+00:00,2026-07-01T18:01:25.994595+00:00,SOL,KXSOL15M-26JUL011415-15,2026-07-01T18:15:00Z,77.6725,77.6913,-0.0242,13.57,0.01,0.525,0.3225,0.2025,no,trade,0.0668,0.5,0.0,0.0,29.177,1.0,1.0,0.0,-1,0.0,0.0,0.005952,0.0864,0.0,82.83,75.88,0.0,0.0,-0.0514,0.0653,1,1.0,2.9121,3.732,999.0,,0.7133,1.0,0.8283,0.7906,1.0,1.0,90.19,1.0,65.61,0.302784,0.0,1.0,0.9947,0.0065119,0.0027782,0.0025461,0.5123,,,,3.2822,0.9088,1.0,1.0,0.1429,64.14,10.0,1.0,0.3858,0.0309,61.75,2000.0,0.0,1.0,68.25,77.68,0.0097,-0.0145,Bull,,Bear,Bull,Bull,Bull,,0.494,0.3225,0.0349,0.1066,0.3034,2.226,0.3114,1.1236,-0.0003,0.0032,1.0052,1.0,-40526.29,108182961.8,1.147475,122288018.74,,,,,,,,,,,,,,,,,,,,,,,,2026-07-01 18:01:25.999245+00:00,True,0.475,0.525,434,0.0,0.7189077758297437,0.0149390375841622,62.11353714238796,82.82828282828257,0.666666666666659,0.7408563813428342,-0.0514072741293003,0.7408281551613344,0.0453394549367754,68.44748735342216,77.09497206703858,0.8831908831908802,0.7634771286382315,0.8297679242836864,0.9941467294973568,0.0673393871551311,76.47643032252257,90.07263922518136,0.9307432432432414,1.0085310475490192,3.5031421313009625,1.065766649775024,0.0892397521841857,74.65001873983114,94.61805555555551,0.960659898477157,0.9789204429129624,-1.9317879030109288,0.774657300323378,0.1376733602698135,58.38143021297315,78.7903893951947,0.8029253271747496,0.6442473965799277,2026-06-27/2026-07-03,0.487099,0.0069009999999999905,5.0833207499999995,0.05557650272678405,69.5493570138916,0.4963640987458273,84.8725728433029,0.04065860215053764,1
2026-07-01 22:34:43.718269+00:00,2026-07-01T22:34:43.707019+00:00,SOL,KXSOL15M-26JUL011845-45,2026-07-01T22:45:00Z,78.1525,78.2597,-0.137,10.27,0.01,0.275,0.234,0.041,no,trade,0.3362,0.0,0.8475,-1.0,1.186,1.0,0.0508,0.0,-1,0.9492,0.0,0.005001,1.5073,-3.0,47.37,73.09,0.0,-0.0128,-0.1276,-0.2474,-1,1.0,2.9361,4.1096,999.0,,0.922,1.0,0.8644,1.3168,1.0,2.0,96.3,0.0,73.44,0.222989,0.0,0.0,0.9839,0.002288,0.0032811,0.00276,0.4806,,,,-0.6974,0.0227,0.0,-0.0968,-0.0509,64.33,10.0,1.0,0.1492,0.0119,23.93,2000.0,0.0,1.0,9.08,77.98,-0.2207,-0.3574,Bull,,Sideways,Bull,Bull,Bull,,0.5228,0.234,0.1864,0.1308,0.3557,2.0075,0.3453,1.7811,0.0038,0.0038,1.0132,1.0,38210.13,-22657465.85,0.944867,96335054.9,,,,,,,,,,,,,,,,,,,,,,,,2026-07-01 22:34:43.718269+00:00,True,0.725,0.275,435,-0.1780264496439532,0.7737153760329247,0.0184999790505288,65.73828728988363,67.54385964912242,0.764331210191081,0.7831068210385704,0.2170305119366888,0.9305105433847992,0.0261983260396498,74.28636627248093,83.40807174887875,0.8340807174887875,0.961404782150884,1.342975206611574,0.9849692966424838,0.0659419110685387,73.7110842029479,97.62470308788612,0.9790356394129992,1.019251991069038,-0.6717478361968676,0.9251517558235032,0.0939249921234435,68.78969208971594,79.26045016077164,0.8453237410071935,0.8257816073473947,-1.9317879030109288,0.774657300323378,0.1376733602698135,58.38143021297315,78.7903893951947,0.8029253271747496,0.6442473965799277,2026-06-27/2026-07-03,0.669869,-0.147069,10.178637816666667,-0.4588530826709847,45.95511790763515,1.1602816852678055,99.20217117998024,0.27394521095780844,1
2026-07-02 16:04:48.398768+00:00,2026-07-02T16:04:48.378089+00:00,SOL,KXSOL15M-26JUL021215-15,2026-07-02T16:15:00Z,80.75,80.7963,-0.0573,10.2,0.02,0.57,0.3462,0.2238,no,trade,0.1267,0.5,0.0,0.0,0.0,1.0,1.0,0.0,-1,0.0,0.0,0.006837,0.2171,1.0,93.67,40.22,0.0,0.2853,0.1362,0.4173,1,1.0,1.6786,4.3198,0.5282,,1.0272,1.0,0.7391,0.0869,1.0,1.0,58.61,0.0,64.37,0.093033,0.0,0.0,0.728,0.0020591,0.0019978,0.0016981,0.1179,,50.0,50.0,-2.1005,0.2179,1.0,1.0,0.0536,62.53,18.0,1.0,0.3926,0.0314,62.78,2000.0,1.0,0.0,-62.78,80.86,0.1362,0.0788,Bull,,Sideways,Bull,Bull,Bull,,0.4745,0.3462,0.2513,0.23,0.4363,1.4711,0.4712,0.1429,-0.0009,0.0074,0.5981,0.0,25757.89,326875164.54,1.384108,332716828.06,,,,,,,,,,,,,,,,,,,,,,,,2026-07-02 16:04:48.398768+00:00,False,0.43,-0.43,440,0.0,0.5819990754127958,0.0089302640905517,48.09871225197621,69.86301369862987,0.5483870967741882,0.4819617704053563,-0.148606811145513,0.2607676080647335,0.0374543223433185,44.29525926575308,26.020408163264925,0.1961538461538431,0.3862790868278888,0.3235037949483432,0.7321943660595696,0.0834700099289185,59.020298553523126,58.61386138613853,0.6562499999999993,0.607632494808575,-2.207398423286855,0.9579201594051155,0.1384469508221726,68.13795634702927,80.57620817843863,0.8057620817843864,0.8854993747007803,5.17592718380655,1.0631556435487328,0.1481941440451378,68.25478708796854,90.1828029790115,0.901828029790115,0.8394110918536255,2026-06-27/2026-07-03,0.553936,-0.079436,55.80664613333333,-0.2316130132974603,36.8429594465742,-0.1350154063525788,71.19860859268029,0.08380868802106187,1
2026-07-02 17:31:06.790718+00:00,2026-07-02T17:31:06.774001+00:00,SOL,KXSOL15M-26JUL021345-45,2026-07-02T17:45:00Z,80.9625,81.1053,-0.1761,13.89,0.01,0.345,0.234,0.111,no,trade,0.4351,0.75,0.625,1.0,0.991,1.0,0.7931,0.7931,1,0.2069,0.0,0.005434,0.658,-1.0,89.47,75.38,-0.0493,0.0123,0.0864,0.1764,1,1.0,1.4442,3.9915,0.2268,,0.7878,1.0,0.3765,-0.3956,-1.0,-1.0,57.43,0.0,62.32,0.031082,0.0,-1.0,0.6976,-0.0030337,0.0023816,0.0018181,0.0925,,,,-2.1005,0.2179,1.0,1.0,-0.1616,63.22,18.0,1.0,0.3218,0.0257,51.75,2000.0,0.0,1.0,27.26,80.9,-0.0772,-0.2531,Bull,,Sideways,Bull,Bull,Bull,,0.0947,0.234,0.2371,0.2393,0.5202,1.4369,0.4824,-0.3144,0.0001,0.0017,0.5671,0.0,21567.28,-52472014.21,0.939324,204134516.1,,,,,,,,,,,,,,,,,,,,,,,,2026-07-02 17:31:06.790718+00:00,True,0.655,0.345,441,-0.0369594677836704,0.8678692479113909,0.0137379194970952,69.55361301261034,96.7391304347825,0.9673913043478248,0.985918799283949,0.2347127856701547,0.6498816385718121,0.0213650945730229,58.808050611180875,73.38129496402847,0.5204081632653057,0.7746198790169397,-0.074413989830091,0.7014874590238921,0.0824431150312619,58.20326728849539,57.425742574257285,0.6260869565217382,0.5750072675726234,-2.207398423286855,0.9579201594051155,0.1384469508221726,68.13795634702927,80.57620817843863,0.8057620817843864,0.8854993747007803,5.17592718380655,1.0631556435487328,0.1481941440451378,68.25478708796854,90.1828029790115,0.901828029790115,0.8394110918536255,2026-06-27/2026-07-03,0.301952,-0.207252,142.11317863333335,0.14728527344725073,68.87244986418577,0.1163595521529448,73.52346171403863,0.32407066617592933,1
2026-07-02 17:46:21.038583+00:00,2026-07-02T17:46:21.031600+00:00,SOL,KXSOL15M-26JUL021400-00,2026-07-02T18:00:00Z,80.7825,80.8462,-0.0788,13.65,0.01,0.445,0.3462,0.0988,no,trade,0.2031,0.6429,0.6429,1.0,0.038,1.0,0.5366,0.4634,-1,0.0,0.4634,0.005509,0.9199,1.0,68.42,72.22,0.0247,0.1362,-0.2466,-0.0629,-1,1.0,1.4442,3.9915,0.4935,,0.7616,1.0,0.3765,-0.3956,-1.0,-1.0,57.43,0.0,62.32,0.031082,0.0,-1.0,0.6976,-0.0030337,0.0023816,0.0018181,0.0925,,,,-2.1005,0.2179,-1.0,-1.0,-0.1915,63.22,18.0,1.0,0.2219,0.0178,35.52,2000.0,0.0,1.0,28.48,80.66,-0.1516,-0.2303,Bull,,Sideways,Bull,Bull,Bull,,0.079,0.3462,0.2371,0.2393,0.5202,1.4369,0.4824,-0.3144,0.0001,0.0017,0.5671,0.0,18609.23,-52472014.21,0.939324,204134516.1,,,,,,,,,,,,,,,,,,,,,,,,2026-07-02 17:46:21.038583+00:00,True,0.5549999999999999,0.445,441,0.1733960862026373,0.6092646410272653,0.0139394388481442,52.15084605020629,68.4782608695646,0.684782608695646,0.5094983340155129,-0.3204338180921917,0.5091170891917253,0.0210241084973652,51.86228659050547,58.46153846153789,0.4153005464480828,0.5582966346667002,-0.074413989830091,0.7014874590238921,0.0824431150312619,58.20326728849539,57.425742574257285,0.6260869565217382,0.5750072675726234,-2.207398423286855,0.9579201594051155,0.1384469508221726,68.13795634702927,80.57620817843863,0.8057620817843864,0.8854993747007803,5.17592718380655,1.0631556435487328,0.1481941440451378,68.25478708796854,90.1828029790115,0.901828029790115,0.8394110918536255,2026-06-27/2026-07-03,0.218447,-0.139447,157.35064305,-0.15760589024541583,62.18404463152781,0.1163595521529448,73.52346171403863,0.14303866400435652,2
2026-07-02 18:16:51.698297+00:00,2026-07-02T18:16:51.692782+00:00,SOL,KXSOL15M-26JUL021430-30,2026-07-02T18:30:00Z,80.89,81.0435,-0.1894,13.14,0.01,0.275,0.227,0.048,no,trade,0.5024,0.8889,0.8889,1.0,0.138,1.0,0.9362,0.9787,1,0.0213,0.0426,0.005021,1.1564,-1.0,56.9,76.85,0.0,-0.1111,0.3595,0.1563,1,1.0,1.3654,3.9663,0.446,,0.7547,1.0,0.1343,0.1118,1.0,1.0,58.42,1.0,61.42,-0.024089,0.0,0.0,0.6872,-0.0037409,0.0026571,0.0014996,0.0914,,,,-2.1005,0.2179,1.0,1.0,-0.0415,63.1,18.0,1.0,0.1744,0.014,27.55,2000.0,0.0,1.0,10.45,80.94,0.0618,-0.1277,Bull,,Sideways,Bull,Bull,Bull,,0.1793,0.227,0.2302,0.2515,0.6355,1.3823,0.5014,-0.1683,0.0008,0.0011,0.5713,0.0,-18252.16,-52472014.21,0.939324,204134516.1,,,,,,,,,,,,,,,,,,,,,,,,2026-07-02 18:16:51.698297+00:00,True,0.725,0.275,441,0.4582043343653197,0.8299074571534962,0.0133798816019864,65.77616318045742,91.66666666666728,0.9456521739130468,1.037779740606926,0.6201935003721237,0.7013461550160045,0.0191451011466169,57.06231049088052,95.2380952380955,0.5464480874316945,0.7253468846912877,0.0620578379049385,0.6908163744758701,0.0831721899030989,58.75295173562736,58.4158415841585,0.6347826086956532,0.5786302308939584,-2.207398423286855,0.9579201594051155,0.1384469508221726,68.13795634702927,80.57620817843863,0.8057620817843864,0.8854993747007803,5.17592718380655,1.0631556435487328,0.1481941440451378,68.25478708796854,90.1828029790115,0.901828029790115,0.8394110918536255,2026-06-27/2026-07-03,0.088629,0.09067099999999999,187.86163828333335,0.2711406165724739,86.27053127688863,0.028208525073702972,74.35909757093776,0.3772156940848437,3
2026-07-02 18:47:15.112220+00:00,2026-07-02T18:47:15.100121+00:00,SOL,KXSOL15M-26JUL021500-00,2026-07-02T19:00:00Z,80.9975,81.0203,-0.0281,12.75,0.02,0.52,0.3407,0.1793,no,trade,0.1035,1.0,1.0,1.0,0.027,1.0,1.0,1.0,1,0.0,0.0,0.00431,0.3149,0.0,84.31,84.21,0.0,0.1359,0.1359,0.256,1,1.0,1.3654,3.9663,0.4843,,0.5523,1.0,0.1343,0.1118,1.0,1.0,58.42,1.0,61.42,-0.024089,0.0,0.0,0.6872,-0.0037409,0.0026571,0.0014996,0.0914,,,,-2.1005,0.2179,1.0,1.0,0.2286,63.18,18.0,1.0,0.3447,0.0276,55.2,2000.0,0.0,1.0,59.8,81.02,0.0278,-0.0004,Bull,,Sideways,Bull,Bull,Bull,,0.2142,0.3407,0.2302,0.2515,0.6355,1.3823,0.5014,-0.1683,0.0008,0.0011,0.5713,0.0,-19156.65,-52472014.21,0.939324,204134516.1,,,,,,,,,,,,,,,,,,,,,,,,2026-07-02 18:47:15.112220+00:00,True,0.48,0.52,441,0.1359031381270137,0.7202626448328986,0.0076589778610276,62.66395041833421,85.99999999999852,0.7999999999999953,0.8792851462379079,0.1359031381270137,0.7015209168491212,0.0164934780375218,55.034506331603666,86.95652173912997,0.5081967213114719,0.6503183843281429,0.0620578379049385,0.6908163744758701,0.0831721899030989,58.75295173562736,58.4158415841585,0.6347826086956532,0.5786302308939584,-2.207398423286855,0.9579201594051155,0.1384469508221726,68.13795634702927,80.57620817843863,0.8057620817843864,0.8854993747007803,5.17592718380655,1.0631556435487328,0.1481941440451378,68.25478708796854,90.1828029790115,0.901828029790115,0.8394110918536255,2026-06-27/2026-07-03,0.080111,0.134089,218.25187033333336,-0.05451814915815589,81.94146579511809,0.028208525073702972,74.35909757093776,0.06519721577726219,4
2026-07-03 03:35:22.333108+00:00,2026-07-03T03:35:22.316595+00:00,SOL,KXSOL15M-26JUL022345-45,2026-07-03T03:45:00Z,80.7525,80.8255,-0.0903,9.63,0.02,0.35,0.227,0.123,no,trade,0.4375,1.0,1.0,1.0,0.101,1.0,0.9792,0.9792,1,0.0208,0.0,0.003292,1.8016,2.0,84.06,43.28,0.0,0.0124,0.1609,0.1517,1,1.0,0.5811,2.6361,999.0,,0.4825,1.0,0.1519,-0.8218,-1.0,-1.0,40.22,-1.0,44.64,-0.130204,0.0,0.0,0.5369,-0.0004323,0.0005065,0.0012501,0.014,,,,-0.235,0.3043,1.0,1.0,0.024,64.12,22.0,1.0,0.3514,0.0281,70.2,2500.0,0.0,1.0,37.8,80.69,-0.0774,-0.1676,Bull,,Sideways,Bull,Bull,Bull,,0.4333,0.227,0.186,0.1832,0.7075,1.6893,0.4103,-1.4079,-0.002,-0.0077,0.4862,0.0,-2413.44,1562072.26,1.01181,-62044558.75,,,,,,,,,,,,,,,,,,,,,,,,2026-07-03 03:35:22.333108+00:00,True,0.65,0.35,443,0.012356357345844,0.4401353339656262,0.0179357246905551,54.35867260229151,52.25225225225213,0.43283582089552,0.7626840489877905,0.5716416055673079,0.4963987403851108,0.0171545449598895,48.60338087624751,42.537313432836264,0.4253731343283626,0.459519299050778,-1.0281517747858016,0.5375078800757175,0.0517010607062295,52.3753645065441,40.43715846994511,0.6316831683168316,0.479588413243584,-0.2223869532987255,0.8651999311293923,0.14910362572709,67.70451972606509,81.26195028680692,0.8178438661710044,0.8152510033191774,4.31413071557738,1.1835622441372131,0.1744642214504649,74.40426481230539,89.47368421052634,0.8947368421052635,0.9623907076358502,2026-06-27/2026-07-03,0.53154,-0.09824,71.03888513333332,0.30156235380338625,57.85460091509918,-0.24053087243048887,28.14829798300903,0.2743013365735116,1
2026-07-03 03:55:38.066155+00:00,2026-07-03T03:55:38.062445+00:00,SOL,KXSOL15M-26JUL030000-00,2026-07-03T04:00:00Z,80.5675,80.604,-0.0453,4.37,0.01,0.575,0.2753,0.2997,no,trade,0.3722,0.0,1.0,-1.0,0.178,1.0,0.96,0.0,-1,0.04,0.0,0.003371,0.9186,1.0,65.52,28.36,0.0,-0.0495,-0.0495,-0.047,-1,1.0,0.5811,2.6361,0.2105,,0.422,1.0,0.1519,-0.8218,-1.0,-1.0,40.22,-1.0,44.64,-0.130204,0.0,0.0,0.5369,-0.0004323,0.0005065,0.0012501,0.014,,,,-0.235,0.3043,1.0,1.0,-0.0531,64.03,22.0,1.0,0.5213,0.0417,104.13,2500.0,1.0,0.0,-104.13,80.78,0.2638,0.2184,Bull,,Sideways,Bull,Bull,Bull,,0.3999,0.2753,0.186,0.1832,0.7075,1.6893,0.4103,-1.4079,-0.002,-0.0077,0.4862,0.0,-1914.16,1562072.26,1.01181,-62044558.75,,,,,,,,,,,,,,,,,,,,,,,,2026-07-03 03:55:38.066155+00:00,False,0.425,-0.425,443,-0.0247647350173463,0.3740754827077222,0.012177444816005,43.658720226874905,65.51724137930975,0.3275862068965487,0.3646745406911024,-0.2965525763005128,0.3148541823835614,0.0168156129945336,42.132030465794415,24.6268656716416,0.246268656716416,0.2393051654711739,-1.0281517747858016,0.5375078800757175,0.0517010607062295,52.3753645065441,40.43715846994511,0.6316831683168316,0.479588413243584,-0.2223869532987255,0.8651999311293923,0.14910362572709,67.70451972606509,81.26195028680692,0.8178438661710044,0.8152510033191774,4.31413071557738,1.1835622441372131,0.1744642214504649,74.40426481230539,89.47368421052634,0.8947368421052635,0.9623907076358502,2026-06-27/2026-07-03,0.410195,-0.010294999999999999,91.30110258333335,-0.1994728611923069,30.724342963241565,-0.24053087243048887,28.14829798300903,0.1343814891723524,2
2026-07-03 04:05:49.964342+00:00,2026-07-03T04:05:49.960166+00:00,SOL,KXSOL15M-26JUL030015-15,2026-07-03T04:15:00Z,80.565,80.66,-0.1178,9.17,0.01,0.265,0.2032,0.0618,no,trade,0.7409,0.0,1.0,-1.0,1.362,1.0,0.0,0.0,0,1.0,0.0,0.003426,0.3256,-1.0,55.17,23.88,0.0,-0.0619,-0.1238,-0.0687,-1,1.0,0.3275,2.19,0.2517,,0.3808,1.0,0.569,-0.1732,-1.0,-2.0,36.08,0.0,41.56,-0.150963,0.0,0.0,0.4545,-8.26e-05,6.2e-05,0.0010299,-0.0292,,50.0,50.0,-0.0619,0.2463,1.0,1.0,0.0103,64.06,22.0,1.0,0.2333,0.0187,46.3,2500.0,0.0,1.0,16.69,80.67,0.1303,0.0124,Bull,,Sideways,Bull,Bull,Bull,,0.4666,0.2032,0.2552,0.1946,0.7012,1.6349,0.424,-0.4139,-0.0014,0.001,0.4218,0.0,-5580.18,21456104.43,1.089918,23303428.64,,,,,,,,,,,,,,,,,,,,,,,,2026-07-03 04:05:49.964342+00:00,True,0.735,0.265,443,-0.0123931094311413,0.3284164323985696,0.0080432858325215,39.70698942270353,55.17241379310488,0.2882882882882951,0.25042921522697,0.0,0.3201513412799737,0.0169684685223967,42.13307398274916,24.6268656716416,0.246268656716416,0.2650412494030115,-0.210239920850852,0.454520822352806,0.0406635200507666,49.27992194922911,36.075949367088214,0.5726315789473682,0.4155815784037956,-0.0866765725606844,0.8228425283410834,0.1558318367078669,67.04179269896073,80.59273422562138,0.8113382899628253,0.7568011661210462,4.31413071557738,1.1835622441372131,0.1744642214504649,74.40426481230539,89.47368421052634,0.8947368421052635,0.9623907076358502,2026-06-27/2026-07-03,0.35841,0.10819000000000001,101.4994057,0.057173620212136456,38.48500254194249,-0.013864238190208766,27.327631046639922,0.34384121424401637,3
2026-07-03 05:16:52.300953+00:00,2026-07-03T05:16:52.286624+00:00,SOL,KXSOL15M-26JUL030130-30,2026-07-03T05:30:00Z,80.5375,80.6297,-0.1143,13.13,0.02,0.28,0.2114,0.0686,no,trade,0.9284,0.6667,0.6667,1.0,0.448,1.0,0.9048,0.9048,1,0.0952,0.0,0.00278,0.9363,0.0,90.48,27.35,0.0,0.0,0.2361,0.025,1,1.0,0.1382,1.9195,0.1993,,0.2466,1.0,0.1154,-0.2847,-1.0,-3.0,27.22,0.0,52.46,-0.176994,0.0,0.0,0.3405,-0.000372,-2.07e-05,0.0011804,-0.0611,,,,-0.0619,0.2463,-1.0,-1.0,-0.0673,63.99,22.0,1.0,0.2449,0.0196,48.96,2500.0,1.0,0.0,-48.96,80.85,0.388,0.2732,Sideways,,Sideways,Bull,Bull,Sideways,,0.412,0.2114,0.2354,0.1975,0.6208,1.6255,0.4264,-0.3632,-0.0008,0.0011,0.3702,0.0,-6756.16,21456104.43,1.089918,23303428.64,,,,,,,,,,,,,,,,,,,,,,,,2026-07-03 05:16:52.300953+00:00,False,0.72,-0.72,444,0.0496031746031855,0.6705264935647514,0.003963986979898,65.23074269168029,90.47619047619273,0.4222222222222461,1.017820659036124,0.161390440720055,0.3421513049320144,0.0180087943580169,46.02572196346066,23.880597014925865,0.2388059701492586,0.4634617015006804,-0.1735035320361899,0.3365537289738334,0.0298560295207652,46.63618257018487,27.215189873417284,0.4965197215777261,0.3627579888432011,-0.0866765725606844,0.8228425283410834,0.1558318367078669,67.04179269896073,80.59273422562138,0.8113382899628253,0.7568011661210462,4.31413071557738,1.1835622441372131,0.1744642214504649,74.40426481230539,89.47368421052634,0.8947368421052635,0.9623907076358502,2026-06-27/2026-07-03,0.4953,-0.08330000000000004,172.53834921666666,0.12720021219019273,63.24324324324403,0.01586796550712144,37.686370699508856,0.4111510791366907,1
2026-07-03 06:21:12.956677+00:00,2026-07-03T06:21:12.943030+00:00,SOL,KXSOL15M-26JUL030230-30,2026-07-03T06:30:00Z,80.985,81.0965,-0.1375,8.79,0.02,0.22,0.1538,0.0662,no,trade,0.9968,0.0,1.0,-1.0,0.169,1.0,0.1364,0.1364,1,0.8636,0.0,0.002527,1.0732,-1.0,65.15,76.53,0.0,-0.0493,-0.2337,0.0675,-1,1.0,0.7688,2.5985,999.0,,0.3375,1.0,0.9265,0.7827,1.0,1.0,60.0,1.0,56.17,-0.158987,0.0,1.0,0.5466,0.0009271,0.0005152,0.0015861,0.0933,,,,-0.0619,0.2463,1.0,1.0,0.055,64.28,22.0,1.0,0.3009,0.0241,60.06,2500.0,0.0,1.0,16.94,81.03,0.0556,-0.082,Sideways,,Sideways,Bull,Bull,Sideways,,0.4046,0.1538,0.2139,0.1709,0.6729,1.8001,0.3851,0.6494,0.0017,0.0041,0.6364,0.0,-7032.26,21456104.43,1.089918,23303428.64,,,,,,,,,,,,,,,,,,,,,,,,2026-07-03 06:21:12.956677+00:00,True,0.78,0.2199999999999999,445,-0.2827637078927969,0.6678134071695614,0.0142500774550543,53.62200092496532,67.1428571428567,0.7294117647058804,0.4105589161628033,0.2712031558185446,0.7592084546055611,0.0184428848411168,70.82083271904727,100.0,0.7313432835820907,1.1684882732099438,0.7076350093109918,0.5484823510529618,0.0257128859443192,57.333120877624296,60.0000000000002,0.5061728395061739,0.6349188147538961,-0.0866765725606844,0.8228425283410834,0.1558318367078669,67.04179269896073,80.59273422562138,0.8113382899628253,0.7568011661210462,4.31413071557738,1.1835622441372131,0.1744642214504649,74.40426481230539,89.47368421052634,0.8947368421052635,0.9623907076358502,2026-06-27/2026-07-03,0.391103,0.013497000000000037,236.88261128333335,0.10431364554395195,88.09102745982103,0.41303863195902846,70.28342472614253,0.5441234665611396,1
2026-07-03 07:01:50.451196+00:00,2026-07-03T07:01:50.445582+00:00,SOL,KXSOL15M-26JUL030315-15,2026-07-03T07:15:00Z,80.8925,80.9315,-0.0482,13.16,0.02,0.44,0.2753,0.1647,no,trade,0.3422,0.5,0.0,0.0,0.0,1.0,1.0,1.0,1,0.0,0.0,0.001995,0.4956,0.0,16.98,48.24,0.0,0.0,0.099,-0.2493,1,1.0,0.4572,2.4076,999.0,,0.2815,1.0,0.1698,-0.4308,-1.0,-1.0,40.3,-1.0,54.0,-0.168109,0.0,0.0,0.4678,0.000103,-0.0001235,0.0016441,0.0238,,,,-0.0619,0.2463,1.0,1.0,0.043,64.22,22.0,1.0,0.3744,0.03,75.04,2500.0,0.0,1.0,58.96,80.93,0.0464,-0.0019,Sideways,,Sideways,Bull,Bull,Bear,,0.3235,0.2753,0.225,0.2026,0.7223,1.6024,0.4326,-0.5515,-0.0,-0.0028,0.5188,0.0,-3994.88,21456104.43,1.089918,23303428.64,,,,,,,,,,,,,,,,,,,,,,,,2026-07-03 07:01:50.451196+00:00,True,0.56,0.4399999999999999,445,0.0,0.3001680410000272,0.0085216840119613,42.4286644677472,16.981132075472306,0.2786885245901669,0.2390645630624746,0.0989853996535616,0.5311238463830822,0.0139063831311839,49.29748399578755,48.23529411764785,0.4615384615384662,0.4490944346988413,-0.2712031558185335,0.4650141936715136,0.0232996482007333,52.636197607860154,40.298507462686935,0.3000000000000011,0.515816433611107,-0.0866765725606844,0.8228425283410834,0.1558318367078669,67.04179269896073,80.59273422562138,0.8113382899628253,0.7568011661210462,4.31413071557738,1.1835622441372131,0.1744642214504649,74.40426481230539,89.47368421052634,0.8947368421052635,0.9623907076358502,2026-06-27/2026-07-03,0.457687,-0.134187,277.50751993333336,0.07497211847702356,79.7594196308621,0.044921147343157664,69.55865429164965,0.24160401002506268,2
2026-07-03 07:32:18.334234+00:00,2026-07-03T07:32:18.318049+00:00,SOL,KXSOL15M-26JUL030345-45,2026-07-03T07:45:00Z,80.965,80.9967,-0.0391,12.7,0.01,0.465,0.3116,0.1534,no,trade,0.3408,0.5,0.0,0.0,0.0,1.0,1.0,1.0,1,0.0,0.0,0.001876,1.0516,0.0,100.0,70.59,0.0,0.0,0.1977,-0.0669,1,1.0,0.4572,2.4076,999.0,,0.2337,1.0,0.1698,-0.4308,-1.0,-1.0,40.3,-1.0,54.0,-0.168109,0.0,0.0,0.4678,0.000103,-0.0001235,0.0016441,0.0238,,,,-0.0619,0.2463,1.0,1.0,0.0598,64.3,22.0,1.0,0.33,0.0264,65.81,2500.0,1.0,0.0,-65.81,81.26,0.3644,0.3251,Sideways,,Sideways,Bull,Bull,Bear,,0.3438,0.3116,0.225,0.2026,0.7223,1.6024,0.4326,-0.5515,-0.0,-0.0028,0.5188,0.0,-3879.96,21456104.43,1.089918,23303428.64,,,,,,,,,,,,,,,,,,,,,,,,2026-07-03 07:32:18.334234+00:00,False,0.5349999999999999,-0.5349999999999999,445,0.0616979269496553,0.6140935484923947,0.0075725947071341,68.64952453074463,93.3333333333346,0.5283018867924538,1.2054025984804788,0.1977017175336604,0.7724856774442499,0.011645343576928,57.64165733889865,70.58823529411794,0.7448979591836745,0.7462751650555307,-0.2712031558185335,0.4650141936715136,0.0232996482007333,52.636197607860154,40.298507462686935,0.3000000000000011,0.515816433611107,-0.0866765725606844,0.8228425283410834,0.1558318367078669,67.04179269896073,80.59273422562138,0.8113382899628253,0.7568011661210462,4.31413071557738,1.1835622441372131,0.1744642214504649,74.40426481230539,89.47368421052634,0.8947368421052635,0.9623907076358502,2026-06-27/2026-07-03,0.376168,-0.03236800000000001,307.9722372333334,-0.020875802256759002,79.21997395779499,0.044921147343157664,69.55865429164965,0.2084221748400853,3
2026-07-03 16:49:09.506659+00:00,2026-07-03T16:49:09.500722+00:00,SOL,KXSOL15M-26JUL031300-00,2026-07-03T17:00:00Z,81.3075,81.375,-0.0829,10.84,0.02,0.32,0.2753,0.0447,no,trade,0.2848,0.9583,0.9583,1.0,0.876,1.0,0.2222,0.963,1,0.037,0.7407,0.003219,1.03,-1.0,91.67,41.75,0.0,-0.0246,0.2586,0.0839,1,1.0,0.1606,1.3508,999.0,,0.6415,1.0,0.0,-0.6362,-1.0,-1.0,50.9,-1.0,44.42,-0.044968,0.0,-1.0,0.5586,0.0003493,0.0005353,0.0002987,-0.0364,,,,-0.4657,0.2039,0.0,0.3142,-0.0612,64.17,22.0,1.0,0.1398,0.0112,27.88,2500.0,1.0,0.0,-27.88,81.54,0.286,0.2028,Sideways,,Sideways,Bull,Bull,Sideways,,0.547,0.2753,-0.1252,0.1306,0.6198,2.0259,0.3421,-1.0573,-0.0021,-0.003,0.4248,0.0,-2259.31,-5968751.17,0.979653,73262212.91,,,,,,,,,,,,,,,,,,,,,,,,2026-07-03 16:49:09.506659+00:00,False,0.6799999999999999,-0.6799999999999999,450,0.2831814823935019,0.6429571863797215,0.0091153709872353,60.50575743240944,97.22222222222474,0.3763440860215117,0.9084569373426326,0.1229256299938752,0.5095614262967904,0.0102735106404947,53.43442901063281,41.41414141414128,0.4141414141414128,0.6045735286922274,-0.6969919295671367,0.5548816170531433,0.0188665427402795,48.84586072302898,50.898203592813985,0.5089820359281398,0.4227493705079857,-0.3924935606525292,0.7629298326751397,0.1640990033279464,67.11125025292498,81.91616766467058,0.8596654275092933,0.7157764142943593,4.31413071557738,1.1835622441372131,0.1744642214504649,74.40426481230539,89.47368421052634,0.8947368421052635,0.9623907076358502,2026-06-27/2026-07-03,0.753357,-0.206357,15.175110983333333,-0.026810217335160313,52.724641328971074,-0.4864210015071868,58.4389387022368,0.25753339546442994,1
2026-07-04 03:08:00.417107+00:00,2026-07-04T03:08:00.413096+00:00,SOL,KXSOL15M-26JUL032315-15,2026-07-04T03:15:00Z,82.085,82.123,-0.0463,7.0,0.03,0.435,0.3116,0.1234,no,trade,0.2675,0.5833,0.5833,1.0,78.026,1.0,0.4615,0.4615,1,0.5385,0.0,0.002625,1.8079,2.0,57.45,40.7,0.0,-0.0729,-0.2427,-0.0399,1,1.0,0.3693,1.4253,999.0,,0.4742,1.0,0.5435,0.3051,1.0,1.0,53.88,1.0,59.77,-0.040134,0.0,0.0,0.6469,-0.001011,0.0004066,0.0006747,0.0329,,,,-0.1091,0.2,1.0,1.0,0.0154,62.44,21.0,1.0,0.2838,0.0227,56.5,2500.0,1.0,0.0,-56.5,82.34,0.3107,0.2642,Bull,,Sideways,Bull,Bull,Sideways,,0.5024,0.3116,-0.2502,0.1602,0.3209,1.8313,0.3785,0.3223,0.0009,0.003,0.5091,0.0,-30280.27,19038204.21,1.095033,67694681.4,,,,,,,,,,,,,,,,,,,,,,,,2026-07-04 03:08:00.417107+00:00,False,0.565,-0.565,455,0.085178875638836,0.945031534669606,0.006026417052982,61.246378161847,70.2127659574466,0.7454545454545431,0.885873834759592,0.2195121951219514,0.4096394225914329,0.0110315259477745,50.91696748209421,40.00000000000067,0.3863636363636422,0.5842614935434389,0.3173828125,0.6473508639993686,0.0267789788105608,53.742298431584885,53.02325581395373,0.5843621399176979,0.5089683465359981,-0.1696764028602637,0.7947276315645221,0.1552476865136359,72.02783858706849,87.48091603053444,0.9249771271729192,0.8173935959920239,1.9935611688954855,1.129921251190268,0.2078849614933639,76.89675533947803,95.70455735987431,0.9570455735987432,0.9983179869325716,2026-07-04/2026-07-10,0.465359,0.037040999999999935,147.30695178333332,0.092315650383612,22.776312162854236,0.092315650383612,66.36763002059728,0.1763809523809524,1
2026-07-04 03:18:09.896558+00:00,2026-07-04T03:18:09.888152+00:00,SOL,KXSOL15M-26JUL032330-30,2026-07-04T03:30:00Z,82.2325,82.2868,-0.066,11.84,0.02,0.39,0.2753,0.1147,no,trade,0.3107,0.5,0.5,1.0,0.124,1.0,0.6957,0.8696,1,0.1304,0.1739,0.002621,1.0662,-1.0,74.36,52.33,0.0243,-0.085,0.0486,0.0802,1,1.0,0.3693,1.4253,999.0,,0.4477,1.0,0.5435,0.3051,1.0,1.0,53.88,1.0,59.77,-0.040134,0.0,0.0,0.6469,-0.001011,0.0004066,0.0006747,0.0329,,,,-0.1091,0.2,1.0,1.0,0.0192,62.44,21.0,1.0,0.2942,0.0235,58.56,2500.0,0.0,1.0,37.44,82.38,0.1794,0.1133,Bull,,Sideways,Bull,Bull,Sideways,,0.5308,0.2753,-0.2502,0.1602,0.3209,1.8313,0.3785,0.3223,0.0009,0.003,0.5091,0.0,-30044.7,19038204.21,1.095033,67694681.4,,,,,,,,,,,,,,,,,,,,,,,,2026-07-04 03:18:09.896558+00:00,True,0.61,0.39,455,0.21903139449988,1.019601985353971,0.0071300477657435,65.48662596260127,92.49999999999984,0.9454545454545432,1.0449750190565288,0.21903139449988,0.610736149638898,0.0109779658653836,60.2544013062233,61.17647058823523,0.6117647058823523,0.8129196672887451,0.3173828125,0.6473508639993686,0.0267789788105608,53.742298431584885,53.02325581395373,0.5843621399176979,0.5089683465359981,-0.1696764028602637,0.7947276315645221,0.1552476865136359,72.02783858706849,87.48091603053444,0.9249771271729192,0.8173935959920239,1.9935611688954855,1.129921251190268,0.2078849614933639,76.89675533947803,95.70455735987431,0.9570455735987432,0.9983179869325716,2026-07-04/2026-07-10,0.493034,0.03776600000000008,157.46494263333335,-0.023073616830215915,19.935425443950383,0.092315650383612,66.36763002059728,0.2518122853872568,2
2026-07-04 06:51:19.749666+00:00,2026-07-04T06:51:19.740295+00:00,SOL,KXSOL15M-26JUL040300-00,2026-07-04T07:00:00Z,82.5025,82.5967,-0.114,8.67,0.02,0.27,0.2114,0.0586,no,trade,0.5252,0.5,0.0,0.0,0.0,1.0,0.0,0.0,0,1.0,0.0,0.004821,0.1254,0.0,10.78,20.89,0.0,0.0,-0.0121,-0.3961,-1,1.0,1.3172,2.5596,999.0,,0.5349,1.0,0.6667,-0.072,-1.0,-1.0,77.39,-1.0,75.62,0.052655,0.0,0.0,0.9582,0.0018512,0.0015552,0.0011,0.3464,,,,0.4006,0.8515,-1.0,-1.0,0.1535,62.69,21.0,1.0,0.217,0.0174,43.07,2500.0,0.0,1.0,15.93,82.54,0.0455,-0.0686,Bull,,Sideways,Bull,Bull,Bull,,0.5459,0.2114,-0.1658,0.1568,0.2615,1.8569,0.3733,-0.4384,-0.0006,-0.0043,0.8422,0.0,-35720.62,-1045937.18,0.994379,72615957.11,,,,,,,,,,,,,,,,,,,,,,,,2026-07-04 06:51:19.749666+00:00,True,0.73,0.27,457,-0.0604375679922553,0.1699237881283945,0.0149493004805198,31.570996116371376,6.18556701030952,0.0618556701030952,-0.0319550016050989,0.1331396756233394,0.4827440606305036,0.0276559230261574,44.18353930429275,27.71084337349428,0.4258373205741622,0.2515149216681022,-0.2275994250119817,0.9546622164328624,0.0300331770244149,69.47535267137054,77.38515901060079,0.7887788778877887,0.8480454212239561,0.3763506130872951,0.7952961438081957,0.1482398524177413,73.70087266907696,92.2137404580154,0.9533394327538892,0.83240764497196,1.9935611688954855,1.129921251190268,0.2078849614933639,76.89675533947803,95.70455735987431,0.9570455735987432,0.9983179869325716,2026-07-04/2026-07-10,0.578506,-0.03260599999999991,20.3291611,0.17034059943539237,34.48310691379192,-0.345756755058102,53.378371885180755,0.23646546359676418,1
2026-07-04 11:50:51.587613+00:00,2026-07-04T11:50:51.582685+00:00,SOL,KXSOL15M-26JUL040800-00,2026-07-04T12:00:00Z,81.7825,81.7922,-0.0119,9.14,0.01,0.445,0.3462,0.0988,no,trade,0.0974,0.8,0.8,1.0,0.021,1.0,0.4286,0.4286,1,0.5714,0.0,0.00247,0.3463,3.0,97.44,32.2,0.0,0.0489,0.0856,0.0977,1,-1.0,-0.6041,-0.2664,0.4479,,0.2921,1.0,0.6757,0.0,-1.0,-3.0,10.16,0.0,39.43,-0.117384,0.0,0.0,0.2329,-0.0034515,-0.0006804,6.12e-05,-0.2557,,,,-0.0242,0.2593,1.0,1.0,0.1057,63.03,21.0,1.0,0.2219,0.0178,44.4,2500.0,0.0,1.0,35.6,81.83,0.0581,0.0462,Bull,,Sideways,Bull,Bull,Sideways,,0.2904,0.3462,0.0233,-0.175,0.5893,1.7523,0.3956,-0.077,0.0007,0.0021,0.1844,0.0,-5587.38,16355832.82,1.045668,34311925.13,,,,,,,,,,,,,,,,,,,,,,,,2026-07-04 11:50:51.587613+00:00,True,0.5549999999999999,0.445,458,0.048893778266712,0.8249146324067678,0.0055940604299933,68.19425840115767,97.43589743589612,0.9743589743589612,1.0508720968871188,0.036683785766689,0.3159676812786893,0.0194575841094352,43.64669521793116,28.81355932203402,0.2556390977443638,0.453623848522003,-0.048923679060675,0.2345223683002461,0.0273639280005261,37.335311334091806,10.162601626016226,0.2190812720848063,0.1776929914780442,0.0604741170778799,0.7813928171515002,0.1365634928277528,73.9984981179257,82.75862068965515,0.8971722365038558,0.7761417930390987,1.9935611688954855,1.129921251190268,0.2078849614933639,76.89675533947803,95.70455735987431,0.9570455735987432,0.9983179869325716,2026-07-04/2026-07-10,0.236156,0.05424399999999999,177.72646021666665,0.054834792980251734,33.519962325361035,0.056088004094134725,32.54389546753777,0.04817813765182186,1
2026-07-04 12:01:03.370393+00:00,2026-07-04T12:01:03.355459+00:00,SOL,KXSOL15M-26JUL040815-15,2026-07-04T12:15:00Z,81.7325,81.7775,-0.055,13.95,0.02,0.56,0.2753,0.2847,no,trade,0.3337,0.0,1.0,-1.0,0.191,1.0,0.4,0.4,1,0.6,0.0,0.002339,0.2612,0.0,89.29,33.33,-0.0244,-0.0244,0.0244,0.0729,1,-1.0,-0.4293,-0.1956,0.4311,,0.3202,1.0,0.8929,0.3064,1.0,1.0,14.63,1.0,40.35,-0.129974,0.0,0.0,0.2456,-0.0029474,-0.0005481,0.000153,-0.1819,,50.0,50.0,-1.0879,0.2857,-1.0,-1.0,0.1158,63.05,21.0,1.0,0.5085,0.0407,101.64,2500.0,1.0,0.0,-101.64,81.79,0.0704,0.0153,Sideways,,Sideways,Bull,Bull,Sideways,,0.2811,0.2753,0.0585,-0.1344,0.5989,2.0787,0.3334,0.2877,0.0018,0.0009,0.2743,0.0,4055.07,-49709752.12,0.809113,-34554231.72,,,,,,,,,,,,,,,,,,,,,,,,2026-07-04 12:01:03.370393+00:00,False,0.4399999999999999,-0.4399999999999999,458,0.0244468891333449,0.7696155035849443,0.0056970874717464,62.261736484063334,89.28571428571392,0.9230769230769202,0.8285265036755479,0.0244468891333449,0.3471300631063241,0.019010336369978,44.82428116546369,30.50847457627096,0.2706766917293232,0.4912805462466701,0.1346059716103687,0.2474890034868831,0.0249590891531777,40.2596975175801,14.634146341463344,0.2579505300353359,0.2701551467201299,-1.087876223860762,0.6792151270484805,0.1287102568269993,60.1757905296912,66.45367412140564,0.78744939271255,0.556107058737634,1.9935611688954855,1.129921251190268,0.2078849614933639,76.89675533947803,95.70455735987431,0.9570455735987432,0.9983179869325716,2026-07-04/2026-07-10,0.265076,0.016024000000000038,187.92283988333332,-0.011517633817303974,29.752498561038358,-0.061284884857804034,27.437807976265375,0.235143223599829,2
2026-07-04 12:16:16.476624+00:00,2026-07-04T12:16:16.472594+00:00,SOL,KXSOL15M-26JUL040830-30,2026-07-04T12:30:00Z,81.75,81.7827,-0.04,13.73,0.02,0.47,0.3407,0.1293,no,trade,0.2389,1.0,1.0,1.0,0.016,1.0,0.1818,0.2727,1,0.7273,0.0909,0.002262,0.5946,-1.0,50.0,37.21,-0.0733,-0.0367,-0.0489,0.0136,-1,-1.0,-0.4293,-0.1956,0.4802,,0.3276,1.0,0.8929,0.3064,1.0,1.0,14.63,1.0,40.35,-0.129974,0.0,0.0,0.2456,-0.0029474,-0.0005481,0.000153,-0.1819,,50.0,50.0,-1.0879,0.2857,-1.0,-0.6183,0.1264,63.19,21.0,1.0,0.275,0.022,55.12,2500.0,0.0,1.0,48.88,81.68,-0.0856,-0.1256,Sideways,,Sideways,Bull,Bull,Sideways,,0.2498,0.3407,0.0585,-0.1344,0.5989,2.0787,0.3334,0.2877,0.0018,0.0009,0.2743,0.0,3305.83,-49709752.12,0.809113,-34554231.72,,,,,,,,,,,,,,,,,,,,,,,,2026-07-04 12:16:16.476624+00:00,True,0.53,0.47,458,0.0366658518699658,0.7481901956862503,0.0064095918128667,57.246972224380755,77.14285714285413,0.8260869565217149,0.6851592903171796,0.0244409140901735,0.3757371246833401,0.0187842468847884,46.079434679239704,35.18518518518482,0.2857142857142826,0.5273520650316318,0.1346059716103687,0.2474890034868831,0.0249590891531777,40.2596975175801,14.634146341463344,0.2579505300353359,0.2701551467201299,-1.087876223860762,0.6792151270484805,0.1287102568269993,60.1757905296912,66.45367412140564,0.78744939271255,0.556107058737634,1.9935611688954855,1.129921251190268,0.2078849614933639,76.89675533947803,95.70455735987431,0.9570455735987432,0.9983179869325716,2026-07-04/2026-07-10,0.300063,-0.05026300000000003,203.14127706666667,0.0993990302315062,62.262571294017896,-0.061284884857804034,27.437807976265375,0.17683465959328026,3
2026-07-04 12:31:29.140086+00:00,2026-07-04T12:31:29.124043+00:00,SOL,KXSOL15M-26JUL040845-45,2026-07-04T12:45:00Z,81.5525,81.6148,-0.0763,13.52,0.02,0.53,0.227,0.303,no,trade,0.5087,0.5,0.0,0.0,0.0,1.0,1.0,0.0,-1,0.0,0.0,0.002204,0.6111,0.0,0.0,32.31,0.0,0.0,-0.1345,-0.143,-1,-1.0,-0.4293,-0.1956,0.6155,,0.296,1.0,0.8929,0.3064,1.0,1.0,14.63,1.0,40.35,-0.129974,0.0,0.0,0.2456,-0.0029474,-0.0005481,0.000153,-0.1819,,50.0,50.0,-1.0879,0.2857,1.0,1.0,0.2211,63.11,21.0,1.0,0.5716,0.0457,114.21,2500.0,0.0,1.0,128.79,81.47,-0.1012,-0.1774,Sideways,,Sideways,Bull,Bull,Sideways,,0.2543,0.227,0.0585,-0.1344,0.5989,2.0787,0.3334,0.2877,0.0018,0.0009,0.2743,0.0,3918.6,-49709752.12,0.809113,-34554231.72,,,,,,,,,,,,,,,,,,,,,,,,2026-07-04 12:31:29.140086+00:00,True,0.47,0.53,458,0.0,0.3127290906064033,0.004604986697601,37.092177264112166,0.0,0.2857142857143031,0.0038373909866097,-0.2076970067195982,0.2875882739085976,0.0183434563309485,37.49020862058638,24.418604651163733,0.1578947368421114,0.2295208730017686,0.1346059716103687,0.2474890034868831,0.0249590891531777,40.2596975175801,14.634146341463344,0.2579505300353359,0.2701551467201299,-1.087876223860762,0.6792151270484805,0.1287102568269993,60.1757905296912,66.45367412140564,0.78744939271255,0.556107058737634,1.9935611688954855,1.129921251190268,0.2078849614933639,76.89675533947803,95.70455735987431,0.9570455735987432,0.9983179869325716,2026-07-04/2026-07-10,0.295948,-0.04164799999999996,218.35233476666664,0.04634974204771325,100.0,-0.061284884857804034,27.437807976265375,0.3461887477313975,4
2026-07-04 12:51:44.806841+00:00,2026-07-04T12:51:44.801604+00:00,SOL,KXSOL15M-26JUL040900-00,2026-07-04T13:00:00Z,81.3925,81.4297,-0.0457,8.26,0.02,0.42,0.3225,0.0975,no,trade,0.3113,0.0,1.0,-1.0,0.043,1.0,0.8077,0.1923,-1,0.0,0.1923,0.002106,1.5167,-3.0,0.0,0.0,0.0,-0.0736,-0.0246,-0.1864,-1,-1.0,-0.4293,-0.1956,0.9492,,0.3703,1.0,0.8929,0.3064,1.0,1.0,14.63,1.0,40.35,-0.129974,0.0,0.0,0.2456,-0.0029474,-0.0005481,0.000153,-0.1819,,,,-1.0879,0.2857,-1.0,-1.0,0.0936,63.09,21.0,1.0,0.2322,0.0186,46.4,2500.0,1.0,0.0,-46.4,81.41,0.0215,-0.0242,Sideways,,Sideways,Bull,Bull,Sideways,,0.2414,0.3225,0.0585,-0.1344,0.5989,2.0787,0.3334,0.2877,0.0018,0.0009,0.2743,0.0,-41997.26,-49709752.12,0.809113,-34554231.72,,,,,,,,,,,,,,,,,,,,,,,,2026-07-04 12:51:44.806841+00:00,False,0.5800000000000001,-0.5800000000000001,458,-0.0736467411317054,-0.0442072848760234,0.0070377799812964,24.177395326612412,0.0,0.0,-0.4055238852607441,-0.2571008814887476,0.1801477993068093,0.0181985160814872,29.64071072057523,7.142857142856708,0.036231884057969,-0.0369174325230334,0.1346059716103687,0.2474890034868831,0.0249590891531777,40.2596975175801,14.634146341463344,0.2579505300353359,0.2701551467201299,-1.087876223860762,0.6792151270484805,0.1287102568269993,60.1757905296912,66.45367412140564,0.78744939271255,0.556107058737634,1.9935611688954855,1.129921251190268,0.2078849614933639,76.89675533947803,95.70455735987431,0.9570455735987432,0.9983179869325716,2026-07-04/2026-07-10,0.27731,-0.03591,238.61344735,0.027046123945373424,80.2608526377242,-0.061284884857804034,27.437807976265375,0.21699905033238368,5
2026-07-04 13:01:57.271312+00:00,2026-07-04T13:01:57.247059+00:00,SOL,KXSOL15M-26JUL040915-15,2026-07-04T13:15:00Z,81.535,81.5517,-0.0205,13.05,0.02,0.45,0.3462,0.1038,no,trade,0.1027,0.5,0.0,0.0,0.0,1.0,1.0,0.0,-1,0.0,0.0,0.002027,0.3636,0.0,0.0,0.0,0.0,0.0,-0.0736,-0.1847,-1,-1.0,-0.8417,-0.4922,0.8488,,0.4003,1.0,0.0,-0.6347,-1.0,-1.0,0.0,-1.0,39.57,-0.173912,-1.0,-1.0,0.0527,-0.0022975,-0.0010275,-4.09e-05,-0.3193,,,,-1.0879,0.2857,-1.0,-1.0,0.0961,63.09,21.0,1.0,0.2306,0.0184,46.2,2500.0,0.0,1.0,37.8,81.57,0.0429,0.0224,Sideways,,Sideways,Bull,Bull,Sideways,,0.2528,0.3462,0.0734,-0.1326,0.8905,2.0085,0.3451,-1.0531,-0.0007,-0.002,0.1082,0.0,-41777.06,-49709752.12,0.809113,-34554231.72,,,,,,,,,,,,,,,,,,,,,,,,2026-07-04 13:01:57.271312+00:00,True,0.55,0.4499999999999999,458,0.0,0.0845098062697725,0.0084697053848698,24.11446384134406,0.0,0.0,-0.3069908593095237,-0.0736467411317054,0.1562322376085407,0.0167329541803509,27.667590418815735,0.0,0.0,-0.0851144794084673,-0.5132591958939337,0.0562107723045056,0.0255180824202776,33.439860778462005,0.0,0.0,0.1023143218155532,-1.087876223860762,0.6792151270484805,0.1287102568269993,60.1757905296912,66.45367412140564,0.78744939271255,0.556107058737634,1.9935611688954855,1.129921251190268,0.2078849614933639,76.89675533947803,95.70455735987431,0.9570455735987432,0.9983179869325716,2026-07-04/2026-07-10,0.274167,-0.02136699999999997,248.82118853333336,0.0948993590859537,96.66910845865647,0.26794382074961653,55.99413459735079,0.10113468179575727,6
2026-07-04 14:18:02.068299+00:00,2026-07-04T14:18:02.053674+00:00,SOL,KXSOL15M-26JUL041030-30,2026-07-04T14:30:00Z,81.68,81.723,-0.0526,11.97,0.02,0.4,0.3462,0.0538,no,trade,0.1803,1.0,1.0,1.0,0.001,1.0,1.0,1.0,1,0.0,0.0,0.002236,1.8594,0.0,75.56,73.08,0.0,0.0,0.0857,0.3452,1,-1.0,-0.7191,-0.4466,0.3056,,0.6116,1.0,0.0,-0.1104,-1.0,1.0,1.59,0.0,40.25,-0.183213,0.0,0.0,0.0961,-0.0025988,-0.0004795,-0.0001073,-0.2647,,,,-1.0879,0.2857,1.0,1.0,0.0967,63.19,21.0,1.0,0.1344,0.0108,27.0,2500.0,0.0,1.0,18.0,81.67,-0.0122,-0.0649,Sideways,,Sideways,Bull,Bull,Sideways,,0.1529,0.3462,0.1118,-0.1266,0.9374,2.1575,0.3213,0.1014,0.0008,0.0012,0.1939,0.0,-51773.1,-49709752.12,0.809113,-34554231.72,,,,,,,,,,,,,,,,,,,,,,,,2026-07-04 14:18:02.068299+00:00,True,0.6,0.4,459,0.0734124556466486,0.9040005167670712,0.0072237119549156,68.29139891363502,77.5510204081638,0.775510204081638,1.2050317981725778,0.4174340085942418,0.6316474682804797,0.0085073539015562,53.82384276897633,73.07692307692349,0.5352112676056414,0.7195123606881255,0.0491340130205131,0.0989136752430887,0.0265744535438986,34.64032086701522,1.587301587301829,0.0158730158730182,0.1899431782085476,-1.087876223860762,0.6792151270484805,0.1287102568269993,60.1757905296912,66.45367412140564,0.78744939271255,0.556107058737634,1.9935611688954855,1.129921251190268,0.2078849614933639,76.89675533947803,95.70455735987431,0.9570455735987432,0.9983179869325716,2026-07-04/2026-07-10,0.197929,-0.045028999999999986,324.9011383166666,0.16586095512327592,77.62971569659727,-0.1349063202853218,41.577861515115245,0.23524150268336314,1
2026-07-04 14:33:15.071267+00:00,2026-07-04T14:33:15.065946+00:00,SOL,KXSOL15M-26JUL041045-45,2026-07-04T14:45:00Z,81.56,81.6138,-0.0659,11.75,0.01,0.515,0.3462,0.1688,no,trade,0.2168,0.8182,0.8182,1.0,2.059,1.0,0.5714,0.4286,-1,0.0,0.4286,0.002205,1.1667,-2.0,52.63,46.15,-0.0612,-0.049,-0.1712,0.064,-1,-1.0,-0.7191,-0.4466,0.4775,,0.6433,1.0,0.0,-0.1104,-1.0,1.0,1.59,0.0,40.25,-0.183213,0.0,0.0,0.0961,-0.0025988,-0.0004795,-0.0001073,-0.2647,,,,-1.0879,0.2857,1.0,1.0,-0.0564,63.32,21.0,1.0,0.3277,0.0262,65.47,2500.0,1.0,0.0,-65.47,81.81,0.3065,0.2404,Sideways,,Sideways,Bull,Bull,Sideways,,0.1439,0.3462,0.1118,-0.1266,0.9374,2.1575,0.3213,0.1014,0.0008,0.0012,0.1939,0.0,-51498.48,-49709752.12,0.809113,-34554231.72,,,,,,,,,,,,,,,,,,,,,,,,2026-07-04 14:33:15.071267+00:00,False,0.485,-0.485,459,0.1348369698455531,0.6690766222419244,0.0072490234359762,54.58281056865826,53.33333333333186,0.5714285714285632,0.6459431195646274,-0.1222643354933494,0.5227774814257352,0.0069877582791117,49.5893927549627,53.846153846153,0.3943661971830958,0.5457867836085485,0.0491340130205131,0.0989136752430887,0.0265744535438986,34.64032086701522,1.587301587301829,0.0158730158730182,0.1899431782085476,-1.087876223860762,0.6792151270484805,0.1287102568269993,60.1757905296912,66.45367412140564,0.78744939271255,0.556107058737634,1.9935611688954855,1.129921251190268,0.2078849614933639,76.89675533947803,95.70455735987431,0.9570455735987432,0.9983179869325716,2026-07-04/2026-07-10,0.20653,-0.06262999999999999,340.11785445,-0.05678521057901342,64.70353291456358,-0.1349063202853218,41.577861515115245,0.29886621315192746,2
2026-07-04 15:03:43.609888+00:00,2026-07-04T15:03:43.591127+00:00,SOL,KXSOL15M-26JUL041115-15,2026-07-04T15:15:00Z,81.6925,81.7553,-0.0768,11.28,0.01,0.365,0.2743,0.0907,no,trade,0.3182,1.0,1.0,1.0,457.43,1.0,0.25,0.6667,-1,0.0833,0.6667,0.002148,0.6829,1.0,97.37,78.85,0.0,0.0489,0.0122,0.0818,1,-1.0,-0.2768,0.1481,0.2285,,0.5214,1.0,0.8,0.0857,1.0,2.0,14.68,1.0,43.6,-0.172029,0.0,0.0,0.2622,-0.0010766,-0.0004066,-0.0,-0.09,,,,-1.0879,0.2857,1.0,0.9445,-0.0047,63.45,21.0,1.0,0.2484,0.0199,49.53,2500.0,1.0,0.0,-49.53,82.04,0.4254,0.3482,Bull,,Sideways,Bull,Bull,Sideways,,0.4014,0.2743,0.1284,-0.094,0.6229,2.3644,0.2932,0.8178,0.0022,0.001,0.41,0.0,-5318.25,-49709752.12,0.809113,-34554231.72,,,,,,,,,,,,,,,,,,,,,,,,2026-07-04 15:03:43.609888+00:00,False,0.635,-0.635,459,0.0979192166462583,0.7117272682105624,0.0067668061814612,58.221772950559455,89.18918918919105,0.733333333333325,0.7649092570209388,-0.0366703337000395,0.6667933692708495,0.0071564363442626,53.05470117308776,71.15384615384562,0.7115384615384562,0.6312460345540943,0.4051565377532151,0.2635808387411207,0.0271847707194711,44.366934492406706,14.682539682539804,0.146825396825398,0.4082454785031406,-1.087876223860762,0.6792151270484805,0.1287102568269993,60.1757905296912,66.45367412140564,0.78744939271255,0.556107058737634,1.9935611688954855,1.129921251190268,0.2078849614933639,76.89675533947803,95.70455735987431,0.9570455735987432,0.9983179869325716,2026-07-04/2026-07-10,0.136193,0.26520699999999997,370.5934981333333,0.031011458757945753,70.84346973603111,0.13599927271066292,76.26875014490062,0.35754189944134074,3
2026-07-04 16:01:38.221000+00:00,2026-07-04T16:01:38.214289+00:00,SOL,KXSOL15M-26JUL041215-15,2026-07-04T16:15:00Z,82.0575,82.1728,-0.1403,13.37,0.02,0.28,0.227,0.053,no,trade,0.4664,0.4286,0.4286,1.0,1.43,1.0,0.0,0.4333,0,0.5667,0.4333,0.002989,1.2209,-1.0,71.43,80.0,-0.0365,-0.0729,-0.1458,0.4662,-1,1.0,0.2546,0.6382,0.1157,,0.5971,1.0,0.7119,0.5133,1.0,3.0,32.94,0.0,53.23,-0.118165,0.0,0.0,0.4758,0.0009756,-0.0004648,0.0005251,0.1092,,50.0,50.0,0.501,0.83,1.0,1.0,-0.1623,64.0,21.0,1.0,0.1892,0.0151,38.16,2500.0,0.0,1.0,14.84,82.04,-0.0213,-0.1616,Sideways,,Bull,Bull,Bull,Sideways,,0.4411,0.227,0.1477,-0.0685,0.5844,2.6659,0.26,1.1432,0.0023,0.0001,0.6606,0.0,47732.53,-49709752.12,0.809113,-34554231.72,,,,,,,,,,,,,,,,,,,,,,,,2026-07-04 16:01:38.221000+00:00,True,0.72,0.28,460,0.0,0.7365470374680387,0.0129936969946151,60.26650106873858,76.05633802816855,0.7951807228915638,0.6139174453151062,0.0243249817562629,0.9557736087069406,0.0122334040734237,68.13716731060214,82.99999999999983,0.8299999999999983,0.8474848542428377,0.562484715089262,0.4751137432100539,0.0270992528285269,55.0958684639225,32.93650793650774,0.3293650793650773,0.6617820774476543,0.5010387388488358,0.7034332181456258,0.1154377716927303,63.748712384417225,71.64429530201326,0.8232217573221745,0.6300528991843347,1.9935611688954855,1.129921251190268,0.2078849614933639,76.89675533947803,95.70455735987431,0.9570455735987432,0.9983179869325716,2026-07-04/2026-07-10,0.401354,0.039746000000000004,428.50368333333336,0.02376270231676525,76.6975903859035,0.406837382640135,83.57185791567662,0.46938775510204084,1
2026-07-04 16:47:12.092999+00:00,2026-07-04T16:47:12.077400+00:00,SOL,KXSOL15M-26JUL041300-00,2026-07-04T17:00:00Z,82.1125,82.1595,-0.0572,12.8,0.01,0.455,0.3225,0.1325,no,trade,0.204,0.0,0.6429,-1.0,2.828,1.0,0.0476,0.0476,1,0.9524,0.0,0.003051,0.8376,0.0,37.84,76.04,0.0,-0.1701,-0.1822,-0.0258,-1,1.0,0.2546,0.6382,0.1515,,0.5684,1.0,0.7119,0.5133,1.0,3.0,32.94,0.0,53.23,-0.118165,0.0,0.0,0.4758,0.0009756,-0.0004648,0.0005251,0.1092,,,,0.501,0.83,1.0,1.0,0.0665,63.73,21.0,1.0,0.2913,0.0233,58.31,2500.0,1.0,0.0,-58.31,82.2,0.1066,0.0493,Sideways,,Bull,Bull,Bull,Sideways,,0.4414,0.3225,0.1477,-0.0685,0.5844,2.6659,0.26,1.1432,0.0023,0.0001,0.6606,0.0,46910.07,22503097.17,1.095279,-10379821.27,,,,,,,,,,,,,,,,,,,,,,,,2026-07-04 16:47:12.092999+00:00,False,0.5449999999999999,-0.5449999999999999,461,-0.2427773731488058,0.4345712655187752,0.0050198003463654,48.68466757624633,37.837837837838975,0.6101694915254433,0.3825205924972121,0.0121698916879742,0.8036980018613422,0.0136189353386905,61.24904610000087,76.04166666666757,0.7700000000000102,0.6887965616527691,0.562484715089262,0.4751137432100539,0.0270992528285269,55.0958684639225,32.93650793650774,0.3293650793650773,0.6617820774476543,0.5010387388488358,0.7034332181456258,0.1154377716927303,63.748712384417225,71.64429530201326,0.8232217573221745,0.6300528991843347,1.9935611688954855,1.129921251190268,0.2078849614933639,76.89675533947803,95.70455735987431,0.9570455735987432,0.9983179869325716,2026-07-04/2026-07-10,0.450803,-0.009402999999999995,474.06821665,0.03762845920205482,71.20237104403068,0.406837382640135,83.57185791567662,0.18747951491314324,1
2026-07-04 17:47:55.001838+00:00,2026-07-04T17:47:54.986698+00:00,SOL,KXSOL15M-26JUL041400-00,2026-07-04T18:00:00Z,82.3875,82.407,-0.0237,12.09,0.03,0.435,0.3225,0.1125,no,trade,0.0875,0.5,0.0,0.0,0.0,1.0,0.6452,0.6452,1,0.3548,0.0,0.002936,1.2802,0.0,83.33,88.3,0.0,0.0,0.0607,0.2886,1,1.0,0.1868,0.5764,999.0,,0.5638,1.0,0.4706,-0.0122,-1.0,-1.0,31.35,0.0,50.21,-0.084439,0.0,0.0,0.4681,0.0009761,-0.0012377,0.0003359,0.0797,,,,0.501,0.83,1.0,1.0,-0.6283,63.64,21.0,1.0,0.2587,0.0207,51.98,2500.0,1.0,0.0,-51.98,82.59,0.2458,0.2221,Sideways,,Bull,Bull,Bull,Sideways,,0.4728,0.3225,0.1562,-0.0722,0.6781,2.6274,0.2638,-0.1989,-0.0006,-0.0021,0.6169,0.0,45957.06,22503097.17,1.095279,-10379821.27,,,,,,,,,,,,,,,,,,,,,,,,2026-07-04 17:47:55.001838+00:00,False,0.565,-0.565,462,0.0,0.938573353469929,0.0077529165862015,73.70790407985594,81.66666666666703,0.8166666666666702,1.156891184459936,0.255257080345217,0.9282799866252548,0.015158125313309,69.05618885266837,89.10891089108922,0.9067796610169502,0.945750239131644,-0.0486381322957085,0.4675235965039268,0.0267601595006957,54.0557443440481,31.349206349206472,0.3134920634920647,0.6176741680422118,0.5010387388488358,0.7034332181456258,0.1154377716927303,63.748712384417225,71.64429530201326,0.8232217573221745,0.6300528991843347,1.9935611688954855,1.129921251190268,0.2078849614933639,76.89675533947803,95.70455735987431,0.9570455735987432,0.9983179869325716,2026-07-04/2026-07-10,0.420788,0.052012,534.7833639666667,0.27397147158712,92.2606657290194,-0.023741165989987767,81.43372355955057,0.08072207084468665,1
2026-07-04 18:03:05.832006+00:00,2026-07-04T18:03:05.827213+00:00,SOL,KXSOL15M-26JUL041415-15,2026-07-04T18:15:00Z,82.4225,82.511,-0.1073,11.91,0.02,0.27,0.227,0.043,no,trade,0.4124,0.0,1.0,-1.0,3.712,1.0,0.3667,0.3667,1,0.6333,0.0,0.003014,1.2069,-1.0,64.71,72.22,0.0,-0.1332,-0.0242,-0.0442,-1,1.0,0.5982,1.0032,999.0,,0.5468,1.0,0.7765,0.6336,1.0,1.0,46.83,0.0,48.81,-0.034194,0.0,1.0,0.6513,0.0015408,-0.0007033,0.0004259,0.229,,,,0.501,0.83,1.0,1.0,-0.2869,63.9,21.0,1.0,0.1592,0.0127,32.12,2500.0,0.0,1.0,11.88,82.58,0.1911,0.0836,Bull,,Bull,Bull,Bull,Sideways,,0.4847,0.227,0.1459,-0.0773,0.7,2.5674,0.27,0.9222,0.0007,0.0009,0.7787,0.0,10181.73,22503097.17,1.095279,-10379821.27,,,,,,,,,,,,,,,,,,,,,,,,2026-07-04 18:03:05.832006+00:00,True,0.73,0.27,462,-0.1571566731141116,0.874858720717095,0.0104088127369154,67.83196232943064,76.9230769230779,0.769230769230779,0.9625789700934188,0.1333656644034953,0.96268062022778,0.0153651328976549,72.23898118140248,83.92857142857196,0.8676470588235348,0.9782570915969214,0.4744525547445199,0.6489266244826054,0.0265274749366681,62.14892842874072,46.8253968253969,0.468253968253969,0.7851942519285571,0.5010387388488358,0.7034332181456258,0.1154377716927303,63.748712384417225,71.64429530201326,0.8232217573221745,0.6300528991843347,1.9935611688954855,1.129921251190268,0.2078849614933639,76.89675533947803,95.70455735987431,0.9570455735987432,0.9983179869325716,2026-07-04/2026-07-10,0.399229,0.08547100000000002,549.9638667666666,0.23333139075265574,83.60621436417841,0.6037632802887272,88.33013721584028,0.3560053085600531,2
2026-07-04 18:18:16.270219+00:00,2026-07-04T18:18:16.252746+00:00,SOL,KXSOL15M-26JUL041430-30,2026-07-04T18:30:00Z,82.4525,82.4988,-0.0561,11.73,0.01,0.325,0.2753,0.0497,no,trade,0.2459,1.0,1.0,1.0,0.123,1.0,0.0909,0.9091,-1,0.0,0.9091,0.002951,0.4516,-2.0,68.83,75.0,0.0,0.0727,0.0727,0.0227,1,1.0,0.5982,1.0032,999.0,,0.4831,1.0,0.7765,0.6336,1.0,1.0,46.83,0.0,48.81,-0.034194,0.0,1.0,0.6513,0.0015408,-0.0007033,0.0004259,0.229,,,,0.501,0.83,1.0,1.0,-0.062,64.02,21.0,1.0,0.1531,0.0122,30.38,2500.0,0.0,1.0,14.63,82.18,-0.3305,-0.3864,Bull,,Bull,Bull,Bull,Sideways,,0.5159,0.2753,0.1459,-0.0773,0.7,2.5674,0.27,0.9222,0.0007,0.0009,0.7787,0.0,10183.88,22503097.17,1.095279,-10379821.27,,,,,,,,,,,,,,,,,,,,,,,,2026-07-04 18:18:16.270219+00:00,True,0.675,0.3249999999999999,462,0.0,0.6924518143309261,0.0108583638009672,57.53762334403399,61.84210526315849,0.628205128205139,0.6119098248812548,-0.133188037292653,0.8400531665865343,0.0153213656711096,64.56301861265634,72.89719626168282,0.7803030303030352,0.7861921471580842,0.4744525547445199,0.6489266244826054,0.0265274749366681,62.14892842874072,46.8253968253969,0.468253968253969,0.7851942519285571,0.5010387388488358,0.7034332181456258,0.1154377716927303,63.748712384417225,71.64429530201326,0.8232217573221745,0.6300528991843347,1.9935611688954855,1.129921251190268,0.2078849614933639,76.89675533947803,95.70455735987431,0.9570455735987432,0.9983179869325716,2026-07-04/2026-07-10,0.360278,0.15562200000000004,565.1378369833333,0.057651976709172104,88.37814510644942,0.6037632802887272,88.33013721584028,0.1901050491358861,3
2026-07-04 18:33:27.331041+00:00,2026-07-04T18:33:27.326498+00:00,SOL,KXSOL15M-26JUL041445-45,2026-07-04T18:45:00Z,82.1475,82.2027,-0.0672,11.55,0.01,0.365,0.3225,0.0425,no,trade,0.2792,0.5,0.0,0.0,0.0,1.0,0.9524,0.0,-1,0.0476,0.0,0.003225,1.5849,0.0,0.0,29.41,0.0,0.0,-0.4362,-0.458,-1,1.0,0.5982,1.0032,0.2344,,0.5133,1.0,0.7765,0.6336,1.0,1.0,46.83,0.0,48.81,-0.034194,0.0,1.0,0.6513,0.0015408,-0.0007033,0.0004259,0.229,,,,0.501,0.83,-1.0,-1.0,-0.0172,63.89,21.0,1.0,0.1165,0.0093,23.5,2500.0,0.0,1.0,13.51,82.26,0.1369,0.0697,Bull,,Bull,Bull,Bull,Sideways,,0.4964,0.3225,0.1459,-0.0773,0.7,2.5674,0.27,0.9222,0.0007,0.0009,0.7787,0.0,9955.79,22503097.17,1.095279,-10379821.27,,,,,,,,,,,,,,,,,,,,,,,,2026-07-04 18:33:27.331041+00:00,True,0.635,0.365,462,-0.0608050589809061,0.3479016379087483,0.0110618505829812,34.64655494910727,22.36842105263207,0.2435897435897585,-0.0889418377798255,-0.3637245392822508,0.5884316316582459,0.0151565589658376,48.4323687227107,37.89473684210659,0.5530303030303089,0.379124713812352,0.4744525547445199,0.6489266244826054,0.0265274749366681,62.14892842874072,46.8253968253969,0.468253968253969,0.7851942519285571,0.5010387388488358,0.7034332181456258,0.1154377716927303,63.748712384417225,71.64429530201326,0.8232217573221745,0.6300528991843347,1.9935611688954855,1.129921251190268,0.2078849614933639,76.89675533947803,95.70455735987431,0.9570455735987432,0.9983179869325716,2026-07-04/2026-07-10,0.44333,0.053070000000000006,580.3221840166666,-0.1992418451456035,71.143911439114,0.6037632802887272,88.33013721584028,0.2083720930232558,4
2026-07-04 18:48:39.172527+00:00,2026-07-04T18:48:39.167142+00:00,SOL,KXSOL15M-26JUL041500-00,2026-07-04T19:00:00Z,82.1625,82.1675,-0.0061,11.35,0.01,0.485,0.3225,0.1625,no,trade,0.0296,1.0,1.0,1.0,0.022,1.0,1.0,1.0,1,0.0,0.0,0.002771,0.3511,-1.0,6.67,34.12,0.0,-0.0486,0.0487,-0.4617,-1,1.0,0.5982,1.0032,0.1857,,0.4431,1.0,0.7765,0.6336,1.0,1.0,46.83,0.0,48.81,-0.034194,0.0,1.0,0.6513,0.0015408,-0.0007033,0.0004259,0.229,,,,0.501,0.83,-1.0,-1.0,0.0337,63.89,21.0,1.0,0.3351,0.0268,66.95,2500.0,1.0,0.0,-66.95,82.3,0.1674,0.1613,Bull,,Bull,Bull,Bull,Sideways,,0.5039,0.3225,0.1459,-0.0773,0.7,2.5674,0.27,0.9222,0.0007,0.0009,0.7787,0.0,10084.17,22503097.17,1.095279,-10379821.27,,,,,,,,,,,,,,,,,,,,,,,,2026-07-04 18:48:39.172527+00:00,False,0.515,-0.515,462,0.0364830353885459,0.4182842845349398,0.0104790708463879,42.91138436963031,13.559322033898264,0.3289473684210565,0.2721510791314118,0.0973472864443936,0.634129524766714,0.0139381923749806,52.081882713403076,34.61538461538588,0.6136363636363685,0.4880328373792344,0.4744525547445199,0.6489266244826054,0.0265274749366681,62.14892842874072,46.8253968253969,0.468253968253969,0.7851942519285571,0.5010387388488358,0.7034332181456258,0.1154377716927303,63.748712384417225,71.64429530201326,0.8232217573221745,0.6300528991843347,1.9935611688954855,1.129921251190268,0.2078849614933639,76.89675533947803,95.70455735987431,0.9570455735987432,0.9983179869325716,2026-07-04/2026-07-10,0.472687,0.03121299999999999,595.5195421166667,-0.09537387651298301,58.747733844747515,0.6037632802887272,88.33013721584028,0.02201371346084446,5
2026-07-04 22:05:00.171266+00:00,2026-07-04T22:05:00.164232+00:00,SOL,KXSOL15M-26JUL041815-15,2026-07-04T22:15:00Z,81.8725,81.9247,-0.0637,10.0,0.01,0.415,0.2743,0.1407,no,trade,0.4676,0.5,0.5,1.0,0.678,1.0,0.3333,0.6667,-1,0.0,0.6667,0.002501,0.2927,-2.0,32.35,45.59,0.0,-0.0488,0.0,0.0713,-1,-1.0,-0.0604,0.2501,0.1093,,0.3125,1.0,0.4412,0.0488,1.0,2.0,44.53,0.0,40.73,-0.043363,0.0,0.0,0.4126,-0.0004464,0.0002646,-0.0003541,-0.0232,,,,-0.5109,0.0198,1.0,1.0,0.0041,63.52,21.0,1.0,0.339,0.0271,67.86,2500.0,0.0,1.0,48.14,81.9,0.0336,-0.0301,Bull,,Bull,Bull,Bull,Sideways,,0.29,0.2743,0.2026,-0.0573,0.5249,2.8595,0.2424,0.087,0.0009,0.0002,0.4751,0.0,15443.41,-22879650.41,0.897599,-49492213.44,,,,,,,,,,,,,,,,,,,,,,,,2026-07-04 22:05:00.171266+00:00,True,0.585,0.415,463,-0.0243842965130358,0.5234365965712898,0.0062450570383653,47.33363249074299,38.23529411764694,0.6111111111111169,0.3334458616695127,-0.1946945728887983,0.4342908067520531,0.0123288841457379,50.09732227534852,51.470588235293846,0.3181818181818147,0.5115543259696154,0.0732064421669065,0.4127324890448376,0.0269007397950959,48.57296923109461,44.852941176470566,0.2420634920634908,0.4745355664061265,-0.5471789883268352,0.6407361899623233,0.0957048783006421,57.33379814631073,43.832020997375345,0.7761506276150627,0.5166816332513592,1.9935611688954855,1.129921251190268,0.2078849614933639,76.89675533947803,95.70455735987431,0.9570455735987432,0.9983179869325716,2026-07-04/2026-07-10,0.360213,-0.07021300000000003,791.8695210999999,-0.031622008539045066,61.13326833879924,0.13170744974908555,86.90567427416889,0.2546981207516993,1
2026-07-04 22:50:32.355143+00:00,2026-07-04T22:50:32.341432+00:00,SOL,KXSOL15M-26JUL041900-00,2026-07-04T23:00:00Z,81.7575,81.78,-0.0275,9.46,0.02,0.41,0.2753,0.1347,no,trade,0.3119,0.5,0.0,0.0,0.0,1.0,1.0,1.0,1,0.0,0.0,0.002032,0.3004,0.0,28.57,40.74,0.0,0.0,0.0244,-0.1654,1,-1.0,-0.0604,0.2501,0.0531,,0.2079,1.0,0.4412,0.0488,1.0,2.0,44.53,0.0,40.73,-0.043363,0.0,0.0,0.4126,-0.0004464,0.0002646,-0.0003541,-0.0232,,,,-0.5109,0.0198,-1.0,-0.6424,-0.1179,63.34,21.0,1.0,0.3287,0.0263,65.49,2500.0,1.0,0.0,-65.49,81.87,0.1376,0.1101,Bull,,Bull,Bull,Bull,Sideways,,0.4062,0.2753,0.2026,-0.0573,0.5249,2.8595,0.2424,0.087,0.0009,0.0002,0.4751,0.0,15361.76,-22879650.41,0.897599,-49492213.44,,,,,,,,,,,,,,,,,,,,,,,,2026-07-04 22:50:32.355143+00:00,False,0.5900000000000001,-0.5900000000000001,464,0.0,0.3138508872871852,0.0055375410933441,42.76132638815902,17.142857142857377,0.1578947368421131,0.3551537002084512,0.0610948191593241,0.3540198657448583,0.0116912666378922,45.297479755171835,40.74074074074113,0.2,0.3704858704286793,0.0732064421669065,0.4127324890448376,0.0269007397950959,48.57296923109461,44.852941176470566,0.2420634920634908,0.4745355664061265,-0.5471789883268352,0.6407361899623233,0.0957048783006421,57.33379814631073,43.832020997375345,0.7761506276150627,0.5166816332513592,1.9935611688954855,1.129921251190268,0.2078849614933639,76.89675533947803,95.70455735987431,0.9570455735987432,0.9983179869325716,2026-07-04/2026-07-10,0.25007,0.15613,837.40591905,-0.038328637297513346,9.513419913420316,0.13170744974908555,86.90567427416889,0.13533464566929135,1
2026-07-05 11:04:34.256849+00:00,2026-07-05T11:04:34.248490+00:00,SOL,KXSOL15M-26JUL050715-15,2026-07-05T11:15:00Z,80.3675,80.3762,-0.0108,10.43,0.01,0.405,0.3116,0.0934,no,trade,0.0744,0.5,0.0,0.0,0.0,1.0,1.0,1.0,1,0.0,0.0,0.002048,0.9091,5.0,100.0,80.2,0.0,0.1741,0.2988,0.4496,1,-1.0,-0.725,-1.2859,0.0199,,0.3266,1.0,1.0,0.4371,1.0,1.0,27.24,1.0,31.03,-0.086598,0.0,0.0,0.256,-0.0004346,-0.0014891,-0.0006682,-0.1346,,,,0.2607,0.8958,1.0,1.0,0.1394,62.76,24.0,1.0,0.2307,0.0185,46.41,2500.0,1.0,0.0,-46.41,80.51,0.1773,0.1665,Sideways,,Sideways,Bull,Sideways,Bear,,0.4908,0.3116,-0.0526,0.0842,0.5065,2.4477,0.2832,1.6308,0.0029,0.0041,0.3637,0.0,-19009.41,43689317.91,1.326705,-69865424.17,,,,,,,,,,,,,,,,,,,,,,,,2026-07-05 11:04:34.256849+00:00,False,0.595,-0.595,467,0.0,0.890248340116876,0.0100765036031683,79.95254121869957,100.0,0.9571428571428556,1.3744872410369562,0.1868693160583134,0.5407000639419873,0.0122269151376957,56.86668397525291,66.33663366336617,0.6633663366336617,0.8202299904249643,0.6886190058845498,0.2559996971060539,0.0413669567441833,41.33631971527071,27.235772357723715,0.2218543046357624,0.363010907193773,0.248292985723153,0.3949876659334572,0.0612794821237634,44.55677022472928,13.821138211382207,0.5431034482758617,0.3193367834820855,-0.6677188296710157,0.9963472926403006,0.2322641740868564,74.06051138886103,89.3595562279374,0.8935955622793741,0.8967847370361224,2026-07-04/2026-07-10,0.338926,0.151874,86.12094748333334,0.06898201682683514,42.857850748241205,0.2071999465908858,26.68867837195682,0.05273437500000001,1
2026-07-05 11:19:48.142135+00:00,2026-07-05T11:19:48.138241+00:00,SOL,KXSOL15M-26JUL050730-30,2026-07-05T11:30:00Z,80.4275,80.452,-0.0305,10.2,0.01,0.585,0.2753,0.3097,no,trade,0.2411,0.5,0.0,0.0,0.0,1.0,0.3333,0.3333,1,0.6667,0.0,0.002174,0.6857,5.0,92.75,76.0,0.0,0.0373,-0.0621,0.6677,1,-1.0,-0.725,-1.2859,0.0781,,0.2868,1.0,1.0,0.4371,1.0,1.0,27.24,1.0,31.03,-0.086598,0.0,0.0,0.256,-0.0004346,-0.0014891,-0.0006682,-0.1346,,,,0.2607,0.8958,1.0,1.0,-0.0661,62.45,24.0,1.0,0.5295,0.0424,105.83,2500.0,0.0,1.0,149.18,80.51,0.1026,0.0721,Sideways,,Sideways,Bull,Sideways,Bear,,0.5116,0.2753,-0.0526,0.0842,0.5065,2.4477,0.2832,1.6308,0.0029,0.0041,0.3637,0.0,-15379.22,43689317.91,1.326705,-69865424.17,,,,,,,,,,,,,,,,,,,,,,,,2026-07-05 11:19:48.142135+00:00,True,0.415,0.585,467,0.0,0.8305842227095783,0.0124735055203624,71.54045737172507,88.40579710144948,0.9012345679012368,1.0851410364978362,0.0746083063914548,0.5972873861658192,0.0122756665893774,59.54886042185175,72.27722772277231,0.7227722772277231,0.8686481908568897,0.6886190058845498,0.2559996971060539,0.0413669567441833,41.33631971527071,27.235772357723715,0.2218543046357624,0.363010907193773,0.248292985723153,0.3949876659334572,0.0612794821237634,44.55677022472928,13.821138211382207,0.5431034482758617,0.3193367834820855,-0.6677188296710157,0.9963472926403006,0.2322641740868564,74.06051138886103,89.3595562279374,0.8935955622793741,0.8967847370361224,2026-07-04/2026-07-10,0.325671,0.18592900000000007,101.35236891666666,-0.026234942999558974,40.139077004394096,0.2071999465908858,26.68867837195682,0.14029438822447102,2
2026-07-05 11:50:10.904579+00:00,2026-07-05T11:50:10.895158+00:00,SOL,KXSOL15M-26JUL050800-00,2026-07-05T12:00:00Z,80.4825,80.5303,-0.0594,9.82,0.01,0.395,0.2743,0.1207,no,trade,0.5625,0.9333,0.9333,1.0,0.414,1.0,0.0,0.5,0,0.0,0.0,0.001736,0.0,1.0,97.44,98.9,0.0,0.1739,0.1739,0.2697,1,-1.0,-0.725,-1.2859,0.443,,0.2442,1.0,1.0,0.4371,1.0,1.0,27.24,1.0,31.03,-0.086598,0.0,0.0,0.256,-0.0004346,-0.0014891,-0.0006682,-0.1346,,,,0.2607,0.8958,1.0,1.0,0.0086,62.4,24.0,1.0,0.3055,0.0244,61.1,2500.0,1.0,0.0,-61.1,80.59,0.1336,0.0741,Sideways,,Sideways,Bull,Sideways,Bear,,0.4662,0.2743,-0.0526,0.0842,0.5065,2.4477,0.2832,1.6308,0.0029,0.0041,0.3637,0.0,-15329.37,43689317.91,1.326705,-69865424.17,,,,,,,,,,,,,,,,,,,,,,,,2026-07-05 11:50:10.904579+00:00,False,0.605,-0.605,467,0.1738914420568837,0.8797804263990828,0.0088447015826791,85.92613311467977,97.56097560975827,0.98734177215191,1.6116369847620098,0.0,0.6362287862700032,0.0120550175848196,60.97103047172276,89.41176470588356,0.7524752475247537,0.8728911868236712,0.6886190058845498,0.2559996971060539,0.0413669567441833,41.33631971527071,27.235772357723715,0.2218543046357624,0.363010907193773,0.248292985723153,0.3949876659334572,0.0612794821237634,44.55677022472928,13.821138211382207,0.5431034482758617,0.3193367834820855,-0.6677188296710157,0.9963472926403006,0.2322641740868564,74.06051138886103,89.3595562279374,0.8935955622793741,0.8967847370361224,2026-07-04/2026-07-10,0.385298,0.08090200000000003,131.73174298333333,0.09585127152202944,41.01659751037332,0.2071999465908858,26.68867837195682,0.3421658986175115,3
2026-07-05 19:01:34.400395+00:00,2026-07-05T19:01:34.389170+00:00,SOL,KXSOL15M-26JUL051515-15,2026-07-05T19:15:00Z,80.8725,80.9553,-0.1023,13.43,0.01,0.345,0.2743,0.0707,no,trade,0.5318,0.0,1.0,-1.0,1.179,1.0,0.2353,0.0,-1,0.7647,0.0,0.001977,1.0625,-3.0,0.0,0.0,-0.1357,-0.1727,-0.2219,-0.2597,-1,1.0,0.0184,-0.4462,0.1546,,0.3807,1.0,0.0,-0.1232,-1.0,1.0,68.56,1.0,56.76,0.110194,0.0,0.0,0.6385,0.0005559,0.0005672,-0.0006223,0.043,,,,1.0051,0.7603,-1.0,-1.0,-0.0235,62.65,24.0,1.0,0.2049,0.0164,41.27,2500.0,1.0,0.0,-41.27,81.09,0.2689,0.1664,Sideways,,Sideways,Bull,Sideways,Sideways,,0.3762,0.2743,0.1373,0.1365,0.5905,2.0046,0.3458,0.1498,0.0004,0.0006,0.5481,0.0,-396.58,50053939.98,1.201368,66996341.06,,,,,,,,,,,,,,,,,,,,,,,,2026-07-05 19:01:34.400395+00:00,False,0.655,-0.655,470,-0.2092307692307726,0.2279571043500262,0.0034423543192691,40.634196912634394,15.000000000000355,0.0937500000000013,0.1270944372764787,-0.0493096646942858,0.2623895994580329,0.007202640121226,44.84947672949542,22.807017543859125,0.1756756756756707,0.3562311982023943,0.0370141887723551,0.6399942844660138,0.0227136982326228,52.68553055709003,68.55670103092783,0.6157407407407409,0.5506630088367827,1.0050874798362086,0.4548736344707795,0.037504957253173,53.99773080630208,39.473684210526386,0.5755033557046983,0.537797851667261,-0.6677188296710157,0.9963472926403006,0.2322641740868564,74.06051138886103,89.3595562279374,0.8935955622793741,0.8967847370361224,2026-07-04/2026-07-10,0.821216,-0.44501599999999997,40.64000658333334,0.09705842241507501,76.4649715316328,0.312302216579341,57.14380099765454,0.5174506828528073,1
2026-07-06 04:47:34.537240+00:00,2026-07-06T04:47:34.525893+00:00,SOL,KXSOL15M-26JUL060100-00,2026-07-06T05:00:00Z,80.8175,80.8253,-0.0097,12.43,0.01,0.465,0.3225,0.1425,no,trade,0.0607,1.0,1.0,1.0,0.247,1.0,0.7143,1.0,1,0.0,0.2857,0.00345,0.2506,0.0,100.0,28.13,0.0,0.0,0.0618,0.292,1,-1.0,-0.6853,-0.9812,0.3791,,0.327,1.0,0.3922,-0.3827,-1.0,-3.0,10.64,0.0,44.47,0.015698,0.0,0.0,0.3129,-0.0024804,-0.0007197,7.75e-05,-0.2522,,,,-0.9937,0.1105,1.0,1.0,0.0136,63.17,23.0,1.0,0.3065,0.0245,61.53,2500.0,0.0,1.0,53.48,80.9,0.1021,0.0924,Sideways,,Sideways,Bull,Sideways,Sideways,,0.4638,0.3225,0.052,0.0325,0.7742,3.4869,0.1988,-0.7367,-0.0009,0.0014,0.1967,0.0,-1332.64,21448003.58,1.082507,61038735.55,,,,,,,,,,,,,,,,,,,,,,,,2026-07-06 04:47:34.537240+00:00,True,0.5349999999999999,0.4650000000000001,475,0.0370736529906157,0.7710478058512803,0.0071693539470821,63.24742085428445,100.0,0.8775510204081609,0.904624553940917,0.0618046971569752,0.3115416347064298,0.0242403015228542,44.1423415505799,27.215189873418183,0.2402234636871538,0.4432860027089844,-0.3949642063687864,0.3144279779370223,0.0269418896225185,38.09322544994426,9.67741935483908,0.3612167300380245,0.1887385492870433,-1.054438450220696,0.2250713003858753,0.0357036240087794,44.70083701596496,22.72727272727276,0.2272727272727275,0.370708221689266,-0.3177707162063004,0.9214865826760454,0.2515875534183623,72.58581234252053,88.0484114977307,0.8804841149773069,0.8236997961660555,2026-07-04/2026-07-10,0.385099,0.07870099999999997,97.64228733333333,0.18555299855542717,21.838783394090598,-0.2829942324776291,49.79355561549445,0.02811594202898551,1
2026-07-06 05:02:51.223762+00:00,2026-07-06T05:02:51.208634+00:00,SOL,KXSOL15M-26JUL060115-15,2026-07-06T05:15:00Z,80.69,80.7572,-0.0832,12.15,0.01,0.335,0.227,0.108,no,trade,0.5805,0.0,1.0,-1.0,0.195,1.0,1.0,0.0,-1,0.0,0.0,0.003174,0.195,-2.0,58.33,20.98,-0.1236,-0.1853,-0.1853,0.1099,-1,-1.0,-0.4042,-0.8323,0.5301,,0.2983,1.0,0.8,0.1734,1.0,1.0,21.28,1.0,43.13,-0.00366,0.0,0.0,0.393,-0.0016196,-0.0001955,0.0001393,-0.143,,,,-0.9937,0.1105,1.0,1.0,-0.0753,63.23,23.0,1.0,0.3223,0.0258,64.51,2500.0,0.0,1.0,32.5,80.56,-0.1611,-0.2442,Bull,,Sideways,Bull,Sideways,Sideways,,0.4838,0.227,0.035,0.0325,0.755,3.4253,0.2024,0.6929,0.0022,0.0022,0.323,0.0,-1545.18,-45368354.76,0.859649,-34383559.2,,,,,,,,,,,,,,,,,,,,,,,,2026-07-06 05:02:51.223762+00:00,True,0.665,0.3349999999999999,475,-0.0617665225447816,0.6814002810125,0.0072325059528585,50.95652013371589,86.11111111111188,0.8837209302325666,0.4853150912737804,-0.0617665225447816,0.3049984112649883,0.0245088968352698,42.21167771638224,24.050632911393045,0.2122905027933007,0.380739611196275,0.247831474597282,0.3947057433895398,0.0262237006810223,42.92391095101605,20.43010752688225,0.4372623574144516,0.3189295247503586,-1.054438450220696,0.2250713003858753,0.0357036240087794,44.70083701596496,22.72727272727276,0.2272727272727275,0.370708221689266,-0.3177707162063004,0.9214865826760454,0.2515875534183623,72.58581234252053,88.0484114977307,0.8804841149773069,0.8236997961660555,2026-07-04/2026-07-10,0.400105,0.08369500000000002,112.92039603333333,-0.11693609125246196,11.764785896947387,-0.022663330068162235,48.80179264269555,0.26212980466288593,2
2026-07-06 05:48:29.381956+00:00,2026-07-06T05:48:29.375711+00:00,SOL,KXSOL15M-26JUL060200-00,2026-07-06T06:00:00Z,80.3525,80.4377,-0.1059,11.51,0.01,0.275,0.227,0.048,no,trade,0.5615,0.8636,0.8636,1.0,0.12,1.0,0.7,0.9,1,0.1,0.2,0.003036,1.2281,-1.0,34.21,21.67,0.0,0.2242,0.2742,-0.1683,1,-1.0,-0.4042,-0.8323,0.7052,,0.4033,1.0,0.8,0.1734,1.0,1.0,21.28,1.0,43.13,-0.00366,0.0,0.0,0.393,-0.0016196,-0.0001955,0.0001393,-0.143,,,,-0.9937,0.1105,-1.0,-1.0,0.2172,63.11,23.0,1.0,0.1744,0.014,34.8,2500.0,0.0,1.0,13.2,80.46,0.1338,0.0277,Bull,,Sideways,Bull,Sideways,Sideways,,0.2768,0.227,0.035,0.0325,0.755,3.4253,0.2024,0.6929,0.0022,0.0022,0.323,0.0,-23749.69,-45368354.76,0.859649,-34383559.2,,,,,,,,,,,,,,,,,,,,,,,,2026-07-06 05:48:29.381956+00:00,True,0.725,0.275,476,0.2367011336738445,0.2280609830519055,0.0122305470807914,40.49598579659585,35.526315789472925,0.3552631578947292,0.3440913115410188,0.2741774675972142,0.2012836120960486,0.0275233547821492,35.2190136717939,18.620689655172104,0.1273584905660356,0.1305463025093945,0.247831474597282,0.3947057433895398,0.0262237006810223,42.92391095101605,20.43010752688225,0.4372623574144516,0.3189295247503586,-1.054438450220696,0.2250713003858753,0.0357036240087794,44.70083701596496,22.72727272727276,0.2272727272727275,0.370708221689266,-0.3177707162063004,0.9214865826760454,0.2515875534183623,72.58581234252053,88.0484114977307,0.8804841149773069,0.8236997961660555,2026-07-04/2026-07-10,0.473201,-0.196401,158.55636593333332,0.19453276743137682,25.342042037721026,-0.022663330068162235,48.80179264269555,0.34881422924901184,1
2026-07-06 06:08:48.593482+00:00,2026-07-06T06:08:48.581198+00:00,SOL,KXSOL15M-26JUL060215-15,2026-07-06T06:15:00Z,80.355,80.371,-0.0199,6.19,0.01,0.465,0.3225,0.1425,no,trade,0.1818,1.0,1.0,1.0,0.037,1.0,0.0,1.0,0,0.0,1.0,0.002707,0.0459,1.0,40.85,30.21,0.0,0.0,0.0373,-0.1249,1,-1.0,-0.8553,-1.2947,0.666,,0.319,1.0,0.4426,-0.4208,-1.0,-1.0,12.33,-1.0,39.6,-0.049639,0.0,-1.0,0.1306,-0.0022631,-0.0006088,-1.55e-05,-0.2899,,,,-0.9937,0.1105,-1.0,-1.0,-0.0569,63.18,23.0,1.0,0.3065,0.0245,61.53,2500.0,1.0,0.0,-61.53,80.44,0.1058,0.0859,Sideways,,Sideways,Bull,Sideways,Sideways,,0.2086,0.3225,0.01,0.0073,0.9247,4.8235,0.1437,-1.0405,-0.0006,-0.002,0.16,0.0,-22965.62,-45368354.76,0.859649,-34383559.2,,,,,,,,,,,,,,,,,,,,,,,,2026-07-06 06:08:48.593482+00:00,False,0.5349999999999999,-0.5349999999999999,476,0.0248570718369478,0.3372410474036583,0.0124186973273575,43.83081547408231,38.15789473684267,0.3815789473684267,0.4759568874802716,0.0,0.2186954607878445,0.0254202576064174,35.22426149194135,22.499999999999616,0.1273584905660356,0.1532711367698677,-0.5438813349814775,0.1323481019772708,0.023243546752882,35.82868145071917,12.328767123287502,0.2350597609561718,0.1527790681040482,-1.054438450220696,0.2250713003858753,0.0357036240087794,44.70083701596496,22.72727272727276,0.2272727272727275,0.370708221689266,-0.3177707162063004,0.9214865826760454,0.2515875534183623,72.58581234252053,88.0484114977307,0.8804841149773069,0.8236997961660555,2026-07-04/2026-07-10,0.431692,-0.223092,178.87655803333334,-0.0015998745444778528,26.868556701030982,-0.20667192752160668,39.759736083158764,0.07351311414850388,2
2026-07-06 06:18:56.874507+00:00,2026-07-06T06:18:56.863110+00:00,SOL,KXSOL15M-26JUL060230-30,2026-07-06T06:30:00Z,80.315,80.3843,-0.0862,11.06,0.01,0.285,0.2124,0.0726,no,trade,0.6292,0.0,1.0,-1.0,0.003,1.0,0.5,0.0,-1,0.5,0.0,0.00238,0.209,-2.0,42.59,28.05,0.0,-0.0249,-0.0746,-0.1989,-1,-1.0,-0.8553,-1.2947,0.7394,,0.2989,1.0,0.4426,-0.4208,-1.0,-1.0,12.33,-1.0,39.6,-0.049639,0.0,-1.0,0.1306,-0.0022631,-0.0006088,-1.55e-05,-0.2899,,,,-0.9937,0.1105,-1.0,-1.0,0.0733,63.15,23.0,1.0,0.2546,0.0204,50.77,2500.0,0.0,1.0,20.24,80.38,0.0809,-0.0053,Sideways,,Sideways,Bull,Sideways,Sideways,,0.2764,0.2124,0.01,0.0073,0.9247,4.8235,0.1437,-1.0405,-0.0006,-0.002,0.16,0.0,-22879.49,-45368354.76,0.859649,-34383559.2,,,,,,,,,,,,,,,,,,,,,,,,2026-07-06 06:18:56.874507+00:00,True,0.7150000000000001,0.2849999999999999,476,-0.0497017892644224,0.3338870551385831,0.0118758305792142,38.99094321371074,44.64285714285696,0.3289473684210504,0.2868210779738531,-0.0248570718369367,0.226035832958442,0.0234219997108633,34.611599181896594,26.04166666666645,0.1308900523560211,0.153811509488297,-0.5438813349814775,0.1323481019772708,0.023243546752882,35.82868145071917,12.328767123287502,0.2350597609561718,0.1527790681040482,-1.054438450220696,0.2250713003858753,0.0357036240087794,44.70083701596496,22.72727272727276,0.2272727272727275,0.370708221689266,-0.3177707162063004,0.9214865826760454,0.2515875534183623,72.58581234252053,88.0484114977307,0.8804841149773069,0.8236997961660555,2026-07-04/2026-07-10,0.403366,-0.12696600000000002,189.01457511666666,-0.06691067519905003,25.454893698524145,-0.20667192752160668,39.759736083158764,0.3621848739495798,3
2026-07-06 06:48:57.766229+00:00,2026-07-06T06:48:57.757746+00:00,SOL,KXSOL15M-26JUL060300-00,2026-07-06T07:00:00Z,80.2775,80.3605,-0.1033,11.04,0.02,0.31,0.1858,0.1242,no,trade,0.8888,0.8889,0.8889,1.0,12.851,1.0,0.2222,0.8889,1,0.1111,0.6667,0.002257,0.4961,0.0,59.09,27.63,0.0,0.0,0.0249,-0.1117,1,-1.0,-0.8553,-1.2947,0.5565,,0.2537,1.0,0.4426,-0.4208,-1.0,-1.0,12.33,-1.0,39.6,-0.049639,0.0,-1.0,0.1306,-0.0022631,-0.0006088,-1.55e-05,-0.2899,,,,-0.9937,0.1105,-1.0,-0.8978,0.0824,63.16,23.0,1.0,0.4007,0.0321,80.04,2500.0,0.0,1.0,35.96,80.39,0.1401,0.0367,Sideways,,Sideways,Bull,Sideways,Sideways,,0.1669,0.1858,0.01,0.0073,0.9247,4.8235,0.1437,-1.0405,-0.0006,-0.002,0.16,0.0,-12725.33,-45368354.76,0.859649,-34383559.2,,,,,,,,,,,,,,,,,,,,,,,,2026-07-06 06:48:57.766229+00:00,True,0.69,0.31,476,0.0996015936255201,0.4191234472978718,0.0063020778583599,44.61736300914235,59.09090909091379,0.3750000000000127,0.4732630117021313,0.0248818113958826,0.2317735139917627,0.0190072681136556,34.12091206782051,27.631578947369285,0.1206896551724177,0.2016529106475815,-0.5438813349814775,0.1323481019772708,0.023243546752882,35.82868145071917,12.328767123287502,0.2350597609561718,0.1527790681040482,-1.054438450220696,0.2250713003858753,0.0357036240087794,44.70083701596496,22.72727272727276,0.2272727272727275,0.370708221689266,-0.3177707162063004,0.9214865826760454,0.2515875534183623,72.58581234252053,88.0484114977307,0.8804841149773069,0.8236997961660555,2026-07-04/2026-07-10,0.278079,-0.11117900000000003,219.02943715,1.5862076074846243e-05,18.723635300504554,-0.20667192752160668,39.759736083158764,0.45768719539211344,4
2026-07-06 07:04:11.037174+00:00,2026-07-06T07:04:11.020776+00:00,SOL,KXSOL15M-26JUL060315-15,2026-07-06T07:15:00Z,80.215,80.3068,-0.1143,10.82,0.01,0.295,0.1633,0.1317,no,trade,1.199,0.5,0.0,0.0,0.0,1.0,1.0,0.0,-1,0.0,0.0,0.001893,0.0657,0.0,47.06,26.32,0.0,0.0,-0.0124,0.0372,1,-1.0,-0.8458,-1.199,0.5647,,0.2102,1.0,0.4706,-0.1118,-1.0,-2.0,9.13,0.0,41.82,-0.086463,0.0,0.0,0.0965,-0.0037312,-0.0007122,-7.25e-05,-0.2844,,,,-0.9937,0.1105,-1.0,-1.0,-0.0281,63.17,23.0,1.0,0.4464,0.0357,89.54,2500.0,1.0,0.0,-89.54,80.44,0.2805,0.1659,Sideways,,Sideways,Bull,Sideways,Sideways,,0.192,0.1633,-0.0341,0.0363,0.8787,3.3215,0.2087,-0.0732,0.0005,0.0008,0.1577,0.0,-11528.72,-45368354.76,0.859649,-34383559.2,,,,,,,,,,,,,,,,,,,,,,,,2026-07-06 07:04:11.037174+00:00,False,0.7050000000000001,-0.7050000000000001,476,0.0,0.4654358330043416,0.0041381630107906,43.00587892742173,47.05882352941029,0.5,0.4195994481269849,-0.012437810945276,0.2432163329472851,0.0176017580260722,33.67613306387756,26.315789473684408,0.1379310344827603,0.2033490954062997,-0.086999751429273,0.0981613181282636,0.0233670562089968,34.77118103486575,9.13242009132434,0.0913242009132434,0.150342478755797,-1.054438450220696,0.2250713003858753,0.0357036240087794,44.70083701596496,22.72727272727276,0.2272727272727275,0.370708221689266,-0.3177707162063004,0.9214865826760454,0.2515875534183623,72.58581234252053,88.0484114977307,0.8804841149773069,0.8236997961660555,2026-07-04/2026-07-10,0.208602,-0.016602000000000006,234.25061956666664,-0.06858760607364456,10.779555534913623,-0.20390014468799622,30.85738393122666,0.6038034865293186,5
2026-07-06 14:05:03.756874+00:00,2026-07-06T14:05:03.746453+00:00,SOL,KXSOL15M-26JUL061015-15,2026-07-06T14:15:00Z,80.1275,80.1832,-0.0695,9.94,0.01,0.475,0.376,0.099,no,trade,0.1205,0.0,1.0,-1.0,0.117,1.0,0.2131,0.0,-1,0.7869,0.0,0.005636,1.3491,-2.0,59.63,54.86,0.0374,-0.0498,-0.7915,0.6573,-1,-1.0,-0.5039,-0.8777,0.1534,,1.326,1.0,0.6211,0.9687,1.0,1.0,32.79,1.0,40.09,-0.103258,0.0,0.0,0.2617,-0.0012207,-0.0013083,-0.0004698,-0.0773,,,,-0.4824,0.4022,0.0,0.425,0.0941,62.42,23.0,1.0,0.2085,0.0167,41.48,2500.0,0.0,1.0,37.53,80.07,-0.0718,-0.1412,Bear,,Sideways,Bull,Sideways,Sideways,,0.432,0.376,-0.1986,-0.1131,0.7565,2.1526,0.322,1.9884,0.0034,0.0061,0.436,0.0,-37031.22,-26192549.23,0.881577,-68008563.47,,,,,,,,,,,,,,,,,,,,,,,,2026-07-06 14:05:03.756874+00:00,True,0.525,0.475,480,-0.0498380264141617,0.6689812558652802,0.0218424242165702,54.60963105101726,60.37735849056606,0.6037735849056606,0.6199880644405638,-0.1120099564405618,0.4825722884099465,0.0196537032595861,52.89467793953527,57.14285714285714,0.5714285714285714,0.6123967680405396,0.8544860517718078,0.2571056262835252,0.0321405282935847,45.15432723413872,32.78688524590167,0.3205128205128215,0.4295173027963133,-0.4823747680890555,0.1501688832211317,0.0362344421306117,42.02166881688775,16.985645933014176,0.1698564593301417,0.34245381447599,-0.3177707162063004,0.9214865826760454,0.2515875534183623,72.58581234252053,88.0484114977307,0.8804841149773069,0.8236997961660555,2026-07-04/2026-07-10,0.548549,-0.11654899999999996,70.97928123333332,0.2606449355439411,26.339608979000545,0.04997884077917458,17.466242773223318,0.12331440738112137,1
2026-07-06 14:40:30.950216+00:00,2026-07-06T14:40:30.935131+00:00,SOL,KXSOL15M-26JUL061045-45,2026-07-06T14:45:00Z,80.305,80.344,-0.0485,4.49,0.02,0.6,0.3654,0.2346,no,trade,0.1025,1.0,0.2222,1.0,0.034,1.0,0.5882,0.8235,1,0.1765,0.2353,0.006227,1.7,-1.0,55.04,58.86,0.0,0.0249,-0.5327,0.6062,-1,-1.0,-0.5039,-0.8777,0.0564,,1.6212,1.0,0.6211,0.9687,1.0,1.0,32.79,1.0,40.09,-0.103258,0.0,0.0,0.2617,-0.0012207,-0.0013083,-0.0004698,-0.0773,,,,-0.4824,0.4022,1.0,0.8444,0.1143,62.5,23.0,1.0,0.391,0.0313,78.4,2500.0,1.0,0.0,-78.4,80.43,0.1557,0.107,Bear,,Sideways,Bull,Sideways,Sideways,,0.4842,0.3654,-0.1986,-0.1131,0.7565,2.1526,0.322,1.9884,0.0034,0.0061,0.436,0.0,-42463.8,-26192549.23,0.881577,-68008563.47,,,,,,,,,,,,,,,,,,,,,,,,2026-07-06 14:40:30.950216+00:00,False,0.4,-0.4,480,-0.0746733042937042,0.6655977473920693,0.022534403675216,53.67142998161452,60.28368794326317,0.6477987421383699,0.5661184438455839,0.6244536030972858,0.6831906952855866,0.0199238413605968,60.07925040164154,74.85714285714218,0.7485714285714218,0.7663383898519518,0.8544860517718078,0.2571056262835252,0.0321405282935847,45.15432723413872,32.78688524590167,0.3205128205128215,0.4295173027963133,-0.4823747680890555,0.1501688832211317,0.0362344421306117,42.02166881688775,16.985645933014176,0.1698564593301417,0.34245381447599,-0.3177707162063004,0.9214865826760454,0.2515875534183623,72.58581234252053,88.0484114977307,0.8804841149773069,0.8236997961660555,2026-07-04/2026-07-10,0.428393,0.055806999999999995,106.4325036,0.27762231451904373,47.942747353666014,0.04997884077917458,17.466242773223318,0.07788662277180022,2
2026-07-06 15:31:15.364478+00:00,2026-07-06T15:31:15.359411+00:00,SOL,KXSOL15M-26JUL061145-45,2026-07-06T15:45:00Z,80.6675,80.709,-0.0514,13.75,0.01,0.475,0.3407,0.1343,no,trade,0.1035,0.5,0.0,0.0,0.0,1.0,1.0,0.0,-1,0.0,0.0,0.006341,0.235,0.0,58.46,79.5,0.0,0.0,-0.1116,0.1444,-1,-1.0,-0.3357,-0.7699,0.1251,,0.9716,1.0,0.5882,0.262,1.0,2.0,36.39,0.0,34.72,-0.069524,0.0,0.0,0.3191,-0.0001865,-0.0006713,-0.0005664,-0.0333,,,,-0.4824,0.4022,1.0,1.0,-0.2993,62.51,23.0,1.0,0.2827,0.0226,56.7,2500.0,1.0,0.0,-56.7,81.32,0.8089,0.757,Bear,,Sideways,Bull,Sideways,Sideways,,0.3881,0.3407,-0.2032,-0.1184,0.7021,2.1497,0.3224,0.3486,0.0016,-0.0015,0.4865,0.0,-44233.94,-26192549.23,0.881577,-68008563.47,,,,,,,,,,,,,,,,,,,,,,,,2026-07-06 15:31:15.364478+00:00,False,0.525,-0.525,481,0.0,0.7062915582296438,0.0103744200880163,55.66120089694749,74.6987951807236,0.683673469387764,0.6035057228460318,-0.0620424370269212,0.6347641206576677,0.020232088971315,57.787427793061156,80.50314465408867,0.7314285714285721,0.6532323960036256,0.1370545726389282,0.3154814318431936,0.0325749637201481,47.13247825800686,36.39344262295083,0.3557692307692316,0.4817930108582595,-0.4823747680890555,0.1501688832211317,0.0362344421306117,42.02166881688775,16.985645933014176,0.1698564593301417,0.34245381447599,-0.3177707162063004,0.9214865826760454,0.2515875534183623,72.58581234252053,88.0484114977307,0.8804841149773069,0.8236997961660555,2026-07-04/2026-07-10,0.47514,-0.08704,157.17274129999998,-0.10426471143405447,90.41817317990397,0.40832355218343164,27.234250177159964,0.08105976975240499,1
2026-07-06 15:46:28.089918+00:00,2026-07-06T15:46:28.073898+00:00,SOL,KXSOL15M-26JUL061200-00,2026-07-06T16:00:00Z,81.13,81.2378,-0.1327,13.54,0.01,0.445,0.3784,0.0666,no,trade,0.2272,0.7612,0.7612,1.0,4.033,1.0,0.8161,0.8161,1,0.1839,0.0,0.006026,1.7755,2.0,92.8,95.81,0.0862,0.2218,0.7184,0.9637,1,-1.0,-0.3357,-0.7699,999.0,,1.1516,1.0,0.5882,0.262,1.0,2.0,36.39,0.0,34.72,-0.069524,0.0,0.0,0.3191,-0.0001865,-0.0006713,-0.0005664,-0.0333,,,,-0.4824,0.4022,1.0,0.9999,-0.2608,62.54,23.0,1.0,0.1497,0.012,29.97,2500.0,1.0,0.0,-29.97,81.38,0.3081,0.175,Bear,,Sideways,Bull,Sideways,Sideways,,0.4449,0.3784,-0.2032,-0.1184,0.7021,2.1497,0.3224,0.3486,0.0016,-0.0015,0.4865,0.0,-39439.05,-26192549.23,0.881577,-68008563.47,,,,,,,,,,,,,,,,,,,,,,,,2026-07-06 15:46:28.089918+00:00,False,0.5549999999999999,-0.5549999999999999,481,0.7926678226405803,1.223466213949976,0.0157179471503108,79.89933964311234,97.59999999999992,0.9805194805194796,1.5292202280233402,1.0429600198659017,1.0462663983774216,0.0232472344700436,74.08213572609064,98.60465116279065,0.9860465116279064,1.1036396011452698,0.1370545726389282,0.3154814318431936,0.0325749637201481,47.13247825800686,36.39344262295083,0.3557692307692316,0.4817930108582595,-0.4823747680890555,0.1501688832211317,0.0362344421306117,42.02166881688775,16.985645933014176,0.1698564593301417,0.34245381447599,-0.3177707162063004,0.9214865826760454,0.2515875534183623,72.58581234252053,88.0484114977307,0.8804841149773069,0.8236997961660555,2026-07-04/2026-07-10,0.451857,-0.006956999999999991,172.38483196666667,0.683279961594141,96.42079324978552,0.40832355218343164,27.234250177159964,0.2202124128775307,2
2026-07-06 16:01:43.669294+00:00,2026-07-06T16:01:43.654717+00:00,SOL,KXSOL15M-26JUL061215-15,2026-07-06T16:15:00Z,81.3125,81.4013,-0.1091,13.28,0.01,0.565,0.2753,0.2897,no,trade,0.2139,0.0,0.1667,-1.0,0.458,1.0,0.0263,0.6316,-1,0.3421,0.6316,0.005973,0.7812,3.0,94.12,96.46,0.0,0.0614,0.1476,0.6479,1,1.0,0.8245,0.378,999.0,,1.0153,1.0,0.8852,1.3323,1.0,3.0,89.08,0.0,48.82,0.024009,0.0,0.0,0.6868,0.0026631,0.0006992,-1.02e-05,0.256,,50.0,50.0,1.1937,0.9381,1.0,0.9984,-0.1295,62.79,23.0,1.0,0.5128,0.041,102.66,2500.0,1.0,0.0,-102.66,82.06,0.9193,0.8092,Bull,,Sideways,Bull,Sideways,Sideways,,0.4437,0.2753,-0.1177,-0.0922,0.6611,2.3179,0.299,2.4271,0.0042,0.0023,0.8164,0.0,-11728.03,-26192549.23,0.881577,-68008563.47,,,,,,,,,,,,,,,,,,,,,,,,2026-07-06 16:01:43.669294+00:00,False,0.435,-0.435,481,-0.0122865216857115,0.9682395978021134,0.0190903676932433,73.5325995216992,89.70588235294113,0.9124999999999992,1.1152270657759504,0.0,0.9755257781993578,0.0257254604520072,74.06585049439488,93.80530973451322,0.9380530973451322,1.0120314820147778,1.256687818837854,0.6889252221867083,0.0330511931984187,61.72097140569894,89.0756302521006,0.6794871794871785,0.8157160405995604,1.143425304499135,0.4601524376331742,0.0361819376544895,54.728452431059175,60.39886039886028,0.4539614561027815,0.5810889487984567,-0.3177707162063004,0.9214865826760454,0.2515875534183623,72.58581234252053,88.0484114977307,0.8804841149773069,0.8236997961660555,2026-07-04/2026-07-10,0.41558,0.02811999999999998,187.64448823333333,1.0237218069746756,99.23892435849288,2.4019478555597384,93.58973811891111,0.1826552821027959,3
2026-07-06 16:32:10.363247+00:00,2026-07-06T16:32:10.347747+00:00,SOL,KXSOL15M-26JUL061245-45,2026-07-06T16:45:00Z,81.7875,81.8042,-0.0204,12.83,0.01,0.545,0.3116,0.2334,no,trade,0.0379,1.0,0.5833,1.0,0.54,1.0,0.2222,0.1905,-1,0.5873,0.1905,0.006416,1.2,-2.0,70.49,82.64,0.0,0.0856,-0.2681,0.7589,-1,1.0,0.8245,0.378,999.0,,1.091,1.0,0.8852,1.3323,1.0,3.0,89.08,0.0,48.82,0.024009,0.0,0.0,0.6868,0.0026631,0.0006992,-1.02e-05,0.256,,50.0,50.0,1.1937,0.9381,1.0,0.9224,0.1922,62.1,23.0,1.0,0.4283,0.0343,85.54,2500.0,1.0,0.0,-85.54,81.96,0.2109,0.1905,Bull,,Sideways,Bull,Sideways,Sideways,,0.3045,0.3116,-0.1177,-0.0922,0.6611,2.3179,0.299,2.4271,0.0042,0.0023,0.8164,0.0,-11939.53,-26192549.23,0.881577,-68008563.47,,,,,,,,,,,,,,,,,,,,,,,,2026-07-06 16:32:10.363247+00:00,False,0.4549999999999999,-0.4549999999999999,481,-0.0366345097081444,0.7974678883088294,0.0311892835432396,69.60226454876859,72.13114754098329,0.7692307692307677,0.8098638650685033,-0.3044696139325342,0.9712124792759312,0.0353036388274914,73.16161201127983,83.60128617363327,0.8360128617363327,0.980824855935158,1.256687818837854,0.6889252221867083,0.0330511931984187,61.72097140569894,89.0756302521006,0.6794871794871785,0.8157160405995604,1.143425304499135,0.4601524376331742,0.0361819376544895,54.728452431059175,60.39886039886028,0.4539614561027815,0.5810889487984567,-0.3177707162063004,0.9214865826760454,0.2515875534183623,72.58581234252053,88.0484114977307,0.8804841149773069,0.8236997961660555,2026-07-04/2026-07-10,0.412295,-0.10779500000000003,218.08938744999998,-0.5167665122890464,86.05372721638687,2.4019478555597384,93.58973811891111,0.03179551122194514,4
2026-07-06 16:52:27.606713+00:00,2026-07-06T16:52:27.594070+00:00,SOL,KXSOL15M-26JUL061300-00,2026-07-06T17:00:00Z,82.005,81.994,0.0134,7.54,0.01,0.735,0.5864,0.1486,no,trade,-0.0342,1.0,1.0,1.0,3.952,1.0,0.4333,0.4333,1,0.5667,0.0,0.006367,0.5746,2.0,70.73,87.71,0.0,0.061,-0.1461,0.5441,1,1.0,0.8245,0.378,999.0,,1.0361,1.0,0.8852,1.3323,1.0,3.0,89.08,0.0,48.82,0.024009,0.0,0.0,0.6868,0.0026631,0.0006992,-1.02e-05,0.256,,,,1.1937,0.9381,-1.0,-0.8084,0.0186,62.07,23.0,1.0,0.2022,0.0162,40.55,2500.0,1.0,0.0,-40.55,82.09,0.1037,0.1171,Bull,,Sideways,Bull,Sideways,Sideways,,0.272,0.5864,-0.1177,-0.0922,0.6611,2.3179,0.299,2.4271,0.0042,0.0023,0.8164,0.0,-21559.18,-26192549.23,0.881577,-68008563.47,,,,,,,,,,,,,,,,,,,,,,,,2026-07-06 16:52:27.606713+00:00,False,0.265,-0.265,481,0.0610053684724443,0.7467427326589765,0.0292678748930321,66.41079237920945,77.91411042944802,0.8032786885245903,0.7977014185735508,0.1221597849987654,0.9473512312879988,0.0385226183487739,74.4155305503773,86.81672025723438,0.8681672025723438,0.9726856577351716,1.256687818837854,0.6889252221867083,0.0330511931984187,61.72097140569894,89.0756302521006,0.6794871794871785,0.8157160405995604,1.143425304499135,0.4601524376331742,0.0361819376544895,54.728452431059175,60.39886039886028,0.4539614561027815,0.5810889487984567,-0.3177707162063004,0.9214865826760454,0.2515875534183623,72.58581234252053,88.0484114977307,0.8804841149773069,0.8236997961660555,2026-07-04/2026-07-10,0.480013,-0.208013,238.37677854999998,0.38322908143617607,95.72017670708274,2.4019478555597384,93.58973811891111,0.021046018533061095,5
2026-07-06 17:02:39.044534+00:00,2026-07-06T17:02:39.034582+00:00,SOL,KXSOL15M-26JUL061315-15,2026-07-06T17:15:00Z,82.0025,82.0437,-0.0502,12.35,0.02,0.44,0.3225,0.1175,no,trade,0.1199,1.0,1.0,1.0,0.013,1.0,1.0,1.0,1,0.0,0.0,0.006147,0.2578,-1.0,68.27,86.8,-0.0122,-0.0609,0.0976,0.4621,1,1.0,1.5397,1.211,999.0,,0.8643,1.0,0.7308,0.9345,1.0,4.0,91.0,0.0,58.17,0.125115,0.0,0.0,0.8996,0.0029702,0.0012169,0.0005107,0.4066,,,,1.1937,0.9381,-1.0,-0.8084,-0.0349,61.97,23.0,1.0,0.2671,0.0214,53.2,2500.0,0.0,1.0,41.8,81.96,-0.0518,-0.102,Bull,,Sideways,Bull,Sideways,Sideways,,0.2648,0.3225,-0.0135,0.0027,0.6895,5.6855,0.1219,1.6166,0.0023,-0.0016,0.9739,0.0,-8846.8,5113049.29,1.00631,-1252993.29,,,,,,,,,,,,,,,,,,,,,,,,2026-07-06 17:02:39.044534+00:00,True,0.56,0.4399999999999999,481,0.0487507617306537,0.7354159727819974,0.0271840877345445,69.12091399436763,76.27118644067801,0.846994535519125,0.865980415296943,0.1586139580283196,0.9246139166221856,0.0419606317256584,76.13841920143219,90.44368600682591,0.9099678456591636,1.0093867591579184,0.8724502334725992,0.9030534287210632,0.0356397145629935,68.70567092759178,90.99678456591636,0.9070512820512844,0.9744727598115318,1.143425304499135,0.4601524376331742,0.0361819376544895,54.728452431059175,60.39886039886028,0.4539614561027815,0.5810889487984567,-0.3177707162063004,0.9214865826760454,0.2515875534183623,72.58581234252053,88.0484114977307,0.8804841149773069,0.8236997961660555,2026-07-04/2026-07-10,0.443748,-0.178948,248.5674089,-0.03801656756680094,94.75758394380972,0.3022553041090781,94.75758394380972,0.0816658532617537,6
2026-07-06 17:17:51.997445+00:00,2026-07-06T17:17:51.982071+00:00,SOL,KXSOL15M-26JUL061330-30,2026-07-06T17:30:00Z,81.885,81.912,-0.033,12.14,0.02,0.51,0.3225,0.1875,no,trade,0.0913,1.0,1.0,1.0,0.002,1.0,0.65,0.05,-1,0.3,0.05,0.005534,0.4409,0.0,34.92,83.6,0.0,0.0122,-0.0975,0.3088,-1,1.0,1.5397,1.211,999.0,,0.7515,1.0,0.7308,0.9345,1.0,4.0,91.0,0.0,58.17,0.125115,0.0,0.0,0.8996,0.0029702,0.0012169,0.0005107,0.4066,,,,1.1937,0.9381,1.0,1.0,-0.5384,61.92,23.0,1.0,0.3677,0.0294,73.5,2500.0,1.0,0.0,-73.5,82.0,0.1404,0.1074,Bull,,Sideways,Bull,Sideways,Sideways,,0.1628,0.3225,-0.0135,0.0027,0.6895,5.6855,0.1219,1.6166,0.0023,-0.0016,0.9739,0.0,-14438.93,5113049.29,1.00631,-1252993.29,,,,,,,,,,,,,,,,,,,,,,,,2026-07-06 17:17:51.997445+00:00,False,0.49,-0.49,481,0.0122025625381327,0.6195817774851777,0.018611008110167,57.49304227189882,51.76470588235216,0.7484662576687066,0.5258354991252431,-0.1583627725667113,0.8437152696975261,0.0440346341560258,70.70372812439105,83.59999999999957,0.8681672025723438,0.8658779544065016,0.8724502334725992,0.9030534287210632,0.0356397145629935,68.70567092759178,90.99678456591636,0.9070512820512844,0.9744727598115318,1.143425304499135,0.4601524376331742,0.0361819376544895,54.728452431059175,60.39886039886028,0.4539614561027815,0.5810889487984567,-0.3177707162063004,0.9214865826760454,0.2515875534183623,72.58581234252053,88.0484114977307,0.8804841149773069,0.8236997961660555,2026-07-04/2026-07-10,0.418647,-0.255847,263.78329075,0.23264377312979256,97.9779492062937,0.3022553041090781,94.75758394380972,0.05963136971449223,7
2026-07-06 17:33:04.370836+00:00,2026-07-06T17:33:04.360978+00:00,SOL,KXSOL15M-26JUL061345-45,2026-07-06T17:45:00Z,81.9525,82.0062,-0.0655,11.93,0.02,0.43,0.3225,0.1075,no,trade,0.2076,0.0,0.0,0.0,0.345,1.0,0.5,0.55,1,0.45,0.05,0.005174,0.4714,-1.0,63.41,85.2,0.0,-0.1461,0.0488,0.2101,-1,1.0,1.5397,1.211,999.0,,0.6622,1.0,0.7308,0.9345,1.0,4.0,91.0,0.0,58.17,0.125115,0.0,0.0,0.8996,0.0029702,0.0012169,0.0005107,0.4066,,,,1.1937,0.9381,1.0,0.9942,0.0957,61.88,23.0,1.0,0.25,0.02,50.16,2500.0,0.0,1.0,37.84,81.51,-0.5399,-0.6051,Bull,,Sideways,Bull,Sideways,Sideways,,0.0886,0.3225,-0.0135,0.0027,0.6895,5.6855,0.1219,1.6166,0.0023,-0.0016,0.9739,0.0,-14184.03,5113049.29,1.00631,-1252993.29,,,,,,,,,,,,,,,,,,,,,,,,2026-07-06 17:33:04.370836+00:00,True,0.5700000000000001,0.4299999999999999,481,0.1952171791117729,0.7241050654197843,0.0112489736682671,67.958983173988,92.6829268292682,0.7881355932203402,0.9004089950704973,0.1952171791117729,0.8455692646020284,0.0460738751156863,73.38783251242914,90.0,0.919614147909968,0.9369753201826044,0.8724502334725992,0.9030534287210632,0.0356397145629935,68.70567092759178,90.99678456591636,0.9070512820512844,0.9744727598115318,1.143425304499135,0.4601524376331742,0.0361819376544895,54.728452431059175,60.39886039886028,0.4539614561027815,0.5810889487984567,-0.3177707162063004,0.9214865826760454,0.2515875534183623,72.58581234252053,88.0484114977307,0.8804841149773069,0.8236997961660555,2026-07-04/2026-07-10,0.304538,-0.21593799999999996,278.9895139333333,0.07671545721723572,99.20419342823641,0.3022553041090781,94.75758394380972,0.12659451101662159,8
2026-07-06 19:04:25.263773+00:00,2026-07-06T19:04:25.252471+00:00,SOL,KXSOL15M-26JUL061515-15,2026-07-06T19:15:00Z,81.8325,81.9475,-0.1403,10.58,0.02,0.34,0.227,0.113,no,trade,0.477,0.5,0.0,0.0,0.024,1.0,0.7273,0.7273,1,0.2727,0.0,0.004941,0.8148,-1.0,68.67,66.67,0.0,-0.207,0.0855,0.1703,-1,1.0,1.3461,1.169,999.0,,0.6561,1.0,0.8916,0.7236,1.0,1.0,92.28,1.0,58.9,0.200276,0.0,1.0,0.901,0.0054454,0.0017845,0.0005361,0.3285,,,,1.1937,0.9381,-1.0,-1.0,-0.1312,61.94,23.0,1.0,0.3323,0.0266,66.66,2500.0,0.0,1.0,34.34,81.92,0.1069,-0.0336,Sideways,,Sideways,Bull,Sideways,Sideways,,0.3981,0.227,-0.0992,-0.054,0.6924,2.9108,0.2381,1.0411,-0.0005,0.0026,0.8631,0.0,-8658.3,5113049.29,1.00631,-1252993.29,,,,,,,,,,,,,,,,,,,,,,,,2026-07-06 19:04:25.263773+00:00,True,0.6599999999999999,0.3400000000000001,482,-0.1094624179031944,0.8714071905953991,0.0116884653210356,67.16913687911733,89.15662650602366,0.8915662650602366,1.083653876542817,0.2196461256863902,0.7668636117573401,0.0341396253943121,66.13631141939697,86.88524590163883,0.9039999999999964,0.8683098471380958,0.5632423166401335,0.9043751216209692,0.0364354529886258,65.87699984786565,92.28295819935664,0.9228295819935662,0.8672489919846154,1.143425304499135,0.4601524376331742,0.0361819376544895,54.728452431059175,60.39886039886028,0.4539614561027815,0.5810889487984567,-0.3177707162063004,0.9214865826760454,0.2515875534183623,72.58581234252053,88.0484114977307,0.8804841149773069,0.8236997961660555,2026-07-04/2026-07-10,0.241088,0.157012,370.33772955,-0.13786727245708175,86.36349586107545,0.20230691541409662,91.51592542876148,0.28395061728395066,1
2026-07-06 21:01:09.968241+00:00,2026-07-06T21:01:09.954926+00:00,SOL,KXSOL15M-26JUL061715-15,2026-07-06T21:15:00Z,82.0725,82.0833,-0.0132,13.84,0.02,0.58,0.3116,0.2684,no,trade,0.0643,0.5,0.0,0.0,0.0,1.0,0.7619,1.0,1,0.0,0.2381,0.003044,0.84,-1.0,95.12,89.16,-0.0243,-0.0243,0.2196,0.1803,1,1.0,1.137,1.1635,999.0,,0.399,1.0,1.0,0.1829,1.0,1.0,92.93,0.0,63.21,0.210675,0.0,0.0,0.8901,0.003651,0.0017322,0.0005411,0.2657,,,,0.7741,0.6538,1.0,1.0,-0.0226,61.8,23.0,1.0,0.4628,0.037,92.4,2500.0,1.0,0.0,-92.4,82.99,1.1179,1.1046,Sideways,,Sideways,Bull,Sideways,Sideways,,0.3092,0.3116,-0.1209,-0.0542,0.6969,2.9146,0.2378,0.3091,-0.0005,0.0011,0.8024,0.0,8780.07,11687332.6,1.032962,-17251077.62,,,,,,,,,,,,,,,,,,,,,,,,2026-07-06 21:01:09.968241+00:00,False,0.42,-0.42,483,0.0,0.8105431464793483,0.0058118623737146,62.9065990934082,100.0,1.0,0.935530717527159,0.0609013398294999,0.7693080857969813,0.0102434888073117,63.223615923900105,91.56626506024178,0.7884615384615409,0.758096587451049,0.1707108889159814,0.893172568132524,0.0374802801280389,65.18033814686481,92.9260450160772,0.929260450160772,0.8053628702213139,0.7741459818137342,0.6636936552031931,0.036606698265707,61.38147449494486,78.34757834757855,0.5888650963597428,0.7051555341498293,-0.3177707162063004,0.9214865826760454,0.2515875534183623,72.58581234252053,88.0484114977307,0.8804841149773069,0.8236997961660555,2026-07-04/2026-07-10,0.357762,-0.04856200000000005,487.08280401666667,-0.031195452980836702,75.06306724272933,0.1846891907543613,96.52567569126855,0.04336399474375821,1
2026-07-06 21:31:34.053279+00:00,2026-07-06T21:31:34.039772+00:00,SOL,KXSOL15M-26JUL061745-45,2026-07-06T21:45:00Z,82.56,82.639,-0.0956,13.44,0.02,0.45,0.3462,0.1038,no,trade,0.1798,0.381,0.619,-1.0,0.639,1.0,0.7045,0.1818,-1,0.1136,0.1818,0.004043,1.3191,-2.0,34.62,48.26,-0.121,-0.2056,-0.6383,-0.4704,-1,1.0,1.137,1.1635,999.0,,1.0518,1.0,1.0,0.1829,1.0,1.0,92.93,0.0,63.21,0.210675,0.0,0.0,0.8901,0.003651,0.0017322,0.0005411,0.2657,,,,0.7741,0.6538,-1.0,-1.0,-0.2792,62.64,23.0,1.0,0.2306,0.0184,46.2,2500.0,0.0,1.0,37.8,82.59,0.0363,-0.0593,Sideways,,Sideways,Bull,Sideways,Sideways,,0.387,0.3462,-0.1209,-0.0542,0.6969,2.9146,0.2378,0.3091,-0.0005,0.0011,0.8024,0.0,46404.25,11687332.6,1.032962,-17251077.62,,,,,,,,,,,,,,,,,,,,,,,,2026-07-06 21:31:34.053279+00:00,True,0.55,0.4499999999999999,483,-0.1570048309178728,0.7679725185358397,0.0208805976737173,60.36481202011231,45.74468085106391,0.4769230769230797,0.662136440631413,-0.4575556893437582,0.9566934643277204,0.0175815122462368,65.54391952855386,55.6521739130436,0.556521739130436,0.8319851431531792,0.1707108889159814,0.893172568132524,0.0374802801280389,65.18033814686481,92.9260450160772,0.929260450160772,0.8053628702213139,0.7741459818137342,0.6636936552031931,0.036606698265707,61.38147449494486,78.34757834757855,0.5888650963597428,0.7051555341498293,-0.3177707162063004,0.9214865826760454,0.2515875534183623,72.58581234252053,88.0484114977307,0.8804841149773069,0.8236997961660555,2026-07-04/2026-07-10,0.340545,0.046455000000000024,517.4842213166667,-0.15282724972187633,62.04338059151977,0.1846891907543613,96.52567569126855,0.23645807568637153,2
2026-07-06 21:46:45.766693+00:00,2026-07-06T21:46:45.756078+00:00,SOL,KXSOL15M-26JUL061800-00,2026-07-06T22:00:00Z,82.5025,82.5635,-0.0739,13.24,0.01,0.405,0.3407,0.0643,no,trade,0.1509,1.0,1.0,1.0,0.0,1.0,0.0,0.4118,0,0.5882,0.4118,0.004117,1.0,0.0,37.14,48.36,0.0,0.0,0.1091,-0.3798,-1,1.0,1.137,1.1635,999.0,,0.9757,1.0,1.0,0.1829,1.0,1.0,92.93,0.0,63.21,0.210675,0.0,0.0,0.8901,0.003651,0.0017322,0.0005411,0.2657,,,,0.7741,0.6538,-1.0,-1.0,0.0498,62.52,23.0,1.0,0.1587,0.0127,31.54,2500.0,1.0,0.0,-31.54,82.75,0.3,0.2259,Sideways,,Sideways,Bull,Sideways,Sideways,,0.3746,0.3407,-0.1209,-0.0542,0.6969,2.9146,0.2378,0.3091,-0.0005,0.0011,0.8024,0.0,46407.4,11687332.6,1.032962,-17251077.62,,,,,,,,,,,,,,,,,,,,,,,,2026-07-06 21:46:45.766693+00:00,False,0.595,-0.595,483,0.0848279205041269,0.6624480582626301,0.0210157295048291,54.63683352233645,37.142857142857466,0.4240837696335098,0.5208599621224926,-0.0967702915204982,0.8574391176826904,0.0186527862907252,62.66501524158047,52.17391304347845,0.5217391304347845,0.7247561383652013,0.1707108889159814,0.893172568132524,0.0374802801280389,65.18033814686481,92.9260450160772,0.929260450160772,0.8053628702213139,0.7741459818137342,0.6636936552031931,0.036606698265707,61.38147449494486,78.34757834757855,0.5888650963597428,0.7051555341498293,-0.3177707162063004,0.9214865826760454,0.2515875534183623,72.58581234252053,88.0484114977307,0.8804841149773069,0.8236997961660555,2026-07-04/2026-07-10,0.28482,0.08977999999999997,532.6794448833333,-0.057407667130171536,58.13354953664032,0.1846891907543613,96.52567569126855,0.1794996356570318,3
2026-07-06 22:17:15.076930+00:00,2026-07-06T22:17:15.061801+00:00,SOL,KXSOL15M-26JUL061830-30,2026-07-06T22:30:00Z,82.5625,82.629,-0.0805,12.75,0.01,0.365,0.3225,0.0425,no,trade,0.2212,0.7143,0.4286,1.0,0.032,1.0,0.7273,0.2273,-1,0.0455,0.2273,0.00409,0.6512,-2.0,12.1,44.1,0.0,-0.1209,-0.2295,-0.3577,-1,1.0,1.7046,1.8277,999.0,,0.7389,1.0,0.4259,0.7671,1.0,2.0,79.01,-1.0,64.02,0.241758,0.0,0.0,1.0077,0.0028026,0.0027328,0.0004302,0.4071,,,,0.7741,0.6538,-1.0,-1.0,0.2933,62.52,23.0,1.0,0.1165,0.0093,23.5,2500.0,0.0,1.0,13.51,82.4,-0.1968,-0.2771,Bull,,Sideways,Bull,Sideways,Bull,,0.3385,0.3225,-0.1143,-0.0433,0.7291,3.1176,0.2223,1.3195,0.0017,0.0021,0.9104,0.0,28704.74,11687332.6,1.032962,-17251077.62,,,,,,,,,,,,,,,,,,,,,,,,2026-07-06 22:17:15.076930+00:00,True,0.635,0.365,483,0.0,0.593353176404261,0.0166093742338204,55.00529323014577,36.87500000000035,0.422857142857148,0.52820869263251,-0.0966650555824011,0.826153961188248,0.0211901452446974,62.97724249528335,48.205128205128744,0.5608695652173947,0.7066497401811289,0.7425441265976884,1.0112282122560232,0.0420459789036144,71.71825658156071,79.00677200902948,0.7900677200902948,0.9137467651090736,0.7741459818137342,0.6636936552031931,0.036606698265707,61.38147449494486,78.34757834757855,0.5888650963597428,0.7051555341498293,-0.3177707162063004,0.9214865826760454,0.2515875534183623,72.58581234252053,88.0484114977307,0.8804841149773069,0.8236997961660555,2026-07-04/2026-07-10,0.461254,-0.12275399999999997,563.1679488333334,-0.1766383560364848,72.94127629085668,1.0038765239551495,94.7908267038959,0.19682151589242056,4
2026-07-06 22:32:27.299368+00:00,2026-07-06T22:32:27.292373+00:00,SOL,KXSOL15M-26JUL061845-45,2026-07-06T22:45:00Z,82.3425,82.353,-0.0127,12.55,0.02,0.56,0.3462,0.2138,no,trade,0.0394,0.0,0.7778,-1.0,0.117,1.0,0.8148,0.0,-1,0.1852,0.0,0.004039,0.8112,1.0,4.08,34.87,0.0243,0.0121,-0.2179,-0.5765,-1,1.0,1.7046,1.8277,999.0,,0.6623,1.0,0.4259,0.7671,1.0,2.0,79.01,-1.0,64.02,0.241758,0.0,0.0,1.0077,0.0028026,0.0027328,0.0004302,0.4071,,,,0.7741,0.6538,-1.0,-1.0,0.1,62.51,23.0,1.0,0.3817,0.0305,76.56,2500.0,1.0,0.0,-76.56,82.38,0.0455,0.0328,Bull,,Sideways,Bull,Sideways,Bull,,0.3196,0.3462,-0.1143,-0.0433,0.7291,3.1176,0.2223,1.3195,0.0017,0.0021,0.9104,0.0,28043.85,11687332.6,1.032962,-17251077.62,,,,,,,,,,,,,,,,,,,,,,,,2026-07-06 22:32:27.299368+00:00,False,0.4399999999999999,-0.4399999999999999,483,-0.1454016721192386,0.2997966052006213,0.013027519637106,35.23921594113801,0.0,0.2685714285714279,0.0508828463859448,-0.3265602322206185,0.660773165335157,0.0214331949569007,52.69570113085762,34.3589743589744,0.443478260869564,0.4710161633054004,0.7425441265976884,1.0112282122560232,0.0420459789036144,71.71825658156071,79.00677200902948,0.7900677200902948,0.9137467651090736,0.7741459818137342,0.6636936552031931,0.036606698265707,61.38147449494486,78.34757834757855,0.5888650963597428,0.7051555341498293,-0.3177707162063004,0.9214865826760454,0.2515875534183623,72.58581234252053,88.0484114977307,0.8804841149773069,0.8236997961660555,2026-07-04/2026-07-10,0.386959,-0.067359,578.3716561333333,-0.22534868140569042,59.26767414893551,1.0038765239551495,94.7908267038959,0.03144342659074028,5
2026-07-06 22:47:39.684802+00:00,2026-07-06T22:47:39.671123+00:00,SOL,KXSOL15M-26JUL061900-00,2026-07-06T23:00:00Z,82.2925,82.3608,-0.0829,12.34,0.01,0.325,0.2753,0.0497,no,trade,0.2968,0.5,0.0,0.0,0.003,1.0,0.8571,1.0,1,0.0,0.1429,0.003905,0.2178,-1.0,0.0,29.74,0.0,-0.1819,-0.1213,-0.7006,-1,1.0,1.7046,1.8277,999.0,,0.5767,1.0,0.4259,0.7671,1.0,2.0,79.01,-1.0,64.02,0.241758,0.0,0.0,1.0077,0.0028026,0.0027328,0.0004302,0.4071,,,,0.7741,0.6538,-1.0,-1.0,-0.0286,62.48,23.0,1.0,0.1531,0.0122,30.38,2500.0,0.0,1.0,14.63,82.33,0.0456,-0.0374,Bull,,Sideways,Bull,Sideways,Bull,,0.3193,0.2753,-0.1143,-0.0433,0.7291,3.1176,0.2223,1.3195,0.0017,0.0021,0.9104,0.0,27939.95,11687332.6,1.032962,-17251077.62,,,,,,,,,,,,,,,,,,,,,,,,2026-07-06 22:47:39.684802+00:00,True,0.675,0.3249999999999999,483,0.0,0.2305120852687055,0.0091563402565611,41.81983024736482,14.28571428571304,0.237499999999998,0.2840313284748973,0.0728066982162323,0.6749139758908006,0.0208031022846276,54.58127997682298,37.43589743589759,0.4695652173913042,0.5243561495539664,0.7425441265976884,1.0112282122560232,0.0420459789036144,71.71825658156071,79.00677200902948,0.7900677200902948,0.9137467651090736,0.7741459818137342,0.6636936552031931,0.036606698265707,61.38147449494486,78.34757834757855,0.5888650963597428,0.7051555341498293,-0.3177707162063004,0.9214865826760454,0.2515875534183623,72.58581234252053,88.0484114977307,0.8804841149773069,0.8236997961660555,2026-07-04/2026-07-10,0.374578,-0.05527800000000005,593.5780800333334,-0.0474481698429563,56.39512411263965,1.0038765239551495,94.7908267038959,0.21229193341869398,6
2026-07-07 04:17:39.495272+00:00,2026-07-07T04:17:39.481077+00:00,SOL,KXSOL15M-26JUL070030-30,2026-07-07T04:30:00Z,80.8025,80.8955,-0.115,12.35,0.01,0.275,0.227,0.048,no,trade,0.757,0.6667,0.1111,-1.0,0.24,1.0,0.5714,0.4286,-1,0.0,0.4286,0.002471,0.7,-5.0,0.0,0.0,-0.0617,-0.1234,-0.0617,-0.3907,-1,-1.0,-0.5858,-0.1749,0.7508,,0.3135,1.0,0.1304,-0.381,-1.0,-3.0,31.15,0.0,56.51,-0.050636,0.0,0.0,0.4228,-0.0034592,-0.0003283,0.0001855,-0.2254,,50.0,50.0,-1.086,0.0414,-1.0,-1.0,0.0822,61.93,26.0,0.0,0.1744,0.014,34.8,2500.0,1.0,0.0,-34.8,80.88,0.0959,-0.0192,Sideways,,Sideways,Bull,Sideways,Sideways,,0.3409,0.227,-0.0914,-0.078,0.7698,2.5457,0.2723,-0.6512,-0.0006,0.0014,0.1763,0.0,-10006.83,-53075058.48,0.7811,-11366971.36,,,,,,,,,,,,,,,,,,,,,,,,2026-07-07 04:17:39.495272+00:00,False,0.725,-0.725,484,0.0617665225447705,0.2144064811769783,0.0097853664980828,31.253124006651987,11.538461538462064,0.0857142857142886,0.1739183816823192,-0.0740192450037091,0.0801000625145923,0.0218199403441439,14.751218398174288,4.0540540540541965,0.0397350993377497,-0.141237782329058,-0.3442340791738441,0.4207817748743886,0.0452322181956955,39.51777446688541,31.15183246073298,0.4063205417607224,0.1741727987206764,-1.0860280658938404,0.3522563316597906,0.0353848795453903,47.43090354899531,40.63205417607224,0.3854389721627401,0.4382855599873256,0.4781755762628847,0.8904634044540609,0.2689835927037443,73.5084439410524,90.01512859304084,0.9001512859304084,0.7872368584835359,2026-07-04/2026-07-10,0.250441,0.09045899999999996,923.5749212,0.11586894905279976,7.35810921538988,-0.2176186098817645,49.586519757826004,0.4653986240388507,1
2026-07-07 04:32:51.178832+00:00,2026-07-07T04:32:51.166617+00:00,SOL,KXSOL15M-26JUL070045-45,2026-07-07T04:45:00Z,80.9425,80.9572,-0.0182,12.15,0.01,0.465,0.3462,0.1188,no,trade,0.1407,0.5,0.0,0.0,0.0,1.0,1.0,0.0,-1,0.0,0.0,0.002429,0.6109,0.0,0.0,0.0,0.0,0.0,-0.0618,-0.4245,-1,-1.0,-0.5858,-0.1749,0.8131,,0.2684,1.0,0.1304,-0.381,-1.0,-3.0,31.15,0.0,56.51,-0.050636,0.0,0.0,0.4228,-0.0034592,-0.0003283,0.0001855,-0.2254,,50.0,50.0,-1.086,0.0414,-1.0,-1.0,-0.1599,62.02,26.0,0.0,0.2554,0.0204,50.83,2500.0,0.0,1.0,44.18,80.86,-0.1019,-0.1201,Sideways,,Sideways,Bull,Sideways,Sideways,,0.3513,0.3462,-0.0914,-0.078,0.7698,2.5457,0.2723,-0.6512,-0.0006,0.0014,0.1763,0.0,-10075.66,-53075058.48,0.7811,-11366971.36,,,,,,,,,,,,,,,,,,,,,,,,2026-07-07 04:32:51.178832+00:00,True,0.5349999999999999,0.4650000000000001,484,0.0,0.1501201403952092,0.008701870045247,23.623276911283185,0.0,0.0,-0.073354626436648,-0.1481481481481528,0.077796051483852,0.0235138829090661,12.717791924798265,0.0,0.0,-0.2343922462650025,-0.3442340791738441,0.4207817748743886,0.0452322181956955,39.51777446688541,31.15183246073298,0.4063205417607224,0.1741727987206764,-1.0860280658938404,0.3522563316597906,0.0353848795453903,47.43090354899531,40.63205417607224,0.3854389721627401,0.4382855599873256,0.4781755762628847,0.8904634044540609,0.2689835927037443,73.5084439410524,90.01512859304084,0.9001512859304084,0.7872368584835359,2026-07-04/2026-07-10,0.221463,0.129837,938.7696472,0.018435359715618382,9.20464611679018,-0.2176186098817645,49.586519757826004,0.07492795389048991,2
2026-07-07 04:48:03.164675+00:00,2026-07-07T04:48:03.150791+00:00,SOL,KXSOL15M-26JUL070100-00,2026-07-07T05:00:00Z,80.725,80.7783,-0.066,11.95,0.01,0.355,0.2743,0.0807,no,trade,0.588,0.5,0.0,0.0,0.109,1.0,0.6667,0.3333,-1,0.0,0.3333,0.002033,0.1826,-5.0,0.0,0.0,0.0,-0.0618,-0.0865,-0.376,-1,-1.0,-0.5858,-0.1749,0.9004,,0.2354,1.0,0.1304,-0.381,-1.0,-3.0,31.15,0.0,56.51,-0.050636,0.0,0.0,0.4228,-0.0034592,-0.0003283,0.0001855,-0.2254,,,,-1.086,0.0414,0.0,-0.3766,0.0014,62.12,26.0,0.0,0.2273,0.0182,45.15,2500.0,1.0,0.0,-45.15,80.83,0.1301,0.064,Sideways,,Sideways,Bull,Sideways,Sideways,,0.331,0.2743,-0.0914,-0.078,0.7698,2.5457,0.2723,-0.6512,-0.0006,0.0014,0.1763,0.0,-10039.62,-53075058.48,0.7811,-11366971.36,,,,,,,,,,,,,,,,,,,,,,,,2026-07-07 04:48:03.164675+00:00,False,0.645,-0.645,484,0.0,0.2170067339734432,0.0086533814228352,21.994284463125055,3.0303030303044656,0.0163934426229592,-0.0458850641199093,-0.0247279920870369,0.1192716012263475,0.0248553634923847,12.215739124991076,0.7462686567167978,0.0062500000000031,-0.2098243154118357,-0.3442340791738441,0.4207817748743886,0.0452322181956955,39.51777446688541,31.15183246073298,0.4063205417607224,0.1741727987206764,-1.0860280658938404,0.3522563316597906,0.0353848795453903,47.43090354899531,40.63205417607224,0.3854389721627401,0.4382855599873256,0.4781755762628847,0.8904634044540609,0.2689835927037443,73.5084439410524,90.01512859304084,0.9001512859304084,0.7872368584835359,2026-07-04/2026-07-10,0.212139,0.11886100000000002,953.96941125,-0.13672215856924685,0.7070265931711374,-0.2176186098817645,49.586519757826004,0.3246433841613379,3
2026-07-07 18:16:05.542393+00:00,2026-07-07T18:16:05.526436+00:00,SOL,KXSOL15M-26JUL071430-30,2026-07-07T18:30:00Z,82.2275,82.2853,-0.0702,13.91,0.02,0.39,0.3116,0.0784,no,trade,0.2595,0.0,1.0,-1.0,0.295,1.0,0.9211,0.0789,-1,0.0,0.0789,0.004488,1.029,-3.0,18.97,61.48,-0.0729,-0.0729,-0.3391,-0.1269,-1,1.0,1.3072,1.5807,999.0,,0.5264,1.0,0.9,0.596,1.0,4.0,97.33,0.0,67.3,0.11322,0.0,0.0,1.0038,0.0028251,0.001587,0.0005222,0.3732,,,,0.9101,0.8475,-1.0,-1.0,-0.1721,63.15,26.0,0.0,0.2012,0.0161,40.26,2500.0,0.0,1.0,25.74,82.03,-0.2402,-0.3103,Sideways,,Bull,Sideways,Sideways,Sideways,,0.2921,0.3116,-0.1462,-0.118,0.7262,2.1284,0.3257,0.9133,0.0008,0.0007,0.9359,0.0,-19409.42,4187904.63,1.009973,13830340.55,,,,,,,,,,,,,,,,,,,,,,,,2026-07-07 18:16:05.542393+00:00,True,0.61,0.39,485,0.0364431486880478,0.3896635114448002,0.0087410842200538,41.57808254976578,31.666666666665837,0.3166666666666584,0.1826900704077557,-0.4232164449818776,0.6936431715707809,0.0324034471404103,56.79588820338008,77.09497206703858,0.8144796380090455,0.5176529919974556,0.3762592547639221,0.988789538774788,0.0273123641089609,69.15839978144436,97.33333333333324,0.9358974358974392,0.9313982421085636,0.9100971590210172,0.8132054698163623,0.0277702372604489,59.462502049364346,62.97968397291189,0.6297968397291189,0.6443336725751135,0.4781755762628847,0.8904634044540609,0.2689835927037443,73.5084439410524,90.01512859304084,0.9001512859304084,0.7872368584835359,2026-07-04/2026-07-10,0.53935,-0.24724999999999997,79.70903988333333,-0.2253254809589711,85.10410516786685,0.2935705441251324,97.02703062938177,0.15641711229946526,1
2026-07-08 03:19:10.610084+00:00,2026-07-08T03:19:10.593796+00:00,SOL,KXSOL15M-26JUL072330-30,2026-07-08T03:30:00Z,79.1825,79.2233,-0.0515,10.83,0.02,0.51,0.3225,0.1875,no,trade,0.1664,1.0,1.0,1.0,41.686,1.0,1.0,1.0,1,0.0,0.0,0.00447,0.7056,-1.0,97.03,39.36,0.0,-0.0378,-0.0378,0.076,1,-1.0,-2.2276,-2.5361,0.1256,0.3679,0.6821,1.0,0.8736,-0.0253,-1.0,1.0,16.93,0.0,30.89,-0.288546,0.0,0.0,-0.0718,-0.0042887,-0.002881,-0.0012004,-0.4899,,,,-0.9223,0.1682,0.0,1.0,-0.0236,65.79,19.0,1.0,0.3677,0.0294,73.5,2500.0,0.0,1.0,76.5,79.26,0.0979,0.0463,Sideways,,Sideways,Sideways,Bear,Bear,,-0.1151,0.3225,-0.1477,-0.1108,0.7299,2.2026,0.3147,0.1019,0.0006,0.0052,-0.0776,-1.0,96830.15,-16860806.19,0.901293,-15329659.94,,,,,,,,,,,,,,,,,,,,,,,,2026-07-08 03:19:10.610084+00:00,True,0.49,0.51,486,0.2022244691607611,0.7724949381760182,0.013030170056228,57.106660724870665,100.0,0.6196319018404902,0.8282855126645179,0.3163355687713531,0.2507348713570509,0.041664313063134,34.42704963339746,40.23904382470131,0.3556338028169027,0.3628516563156606,0.0126550240445499,-0.0669660488523884,0.0451034149283333,20.183941188757345,16.926503340757318,0.1692650334075731,-0.0828891443039315,-0.922282341367442,0.1881584623408768,0.0261921891538429,40.783243918046615,29.57110609480791,0.2957110609480791,0.3242117124880739,-1.6839536302623692,0.7899388053239358,0.2765621053403362,64.76699516076957,83.05597579425108,0.8305597579425108,0.6500110150416769,2026-07-04/2026-07-10,-0.174274,0.05917400000000002,622.7935014,0.1551059477916228,44.17886829200427,-0.023678566945195545,24.99284439762017,0.11521252796420581,1
2026-07-08 04:20:02.474460+00:00,2026-07-08T04:20:02.460647+00:00,SOL,KXSOL15M-26JUL080030-30,2026-07-08T04:30:00Z,78.6475,78.6552,-0.0098,9.96,0.02,0.57,0.3407,0.2293,no,trade,0.0533,0.5,0.5,1.0,0.004,1.0,0.4545,0.5455,-1,0.0,0.5455,0.00432,0.3235,-5.0,7.94,20.09,0.0,-0.0127,0.0381,-0.6144,-1,-1.0,-2.3655,-2.7531,0.7946,0.4483,0.4215,1.0,0.082,-0.5558,-1.0,-1.0,10.02,-1.0,32.57,-0.322279,0.0,0.0,-0.0372,-0.0043466,-0.0034526,-0.0012205,-0.5227,,50.0,50.0,-2.3446,0.1807,-2.0,-1.0,-0.1677,65.6,19.0,1.0,0.4022,0.0322,80.41,2500.0,1.0,0.0,-80.41,78.7,0.0668,0.057,Sideways,,Sideways,Bear,Bear,Bear,,-0.0944,0.3407,-0.1272,-0.1067,0.7511,2.2363,0.31,-0.5396,0.0008,0.0002,-0.099,-1.0,96863.18,-16860806.19,0.901293,-15329659.94,,,,,,,,,,,,,,,,,,,,,,,,2026-07-08 04:20:02.474460+00:00,False,0.43,-0.43,487,-0.012704865963653,0.1765509064808865,0.012130360106503,31.28361929003742,7.936507936507543,0.1594202898550721,0.024461656146219,-0.0127032520325309,0.2006751717748715,0.0420781239464935,21.30190762140801,18.257261410788207,0.1549295774647877,0.0060465409651356,-0.3922561052764783,-0.0335838496821583,0.051909382852746,18.083889716183293,10.022271714922091,0.1002227171492209,-0.1035633907665638,-2.2961400024823053,-0.2785108934287189,0.0373881149338024,27.4479609472248,8.302583025830309,0.083025830258303,0.0360884946430336,-1.6839536302623692,0.7899388053239358,0.2765621053403362,64.76699516076957,83.05597579425108,0.8305597579425108,0.6500110150416769,2026-07-04/2026-07-10,-0.111709,0.017309000000000005,683.6579076666666,0.06769886321993379,19.447139555806764,-0.3689302356591373,10.83936738385075,0.022685185185185183,1
2026-07-08 05:05:42.580957+00:00,2026-07-08T05:05:42.565551+00:00,SOL,KXSOL15M-26JUL080115-15,2026-07-08T05:15:00Z,78.5275,78.5632,-0.0454,9.29,0.01,0.415,0.3116,0.1034,no,trade,0.3005,0.625,0.375,-1.0,20.764,1.0,0.1818,0.8182,-1,0.0,0.8182,0.004034,0.6937,-5.0,42.86,30.43,-0.0127,-0.0381,0.1274,-0.0619,1,-1.0,-2.2258,-2.7651,0.8411,0.4483,0.3597,1.0,0.5143,-0.1397,-1.0,-2.0,8.46,0.0,19.5,-0.324799,0.0,0.0,0.03,-0.0047216,-0.0037094,-0.0011392,-0.4821,,,,-2.3446,0.1807,-2.0,-1.0,0.1933,65.88,19.0,1.0,0.2493,0.0199,49.72,2500.0,1.0,0.0,-49.72,78.72,0.2451,0.1996,Sideways,,Sideways,Bear,Bear,Bear,,0.0262,0.3116,-0.1407,-0.0987,0.773,2.3221,0.2985,-0.0479,0.0015,0.0008,-0.0552,-1.0,179321.28,-80288895.22,0.826822,-98328700.85,,,,,,,,,,,,,,,,,,,,,,,,2026-07-08 05:05:42.580957+00:00,False,0.585,-0.585,488,-0.0381436745073071,0.3143156881070917,0.0117563121788808,40.51681046429246,42.85714285714518,0.1898734177215247,0.3271406267544283,-0.0508323802261956,0.2519566619378481,0.0376287133327011,19.910056928900417,21.11111111111168,0.1532258064516165,0.101679146764077,-0.0889227642276391,0.0326196198393762,0.0577951419981333,17.609671425937137,8.463251670378817,0.0846325167037881,-0.0589817734975669,-2.2961400024823053,-0.2785108934287189,0.0373881149338024,27.4479609472248,8.302583025830309,0.083025830258303,0.0360884946430336,-1.6839536302623692,0.7899388053239358,0.2765621053403362,64.76699516076957,83.05597579425108,0.8305597579425108,0.6500110150416769,2026-07-04/2026-07-10,-0.116366,0.142566,729.3263492833333,-0.0009882115920345491,18.141159533166068,-0.038653198910687525,9.36196386268571,0.11254338125929599,1
2026-07-08 05:31:03.493787+00:00,2026-07-08T05:31:03.479910+00:00,SOL,KXSOL15M-26JUL080145-45,2026-07-08T05:45:00Z,78.53,78.5438,-0.0176,13.94,0.01,0.505,0.3225,0.1825,no,trade,0.1059,0.0,0.0,0.0,0.112,1.0,0.5556,0.0,-1,0.4444,0.0,0.002787,0.4104,0.0,57.14,39.6,0.0,0.0,-0.0635,0.0029,-1,-1.0,-2.2258,-2.7651,0.7757,0.4483,0.322,1.0,0.5143,-0.1397,-1.0,-2.0,8.46,0.0,19.5,-0.324799,0.0,0.0,0.03,-0.0047216,-0.0037094,-0.0011392,-0.4821,,,,-2.3446,0.1807,0.0,1.0,0.1238,65.92,19.0,1.0,0.3614,0.0289,72.27,2500.0,0.0,1.0,73.73,78.39,-0.1783,-0.1958,Sideways,,Sideways,Bear,Bear,Bear,,0.0433,0.3225,-0.1407,-0.0987,0.773,2.3221,0.2985,-0.0479,0.0015,0.0008,-0.0552,-1.0,179539.0,-80288895.22,0.826822,-98328700.85,,,,,,,,,,,,,,,,,,,,,,,,2026-07-08 05:31:03.493787+00:00,True,0.495,0.505,488,0.0,0.4716611861943971,0.0033637913076876,45.73441042722165,57.14285714285888,0.5405405405405416,0.4643160596937693,-0.0635162601625993,0.2921073204865155,0.0318273009611756,25.07726700896021,39.603960396039966,0.1659751037344414,0.2170195295682963,-0.0889227642276391,0.0326196198393762,0.0577951419981333,17.609671425937137,8.463251670378817,0.0846325167037881,-0.0589817734975669,-2.2961400024823053,-0.2785108934287189,0.0373881149338024,27.4479609472248,8.302583025830309,0.083025830258303,0.0360884946430336,-1.6839536302623692,0.7899388053239358,0.2765621053403362,64.76699516076957,83.05597579425108,0.8305597579425108,0.6500110150416769,2026-07-04/2026-07-10,-0.084605,0.127905,754.67489645,-0.12809151285499976,32.34535828855924,-0.038653198910687525,9.36196386268571,0.0631503408683172,2
2026-07-08 06:46:19.980302+00:00,2026-07-08T06:46:19.964075+00:00,SOL,KXSOL15M-26JUL080300-00,2026-07-08T07:00:00Z,77.975,77.9773,-0.0029,13.67,0.02,0.55,0.3654,0.1846,no,trade,0.0143,0.5,0.0,0.0,0.0,1.0,1.0,0.0,-1,0.0,0.0,0.002392,2.0383,0.0,0.0,0.0,0.0,0.0,-0.4852,-0.5555,-1,-1.0,-2.2513,-2.8351,1.6519,0.4483,0.4031,1.0,0.2273,-0.2416,-1.0,-3.0,3.79,0.0,14.95,-0.325781,0.0,0.0,0.0575,-0.0044654,-0.0044071,-0.0014101,-0.493,,,,-2.3446,0.1807,-2.0,-0.9994,0.018,65.87,19.0,1.0,0.3357,0.0269,67.05,2500.0,1.0,0.0,-67.05,78.13,0.1988,0.1958,Bear,,Sideways,Bear,Bear,Bear,,0.1382,0.3654,-0.1232,-0.0998,0.8636,2.3035,0.3009,-0.3416,0.0008,-0.0008,-0.0639,-1.0,170471.23,-80288895.22,0.826822,-98328700.85,,,,,-0.2667,-1.0,-0.213,-1.0,-1.0,0.0,-1.0,0.0,0.0,0.0,0.0008,-0.0,0.6211,1.2181,0.0009,0.0009,0.7855,3.1154,-0.0013,2026-07-08 06:46:19.980302+00:00,False,0.4499999999999999,-0.4499999999999999,489,0.0,-0.017066992749199,0.0115680488104283,23.71698653530798,0.0,0.0,-0.3498338732390939,-0.4851889683350263,-0.0996727599495646,0.0167853695621945,9.463715309324414,0.0,0.0,-0.2964281523315366,-0.2670057215511834,0.0597072671543936,0.0632906757359554,16.138687008990104,3.78619153674836,0.0378619153674836,-0.071078993217385,-2.2961400024823053,-0.2785108934287189,0.0373881149338024,27.4479609472248,8.302583025830309,0.083025830258303,0.0360884946430336,-1.6839536302623692,0.7899388053239358,0.2765621053403362,64.76699516076957,83.05597579425108,0.8305597579425108,0.6500110150416769,2026-07-04/2026-07-10,0.179261,-0.041061000000000014,829.9496717000001,-0.15557095883157457,9.670360207023586,-0.17454858207768265,3.2807723737177605,0.012123745819397992,1
2026-07-08 07:47:14.644879+00:00,2026-07-08T07:47:14.640545+00:00,SOL,KXSOL15M-26JUL080400-00,2026-07-08T08:00:00Z,78.055,78.07,-0.0192,12.76,0.02,0.51,0.3462,0.1638,no,trade,0.0853,0.5,0.0,0.0,0.0,1.0,1.0,1.0,1,0.0,0.0,0.002668,0.8151,0.0,82.5,33.67,0.0,0.0,0.2179,0.1498,1,-1.0,-2.2785,-2.9656,1.3474,0.4483,0.4571,1.0,0.6591,-0.1914,-1.0,-4.0,6.02,0.0,11.39,-0.317037,0.0,0.0,0.0798,-0.004415,-0.0032385,-0.0017165,-0.5057,,,,-2.3446,0.1807,0.0,1.0,0.217,66.09,19.0,1.0,0.3211,0.0257,64.19,2500.0,1.0,0.0,-64.19,78.27,0.2754,0.2562,Bear,,Sideways,Bear,Bear,Bear,,0.4447,0.3462,-0.0975,-0.0969,0.8322,2.3419,0.296,-0.3363,0.0003,-0.0005,-0.0667,-1.0,-18725.49,-80288895.22,0.826822,-98328700.85,,,,,0.742,0.0,0.3655,0.0,0.0,0.6226,0.0,0.2292,0.0,0.0,-0.0004,0.0,0.5135,1.3742,-0.0,-0.0004,0.6672,3.8678,-0.0006,2026-07-08 07:47:14.644879+00:00,False,0.49,-0.49,490,0.0,0.5676466184128833,0.008136192510932,55.14803050732572,82.50000000000132,0.6226415094339577,0.7759434831868096,0.2179487179487127,0.2421085868866263,0.0197408730795442,37.71259846136157,33.673469387755276,0.2291666666666658,0.3493347674873768,-0.2677205507394142,0.0816462897639481,0.0688748362257193,14.716172663808678,6.016597510373564,0.0601659751037356,-0.0727335615993316,-2.2961400024823053,-0.2785108934287189,0.0373881149338024,27.4479609472248,8.302583025830309,0.083025830258303,0.0360884946430336,-1.6839536302623692,0.7899388053239358,0.2765621053403362,64.76699516076957,83.05597579425108,0.8305597579425108,0.6500110150416769,2026-07-04/2026-07-10,0.15301,0.29169,890.8607479833333,-0.054629251918392185,68.10635806296162,-0.011528119270376447,8.473566982919921,0.07196401799100449,1
2026-07-08 10:50:15.378561+00:00,2026-07-08T10:50:15.363623+00:00,SOL,KXSOL15M-26JUL080700-00,2026-07-08T11:00:00Z,77.2075,77.302,-0.1222,9.75,0.03,0.455,0.3116,0.1434,no,trade,0.7831,0.0,1.0,-1.0,0.011,1.0,0.8,0.8,1,0.2,0.0,0.003896,0.4976,-1.0,82.22,30.77,0.0,-0.0646,-0.0646,0.0997,1,-1.0,-2.7655,-3.7741,2.282,0.4483,0.3627,1.0,0.2857,-0.0518,-1.0,-5.0,5.96,-1.0,2.75,-0.31557,0.0,0.0,0.0919,-0.0032496,-0.0037981,-0.0021766,-0.6291,,,,-0.7872,0.3061,-2.0,-0.6687,-0.0023,67.37,19.0,1.0,0.3153,0.0252,63.22,2500.0,0.0,1.0,52.78,77.37,0.2105,0.088,Bear,,Sideways,Bear,Bear,Bear,,0.3533,0.3116,-0.1315,-0.0669,0.9105,2.7198,0.2548,-0.145,0.0,0.0025,-0.1458,-1.0,-675.13,-9415710.19,0.963735,-105080000.36,,,,,0.7441,0.0,0.4905,0.0,0.0,0.8222,0.0,0.2914,0.0,0.0,0.0,0.0001,0.4013,2.2588,-0.0007,-0.0006,0.5227,3.1075,-0.0017,2026-07-08 10:50:15.378561+00:00,True,0.5449999999999999,0.455,491,-0.0645827951433752,0.7249863924278431,0.0072213751549621,57.717601348848426,82.22222222222271,0.8222222222222272,0.7585683318057159,0.1552393272962637,0.3625075758655423,0.0270954073376478,46.88812929566603,34.26573426573408,0.3161290322580617,0.5508218389533289,-0.168110694426482,0.0934161023410766,0.0861720947257259,9.312041149190932,5.960264900662181,0.0463121783876494,-0.1498534114400426,-0.7367886178861749,-0.2014508692089995,0.0485685242399393,24.557657427604795,5.128205128205084,0.0512820512820508,-0.0081139974176586,-1.6839536302623692,0.7899388053239358,0.2765621053403362,64.76699516076957,83.05597579425108,0.8305597579425108,0.6500110150416769,2026-07-04/2026-07-10,0.32171,0.03159000000000001,142.47297601666665,0.07532207108968958,34.13847939141289,0.041815347038376416,14.256535182235544,0.31365503080082136,1
2026-07-08 11:05:28.945062+00:00,2026-07-08T11:05:28.929475+00:00,SOL,KXSOL15M-26JUL080715-15,2026-07-08T11:15:00Z,77.2325,77.2405,-0.0104,9.52,0.01,0.405,0.3462,0.0588,no,trade,0.0769,0.0,0.5,-1.0,16.046,1.0,1.0,0.0,-1,0.0,0.0,0.003772,0.1716,-2.0,60.0,23.78,-0.0259,-0.0647,-0.1292,-0.0529,-1,-1.0,-2.3191,-3.5205,2.4058,0.4483,0.3165,1.0,0.8222,0.3112,1.0,1.0,10.07,1.0,6.74,-0.274969,0.0,1.0,0.1571,-0.0027348,-0.0037282,-0.0019001,-0.4777,,,,-0.7872,0.3061,-2.0,-0.6687,0.0109,67.34,19.0,1.0,0.1451,0.0116,29.15,2500.0,0.0,1.0,19.84,77.24,0.0097,-0.0006,Bear,,Sideways,Bear,Bear,Bear,,0.2768,0.3462,-0.1262,-0.0635,0.9114,2.754,0.2517,0.4908,0.0019,0.002,0.0202,0.0,908.31,-9415710.19,0.963735,-105080000.36,,,,,0.208,0.0,0.3693,0.0,0.0,0.6,0.0,0.2361,0.0,-1.0,-0.0001,0.0001,0.4723,1.9143,-0.001,-0.0001,0.5443,2.9469,-0.0015,2026-07-08 11:05:28.945062+00:00,True,0.595,0.405,491,-0.0775494377665775,0.56409095209331,0.0069659531308727,48.75092536489779,68.88888888888896,0.6888888888888896,0.3946370587346944,-0.0645827951433752,0.3575846516967815,0.025860339384998,45.20961410014274,30.76923076923077,0.2913907284768214,0.4901054205743742,0.2202072538860067,0.158300815809674,0.0884410302161323,16.02780101367827,10.068649885583495,0.0754716981132071,0.0172460515485569,-0.7367886178861749,-0.2014508692089995,0.0485685242399393,24.557657427604795,5.128205128205084,0.0512820512820508,-0.0081139974176586,-1.6839536302623692,0.7899388053239358,0.2765621053403362,64.76699516076957,83.05597579425108,0.8305597579425108,0.6500110150416769,2026-07-04/2026-07-10,0.280011,-0.0032110000000000194,157.69908436666668,-0.017601608664752355,33.19809171788366,0.1319517155656591,18.45589957039291,0.02757158006362672,2
2026-07-08 11:20:40.860481+00:00,2026-07-08T11:20:40.845270+00:00,SOL,KXSOL15M-26JUL080730-30,2026-07-08T11:30:00Z,77.115,77.1758,-0.0788,9.32,0.02,0.45,0.3225,0.1275,no,trade,0.6408,0.5,0.0,0.0,0.06,1.0,0.4167,0.5,-1,0.0833,0.5,0.003764,0.4128,-3.0,44.74,21.68,0.0,0.0,-0.0905,-0.0848,-1,-1.0,-2.3191,-3.5205,2.4443,0.4483,0.2921,1.0,0.8222,0.3112,1.0,1.0,10.07,1.0,6.74,-0.274969,0.0,1.0,0.1571,-0.0027348,-0.0037282,-0.0019001,-0.4777,,,,-0.7872,0.3061,-2.0,-0.6687,-0.0633,67.44,19.0,1.0,0.2834,0.0227,56.65,2500.0,0.0,1.0,46.35,77.17,0.0713,-0.0075,Bear,,Sideways,Bear,Bear,Bear,,0.2453,0.3225,-0.1262,-0.0635,0.9114,2.754,0.2517,0.4908,0.0019,0.002,0.0202,0.0,985.7,-9415710.19,0.963735,-105080000.36,,,,,0.1574,0.0,0.3431,0.0,0.0,0.5333,0.0,0.2168,0.0,0.0,0.0002,0.0,0.6224,1.7566,-0.0002,0.0003,0.5636,3.3275,-0.0013,2026-07-08 11:20:40.860481+00:00,True,0.55,0.4499999999999999,491,-0.0388248997023388,0.4359044296845197,0.0062591757322412,38.7209367752979,53.33333333333186,0.5333333333333186,0.1370490806904196,-0.1292490629443032,0.3275668818849702,0.0249226287236088,41.740374353425125,23.776223776223144,0.2361111111111039,0.3730942106250235,0.2202072538860067,0.158300815809674,0.0884410302161323,16.02780101367827,10.068649885583495,0.0754716981132071,0.0172460515485569,-0.7367886178861749,-0.2014508692089995,0.0485685242399393,24.557657427604795,5.128205128205084,0.0512820512820508,-0.0081139974176586,-1.6839536302623692,0.7899388053239358,0.2765621053403362,64.76699516076957,83.05597579425108,0.8305597579425108,0.6500110150416769,2026-07-04/2026-07-10,0.288606,-0.04330599999999998,172.89767468333332,-0.041388763594363276,30.987235139897574,0.1319517155656591,18.45589957039291,0.20935175345377255,3
2026-07-08 11:46:20.141026+00:00,2026-07-08T11:46:20.137516+00:00,SOL,KXSOL15M-26JUL080800-00,2026-07-08T12:00:00Z,77.4425,77.5148,-0.0933,13.67,0.05,0.395,0.3225,0.0725,no,trade,0.3439,0.878,0.878,1.0,31.444,1.0,0.8864,0.8864,1,0.1136,0.0,0.004112,1.3812,-1.0,71.43,69.23,-0.116,0.3497,0.3888,0.092,1,-1.0,-2.3191,-3.5205,2.1151,0.4483,0.5322,1.0,0.8222,0.3112,1.0,1.0,10.07,1.0,6.74,-0.274969,0.0,1.0,0.1571,-0.0027348,-0.0037282,-0.0019001,-0.4777,,,,-0.7872,0.3061,0.0,0.9942,0.0228,67.37,19.0,1.0,0.1836,0.0147,36.91,2500.0,0.0,1.0,24.1,77.54,0.1259,0.0325,Bear,,Sideways,Bear,Bear,Bear,,0.4627,0.3225,-0.1262,-0.0635,0.9114,2.754,0.2517,0.4908,0.0019,0.002,0.0202,0.0,6226.53,-9415710.19,0.963735,-105080000.36,,,,,1.025,1.0,0.6294,0.0,0.0,0.7705,0.0,0.3776,0.0,0.0,-0.0015,-0.001,0.5221,1.9928,-0.0006,-0.0015,0.6622,2.9868,-0.0016,2026-07-08 11:46:20.141026+00:00,True,0.605,0.395,491,0.5701697550861695,1.063577109006923,0.0078075479455727,76.81921291362805,100.0,1.0,1.5690858600401811,0.6353734439833891,0.5456116725307159,0.0234719470068557,56.18374790904963,47.55244755244728,0.4755244755244728,0.8153002597582718,0.2202072538860067,0.158300815809674,0.0884410302161323,16.02780101367827,10.068649885583495,0.0754716981132071,0.0172460515485569,-0.7367886178861749,-0.2014508692089995,0.0485685242399393,24.557657427604795,5.128205128205084,0.0512820512820508,-0.0081139974176586,-1.6839536302623692,0.7899388053239358,0.2765621053403362,64.76699516076957,83.05597579425108,0.8305597579425108,0.6500110150416769,2026-07-04/2026-07-10,0.353325,0.109375,198.55235043333332,0.39878638072377015,56.04911047989252,0.1319517155656591,18.45589957039291,0.22689688715953304,4
2026-07-08 12:01:40.001797+00:00,2026-07-08T12:01:39.990217+00:00,SOL,KXSOL15M-26JUL080815-15,2026-07-08T12:15:00Z,77.4075,77.49,-0.1065,13.34,0.01,0.375,0.2743,0.1007,no,trade,0.3539,0.0,1.0,-1.0,0.135,1.0,0.3889,0.3889,1,0.6111,0.0,0.003243,0.7159,0.0,79.25,76.06,0.0,0.0,0.0774,0.097,1,-1.0,-1.9062,-3.1523,1.9432,0.4483,0.5976,1.0,0.7925,0.2845,1.0,2.0,14.59,0.0,11.0,-0.222929,0.0,0.0,0.2105,-0.0019233,-0.0031944,-0.0019781,-0.3481,,50.0,50.0,-0.9327,0.4266,0.0,1.0,0.1098,67.59,19.0,1.0,0.2685,0.0215,53.75,2500.0,0.0,1.0,32.25,77.62,0.2745,0.1678,Bear,,Sideways,Bear,Bear,Bear,,0.4657,0.2743,-0.1489,-0.0694,0.8793,2.6973,0.257,0.4743,0.0019,0.0,0.1725,0.0,8675.32,-9415710.19,0.963735,-105080000.36,,,,,0.8496,0.0,0.6895,0.0,0.0,0.7925,0.0,0.4266,0.0,0.0,-0.0001,0.0003,0.5732,1.8094,-0.0006,-0.0002,0.5282,3.2262,-0.0008,2026-07-08 12:01:40.001797+00:00,True,0.625,0.375,491,-0.1416613007083067,0.8227374796168344,0.0077716720882731,61.33629877447253,79.24528301886808,0.810344827586212,0.8772117540216637,-0.0901945625563671,0.528012689653483,0.0218816026716791,53.49913699249673,78.20512820512945,0.4265734265734284,0.6908161747992266,0.2197234070053122,0.2115504351800802,0.0878299640154448,22.67212663127181,14.59330143540671,0.1046312178387649,0.1706013683879408,-0.7678525723061047,-0.1484144730115714,0.0612244303558903,21.787375390631283,9.023668639053255,0.0902366863905325,-0.0298793462707627,-1.6839536302623692,0.7899388053239358,0.2765621053403362,64.76699516076957,83.05597579425108,0.8305597579425108,0.6500110150416769,2026-07-04/2026-07-10,0.276839,0.188861,213.88336328333335,-0.06618436169537611,91.56162407592518,0.2773948315861974,28.22430284319701,0.3283996299722479,5
2026-07-08 12:32:03.237601+00:00,2026-07-08T12:32:03.224106+00:00,SOL,KXSOL15M-26JUL080845-45,2026-07-08T12:45:00Z,77.3975,77.4508,-0.0688,12.95,0.01,0.455,0.3225,0.1325,no,trade,0.3163,0.5,0.0,0.0,0.0,1.0,0.6667,0.3333,-1,0.0,0.3333,0.002387,0.3243,-2.0,71.7,76.92,0.0,-0.1031,-0.1031,-0.0489,-1,-1.0,-1.9062,-3.1523,1.9959,0.4483,0.4385,1.0,0.7925,0.2845,1.0,2.0,14.59,0.0,11.0,-0.222929,0.0,0.0,0.2105,-0.0019233,-0.0031944,-0.0019781,-0.3481,,50.0,50.0,-0.9327,0.4266,0.0,1.0,0.0033,67.81,19.0,1.0,0.2913,0.0233,58.31,2500.0,0.0,1.0,48.68,77.36,-0.0485,-0.1172,Bear,,Sideways,Bear,Bear,Bear,,0.4754,0.3225,-0.1489,-0.0694,0.8793,2.6973,0.257,0.4743,0.0019,0.0,0.1725,0.0,14209.87,-9415710.19,0.963735,-105080000.36,,,,,0.3501,0.0,0.5575,0.0,0.0,0.717,0.0,0.3986,-1.0,-1.0,-0.0005,-0.0001,0.5359,2.8791,-0.0007,-0.0,0.5633,3.5396,-0.0007,2026-07-08 12:32:03.237601+00:00,True,0.5449999999999999,0.455,491,0.0,0.7249871620816721,0.0096459111244676,61.19681969473501,86.79245283018732,0.8679245283018732,0.7395240826417911,-0.0515331100231941,0.5872709582317629,0.019677834196197,54.385423777929134,89.23076923076819,0.4545454545454509,0.6856362823187999,0.2197234070053122,0.2115504351800802,0.0878299640154448,22.67212663127181,14.59330143540671,0.1046312178387649,0.1706013683879408,-0.7678525723061047,-0.1484144730115714,0.0612244303558903,21.787375390631283,9.023668639053255,0.0902366863905325,-0.0298793462707627,-1.6839536302623692,0.7899388053239358,0.2765621053403362,64.76699516076957,83.05597579425108,0.8305597579425108,0.6500110150416769,2026-07-04/2026-07-10,0.298578,0.17682199999999998,244.27062668333335,-0.21446476322776187,74.05690265349921,0.2773948315861974,28.22430284319701,0.28822790113112695,6
2026-07-08 12:47:17.125758+00:00,2026-07-08T12:47:17.122215+00:00,SOL,KXSOL15M-26JUL080900-00,2026-07-08T13:00:00Z,77.175,77.269,-0.1217,12.72,0.01,0.315,0.2124,0.1026,no,trade,0.6166,0.5,0.0,0.0,0.0,1.0,1.0,0.0,-1,0.0,0.0,0.002502,0.7232,0.0,35.56,55.38,0.0,0.0,-0.1806,-0.2496,-1,-1.0,-1.9062,-3.1523,2.1804,0.4483,0.4013,1.0,0.7925,0.2845,1.0,2.0,14.59,0.0,11.0,-0.222929,0.0,0.0,0.2105,-0.0019233,-0.0031944,-0.0019781,-0.3481,,,,-0.9327,0.4266,,,,,19.0,1.0,0.3256,0.026,65.08,2500.0,0.0,1.0,29.93,77.03,-0.1879,-0.3093,Bear,,Sideways,Bear,Bear,Bear,,0.5217,0.2124,-0.1489,-0.0694,0.8793,2.6973,0.257,0.4743,0.0019,0.0,0.1725,0.0,14182.48,2617733.38,1.006341,-85912680.62,,,,,-0.0481,-1.0,0.3764,0.0,0.0,0.4528,0.0,0.3007,0.0,0.0,0.0004,-0.0,0.4874,2.2213,0.0002,0.0007,0.5302,3.3,-0.0005,2026-07-08 12:47:17.125758+00:00,True,0.685,0.3149999999999999,491,0.0,0.4188413592314705,0.0096286330948019,36.75529988779849,39.58333333333253,0.4528301886792346,-0.0606117233039316,-0.2835782418148969,0.465914613637773,0.0176241143038282,44.9338635549492,55.38461538461481,0.300699300699297,0.3623300244548773,0.2197234070053122,0.2115504351800802,0.0878299640154448,22.67212663127181,14.59330143540671,0.1046312178387649,0.1706013683879408,-0.7678525723061047,-0.1484144730115714,0.0612244303558903,21.787375390631283,9.023668639053255,0.0902366863905325,-0.0298793462707627,-1.6839536302623692,0.7899388053239358,0.2765621053403362,64.76699516076957,83.05597579425108,0.8305597579425108,0.6500110150416769,2026-07-04/2026-07-10,0.459596,0.06210400000000005,259.5020959666667,-0.2176572648454722,53.122536974361054,0.2773948315861974,28.22430284319701,0.4864108713029577,7
2026-07-08 13:02:29.934612+00:00,2026-07-08T13:02:29.912838+00:00,SOL,KXSOL15M-26JUL080915-15,2026-07-08T13:15:00Z,76.9725,76.981,-0.011,12.5,0.01,0.535,0.3462,0.1888,no,trade,0.0474,0.0,0.7083,-1.0,2.606,1.0,1.0,0.0,-1,0.0,0.0,0.002606,1.2954,-4.0,0.0,4.62,0.0,-0.2331,-0.4266,-0.6241,-1,-1.0,-2.2246,-3.3968,2.3681,0.4483,0.4776,1.0,0.0,-0.5674,-1.0,-1.0,4.07,-1.0,7.76,-0.207956,0.0,-1.0,0.1768,-0.002425,-0.00342,-0.0023023,-0.4663,,,,-0.9327,0.4266,-2.0,-1.0,0.0915,67.53,19.0,1.0,0.3528,0.0282,70.68,2500.0,0.0,1.0,81.32,76.87,-0.1332,-0.1442,Bear,,Sideways,Bear,Bear,Bear,,0.4783,0.3462,-0.1796,-0.0111,0.8255,4.464,0.1553,-0.833,-0.0009,-0.0031,0.033,0.0,11279.22,2617733.38,1.006341,-85912680.62,,,,,-0.5712,-1.0,0.0132,0.0,-1.0,0.0,0.0,0.0699,0.0,0.0,0.0002,0.0001,0.7425,2.4646,0.0003,0.0007,0.4221,3.7563,-0.0004,2026-07-08 13:02:29.934612+00:00,True,0.4649999999999999,0.535,491,-0.2200077649799459,0.1050926182275455,0.0101896042354525,20.42775650942943,0.0,0.0,-0.4868998772104234,-0.33609100310239,0.2880340830969363,0.0155215886363604,36.29989946003421,15.384615384614374,0.1188811188811107,0.0612480070988138,-0.5674490585504399,0.1768019287307193,0.0854967728187337,18.318369724977785,4.066985645932722,0.0291595197255553,0.0303153380509331,-0.7678525723061047,-0.1484144730115714,0.0612244303558903,21.787375390631283,9.023668639053255,0.0902366863905325,-0.0298793462707627,-1.6839536302623692,0.7899388053239358,0.2765621053403362,64.76699516076957,83.05597579425108,0.8305597579425108,0.6500110150416769,2026-07-04/2026-07-10,0.45387,0.024430000000000007,274.7155768666667,-0.20743961352657214,24.311685582177013,-0.5515057807248147,10.85942671200682,0.04221028396009209,8
2026-07-08 13:48:06.915391+00:00,2026-07-08T13:48:06.903398+00:00,SOL,KXSOL15M-26JUL081000-00,2026-07-08T14:00:00Z,77.0875,77.2332,-0.1886,11.89,0.02,0.38,0.2743,0.1057,no,trade,0.5487,0.5,0.0,0.0,0.0,1.0,0.9815,0.9815,1,0.0185,0.0,0.003145,2.2235,-1.0,75.0,56.25,-0.1809,-0.2196,0.0648,0.1716,1,-1.0,-2.2246,-3.3968,2.103,0.4483,0.7236,1.0,0.0,-0.5674,-1.0,-1.0,4.07,-1.0,7.76,-0.207956,0.0,-1.0,0.1768,-0.002425,-0.00342,-0.0023023,-0.4663,,,,-0.9327,0.4266,-2.0,-1.0,0.0316,67.66,19.0,1.0,0.2781,0.0222,55.8,2500.0,1.0,0.0,-55.8,77.29,0.2627,0.0735,Bear,,Sideways,Bear,Bear,Bear,,0.5183,0.2743,-0.1796,-0.0111,0.8255,4.464,0.1553,-0.833,-0.0009,-0.0031,0.033,0.0,16609.5,2617733.38,1.006341,-85912680.62,,,,,0.6546,0.0,0.5038,0.0,0.0,0.5625,0.0,0.5625,-1.0,0.0,-0.0021,-0.0,0.3867,1.3773,-0.001,-0.0025,0.549,2.054,-0.0021,2026-07-08 13:48:06.915391+00:00,False,0.62,-0.62,492,-0.012918227619163,0.6257888878351321,0.0156943427631991,65.45861931264008,87.65432098765505,0.7395833333333355,1.119961661440265,0.8600469116497367,0.6337652860555745,0.0122866227820156,53.63915570264336,73.95833333333354,0.6960784313725595,0.6995672411053466,-0.5674490585504399,0.1768019287307193,0.0854967728187337,18.318369724977785,4.066985645932722,0.0291595197255553,0.0303153380509331,-0.7678525723061047,-0.1484144730115714,0.0612244303558903,21.787375390631283,9.023668639053255,0.0902366863905325,-0.0298793462707627,-1.6839536302623692,0.7899388053239358,0.2765621053403362,64.76699516076957,83.05597579425108,0.8305597579425108,0.6500110150416769,2026-07-04/2026-07-10,0.521678,-0.003377999999999992,320.3319231833333,0.2377762075253198,27.42324333817661,-0.5515057807248147,10.85942671200682,0.5996820349761526,1
2026-07-08 14:03:20.130588+00:00,2026-07-08T14:03:20.118802+00:00,SOL,KXSOL15M-26JUL081015-15,2026-07-08T14:15:00Z,77.205,77.2685,-0.0822,11.67,0.01,0.395,0.3225,0.0725,no,trade,0.179,0.66,0.66,1.0,2.639,1.0,0.22,0.66,-1,0.12,0.66,0.003307,1.9553,1.0,81.82,65.62,-0.1163,0.4025,0.1165,0.4078,1,-1.0,-1.8052,-3.1703,1.7989,0.4483,0.9746,1.0,0.7792,0.3375,1.0,1.0,14.74,1.0,12.39,-0.15362,0.0,0.0,0.2204,-0.0018229,-0.0018447,-0.0018711,-0.3278,,,,-0.9327,0.4266,0.0,0.6908,0.2946,67.68,19.0,1.0,0.1836,0.0147,36.91,2500.0,0.0,1.0,24.1,77.22,0.0194,-0.0628,Bear,,Sideways,Bear,Bear,Bear,,0.5206,0.3225,-0.1895,-0.0356,0.9896,3.3357,0.2078,0.5507,0.0008,0.0019,0.2119,0.0,15902.44,2617733.38,1.006341,-85912680.62,,,,,0.739,0.0,0.5768,0.0,0.0,0.7079,0.0,0.6562,0.0,-1.0,-0.0001,-0.0003,0.5905,1.5491,-0.0006,0.0,0.5367,2.1535,-0.0009,2026-07-08 14:03:20.130588+00:00,True,0.605,0.395,492,0.2334327583971118,0.6019706821706867,0.0136588551042353,57.24517409036459,77.92207792207944,0.6741573033707957,0.7294730592331292,-0.1421188630490899,0.5200406073735234,0.0122694808932153,50.1557431335757,62.50000000000037,0.6250000000000037,0.5535457755477194,0.2464332036316685,0.2204126098516089,0.0783274972768602,25.394434278608472,14.77832512315291,0.0998336106489198,0.2102854443954579,-0.7678525723061047,-0.1484144730115714,0.0612244303558903,21.787375390631283,9.023668639053255,0.0902366863905325,-0.0298793462707627,-1.6839536302623692,0.7899388053239358,0.2765621053403362,64.76699516076957,83.05597579425108,0.8305597579425108,0.6500110150416769,2026-07-04/2026-07-10,0.437453,0.08314699999999997,335.55217646666665,-0.029944102190271327,36.382950114293415,-0.06611137628813601,13.035351248229599,0.24856365285757484,2
2026-07-08 20:22:26.545136+00:00,2026-07-08T20:22:26.499622+00:00,SOL,KXSOL15M-26JUL081630-30,2026-07-08T20:30:00Z,77.255,77.3973,-0.1839,7.65,0.01,0.275,0.1538,0.1212,no,trade,1.3641,0.5,0.0,0.0,0.0,1.0,0.5714,0.5714,1,0.4286,0.0,0.002738,0.9899,0.0,83.64,79.73,0.0,0.0,-0.116,0.3234,1,,-0.3557,,0.0609,0.5,0.3537,,0.7556,0.2982,1.0,1.0,49.3,1.0,34.73,,,1.0,0.4046,0.0001293,-0.0008468,-0.0010973,-0.0199,,50.0,50.0,0.7424,0.6786,,,,,19.0,1.0,0.4407,0.0353,88.45,2500.0,0.0,1.0,33.55,,,,,,,,,,,0.4894,0.1538,,,,,,,,,0.5186,0.0,,0.0,1.0,0.0,,,,,0.9027,0.0,0.8116,0.0,0.0,0.8421,0.0,0.878,0.0,0.0,0.0,0.0,0.5483,2.2137,-0.0005,-0.0002,0.4388,2.2375,-0.0006,2026-07-08 20:22:26.545136+00:00,True,0.725,0.275,495,0.0,0.8714621850600459,0.0086281311295255,68.12386905639406,83.63636363636293,0.8571428571428507,0.936140571590201,0.1551389786683898,0.8018579601518591,0.0148406545937258,64.32451733627133,79.72972972972921,0.8872180451127776,0.8388040377808781,0.2982365145228094,0.3603594476916185,0.0470904508099643,41.805885655385026,49.30232558139499,0.2376681614349752,0.4864247017123721,0.7030334591849874,0.0473442680866608,0.0834491930188617,27.282104911372244,14.32432432432418,0.1432432432432418,0.1104321140484893,-1.6839536302623692,0.7899388053239358,0.2765621053403362,64.76699516076957,83.05597579425108,0.8305597579425108,0.6500110150416769,2026-07-04/2026-07-10,0.567521,-0.07812100000000005,159.5590856,-0.021601199773990665,64.55623091944189,0.12344767801140133,51.42269785667624,0.6716581446311176,1
2026-07-09 04:18:15.246632+00:00,2026-07-09T04:18:15.240162+00:00,SOL,KXSOL15M-26JUL090030-30,2026-07-09T04:30:00Z,77.2525,77.261,-0.011,11.75,0.03,0.575,0.3462,0.2288,no,trade,0.0604,0.0,1.0,-1.0,0.017,1.0,0.4286,0.0,-1,0.5714,0.0,0.0043,0.2108,-2.0,75.76,25.0,0.0,-0.1164,-0.1551,0.3061,-1,-1.0,-0.4142,-1.7944,0.4753,0.3087,0.3854,1.0,1.0,0.4024,1.0,1.0,43.09,1.0,50.97,0.14336,0.0,1.0,0.5597,0.000194,0.0005838,-0.0007315,-0.0391,,50.0,50.0,-0.6167,0.3,0.0,0.8939,0.0279,68.37,21.0,1.0,0.3978,0.0318,79.48,2500.0,1.0,0.0,-79.48,77.37,0.1521,0.1411,Sideways,,Sideways,Bear,Bear,Sideways,,0.3187,0.3462,-0.0444,-0.1273,0.63,2.0545,0.3374,0.8199,0.0014,0.0024,0.4799,0.0,-3856.91,-1670113.09,0.994077,20577176.12,,,,,0.3563,0.0,0.3566,0.0,0.0,0.7143,0.0,0.25,0.0,-1.0,-0.0006,-0.0001,0.6441,2.4653,-0.0008,-0.0001,0.5301,3.7178,-0.0001,2026-07-09 04:18:15.246632+00:00,False,0.425,-0.425,497,-0.0387747188832943,0.7183547468754985,0.0094940730900985,58.035357913689786,89.39393939394037,0.8428571428571443,0.7905421978552857,0.1294665976178333,0.3502667411509825,0.0180850292601677,47.84330360043915,29.50000000000017,0.2950000000000017,0.4875380576138904,0.1815823605706867,0.4470706803921211,0.01161149230837,43.08446841916946,38.617886178861426,0.3861788617886142,0.4325143589653457,-0.7453096890259525,0.1266806655596631,0.0930444262330411,30.08785386190556,12.837837837837698,0.1283783783783769,0.2087667008601849,-3.413181084771011,0.6393237706947918,0.2706197958109609,50.880291242146285,69.18809884014115,0.6918809884014115,0.4277425868278206,2026-07-04/2026-07-10,0.229961,0.08873899999999998,144.90411053333335,0.07701433460356455,35.56967442472869,0.3258120822857036,39.60178464407005,0.02558139534883721,1
2026-07-09 04:48:38.522249+00:00,2026-07-09T04:48:38.516346+00:00,SOL,KXSOL15M-26JUL090100-00,2026-07-09T05:00:00Z,77.6525,77.7437,-0.1173,11.36,0.02,0.33,0.1858,0.1442,no,trade,0.6562,0.5,0.0,0.0,0.0,1.0,0.9714,1.0,1,0.0,0.0286,0.003658,1.2312,0.0,100.0,71.32,0.0,0.0,0.1546,0.8304,1,-1.0,-0.4142,-1.7944,999.0,0.3803,0.3847,1.0,1.0,0.4024,1.0,1.0,43.09,1.0,50.97,0.14336,0.0,1.0,0.5597,0.000194,0.0005838,-0.0007315,-0.0391,,,,-0.6167,0.3,0.0,1.0,0.0635,68.3,21.0,1.0,0.437,0.035,87.1,2500.0,1.0,0.0,-87.1,78.03,0.4861,0.3683,Sideways,,Sideways,Bear,Bear,Sideways,,0.3501,0.1858,-0.0444,-0.1273,0.63,2.0545,0.3374,0.8199,0.0014,0.0024,0.4799,0.0,-3596.87,-1670113.09,0.994077,20577176.12,,,,,1.4548,1.0,0.8818,0.0,1.0,1.0,0.0,0.485,0.0,0.0,-0.0006,0.0001,0.741,2.2307,-0.0006,-0.0011,0.5772,3.3279,-0.0016,2026-07-09 04:48:38.522249+00:00,False,0.6699999999999999,-0.6699999999999999,497,0.0,0.9698611696096238,0.0125054080618253,78.67912921537878,100.0,1.0,1.5199372569888234,0.5693581780538359,0.6187764605066887,0.018455964234633,61.29498076923153,57.738095238094935,0.4849999999999994,0.9077422392565848,0.1815823605706867,0.4470706803921211,0.01161149230837,43.08446841916946,38.617886178861426,0.3861788617886142,0.4325143589653457,-0.7453096890259525,0.1266806655596631,0.0930444262330411,30.08785386190556,12.837837837837698,0.1283783783783769,0.2087667008601849,-3.413181084771011,0.6393237706947918,0.2706197958109609,50.880291242146285,69.18809884014115,0.6918809884014115,0.4277425868278206,2026-07-04/2026-07-10,0.300124,0.04997600000000002,175.29203748333333,0.406865379857857,74.28206845144103,0.3258120822857036,39.60178464407005,0.32066703116457085,2
2026-07-09 05:03:51.520311+00:00,2026-07-09T05:03:51.506665+00:00,SOL,KXSOL15M-26JUL090115-15,2026-07-09T05:15:00Z,77.78,77.931,-0.1938,11.14,0.02,0.22,0.1538,0.0662,no,trade,1.1439,1.0,1.0,1.0,0.673,1.0,0.9687,1.0,1,0.0,0.0313,0.003726,1.1007,0.0,100.0,100.0,0.0,0.0,0.3989,0.5991,1,1.0,0.4194,-0.8541,999.0,0.4402,0.3682,1.0,1.0,0.853,1.0,2.0,70.73,0.0,62.43,0.180947,0.0,0.0,1.1322,0.0011144,0.0007941,-0.0003298,0.2598,,,,-0.6167,0.3,0.0,1.0,-0.1508,68.45,21.0,1.0,0.3009,0.0241,60.06,2500.0,1.0,0.0,-60.06,78.2,0.54,0.3452,Sideways,,Sideways,Bear,Bear,Sideways,,0.4063,0.1538,0.0534,-0.0842,0.6115,2.4573,0.2821,1.7837,0.0034,0.0019,0.7747,0.0,4553.98,-1670113.09,0.994077,20577176.12,,,,,1.7335,1.0,1.1094,1.0,1.0,1.0,0.0,0.64,0.0,0.0,-0.0007,-0.0003,0.8373,5.9779,-0.0013,-0.0009,0.4407,2.8125,-0.0015,2026-07-09 05:03:51.520311+00:00,False,0.78,-0.78,497,0.2183406113537067,1.0672095023485306,0.0140401866045967,87.62747787163066,100.0,1.0,1.8096730073513705,0.3988677303139454,0.8180380485460934,0.019033379917896,68.66806168836803,87.67123287671278,0.6400000000000006,1.1421565708920698,1.022786121180741,1.1334476769351431,0.0144447426629308,62.70114553841737,70.73170731707314,0.7073170731707314,0.7862141436640478,-0.7453096890259525,0.1266806655596631,0.0930444262330411,30.08785386190556,12.837837837837698,0.1283783783783769,0.2087667008601849,-3.413181084771011,0.6393237706947918,0.2706197958109609,50.880291242146285,69.18809884014115,0.6918809884014115,0.4277425868278206,2026-07-04/2026-07-10,0.353734,0.052566,190.50867185,0.24383627608346448,100.0,0.7476391573528529,83.68991333631439,0.5201288244766505,3
2026-07-09 05:34:18.317039+00:00,2026-07-09T05:34:18.313567+00:00,SOL,KXSOL15M-26JUL090145-45,2026-07-09T05:45:00Z,77.7775,77.857,-0.1021,10.7,0.02,0.36,0.227,0.133,no,trade,0.5188,1.0,1.0,1.0,0.062,1.0,0.6471,0.2941,-1,0.0588,0.2941,0.003294,1.3259,-2.0,56.57,71.71,0.0,-0.1539,-0.2563,-0.0991,-1,1.0,0.4194,-0.8541,999.0,0.4402,0.4365,1.0,1.0,0.853,1.0,2.0,70.73,0.0,62.43,0.180947,0.0,0.0,1.1322,0.0011144,0.0007941,-0.0003298,0.2598,,,,-0.6167,0.3,-2.0,-1.0,-0.0049,68.23,21.0,1.0,0.3694,0.0295,73.6,2500.0,1.0,0.0,-73.6,77.99,0.2732,0.1708,Sideways,,Sideways,Bear,Bear,Sideways,,0.4357,0.227,0.0534,-0.0842,0.6115,2.4573,0.2821,1.7837,0.0034,0.0019,0.7747,0.0,9305.27,-1670113.09,0.994077,20577176.12,,,,,0.3667,0.0,0.6516,0.0,0.0,0.5825,0.0,0.545,-1.0,0.0,-0.0006,-0.0003,0.7465,3.5652,-0.0012,0.0004,0.442,2.2925,0.0007,2026-07-09 05:34:18.317039+00:00,False,0.64,-0.64,497,0.1284356537374797,0.7305829174977996,0.0169774100089965,61.187215741563186,69.60784313725456,0.6990291262135904,0.6953276261062387,-0.243122200895729,0.727605096710043,0.0205816552581595,62.20632030003464,79.60526315789454,0.6049999999999969,0.8237834187043263,1.022786121180741,1.1334476769351431,0.0144447426629308,62.70114553841737,70.73170731707314,0.7073170731707314,0.7862141436640478,-0.7453096890259525,0.1266806655596631,0.0930444262330411,30.08785386190556,12.837837837837698,0.1283783783783769,0.2087667008601849,-3.413181084771011,0.6393237706947918,0.2706197958109609,50.880291242146285,69.18809884014115,0.6918809884014115,0.4277425868278206,2026-07-04/2026-07-10,0.331937,0.103763,220.95528398333332,-0.32600023490323427,64.45081226933631,0.7476391573528529,83.68991333631439,0.3099574984820886,4
