logged_at,decision_time,contract_ticker,close_ts,spot,strike,offset_pct,p_market,p_market_source,p_yes_model,z_score,vol_60m,vol_60m_model,vol_implied_kalshi,vol_ratio,spread,vol_eff,structure_bias,confirmation_bias,confirmation_score,no_score,obi_score,obi_raw,obi_exchanges,vpin_score,vpin_raw,funding_bias,avg_funding_rate,vol_score,cmf_raw,cmf_score,vwap_score,vwap_signal,vwap_total,vwap_stretch_score,vwap_distance_pct,bearish_rejection,bullish_rejection,ema_stretch_score,stoch_bias,stoch_k,stoch_k_4h,stoch_d,stoch_crossover_active,ema_stack_bias,ema_alignment,z_shift,direction_strength,raw_edge,net_edge,decision,side,neutral_gate,pure_edge_gate,contracts_scanned,tau_minutes,gate_blocked,kelly_fraction,bet_fraction,bet_amount,bankroll,composite_trend,composite_rev,composite_p_up,p_up_v2,chg_30m,chg_10m,chg_5m,bp_5m,bp_1h,chg_1h,chg_2h,chg_3h,body_15m,dir_15m,p_gbdt,sharp_move_active,smc_4h,smc_1h,choch_1h,choch_4h,supply_pct,demand_pct,in_supply_zone,in_demand_zone,stoch_flipped,squeeze_1h,kc_pct_1h,kc_bo_1h,adx_1h,rvol_1h,pm_drift_5m,hour_utc,liq_score,liq_bias,ls_long_pct,oi_chg_pct,cvd_4h,cg_futures_delta_4h,cg_futures_ratio_4h,cg_futures_cvd_12h,cg_spot_cb_ratio_4h,cg_liq_ratio_4h,cg_liq_total_4h,hl_ls_ratio,hl_squeeze_idx,hl_liq_ratio_4h,all_liq_ratio_1h,all_liq_ratio_4h,max_pain_nearest,max_pain_dist_pct,opt_pc_ratio,arima_forecast_1h,markov_regime_daily,markov_regime_7state,ob_imbalance,ob_path_ask_usd,ob_path_bid_usd,ob_ask_frac,ob_bid_wall_pct,ob_ask_wall_pct,hmm_vol_state,hmm_r1_prob,hmm_vol_k10,hmm_time_in_state,ou_z_score,ou_halflife_min,ou_tau_drift,hs_pattern_type,hs_bars_since_break,hs_r2,hs_neck_slope,hs_head_height,hs_head_width,flag_signal,flag_bull_bars_ago,flag_bear_bars_ago,flag_bull_tip_y,flag_bear_tip_y,flag_bull_pole_pct,flag_bear_pole_pct,pip_last_slope,pip_up_frac,pip_n_turns,v_hawk,hawk_vol_regime,pc1_rsi,ou_theta,hurst_exponent,autocorr1_15,autocorr1_30,kalman_velocity,kalman_residual,hmm_ms_state,hmm_ms_prob,hmm_of_state,hmm_of_prob,hmm_vd_state,hmm_vd_prob,hmm_pnl_state,hmm_ps_state,hmm_gd_state,hmm_zdrift_state,resolved_yes,would_win,would_pnl,spot_at_expiry,price_move_pct,miss_pct,loss_margin_pct,loss_category,p_up_v3,pup_v3_hmm_state,eth_p_up_v1,sol_p_up_v1,logged_at_p,cg_ts,cg_state,pw,be,won,tedge,week,garch_ratio_recon,macro_bull_recon,macro_sideways_recon,macro_bear_recon,donch_1h_recon,kc_pct_1h_recon,kalman_velocity_recon,kalman_residual_recon,hmm_ms_state_recon,hmm_vd_state_recon
2026-06-17 02:02:03+00:00,2026-06-17 01:00,KXBTCD-26JUN1623-T65999.99,2026-06-17T03:00:00Z,65859.57,65999.99,0.2132,0.23,real,0.118877,1.073,0.00042458,0.00040691,0.00037956,1.0721,0.01,0.0004356,0.0,-1.0,0.0,1.0,0.0,0.0694,2.0,1.0,0.9444,0.0,1.696e-05,0.0,,0.0,0.0,0.0,-1.0,-1.0,0.1616,False,False,-1.0,-1.0,94.46,,89.16,False,0.0,neutral,0.0,0.0,0.09347,0.070217,trade,no,False,False,104.0,57.68,,0.406389,0.05,50.0,1000.0,-1.0,-4.0,0.3396,0.4694,0.5308,0.1133,-0.0145,0.8526,1.0,0.1118,0.2302,0.1324,0.9634,1.0,0.0795,False,bullish,bearish,True,False,5.452,,False,False,,False,,,15.77,0.0061,,2.0,1.0,1.0,58.9,0.036,,,,,,,,,,,,,,,,,,,-1.0,13992463.9,0.0,0.003087,-0.00698,0.00178,,,,,,,,,,,,,,,,,,,,,,,,,,,,,,,,,,,,,,,,,,,0.0,True,14.94,65900.12,0.0616,-0.1513,0.0,win,,,,,2026-06-17 02:02:03+00:00,2026-06-17 02:00:00+00:00,2,0.881123,0.77,True,0.2299999999999999,2026-06-13/2026-06-19,0.5781662575803564,0.0102630300619602,0.00010319755330996436,0.9896337723847287,0.32203507400097114,0.5505893192534544,-0.0002898591991108634,-0.0008532635131602974,7,3
2026-06-17 02:07:04+00:00,2026-06-17 02:00,KXBTCD-26JUN1623-T65899.99,2026-06-17T03:00:00Z,65813.73,65899.99,0.1311,0.28,real,0.160569,0.7421,0.00042584,0.0003904,0.00030961,1.2609,0.01,0.00040526,0.0,-1.0,0.0,1.0,0.0,-0.0751,2.0,1.0,0.9375,0.0,1.696e-05,1.0,,0.0,0.0,0.0,0.0,0.0,0.1016,False,False,-1.0,-1.0,86.05,,86.36,True,0.0,neutral,0.0,0.0,0.066897,0.040159,trade,no,False,False,103.0,52.69,,0.238917,0.05,50.0,1000.0,-1.0,-2.0,0.4265,0.4291,0.4007,-0.0741,-0.0597,0.0,0.0,-0.0779,0.1875,0.306,0.9634,1.0,0.1816,False,bullish,bearish,True,False,5.525,,False,False,,False,,,16.61,0.0065,,2.0,1.0,0.9975,59.1,-0.0654,,,,,,,,,,,,,,,,,,,-1.0,13965640.44,0.0,0.002784,-0.00629,0.00162,,,,,,,,,,,,,,,,,,,,,,,,,,,,,,,,,,,,,,,,,,,0.0,True,19.44,65900.12,0.1313,0.0002,0.0,win,,,,,2026-06-17 02:07:04+00:00,2026-06-17 02:00:00+00:00,2,0.839431,0.72,True,0.28,2026-06-13/2026-06-19,0.5781662575803564,0.0102630300619602,0.00010319755330996436,0.9896337723847287,0.32203507400097114,0.5505893192534544,-0.0002898591991108634,-0.0008532635131602974,7,3
2026-06-17 02:23:07+00:00,2026-06-17 02:00,KXBTCD-26JUN1623-T66099.99,2026-06-17T03:00:00Z,65982.32,66099.99,0.1783,0.23,real,0.147581,0.9938,0.00037782,0.00039249,0.00039828,0.9855,0.01,0.00043543,0.0,-1.0,0.0,2.0,0.0,0.0509,2.0,1.0,0.8695,0.0,6.82e-06,1.0,,0.0,1.0,-1.0,-2.0,-2.0,0.3246,False,False,-1.0,-1.0,100.0,,95.25,False,0.0,neutral,0.0,0.0,0.072595,0.048311,trade,no,False,False,104.0,36.66,,0.31563,0.05,50.0,1000.0,-1.0,-5.0,0.4173,0.4849,0.2701,0.2343,0.2249,0.4491,0.97,0.1557,0.4217,0.5404,0.6288,-1.0,0.0997,False,bullish,bearish,True,False,5.255,,False,False,,False,,,16.19,0.1424,,2.0,1.0,1.0,59.09,0.0476,,,,,,,,,,,,,,,,,,,-1.0,13645848.25,0.0,0.003126,-0.00883,0.00181,,,,,,,,,,,,,,,,,,,,,,,,,,,,,,,,,,,,,,,,,,,0.0,True,14.94,65900.12,-0.1246,-0.3024,0.0,win,,,,,2026-06-17 02:23:07+00:00,2026-06-17 02:00:00+00:00,2,0.852419,0.77,True,0.2299999999999999,2026-06-13/2026-06-19,0.5781662575803564,0.0102630300619602,0.00010319755330996436,0.9896337723847287,0.32203507400097114,0.5505893192534544,-0.0002898591991108634,-0.0008532635131602974,7,3
2026-06-17 02:23:07+00:00,2026-06-17 02:00,KXBTCD-26JUN1623-T66099.99,2026-06-17T03:00:00Z,65984.16,66099.99,0.1755,0.23,real,0.150144,0.9828,0.00037782,0.00039249,0.00039206,1.0011,0.01,0.00043345,0.0,-1.0,0.0,2.0,0.0,0.0509,2.0,1.0,0.8695,0.0,7.55e-06,1.0,,0.0,1.0,-1.0,-2.0,-2.0,0.3246,False,False,-1.0,-1.0,100.0,,95.25,False,0.0,neutral,0.0,0.0,0.06992,0.045508,trade,no,False,False,104.0,36.66,,0.304001,0.05,50.0,1000.0,-1.0,-5.0,0.4173,0.4849,0.2701,0.2343,0.2249,0.4491,0.97,0.1557,0.4217,0.5404,0.6288,-1.0,0.1021,False,bullish,bearish,True,False,5.253,,False,False,,False,,,16.19,0.1424,,2.0,1.0,1.0,59.09,0.0476,,,,,,,,,,,,,,,,,,,-1.0,13645848.25,0.0,0.003126,-0.00885,0.00178,,,,,,,,,,,,,,,,,,,,,,,,,,,,,,,,,,,,,,,,,,,0.0,True,14.94,65900.12,-0.1274,-0.3024,0.0,win,,,,,2026-06-17 02:23:07+00:00,2026-06-17 02:00:00+00:00,2,0.849856,0.77,True,0.2299999999999999,2026-06-13/2026-06-19,0.5781662575803564,0.0102630300619602,0.00010319755330996436,0.9896337723847287,0.32203507400097114,0.5505893192534544,-0.0002898591991108634,-0.0008532635131602974,7,3
2026-06-17 04:00:22+00:00,2026-06-17 04:00,KXBTCD-26JUN1701-T65999.99,2026-06-17T05:00:00Z,65800.06,65999.99,0.3039,0.15,real,0.05521,1.6025,0.00034195,0.00033028,0.00037987,0.8694,0.01,0.00040947,-1.0,-1.0,0.0,0.0,0.0,0.0342,2.0,0.0,0.6566,0.0,1.855e-05,0.0,,0.0,0.0,0.0,0.0,0.0,-0.057,False,False,0.0,0.0,51.45,,51.59,False,0.0,neutral,0.0,0.0,0.095331,0.076713,trade,no,False,False,92.0,59.38,,0.63554,0.05,50.0,1000.0,0.0,0.0,0.4819,0.5018,0.0543,0.0323,-0.0334,0.628,0.5,0.0404,-0.1194,-0.1459,0.041,-1.0,0.16,False,bullish,bearish,True,False,5.547,,False,False,,True,,,14.78,0.0,,4.0,-1.0,-1.0,59.23,0.0139,,,,,,,,,,,,,,,,,,,-1.0,13363081.61,0.0,0.002652,-0.00608,0.00172,,,,,,,,,,,,,,,,,,,,,,,,,,,,,,,,,,,,,,,,,,,0.0,True,8.82,65891.63,0.1392,-0.1642,0.0,win,,,,,2026-06-17 04:00:22+00:00,2026-06-17 04:00:00+00:00,2,0.94479,0.85,True,0.15,2026-06-13/2026-06-19,0.5088730478528976,0.07028036614034519,0.0001580640777134741,0.9295615697819472,0.3279895358849442,0.5384295625296034,0.00018487302493649168,0.0005766568200523997,7,3
2026-06-17 04:08:12+00:00,2026-06-17 04:00,KXBTCD-26JUN1701-T65899.99,2026-06-17T05:00:00Z,65804.81,65899.99,0.1446,0.23,real,0.184903,0.903,0.00033478,0.00032332,0.00027248,1.1866,0.01,0.00037156,-1.0,-1.0,0.0,0.0,0.0,0.0284,2.0,0.0,0.6495,0.0,1.709e-05,0.0,,0.0,0.0,0.0,0.0,0.0,0.0074,False,False,0.0,0.0,57.55,,53.62,False,0.0,neutral,0.0,0.0,0.046393,0.0209,trade,no,False,False,91.0,51.54,,0.201707,0.05,50.0,1000.0,0.0,0.0,0.4819,0.5018,0.0757,0.1048,0.0311,0.5561,1.0,0.0737,-0.0862,-0.1127,0.041,-1.0,0.3489,False,bullish,bearish,True,False,5.539,,False,False,,True,,,14.78,0.0058,,4.0,-1.0,-1.0,59.24,0.0139,,,,,,,,,,,,,,,,,,,-0.8393,8290546.44,0.0,0.007715,-0.00615,0.00165,,,,,,,,,,,,,,,,,,,,,,,,,,,,,,,,,,,,,,,,,,,0.0,True,14.94,65891.63,0.1319,-0.0127,0.0,win,,,,,2026-06-17 04:08:12+00:00,2026-06-17 04:00:00+00:00,2,0.815097,0.77,True,0.2299999999999999,2026-06-13/2026-06-19,0.5088730478528976,0.07028036614034519,0.0001580640777134741,0.9295615697819472,0.3279895358849442,0.5384295625296034,0.00018487302493649168,0.0005766568200523997,7,3
2026-06-17 04:19:54+00:00,2026-06-17 04:00,KXBTCD-26JUN1701-T65799.99,2026-06-17T05:00:00Z,65738.09,65799.99,0.0942,0.29,real,0.251187,0.677,0.00030057,0.00031235,0.00026944,1.1593,0.01,0.00036709,-1.0,-1.0,0.0,1.0,-1.0,-0.1381,2.0,0.0,0.5361,0.0,1.787e-05,0.0,,0.0,0.0,0.0,0.0,0.0,-0.1138,False,False,0.0,0.0,46.08,,49.94,False,0.0,neutral,0.0,0.0,0.040361,0.012249,trade,no,False,False,91.0,39.84,,0.139176,0.05,50.0,1000.0,0.0,0.0,0.4819,0.5018,-0.0243,-0.116,-0.0654,0.076,0.0325,-0.0162,-0.176,-0.2024,0.4945,-1.0,0.5055,False,bullish,bearish,True,False,5.647,,False,False,,True,,,14.78,0.0203,-0.22,4.0,-1.0,-1.0,59.29,0.0315,,,,,,,,,,,,,,,,,,,-1.0,9105271.51,0.0,0.007209,-0.00514,0.00146,,,,,,,,,,,,,,,,,,,,,,,,,,,,,,,,,,,,,,,,,,,1.0,False,-50.0,65891.63,0.2336,0.1393,0.1393,marginal,,,,,2026-06-17 04:19:54+00:00,2026-06-17 04:00:00+00:00,2,0.748813,0.71,False,-0.71,2026-06-13/2026-06-19,0.5088730478528976,0.07028036614034519,0.0001580640777134741,0.9295615697819472,0.3279895358849442,0.5384295625296034,0.00018487302493649168,0.0005766568200523997,7,3
2026-06-17 13:02:42+00:00,2026-06-17 13:00,KXBTCD-26JUN1710-T65299.99,2026-06-17T14:00:00Z,64972.81,65299.99,0.5036,0.13,real,0.050375,1.6179,0.00043847,0.00049979,0.00059022,0.8468,0.01,0.00054066,-1.0,-1.0,0.0,2.0,-1.0,-0.1196,2.0,0.0,0.3145,0.0,1.95e-05,1.0,,0.0,0.0,0.0,0.0,0.0,-0.3966,False,False,-1.0,-1.0,92.16,,84.09,False,0.0,bearish,0.0,0.0,0.077697,0.059227,trade,no,False,False,87.0,57.09,,0.597669,0.05,50.0,1000.0,-3.0,-2.0,0.468,0.4934,0.4266,0.061,0.0156,1.0,0.1045,-0.0254,0.2998,0.3637,0.8417,1.0,0.0371,False,bearish,bearish,False,True,6.891,,False,False,,False,,,22.3,1.3437,,13.0,1.0,0.9257,61.5,0.1854,,,,,,,,,,,,,,,,,,,-1.0,13322554.56,0.0,0.001203,-0.00542,0.00183,,,,,,,,,,,,,,,,,,,,,,,,,,,,,,,,,,,,,,,,,,,0.0,True,7.47,65218.42,0.378,-0.1249,0.0,win,,,,,2026-06-17 13:02:42+00:00,2026-06-17 13:00:00+00:00,1,0.949625,0.87,True,0.13,2026-06-13/2026-06-19,0.6011384966582926,0.9999305950897142,4.931494689368114e-07,6.89117608146198e-05,0.4353741496598656,0.5455392223248369,0.0015546715482615975,-0.0002869809766558101,6,4
2026-06-17 13:11:05+00:00,2026-06-17 13:00,KXBTCD-26JUN1710-T65199.99,2026-06-17T14:00:00Z,64941.39,65199.99,0.3982,0.18,real,0.081614,1.3615,0.00045453,0.00049727,0.00062231,0.7991,0.01,0.0005505,-1.0,-1.0,0.0,1.0,0.0,-0.045,2.0,0.0,0.6695,0.0,1.949e-05,1.0,,0.0,0.0,0.0,0.0,0.0,-0.4484,False,False,-1.0,-1.0,83.96,,81.36,False,0.0,bearish,0.0,0.0,0.094429,0.073951,trade,no,False,False,87.0,48.67,,0.524605,0.05,50.0,1000.0,-3.0,-1.0,0.4545,0.4907,0.2815,-0.0852,-0.0596,0.0,1.0,0.0308,0.3561,0.4201,0.8417,1.0,0.0626,False,bearish,bearish,False,True,6.943,,False,False,,False,,,22.3,1.4976,-0.03,13.0,1.0,0.9257,61.5,0.1854,,,,,,,,,,,,,,,,,,,-1.0,13023866.31,0.0,0.001483,-0.0056,0.00175,,,,,,,,,,,,,,,,,,,,,,,,,,,,,,,,,,,,,,,,,,,1.0,False,-50.0,65218.42,0.4266,0.0283,0.0283,near_miss,,,,,2026-06-17 13:11:05+00:00,2026-06-17 13:00:00+00:00,1,0.918386,0.8200000000000001,False,-0.8200000000000001,2026-06-13/2026-06-19,0.6011384966582926,0.9999305950897142,4.931494689368114e-07,6.89117608146198e-05,0.4353741496598656,0.5455392223248369,0.0015546715482615975,-0.0002869809766558101,6,4
2026-06-17 13:16:05+00:00,2026-06-17 13:00,KXBTCD-26JUN1710-T65099.99,2026-06-17T14:00:00Z,64976.62,65099.99,0.1899,0.29,real,0.223831,0.7265,0.00047318,0.00050482,0.00051859,0.9734,0.01,0.00051972,-1.0,-1.0,0.0,1.0,0.0,-0.0904,2.0,0.0,0.6961,0.0,1.916e-05,1.0,,0.0,0.0,0.0,0.0,0.0,-0.3839,False,False,-1.0,-1.0,88.41,,92.84,True,0.0,bearish,0.0,0.0,0.058392,0.030934,trade,no,False,False,87.0,43.69,,0.201352,0.05,50.0,1000.0,-3.0,-1.0,0.4545,0.4907,0.0986,0.0048,0.0075,0.8664,0.4065,-0.0251,0.3,0.364,0.302,1.0,0.1193,False,bearish,bearish,False,True,6.885,,False,False,,False,,,22.2,1.5158,-0.04,13.0,-1.0,-1.0,61.5,0.1854,,,,,,,,,,,,,,,,,,,-1.0,13575311.59,0.0,0.001266,-0.00484,0.00157,,,,,,,,,,,,,,,,,,,,,,,,,,,,,,,,,,,,,,,,,,,1.0,False,-50.0,65218.42,0.3721,0.1819,0.1819,marginal,,,,,2026-06-17 13:16:05+00:00,2026-06-17 13:00:00+00:00,1,0.776169,0.71,False,-0.71,2026-06-13/2026-06-19,0.6011384966582926,0.9999305950897142,4.931494689368114e-07,6.89117608146198e-05,0.4353741496598656,0.5455392223248369,0.0015546715482615975,-0.0002869809766558101,6,4
2026-06-17 14:01:09+00:00,2026-06-17 14:00,KXBTCD-26JUN1711-T65399.99,2026-06-17T15:00:00Z,65180.23,65399.99,0.3372,0.24,real,0.058816,1.0675,0.00067042,0.00088462,0.0006224,1.4213,0.01,0.00068635,-1.0,0.0,1.0,1.0,1.0,0.1152,2.0,0.0,0.7591,0.0,1.197e-05,1.0,,0.0,0.0,0.0,0.0,0.0,-0.0855,False,False,-1.0,-1.0,81.53,,87.61,True,0.0,bearish,0.0,0.0,0.119811,0.097409,trade,no,False,False,90.0,58.62,,0.499211,0.05,50.0,1000.0,-1.0,-2.0,0.3736,0.3612,0.3751,-0.0783,-0.1491,0.1004,0.5,-0.1009,0.2696,0.5957,0.0053,-1.0,0.3214,False,bearish,bearish,False,True,6.551,,False,False,,False,,,20.65,0.0,,14.0,1.0,0.9995,61.88,-0.124,,,,,,,,,,,,,,,,,,,-1.0,12814344.57,0.0,0.001407,-0.00524,0.00169,,,,,,,,,,,,,,,,,,,,,,,,,,,,,,,,,,,,,,,,,,,0.0,True,15.79,65131.88,-0.0742,-0.41,0.0,win,,,,,2026-06-17 14:01:09+00:00,2026-06-17 14:00:00+00:00,1,0.941184,0.76,True,0.24,2026-06-13/2026-06-19,0.6093653619233944,0.9999450961634118,5.449573970499409e-07,5.43588791867615e-05,0.3562699008757923,0.4294234847256442,-0.0014695102044704905,-0.001705384756981683,6,4
2026-06-17 14:10:58+00:00,2026-06-17 14:00,KXBTCD-26JUN1711-T65299.99,2026-06-17T15:00:00Z,65164.51,65299.99,0.2079,0.38,real,0.155405,0.5162,0.00075417,0.00098748,0.00097327,1.0146,0.01,0.00084699,-1.0,-1.0,0.0,1.0,0.0,0.0913,2.0,0.0,0.7814,0.0,7.64e-06,1.0,,0.0,0.0,0.0,0.0,0.0,-0.0851,False,False,-1.0,-1.0,81.55,,87.62,True,0.0,bearish,0.0,0.0,0.113283,0.084592,trade,no,False,False,91.0,48.8,,0.298112,0.05,50.0,1000.0,-1.0,-2.0,0.3736,0.3612,-0.1656,-0.0214,-0.001,0.4385,0.0,-0.1443,0.226,0.552,0.0053,-1.0,0.244,False,bearish,bearish,False,True,6.576,,False,False,,False,,,20.65,0.0002,,14.0,0.0,0.1672,61.59,0.2152,,,,,,,,,,,,,,,,,,,-1.0,12893839.83,0.0,0.00197,-0.00518,0.00204,,,,,,,,,,,,,,,,,,,,,,,,,,,,,,,,,,,,,,,,,,,0.0,True,30.65,65131.88,-0.0501,-0.2574,0.0,win,,,,,2026-06-17 14:10:58+00:00,2026-06-17 14:00:00+00:00,1,0.844595,0.62,True,0.38,2026-06-13/2026-06-19,0.6093653619233944,0.9999450961634118,5.449573970499409e-07,5.43588791867615e-05,0.3562699008757923,0.4294234847256442,-0.0014695102044704905,-0.001705384756981683,6,4
2026-06-17 14:17:58+00:00,2026-06-17 14:00,KXBTCD-26JUN1711-T65499.99,2026-06-17T15:00:00Z,65278.65,65499.99,0.3391,0.22,real,0.152517,0.9245,0.00078922,0.00099739,0.00067821,1.4706,0.01,0.00074537,-1.0,-1.0,0.0,1.0,0.0,-0.0637,2.0,0.0,0.762,0.0,4.75e-06,1.0,,0.0,0.0,0.0,0.0,0.0,0.2365,False,False,-1.0,-1.0,96.37,,94.06,False,0.0,bearish,0.0,0.0,0.047967,0.022997,trade,no,False,False,90.0,41.77,,0.218034,0.05,50.0,1000.0,0.0,-6.0,0.3571,0.4712,0.1755,0.1396,0.1659,1.0,0.9,0.221,0.5927,0.9199,0.5819,1.0,0.2165,False,bearish,bearish,False,True,6.39,,False,False,,False,,,20.32,0.0084,0.06,14.0,1.0,1.0,61.28,-0.0149,,,,,,,,,,,,,,,,,,,-1.0,12728990.79,0.0,0.002076,-0.00563,0.00186,,,,,,,,,,,,,,,,,,,,,,,,,,,,,,,,,,,,,,,,,,,0.0,True,14.1,65131.88,-0.2248,-0.562,0.0,win,,,,,2026-06-17 14:17:58+00:00,2026-06-17 14:00:00+00:00,1,0.847483,0.78,True,0.2199999999999999,2026-06-13/2026-06-19,0.6093653619233944,0.9999450961634118,5.449573970499409e-07,5.43588791867615e-05,0.3562699008757923,0.4294234847256442,-0.0014695102044704905,-0.001705384756981683,6,4
2026-06-17 17:02:50+00:00,2026-06-17 17:00,KXBTCD-26JUN1714-T66099.99,2026-06-17T18:00:00Z,65836.45,66099.99,0.4003,0.2,real,0.099625,0.9883,0.00086077,0.00092812,0.00062907,1.4754,0.01,0.00070484,-1.0,-1.0,0.0,0.0,0.0,-0.0701,2.0,0.0,0.1534,0.0,-3.954e-05,1.0,,0.0,0.0,0.0,-1.0,-1.0,0.7668,False,False,-1.0,0.0,65.33,,66.77,False,1.0,bearish,0.0,0.0,0.053514,0.029762,trade,no,False,False,97.0,56.94,,0.267572,0.05,50.0,1000.0,1.0,-2.0,0.463,0.4165,-0.2988,0.0142,-0.0328,0.0,0.0,-0.0203,0.1219,1.1322,0.7124,-1.0,0.1811,False,bearish,bearish,False,True,5.489,1.62,False,False,,False,,,20.14,0.0009,,17.0,-1.0,-1.0,60.6,-0.1796,,,,,,,,,,,,,,,,,,,-1.0,13289172.39,0.0,0.003233,-0.00541,0.00182,,,,,,,,,,,,,,,,,,,,,,,,,,,,,,,,,,,,,,,,,,,0.0,True,12.5,65533.7,-0.4599,-0.8567,0.0,win,,,,,2026-06-17 17:02:50+00:00,2026-06-17 17:00:00+00:00,1,0.900375,0.8,True,0.1999999999999999,2026-06-13/2026-06-19,0.7927791172430647,0.9952750352089049,4.243199305177918e-06,0.004720721591788761,0.8000383058187572,0.8750421010430737,-0.00033179582206167087,-5.035625427447267e-06,6,4
2026-06-17 17:08:31+00:00,2026-06-17 17:00,KXBTCD-26JUN1714-T65999.99,2026-06-17T18:00:00Z,65785.8,65999.99,0.3256,0.24,real,0.128797,0.8367,0.00089486,0.00093967,0.00064279,1.4619,0.01,0.00071392,-1.0,-1.0,0.0,0.0,0.0,-0.0281,2.0,0.0,0.1423,0.0,-3.307e-05,1.0,,0.0,0.0,0.0,-1.0,-1.0,0.6951,False,False,0.0,0.0,62.54,,65.84,False,1.0,bearish,0.0,0.0,0.055948,0.030436,trade,no,False,False,96.0,51.26,,0.233117,0.05,50.0,1000.0,1.0,-2.0,0.463,0.4165,-0.3314,-0.0794,-0.0749,0.5824,0.0,-0.0701,0.072,1.0818,0.7124,-1.0,0.1938,False,bearish,bearish,False,True,5.57,1.545,False,False,,False,,,20.14,0.0576,,17.0,-1.0,-1.0,60.36,-0.0057,,,,,,,,,,,,,,,,,,,-1.0,13562939.67,0.0,0.003403,-0.0056,0.00152,,,,,,,,,,,,,,,,,,,,,,,,,,,,,,,,,,,,,,,,,,,1.0,False,-50.0,65533.7,-0.3832,-0.7065,0.7065,clear_loss,,,,,2026-06-17 17:08:31+00:00,2026-06-17 17:00:00+00:00,1,0.871203,0.76,False,-0.76,2026-06-13/2026-06-19,0.7927791172430647,0.9952750352089049,4.243199305177918e-06,0.004720721591788761,0.8000383058187572,0.8750421010430737,-0.00033179582206167087,-5.035625427447267e-06,6,4
2026-06-17 17:16:17+00:00,2026-06-17 17:00,KXBTCD-26JUN1714-T65899.99,2026-06-17T18:00:00Z,65808.16,65899.99,0.1395,0.38,real,0.248675,0.3833,0.00091387,0.00091343,0.00069203,1.3199,0.01,0.00072566,-1.0,-1.0,0.0,1.0,-1.0,-0.1163,2.0,0.0,0.2076,0.0,-2.836e-05,1.0,,0.0,0.0,0.0,-1.0,-1.0,0.6892,False,False,0.0,0.0,62.41,,63.84,False,1.0,bearish,0.0,0.0,0.052418,0.021999,trade,no,False,False,97.0,43.51,,0.137943,0.05,50.0,1000.0,1.0,-2.0,0.463,0.4165,-0.2221,-0.1651,-0.1835,0.0,0.1372,-0.0376,0.1046,1.1148,0.0084,-1.0,0.4601,False,bearish,bearish,False,True,5.534,1.578,False,False,,False,,,20.14,0.0599,0.02,17.0,-1.0,-1.0,60.36,-0.0057,,,,,,,,,,,,,,,,,,,-1.0,13187995.42,0.0,0.003491,-0.00542,0.00174,,,,,,,,,,,,,,,,,,,,,,,,,,,,,,,,,,,,,,,,,,,1.0,False,-50.0,65533.7,-0.4171,-0.5558,0.5558,clear_loss,,,,,2026-06-17 17:16:17+00:00,2026-06-17 17:00:00+00:00,1,0.751325,0.62,False,-0.62,2026-06-13/2026-06-19,0.7927791172430647,0.9952750352089049,4.243199305177918e-06,0.004720721591788761,0.8000383058187572,0.8750421010430737,-0.00033179582206167087,-5.035625427447267e-06,6,4
2026-06-17 20:51:12+00:00,2026-06-17 20:00,KXBTCD-26JUN1717-T64249.99,2026-06-17T21:00:00Z,64236.51,64249.99,0.021,0.5,real,0.460024,0.1004,0.00070417,0.00099859,,,0.01,0.00071199,0.0,1.0,2.0,1.0,0.0,-0.0904,2.0,0.0,0.2416,-1.0,6.202e-05,-1.0,,0.0,-1.0,1.0,2.0,2.0,-1.3517,False,False,1.0,1.0,13.92,,13.25,True,-1.0,bearish,0.0,0.0,0.050457,0.018136,trade,no,False,False,33.0,8.61,,0.100915,0.024978,24.98,1000.0,-6.0,6.0,0.3656,0.4649,-0.002,-0.0493,0.1868,1.0,0.4314,0.0742,-1.6452,-2.6007,0.6526,-1.0,0.6026,False,bearish,bearish,False,True,2.389,,False,False,,False,,,20.65,1.1714,,20.0,-1.0,-1.0,62.92,-0.2094,,,,,,,,,,,,,,,,,,,-0.4788,4836846.13,0.0,0.00289,-0.0052,0.0016,,,,,,,,,,,,,,,,,,,,,,,,,,,,,,,,,,,,,,,,,,,1.0,False,-24.98,64409.29,0.269,0.2479,0.2479,clear_loss,,,,,2026-06-17 20:51:12+00:00,2026-06-17 20:00:00+00:00,1,0.539976,0.5,False,-0.5,2026-06-13/2026-06-19,1.288812027901816,5.7950274593241085e-09,0.0001617477764741065,0.9998382464284938,0.16989878124354388,0.1343166879913171,0.0014542033833923424,0.006629473405625052,4,2
2026-06-17 21:41:51+00:00,2026-06-17 21:00,KXBTCD-26JUN1718-T64299.99,2026-06-17T22:00:00Z,64247.16,64299.99,0.0822,0.4,real,0.250784,0.3198,0.00046013,0.00061798,0.0007657,0.8071,0.01,0.00065921,0.0,0.0,1.0,1.0,0.0,-0.0004,2.0,0.0,0.3307,-1.0,5.797e-05,0.0,,0.0,0.0,0.0,1.0,1.0,-1.2332,False,False,0.0,1.0,18.12,,15.91,True,-1.0,bearish,0.0,0.0,0.053694,0.022848,trade,no,False,False,76.0,17.95,,0.134236,0.047408,47.41,1000.0,-6.0,5.0,0.3902,0.4007,0.0479,0.1366,0.036,1.0,0.4826,-0.1077,0.1353,-1.5852,0.0283,-1.0,0.5903,False,bearish,bearish,False,True,2.372,,False,False,,False,,,21.17,0.1433,,21.0,-1.0,-0.7616,63.17,0.05,,,,,,,,,,,,,,,,,,,-1.0,4381505.72,0.0,0.000543,-0.00526,0.00394,,,,,,,,,,,,,,,,,,,,,,,,,,,,,,,,,,,,,,,,,,,0.0,True,31.61,64246.93,-0.0004,-0.0825,0.0,win,,,,,2026-06-17 21:41:51+00:00,2026-06-17 21:00:00+00:00,1,0.749216,0.6,True,0.4,2026-06-13/2026-06-19,1.194524244725968,1.95103065410665e-09,0.0001487864931620039,0.9998512115558063,0.0954306961371609,0.09645411876001764,0.0015988129869808955,0.00011649333721892256,3,2
2026-06-17 21:53:22+00:00,2026-06-17 21:00,KXBTCD-26JUN1718-T64199.99,2026-06-17T22:00:00Z,64197.44,64199.99,0.004,0.55,real,0.489104,0.0273,0.00044543,0.00060834,,,0.01,0.0005746,0.0,0.0,1.0,1.0,0.0,0.0579,2.0,0.0,0.3855,-1.0,5.699e-05,0.0,,0.0,0.0,0.0,1.0,1.0,-1.4218,False,False,1.0,1.0,11.81,,11.99,False,-1.0,bearish,0.0,0.0,0.059894,0.027401,trade,no,False,False,74.0,6.42,,0.108898,0.044161,44.16,1000.0,-6.0,7.0,0.4487,0.5033,-0.1287,0.0542,0.1049,1.0,0.3628,-0.269,-0.0264,-1.7441,0.4256,-1.0,0.7777,False,bearish,bearish,False,True,2.451,,False,False,,False,,,21.24,0.2005,0.23,21.0,-1.0,-1.0,63.05,-0.2006,,,,,,,,,,,,,,,,,,,0.0825,3198398.31,0.0,0.003095,-0.00931,0.00471,,,,,,,,,,,,,,,,,,,,,,,,,,,,,,,,,,,,,,,,,,,1.0,False,-44.16,64246.93,0.0771,0.0731,0.0731,marginal,,,,,2026-06-17 21:53:22+00:00,2026-06-17 21:00:00+00:00,1,0.510896,0.4499999999999999,False,-0.4499999999999999,2026-06-13/2026-06-19,1.194524244725968,1.95103065410665e-09,0.0001487864931620039,0.9998512115558063,0.0954306961371609,0.09645411876001764,0.0015988129869808955,0.00011649333721892256,3,2
2026-06-18 14:00:08+00:00,2026-06-18 14:00,KXBTCD-26JUN1811-T64199.99,2026-06-18T15:00:00Z,63920.89,64199.99,0.4366,0.19,real,0.057043,1.1612,0.00067521,0.00093251,0.00064476,1.4463,0.01,0.00071682,-1.0,-1.0,0.0,0.0,0.0,-0.0254,2.0,0.0,0.4776,0.0,4.577e-05,0.0,,0.0,0.0,0.0,1.0,1.0,-0.3818,False,False,1.0,0.0,24.48,,18.21,False,-1.0,bearish,0.0,0.0,0.084529,0.062924,trade,no,False,False,99.0,59.25,,0.444887,0.05,100.0,2000.0,-5.0,0.0,0.2888,0.3473,-0.6207,-0.0438,-0.1713,0.2628,0.5,0.0,-0.5406,-0.0311,0.1067,1.0,0.3551,False,bearish,bearish,False,True,2.894,,False,False,,True,,,22.15,0.0,,14.0,0.0,-0.0366,63.67,0.0815,,,,,,,,,,,,,,,,,,,-1.0,3639790.34,0.0,0.001768,-0.00228,0.0161,,,,,,,,,,,,,,,,,,,,,,,,,,,,,,,,,,,,,,,,,,,0.0,True,23.46,63744.86,-0.2754,-0.7089,0.0,win,,,,,2026-06-18 14:00:08+00:00,2026-06-18 14:00:00+00:00,1,0.942957,0.81,True,0.1899999999999999,2026-06-13/2026-06-19,0.6661520131085438,5.433553579584424e-10,0.0009536391285076295,0.9990463603281439,0.0930984266301953,0.23092844465544884,-0.0010032632490821268,0.0003815392170034653,7,2
2026-06-18 14:06:45+00:00,2026-06-18 14:00,KXBTCD-26JUN1811-T64099.99,2026-06-18T15:00:00Z,63829.16,64099.99,0.4243,0.21,real,0.107454,1.0964,0.00075441,0.00103898,0.00072162,1.4398,0.01,0.00078049,-1.0,0.0,1.0,0.0,0.0,-0.0029,2.0,0.0,0.6056,0.0,4.488e-05,0.0,,0.0,0.0,0.0,1.0,1.0,-0.4345,False,False,1.0,1.0,17.91,,16.02,False,-1.0,bearish,0.0,0.0,0.08018,0.057273,trade,no,False,False,98.0,52.94,,0.381812,0.05,100.0,2000.0,-5.0,4.0,0.4474,0.4433,-0.295,-0.1248,-0.0796,0.7659,0.0,-0.0786,-0.6188,-0.1097,0.1067,1.0,0.3015,False,bearish,bearish,False,True,3.042,,False,False,,True,,,22.15,0.0699,,14.0,0.0,-0.5263,63.81,-0.3018,,,,,,,,,,,,,,,,,,,-1.0,4214427.7,0.0,0.00199,-0.00238,0.01756,,,,,,,,,,,,,,,,,,,,,,,,,,,,,,,,,,,,,,,,,,,0.0,True,26.58,63744.86,-0.1321,-0.554,0.0,win,,,,,2026-06-18 14:06:45+00:00,2026-06-18 14:00:00+00:00,1,0.8925460000000001,0.79,True,0.2099999999999999,2026-06-13/2026-06-19,0.6661520131085438,5.433553579584424e-10,0.0009536391285076295,0.9990463603281439,0.0930984266301953,0.23092844465544884,-0.0010032632490821268,0.0003815392170034653,7,2
2026-06-18 14:11:47+00:00,2026-06-18 14:00,KXBTCD-26JUN1811-T63999.99,2026-06-18T15:00:00Z,63738.11,63999.99,0.4109,0.22,real,0.162353,0.9848,0.00075929,0.00102398,0.00076624,1.3364,0.01,0.00079051,-1.0,0.0,1.0,1.0,-1.0,-0.1458,2.0,0.0,0.694,0.0,4.507e-05,0.0,,0.0,0.0,0.0,1.0,1.0,-0.5537,False,False,1.0,1.0,4.79,,11.65,False,-1.0,bearish,0.0,0.0,0.05637,0.03179,trade,no,False,False,97.0,48.02,,0.256227,0.05,100.0,2000.0,-5.0,9.0,0.543,0.51,-0.2249,-0.2083,-0.0287,0.8636,0.0926,-0.1932,-0.7328,-0.2243,0.1067,1.0,0.2583,False,bearish,bearish,False,True,3.19,,False,False,,True,,,22.15,0.1126,-0.17,14.0,1.0,0.7369,63.81,-0.3018,,,,,,,,,,,,,,,,,,,-1.0,4843627.23,0.0,0.002234,-0.00187,0.01901,,,,,,,,,,,,,,,,,,,,,,,,,,,,,,,,,,,,,,,,,,,0.0,True,28.21,63744.86,0.0106,-0.3986,0.0,win,,,,,2026-06-18 14:11:47+00:00,2026-06-18 14:00:00+00:00,1,0.837647,0.78,True,0.2199999999999999,2026-06-13/2026-06-19,0.6661520131085438,5.433553579584424e-10,0.0009536391285076295,0.9990463603281439,0.0930984266301953,0.23092844465544884,-0.0010032632490821268,0.0003815392170034653,7,2
2026-06-18 23:49:10+00:00,2026-06-18 23:00,KXBTCD-26JUN1821-T62999.99,2026-06-19T01:00:00Z,62857.1,62999.99,0.2273,0.18,real,0.072634,1.2343,0.00030301,0.00031295,0.00033295,0.9399,0.01,0.00041153,-1.0,-1.0,0.0,0.0,0.0,-0.0263,2.0,0.0,0.4957,0.0,1.994e-05,0.0,,0.0,0.0,0.0,0.0,0.0,,False,False,-1.0,0.0,61.44,,50.86,False,0.0,bearish,0.0,0.0,0.080059,0.058762,trade,no,False,False,83.0,55.51,,0.444772,0.044477,88.95,2000.0,-6.0,1.0,0.442,0.4163,0.1302,0.0645,0.0,1.0,0.5826,-0.0138,-0.131,-0.4042,0.8057,1.0,0.2343,False,bearish,bearish,False,False,1.786,,False,False,,False,,,31.19,0.1942,,23.0,0.0,1.0,65.94,-0.0231,,,,,,,,,,,,,,,,,,,-1.0,12020578.25,0.0,0.002376,-0.00194,0.0017,,,,,,,,,,,,,,,,,,,,,,,,,,,,,,,,,,,,,,,,,,,0.0,True,19.53,63019.82,0.2589,0.0315,0.0,win,,,,,2026-06-18 23:49:10+00:00,2026-06-18 23:00:00+00:00,2,0.927366,0.8200000000000001,True,0.1799999999999999,2026-06-13/2026-06-19,0.6485533094191435,5.7312739509845273e-11,0.003670266552392983,0.9963297333902916,0.30060224077739117,0.40967986332704587,0.00026165712472800873,0.0011666347024584277,3,5
2026-06-19 07:00:59+00:00,2026-06-19 07:00,KXBTCD-26JUN1904-T62999.99,2026-06-19T08:00:00Z,62847.31,62999.99,0.2429,0.23,real,0.127679,1.0596,0.00037478,0.00029907,0.00042825,0.6984,0.01,0.00043914,0.0,-1.0,0.0,1.0,0.0,0.048,2.0,0.0,0.6746,0.0,4.646e-05,0.0,,0.0,0.0,0.0,-1.0,-1.0,0.1783,False,False,-1.0,-1.0,97.11,,94.51,False,0.0,bearish,0.0,0.0,0.091155,0.067785,trade,no,False,False,89.0,58.81,,0.396326,0.039633,79.27,2000.0,-6.0,-2.0,0.275,0.4565,0.0393,0.1637,0.0504,0.7246,0.5,0.0005,0.2483,0.7282,0.4853,1.0,0.5873,False,bearish,bearish,False,False,1.801,,False,False,,False,,,33.34,0.0131,,7.0,0.0,0.9546,65.34,0.0317,,,,,,,,,,,,,,,,,,,-1.0,12731797.42,0.0,0.001834,-0.00186,0.00172,,,,,,,,,,,,,,,,,,,,,,,,,,,,,,,,,,,,,,,,,,,0.0,True,23.68,62615.64,-0.3686,-0.6101,0.0,win,,,,,2026-06-19 07:00:59+00:00,2026-06-19 07:00:00+00:00,2,0.872321,0.77,True,0.2299999999999999,2026-06-13/2026-06-19,0.6377277635508353,1.0118746221078246e-12,0.0020894863627197633,0.9979105136362709,0.15690660849148305,0.29422010395223436,-0.0011301326104798427,-0.002579156933058207,3,2
2026-06-19 07:06:43+00:00,2026-06-19 07:00,KXBTCD-26JUN1904-T62899.99,2026-06-19T08:00:00Z,62763.46,62899.99,0.2175,0.22,real,0.076469,1.1717,0.00035723,0.00029658,0.00038637,0.7676,0.01,0.00042438,0.0,-1.0,0.0,2.0,-1.0,-0.1746,2.0,0.0,0.672,0.0,4.422e-05,0.0,,0.0,0.0,0.0,0.0,0.0,0.1062,False,False,-1.0,-1.0,87.44,,91.29,True,0.0,bearish,0.0,0.0,0.11572,0.094181,trade,no,False,False,88.0,53.05,,0.525998,0.05,100.0,2000.0,-6.0,-1.0,0.2222,0.3517,0.124,-0.0216,-0.0763,0.0,0.0,-0.0715,0.1762,0.6557,0.4853,1.0,0.6183,False,bearish,bearish,False,False,1.937,,False,False,,False,,,33.34,0.0134,,7.0,0.0,0.9839,65.36,0.077,,,,,,,,,,,,,,,,,,,-1.0,11620494.75,0.0,0.002943,-0.00176,0.00139,,,,,,,,,,,,,,,,,,,,,,,,,,,,,,,,,,,,,,,,,,,0.0,True,28.21,62615.64,-0.2355,-0.4521,0.0,win,,,,,2026-06-19 07:06:43+00:00,2026-06-19 07:00:00+00:00,2,0.923531,0.78,True,0.2199999999999999,2026-06-13/2026-06-19,0.6377277635508353,1.0118746221078246e-12,0.0020894863627197633,0.9979105136362709,0.15690660849148305,0.29422010395223436,-0.0011301326104798427,-0.002579156933058207,3,2
2026-06-19 10:09:09+00:00,2026-06-19 10:00,KXBTCD-26JUN1907-T62599.99,2026-06-19T11:00:00Z,62425.41,62599.99,0.2797,0.2,real,0.089716,1.2498,0.00046352,0.00033886,0.0004663,0.7267,0.01,0.00046178,0.0,1.0,2.0,0.0,0.0,-0.0568,2.0,0.0,0.7128,0.0,4.3e-05,0.0,,0.0,-1.0,1.0,2.0,2.0,-0.4399,False,False,0.0,1.0,24.39,,16.59,True,-1.0,bearish,0.0,0.0,0.099848,0.078539,trade,no,False,False,86.0,50.64,,0.49924,0.031452,62.9,2000.0,-6.0,4.0,0.4474,0.4434,0.0616,0.1241,0.1589,0.0,0.0,-0.0348,-0.3088,-0.3708,0.0101,1.0,0.4408,False,bearish,bearish,False,False,2.489,,False,False,,True,,,35.54,0.0011,,10.0,-2.0,-1.0,65.54,0.2856,,,,,,,,,,,,,,,,,,,-1.0,11808345.57,0.0,0.001372,-0.00109,0.00183,,,,,,,,,,,,,,,,,,,,,,,,,,,,,,,,,,,,,,,,,,,0.0,True,15.72,62539.72,0.1831,-0.0963,0.0,win,,,,,2026-06-19 10:09:09+00:00,2026-06-19 10:00:00+00:00,2,0.910284,0.8,True,0.1999999999999999,2026-06-13/2026-06-19,0.4899227160860525,1.1572584862483055e-11,0.0024745275552027412,0.9975254724332184,0.17160161068219154,0.34366559198501767,0.0009551026495552683,0.0015393464907566801,3,2
2026-06-19 10:15:45+00:00,2026-06-19 10:00,KXBTCD-26JUN1907-T62499.99,2026-06-19T11:00:00Z,62449.46,62499.99,0.0809,0.39,real,0.26522,0.39,0.00029422,0.00032925,0.00043631,0.7546,0.02,0.00045958,0.0,-1.0,0.0,0.0,0.0,-0.015,2.0,0.0,0.7154,0.0,4.432e-05,0.0,,0.0,0.0,0.0,1.0,1.0,-0.3422,False,False,0.0,0.0,35.52,,27.02,True,0.0,bearish,0.0,0.0,0.070494,0.040274,trade,no,False,False,85.0,44.05,,0.180753,0.018075,36.15,2000.0,-6.0,0.0,0.2888,0.3472,0.2199,0.2538,0.0503,1.0,1.0,0.2189,-0.0558,-0.118,0.8628,1.0,0.5463,False,bearish,bearish,False,False,2.45,,False,False,,True,,,35.54,0.0127,,10.0,-1.0,0.1609,65.54,0.2856,,,,,,,,,,,,,,,,,,,-1.0,12085302.19,0.0,0.001974,-0.0018,0.00169,,,,,,,,,,,,,,,,,,,,,,,,,,,,,,,,,,,,,,,,,,,0.0,True,23.11,62539.72,0.1445,0.0636,0.0,win,,,,,2026-06-19 10:15:45+00:00,2026-06-19 10:00:00+00:00,2,0.73478,0.61,True,0.39,2026-06-13/2026-06-19,0.4899227160860525,1.1572584862483055e-11,0.0024745275552027412,0.9975254724332184,0.17160161068219154,0.34366559198501767,0.0009551026495552683,0.0015393464907566801,3,2
2026-06-19 12:06:36+00:00,2026-06-19 12:00,KXBTCD-26JUN1909-T62699.99,2026-06-19T13:00:00Z,62579.02,62699.99,0.1933,0.21,real,0.150431,0.9605,0.00033438,0.00030821,0.00032834,0.9387,0.01,0.00040537,-1.0,-1.0,0.0,1.0,0.0,-0.0289,2.0,0.0,0.7236,0.0,3.229e-05,0.0,,0.0,0.0,0.0,0.0,0.0,-0.0948,False,False,-1.0,-1.0,95.16,,77.79,False,0.0,bearish,0.0,0.0,0.047744,0.023229,trade,no,False,False,85.0,53.19,,0.227354,0.022735,45.47,2000.0,-5.0,-2.0,0.275,0.4565,-0.0099,0.0397,0.0045,0.5832,0.998,0.052,0.1836,0.4084,0.6125,-1.0,0.5064,False,bearish,bearish,False,False,2.238,,False,False,,True,,,35.72,0.1482,,12.0,-2.0,-1.0,65.6,0.0348,,,,,,,,,,,,,,,,,,,-1.0,10725769.22,0.0,0.00178,-0.00192,0.0011,,,,,,,,,,,,,,,,,,,,,,,,,,,,,,,,,,,,,,,,,,,1.0,False,-45.47,62840.27,0.4175,0.2237,0.2237,marginal,,,,,2026-06-19 12:06:36+00:00,2026-06-19 12:00:00+00:00,2,0.849569,0.79,False,-0.79,2026-06-13/2026-06-19,0.48264538965773296,1.425331593206645e-10,0.0010669554876108767,0.9989330443698688,0.5851354077093747,0.6296611086843222,0.00116657894675893,0.00023933371113170473,3,2
2026-06-19 12:15:31+00:00,2026-06-19 12:00,KXBTCD-26JUN1909-T62599.99,2026-06-19T13:00:00Z,62529.8,62599.99,0.1123,0.32,real,0.202178,0.5986,0.00033607,0.00029977,0.00036046,0.8316,0.01,0.00041417,-1.0,-1.0,0.0,1.0,0.0,-0.0577,2.0,0.0,0.7193,0.0,3.192e-05,0.0,,0.0,0.0,0.0,0.0,0.0,-0.1334,False,False,0.0,-1.0,82.19,,76.22,False,0.0,bearish,0.0,0.0,0.070802,0.042705,trade,no,False,False,84.0,44.29,,0.221256,0.022126,44.25,2000.0,-5.0,-1.0,0.2222,0.3517,-0.0461,-0.0391,-0.0358,0.0,0.2814,0.0128,0.1444,0.3691,0.0038,1.0,0.4234,False,bearish,bearish,False,False,2.318,,False,False,,True,,,35.57,0.1636,-0.16,12.0,0.0,1.0,65.6,0.0348,,,,,,,,,,,,,,,,,,,-1.0,11644324.75,0.0,0.001587,-0.00159,0.00186,,,,,,,,,,,,,,,,,,,,,,,,,,,,,,,,,,,,,,,,,,,1.0,False,-44.25,62840.27,0.4965,0.3838,0.3838,clear_loss,,,,,2026-06-19 12:15:31+00:00,2026-06-19 12:00:00+00:00,2,0.797822,0.6799999999999999,False,-0.6799999999999999,2026-06-13/2026-06-19,0.48264538965773296,1.425331593206645e-10,0.0010669554876108767,0.9989330443698688,0.5851354077093747,0.6296611086843222,0.00116657894675893,0.00023933371113170473,3,2
2026-06-19 13:02:38+00:00,2026-06-19 13:00,KXBTCD-26JUN1910-T62999.99,2026-06-19T14:00:00Z,62733.91,62999.99,0.4241,0.2,real,0.107792,1.2296,0.00086052,0.00099886,0.00066528,1.5014,0.01,0.00075893,0.0,-1.0,0.0,1.0,0.0,0.0311,2.0,-1.0,1.0,0.0,3.011e-05,0.0,,0.0,0.0,0.0,0.0,0.0,0.1652,False,False,-1.0,-1.0,83.99,,78.22,False,0.0,bearish,0.0,0.0,0.091122,0.069331,trade,no,False,False,91.0,57.14,,0.455611,0.045561,91.12,2000.0,-3.0,-2.0,0.468,0.495,0.4687,-0.0441,0.1094,1.0,0.0,-0.0166,0.3025,0.4344,0.6796,1.0,0.1797,False,bearish,bearish,False,False,1.985,,False,False,,True,,,34.14,0.0,,13.0,-1.0,0.3463,65.44,0.0726,,,,,,,,,,,,,,,,,,,-1.0,12399569.75,0.0,0.002788,-0.00148,0.00164,,,,,,,,,,,,,,,,,,,,,,,,,,,,,,,,,,,,,,,,,,,1.0,False,-91.12,63167.58,0.6913,0.266,0.266,marginal,,,,,2026-06-19 13:02:38+00:00,2026-06-19 13:00:00+00:00,5,0.892208,0.8,False,-0.8,2026-06-13/2026-06-19,0.4942554237433491,6.502845738405261e-08,0.0007703848728460845,0.9992295500987082,0.8078344553381799,0.8751840556697786,0.0018301210160515222,0.0006263681689901235,3,2
2026-06-19 13:22:32+00:00,2026-06-19 13:00,KXBTCD-26JUN1910-T62799.99,2026-06-19T14:00:00Z,62664.48,62799.99,0.2162,0.28,real,0.169917,0.8303,0.0009188,0.0009139,0.00060716,1.5052,0.01,0.00071034,0.0,-1.0,0.0,0.0,0.0,-0.0195,2.0,-1.0,1.0,0.0,3.118e-05,0.0,,0.0,0.0,0.0,0.0,0.0,-0.0006,False,False,0.0,0.0,61.19,,78.47,False,0.0,bearish,0.0,0.0,0.088311,0.062465,trade,no,False,False,89.0,37.26,,0.315397,0.03154,63.08,2000.0,-4.0,0.0,0.3982,0.4134,-0.2087,-0.189,-0.0256,0.0,0.0,-0.1812,0.1373,0.2691,0.0357,1.0,0.2599,False,bearish,bearish,False,False,2.098,,False,False,,True,,,33.72,0.0252,-0.31,13.0,-2.0,-1.0,65.93,0.3311,,,,,,,,,,,,,,,,,,,-1.0,12109910.53,0.0,0.002465,-0.00193,0.00152,,,,,,,,,,,,,,,,,,,,,,,,,,,,,,,,,,,,,,,,,,,1.0,False,-63.08,63167.58,0.8028,0.5853,0.5853,clear_loss,,,,,2026-06-19 13:22:32+00:00,2026-06-19 13:00:00+00:00,5,0.830083,0.72,False,-0.72,2026-06-13/2026-06-19,0.4942554237433491,6.502845738405261e-08,0.0007703848728460845,0.9992295500987082,0.8078344553381799,0.8751840556697786,0.0018301210160515222,0.0006263681689901235,3,2
2026-06-19 17:34:07+00:00,2026-06-19 17:00,KXBTCD-26JUN1914-T62999.99,2026-06-19T18:00:00Z,62951.12,62999.99,0.0776,0.39,real,0.30242,0.3233,0.00069583,0.00071223,0.00054822,1.2992,0.01,0.00062313,0.0,0.0,1.0,0.0,0.0,-0.034,2.0,0.0,0.7086,0.0,2.649e-05,-1.0,,0.0,0.0,0.0,0.0,0.0,0.0388,False,False,0.0,1.0,29.22,,17.86,True,0.0,bearish,0.0,0.0,0.041007,0.010103,trade,no,False,False,88.0,25.69,,0.105145,0.004748,9.5,2000.0,-4.0,0.0,0.3982,0.4076,0.2151,0.0551,0.197,0.4552,0.5417,0.0527,-0.3382,-0.3223,0.3619,-1.0,0.45,False,bearish,bearish,False,False,1.634,,False,False,,True,,,26.04,0.3478,,17.0,-1.0,-0.8589,64.95,0.0231,,,,,,,,,,,,,,,,,,,-1.0,11969412.69,0.0,0.002777,-0.00141,0.00178,,,,,,,,,,,,,,,,,,,,,,,,,,,,,,,,,,,,,,,,,,,1.0,False,-9.5,63201.74,0.3981,0.3202,0.3202,clear_loss,,,,,2026-06-19 17:34:07+00:00,2026-06-19 17:00:00+00:00,2,0.69758,0.61,False,-0.61,2026-06-13/2026-06-19,0.35941399187863116,0.9997566991555598,1.5557869291983015e-05,0.00022774297516052542,0.8035693308634126,0.7054482976330335,0.0007684800686089551,0.0025530877929990257,3,4
2026-06-19 17:50:12+00:00,2026-06-19 17:00,KXBTCD-26JUN1914-T63199.99,2026-06-19T18:00:00Z,63112.47,63199.99,0.1387,0.28,real,0.181634,0.7184,0.00055596,0.00067571,0.00076829,0.8795,0.01,0.00067751,0.0,-1.0,0.0,1.0,-1.0,-0.1018,2.0,0.0,0.7491,0.0,2.921e-05,-1.0,,0.0,0.0,0.0,-1.0,-1.0,0.3104,False,False,-1.0,0.0,60.73,,35.9,True,1.0,bearish,0.0,0.0,0.062882,0.035983,trade,no,False,False,89.0,9.58,,0.224577,0.022458,44.92,2000.0,-2.0,0.0,0.3381,0.3497,0.1607,0.2099,0.2061,0.8758,1.0,0.3798,-0.0123,0.0036,0.9464,1.0,0.2379,False,bearish,bearish,False,False,1.374,,False,False,,True,,,26.04,0.3796,,17.0,1.0,0.9991,64.98,0.0767,,,,,,,,,,,,,,,,,,,-0.7795,8620937.26,0.0,0.006935,-0.00308,0.00139,,,,,,,,,,,,,,,,,,,,,,,,,,,,,,,,,,,,,,,,,,,0.0,True,17.47,63201.74,0.1414,0.0028,0.0,win,,,,,2026-06-19 17:50:12+00:00,2026-06-19 17:00:00+00:00,2,0.818366,0.72,True,0.28,2026-06-13/2026-06-19,0.35941399187863116,0.9997566991555598,1.5557869291983015e-05,0.00022774297516052542,0.8035693308634126,0.7054482976330335,0.0007684800686089551,0.0025530877929990257,3,4
2026-06-20 00:05:44+00:00,2026-06-20 00:00,KXBTCD-26JUN1921-T63599.99,2026-06-20T01:00:00Z,63439.27,63599.99,0.2533,0.25,real,0.172576,0.9722,0.00058503,0.00068213,0.00051033,1.3367,0.01,0.00059005,1.0,-1.0,0.0,0.0,0.0,0.0152,2.0,1.0,0.9845,0.0,-9.52e-06,1.0,,0.0,0.0,0.0,0.0,0.0,,False,False,-1.0,0.0,73.75,,83.71,True,1.0,bearish,0.0,0.0,0.082187,0.057411,trade,no,False,False,96.0,54.03,,0.328747,0.032875,65.75,2000.0,2.0,-4.0,0.6167,0.5099,0.2192,0.2606,-0.074,1.0,1.0,0.0514,0.3946,0.7972,0.5396,1.0,0.145,False,bearish,bullish,True,False,0.852,,False,False,,False,,,21.89,0.0001,,0.0,0.0,0.9995,65.62,-0.5372,,,,,,,,,,,,,,,,,,,-1.0,12068867.26,0.0,0.003246,-0.00294,0.00193,,,,,,,,,,,,,,,,,,,,,,,,,,,,,,,,,,,,,,,,,,,0.0,True,21.92,63561.44,0.1926,-0.0606,0.0,win,,,,,2026-06-20 00:05:44+00:00,2026-06-20 00:00:00+00:00,5,0.8274239999999999,0.75,True,0.25,2026-06-20/2026-06-26,0.4113551086253791,0.9994549157998152,8.654930994434664e-06,0.0005364292691840045,0.805305922662751,0.8137055702936592,-0.000341500402258212,-0.0010785960229533036,3,4
2026-06-20 05:01:21+00:00,2026-06-20 05:00,KXBTCD-26JUN2002-T63599.99,2026-06-20T06:00:00Z,63515.93,63599.99,0.1323,0.25,real,0.150182,0.8437,0.00024636,0.00020468,0.00025658,0.7977,0.02,0.00034187,1.0,0.0,1.0,1.0,0.0,-0.0723,2.0,0.0,0.2104,1.0,-6.133e-05,0.0,,0.0,0.0,0.0,0.0,0.0,0.0019,False,False,-1.0,-1.0,91.03,,90.78,False,1.0,bearish,0.0,0.0,0.067973,0.042551,trade,no,False,False,109.0,58.4,,0.271894,0.027189,54.38,2000.0,2.0,-2.0,0.5114,0.4436,0.0431,0.0321,0.0,0.5,0.5,0.0,0.2199,0.3491,0.5571,-1.0,0.2836,False,bearish,bullish,True,False,0.73,,False,False,,False,,,24.32,0.0,,5.0,1.0,1.0,64.8,0.0856,,,,,,,,,,,,,,,,,,,-1.0,11307944.79,0.0,0.0036,-0.00184,0.00172,,,,,,,,,,,,,,,,,,,,,,,,,,,,,,,,,,,,,,,,,,,1.0,False,-54.38,63679.47,0.2575,0.125,0.125,marginal,,,,,2026-06-20 05:01:21+00:00,2026-06-20 05:00:00+00:00,5,0.849818,0.75,False,-0.75,2026-06-20/2026-06-26,0.4491987944348038,0.9999990552389506,9.296247675358999e-07,1.5136267882620745e-08,0.8736762383159409,0.7845855755281584,0.0005154190255815861,-0.0003038434696093471,3,4
2026-06-20 09:00:27+00:00,2026-06-20 09:00,KXBTCD-26JUN2006-T63499.99,2026-06-20T10:00:00Z,63372.92,63499.99,0.2005,0.21,real,0.162436,0.9845,0.00045714,0.00028381,0.00032246,0.8801,0.01,0.00038842,1.0,1.0,2.0,0.0,0.0,-0.0536,2.0,0.0,0.531,1.0,-5.157e-05,0.0,,0.0,0.0,0.0,1.0,1.0,-0.2824,False,False,1.0,1.0,7.89,,5.49,True,0.0,bearish,0.0,0.0,0.046544,0.021973,trade,no,False,False,108.0,59.34,,0.22164,0.022164,44.33,2000.0,1.0,5.0,0.5187,0.5035,-0.1158,0.0316,0.0316,0.0,0.5,0.0,-0.4695,-0.5142,1.0,-1.0,0.3695,False,bearish,bullish,True,False,0.957,,False,False,,True,,,26.92,0.0,,9.0,-1.0,-1.0,64.61,0.0602,,,,,,,,,,,,,,,,,,,-1.0,12237794.12,0.0,0.00295,-0.00169,0.00149,,,,,,,,,,,,,,,,,,,,,,,,,,,,,,,,,,,,,,,,,,,1.0,False,-44.33,63747.38,0.5909,0.3896,0.3896,clear_loss,,,,,2026-06-20 09:00:27+00:00,2026-06-20 09:00:00+00:00,2,0.837564,0.79,False,-0.79,2026-06-20/2026-06-26,0.5791342731353981,0.999999949800697,5.0196262545506555e-08,3.0357180686976253e-12,0.8854572472790053,0.7542833973240024,0.001871859434620747,0.0027420962908037347,7,0
2026-06-20 11:04:50+00:00,2026-06-20 11:00,KXBTCD-26JUN2008-T63699.99,2026-06-20T12:00:00Z,63602.2,63699.99,0.1537,0.24,real,0.264152,1.0041,0.00020577,0.00018889,0.00029335,0.6439,0.01,0.00034391,1.0,0.0,1.0,0.0,0.0,-0.0339,2.0,0.0,0.6713,1.0,-5.539e-05,0.0,,0.0,0.0,0.0,0.0,0.0,0.0678,False,False,0.0,0.0,73.35,,67.51,False,1.0,bearish,0.0,0.0,0.050459,0.024706,trade,no,False,False,110.0,54.98,,0.210247,0.021025,42.05,2000.0,2.0,0.0,0.6111,0.6145,-0.0121,0.0038,0.0038,0.5,0.0772,0.0038,-0.1357,0.4004,1.0,1.0,0.6037,False,bearish,bullish,True,False,0.593,,False,False,,False,,,27.14,0.0025,,11.0,1.0,0.6522,64.05,-0.0147,,,,,,,,,,,,,,,,,,,-1.0,11422883.78,0.0,0.003352,-0.00171,0.00143,,,,,,,,,,,,,,,,,,,,,,,,,,,,,,,,,,,,,,,,,,,0.0,True,13.28,63691.91,0.141,-0.0127,0.0,win,,,,,2026-06-20 11:04:50+00:00,2026-06-20 11:00:00+00:00,2,0.7358480000000001,0.76,True,0.24,2026-06-20/2026-06-26,0.62960894542692,0.9999997326608894,2.6165429086473653e-07,5.6848167941065015e-09,0.8148720832161959,0.6302498538273997,-5.1898755963805427e-05,0.00010935824326619516,7,0
2026-06-21 09:02:44+00:00,2026-06-21 09:00,KXBTCD-26JUN2106-T63999.99,2026-06-21T10:00:00Z,63899.65,63999.99,0.157,0.24,real,0.21428,0.8613,0.00031774,0.00022658,0.00029413,0.7703,0.01,0.00035472,1.0,0.0,1.0,0.0,0.0,-0.059,2.0,0.0,0.6087,0.0,1.976e-05,0.0,,0.0,-1.0,1.0,2.0,2.0,-0.3953,False,False,1.0,0.0,24.1,,23.29,False,-1.0,neutral,0.0,0.0,0.039,0.012758,trade,no,False,False,108.0,57.05,,0.1625,0.01625,32.5,2000.0,-1.0,5.0,0.5946,0.5187,-0.0813,0.0072,0.011,1.0,0.2009,0.011,-0.3085,-0.4681,0.0936,-1.0,0.5987,False,bearish,bullish,False,False,2.929,,False,False,,True,,,30.73,0.0888,,9.0,-1.0,-1.0,61.54,0.0369,,,,,,,,,,,,,,,,,,,-1.0,11619432.89,0.0,0.001375,-0.00194,0.00145,,,,,,,,,,,,,,,,,,,,,,,,,,,,,,,,,,,,,,,,,,,1.0,False,-32.5,64218.78,0.4994,0.3419,0.3419,clear_loss,,,,,2026-06-21 09:02:44+00:00,2026-06-21 09:00:00+00:00,2,0.78572,0.76,False,-0.76,2026-06-20/2026-06-26,0.6568642812265387,0.9999947501112236,5.39337585302267e-07,4.710551181166168e-06,0.7492261402255543,0.5413803987140179,0.002255336442058095,0.0011738705970256087,7,0
2026-06-21 10:19:11+00:00,2026-06-21 10:00,KXBTCD-26JUN2107-T64299.99,2026-06-21T11:00:00Z,64194.08,64299.99,0.165,0.2,real,0.175984,1.0159,0.00038578,0.00027719,0.00030736,0.9018,0.01,0.00037447,1.0,-1.0,0.0,1.0,0.0,0.0211,2.0,-1.0,0.8244,0.0,2.085e-05,0.0,,0.0,0.0,0.0,0.0,0.0,0.1176,False,False,-1.0,-1.0,96.48,,88.13,False,0.0,neutral,0.0,0.0,0.0383,0.013811,trade,no,False,False,110.0,40.61,,0.191499,0.01915,38.3,2000.0,2.0,-3.0,0.5217,0.5278,0.2129,0.1326,0.0,1.0,1.0,0.1288,0.4871,0.1662,0.9392,1.0,0.2104,False,bearish,bullish,False,False,2.457,,False,False,,True,,,29.78,0.004,-0.02,10.0,1.0,1.0,62.0,0.0691,,,,,,,,,,,,,,,,,,,-0.8649,8096251.98,0.0,0.006605,-0.00198,0.00152,,,,,,,,,,,,,,,,,,,,,,,,,,,,,,,,,,,,,,,,,,,0.0,True,9.57,64381.2,0.2915,0.1263,0.0,win,,,,,2026-06-21 10:19:11+00:00,2026-06-21 10:00:00+00:00,2,0.824016,0.8,True,0.1999999999999999,2026-06-20/2026-06-26,0.7038248020075539,0.9999996441365007,2.488234117618448e-07,1.070400820566507e-07,0.74169186217102,0.7274891777948802,0.0012031794701042738,-0.0003555273456989842,7,0
2026-06-21 10:40:20+00:00,2026-06-21 10:00,KXBTCD-26JUN2107-T64199.99,2026-06-21T11:00:00Z,64268.68,64199.99,-0.1069,0.92,real,0.812952,-0.9169,0.00031472,0.0002427,0.00017262,1.406,0.01,0.00031489,1.0,-1.0,0.0,1.0,0.0,0.0826,2.0,1.0,0.8472,0.0,1.001e-05,0.0,,0.0,0.0,0.0,-1.0,-1.0,0.2151,False,False,-1.0,-1.0,100.0,,96.36,False,1.0,neutral,0.0,0.0,0.099596,0.074282,trade,no,False,False,110.0,19.44,,0.108257,0.010826,21.65,2000.0,3.0,-5.0,0.4344,0.4866,0.2308,0.0853,0.066,1.0,1.0,0.227,0.5857,0.2644,0.5607,1.0,0.702,False,bearish,bullish,False,False,2.338,,False,False,,True,,,30.06,0.0105,0.21,10.0,1.0,1.0,62.1,0.0815,,,,,,,,,,,,,,,,,,,-0.4727,6005547.57,0.0,0.008925,-0.00165,0.00147,,,,,,,,,,,,,,,,,,,,,,,,,,,,,,,,,,,,,,,,,,,1.0,False,-21.65,64381.2,0.1751,0.2823,0.2823,clear_loss,,,,,2026-06-21 10:40:20+00:00,2026-06-21 10:00:00+00:00,2,0.187048,0.0799999999999999,False,-0.0799999999999999,2026-06-20/2026-06-26,0.7038248020075539,0.9999996441365007,2.488234117618448e-07,1.070400820566507e-07,0.74169186217102,0.7274891777948802,0.0012031794701042738,-0.0003555273456989842,7,0
2026-06-21 18:02:05+00:00,2026-06-21 18:00,KXBTCD-26JUN2115-T64099.99,2026-06-21T19:00:00Z,63974.06,64099.99,0.1968,0.22,real,0.276145,1.1078,0.0002218,0.00027723,0.00033532,0.8268,0.01,0.00038954,-1.0,-1.0,0.0,1.0,-1.0,-0.1024,2.0,0.0,0.4587,0.0,-3.615e-05,0.0,,0.0,0.0,0.0,0.0,0.0,-0.0699,False,False,0.0,0.0,34.05,,41.74,False,-1.0,neutral,0.0,0.0,0.045538,0.020456,trade,no,False,False,108.0,57.68,,0.206989,0.020699,41.4,2000.0,2.0,0.0,0.6111,0.6145,0.062,-0.0681,-0.0681,0.0,0.0,-0.0574,-0.0189,-0.1688,0.5599,1.0,0.6508,False,bearish,bullish,False,False,2.809,,False,False,,True,,,19.75,0.0009,,18.0,-1.0,-1.0,61.15,0.0004,,,,,,,,,,,,,,,,,,,-1.0,8260509.62,0.0,0.006712,-0.00156,0.00189,,,,,,,,,,,,,,,,,,,,,,,,,,,,,,,,,,,,,,,,,,,1.0,False,-41.4,64220.84,0.3858,0.1885,0.1885,marginal,,,,,2026-06-21 18:02:05+00:00,2026-06-21 18:00:00+00:00,2,0.723855,0.78,False,-0.78,2026-06-20/2026-06-26,0.5848225398700205,0.9999996323202361,3.6462384719449546e-07,3.055913447712941e-09,0.428034198078559,0.47955429659960835,-2.908451708793781e-05,-4.9106183156466814e-05,5,6
2026-06-22 00:01:50+00:00,2026-06-22 00:00,KXBTCD-26JUN2121-T63499.99,2026-06-22T01:00:00Z,63313.01,63499.99,0.2953,0.27,real,0.207519,0.7733,0.00067078,0.00074709,0.00063214,1.1818,0.01,0.00065912,-1.0,1.0,2.0,0.0,0.0,-0.0564,2.0,0.0,0.0,1.0,-7.311e-05,-1.0,,0.0,0.0,0.0,0.0,0.0,,False,False,1.0,1.0,21.96,,9.21,True,-1.0,bearish,0.0,0.0,0.054426,0.027589,trade,no,False,False,106.0,57.95,,0.201577,0.012991,25.98,2000.0,-2.0,5.0,0.4878,0.4876,-0.0361,0.1281,0.2017,0.0,0.5,0.2017,-0.6171,-0.5401,0.3356,-1.0,0.0358,False,bearish,bearish,True,False,3.882,,False,False,,False,,,24.71,0.0012,,0.0,-1.0,-0.9922,61.08,-0.2283,,,,,,,,,,,,,,,,,,,-1.0,12557198.69,0.0,0.001988,-0.00142,0.00187,,,,,,,,,,,,,,,,,,,,,,,,,,,,,,,,,,,,,,,,,,,1.0,False,-25.98,63912.37,0.9467,0.6494,0.6494,clear_loss,,,,,2026-06-22 00:01:50+00:00,2026-06-22 00:00:00+00:00,1,0.792481,0.73,False,-0.73,2026-06-20/2026-06-26,0.9539767846025825,0.9979239850661535,1.6844164330637893e-06,0.0020743305174050924,0.49548541408619157,0.4808886523450701,0.004947987494688153,0.0030555702259208155,2,4
2026-06-22 00:09:18+00:00,2026-06-22 00:00,KXBTCD-26JUN2121-T63599.99,2026-06-22T01:00:00Z,63432.04,63599.99,0.2648,0.29,real,0.181946,0.7419,0.00068611,0.00070977,0.00067244,1.0555,0.01,0.00065998,-1.0,1.0,3.0,0.0,1.0,0.1005,2.0,0.0,0.0,1.0,-7.259e-05,-1.0,,0.0,0.0,0.0,0.0,0.0,,False,False,0.0,1.0,35.32,,13.66,True,-1.0,bearish,0.0,0.0,0.077345,0.050624,trade,no,False,False,107.0,50.49,,0.266706,0.026671,53.34,2000.0,-2.0,1.0,0.3793,0.4461,0.2196,0.3462,0.1414,1.0,0.9315,0.3462,-0.4737,-0.3967,0.3356,-1.0,0.0245,False,bearish,bearish,True,False,3.687,,False,False,,False,,,24.71,0.015,,0.0,0.0,0.5977,61.29,0.1012,,,,,,,,,,,,,,,,,,,-1.0,12667687.48,0.0,0.001511,-0.00124,0.00172,,,,,,,,,,,,,,,,,,,,,,,,,,,,,,,,,,,,,,,,,,,1.0,False,-53.34,63912.37,0.7572,0.4912,0.4912,clear_loss,,,,,2026-06-22 00:09:18+00:00,2026-06-22 00:00:00+00:00,1,0.8180540000000001,0.71,False,-0.71,2026-06-20/2026-06-26,0.9539767846025825,0.9979239850661535,1.6844164330637893e-06,0.0020743305174050924,0.49548541408619157,0.4808886523450701,0.004947987494688153,0.0030555702259208155,2,4
2026-06-22 01:00:37+00:00,2026-06-22 01:00,KXBTCD-26JUN2122-T63999.99,2026-06-22T02:00:00Z,63835.13,63999.99,0.2583,0.3,real,0.226813,0.6918,0.00085224,0.00089443,0.00063943,1.3988,0.01,0.00071283,-1.0,0.0,1.0,1.0,-1.0,-0.1645,2.0,-1.0,0.8612,1.0,-8.038e-05,1.0,,0.0,0.0,0.0,0.0,0.0,0.0724,False,False,-1.0,0.0,76.68,,75.23,False,0.0,neutral,0.0,0.0,0.061448,0.033733,trade,no,False,False,111.0,59.17,,0.204826,0.012682,25.37,2000.0,0.0,0.0,0.492,0.4798,0.2506,0.2419,0.1297,1.0,0.1445,0.0828,0.9639,0.1389,0.2411,-1.0,0.4489,False,bearish,bearish,True,False,3.033,,False,False,,True,,,23.15,0.0013,,1.0,-1.0,-0.9321,61.22,-0.0122,,,,,,,,,,,,,,,,,,,-1.0,12873323.93,0.0,0.001856,-0.00124,0.00195,,,,,,,,,,,,,,,,,,,,,,,,,,,,,,,,,,,,,,,,,,,1.0,False,-25.37,64611.6,1.2164,0.9556,0.9556,clear_loss,,,,,2026-06-22 01:00:37+00:00,2026-06-22 01:00:00+00:00,5,0.7731870000000001,0.7,False,-0.7,2026-06-20/2026-06-26,1.1456345459112505,0.9452558003131529,1.2414817058453596e-05,0.05473178486979271,0.853043587422615,0.9300605932065179,0.005034531266034106,0.00021706329280833138,4,1
2026-06-22 01:06:59+00:00,2026-06-22 01:00,KXBTCD-26JUN2122-T64099.99,2026-06-22T02:00:00Z,63877.57,64099.99,0.3482,0.22,real,0.151663,0.8976,0.00087463,0.00088463,0.00061954,1.4279,0.01,0.00070125,-1.0,1.0,2.0,1.0,1.0,0.1203,2.0,0.0,0.4742,1.0,-7.586e-05,1.0,,0.0,0.0,0.0,-1.0,-1.0,0.1298,False,False,-1.0,-1.0,84.18,,77.73,False,0.0,neutral,0.0,0.0,0.046784,0.021759,trade,no,False,False,112.0,52.79,,0.212653,0.021265,42.53,2000.0,0.0,-1.0,0.4264,0.4509,-0.1442,0.194,0.0495,0.8435,0.4269,0.1554,1.0371,0.2115,0.2411,-1.0,0.2957,False,bearish,bearish,True,False,2.964,,False,False,,True,,,23.15,0.1151,,1.0,1.0,1.0,61.19,-0.0919,,,,,,,,,,,,,,,,,,,-1.0,12928689.56,0.0,0.001481,-0.00139,0.00174,,,,,,,,,,,,,,,,,,,,,,,,,,,,,,,,,,,,,,,,,,,1.0,False,-42.53,64611.6,1.1491,0.7981,0.7981,clear_loss,,,,,2026-06-22 01:06:59+00:00,2026-06-22 01:00:00+00:00,5,0.848337,0.78,False,-0.78,2026-06-20/2026-06-26,1.1456345459112505,0.9452558003131529,1.2414817058453596e-05,0.05473178486979271,0.853043587422615,0.9300605932065179,0.005034531266034106,0.00021706329280833138,4,1
2026-06-22 07:03:22+00:00,2026-06-22 07:00,KXBTCD-26JUN2204-T64099.99,2026-06-22T08:00:00Z,63938.65,64099.99,0.2523,0.22,real,0.178116,0.9998,0.00042806,0.00032502,0.00043458,0.7479,0.01,0.00044162,0.0,-1.0,0.0,1.0,-1.0,-0.1153,2.0,0.0,0.6688,0.0,9.3e-07,0.0,,0.0,0.0,0.0,1.0,1.0,-0.3064,False,False,1.0,0.0,29.64,,30.94,False,0.0,neutral,0.0,0.0,0.054993,0.030349,trade,no,False,False,105.0,56.4,,0.249969,0.024997,49.99,2000.0,0.0,1.0,0.5641,0.5362,-0.1961,0.071,0.071,0.8962,0.5,0.05,-0.3865,-0.1748,0.3992,-1.0,0.4072,False,bearish,bullish,False,False,2.866,,False,False,,True,,,15.76,0.001,,7.0,-1.0,-1.0,62.47,0.0447,,,,,,,,,,,,,,,,,,,-1.0,11976045.14,0.0,0.003246,-0.00197,0.00146,,,,,,,,,,,,,,,,,,,,,,,,,,,,,,,,,,,,,,,,,,,1.0,False,-49.99,64207.66,0.4207,0.168,0.168,marginal,,,,,2026-06-22 07:03:22+00:00,2026-06-22 07:00:00+00:00,2,0.8218840000000001,0.78,False,-0.78,2026-06-20/2026-06-26,0.7402917851780788,0.002087178137499099,8.40683682967361e-05,0.997828753494208,0.608862842003028,0.5963165612512039,0.0011113697159487543,0.00129745368101246,7,3
2026-06-23 13:39:00+00:00,2026-06-23 13:00,KXBTCD-26JUN2310-T62399.99,2026-06-23T14:00:00Z,62259.27,62399.99,0.226,0.28,real,0.213512,0.667,0.00076422,0.00092981,0.00085053,1.0932,0.01,0.00080786,-1.0,0.0,1.0,0.0,0.0,-0.0543,2.0,1.0,0.8618,0.0,-0.0,0.0,,0.0,0.0,0.0,1.0,1.0,-1.2548,False,False,0.0,1.0,46.0,,24.65,True,-1.0,bearish,0.0,0.0,0.040963,0.01323,trade,no,False,False,84.0,20.74,,0.146297,0.012715,25.43,2000.0,-7.0,5.0,0.3902,0.4236,0.2241,0.2917,-0.0524,0.708,0.7085,0.0783,-0.3385,-0.0204,0.5233,-1.0,0.3656,False,bearish,bearish,False,False,5.641,,False,False,,False,,,34.96,0.2415,,13.0,0.0,0.8203,66.66,0.1262,,,,,,,,,,,,,,,,,,,-1.0,13012269.02,0.0,0.001182,-0.00192,0.00133,,,,,,,,,,,,,,,,,,,,,,,,,,,,,,,,,,,,,,,,,,,0.0,True,9.89,62460.79,0.3237,0.0974,0.0,win,,,,,2026-06-23 13:39:00+00:00,2026-06-23 13:00:00+00:00,1,0.786488,0.72,True,0.28,2026-06-20/2026-06-26,0.7480360039768943,0.9999999781338149,2.138142074871488e-08,4.847663366928667e-10,0.1834545336610176,0.251191570915843,0.0012898469048770074,0.0014368124755244024,1,2
2026-06-23 14:06:17+00:00,2026-06-23 14:00,KXBTCD-26JUN2311-T62699.99,2026-06-23T15:00:00Z,62377.73,62699.99,0.5166,0.21,real,0.108872,0.9981,0.00103197,0.00126268,0.00087372,1.4452,0.01,0.0009288,-1.0,-1.0,0.0,0.0,0.0,0.0436,2.0,0.0,0.7054,0.0,5.39e-06,1.0,,0.0,0.0,0.0,1.0,1.0,-0.9383,False,False,-1.0,0.0,73.89,,71.58,False,0.0,bearish,0.0,0.0,0.069098,0.045624,trade,no,False,False,88.0,53.49,,0.329037,0.032904,65.81,2000.0,-6.0,1.0,0.442,0.4146,0.2367,0.1128,-0.1625,0.6824,1.0,0.1007,0.4785,0.0601,0.3457,1.0,0.0725,False,bearish,bearish,False,False,5.44,,False,False,,False,,,36.91,0.006,,14.0,0.0,0.9989,67.77,0.0342,,,,,,,,,,,,,,,,,,,-1.0,12435551.03,0.0,0.001221,-0.00141,0.00139,,,,,,,,,,,,,,,,,,,,,,,,,,,,,,,,,,,,,,,,,,,0.0,True,17.49,62422.94,0.0725,-0.4419,0.0,win,,,,,2026-06-23 14:06:17+00:00,2026-06-23 14:00:00+00:00,1,0.891128,0.79,True,0.2099999999999999,2026-06-20/2026-06-26,0.7273820017533633,0.9999999999340474,6.59571303549342e-11,1.0178918052265062e-15,0.18399011598959888,0.2886674599694271,0.00012789246132565834,-0.0007828080760695922,1,2
2026-06-23 14:54:48+00:00,2026-06-23 14:00,KXBTCD-26JUN2311-T62499.99,2026-06-23T15:00:00Z,62422.69,62499.99,0.1238,0.28,real,0.222836,0.6907,0.00094447,0.00126303,0.00094984,1.3297,0.01,0.00095414,-1.0,-1.0,0.0,0.0,0.0,-0.026,2.0,0.0,0.5553,0.0,9.6e-06,1.0,,0.0,0.0,0.0,1.0,1.0,-0.7853,False,False,0.0,0.0,64.19,,64.43,False,0.0,bearish,0.0,0.0,0.042596,0.014923,trade,no,False,False,82.0,5.0,,0.152127,0.015213,30.43,2000.0,-6.0,1.0,0.442,0.4146,-0.0729,0.0454,-0.0177,0.5695,0.208,0.0557,0.4334,0.0152,0.5941,-1.0,0.2899,False,bearish,bearish,False,False,5.364,,False,False,,False,,,35.82,0.1345,-0.11,14.0,-1.0,-0.129,67.71,0.2149,,,,,,,,,,,,,,,,,,,-0.0986,1132362.85,0.0,0.014727,-0.00141,0.00174,,,,,,,,,,,,,,,,,,,,,,,,,,,,,,,,,,,,,,,,,,,0.0,True,11.83,62422.94,0.0004,-0.1233,0.0,win,,,,,2026-06-23 14:54:48+00:00,2026-06-23 14:00:00+00:00,1,0.777164,0.72,True,0.28,2026-06-20/2026-06-26,0.7273820017533633,0.9999999999340474,6.59571303549342e-11,1.0178918052265062e-15,0.18399011598959888,0.2886674599694271,0.00012789246132565834,-0.0007828080760695922,1,2
2026-06-23 15:02:00+00:00,2026-06-23 15:00,KXBTCD-26JUN2312-T62699.99,2026-06-23T16:00:00Z,62378.69,62699.99,0.5151,0.2,real,0.101909,1.0263,0.0009236,0.00115562,0.00080304,1.4391,0.01,0.00086652,-1.0,-1.0,0.0,0.0,0.0,-0.0972,2.0,-1.0,0.8075,0.0,9.85e-06,-1.0,,0.0,0.0,0.0,1.0,1.0,-0.8725,False,False,0.0,0.0,55.97,,57.27,False,-1.0,bearish,0.0,0.0,0.066016,0.042894,trade,no,False,False,88.0,57.78,,0.330081,0.033008,66.02,2000.0,-6.0,1.0,0.442,0.4146,-0.0214,-0.1514,-0.1357,0.0441,0.502,0.0138,-0.0573,0.32,0.6223,-1.0,0.0931,False,bearish,bearish,False,False,5.438,,False,False,,False,,,36.62,0.0152,,15.0,-2.0,-1.0,67.71,1.0902,,,,,,,,,,,,,,,,,,,-1.0,14052866.59,0.0,0.00164,-0.00136,0.00165,,,,,,,,,,,,,,,,,,,,,,,,,,,,,,,,,,,,,,,,,,,0.0,True,16.5,62506.52,0.2049,-0.3086,0.0,win,,,,,2026-06-23 15:02:00+00:00,2026-06-23 15:00:00+00:00,2,0.898091,0.8,True,0.1999999999999999,2026-06-20/2026-06-26,0.6305392781111355,0.9999999996781668,3.2170709452162315e-10,1.2480919696866689e-13,0.1905843736746031,0.33186195654902134,-3.814887833534047e-05,-0.00011070011620745824,1,4
2026-06-23 15:09:33+00:00,2026-06-23 15:00,KXBTCD-26JUN2312-T62499.99,2026-06-23T16:00:00Z,62285.72,62499.99,0.344,0.28,real,0.186282,0.7271,0.00094215,0.00115396,0.00083149,1.3878,0.01,0.00087706,-1.0,-1.0,0.0,1.0,-1.0,-0.1329,2.0,-1.0,0.8411,0.0,1.109e-05,-1.0,,0.0,0.0,0.0,1.0,1.0,-0.9973,False,False,1.0,0.0,46.5,,54.11,False,-1.0,bearish,0.0,0.0,0.062871,0.035972,trade,no,False,False,86.0,50.22,,0.22454,0.033681,67.36,2000.0,-6.0,3.0,0.4552,0.4385,-0.3016,-0.1165,-0.1472,0.5664,0.0,-0.1206,-0.1916,0.1852,0.6223,-1.0,0.199,False,bearish,bearish,False,False,5.596,,False,False,,False,,,36.69,0.0273,,15.0,-2.0,-1.0,67.69,1.0902,,,,,,,,,,,,,,,,,,,0.554,3835833.55,0.0,0.001161,-0.01261,0.02751,,,,,,,,,,,,,,,,,,,,,,,,,,,,,,,,,,,,,,,,,,,0.0,True,26.2,62506.52,0.3545,0.0104,0.0,win,,,,,2026-06-23 15:09:33+00:00,2026-06-23 15:00:00+00:00,2,0.8137179999999999,0.72,True,0.28,2026-06-20/2026-06-26,0.6305392781111355,0.9999999996781668,3.2170709452162315e-10,1.2480919696866689e-13,0.1905843736746031,0.33186195654902134,-3.814887833534047e-05,-0.00011070011620745824,1,4
2026-06-23 16:53:29+00:00,2026-06-23 16:00,KXBTCD-26JUN2313-T62499.99,2026-06-23T17:00:00Z,62435.22,62499.99,0.1037,0.23,real,0.169798,0.8753,0.00060832,0.00069478,0.00055963,1.2415,0.01,0.00062151,0.0,-1.0,0.0,0.0,0.0,-0.015,2.0,0.0,0.5867,0.0,1.211e-05,0.0,,0.0,0.0,0.0,1.0,1.0,-0.618,False,False,0.0,0.0,64.03,,69.33,False,0.0,bearish,0.0,0.0,0.046431,0.02094,trade,no,False,False,82.0,6.29,,0.201872,0.020187,40.37,2000.0,-5.0,1.0,0.442,0.4146,-0.1145,-0.1442,-0.1609,0.0,0.2573,0.0989,0.1276,0.0564,0.3638,1.0,0.4897,False,bearish,bearish,False,False,5.343,,False,False,,False,,,36.58,0.1813,,16.0,-2.0,-1.0,67.7,-0.0466,,,,,,,,,,,,,,,,,,,-0.508,8398536.97,0.0,0.006353,-0.00147,0.00171,,,,,,,,,,,,,,,,,,,,,,,,,,,,,,,,,,,,,,,,,,,1.0,False,-40.37,62552.54,0.1879,0.0841,0.0841,marginal,,,,,2026-06-23 16:53:29+00:00,2026-06-23 16:00:00+00:00,2,0.830202,0.77,False,-0.77,2026-06-20/2026-06-26,0.5640474982970378,0.9999999977674605,2.1936600780978974e-09,3.88826513517782e-11,0.2366759682558522,0.42056942063205904,0.0002996782858671859,0.00022691644622518676,1,4
2026-06-23 20:51:20+00:00,2026-06-23 20:00,KXBTCD-26JUN2318-T62399.99,2026-06-23T22:00:00Z,62387.18,62399.99,0.0205,0.51,real,0.259182,0.067,0.00038043,0.0004281,,,0.01,0.00053052,0.0,0.0,1.0,1.0,1.0,0.1184,2.0,0.0,0.586,-1.0,5.297e-05,1.0,,0.0,0.0,0.0,0.0,0.0,-0.2159,False,False,0.0,0.0,64.35,,65.74,False,0.0,bearish,0.0,0.0,0.11256,0.080796,trade,no,False,False,84.0,57.67,,0.220706,0.022071,44.14,2000.0,-5.0,0.0,0.2888,0.3014,0.0511,0.0077,0.0265,0.0,0.1199,0.0111,0.2622,0.0931,0.1115,1.0,0.7462,False,bearish,bearish,False,False,5.424,,False,False,,False,,,37.32,0.16,,20.0,-2.0,-1.0,67.8,-0.0816,,,,,,,,,,,,,,,,,,,-1.0,5056977.04,0.0,0.002468,-0.00125,0.02584,,,,,,,,,,,,,,,,,,,,,,,,,,,,,,,,,,,,,,,,,,,1.0,False,-44.14,62619.9,0.373,0.3524,0.3524,clear_loss,,,,,2026-06-23 20:51:20+00:00,2026-06-23 20:00:00+00:00,2,0.740818,0.49,False,-0.49,2026-06-20/2026-06-26,0.6196521451413164,0.9999999593039356,2.0224720300423423e-08,2.0471348542124244e-08,0.2228017333176876,0.46498085158105534,0.0006238587216544211,-0.0004919926546550534,1,4
2026-06-23 21:17:55+00:00,2026-06-23 21:00,KXBTCD-26JUN2318-T62499.99,2026-06-23T22:00:00Z,62411.13,62499.99,0.1424,0.23,real,0.155676,0.8703,0.00037297,0.00038377,0.00029757,1.2897,0.01,0.00042105,0.0,-1.0,0.0,3.0,-1.0,-0.1307,2.0,0.0,0.4858,-1.0,5.083e-05,0.0,,0.0,0.0,0.0,0.0,0.0,-0.1551,False,False,0.0,-1.0,82.04,,76.13,False,0.0,bearish,0.0,0.0,0.050595,0.025289,trade,no,False,False,85.0,41.88,,0.219977,0.021998,44.0,2000.0,-4.0,-1.0,0.2005,0.4399,0.0622,-0.0662,-0.0427,0.3456,0.1986,0.0523,0.1299,0.3813,0.1191,1.0,0.8052,False,bearish,bearish,False,False,5.384,,False,False,,False,,,37.08,0.0225,-0.12,21.0,0.0,1.0,67.84,-0.1242,,,,,,,,,,,,,,,,,,,-1.0,5520868.72,0.0,0.002115,-0.002,0.02544,,,,,,,,,,,,,,,,,,,,,,,,,,,,,,,,,,,,,,,,,,,1.0,False,-44.0,62619.9,0.3345,0.1919,0.1919,marginal,,,,,2026-06-23 21:17:55+00:00,2026-06-23 21:00:00+00:00,2,0.844324,0.77,False,-0.77,2026-06-20/2026-06-26,0.5617391892317085,0.9999961840773512,1.4289264579017895e-07,3.6730299966635235e-06,0.2792345237940007,0.5837916080472827,0.0006906718030852253,4.46978124309925e-05,1,4
2026-06-24 08:00:10+00:00,2026-06-24 08:00,KXBTCD-26JUN2405-T62799.99,2026-06-24T09:00:00Z,62583.16,62799.99,0.3465,0.14,real,0.058527,1.5673,0.00030775,0.0002663,0.00041461,0.6423,0.02,0.00042028,0.0,0.0,1.0,1.0,-1.0,-0.1024,2.0,0.0,0.5071,0.0,4.076e-05,0.0,,0.0,0.0,0.0,1.0,1.0,-0.244,False,False,0.0,1.0,12.85,,17.09,False,0.0,bearish,0.0,0.0,0.080496,0.061579,trade,no,False,False,106.0,59.62,,0.574974,0.05,100.0,2000.0,0.0,1.0,0.5641,0.5062,-0.0108,0.0013,0.0,1.0,0.5,0.0,-0.0995,-0.3313,0.4484,1.0,0.3993,False,bearish,bullish,True,False,5.094,,False,False,,True,,,24.25,0.0,,8.0,-2.0,-1.0,66.55,-0.0049,,,,,,,,,,,,,,,,,,,-1.0,8235883.55,0.0,0.002182,-0.00146,0.00666,,,,,,,,,,,,,,,,,,,,,,,,,,,,,,,,,,,,,,,,,,,0.0,True,16.28,62796.49,0.3409,-0.0056,0.0,win,,,,,2026-06-24 08:00:10+00:00,2026-06-24 08:00:00+00:00,2,0.941473,0.86,True,0.14,2026-06-20/2026-06-26,0.5155056311504411,0.9999993996778426,5.580576804197295e-07,4.226447670759842e-08,0.7341357261834366,0.5620923328038637,0.0009814109491136846,0.0007266758645894842,1,0
2026-06-24 08:07:06+00:00,2026-06-24 08:00,KXBTCD-26JUN2405-T62699.99,2026-06-24T09:00:00Z,62540.95,62699.99,0.2543,0.22,real,0.113037,1.2105,0.00031012,0.00025261,0.0004533,0.5573,0.01,0.00042522,0.0,0.0,1.0,1.0,-1.0,-0.1487,2.0,0.0,0.5306,0.0,2.597e-05,0.0,,0.0,0.0,0.0,1.0,1.0,-0.2823,False,False,1.0,1.0,6.57,,15.0,False,0.0,bearish,0.0,0.0,0.08413,0.060911,trade,no,False,False,106.0,52.65,,0.382408,0.038241,76.48,2000.0,-2.0,2.0,0.5385,0.5876,0.0272,-0.0427,0.0,0.3284,0.3284,-0.0245,-0.124,-0.3557,0.4484,1.0,0.3883,False,bearish,bullish,True,False,5.165,,False,False,,True,,,24.25,0.0831,,8.0,-2.0,-1.0,66.54,0.1853,,,,,,,,,,,,,,,,,,,-1.0,8340147.72,0.0,0.002266,-0.00183,0.00734,,,,,,,,,,,,,,,,,,,,,,,,,,,,,,,,,,,,,,,,,,,1.0,False,-76.48,62796.49,0.4086,0.1539,0.1539,marginal,,,,,2026-06-24 08:07:06+00:00,2026-06-24 08:00:00+00:00,2,0.886963,0.78,False,-0.78,2026-06-20/2026-06-26,0.5155056311504411,0.9999993996778426,5.580576804197295e-07,4.226447670759842e-08,0.7341357261834366,0.5620923328038637,0.0009814109491136846,0.0007266758645894842,1,0
2026-06-24 11:05:02+00:00,2026-06-24 11:00,KXBTCD-26JUN2408-T62499.99,2026-06-24T12:00:00Z,62343.35,62499.99,0.2513,0.23,real,0.190867,0.8747,0.000427,0.00035133,0.00045908,0.7653,0.01,0.00046163,0.0,0.0,1.0,0.0,0.0,-0.0551,2.0,1.0,1.0,0.0,4.742e-05,-1.0,,0.0,0.0,0.0,1.0,1.0,-0.3617,False,False,1.0,1.0,0.69,,11.84,False,-1.0,bearish,0.0,0.0,0.036096,0.010155,trade,no,False,False,103.0,54.74,,0.156939,0.019617,39.23,2000.0,-4.0,9.0,0.546,0.509,-0.2528,-0.088,-0.1658,0.024,0.1184,-0.0049,-0.3744,-0.5474,0.867,-1.0,0.3475,False,bearish,bearish,True,False,5.498,,False,False,,True,,,23.36,2.602,,11.0,-2.0,-1.0,66.51,0.032,,,,,,,,,,,,,,,,,,,-1.0,2107893.93,0.0,0.001989,-0.00168,0.01855,,,,,,,,,,,,,,,,,,,,,,,,,,,,,,,,,,,,,,,,,,,1.0,False,-39.23,62865.0,0.8367,0.584,0.584,clear_loss,,,,,2026-06-24 11:05:02+00:00,2026-06-24 11:00:00+00:00,1,0.809133,0.77,False,-0.77,2026-06-20/2026-06-26,0.6045277571980644,0.9999761231860022,1.3147833409151609e-06,2.2562030654244783e-05,0.7308215857387934,0.6716773962052877,0.0032593795628833525,0.0023171136302505132,1,0
2026-06-24 11:41:30+00:00,2026-06-24 11:00,KXBTCD-26JUN2408-T62599.99,2026-06-24T12:00:00Z,62538.59,62599.99,0.0982,0.34,real,0.195224,0.5433,0.0004868,0.00037137,0.00055616,0.6677,0.01,0.00050262,0.0,-1.0,0.0,0.0,0.0,-0.0356,2.0,1.0,1.0,0.0,3.963e-05,-1.0,,0.0,0.0,0.0,0.0,0.0,0.0503,False,False,-1.0,0.0,61.98,,27.32,True,0.0,bearish,0.0,0.0,0.081662,0.05325,trade,no,False,False,103.0,18.3,,0.240184,0.024018,48.04,2000.0,-3.0,0.0,0.375,0.3532,0.4051,0.3487,0.1945,1.0,1.0,0.2618,-0.1087,-0.2822,0.0356,1.0,0.1601,False,bearish,bearish,True,False,5.169,,False,False,,True,,,23.68,2.7273,,11.0,0.0,0.9962,66.23,0.1176,,,,,,,,,,,,,,,,,,,-0.2386,3820116.83,0.0,0.00167,-0.00861,0.01537,,,,,,,,,,,,,,,,,,,,,,,,,,,,,,,,,,,,,,,,,,,1.0,False,-48.04,62865.0,0.5219,0.4233,0.4233,clear_loss,,,,,2026-06-24 11:41:30+00:00,2026-06-24 11:00:00+00:00,1,0.8047759999999999,0.6599999999999999,False,-0.6599999999999999,2026-06-20/2026-06-26,0.6045277571980644,0.9999761231860022,1.3147833409151609e-06,2.2562030654244783e-05,0.7308215857387934,0.6716773962052877,0.0032593795628833525,0.0023171136302505132,1,0
2026-06-24 12:07:54+00:00,2026-06-24 12:00,KXBTCD-26JUN2409-T62899.99,2026-06-24T13:00:00Z,62742.31,62899.99,0.2513,0.29,real,0.230892,0.6686,0.00070175,0.00064422,0.00062964,1.0231,0.01,0.00062037,0.0,-1.0,0.0,0.0,0.0,-0.0561,2.0,0.0,0.4154,0.0,1.793e-05,1.0,,0.0,0.0,0.0,-1.0,-1.0,0.3265,False,False,-1.0,0.0,60.94,,70.65,False,0.0,bearish,0.0,0.0,0.045234,0.017294,trade,no,False,False,110.0,51.89,,0.15598,0.010766,21.54,2000.0,0.0,0.0,0.492,0.4797,0.3652,-0.0723,-0.1325,0.7655,0.1193,-0.0723,0.6279,0.2561,0.332,1.0,0.3334,False,bearish,bearish,True,False,4.827,,False,False,,True,,,20.34,0.2255,,12.0,0.0,0.9462,66.8,-0.3749,,,,,,,,,,,,,,,,,,,-1.0,3985684.1,0.0,0.002839,-0.00169,0.01208,,,,,,,,,,,,,,,,,,,,,,,,,,,,,,,,,,,,,,,,,,,0.0,True,8.8,62575.0,-0.2667,-0.5167,0.0,win,,,,,2026-06-24 12:07:54+00:00,2026-06-24 12:00:00+00:00,1,0.769108,0.71,True,0.29,2026-06-20/2026-06-26,0.8495732626536159,0.9999478682024936,2.0118655953024822e-06,5.0119931906986914e-05,0.4690460207354394,0.4095085341719455,-0.0018085475394711095,-0.002386877825175865,1,0
2026-06-24 12:13:11+00:00,2026-06-24 12:00,KXBTCD-26JUN2409-T62999.99,2026-06-24T13:00:00Z,62785.96,62999.99,0.3409,0.2,real,0.132027,0.9618,0.00073182,0.00067354,0.0005922,1.1374,0.01,0.0006169,0.0,-1.0,0.0,0.0,0.0,0.0012,2.0,0.0,0.5926,0.0,1.577e-05,1.0,,0.0,0.0,0.0,-1.0,-1.0,0.4025,False,False,-1.0,0.0,67.02,,72.68,False,1.0,bearish,0.0,0.0,0.044585,0.020397,trade,no,False,False,110.0,46.62,,0.222924,0.017643,35.28,2000.0,0.0,-1.0,0.4264,0.4509,0.3075,-0.0498,0.1245,0.6925,0.551,0.0105,0.7112,0.3391,0.332,1.0,0.1209,False,bearish,bearish,True,False,4.754,,False,False,,True,,,20.34,0.3996,-0.07,12.0,-2.0,-1.0,66.8,-0.3749,,,,,,,,,,,,,,,,,,,-1.0,4784338.43,0.0,0.002129,-0.00192,0.01137,,,,,,,,,,,,,,,,,,,,,,,,,,,,,,,,,,,,,,,,,,,0.0,True,8.82,62575.0,-0.336,-0.6746,0.0,win,,,,,2026-06-24 12:13:11+00:00,2026-06-24 12:00:00+00:00,1,0.867973,0.8,True,0.1999999999999999,2026-06-20/2026-06-26,0.8495732626536159,0.9999478682024936,2.0118655953024822e-06,5.0119931906986914e-05,0.4690460207354394,0.4095085341719455,-0.0018085475394711095,-0.002386877825175865,1,0
2026-06-24 23:13:36+00:00,2026-06-24 23:00,KXBTCD-26JUN2420-T60899.99,2026-06-25T00:00:00Z,60768.1,60899.99,0.217,0.23,real,0.201409,0.8837,0.00045501,0.00052493,0.0004318,1.2157,0.01,0.00053089,0.0,1.0,2.0,0.0,0.0,-0.0938,2.0,0.0,0.4737,1.0,-6.355e-05,0.0,,0.0,-1.0,1.0,2.0,0.0,0.0029,False,True,0.0,0.0,78.34,,75.72,False,0.0,bearish,0.0,0.0,0.037306,0.011416,trade,no,False,False,88.0,46.18,,0.162199,0.01622,32.44,2000.0,-2.0,-1.0,0.4651,0.5379,0.0839,0.098,0.0334,0.9869,1.0,0.0897,-0.287,-0.0886,1.0,-1.0,0.2175,False,bearish,bearish,False,False,8.233,,False,False,,False,,,32.45,0.1553,0.0,23.0,0.0,0.6552,71.97,-0.0021,,,,,,,,,,,,,,,,,,,-1.0,4015683.05,0.0,0.001711,-0.00146,0.02288,,,,,,,,,,,,,,,,,,,,,,,,,,,,,,,,,,,,,,,,,,,1.0,False,-32.44,61061.55,0.4829,0.2653,0.2653,clear_loss,,,,,2026-06-24 23:13:36+00:00,2026-06-24 23:00:00+00:00,2,0.798591,0.77,False,-0.77,2026-06-20/2026-06-26,0.9229720886939039,2.0183185971223705e-22,0.9999993707717455,6.292282649800681e-07,0.47749274973081046,0.6204929994927872,-0.000827107773243776,0.002536013685775357,0,7
2026-06-25 04:01:29+00:00,2026-06-25 03:00,KXBTCD-26JUN2501-T60999.99,2026-06-25T05:00:00Z,60803.17,60999.99,0.3237,0.14,real,0.052104,1.582,0.00030623,0.00032393,0.00039191,0.8265,0.01,0.00044604,-1.0,0.0,1.0,0.0,0.0,-0.0606,2.0,0.0,0.4386,1.0,-8.558e-05,0.0,,0.0,0.0,0.0,0.0,0.0,-0.0515,False,False,-1.0,0.0,73.98,,55.91,True,0.0,bearish,0.0,0.0,0.084785,0.066134,trade,no,False,False,84.0,58.27,,0.605609,0.05,100.0,2000.0,-3.0,0.0,0.375,0.4692,0.1226,0.1573,0.0565,0.789,0.9473,0.249,-0.0853,0.1885,0.911,1.0,0.2925,False,bearish,bearish,False,False,8.17,,False,False,,False,,,29.85,0.1835,,4.0,0.0,1.0,70.19,-0.1729,,,,,,,,,,,,,,,,,,,-1.0,4831279.63,0.0,0.00092,-0.0018,0.00324,,,,,,,,,,,,,,,,,,,,,,,,,,,,,,,,,,,,,,,,,,,1.0,False,-100.0,61374.62,0.9398,0.6141,0.6141,clear_loss,,,,,2026-06-25 04:01:29+00:00,2026-06-25 04:00:00+00:00,5,0.947896,0.86,False,-0.86,2026-06-20/2026-06-26,0.5317314827087559,3.433693869916567e-21,0.9999991111763762,8.888236211449588e-07,0.5546326571343394,0.8186766695823673,0.0026840710268245223,0.0018719731596221773,0,5
2026-06-25 04:14:46+00:00,2026-06-25 04:00,KXBTCD-26JUN2501-T60799.99,2026-06-25T05:00:00Z,60722.81,60799.99,0.1271,0.27,real,0.213921,0.7751,0.00026804,0.0002903,0.00030893,0.9397,0.01,0.00040707,-1.0,0.0,1.0,0.0,0.0,-0.0908,2.0,0.0,0.4241,1.0,-8.789e-05,0.0,,0.0,0.0,0.0,0.0,0.0,-0.0907,False,False,0.0,0.0,64.62,,52.79,True,0.0,bearish,0.0,0.0,0.052607,0.025697,trade,no,False,False,82.0,45.02,,0.194839,0.019484,38.97,2000.0,-3.0,-2.0,0.468,0.4854,0.1429,-0.0193,0.0277,0.0,0.4016,-0.0413,0.2076,-0.1266,0.911,1.0,0.5221,False,bearish,bearish,False,False,8.314,,False,False,,False,,,29.35,0.0415,-0.13,4.0,0.0,1.0,70.19,-0.1729,,,,,,,,,,,,,,,,,,,-1.0,4472633.0,0.0,0.001636,-0.00137,0.00456,,,,,,,,,,,,,,,,,,,,,,,,,,,,,,,,,,,,,,,,,,,1.0,False,-38.97,61374.62,1.0734,0.9451,0.9451,clear_loss,,,,,2026-06-25 04:14:46+00:00,2026-06-25 04:00:00+00:00,5,0.786079,0.73,False,-0.73,2026-06-20/2026-06-26,0.5317314827087559,3.433693869916567e-21,0.9999991111763762,8.888236211449588e-07,0.5546326571343394,0.8186766695823673,0.0026840710268245223,0.0018719731596221773,0,5
2026-06-25 12:00:52+00:00,2026-06-25 12:00,KXBTCD-26JUN2509-T61499.99,2026-06-25T13:00:00Z,61183.09,61499.99,0.5179,0.22,real,0.070328,1.4812,0.0006575,0.00052368,0.0008717,0.6008,0.01,0.00066829,1.0,0.0,1.0,0.0,0.0,-0.0305,2.0,0.0,0.6234,1.0,-7.429e-05,-1.0,,0.0,0.0,0.0,0.0,0.0,0.0721,False,False,1.0,0.0,35.3,,36.94,False,0.0,bearish,0.0,0.0,0.150375,0.13084,trade,no,False,False,90.0,58.9,,0.683521,0.05,100.0,2000.0,1.0,0.0,0.5648,0.5058,0.0044,0.0837,0.0432,0.9766,0.0,0.0053,0.0049,-0.7137,0.277,-1.0,0.0273,False,bearish,bullish,True,False,7.499,0.48,False,False,,False,,,19.84,0.0093,,12.0,-2.0,-1.0,67.05,0.3669,,,,,,,,,,,,,,,,,,,-1.0,10487890.32,0.0,0.001622,-0.00209,0.00134,,,,,,,,,,,,,,,,,,,,,,,,,,,,,,,,,,,,,,,,,,,0.0,True,28.21,61264.66,0.1333,-0.3827,0.0,win,,,,,2026-06-25 12:00:52+00:00,2026-06-25 12:00:00+00:00,2,0.929672,0.78,True,0.2199999999999999,2026-06-20/2026-06-26,0.6764549713179013,9.299206956523645e-22,0.9999994421831239,5.578168652213908e-07,0.7392462331187258,0.37377157679637996,0.00032550767776372486,0.00034860636984332134,0,5
2026-06-25 12:09:27+00:00,2026-06-25 12:00,KXBTCD-26JUN2509-T61399.99,2026-06-25T13:00:00Z,61156.19,61399.99,0.3986,0.17,real,0.075225,1.4452,0.00058321,0.00051517,0.00058774,0.8765,0.01,0.00057064,1.0,1.0,2.0,0.0,1.0,0.104,2.0,0.0,0.5086,1.0,-6.747e-05,-1.0,,0.0,0.0,0.0,0.0,0.0,0.0381,False,False,1.0,0.0,32.72,,36.08,False,0.0,bearish,0.0,0.0,0.09546,0.075631,trade,no,False,False,89.0,50.33,,0.561528,0.05,100.0,2000.0,1.0,0.0,0.5648,0.5058,-0.1387,-0.0286,0.022,0.0997,0.5237,-0.0286,-0.029,-0.7473,0.277,-1.0,0.0211,False,bearish,bullish,True,False,7.546,0.436,False,False,,False,,,19.84,0.0489,-0.08,12.0,-1.0,0.531,66.98,-0.0596,,,,,,,,,,,,,,,,,,,-1.0,11919491.86,0.0,0.001212,-0.00164,0.0018,,,,,,,,,,,,,,,,,,,,,,,,,,,,,,,,,,,,,,,,,,,0.0,True,20.48,61264.66,0.1774,-0.2204,0.0,win,,,,,2026-06-25 12:09:27+00:00,2026-06-25 12:00:00+00:00,2,0.924775,0.83,True,0.17,2026-06-20/2026-06-26,0.6764549713179013,9.299206956523645e-22,0.9999994421831239,5.578168652213908e-07,0.7392462331187258,0.37377157679637996,0.00032550767776372486,0.00034860636984332134,0,5
2026-06-25 21:05:03+00:00,2026-06-25 21:00,KXBTCD-26JUN2518-T59599.99,2026-06-25T22:00:00Z,59429.1,59599.99,0.2876,0.3,real,0.262663,0.6438,0.00061919,0.00074408,0.00074014,1.0053,0.01,0.0007177,0.0,-1.0,0.0,0.0,0.0,-0.0758,2.0,0.0,0.2132,0.0,-2.827e-05,0.0,,0.0,0.0,0.0,0.0,0.0,-0.3988,False,False,-1.0,0.0,62.4,,52.37,False,0.0,bearish,0.0,0.0,0.03921,0.010716,trade,no,False,False,72.0,54.73,,0.1307,0.004646,9.29,2000.0,-3.0,1.0,0.4507,0.5079,0.0876,0.1831,0.2175,1.0,1.0,0.1112,0.2374,-0.0513,0.7605,-1.0,0.4926,False,bearish,bearish,False,False,3.122,,False,False,,False,,,29.03,0.0,,21.0,0.0,1.0,70.6,-0.1488,,,,,,,,,,,,,,,,,,,-1.0,5960917.02,0.0,0.001898,-0.00144,0.00961,,,,,,,,,,,,,,,,,,,,,,,,,,,,,,,,,,,,,,,,,,,1.0,False,-9.29,60202.8,1.3019,1.0114,1.0114,clear_loss,,,,,2026-06-25 21:05:03+00:00,2026-06-25 21:00:00+00:00,2,0.737337,0.7,False,-0.7,2026-06-20/2026-06-26,1.7818999589128817,8.261676310741789e-52,1.0,5.610093550066138e-30,0.5416859076695743,0.6557883201339354,0.00298932739073026,0.005273952449935887,4,7
2026-06-26 01:12:39+00:00,2026-06-26 01:00,KXBTCD-26JUN2522-T59699.99,2026-06-26T02:00:00Z,59549.03,59699.99,0.2535,0.29,real,0.218276,0.747,0.000693,0.00084096,0.00066662,1.2615,0.01,0.00072618,-1.0,0.0,1.0,0.0,0.0,0.0635,2.0,1.0,0.9037,0.0,-3.918e-05,0.0,,0.0,0.0,0.0,1.0,1.0,-0.156,False,False,1.0,1.0,23.16,,20.8,True,0.0,bearish,0.0,0.0,0.065584,0.0384,trade,no,False,False,73.0,47.11,,0.226151,0.011591,23.18,2000.0,-3.0,0.0,0.375,0.4692,-0.3055,-0.1493,0.2059,0.9286,0.5742,-0.0741,-0.0934,-0.3455,0.607,-1.0,0.5319,False,bearish,bearish,False,False,2.914,,False,False,,False,,,25.33,0.1095,,1.0,-2.0,-0.8622,69.93,-0.0056,,,,,,,,,,,,,,,,,,,-1.0,5291404.98,0.0,0.001382,-0.00922,0.00254,,,,,,,,,,,,,,,,,,,,,,,,,,,,,,,,,,,,,,,,,,,0.0,True,9.47,59419.2,-0.218,-0.4703,0.0,win,,,,,2026-06-26 01:12:39+00:00,2026-06-26 01:00:00+00:00,1,0.781724,0.71,True,0.29,2026-06-20/2026-06-26,1.6465542550284133,1.3855059254900418e-60,1.0,9.349895299656465e-34,0.3341522304170568,0.32931506467890465,-0.0012424824818428833,-0.0009346655443123338,4,7
2026-06-26 01:19:31+00:00,2026-06-26 01:00,KXBTCD-26JUN2522-T59599.99,2026-06-26T02:00:00Z,59488.68,59599.99,0.1871,0.34,real,0.267535,0.5916,0.00069755,0.00080881,0.00071452,1.132,0.01,0.00073253,-1.0,0.0,1.0,1.0,-1.0,-0.2368,2.0,1.0,0.9041,0.0,-3.799e-05,0.0,,0.0,0.0,0.0,1.0,1.0,-0.1861,False,False,1.0,1.0,21.8,,12.89,True,-1.0,bearish,0.0,0.0,0.066142,0.037222,trade,no,False,False,73.0,40.23,,0.194536,0.016996,33.99,2000.0,-3.0,0.0,0.375,0.4692,-0.2781,0.1258,0.107,0.09,0.5617,-0.08,-0.0994,-0.3514,0.3542,-1.0,0.457,False,bearish,bearish,False,False,3.018,,False,False,,False,,,25.33,0.112,-0.11,1.0,-2.0,-0.8622,69.77,0.0136,,,,,,,,,,,,,,,,,,,-1.0,4427832.0,0.0,0.002703,-0.00821,0.00019,,,,,,,,,,,,,,,,,,,,,,,,,,,,,,,,,,,,,,,,,,,0.0,True,17.51,59419.2,-0.1168,-0.3033,0.0,win,,,,,2026-06-26 01:19:31+00:00,2026-06-26 01:00:00+00:00,1,0.7324649999999999,0.6599999999999999,True,0.3400000000000001,2026-06-20/2026-06-26,1.6465542550284133,1.3855059254900418e-60,1.0,9.349895299656465e-34,0.3341522304170568,0.32931506467890465,-0.0012424824818428833,-0.0009346655443123338,4,7
2026-06-26 03:01:36+00:00,2026-06-26 03:00,KXBTCD-26JUN2600-T58699.99,2026-06-26T04:00:00Z,58354.12,58699.99,0.5927,0.2,real,0.157902,1.0031,0.00184057,0.00140816,0.00092045,1.5299,0.01,0.00101612,-1.0,0.0,1.0,1.0,-1.0,-0.1275,2.0,0.0,0.57,0.0,-3.219e-05,-1.0,,0.0,0.0,0.0,1.0,1.0,-0.5332,False,False,1.0,1.0,12.07,,14.99,False,-1.0,bearish,0.0,0.0,0.040564,0.016182,trade,no,False,False,63.0,58.2,,0.202818,0.013853,27.71,2000.0,-8.0,7.0,0.4487,0.5172,-0.7167,-0.2345,0.1962,1.0,1.0,0.0416,-1.4121,-1.8455,0.6583,-1.0,0.1673,False,bearish,bearish,False,False,5.021,,False,False,,False,,,27.73,0.0,,3.0,-2.0,-0.9996,70.31,0.4239,,,,,,,,,,,,,,,,,,,-1.0,5612808.98,0.0,0.000977,-0.0019,0.00157,,,,,,,,,,,,,,,,,,,,,,,,,,,,,,,,,,,,,,,,,,,1.0,False,-27.71,60074.6,2.9483,2.3418,2.3418,clear_loss,,,,,2026-06-26 03:01:36+00:00,2026-06-26 03:00:00+00:00,1,0.842098,0.8,False,-0.8,2026-06-20/2026-06-26,1.612715991978604,9.785794512275106e-65,1.0,1.3803614397234745e-40,0.5001490614598182,0.6568063382369135,0.00417292225123639,0.016240238446618063,4,7
2026-06-26 03:09:08+00:00,2026-06-26 03:00,KXBTCD-26JUN2600-T58899.99,2026-06-26T04:00:00Z,58634.85,58899.99,0.4522,0.26,real,0.206946,0.8072,0.00190941,0.0013898,0.00098534,1.4105,0.01,0.00103329,-1.0,0.0,1.0,1.0,-1.0,-0.1172,2.0,0.0,0.5378,0.0,-2.952e-05,-1.0,,0.0,0.0,0.0,0.0,0.0,-0.279,False,False,1.0,1.0,21.94,,18.29,True,-1.0,bearish,0.0,0.0,0.051172,0.024606,trade,no,False,False,67.0,50.65,,0.196814,0.0138,27.6,2000.0,-7.0,4.0,0.4474,0.4904,-0.2093,0.2904,0.1198,1.0,1.0,0.2904,-1.167,-1.6014,0.6583,-1.0,0.1131,False,bearish,bearish,False,False,4.519,,False,False,,False,,,27.74,0.1202,,3.0,-2.0,-0.8424,70.32,0.171,,,,,,,,,,,,,,,,,,,-1.0,6511656.99,0.0,0.004442,-0.00153,0.0019,,,,,,,,,,,,,,,,,,,,,,,,,,,,,,,,,,,,,,,,,,,1.0,False,-27.6,60074.6,2.4555,1.9942,1.9942,clear_loss,,,,,2026-06-26 03:09:08+00:00,2026-06-26 03:00:00+00:00,1,0.793054,0.74,False,-0.74,2026-06-20/2026-06-26,1.612715991978604,9.785794512275106e-65,1.0,1.3803614397234745e-40,0.5001490614598182,0.6568063382369135,0.00417292225123639,0.016240238446618063,4,7
2026-06-26 03:19:17+00:00,2026-06-26 03:00,KXBTCD-26JUN2600-T58999.99,2026-06-26T04:00:00Z,58794.23,58999.99,0.35,0.27,real,0.175887,0.7466,0.00159843,0.0012893,0.00089579,1.4393,0.01,0.00096749,-1.0,-1.0,0.0,1.0,-1.0,-0.1412,2.0,0.0,0.4786,0.0,-2.779e-05,-1.0,,0.0,0.0,0.0,0.0,0.0,-0.0183,False,False,0.0,0.0,33.29,,25.43,True,-1.0,bearish,0.0,0.0,0.060481,0.033887,trade,no,False,False,67.0,40.5,,0.224003,0.0224,44.8,2000.0,-7.0,0.0,0.2888,0.3074,0.5334,0.2617,-0.0572,0.6485,0.8467,0.5529,-0.9083,-1.3439,0.5709,1.0,0.1522,False,bearish,bearish,False,False,4.235,,False,False,,False,,,27.74,0.1614,,3.0,-1.0,-0.2886,70.32,0.171,,,,,,,,,,,,,,,,,,,-1.0,5201470.64,0.0,0.005318,-0.00174,0.00166,,,,,,,,,,,,,,,,,,,,,,,,,,,,,,,,,,,,,,,,,,,1.0,False,-44.8,60074.6,2.1777,1.8214,1.8214,clear_loss,,,,,2026-06-26 03:19:17+00:00,2026-06-26 03:00:00+00:00,1,0.824113,0.73,False,-0.73,2026-06-20/2026-06-26,1.612715991978604,9.785794512275106e-65,1.0,1.3803614397234745e-40,0.5001490614598182,0.6568063382369135,0.00417292225123639,0.016240238446618063,4,7
2026-06-26 09:03:27+00:00,2026-06-26 09:00,KXBTCD-26JUN2606-T60299.99,2026-06-26T10:00:00Z,60088.31,60299.99,0.3523,0.21,real,0.14982,0.9964,0.0004525,0.00044555,0.00058087,0.7671,0.01,0.00055967,0.0,-1.0,0.0,1.0,-1.0,-0.1299,2.0,0.0,0.5898,0.0,-4.968e-05,0.0,,0.0,0.0,0.0,-1.0,-1.0,1.7452,False,False,1.0,0.0,48.37,,50.39,False,0.0,bearish,0.0,0.0,0.053746,0.029518,trade,no,False,False,88.0,56.36,,0.255934,0.025593,51.19,2000.0,0.0,-2.0,0.3813,0.4614,-0.1556,-0.0067,-0.0262,1.0,0.0,-0.0262,-0.5275,-0.2064,0.1668,-1.0,0.583,False,bearish,bullish,True,False,1.99,,False,False,,True,,,19.65,0.0005,,9.0,-2.0,-1.0,66.39,0.1128,,,,,,,,,,,,,,,,,,,-1.0,3893377.6,0.0,0.002003,-0.03475,0.00961,,,,,,,,,,,,,,,,,,,,,,,,,,,,,,,,,,,,,,,,,,,0.0,True,13.61,59727.5,-0.6005,-0.9494,0.0,win,,,,,2026-06-26 09:03:27+00:00,2026-06-26 09:00:00+00:00,1,0.8501799999999999,0.79,True,0.2099999999999999,2026-06-20/2026-06-26,1.5891389121510964,7.5121658892282e-84,1.0,7.452412577590047e-51,0.5838263486631903,0.38134148443955196,-0.00268068388277763,-0.00276431096969661,4,7
2026-06-26 09:08:51+00:00,2026-06-26 09:00,KXBTCD-26JUN2606-T60199.99,2026-06-26T10:00:00Z,60021.6,60199.99,0.2972,0.24,real,0.178503,0.8823,0.0004488,0.00044405,0.00058887,0.7541,0.01,0.00056121,0.0,0.0,1.0,1.0,-1.0,-0.1032,2.0,0.0,0.6148,1.0,-5.346e-05,0.0,,0.0,0.0,0.0,-1.0,-1.0,1.5516,False,False,1.0,0.0,38.58,,47.13,False,0.0,bearish,0.0,0.0,0.05466,0.02909,trade,no,False,False,87.0,50.91,,0.227748,0.022775,45.55,2000.0,0.0,-2.0,0.3813,0.4614,-0.113,-0.1941,-0.0653,0.0,0.0,-0.129,-0.6297,-0.3089,0.1668,-1.0,0.5942,False,bearish,bullish,True,False,2.104,,False,False,,True,,,19.69,0.0005,,9.0,-2.0,-1.0,66.26,0.0477,,,,,,,,,,,,,,,,,,,-1.0,4103151.61,0.0,0.002067,-0.03368,0.01074,,,,,,,,,,,,,,,,,,,,,,,,,,,,,,,,,,,,,,,,,,,0.0,True,14.38,59727.5,-0.49,-0.7849,0.0,win,,,,,2026-06-26 09:08:51+00:00,2026-06-26 09:00:00+00:00,1,0.821497,0.76,True,0.24,2026-06-20/2026-06-26,1.5891389121510964,7.5121658892282e-84,1.0,7.452412577590047e-51,0.5838263486631903,0.38134148443955196,-0.00268068388277763,-0.00276431096969661,4,7
2026-06-26 09:33:55+00:00,2026-06-26 09:00,KXBTCD-26JUN2606-T60099.99,2026-06-26T10:00:00Z,59975.07,60099.99,0.2083,0.2,real,0.162574,0.9836,0.00033222,0.00035535,0.00048608,0.7311,0.01,0.00049509,0.0,0.0,1.0,1.0,-1.0,-0.1676,2.0,0.0,0.6283,1.0,-5.381e-05,0.0,,0.0,0.0,0.0,-1.0,-1.0,1.5318,False,False,1.0,0.0,35.54,,40.04,False,0.0,bearish,0.0,0.0,0.037379,0.012847,trade,no,False,False,87.0,25.87,,0.186897,0.01869,37.38,2000.0,0.0,-1.0,0.4264,0.4996,-0.0827,-0.0613,-0.0709,0.5,0.0,-0.2115,-0.7118,-0.3914,0.8716,-1.0,0.2344,False,bearish,bullish,True,False,2.183,,False,False,,True,,,19.78,0.3509,-0.14,9.0,-2.0,-1.0,66.17,-0.0761,,,,,,,,,,,,,,,,,,,-1.0,4306332.43,0.0,0.001984,-0.00174,0.01152,,,,,,,,,,,,,,,,,,,,,,,,,,,,,,,,,,,,,,,,,,,0.0,True,9.35,59727.5,-0.4128,-0.6198,0.0,win,,,,,2026-06-26 09:33:55+00:00,2026-06-26 09:00:00+00:00,1,0.837426,0.8,True,0.1999999999999999,2026-06-20/2026-06-26,1.5891389121510964,7.5121658892282e-84,1.0,7.452412577590047e-51,0.5838263486631903,0.38134148443955196,-0.00268068388277763,-0.00276431096969661,4,7
2026-06-26 11:39:57+00:00,2026-06-26 11:00,KXBTCD-26JUN2608-T59499.99,2026-06-26T12:00:00Z,59387.09,59499.99,0.1901,0.2,real,0.162098,1.0,0.00069279,0.00051335,0.00050651,1.0135,0.01,0.00056085,1.0,-1.0,0.0,1.0,-1.0,-0.1107,2.0,0.0,0.5584,0.0,-3.593e-05,0.0,,0.0,0.0,0.0,0.0,0.0,0.5124,False,False,0.0,0.0,22.08,,15.16,False,0.0,bearish,0.0,0.0,0.040209,0.015811,trade,no,False,False,79.0,19.85,,0.201045,0.020104,40.21,2000.0,-4.0,1.0,0.4186,0.5226,0.1148,0.1711,0.0724,1.0,1.0,0.3907,-0.359,-1.1722,0.3626,-1.0,0.1534,False,bearish,bullish,True,False,3.195,,False,False,,True,,,20.61,0.1111,,11.0,0.0,0.9167,66.99,-0.0265,,,,,,,,,,,,,,,,,,,-1.0,3672612.47,0.0,0.001321,-0.00483,0.02154,,,,,,,,,,,,,,,,,,,,,,,,,,,,,,,,,,,,,,,,,,,0.0,True,10.05,59350.64,-0.0614,-0.251,0.0,win,,,,,2026-06-26 11:39:57+00:00,2026-06-26 11:00:00+00:00,1,0.837902,0.8,True,0.1999999999999999,2026-06-20/2026-06-26,1.5485594861391376,3.8014424595484264e-83,1.0,2.6932373178484455e-50,0.4129722379411979,0.2635631588910959,-0.0002905751067973717,0.004988978116138026,4,7
2026-06-26 12:15:36+00:00,2026-06-26 12:00,KXBTCD-26JUN2609-T59599.99,2026-06-26T13:00:00Z,59393.45,59599.99,0.3477,0.22,real,0.138966,1.0771,0.00050335,0.00057088,0.00067614,0.8443,0.01,0.00063776,1.0,-1.0,0.0,0.0,0.0,-0.011,2.0,0.0,0.5512,0.0,1.576e-05,0.0,,0.0,0.0,0.0,0.0,0.0,0.4518,False,False,0.0,0.0,20.92,,15.91,True,-1.0,bearish,0.0,0.0,0.079874,0.05644,trade,no,False,False,81.0,44.21,,0.363064,0.036306,72.61,2000.0,-2.0,1.0,0.3793,0.4916,0.0696,-0.0343,0.0833,0.6841,0.8658,0.2215,0.3322,-0.4171,0.8124,1.0,0.0761,False,bearish,bullish,True,False,3.184,,False,False,,True,,,20.67,0.0337,,12.0,0.0,1.0,67.07,0.1154,,,,,,,,,,,,,,,,,,,-1.0,3794898.13,0.0,0.000995,-0.00155,0.02143,,,,,,,,,,,,,,,,,,,,,,,,,,,,,,,,,,,,,,,,,,,0.0,True,20.48,59231.68,-0.2724,-0.618,0.0,win,,,,,2026-06-26 12:15:36+00:00,2026-06-26 12:00:00+00:00,1,0.861034,0.78,True,0.2199999999999999,2026-06-20/2026-06-26,1.5054110732396047,3.7167679527564104e-84,1.0,5.771275923379304e-51,0.36273532715647877,0.26845401371069927,0.00013532369004463321,0.0009424657786557475,4,7
2026-06-26 12:24:13+00:00,2026-06-26 12:00,KXBTCD-26JUN2609-T59799.99,2026-06-26T13:00:00Z,59511.34,59799.99,0.485,0.15,real,0.054247,1.5855,0.00055378,0.0005703,0.00078296,0.7284,0.01,0.00067343,1.0,-1.0,0.0,0.0,0.0,0.0644,2.0,0.0,0.4791,0.0,1.986e-05,0.0,,0.0,0.0,0.0,0.0,0.0,0.5743,False,False,0.0,0.0,28.65,,18.48,True,0.0,bearish,0.0,0.0,0.094306,0.075624,trade,no,False,False,81.0,35.55,,0.628705,0.05,100.0,2000.0,-1.0,0.0,0.4559,0.4767,0.3837,0.1222,0.0,0.5319,0.7615,0.344,0.4547,-0.2955,0.8124,1.0,0.0207,False,bearish,bullish,True,False,2.979,,False,False,,True,,,20.44,0.0367,0.0,12.0,0.0,1.0,67.46,0.1711,,,,,,,,,,,,,,,,,,,-1.0,4479997.81,0.0,0.000883,-0.00131,0.0194,,,,,,,,,,,,,,,,,,,,,,,,,,,,,,,,,,,,,,,,,,,0.0,True,17.65,59231.68,-0.4699,-0.9504,0.0,win,,,,,2026-06-26 12:24:13+00:00,2026-06-26 12:00:00+00:00,1,0.945753,0.85,True,0.15,2026-06-20/2026-06-26,1.5054110732396047,3.7167679527564104e-84,1.0,5.771275923379304e-51,0.36273532715647877,0.26845401371069927,0.00013532369004463321,0.0009424657786557475,4,7
2026-06-26 12:32:34+00:00,2026-06-26 12:00,KXBTCD-26JUN2609-T59899.99,2026-06-26T13:00:00Z,59669.64,59899.99,0.386,0.15,real,0.070296,1.4733,0.00057504,0.00059703,0.00071245,0.838,0.01,0.00065944,1.0,-1.0,0.0,0.0,0.0,-0.0241,2.0,0.0,0.4894,0.0,2.206e-05,0.0,,0.0,0.0,0.0,0.0,0.0,0.8628,False,False,-1.0,0.0,49.4,,35.51,False,0.0,bearish,0.0,0.0,0.079677,0.060101,trade,no,False,False,82.0,27.23,,0.531181,0.05,100.0,2000.0,0.0,-1.0,0.4264,0.4996,0.5852,0.2871,0.1587,0.0,0.9179,0.4726,0.5836,-0.1676,0.8559,1.0,0.0558,False,bearish,bullish,True,False,2.706,,False,False,,True,,,20.36,0.0403,,12.0,0.0,1.0,67.46,-0.3837,,,,,,,,,,,,,,,,,,,-1.0,4314270.18,0.0,0.001471,-0.00185,0.0167,,,,,,,,,,,,,,,,,,,,,,,,,,,,,,,,,,,,,,,,,,,0.0,True,17.65,59231.68,-0.734,-1.1157,0.0,win,,,,,2026-06-26 12:32:34+00:00,2026-06-26 12:00:00+00:00,1,0.929704,0.85,True,0.15,2026-06-20/2026-06-26,1.5054110732396047,3.7167679527564104e-84,1.0,5.771275923379304e-51,0.36273532715647877,0.26845401371069927,0.00013532369004463321,0.0009424657786557475,4,7
2026-06-26 13:20:54+00:00,2026-06-26 13:00,KXBTCD-26JUN2610-T59399.99,2026-06-26T14:00:00Z,58861.02,59399.99,0.9157,0.19,real,0.100502,1.2464,0.00159116,0.00174789,0.00166474,1.0499,0.02,0.00139591,1.0,0.0,1.0,0.0,1.0,0.1246,2.0,0.0,0.464,0.0,3.005e-05,0.0,,0.0,0.0,0.0,0.0,0.0,-0.2953,False,False,1.0,0.0,33.88,,24.24,False,-1.0,bearish,0.0,0.0,0.08565,0.064108,trade,no,False,False,81.0,38.9,,0.450791,0.045079,90.16,2000.0,-6.0,1.0,0.442,0.4762,-0.5784,-0.076,-0.2091,0.2593,0.6674,-0.3793,-0.579,-0.4692,0.2782,-1.0,0.025,False,bearish,bullish,True,False,4.117,,False,False,,True,,,19.97,0.5837,-0.1,13.0,-2.0,-1.0,67.84,0.1269,,,,,,,,,,,,,,,,,,,-1.0,4722892.29,0.0,0.00053,-0.00161,0.03067,,,,,,,,,,,,,,,,,,,,,,,,,,,,,,,,,,,,,,,,,,,1.0,False,-90.16,60130.23,2.1563,1.2294,1.2294,clear_loss,,,,,2026-06-26 13:20:54+00:00,2026-06-26 13:00:00+00:00,1,0.899498,0.81,False,-0.81,2026-06-20/2026-06-26,1.4600264094801556,1.8631108745314702e-29,1.0,5.950076194450341e-26,0.7555426988403603,0.6889906329932032,0.0037807940069682806,0.007937718043110017,4,7
2026-06-26 13:26:27+00:00,2026-06-26 13:00,KXBTCD-26JUN2610-T59199.99,2026-06-26T14:00:00Z,58831.37,59199.99,0.6266,0.24,real,0.175336,0.8759,0.00164444,0.00175238,0.00153126,1.1444,0.01,0.00134213,1.0,-1.0,0.0,1.0,-1.0,-0.1306,2.0,0.0,0.3912,0.0,3.069e-05,0.0,,0.0,0.0,0.0,0.0,0.0,-0.472,False,False,1.0,0.0,26.22,,21.69,False,-1.0,bearish,0.0,0.0,0.054612,0.029041,trade,no,False,False,81.0,33.35,,0.227551,0.022755,45.51,2000.0,-6.0,3.0,0.4552,0.4542,-0.6569,-0.3881,-0.146,0.3015,0.5165,-0.558,-0.7573,-0.6478,0.2782,-1.0,0.0378,False,bearish,bullish,True,False,4.169,,False,False,,True,,,19.97,0.6346,-0.15,13.0,-2.0,-0.9213,67.88,0.1269,,,,,,,,,,,,,,,,,,,-1.0,4369508.74,0.0,0.001201,-0.002,0.03118,,,,,,,,,,,,,,,,,,,,,,,,,,,,,,,,,,,,,,,,,,,1.0,False,-45.51,60130.23,2.2078,1.5714,1.5714,clear_loss,,,,,2026-06-26 13:26:27+00:00,2026-06-26 13:00:00+00:00,1,0.8246640000000001,0.76,False,-0.76,2026-06-20/2026-06-26,1.4600264094801556,1.8631108745314702e-29,1.0,5.950076194450341e-26,0.7555426988403603,0.6889906329932032,0.0037807940069682806,0.007937718043110017,4,7
2026-06-26 13:34:36+00:00,2026-06-26 13:00,KXBTCD-26JUN2610-T59099.99,2026-06-26T14:00:00Z,58863.67,59099.99,0.4015,0.34,real,0.249464,0.5774,0.00170789,0.00180695,0.0019356,0.9335,0.01,0.00150278,1.0,0.0,1.0,0.0,1.0,0.1096,2.0,0.0,0.3289,0.0,3.491e-05,0.0,,0.0,0.0,0.0,0.0,0.0,-0.2688,False,False,1.0,0.0,34.72,,26.48,False,-1.0,bearish,0.0,0.0,0.069184,0.040361,trade,no,False,False,81.0,25.19,,0.203482,0.009735,19.47,2000.0,-6.0,2.0,0.3043,0.4098,-0.3383,0.2689,0.1913,0.5463,0.5124,-0.5629,-0.7622,-0.6526,0.3837,-1.0,0.0373,False,bearish,bullish,True,False,4.112,,False,False,,True,,,19.97,0.6694,0.05,13.0,-1.0,-0.4295,67.88,-1.9705,,,,,,,,,,,,,,,,,,,-1.0,4274903.99,0.0,0.001154,-0.001,0.03062,,,,,,,,,,,,,,,,,,,,,,,,,,,,,,,,,,,,,,,,,,,1.0,False,-19.47,60130.23,2.1517,1.7432,1.7432,clear_loss,,,,,2026-06-26 13:34:36+00:00,2026-06-26 13:00:00+00:00,1,0.750536,0.6599999999999999,False,-0.6599999999999999,2026-06-20/2026-06-26,1.4600264094801556,1.8631108745314702e-29,1.0,5.950076194450341e-26,0.7555426988403603,0.6889906329932032,0.0037807940069682806,0.007937718043110017,4,7
2026-06-28 07:01:41,2026-06-28 07:00,KXBTCD-26JUN2804-T60099.99,2026-06-28T08:00:00Z,60026.13,60099.99,0.1231,0.36,real,0.297597,0.441,0.00041141,0.00034202,0.00045001,0.76,0.02,0.00048119,-1.0,-1.0,0.0,0.0,0.0,0.0935,2.0,0.0,0.0023,0.0,-1.69e-05,1.0,,0.0,0.0,0.0,0.0,0.0,0.1573,False,False,-1.0,0.0,76.2,,53.91,False,0.0,bearish,0.0,0.0,0.041228,0.011027,trade,no,False,False,103.0,58.12,,0.114522,0.011452,22.9,2000.0,0.0,0.0,0.492,0.4797,0.2893,0.1921,0.2049,1.0,1.0,0.1182,0.1455,-0.1208,0.5504,1.0,0.2091,False,bullish,bullish,False,True,2.096,,False,False,,False,,,12.31,0.0016,,7.0,0.0,1.0,66.7,0.0423,,,,,,,,,,,,,,,,,,,-1.0,11305224.94,0.0,0.003297,-0.00164,0.00205,,,,,,,,,,,,,,,,,,,,,,,,,,,,,,,,,,,,,,,,,,,1.0,False,-22.9,60239.74,0.3559,0.2325,0.2325,marginal,,,,,2026-06-28 07:01:41+00:00,2026-06-28 07:00:00+00:00,2,0.702403,0.64,False,-0.64,2026-06-27/2026-07-03,0.7154779073251148,0.9999948393564898,7.212315999688864e-07,4.439411927455579e-06,0.3683678715144193,0.5629856216873421,0.0015720502964894937,0.0008271778973725427,2,6
2026-06-28 08:03:49,2026-06-28 08:00,KXBTCD-26JUN2805-T60199.99,2026-06-28T09:00:00Z,60131.03,60199.99,0.1147,0.3,real,0.162812,0.5066,0.00029343,0.00027462,0.00029218,0.9399,0.01,0.00039798,-1.0,-1.0,0.0,2.0,0.0,-0.0183,2.0,0.0,0.0135,0.0,-2.312e-05,0.0,,0.0,1.0,-1.0,-2.0,-2.0,0.3443,False,False,-1.0,-1.0,100.0,,97.6,False,0.0,bearish,0.0,0.0,0.047092,0.018865,trade,no,False,False,100.0,55.96,,0.156972,0.015697,31.39,2000.0,0.0,-4.0,0.2941,0.392,0.2174,0.0514,0.0514,0.0,0.5,0.0,0.3298,0.3571,0.9468,-1.0,0.0745,False,bullish,bullish,False,True,1.918,,False,False,,False,,,11.34,0.0,,8.0,-1.0,-0.285,66.84,0.0057,,,,,,,,,,,,,,,,,,,-1.0,10553198.88,0.0,0.003357,-0.00164,0.00145,,,,,,,,,,,,,,,,,,,,,,,,,,,,,,,,,,,,,,,,,,,1.0,False,-31.39,60432.77,0.5018,0.3867,0.3867,clear_loss,,,,,2026-06-28 08:03:49+00:00,2026-06-28 08:00:00+00:00,2,0.837188,0.7,False,-0.7,2026-06-27/2026-07-03,0.7143755396433576,0.9999486617023171,1.1686791158882073e-06,5.016961859265845e-05,0.5729733562602989,0.7970258756845653,0.0014960242492351146,-5.141528988785674e-05,2,0
2026-06-29 02:09:34,2026-06-29 02:00,KXBTCD-26JUN2823-T59299.99,2026-06-29T03:00:00Z,59168.58,59299.99,0.2221,0.33,real,0.116937,0.5705,0.0006676,0.00076686,0.00071183,1.0773,0.01,0.00072221,-1.0,-1.0,0.0,0.0,0.0,0.0652,2.0,1.0,0.8249,0.0,4.266e-05,0.0,,0.0,0.0,0.0,0.0,0.0,-0.0254,False,False,1.0,0.0,37.65,,55.1,False,-1.0,bearish,0.0,0.0,0.111463,0.084509,trade,no,False,False,95.0,50.19,,0.337768,0.033777,67.55,2000.0,-3.0,0.0,0.375,0.3533,-0.2532,-0.3328,-0.2021,0.0947,0.0,-0.1983,-0.4817,-0.281,0.8697,-1.0,0.4157,False,bullish,bearish,False,True,3.576,,False,False,,False,,,30.35,0.0073,,2.0,-2.0,-1.0,70.24,0.0202,,,,,,,,,,,,,,,,,,,-1.0,5113691.04,0.0,0.002251,-0.0021,0.00723,,,,,,,,,,,,,,,,,,,,,,,,,,,,,,,,,,,,,,,,,,,1.0,False,-67.55,59828.92,1.116,0.892,0.892,clear_loss,,,,,2026-06-29 02:09:34+00:00,2026-06-29 02:00:00+00:00,2,0.883063,0.6699999999999999,False,-0.6699999999999999,2026-06-27/2026-07-03,0.7524464971267613,0.9983569228127522,1.7219879730623303e-06,0.0016413551992785498,0.5196733110116704,0.5921095029059775,0.0017327046006178617,0.001287645318746154,5,0
2026-06-29 12:02:22,2026-06-29 12:00,KXBTCD-26JUN2909-T60099.99,2026-06-29T13:00:00Z,59813.75,60099.99,0.4785,0.2,real,0.085353,1.2931,0.00077293,0.00074729,0.00074859,0.9983,0.01,0.00071651,1.0,-1.0,0.0,0.0,0.0,0.0635,2.0,0.0,0.6483,0.0,3.425e-05,0.0,,0.0,0.0,0.0,0.0,0.0,0.1436,False,False,1.0,0.0,42.49,,30.7,True,0.0,bearish,0.0,0.0,0.106363,0.085423,trade,no,False,False,101.0,57.42,,0.531817,0.05,100.0,2000.0,0.0,0.0,0.492,0.4807,-0.425,0.1142,0.013,1.0,0.752,0.013,-0.3365,-0.2481,0.6667,1.0,0.1844,False,bullish,bearish,False,True,2.459,,False,False,,True,,,30.08,0.099,,12.0,-1.0,-0.4383,67.76,0.1658,,,,,,,,,,,,,,,,,,,-1.0,4357969.37,0.0,0.001411,-0.00224,0.01983,,,,,,,,,,,,,,,,,,,,,,,,,,,,,,,,,,,,,,,,,,,0.0,True,25.0,59992.19,0.2983,-0.1794,0.0,win,,,,,2026-06-29 12:02:22+00:00,2026-06-29 12:00:00+00:00,1,0.914647,0.8,True,0.1999999999999999,2026-06-27/2026-07-03,0.7278615284129004,0.9843420144690709,4.63370091003544e-06,0.015653351830029853,0.5718002927305255,0.5188409579055145,0.00018938373448608762,0.0005741640881977792,6,4
2026-06-29 12:39:44,2026-06-29 12:00,KXBTCD-26JUN2909-T59999.99,2026-06-29T13:00:00Z,59815.02,59999.99,0.3092,0.32,real,0.202584,0.787,0.00148016,0.00129859,0.00147379,0.8811,0.01,0.00115232,1.0,-1.0,0.0,0.0,0.0,0.0931,2.0,0.0,0.5619,0.0,4.489e-05,0.0,,0.0,0.0,0.0,0.0,0.0,0.083,False,False,1.0,0.0,28.34,,65.12,False,0.0,bearish,0.0,0.0,0.10877,0.082107,trade,no,False,False,101.0,20.07,,0.339906,0.033991,67.98,2000.0,0.0,0.0,0.492,0.4807,-0.9856,-0.8821,-0.707,0.0,0.2834,0.0636,-0.2861,-0.1977,0.6779,-1.0,0.1627,True,bullish,bearish,False,True,2.456,,False,False,,True,,,27.75,0.5586,,12.0,-2.0,-1.0,66.85,0.2285,,,,,,,,,,,,,,,,,,,-1.0,3701227.12,0.0,0.001273,-0.00109,0.01981,,,,,,,,,,,,,,,,,,,,,,,,,,,,,,,,,,,,,,,,,,,0.0,True,31.99,59992.19,0.2962,-0.013,0.0,win,,,,,2026-06-29 12:39:44+00:00,2026-06-29 12:00:00+00:00,1,0.797416,0.6799999999999999,True,0.32,2026-06-27/2026-07-03,0.7278615284129004,0.9843420144690709,4.63370091003544e-06,0.015653351830029853,0.5718002927305255,0.5188409579055145,0.00018938373448608762,0.0005741640881977792,6,4
2026-06-29 12:45:56,2026-06-29 12:00,KXBTCD-26JUN2909-T60199.99,2026-06-29T13:00:00Z,59916.38,60199.99,0.4733,0.12,real,0.043253,1.6765,0.00150188,0.00123068,0.0010798,1.1397,0.01,0.00099528,1.0,-1.0,0.0,0.0,0.0,0.0914,2.0,0.0,0.6159,0.0,4.149e-05,0.0,,0.0,0.0,0.0,0.0,0.0,0.1987,False,False,1.0,0.0,34.26,,44.49,False,0.0,bearish,0.0,0.0,0.074397,0.05635,trade,no,False,False,101.0,13.85,,0.619975,0.05,100.0,2000.0,0.0,0.0,0.492,0.4807,-1.1211,-0.5222,0.1557,0.4653,0.332,0.159,-0.191,-0.1025,0.8796,-1.0,0.0773,True,bullish,bearish,False,True,2.283,,False,False,,True,,,27.75,0.6346,-0.55,12.0,-2.0,-1.0,66.85,0.2285,,,,,,,,,,,,,,,,,,,-1.0,4040773.31,0.0,0.001208,-0.00174,0.01809,,,,,,,,,,,,,,,,,,,,,,,,,,,,,,,,,,,,,,,,,,,0.0,True,13.64,59992.19,0.1265,-0.3452,0.0,win,,,,,2026-06-29 12:45:56+00:00,2026-06-29 12:00:00+00:00,1,0.956747,0.88,True,0.12,2026-06-27/2026-07-03,0.7278615284129004,0.9843420144690709,4.63370091003544e-06,0.015653351830029853,0.5718002927305255,0.5188409579055145,0.00018938373448608762,0.0005741640881977792,6,4
2026-06-29 13:01:08,2026-06-29 13:00,KXBTCD-26JUN2910-T60299.99,2026-06-29T14:00:00Z,59910.27,60299.99,0.6505,0.21,real,0.120003,1.0965,0.00148699,0.00132074,0.00105003,1.2578,0.01,0.00101605,1.0,-1.0,0.0,0.0,0.0,-0.081,2.0,0.0,0.5338,0.0,4.31e-05,1.0,,0.0,0.0,0.0,0.0,0.0,0.2079,False,False,1.0,0.0,34.92,,31.08,False,0.0,bearish,0.0,0.0,0.079215,0.056257,trade,no,False,False,104.0,58.64,,0.377215,0.037721,75.44,2000.0,0.0,0.0,0.492,0.4806,-0.6711,0.3036,0.0851,0.7749,1.0,0.0413,0.1927,-0.1574,0.0891,1.0,0.1408,False,bullish,bearish,False,True,2.294,,False,False,,True,,,25.83,0.0196,,13.0,-1.0,-0.5497,67.75,-0.0287,,,,,,,,,,,,,,,,,,,-1.0,4389699.71,0.0,0.002251,-0.00194,0.01819,,,,,,,,,,,,,,,,,,,,,,,,,,,,,,,,,,,,,,,,,,,0.0,True,20.05,59493.54,-0.6956,-1.3374,0.0,win,,,,,2026-06-29 13:01:08+00:00,2026-06-29 13:00:00+00:00,1,0.879997,0.79,True,0.2099999999999999,2026-06-27/2026-07-03,0.7179193814817105,0.942188466440773,1.0724844738485892e-05,0.05780080871448162,0.34746571258199144,0.30927934052384615,-0.002775809614555702,-0.0012225038457273985,6,4
2026-06-29 13:30:58,2026-06-29 13:00,KXBTCD-26JUN2910-T60399.99,2026-06-29T14:00:00Z,59975.71,60399.99,0.7074,0.13,real,0.039377,1.703,0.00103288,0.0012072,0.00116545,1.0358,0.01,0.00101425,1.0,-1.0,0.0,0.0,0.0,0.0667,2.0,0.0,0.6058,0.0,4.655e-05,1.0,,0.0,0.0,0.0,1.0,-1.0,0.3264,False,True,0.0,0.0,41.12,,44.11,False,0.0,bearish,0.0,0.0,0.087404,0.06955,trade,no,False,False,102.0,28.84,,0.672341,0.05,100.0,2000.0,0.0,0.0,0.492,0.4806,0.1215,-0.2069,0.1294,0.347,0.3603,0.0783,0.2297,-0.1205,0.7446,-1.0,0.0302,False,bullish,bearish,False,True,2.182,,False,False,,True,,,25.83,0.0656,-0.05,13.0,-2.0,-0.9996,68.3,-0.2798,,,,,,,,,,,,,,,,,,,-1.0,2873244.83,0.0,0.002358,-0.00908,0.01708,,,,,,,,,,,,,,,,,,,,,,,,,,,,,,,,,,,,,,,,,,,0.0,True,14.94,59493.54,-0.8039,-1.5007,0.0,win,,,,,2026-06-29 13:30:58+00:00,2026-06-29 13:00:00+00:00,1,0.960623,0.87,True,0.13,2026-06-27/2026-07-03,0.7179193814817105,0.942188466440773,1.0724844738485892e-05,0.05780080871448162,0.34746571258199144,0.30927934052384615,-0.002775809614555702,-0.0012225038457273985,6,4
2026-06-29 13:37:25,2026-06-29 13:00,KXBTCD-26JUN2910-T60199.99,2026-06-29T14:00:00Z,59785.07,60199.99,0.694,0.13,real,0.040557,1.696,0.00122213,0.0014251,0.0012993,1.0968,0.01,0.00113543,1.0,-1.0,0.0,1.0,-1.0,-0.2955,2.0,0.0,0.6614,0.0,4.793e-05,1.0,,0.0,0.0,0.0,0.0,0.0,-0.0668,False,False,1.0,0.0,21.31,,37.5,False,0.0,bearish,0.0,0.0,0.086558,0.068649,trade,no,False,False,102.0,22.33,,0.665827,0.05,100.0,2000.0,0.0,0.0,0.492,0.4806,-0.6361,-0.2561,-0.5261,0.5865,0.0908,-0.1381,0.013,-0.3365,0.7446,-1.0,0.1622,False,bullish,bearish,False,True,2.508,,False,False,,True,,,25.83,0.1281,-0.21,13.0,-1.0,0.3568,68.17,-0.1255,,,,,,,,,,,,,,,,,,,-1.0,3738700.43,0.0,0.000918,-0.00907,0.02032,,,,,,,,,,,,,,,,,,,,,,,,,,,,,,,,,,,,,,,,,,,0.0,True,14.94,59493.54,-0.4876,-1.1735,0.0,win,,,,,2026-06-29 13:37:25+00:00,2026-06-29 13:00:00+00:00,1,0.959443,0.87,True,0.13,2026-06-27/2026-07-03,0.7179193814817105,0.942188466440773,1.0724844738485892e-05,0.05780080871448162,0.34746571258199144,0.30927934052384615,-0.002775809614555702,-0.0012225038457273985,6,4
2026-06-29 14:04:51,2026-06-29 14:00,KXBTCD-26JUN2911-T59799.99,2026-06-29T15:00:00Z,59391.97,59799.99,0.687,0.21,real,0.148501,1.0429,0.00125449,0.00165125,0.00114547,1.4416,0.01,0.00116545,1.0,1.0,2.0,1.0,1.0,0.3206,2.0,0.0,0.5894,-1.0,5.199e-05,-1.0,,0.0,0.0,0.0,1.0,1.0,-0.629,False,False,1.0,1.0,8.43,,7.72,True,0.0,bearish,0.0,0.0,0.056566,0.032474,trade,no,False,False,100.0,54.93,,0.269362,0.026936,53.87,2000.0,-3.0,6.0,0.5848,0.5176,-1.0218,0.0919,-0.1494,1.0,0.3959,-0.085,-0.8384,-0.6883,0.4694,1.0,0.093,True,bullish,bearish,False,True,3.186,,False,False,,True,,,24.76,0.0187,,14.0,-1.0,-0.4581,69.36,0.7889,,,,,,,,,,,,,,,,,,,-1.0,3104021.54,0.0,0.001867,-0.00295,0.02707,,,,,,,,,,,,,,,,,,,,,,,,,,,,,,,,,,,,,,,,,,,0.0,True,14.32,59417.33,0.0427,-0.6399,0.0,win,,,,,2026-06-29 14:04:51+00:00,2026-06-29 14:00:00+00:00,1,0.851499,0.79,True,0.2099999999999999,2026-06-27/2026-07-03,0.7685395038725236,0.8704420866162084,1.7293185318105884e-05,0.12954062019848384,0.2730633707377893,0.2810809278865383,-0.000160085009005515,0.0010875375996864177,6,4
2026-06-29 14:20:42,2026-06-29 14:00,KXBTCD-26JUN2911-T58999.99,2026-06-29T15:00:00Z,58972.63,58999.99,0.0464,0.52,real,0.469253,0.0771,0.00124014,0.00155532,,,0.01,0.00096145,1.0,1.0,2.0,1.0,0.0,-0.0989,2.0,0.0,0.5878,-1.0,5.22e-05,-1.0,,0.0,-1.0,1.0,2.0,2.0,-1.1962,False,False,1.0,1.0,3.07,,6.26,False,-1.0,bearish,0.0,0.0,0.046349,0.013897,trade,no,False,False,96.0,39.11,,0.089132,0.01337,26.74,2000.0,-5.0,11.0,0.555,0.5117,-0.6324,-0.3442,-0.1016,0.6389,0.0352,-0.7532,-1.5015,-1.3525,0.9648,-1.0,0.807,False,bearish,bearish,False,False,3.92,,False,False,,True,,,25.46,0.4919,-0.25,14.0,-2.0,-0.8095,69.36,0.6199,,,,,,,,,,,,,,,,,,,-1.0,5365700.38,0.0,0.000786,-0.00159,0.00796,,,,,,,,,,,,,,,,,,,,,,,,,,,,,,,,,,,,,,,,,,,1.0,False,-26.74,59417.33,0.7541,0.7074,0.7074,clear_loss,,,,,2026-06-29 14:20:42+00:00,2026-06-29 14:00:00+00:00,1,0.5307470000000001,0.48,False,-0.48,2026-06-27/2026-07-03,0.7685395038725236,0.8704420866162084,1.7293185318105884e-05,0.12954062019848384,0.2730633707377893,0.2810809278865383,-0.000160085009005515,0.0010875375996864177,6,4
2026-06-29 15:09:53,2026-06-29 15:00,KXBTCD-26JUN2912-T59399.99,2026-06-29T16:00:00Z,59140.41,59399.99,0.4389,0.3,real,0.26981,0.6134,0.0011118,0.00142582,0.0011821,1.2062,0.01,0.00109847,1.0,0.0,1.0,1.0,0.0,0.0476,2.0,0.0,0.4403,-1.0,5.072e-05,-1.0,,0.0,0.0,0.0,1.0,1.0,-0.854,False,False,1.0,1.0,14.16,,19.32,False,-1.0,bearish,0.0,0.0,0.044775,0.016469,trade,no,False,False,95.0,49.92,,0.149251,0.022345,44.69,2000.0,-5.0,6.0,0.3656,0.4611,-0.4161,-0.2475,0.0804,1.0,0.4712,-0.2625,-0.4281,-1.1789,0.1258,1.0,0.1879,False,bullish,bearish,False,True,3.625,,False,False,,True,,,24.93,0.0444,,15.0,-2.0,-1.0,70.97,-0.0103,,,,,,,,,,,,,,,,,,,-1.0,5395277.59,0.0,0.000936,-0.00133,0.00693,,,,,,,,,,,,,,,,,,,,,,,,,,,,,,,,,,,,,,,,,,,1.0,False,-44.69,59810.9,1.1337,0.6918,0.6918,clear_loss,,,,,2026-06-29 15:09:53+00:00,2026-06-29 15:00:00+00:00,1,0.73019,0.7,False,-0.7,2026-06-27/2026-07-03,0.7548760856914649,0.5293508226181174,5.1089774344209947e-05,0.4705980876075347,0.536786469344611,0.5525177929170967,0.004651119324019347,0.0022170263781130317,6,4
2026-06-30 13:02:23,2026-06-30 13:00,KXBTCD-26JUN3010-T58799.99,2026-06-30T14:00:00Z,58380.22,58799.99,0.719,0.16,real,0.08107,1.3979,0.00073541,0.00081609,0.00095084,0.8583,0.01,0.00080525,0.0,1.0,2.0,2.0,-1.0,-0.1122,2.0,0.0,0.5723,-1.0,7.008e-05,0.0,,0.0,-1.0,1.0,2.0,2.0,-1.7599,False,False,1.0,1.0,6.84,,5.43,True,-1.0,bearish,0.0,0.0,0.076969,0.05664,trade,no,False,False,93.0,57.41,,0.481057,0.072159,144.32,2000.0,-8.0,13.0,0.555,0.5124,-0.6188,-0.3488,-0.1082,0.0,0.5127,0.1036,-1.2155,-1.4886,1.0,-1.0,0.0404,False,bearish,bearish,False,False,4.974,,False,False,,False,,,28.15,0.0155,,13.0,-2.0,-1.0,72.12,0.2208,,,,,,,,,,,,,,,,,,,-1.0,11513754.98,0.0,0.000975,-0.00179,0.00106,,,,,,,,,,,,,,,,,,,,,,,,,,,,,,,,,,,,,,,,,,,0.0,True,27.49,58805.5,0.7285,0.0094,0.0,win,,,,,2026-06-30 13:02:23+00:00,2026-06-30 13:00:00+00:00,1,0.91893,0.84,True,0.16,2026-06-27/2026-07-03,0.9089790391933789,5.6241133262403044e-06,6.731227422655755e-05,0.9999270636124463,0.1753930131004373,0.024649407695277983,0.0027933529092204366,0.00470289516573954,6,2
2026-06-30 13:13:40,2026-06-30 13:00,KXBTCD-26JUN3010-T58699.99,2026-06-30T14:00:00Z,58370.26,58699.99,0.5649,0.21,real,0.158063,1.0025,0.00091382,0.00101032,0.0010286,0.9822,0.01,0.0008994,0.0,1.0,2.0,1.0,0.0,-0.0726,2.0,-1.0,0.8572,-1.0,7.166e-05,0.0,,0.0,-1.0,1.0,2.0,2.0,-1.6281,False,False,1.0,1.0,15.98,,8.48,True,-1.0,bearish,0.0,0.0,0.049128,0.024679,trade,no,False,False,94.0,46.12,,0.233944,0.015783,31.56,2000.0,-7.0,11.0,0.555,0.5124,-0.5614,0.2961,-0.0739,0.8758,0.5336,0.1648,-1.1552,-1.4284,1.0,-1.0,0.0175,False,bearish,bearish,False,False,4.992,,False,False,,False,,,28.24,0.0995,0.02,13.0,-2.0,-0.9633,72.53,-0.0633,,,,,,,,,,,,,,,,,,,-1.0,10514887.89,0.0,0.001015,-0.00183,0.00141,,,,,,,,,,,,,,,,,,,,,,,,,,,,,,,,,,,,,,,,,,,0.0,True,8.39,58805.5,0.7457,0.1797,0.0,win,,,,,2026-06-30 13:13:40+00:00,2026-06-30 13:00:00+00:00,1,0.8419369999999999,0.79,True,0.2099999999999999,2026-06-27/2026-07-03,0.9089790391933789,5.6241133262403044e-06,6.731227422655755e-05,0.9999270636124463,0.1753930131004373,0.024649407695277983,0.0027933529092204366,0.00470289516573954,6,2
2026-06-30 13:32:29,2026-06-30 13:00,KXBTCD-26JUN3010-T58599.99,2026-06-30T14:00:00Z,58333.26,58599.99,0.4573,0.25,real,0.180602,0.9131,0.0010103,0.00115669,0.0012945,0.8935,0.01,0.00103937,0.0,1.0,3.0,1.0,1.0,0.1508,2.0,-1.0,0.8088,-1.0,7.298e-05,0.0,,0.0,-1.0,1.0,2.0,2.0,-1.7454,False,False,1.0,1.0,8.04,,10.78,False,-1.0,bearish,0.0,0.0,0.067037,0.041572,trade,no,False,False,91.0,27.3,,0.268146,0.040222,80.44,2000.0,-8.0,13.0,0.555,0.5124,0.0742,-0.2392,-0.1479,0.2678,0.2195,0.0167,-1.3013,-1.5741,0.342,-1.0,0.0177,False,bearish,bearish,False,False,5.059,,False,False,,False,,,28.24,0.2381,-0.02,13.0,-2.0,-0.8883,73.28,2.054,,,,,,,,,,,,,,,,,,,-1.0,7456833.08,0.0,0.000853,-0.00164,0.00292,,,,,,,,,,,,,,,,,,,,,,,,,,,,,,,,,,,,,,,,,,,1.0,False,-80.44,58805.5,0.8096,0.3507,0.3507,clear_loss,,,,,2026-06-30 13:32:29+00:00,2026-06-30 13:00:00+00:00,1,0.819398,0.75,False,-0.75,2026-06-27/2026-07-03,0.9089790391933789,5.6241133262403044e-06,6.731227422655755e-05,0.9999270636124463,0.1753930131004373,0.024649407695277983,0.0027933529092204366,0.00470289516573954,6,2
2026-06-30 14:40:56,2026-06-30 14:00,KXBTCD-26JUN3011-T58699.99,2026-06-30T15:00:00Z,58611.68,58699.99,0.1507,0.42,real,0.335547,0.277,0.00128554,0.00162115,0.00171718,0.9441,0.01,0.00136029,0.0,0.0,1.0,2.0,-1.0,-0.1458,2.0,0.0,0.393,-1.0,7.472e-05,1.0,,0.0,-1.0,1.0,2.0,2.0,-1.0358,False,False,1.0,0.0,38.49,,57.56,False,-1.0,bearish,0.0,0.0,0.047859,0.016504,trade,no,False,False,93.0,18.86,,0.113951,0.017093,34.19,2000.0,-5.0,1.0,0.442,0.4161,-0.4646,-0.4885,-0.2522,0.2537,0.2088,0.0446,0.5159,-0.8086,0.0576,1.0,0.4667,False,bearish,bearish,False,False,4.56,,False,False,,False,,,28.49,0.3057,,14.0,-2.0,-0.9996,73.43,-0.1088,,,,,,,,,,,,,,,,,,,-1.0,10650768.23,0.0,0.000892,-0.00136,0.00218,,,,,,,,,,,,,,,,,,,,,,,,,,,,,,,,,,,,,,,,,,,0.0,True,24.76,58502.79,-0.1858,-0.3359,0.0,win,,,,,2026-06-30 14:40:56+00:00,2026-06-30 14:00:00+00:00,1,0.664453,0.5800000000000001,True,0.4199999999999999,2026-06-27/2026-07-03,0.9098545936097491,3.438717501127856e-06,7.202257134393871e-05,0.9999245387111583,0.09606986899563319,0.04617196932067629,0.0006343594801908325,-0.0013770550076924785,6,2
2026-06-30 16:05:12,2026-06-30 16:00,KXBTCD-26JUN3013-T58599.99,2026-06-30T17:00:00Z,58342.53,58599.99,0.4413,0.24,real,0.157341,0.8235,0.00083417,0.0010918,0.00084421,1.2933,0.01,0.00086193,0.0,1.0,2.0,1.0,0.0,-0.0179,2.0,0.0,0.4821,-1.0,8.142e-05,0.0,,0.0,-1.0,1.0,2.0,2.0,-1.3107,False,False,1.0,1.0,21.98,,20.75,True,-1.0,bearish,0.0,0.0,0.051697,0.025998,trade,no,False,False,92.0,54.53,,0.215405,0.032311,64.62,2000.0,-5.0,4.0,0.4474,0.4433,0.032,-0.1896,0.0115,0.7906,0.4684,0.0741,-0.2165,-0.4522,0.2259,-1.0,0.0846,False,bearish,bearish,False,False,5.042,,False,False,,False,,,29.78,0.0523,,16.0,0.0,1.0,74.03,-0.0098,,,,,,,,,,,,,,,,,,,-1.0,4800919.62,0.0,0.001308,-0.00137,0.00166,,,,,,,,,,,,,,,,,,,,,,,,,,,,,,,,,,,,,,,,,,,0.0,True,20.41,58477.96,0.2321,-0.2082,0.0,win,,,,,2026-06-30 16:05:12+00:00,2026-06-30 16:00:00+00:00,1,0.842659,0.76,True,0.24,2026-06-27/2026-07-03,0.8788680900933764,2.7766871684648628e-06,3.143311978027941e-05,0.9999657901930532,0.11480639933654123,0.20755953483599432,0.001511949375778014,0.0008131866468263696,6,2
2026-06-30 16:14:04,2026-06-30 16:00,KXBTCD-26JUN3013-T58499.99,2026-06-30T17:00:00Z,58305.67,58499.99,0.3333,0.27,real,0.193226,0.6997,0.00084477,0.00106216,0.00080343,1.322,0.01,0.00083772,0.0,1.0,2.0,1.0,0.0,-0.0427,2.0,0.0,0.5447,-1.0,8.335e-05,0.0,,0.0,-1.0,1.0,2.0,2.0,-1.3308,False,False,1.0,1.0,20.77,,20.35,True,-1.0,bearish,0.0,0.0,0.044915,0.017706,trade,no,False,False,91.0,45.67,,0.166353,0.024953,49.91,2000.0,-5.0,4.0,0.4474,0.4433,-0.0622,-0.0475,-0.211,0.789,0.2392,0.0847,-0.2059,-0.4416,0.2259,-1.0,0.0777,False,bearish,bearish,False,False,5.109,,False,False,,False,,,29.78,0.061,-0.03,16.0,0.0,1.0,74.03,-0.0098,,,,,,,,,,,,,,,,,,,-1.0,5111059.62,0.0,0.001103,-0.0016,0.00174,,,,,,,,,,,,,,,,,,,,,,,,,,,,,,,,,,,,,,,,,,,0.0,True,18.46,58477.96,0.2955,-0.0377,0.0,win,,,,,2026-06-30 16:14:04+00:00,2026-06-30 16:00:00+00:00,1,0.806774,0.73,True,0.27,2026-06-27/2026-07-03,0.8788680900933764,2.7766871684648628e-06,3.143311978027941e-05,0.9999657901930532,0.11480639933654123,0.20755953483599432,0.001511949375778014,0.0008131866468263696,6,2
2026-06-30 17:04:02,2026-06-30 17:00,KXBTCD-26JUN3014-T58599.99,2026-06-30T18:00:00Z,58439.61,58599.99,0.2744,0.27,real,0.163031,0.7167,0.00063121,0.00078941,0.00059894,1.318,0.01,0.00067381,0.0,0.0,1.0,1.0,0.0,-0.0375,2.0,0.0,0.6404,-1.0,9.651e-05,0.0,,0.0,-1.0,1.0,2.0,2.0,-0.9855,False,False,-1.0,0.0,31.81,,24.1,True,0.0,bearish,0.0,0.0,0.05964,0.033013,trade,no,False,False,92.0,55.76,,0.22089,0.029827,59.66,2000.0,-5.0,3.0,0.4552,0.4282,0.25,0.0063,0.1013,0.0,0.5,0.0,0.1797,-0.1112,0.5942,1.0,0.1385,False,bearish,bearish,False,False,4.868,,False,False,,False,,,30.31,0.0,,17.0,0.0,0.8496,74.17,0.1634,,,,,,,,,,,,,,,,,,,-1.0,7446864.8,0.0,0.001312,-0.00146,0.00103,,,,,,,,,,,,,,,,,,,,,,,,,,,,,,,,,,,,,,,,,,,0.0,True,22.07,58472.13,0.0556,-0.2182,0.0,win,,,,,2026-06-30 17:04:02+00:00,2026-06-30 17:00:00+00:00,1,0.836969,0.73,True,0.27,2026-06-27/2026-07-03,0.8589866306343474,0.0007891610359037166,7.790389675369317e-05,0.999132935067341,0.09026036981072762,0.20854225708002716,0.00019056471673200084,-0.000841168572712523,6,2
2026-06-30 18:00:54,2026-06-30 18:00,KXBTCD-26JUN3015-T58499.99,2026-06-30T19:00:00Z,58379.33,58499.99,0.2067,0.29,real,0.18538,0.6231,0.00048177,0.00059296,0.00048615,1.2197,0.01,0.00056812,-1.0,0.0,1.0,1.0,0.0,0.0017,2.0,0.0,0.7843,-1.0,0.0001,0.0,,0.0,-1.0,1.0,2.0,2.0,-0.7938,False,False,0.0,0.0,38.91,,27.1,False,0.0,bearish,0.0,0.0,0.052304,0.02462,trade,no,False,False,90.0,58.9,,0.180358,0.018036,36.07,2000.0,-5.0,3.0,0.4552,0.4283,0.2124,0.2298,0.0881,0.3374,0.9805,0.1007,-0.01,0.1697,0.3742,1.0,0.2361,False,bearish,bearish,False,False,4.976,,False,False,,False,,,30.62,0.0011,,18.0,-1.0,-0.5833,74.32,0.1116,,,,,,,,,,,,,,,,,,,-1.0,7872287.6,0.0,0.001368,-0.00195,0.00099,,,,,,,,,,,,,,,,,,,,,,,,,,,,,,,,,,,,,,,,,,,1.0,False,-36.07,58660.61,0.4818,0.2746,0.2746,marginal,,,,,2026-06-30 18:00:54+00:00,2026-06-30 18:00:00+00:00,1,0.81462,0.71,False,-0.71,2026-06-27/2026-07-03,0.8373451658664426,8.431494575559379e-05,3.447228835635276e-05,0.999881212765887,0.21640634370012488,0.4330492653548602,0.0018535453460877794,0.0010738258499286574,6,2
2026-06-30 18:06:25,2026-06-30 18:00,KXBTCD-26JUN3015-T58399.99,2026-06-30T19:00:00Z,58276.67,58399.99,0.2116,0.28,real,0.195422,0.6525,0.00052363,0.00062912,0.00049659,1.2669,0.01,0.00058366,-1.0,0.0,1.0,1.0,0.0,-0.0042,2.0,0.0,0.6332,-1.0,0.0001,0.0,,0.0,-1.0,1.0,2.0,2.0,-0.9743,False,False,0.0,0.0,22.54,,21.64,False,-1.0,bearish,0.0,0.0,0.04455,0.016949,trade,no,False,False,89.0,53.34,,0.159108,0.023866,47.73,2000.0,-6.0,4.0,0.4474,0.4433,-0.1108,-0.1032,-0.0793,0.0752,0.0208,-0.0915,-0.202,-0.0226,0.3742,1.0,0.2571,False,bearish,bearish,False,False,5.161,,False,False,,False,,,30.62,0.0236,,18.0,0.0,1.0,74.35,-0.0111,,,,,,,,,,,,,,,,,,,-1.0,7625382.54,0.0,0.001384,-0.00178,0.00174,,,,,,,,,,,,,,,,,,,,,,,,,,,,,,,,,,,,,,,,,,,1.0,False,-47.73,58660.61,0.6588,0.4463,0.4463,clear_loss,,,,,2026-06-30 18:06:25+00:00,2026-06-30 18:00:00+00:00,1,0.804578,0.72,False,-0.72,2026-06-27/2026-07-03,0.8373451658664426,8.431494575559379e-05,3.447228835635276e-05,0.999881212765887,0.21640634370012488,0.4330492653548602,0.0018535453460877794,0.0010738258499286574,6,2
2026-06-30 19:01:31,2026-06-30 19:00,KXBTCD-26JUN3017-T58999.99,2026-06-30T21:00:00Z,58566.68,58999.99,0.7399,0.14,real,0.032692,1.4427,0.00059916,0.0005927,0.00062742,0.9447,0.02,0.00061818,-1.0,0.0,1.0,1.0,1.0,0.1308,2.0,1.0,0.9021,-1.0,0.0001,1.0,,0.0,0.0,0.0,0.0,0.0,-0.2769,False,False,-1.0,0.0,78.67,,65.02,False,0.0,bearish,0.0,0.0,0.082489,0.063695,trade,no,False,False,132.0,118.27,,0.589209,0.05,100.0,2000.0,-3.0,0.0,0.375,0.4249,0.3377,0.1654,0.0657,1.0,0.3299,-0.0258,0.4234,0.3123,1.0,1.0,0.1849,False,bearish,bearish,False,False,4.64,,False,False,,False,,,30.55,0.0076,,19.0,0.0,0.9889,74.45,0.0427,,,,,,,,,,,,,,,,,,,-1.0,9767013.55,0.0,0.001388,-0.00137,0.00191,,,,,,,,,,,,,,,,,,,,,,,,,,,,,,,,,,,,,,,,,,,0.0,True,16.28,58736.7,0.2903,-0.4463,0.0,win,,,,,2026-06-30 19:01:31+00:00,2026-06-30 19:00:00+00:00,2,0.967308,0.86,True,0.14,2026-06-27/2026-07-03,0.8425677625270022,0.00011533272441212801,3.3314709030215216e-05,0.9998513525665591,0.2933523392457407,0.5347602813393764,0.000741954059216308,-0.0007226160963835146,6,2
2026-06-30 19:10:50,2026-06-30 19:00,KXBTCD-26JUN3017-T58749.99,2026-06-30T21:00:00Z,58524.58,58749.99,0.3852,0.25,real,0.117061,0.8055,0.000609,0.00062146,0.00054597,1.1383,0.02,0.0006015,-1.0,-1.0,0.0,1.0,0.0,-0.0264,2.0,1.0,0.9119,-1.0,0.0001,1.0,,0.0,0.0,0.0,1.0,1.0,-0.354,False,False,-1.0,0.0,70.57,,62.32,False,0.0,bearish,0.0,0.0,0.074753,0.049636,trade,no,False,False,133.0,108.97,,0.299014,0.029901,59.8,2000.0,-3.0,0.0,0.375,0.4249,0.3702,-0.0479,0.0,0.6492,0.1987,-0.0737,0.3753,0.2643,1.0,1.0,0.2415,False,bearish,bearish,False,False,4.716,,False,False,,False,,,30.48,0.08,-0.02,19.0,0.0,0.9837,74.44,0.0427,,,,,,,,,,,,,,,,,,,-1.0,11459859.76,0.0,0.001811,-0.00152,0.00144,,,,,,,,,,,,,,,,,,,,,,,,,,,,,,,,,,,,,,,,,,,0.0,True,19.93,58736.7,0.3624,-0.0226,0.0,win,,,,,2026-06-30 19:10:50+00:00,2026-06-30 19:00:00+00:00,2,0.882939,0.75,True,0.25,2026-06-27/2026-07-03,0.8425677625270022,0.00011533272441212801,3.3314709030215216e-05,0.9998513525665591,0.2933523392457407,0.5347602813393764,0.000741954059216308,-0.0007226160963835146,6,2
2026-06-30 19:12:03,2026-06-30 19:00,KXBTCD-26JUN3016-T58699.99,2026-06-30T20:00:00Z,58519.96,58699.99,0.3076,0.2,real,0.105225,0.9979,0.00060702,0.00060796,0.00052813,1.1512,0.01,0.00058608,-1.0,-1.0,0.0,1.0,0.0,-0.0426,2.0,-1.0,0.8304,-1.0,0.0001,1.0,,0.0,0.0,0.0,1.0,1.0,-0.37,False,False,-1.0,0.0,68.7,,61.7,False,0.0,bearish,0.0,0.0,0.060528,0.037126,trade,no,False,False,133.0,47.76,,0.302638,0.030264,60.53,2000.0,-3.0,0.0,0.375,0.4249,0.3335,-0.0294,-0.0919,0.6492,0.2591,-0.0919,0.357,0.246,1.0,1.0,0.1209,False,bearish,bearish,False,False,4.724,,False,False,,False,,,30.48,0.0829,-0.12,19.0,0.0,0.9837,74.44,0.0427,,,,,,,,,,,,,,,,,,,-1.0,11749388.54,0.0,0.001675,-0.00179,0.00152,,,,,,,,,,,,,,,,,,,,,,,,,,,,,,,,,,,,,,,,,,,1.0,False,-60.53,58745.49,0.3854,0.0775,0.0775,near_miss,,,,,2026-06-30 19:12:03+00:00,2026-06-30 19:00:00+00:00,2,0.894775,0.8,False,-0.8,2026-06-27/2026-07-03,0.8425677625270022,0.00011533272441212801,3.3314709030215216e-05,0.9998513525665591,0.2933523392457407,0.5347602813393764,0.000741954059216308,-0.0007226160963835146,6,2
2026-06-30 19:22:31,2026-06-30 19:00,KXBTCD-26JUN3016-T58599.99,2026-06-30T20:00:00Z,58500.38,58599.99,0.1703,0.29,real,0.190481,0.6514,0.00051877,0.00056118,0.00050367,1.1142,0.01,0.00056297,-1.0,-1.0,0.0,1.0,0.0,0.0112,2.0,-1.0,0.8108,-1.0,0.0001,1.0,,0.0,0.0,0.0,1.0,1.0,-0.411,False,False,0.0,0.0,78.33,,75.67,False,0.0,bearish,0.0,0.0,0.056174,0.028634,trade,no,False,False,132.0,37.25,,0.193705,0.019371,38.74,2000.0,-3.0,0.0,0.375,0.4249,-0.086,-0.0461,-0.0692,0.7264,0.2986,-0.0849,0.364,0.2531,0.4056,-1.0,0.2791,False,bearish,bearish,False,False,4.759,,False,False,,False,,,30.48,0.1128,-0.11,19.0,-2.0,-1.0,74.36,-0.0403,,,,,,,,,,,,,,,,,,,-1.0,11436593.62,0.0,0.001637,-0.00168,0.00149,,,,,,,,,,,,,,,,,,,,,,,,,,,,,,,,,,,,,,,,,,,1.0,False,-38.74,58745.49,0.419,0.2483,0.2483,clear_loss,,,,,2026-06-30 19:22:31+00:00,2026-06-30 19:00:00+00:00,2,0.809519,0.71,False,-0.71,2026-06-27/2026-07-03,0.8425677625270022,0.00011533272441212801,3.3314709030215216e-05,0.9998513525665591,0.2933523392457407,0.5347602813393764,0.000741954059216308,-0.0007226160963835146,6,2
2026-07-01 03:12:12,2026-07-01 03:00,KXBTCD-26JUL0100-T59099.99,2026-07-01T04:00:00Z,58904.81,59099.99,0.3314,0.2,real,0.140032,1.0393,0.00056772,0.00062863,0.00056972,1.1034,0.01,0.00060703,-1.0,-1.0,0.0,2.0,-1.0,-0.3756,2.0,-1.0,0.8547,0.0,3.617e-05,1.0,,0.0,0.0,0.0,-1.0,-1.0,0.6602,False,False,-1.0,-1.0,88.72,,94.46,True,1.0,bearish,0.0,0.0,0.053814,0.030077,trade,no,False,False,96.0,47.6,,0.269072,0.026907,53.81,2000.0,3.0,-5.0,0.4344,0.4883,-0.0977,-0.0537,-0.1675,0.2623,0.0,-0.1463,0.4103,0.7708,0.1483,-1.0,0.1899,False,bearish,bearish,False,False,4.04,,False,False,,True,,,32.6,0.1434,-0.08,3.0,-2.0,-1.0,71.25,-0.1943,,,,,,,,,,,,,,,,,,,-1.0,7043343.15,0.0,0.000805,-0.00154,0.00199,,,,,,,,,,,,,,,,,,,,,,,,,,,,,,,,,,,,,,,,,,,1.0,False,-53.81,59108.24,0.3454,0.014,0.014,near_miss,,,,,2026-07-01 03:12:12+00:00,2026-07-01 03:00:00+00:00,2,0.8599680000000001,0.8,False,-0.8,2026-06-27/2026-07-03,0.7723656028603313,0.010741619366777411,0.00010736283621875904,0.9891510177970076,0.7907168861060926,0.7505312580933874,-0.00019319951989392068,-0.0013150679027859522,6,2
2026-07-01 04:46:42,2026-07-01 04:00,KXBTCD-26JUL0101-T59399.99,2026-07-01T05:00:00Z,59281.44,59399.99,0.2,0.24,real,0.151438,1.0303,0.00066226,0.0005176,0.00078284,0.6612,0.01,0.00063885,-1.0,0.0,1.0,2.0,1.0,0.2984,2.0,0.0,0.7755,0.0,-2.953e-05,1.0,,0.0,1.0,-1.0,-2.0,-2.0,0.9447,False,False,-1.0,-1.0,93.09,,95.9,True,1.0,bearish,0.0,0.0,0.088567,0.064571,trade,no,False,False,101.0,13.05,,0.369027,0.036903,73.81,2000.0,3.0,-9.0,0.493,0.5,0.39,0.219,0.0792,0.7704,0.7844,0.3038,0.439,0.9988,0.6062,1.0,0.2212,False,bearish,bearish,False,False,3.379,,False,False,,True,,,31.64,0.1544,,4.0,0.0,1.0,70.73,-0.0499,,,,,,,,,,,,,,,,,,,-0.8158,3154254.11,0.0,0.000796,-0.00113,0.02899,,,,,,,,,,,,,,,,,,,,,,,,,,,,,,,,,,,,,,,,,,,0.0,True,23.31,59327.54,0.0778,-0.122,0.0,win,,,,,2026-07-01 04:46:42+00:00,2026-07-01 04:00:00+00:00,2,0.848562,0.76,True,0.24,2026-06-27/2026-07-03,0.7535299196375028,0.015756733574735022,0.000116445649815213,0.9841268207754498,0.9295111295013955,0.7957849306102304,-0.00023729992100102198,-2.2870708119484846e-05,6,3
2026-07-01 07:00:17,2026-07-01 07:00,KXBTCD-26JUL0104-T58899.99,2026-07-01T08:00:00Z,58698.89,58899.99,0.3426,0.18,real,0.07553,1.2676,0.00058485,0.00043858,0.00048448,0.9053,0.01,0.00051448,0.0,-1.0,0.0,0.0,0.0,0.05,2.0,0.0,0.5961,0.0,-2.917e-05,0.0,,0.0,0.0,0.0,0.0,0.0,-0.1107,False,False,1.0,0.0,24.33,,20.17,False,0.0,bearish,0.0,0.0,0.087195,0.066301,trade,no,False,False,98.0,59.48,,0.484416,0.048442,96.88,2000.0,-1.0,0.0,0.4559,0.4541,0.0,0.115,0.0487,0.5,1.0,0.0487,-0.6377,-0.9528,0.3095,1.0,0.5243,False,bearish,bearish,False,False,4.405,,False,False,,True,,,33.29,0.0016,,7.0,0.0,0.8378,70.19,-0.8891,,,,,,,,,,,,,,,,,,,-1.0,9289213.91,0.0,0.000867,-0.0017,0.00161,,,,,,,,,,,,,,,,,,,,,,,,,,,,,,,,,,,,,,,,,,,0.0,True,21.27,58749.95,0.087,-0.2547,0.0,win,,,,,2026-07-01 07:00:17+00:00,2026-07-01 07:00:00+00:00,2,0.92447,0.8200000000000001,True,0.1799999999999999,2026-06-27/2026-07-03,0.7959268329842741,0.0011637555395891629,6.83184122120855e-05,0.9987679260481951,0.5786184570823553,0.38034746419483606,0.00045445690574066324,0.002200755953399974,6,3
2026-07-01 07:23:52,2026-07-01 07:00,KXBTCD-26JUL0104-T58799.99,2026-07-01T08:00:00Z,58710.35,58799.99,0.1527,0.31,real,0.220011,0.6415,0.00057402,0.00042829,0.00051349,0.8341,0.01,0.00052223,0.0,0.0,1.0,0.0,0.0,0.0489,2.0,-1.0,0.8446,0.0,-2.546e-05,0.0,,0.0,0.0,0.0,0.0,0.0,-0.0959,False,False,0.0,1.0,24.33,,19.91,True,0.0,bearish,0.0,0.0,0.063342,0.035334,trade,no,False,False,97.0,35.9,,0.204328,0.020433,40.87,2000.0,-1.0,0.0,0.4559,0.4541,0.115,0.197,0.1891,0.0,1.0,0.0487,-0.6377,-0.9528,0.5661,-1.0,0.4686,False,bearish,bearish,False,False,4.384,,False,False,,True,,,33.29,1.5987,,7.0,0.0,1.0,70.64,0.0249,,,,,,,,,,,,,,,,,,,-1.0,10025344.71,0.0,0.000993,-0.00217,0.00173,,,,,,,,,,,,,,,,,,,,,,,,,,,,,,,,,,,,,,,,,,,0.0,True,18.36,58749.95,0.0674,-0.0851,0.0,win,,,,,2026-07-01 07:23:52+00:00,2026-07-01 07:00:00+00:00,2,0.779989,0.69,True,0.31,2026-06-27/2026-07-03,0.7959268329842741,0.0011637555395891629,6.83184122120855e-05,0.9987679260481951,0.5786184570823553,0.38034746419483606,0.00045445690574066324,0.002200755953399974,6,3
2026-07-01 08:01:14,2026-07-01 07:00,KXBTCD-26JUL0105-T58799.99,2026-07-01T09:00:00Z,58651.49,58799.99,0.2532,0.24,real,0.142179,0.9037,0.00041405,0.00035895,0.000468,0.767,0.01,0.00048128,0.0,-1.0,0.0,0.0,0.0,0.027,2.0,-1.0,0.8448,0.0,-5.75e-06,0.0,,0.0,0.0,0.0,0.0,0.0,-0.1167,False,False,0.0,0.0,22.96,,20.47,True,0.0,bearish,0.0,0.0,0.0713,0.046483,trade,no,False,False,97.0,58.52,,0.297084,0.029708,59.42,2000.0,-1.0,0.0,0.4559,0.4541,0.1203,0.0003,0.0391,1.0,0.8569,0.0294,-0.6569,-0.972,0.7928,1.0,0.6012,False,bearish,bearish,False,False,4.489,,False,False,,True,,,33.29,1.5079,,8.0,-2.0,-1.0,70.7,-0.1907,,,,,,,,,,,,,,,,,,,-1.0,8145846.55,0.0,0.001176,-0.00169,0.00176,,,,,,,,,,,,,,,,,,,,,,,,,,,,,,,,,,,,,,,,,,,1.0,False,-59.42,58935.23,0.4838,0.23,0.23,marginal,,,,,2026-07-01 08:01:14+00:00,2026-07-01 08:00:00+00:00,2,0.857821,0.76,False,-0.76,2026-06-27/2026-07-03,0.775999294301612,0.0025174546637579645,0.00010224804473248101,0.9973802972915047,0.7010368873906228,0.5371354356091959,0.0022906701035412527,0.001087234131946922,7,3
2026-07-01 08:44:33,2026-07-01 08:00,KXBTCD-26JUL0105-T58699.99,2026-07-01T09:00:00Z,58650.58,58699.99,0.0842,0.36,real,0.250215,0.5871,0.00043699,0.0003951,0.00060209,0.6562,0.01,0.0005406,0.0,0.0,1.0,0.0,0.0,0.0335,2.0,-1.0,0.8449,0.0,-2.64e-06,0.0,,0.0,0.0,0.0,0.0,0.0,-0.1658,False,False,0.0,1.0,26.95,,18.93,True,0.0,bearish,0.0,0.0,0.091051,0.062288,trade,no,False,False,94.0,15.22,,0.252919,0.025292,50.58,2000.0,-1.0,0.0,0.4559,0.4541,0.0097,0.2501,0.1498,1.0,0.8152,-0.0519,-0.0226,-0.7085,0.6807,-1.0,0.701,False,bearish,bearish,False,False,4.491,,False,False,,True,,,34.29,0.0738,,8.0,-2.0,-0.9863,70.72,0.05,,,,,,,,,,,,,,,,,,,-0.3549,6739574.41,0.0,0.002156,-0.00168,0.00184,,,,,,,,,,,,,,,,,,,,,,,,,,,,,,,,,,,,,,,,,,,1.0,False,-50.58,58935.23,0.4853,0.4007,0.4007,clear_loss,,,,,2026-07-01 08:44:33+00:00,2026-07-01 08:00:00+00:00,2,0.7497849999999999,0.64,False,-0.64,2026-06-27/2026-07-03,0.775999294301612,0.0025174546637579645,0.00010224804473248101,0.9973802972915047,0.7010368873906228,0.5371354356091959,0.0022906701035412527,0.001087234131946922,7,3
2026-07-01 13:06:05,2026-07-01 13:00,KXBTCD-26JUL0110-T58999.99,2026-07-01T14:00:00Z,58600.76,58999.99,0.6813,0.14,real,0.097065,1.66,0.00064526,0.00072061,0.00085815,0.8397,0.01,0.00073484,1.0,-1.0,0.0,0.0,0.0,-0.0202,2.0,1.0,0.8469,0.0,1.967e-05,-1.0,,0.0,0.0,0.0,0.0,0.0,-0.0961,False,False,-1.0,0.0,57.12,,32.09,True,0.0,bearish,0.0,0.0,0.078157,0.059096,trade,no,False,False,101.0,53.64,,0.558265,0.05,100.0,2000.0,1.0,0.0,0.5648,0.5841,0.3493,0.2833,-0.0804,0.3747,0.8581,0.3809,0.3112,0.1634,0.7274,1.0,0.0719,False,bearish,bearish,False,False,4.579,,False,False,,True,,,33.9,0.0606,,13.0,0.0,1.0,71.24,-0.0631,,,,,,,,,,,,,,,,,,,-1.0,3448520.4,0.0,0.001309,-0.0019,0.0218,,,,,,,,,,,,,,,,,,,,,,,,,,,,,,,,,,,,,,,,,,,1.0,False,-100.0,59395.58,1.3563,0.6705,0.6705,clear_loss,,,,,2026-07-01 13:06:05+00:00,2026-07-01 13:00:00+00:00,2,0.902935,0.86,False,-0.86,2026-06-27/2026-07-03,0.7511686705406918,0.014645439940698812,0.00011272140788790822,0.9852418386514128,1.0,0.963224914580905,0.006113246877854857,0.003929411954608926,7,1
2026-07-01 13:30:27,2026-07-01 13:00,KXBTCD-26JUL0110-T58799.99,2026-07-01T14:00:00Z,58552.96,58799.99,0.4219,0.22,real,0.1202,1.1159,0.00073046,0.00085206,0.00100661,0.8465,0.01,0.00082925,1.0,-1.0,0.0,1.0,0.0,-0.0291,2.0,1.0,0.8148,0.0,1.546e-05,-1.0,,0.0,0.0,0.0,0.0,0.0,-0.2116,False,False,0.0,-1.0,55.2,,64.12,True,-1.0,bearish,0.0,0.0,0.091863,0.069043,trade,no,False,False,99.0,29.34,,0.417559,0.041756,83.51,2000.0,0.0,0.0,0.492,0.4816,0.0234,-0.1892,-0.3348,0.0,0.3,0.1858,0.1162,-0.0313,0.7918,1.0,0.1348,False,bearish,bearish,False,False,4.665,,False,False,,True,,,33.67,0.2642,-0.09,13.0,0.0,0.9986,71.33,-0.1141,,,,,,,,,,,,,,,,,,,-1.0,3758962.26,0.0,0.001358,-0.00191,0.02263,,,,,,,,,,,,,,,,,,,,,,,,,,,,,,,,,,,,,,,,,,,1.0,False,-83.51,59395.58,1.4391,1.0129,1.0129,clear_loss,,,,,2026-07-01 13:30:27+00:00,2026-07-01 13:00:00+00:00,2,0.8798,0.78,False,-0.78,2026-06-27/2026-07-03,0.7511686705406918,0.014645439940698812,0.00011272140788790822,0.9852418386514128,1.0,0.963224914580905,0.006113246877854857,0.003929411954608926,7,1
2026-07-02 01:07:23,2026-07-02 01:00,KXBTCD-26JUL0122-T59899.99,2026-07-02T02:00:00Z,59667.4,59899.99,0.3898,0.16,real,0.081059,1.4101,0.00045728,0.0005411,0.00054054,1.001,0.01,0.00056059,0.0,0.0,1.0,2.0,-1.0,-0.1041,2.0,0.0,0.4491,-1.0,6.029e-05,0.0,,0.0,0.0,0.0,1.0,1.0,-0.1069,False,False,1.0,1.0,8.31,,4.92,True,0.0,neutral,0.0,0.0,0.080146,0.060003,trade,no,False,False,108.0,52.38,,0.500914,0.05,100.0,2000.0,1.0,5.0,0.5187,0.5052,0.1033,0.0556,-0.0637,0.5408,0.4066,0.0556,-0.4942,-1.246,0.2333,1.0,0.2493,False,bearish,bullish,False,False,10.229,1.734,False,False,,False,,,27.85,0.0055,,1.0,0.0,0.98,66.14,-0.2722,,,,,,,,,,,,,,,,,,,-1.0,10925981.47,0.0,0.002552,-0.00165,0.00208,,,,,,,,,,,,,,,,,,,,,,,,,,,,,,,,,,,,,,,,,,,1.0,False,-100.0,60150.52,0.8097,0.4182,0.4182,clear_loss,,,,,2026-07-02 01:07:23+00:00,2026-07-02 01:00:00+00:00,2,0.918941,0.84,False,-0.84,2026-06-27/2026-07-03,1.0387552085439535,7.359542988383179e-07,0.08303824676892664,0.9169610172767723,0.6156412553655249,0.5934043740442855,0.003295619760909388,0.004567349957603839,7,1
2026-07-02 09:16:30,2026-07-02 09:00,KXBTCD-26JUL0206-T60499.99,2026-07-02T10:00:00Z,60359.41,60499.99,0.2329,0.2,real,0.181427,1.0227,0.00042938,0.00037313,0.00042007,0.8883,0.01,0.00045484,0.0,-1.0,0.0,1.0,0.0,0.079,2.0,-1.0,1.0,-1.0,6.567e-05,0.0,,0.0,0.0,0.0,0.0,0.0,-0.1582,False,False,0.0,0.0,62.33,,62.39,False,0.0,bullish,0.0,0.0,0.037719,0.013203,trade,no,False,False,120.0,43.3,,0.188595,0.01886,37.72,2000.0,2.0,0.0,0.6111,0.5581,-0.0212,0.0376,0.0503,0.689,0.3711,-0.1205,0.509,0.2072,0.1755,-1.0,0.2673,False,bullish,bullish,False,False,8.966,0.568,False,False,,True,,,26.57,5.7962,-0.17,9.0,-2.0,-0.8261,66.15,0.1585,,,,,,,,,,,,,,,,,,,-1.0,7558486.61,0.0,0.001358,-0.00161,0.00198,,,,,,,,,,,,,,,,,,,,,,,,,,,,,,,,,,,,,,,,,,,1.0,False,-37.72,61132.5,1.2808,1.0455,1.0455,clear_loss,,,,,2026-07-02 09:16:30+00:00,2026-07-02 09:00:00+00:00,5,0.818573,0.8,False,-0.8,2026-06-27/2026-07-03,0.9741210281774026,6.654279351294784e-17,0.9999999976785574,2.321439598054544e-09,0.8941728278012279,0.9345067930478411,0.004308194308912616,0.0016192582109235826,4,5
2026-07-02 09:30:46,2026-07-02 09:00,KXBTCD-26JUL0206-T60799.99,2026-07-02T10:00:00Z,60562.01,60799.99,0.393,0.14,real,0.055512,1.5784,0.00050534,0.0004052,0.00067431,0.6009,0.01,0.00054941,0.0,0.0,1.0,2.0,1.0,0.149,2.0,0.0,0.6309,-1.0,6.567e-05,0.0,,0.0,0.0,0.0,0.0,0.0,0.2134,False,False,-1.0,-1.0,100.0,,87.08,False,1.0,bullish,0.0,0.0,0.083346,0.064605,trade,no,False,False,120.0,28.98,,0.59533,0.05,100.0,2000.0,3.0,-2.0,0.4915,0.4905,0.3577,0.3286,0.1428,1.0,0.9706,0.1151,0.7461,0.4436,0.6757,1.0,0.0483,False,bullish,bullish,False,False,8.601,0.901,False,False,,True,,,26.65,5.8129,,9.0,0.0,1.0,66.0,-0.1089,,,,,,,,,,,,,,,,,,,-1.0,9189230.57,0.0,0.001222,-0.00059,0.00277,,,,,,,,,,,,,,,,,,,,,,,,,,,,,,,,,,,,,,,,,,,1.0,False,-100.0,61132.5,0.942,0.5469,0.5469,clear_loss,,,,,2026-07-02 09:30:46+00:00,2026-07-02 09:00:00+00:00,5,0.944488,0.86,False,-0.86,2026-06-27/2026-07-03,0.9741210281774026,6.654279351294784e-17,0.9999999976785574,2.321439598054544e-09,0.8941728278012279,0.9345067930478411,0.004308194308912616,0.0016192582109235826,4,5
2026-07-02 16:28:10,2026-07-02 16:00,KXBTCD-26JUL0213-T61299.99,2026-07-02T17:00:00Z,61124.59,61299.99,0.287,0.29,real,0.241182,0.7271,0.00092896,0.00123381,0.00092086,1.3398,0.01,0.00092212,0.0,0.0,1.0,3.0,-1.0,-0.1179,2.0,0.0,0.5812,-1.0,6.445e-05,0.0,,0.0,1.0,-1.0,-2.0,0.0,-0.0999,True,False,1.0,1.0,0.0,,27.13,False,0.0,bullish,0.0,0.0,0.0539,0.026275,trade,no,False,False,130.0,31.62,,0.185862,0.018586,37.17,2000.0,3.0,4.0,0.5187,0.5175,-0.6373,-0.5247,-0.432,0.6091,0.0,-0.6033,-0.7375,-1.1832,0.456,1.0,0.6539,True,bullish,bullish,False,False,7.602,1.813,False,False,,False,,,34.74,0.1253,,16.0,-1.0,-1.0,62.19,-0.0152,,,,,,,,,,,,,,,,,,,-1.0,10157798.74,0.0,0.001877,-0.00138,0.00179,,,,,,,,,,,,,,,,,,,,,,,,,,,,,,,,,,,,,,,,,,,1.0,False,-37.17,61680.45,0.9094,0.6207,0.6207,clear_loss,,,,,2026-07-02 16:28:10+00:00,2026-07-02 16:00:00+00:00,1,0.758818,0.71,False,-0.71,2026-06-27/2026-07-03,0.8922087826148333,2.903920671317331e-08,0.8609991903987306,0.13900078056206042,0.7991325541673884,0.7132348591896189,-0.00011309829978049368,0.001126935801059165,1,5
2026-07-02 23:00:54,2026-07-02 23:00,KXBTCD-26JUL0220-T61499.99,2026-07-03T00:00:00Z,61337.25,61499.99,0.2653,0.21,real,0.237355,1.1362,0.00031382,0.00035159,0.0004283,0.8209,0.01,0.00044703,1.0,-1.0,0.0,2.0,0.0,-0.025,2.0,0.0,0.7846,-1.0,5.867e-05,0.0,,0.0,1.0,-1.0,-2.0,0.0,-0.0438,True,False,1.0,0.0,21.81,,41.28,False,0.0,bullish,0.0,0.0,0.050317,0.025924,trade,no,False,False,128.0,58.85,,0.239606,0.023961,59.9,2500.0,5.0,1.0,0.8113,0.6798,-0.1348,-0.0534,-0.1807,0.0,0.0,-0.1693,-0.2134,-0.2643,0.2086,1.0,0.6283,False,bullish,bullish,False,False,7.229,2.154,False,False,,False,,,32.52,0.0006,,23.0,1.0,0.6,62.56,-0.1009,,,,,,,,,,,,,,,,,,,-1.0,10924352.29,0.0,0.004176,-0.00177,0.00184,,,,,,,,,,,,,,,,,,,,,,,,,,,,,,,,,,,,,,,,,,,0.0,True,15.92,61573.15,0.3846,0.119,0.0,win,,,,,2026-07-02 23:00:54+00:00,2026-07-02 23:00:00+00:00,2,0.762645,0.79,True,0.2099999999999999,2026-06-27/2026-07-03,0.7667538180761659,1.0108649341320263e-05,5.953857327538339e-05,0.9999303527773693,0.6917853967948884,0.5409898919458074,0.00021175086303648844,0.0002839318081147869,3,1
2026-07-03 00:15:43,2026-07-03 00:00,KXBTCD-26JUL0221-T61499.99,2026-07-03T01:00:00Z,61326.39,61499.99,0.2831,0.2,real,0.180674,1.3072,0.00034169,0.00036935,0.00050601,0.7299,0.01,0.00047909,1.0,-1.0,0.0,1.0,0.0,-0.0089,2.0,0.0,0.5477,-1.0,6.3e-05,0.0,,0.0,0.0,0.0,0.0,0.0,,False,False,0.0,0.0,29.24,,45.47,False,0.0,bullish,0.0,0.0,0.08015,0.057766,trade,no,False,False,129.0,44.06,,0.400751,0.040075,100.19,2500.0,5.0,0.0,0.7278,0.6863,-0.0922,-0.0346,0.0281,0.9781,0.2207,-0.2073,-0.1624,-0.2065,0.7793,-1.0,0.4722,False,bullish,bullish,False,False,7.248,2.136,False,False,,False,,,31.34,0.068,,0.0,-1.0,-1.0,62.67,0.0207,,,,,,,,,,,,,,,,,,,-1.0,11379525.76,0.0,0.008144,-0.00182,0.00145,,,,,,,,,,,,,,,,,,,,,,,,,,,,,,,,,,,,,,,,,,,0.0,True,25.05,61318.1,-0.0135,-0.2958,0.0,win,,,,,2026-07-03 00:15:43+00:00,2026-07-03 00:00:00+00:00,1,0.819326,0.8,True,0.1999999999999999,2026-06-27/2026-07-03,0.7458979519942428,9.535989030880542e-06,4.6686985928053005e-05,0.9999437770250491,0.5745849450998296,0.32315752376207074,-0.0011913184698846405,-0.001220332611474252,3,1
2026-07-03 00:48:05,2026-07-03 00:00,KXBTCD-26JUL0221-T61399.99,2026-07-03T01:00:00Z,61323.24,61399.99,0.1252,0.21,real,0.201638,0.9853,0.00041855,0.00044512,0.0004533,0.982,0.01,0.00048815,1.0,-1.0,0.0,1.0,0.0,0.0936,2.0,0.0,0.5216,-1.0,6.3e-05,0.0,,0.0,0.0,0.0,0.0,0.0,,False,False,0.0,0.0,42.06,,20.68,True,0.0,bullish,0.0,0.0,0.035224,0.010128,trade,no,False,False,125.0,11.71,,0.167733,0.013755,34.38,2500.0,4.0,0.0,0.6483,0.6405,0.0047,0.0499,0.1184,0.7068,0.2857,-0.326,-0.2811,-0.3252,0.3703,1.0,0.6407,False,bullish,bullish,False,False,7.253,2.131,False,False,,False,,,31.06,0.1392,,0.0,-1.0,-0.9859,62.64,0.062,,,,,,,,,,,,,,,,,,,0.0885,1200975.08,0.0,0.003241,-0.00527,0.01104,,,,,,,,,,,,,,,,,,,,,,,,,,,,,,,,,,,,,,,,,,,0.0,True,9.14,61318.1,-0.0084,-0.1334,0.0,win,,,,,2026-07-03 00:48:05+00:00,2026-07-03 00:00:00+00:00,1,0.798362,0.79,True,0.2099999999999999,2026-06-27/2026-07-03,0.7458979519942428,9.535989030880542e-06,4.6686985928053005e-05,0.9999437770250491,0.5745849450998296,0.32315752376207074,-0.0011913184698846405,-0.001220332611474252,3,1
2026-07-03 02:13:30,2026-07-03 02:00,KXBTCD-26JUL0223-T61599.99,2026-07-03T03:00:00Z,61451.68,61599.99,0.2413,0.22,real,0.262557,1.0406,0.00048503,0.00047665,0.00045876,1.039,0.01,0.00050061,1.0,-1.0,0.0,1.0,0.0,-0.093,2.0,0.0,0.5155,-1.0,6.3e-05,0.0,,0.0,0.0,0.0,0.0,0.0,0.174,False,False,0.0,0.0,58.38,,74.02,True,0.0,bullish,0.0,0.0,0.03742,0.011972,trade,no,False,False,131.0,46.3,,0.170089,0.017009,42.52,2500.0,5.0,0.0,0.7278,0.6863,-0.2678,-0.0869,-0.0576,1.0,0.102,-0.1032,0.3556,-0.0324,0.6753,-1.0,0.3781,False,bullish,bullish,False,False,7.029,2.336,False,False,,False,,,29.61,0.0219,,2.0,-1.0,-1.0,63.4,-0.052,,,,,,,,,,,,,,,,,,,-1.0,10782184.52,0.0,0.012197,-0.00169,0.00161,,,,,,,,,,,,,,,,,,,,,,,,,,,,,,,,,,,,,,,,,,,0.0,True,11.99,61443.41,-0.0135,-0.2542,0.0,win,,,,,2026-07-03 02:13:30+00:00,2026-07-03 02:00:00+00:00,1,0.7374430000000001,0.78,True,0.2199999999999999,2026-06-27/2026-07-03,0.7517682631113249,0.0004667472245867993,6.258351981624843e-05,0.9994706692556004,0.6415511400494949,0.45866282909471207,-0.00043002413956386154,-0.0017556366854611025,3,1
2026-07-03 05:07:56,2026-07-03 05:00,KXBTCD-26JUL0302-T61599.99,2026-07-03T06:00:00Z,61459.42,61599.99,0.2287,0.22,real,0.23826,1.0589,0.00041609,0.00035386,0.00041091,0.8612,0.01,0.00044066,-1.0,0.0,1.0,1.0,1.0,0.1233,2.0,0.0,0.3836,-1.0,0.0001,0.0,,0.0,0.0,0.0,-1.0,-1.0,0.1761,False,False,-1.0,0.0,65.44,85.02,48.86,False,0.0,bullish,0.0,0.0,0.047218,0.022213,trade,no,False,False,115.0,51.84,,0.214629,0.021463,53.66,2500.0,4.0,0.0,0.6483,0.6399,0.0288,0.064,0.0577,0.9282,0.8011,0.1396,0.1554,0.1416,0.2919,-1.0,0.4362,False,bullish,bullish,False,False,7.015,2.348,False,False,,True,0.5596,0.0,27.89,0.0841,,5.0,1.0,0.7297,63.79,-0.048,46667.38,998336.65,1.000892,-64383602.88,0.79452,4.6745,3298198.16,0.9277,-0.0072,0.0,0.1347,1.4484,61000.0,-0.7475,0.7141,-3.6e-05,Bull,Consolidation,-1.0,11731746.57,0.0,0.011337,-0.00195,0.00168,0.0,0.0178,0.1503,16.0,-0.352,261.0,0.000337,,,,,,,,,,,,,,0.001044,0.6816,3.0,1.047395,mid,-3.978231,4.140809,0.8087,0.060796,0.051267,0.000531,0.000372,0.0,1.0,0.0,1.0,3.0,1.0,0.0,4.0,1.0,,1.0,False,-53.66,61688.74,0.3731,0.1441,0.1441,marginal,,,,,2026-07-03 05:07:56+00:00,2026-07-03 05:00:00+00:00,2,0.76174,0.78,False,-0.78,2026-06-27/2026-07-03,0.7016430280237265,0.11151017372729982,0.00025935231184726824,0.8882304739608579,0.568952345828612,0.7029652832725268,0.0014098292145112944,0.0011358739980963295,3,1
2026-07-05 07:57:28,2026-07-05 07:00,KXBTCD-26JUL0504-T62999.99,2026-07-05T08:00:00Z,62966.13,62999.99,0.0538,0.24,real,0.128645,1.1105,0.00025872,0.00021157,0.00050097,0.4223,0.01,0.00041921,1.0,-1.0,0.0,1.0,0.0,0.0085,2.0,0.0,0.4477,0.0,3.953e-05,0.0,,0.0,0.0,0.0,0.0,0.0,0.049,False,False,-1.0,-1.0,100.0,79.56,76.08,False,0.0,neutral,0.0,0.0,0.108197,0.085187,trade,no,False,False,100.0,2.31,,0.45082,0.045082,112.7,2500.0,0.0,-6.0,0.3571,0.4712,0.3345,0.1522,0.0491,0.9956,1.0,0.3481,0.396,0.2768,0.8988,1.0,0.3933,False,bullish,bullish,False,False,4.455,4.685,False,False,,True,0.6644,0.0,36.05,0.1866,,7.0,1.0,1.0,59.63,-0.0365,34516.36,-272901136.54,0.778991,-48937795.34,0.705988,25.5429,2952649.73,0.9135,0.0539,1.0,0.0464,0.1205,62000.0,-1.5344,2.4188,-3.49e-05,Bull,Consolidation,-0.1197,59112.4,0.0,0.013709,-0.00167,0.00193,0.0,0.0206,0.1513,19.0,-0.2035,327.3,4e-06,,,,,,,,,,,,,,-0.000324,0.7971,3.0,0.878562,quiet,-19.454481,1.634094,0.3806,-0.173275,-0.24239,0.001653,0.000407,0.0,1.0,5.0,1.0,3.0,1.0,0.0,3.0,1.0,,0.0,True,35.59,63042.82,0.1218,0.068,0.0,win,0.5011,,,,2026-07-05 07:57:28+00:00,2026-07-05 07:00:00+00:00,2,0.871355,0.76,True,0.24,2026-07-04/2026-07-10,0.6047160734090767,0.9999998190855756,1.807690123113112e-07,1.454145078103375e-10,0.7603829750694096,0.8141758896558801,-0.001222375029172946,-0.0008392443939249282,5,0
2026-07-05 13:03:52,2026-07-05 13:00,KXBTCD-26JUL0510-T62699.99,2026-07-05T14:00:00Z,62655.16,62699.99,0.0715,0.39,real,0.19689,0.3239,0.00025065,0.00027215,0.00034243,0.7947,0.01,0.00038851,-1.0,-1.0,0.0,1.0,0.0,-0.0451,2.0,-1.0,0.8371,-1.0,5.122e-05,0.0,,0.0,0.0,0.0,1.0,1.0,-0.3272,False,False,0.0,0.0,73.14,60.69,72.52,False,0.0,neutral,0.0,0.0,0.081538,0.051606,trade,no,False,False,100.0,55.92,,0.209071,0.020907,52.27,2500.0,-2.0,0.0,0.3381,0.3497,0.0539,-0.0317,-0.0422,1.0,0.0,-0.0422,0.0526,-0.0422,1.0,1.0,0.6026,False,bullish,bearish,True,False,4.973,4.212,False,False,,False,0.388,0.0,25.47,0.0007,,13.0,1.0,1.0,59.34,0.0057,-36620.21,-240088902.03,0.800088,-484728742.87,0.693378,11.8551,2390362.06,0.9196,0.0097,1.0,1.324,7.3098,61500.0,-1.8437,2.1836,-3.51e-05,Bull,Consolidation,-1.0,6967460.94,0.0,0.009502,-0.00163,0.00193,0.0,0.0138,0.1489,19.0,-1.2865,164.4,0.000986,,,,,,,,,,,,,,-0.00046,0.6708,3.0,0.857091,quiet,4.492053,1.559432,0.5481,-0.208113,-0.178969,-0.000164,-0.000265,0.0,1.0,2.0,1.0,3.0,1.0,0.0,4.0,1.0,,1.0,False,-52.27,62798.95,0.2295,0.1578,0.1578,marginal,0.5142,,,,2026-07-05 13:03:52+00:00,2026-07-05 13:00:00+00:00,2,0.80311,0.61,False,-0.61,2026-07-04/2026-07-10,0.6047160734090767,0.9999998190855756,1.807690123113112e-07,1.454145078103375e-10,0.7603829750694096,0.8141758896558801,-0.001222375029172946,-0.0008392443939249282,5,0
2026-07-05 13:28:57,2026-07-05 13:00,KXBTCD-26JUL0510-T62599.99,2026-07-05T14:00:00Z,62643.46,62599.99,-0.0694,0.68,real,0.500899,-0.393,0.00027982,0.00033649,0.0002673,1.2588,0.01,0.00037874,-1.0,0.0,1.0,2.0,0.0,-0.0975,2.0,-1.0,0.8779,-1.0,5.143e-05,0.0,,0.0,-1.0,1.0,2.0,2.0,-0.4078,False,False,0.0,-1.0,36.31,57.75,67.95,True,-1.0,neutral,0.0,0.0,0.076384,0.044635,trade,no,False,False,100.0,30.83,,0.112329,0.008425,21.06,2500.0,-2.0,0.0,0.3381,0.3497,-0.1301,-0.1232,-0.1269,0.2379,0.0,-0.1301,-0.0354,-0.1301,0.2293,1.0,0.8703,False,bullish,bearish,True,False,4.993,4.194,False,False,,False,0.3264,0.0,25.76,0.1469,0.02,13.0,0.0,0.0,59.4,0.012,-57672.84,-240088902.03,0.800088,-484728742.87,0.693378,11.8551,2390362.06,0.9205,0.0098,1.0,0.0911,6.6466,61500.0,-1.8253,2.1725,-3.51e-05,Bull,Consolidation,-1.0,10132659.99,0.0,0.004586,-0.00198,0.00158,0.0,0.0197,0.151,19.0,-1.2826,171.8,0.000553,,,,,,,,,,,,,,-0.000504,0.6545,3.0,0.860593,quiet,13.362661,1.549432,0.5698,-0.211809,-0.179971,-0.000569,-0.000389,0.0,1.0,2.0,1.0,3.0,1.0,0.0,4.0,1.0,2.0,1.0,False,-21.06,62798.95,0.2482,0.3178,0.3178,clear_loss,0.5142,,,,2026-07-05 13:28:57+00:00,2026-07-05 13:00:00+00:00,2,0.499101,0.3199999999999999,False,-0.3199999999999999,2026-07-04/2026-07-10,0.6047160734090767,0.9999998190855756,1.807690123113112e-07,1.454145078103375e-10,0.7603829750694096,0.8141758896558801,-0.001222375029172946,-0.0008392443939249282,5,0
2026-07-05 14:01:39,2026-07-05 14:00,KXBTCD-26JUL0511-T62899.99,2026-07-05T15:00:00Z,62751.61,62899.99,0.2365,0.18,real,0.054514,1.1044,0.00029611,0.00035415,0.00033851,1.0462,0.01,0.0004126,-1.0,-1.0,0.0,1.0,0.0,-0.049,2.0,-1.0,0.8191,0.0,4.877e-05,0.0,,0.0,0.0,0.0,1.0,1.0,-0.1807,False,False,0.0,-1.0,90.81,65.19,84.13,False,0.0,neutral,0.0,0.0,0.078038,0.056629,trade,no,False,False,101.0,58.1,,0.433547,0.043355,108.39,2500.0,-1.0,-2.0,0.3736,0.3612,0.1618,0.0061,0.0024,0.0,1.0,0.0114,0.0928,0.1876,0.57,1.0,0.1769,False,bullish,bearish,True,False,4.812,4.359,False,False,,False,0.5078,0.0,24.27,0.0,,14.0,1.0,1.0,59.42,-0.0767,-34835.45,-240088902.03,0.800088,-484728742.87,0.693378,11.8551,2390362.06,0.9221,0.009,1.0,0.0034,0.1901,61500.0,-1.9945,2.1725,-3.5e-05,Bull,Consolidation,-1.0,10564089.13,0.0,0.005361,-0.00148,0.00175,0.0,0.0138,0.1489,18.0,-0.942,155.5,0.000747,,,,,,,,,,,,,,-0.000374,0.6577,3.0,0.852217,quiet,-16.835595,1.672196,0.5333,-0.199084,-0.182892,-0.000147,-0.000167,0.0,1.0,5.0,1.0,3.0,1.0,0.0,4.0,1.0,,0.0,True,23.79,62823.13,0.114,-0.1222,0.0,win,0.4972,,,,2026-07-05 14:01:39+00:00,2026-07-05 14:00:00+00:00,2,0.945486,0.8200000000000001,True,0.1799999999999999,2026-07-04/2026-07-10,0.6047160734090767,0.9999998190855756,1.807690123113112e-07,1.454145078103375e-10,0.7603829750694096,0.8141758896558801,-0.001222375029172946,-0.0008392443939249282,5,0
2026-07-05 14:16:51,2026-07-05 14:00,KXBTCD-26JUL0511-T62699.99,2026-07-05T15:00:00Z,62656.46,62699.99,0.0695,0.39,real,0.221627,0.3033,0.0003244,0.00043917,0.00037945,1.1574,0.01,0.00045977,-1.0,-1.0,0.0,0.0,0.0,-0.0301,2.0,-1.0,0.8205,0.0,4.933e-05,0.0,,0.0,0.0,0.0,1.0,1.0,-0.3212,False,False,0.0,0.0,48.91,61.02,69.55,True,-1.0,neutral,0.0,0.0,0.066446,0.036125,trade,no,False,False,100.0,42.93,,0.170373,0.017037,42.59,2500.0,-2.0,0.0,0.3381,0.3497,-0.155,-0.0555,-0.0556,1.0,0.0,-0.1136,-0.0323,0.0625,0.3719,-1.0,0.5974,False,bullish,bearish,True,False,4.971,4.214,False,False,,False,0.386,0.0,24.31,0.0051,-0.07,14.0,-1.0,-1.0,59.42,-0.0767,-33276.58,-240088902.03,0.800088,-484728742.87,0.693378,11.8551,2390362.06,0.9171,0.0168,1.0,0.6507,0.686,61500.0,-1.8457,2.1882,-3.51e-05,Bull,Consolidation,-1.0,7041072.23,0.0,0.009363,-0.00156,0.00202,0.0,0.0147,0.1492,19.0,-1.3022,163.4,0.000762,,,,,,,,,,,,,,-0.000433,0.6343,3.0,0.854811,quiet,10.072501,1.661468,0.5605,-0.203674,-0.183883,-0.000724,-0.000343,0.0,1.0,5.0,1.0,3.0,1.0,0.0,4.0,1.0,4.0,1.0,False,-42.59,62823.13,0.266,0.1964,0.1964,marginal,0.4972,,,,2026-07-05 14:16:51+00:00,2026-07-05 14:00:00+00:00,2,0.778373,0.61,False,-0.61,2026-07-04/2026-07-10,0.6047160734090767,0.9999998190855756,1.807690123113112e-07,1.454145078103375e-10,0.7603829750694096,0.8141758896558801,-0.001222375029172946,-0.0008392443939249282,5,0
2026-07-05 18:08:10,2026-07-05 18:00,KXBTCD-26JUL0515-T62699.99,2026-07-05T19:00:00Z,62634.59,62699.99,0.1044,0.26,real,0.107333,0.5965,0.00028704,0.00030494,0.00022591,1.3498,0.01,0.0003583,-1.0,0.0,1.0,1.0,0.0,0.0119,2.0,0.0,0.5094,-1.0,6.43e-05,0.0,,0.0,0.0,0.0,0.0,0.0,-0.0643,False,False,0.0,1.0,28.24,52.82,18.44,True,0.0,neutral,0.0,0.0,0.051401,0.024845,trade,no,False,False,99.0,51.56,,0.197695,0.019769,49.42,2500.0,-2.0,0.0,0.3381,0.3497,-0.0312,0.0739,0.072,0.1653,0.1653,0.0019,0.0045,-0.172,0.3975,1.0,0.515,False,bullish,bearish,True,False,5.008,4.18,False,False,,True,0.4149,0.0,19.99,0.0001,,18.0,-1.0,-1.0,59.36,0.0377,-418150.44,-23831543.35,0.972053,-155040941.08,0.909892,0.1686,749496.87,0.9135,0.0231,0.0,0.0097,0.1876,61500.0,-1.8114,2.1452,-3.51e-05,Bull,Consolidation,-0.7992,7039867.08,0.0,0.007236,-0.00176,0.00148,0.0,0.014,0.149,19.0,-0.3457,329.8,0.000126,,,,,,,,,,,,,,-0.00042,0.6099,3.0,0.837592,quiet,24.815204,1.815823,0.4989,-0.147954,-0.176653,0.00038,-1.1e-05,0.0,1.0,0.0,1.0,3.0,1.0,0.0,4.0,1.0,,1.0,False,-49.42,62827.24,0.3076,0.203,0.203,marginal,0.548,,,,2026-07-05 18:08:10+00:00,2026-07-05 18:00:00+00:00,2,0.892667,0.74,False,-0.74,2026-07-04/2026-07-10,0.6047160734090767,0.9999998190855756,1.807690123113112e-07,1.454145078103375e-10,0.7603829750694096,0.8141758896558801,-0.001222375029172946,-0.0008392443939249282,5,0
2026-07-05 18:17:45,2026-07-05 18:00,KXBTCD-26JUL0515-T62599.99,2026-07-05T19:00:00Z,62639.22,62599.99,-0.0626,0.64,real,0.422352,-0.3831,0.00031791,0.00032386,0.00026963,1.2011,0.02,0.00037105,-1.0,-1.0,0.0,1.0,0.0,0.0873,2.0,0.0,0.5903,-1.0,6.421e-05,0.0,,0.0,0.0,0.0,0.0,0.0,-0.0444,False,False,0.0,0.0,31.45,56.1,22.15,True,0.0,neutral,0.0,0.0,0.064625,0.032522,trade,no,False,False,100.0,42.01,,0.100976,0.010098,25.24,2500.0,-2.0,0.0,0.3381,0.3497,0.0795,0.0191,0.0247,0.0,1.0,0.093,0.0956,-0.0811,0.2346,1.0,0.7404,False,bullish,bearish,True,False,5.0,4.187,False,False,,True,0.4329,0.0,19.99,0.0021,,18.0,-1.0,-1.0,59.36,0.0377,-417881.9,-23831543.35,0.972053,-155040941.08,0.909892,0.1686,749496.87,0.9132,0.023,0.0,0.0101,0.1875,61500.0,-1.8187,2.1502,-3.51e-05,Bull,Consolidation,-1.0,10018795.29,0.0,0.004957,-0.00156,0.00168,0.0,0.0137,0.1488,19.0,-0.4941,294.2,0.000163,,,,,,,,,,,,,,-0.000383,0.6271,3.0,0.838965,quiet,-11.290225,1.813569,0.5222,-0.147285,-0.177108,0.000808,0.000109,0.0,1.0,0.0,1.0,3.0,1.0,0.0,1.0,1.0,,1.0,False,-25.24,62827.24,0.3002,0.363,0.363,clear_loss,0.548,,,,2026-07-05 18:17:45+00:00,2026-07-05 18:00:00+00:00,2,0.5776479999999999,0.36,False,-0.36,2026-07-04/2026-07-10,0.6047160734090767,0.9999998190855756,1.807690123113112e-07,1.454145078103375e-10,0.7603829750694096,0.8141758896558801,-0.001222375029172946,-0.0008392443939249282,5,0
2026-07-05 21:01:45,2026-07-05 21:00,KXBTCD-26JUL0518-T62699.99,2026-07-05T22:00:00Z,62632.2,62699.99,0.1082,0.39,real,0.122164,0.4842,0.00021925,0.0002326,0.00050834,0.4576,0.01,0.00043122,-1.0,-1.0,0.0,1.0,0.0,0.017,2.0,1.0,0.9208,-1.0,6.86e-05,-1.0,,0.0,0.0,0.0,0.0,0.0,-0.0791,False,False,1.0,0.0,30.16,50.16,43.35,False,0.0,neutral,0.0,0.0,0.151424,0.123708,trade,no,False,False,101.0,58.04,,0.388266,0.038827,97.07,2500.0,-2.0,0.0,0.3381,0.3497,-0.0507,-0.1169,-0.0972,0.0,0.0,-0.085,-0.1539,-0.2226,0.0508,-1.0,0.557,False,bullish,bearish,True,False,5.012,4.177,False,False,,True,0.3931,0.0,18.54,0.0007,,21.0,0.0,0.5,59.35,-0.0064,42100.86,-10481287.4,0.984411,-209883627.33,0.841748,0.0616,1472405.55,0.9093,0.0237,1.0,4.2288,0.1569,61500.0,-1.8077,2.1603,-3.51e-05,Bull,Consolidation,-1.0,11493350.66,0.0,0.014754,-0.00183,0.00174,0.0,0.0139,0.1489,19.0,-0.7228,97.8,0.000696,,,,,,,,,,,,,,-1e-05,0.4841,2.0,0.825917,quiet,19.625862,1.563825,0.5991,-0.185181,-0.178933,-0.000416,6e-05,0.0,1.0,2.0,1.0,3.0,1.0,0.0,4.0,1.0,,1.0,False,-97.07,63053.95,0.6734,0.5645,0.5645,clear_loss,0.5148,,,,2026-07-05 21:01:45+00:00,2026-07-05 21:00:00+00:00,5,0.8778360000000001,0.61,False,-0.61,2026-07-04/2026-07-10,0.6047160734090767,0.9999998190855756,1.807690123113112e-07,1.454145078103375e-10,0.7603829750694096,0.8141758896558801,-0.001222375029172946,-0.0008392443939249282,5,0
2026-07-05 21:09:59,2026-07-05 21:00,KXBTCD-26JUL0518-T62499.99,2026-07-05T22:00:00Z,62581.6,62499.99,-0.1304,0.76,real,0.506301,-0.6404,0.00021513,0.00023586,0.00026183,0.9008,0.01,0.00034375,-1.0,-1.0,0.0,1.0,0.0,-0.0585,2.0,1.0,0.8945,-1.0,6.844e-05,-1.0,,0.0,0.0,0.0,1.0,1.0,-0.1669,False,False,1.0,0.0,24.2,46.37,41.36,False,-1.0,neutral,0.0,0.0,0.092789,0.062247,trade,no,False,False,100.0,49.79,,0.122091,0.012209,30.52,2500.0,-2.0,0.0,0.3381,0.3497,-0.1665,-0.1635,-0.0667,0.6424,0.4226,-0.1779,-0.2467,-0.3154,0.0508,-1.0,0.7841,False,bullish,bearish,True,False,5.096,4.099,False,False,,True,0.3177,0.0,18.21,0.4061,,21.0,-1.0,-1.0,59.38,-0.0286,15498.88,-10481287.4,0.984411,-209883627.33,0.841748,0.0616,1472405.55,0.905,0.0198,1.0,23.7617,0.1514,61500.0,-1.7283,2.1603,-3.51e-05,Bull,Consolidation,-1.0,10919032.74,0.0,0.005057,-0.00145,0.00189,0.0,0.0191,0.1507,19.0,-0.9446,100.5,0.000794,,,,,,,,,,,,,,-5.9e-05,0.4679,2.0,0.829459,quiet,23.673635,1.578448,0.6046,-0.180059,-0.175633,-0.000871,-4.7e-05,0.0,1.0,2.0,1.0,3.0,1.0,0.0,4.0,1.0,,1.0,False,-30.52,63053.95,0.7548,0.8863,0.8863,clear_loss,0.5148,,,,2026-07-05 21:09:59+00:00,2026-07-05 21:00:00+00:00,5,0.493699,0.24,False,-0.24,2026-07-04/2026-07-10,0.6047160734090767,0.9999998190855756,1.807690123113112e-07,1.454145078103375e-10,0.7603829750694096,0.8141758896558801,-0.001222375029172946,-0.0008392443939249282,5,0
2026-07-05 21:16:57,2026-07-05 21:00,KXBTCD-26JUL0518-T62799.99,2026-07-05T22:00:00Z,62673.14,62799.99,0.2024,0.2,real,0.054334,1.0196,0.00026972,0.00028599,0.000367,0.7793,0.01,0.00039861,-1.0,-1.0,0.0,1.0,0.0,0.0396,2.0,1.0,0.8997,-1.0,6.996e-05,-1.0,,0.0,0.0,0.0,0.0,0.0,-0.0057,False,False,0.0,0.0,56.78,52.94,57.14,False,0.0,neutral,0.0,0.0,0.087713,0.065735,trade,no,False,False,100.0,42.85,,0.438564,0.043856,109.64,2500.0,-2.0,0.0,0.3381,0.3497,-0.0168,0.1659,0.0522,1.0,0.8738,-0.0168,-0.0857,-0.1545,0.1189,1.0,0.2993,False,bullish,bearish,True,False,4.943,4.239,False,False,,True,0.4667,0.0,18.21,0.4088,0.04,21.0,-1.0,-0.9103,59.38,-0.0289,15602.34,-10481287.4,0.984411,-209883627.33,0.841748,0.0616,1472405.55,0.905,0.0198,1.0,23.7617,0.1514,61500.0,-1.8718,2.1603,-3.5e-05,Bull,Consolidation,-1.0,6958470.64,0.0,0.009246,-0.00176,0.00187,0.0,0.0131,0.1486,19.0,-0.5325,95.9,0.000402,,,,,,,,,,,,,,2.6e-05,0.4969,3.0,0.830094,quiet,10.524094,1.553315,0.6094,-0.188297,-0.181087,-8.2e-05,0.000138,0.0,1.0,2.0,1.0,3.0,1.0,0.0,3.0,1.0,2.0,1.0,False,-109.64,63053.95,0.6076,0.4044,0.4044,clear_loss,0.5148,,,,2026-07-05 21:16:57+00:00,2026-07-05 21:00:00+00:00,5,0.945666,0.8,False,-0.8,2026-07-04/2026-07-10,0.6047160734090767,0.9999998190855756,1.807690123113112e-07,1.454145078103375e-10,0.7603829750694096,0.8141758896558801,-0.001222375029172946,-0.0008392443939249282,5,0
2026-07-05 22:00:40,2026-07-05 22:00,KXBTCD-26JUL0519-T63299.99,2026-07-05T23:00:00Z,63021.14,63299.99,0.4425,0.21,real,0.074525,1.1261,0.00056327,0.00055664,0.00071215,0.7816,0.01,0.0006071,-1.0,0.0,1.0,2.0,1.0,0.1363,2.0,0.0,0.7156,-1.0,6.884e-05,1.0,,0.0,1.0,-1.0,-2.0,-2.0,0.4299,False,False,-1.0,0.0,75.13,74.01,85.96,True,1.0,neutral,0.0,0.0,0.100974,0.079174,trade,no,False,False,107.0,59.1,,0.480828,0.048083,120.21,2500.0,0.0,-2.0,0.3813,0.4122,0.0849,0.1193,-0.1204,0.3896,0.2855,-0.1888,0.4992,0.43,0.2977,1.0,0.0167,False,bullish,bullish,False,False,4.364,4.768,False,False,,True,0.7811,0.0,21.53,0.0168,,22.0,1.0,1.0,59.31,-0.0044,290355.22,-10481287.4,0.984411,-209883627.33,0.841748,0.0616,1472405.55,0.9114,0.0134,1.0,0.0355,0.0512,61500.0,-2.4137,2.163,-3.48e-05,Bull,Consolidation,-1.0,20143096.67,0.0,0.009796,-0.00192,0.00166,0.0,0.0196,0.1509,19.0,1.201,67.0,-0.001473,,,,,,,,,,,,,,0.000542,0.571,3.0,0.835105,quiet,2.097537,1.385807,0.5901,-0.245381,-0.22625,-0.001956,-0.001401,0.0,1.0,0.0,1.0,3.0,1.0,0.0,4.0,1.0,,1.0,False,-120.21,63735.33,1.1333,0.6877,0.6877,clear_loss,0.4323,,,,2026-07-05 22:00:40+00:00,2026-07-05 22:00:00+00:00,5,0.925475,0.79,False,-0.79,2026-07-04/2026-07-10,0.6047160734090767,0.9999998190855756,1.807690123113112e-07,1.454145078103375e-10,0.7603829750694096,0.8141758896558801,-0.001222375029172946,-0.0008392443939249282,5,0
2026-07-05 22:06:44,2026-07-05 22:00,KXBTCD-26JUL0519-T63199.99,2026-07-05T23:00:00Z,63007.45,63199.99,0.3056,0.24,real,0.191961,0.8557,0.00060953,0.00059975,0.00059336,1.0108,0.01,0.00058303,-1.0,0.0,1.0,3.0,1.0,0.1187,2.0,0.0,0.7066,-1.0,6.747e-05,1.0,,0.0,1.0,-1.0,-2.0,-2.0,0.4801,False,False,-1.0,-1.0,80.06,76.14,87.6,True,1.0,neutral,0.0,0.0,0.045299,0.019324,trade,no,False,False,107.0,53.01,,0.188746,0.018875,47.19,2500.0,1.0,-6.0,0.4792,0.4956,0.2345,-0.2052,0.1205,0.4527,0.9999,-0.1369,0.5514,0.4821,0.2977,1.0,0.0151,False,bullish,bullish,False,False,4.386,4.747,False,False,,True,0.8112,0.0,21.53,0.0909,,22.0,-1.0,-1.0,59.31,-0.1599,281576.03,-10481287.4,0.984411,-209883627.33,0.841748,0.0616,1472405.55,0.9046,0.0219,1.0,0.0198,0.0325,61500.0,-2.3925,2.163,-3.48e-05,Bull,Consolidation,-1.0,20083625.21,0.0,0.009857,-0.00174,0.00168,0.0,0.0174,0.1502,19.0,1.0934,70.6,-0.001201,,,,,,,,,,,,,,0.001448,0.5787,3.0,0.836098,quiet,-1.430649,1.438593,0.6032,-0.226451,-0.218047,-0.001715,-0.00133,0.0,1.0,0.0,1.0,3.0,1.0,0.0,3.0,1.0,,1.0,False,-47.19,63735.33,1.1552,0.8471,0.8471,clear_loss,0.4323,,,,2026-07-05 22:06:44+00:00,2026-07-05 22:00:00+00:00,5,0.808039,0.76,False,-0.76,2026-07-04/2026-07-10,0.6047160734090767,0.9999998190855756,1.807690123113112e-07,1.454145078103375e-10,0.7603829750694096,0.8141758896558801,-0.001222375029172946,-0.0008392443939249282,5,0
2026-07-06 07:44:05,2026-07-06 07:00,KXBTCD-26JUL0604-T63099.99,2026-07-06T08:00:00Z,63020.4,63099.99,0.1263,0.25,real,0.141684,0.9893,0.00031448,0.00026514,0.00047245,0.5612,0.01,0.00042383,1.0,0.0,1.0,1.0,1.0,0.132,2.0,0.0,0.4692,-1.0,7.619e-05,0.0,,0.0,0.0,0.0,1.0,1.0,-0.6938,False,False,0.0,0.0,40.32,42.88,25.09,True,0.0,neutral,0.0,0.0,0.095446,0.0713,trade,no,False,False,103.0,15.69,,0.381786,0.038179,95.45,2500.0,-2.0,1.0,0.3793,0.4461,0.2114,0.2061,0.1373,1.0,1.0,0.0862,-0.1179,-0.3243,0.5577,1.0,0.2365,False,bullish,bullish,False,False,4.365,0.375,False,False,,False,0.3726,0.0,23.36,0.4208,,7.0,-1.0,-1.0,59.82,0.0095,-50403.21,38468823.05,1.022313,661808071.72,0.800578,2.5387,3289736.46,0.9202,0.049,1.0,8.8771,4.903,62000.0,-1.6192,2.2613,-3.48e-05,Bull,Consolidation,-0.6254,6171708.35,0.0,0.005514,-0.00134,0.0019,0.0,0.0169,0.15,19.0,-0.0313,449.5,4e-06,,,,,,,,,,,,,,-0.001534,0.5836,3.0,0.845549,quiet,22.514151,2.745703,0.4071,0.183736,0.008891,0.001206,0.000442,3.0,0.9932,0.0,0.9967,4.0,0.9961,0.0,4.0,1.0,,0.0,True,31.82,63142.94,0.1944,0.0681,0.0,win,0.5433,neutral,,,2026-07-06 07:44:05+00:00,2026-07-06 07:00:00+00:00,2,0.858316,0.75,True,0.25,2026-07-04/2026-07-10,0.6047160734090767,0.9999998190855756,1.807690123113112e-07,1.454145078103375e-10,0.7603829750694096,0.8141758896558801,-0.001222375029172946,-0.0008392443939249282,5,0
2026-07-07 05:17:38,2026-07-07 05:00,KXBTCD-26JUL0702-T62999.99,2026-07-07T06:00:00Z,62823.38,62999.99,0.2811,0.2,real,0.15726,1.0058,0.00035736,0.00034334,0.00051382,0.6682,0.01,0.00046733,0.0,1.0,2.0,1.0,0.0,-0.0083,2.0,0.0,0.6174,-1.0,6.967e-05,0.0,,0.0,-1.0,1.0,2.0,2.0,-1.3431,False,False,1.0,1.0,0.0,45.17,1.21,False,-1.0,bearish,0.0,0.0,0.041952,0.017637,trade,no,False,False,103.0,42.14,,0.209758,0.020976,52.44,2500.0,-3.0,10.0,0.4627,0.5082,-0.5087,-0.3802,-0.2718,0.0,0.0,-0.4431,-0.5502,-0.7666,0.9635,-1.0,0.3488,False,bullish,bullish,True,False,1.934,0.515,False,False,,False,-0.003,-1.0,18.68,0.0937,,5.0,-1.0,-1.0,58.27,-0.6009,21098.26,-405191772.62,0.836043,39779729.91,0.926956,22.0135,5889901.8,0.9343,-0.0172,1.0,75.34,55.357,62500.0,-0.5147,2.5696,-3.49e-05,Bull,Consolidation,-1.0,10700279.34,0.0,0.001063,-0.00082,0.00237,0.0,0.0872,0.1747,17.0,-0.4894,274.2,0.000557,,,,,,,,,,,,,,-0.003239,0.4996,3.0,0.909811,quiet,32.985609,1.627648,0.6466,0.193805,0.18666,-6.9e-05,-0.000965,0.0,0.9998,0.0,0.4329,5.0,0.9972,0.0,1.0,1.0,,1.0,False,-52.44,63133.81,0.4941,0.2124,0.2124,marginal,0.5465,neutral,,,2026-07-07 05:17:38+00:00,2026-07-07 05:00:00+00:00,1,0.84274,0.8,False,-0.8,2026-07-04/2026-07-10,0.6047160734090767,0.9999998190855756,1.807690123113112e-07,1.454145078103375e-10,0.7603829750694096,0.8141758896558801,-0.001222375029172946,-0.0008392443939249282,5,0
2026-07-07 06:14:34,2026-07-07 06:00,KXBTCD-26JUL0703-T63099.99,2026-07-07T07:00:00Z,62959.58,63099.99,0.223,0.23,real,0.170298,0.9697,0.00046603,0.00035541,0.0004485,0.7924,0.01,0.00044963,0.0,0.0,1.0,1.0,0.0,0.027,2.0,0.0,0.6974,-1.0,6.367e-05,0.0,,0.0,-1.0,1.0,2.0,2.0,-0.9632,False,False,1.0,0.0,27.81,51.68,33.69,False,-1.0,bearish,0.0,0.0,0.062505,0.037745,trade,no,False,False,105.0,45.19,,0.271763,0.027176,67.94,2500.0,-2.0,5.0,0.4878,0.5134,-0.2054,-0.1173,-0.0135,0.253,0.1126,-0.1471,-0.1005,-0.2079,0.2565,-1.0,0.376,False,bullish,bullish,True,False,1.713,0.73,False,False,,False,0.1925,0.0,18.32,0.08,-0.13,6.0,-1.0,-1.0,59.99,-0.1021,14386.23,-405191772.62,0.836043,39779729.91,0.926956,22.0135,5889901.8,0.925,0.0,1.0,3.3745,13.2238,62500.0,-0.73,2.5786,-3.48e-05,Bull,Consolidation,-1.0,10068927.35,0.0,0.000924,-0.00176,0.00171,0.0,0.0997,0.1791,19.0,-0.4433,265.1,0.000553,,,,,,,,,,,,,,-0.002497,0.5202,3.0,0.90868,quiet,31.271228,1.658055,0.5908,0.194836,0.188431,0.000536,-0.000854,0.0,0.9998,0.0,0.9981,5.0,0.9988,0.0,1.0,1.0,1.0,1.0,False,-67.94,63346.87,0.6151,0.3913,0.3913,clear_loss,0.5165,neutral,,,2026-07-07 06:14:34+00:00,2026-07-07 06:00:00+00:00,2,0.8297019999999999,0.77,False,-0.77,2026-07-04/2026-07-10,0.6047160734090767,0.9999998190855756,1.807690123113112e-07,1.454145078103375e-10,0.7603829750694096,0.8141758896558801,-0.001222375029172946,-0.0008392443939249282,5,0
2026-07-07 10:07:43,2026-07-07 10:00,KXBTCD-26JUL0707-T63499.99,2026-07-07T11:00:00Z,63324.79,63499.99,0.2767,0.18,real,0.077769,1.4047,0.00040705,0.00035214,0.00041839,0.8417,0.01,0.00040092,1.0,0.0,1.0,1.0,1.0,0.1099,2.0,1.0,0.9047,0.0,2.854e-05,0.0,,0.0,0.0,0.0,0.0,0.0,-0.0799,False,False,-1.0,-1.0,87.05,63.46,69.78,False,0.0,neutral,0.0,0.0,0.100715,0.080605,trade,no,False,False,109.0,52.04,,0.559529,0.05,125.0,2500.0,-1.0,-3.0,0.3636,0.4883,0.3807,0.2323,-0.0136,0.8419,0.9347,0.3047,0.4956,0.5813,0.4664,-1.0,0.0911,False,bullish,bullish,True,False,1.126,1.302,False,False,,False,0.5641,0.0,14.59,0.0755,,10.0,1.0,0.9991,61.46,-0.0712,155015.4,12794045.48,1.00637,58406689.1,0.933686,1.5675,4547699.89,0.9067,0.0101,1.0,0.1211,0.5112,,,,-3.45e-05,Bull,Consolidation,-1.0,10382042.12,0.0,0.001231,-0.0017,0.00141,0.0,0.0249,0.1528,18.0,-0.185,233.8,0.000289,,,,,,,,,,,,,,-0.001252,0.56,3.0,0.90405,quiet,-28.93935,1.654036,0.7461,0.174477,0.181506,0.001084,0.000244,0.0,0.9998,4.0,1.0,5.0,0.9989,0.0,4.0,1.0,,0.0,True,27.44,63188.81,-0.2147,-0.49,0.0,win,0.5014,neutral,,,2026-07-07 10:07:43+00:00,2026-07-07 10:00:00+00:00,2,0.922231,0.8200000000000001,True,0.1799999999999999,2026-07-04/2026-07-10,0.6047160734090767,0.9999998190855756,1.807690123113112e-07,1.454145078103375e-10,0.7603829750694096,0.8141758896558801,-0.001222375029172946,-0.0008392443939249282,5,0
2026-07-07 10:34:51,2026-07-07 10:00,KXBTCD-26JUL0707-T63299.99,2026-07-07T11:00:00Z,63202.21,63299.99,0.1547,0.21,real,0.158577,0.9788,0.00045163,0.00032202,0.00038403,0.8385,0.02,0.00041631,1.0,-1.0,0.0,0.0,0.0,0.0386,2.0,-1.0,0.9569,0.0,2.312e-05,0.0,,0.0,0.0,0.0,0.0,0.0,-0.276,False,False,0.0,0.0,59.19,58.47,71.17,False,0.0,neutral,0.0,0.0,0.047925,0.023419,trade,no,False,False,105.0,24.92,,0.228215,0.022821,57.05,2500.0,-1.0,0.0,0.4559,0.4767,-0.2418,-0.1972,-0.1107,0.1816,0.1694,0.0423,0.2327,0.3181,0.3375,-1.0,0.2183,False,bullish,bullish,True,False,1.323,1.111,False,False,,False,0.4615,0.0,14.59,0.2088,-0.34,10.0,-1.0,-1.0,61.68,0.0338,156036.85,12794045.48,1.00637,58406689.1,0.933686,1.5675,4547699.89,0.9023,0.0134,1.0,0.1531,0.4156,,,,-3.46e-05,Bull,Consolidation,-0.1877,5028442.39,0.0,0.007309,-0.00161,0.0015,0.0,0.0161,0.1497,19.0,-0.3022,235.3,0.000233,,,,,,,,,,,,,,-0.001454,0.5472,3.0,0.904758,quiet,-19.65753,1.671778,0.7766,0.170809,0.178529,0.000245,-0.000498,0.0,0.9998,4.0,0.9999,5.0,0.9989,0.0,4.0,1.0,2.0,0.0,True,15.17,63188.81,-0.0212,-0.1756,0.0,win,0.5014,neutral,,,2026-07-07 10:34:51+00:00,2026-07-07 10:00:00+00:00,2,0.841423,0.79,True,0.2099999999999999,2026-07-04/2026-07-10,0.6047160734090767,0.9999998190855756,1.807690123113112e-07,1.454145078103375e-10,0.7603829750694096,0.8141758896558801,-0.001222375029172946,-0.0008392443939249282,5,0
2026-07-07 10:57:39,2026-07-07 10:00,KXBTCD-26JUL0707-T63199.99,2026-07-07T11:00:00Z,63189.99,63199.99,0.0158,0.52,real,0.370896,0.3232,0.00040463,0.00026509,,,0.02,0.00043993,1.0,-1.0,0.0,0.0,0.0,0.0866,2.0,-1.0,0.9463,0.0,2.442e-05,0.0,,0.0,0.0,0.0,0.0,0.0,-0.3065,False,False,0.0,0.0,54.82,57.73,64.63,False,0.0,neutral,0.0,0.0,0.14751,0.116148,trade,no,False,False,102.0,2.15,,0.283673,0.028367,70.92,2500.0,-1.0,0.0,0.4559,0.4767,-0.2158,-0.0809,-0.0497,1.0,0.0557,0.0036,0.194,0.2794,0.2951,-1.0,0.4421,False,bullish,bullish,True,False,1.342,1.092,False,False,,False,0.4455,0.0,14.59,0.2336,-0.24,10.0,-1.0,-1.0,61.61,-0.2226,155553.45,12794045.48,1.00637,58406689.1,0.933686,1.5675,4547699.89,0.9014,0.0143,1.0,0.1888,0.4529,62500.0,-1.0919,1.6319,-3.46e-05,Bull,Consolidation,0.0816,226722.02,0.0,0.004384,-0.01084,0.02073,0.0,0.0142,0.149,19.0,-0.3109,235.6,2.1e-05,,,,,,,,,,,,,,-0.001484,0.5453,3.0,0.904758,quiet,-15.965842,1.674441,0.7821,0.170184,0.178016,0.000122,-0.000607,0.0,0.9998,4.0,1.0,5.0,0.9989,0.0,3.0,1.0,2.0,1.0,False,-70.92,63188.81,-0.0019,-0.0177,0.0177,near_miss,0.5014,neutral,,,2026-07-07 10:57:39+00:00,2026-07-07 10:00:00+00:00,2,0.629104,0.48,False,-0.48,2026-07-04/2026-07-10,0.6047160734090767,0.9999998190855756,1.807690123113112e-07,1.454145078103375e-10,0.7603829750694096,0.8141758896558801,-0.001222375029172946,-0.0008392443939249282,5,0
2026-07-07 11:01:22,2026-07-07 11:00,KXBTCD-26JUL0708-T63199.99,2026-07-07T12:00:00Z,63119.32,63199.99,0.1278,0.36,real,0.294642,0.5069,0.00042937,0.00029384,0.00046615,0.6304,0.01,0.00043377,1.0,-1.0,0.0,0.0,0.0,0.0403,2.0,-1.0,0.9423,0.0,2.442e-05,0.0,,0.0,0.0,0.0,1.0,1.0,-0.3944,False,False,1.0,0.0,42.36,56.05,54.93,False,-1.0,neutral,0.0,0.0,0.057723,0.02796,trade,no,False,False,106.0,58.42,,0.160342,0.024051,60.13,2500.0,-1.0,0.0,0.4559,0.4767,-0.1082,-0.1382,-0.0885,0.8131,0.0,-0.112,-0.0848,0.1053,0.5397,-1.0,0.3385,False,bullish,bullish,True,False,1.456,0.981,False,False,,False,0.3973,0.0,13.66,0.0023,,11.0,-1.0,-1.0,61.61,-0.2226,159123.52,12794045.48,1.00637,58406689.1,0.933686,1.5675,4547699.89,0.9014,0.0143,1.0,0.1888,0.4529,62500.0,-0.9812,1.6319,-3.47e-05,Bull,Consolidation,-1.0,3549125.12,0.0,0.00126,-0.02882,0.02187,0.0,0.0156,0.1495,19.0,-0.4688,220.3,0.000852,,,,,,,,,,,,,,-0.001441,0.5324,3.0,0.897966,quiet,7.030437,1.6689,0.7573,0.167012,0.177734,-0.000486,-0.000603,0.0,0.9998,4.0,1.0,5.0,0.999,0.0,4.0,1.0,,1.0,False,-60.13,63401.34,0.4468,0.3186,0.3186,clear_loss,0.4961,neutral,,,2026-07-07 11:01:22+00:00,2026-07-07 11:00:00+00:00,2,0.7053579999999999,0.64,False,-0.64,2026-07-04/2026-07-10,0.6047160734090767,0.9999998190855756,1.807690123113112e-07,1.454145078103375e-10,0.7603829750694096,0.8141758896558801,-0.001222375029172946,-0.0008392443939249282,5,0
2026-07-07 11:08:14,2026-07-07 11:00,KXBTCD-26JUL0708-T63299.99,2026-07-07T12:00:00Z,63158.5,63299.99,0.224,0.2,real,0.145599,1.0245,0.00032264,0.00029372,0.00037022,0.7934,0.01,0.00040018,1.0,-1.0,0.0,0.0,0.0,0.0905,2.0,-1.0,0.9359,0.0,2.744e-05,0.0,,0.0,0.0,0.0,1.0,1.0,-0.3499,False,False,0.0,0.0,48.51,56.88,56.98,False,0.0,neutral,0.0,0.0,0.049622,0.025678,trade,no,False,False,106.0,51.58,,0.248108,0.024811,62.03,2500.0,-1.0,0.0,0.4559,0.4767,-0.122,-0.0448,0.1119,0.0279,0.5527,-0.0684,-0.0412,0.1491,0.5397,-1.0,0.3188,False,bullish,bullish,True,False,1.393,1.043,False,False,,False,0.4238,0.0,13.75,0.009,,11.0,-1.0,-1.0,61.52,-0.0039,159264.58,12794045.48,1.00637,58406689.1,0.933686,1.5675,4547699.89,0.9049,0.0047,1.0,0.8197,0.8601,62500.0,-1.0426,1.6319,-3.46e-05,Bull,Consolidation,-1.0,10504678.6,0.0,0.001146,-0.00169,0.00143,0.0,0.0139,0.1489,19.0,-0.4212,220.1,0.000684,,,,,,,,,,,,,,-0.00141,0.5345,3.0,0.899087,quiet,0.64927,1.668721,0.745,0.167151,0.177866,-0.000346,-0.000479,0.0,0.9998,4.0,0.9999,5.0,0.9991,0.0,4.0,1.0,,1.0,False,-62.03,63401.34,0.3845,0.1601,0.1601,marginal,0.4961,neutral,,,2026-07-07 11:08:14+00:00,2026-07-07 11:00:00+00:00,2,0.854401,0.8,False,-0.8,2026-07-04/2026-07-10,0.6047160734090767,0.9999998190855756,1.807690123113112e-07,1.454145078103375e-10,0.7603829750694096,0.8141758896558801,-0.001222375029172946,-0.0008392443939249282,5,0
2026-07-07 11:49:27,2026-07-07 11:00,KXBTCD-26JUL0708-T63399.99,2026-07-07T12:00:00Z,63295.17,63399.99,0.1656,0.16,real,0.056459,1.5768,0.00046822,0.00038404,0.00051753,0.7421,0.01,0.00047996,1.0,-1.0,0.0,2.0,-1.0,-0.3196,2.0,0.0,0.7609,0.0,2.801e-05,0.0,,0.0,0.0,0.0,0.0,0.0,-0.1082,False,False,-1.0,-1.0,81.42,61.2,61.4,False,0.0,neutral,0.0,0.0,0.102903,0.084134,trade,no,False,False,106.0,10.34,,0.643144,0.05,125.0,2500.0,-1.0,-2.0,0.3736,0.4859,0.3017,0.331,0.1653,1.0,0.9271,0.1586,0.1859,0.3766,0.5179,1.0,0.0831,False,bullish,bullish,True,False,1.174,1.256,False,False,,False,0.5521,0.0,13.82,0.0751,,11.0,1.0,1.0,61.49,-0.0624,152307.65,12794045.48,1.00637,58406689.1,0.933686,1.5675,4547699.89,0.9116,0.0025,1.0,3.8993,0.793,62500.0,-1.2563,1.6345,-3.45e-05,Bull,Consolidation,-0.8056,4278477.68,0.0,0.004901,-0.00167,0.00388,0.0,0.0197,0.151,18.0,-0.2712,219.0,9.4e-05,,,,,,,,,,,,,,-0.001248,0.5454,3.0,0.902433,quiet,-31.08222,1.667898,0.7124,0.167448,0.178164,0.000382,0.000163,0.0,0.9998,3.0,0.9999,5.0,0.9991,0.0,4.0,1.0,,0.0,True,23.81,63401.34,0.1677,0.0021,0.0,win,0.4961,neutral,,,2026-07-07 11:49:27+00:00,2026-07-07 11:00:00+00:00,2,0.943541,0.84,True,0.16,2026-07-04/2026-07-10,0.6047160734090767,0.9999998190855756,1.807690123113112e-07,1.454145078103375e-10,0.7603829750694096,0.8141758896558801,-0.001222375029172946,-0.0008392443939249282,5,0
2026-07-07 13:01:16,2026-07-07 13:00,KXBTCD-26JUL0710-T63599.99,2026-07-07T14:00:00Z,63373.9,63599.99,0.3568,0.23,real,0.126856,1.1279,0.00066763,0.00064074,0.00063001,1.017,0.01,0.00060691,1.0,-1.0,0.0,1.0,0.0,0.017,2.0,0.0,0.399,0.0,2.129e-05,0.0,,0.0,1.0,-1.0,-2.0,0.0,-0.0766,True,False,1.0,0.0,38.81,62.58,51.49,False,0.0,bullish,0.0,0.0,0.101262,0.078411,trade,no,False,False,113.0,58.53,,0.440272,0.044027,110.07,2500.0,0.0,0.0,0.492,0.4914,-0.3163,-0.1223,-0.1105,0.6475,0.0,-0.1229,0.0257,0.2309,0.7781,-1.0,0.2332,False,bullish,bullish,True,False,1.048,1.379,False,False,,False,0.5485,0.0,13.51,0.0016,,13.0,-1.0,-0.8261,62.11,-0.1164,24370.39,56453320.86,1.042061,-231628302.27,1.270401,0.3697,1318825.05,0.9044,0.0091,0.0,0.0472,0.0919,62500.0,-1.379,1.3992,-3.45e-05,Bull,Consolidation,-1.0,10876295.09,0.0,0.001146,-0.00191,0.00158,0.0,0.1627,0.2012,19.0,-0.432,99.7,0.001337,,,,,,,,,,,,,,-0.001047,0.5491,3.0,0.898833,quiet,-3.295341,1.67109,0.7122,0.174138,0.171184,-0.000756,-0.000912,0.0,0.9996,3.0,0.9948,5.0,0.999,0.0,4.0,1.0,,0.0,True,32.88,63003.24,-0.5849,-0.9383,0.0,win,0.5332,neutral,,,2026-07-07 13:01:16+00:00,2026-07-07 13:00:00+00:00,1,0.873144,0.77,True,0.2299999999999999,2026-07-04/2026-07-10,0.6047160734090767,0.9999998190855756,1.807690123113112e-07,1.454145078103375e-10,0.7603829750694096,0.8141758896558801,-0.001222375029172946,-0.0008392443939249282,5,0
2026-07-07 13:08:24,2026-07-07 13:00,KXBTCD-26JUL0710-T63499.99,2026-07-07T14:00:00Z,63274.36,63499.99,0.3566,0.21,real,0.113049,1.1979,0.00059717,0.00066108,0.00061599,1.0732,0.01,0.00060983,1.0,0.0,1.0,0.0,1.0,0.1453,2.0,0.0,0.4607,0.0,2.334e-05,0.0,,0.0,0.0,0.0,0.0,0.0,-0.1821,False,False,1.0,0.0,29.43,60.44,48.37,False,0.0,neutral,0.0,0.0,0.095331,0.073225,trade,no,False,False,111.0,51.35,,0.453957,0.045396,113.49,2500.0,0.0,0.0,0.492,0.4914,-0.3446,-0.2122,-0.1574,0.0,0.0,-0.235,-0.0865,0.1184,0.7781,-1.0,0.1153,False,bullish,bullish,True,False,1.207,1.224,False,False,,False,0.4894,0.0,13.31,0.0074,,13.0,-1.0,-1.0,62.0,-0.1732,31443.32,56453320.86,1.042061,-231628302.27,1.270401,0.3697,1318825.05,0.9044,0.0091,0.0,0.0472,0.0919,62500.0,-1.2238,1.3992,-3.46e-05,Bull,Consolidation,-1.0,10598336.77,0.0,0.001181,-0.00176,0.00143,0.0,0.254,0.2333,19.0,-0.5863,99.5,0.001632,,,,,,,,,,,,,,-0.001117,0.5438,3.0,0.900682,quiet,8.561788,1.676855,0.745,0.17256,0.169839,-0.001114,-0.001231,0.0,0.9996,3.0,0.9999,5.0,0.9989,0.0,4.0,1.0,,0.0,True,30.17,63003.24,-0.4285,-0.7823,0.0,win,0.5332,neutral,,,2026-07-07 13:08:24+00:00,2026-07-07 13:00:00+00:00,1,0.886951,0.79,True,0.2099999999999999,2026-07-04/2026-07-10,0.6047160734090767,0.9999998190855756,1.807690123113112e-07,1.454145078103375e-10,0.7603829750694096,0.8141758896558801,-0.001222375029172946,-0.0008392443939249282,5,0
2026-07-07 13:14:59,2026-07-07 13:00,KXBTCD-26JUL0710-T63399.99,2026-07-07T14:00:00Z,63271.58,63399.99,0.203,0.3,real,0.25114,0.6591,0.00055802,0.00068004,0.00057789,1.1768,0.01,0.00060494,1.0,0.0,1.0,0.0,1.0,0.1769,2.0,0.0,0.4567,0.0,2.33e-05,0.0,,0.0,0.0,0.0,0.0,0.0,-0.2071,False,False,1.0,0.0,27.22,60.79,35.8,False,0.0,neutral,0.0,0.0,0.046352,0.0181,trade,no,False,False,111.0,44.76,,0.154506,0.015451,38.63,2500.0,0.0,0.0,0.492,0.4914,-0.3604,0.0238,0.0417,0.8091,0.3205,-0.2163,-0.0678,0.1371,0.6519,-1.0,0.225,False,bullish,bullish,True,False,1.211,1.219,False,False,,False,0.4762,0.0,13.15,0.0748,-0.03,13.0,-1.0,-1.0,62.0,-0.0654,31898.54,56453320.86,1.042061,-231628302.27,1.270401,0.3697,1318825.05,0.906,0.0176,0.0,0.4202,0.177,62500.0,-1.2195,1.3992,-3.45e-05,Bull,Consolidation,-1.0,3815615.64,0.0,0.001364,-0.01018,0.01942,0.0,0.1041,0.1806,19.0,-0.5937,99.6,0.001472,,,,,,,,,,,,,,-0.001105,0.5447,3.0,0.902058,quiet,7.118074,1.675891,0.739,0.172834,0.170073,-0.001055,-0.001178,0.0,0.9996,3.0,1.0,5.0,0.9989,0.0,4.0,1.0,1.0,0.0,True,16.56,63003.24,-0.4241,-0.6258,0.0,win,0.5332,neutral,,,2026-07-07 13:14:59+00:00,2026-07-07 13:00:00+00:00,1,0.7488600000000001,0.7,True,0.3,2026-07-04/2026-07-10,0.6047160734090767,0.9999998190855756,1.807690123113112e-07,1.454145078103375e-10,0.7603829750694096,0.8141758896558801,-0.001222375029172946,-0.0008392443939249282,5,0
2026-07-07 14:00:15,2026-07-07 14:00,KXBTCD-26JUL0711-T63199.99,2026-07-07T15:00:00Z,62871.91,63199.99,0.5218,0.24,real,0.190393,0.8765,0.00089471,0.0012117,0.00095578,1.2678,0.01,0.00091693,1.0,0.0,1.0,0.0,0.0,0.0467,2.0,0.0,0.4159,0.0,2.675e-05,-1.0,,0.0,0.0,0.0,1.0,1.0,-0.6994,False,False,1.0,1.0,3.95,46.61,10.07,False,-1.0,neutral,0.0,0.0,0.043048,0.016977,trade,no,False,False,110.0,59.44,,0.179367,0.026905,67.26,2500.0,-2.0,10.0,0.6545,0.5465,-0.4285,-0.7063,-0.1804,0.5014,0.0,-0.2379,-0.9588,-0.8114,0.234,-1.0,0.0262,True,bullish,bullish,True,False,1.855,0.592,False,False,,False,0.1951,0.0,12.48,0.5611,,14.0,1.0,0.71,61.65,0.3596,-329922.91,56453320.86,1.042061,-231628302.27,1.270401,0.3697,1318825.05,0.9126,-0.0137,0.0634,4.0693,1.0963,62500.0,-0.5915,1.4334,-3.49e-05,Bull,Consolidation,-1.0,5104488.62,0.0,0.001121,-0.02182,0.0259,0.0,0.1767,0.2062,19.0,-1.3783,71.4,0.00477,,,,,,,,,,,,,,-0.001479,0.5058,3.0,0.904952,quiet,22.037345,1.668971,0.5005,0.16674,0.174353,-0.001111,0.001398,0.0,0.9996,3.0,0.6026,5.0,0.9984,0.0,4.0,1.0,,1.0,False,-67.26,63562.4,1.0982,0.5734,0.5734,clear_loss,0.5555,neutral,,,2026-07-07 14:00:15+00:00,2026-07-07 14:00:00+00:00,1,0.809607,0.76,False,-0.76,2026-07-04/2026-07-10,0.6047160734090767,0.9999998190855756,1.807690123113112e-07,1.454145078103375e-10,0.7603829750694096,0.8141758896558801,-0.001222375029172946,-0.0008392443939249282,5,0
2026-07-07 14:18:10,2026-07-07 14:00,KXBTCD-26JUL0711-T63299.99,2026-07-07T15:00:00Z,62956.21,63299.99,0.5461,0.2,real,0.14223,1.0704,0.00096898,0.00123092,0.00100359,1.2265,0.01,0.00093942,1.0,0.0,1.0,0.0,0.0,-0.0223,2.0,0.0,0.5618,0.0,3.254e-05,-1.0,,0.0,0.0,0.0,1.0,1.0,-0.5423,False,False,1.0,1.0,12.8,49.89,11.38,True,-1.0,neutral,0.0,0.0,0.053294,0.029532,trade,no,False,False,109.0,41.57,,0.266472,0.039971,99.93,2500.0,-1.0,6.0,0.6504,0.5456,-0.5461,-0.0407,-0.1783,0.0,0.286,-0.0647,-0.7869,-0.6392,0.1375,-1.0,0.0175,False,bullish,bullish,True,False,1.718,0.725,False,False,,False,0.2793,0.0,12.48,0.5889,-0.11,14.0,-1.0,-1.0,61.84,0.1504,-375826.03,56453320.86,1.042061,-231628302.27,1.270401,0.3697,1318825.05,0.9081,-0.0093,0.3692,4.0859,1.3186,62500.0,-0.7246,1.4334,-3.48e-05,Bull,Consolidation,-1.0,4642181.89,0.0,0.001045,-0.00248,0.02452,0.0,0.0421,0.1588,19.0,-1.2373,69.5,0.003284,,,,,,,,,,,,,,-0.001377,0.5136,3.0,0.910199,quiet,21.409733,1.719217,0.5433,0.156544,0.165795,-0.000562,0.001897,0.0,0.9994,3.0,0.9944,5.0,0.9987,0.0,4.0,1.0,2.0,1.0,False,-99.93,63562.4,0.9629,0.4145,0.4145,clear_loss,0.5555,neutral,,,2026-07-07 14:18:10+00:00,2026-07-07 14:00:00+00:00,1,0.85777,0.8,False,-0.8,2026-07-04/2026-07-10,0.6047160734090767,0.9999998190855756,1.807690123113112e-07,1.454145078103375e-10,0.7603829750694096,0.8141758896558801,-0.001222375029172946,-0.0008392443939249282,5,0
2026-07-07 19:20:04,2026-07-07 19:00,KXBTCD-26JUL0716-T63699.99,2026-07-07T20:00:00Z,63515.49,63699.99,0.2905,0.2,real,0.143793,0.9852,0.00072438,0.00074784,0.00054701,1.3671,0.01,0.00061481,-1.0,1.0,2.0,0.0,1.0,0.4109,2.0,0.0,0.6739,0.0,4.54e-05,-1.0,,0.0,0.0,0.0,0.0,0.0,-0.0884,False,False,1.0,1.0,20.81,65.99,8.33,True,0.0,neutral,0.0,0.0,0.044063,0.01985,trade,no,False,False,161.0,39.69,,0.220317,0.02087,52.18,2500.0,-1.0,0.0,0.4559,0.4541,-0.4664,0.0076,0.0912,0.6921,0.2295,-0.2584,-1.0339,-0.7433,0.5874,-1.0,0.0176,False,bullish,bullish,True,False,3.551,1.599,False,False,,True,0.4356,0.0,10.67,0.1539,,19.0,-1.0,-1.0,58.39,-0.3047,-259551.68,53900408.23,1.011881,264570179.06,1.081987,0.6855,21156590.0,0.9367,0.0015,0.0,11.0406,0.2784,63000.0,-0.8116,1.3536,-3.44e-05,Bull,Consolidation,-1.0,3831690.57,0.0,0.001626,-0.0019,0.0155,0.0,0.1893,0.2106,18.0,-0.1036,174.9,9.9e-05,,,,,,,,,,,,,,-0.00068,0.5525,3.0,0.934583,low,28.888724,1.918748,0.5083,0.121252,0.141445,-0.00169,0.001598,0.0,0.9409,3.0,0.9992,3.0,0.7758,0.0,4.0,1.0,,1.0,False,-52.18,63847.52,0.5228,0.2316,0.2316,marginal,0.5434,neutral,,,2026-07-07 19:20:04+00:00,2026-07-07 19:00:00+00:00,1,0.8562069999999999,0.8,False,-0.8,2026-07-04/2026-07-10,0.6047160734090767,0.9999998190855756,1.807690123113112e-07,1.454145078103375e-10,0.7603829750694096,0.8141758896558801,-0.001222375029172946,-0.0008392443939249282,5,0
2026-07-07 19:28:12,2026-07-07 19:00,KXBTCD-26JUL0717-T63999.99,2026-07-07T21:00:00Z,63605.54,63999.99,0.6202,0.15,real,0.050373,1.522,0.00070952,0.00070214,0.00062326,1.1266,0.01,0.00062414,-1.0,0.0,1.0,0.0,0.0,-0.0876,2.0,0.0,0.6102,0.0,4.516e-05,-1.0,,0.0,0.0,0.0,0.0,0.0,-0.0176,False,False,1.0,1.0,26.21,68.79,10.13,True,0.0,bullish,0.0,0.0,0.090826,0.071929,trade,no,False,False,161.0,91.6,,0.60551,0.05,125.0,2500.0,-1.0,0.0,0.4559,0.4541,-0.1662,0.2605,0.0699,1.0,0.5546,-0.1123,-0.8889,-0.5979,0.5874,-1.0,0.01,False,bullish,bullish,True,False,3.405,1.738,False,False,,True,0.4632,0.0,10.67,0.1915,,19.0,-1.0,-0.9671,58.47,-0.3047,-258680.99,53900408.23,1.011881,264570179.06,1.081987,0.6855,21156590.0,0.935,-0.0009,0.0096,36.6647,0.6371,63000.0,-0.952,1.3536,-3.43e-05,Bull,Consolidation,-1.0,10543530.73,0.0,0.006749,-0.00156,0.00159,0.0,0.2022,0.2151,18.0,0.0689,176.7,-0.000136,,,,,,,,,,,,,,-0.000613,0.5604,3.0,0.934583,low,27.547582,1.972787,0.5202,0.109699,0.134362,-0.001242,0.002037,0.0,0.917,3.0,0.8886,3.0,0.7781,0.0,4.0,1.0,,0.0,True,22.06,63778.62,0.2721,-0.3459,0.0,win,0.5434,neutral,,,2026-07-07 19:28:12+00:00,2026-07-07 19:00:00+00:00,1,0.949627,0.85,True,0.15,2026-07-04/2026-07-10,0.6047160734090767,0.9999998190855756,1.807690123113112e-07,1.454145078103375e-10,0.7603829750694096,0.8141758896558801,-0.001222375029172946,-0.0008392443939249282,5,0
2026-07-07 19:32:50,2026-07-07 19:00,KXBTCD-26JUL0716-T63899.99,2026-07-07T20:00:00Z,63678.19,63899.99,0.3483,0.15,real,0.05307,1.5511,0.00073303,0.00071205,0.00064632,1.1017,0.01,0.00063508,-1.0,-1.0,0.0,0.0,0.0,0.0274,2.0,0.0,0.6148,0.0,4.531e-05,-1.0,,0.0,0.0,0.0,0.0,0.0,0.146,False,False,1.0,0.0,38.7,69.93,23.03,True,0.0,bullish,0.0,0.0,0.0921,0.073281,trade,no,False,False,161.0,26.94,,0.613998,0.05,125.0,2500.0,-1.0,0.0,0.4559,0.4541,-0.0366,0.2423,0.1638,0.5085,0.6867,-0.0529,-0.83,-0.5388,0.2474,1.0,0.01,False,bullish,bullish,True,False,3.287,1.85,False,False,,True,0.5272,0.0,10.67,0.1945,,19.0,1.0,1.0,58.47,-0.3418,-258483.12,53900408.23,1.011881,264570179.06,1.081987,0.6855,21156590.0,0.935,-0.0009,0.0096,36.6647,0.6371,63000.0,-1.065,1.3536,-3.43e-05,Bull,Consolidation,-1.0,10646249.54,0.0,0.006567,-0.00166,0.00182,0.0,0.1206,0.1864,19.0,0.225,177.4,-0.000147,,,,,,,,,,,,,,-0.000586,0.5636,3.0,0.934583,low,26.548005,1.995604,0.5263,0.104929,0.13143,-0.00106,0.002215,0.0,0.8271,3.0,0.8323,3.0,0.7509,0.0,4.0,1.0,,0.0,True,22.06,63847.52,0.2659,-0.0821,0.0,win,0.5434,neutral,,,2026-07-07 19:32:50+00:00,2026-07-07 19:00:00+00:00,1,0.94693,0.85,True,0.15,2026-07-04/2026-07-10,0.6047160734090767,0.9999998190855756,1.807690123113112e-07,1.454145078103375e-10,0.7603829750694096,0.8141758896558801,-0.001222375029172946,-0.0008392443939249282,5,0
2026-07-07 20:59:52,2026-07-07 20:00,KXBTCD-26JUL0718-T63799.99,2026-07-07T22:00:00Z,63655.62,63799.99,0.2268,0.28,real,0.228122,0.7569,0.00041528,0.0004584,0.00050221,0.9128,0.03,0.00050881,-1.0,-1.0,0.0,0.0,0.0,-0.0019,2.0,0.0,0.4591,0.0,4.441e-05,0.0,,0.0,0.0,0.0,0.0,0.0,0.0829,False,False,0.0,0.0,34.96,70.92,36.04,False,0.0,bullish,0.0,0.0,0.054265,0.027031,trade,no,False,False,110.0,59.9,,0.193804,0.01938,48.45,2500.0,0.0,0.0,0.492,0.5057,-0.0715,0.0847,0.0184,1.0,0.2216,-0.1855,-0.0013,-0.7787,0.5797,-1.0,0.0251,False,bullish,bullish,True,False,3.323,1.815,False,False,,True,0.4944,0.0,10.35,0.9673,,20.0,1.0,0.9993,58.89,0.0052,-149764.68,-125286827.39,0.943248,-47219009.45,0.814523,0.9586,7068389.71,0.9361,0.001,1.0,0.402,1.6819,63000.0,-1.03,1.3568,-3.43e-05,Bull,Consolidation,-1.0,10481589.12,0.0,0.006756,-0.00151,0.00155,0.0,0.0149,0.1493,18.0,0.2008,173.4,-0.000282,,,,,,,,,,,,,,-0.000538,0.5694,3.0,0.935579,low,22.937405,2.076287,0.5346,0.025079,0.111207,-0.00047,-0.000131,0.0,0.3391,3.0,0.9982,3.0,0.909,0.0,1.0,1.0,,0.0,True,18.84,63280.6,-0.5891,-0.8141,0.0,win,0.517,neutral,,,2026-07-07 20:59:52+00:00,2026-07-07 20:00:00+00:00,1,0.7718780000000001,0.72,True,0.28,2026-07-04/2026-07-10,0.6047160734090767,0.9999998190855756,1.807690123113112e-07,1.454145078103375e-10,0.7603829750694096,0.8141758896558801,-0.001222375029172946,-0.0008392443939249282,5,0
