logged_at,contract_ticker,p_market,decision,side,would_win,would_pnl,asset,logged_at_p,effective,smc_state,be,won
2026-04-07 22:23:22,KXBTCD-26APR0719-T70499.99,0.335,trade,no,False,-12.5,BTC,2026-04-07 22:23:22+00:00,2026-04-07 22:00:00+00:00,3.0,0.665,False
2026-04-07 22:37:01,KXBTCD-26APR0719-T71299.99,0.325,trade,no,False,-12.5,BTC,2026-04-07 22:37:01+00:00,2026-04-07 22:00:00+00:00,3.0,0.675,False
2026-04-07 23:05:22,KXBTCD-26APR0720-T71699.99,0.3,trade,no,False,-12.5,BTC,2026-04-07 23:05:22+00:00,2026-04-07 23:00:00+00:00,0.0,0.7,False
2026-04-07 23:06:25,KXBTCD-26APR0720-T71499.99,0.32,trade,no,False,-12.5,BTC,2026-04-07 23:06:25+00:00,2026-04-07 23:00:00+00:00,0.0,0.6799999999999999,False
2026-04-08 00:57:28,KXBTCD-26APR0721-T71699.99,0.335,trade,no,True,6.3,BTC,2026-04-08 00:57:28+00:00,2026-04-08 00:00:00+00:00,0.0,0.665,True
2026-04-08 01:02:45,KXBTCD-26APR0722-T71799.99,0.325,trade,no,True,6.02,BTC,2026-04-08 01:02:45+00:00,2026-04-08 01:00:00+00:00,0.0,0.675,True
2026-04-08 01:05:33,KXBTCD-26APR0722-T71699.99,0.3,trade,no,True,10.71,BTC,2026-04-08 01:05:33+00:00,2026-04-08 01:00:00+00:00,0.0,0.7,True
2026-04-08 02:00:42,KXBTCD-26APR0723-T71599.99,0.35,trade,no,True,13.46,BTC,2026-04-08 02:00:42+00:00,2026-04-08 02:00:00+00:00,0.0,0.65,True
2026-04-08 02:01:45,KXBTCD-26APR0723-T71699.99,0.265,trade,no,True,9.01,BTC,2026-04-08 02:01:45+00:00,2026-04-08 02:00:00+00:00,0.0,0.735,True
2026-04-08 03:01:06,KXBTCD-26APR0800-T71599.99,0.235,trade,no,True,7.68,BTC,2026-04-08 03:01:06+00:00,2026-04-08 03:00:00+00:00,0.0,0.765,True
2026-04-08 03:02:10,KXBTCD-26APR0800-T71499.99,0.335,trade,no,True,12.59,BTC,2026-04-08 03:02:10+00:00,2026-04-08 03:00:00+00:00,0.0,0.665,True
2026-04-08 04:00:52,KXBTCD-26APR0801-T71399.99,0.27,trade,no,False,-25.0,BTC,2026-04-08 04:00:52+00:00,2026-04-08 04:00:00+00:00,0.0,0.73,False
2026-04-08 04:01:56,KXBTCD-26APR0801-T71499.99,0.23,trade,no,False,-25.0,BTC,2026-04-08 04:01:56+00:00,2026-04-08 04:00:00+00:00,0.0,0.77,False
2026-04-08 05:06:12,KXBTCD-26APR0802-T71699.99,0.335,trade,no,False,-25.0,BTC,2026-04-08 05:06:12+00:00,2026-04-08 05:00:00+00:00,0.0,0.665,False
2026-04-08 05:12:34,KXBTCD-26APR0802-T71799.99,0.23,trade,no,True,7.47,BTC,2026-04-08 05:12:34+00:00,2026-04-08 05:00:00+00:00,0.0,0.77,True
2026-04-08 06:21:28,KXBTCD-26APR0803-T71999.99,0.325,trade,no,True,12.04,BTC,2026-04-08 06:21:28+00:00,2026-04-08 06:00:00+00:00,0.0,0.675,True
2026-04-08 06:42:38,KXBTCD-26APR0803-T71899.99,0.235,trade,no,True,7.68,BTC,2026-04-08 06:42:38+00:00,2026-04-08 06:00:00+00:00,0.0,0.765,True
2026-04-08 07:00:38,KXBTCD-26APR0804-T71799.99,0.33,trade,no,True,12.31,BTC,2026-04-08 07:00:38+00:00,2026-04-08 07:00:00+00:00,0.0,0.6699999999999999,True
2026-04-08 07:14:22,KXBTCD-26APR0804-T71899.99,0.26,trade,no,True,8.78,BTC,2026-04-08 07:14:22+00:00,2026-04-08 07:00:00+00:00,0.0,0.74,True
2026-04-08 08:01:00,KXBTCD-26APR0805-T71799.99,0.27,trade,no,True,9.25,BTC,2026-04-08 08:01:00+00:00,2026-04-08 08:00:00+00:00,0.0,0.73,True
2026-04-08 08:03:08,KXBTCD-26APR0805-T71899.99,0.22,trade,no,True,7.05,BTC,2026-04-08 08:03:08+00:00,2026-04-08 08:00:00+00:00,0.0,0.78,True
2026-04-08 09:05:53,KXBTCD-26APR0806-T71999.99,0.28,trade,no,True,9.72,BTC,2026-04-08 09:05:53+00:00,2026-04-08 09:00:00+00:00,0.0,0.72,True
2026-04-08 09:15:23,KXBTCD-26APR0806-T71899.99,0.305,trade,no,True,10.97,BTC,2026-04-08 09:15:23+00:00,2026-04-08 09:00:00+00:00,0.0,0.6950000000000001,True
2026-04-08 10:15:56,KXBTCD-26APR0807-T71699.99,0.335,trade,no,True,12.59,BTC,2026-04-08 10:15:56+00:00,2026-04-08 10:00:00+00:00,0.0,0.665,True
2026-04-08 10:36:01,KXBTCD-26APR0807-T71599.99,0.295,trade,no,True,10.46,BTC,2026-04-08 10:36:01+00:00,2026-04-08 10:00:00+00:00,0.0,0.7050000000000001,True
2026-04-08 11:00:18,KXBTCD-26APR0808-T71599.99,0.245,trade,no,False,-25.0,BTC,2026-04-08 11:00:18+00:00,2026-04-08 11:00:00+00:00,0.0,0.755,False
2026-04-08 11:04:33,KXBTCD-26APR0808-T71699.99,0.2,trade,no,True,6.25,BTC,2026-04-08 11:04:33+00:00,2026-04-08 11:00:00+00:00,0.0,0.8,True
2026-04-08 12:00:32,KXBTCD-26APR0809-T71899.99,0.265,trade,no,False,-25.0,BTC,2026-04-08 12:00:32+00:00,2026-04-08 12:00:00+00:00,0.0,0.735,False
2026-04-08 12:10:03,KXBTCD-26APR0809-T71799.99,0.35,trade,no,False,-25.0,BTC,2026-04-08 12:10:03+00:00,2026-04-08 12:00:00+00:00,0.0,0.65,False
2026-04-08 13:00:46,KXBTCD-26APR0810-T72299.99,0.345,trade,no,True,13.17,BTC,2026-04-08 13:00:46+00:00,2026-04-08 13:00:00+00:00,0.0,0.655,True
2026-04-08 13:01:50,KXBTCD-26APR0810-T72399.99,0.275,trade,no,True,9.48,BTC,2026-04-08 13:01:50+00:00,2026-04-08 13:00:00+00:00,0.0,0.725,True
2026-04-08 14:01:06,KXBTCD-26APR0811-T71899.99,0.33,trade,no,True,12.31,BTC,2026-04-08 14:01:06+00:00,2026-04-08 14:00:00+00:00,0.0,0.6699999999999999,True
2026-04-08 14:08:31,KXBTCD-26APR0811-T71999.99,0.235,trade,no,True,7.68,BTC,2026-04-08 14:08:31+00:00,2026-04-08 14:00:00+00:00,0.0,0.765,True
2026-04-08 15:02:33,KXBTCD-26APR0812-T71099.99,0.335,trade,no,False,-25.0,BTC,2026-04-08 15:02:33+00:00,2026-04-08 15:00:00+00:00,0.0,0.665,False
2026-04-08 15:18:45,KXBTCD-26APR0812-T71199.99,0.35,trade,no,False,-25.0,BTC,2026-04-08 15:18:45+00:00,2026-04-08 15:00:00+00:00,0.0,0.65,False
2026-04-08 16:00:18,KXBTCD-26APR0813-T71499.99,0.285,trade,no,False,-25.0,BTC,2026-04-08 16:00:18+00:00,2026-04-08 16:00:00+00:00,0.0,0.7150000000000001,False
2026-04-08 16:04:37,KXBTCD-26APR0813-T71599.99,0.245,trade,no,False,-25.0,BTC,2026-04-08 16:04:37+00:00,2026-04-08 16:00:00+00:00,0.0,0.755,False
2026-04-08 17:37:58,KXBTCD-26APR0814-T71899.99,0.345,trade,no,False,-25.0,BTC,2026-04-08 17:37:58+00:00,2026-04-08 17:00:00+00:00,0.0,0.655,False
2026-04-08 18:02:10,KXBTCD-26APR0815-T71999.99,0.31,trade,no,True,11.23,BTC,2026-04-08 18:02:10+00:00,2026-04-08 18:00:00+00:00,0.0,0.69,True
2026-04-08 18:07:25,KXBTCD-26APR0815-T72099.99,0.215,trade,no,True,6.85,BTC,2026-04-08 18:07:25+00:00,2026-04-08 18:00:00+00:00,0.0,0.785,True
2026-04-08 22:33:16,KXBTCD-26APR0819-T71299.99,0.345,trade,no,True,13.17,BTC,2026-04-08 22:33:16+00:00,2026-04-08 22:00:00+00:00,0.0,0.655,True
2026-04-09 02:46:46,KXBTCD-26APR0823-T71199.99,0.185,trade,yes,False,-20.11,BTC,2026-04-09 02:46:46+00:00,2026-04-09 02:00:00+00:00,0.0,0.185,False
2026-04-09 03:09:05,KXBTCD-26APR0900-T71099.99,0.34,trade,no,True,12.88,BTC,2026-04-09 03:09:05+00:00,2026-04-09 03:00:00+00:00,0.0,0.6599999999999999,True
2026-04-09 09:14:38,KXBTCD-26APR0906-T71399.99,0.35,trade,no,False,-50.0,BTC,2026-04-09 09:14:38+00:00,2026-04-09 09:00:00+00:00,0.0,0.65,False
2026-04-09 10:10:32,KXBTCD-26APR0907-T71499.99,0.32,trade,no,True,23.53,BTC,2026-04-09 10:10:32+00:00,2026-04-09 10:00:00+00:00,0.0,0.6799999999999999,True
2026-04-09 10:25:19,KXBTCD-26APR0907-T71599.99,0.23,trade,no,True,14.94,BTC,2026-04-09 10:25:19+00:00,2026-04-09 10:00:00+00:00,0.0,0.77,True
2026-04-09 11:09:43,KXBTCD-26APR0908-T71399.99,0.345,trade,no,True,26.34,BTC,2026-04-09 11:09:43+00:00,2026-04-09 11:00:00+00:00,0.0,0.655,True
2026-04-09 11:13:56,KXBTCD-26APR0908-T71299.99,0.325,trade,no,True,24.07,BTC,2026-04-09 11:13:56+00:00,2026-04-09 11:00:00+00:00,0.0,0.675,True
2026-04-09 12:00:25,KXBTCD-26APR0909-T70999.99,0.765,trade,yes,True,15.36,BTC,2026-04-09 12:00:25+00:00,2026-04-09 12:00:00+00:00,0.0,0.765,True
2026-04-09 12:01:28,KXBTCD-26APR0909-T71299.99,0.315,trade,no,True,22.99,BTC,2026-04-09 12:01:28+00:00,2026-04-09 12:00:00+00:00,0.0,0.685,True
2026-04-09 13:02:50,KXBTCD-26APR0910-T70699.99,0.9,trade,yes,True,5.56,BTC,2026-04-09 13:02:50+00:00,2026-04-09 13:00:00+00:00,0.0,0.9,True
2026-04-09 13:04:57,KXBTCD-26APR0910-T71499.99,0.2,trade,no,True,12.5,BTC,2026-04-09 13:04:57+00:00,2026-04-09 13:00:00+00:00,0.0,0.8,True
2026-04-09 14:01:02,KXBTCD-26APR0911-T70999.99,0.265,trade,yes,True,138.68,BTC,2026-04-09 14:01:02+00:00,2026-04-09 14:00:00+00:00,0.0,0.265,True
2026-04-09 14:02:06,KXBTCD-26APR0911-T70799.99,0.425,trade,yes,True,67.65,BTC,2026-04-09 14:02:06+00:00,2026-04-09 14:00:00+00:00,0.0,0.425,True
2026-04-09 14:06:45,KXBTCD-26APR0911-T70899.99,0.32,trade,yes,True,106.25,BTC,2026-04-09 14:06:45+00:00,2026-04-09 14:00:00+00:00,0.0,0.32,True
2026-04-09 15:27:32,KXBTCD-26APR0912-T71499.99,0.37,trade,no,False,-50.0,BTC,2026-04-09 15:27:32+00:00,2026-04-09 15:00:00+00:00,0.0,0.63,False
2026-04-09 15:50:51,KXBTCD-26APR0912-T72199.99,0.435,trade,no,True,38.5,BTC,2026-04-09 15:50:51+00:00,2026-04-09 15:00:00+00:00,0.0,0.565,True
2026-04-09 16:52:56,KXBTCD-26APR0913-T71999.99,0.275,trade,yes,True,131.82,BTC,2026-04-09 16:52:56+00:00,2026-04-09 16:00:00+00:00,0.0,0.275,True
2026-04-09 16:54:01,KXBTCD-26APR0913-T72099.99,0.05,trade,yes,False,-27.68,BTC,2026-04-09 16:54:01+00:00,2026-04-09 16:00:00+00:00,0.0,0.05,False
2026-04-09 17:04:38,KXBTCD-26APR0914-T72599.99,0.375,trade,no,True,30.0,BTC,2026-04-09 17:04:38+00:00,2026-04-09 17:00:00+00:00,0.0,0.625,True
2026-04-09 17:19:28,KXBTCD-26APR0914-T72699.99,0.23,trade,no,True,14.94,BTC,2026-04-09 17:19:28+00:00,2026-04-09 17:00:00+00:00,0.0,0.77,True
2026-04-09 17:22:38,KXBTCD-26APR0914-T72499.99,0.39,trade,no,True,31.97,BTC,2026-04-09 17:22:38+00:00,2026-04-09 17:00:00+00:00,0.0,0.61,True
2026-04-09 18:00:52,KXBTCD-26APR0915-T72599.99,0.205,trade,no,True,12.89,BTC,2026-04-09 18:00:52+00:00,2026-04-09 18:00:00+00:00,0.0,0.795,True
2026-04-09 18:01:56,KXBTCD-26APR0915-T72299.99,0.36,trade,yes,False,-50.0,BTC,2026-04-09 18:01:56+00:00,2026-04-09 18:00:00+00:00,0.0,0.36,False
2026-04-09 18:02:59,KXBTCD-26APR0915-T72199.99,0.375,trade,yes,False,-50.0,BTC,2026-04-09 18:02:59+00:00,2026-04-09 18:00:00+00:00,0.0,0.375,False
2026-04-09 19:00:17,KXBTCD-26APR0916-T71799.99,0.56,trade,yes,True,39.29,BTC,2026-04-09 19:00:17+00:00,2026-04-09 19:00:00+00:00,0.0,0.56,True
2026-04-09 19:01:20,KXBTCD-26APR0916-T71899.99,0.445,trade,yes,True,62.36,BTC,2026-04-09 19:01:20+00:00,2026-04-09 19:00:00+00:00,0.0,0.445,True
2026-04-09 19:02:24,KXBTCD-26APR0916-T71999.99,0.39,trade,yes,True,78.21,BTC,2026-04-09 19:02:24+00:00,2026-04-09 19:00:00+00:00,0.0,0.39,True
2026-04-09 19:03:27,KXBTCD-26APR0917-T71999.99,0.45,trade,yes,True,61.11,BTC,2026-04-09 19:03:27+00:00,2026-04-09 19:00:00+00:00,0.0,0.45,True
2026-04-09 19:04:32,KXBTCD-26APR0917-T71749.99,0.67,trade,yes,True,24.63,BTC,2026-04-09 19:04:32+00:00,2026-04-09 19:00:00+00:00,0.0,0.67,True
2026-04-09 19:05:36,KXBTCD-26APR0917-T72249.99,0.22,trade,yes,True,177.27,BTC,2026-04-09 19:05:36+00:00,2026-04-09 19:00:00+00:00,0.0,0.22,True
2026-04-09 21:01:02,KXBTCD-26APR0918-T72599.99,0.205,trade,no,True,12.89,BTC,2026-04-09 21:01:02+00:00,2026-04-09 21:00:00+00:00,0.0,0.795,True
2026-04-09 21:02:06,KXBTCD-26APR0918-T72499.99,0.3,trade,no,True,21.43,BTC,2026-04-09 21:02:06+00:00,2026-04-09 21:00:00+00:00,0.0,0.7,True
2026-04-09 21:03:09,KXBTCD-26APR0918-T72099.99,0.91,trade,yes,True,4.95,BTC,2026-04-09 21:03:09+00:00,2026-04-09 21:00:00+00:00,0.0,0.91,True
2026-04-09 22:00:14,KXBTCD-26APR0919-T72499.99,0.23,trade,yes,False,-50.0,BTC,2026-04-09 22:00:14+00:00,2026-04-09 22:00:00+00:00,0.0,0.23,False
2026-04-09 22:01:18,KXBTCD-26APR0919-T72599.99,0.16,trade,yes,False,-50.0,BTC,2026-04-09 22:01:18+00:00,2026-04-09 22:00:00+00:00,0.0,0.16,False
2026-04-09 22:02:22,KXBTCD-26APR0919-T72399.99,0.335,trade,yes,False,-50.0,BTC,2026-04-09 22:02:22+00:00,2026-04-09 22:00:00+00:00,0.0,0.335,False
2026-04-09 23:00:37,KXBTCD-26APR0920-T72199.99,0.255,trade,yes,False,-50.0,BTC,2026-04-09 23:00:37+00:00,2026-04-09 23:00:00+00:00,0.0,0.255,False
2026-04-09 23:01:41,KXBTCD-26APR0920-T72299.99,0.21,trade,yes,False,-50.0,BTC,2026-04-09 23:01:41+00:00,2026-04-09 23:00:00+00:00,0.0,0.21,False
2026-04-09 23:02:46,KXBTCD-26APR0920-T72399.99,0.095,trade,yes,False,-50.0,BTC,2026-04-09 23:02:46+00:00,2026-04-09 23:00:00+00:00,0.0,0.095,False
2026-04-10 00:00:10,KXBTCD-26APR0921-T71599.99,0.685,trade,yes,True,22.99,BTC,2026-04-10 00:00:10+00:00,2026-04-10 00:00:00+00:00,0.0,0.685,True
2026-04-10 00:01:14,KXBTCD-26APR0921-T71699.99,0.61,trade,yes,True,31.97,BTC,2026-04-10 00:01:14+00:00,2026-04-10 00:00:00+00:00,0.0,0.61,True
2026-04-10 00:02:18,KXBTCD-26APR0921-T71499.99,0.845,trade,yes,True,9.17,BTC,2026-04-10 00:02:18+00:00,2026-04-10 00:00:00+00:00,0.0,0.845,True
2026-04-10 01:01:24,KXBTCD-26APR0922-T72099.99,0.295,trade,no,False,-50.0,BTC,2026-04-10 01:01:24+00:00,2026-04-10 01:00:00+00:00,0.0,0.7050000000000001,False
2026-04-10 01:11:59,KXBTCD-26APR0922-T72199.99,0.255,trade,no,True,17.11,BTC,2026-04-10 01:11:59+00:00,2026-04-10 01:00:00+00:00,0.0,0.745,True
2026-04-10 01:22:34,KXBTCD-26APR0922-T71899.99,0.255,trade,yes,True,146.08,BTC,2026-04-10 01:22:34+00:00,2026-04-10 01:00:00+00:00,0.0,0.255,True
2026-04-10 02:02:50,KXBTCD-26APR0923-T71999.99,0.73,trade,yes,False,-50.0,BTC,2026-04-10 02:02:50+00:00,2026-04-10 02:00:00+00:00,0.0,0.73,False
2026-04-10 02:08:09,KXBTCD-26APR0923-T72299.99,0.41,trade,yes,False,-50.0,BTC,2026-04-10 02:08:09+00:00,2026-04-10 02:00:00+00:00,0.0,0.41,False
2026-04-10 02:09:12,KXBTCD-26APR0923-T72199.99,0.56,trade,yes,False,-50.0,BTC,2026-04-10 02:09:12+00:00,2026-04-10 02:00:00+00:00,0.0,0.56,False
2026-04-10 03:06:56,KXBTCD-26APR1000-T71999.99,0.385,trade,yes,False,-33.89,BTC,2026-04-10 03:06:56+00:00,2026-04-10 03:00:00+00:00,0.0,0.385,False
2026-04-10 03:11:10,KXBTCD-26APR1000-T72099.99,0.195,trade,yes,False,-30.88,BTC,2026-04-10 03:11:10+00:00,2026-04-10 03:00:00+00:00,0.0,0.195,False
2026-04-10 06:37:38,KXBTCD-26APR1003-T71999.99,0.245,trade,no,True,16.23,BTC,2026-04-10 06:37:38+00:00,2026-04-10 06:00:00+00:00,0.0,0.755,True
2026-04-10 06:40:49,KXBTCD-26APR1003-T71899.99,0.72,trade,yes,False,-50.0,BTC,2026-04-10 06:40:49+00:00,2026-04-10 06:00:00+00:00,0.0,0.72,False
2026-04-10 07:05:18,KXBTCD-26APR1004-T71699.99,0.665,trade,yes,False,-50.0,BTC,2026-04-10 07:05:18+00:00,2026-04-10 07:00:00+00:00,0.0,0.665,False
2026-04-10 07:13:47,KXBTCD-26APR1004-T71599.99,0.75,trade,yes,False,-50.0,BTC,2026-04-10 07:13:47+00:00,2026-04-10 07:00:00+00:00,0.0,0.75,False
2026-04-10 07:20:08,KXBTCD-26APR1004-T71899.99,0.205,trade,no,True,12.89,BTC,2026-04-10 07:20:08+00:00,2026-04-10 07:00:00+00:00,0.0,0.795,True
2026-04-10 08:00:21,KXBTCD-26APR1005-T71499.99,0.505,trade,yes,True,49.01,BTC,2026-04-10 08:00:21+00:00,2026-04-10 08:00:00+00:00,1.0,0.505,True
2026-04-10 08:03:32,KXBTCD-26APR1005-T71399.99,0.665,trade,yes,True,25.19,BTC,2026-04-10 08:03:32+00:00,2026-04-10 08:00:00+00:00,1.0,0.665,True
2026-04-10 08:04:36,KXBTCD-26APR1005-T71299.99,0.745,trade,yes,True,17.11,BTC,2026-04-10 08:04:36+00:00,2026-04-10 08:00:00+00:00,1.0,0.745,True
2026-04-10 09:34:41,KXBTCD-26APR1006-T71899.99,0.22,trade,no,True,14.1,BTC,2026-04-10 09:34:41+00:00,2026-04-10 09:00:00+00:00,1.0,0.78,True
2026-04-10 10:02:13,KXBTCD-26APR1007-T71899.99,0.28,trade,no,False,-50.0,BTC,2026-04-10 10:02:13+00:00,2026-04-10 10:00:00+00:00,1.0,0.72,False
2026-04-10 10:03:16,KXBTCD-26APR1007-T71699.99,0.7,trade,yes,True,21.43,BTC,2026-04-10 10:03:16+00:00,2026-04-10 10:00:00+00:00,1.0,0.7,True
2026-04-10 10:28:42,KXBTCD-26APR1007-T71799.99,0.295,trade,no,False,-50.0,BTC,2026-04-10 10:28:42+00:00,2026-04-10 10:00:00+00:00,1.0,0.7050000000000001,False
2026-04-10 11:00:29,KXBTCD-26APR1008-T72099.99,0.185,trade,no,False,-50.0,BTC,2026-04-10 11:00:29+00:00,2026-04-10 11:00:00+00:00,1.0,0.815,False
2026-04-10 11:08:58,KXBTCD-26APR1008-T72199.99,0.2,trade,no,True,12.5,BTC,2026-04-10 11:08:58+00:00,2026-04-10 11:00:00+00:00,1.0,0.8,True
2026-04-10 11:13:14,KXBTCD-26APR1008-T72299.99,0.215,trade,no,True,13.69,BTC,2026-04-10 11:13:14+00:00,2026-04-10 11:00:00+00:00,1.0,0.785,True
2026-04-10 12:00:46,KXBTCD-26APR1009-T72299.99,0.28,trade,no,True,19.44,BTC,2026-04-10 12:00:46+00:00,2026-04-10 12:00:00+00:00,1.0,0.72,True
2026-04-10 12:01:50,KXBTCD-26APR1009-T71999.99,0.74,trade,yes,True,17.57,BTC,2026-04-10 12:01:50+00:00,2026-04-10 12:00:00+00:00,1.0,0.74,True
2026-04-10 12:12:26,KXBTCD-26APR1009-T72199.99,0.345,trade,no,False,-50.0,BTC,2026-04-10 12:12:26+00:00,2026-04-10 12:00:00+00:00,1.0,0.655,False
2026-04-10 13:01:05,KXBTCD-26APR1010-T71999.99,0.705,trade,yes,True,20.92,BTC,2026-04-10 13:01:05+00:00,2026-04-10 13:00:00+00:00,1.0,0.705,True
2026-04-10 13:04:15,KXBTCD-26APR1010-T72299.99,0.405,trade,no,False,-50.0,BTC,2026-04-10 13:04:15+00:00,2026-04-10 13:00:00+00:00,1.0,0.595,False
2026-04-10 13:08:30,KXBTCD-26APR1010-T72399.99,0.36,trade,no,True,28.12,BTC,2026-04-10 13:08:30+00:00,2026-04-10 13:00:00+00:00,1.0,0.64,True
2026-04-10 14:42:55,KXBTCD-26APR1011-T72999.99,0.415,trade,yes,False,-50.0,BTC,2026-04-10 14:42:55+00:00,2026-04-10 14:00:00+00:00,1.0,0.415,False
2026-04-10 15:30:12,KXBTCD-26APR1012-T73199.99,0.165,trade,yes,False,-50.0,BTC,2026-04-10 15:30:12+00:00,2026-04-10 15:00:00+00:00,0.0,0.165,False
2026-04-10 15:53:29,KXBTCD-26APR1013-T72599.99,0.305,trade,yes,True,113.93,BTC,2026-04-10 15:53:29+00:00,2026-04-10 15:00:00+00:00,0.0,0.305,True
2026-04-10 16:52:18,KXBTCD-26APR1013-T72999.99,0.13,trade,yes,True,294.93,BTC,2026-04-10 16:52:18+00:00,2026-04-10 16:00:00+00:00,0.0,0.13,True
2026-04-10 17:00:43,KXBTCD-26APR1014-T73099.99,0.355,trade,yes,True,90.85,BTC,2026-04-10 17:00:43+00:00,2026-04-10 17:00:00+00:00,0.0,0.355,True
2026-04-10 17:11:14,KXBTCD-26APR1014-T72899.99,0.415,trade,yes,True,70.48,BTC,2026-04-10 17:11:14+00:00,2026-04-10 17:00:00+00:00,0.0,0.415,True
2026-04-10 17:21:44,KXBTCD-26APR1014-T72999.99,0.345,trade,yes,True,94.93,BTC,2026-04-10 17:21:44+00:00,2026-04-10 17:00:00+00:00,0.0,0.345,True
2026-04-10 18:03:50,KXBTCD-26APR1015-T73099.99,0.385,trade,yes,True,79.87,BTC,2026-04-10 18:03:50+00:00,2026-04-10 18:00:00+00:00,0.0,0.385,True
2026-04-10 18:17:28,KXBTCD-26APR1015-T73299.99,0.18,trade,yes,False,-50.0,BTC,2026-04-10 18:17:28+00:00,2026-04-10 18:00:00+00:00,0.0,0.18,False
2026-04-10 18:27:42,KXBTCD-26APR1015-T72999.99,0.415,trade,yes,True,70.48,BTC,2026-04-10 18:27:42+00:00,2026-04-10 18:00:00+00:00,0.0,0.415,True
2026-04-10 19:00:11,KXBTCD-26APR1017-T72999.99,0.625,trade,yes,True,30.0,BTC,2026-04-10 19:00:11+00:00,2026-04-10 19:00:00+00:00,0.0,0.625,True
2026-04-10 19:01:14,KXBTCD-26APR1016-T73299.99,0.28,trade,no,True,19.44,BTC,2026-04-10 19:01:14+00:00,2026-04-10 19:00:00+00:00,0.0,0.72,True
2026-04-10 19:09:37,KXBTCD-26APR1017-T72999.99,0.635,trade,yes,True,28.74,BTC,2026-04-10 19:09:37+00:00,2026-04-10 19:00:00+00:00,0.0,0.635,True
2026-04-10 19:10:40,KXBTCD-26APR1016-T72999.99,0.74,trade,yes,True,17.57,BTC,2026-04-10 19:10:40+00:00,2026-04-10 19:00:00+00:00,0.0,0.74,True
2026-04-10 19:11:43,KXBTCD-26APR1016-T73399.99,0.205,trade,no,True,12.89,BTC,2026-04-10 19:11:43+00:00,2026-04-10 19:00:00+00:00,0.0,0.795,True
2026-04-10 19:22:12,KXBTCD-26APR1017-T73499.99,0.125,trade,yes,False,-41.06,BTC,2026-04-10 19:22:12+00:00,2026-04-10 19:00:00+00:00,0.0,0.125,False
2026-04-10 21:06:55,KXBTCD-26APR1018-T73399.99,0.285,trade,yes,False,-50.0,BTC,2026-04-10 21:06:55+00:00,2026-04-10 21:00:00+00:00,0.0,0.285,False
2026-04-10 21:07:20,KXBTCD-26APR1018-T73499.99,0.155,trade,yes,False,-50.0,BTC,2026-04-10 21:07:20+00:00,2026-04-10 21:00:00+00:00,0.0,0.155,False
2026-04-10 21:17:24,KXBTCD-26APR1018-T73299.99,0.215,trade,yes,False,-50.0,BTC,2026-04-10 21:17:24+00:00,2026-04-10 21:00:00+00:00,0.0,0.215,False
2026-04-10 22:00:23,KXBTCD-26APR1019-T73199.99,0.55,trade,yes,False,-50.0,BTC,2026-04-10 22:00:23+00:00,2026-04-10 22:00:00+00:00,0.0,0.55,False
2026-04-10 22:10:31,KXBTCD-26APR1019-T73299.99,0.265,trade,yes,False,-50.0,BTC,2026-04-10 22:10:31+00:00,2026-04-10 22:00:00+00:00,0.0,0.265,False
2026-04-10 22:20:59,KXBTCD-26APR1019-T73099.99,0.415,trade,yes,False,-50.0,BTC,2026-04-10 22:20:59+00:00,2026-04-10 22:00:00+00:00,0.0,0.415,False
2026-04-10 23:00:53,KXBTCD-26APR1020-T72899.99,0.415,trade,yes,True,70.48,BTC,2026-04-10 23:00:53+00:00,2026-04-10 23:00:00+00:00,0.0,0.415,True
2026-04-10 23:11:24,KXBTCD-26APR1020-T72999.99,0.195,trade,yes,False,-50.0,BTC,2026-04-10 23:11:24+00:00,2026-04-10 23:00:00+00:00,0.0,0.195,False
2026-04-10 23:21:53,KXBTCD-26APR1020-T73099.99,0.14,trade,yes,False,-50.0,BTC,2026-04-10 23:21:53+00:00,2026-04-10 23:00:00+00:00,0.0,0.14,False
2026-04-11 00:06:48,KXBTCD-26APR1021-T72999.99,0.225,trade,yes,False,-50.0,BTC,2026-04-11 00:06:48+00:00,2026-04-11 00:00:00+00:00,0.0,0.225,False
2026-04-11 00:17:08,KXBTCD-26APR1021-T72899.99,0.545,trade,yes,False,-50.0,BTC,2026-04-11 00:17:08+00:00,2026-04-11 00:00:00+00:00,0.0,0.545,False
2026-04-11 00:27:43,KXBTCD-26APR1021-T73099.99,0.075,trade,yes,False,-50.0,BTC,2026-04-11 00:27:43+00:00,2026-04-11 00:00:00+00:00,0.0,0.075,False
2026-04-11 01:00:35,KXBTCD-26APR1022-T72799.99,0.685,trade,yes,True,22.99,BTC,2026-04-11 01:00:35+00:00,2026-04-11 01:00:00+00:00,0.0,0.685,True
2026-04-11 01:11:15,KXBTCD-26APR1022-T72999.99,0.155,trade,yes,False,-50.0,BTC,2026-04-11 01:11:15+00:00,2026-04-11 01:00:00+00:00,0.0,0.155,False
2026-04-11 01:29:15,KXBTCD-26APR1022-T72899.99,0.22,trade,yes,True,177.27,BTC,2026-04-11 01:29:15+00:00,2026-04-11 01:00:00+00:00,0.0,0.22,True
2026-04-11 02:01:00,KXBTCD-26APR1023-T73099.99,0.22,trade,yes,False,-50.0,BTC,2026-04-11 02:01:00+00:00,2026-04-11 02:00:00+00:00,0.0,0.22,False
2026-04-11 02:11:37,KXBTCD-26APR1023-T72999.99,0.48,trade,yes,False,-50.0,BTC,2026-04-11 02:11:37+00:00,2026-04-11 02:00:00+00:00,0.0,0.48,False
2026-04-11 02:22:12,KXBTCD-26APR1023-T73199.99,0.1,trade,yes,False,-47.08,BTC,2026-04-11 02:22:12+00:00,2026-04-11 02:00:00+00:00,0.0,0.1,False
2026-04-11 03:00:23,KXBTCD-26APR1100-T73099.99,0.31,trade,yes,False,-50.0,BTC,2026-04-11 03:00:23+00:00,2026-04-11 03:00:00+00:00,0.0,0.31,False
2026-04-11 03:10:58,KXBTCD-26APR1100-T72999.99,0.71,trade,yes,False,-50.0,BTC,2026-04-11 03:10:58+00:00,2026-04-11 03:00:00+00:00,0.0,0.71,False
2026-04-11 03:21:33,KXBTCD-26APR1100-T73199.99,0.135,trade,yes,False,-50.0,BTC,2026-04-11 03:21:33+00:00,2026-04-11 03:00:00+00:00,0.0,0.135,False
2026-04-11 04:03:58,KXBTCD-26APR1101-T72999.99,0.185,trade,yes,False,-50.0,BTC,2026-04-11 04:03:58+00:00,2026-04-11 04:00:00+00:00,0.0,0.185,False
2026-04-11 04:14:36,KXBTCD-26APR1101-T72899.99,0.435,trade,yes,False,-50.0,BTC,2026-04-11 04:14:36+00:00,2026-04-11 04:00:00+00:00,0.0,0.435,False
2026-04-11 04:25:12,KXBTCD-26APR1101-T72699.99,0.56,trade,yes,True,39.29,BTC,2026-04-11 04:25:12+00:00,2026-04-11 04:00:00+00:00,0.0,0.56,True
2026-04-11 05:07:43,KXBTCD-26APR1102-T72799.99,0.585,trade,yes,False,-50.0,BTC,2026-04-11 05:07:43+00:00,2026-04-11 05:00:00+00:00,0.0,0.585,False
2026-04-11 05:18:21,KXBTCD-26APR1102-T72699.99,0.705,trade,yes,True,20.92,BTC,2026-04-11 05:18:21+00:00,2026-04-11 05:00:00+00:00,0.0,0.705,True
2026-04-11 05:25:46,KXBTCD-26APR1102-T72899.99,0.245,trade,no,True,16.23,BTC,2026-04-11 05:25:46+00:00,2026-04-11 05:00:00+00:00,0.0,0.755,True
2026-04-11 06:18:34,KXBTCD-26APR1103-T72699.99,0.685,trade,yes,True,22.99,BTC,2026-04-11 06:18:34+00:00,2026-04-11 06:00:00+00:00,0.0,0.685,True
2026-04-11 06:56:29,KXBTCD-26APR1103-T72799.99,0.595,trade,yes,True,34.03,BTC,2026-04-11 06:56:29+00:00,2026-04-11 06:00:00+00:00,0.0,0.595,True
2026-04-11 07:00:43,KXBTCD-26APR1104-T72699.99,0.795,trade,yes,True,12.89,BTC,2026-04-11 07:00:43+00:00,2026-04-11 07:00:00+00:00,0.0,0.795,True
2026-04-11 07:04:58,KXBTCD-26APR1104-T72899.99,0.25,trade,no,True,16.67,BTC,2026-04-11 07:04:58+00:00,2026-04-11 07:00:00+00:00,0.0,0.75,True
2026-04-11 07:24:00,KXBTCD-26APR1104-T72799.99,0.66,trade,yes,False,-50.0,BTC,2026-04-11 07:24:00+00:00,2026-04-11 07:00:00+00:00,0.0,0.66,False
2026-04-11 08:01:06,KXBTCD-26APR1105-T72699.99,0.715,trade,yes,True,19.93,BTC,2026-04-11 08:01:06+00:00,2026-04-11 08:00:00+00:00,0.0,0.715,True
2026-04-11 08:11:41,KXBTCD-26APR1105-T72799.99,0.575,trade,yes,False,-50.0,BTC,2026-04-11 08:11:41+00:00,2026-04-11 08:00:00+00:00,0.0,0.575,False
2026-04-11 08:12:44,KXBTCD-26APR1105-T72899.99,0.24,trade,no,True,15.79,BTC,2026-04-11 08:12:44+00:00,2026-04-11 08:00:00+00:00,0.0,0.76,True
2026-04-11 09:00:20,KXBTCD-26APR1106-T72699.99,0.495,trade,yes,True,51.01,BTC,2026-04-11 09:00:20+00:00,2026-04-11 09:00:00+00:00,0.0,0.495,True
2026-04-11 09:01:23,KXBTCD-26APR1106-T72799.99,0.235,trade,no,False,-50.0,BTC,2026-04-11 09:01:23+00:00,2026-04-11 09:00:00+00:00,0.0,0.765,False
2026-04-11 09:17:16,KXBTCD-26APR1106-T72899.99,0.22,trade,no,False,-50.0,BTC,2026-04-11 09:17:16+00:00,2026-04-11 09:00:00+00:00,0.0,0.78,False
2026-04-11 10:00:39,KXBTCD-26APR1107-T72899.99,0.615,trade,yes,False,-50.0,BTC,2026-04-11 10:00:39+00:00,2026-04-11 10:00:00+00:00,0.0,0.615,False
2026-04-11 10:04:53,KXBTCD-26APR1107-T72999.99,0.245,trade,no,True,16.23,BTC,2026-04-11 10:04:53+00:00,2026-04-11 10:00:00+00:00,0.0,0.755,True
2026-04-11 10:12:18,KXBTCD-26APR1107-T72799.99,0.665,trade,yes,True,25.19,BTC,2026-04-11 10:12:18+00:00,2026-04-11 10:00:00+00:00,0.0,0.665,True
2026-04-11 11:00:56,KXBTCD-26APR1108-T72799.99,0.75,trade,yes,True,16.67,BTC,2026-04-11 11:00:56+00:00,2026-04-11 11:00:00+00:00,0.0,0.75,True
2026-04-11 11:11:32,KXBTCD-26APR1108-T72899.99,0.495,trade,yes,True,51.01,BTC,2026-04-11 11:11:32+00:00,2026-04-11 11:00:00+00:00,0.0,0.495,True
2026-04-11 12:00:11,KXBTCD-26APR1109-T72899.99,0.63,trade,yes,True,29.37,BTC,2026-04-11 12:00:11+00:00,2026-04-11 12:00:00+00:00,0.0,0.63,True
2026-04-11 12:13:56,KXBTCD-26APR1109-T72999.99,0.255,trade,no,True,17.11,BTC,2026-04-11 12:13:56+00:00,2026-04-11 12:00:00+00:00,0.0,0.745,True
2026-04-11 13:00:25,KXBTCD-26APR1110-T72899.99,0.6,trade,yes,False,-50.0,BTC,2026-04-11 13:00:25+00:00,2026-04-11 13:00:00+00:00,0.0,0.6,False
2026-04-11 13:11:01,KXBTCD-26APR1110-T72499.99,0.675,trade,yes,True,24.07,BTC,2026-04-11 13:11:01+00:00,2026-04-11 13:00:00+00:00,0.0,0.675,True
2026-04-11 13:27:54,KXBTCD-26APR1110-T72699.99,0.62,trade,yes,True,30.65,BTC,2026-04-11 13:27:54+00:00,2026-04-11 13:00:00+00:00,0.0,0.62,True
2026-04-11 14:00:41,KXBTCD-26APR1111-T72599.99,0.67,trade,yes,True,24.63,BTC,2026-04-11 14:00:41+00:00,2026-04-11 14:00:00+00:00,0.0,0.67,True
2026-04-11 14:01:45,KXBTCD-26APR1111-T72799.99,0.205,trade,no,True,12.89,BTC,2026-04-11 14:01:45+00:00,2026-04-11 14:00:00+00:00,0.0,0.795,True
2026-04-11 14:11:17,KXBTCD-26APR1111-T72699.99,0.615,trade,yes,True,31.3,BTC,2026-04-11 14:11:17+00:00,2026-04-11 14:00:00+00:00,0.0,0.615,True
2026-04-11 15:28:00,KXBTCD-26APR1112-T72899.99,0.215,trade,no,True,13.69,BTC,2026-04-11 15:28:00+00:00,2026-04-11 15:00:00+00:00,0.0,0.785,True
2026-04-11 15:32:12,KXBTCD-26APR1112-T72799.99,0.575,trade,yes,True,36.96,BTC,2026-04-11 15:32:12+00:00,2026-04-11 15:00:00+00:00,0.0,0.575,True
2026-04-11 16:00:38,KXBTCD-26APR1113-T72799.99,0.725,trade,yes,True,18.97,BTC,2026-04-11 16:00:38+00:00,2026-04-11 16:00:00+00:00,0.0,0.725,True
2026-04-11 16:05:54,KXBTCD-26APR1113-T72999.99,0.225,trade,no,False,-50.0,BTC,2026-04-11 16:05:54+00:00,2026-04-11 16:00:00+00:00,0.0,0.775,False
2026-04-11 16:16:54,KXBTCD-26APR1113-T72899.99,0.625,trade,yes,True,30.0,BTC,2026-04-11 16:16:54+00:00,2026-04-11 16:00:00+00:00,0.0,0.625,True
2026-04-11 17:04:13,KXBTCD-26APR1114-T73199.99,0.26,trade,no,True,17.57,BTC,2026-04-11 17:04:13+00:00,2026-04-11 17:00:00+00:00,0.0,0.74,True
2026-04-11 17:05:17,KXBTCD-26APR1114-T72999.99,0.63,trade,yes,True,29.37,BTC,2026-04-11 17:05:17+00:00,2026-04-11 17:00:00+00:00,0.0,0.63,True
2026-04-11 17:16:52,KXBTCD-26APR1114-T72899.99,0.74,trade,yes,True,17.57,BTC,2026-04-11 17:16:52+00:00,2026-04-11 17:00:00+00:00,0.0,0.74,True
2026-04-11 18:01:00,KXBTCD-26APR1115-T72999.99,0.805,trade,yes,True,12.11,BTC,2026-04-11 18:01:00+00:00,2026-04-11 18:00:00+00:00,0.0,0.805,True
2026-04-11 18:02:03,KXBTCD-26APR1115-T73199.99,0.295,trade,no,False,-50.0,BTC,2026-04-11 18:02:03+00:00,2026-04-11 18:00:00+00:00,0.0,0.7050000000000001,False
2026-04-11 18:15:44,KXBTCD-26APR1115-T73099.99,0.695,trade,yes,True,21.94,BTC,2026-04-11 18:15:44+00:00,2026-04-11 18:00:00+00:00,0.0,0.695,True
2026-04-11 19:00:56,KXBTCD-26APR1117-T73499.99,0.58,trade,yes,False,-50.0,BTC,2026-04-11 19:00:56+00:00,2026-04-11 19:00:00+00:00,0.0,0.58,False
2026-04-11 19:01:58,KXBTCD-26APR1116-T73699.99,0.305,trade,yes,True,66.54,BTC,2026-04-11 19:01:58+00:00,2026-04-11 19:00:00+00:00,0.0,0.305,True
2026-04-11 19:12:31,KXBTCD-26APR1116-T73799.99,0.245,trade,yes,False,-43.41,BTC,2026-04-11 19:12:31+00:00,2026-04-11 19:00:00+00:00,0.0,0.245,False
2026-04-11 20:03:55,KXBTCD-26APR1117-T73749.99,0.25,trade,no,True,16.67,BTC,2026-04-11 20:03:55+00:00,2026-04-11 20:00:00+00:00,0.0,0.75,True
2026-04-11 20:36:29,KXBTCD-26APR1117-T73249.99,0.745,trade,yes,True,17.11,BTC,2026-04-11 20:36:29+00:00,2026-04-11 20:00:00+00:00,0.0,0.745,True
2026-04-11 21:01:04,KXBTCD-26APR1118-T73199.99,0.73,trade,yes,True,18.49,BTC,2026-04-11 21:01:04+00:00,2026-04-11 21:00:00+00:00,0.0,0.73,True
2026-04-11 21:02:09,KXBTCD-26APR1118-T73399.99,0.28,trade,no,False,-50.0,BTC,2026-04-11 21:02:09+00:00,2026-04-11 21:00:00+00:00,0.0,0.72,False
2026-04-11 21:11:45,KXBTCD-26APR1118-T73299.99,0.725,trade,yes,True,18.97,BTC,2026-04-11 21:11:45+00:00,2026-04-11 21:00:00+00:00,0.0,0.725,True
2026-04-11 22:01:59,KXBTCD-26APR1119-T73299.99,0.735,trade,yes,True,18.03,BTC,2026-04-11 22:01:59+00:00,2026-04-11 22:00:00+00:00,0.0,0.735,True
2026-04-11 22:04:08,KXBTCD-26APR1119-T73599.99,0.21,trade,no,True,13.29,BTC,2026-04-11 22:04:08+00:00,2026-04-11 22:00:00+00:00,0.0,0.79,True
2026-04-11 22:44:43,KXBTCD-26APR1119-T73499.99,0.075,trade,yes,False,-17.1,BTC,2026-04-11 22:44:43+00:00,2026-04-11 22:00:00+00:00,0.0,0.075,False
2026-04-11 23:00:44,KXBTCD-26APR1120-T73299.99,0.62,trade,yes,False,-50.0,BTC,2026-04-11 23:00:44+00:00,2026-04-11 23:00:00+00:00,0.0,0.62,False
2026-04-11 23:01:48,KXBTCD-26APR1120-T73499.99,0.225,trade,no,True,14.52,BTC,2026-04-11 23:01:48+00:00,2026-04-11 23:00:00+00:00,0.0,0.775,True
2026-04-11 23:11:24,KXBTCD-26APR1120-T73199.99,0.205,trade,yes,False,-39.6,BTC,2026-04-11 23:11:24+00:00,2026-04-11 23:00:00+00:00,0.0,0.205,False
2026-04-12 00:00:33,KXBTCD-26APR1121-T73199.99,0.21,trade,no,True,13.29,BTC,2026-04-12 00:00:33+00:00,2026-04-12 00:00:00+00:00,0.0,0.79,True
2026-04-12 00:01:37,KXBTCD-26APR1121-T72999.99,0.615,trade,yes,True,31.3,BTC,2026-04-12 00:01:37+00:00,2026-04-12 00:00:00+00:00,0.0,0.615,True
2026-04-12 00:20:50,KXBTCD-26APR1121-T73099.99,0.395,trade,no,False,-50.0,BTC,2026-04-12 00:20:50+00:00,2026-04-12 00:00:00+00:00,0.0,0.605,False
2026-04-12 01:04:44,KXBTCD-26APR1122-T73199.99,0.225,trade,no,True,14.52,BTC,2026-04-12 01:04:44+00:00,2026-04-12 01:00:00+00:00,0.0,0.775,True
2026-04-12 01:27:12,KXBTCD-26APR1122-T72999.99,0.675,trade,yes,False,-50.0,BTC,2026-04-12 01:27:12+00:00,2026-04-12 01:00:00+00:00,0.0,0.675,False
2026-04-12 01:37:56,KXBTCD-26APR1122-T72599.99,0.115,trade,yes,False,-39.05,BTC,2026-04-12 01:37:56+00:00,2026-04-12 01:00:00+00:00,0.0,0.115,False
2026-04-12 02:00:26,KXBTCD-26APR1123-T71999.99,0.18,trade,yes,False,-23.89,BTC,2026-04-12 02:00:26+00:00,2026-04-12 02:00:00+00:00,1.0,0.18,False
2026-04-12 02:11:07,KXBTCD-26APR1123-T72099.99,0.125,trade,yes,False,-25.64,BTC,2026-04-12 02:11:07+00:00,2026-04-12 02:00:00+00:00,1.0,0.125,False
2026-04-12 02:21:53,KXBTCD-26APR1123-T72199.99,0.145,trade,yes,False,-22.32,BTC,2026-04-12 02:21:53+00:00,2026-04-12 02:00:00+00:00,1.0,0.145,False
2026-04-12 03:00:26,KXBTCD-26APR1200-T71899.99,0.35,trade,no,True,26.92,BTC,2026-04-12 03:00:26+00:00,2026-04-12 03:00:00+00:00,1.0,0.65,True
2026-04-12 03:11:11,KXBTCD-26APR1200-T71599.99,0.705,trade,yes,True,20.92,BTC,2026-04-12 03:11:11+00:00,2026-04-12 03:00:00+00:00,1.0,0.705,True
2026-04-12 03:12:18,KXBTCD-26APR1200-T71799.99,0.285,trade,no,True,19.93,BTC,2026-04-12 03:12:18+00:00,2026-04-12 03:00:00+00:00,1.0,0.7150000000000001,True
2026-04-12 04:01:07,KXBTCD-26APR1201-T71799.99,0.255,trade,no,True,17.11,BTC,2026-04-12 04:01:07+00:00,2026-04-12 04:00:00+00:00,1.0,0.745,True
2026-04-12 04:19:36,KXBTCD-26APR1201-T71699.99,0.235,trade,no,True,15.36,BTC,2026-04-12 04:19:36+00:00,2026-04-12 04:00:00+00:00,1.0,0.765,True
2026-04-12 04:37:38,KXBTCD-26APR1201-T71499.99,0.72,trade,yes,False,-50.0,BTC,2026-04-12 04:37:38+00:00,2026-04-12 04:00:00+00:00,1.0,0.72,False
2026-04-12 05:00:59,KXBTCD-26APR1202-T71599.99,0.26,trade,no,False,-50.0,BTC,2026-04-12 05:00:59+00:00,2026-04-12 05:00:00+00:00,1.0,0.74,False
2026-04-12 05:02:03,KXBTCD-26APR1202-T71399.99,0.635,trade,yes,True,28.74,BTC,2026-04-12 05:02:03+00:00,2026-04-12 05:00:00+00:00,1.0,0.635,True
2026-04-12 05:11:42,KXBTCD-26APR1202-T71699.99,0.24,trade,no,False,-50.0,BTC,2026-04-12 05:11:42+00:00,2026-04-12 05:00:00+00:00,1.0,0.76,False
2026-04-12 06:00:59,KXBTCD-26APR1203-T71699.99,0.615,trade,yes,False,-50.0,BTC,2026-04-12 06:00:59+00:00,2026-04-12 06:00:00+00:00,1.0,0.615,False
2026-04-12 06:02:03,KXBTCD-26APR1203-T71899.99,0.17,trade,no,True,10.24,BTC,2026-04-12 06:02:03+00:00,2026-04-12 06:00:00+00:00,1.0,0.83,True
2026-04-12 06:17:04,KXBTCD-26APR1203-T71799.99,0.335,trade,no,True,25.19,BTC,2026-04-12 06:17:04+00:00,2026-04-12 06:00:00+00:00,1.0,0.665,True
2026-04-12 07:00:05,KXBTCD-26APR1204-T71599.99,0.705,trade,yes,True,20.92,BTC,2026-04-12 07:00:05+00:00,2026-04-12 07:00:00+00:00,1.0,0.705,True
2026-04-12 07:05:29,KXBTCD-26APR1204-T71699.99,0.295,trade,no,False,-50.0,BTC,2026-04-12 07:05:29+00:00,2026-04-12 07:00:00+00:00,1.0,0.7050000000000001,False
2026-04-12 07:16:15,KXBTCD-26APR1204-T71799.99,0.155,trade,no,True,9.17,BTC,2026-04-12 07:16:15+00:00,2026-04-12 07:00:00+00:00,1.0,0.845,True
2026-04-12 08:00:11,KXBTCD-26APR1205-T71799.99,0.32,trade,no,True,23.53,BTC,2026-04-12 08:00:11+00:00,2026-04-12 08:00:00+00:00,1.0,0.6799999999999999,True
2026-04-12 08:01:16,KXBTCD-26APR1205-T71699.99,0.555,trade,yes,False,-49.05,BTC,2026-04-12 08:01:16+00:00,2026-04-12 08:00:00+00:00,1.0,0.555,False
2026-04-12 08:11:59,KXBTCD-26APR1205-T71599.99,0.735,trade,yes,True,18.03,BTC,2026-04-12 08:11:59+00:00,2026-04-12 08:00:00+00:00,1.0,0.735,True
2026-04-12 09:04:33,KXBTCD-26APR1206-T71699.99,0.235,trade,no,True,15.36,BTC,2026-04-12 09:04:33+00:00,2026-04-12 09:00:00+00:00,1.0,0.765,True
2026-04-12 09:18:31,KXBTCD-26APR1206-T71599.99,0.625,trade,yes,False,-50.0,BTC,2026-04-12 09:18:31+00:00,2026-04-12 09:00:00+00:00,1.0,0.625,False
2026-04-12 10:11:01,KXBTCD-26APR1207-T71599.99,0.64,trade,yes,False,-50.0,BTC,2026-04-12 10:11:01+00:00,2026-04-12 10:00:00+00:00,1.0,0.64,False
2026-04-12 10:34:36,KXBTCD-26APR1207-T71699.99,0.165,trade,no,True,9.88,BTC,2026-04-12 10:34:36+00:00,2026-04-12 10:00:00+00:00,1.0,0.835,True
2026-04-12 10:49:41,KXBTCD-26APR1207-T71499.99,0.785,trade,yes,False,-50.0,BTC,2026-04-12 10:49:41+00:00,2026-04-12 10:00:00+00:00,1.0,0.785,False
2026-04-12 11:03:38,KXBTCD-26APR1208-T71499.99,0.42,trade,yes,True,69.05,BTC,2026-04-12 11:03:38+00:00,2026-04-12 11:00:00+00:00,1.0,0.42,True
2026-04-12 11:10:06,KXBTCD-26APR1208-T71599.99,0.21,trade,no,True,13.29,BTC,2026-04-12 11:10:06+00:00,2026-04-12 11:00:00+00:00,1.0,0.79,True
2026-04-12 12:00:18,KXBTCD-26APR1209-T71599.99,0.195,trade,no,True,12.11,BTC,2026-04-12 12:00:18+00:00,2026-04-12 12:00:00+00:00,1.0,0.8049999999999999,True
2026-04-12 12:13:13,KXBTCD-26APR1209-T71499.99,0.225,trade,no,True,14.52,BTC,2026-04-12 12:13:13+00:00,2026-04-12 12:00:00+00:00,1.0,0.775,True
2026-04-12 12:16:25,KXBTCD-26APR1209-T71399.99,0.585,trade,yes,False,-50.0,BTC,2026-04-12 12:16:25+00:00,2026-04-12 12:00:00+00:00,1.0,0.585,False
2026-04-12 13:09:59,KXBTCD-26APR1210-T70999.99,0.665,trade,yes,False,-50.0,BTC,2026-04-12 13:09:59+00:00,2026-04-12 13:00:00+00:00,2.0,0.665,False
2026-04-12 13:22:47,KXBTCD-26APR1210-T70899.99,0.75,trade,yes,True,16.67,BTC,2026-04-12 13:22:47+00:00,2026-04-12 13:00:00+00:00,2.0,0.75,True
2026-04-12 13:48:29,KXBTCD-26APR1210-T71099.99,0.195,trade,no,True,12.11,BTC,2026-04-12 13:48:29+00:00,2026-04-12 13:00:00+00:00,2.0,0.8049999999999999,True
2026-04-12 14:01:24,KXBTCD-26APR1211-T70799.99,0.69,trade,yes,False,-50.0,BTC,2026-04-12 14:01:24+00:00,2026-04-12 14:00:00+00:00,2.0,0.69,False
2026-04-12 14:06:46,KXBTCD-26APR1211-T71199.99,0.195,trade,no,True,12.11,BTC,2026-04-12 14:06:46+00:00,2026-04-12 14:00:00+00:00,2.0,0.8049999999999999,True
2026-04-12 14:13:09,KXBTCD-26APR1211-T70899.99,0.725,trade,yes,False,-50.0,BTC,2026-04-12 14:13:09+00:00,2026-04-12 14:00:00+00:00,2.0,0.725,False
2026-04-12 15:16:33,KXBTCD-26APR1212-T70799.99,0.635,trade,yes,True,28.74,BTC,2026-04-12 15:16:33+00:00,2026-04-12 15:00:00+00:00,2.0,0.635,True
2026-04-12 15:42:14,KXBTCD-26APR1212-T70999.99,0.09,trade,yes,False,-31.89,BTC,2026-04-12 15:42:14+00:00,2026-04-12 15:00:00+00:00,2.0,0.09,False
2026-04-12 16:00:26,KXBTCD-26APR1213-T70999.99,0.295,trade,no,True,20.92,BTC,2026-04-12 16:00:26+00:00,2026-04-12 16:00:00+00:00,2.0,0.7050000000000001,True
2026-04-12 16:07:56,KXBTCD-26APR1213-T70799.99,0.735,trade,yes,True,18.03,BTC,2026-04-12 16:07:56+00:00,2026-04-12 16:00:00+00:00,2.0,0.735,True
2026-04-12 16:12:15,KXBTCD-26APR1213-T71099.99,0.205,trade,no,True,12.89,BTC,2026-04-12 16:12:15+00:00,2026-04-12 16:00:00+00:00,2.0,0.795,True
2026-04-12 17:00:26,KXBTCD-26APR1214-T71099.99,0.23,trade,no,False,-50.0,BTC,2026-04-12 17:00:26+00:00,2026-04-12 17:00:00+00:00,2.0,0.77,False
2026-04-12 17:01:31,KXBTCD-26APR1214-T70899.99,0.675,trade,yes,True,24.07,BTC,2026-04-12 17:01:31+00:00,2026-04-12 17:00:00+00:00,2.0,0.675,True
2026-04-12 17:30:28,KXBTCD-26APR1214-T70999.99,0.645,trade,yes,True,27.52,BTC,2026-04-12 17:30:28+00:00,2026-04-12 17:00:00+00:00,2.0,0.645,True
2026-04-12 18:08:00,KXBTCD-26APR1215-T71299.99,0.235,trade,no,True,15.36,BTC,2026-04-12 18:08:00+00:00,2026-04-12 18:00:00+00:00,2.0,0.765,True
2026-04-12 18:19:49,KXBTCD-26APR1215-T71199.99,0.345,trade,no,True,26.34,BTC,2026-04-12 18:19:49+00:00,2026-04-12 18:00:00+00:00,2.0,0.655,True
2026-04-12 18:43:29,KXBTCD-26APR1215-T71099.99,0.735,trade,yes,True,18.03,BTC,2026-04-12 18:43:29+00:00,2026-04-12 18:00:00+00:00,2.0,0.735,True
2026-04-12 19:00:38,KXBTCD-26APR1216-T71099.99,0.7,trade,yes,True,21.43,BTC,2026-04-12 19:00:38+00:00,2026-04-12 19:00:00+00:00,2.0,0.7,True
2026-04-12 19:01:43,KXBTCD-26APR1217-T70999.99,0.685,trade,yes,True,22.99,BTC,2026-04-12 19:01:43+00:00,2026-04-12 19:00:00+00:00,2.0,0.685,True
2026-04-12 19:07:07,KXBTCD-26APR1216-T71299.99,0.205,trade,no,True,12.89,BTC,2026-04-12 19:07:07+00:00,2026-04-12 19:00:00+00:00,2.0,0.795,True
2026-04-12 19:12:28,KXBTCD-26APR1217-T71499.99,0.22,trade,no,True,14.1,BTC,2026-04-12 19:12:28+00:00,2026-04-12 19:00:00+00:00,2.0,0.78,True
2026-04-12 19:38:10,KXBTCD-26APR1217-T71249.99,0.295,trade,no,False,-50.0,BTC,2026-04-12 19:38:10+00:00,2026-04-12 19:00:00+00:00,2.0,0.7050000000000001,False
2026-04-12 21:04:52,KXBTCD-26APR1218-T71599.99,0.275,trade,no,True,18.97,BTC,2026-04-12 21:04:52+00:00,2026-04-12 21:00:00+00:00,2.0,0.725,True
2026-04-12 21:09:46,KXBTCD-26APR1218-T71199.99,0.745,trade,yes,True,17.11,BTC,2026-04-12 21:09:46+00:00,2026-04-12 21:00:00+00:00,2.0,0.745,True
2026-04-12 21:15:09,KXBTCD-26APR1218-T71399.99,0.255,trade,no,True,17.11,BTC,2026-04-12 21:15:09+00:00,2026-04-12 21:00:00+00:00,2.0,0.745,True
2026-04-12 22:00:17,KXBTCD-26APR1219-T71199.99,0.695,trade,yes,False,-50.0,BTC,2026-04-12 22:00:17+00:00,2026-04-12 22:00:00+00:00,2.0,0.695,False
2026-04-12 22:11:01,KXBTCD-26APR1219-T71099.99,0.325,trade,yes,False,-37.0,BTC,2026-04-12 22:11:01+00:00,2026-04-12 22:00:00+00:00,2.0,0.325,False
2026-04-12 22:31:41,KXBTCD-26APR1219-T70599.99,0.47,trade,yes,True,47.76,BTC,2026-04-12 22:31:41+00:00,2026-04-12 22:00:00+00:00,2.0,0.47,True
2026-04-12 23:00:23,KXBTCD-26APR1220-T70999.99,0.3,trade,no,True,21.43,BTC,2026-04-12 23:00:23+00:00,2026-04-12 23:00:00+00:00,2.0,0.7,True
2026-04-12 23:01:27,KXBTCD-26APR1220-T70599.99,0.675,trade,yes,True,24.07,BTC,2026-04-12 23:01:27+00:00,2026-04-12 23:00:00+00:00,2.0,0.675,True
2026-04-12 23:12:03,KXBTCD-26APR1220-T70899.99,0.305,trade,no,True,21.94,BTC,2026-04-12 23:12:03+00:00,2026-04-12 23:00:00+00:00,2.0,0.6950000000000001,True
2026-04-13 00:00:47,KXBTCD-26APR1221-T70799.99,0.34,trade,no,False,-50.0,BTC,2026-04-13 00:00:47+00:00,2026-04-13 00:00:00+00:00,2.0,0.6599999999999999,False
2026-04-13 00:10:52,KXBTCD-26APR1221-T70999.99,0.325,trade,no,False,-50.0,BTC,2026-04-13 00:10:52+00:00,2026-04-13 00:00:00+00:00,2.0,0.675,False
2026-04-13 00:21:06,KXBTCD-26APR1221-T71099.99,0.215,trade,no,False,-50.0,BTC,2026-04-13 00:21:06+00:00,2026-04-13 00:00:00+00:00,2.0,0.785,False
2026-04-13 02:00:07,KXBTCD-26APR1223-T71399.99,0.225,trade,no,True,14.52,BTC,2026-04-13 02:00:07+00:00,2026-04-13 02:00:00+00:00,2.0,0.775,True
2026-04-13 02:10:47,KXBTCD-26APR1223-T71299.99,0.21,trade,no,True,13.29,BTC,2026-04-13 02:10:47+00:00,2026-04-13 02:00:00+00:00,2.0,0.79,True
2026-04-13 02:21:35,KXBTCD-26APR1223-T71199.99,0.265,trade,no,True,18.03,BTC,2026-04-13 02:21:35+00:00,2026-04-13 02:00:00+00:00,2.0,0.735,True
2026-04-13 03:00:09,KXBTCD-26APR1300-T71199.99,0.27,trade,no,True,18.49,BTC,2026-04-13 03:00:09+00:00,2026-04-13 03:00:00+00:00,2.0,0.73,True
2026-04-13 04:00:37,KXBTCD-26APR1301-T71099.99,0.295,trade,no,True,20.92,BTC,2026-04-13 04:00:37+00:00,2026-04-13 04:00:00+00:00,2.0,0.7050000000000001,True
2026-04-13 05:11:02,KXBTCD-26APR1302-T70999.99,0.2,trade,no,True,12.5,BTC,2026-04-13 05:11:02+00:00,2026-04-13 05:00:00+00:00,2.0,0.8,True
2026-04-13 05:21:43,KXBTCD-26APR1302-T70899.99,0.315,trade,no,True,22.99,BTC,2026-04-13 05:21:43+00:00,2026-04-13 05:00:00+00:00,2.0,0.685,True
2026-04-13 06:00:08,KXBTCD-26APR1303-T70999.99,0.26,trade,no,False,-50.0,BTC,2026-04-13 06:00:08+00:00,2026-04-13 06:00:00+00:00,2.0,0.74,False
2026-04-13 06:12:57,KXBTCD-26APR1303-T71099.99,0.295,trade,no,True,20.92,BTC,2026-04-13 06:12:57+00:00,2026-04-13 06:00:00+00:00,2.0,0.7050000000000001,True
2026-04-13 07:01:59,KXBTCD-26APR1304-T71099.99,0.34,trade,no,True,25.76,BTC,2026-04-13 07:01:59+00:00,2026-04-13 07:00:00+00:00,2.0,0.6599999999999999,True
2026-04-13 07:13:42,KXBTCD-26APR1304-T70999.99,0.28,trade,no,True,19.44,BTC,2026-04-13 07:13:42+00:00,2026-04-13 07:00:00+00:00,2.0,0.72,True
2026-04-13 08:00:27,KXBTCD-26APR1305-T70899.99,0.27,trade,no,True,18.49,BTC,2026-04-13 08:00:27+00:00,2026-04-13 08:00:00+00:00,2.0,0.73,True
2026-04-13 08:19:37,KXBTCD-26APR1305-T70799.99,0.325,trade,no,True,24.07,BTC,2026-04-13 08:19:37+00:00,2026-04-13 08:00:00+00:00,2.0,0.675,True
2026-04-13 09:16:08,KXBTCD-26APR1306-T70799.99,0.275,trade,no,False,-50.0,BTC,2026-04-13 09:16:08+00:00,2026-04-13 09:00:00+00:00,2.0,0.725,False
2026-04-13 09:26:47,KXBTCD-26APR1306-T70899.99,0.205,trade,no,True,12.89,BTC,2026-04-13 09:26:47+00:00,2026-04-13 09:00:00+00:00,2.0,0.795,True
2026-04-13 10:00:50,KXBTCD-26APR1307-T70899.99,0.275,trade,no,True,18.97,BTC,2026-04-13 10:00:50+00:00,2026-04-13 10:00:00+00:00,2.0,0.725,True
2026-04-13 10:36:12,KXBTCD-26APR1307-T70799.99,0.22,trade,no,True,14.1,BTC,2026-04-13 10:36:12+00:00,2026-04-13 10:00:00+00:00,2.0,0.78,True
2026-04-13 11:00:41,KXBTCD-26APR1308-T70899.99,0.285,trade,no,False,-50.0,BTC,2026-04-13 11:00:41+00:00,2026-04-13 11:00:00+00:00,2.0,0.7150000000000001,False
2026-04-13 11:11:20,KXBTCD-26APR1308-T70999.99,0.255,trade,no,True,17.11,BTC,2026-04-13 11:11:20+00:00,2026-04-13 11:00:00+00:00,2.0,0.745,True
2026-04-13 12:00:11,KXBTCD-26APR1309-T71099.99,0.215,trade,no,False,-50.0,BTC,2026-04-13 12:00:11+00:00,2026-04-13 12:00:00+00:00,2.0,0.785,False
2026-04-13 12:10:50,KXBTCD-26APR1309-T71199.99,0.2,trade,no,True,12.5,BTC,2026-04-13 12:10:50+00:00,2026-04-13 12:00:00+00:00,2.0,0.8,True
2026-04-13 12:24:39,KXBTCD-26APR1309-T70999.99,0.305,trade,no,False,-50.0,BTC,2026-04-13 12:24:39+00:00,2026-04-13 12:00:00+00:00,2.0,0.6950000000000001,False
2026-04-13 13:04:02,KXBTCD-26APR1310-T71399.99,0.27,trade,no,False,-50.0,BTC,2026-04-13 13:04:02+00:00,2026-04-13 13:00:00+00:00,2.0,0.73,False
2026-04-13 13:14:43,KXBTCD-26APR1310-T71299.99,0.4,trade,no,False,-50.0,BTC,2026-04-13 13:14:43+00:00,2026-04-13 13:00:00+00:00,2.0,0.6,False
2026-04-13 13:26:29,KXBTCD-26APR1310-T71499.99,0.22,trade,no,False,-50.0,BTC,2026-04-13 13:26:29+00:00,2026-04-13 13:00:00+00:00,2.0,0.78,False
2026-04-13 14:01:05,KXBTCD-26APR1311-T71799.99,0.455,trade,no,False,-50.0,BTC,2026-04-13 14:01:05+00:00,2026-04-13 14:00:00+00:00,2.0,0.5449999999999999,False
2026-04-13 14:11:52,KXBTCD-26APR1311-T71699.99,0.435,trade,no,False,-50.0,BTC,2026-04-13 14:11:52+00:00,2026-04-13 14:00:00+00:00,2.0,0.565,False
2026-04-13 14:22:39,KXBTCD-26APR1311-T71899.99,0.215,trade,no,False,-50.0,BTC,2026-04-13 14:22:39+00:00,2026-04-13 14:00:00+00:00,2.0,0.785,False
2026-04-13 15:00:03,KXBTCD-26APR1312-T72599.99,0.395,trade,no,True,32.64,BTC,2026-04-13 15:00:03+00:00,2026-04-13 15:00:00+00:00,2.0,0.605,True
2026-04-13 15:22:27,KXBTCD-26APR1312-T72199.99,0.265,trade,no,True,18.03,BTC,2026-04-13 15:22:27+00:00,2026-04-13 15:00:00+00:00,2.0,0.735,True
2026-04-13 15:34:08,KXBTCD-26APR1312-T71999.99,0.185,trade,yes,False,-41.42,BTC,2026-04-13 15:34:08+00:00,2026-04-13 15:00:00+00:00,2.0,0.185,False
2026-04-13 16:18:29,KXBTCD-26APR1313-T72199.99,0.405,trade,no,False,-50.0,BTC,2026-04-13 16:18:29+00:00,2026-04-13 16:00:00+00:00,2.0,0.595,False
2026-04-13 16:29:05,KXBTCD-26APR1313-T72299.99,0.405,trade,no,True,34.03,BTC,2026-04-13 16:29:05+00:00,2026-04-13 16:00:00+00:00,2.0,0.595,True
2026-04-13 16:39:42,KXBTCD-26APR1313-T72399.99,0.345,trade,no,True,26.34,BTC,2026-04-13 16:39:42+00:00,2026-04-13 16:00:00+00:00,2.0,0.655,True
2026-04-13 17:00:09,KXBTCD-26APR1314-T72399.99,0.32,trade,no,True,23.53,BTC,2026-04-13 17:00:09+00:00,2026-04-13 17:00:00+00:00,2.0,0.6799999999999999,True
2026-04-13 17:10:48,KXBTCD-26APR1314-T72499.99,0.315,trade,no,True,22.99,BTC,2026-04-13 17:10:48+00:00,2026-04-13 17:00:00+00:00,2.0,0.685,True
2026-04-13 17:25:42,KXBTCD-26APR1314-T72599.99,0.165,trade,no,True,9.88,BTC,2026-04-13 17:25:42+00:00,2026-04-13 17:00:00+00:00,2.0,0.835,True
2026-04-13 18:07:02,KXBTCD-26APR1315-T72399.99,0.21,trade,no,False,-50.0,BTC,2026-04-13 18:07:02+00:00,2026-04-13 18:00:00+00:00,2.0,0.79,False
2026-04-13 18:18:44,KXBTCD-26APR1315-T72299.99,0.385,trade,no,False,-50.0,BTC,2026-04-13 18:18:44+00:00,2026-04-13 18:00:00+00:00,2.0,0.615,False
2026-04-13 18:21:55,KXBTCD-26APR1315-T72199.99,0.745,trade,yes,True,17.11,BTC,2026-04-13 18:21:55+00:00,2026-04-13 18:00:00+00:00,2.0,0.745,True
2026-04-13 19:00:06,KXBTCD-26APR1316-T72299.99,0.7,trade,yes,True,21.43,BTC,2026-04-13 19:00:06+00:00,2026-04-13 19:00:00+00:00,2.0,0.7,True
2026-04-13 19:02:15,KXBTCD-26APR1317-T72749.99,0.245,trade,no,False,-50.0,BTC,2026-04-13 19:02:15+00:00,2026-04-13 19:00:00+00:00,2.0,0.755,False
2026-04-13 19:03:18,KXBTCD-26APR1316-T72599.99,0.235,trade,no,False,-50.0,BTC,2026-04-13 19:03:18+00:00,2026-04-13 19:00:00+00:00,2.0,0.765,False
2026-04-13 19:14:13,KXBTCD-26APR1316-T72499.99,0.295,trade,no,False,-50.0,BTC,2026-04-13 19:14:13+00:00,2026-04-13 19:00:00+00:00,2.0,0.7050000000000001,False
2026-04-13 19:15:17,KXBTCD-26APR1317-T72499.99,0.425,trade,no,False,-50.0,BTC,2026-04-13 19:15:17+00:00,2026-04-13 19:00:00+00:00,2.0,0.575,False
2026-04-13 19:25:53,KXBTCD-26APR1317-T72999.99,0.37,trade,no,False,-50.0,BTC,2026-04-13 19:25:53+00:00,2026-04-13 19:00:00+00:00,2.0,0.63,False
2026-04-13 21:03:19,KXBTCD-26APR1318-T73299.99,0.265,trade,no,True,18.03,BTC,2026-04-13 21:03:19+00:00,2026-04-13 21:00:00+00:00,2.0,0.735,True
2026-04-13 21:13:56,KXBTCD-26APR1318-T73499.99,0.215,trade,no,True,13.69,BTC,2026-04-13 21:13:56+00:00,2026-04-13 21:00:00+00:00,2.0,0.785,True
2026-04-13 21:20:18,KXBTCD-26APR1318-T73199.99,0.505,trade,yes,True,49.01,BTC,2026-04-13 21:20:18+00:00,2026-04-13 21:00:00+00:00,2.0,0.505,True
2026-04-13 22:05:53,KXBTCD-26APR1319-T73499.99,0.315,trade,no,False,-50.0,BTC,2026-04-13 22:05:53+00:00,2026-04-13 22:00:00+00:00,2.0,0.685,False
2026-04-13 23:05:16,KXBTCD-26APR1320-T74799.99,0.395,trade,no,True,32.64,BTC,2026-04-13 23:05:16+00:00,2026-04-13 23:00:00+00:00,2.0,0.605,True
2026-04-13 23:15:51,KXBTCD-26APR1320-T74999.99,0.285,trade,no,True,19.93,BTC,2026-04-13 23:15:51+00:00,2026-04-13 23:00:00+00:00,2.0,0.7150000000000001,True
2026-04-13 23:42:21,KXBTCD-26APR1320-T74699.99,0.445,trade,no,True,40.09,BTC,2026-04-13 23:42:21+00:00,2026-04-13 23:00:00+00:00,2.0,0.5549999999999999,True
2026-04-14 00:00:20,KXBTCD-26APR1321-T74799.99,0.235,trade,no,True,15.36,BTC,2026-04-14 00:00:20+00:00,2026-04-14 00:00:00+00:00,2.0,0.765,True
2026-04-14 00:10:56,KXBTCD-26APR1321-T74599.99,0.235,trade,no,True,15.36,BTC,2026-04-14 00:10:56+00:00,2026-04-14 00:00:00+00:00,2.0,0.765,True
2026-04-14 00:31:05,KXBTCD-26APR1321-T74499.99,0.215,trade,no,True,13.69,BTC,2026-04-14 00:31:05+00:00,2026-04-14 00:00:00+00:00,2.0,0.785,True
2026-04-14 01:00:44,KXBTCD-26APR1322-T73999.99,0.675,trade,yes,True,24.07,BTC,2026-04-14 01:00:44+00:00,2026-04-14 01:00:00+00:00,2.0,0.675,True
2026-04-14 01:11:19,KXBTCD-26APR1322-T74099.99,0.75,trade,yes,True,16.67,BTC,2026-04-14 01:11:19+00:00,2026-04-14 01:00:00+00:00,2.0,0.75,True
2026-04-14 01:21:58,KXBTCD-26APR1322-T74199.99,0.72,trade,yes,True,19.44,BTC,2026-04-14 01:21:58+00:00,2026-04-14 01:00:00+00:00,2.0,0.72,True
2026-04-14 02:00:04,KXBTCD-26APR1323-T74399.99,0.54,trade,yes,False,-50.0,BTC,2026-04-14 02:00:04+00:00,2026-04-14 02:00:00+00:00,2.0,0.54,False
2026-04-14 02:06:26,KXBTCD-26APR1323-T74699.99,0.195,trade,no,True,12.11,BTC,2026-04-14 02:06:26+00:00,2026-04-14 02:00:00+00:00,2.0,0.8049999999999999,True
2026-04-14 02:13:52,KXBTCD-26APR1323-T74299.99,0.825,trade,yes,True,10.61,BTC,2026-04-14 02:13:52+00:00,2026-04-14 02:00:00+00:00,2.0,0.825,True
2026-04-14 03:00:24,KXBTCD-26APR1400-T74199.99,0.77,trade,yes,True,14.94,BTC,2026-04-14 03:00:24+00:00,2026-04-14 03:00:00+00:00,2.0,0.77,True
2026-04-14 03:11:23,KXBTCD-26APR1400-T74299.99,0.745,trade,yes,True,17.11,BTC,2026-04-14 03:11:23+00:00,2026-04-14 03:00:00+00:00,2.0,0.745,True
2026-04-14 03:16:43,KXBTCD-26APR1400-T74499.99,0.25,trade,no,True,16.67,BTC,2026-04-14 03:16:43+00:00,2026-04-14 03:00:00+00:00,2.0,0.75,True
2026-04-14 04:00:03,KXBTCD-26APR1401-T74599.99,0.265,trade,no,True,18.03,BTC,2026-04-14 04:00:03+00:00,2026-04-14 04:00:00+00:00,2.0,0.735,True
2026-04-14 04:01:06,KXBTCD-26APR1401-T74299.99,0.79,trade,yes,True,13.29,BTC,2026-04-14 04:01:06+00:00,2026-04-14 04:00:00+00:00,2.0,0.79,True
2026-04-14 04:13:50,KXBTCD-26APR1401-T74399.99,0.6,trade,yes,True,33.33,BTC,2026-04-14 04:13:50+00:00,2026-04-14 04:00:00+00:00,2.0,0.6,True
2026-04-14 05:00:28,KXBTCD-26APR1402-T74299.99,0.785,trade,yes,False,-50.0,BTC,2026-04-14 05:00:28+00:00,2026-04-14 05:00:00+00:00,2.0,0.785,False
2026-04-14 05:01:32,KXBTCD-26APR1402-T74499.99,0.205,trade,no,True,12.89,BTC,2026-04-14 05:01:32+00:00,2026-04-14 05:00:00+00:00,2.0,0.795,True
2026-04-14 05:19:31,KXBTCD-26APR1402-T74399.99,0.46,trade,yes,False,-47.98,BTC,2026-04-14 05:19:31+00:00,2026-04-14 05:00:00+00:00,2.0,0.46,False
2026-04-14 06:00:17,KXBTCD-26APR1403-T74299.99,0.495,trade,yes,True,51.01,BTC,2026-04-14 06:00:17+00:00,2026-04-14 06:00:00+00:00,2.0,0.495,True
2026-04-14 06:10:51,KXBTCD-26APR1403-T74399.99,0.415,trade,yes,True,70.48,BTC,2026-04-14 06:10:51+00:00,2026-04-14 06:00:00+00:00,2.0,0.415,True
2026-04-14 06:25:39,KXBTCD-26APR1403-T74499.99,0.39,trade,yes,True,78.21,BTC,2026-04-14 06:25:39+00:00,2026-04-14 06:00:00+00:00,2.0,0.39,True
2026-04-14 07:04:43,KXBTCD-26APR1404-T74699.99,0.355,trade,no,True,27.52,BTC,2026-04-14 07:04:43+00:00,2026-04-14 07:00:00+00:00,2.0,0.645,True
2026-04-14 07:31:09,KXBTCD-26APR1404-T74599.99,0.745,trade,yes,False,-50.0,BTC,2026-04-14 07:31:09+00:00,2026-04-14 07:00:00+00:00,2.0,0.745,False
2026-04-14 07:42:48,KXBTCD-26APR1404-T74499.99,0.705,trade,yes,True,20.92,BTC,2026-04-14 07:42:48+00:00,2026-04-14 07:00:00+00:00,2.0,0.705,True
2026-04-14 08:00:46,KXBTCD-26APR1405-T74499.99,0.65,trade,yes,True,26.92,BTC,2026-04-14 08:00:46+00:00,2026-04-14 08:00:00+00:00,2.0,0.65,True
2026-04-14 08:11:22,KXBTCD-26APR1405-T74699.99,0.25,trade,no,False,-50.0,BTC,2026-04-14 08:11:22+00:00,2026-04-14 08:00:00+00:00,2.0,0.75,False
2026-04-14 08:15:35,KXBTCD-26APR1405-T74599.99,0.495,trade,yes,True,51.01,BTC,2026-04-14 08:15:35+00:00,2026-04-14 08:00:00+00:00,2.0,0.495,True
2026-04-14 09:01:09,KXBTCD-26APR1406-T74899.99,0.3,trade,yes,False,-50.0,BTC,2026-04-14 09:01:09+00:00,2026-04-14 09:00:00+00:00,2.0,0.3,False
2026-04-14 09:14:54,KXBTCD-26APR1406-T74999.99,0.215,trade,no,True,13.69,BTC,2026-04-14 09:14:54+00:00,2026-04-14 09:00:00+00:00,2.0,0.785,True
2026-04-14 09:22:18,KXBTCD-26APR1406-T74699.99,0.685,trade,yes,False,-50.0,BTC,2026-04-14 09:22:18+00:00,2026-04-14 09:00:00+00:00,2.0,0.685,False
2026-04-14 10:00:23,KXBTCD-26APR1407-T74499.99,0.565,trade,yes,False,-50.0,BTC,2026-04-14 10:00:23+00:00,2026-04-14 10:00:00+00:00,2.0,0.565,False
2026-04-14 10:11:00,KXBTCD-26APR1407-T74599.99,0.405,trade,yes,False,-50.0,BTC,2026-04-14 10:11:00+00:00,2026-04-14 10:00:00+00:00,2.0,0.405,False
2026-04-14 10:15:14,KXBTCD-26APR1407-T74699.99,0.235,trade,no,True,15.36,BTC,2026-04-14 10:15:14+00:00,2026-04-14 10:00:00+00:00,2.0,0.765,True
2026-04-14 11:00:39,KXBTCD-26APR1408-T74299.99,0.655,trade,yes,True,26.34,BTC,2026-04-14 11:00:39+00:00,2026-04-14 11:00:00+00:00,2.0,0.655,True
2026-04-14 11:11:14,KXBTCD-26APR1408-T74399.99,0.605,trade,yes,True,32.64,BTC,2026-04-14 11:11:14+00:00,2026-04-14 11:00:00+00:00,2.0,0.605,True
2026-04-14 11:21:47,KXBTCD-26APR1408-T74499.99,0.425,trade,yes,False,-50.0,BTC,2026-04-14 11:21:47+00:00,2026-04-14 11:00:00+00:00,2.0,0.425,False
2026-04-14 12:00:56,KXBTCD-26APR1409-T74399.99,0.49,trade,yes,True,52.04,BTC,2026-04-14 12:00:56+00:00,2026-04-14 12:00:00+00:00,2.0,0.49,True
2026-04-14 12:11:33,KXBTCD-26APR1409-T74499.99,0.36,trade,yes,False,-50.0,BTC,2026-04-14 12:11:33+00:00,2026-04-14 12:00:00+00:00,2.0,0.36,False
2026-04-14 12:22:08,KXBTCD-26APR1409-T74299.99,0.62,trade,yes,True,30.65,BTC,2026-04-14 12:22:08+00:00,2026-04-14 12:00:00+00:00,2.0,0.62,True
2026-04-14 13:00:16,KXBTCD-26APR1410-T74299.99,0.665,trade,yes,True,25.19,BTC,2026-04-14 13:00:16+00:00,2026-04-14 13:00:00+00:00,2.0,0.665,True
2026-04-14 13:10:52,KXBTCD-26APR1410-T74399.99,0.73,trade,yes,True,18.49,BTC,2026-04-14 13:10:52+00:00,2026-04-14 13:00:00+00:00,2.0,0.73,True
2026-04-14 13:21:27,KXBTCD-26APR1410-T74499.99,0.725,trade,yes,True,18.97,BTC,2026-04-14 13:21:27+00:00,2026-04-14 13:00:00+00:00,2.0,0.725,True
2026-04-14 14:02:59,KXBTCD-26APR1411-T75899.99,0.22,trade,no,True,14.1,BTC,2026-04-14 14:02:59+00:00,2026-04-14 14:00:00+00:00,2.0,0.78,True
2026-04-14 14:13:39,KXBTCD-26APR1411-T75799.99,0.38,trade,no,True,30.65,BTC,2026-04-14 14:13:39+00:00,2026-04-14 14:00:00+00:00,2.0,0.62,True
2026-04-14 14:24:21,KXBTCD-26APR1411-T75999.99,0.255,trade,no,True,17.11,BTC,2026-04-14 14:24:21+00:00,2026-04-14 14:00:00+00:00,2.0,0.745,True
2026-04-14 15:00:38,KXBTCD-26APR1412-T75099.99,0.465,trade,no,False,-50.0,BTC,2026-04-14 15:00:38+00:00,2026-04-14 15:00:00+00:00,2.0,0.5349999999999999,False
2026-04-14 15:03:51,KXBTCD-26APR1412-T74999.99,0.63,trade,yes,True,29.37,BTC,2026-04-14 15:03:51+00:00,2026-04-14 15:00:00+00:00,2.0,0.63,True
2026-04-14 15:15:32,KXBTCD-26APR1412-T74899.99,0.4,trade,yes,True,75.0,BTC,2026-04-14 15:15:32+00:00,2026-04-14 15:00:00+00:00,2.0,0.4,True
2026-04-14 16:00:17,KXBTCD-26APR1413-T75399.99,0.465,trade,yes,False,-50.0,BTC,2026-04-14 16:00:17+00:00,2026-04-14 16:00:00+00:00,2.0,0.465,False
2026-04-14 16:11:01,KXBTCD-26APR1413-T75799.99,0.395,trade,yes,False,-50.0,BTC,2026-04-14 16:11:01+00:00,2026-04-14 16:00:00+00:00,2.0,0.395,False
2026-04-14 16:21:39,KXBTCD-26APR1413-T75199.99,0.615,trade,yes,False,-50.0,BTC,2026-04-14 16:21:39+00:00,2026-04-14 16:00:00+00:00,2.0,0.615,False
2026-04-14 17:17:14,KXBTCD-26APR1414-T74699.99,0.725,trade,yes,True,18.97,BTC,2026-04-14 17:17:14+00:00,2026-04-14 17:00:00+00:00,2.0,0.725,True
2026-04-14 17:27:47,KXBTCD-26APR1414-T74599.99,0.765,trade,yes,True,15.36,BTC,2026-04-14 17:27:47+00:00,2026-04-14 17:00:00+00:00,2.0,0.765,True
2026-04-14 17:38:22,KXBTCD-26APR1414-T74499.99,0.385,trade,yes,True,79.87,BTC,2026-04-14 17:38:22+00:00,2026-04-14 17:00:00+00:00,2.0,0.385,True
2026-04-14 18:00:21,KXBTCD-26APR1415-T74699.99,0.645,trade,yes,False,-50.0,BTC,2026-04-14 18:00:21+00:00,2026-04-14 18:00:00+00:00,2.0,0.645,False
2026-04-14 18:10:52,KXBTCD-26APR1415-T74799.99,0.505,trade,yes,False,-50.0,BTC,2026-04-14 18:10:52+00:00,2026-04-14 18:00:00+00:00,2.0,0.505,False
2026-04-14 18:21:25,KXBTCD-26APR1415-T74499.99,0.685,trade,yes,False,-50.0,BTC,2026-04-14 18:21:25+00:00,2026-04-14 18:00:00+00:00,2.0,0.685,False
2026-04-14 19:00:54,KXBTCD-26APR1417-T74249.99,0.435,trade,yes,False,-50.0,BTC,2026-04-14 19:00:54+00:00,2026-04-14 19:00:00+00:00,2.0,0.435,False
2026-04-14 19:03:01,KXBTCD-26APR1416-T74099.99,0.695,trade,yes,True,21.94,BTC,2026-04-14 19:03:01+00:00,2026-04-14 19:00:00+00:00,2.0,0.695,True
2026-04-14 19:08:17,KXBTCD-26APR1417-T74749.99,0.245,trade,no,True,16.23,BTC,2026-04-14 19:08:17+00:00,2026-04-14 19:00:00+00:00,2.0,0.755,True
2026-04-14 19:09:20,KXBTCD-26APR1416-T74599.99,0.235,trade,no,True,15.36,BTC,2026-04-14 19:09:20+00:00,2026-04-14 19:00:00+00:00,2.0,0.765,True
2026-04-14 19:15:38,KXBTCD-26APR1416-T74199.99,0.74,trade,yes,True,17.57,BTC,2026-04-14 19:15:38+00:00,2026-04-14 19:00:00+00:00,2.0,0.74,True
2026-04-14 19:19:50,KXBTCD-26APR1417-T74499.99,0.4,trade,no,True,33.33,BTC,2026-04-14 19:19:50+00:00,2026-04-14 19:00:00+00:00,2.0,0.6,True
2026-04-14 21:01:05,KXBTCD-26APR1418-T73999.99,0.73,trade,yes,True,18.49,BTC,2026-04-14 21:01:05+00:00,2026-04-14 21:00:00+00:00,2.0,0.73,True
2026-04-14 21:11:38,KXBTCD-26APR1418-T74199.99,0.63,trade,yes,True,29.37,BTC,2026-04-14 21:11:38+00:00,2026-04-14 21:00:00+00:00,2.0,0.63,True
2026-04-14 21:22:08,KXBTCD-26APR1418-T74099.99,0.54,trade,yes,True,42.59,BTC,2026-04-14 21:22:08+00:00,2026-04-14 21:00:00+00:00,2.0,0.54,True
2026-04-14 22:01:04,KXBTCD-26APR1419-T74099.99,0.73,trade,yes,False,-50.0,BTC,2026-04-14 22:01:04+00:00,2026-04-14 22:00:00+00:00,2.0,0.73,False
2026-04-14 22:15:48,KXBTCD-26APR1419-T74399.99,0.275,trade,yes,False,-50.0,BTC,2026-04-14 22:15:48+00:00,2026-04-14 22:00:00+00:00,2.0,0.275,False
2026-04-14 22:26:21,KXBTCD-26APR1419-T73999.99,0.695,trade,yes,True,21.94,BTC,2026-04-14 22:26:21+00:00,2026-04-14 22:00:00+00:00,2.0,0.695,True
2026-04-14 23:01:03,KXBTCD-26APR1420-T73999.99,0.6,trade,yes,True,33.33,BTC,2026-04-14 23:01:03+00:00,2026-04-14 23:00:00+00:00,2.0,0.6,True
2026-04-14 23:11:33,KXBTCD-26APR1420-T73899.99,0.805,trade,yes,True,12.11,BTC,2026-04-14 23:11:33+00:00,2026-04-14 23:00:00+00:00,2.0,0.805,True
2026-04-14 23:22:04,KXBTCD-26APR1420-T74099.99,0.705,trade,yes,True,20.92,BTC,2026-04-14 23:22:04+00:00,2026-04-14 23:00:00+00:00,2.0,0.705,True
2026-04-15 00:01:02,KXBTCD-26APR1421-T74099.99,0.735,trade,yes,True,18.03,BTC,2026-04-15 00:01:02+00:00,2026-04-15 00:00:00+00:00,2.0,0.735,True
2026-04-15 00:02:05,KXBTCD-26APR1421-T74599.99,0.2,trade,no,False,-50.0,BTC,2026-04-15 00:02:05+00:00,2026-04-15 00:00:00+00:00,2.0,0.8,False
2026-04-15 00:12:36,KXBTCD-26APR1421-T74799.99,0.28,trade,no,True,19.44,BTC,2026-04-15 00:12:36+00:00,2026-04-15 00:00:00+00:00,2.0,0.72,True
2026-04-15 01:09:58,KXBTCD-26APR1422-T74599.99,0.745,trade,yes,True,17.11,BTC,2026-04-15 01:09:58+00:00,2026-04-15 01:00:00+00:00,2.0,0.745,True
2026-04-15 01:11:02,KXBTCD-26APR1422-T74899.99,0.24,trade,no,True,15.79,BTC,2026-04-15 01:11:02+00:00,2026-04-15 01:00:00+00:00,2.0,0.76,True
2026-04-15 01:20:40,KXBTCD-26APR1422-T74699.99,0.585,trade,yes,False,-50.0,BTC,2026-04-15 01:20:40+00:00,2026-04-15 01:00:00+00:00,2.0,0.585,False
2026-04-15 02:00:18,KXBTCD-26APR1423-T74799.99,0.26,trade,no,True,17.57,BTC,2026-04-15 02:00:18+00:00,2026-04-15 02:00:00+00:00,2.0,0.74,True
2026-04-15 02:01:23,KXBTCD-26APR1423-T74499.99,0.74,trade,yes,False,-50.0,BTC,2026-04-15 02:01:23+00:00,2026-04-15 02:00:00+00:00,2.0,0.74,False
2026-04-15 02:11:01,KXBTCD-26APR1423-T74699.99,0.285,trade,no,True,19.93,BTC,2026-04-15 02:11:01+00:00,2026-04-15 02:00:00+00:00,2.0,0.7150000000000001,True
2026-04-15 03:00:19,KXBTCD-26APR1500-T74499.99,0.235,trade,no,True,15.36,BTC,2026-04-15 03:00:19+00:00,2026-04-15 03:00:00+00:00,2.0,0.765,True
2026-04-15 03:03:33,KXBTCD-26APR1500-T74199.99,0.665,trade,yes,True,25.19,BTC,2026-04-15 03:03:33+00:00,2026-04-15 03:00:00+00:00,2.0,0.665,True
2026-04-15 03:12:32,KXBTCD-26APR1500-T74099.99,0.84,trade,yes,True,9.52,BTC,2026-04-15 03:12:32+00:00,2026-04-15 03:00:00+00:00,2.0,0.84,True
2026-04-15 03:13:37,KXBTCD-26APR1500-T74399.99,0.245,trade,no,True,16.23,BTC,2026-04-15 03:13:37+00:00,2026-04-15 03:00:00+00:00,2.0,0.755,True
2026-04-15 03:20:29,KXBTCD-26APR1500-T74299.99,0.425,trade,yes,True,67.65,BTC,2026-04-15 03:20:29+00:00,2026-04-15 03:00:00+00:00,2.0,0.425,True
2026-04-15 04:00:27,KXBTCD-26APR1501-T74499.99,0.235,trade,no,True,15.36,BTC,2026-04-15 04:00:27+00:00,2026-04-15 04:00:00+00:00,2.0,0.765,True
2026-04-15 04:02:36,KXBTCD-26APR1501-T74399.99,0.58,trade,yes,False,-50.0,BTC,2026-04-15 04:02:36+00:00,2026-04-15 04:00:00+00:00,2.0,0.58,False
2026-04-15 04:08:04,KXBTCD-26APR1501-T74299.99,0.725,trade,yes,True,18.97,BTC,2026-04-15 04:08:04+00:00,2026-04-15 04:00:00+00:00,2.0,0.725,True
2026-04-15 04:21:02,KXBTCD-26APR1501-T74199.99,0.85,trade,yes,True,8.82,BTC,2026-04-15 04:21:02+00:00,2026-04-15 04:00:00+00:00,2.0,0.85,True
2026-04-15 05:00:17,KXBTCD-26APR1502-T74199.99,0.825,trade,yes,False,-50.0,BTC,2026-04-15 05:00:17+00:00,2026-04-15 05:00:00+00:00,2.0,0.825,False
2026-04-15 05:01:21,KXBTCD-26APR1502-T74499.99,0.365,trade,no,True,28.74,BTC,2026-04-15 05:01:21+00:00,2026-04-15 05:00:00+00:00,2.0,0.635,True
2026-04-15 05:05:35,KXBTCD-26APR1502-T74299.99,0.63,trade,yes,False,-50.0,BTC,2026-04-15 05:05:35+00:00,2026-04-15 05:00:00+00:00,2.0,0.63,False
2026-04-15 05:06:38,KXBTCD-26APR1502-T74399.99,0.3,trade,no,True,21.43,BTC,2026-04-15 05:06:38+00:00,2026-04-15 05:00:00+00:00,2.0,0.7,True
2026-04-15 05:13:00,KXBTCD-26APR1502-T74099.99,0.805,trade,yes,False,-50.0,BTC,2026-04-15 05:13:00+00:00,2026-04-15 05:00:00+00:00,2.0,0.805,False
2026-04-15 05:26:45,KXBTCD-26APR1502-T73999.99,0.79,trade,yes,True,13.29,BTC,2026-04-15 05:26:45+00:00,2026-04-15 05:00:00+00:00,2.0,0.79,True
2026-04-15 05:34:10,KXBTCD-26APR1502-T73899.99,0.775,trade,yes,True,14.52,BTC,2026-04-15 05:34:10+00:00,2026-04-15 05:00:00+00:00,2.0,0.775,True
2026-04-15 06:00:39,KXBTCD-26APR1503-T73999.99,0.615,trade,yes,False,-50.0,BTC,2026-04-15 06:00:39+00:00,2026-04-15 06:00:00+00:00,2.0,0.615,False
2026-04-15 06:06:01,KXBTCD-26APR1503-T73899.99,0.73,trade,yes,True,18.49,BTC,2026-04-15 06:06:01+00:00,2026-04-15 06:00:00+00:00,2.0,0.73,True
2026-04-15 06:11:20,KXBTCD-26APR1503-T74099.99,0.32,trade,yes,False,-50.0,BTC,2026-04-15 06:11:20+00:00,2026-04-15 06:00:00+00:00,2.0,0.32,False
2026-04-15 07:00:03,KXBTCD-26APR1504-T73999.99,0.385,trade,yes,False,-50.0,BTC,2026-04-15 07:00:03+00:00,2026-04-15 07:00:00+00:00,2.0,0.385,False
2026-04-15 07:05:22,KXBTCD-26APR1504-T73899.99,0.55,trade,yes,False,-50.0,BTC,2026-04-15 07:05:22+00:00,2026-04-15 07:00:00+00:00,2.0,0.55,False
2026-04-15 07:10:42,KXBTCD-26APR1504-T73799.99,0.735,trade,yes,False,-50.0,BTC,2026-04-15 07:10:42+00:00,2026-04-15 07:00:00+00:00,2.0,0.735,False
2026-04-15 07:16:01,KXBTCD-26APR1504-T74099.99,0.185,trade,yes,False,-50.0,BTC,2026-04-15 07:16:01+00:00,2026-04-15 07:00:00+00:00,2.0,0.185,False
2026-04-15 07:21:20,KXBTCD-26APR1504-T73599.99,0.675,trade,yes,True,24.07,BTC,2026-04-15 07:21:20+00:00,2026-04-15 07:00:00+00:00,2.0,0.675,True
2026-04-15 07:27:44,KXBTCD-26APR1504-T73699.99,0.57,trade,yes,True,37.72,BTC,2026-04-15 07:27:44+00:00,2026-04-15 07:00:00+00:00,2.0,0.57,True
2026-04-15 07:38:19,KXBTCD-26APR1504-T73499.99,0.845,trade,yes,True,9.17,BTC,2026-04-15 07:38:19+00:00,2026-04-15 07:00:00+00:00,2.0,0.845,True
2026-04-15 08:00:35,KXBTCD-26APR1505-T73599.99,0.73,trade,yes,True,18.49,BTC,2026-04-15 08:00:35+00:00,2026-04-15 08:00:00+00:00,2.0,0.73,True
2026-04-15 08:05:55,KXBTCD-26APR1505-T73699.99,0.69,trade,yes,True,22.46,BTC,2026-04-15 08:05:55+00:00,2026-04-15 08:00:00+00:00,2.0,0.69,True
2026-04-15 08:11:12,KXBTCD-26APR1505-T73799.99,0.48,trade,yes,True,54.17,BTC,2026-04-15 08:11:12+00:00,2026-04-15 08:00:00+00:00,2.0,0.48,True
2026-04-15 08:14:24,KXBTCD-26APR1505-T73999.99,0.29,trade,no,False,-50.0,BTC,2026-04-15 08:14:24+00:00,2026-04-15 08:00:00+00:00,2.0,0.71,False
2026-04-15 08:26:02,KXBTCD-26APR1505-T74099.99,0.245,trade,no,False,-50.0,BTC,2026-04-15 08:26:02+00:00,2026-04-15 08:00:00+00:00,2.0,0.755,False
2026-04-15 08:27:05,KXBTCD-26APR1505-T73899.99,0.74,trade,yes,True,17.57,BTC,2026-04-15 08:27:05+00:00,2026-04-15 08:00:00+00:00,2.0,0.74,True
2026-04-15 09:01:00,KXBTCD-26APR1506-T74299.99,0.335,trade,no,True,25.19,BTC,2026-04-15 09:01:00+00:00,2026-04-15 09:00:00+00:00,2.0,0.665,True
2026-04-15 09:05:14,KXBTCD-26APR1506-T73999.99,0.615,trade,yes,True,31.3,BTC,2026-04-15 09:05:14+00:00,2026-04-15 09:00:00+00:00,2.0,0.615,True
2026-04-15 09:09:26,KXBTCD-26APR1506-T74199.99,0.245,trade,no,True,16.23,BTC,2026-04-15 09:09:26+00:00,2026-04-15 09:00:00+00:00,2.0,0.755,True
2026-04-15 09:27:26,KXBTCD-26APR1506-T74099.99,0.245,trade,no,True,16.23,BTC,2026-04-15 09:27:26+00:00,2026-04-15 09:00:00+00:00,2.0,0.755,True
2026-04-15 10:00:18,KXBTCD-26APR1507-T73899.99,0.73,trade,yes,False,-50.0,BTC,2026-04-15 10:00:18+00:00,2026-04-15 10:00:00+00:00,2.0,0.73,False
2026-04-15 10:01:21,KXBTCD-26APR1507-T74199.99,0.215,trade,no,True,13.69,BTC,2026-04-15 10:01:21+00:00,2026-04-15 10:00:00+00:00,2.0,0.785,True
2026-04-15 10:05:36,KXBTCD-26APR1507-T73999.99,0.645,trade,yes,False,-50.0,BTC,2026-04-15 10:05:36+00:00,2026-04-15 10:00:00+00:00,2.0,0.645,False
2026-04-15 10:07:43,KXBTCD-26APR1507-T74299.99,0.275,trade,no,True,18.97,BTC,2026-04-15 10:07:43+00:00,2026-04-15 10:00:00+00:00,2.0,0.725,True
2026-04-15 10:22:31,KXBTCD-26APR1507-T74099.99,0.305,trade,no,True,21.94,BTC,2026-04-15 10:22:31+00:00,2026-04-15 10:00:00+00:00,2.0,0.6950000000000001,True
2026-04-15 10:38:24,KXBTCD-26APR1507-T73799.99,0.69,trade,yes,True,22.46,BTC,2026-04-15 10:38:24+00:00,2026-04-15 10:00:00+00:00,2.0,0.69,True
2026-04-15 11:07:05,KXBTCD-26APR1508-T73999.99,0.455,trade,no,False,-50.0,BTC,2026-04-15 11:07:05+00:00,2026-04-15 11:00:00+00:00,2.0,0.5449999999999999,False
2026-04-15 11:12:22,KXBTCD-26APR1508-T74199.99,0.265,trade,no,False,-50.0,BTC,2026-04-15 11:12:22+00:00,2026-04-15 11:00:00+00:00,2.0,0.735,False
2026-04-15 11:17:40,KXBTCD-26APR1508-T74099.99,0.27,trade,no,False,-50.0,BTC,2026-04-15 11:17:40+00:00,2026-04-15 11:00:00+00:00,2.0,0.73,False
2026-04-15 11:18:43,KXBTCD-26APR1508-T73899.99,0.725,trade,yes,True,18.97,BTC,2026-04-15 11:18:43+00:00,2026-04-15 11:00:00+00:00,2.0,0.725,True
2026-04-15 11:52:36,KXBTCD-26APR1508-T74299.99,0.205,trade,no,True,12.89,BTC,2026-04-15 11:52:36+00:00,2026-04-15 11:00:00+00:00,2.0,0.795,True
2026-04-15 12:01:05,KXBTCD-26APR1509-T74299.99,0.325,trade,no,False,-50.0,BTC,2026-04-15 12:01:05+00:00,2026-04-15 12:00:00+00:00,2.0,0.675,False
2026-04-15 12:02:09,KXBTCD-26APR1509-T73999.99,0.765,trade,yes,True,15.36,BTC,2026-04-15 12:02:09+00:00,2026-04-15 12:00:00+00:00,2.0,0.765,True
2026-04-15 12:06:23,KXBTCD-26APR1509-T74199.99,0.325,trade,no,False,-50.0,BTC,2026-04-15 12:06:23+00:00,2026-04-15 12:00:00+00:00,2.0,0.675,False
2026-04-15 12:11:42,KXBTCD-26APR1509-T74399.99,0.25,trade,no,True,16.67,BTC,2026-04-15 12:11:42+00:00,2026-04-15 12:00:00+00:00,2.0,0.75,True
2026-04-15 12:17:00,KXBTCD-26APR1509-T74499.99,0.17,trade,no,True,10.24,BTC,2026-04-15 12:17:00+00:00,2026-04-15 12:00:00+00:00,2.0,0.83,True
2026-04-15 12:21:15,KXBTCD-26APR1509-T74099.99,0.74,trade,yes,True,17.57,BTC,2026-04-15 12:21:15+00:00,2026-04-15 12:00:00+00:00,2.0,0.74,True
2026-04-15 13:00:28,KXBTCD-26APR1510-T74599.99,0.22,trade,no,True,14.1,BTC,2026-04-15 13:00:28+00:00,2026-04-15 13:00:00+00:00,2.0,0.78,True
2026-04-15 13:01:31,KXBTCD-26APR1510-T73999.99,0.795,trade,yes,True,12.89,BTC,2026-04-15 13:01:31+00:00,2026-04-15 13:00:00+00:00,2.0,0.795,True
2026-04-15 13:05:48,KXBTCD-26APR1510-T74499.99,0.235,trade,no,True,15.36,BTC,2026-04-15 13:05:48+00:00,2026-04-15 13:00:00+00:00,2.0,0.765,True
2026-04-15 13:06:52,KXBTCD-26APR1510-T74099.99,0.725,trade,yes,False,-50.0,BTC,2026-04-15 13:06:52+00:00,2026-04-15 13:00:00+00:00,2.0,0.725,False
2026-04-15 13:12:12,KXBTCD-26APR1510-T74699.99,0.16,trade,no,True,9.52,BTC,2026-04-15 13:12:12+00:00,2026-04-15 13:00:00+00:00,2.0,0.84,True
2026-04-15 13:13:15,KXBTCD-26APR1510-T74199.99,0.65,trade,yes,False,-50.0,BTC,2026-04-15 13:13:15+00:00,2026-04-15 13:00:00+00:00,2.0,0.65,False
2026-04-15 13:17:34,KXBTCD-26APR1510-T74399.99,0.415,trade,no,True,35.47,BTC,2026-04-15 13:17:34+00:00,2026-04-15 13:00:00+00:00,2.0,0.585,True
2026-04-15 13:28:16,KXBTCD-26APR1510-T74299.99,0.685,trade,yes,False,-50.0,BTC,2026-04-15 13:28:16+00:00,2026-04-15 13:00:00+00:00,2.0,0.685,False
2026-04-15 14:00:17,KXBTCD-26APR1511-T74399.99,0.205,trade,no,True,12.89,BTC,2026-04-15 14:00:17+00:00,2026-04-15 14:00:00+00:00,2.0,0.795,True
2026-04-15 14:04:36,KXBTCD-26APR1511-T73699.99,0.735,trade,yes,True,18.03,BTC,2026-04-15 14:04:36+00:00,2026-04-15 14:00:00+00:00,2.0,0.735,True
2026-04-15 14:09:55,KXBTCD-26APR1511-T73799.99,0.675,trade,yes,True,24.07,BTC,2026-04-15 14:09:55+00:00,2026-04-15 14:00:00+00:00,2.0,0.675,True
2026-04-15 14:12:03,KXBTCD-26APR1511-T74299.99,0.24,trade,no,True,15.79,BTC,2026-04-15 14:12:03+00:00,2026-04-15 14:00:00+00:00,2.0,0.76,True
2026-04-15 14:20:35,KXBTCD-26APR1511-T74499.99,0.22,trade,no,True,14.1,BTC,2026-04-15 14:20:35+00:00,2026-04-15 14:00:00+00:00,2.0,0.78,True
2026-04-15 14:23:47,KXBTCD-26APR1511-T74199.99,0.69,trade,yes,False,-50.0,BTC,2026-04-15 14:23:47+00:00,2026-04-15 14:00:00+00:00,2.0,0.69,False
2026-04-15 14:27:00,KXBTCD-26APR1511-T74599.99,0.365,trade,no,True,28.74,BTC,2026-04-15 14:27:00+00:00,2026-04-15 14:00:00+00:00,2.0,0.635,True
2026-04-15 14:32:20,KXBTCD-26APR1511-T74699.99,0.21,trade,no,True,13.29,BTC,2026-04-15 14:32:20+00:00,2026-04-15 14:00:00+00:00,2.0,0.79,True
2026-04-15 14:59:58,KXBTCD-26APR1512-T74399.99,0.27,trade,no,True,18.49,BTC,2026-04-15 14:59:58+00:00,2026-04-15 14:00:00+00:00,2.0,0.73,True
2026-04-15 15:01:04,KXBTCD-26APR1512-T73999.99,0.665,trade,yes,False,-50.0,BTC,2026-04-15 15:01:04+00:00,2026-04-15 15:00:00+00:00,2.0,0.665,False
2026-04-15 15:05:20,KXBTCD-26APR1512-T74299.99,0.335,trade,no,True,25.19,BTC,2026-04-15 15:05:20+00:00,2026-04-15 15:00:00+00:00,2.0,0.665,True
2026-04-15 15:07:27,KXBTCD-26APR1512-T73899.99,0.69,trade,yes,False,-50.0,BTC,2026-04-15 15:07:27+00:00,2026-04-15 15:00:00+00:00,2.0,0.69,False
2026-04-15 15:12:46,KXBTCD-26APR1512-T74199.99,0.36,trade,no,True,28.12,BTC,2026-04-15 15:12:46+00:00,2026-04-15 15:00:00+00:00,2.0,0.64,True
2026-04-15 15:30:46,KXBTCD-26APR1512-T74099.99,0.135,trade,yes,False,-50.0,BTC,2026-04-15 15:30:46+00:00,2026-04-15 15:00:00+00:00,2.0,0.135,False
2026-04-15 15:38:13,KXBTCD-26APR1512-T73799.99,0.425,trade,yes,True,67.65,BTC,2026-04-15 15:38:13+00:00,2026-04-15 15:00:00+00:00,2.0,0.425,True
2026-04-15 16:00:31,KXBTCD-26APR1513-T73999.99,0.27,trade,no,True,18.49,BTC,2026-04-15 16:00:31+00:00,2026-04-15 16:00:00+00:00,2.0,0.73,True
2026-04-15 16:05:51,KXBTCD-26APR1513-T74199.99,0.255,trade,no,True,17.11,BTC,2026-04-15 16:05:51+00:00,2026-04-15 16:00:00+00:00,2.0,0.745,True
2026-04-15 16:49:52,KXBTCD-26APR1513-T74099.99,0.215,trade,no,True,13.69,BTC,2026-04-15 16:49:52+00:00,2026-04-15 16:00:00+00:00,2.0,0.785,True
2026-04-15 17:00:31,KXBTCD-26APR1514-T74199.99,0.215,trade,no,True,13.69,BTC,2026-04-15 17:00:31+00:00,2026-04-15 17:00:00+00:00,2.0,0.785,True
2026-04-15 17:02:39,KXBTCD-26APR1514-T73699.99,0.815,trade,yes,True,11.35,BTC,2026-04-15 17:02:39+00:00,2026-04-15 17:00:00+00:00,2.0,0.815,True
2026-04-15 17:06:53,KXBTCD-26APR1514-T74299.99,0.255,trade,no,True,17.11,BTC,2026-04-15 17:06:53+00:00,2026-04-15 17:00:00+00:00,2.0,0.745,True
2026-04-15 17:09:01,KXBTCD-26APR1514-T73899.99,0.735,trade,yes,True,18.03,BTC,2026-04-15 17:09:01+00:00,2026-04-15 17:00:00+00:00,2.0,0.735,True
2026-04-15 17:14:20,KXBTCD-26APR1514-T73799.99,0.825,trade,yes,True,10.61,BTC,2026-04-15 17:14:20+00:00,2026-04-15 17:00:00+00:00,2.0,0.825,True
2026-04-15 17:21:45,KXBTCD-26APR1514-T74099.99,0.38,trade,no,False,-50.0,BTC,2026-04-15 17:21:45+00:00,2026-04-15 17:00:00+00:00,2.0,0.62,False
2026-04-15 17:26:04,KXBTCD-26APR1514-T73999.99,0.695,trade,yes,True,21.94,BTC,2026-04-15 17:26:04+00:00,2026-04-15 17:00:00+00:00,2.0,0.695,True
2026-04-15 17:28:12,KXBTCD-26APR1514-T74399.99,0.235,trade,no,True,15.36,BTC,2026-04-15 17:28:12+00:00,2026-04-15 17:00:00+00:00,2.0,0.765,True
2026-04-15 18:01:05,KXBTCD-26APR1515-T73899.99,0.76,trade,yes,True,15.79,BTC,2026-04-15 18:01:05+00:00,2026-04-15 18:00:00+00:00,2.0,0.76,True
2026-04-15 18:03:12,KXBTCD-26APR1515-T74499.99,0.19,trade,no,True,11.73,BTC,2026-04-15 18:03:12+00:00,2026-04-15 18:00:00+00:00,2.0,0.81,True
2026-04-15 18:08:16,KXBTCD-26APR1515-T74399.99,0.275,trade,no,False,-50.0,BTC,2026-04-15 18:08:16+00:00,2026-04-15 18:00:00+00:00,2.0,0.725,False
2026-04-15 18:10:23,KXBTCD-26APR1515-T74099.99,0.695,trade,yes,True,21.94,BTC,2026-04-15 18:10:23+00:00,2026-04-15 18:00:00+00:00,2.0,0.695,True
2026-04-15 18:27:21,KXBTCD-26APR1515-T74299.99,0.45,trade,yes,True,61.11,BTC,2026-04-15 18:27:21+00:00,2026-04-15 18:00:00+00:00,2.0,0.45,True
2026-04-15 18:32:40,KXBTCD-26APR1515-T74199.99,0.635,trade,yes,True,28.74,BTC,2026-04-15 18:32:40+00:00,2026-04-15 18:00:00+00:00,2.0,0.635,True
2026-04-15 19:00:12,KXBTCD-26APR1517-T74749.99,0.21,trade,no,False,,BTC,2026-04-15 19:00:12+00:00,2026-04-15 19:00:00+00:00,2.0,0.79,False
2026-04-15 19:01:15,KXBTCD-26APR1516-T74599.99,0.245,trade,no,False,-50.0,BTC,2026-04-15 19:01:15+00:00,2026-04-15 19:00:00+00:00,2.0,0.755,False
2026-04-15 19:06:35,KXBTCD-26APR1516-T74699.99,0.33,trade,no,False,-50.0,BTC,2026-04-15 19:06:35+00:00,2026-04-15 19:00:00+00:00,2.0,0.6699999999999999,False
2026-04-15 19:11:54,KXBTCD-26APR1516-T74799.99,0.325,trade,no,False,-50.0,BTC,2026-04-15 19:11:54+00:00,2026-04-15 19:00:00+00:00,2.0,0.675,False
2026-04-15 19:14:01,KXBTCD-26APR1517-T74999.99,0.245,trade,no,False,,BTC,2026-04-15 19:14:01+00:00,2026-04-15 19:00:00+00:00,2.0,0.755,False
2026-04-15 19:18:16,KXBTCD-26APR1516-T74899.99,0.235,trade,no,False,-50.0,BTC,2026-04-15 19:18:16+00:00,2026-04-15 19:00:00+00:00,2.0,0.765,False
2026-04-15 20:13:24,KXBTCD-26APR1517-T74499.99,0.7,trade,yes,False,,BTC,2026-04-15 20:13:24+00:00,2026-04-15 20:00:00+00:00,2.0,0.7,False
2026-04-15 21:00:48,KXBTCD-26APR1518-T74999.99,0.31,trade,no,True,22.46,BTC,2026-04-15 21:00:48+00:00,2026-04-15 21:00:00+00:00,2.0,0.69,True
2026-04-15 21:06:05,KXBTCD-26APR1518-T74899.99,0.385,trade,no,True,31.3,BTC,2026-04-15 21:06:05+00:00,2026-04-15 21:00:00+00:00,2.0,0.615,True
2026-04-15 21:15:37,KXBTCD-26APR1518-T74799.99,0.335,trade,no,True,25.19,BTC,2026-04-15 21:15:37+00:00,2026-04-15 21:00:00+00:00,2.0,0.665,True
2026-04-15 21:16:41,KXBTCD-26APR1518-T74599.99,0.595,trade,yes,True,34.03,BTC,2026-04-15 21:16:41+00:00,2026-04-15 21:00:00+00:00,2.0,0.595,True
2026-04-15 21:33:36,KXBTCD-26APR1518-T74499.99,0.73,trade,yes,True,18.49,BTC,2026-04-15 21:33:36+00:00,2026-04-15 21:00:00+00:00,2.0,0.73,True
2026-04-15 21:41:00,KXBTCD-26APR1518-T74699.99,0.435,trade,yes,True,50.25,BTC,2026-04-15 21:41:00+00:00,2026-04-15 21:00:00+00:00,2.0,0.435,True
2026-04-15 22:00:03,KXBTCD-26APR1519-T74899.99,0.31,trade,no,False,-50.0,BTC,2026-04-15 22:00:03+00:00,2026-04-15 22:00:00+00:00,2.0,0.69,False
2026-04-15 22:09:37,KXBTCD-26APR1519-T75199.99,0.275,trade,no,True,18.97,BTC,2026-04-15 22:09:37+00:00,2026-04-15 22:00:00+00:00,2.0,0.725,True
2026-04-15 22:20:11,KXBTCD-26APR1519-T75099.99,0.245,trade,no,True,16.23,BTC,2026-04-15 22:20:11+00:00,2026-04-15 22:00:00+00:00,2.0,0.755,True
2026-04-15 22:39:14,KXBTCD-26APR1519-T75299.99,0.44,trade,no,True,39.29,BTC,2026-04-15 22:39:14+00:00,2026-04-15 22:00:00+00:00,2.0,0.56,True
2026-04-15 23:05:41,KXBTCD-26APR1520-T75099.99,0.205,trade,no,True,12.89,BTC,2026-04-15 23:05:41+00:00,2026-04-15 23:00:00+00:00,2.0,0.795,True
2026-04-15 23:12:02,KXBTCD-26APR1520-T74999.99,0.26,trade,no,True,17.57,BTC,2026-04-15 23:12:02+00:00,2026-04-15 23:00:00+00:00,2.0,0.74,True
2026-04-15 23:17:18,KXBTCD-26APR1520-T74899.99,0.275,trade,no,True,18.97,BTC,2026-04-15 23:17:18+00:00,2026-04-15 23:00:00+00:00,2.0,0.725,True
2026-04-15 23:18:22,KXBTCD-26APR1520-T74799.99,0.425,trade,yes,True,67.65,BTC,2026-04-15 23:18:22+00:00,2026-04-15 23:00:00+00:00,2.0,0.425,True
2026-04-15 23:23:39,KXBTCD-26APR1520-T74599.99,0.725,trade,yes,True,18.97,BTC,2026-04-15 23:23:39+00:00,2026-04-15 23:00:00+00:00,2.0,0.725,True
2026-04-15 23:28:57,KXBTCD-26APR1520-T74699.99,0.685,trade,yes,True,22.99,BTC,2026-04-15 23:28:57+00:00,2026-04-15 23:00:00+00:00,2.0,0.685,True
2026-04-16 00:00:43,KXBTCD-26APR1521-T74599.99,0.8,trade,yes,True,12.5,BTC,2026-04-16 00:00:43+00:00,2026-04-16 00:00:00+00:00,2.0,0.8,True
2026-04-16 00:06:00,KXBTCD-26APR1521-T74699.99,0.475,trade,yes,True,55.26,BTC,2026-04-16 00:06:00+00:00,2026-04-16 00:00:00+00:00,2.0,0.475,True
2026-04-16 00:11:17,KXBTCD-26APR1521-T74499.99,0.8,trade,yes,True,12.5,BTC,2026-04-16 00:11:17+00:00,2026-04-16 00:00:00+00:00,2.0,0.8,True
2026-04-16 00:20:50,KXBTCD-26APR1521-T74399.99,0.835,trade,yes,True,9.88,BTC,2026-04-16 00:20:50+00:00,2026-04-16 00:00:00+00:00,2.0,0.835,True
2026-04-16 00:30:22,KXBTCD-26APR1521-T74799.99,0.32,trade,no,False,-50.0,BTC,2026-04-16 00:30:22+00:00,2026-04-16 00:00:00+00:00,2.0,0.6799999999999999,False
2026-04-16 00:39:54,KXBTCD-26APR1521-T74899.99,0.255,trade,no,True,17.11,BTC,2026-04-16 00:39:54+00:00,2026-04-16 00:00:00+00:00,2.0,0.745,True
2026-04-16 01:00:02,KXBTCD-26APR1522-T74699.99,0.68,trade,yes,False,-50.0,BTC,2026-04-16 01:00:02+00:00,2026-04-16 01:00:00+00:00,2.0,0.68,False
2026-04-16 01:05:21,KXBTCD-26APR1522-T74499.99,0.75,trade,yes,True,16.67,BTC,2026-04-16 01:05:21+00:00,2026-04-16 01:00:00+00:00,2.0,0.75,True
2026-04-16 01:13:48,KXBTCD-26APR1522-T74599.99,0.455,trade,yes,True,59.89,BTC,2026-04-16 01:13:48+00:00,2026-04-16 01:00:00+00:00,2.0,0.455,True
2026-04-16 01:34:59,KXBTCD-26APR1522-T74799.99,0.25,trade,no,True,16.67,BTC,2026-04-16 01:34:59+00:00,2026-04-16 01:00:00+00:00,2.0,0.75,True
2026-04-16 02:00:23,KXBTCD-26APR1523-T74499.99,0.76,trade,yes,True,15.79,BTC,2026-04-16 02:00:23+00:00,2026-04-16 02:00:00+00:00,2.0,0.76,True
2026-04-16 02:05:42,KXBTCD-26APR1523-T74599.99,0.665,trade,yes,True,25.19,BTC,2026-04-16 02:05:42+00:00,2026-04-16 02:00:00+00:00,2.0,0.665,True
2026-04-16 02:09:56,KXBTCD-26APR1523-T74799.99,0.21,trade,no,False,-50.0,BTC,2026-04-16 02:09:56+00:00,2026-04-16 02:00:00+00:00,2.0,0.79,False
2026-04-16 02:12:02,KXBTCD-26APR1523-T74699.99,0.49,trade,yes,True,50.67,BTC,2026-04-16 02:12:02+00:00,2026-04-16 02:00:00+00:00,2.0,0.49,True
2026-04-16 02:22:38,KXBTCD-26APR1523-T74899.99,0.215,trade,no,False,-50.0,BTC,2026-04-16 02:22:38+00:00,2026-04-16 02:00:00+00:00,2.0,0.785,False
2026-04-16 02:30:02,KXBTCD-26APR1523-T74999.99,0.325,trade,no,True,24.07,BTC,2026-04-16 02:30:02+00:00,2026-04-16 02:00:00+00:00,2.0,0.675,True
2026-04-16 02:35:20,KXBTCD-26APR1523-T75099.99,0.26,trade,no,True,17.57,BTC,2026-04-16 02:35:20+00:00,2026-04-16 02:00:00+00:00,2.0,0.74,True
2026-04-16 02:42:45,KXBTCD-26APR1523-T75299.99,0.17,trade,no,True,10.24,BTC,2026-04-16 02:42:45+00:00,2026-04-16 02:00:00+00:00,2.0,0.83,True
2026-04-16 03:01:50,KXBTCD-26APR1600-T74799.99,0.735,trade,yes,True,18.03,BTC,2026-04-16 03:01:50+00:00,2026-04-16 03:00:00+00:00,2.0,0.735,True
2026-04-16 03:02:53,KXBTCD-26APR1600-T75099.99,0.265,trade,no,True,18.03,BTC,2026-04-16 03:02:53+00:00,2026-04-16 03:00:00+00:00,2.0,0.735,True
2026-04-16 03:09:18,KXBTCD-26APR1600-T75199.99,0.28,trade,no,True,19.44,BTC,2026-04-16 03:09:18+00:00,2026-04-16 03:00:00+00:00,2.0,0.72,True
2026-04-16 03:16:41,KXBTCD-26APR1600-T74899.99,0.735,trade,yes,False,-50.0,BTC,2026-04-16 03:16:41+00:00,2026-04-16 03:00:00+00:00,2.0,0.735,False
2026-04-16 03:54:49,KXBTCD-26APR1600-T74999.99,0.345,trade,yes,False,-50.0,BTC,2026-04-16 03:54:49+00:00,2026-04-16 03:00:00+00:00,2.0,0.345,False
2026-04-16 04:00:07,KXBTCD-26APR1601-T74999.99,0.28,trade,no,True,19.44,BTC,2026-04-16 04:00:07+00:00,2026-04-16 04:00:00+00:00,2.0,0.72,True
2026-04-16 04:03:17,KXBTCD-26APR1601-T74799.99,0.66,trade,yes,True,25.76,BTC,2026-04-16 04:03:17+00:00,2026-04-16 04:00:00+00:00,2.0,0.66,True
2026-04-16 04:07:30,KXBTCD-26APR1601-T75099.99,0.335,trade,no,True,25.19,BTC,2026-04-16 04:07:30+00:00,2026-04-16 04:00:00+00:00,2.0,0.665,True
2026-04-16 04:08:33,KXBTCD-26APR1601-T74899.99,0.655,trade,yes,True,26.34,BTC,2026-04-16 04:08:33+00:00,2026-04-16 04:00:00+00:00,2.0,0.655,True
2026-04-16 04:44:23,KXBTCD-26APR1601-T75199.99,0.29,trade,no,True,20.42,BTC,2026-04-16 04:44:23+00:00,2026-04-16 04:00:00+00:00,2.0,0.71,True
2026-04-16 09:05:21,KXBTCD-26APR1606-T74799.99,0.385,trade,no,True,31.3,BTC,2026-04-16 09:05:21+00:00,2026-04-16 09:00:00+00:00,2.0,0.615,True
2026-04-16 09:07:29,KXBTCD-26APR1606-T74599.99,0.735,trade,yes,True,18.03,BTC,2026-04-16 09:07:29+00:00,2026-04-16 09:00:00+00:00,2.0,0.735,True
2026-04-16 09:15:55,KXBTCD-26APR1606-T74899.99,0.27,trade,no,True,18.49,BTC,2026-04-16 09:15:55+00:00,2026-04-16 09:00:00+00:00,2.0,0.73,True
2026-04-16 09:23:18,KXBTCD-26APR1606-T74999.99,0.205,trade,no,True,12.89,BTC,2026-04-16 09:23:18+00:00,2026-04-16 09:00:00+00:00,2.0,0.795,True
2026-04-16 09:52:53,KXBTCD-26APR1606-T74699.99,0.2,trade,yes,False,-42.43,BTC,2026-04-16 09:52:53+00:00,2026-04-16 09:00:00+00:00,2.0,0.2,False
2026-04-16 10:00:26,KXBTCD-26APR1607-T74799.99,0.18,trade,yes,False,-37.33,BTC,2026-04-16 10:00:26+00:00,2026-04-16 10:00:00+00:00,2.0,0.18,False
2026-04-16 10:05:43,KXBTCD-26APR1607-T74499.99,0.71,trade,yes,False,-50.0,BTC,2026-04-16 10:05:43+00:00,2026-04-16 10:00:00+00:00,2.0,0.71,False
2026-04-16 10:11:03,KXBTCD-26APR1607-T74399.99,0.755,trade,yes,False,-50.0,BTC,2026-04-16 10:11:03+00:00,2026-04-16 10:00:00+00:00,2.0,0.755,False
2026-04-16 10:16:19,KXBTCD-26APR1607-T74599.99,0.18,trade,yes,False,-50.0,BTC,2026-04-16 10:16:19+00:00,2026-04-16 10:00:00+00:00,2.0,0.18,False
2026-04-16 10:21:37,KXBTCD-26APR1607-T74299.99,0.735,trade,yes,True,18.03,BTC,2026-04-16 10:21:37+00:00,2026-04-16 10:00:00+00:00,2.0,0.735,True
2026-04-16 11:00:42,KXBTCD-26APR1608-T74399.99,0.375,trade,yes,True,83.33,BTC,2026-04-16 11:00:42+00:00,2026-04-16 11:00:00+00:00,2.0,0.375,True
2026-04-16 11:06:01,KXBTCD-26APR1608-T74499.99,0.255,trade,yes,True,118.35,BTC,2026-04-16 11:06:01+00:00,2026-04-16 11:00:00+00:00,2.0,0.255,True
2026-04-16 11:12:22,KXBTCD-26APR1608-T74199.99,0.83,trade,yes,True,10.24,BTC,2026-04-16 11:12:22+00:00,2026-04-16 11:00:00+00:00,2.0,0.83,True
2026-04-16 11:18:42,KXBTCD-26APR1608-T74299.99,0.58,trade,yes,True,36.21,BTC,2026-04-16 11:18:42+00:00,2026-04-16 11:00:00+00:00,2.0,0.58,True
2026-04-16 12:00:59,KXBTCD-26APR1609-T74799.99,0.275,trade,no,True,18.97,BTC,2026-04-16 12:00:59+00:00,2026-04-16 12:00:00+00:00,2.0,0.725,True
2026-04-16 12:05:13,KXBTCD-26APR1609-T74599.99,0.715,trade,yes,True,19.93,BTC,2026-04-16 12:05:13+00:00,2026-04-16 12:00:00+00:00,2.0,0.715,True
2026-04-16 12:06:17,KXBTCD-26APR1609-T74899.99,0.215,trade,no,True,13.69,BTC,2026-04-16 12:06:17+00:00,2026-04-16 12:00:00+00:00,2.0,0.785,True
2026-04-16 12:10:30,KXBTCD-26APR1609-T74699.99,0.595,trade,yes,False,-50.0,BTC,2026-04-16 12:10:30+00:00,2026-04-16 12:00:00+00:00,2.0,0.595,False
2026-04-16 12:11:33,KXBTCD-26APR1609-T74999.99,0.255,trade,no,True,17.11,BTC,2026-04-16 12:11:33+00:00,2026-04-16 12:00:00+00:00,2.0,0.745,True
2026-04-16 13:00:08,KXBTCD-26APR1610-T74399.99,0.825,trade,yes,False,-50.0,BTC,2026-04-16 13:00:08+00:00,2026-04-16 13:00:00+00:00,2.0,0.825,False
2026-04-16 13:01:12,KXBTCD-26APR1610-T74799.99,0.255,trade,no,True,17.11,BTC,2026-04-16 13:01:12+00:00,2026-04-16 13:00:00+00:00,2.0,0.745,True
2026-04-16 13:06:29,KXBTCD-26APR1610-T74899.99,0.225,trade,no,True,14.52,BTC,2026-04-16 13:06:29+00:00,2026-04-16 13:00:00+00:00,2.0,0.775,True
2026-04-16 13:07:33,KXBTCD-26APR1610-T74499.99,0.805,trade,yes,False,-50.0,BTC,2026-04-16 13:07:33+00:00,2026-04-16 13:00:00+00:00,2.0,0.805,False
2026-04-16 13:11:47,KXBTCD-26APR1610-T74999.99,0.205,trade,no,True,12.89,BTC,2026-04-16 13:11:47+00:00,2026-04-16 13:00:00+00:00,2.0,0.795,True
2026-04-16 13:17:04,KXBTCD-26APR1610-T75099.99,0.175,trade,no,True,10.61,BTC,2026-04-16 13:17:04+00:00,2026-04-16 13:00:00+00:00,2.0,0.825,True
2026-04-16 13:22:22,KXBTCD-26APR1610-T75199.99,0.17,trade,no,True,10.24,BTC,2026-04-16 13:22:22+00:00,2026-04-16 13:00:00+00:00,2.0,0.83,True
2026-04-16 13:31:56,KXBTCD-26APR1610-T74599.99,0.725,trade,yes,False,-50.0,BTC,2026-04-16 13:31:56+00:00,2026-04-16 13:00:00+00:00,2.0,0.725,False
2026-04-16 14:09:37,KXBTCD-26APR1611-T73799.99,0.56,trade,yes,True,39.29,BTC,2026-04-16 14:09:37+00:00,2026-04-16 14:00:00+00:00,2.0,0.56,True
2026-04-16 14:10:40,KXBTCD-26APR1611-T74199.99,0.325,trade,no,True,24.07,BTC,2026-04-16 14:10:40+00:00,2026-04-16 14:00:00+00:00,2.0,0.675,True
2026-04-16 14:14:59,KXBTCD-26APR1611-T73699.99,0.655,trade,yes,True,26.34,BTC,2026-04-16 14:14:59+00:00,2026-04-16 14:00:00+00:00,2.0,0.655,True
2026-04-16 14:32:05,KXBTCD-26APR1611-T73999.99,0.325,trade,no,True,24.07,BTC,2026-04-16 14:32:05+00:00,2026-04-16 14:00:00+00:00,2.0,0.675,True
2026-04-16 14:37:27,KXBTCD-26APR1611-T73899.99,0.59,trade,no,False,-50.0,BTC,2026-04-16 14:37:27+00:00,2026-04-16 14:00:00+00:00,2.0,0.41000000000000003,False
2026-04-16 14:42:48,KXBTCD-26APR1611-T74099.99,0.215,trade,no,True,13.69,BTC,2026-04-16 14:42:48+00:00,2026-04-16 14:00:00+00:00,2.0,0.785,True
2026-04-16 14:51:19,KXBTCD-26APR1611-T74299.99,0.235,trade,no,True,15.36,BTC,2026-04-16 14:51:19+00:00,2026-04-16 14:00:00+00:00,2.0,0.765,True
2026-04-16 15:01:07,KXBTCD-26APR1612-T73899.99,0.57,trade,no,False,-50.0,BTC,2026-04-16 15:01:07+00:00,2026-04-16 15:00:00+00:00,2.0,0.43000000000000005,False
2026-04-16 15:06:33,KXBTCD-26APR1612-T73999.99,0.62,trade,no,False,-50.0,BTC,2026-04-16 15:06:33+00:00,2026-04-16 15:00:00+00:00,2.0,0.38,False
2026-04-16 16:12:54,KXBTCD-26APR1613-T74899.99,0.33,trade,no,True,24.63,BTC,2026-04-16 16:12:54+00:00,2026-04-16 16:00:00+00:00,2.0,0.6699999999999999,True
2026-04-16 16:19:14,KXBTCD-26APR1613-T75099.99,0.24,trade,no,True,15.79,BTC,2026-04-16 16:19:14+00:00,2026-04-16 16:00:00+00:00,2.0,0.76,True
2026-04-16 16:24:29,KXBTCD-26APR1613-T74799.99,0.265,trade,no,True,18.03,BTC,2026-04-16 16:24:29+00:00,2026-04-16 16:00:00+00:00,2.0,0.735,True
2026-04-16 16:29:45,KXBTCD-26APR1613-T74699.99,0.405,trade,no,True,34.03,BTC,2026-04-16 16:29:45+00:00,2026-04-16 16:00:00+00:00,2.0,0.595,True
2026-04-16 17:07:41,KXBTCD-26APR1614-T73799.99,0.74,trade,yes,True,17.57,BTC,2026-04-16 17:07:41+00:00,2026-04-16 17:00:00+00:00,2.0,0.74,True
2026-04-16 17:10:51,KXBTCD-26APR1614-T74399.99,0.225,trade,no,True,14.52,BTC,2026-04-16 17:10:51+00:00,2026-04-16 17:00:00+00:00,2.0,0.775,True
2026-04-16 17:13:14,KXBTCD-26APR1614-T74399.99,0.23,trade,no,True,5.97,BTC,2026-04-16 17:13:14+00:00,2026-04-16 17:00:00+00:00,2.0,0.77,True
2026-04-16 17:20:32,KXBTCD-26APR1614-T74299.99,0.275,trade,no,False,-20.0,BTC,2026-04-16 17:20:32+00:00,2026-04-16 17:00:00+00:00,2.0,0.725,False
2026-04-16 17:23:32,KXBTCD-26APR1614-T74199.99,0.36,trade,no,False,-50.0,BTC,2026-04-16 17:23:32+00:00,2026-04-16 17:00:00+00:00,2.0,0.64,False
2026-04-16 17:25:45,KXBTCD-26APR1614-T74499.99,0.235,trade,no,True,6.14,BTC,2026-04-16 17:25:45+00:00,2026-04-16 17:00:00+00:00,2.0,0.765,True
2026-04-16 17:31:57,KXBTCD-26APR1614-T74099.99,0.745,trade,yes,True,17.11,BTC,2026-04-16 17:31:57+00:00,2026-04-16 17:00:00+00:00,2.0,0.745,True
2026-04-16 17:37:13,KXBTCD-26APR1614-T73999.99,0.745,trade,yes,True,17.11,BTC,2026-04-16 17:37:13+00:00,2026-04-16 17:00:00+00:00,2.0,0.745,True
2026-04-16 17:37:14,KXBTCD-26APR1614-T73999.99,0.745,trade,yes,True,6.85,BTC,2026-04-16 17:37:14+00:00,2026-04-16 17:00:00+00:00,2.0,0.745,True
2026-04-16 18:52:52,KXBTCD-26APR1615-T74999.99,0.2,trade,no,False,-20.0,BTC,2026-04-16 18:52:52+00:00,2026-04-16 18:00:00+00:00,2.0,0.8,False
2026-04-16 19:09:46,KXBTCD-26APR1617-T75249.99,0.225,trade,no,True,5.81,BTC,2026-04-16 19:09:46+00:00,2026-04-16 19:00:00+00:00,2.0,0.775,True
2026-04-16 19:15:03,KXBTCD-26APR1616-T74999.99,0.305,trade,no,False,-20.0,BTC,2026-04-16 19:15:03+00:00,2026-04-16 19:00:00+00:00,2.0,0.6950000000000001,False
2026-04-16 19:16:06,KXBTCD-26APR1617-T74999.99,0.335,trade,no,False,-20.0,BTC,2026-04-16 19:16:06+00:00,2026-04-16 19:00:00+00:00,2.0,0.665,False
2026-04-16 19:20:18,KXBTCD-26APR1616-T75099.99,0.28,trade,no,False,-20.0,BTC,2026-04-16 19:20:18+00:00,2026-04-16 19:00:00+00:00,2.0,0.72,False
2026-04-16 19:25:36,KXBTCD-26APR1616-T75199.99,0.24,trade,no,False,-20.0,BTC,2026-04-16 19:25:36+00:00,2026-04-16 19:00:00+00:00,2.0,0.76,False
2026-04-16 21:03:46,KXBTCD-26APR1618-T74999.99,0.74,trade,yes,False,-20.0,BTC,2026-04-16 21:03:46+00:00,2026-04-16 21:00:00+00:00,2.0,0.74,False
2026-04-16 21:07:42,KXBTCD-26APR1618-T75299.99,0.305,trade,no,True,8.78,BTC,2026-04-16 21:07:42+00:00,2026-04-16 21:00:00+00:00,2.0,0.6950000000000001,True
2026-04-16 21:10:53,KXBTCD-26APR1618-T75099.99,0.745,trade,yes,False,-20.0,BTC,2026-04-16 21:10:53+00:00,2026-04-16 21:00:00+00:00,2.0,0.745,False
2026-04-16 21:12:59,KXBTCD-26APR1618-T75399.99,0.23,trade,no,True,5.97,BTC,2026-04-16 21:12:59+00:00,2026-04-16 21:00:00+00:00,2.0,0.77,True
2026-04-16 22:05:29,KXBTCD-26APR1619-T75199.99,0.295,trade,no,True,8.37,BTC,2026-04-16 22:05:29+00:00,2026-04-16 22:00:00+00:00,2.0,0.7050000000000001,True
2026-04-16 22:53:31,KXBTCD-26APR1619-T74899.99,0.645,trade,yes,False,-20.0,BTC,2026-04-16 22:53:31+00:00,2026-04-16 22:00:00+00:00,2.0,0.645,False
2026-04-16 23:00:58,KXBTCD-26APR1620-T74699.99,0.815,trade,yes,True,1.82,BTC,2026-04-16 23:00:58+00:00,2026-04-16 23:00:00+00:00,2.0,0.815,True
2026-04-16 23:06:17,KXBTCD-26APR1620-T75099.99,0.345,trade,no,False,-20.0,BTC,2026-04-16 23:06:17+00:00,2026-04-16 23:00:00+00:00,2.0,0.655,False
2026-04-16 23:16:56,KXBTCD-26APR1620-T74899.99,0.595,trade,yes,True,13.61,BTC,2026-04-16 23:16:56+00:00,2026-04-16 23:00:00+00:00,2.0,0.595,True
2026-04-16 23:22:15,KXBTCD-26APR1620-T75199.99,0.225,trade,no,True,5.81,BTC,2026-04-16 23:22:15+00:00,2026-04-16 23:00:00+00:00,2.0,0.775,True
2026-04-16 23:37:06,KXBTCD-26APR1620-T75299.99,0.215,trade,no,True,5.48,BTC,2026-04-16 23:37:06+00:00,2026-04-16 23:00:00+00:00,2.0,0.785,True
2026-04-17 00:04:44,KXBTCD-26APR1621-T75299.99,0.225,trade,no,True,5.81,BTC,2026-04-17 00:04:44+00:00,2026-04-17 00:00:00+00:00,2.0,0.775,True
2026-04-17 00:10:02,KXBTCD-26APR1621-T75199.99,0.2,trade,no,True,5.0,BTC,2026-04-17 00:10:02+00:00,2026-04-17 00:00:00+00:00,2.0,0.8,True
2026-04-17 00:11:06,KXBTCD-26APR1621-T74899.99,0.73,trade,yes,True,7.4,BTC,2026-04-17 00:11:06+00:00,2026-04-17 00:00:00+00:00,2.0,0.73,True
2026-04-17 00:15:21,KXBTCD-26APR1621-T75099.99,0.305,trade,no,True,8.78,BTC,2026-04-17 00:15:21+00:00,2026-04-17 00:00:00+00:00,2.0,0.6950000000000001,True
2026-04-17 00:23:50,KXBTCD-26APR1621-T74799.99,0.835,trade,yes,True,1.58,BTC,2026-04-17 00:23:50+00:00,2026-04-17 00:00:00+00:00,2.0,0.835,True
2026-04-17 01:01:03,KXBTCD-26APR1622-T75099.99,0.265,trade,no,True,7.21,BTC,2026-04-17 01:01:03+00:00,2026-04-17 01:00:00+00:00,2.0,0.735,True
2026-04-17 01:02:07,KXBTCD-26APR1622-T74799.99,0.765,trade,yes,False,-8.0,BTC,2026-04-17 01:02:07+00:00,2026-04-17 01:00:00+00:00,2.0,0.765,False
2026-04-17 01:07:30,KXBTCD-26APR1622-T74899.99,0.745,trade,yes,False,-20.0,BTC,2026-04-17 01:07:30+00:00,2026-04-17 01:00:00+00:00,2.0,0.745,False
2026-04-17 01:09:38,KXBTCD-26APR1622-T75199.99,0.155,trade,no,True,3.67,BTC,2026-04-17 01:09:38+00:00,2026-04-17 01:00:00+00:00,2.0,0.845,True
2026-04-17 01:21:20,KXBTCD-26APR1622-T74699.99,0.68,trade,yes,True,9.41,BTC,2026-04-17 01:21:20+00:00,2026-04-17 01:00:00+00:00,2.0,0.68,True
2026-04-17 02:04:59,KXBTCD-26APR1623-T74999.99,0.205,trade,no,True,5.16,BTC,2026-04-17 02:04:59+00:00,2026-04-17 02:00:00+00:00,2.0,0.795,True
2026-04-17 02:11:23,KXBTCD-26APR1623-T74799.99,0.34,trade,no,True,10.3,BTC,2026-04-17 02:11:23+00:00,2026-04-17 02:00:00+00:00,2.0,0.6599999999999999,True
2026-04-17 02:24:09,KXBTCD-26APR1623-T74699.99,0.445,trade,yes,True,20.62,BTC,2026-04-17 02:24:09+00:00,2026-04-17 02:00:00+00:00,2.0,0.445,True
2026-04-17 02:30:32,KXBTCD-26APR1623-T74499.99,0.685,trade,yes,True,9.2,BTC,2026-04-17 02:30:32+00:00,2026-04-17 02:00:00+00:00,2.0,0.685,True
2026-04-17 03:00:16,KXBTCD-26APR1700-T74799.99,0.325,trade,no,True,9.63,BTC,2026-04-17 03:00:16+00:00,2026-04-17 03:00:00+00:00,2.0,0.675,True
2026-04-17 03:02:23,KXBTCD-26APR1700-T74599.99,0.705,trade,yes,True,8.37,BTC,2026-04-17 03:02:23+00:00,2026-04-17 03:00:00+00:00,2.0,0.705,True
2026-04-17 03:07:43,KXBTCD-26APR1700-T74699.99,0.435,trade,yes,False,-20.0,BTC,2026-04-17 03:07:43+00:00,2026-04-17 03:00:00+00:00,2.0,0.435,False
2026-04-17 03:31:24,KXBTCD-26APR1700-T74899.99,0.165,trade,no,True,3.95,BTC,2026-04-17 03:31:24+00:00,2026-04-17 03:00:00+00:00,2.0,0.835,True
2026-04-17 04:00:07,KXBTCD-26APR1701-T74599.99,0.625,trade,yes,True,12.0,BTC,2026-04-17 04:00:07+00:00,2026-04-17 04:00:00+00:00,2.0,0.625,True
2026-04-17 04:04:25,KXBTCD-26APR1701-T74799.99,0.2,trade,no,False,-20.0,BTC,2026-04-17 04:04:25+00:00,2026-04-17 04:00:00+00:00,2.0,0.8,False
2026-04-17 04:05:29,KXBTCD-26APR1701-T74699.99,0.48,trade,yes,True,20.82,BTC,2026-04-17 04:05:29+00:00,2026-04-17 04:00:00+00:00,2.0,0.48,True
2026-04-17 04:20:23,KXBTCD-26APR1701-T74899.99,0.195,trade,no,True,4.84,BTC,2026-04-17 04:20:23+00:00,2026-04-17 04:00:00+00:00,2.0,0.8049999999999999,True
2026-04-17 05:00:47,KXBTCD-26APR1702-T74999.99,0.155,trade,no,True,3.67,BTC,2026-04-17 05:00:47+00:00,2026-04-17 05:00:00+00:00,2.0,0.845,True
2026-04-17 05:05:01,KXBTCD-26APR1702-T74599.99,0.71,trade,yes,True,8.17,BTC,2026-04-17 05:05:01+00:00,2026-04-17 05:00:00+00:00,2.0,0.71,True
2026-04-17 05:06:06,KXBTCD-26APR1702-T74799.99,0.315,trade,no,True,9.2,BTC,2026-04-17 05:06:06+00:00,2026-04-17 05:00:00+00:00,2.0,0.685,True
2026-04-17 05:10:21,KXBTCD-26APR1702-T74699.99,0.435,trade,yes,False,-20.0,BTC,2026-04-17 05:10:21+00:00,2026-04-17 05:00:00+00:00,2.0,0.435,False
2026-04-17 06:01:25,KXBTCD-26APR1703-T74499.99,0.795,trade,yes,True,2.06,BTC,2026-04-17 06:01:25+00:00,2026-04-17 06:00:00+00:00,2.0,0.795,True
2026-04-17 06:06:45,KXBTCD-26APR1703-T74899.99,0.205,trade,no,False,-20.0,BTC,2026-04-17 06:06:45+00:00,2026-04-17 06:00:00+00:00,2.0,0.795,False
2026-04-17 06:07:49,KXBTCD-26APR1703-T74699.99,0.695,trade,yes,True,8.78,BTC,2026-04-17 06:07:49+00:00,2026-04-17 06:00:00+00:00,2.0,0.695,True
2026-04-17 06:30:29,KXBTCD-26APR1703-T74799.99,0.445,trade,yes,True,19.21,BTC,2026-04-17 06:30:29+00:00,2026-04-17 06:00:00+00:00,2.0,0.445,True
2026-04-17 07:00:17,KXBTCD-26APR1704-T75099.99,0.225,trade,no,True,5.81,BTC,2026-04-17 07:00:17+00:00,2026-04-17 07:00:00+00:00,2.0,0.775,True
2026-04-17 07:05:38,KXBTCD-26APR1704-T75199.99,0.155,trade,no,True,3.67,BTC,2026-04-17 07:05:38+00:00,2026-04-17 07:00:00+00:00,2.0,0.845,True
2026-04-17 07:08:50,KXBTCD-26APR1704-T74999.99,0.705,trade,yes,True,8.37,BTC,2026-04-17 07:08:50+00:00,2026-04-17 07:00:00+00:00,2.0,0.705,True
2026-04-17 07:17:19,KXBTCD-26APR1704-T74899.99,0.74,trade,yes,True,7.03,BTC,2026-04-17 07:17:19+00:00,2026-04-17 07:00:00+00:00,2.0,0.74,True
2026-04-17 08:00:57,KXBTCD-26APR1705-T75199.99,0.235,trade,no,False,-20.0,BTC,2026-04-17 08:00:57+00:00,2026-04-17 08:00:00+00:00,2.0,0.765,False
2026-04-17 08:09:28,KXBTCD-26APR1705-T75299.99,0.225,trade,no,False,-20.0,BTC,2026-04-17 08:09:28+00:00,2026-04-17 08:00:00+00:00,2.0,0.775,False
2026-04-17 08:19:02,KXBTCD-26APR1705-T74999.99,0.695,trade,yes,True,8.78,BTC,2026-04-17 08:19:02+00:00,2026-04-17 08:00:00+00:00,2.0,0.695,True
2026-04-17 08:24:20,KXBTCD-26APR1705-T75099.99,0.38,trade,yes,True,32.63,BTC,2026-04-17 08:24:20+00:00,2026-04-17 08:00:00+00:00,2.0,0.38,True
2026-04-17 08:34:59,KXBTCD-26APR1705-T75499.99,0.27,trade,no,False,-20.0,BTC,2026-04-17 08:34:59+00:00,2026-04-17 08:00:00+00:00,2.0,0.73,False
2026-04-17 08:48:49,KXBTCD-26APR1705-T75799.99,0.235,trade,no,True,6.14,BTC,2026-04-17 08:48:49+00:00,2026-04-17 08:00:00+00:00,2.0,0.765,True
2026-04-17 09:09:02,KXBTCD-26APR1706-T75999.99,0.215,trade,no,True,5.48,BTC,2026-04-17 09:09:02+00:00,2026-04-17 09:00:00+00:00,0.0,0.785,True
2026-04-17 09:16:28,KXBTCD-26APR1706-T76099.99,0.27,trade,no,True,7.4,BTC,2026-04-17 09:16:28+00:00,2026-04-17 09:00:00+00:00,0.0,0.73,True
2026-04-17 09:21:47,KXBTCD-26APR1706-T75899.99,0.385,trade,no,True,12.52,BTC,2026-04-17 09:21:47+00:00,2026-04-17 09:00:00+00:00,0.0,0.615,True
2026-04-17 09:33:28,KXBTCD-26APR1706-T75799.99,0.485,trade,yes,True,21.24,BTC,2026-04-17 09:33:28+00:00,2026-04-17 09:00:00+00:00,0.0,0.485,True
2026-04-17 10:01:06,KXBTCD-26APR1707-T75499.99,0.75,trade,yes,False,-20.0,BTC,2026-04-17 10:01:06+00:00,2026-04-17 10:00:00+00:00,0.0,0.75,False
2026-04-17 10:06:27,KXBTCD-26APR1707-T75699.99,0.685,trade,yes,False,-20.0,BTC,2026-04-17 10:06:27+00:00,2026-04-17 10:00:00+00:00,0.0,0.685,False
2026-04-17 10:10:42,KXBTCD-26APR1707-T75999.99,0.205,trade,no,True,5.16,BTC,2026-04-17 10:10:42+00:00,2026-04-17 10:00:00+00:00,0.0,0.795,True
2026-04-17 10:16:01,KXBTCD-26APR1707-T75599.99,0.605,trade,yes,False,-20.0,BTC,2026-04-17 10:16:01+00:00,2026-04-17 10:00:00+00:00,0.0,0.605,False
2026-04-17 10:17:05,KXBTCD-26APR1707-T75899.99,0.205,trade,no,True,5.16,BTC,2026-04-17 10:17:05+00:00,2026-04-17 10:00:00+00:00,0.0,0.795,True
2026-04-17 10:27:44,KXBTCD-26APR1707-T75799.99,0.235,trade,no,True,6.14,BTC,2026-04-17 10:27:44+00:00,2026-04-17 10:00:00+00:00,0.0,0.765,True
2026-04-17 10:28:47,KXBTCD-26APR1707-T75299.99,0.48,trade,yes,True,21.67,BTC,2026-04-17 10:28:47+00:00,2026-04-17 10:00:00+00:00,0.0,0.48,True
2026-04-17 10:34:07,KXBTCD-26APR1707-T75199.99,0.605,trade,yes,True,13.06,BTC,2026-04-17 10:34:07+00:00,2026-04-17 10:00:00+00:00,0.0,0.605,True
2026-04-17 11:00:47,KXBTCD-26APR1708-T75099.99,0.725,trade,yes,True,7.59,BTC,2026-04-17 11:00:47+00:00,2026-04-17 11:00:00+00:00,2.0,0.725,True
2026-04-17 11:06:10,KXBTCD-26APR1708-T75199.99,0.735,trade,yes,True,7.21,BTC,2026-04-17 11:06:10+00:00,2026-04-17 11:00:00+00:00,2.0,0.735,True
2026-04-17 11:11:30,KXBTCD-26APR1708-T75299.99,0.64,trade,yes,True,11.25,BTC,2026-04-17 11:11:30+00:00,2026-04-17 11:00:00+00:00,2.0,0.64,True
2026-04-17 11:16:49,KXBTCD-26APR1708-T75599.99,0.2,trade,no,False,-20.0,BTC,2026-04-17 11:16:49+00:00,2026-04-17 11:00:00+00:00,2.0,0.8,False
2026-04-17 11:17:53,KXBTCD-26APR1708-T75399.99,0.515,trade,yes,True,18.83,BTC,2026-04-17 11:17:53+00:00,2026-04-17 11:00:00+00:00,2.0,0.515,True
2026-04-17 11:22:08,KXBTCD-26APR1708-T75699.99,0.205,trade,no,True,5.16,BTC,2026-04-17 11:22:08+00:00,2026-04-17 11:00:00+00:00,2.0,0.795,True
2026-04-17 11:30:39,KXBTCD-26APR1708-T75499.99,0.54,trade,yes,True,17.04,BTC,2026-04-17 11:30:39+00:00,2026-04-17 11:00:00+00:00,2.0,0.54,True
2026-04-17 12:00:28,KXBTCD-26APR1709-T75499.99,0.685,trade,yes,True,9.2,BTC,2026-04-17 12:00:28+00:00,2026-04-17 12:00:00+00:00,0.0,0.685,True
2026-04-17 12:01:32,KXBTCD-26APR1709-T75899.99,0.205,trade,no,False,-20.0,BTC,2026-04-17 12:01:32+00:00,2026-04-17 12:00:00+00:00,0.0,0.795,False
2026-04-17 12:06:53,KXBTCD-26APR1709-T75599.99,0.565,trade,yes,True,15.4,BTC,2026-04-17 12:06:53+00:00,2026-04-17 12:00:00+00:00,0.0,0.565,True
2026-04-17 12:09:01,KXBTCD-26APR1709-T75799.99,0.255,trade,no,False,-20.0,BTC,2026-04-17 12:09:01+00:00,2026-04-17 12:00:00+00:00,0.0,0.745,False
2026-04-17 12:15:24,KXBTCD-26APR1709-T75699.99,0.525,trade,yes,True,18.1,BTC,2026-04-17 12:15:24+00:00,2026-04-17 12:00:00+00:00,0.0,0.525,True
2026-04-17 12:22:53,KXBTCD-26APR1709-T75999.99,0.145,trade,no,False,-20.0,BTC,2026-04-17 12:22:53+00:00,2026-04-17 12:00:00+00:00,0.0,0.855,False
2026-04-17 12:28:13,KXBTCD-26APR1709-T76099.99,0.205,trade,no,False,-20.0,BTC,2026-04-17 12:28:13+00:00,2026-04-17 12:00:00+00:00,0.0,0.795,False
2026-04-17 12:49:33,KXBTCD-26APR1709-T76199.99,0.305,trade,no,False,-20.0,BTC,2026-04-17 12:49:33+00:00,2026-04-17 12:00:00+00:00,0.0,0.6950000000000001,False
2026-04-17 14:07:36,KXBTCD-26APR1711-T77699.99,0.24,trade,no,False,-20.0,BTC,2026-04-17 14:07:36+00:00,2026-04-17 14:00:00+00:00,0.0,0.76,False
2026-04-17 14:15:03,KXBTCD-26APR1711-T76899.99,0.675,trade,yes,True,9.63,BTC,2026-04-17 14:15:03+00:00,2026-04-17 14:00:00+00:00,0.0,0.675,True
2026-04-17 14:18:15,KXBTCD-26APR1711-T77599.99,0.25,trade,no,False,-20.0,BTC,2026-04-17 14:18:15+00:00,2026-04-17 14:00:00+00:00,0.0,0.75,False
2026-04-17 15:17:54,KXBTCD-26APR1712-T78199.99,0.375,trade,no,True,12.0,BTC,2026-04-17 15:17:54+00:00,2026-04-17 15:00:00+00:00,0.0,0.625,True
2026-04-17 15:23:13,KXBTCD-26APR1712-T78299.99,0.28,trade,no,True,7.78,BTC,2026-04-17 15:23:13+00:00,2026-04-17 15:00:00+00:00,0.0,0.72,True
2026-04-17 15:28:32,KXBTCD-26APR1712-T77999.99,0.305,trade,no,True,8.78,BTC,2026-04-17 15:28:32+00:00,2026-04-17 15:00:00+00:00,0.0,0.6950000000000001,True
2026-04-17 16:00:35,KXBTCD-26APR1713-T78099.99,0.24,trade,no,True,6.32,BTC,2026-04-17 16:00:35+00:00,2026-04-17 16:00:00+00:00,0.0,0.76,True
2026-04-17 16:05:56,KXBTCD-26APR1713-T78299.99,0.215,trade,no,True,5.48,BTC,2026-04-17 16:05:56+00:00,2026-04-17 16:00:00+00:00,0.0,0.785,True
2026-04-17 16:11:16,KXBTCD-26APR1713-T78199.99,0.28,trade,no,True,7.78,BTC,2026-04-17 16:11:16+00:00,2026-04-17 16:00:00+00:00,0.0,0.72,True
2026-04-17 17:04:34,KXBTCD-26APR1714-T78099.99,0.33,trade,no,True,9.85,BTC,2026-04-17 17:04:34+00:00,2026-04-17 17:00:00+00:00,0.0,0.6699999999999999,True
2026-04-17 17:07:48,KXBTCD-26APR1714-T77699.99,0.61,trade,yes,False,-20.0,BTC,2026-04-17 17:07:48+00:00,2026-04-17 17:00:00+00:00,0.0,0.61,False
2026-04-17 17:15:15,KXBTCD-26APR1714-T77599.99,0.495,trade,yes,False,-20.0,BTC,2026-04-17 17:15:15+00:00,2026-04-17 17:00:00+00:00,0.0,0.495,False
2026-04-17 19:00:15,KXBTCD-26APR1716-T77299.99,0.395,trade,yes,True,30.63,BTC,2026-04-17 19:00:15+00:00,2026-04-17 19:00:00+00:00,0.0,0.395,True
2026-04-17 19:01:19,KXBTCD-26APR1717-T77499.99,0.275,trade,yes,False,-20.0,BTC,2026-04-17 19:01:19+00:00,2026-04-17 19:00:00+00:00,0.0,0.275,False
2026-04-17 19:06:38,KXBTCD-26APR1716-T77199.99,0.375,trade,yes,True,33.33,BTC,2026-04-17 19:06:38+00:00,2026-04-17 19:00:00+00:00,0.0,0.375,True
2026-04-17 19:11:58,KXBTCD-26APR1716-T76999.99,0.72,trade,yes,True,7.78,BTC,2026-04-17 19:11:58+00:00,2026-04-17 19:00:00+00:00,0.0,0.72,True
2026-04-17 19:15:09,KXBTCD-26APR1717-T76999.99,0.745,trade,yes,True,6.85,BTC,2026-04-17 19:15:09+00:00,2026-04-17 19:00:00+00:00,0.0,0.745,True
2026-04-17 21:00:28,KXBTCD-26APR1718-T77299.99,0.635,trade,yes,True,11.5,BTC,2026-04-17 21:00:28+00:00,2026-04-17 21:00:00+00:00,0.0,0.635,True
2026-04-17 21:05:48,KXBTCD-26APR1718-T77399.99,0.535,trade,yes,True,17.38,BTC,2026-04-17 21:05:48+00:00,2026-04-17 21:00:00+00:00,0.0,0.535,True
2026-04-17 21:13:15,KXBTCD-26APR1718-T77499.99,0.415,trade,yes,True,24.71,BTC,2026-04-17 21:13:15+00:00,2026-04-17 21:00:00+00:00,0.0,0.415,True
2026-04-17 22:01:03,KXBTCD-26APR1719-T77399.99,0.615,trade,yes,False,-20.0,BTC,2026-04-17 22:01:03+00:00,2026-04-17 22:00:00+00:00,0.0,0.615,False
2026-04-17 22:06:23,KXBTCD-26APR1719-T77499.99,0.545,trade,yes,False,-20.0,BTC,2026-04-17 22:06:23+00:00,2026-04-17 22:00:00+00:00,0.0,0.545,False
2026-04-17 22:15:57,KXBTCD-26APR1719-T77299.99,0.725,trade,yes,True,7.59,BTC,2026-04-17 22:15:57+00:00,2026-04-17 22:00:00+00:00,0.0,0.725,True
2026-04-17 23:00:32,KXBTCD-26APR1720-T77199.99,0.705,trade,yes,False,-20.0,BTC,2026-04-17 23:00:32+00:00,2026-04-17 23:00:00+00:00,0.0,0.705,False
2026-04-17 23:05:52,KXBTCD-26APR1720-T77299.99,0.495,trade,yes,False,-20.0,BTC,2026-04-17 23:05:52+00:00,2026-04-17 23:00:00+00:00,0.0,0.495,False
2026-04-17 23:12:14,KXBTCD-26APR1720-T77399.99,0.185,trade,yes,False,-13.93,BTC,2026-04-17 23:12:14+00:00,2026-04-17 23:00:00+00:00,0.0,0.185,False
2026-04-18 00:01:07,KXBTCD-26APR1721-T76999.99,0.745,trade,yes,True,6.85,BTC,2026-04-18 00:01:07+00:00,2026-04-18 00:00:00+00:00,0.0,0.745,True
2026-04-18 00:06:28,KXBTCD-26APR1721-T77099.99,0.715,trade,yes,True,7.97,BTC,2026-04-18 00:06:28+00:00,2026-04-18 00:00:00+00:00,0.0,0.715,True
2026-04-18 00:11:46,KXBTCD-26APR1721-T77299.99,0.275,trade,yes,False,-20.0,BTC,2026-04-18 00:11:46+00:00,2026-04-18 00:00:00+00:00,0.0,0.275,False
2026-04-18 01:00:36,KXBTCD-26APR1722-T77099.99,0.67,trade,yes,True,9.85,BTC,2026-04-18 01:00:36+00:00,2026-04-18 01:00:00+00:00,0.0,0.67,True
2026-04-18 01:05:54,KXBTCD-26APR1722-T77199.99,0.565,trade,yes,True,15.4,BTC,2026-04-18 01:05:54+00:00,2026-04-18 01:00:00+00:00,0.0,0.565,True
2026-04-18 01:11:14,KXBTCD-26APR1722-T77299.99,0.465,trade,yes,False,-20.0,BTC,2026-04-18 01:11:14+00:00,2026-04-18 01:00:00+00:00,0.0,0.465,False
2026-04-18 02:00:12,KXBTCD-26APR1723-T77199.99,0.575,trade,yes,True,14.78,BTC,2026-04-18 02:00:12+00:00,2026-04-18 02:00:00+00:00,0.0,0.575,True
2026-04-18 02:05:30,KXBTCD-26APR1723-T77299.99,0.305,trade,yes,True,45.57,BTC,2026-04-18 02:05:30+00:00,2026-04-18 02:00:00+00:00,0.0,0.305,True
2026-04-18 02:10:50,KXBTCD-26APR1723-T77399.99,0.255,trade,yes,False,-20.0,BTC,2026-04-18 02:10:50+00:00,2026-04-18 02:00:00+00:00,0.0,0.255,False
2026-04-18 03:00:51,KXBTCD-26APR1800-T77299.99,0.525,trade,yes,False,-20.0,BTC,2026-04-18 03:00:51+00:00,2026-04-18 03:00:00+00:00,0.0,0.525,False
2026-04-18 03:06:11,KXBTCD-26APR1800-T77199.99,0.715,trade,yes,False,-20.0,BTC,2026-04-18 03:06:11+00:00,2026-04-18 03:00:00+00:00,0.0,0.715,False
2026-04-18 03:11:30,KXBTCD-26APR1800-T77399.99,0.285,trade,yes,False,-20.0,BTC,2026-04-18 03:11:30+00:00,2026-04-18 03:00:00+00:00,0.0,0.285,False
2026-04-18 04:02:38,KXBTCD-26APR1801-T77099.99,0.425,trade,yes,True,25.33,BTC,2026-04-18 04:02:38+00:00,2026-04-18 04:00:00+00:00,0.0,0.425,True
2026-04-18 04:04:46,KXBTCD-26APR1801-T77199.99,0.295,trade,no,True,8.37,BTC,2026-04-18 04:04:46+00:00,2026-04-18 04:00:00+00:00,0.0,0.7050000000000001,True
2026-04-18 04:07:57,KXBTCD-26APR1801-T76999.99,0.75,trade,yes,True,6.67,BTC,2026-04-18 04:07:57+00:00,2026-04-18 04:00:00+00:00,0.0,0.75,True
2026-04-18 05:00:07,KXBTCD-26APR1802-T77099.99,0.66,trade,yes,True,10.3,BTC,2026-04-18 05:00:07+00:00,2026-04-18 05:00:00+00:00,0.0,0.66,True
2026-04-18 05:05:31,KXBTCD-26APR1802-T77199.99,0.56,trade,yes,False,-20.0,BTC,2026-04-18 05:05:31+00:00,2026-04-18 05:00:00+00:00,0.0,0.56,False
2026-04-18 05:10:50,KXBTCD-26APR1802-T77299.99,0.405,trade,yes,False,-20.0,BTC,2026-04-18 05:10:50+00:00,2026-04-18 05:00:00+00:00,0.0,0.405,False
2026-04-18 06:00:49,KXBTCD-26APR1803-T77099.99,0.735,trade,yes,True,7.21,BTC,2026-04-18 06:00:49+00:00,2026-04-18 06:00:00+00:00,0.0,0.735,True
2026-04-18 06:06:09,KXBTCD-26APR1803-T77199.99,0.395,trade,yes,False,-20.0,BTC,2026-04-18 06:06:09+00:00,2026-04-18 06:00:00+00:00,0.0,0.395,False
2026-04-18 06:07:12,KXBTCD-26APR1803-T77299.99,0.205,trade,no,True,5.16,BTC,2026-04-18 06:07:12+00:00,2026-04-18 06:00:00+00:00,0.0,0.795,True
2026-04-18 07:00:14,KXBTCD-26APR1804-T77099.99,0.57,trade,yes,False,-20.0,BTC,2026-04-18 07:00:14+00:00,2026-04-18 07:00:00+00:00,0.0,0.57,False
2026-04-18 07:05:34,KXBTCD-26APR1804-T77199.99,0.355,trade,yes,False,-16.63,BTC,2026-04-18 07:05:34+00:00,2026-04-18 07:00:00+00:00,0.0,0.355,False
2026-04-18 07:41:39,KXBTCD-26APR1804-T76999.99,0.71,trade,yes,True,8.17,BTC,2026-04-18 07:41:39+00:00,2026-04-18 07:00:00+00:00,0.0,0.71,True
2026-04-18 08:06:04,KXBTCD-26APR1805-T77099.99,0.365,trade,yes,False,-20.0,BTC,2026-04-18 08:06:04+00:00,2026-04-18 08:00:00+00:00,0.0,0.365,False
2026-04-18 08:11:22,KXBTCD-26APR1805-T76999.99,0.515,trade,yes,False,-20.0,BTC,2026-04-18 08:11:22+00:00,2026-04-18 08:00:00+00:00,0.0,0.515,False
2026-04-18 08:16:40,KXBTCD-26APR1805-T76799.99,0.36,trade,yes,False,-20.0,BTC,2026-04-18 08:16:40+00:00,2026-04-18 08:00:00+00:00,0.0,0.36,False
2026-04-18 09:00:14,KXBTCD-26APR1806-T76699.99,0.555,trade,yes,False,-20.0,BTC,2026-04-18 09:00:14+00:00,2026-04-18 09:00:00+00:00,0.0,0.555,False
2026-04-18 15:38:33,KXBTCD-26APR1812-T76299.99,0.205,trade,no,True,5.16,BTC,2026-04-18 15:38:33+00:00,2026-04-18 15:00:00+00:00,0.0,0.795,True
2026-04-18 16:18:41,KXBTCD-26APR1813-T75999.99,0.315,trade,yes,False,-20.0,BTC,2026-04-18 16:18:41+00:00,2026-04-18 16:00:00+00:00,0.0,0.315,False
2026-04-18 17:00:53,KXBTCD-26APR1814-T75799.99,0.685,trade,yes,True,9.2,BTC,2026-04-18 17:00:53+00:00,2026-04-18 17:00:00+00:00,0.0,0.685,True
2026-04-18 18:02:45,KXBTCD-26APR1815-T75799.99,0.395,trade,yes,False,-20.0,BTC,2026-04-18 18:02:45+00:00,2026-04-18 18:00:00+00:00,0.0,0.395,False
2026-04-18 18:08:01,KXBTCD-26APR1815-T75899.99,0.245,trade,yes,False,-20.0,BTC,2026-04-18 18:08:01+00:00,2026-04-18 18:00:00+00:00,0.0,0.245,False
2026-04-18 18:15:26,KXBTCD-26APR1815-T76099.99,0.05,trade,yes,False,-20.0,BTC,2026-04-18 18:15:26+00:00,2026-04-18 18:00:00+00:00,0.0,0.05,False
2026-04-18 19:01:13,KXBTCD-26APR1817-T75749.99,0.445,trade,yes,True,24.94,BTC,2026-04-18 19:01:13+00:00,2026-04-18 19:00:00+00:00,0.0,0.445,True
2026-04-18 22:37:08,KXBTCD-26APR1819-T75799.99,0.63,trade,yes,True,11.75,BTC,2026-04-18 22:37:08+00:00,2026-04-18 22:00:00+00:00,0.0,0.63,True
2026-04-18 23:33:26,KXBTCD-26APR1820-T75799.99,0.485,trade,yes,False,-18.38,BTC,2026-04-18 23:33:26+00:00,2026-04-18 23:00:00+00:00,0.0,0.485,False
2026-04-19 00:01:00,KXBTCD-26APR1821-T75699.99,0.605,trade,yes,False,-20.0,BTC,2026-04-19 00:01:00+00:00,2026-04-19 00:00:00+00:00,0.0,0.605,False
2026-04-19 00:02:04,KXBTCD-26APR1821-T75899.99,0.165,trade,no,True,3.95,BTC,2026-04-19 00:02:04+00:00,2026-04-19 00:00:00+00:00,0.0,0.835,True
2026-04-19 00:09:30,KXBTCD-26APR1821-T75799.99,0.715,trade,yes,False,-20.0,BTC,2026-04-19 00:09:30+00:00,2026-04-19 00:00:00+00:00,0.0,0.715,False
2026-04-19 01:00:27,KXBTCD-26APR1822-T75899.99,0.165,trade,no,True,3.95,BTC,2026-04-19 01:00:27+00:00,2026-04-19 01:00:00+00:00,0.0,0.835,True
2026-04-19 01:01:32,KXBTCD-26APR1822-T75799.99,0.45,trade,yes,False,-20.0,BTC,2026-04-19 01:01:32+00:00,2026-04-19 01:00:00+00:00,0.0,0.45,False
2026-04-19 01:10:03,KXBTCD-26APR1822-T75599.99,0.715,trade,yes,True,7.97,BTC,2026-04-19 01:10:03+00:00,2026-04-19 01:00:00+00:00,0.0,0.715,True
2026-04-19 02:01:02,KXBTCD-26APR1823-T75599.99,0.59,trade,yes,False,-20.0,BTC,2026-04-19 02:01:02+00:00,2026-04-19 02:00:00+00:00,0.0,0.59,False
2026-04-19 02:06:24,KXBTCD-26APR1823-T75699.99,0.275,trade,no,True,7.59,BTC,2026-04-19 02:06:24+00:00,2026-04-19 02:00:00+00:00,0.0,0.725,True
2026-04-19 02:21:14,KXBTCD-26APR1823-T75799.99,0.185,trade,no,True,4.54,BTC,2026-04-19 02:21:14+00:00,2026-04-19 02:00:00+00:00,0.0,0.815,True
2026-04-19 03:01:31,KXBTCD-26APR1900-T75599.99,0.38,trade,yes,False,-16.98,BTC,2026-04-19 03:01:31+00:00,2026-04-19 03:00:00+00:00,0.0,0.38,False
2026-04-19 03:06:51,KXBTCD-26APR1900-T75499.99,0.415,trade,yes,True,28.19,BTC,2026-04-19 03:06:51+00:00,2026-04-19 03:00:00+00:00,0.0,0.415,True
2026-04-19 03:12:09,KXBTCD-26APR1900-T75399.99,0.745,trade,yes,True,6.85,BTC,2026-04-19 03:12:09+00:00,2026-04-19 03:00:00+00:00,0.0,0.745,True
2026-04-19 04:00:57,KXBTCD-26APR1901-T75699.99,0.185,trade,no,False,-20.0,BTC,2026-04-19 04:00:57+00:00,2026-04-19 04:00:00+00:00,0.0,0.815,False
2026-04-19 04:06:18,KXBTCD-26APR1901-T75599.99,0.615,trade,yes,True,12.52,BTC,2026-04-19 04:06:18+00:00,2026-04-19 04:00:00+00:00,0.0,0.615,True
2026-04-19 04:10:33,KXBTCD-26APR1901-T75799.99,0.17,trade,no,True,4.1,BTC,2026-04-19 04:10:33+00:00,2026-04-19 04:00:00+00:00,0.0,0.83,True
2026-04-19 05:02:36,KXBTCD-26APR1902-T75599.99,0.445,trade,yes,False,-20.0,BTC,2026-04-19 05:02:36+00:00,2026-04-19 05:00:00+00:00,0.0,0.445,False
2026-04-19 05:03:40,KXBTCD-26APR1902-T75699.99,0.265,trade,no,True,7.21,BTC,2026-04-19 05:03:40+00:00,2026-04-19 05:00:00+00:00,0.0,0.735,True
2026-04-19 06:01:00,KXBTCD-26APR1903-T75499.99,0.685,trade,yes,False,-20.0,BTC,2026-04-19 06:01:00+00:00,2026-04-19 06:00:00+00:00,0.0,0.685,False
2026-04-19 06:02:03,KXBTCD-26APR1903-T75699.99,0.15,trade,no,True,3.53,BTC,2026-04-19 06:02:03+00:00,2026-04-19 06:00:00+00:00,0.0,0.85,True
2026-04-19 06:10:34,KXBTCD-26APR1903-T75599.99,0.26,trade,yes,False,-13.82,BTC,2026-04-19 06:10:34+00:00,2026-04-19 06:00:00+00:00,0.0,0.26,False
2026-04-19 07:00:43,KXBTCD-26APR1904-T75399.99,0.605,trade,yes,False,-20.0,BTC,2026-04-19 07:00:43+00:00,2026-04-19 07:00:00+00:00,1.0,0.605,False
2026-04-19 07:06:01,KXBTCD-26APR1904-T75299.99,0.71,trade,yes,True,8.17,BTC,2026-04-19 07:06:01+00:00,2026-04-19 07:00:00+00:00,1.0,0.71,True
2026-04-19 07:11:19,KXBTCD-26APR1904-T75199.99,0.74,trade,yes,True,7.03,BTC,2026-04-19 07:11:19+00:00,2026-04-19 07:00:00+00:00,1.0,0.74,True
2026-04-19 08:01:08,KXBTCD-26APR1905-T75199.99,0.575,trade,yes,True,14.78,BTC,2026-04-19 08:01:08+00:00,2026-04-19 08:00:00+00:00,1.0,0.575,True
2026-04-19 08:02:12,KXBTCD-26APR1905-T75399.99,0.285,trade,no,True,7.97,BTC,2026-04-19 08:02:12+00:00,2026-04-19 08:00:00+00:00,1.0,0.7150000000000001,True
2026-04-19 08:29:41,KXBTCD-26APR1905-T75299.99,0.225,trade,no,True,5.81,BTC,2026-04-19 08:29:41+00:00,2026-04-19 08:00:00+00:00,1.0,0.775,True
2026-04-19 09:00:28,KXBTCD-26APR1906-T75399.99,0.26,trade,no,True,7.03,BTC,2026-04-19 09:00:28+00:00,2026-04-19 09:00:00+00:00,1.0,0.74,True
2026-04-19 09:07:51,KXBTCD-26APR1906-T75199.99,0.71,trade,yes,False,-20.0,BTC,2026-04-19 09:07:51+00:00,2026-04-19 09:00:00+00:00,1.0,0.71,False
2026-04-19 09:13:09,KXBTCD-26APR1906-T75299.99,0.285,trade,no,True,7.97,BTC,2026-04-19 09:13:09+00:00,2026-04-19 09:00:00+00:00,1.0,0.7150000000000001,True
2026-04-19 10:00:44,KXBTCD-26APR1907-T74899.99,0.735,trade,yes,True,7.21,BTC,2026-04-19 10:00:44+00:00,2026-04-19 10:00:00+00:00,1.0,0.735,True
2026-04-19 10:03:55,KXBTCD-26APR1907-T75199.99,0.3,trade,no,False,-20.0,BTC,2026-04-19 10:03:55+00:00,2026-04-19 10:00:00+00:00,1.0,0.7,False
2026-04-19 10:06:01,KXBTCD-26APR1907-T74999.99,0.625,trade,yes,True,12.0,BTC,2026-04-19 10:06:01+00:00,2026-04-19 10:00:00+00:00,1.0,0.625,True
2026-04-19 11:01:01,KXBTCD-26APR1908-T75199.99,0.635,trade,yes,True,11.5,BTC,2026-04-19 11:01:01+00:00,2026-04-19 11:00:00+00:00,1.0,0.635,True
2026-04-19 11:02:04,KXBTCD-26APR1908-T75399.99,0.205,trade,no,False,-20.0,BTC,2026-04-19 11:02:04+00:00,2026-04-19 11:00:00+00:00,1.0,0.795,False
2026-04-19 11:43:19,KXBTCD-26APR1908-T75599.99,0.205,trade,no,False,-20.0,BTC,2026-04-19 11:43:19+00:00,2026-04-19 11:00:00+00:00,1.0,0.795,False
2026-04-19 12:00:14,KXBTCD-26APR1909-T75799.99,0.215,trade,no,True,5.48,BTC,2026-04-19 12:00:14+00:00,2026-04-19 12:00:00+00:00,1.0,0.785,True
2026-04-19 12:07:39,KXBTCD-26APR1909-T75699.99,0.385,trade,no,True,12.52,BTC,2026-04-19 12:07:39+00:00,2026-04-19 12:00:00+00:00,1.0,0.615,True
2026-04-19 12:12:56,KXBTCD-26APR1909-T75899.99,0.185,trade,no,True,4.54,BTC,2026-04-19 12:12:56+00:00,2026-04-19 12:00:00+00:00,1.0,0.815,True
2026-04-19 13:00:32,KXBTCD-26APR1910-T75799.99,0.26,trade,no,False,-20.0,BTC,2026-04-19 13:00:32+00:00,2026-04-19 13:00:00+00:00,1.0,0.74,False
2026-04-19 13:05:50,KXBTCD-26APR1910-T75899.99,0.235,trade,no,False,-20.0,BTC,2026-04-19 13:05:50+00:00,2026-04-19 13:00:00+00:00,1.0,0.765,False
2026-04-19 13:17:29,KXBTCD-26APR1910-T75999.99,0.24,trade,no,True,6.32,BTC,2026-04-19 13:17:29+00:00,2026-04-19 13:00:00+00:00,1.0,0.76,True
2026-04-19 14:00:49,KXBTCD-26APR1911-T76199.99,0.25,trade,no,True,6.67,BTC,2026-04-19 14:00:49+00:00,2026-04-19 14:00:00+00:00,3.0,0.75,True
2026-04-19 14:03:59,KXBTCD-26APR1911-T75699.99,0.705,trade,yes,True,8.37,BTC,2026-04-19 14:03:59+00:00,2026-04-19 14:00:00+00:00,3.0,0.705,True
2026-04-19 14:07:10,KXBTCD-26APR1911-T75999.99,0.21,trade,no,False,-20.0,BTC,2026-04-19 14:07:10+00:00,2026-04-19 14:00:00+00:00,3.0,0.79,False
2026-04-19 15:01:04,KXBTCD-26APR1912-T76199.99,0.255,trade,no,True,6.85,BTC,2026-04-19 15:01:04+00:00,2026-04-19 15:00:00+00:00,3.0,0.745,True
2026-04-19 15:06:23,KXBTCD-26APR1912-T76099.99,0.305,trade,no,True,8.78,BTC,2026-04-19 15:06:23+00:00,2026-04-19 15:00:00+00:00,3.0,0.6950000000000001,True
2026-04-19 15:18:02,KXBTCD-26APR1912-T76299.99,0.215,trade,no,True,5.48,BTC,2026-04-19 15:18:02+00:00,2026-04-19 15:00:00+00:00,3.0,0.785,True
2026-04-19 16:01:30,KXBTCD-26APR1913-T75999.99,0.245,trade,no,True,6.49,BTC,2026-04-19 16:01:30+00:00,2026-04-19 16:00:00+00:00,3.0,0.755,True
2026-04-19 16:06:47,KXBTCD-26APR1913-T75899.99,0.36,trade,no,True,11.25,BTC,2026-04-19 16:06:47+00:00,2026-04-19 16:00:00+00:00,3.0,0.64,True
2026-04-19 16:13:09,KXBTCD-26APR1913-T75799.99,0.395,trade,no,True,13.06,BTC,2026-04-19 16:13:09+00:00,2026-04-19 16:00:00+00:00,3.0,0.605,True
2026-04-19 17:00:46,KXBTCD-26APR1914-T75499.99,0.26,trade,no,True,7.03,BTC,2026-04-19 17:00:46+00:00,2026-04-19 17:00:00+00:00,3.0,0.74,True
2026-04-19 17:05:00,KXBTCD-26APR1914-T75199.99,0.49,trade,yes,False,-20.0,BTC,2026-04-19 17:05:00+00:00,2026-04-19 17:00:00+00:00,3.0,0.49,False
2026-04-19 17:09:13,KXBTCD-26APR1914-T75299.99,0.46,trade,yes,False,-20.0,BTC,2026-04-19 17:09:13+00:00,2026-04-19 17:00:00+00:00,3.0,0.46,False
2026-04-19 18:10:34,KXBTCD-26APR1915-T74799.99,0.585,trade,yes,True,14.19,BTC,2026-04-19 18:10:34+00:00,2026-04-19 18:00:00+00:00,1.0,0.585,True
2026-04-19 18:20:04,KXBTCD-26APR1915-T74699.99,0.635,trade,yes,True,11.5,BTC,2026-04-19 18:20:04+00:00,2026-04-19 18:00:00+00:00,1.0,0.635,True
2026-04-19 18:24:17,KXBTCD-26APR1915-T74599.99,0.695,trade,yes,True,8.78,BTC,2026-04-19 18:24:17+00:00,2026-04-19 18:00:00+00:00,1.0,0.695,True
2026-04-19 19:00:15,KXBTCD-26APR1916-T74699.99,0.675,trade,yes,True,9.63,BTC,2026-04-19 19:00:15+00:00,2026-04-19 19:00:00+00:00,1.0,0.675,True
2026-04-19 19:01:19,KXBTCD-26APR1917-T74749.99,0.675,trade,yes,False,-20.0,BTC,2026-04-19 19:01:19+00:00,2026-04-19 19:00:00+00:00,1.0,0.675,False
2026-04-19 19:05:32,KXBTCD-26APR1917-T75249.99,0.28,trade,no,True,7.78,BTC,2026-04-19 19:05:32+00:00,2026-04-19 19:00:00+00:00,1.0,0.72,True
2026-04-19 19:06:36,KXBTCD-26APR1916-T74799.99,0.74,trade,yes,True,7.03,BTC,2026-04-19 19:06:36+00:00,2026-04-19 19:00:00+00:00,1.0,0.74,True
2026-04-19 19:11:54,KXBTCD-26APR1916-T74899.99,0.58,trade,yes,True,14.48,BTC,2026-04-19 19:11:54+00:00,2026-04-19 19:00:00+00:00,1.0,0.58,True
2026-04-19 19:12:57,KXBTCD-26APR1917-T74999.99,0.505,trade,yes,False,-20.0,BTC,2026-04-19 19:12:57+00:00,2026-04-19 19:00:00+00:00,1.0,0.505,False
2026-04-19 21:01:59,KXBTCD-26APR1918-T74899.99,0.26,trade,no,True,7.03,BTC,2026-04-19 21:01:59+00:00,2026-04-19 21:00:00+00:00,1.0,0.74,True
2026-04-21 04:00:33,KXBTCD-26APR2101-T75899.99,0.2,trade,no,True,10.77,BTC,2026-04-21 04:00:33+00:00,2026-04-21 04:00:00+00:00,3.0,0.8,True
2026-04-21 04:05:50,KXBTCD-26APR2101-T75799.99,0.3,trade,no,False,-50.0,BTC,2026-04-21 04:05:50+00:00,2026-04-21 04:00:00+00:00,3.0,0.7,False
2026-04-21 04:07:57,KXBTCD-26APR2101-T75599.99,0.73,trade,yes,True,18.49,BTC,2026-04-21 04:07:57+00:00,2026-04-21 04:00:00+00:00,3.0,0.73,True
2026-04-21 04:13:14,KXBTCD-26APR2101-T75699.99,0.465,trade,yes,True,55.12,BTC,2026-04-21 04:13:14+00:00,2026-04-21 04:00:00+00:00,3.0,0.465,True
2026-04-21 05:01:01,KXBTCD-26APR2102-T75999.99,0.215,trade,no,True,9.9,BTC,2026-04-21 05:01:01+00:00,2026-04-21 05:00:00+00:00,3.0,0.785,True
2026-04-21 05:07:25,KXBTCD-26APR2102-T75799.99,0.73,trade,yes,True,18.49,BTC,2026-04-21 05:07:25+00:00,2026-04-21 05:00:00+00:00,3.0,0.73,True
2026-04-21 05:21:18,KXBTCD-26APR2102-T75899.99,0.68,trade,yes,False,-50.0,BTC,2026-04-21 05:21:18+00:00,2026-04-21 05:00:00+00:00,3.0,0.68,False
2026-04-21 05:24:28,KXBTCD-26APR2102-T76099.99,0.255,trade,no,True,17.11,BTC,2026-04-21 05:24:28+00:00,2026-04-21 05:00:00+00:00,3.0,0.745,True
2026-04-21 06:00:25,KXBTCD-26APR2103-T75999.99,0.17,trade,no,False,-50.0,BTC,2026-04-21 06:00:25+00:00,2026-04-21 06:00:00+00:00,3.0,0.83,False
2026-04-21 06:05:44,KXBTCD-26APR2103-T75899.99,0.24,trade,no,False,-50.0,BTC,2026-04-21 06:05:44+00:00,2026-04-21 06:00:00+00:00,3.0,0.76,False
2026-04-21 06:07:50,KXBTCD-26APR2103-T75699.99,0.735,trade,yes,True,18.03,BTC,2026-04-21 06:07:50+00:00,2026-04-21 06:00:00+00:00,3.0,0.735,True
2026-04-21 07:01:47,KXBTCD-26APR2104-T76099.99,0.215,trade,no,False,-50.0,BTC,2026-04-21 07:01:47+00:00,2026-04-21 07:00:00+00:00,3.0,0.785,False
2026-04-21 07:07:05,KXBTCD-26APR2104-T75999.99,0.365,trade,no,False,-50.0,BTC,2026-04-21 07:07:05+00:00,2026-04-21 07:00:00+00:00,3.0,0.635,False
2026-04-21 07:14:30,KXBTCD-26APR2104-T75899.99,0.715,trade,yes,True,19.93,BTC,2026-04-21 07:14:30+00:00,2026-04-21 07:00:00+00:00,3.0,0.715,True
2026-04-21 07:25:05,KXBTCD-26APR2104-T76299.99,0.26,trade,no,True,12.94,BTC,2026-04-21 07:25:05+00:00,2026-04-21 07:00:00+00:00,3.0,0.74,True
2026-04-21 08:01:02,KXBTCD-26APR2105-T76099.99,0.555,trade,yes,True,25.53,BTC,2026-04-21 08:01:02+00:00,2026-04-21 08:00:00+00:00,3.0,0.555,True
2026-04-21 08:06:19,KXBTCD-26APR2105-T76299.99,0.395,trade,yes,True,65.32,BTC,2026-04-21 08:06:19+00:00,2026-04-21 08:00:00+00:00,3.0,0.395,True
2026-04-21 08:11:36,KXBTCD-26APR2105-T76199.99,0.405,trade,yes,True,73.32,BTC,2026-04-21 08:11:36+00:00,2026-04-21 08:00:00+00:00,3.0,0.405,True
2026-04-21 08:17:57,KXBTCD-26APR2105-T76399.99,0.165,trade,yes,True,200.4,BTC,2026-04-21 08:17:57+00:00,2026-04-21 08:00:00+00:00,3.0,0.165,True
2026-04-21 08:44:26,KXBTCD-26APR2105-T76599.99,0.25,trade,no,True,4.19,BTC,2026-04-21 08:44:26+00:00,2026-04-21 08:00:00+00:00,3.0,0.75,True
2026-04-21 09:07:44,KXBTCD-26APR2106-T76499.99,0.405,trade,yes,False,-50.0,BTC,2026-04-21 09:07:44+00:00,2026-04-21 09:00:00+00:00,3.0,0.405,False
2026-04-21 09:17:16,KXBTCD-26APR2106-T76599.99,0.425,trade,yes,False,-16.64,BTC,2026-04-21 09:17:16+00:00,2026-04-21 09:00:00+00:00,3.0,0.425,False
2026-04-21 09:24:40,KXBTCD-26APR2106-T76399.99,0.665,trade,yes,False,-40.66,BTC,2026-04-21 09:24:40+00:00,2026-04-21 09:00:00+00:00,3.0,0.665,False
2026-04-21 09:32:04,KXBTCD-26APR2106-T76299.99,0.54,trade,yes,True,15.21,BTC,2026-04-21 09:32:04+00:00,2026-04-21 09:00:00+00:00,3.0,0.54,True
2026-04-21 10:00:38,KXBTCD-26APR2107-T76299.99,0.705,trade,yes,True,20.92,BTC,2026-04-21 10:00:38+00:00,2026-04-21 10:00:00+00:00,3.0,0.705,True
2026-04-21 10:05:55,KXBTCD-26APR2107-T76399.99,0.685,trade,yes,True,22.99,BTC,2026-04-21 10:05:55+00:00,2026-04-21 10:00:00+00:00,3.0,0.685,True
2026-04-21 10:11:12,KXBTCD-26APR2107-T76499.99,0.455,trade,yes,True,59.89,BTC,2026-04-21 10:11:12+00:00,2026-04-21 10:00:00+00:00,3.0,0.455,True
2026-04-21 10:17:33,KXBTCD-26APR2107-T76599.99,0.345,trade,yes,True,94.93,BTC,2026-04-21 10:17:33+00:00,2026-04-21 10:00:00+00:00,3.0,0.345,True
2026-04-21 10:23:53,KXBTCD-26APR2107-T76699.99,0.24,trade,yes,True,124.39,BTC,2026-04-21 10:23:53+00:00,2026-04-21 10:00:00+00:00,3.0,0.24,True
2026-04-21 10:46:06,KXBTCD-26APR2107-T76799.99,0.06,trade,yes,False,-32.13,BTC,2026-04-21 10:46:06+00:00,2026-04-21 10:00:00+00:00,3.0,0.06,False
2026-04-21 11:04:08,KXBTCD-26APR2108-T76699.99,0.5,trade,yes,False,-50.0,BTC,2026-04-21 11:04:08+00:00,2026-04-21 11:00:00+00:00,0.0,0.5,False
2026-04-21 11:10:29,KXBTCD-26APR2108-T76599.99,0.525,trade,yes,False,-32.07,BTC,2026-04-21 11:10:29+00:00,2026-04-21 11:00:00+00:00,0.0,0.525,False
2026-04-21 11:21:04,KXBTCD-26APR2108-T76799.99,0.165,trade,yes,False,-12.53,BTC,2026-04-21 11:21:04+00:00,2026-04-21 11:00:00+00:00,0.0,0.165,False
2026-04-21 11:35:52,KXBTCD-26APR2108-T76899.99,0.075,trade,yes,False,-26.83,BTC,2026-04-21 11:35:52+00:00,2026-04-21 11:00:00+00:00,0.0,0.075,False
2026-04-21 11:44:19,KXBTCD-26APR2108-T76499.99,0.49,trade,yes,False,-19.07,BTC,2026-04-21 11:44:19+00:00,2026-04-21 11:00:00+00:00,0.0,0.49,False
2026-04-21 12:42:28,KXBTCD-26APR2109-T76099.99,0.35,trade,no,True,26.92,BTC,2026-04-21 12:42:28+00:00,2026-04-21 12:00:00+00:00,0.0,0.65,True
2026-04-21 12:47:45,KXBTCD-26APR2109-T75999.99,0.35,trade,no,False,-50.0,BTC,2026-04-21 12:47:45+00:00,2026-04-21 12:00:00+00:00,0.0,0.65,False
2026-04-21 13:00:27,KXBTCD-26APR2110-T76399.99,0.245,trade,no,True,9.62,BTC,2026-04-21 13:00:27+00:00,2026-04-21 13:00:00+00:00,0.0,0.755,True
2026-04-21 13:05:45,KXBTCD-26APR2110-T76299.99,0.265,trade,no,True,18.03,BTC,2026-04-21 13:05:45+00:00,2026-04-21 13:00:00+00:00,0.0,0.735,True
2026-04-21 13:11:02,KXBTCD-26APR2110-T76199.99,0.325,trade,no,True,24.07,BTC,2026-04-21 13:11:02+00:00,2026-04-21 13:00:00+00:00,0.0,0.675,True
2026-04-21 13:30:08,KXBTCD-26APR2110-T75799.99,0.73,trade,yes,True,10.8,BTC,2026-04-21 13:30:08+00:00,2026-04-21 13:00:00+00:00,0.0,0.73,True
2026-04-21 13:35:25,KXBTCD-26APR2110-T75699.99,0.73,trade,yes,True,8.77,BTC,2026-04-21 13:35:25+00:00,2026-04-21 13:00:00+00:00,0.0,0.73,True
2026-04-21 13:40:44,KXBTCD-26APR2110-T75999.99,0.355,trade,yes,False,-17.03,BTC,2026-04-21 13:40:44+00:00,2026-04-21 13:00:00+00:00,0.0,0.355,False
2026-04-21 14:00:50,KXBTCD-26APR2111-T75999.99,0.42,trade,yes,False,-50.0,BTC,2026-04-21 14:00:50+00:00,2026-04-21 14:00:00+00:00,0.0,0.42,False
2026-04-21 14:06:09,KXBTCD-26APR2111-T75699.99,0.64,trade,yes,True,26.38,BTC,2026-04-21 14:06:09+00:00,2026-04-21 14:00:00+00:00,0.0,0.64,True
2026-04-21 14:11:27,KXBTCD-26APR2111-T75599.99,0.745,trade,yes,True,17.11,BTC,2026-04-21 14:11:27+00:00,2026-04-21 14:00:00+00:00,0.0,0.745,True
2026-04-21 14:16:44,KXBTCD-26APR2111-T76099.99,0.395,trade,yes,False,-50.0,BTC,2026-04-21 14:16:44+00:00,2026-04-21 14:00:00+00:00,0.0,0.395,False
2026-04-21 14:22:02,KXBTCD-26APR2111-T76199.99,0.53,trade,yes,False,-47.67,BTC,2026-04-21 14:22:02+00:00,2026-04-21 14:00:00+00:00,0.0,0.53,False
2026-04-21 14:35:48,KXBTCD-26APR2111-T76399.99,0.295,trade,yes,False,-50.0,BTC,2026-04-21 14:35:48+00:00,2026-04-21 14:00:00+00:00,0.0,0.295,False
2026-04-21 15:00:08,KXBTCD-26APR2112-T75999.99,0.295,trade,no,True,20.92,BTC,2026-04-21 15:00:08+00:00,2026-04-21 15:00:00+00:00,0.0,0.7050000000000001,True
2026-04-21 15:05:29,KXBTCD-26APR2112-T75799.99,0.36,trade,no,False,-50.0,BTC,2026-04-21 15:05:29+00:00,2026-04-21 15:00:00+00:00,0.0,0.64,False
2026-04-21 15:11:50,KXBTCD-26APR2112-T76099.99,0.225,trade,no,True,4.5,BTC,2026-04-21 15:11:50+00:00,2026-04-21 15:00:00+00:00,0.0,0.775,True
2026-04-21 15:16:05,KXBTCD-26APR2112-T75699.99,0.67,trade,yes,True,6.41,BTC,2026-04-21 15:16:05+00:00,2026-04-21 15:00:00+00:00,0.0,0.67,True
2026-04-21 15:20:19,KXBTCD-26APR2112-T76199.99,0.24,trade,no,True,9.17,BTC,2026-04-21 15:20:19+00:00,2026-04-21 15:00:00+00:00,0.0,0.76,True
2026-04-21 15:24:34,KXBTCD-26APR2112-T75599.99,0.71,trade,yes,True,11.91,BTC,2026-04-21 15:24:34+00:00,2026-04-21 15:00:00+00:00,0.0,0.71,True
2026-04-21 16:27:41,KXBTCD-26APR2113-T76099.99,0.28,trade,no,True,14.41,BTC,2026-04-21 16:27:41+00:00,2026-04-21 16:00:00+00:00,0.0,0.72,True
2026-04-21 16:35:06,KXBTCD-26APR2113-T75999.99,0.745,trade,yes,False,-50.0,BTC,2026-04-21 16:35:06+00:00,2026-04-21 16:00:00+00:00,0.0,0.745,False
2026-04-21 16:43:29,KXBTCD-26APR2113-T75899.99,0.635,trade,yes,False,-29.89,BTC,2026-04-21 16:43:29+00:00,2026-04-21 16:00:00+00:00,0.0,0.635,False
2026-04-21 16:59:13,KXBTCD-26APR2113-T75799.99,0.405,trade,yes,True,73.46,BTC,2026-04-21 16:59:13+00:00,2026-04-21 16:00:00+00:00,0.0,0.405,True
2026-04-21 17:09:45,KXBTCD-26APR2114-T75699.99,0.47,trade,yes,False,-18.3,BTC,2026-04-21 17:09:45+00:00,2026-04-21 17:00:00+00:00,0.0,0.47,False
2026-04-21 18:00:50,KXBTCD-26APR2115-T75799.99,0.27,trade,no,True,17.26,BTC,2026-04-21 18:00:50+00:00,2026-04-21 18:00:00+00:00,0.0,0.73,True
2026-04-21 18:06:07,KXBTCD-26APR2115-T75899.99,0.21,trade,no,True,10.92,BTC,2026-04-21 18:06:07+00:00,2026-04-21 18:00:00+00:00,0.0,0.79,True
2026-04-21 18:11:23,KXBTCD-26APR2115-T75699.99,0.305,trade,no,True,21.94,BTC,2026-04-21 18:11:23+00:00,2026-04-21 18:00:00+00:00,0.0,0.6950000000000001,True
2026-04-21 18:17:43,KXBTCD-26APR2115-T75599.99,0.445,trade,no,False,-50.0,BTC,2026-04-21 18:17:43+00:00,2026-04-21 18:00:00+00:00,0.0,0.5549999999999999,False
2026-04-21 18:20:53,KXBTCD-26APR2115-T75399.99,0.55,trade,yes,True,20.95,BTC,2026-04-21 18:20:53+00:00,2026-04-21 18:00:00+00:00,0.0,0.55,True
2026-04-21 18:28:15,KXBTCD-26APR2115-T75299.99,0.665,trade,yes,True,25.19,BTC,2026-04-21 18:28:15+00:00,2026-04-21 18:00:00+00:00,0.0,0.665,True
2026-04-21 19:00:52,KXBTCD-26APR2116-T75499.99,0.69,trade,yes,False,-50.0,BTC,2026-04-21 19:00:52+00:00,2026-04-21 19:00:00+00:00,0.0,0.69,False
2026-04-21 19:01:55,KXBTCD-26APR2117-T75499.99,0.695,trade,yes,True,21.94,BTC,2026-04-21 19:01:55+00:00,2026-04-21 19:00:00+00:00,0.0,0.695,True
2026-04-21 19:06:10,KXBTCD-26APR2116-T75599.99,0.675,trade,yes,False,-50.0,BTC,2026-04-21 19:06:10+00:00,2026-04-21 19:00:00+00:00,0.0,0.675,False
2026-04-21 19:11:26,KXBTCD-26APR2116-T75699.99,0.585,trade,yes,False,-50.0,BTC,2026-04-21 19:11:26+00:00,2026-04-21 19:00:00+00:00,0.0,0.585,False
2026-04-21 19:12:29,KXBTCD-26APR2116-T75999.99,0.225,trade,no,True,13.46,BTC,2026-04-21 19:12:29+00:00,2026-04-21 19:00:00+00:00,0.0,0.775,True
2026-04-21 19:16:41,KXBTCD-26APR2117-T75999.99,0.2,trade,no,True,12.5,BTC,2026-04-21 19:16:41+00:00,2026-04-21 19:00:00+00:00,0.0,0.8,True
2026-04-21 19:17:44,KXBTCD-26APR2116-T75799.99,0.245,trade,no,True,16.23,BTC,2026-04-21 19:17:44+00:00,2026-04-21 19:00:00+00:00,0.0,0.755,True
2026-04-21 19:20:54,KXBTCD-26APR2117-T75749.99,0.495,trade,yes,True,49.96,BTC,2026-04-21 19:20:54+00:00,2026-04-21 19:00:00+00:00,0.0,0.495,True
2026-04-21 20:06:10,KXBTCD-26APR2117-T75249.99,0.32,trade,yes,True,70.76,BTC,2026-04-21 20:06:10+00:00,2026-04-21 20:00:00+00:00,1.0,0.32,True
2026-04-21 21:00:52,KXBTCD-26APR2118-T75999.99,0.245,trade,no,True,16.23,BTC,2026-04-21 21:00:52+00:00,2026-04-21 21:00:00+00:00,1.0,0.755,True
2026-04-21 21:01:56,KXBTCD-26APR2118-T75599.99,0.735,trade,yes,False,-50.0,BTC,2026-04-21 21:01:56+00:00,2026-04-21 21:00:00+00:00,1.0,0.735,False
2026-04-21 21:06:09,KXBTCD-26APR2118-T75899.99,0.225,trade,no,True,14.52,BTC,2026-04-21 21:06:09+00:00,2026-04-21 21:00:00+00:00,1.0,0.775,True
2026-04-21 21:11:25,KXBTCD-26APR2118-T75699.99,0.315,trade,no,True,22.99,BTC,2026-04-21 21:11:25+00:00,2026-04-21 21:00:00+00:00,1.0,0.685,True
2026-04-21 21:20:53,KXBTCD-26APR2118-T75799.99,0.245,trade,no,True,16.23,BTC,2026-04-21 21:20:53+00:00,2026-04-21 21:00:00+00:00,1.0,0.755,True
2026-04-21 21:28:15,KXBTCD-26APR2118-T75499.99,0.735,trade,yes,True,18.03,BTC,2026-04-21 21:28:15+00:00,2026-04-21 21:00:00+00:00,1.0,0.735,True
2026-04-21 22:00:50,KXBTCD-26APR2119-T75799.99,0.15,trade,no,True,8.82,BTC,2026-04-21 22:00:50+00:00,2026-04-21 22:00:00+00:00,1.0,0.85,True
2026-04-21 22:06:08,KXBTCD-26APR2119-T75699.99,0.25,trade,no,True,16.67,BTC,2026-04-21 22:06:08+00:00,2026-04-21 22:00:00+00:00,1.0,0.75,True
2026-04-21 22:07:11,KXBTCD-26APR2119-T75499.99,0.675,trade,yes,True,23.08,BTC,2026-04-21 22:07:11+00:00,2026-04-21 22:00:00+00:00,1.0,0.675,True
2026-04-21 22:17:42,KXBTCD-26APR2119-T75599.99,0.315,trade,no,False,-50.0,BTC,2026-04-21 22:17:42+00:00,2026-04-21 22:00:00+00:00,1.0,0.685,False
2026-04-21 22:19:48,KXBTCD-26APR2119-T75299.99,0.73,trade,yes,True,11.15,BTC,2026-04-21 22:19:48+00:00,2026-04-21 22:00:00+00:00,1.0,0.73,True
2026-04-21 23:00:49,KXBTCD-26APR2120-T75799.99,0.29,trade,no,False,-33.04,BTC,2026-04-21 23:00:49+00:00,2026-04-21 23:00:00+00:00,1.0,0.71,False
2026-04-21 23:09:15,KXBTCD-26APR2120-T75999.99,0.31,trade,no,False,-16.27,BTC,2026-04-21 23:09:15+00:00,2026-04-21 23:00:00+00:00,1.0,0.69,False
2026-04-21 23:14:30,KXBTCD-26APR2120-T75899.99,0.275,trade,no,False,-36.96,BTC,2026-04-21 23:14:30+00:00,2026-04-21 23:00:00+00:00,1.0,0.725,False
2026-04-21 23:16:36,KXBTCD-26APR2120-T75699.99,0.7,trade,yes,True,21.43,BTC,2026-04-21 23:16:36+00:00,2026-04-21 23:00:00+00:00,1.0,0.7,True
2026-04-22 01:14:01,KXBTCD-26APR2122-T76499.99,0.32,trade,no,True,22.49,BTC,2026-04-22 01:14:01+00:00,2026-04-22 01:00:00+00:00,1.0,0.6799999999999999,True
2026-04-22 01:15:05,KXBTCD-26APR2122-T76299.99,0.67,trade,yes,True,24.63,BTC,2026-04-22 01:15:05+00:00,2026-04-22 01:00:00+00:00,1.0,0.67,True
2026-04-22 01:21:26,KXBTCD-26APR2122-T76099.99,0.675,trade,yes,True,16.41,BTC,2026-04-22 01:21:26+00:00,2026-04-22 01:00:00+00:00,1.0,0.675,True
2026-04-22 01:32:02,KXBTCD-26APR2122-T76199.99,0.525,trade,yes,True,40.41,BTC,2026-04-22 01:32:02+00:00,2026-04-22 01:00:00+00:00,1.0,0.525,True
2026-04-22 02:00:41,KXBTCD-26APR2123-T76199.99,0.735,trade,yes,True,18.03,BTC,2026-04-22 02:00:41+00:00,2026-04-22 02:00:00+00:00,1.0,0.735,True
2026-04-22 02:07:05,KXBTCD-26APR2123-T76299.99,0.495,trade,yes,True,45.45,BTC,2026-04-22 02:07:05+00:00,2026-04-22 02:00:00+00:00,1.0,0.495,True
2026-04-22 03:02:20,KXBTCD-26APR2200-T77799.99,0.285,trade,no,True,8.2,BTC,2026-04-22 03:02:20+00:00,2026-04-22 03:00:00+00:00,3.0,0.7150000000000001,True
2026-04-22 03:08:43,KXBTCD-26APR2200-T77899.99,0.22,trade,no,True,6.76,BTC,2026-04-22 03:08:43+00:00,2026-04-22 03:00:00+00:00,3.0,0.78,True
2026-04-22 03:14:01,KXBTCD-26APR2200-T77699.99,0.34,trade,no,True,16.77,BTC,2026-04-22 03:14:01+00:00,2026-04-22 03:00:00+00:00,3.0,0.6599999999999999,True
2026-04-22 03:20:23,KXBTCD-26APR2200-T77599.99,0.33,trade,no,True,19.49,BTC,2026-04-22 03:20:23+00:00,2026-04-22 03:00:00+00:00,3.0,0.6699999999999999,True
2026-04-22 04:01:47,KXBTCD-26APR2201-T77799.99,0.215,trade,no,True,13.69,BTC,2026-04-22 04:01:47+00:00,2026-04-22 04:00:00+00:00,3.0,0.785,True
2026-04-22 04:07:08,KXBTCD-26APR2201-T77699.99,0.33,trade,no,True,24.63,BTC,2026-04-22 04:07:08+00:00,2026-04-22 04:00:00+00:00,3.0,0.6699999999999999,True
2026-04-22 04:15:38,KXBTCD-26APR2201-T77599.99,0.295,trade,no,True,20.92,BTC,2026-04-22 04:15:38+00:00,2026-04-22 04:00:00+00:00,3.0,0.7050000000000001,True
2026-04-22 04:20:56,KXBTCD-26APR2201-T77299.99,0.7,trade,yes,True,12.84,BTC,2026-04-22 04:20:56+00:00,2026-04-22 04:00:00+00:00,3.0,0.7,True
2026-04-22 05:00:51,KXBTCD-26APR2202-T77699.99,0.22,trade,no,False,-50.0,BTC,2026-04-22 05:00:51+00:00,2026-04-22 05:00:00+00:00,3.0,0.78,False
2026-04-22 05:01:55,KXBTCD-26APR2202-T77399.99,0.635,trade,yes,True,25.26,BTC,2026-04-22 05:01:55+00:00,2026-04-22 05:00:00+00:00,3.0,0.635,True
2026-04-22 05:06:08,KXBTCD-26APR2202-T77599.99,0.31,trade,no,False,-50.0,BTC,2026-04-22 05:06:08+00:00,2026-04-22 05:00:00+00:00,3.0,0.69,False
2026-04-22 05:09:19,KXBTCD-26APR2202-T77499.99,0.67,trade,yes,True,24.63,BTC,2026-04-22 05:09:19+00:00,2026-04-22 05:00:00+00:00,3.0,0.67,True
2026-04-22 06:09:09,KXBTCD-26APR2203-T77899.99,0.52,trade,yes,True,46.15,BTC,2026-04-22 06:09:09+00:00,2026-04-22 06:00:00+00:00,3.0,0.52,True
2026-04-22 06:13:22,KXBTCD-26APR2203-T78199.99,0.2,trade,no,True,11.99,BTC,2026-04-22 06:13:22+00:00,2026-04-22 06:00:00+00:00,3.0,0.8,True
2026-04-22 06:15:29,KXBTCD-26APR2203-T77799.99,0.695,trade,yes,True,21.67,BTC,2026-04-22 06:15:29+00:00,2026-04-22 06:00:00+00:00,3.0,0.695,True
2026-04-22 06:18:40,KXBTCD-26APR2203-T78099.99,0.33,trade,no,True,24.63,BTC,2026-04-22 06:18:40+00:00,2026-04-22 06:00:00+00:00,3.0,0.6699999999999999,True
2026-04-22 07:01:00,KXBTCD-26APR2204-T77899.99,0.685,trade,yes,True,22.99,BTC,2026-04-22 07:01:00+00:00,2026-04-22 07:00:00+00:00,3.0,0.685,True
2026-04-22 07:02:04,KXBTCD-26APR2204-T78099.99,0.305,trade,no,True,21.94,BTC,2026-04-22 07:02:04+00:00,2026-04-22 07:00:00+00:00,3.0,0.6950000000000001,True
2026-04-22 07:07:27,KXBTCD-26APR2204-T78199.99,0.225,trade,no,True,14.52,BTC,2026-04-22 07:07:27+00:00,2026-04-22 07:00:00+00:00,3.0,0.775,True
2026-04-22 07:08:31,KXBTCD-26APR2204-T77999.99,0.565,trade,yes,True,38.5,BTC,2026-04-22 07:08:31+00:00,2026-04-22 07:00:00+00:00,3.0,0.565,True
2026-04-22 07:14:53,KXBTCD-26APR2204-T78299.99,0.205,trade,no,True,10.58,BTC,2026-04-22 07:14:53+00:00,2026-04-22 07:00:00+00:00,3.0,0.795,True
2026-04-22 07:21:13,KXBTCD-26APR2204-T77799.99,0.715,trade,yes,True,7.26,BTC,2026-04-22 07:21:13+00:00,2026-04-22 07:00:00+00:00,3.0,0.715,True
2026-04-22 08:00:28,KXBTCD-26APR2205-T77899.99,0.735,trade,yes,True,18.03,BTC,2026-04-22 08:00:28+00:00,2026-04-22 08:00:00+00:00,3.0,0.735,True
2026-04-22 08:01:31,KXBTCD-26APR2205-T78299.99,0.225,trade,no,True,13.44,BTC,2026-04-22 08:01:31+00:00,2026-04-22 08:00:00+00:00,3.0,0.775,True
2026-04-22 08:13:08,KXBTCD-26APR2205-T78099.99,0.595,trade,yes,False,-50.0,BTC,2026-04-22 08:13:08+00:00,2026-04-22 08:00:00+00:00,3.0,0.595,False
2026-04-22 08:23:44,KXBTCD-26APR2205-T77999.99,0.685,trade,yes,True,22.99,BTC,2026-04-22 08:23:44+00:00,2026-04-22 08:00:00+00:00,3.0,0.685,True
2026-04-22 09:00:52,KXBTCD-26APR2206-T77999.99,0.49,trade,yes,True,52.04,BTC,2026-04-22 09:00:52+00:00,2026-04-22 09:00:00+00:00,3.0,0.49,True
2026-04-22 09:06:11,KXBTCD-26APR2206-T77899.99,0.705,trade,yes,True,20.92,BTC,2026-04-22 09:06:11+00:00,2026-04-22 09:00:00+00:00,3.0,0.705,True
2026-04-22 09:21:01,KXBTCD-26APR2206-T78099.99,0.36,trade,yes,False,-39.68,BTC,2026-04-22 09:21:01+00:00,2026-04-22 09:00:00+00:00,3.0,0.36,False
2026-04-22 10:00:15,KXBTCD-26APR2207-T77899.99,0.745,trade,yes,True,12.47,BTC,2026-04-22 10:00:15+00:00,2026-04-22 10:00:00+00:00,3.0,0.745,True
2026-04-22 10:07:40,KXBTCD-26APR2207-T77999.99,0.615,trade,yes,True,31.3,BTC,2026-04-22 10:07:40+00:00,2026-04-22 10:00:00+00:00,3.0,0.615,True
2026-04-22 10:11:54,KXBTCD-26APR2207-T78199.99,0.2,trade,no,True,12.5,BTC,2026-04-22 10:11:54+00:00,2026-04-22 10:00:00+00:00,3.0,0.8,True
2026-04-22 10:19:19,KXBTCD-26APR2207-T78099.99,0.325,trade,yes,True,74.83,BTC,2026-04-22 10:19:19+00:00,2026-04-22 10:00:00+00:00,3.0,0.325,True
2026-04-22 11:00:38,KXBTCD-26APR2208-T78299.99,0.29,trade,no,False,-50.0,BTC,2026-04-22 11:00:38+00:00,2026-04-22 11:00:00+00:00,3.0,0.71,False
2026-04-22 11:05:57,KXBTCD-26APR2208-T78399.99,0.28,trade,no,True,14.63,BTC,2026-04-22 11:05:57+00:00,2026-04-22 11:00:00+00:00,3.0,0.72,True
2026-04-22 11:13:22,KXBTCD-26APR2208-T78199.99,0.485,trade,yes,True,33.35,BTC,2026-04-22 11:13:22+00:00,2026-04-22 11:00:00+00:00,3.0,0.485,True
2026-04-22 12:01:01,KXBTCD-26APR2209-T78499.99,0.215,trade,no,True,13.69,BTC,2026-04-22 12:01:01+00:00,2026-04-22 12:00:00+00:00,3.0,0.785,True
2026-04-22 12:02:04,KXBTCD-26APR2209-T78199.99,0.655,trade,yes,True,26.34,BTC,2026-04-22 12:02:04+00:00,2026-04-22 12:00:00+00:00,3.0,0.655,True
2026-04-22 12:11:38,KXBTCD-26APR2209-T78599.99,0.235,trade,no,True,8.11,BTC,2026-04-22 12:11:38+00:00,2026-04-22 12:00:00+00:00,3.0,0.765,True
2026-04-22 12:21:11,KXBTCD-26APR2209-T78299.99,0.635,trade,yes,False,-50.0,BTC,2026-04-22 12:21:11+00:00,2026-04-22 12:00:00+00:00,3.0,0.635,False
2026-04-22 12:27:32,KXBTCD-26APR2209-T78099.99,0.745,trade,yes,True,6.55,BTC,2026-04-22 12:27:32+00:00,2026-04-22 12:00:00+00:00,3.0,0.745,True
2026-04-22 13:00:26,KXBTCD-26APR2210-T78099.99,0.68,trade,yes,True,23.53,BTC,2026-04-22 13:00:26+00:00,2026-04-22 13:00:00+00:00,3.0,0.68,True
2026-04-22 13:05:45,KXBTCD-26APR2210-T78199.99,0.66,trade,yes,True,25.76,BTC,2026-04-22 13:05:45+00:00,2026-04-22 13:00:00+00:00,3.0,0.66,True
2026-04-22 13:07:53,KXBTCD-26APR2210-T78599.99,0.22,trade,no,False,-28.39,BTC,2026-04-22 13:07:53+00:00,2026-04-22 13:00:00+00:00,3.0,0.78,False
2026-04-22 13:12:07,KXBTCD-26APR2210-T78299.99,0.555,trade,yes,True,40.09,BTC,2026-04-22 13:12:07+00:00,2026-04-22 13:00:00+00:00,3.0,0.555,True
2026-04-22 13:13:11,KXBTCD-26APR2210-T78699.99,0.215,trade,no,False,-50.0,BTC,2026-04-22 13:13:11+00:00,2026-04-22 13:00:00+00:00,3.0,0.785,False
2026-04-22 13:18:28,KXBTCD-26APR2210-T78399.99,0.49,trade,yes,True,52.04,BTC,2026-04-22 13:18:28+00:00,2026-04-22 13:00:00+00:00,3.0,0.49,True
2026-04-22 14:04:17,KXBTCD-26APR2211-T79199.99,0.255,trade,no,True,4.96,BTC,2026-04-22 14:04:17+00:00,2026-04-22 14:00:00+00:00,0.0,0.745,True
2026-04-22 14:09:38,KXBTCD-26APR2211-T79099.99,0.305,trade,no,True,9.3,BTC,2026-04-22 14:09:38+00:00,2026-04-22 14:00:00+00:00,0.0,0.6950000000000001,True
2026-04-22 14:18:09,KXBTCD-26APR2211-T78999.99,0.445,trade,no,False,-30.7,BTC,2026-04-22 14:18:09+00:00,2026-04-22 14:00:00+00:00,0.0,0.5549999999999999,False
2026-04-22 14:24:33,KXBTCD-26APR2211-T79299.99,0.26,trade,no,True,8.78,BTC,2026-04-22 14:24:33+00:00,2026-04-22 14:00:00+00:00,0.0,0.74,True
2026-04-22 15:00:46,KXBTCD-26APR2212-T79299.99,0.3,trade,no,False,-12.87,BTC,2026-04-22 15:00:46+00:00,2026-04-22 15:00:00+00:00,0.0,0.7,False
2026-04-22 15:06:05,KXBTCD-26APR2212-T79199.99,0.275,trade,no,False,-47.92,BTC,2026-04-22 15:06:05+00:00,2026-04-22 15:00:00+00:00,0.0,0.725,False
2026-04-22 15:11:25,KXBTCD-26APR2212-T79399.99,0.23,trade,no,True,4.57,BTC,2026-04-22 15:11:25+00:00,2026-04-22 15:00:00+00:00,0.0,0.77,True
2026-04-22 15:17:49,KXBTCD-26APR2212-T79099.99,0.43,trade,no,False,-45.38,BTC,2026-04-22 15:17:49+00:00,2026-04-22 15:00:00+00:00,0.0,0.5700000000000001,False
2026-04-22 16:33:48,KXBTCD-26APR2213-T79099.99,0.39,trade,yes,False,-23.18,BTC,2026-04-22 16:33:48+00:00,2026-04-22 16:00:00+00:00,0.0,0.39,False
2026-04-22 16:50:34,KXBTCD-26APR2213-T78799.99,0.7,trade,yes,False,-35.97,BTC,2026-04-22 16:50:34+00:00,2026-04-22 16:00:00+00:00,0.0,0.7,False
2026-04-22 17:30:39,KXBTCD-26APR2214-T78899.99,0.475,trade,yes,True,55.26,BTC,2026-04-22 17:30:39+00:00,2026-04-22 17:00:00+00:00,0.0,0.475,True
2026-04-22 17:36:58,KXBTCD-26APR2214-T78699.99,0.725,trade,yes,True,18.02,BTC,2026-04-22 17:36:58+00:00,2026-04-22 17:00:00+00:00,0.0,0.725,True
2026-04-22 17:42:14,KXBTCD-26APR2214-T78799.99,0.605,trade,yes,True,30.9,BTC,2026-04-22 17:42:14+00:00,2026-04-22 17:00:00+00:00,0.0,0.605,True
2026-04-22 17:52:49,KXBTCD-26APR2214-T79099.99,0.135,trade,yes,False,-50.0,BTC,2026-04-22 17:52:49+00:00,2026-04-22 17:00:00+00:00,0.0,0.135,False
2026-04-22 18:00:13,KXBTCD-26APR2215-T78799.99,0.685,trade,yes,True,22.75,BTC,2026-04-22 18:00:13+00:00,2026-04-22 18:00:00+00:00,0.0,0.685,True
2026-04-22 18:05:31,KXBTCD-26APR2215-T78899.99,0.585,trade,yes,True,35.47,BTC,2026-04-22 18:05:31+00:00,2026-04-22 18:00:00+00:00,0.0,0.585,True
2026-04-22 18:10:47,KXBTCD-26APR2215-T78999.99,0.42,trade,yes,True,66.31,BTC,2026-04-22 18:10:47+00:00,2026-04-22 18:00:00+00:00,0.0,0.42,True
2026-04-22 18:31:54,KXBTCD-26APR2215-T79099.99,0.235,trade,no,True,15.36,BTC,2026-04-22 18:31:54+00:00,2026-04-22 18:00:00+00:00,0.0,0.765,True
2026-04-22 19:00:23,KXBTCD-26APR2217-T78749.99,0.705,trade,yes,False,-17.01,BTC,2026-04-22 19:00:23+00:00,2026-04-22 19:00:00+00:00,0.0,0.705,False
2026-04-22 19:05:39,KXBTCD-26APR2216-T78899.99,0.345,trade,no,False,-50.0,BTC,2026-04-22 19:05:39+00:00,2026-04-22 19:00:00+00:00,0.0,0.655,False
2026-04-22 19:08:49,KXBTCD-26APR2216-T78799.99,0.505,trade,yes,True,25.51,BTC,2026-04-22 19:08:49+00:00,2026-04-22 19:00:00+00:00,0.0,0.505,True
2026-04-22 19:09:53,KXBTCD-26APR2217-T78999.99,0.31,trade,yes,False,-26.03,BTC,2026-04-22 19:09:53+00:00,2026-04-22 19:00:00+00:00,0.0,0.31,False
2026-04-22 19:14:05,KXBTCD-26APR2216-T78699.99,0.735,trade,yes,True,16.79,BTC,2026-04-22 19:14:05+00:00,2026-04-22 19:00:00+00:00,0.0,0.735,True
2026-04-22 19:15:08,KXBTCD-26APR2217-T79249.99,0.21,trade,yes,False,-40.11,BTC,2026-04-22 19:15:08+00:00,2026-04-22 19:00:00+00:00,0.0,0.21,False
2026-04-22 20:25:41,KXBTCD-26APR2217-T78499.99,0.705,trade,yes,False,-13.34,BTC,2026-04-22 20:25:41+00:00,2026-04-22 20:00:00+00:00,0.0,0.705,False
2026-04-22 21:02:29,KXBTCD-26APR2218-T78699.99,0.215,trade,no,False,-50.0,BTC,2026-04-22 21:02:29+00:00,2026-04-22 21:00:00+00:00,0.0,0.785,False
2026-04-22 21:32:50,KXBTCD-26APR2218-T78599.99,0.725,trade,yes,True,18.97,BTC,2026-04-22 21:32:50+00:00,2026-04-22 21:00:00+00:00,0.0,0.725,True
2026-04-22 22:00:15,KXBTCD-26APR2219-T78699.99,0.725,trade,yes,False,-50.0,BTC,2026-04-22 22:00:15+00:00,2026-04-22 22:00:00+00:00,0.0,0.725,False
2026-04-22 22:05:30,KXBTCD-26APR2219-T78899.99,0.29,trade,yes,False,-40.75,BTC,2026-04-22 22:05:30+00:00,2026-04-22 22:00:00+00:00,0.0,0.29,False
2026-04-22 22:10:46,KXBTCD-26APR2219-T78799.99,0.545,trade,yes,False,-50.0,BTC,2026-04-22 22:10:46+00:00,2026-04-22 22:00:00+00:00,0.0,0.545,False
2026-04-22 22:19:11,KXBTCD-26APR2219-T78599.99,0.635,trade,yes,True,28.74,BTC,2026-04-22 22:19:11+00:00,2026-04-22 22:00:00+00:00,0.0,0.635,True
2026-04-22 22:27:37,KXBTCD-26APR2219-T78499.99,0.69,trade,yes,True,12.75,BTC,2026-04-22 22:27:37+00:00,2026-04-22 22:00:00+00:00,0.0,0.69,True
2026-04-22 23:00:14,KXBTCD-26APR2220-T78599.99,0.55,trade,yes,False,-50.0,BTC,2026-04-22 23:00:14+00:00,2026-04-22 23:00:00+00:00,0.0,0.55,False
2026-04-22 23:05:31,KXBTCD-26APR2220-T78499.99,0.54,trade,yes,False,-29.12,BTC,2026-04-22 23:05:31+00:00,2026-04-22 23:00:00+00:00,0.0,0.54,False
2026-04-22 23:08:40,KXBTCD-26APR2220-T78699.99,0.235,trade,no,True,15.36,BTC,2026-04-22 23:08:40+00:00,2026-04-22 23:00:00+00:00,0.0,0.765,True
2026-04-22 23:26:34,KXBTCD-26APR2220-T78199.99,0.675,trade,yes,True,6.4,BTC,2026-04-22 23:26:34+00:00,2026-04-22 23:00:00+00:00,0.0,0.675,True
2026-04-22 23:31:49,KXBTCD-26APR2220-T78399.99,0.275,trade,yes,False,-32.67,BTC,2026-04-22 23:31:49+00:00,2026-04-22 23:00:00+00:00,0.0,0.275,False
2026-04-23 00:15:45,KXBTCD-26APR2221-T77999.99,0.285,trade,no,False,-50.0,BTC,2026-04-23 00:15:45+00:00,2026-04-23 00:00:00+00:00,0.0,0.7150000000000001,False
2026-04-23 01:00:50,KXBTCD-26APR2222-T78199.99,0.72,trade,yes,True,19.44,BTC,2026-04-23 01:00:50+00:00,2026-04-23 01:00:00+00:00,0.0,0.72,True
2026-04-23 01:02:57,KXBTCD-26APR2222-T78699.99,0.235,trade,no,True,15.36,BTC,2026-04-23 01:02:57+00:00,2026-04-23 01:00:00+00:00,0.0,0.765,True
2026-04-23 01:07:13,KXBTCD-26APR2222-T78299.99,0.655,trade,yes,True,26.34,BTC,2026-04-23 01:07:13+00:00,2026-04-23 01:00:00+00:00,0.0,0.655,True
2026-04-23 01:09:19,KXBTCD-26APR2222-T78599.99,0.27,trade,no,True,18.49,BTC,2026-04-23 01:09:19+00:00,2026-04-23 01:00:00+00:00,0.0,0.73,True
2026-04-23 01:14:38,KXBTCD-26APR2222-T78499.99,0.265,trade,no,True,18.03,BTC,2026-04-23 01:14:38+00:00,2026-04-23 01:00:00+00:00,0.0,0.735,True
2026-04-23 01:15:41,KXBTCD-26APR2222-T78099.99,0.74,trade,yes,True,16.12,BTC,2026-04-23 01:15:41+00:00,2026-04-23 01:00:00+00:00,0.0,0.74,True
2026-04-23 02:04:27,KXBTCD-26APR2223-T78499.99,0.22,trade,no,True,14.1,BTC,2026-04-23 02:04:27+00:00,2026-04-23 02:00:00+00:00,0.0,0.78,True
2026-04-23 02:07:37,KXBTCD-26APR2223-T78099.99,0.725,trade,yes,False,-50.0,BTC,2026-04-23 02:07:37+00:00,2026-04-23 02:00:00+00:00,0.0,0.725,False
2026-04-23 02:10:47,KXBTCD-26APR2223-T78399.99,0.385,trade,no,True,31.3,BTC,2026-04-23 02:10:47+00:00,2026-04-23 02:00:00+00:00,0.0,0.615,True
2026-04-23 02:12:54,KXBTCD-26APR2223-T78199.99,0.695,trade,yes,False,-50.0,BTC,2026-04-23 02:12:54+00:00,2026-04-23 02:00:00+00:00,0.0,0.695,False
2026-04-23 02:16:05,KXBTCD-26APR2223-T78299.99,0.355,trade,no,True,27.52,BTC,2026-04-23 02:16:05+00:00,2026-04-23 02:00:00+00:00,0.0,0.645,True
2026-04-23 02:23:29,KXBTCD-26APR2223-T77999.99,0.74,trade,yes,False,-39.23,BTC,2026-04-23 02:23:29+00:00,2026-04-23 02:00:00+00:00,0.0,0.74,False
2026-04-23 03:00:37,KXBTCD-26APR2300-T78199.99,0.205,trade,no,True,10.38,BTC,2026-04-23 03:00:37+00:00,2026-04-23 03:00:00+00:00,0.0,0.795,True
2026-04-23 04:00:26,KXBTCD-26APR2301-T77699.99,0.565,trade,yes,True,38.5,BTC,2026-04-23 04:00:26+00:00,2026-04-23 04:00:00+00:00,0.0,0.565,True
2026-04-23 04:05:47,KXBTCD-26APR2301-T78099.99,0.095,trade,yes,False,-50.0,BTC,2026-04-23 04:05:47+00:00,2026-04-23 04:00:00+00:00,0.0,0.095,False
2026-04-23 04:11:03,KXBTCD-26APR2301-T77799.99,0.595,trade,yes,True,34.03,BTC,2026-04-23 04:11:03+00:00,2026-04-23 04:00:00+00:00,0.0,0.595,True
2026-04-23 04:16:21,KXBTCD-26APR2301-T77899.99,0.37,trade,yes,True,85.14,BTC,2026-04-23 04:16:21+00:00,2026-04-23 04:00:00+00:00,0.0,0.37,True
2026-04-23 04:21:38,KXBTCD-26APR2301-T77999.99,0.355,trade,yes,False,-50.0,BTC,2026-04-23 04:21:38+00:00,2026-04-23 04:00:00+00:00,0.0,0.355,False
2026-04-23 10:00:41,KXBTCD-26APR2307-T77899.99,0.145,trade,yes,False,-50.0,BTC,2026-04-23 10:00:41+00:00,2026-04-23 10:00:00+00:00,0.0,0.145,False
2026-04-23 10:17:38,KXBTCD-26APR2307-T77299.99,0.535,trade,yes,True,16.37,BTC,2026-04-23 10:17:38+00:00,2026-04-23 10:00:00+00:00,0.0,0.535,True
2026-04-23 10:25:02,KXBTCD-26APR2307-T77399.99,0.41,trade,yes,True,56.5,BTC,2026-04-23 10:25:02+00:00,2026-04-23 10:00:00+00:00,0.0,0.41,True
2026-04-23 10:30:20,KXBTCD-26APR2307-T77499.99,0.305,trade,yes,False,-35.41,BTC,2026-04-23 10:30:20+00:00,2026-04-23 10:00:00+00:00,0.0,0.305,False
2026-04-23 10:35:38,KXBTCD-26APR2307-T77699.99,0.045,trade,yes,False,-50.0,BTC,2026-04-23 10:35:38+00:00,2026-04-23 10:00:00+00:00,0.0,0.045,False
2026-04-23 10:40:55,KXBTCD-26APR2307-T77599.99,0.085,trade,yes,False,-50.0,BTC,2026-04-23 10:40:55+00:00,2026-04-23 10:00:00+00:00,0.0,0.085,False
2026-04-23 11:01:08,KXBTCD-26APR2308-T77399.99,0.59,trade,yes,True,34.75,BTC,2026-04-23 11:01:08+00:00,2026-04-23 11:00:00+00:00,1.0,0.59,True
2026-04-23 11:06:28,KXBTCD-26APR2308-T77699.99,0.165,trade,yes,True,253.03,BTC,2026-04-23 11:06:28+00:00,2026-04-23 11:00:00+00:00,1.0,0.165,True
2026-04-23 11:11:46,KXBTCD-26APR2308-T77499.99,0.475,trade,yes,True,55.26,BTC,2026-04-23 11:11:46+00:00,2026-04-23 11:00:00+00:00,1.0,0.475,True
2026-04-23 11:17:05,KXBTCD-26APR2308-T77599.99,0.195,trade,yes,True,145.23,BTC,2026-04-23 11:17:05+00:00,2026-04-23 11:00:00+00:00,1.0,0.195,True
2026-04-23 12:00:34,KXBTCD-26APR2309-T77999.99,0.2,trade,no,True,9.72,BTC,2026-04-23 12:00:34+00:00,2026-04-23 12:00:00+00:00,1.0,0.8,True
2026-04-23 12:01:37,KXBTCD-26APR2309-T77599.99,0.71,trade,yes,True,20.42,BTC,2026-04-23 12:01:37+00:00,2026-04-23 12:00:00+00:00,1.0,0.71,True
2026-04-23 12:06:54,KXBTCD-26APR2309-T77899.99,0.41,trade,no,True,19.07,BTC,2026-04-23 12:06:54+00:00,2026-04-23 12:00:00+00:00,1.0,0.5900000000000001,True
2026-04-23 12:10:05,KXBTCD-26APR2309-T77699.99,0.625,trade,yes,True,30.0,BTC,2026-04-23 12:10:05+00:00,2026-04-23 12:00:00+00:00,1.0,0.625,True
2026-04-23 12:15:23,KXBTCD-26APR2309-T77799.99,0.37,trade,no,False,-50.0,BTC,2026-04-23 12:15:23+00:00,2026-04-23 12:00:00+00:00,1.0,0.63,False
2026-04-23 12:16:27,KXBTCD-26APR2309-T77499.99,0.725,trade,yes,True,13.31,BTC,2026-04-23 12:16:27+00:00,2026-04-23 12:00:00+00:00,1.0,0.725,True
2026-04-23 12:59:59,KXBTCD-26APR2310-T78099.99,0.32,trade,no,True,13.69,BTC,2026-04-23 12:59:59+00:00,2026-04-23 12:00:00+00:00,1.0,0.6799999999999999,True
2026-04-23 13:01:02,KXBTCD-26APR2310-T77699.99,0.635,trade,yes,False,-50.0,BTC,2026-04-23 13:01:02+00:00,2026-04-23 13:00:00+00:00,1.0,0.635,False
2026-04-23 13:05:16,KXBTCD-26APR2310-T78199.99,0.19,trade,no,True,7.8,BTC,2026-04-23 13:05:16+00:00,2026-04-23 13:00:00+00:00,1.0,0.81,True
2026-04-23 13:08:27,KXBTCD-26APR2310-T77599.99,0.705,trade,yes,False,-38.74,BTC,2026-04-23 13:08:27+00:00,2026-04-23 13:00:00+00:00,1.0,0.705,False
2026-04-23 13:11:38,KXBTCD-26APR2310-T77999.99,0.305,trade,no,True,21.94,BTC,2026-04-23 13:11:38+00:00,2026-04-23 13:00:00+00:00,1.0,0.6950000000000001,True
2026-04-23 13:16:56,KXBTCD-26APR2310-T77899.99,0.335,trade,no,True,25.19,BTC,2026-04-23 13:16:56+00:00,2026-04-23 13:00:00+00:00,1.0,0.665,True
2026-04-23 14:00:31,KXBTCD-26APR2311-T77699.99,0.315,trade,no,False,-42.01,BTC,2026-04-23 14:00:31+00:00,2026-04-23 14:00:00+00:00,1.0,0.685,False
2026-04-23 14:05:52,KXBTCD-26APR2311-T77999.99,0.205,trade,no,False,-36.43,BTC,2026-04-23 14:05:52+00:00,2026-04-23 14:00:00+00:00,1.0,0.795,False
2026-04-23 14:14:23,KXBTCD-26APR2311-T77799.99,0.215,trade,no,False,-50.0,BTC,2026-04-23 14:14:23+00:00,2026-04-23 14:00:00+00:00,1.0,0.785,False
2026-04-23 14:23:56,KXBTCD-26APR2311-T77899.99,0.205,trade,no,False,-50.0,BTC,2026-04-23 14:23:56+00:00,2026-04-23 14:00:00+00:00,1.0,0.795,False
2026-04-23 14:30:19,KXBTCD-26APR2311-T78099.99,0.205,trade,no,False,-33.07,BTC,2026-04-23 14:30:19+00:00,2026-04-23 14:00:00+00:00,1.0,0.795,False
2026-04-23 15:02:15,KXBTCD-26APR2312-T78299.99,0.355,trade,no,False,-15.66,BTC,2026-04-23 15:02:15+00:00,2026-04-23 15:00:00+00:00,1.0,0.645,False
2026-04-23 15:03:19,KXBTCD-26APR2312-T77899.99,0.725,trade,yes,True,15.11,BTC,2026-04-23 15:03:19+00:00,2026-04-23 15:00:00+00:00,1.0,0.725,True
2026-04-23 15:07:34,KXBTCD-26APR2312-T78199.99,0.36,trade,no,False,-23.2,BTC,2026-04-23 15:07:34+00:00,2026-04-23 15:00:00+00:00,1.0,0.64,False
2026-04-23 15:13:57,KXBTCD-26APR2312-T78399.99,0.205,trade,no,False,-26.82,BTC,2026-04-23 15:13:57+00:00,2026-04-23 15:00:00+00:00,1.0,0.795,False
2026-04-23 15:16:04,KXBTCD-26APR2312-T77999.99,0.705,trade,yes,True,20.92,BTC,2026-04-23 15:16:04+00:00,2026-04-23 15:00:00+00:00,1.0,0.705,True
2026-04-23 15:27:45,KXBTCD-26APR2312-T78599.99,0.395,trade,no,True,21.84,BTC,2026-04-23 15:27:45+00:00,2026-04-23 15:00:00+00:00,1.0,0.605,True
2026-04-23 16:30:13,KXBTCD-26APR2313-T78699.99,0.105,trade,yes,False,-43.86,BTC,2026-04-23 16:30:13+00:00,2026-04-23 16:00:00+00:00,1.0,0.105,False
2026-04-23 16:49:12,KXBTCD-26APR2313-T78299.99,0.655,trade,yes,False,-41.8,BTC,2026-04-23 16:49:12+00:00,2026-04-23 16:00:00+00:00,1.0,0.655,False
2026-04-23 17:29:14,KXBTCD-26APR2314-T78099.99,0.11,trade,yes,False,-18.06,BTC,2026-04-23 17:29:14+00:00,2026-04-23 17:00:00+00:00,1.0,0.11,False
2026-04-23 18:14:41,KXBTCD-26APR2315-T77899.99,0.64,trade,yes,False,-50.0,BTC,2026-04-23 18:14:41+00:00,2026-04-23 18:00:00+00:00,1.0,0.64,False
2026-04-23 18:39:12,KXBTCD-26APR2315-T77999.99,0.695,trade,yes,False,-50.0,BTC,2026-04-23 18:39:12+00:00,2026-04-23 18:00:00+00:00,1.0,0.695,False
2026-04-23 19:01:08,KXBTCD-26APR2316-T77599.99,0.67,trade,yes,True,9.96,BTC,2026-04-23 19:01:08+00:00,2026-04-23 19:00:00+00:00,1.0,0.67,True
2026-04-23 19:16:34,KXBTCD-26APR2317-T77999.99,0.345,trade,no,True,26.34,BTC,2026-04-23 19:16:34+00:00,2026-04-23 19:00:00+00:00,1.0,0.655,True
2026-04-23 19:30:07,KXBTCD-26APR2316-T77799.99,0.635,trade,yes,False,-50.0,BTC,2026-04-23 19:30:07+00:00,2026-04-23 19:00:00+00:00,1.0,0.635,False
2026-04-23 19:32:31,KXBTCD-26APR2317-T77749.99,0.625,trade,yes,True,30.0,BTC,2026-04-23 19:32:31+00:00,2026-04-23 19:00:00+00:00,1.0,0.625,True
2026-04-23 19:39:36,KXBTCD-26APR2317-T77499.99,0.725,trade,yes,True,14.8,BTC,2026-04-23 19:39:36+00:00,2026-04-23 19:00:00+00:00,1.0,0.725,True
2026-04-23 21:00:10,KXBTCD-26APR2318-T77799.99,0.635,trade,yes,True,25.68,BTC,2026-04-23 21:00:10+00:00,2026-04-23 21:00:00+00:00,1.0,0.635,True
2026-04-23 21:14:06,KXBTCD-26APR2318-T77999.99,0.335,trade,yes,False,-50.0,BTC,2026-04-23 21:14:06+00:00,2026-04-23 21:00:00+00:00,1.0,0.335,False
2026-04-23 21:36:15,KXBTCD-26APR2318-T78099.99,0.22,trade,yes,False,-40.13,BTC,2026-04-23 21:36:15+00:00,2026-04-23 21:00:00+00:00,1.0,0.22,False
2026-04-23 22:00:29,KXBTCD-26APR2319-T77899.99,0.645,trade,yes,True,27.52,BTC,2026-04-23 22:00:29+00:00,2026-04-23 22:00:00+00:00,1.0,0.645,True
2026-04-23 22:02:37,KXBTCD-26APR2319-T78199.99,0.225,trade,no,False,-49.34,BTC,2026-04-23 22:02:37+00:00,2026-04-23 22:00:00+00:00,1.0,0.775,False
2026-04-23 22:09:01,KXBTCD-26APR2319-T78099.99,0.55,trade,yes,True,40.91,BTC,2026-04-23 22:09:01+00:00,2026-04-23 22:00:00+00:00,1.0,0.55,True
2026-04-23 22:11:07,KXBTCD-26APR2319-T78299.99,0.225,trade,no,True,9.16,BTC,2026-04-23 22:11:07+00:00,2026-04-23 22:00:00+00:00,1.0,0.775,True
2026-04-23 22:14:18,KXBTCD-26APR2319-T77999.99,0.715,trade,yes,True,19.93,BTC,2026-04-23 22:14:18+00:00,2026-04-23 22:00:00+00:00,1.0,0.715,True
2026-04-23 22:24:53,KXBTCD-26APR2319-T78399.99,0.195,trade,no,True,10.63,BTC,2026-04-23 22:24:53+00:00,2026-04-23 22:00:00+00:00,1.0,0.8049999999999999,True
2026-04-23 23:03:05,KXBTCD-26APR2320-T78399.99,0.225,trade,no,True,14.52,BTC,2026-04-23 23:03:05+00:00,2026-04-23 23:00:00+00:00,1.0,0.775,True
2026-04-23 23:08:23,KXBTCD-26APR2320-T78299.99,0.35,trade,no,True,26.92,BTC,2026-04-23 23:08:23+00:00,2026-04-23 23:00:00+00:00,1.0,0.65,True
2026-04-23 23:11:34,KXBTCD-26APR2320-T78099.99,0.64,trade,yes,True,22.83,BTC,2026-04-23 23:11:34+00:00,2026-04-23 23:00:00+00:00,1.0,0.64,True
2026-04-23 23:14:44,KXBTCD-26APR2320-T78199.99,0.345,trade,no,False,-50.0,BTC,2026-04-23 23:14:44+00:00,2026-04-23 23:00:00+00:00,1.0,0.655,False
2026-04-23 23:16:52,KXBTCD-26APR2320-T77999.99,0.685,trade,yes,True,17.01,BTC,2026-04-23 23:16:52+00:00,2026-04-23 23:00:00+00:00,1.0,0.685,True
2026-04-24 00:00:17,KXBTCD-26APR2321-T78399.99,0.305,trade,no,False,-50.0,BTC,2026-04-24 00:00:17+00:00,2026-04-24 00:00:00+00:00,1.0,0.6950000000000001,False
2026-04-24 00:04:31,KXBTCD-26APR2321-T78199.99,0.635,trade,yes,True,28.74,BTC,2026-04-24 00:04:31+00:00,2026-04-24 00:00:00+00:00,1.0,0.635,True
2026-04-24 00:07:43,KXBTCD-26APR2321-T78499.99,0.21,trade,no,True,13.29,BTC,2026-04-24 00:07:43+00:00,2026-04-24 00:00:00+00:00,1.0,0.79,True
2026-04-24 00:23:41,KXBTCD-26APR2321-T78599.99,0.235,trade,no,True,6.9,BTC,2026-04-24 00:23:41+00:00,2026-04-24 00:00:00+00:00,1.0,0.765,True
2026-04-24 01:01:50,KXBTCD-26APR2322-T78499.99,0.21,trade,no,True,13.29,BTC,2026-04-24 01:01:50+00:00,2026-04-24 01:00:00+00:00,1.0,0.79,True
2026-04-24 01:20:55,KXBTCD-26APR2322-T78299.99,0.215,trade,no,False,-50.0,BTC,2026-04-24 01:20:55+00:00,2026-04-24 01:00:00+00:00,1.0,0.785,False
2026-04-24 01:26:12,KXBTCD-26APR2322-T77999.99,0.7,trade,yes,True,15.22,BTC,2026-04-24 01:26:12+00:00,2026-04-24 01:00:00+00:00,1.0,0.7,True
2026-04-24 01:30:26,KXBTCD-26APR2322-T78199.99,0.21,trade,no,False,-50.0,BTC,2026-04-24 01:30:26+00:00,2026-04-24 01:00:00+00:00,1.0,0.79,False
2026-04-24 02:08:40,KXBTCD-26APR2323-T78499.99,0.3,trade,no,True,14.14,BTC,2026-04-24 02:08:40+00:00,2026-04-24 02:00:00+00:00,1.0,0.7,True
2026-04-24 02:13:57,KXBTCD-26APR2323-T78599.99,0.235,trade,no,True,12.23,BTC,2026-04-24 02:13:57+00:00,2026-04-24 02:00:00+00:00,1.0,0.765,True
2026-04-24 02:23:29,KXBTCD-26APR2323-T78399.99,0.315,trade,no,True,22.99,BTC,2026-04-24 02:23:29+00:00,2026-04-24 02:00:00+00:00,1.0,0.685,True
2026-04-24 04:41:25,KXBTCD-26APR2401-T77899.99,0.04,trade,yes,False,-32.71,BTC,2026-04-24 04:41:25+00:00,2026-04-24 04:00:00+00:00,1.0,0.04,False
2026-04-24 05:23:25,KXBTCD-26APR2402-T77799.99,0.135,trade,yes,True,306.91,BTC,2026-04-24 05:23:25+00:00,2026-04-24 05:00:00+00:00,1.0,0.135,True
2026-04-24 06:00:10,KXBTCD-26APR2403-T78099.99,0.35,trade,no,True,10.86,BTC,2026-04-24 06:00:10+00:00,2026-04-24 06:00:00+00:00,1.0,0.65,True
2026-04-24 06:24:31,KXBTCD-26APR2403-T77999.99,0.355,trade,no,True,27.19,BTC,2026-04-24 06:24:31+00:00,2026-04-24 06:00:00+00:00,1.0,0.645,True
2026-04-24 06:31:56,KXBTCD-26APR2403-T77899.99,0.34,trade,no,True,25.76,BTC,2026-04-24 06:31:56+00:00,2026-04-24 06:00:00+00:00,1.0,0.6599999999999999,True
2026-04-24 07:00:30,KXBTCD-26APR2404-T77899.99,0.315,trade,no,True,22.99,BTC,2026-04-24 07:00:30+00:00,2026-04-24 07:00:00+00:00,1.0,0.685,True
2026-04-24 07:07:56,KXBTCD-26APR2404-T77999.99,0.225,trade,no,True,14.52,BTC,2026-04-24 07:07:56+00:00,2026-04-24 07:00:00+00:00,1.0,0.775,True
2026-04-24 07:22:45,KXBTCD-26APR2404-T77799.99,0.32,trade,no,True,23.53,BTC,2026-04-24 07:22:45+00:00,2026-04-24 07:00:00+00:00,1.0,0.6799999999999999,True
2026-04-24 08:11:28,KXBTCD-26APR2405-T77799.99,0.31,trade,no,False,-50.0,BTC,2026-04-24 08:11:28+00:00,2026-04-24 08:00:00+00:00,1.0,0.69,False
2026-04-24 08:21:00,KXBTCD-26APR2405-T77999.99,0.415,trade,no,True,14.65,BTC,2026-04-24 08:21:00+00:00,2026-04-24 08:00:00+00:00,1.0,0.585,True
2026-04-24 09:00:14,KXBTCD-26APR2406-T77799.99,0.5,trade,yes,False,-50.0,BTC,2026-04-24 09:00:14+00:00,2026-04-24 09:00:00+00:00,1.0,0.5,False
2026-04-24 09:07:39,KXBTCD-26APR2406-T77899.99,0.085,trade,yes,False,-13.24,BTC,2026-04-24 09:07:39+00:00,2026-04-24 09:00:00+00:00,1.0,0.085,False
2026-04-24 09:14:00,KXBTCD-26APR2406-T77499.99,0.515,trade,yes,True,17.21,BTC,2026-04-24 09:14:00+00:00,2026-04-24 09:00:00+00:00,1.0,0.515,True
2026-04-24 09:19:18,KXBTCD-26APR2406-T77599.99,0.39,trade,yes,False,-36.68,BTC,2026-04-24 09:19:18+00:00,2026-04-24 09:00:00+00:00,1.0,0.39,False
2026-04-24 09:24:35,KXBTCD-26APR2406-T77699.99,0.165,trade,yes,False,-28.67,BTC,2026-04-24 09:24:35+00:00,2026-04-24 09:00:00+00:00,1.0,0.165,False
2026-04-24 10:00:35,KXBTCD-26APR2407-T77599.99,0.315,trade,yes,True,108.73,BTC,2026-04-24 10:00:35+00:00,2026-04-24 10:00:00+00:00,1.0,0.315,True
2026-04-24 10:05:52,KXBTCD-26APR2407-T77799.99,0.08,trade,yes,False,-50.0,BTC,2026-04-24 10:05:52+00:00,2026-04-24 10:00:00+00:00,1.0,0.08,False
2026-04-24 10:11:11,KXBTCD-26APR2407-T77499.99,0.505,trade,yes,True,49.01,BTC,2026-04-24 10:11:11+00:00,2026-04-24 10:00:00+00:00,1.0,0.505,True
2026-04-24 10:16:28,KXBTCD-26APR2407-T77699.99,0.215,trade,yes,True,182.56,BTC,2026-04-24 10:16:28+00:00,2026-04-24 10:00:00+00:00,1.0,0.215,True
2026-04-24 11:00:55,KXBTCD-26APR2408-T77999.99,0.43,trade,no,False,-14.47,BTC,2026-04-24 11:00:55+00:00,2026-04-24 11:00:00+00:00,1.0,0.5700000000000001,False
2026-04-24 11:22:07,KXBTCD-26APR2408-T78299.99,0.315,trade,no,True,6.0,BTC,2026-04-24 11:22:07+00:00,2026-04-24 11:00:00+00:00,1.0,0.685,True
2026-04-24 11:30:34,KXBTCD-26APR2408-T78499.99,0.21,trade,no,True,5.79,BTC,2026-04-24 11:30:34+00:00,2026-04-24 11:00:00+00:00,1.0,0.79,True
2026-04-24 11:38:00,KXBTCD-26APR2408-T78399.99,0.265,trade,no,True,17.63,BTC,2026-04-24 11:38:00+00:00,2026-04-24 11:00:00+00:00,1.0,0.735,True
2026-04-24 12:00:11,KXBTCD-26APR2409-T78499.99,0.215,trade,no,True,13.69,BTC,2026-04-24 12:00:11+00:00,2026-04-24 12:00:00+00:00,1.0,0.785,True
2026-04-24 12:05:29,KXBTCD-26APR2409-T78399.99,0.31,trade,no,True,22.46,BTC,2026-04-24 12:05:29+00:00,2026-04-24 12:00:00+00:00,1.0,0.69,True
2026-04-24 12:35:05,KXBTCD-26APR2409-T78299.99,0.355,trade,no,True,27.52,BTC,2026-04-24 12:35:05+00:00,2026-04-24 12:00:00+00:00,1.0,0.645,True
2026-04-24 12:50:58,KXBTCD-26APR2409-T78199.99,0.295,trade,no,False,-42.94,BTC,2026-04-24 12:50:58+00:00,2026-04-24 12:00:00+00:00,1.0,0.7050000000000001,False
2026-04-24 13:05:48,KXBTCD-26APR2410-T78699.99,0.22,trade,no,True,3.95,BTC,2026-04-24 13:05:48+00:00,2026-04-24 13:00:00+00:00,1.0,0.78,True
2026-04-24 13:11:06,KXBTCD-26APR2410-T78599.99,0.3,trade,no,True,21.43,BTC,2026-04-24 13:11:06+00:00,2026-04-24 13:00:00+00:00,1.0,0.7,True
2026-04-24 13:16:25,KXBTCD-26APR2410-T78499.99,0.35,trade,no,True,25.55,BTC,2026-04-24 13:16:25+00:00,2026-04-24 13:00:00+00:00,1.0,0.65,True
2026-04-24 13:23:51,KXBTCD-26APR2410-T78399.99,0.345,trade,no,True,19.59,BTC,2026-04-24 13:23:51+00:00,2026-04-24 13:00:00+00:00,1.0,0.655,True
2026-04-24 13:30:11,KXBTCD-26APR2410-T78299.99,0.355,trade,no,True,27.52,BTC,2026-04-24 13:30:11+00:00,2026-04-24 13:00:00+00:00,1.0,0.645,True
2026-04-24 13:48:15,KXBTCD-26APR2410-T78199.99,0.35,trade,no,True,26.92,BTC,2026-04-24 13:48:15+00:00,2026-04-24 13:00:00+00:00,1.0,0.65,True
2026-04-24 14:01:00,KXBTCD-26APR2411-T78299.99,0.225,trade,no,True,9.06,BTC,2026-04-24 14:01:00+00:00,2026-04-24 14:00:00+00:00,1.0,0.775,True
2026-04-24 14:06:19,KXBTCD-26APR2411-T78099.99,0.32,trade,no,True,23.53,BTC,2026-04-24 14:06:19+00:00,2026-04-24 14:00:00+00:00,1.0,0.6799999999999999,True
2026-04-24 14:11:37,KXBTCD-26APR2411-T78199.99,0.32,trade,no,True,13.15,BTC,2026-04-24 14:11:37+00:00,2026-04-24 14:00:00+00:00,1.0,0.6799999999999999,True
2026-04-24 14:17:59,KXBTCD-26APR2411-T77999.99,0.415,trade,no,False,-38.07,BTC,2026-04-24 14:17:59+00:00,2026-04-24 14:00:00+00:00,1.0,0.585,False
2026-04-24 14:25:25,KXBTCD-26APR2411-T77899.99,0.43,trade,yes,True,29.12,BTC,2026-04-24 14:25:25+00:00,2026-04-24 14:00:00+00:00,1.0,0.43,True
2026-04-24 15:00:30,KXBTCD-26APR2412-T78299.99,0.2,trade,no,True,8.48,BTC,2026-04-24 15:00:30+00:00,2026-04-24 15:00:00+00:00,1.0,0.8,True
2026-04-24 15:05:51,KXBTCD-26APR2412-T77699.99,0.62,trade,yes,True,9.34,BTC,2026-04-24 15:05:51+00:00,2026-04-24 15:00:00+00:00,1.0,0.62,True
2026-04-24 15:12:15,KXBTCD-26APR2412-T77899.99,0.335,trade,yes,True,35.55,BTC,2026-04-24 15:12:15+00:00,2026-04-24 15:00:00+00:00,1.0,0.335,True
2026-04-24 15:17:33,KXBTCD-26APR2412-T78199.99,0.1,trade,yes,False,-40.41,BTC,2026-04-24 15:17:33+00:00,2026-04-24 15:00:00+00:00,1.0,0.1,False
2026-04-24 15:22:52,KXBTCD-26APR2412-T78099.99,0.115,trade,yes,False,-47.57,BTC,2026-04-24 15:22:52+00:00,2026-04-24 15:00:00+00:00,1.0,0.115,False
2026-04-24 15:39:53,KXBTCD-26APR2412-T77799.99,0.425,trade,yes,True,54.62,BTC,2026-04-24 15:39:53+00:00,2026-04-24 15:00:00+00:00,1.0,0.425,True
2026-04-24 16:02:15,KXBTCD-26APR2413-T78099.99,0.385,trade,no,True,31.3,BTC,2026-04-24 16:02:15+00:00,2026-04-24 16:00:00+00:00,1.0,0.615,True
2026-04-24 16:08:38,KXBTCD-26APR2413-T77999.99,0.39,trade,no,True,31.97,BTC,2026-04-24 16:08:38+00:00,2026-04-24 16:00:00+00:00,1.0,0.61,True
2026-04-24 16:16:02,KXBTCD-26APR2413-T77899.99,0.34,trade,no,True,25.76,BTC,2026-04-24 16:16:02+00:00,2026-04-24 16:00:00+00:00,1.0,0.6599999999999999,True
2026-04-24 16:19:13,KXBTCD-26APR2413-T77699.99,0.56,trade,yes,True,13.0,BTC,2026-04-24 16:19:13+00:00,2026-04-24 16:00:00+00:00,1.0,0.56,True
2026-04-24 16:24:33,KXBTCD-26APR2413-T77799.99,0.44,trade,yes,False,-32.67,BTC,2026-04-24 16:24:33+00:00,2026-04-24 16:00:00+00:00,1.0,0.44,False
2026-04-24 16:41:33,KXBTCD-26APR2413-T77599.99,0.605,trade,yes,True,8.17,BTC,2026-04-24 16:41:33+00:00,2026-04-24 16:00:00+00:00,1.0,0.605,True
2026-04-24 17:00:48,KXBTCD-26APR2414-T78099.99,0.11,trade,yes,False,-50.0,BTC,2026-04-24 17:00:48+00:00,2026-04-24 17:00:00+00:00,1.0,0.11,False
2026-04-24 17:06:07,KXBTCD-26APR2414-T77999.99,0.115,trade,yes,False,-50.0,BTC,2026-04-24 17:06:07+00:00,2026-04-24 17:00:00+00:00,1.0,0.115,False
2026-04-24 17:11:26,KXBTCD-26APR2414-T77699.99,0.605,trade,yes,False,-50.0,BTC,2026-04-24 17:11:26+00:00,2026-04-24 17:00:00+00:00,1.0,0.605,False
2026-04-24 17:16:46,KXBTCD-26APR2414-T77899.99,0.285,trade,yes,False,-40.01,BTC,2026-04-24 17:16:46+00:00,2026-04-24 17:00:00+00:00,1.0,0.285,False
2026-04-24 17:22:04,KXBTCD-26APR2414-T77599.99,0.59,trade,yes,True,30.08,BTC,2026-04-24 17:22:04+00:00,2026-04-24 17:00:00+00:00,1.0,0.59,True
2026-04-24 17:27:23,KXBTCD-26APR2414-T77799.99,0.235,trade,yes,False,-44.34,BTC,2026-04-24 17:27:23+00:00,2026-04-24 17:00:00+00:00,1.0,0.235,False
2026-04-24 18:00:32,KXBTCD-26APR2415-T77899.99,0.215,trade,no,True,13.69,BTC,2026-04-24 18:00:32+00:00,2026-04-24 18:00:00+00:00,1.0,0.785,True
2026-04-24 18:06:58,KXBTCD-26APR2415-T77799.99,0.3,trade,yes,False,-35.61,BTC,2026-04-24 18:06:58+00:00,2026-04-24 18:00:00+00:00,1.0,0.3,False
2026-04-24 18:13:21,KXBTCD-26APR2415-T77599.99,0.64,trade,yes,True,28.12,BTC,2026-04-24 18:13:21+00:00,2026-04-24 18:00:00+00:00,1.0,0.64,True
2026-04-24 18:22:55,KXBTCD-26APR2415-T77399.99,0.72,trade,yes,True,10.72,BTC,2026-04-24 18:22:55+00:00,2026-04-24 18:00:00+00:00,1.0,0.72,True
2026-04-24 18:28:13,KXBTCD-26APR2415-T77499.99,0.57,trade,yes,True,34.38,BTC,2026-04-24 18:28:13+00:00,2026-04-24 18:00:00+00:00,1.0,0.57,True
2026-04-24 18:33:31,KXBTCD-26APR2415-T77699.99,0.26,trade,yes,False,-47.59,BTC,2026-04-24 18:33:31+00:00,2026-04-24 18:00:00+00:00,1.0,0.26,False
2026-04-24 19:00:05,KXBTCD-26APR2417-T77999.99,0.2,trade,no,True,12.5,BTC,2026-04-24 19:00:05+00:00,2026-04-24 19:00:00+00:00,1.0,0.8,True
2026-04-24 19:01:09,KXBTCD-26APR2416-T77799.99,0.38,trade,no,True,30.65,BTC,2026-04-24 19:01:09+00:00,2026-04-24 19:00:00+00:00,1.0,0.62,True
2026-04-24 19:11:48,KXBTCD-26APR2416-T77699.99,0.375,trade,no,True,30.0,BTC,2026-04-24 19:11:48+00:00,2026-04-24 19:00:00+00:00,1.0,0.625,True
2026-04-24 19:26:36,KXBTCD-26APR2417-T77499.99,0.595,trade,yes,True,32.26,BTC,2026-04-24 19:26:36+00:00,2026-04-24 19:00:00+00:00,1.0,0.595,True
2026-04-24 19:27:40,KXBTCD-26APR2416-T77599.99,0.535,trade,yes,True,43.46,BTC,2026-04-24 19:27:40+00:00,2026-04-24 19:00:00+00:00,1.0,0.535,True
2026-04-24 21:06:19,KXBTCD-26APR2418-T77899.99,0.215,trade,no,True,13.69,BTC,2026-04-24 21:06:19+00:00,2026-04-24 21:00:00+00:00,1.0,0.785,True
2026-04-24 21:14:49,KXBTCD-26APR2418-T77799.99,0.185,trade,no,True,11.35,BTC,2026-04-24 21:14:49+00:00,2026-04-24 21:00:00+00:00,1.0,0.815,True
2026-04-24 21:23:18,KXBTCD-26APR2418-T77699.99,0.305,trade,yes,False,-27.48,BTC,2026-04-24 21:23:18+00:00,2026-04-24 21:00:00+00:00,1.0,0.305,False
2026-04-24 21:40:19,KXBTCD-26APR2418-T77599.99,0.57,trade,yes,False,-49.12,BTC,2026-04-24 21:40:19+00:00,2026-04-24 21:00:00+00:00,1.0,0.57,False
2026-04-24 22:03:42,KXBTCD-26APR2419-T77699.99,0.33,trade,no,True,24.63,BTC,2026-04-24 22:03:42+00:00,2026-04-24 22:00:00+00:00,1.0,0.6699999999999999,True
2026-04-24 22:30:13,KXBTCD-26APR2419-T77599.99,0.455,trade,yes,False,-50.0,BTC,2026-04-24 22:30:13+00:00,2026-04-24 22:00:00+00:00,1.0,0.455,False
2026-04-24 22:38:43,KXBTCD-26APR2419-T77499.99,0.455,trade,yes,False,-50.0,BTC,2026-04-24 22:38:43+00:00,2026-04-24 22:00:00+00:00,1.0,0.455,False
2026-04-24 23:02:04,KXBTCD-26APR2420-T77599.99,0.095,trade,yes,False,-50.0,BTC,2026-04-24 23:02:04+00:00,2026-04-24 23:00:00+00:00,1.0,0.095,False
2026-04-24 23:07:22,KXBTCD-26APR2420-T77399.99,0.505,trade,yes,True,49.01,BTC,2026-04-24 23:07:22+00:00,2026-04-24 23:00:00+00:00,1.0,0.505,True
2026-04-24 23:21:08,KXBTCD-26APR2420-T77499.99,0.165,trade,yes,False,-42.9,BTC,2026-04-24 23:21:08+00:00,2026-04-24 23:00:00+00:00,1.0,0.165,False
2026-04-25 00:00:20,KXBTCD-26APR2421-T77399.99,0.68,trade,yes,True,23.53,BTC,2026-04-25 00:00:20+00:00,2026-04-25 00:00:00+00:00,1.0,0.68,True
2026-04-25 00:05:39,KXBTCD-26APR2421-T77499.99,0.435,trade,yes,False,-50.0,BTC,2026-04-25 00:05:39+00:00,2026-04-25 00:00:00+00:00,1.0,0.435,False
2026-04-25 00:16:15,KXBTCD-26APR2421-T77599.99,0.15,trade,yes,False,-50.0,BTC,2026-04-25 00:16:15+00:00,2026-04-25 00:00:00+00:00,1.0,0.15,False
2026-04-25 00:28:58,KXBTCD-26APR2421-T77299.99,0.725,trade,yes,True,18.97,BTC,2026-04-25 00:28:58+00:00,2026-04-25 00:00:00+00:00,1.0,0.725,True
2026-04-25 01:00:45,KXBTCD-26APR2422-T77499.99,0.52,trade,yes,True,46.15,BTC,2026-04-25 01:00:45+00:00,2026-04-25 01:00:00+00:00,1.0,0.52,True
2026-04-25 01:07:08,KXBTCD-26APR2422-T77599.99,0.115,trade,yes,False,-50.0,BTC,2026-04-25 01:07:08+00:00,2026-04-25 01:00:00+00:00,1.0,0.115,False
2026-04-25 03:13:25,KXBTCD-26APR2500-T77699.99,0.205,trade,no,True,12.89,BTC,2026-04-25 03:13:25+00:00,2026-04-25 03:00:00+00:00,1.0,0.795,True
2026-04-25 04:10:44,KXBTCD-26APR2501-T77799.99,0.215,trade,no,True,13.69,BTC,2026-04-25 04:10:44+00:00,2026-04-25 04:00:00+00:00,1.0,0.785,True
2026-04-25 05:04:50,KXBTCD-26APR2502-T77499.99,0.605,trade,yes,True,19.57,BTC,2026-04-25 05:04:50+00:00,2026-04-25 05:00:00+00:00,1.0,0.605,True
2026-04-25 05:10:07,KXBTCD-26APR2502-T77599.99,0.34,trade,yes,False,-48.76,BTC,2026-04-25 05:10:07+00:00,2026-04-25 05:00:00+00:00,1.0,0.34,False
2026-04-25 06:07:23,KXBTCD-26APR2503-T77599.99,0.36,trade,yes,False,-50.0,BTC,2026-04-25 06:07:23+00:00,2026-04-25 06:00:00+00:00,1.0,0.36,False
2026-04-25 06:24:19,KXBTCD-26APR2503-T77499.99,0.645,trade,yes,True,25.62,BTC,2026-04-25 06:24:19+00:00,2026-04-25 06:00:00+00:00,1.0,0.645,True
2026-04-25 07:00:21,KXBTCD-26APR2504-T77499.99,0.515,trade,yes,True,47.09,BTC,2026-04-25 07:00:21+00:00,2026-04-25 07:00:00+00:00,1.0,0.515,True
2026-04-25 07:06:44,KXBTCD-26APR2504-T77599.99,0.195,trade,yes,False,-35.18,BTC,2026-04-25 07:06:44+00:00,2026-04-25 07:00:00+00:00,1.0,0.195,False
2026-04-25 10:06:57,KXBTCD-26APR2507-T77899.99,0.215,trade,no,True,12.85,BTC,2026-04-25 10:06:57+00:00,2026-04-25 10:00:00+00:00,1.0,0.785,True
2026-04-25 11:22:16,KXBTCD-26APR2508-T77799.99,0.195,trade,no,True,12.11,BTC,2026-04-25 11:22:16+00:00,2026-04-25 11:00:00+00:00,1.0,0.8049999999999999,True
2026-04-25 11:25:27,KXBTCD-26APR2508-T77699.99,0.575,trade,yes,False,-32.61,BTC,2026-04-25 11:25:27+00:00,2026-04-25 11:00:00+00:00,1.0,0.575,False
2026-04-25 12:00:26,KXBTCD-26APR2509-T77799.99,0.205,trade,no,True,12.89,BTC,2026-04-25 12:00:26+00:00,2026-04-25 12:00:00+00:00,1.0,0.795,True
2026-04-25 12:31:09,KXBTCD-26APR2509-T77699.99,0.2,trade,no,True,12.5,BTC,2026-04-25 12:31:09+00:00,2026-04-25 12:00:00+00:00,1.0,0.8,True
2026-04-25 12:39:37,KXBTCD-26APR2509-T77599.99,0.505,trade,yes,False,-41.93,BTC,2026-04-25 12:39:37+00:00,2026-04-25 12:00:00+00:00,1.0,0.505,False
2026-04-25 13:00:47,KXBTCD-26APR2510-T77599.99,0.49,trade,yes,True,52.04,BTC,2026-04-25 13:00:47+00:00,2026-04-25 13:00:00+00:00,1.0,0.49,True
2026-04-25 15:17:38,KXBTCD-26APR2512-T77699.99,0.705,trade,yes,False,-50.0,BTC,2026-04-25 15:17:38+00:00,2026-04-25 15:00:00+00:00,1.0,0.705,False
2026-04-25 16:01:02,KXBTCD-26APR2513-T77699.99,0.07,trade,yes,False,-21.82,BTC,2026-04-25 16:01:02+00:00,2026-04-25 16:00:00+00:00,1.0,0.07,False
2026-04-25 16:11:38,KXBTCD-26APR2513-T77499.99,0.34,trade,yes,False,-34.57,BTC,2026-04-25 16:11:38+00:00,2026-04-25 16:00:00+00:00,1.0,0.34,False
2026-04-25 16:18:00,KXBTCD-26APR2513-T77599.99,0.17,trade,yes,False,-40.15,BTC,2026-04-25 16:18:00+00:00,2026-04-25 16:00:00+00:00,1.0,0.17,False
2026-04-25 16:23:17,KXBTCD-26APR2513-T77399.99,0.715,trade,yes,True,19.93,BTC,2026-04-25 16:23:17+00:00,2026-04-25 16:00:00+00:00,1.0,0.715,True
2026-04-25 17:02:30,KXBTCD-26APR2514-T77399.99,0.505,trade,yes,False,-50.0,BTC,2026-04-25 17:02:30+00:00,2026-04-25 17:00:00+00:00,1.0,0.505,False
2026-04-25 17:08:53,KXBTCD-26APR2514-T77499.99,0.17,trade,yes,False,-40.15,BTC,2026-04-25 17:08:53+00:00,2026-04-25 17:00:00+00:00,1.0,0.17,False
2026-04-25 17:17:23,KXBTCD-26APR2514-T77299.99,0.73,trade,yes,False,-50.0,BTC,2026-04-25 17:17:23+00:00,2026-04-25 17:00:00+00:00,1.0,0.73,False
2026-04-25 18:08:03,KXBTCD-26APR2515-T77399.99,0.21,trade,no,True,13.29,BTC,2026-04-25 18:08:03+00:00,2026-04-25 18:00:00+00:00,1.0,0.79,True
2026-04-25 19:04:40,KXBTCD-26APR2516-T77299.99,0.665,trade,yes,True,25.19,BTC,2026-04-25 19:04:40+00:00,2026-04-25 19:00:00+00:00,1.0,0.665,True
2026-04-25 19:09:35,KXBTCD-26APR2517-T77499.99,0.21,trade,no,True,13.29,BTC,2026-04-25 19:09:35+00:00,2026-04-25 19:00:00+00:00,1.0,0.79,True
2026-04-25 19:19:57,KXBTCD-26APR2517-T77249.99,0.71,trade,yes,True,20.42,BTC,2026-04-25 19:19:57+00:00,2026-04-25 19:00:00+00:00,1.0,0.71,True
2026-04-25 21:43:52,KXBTCD-26APR2518-T77399.99,0.73,trade,yes,True,18.49,BTC,2026-04-25 21:43:52+00:00,2026-04-25 21:00:00+00:00,1.0,0.73,True
2026-04-25 23:01:19,KXBTCD-26APR2520-T77499.99,0.73,trade,yes,True,18.49,BTC,2026-04-25 23:01:19+00:00,2026-04-25 23:00:00+00:00,1.0,0.73,True
2026-04-25 23:07:39,KXBTCD-26APR2520-T77699.99,0.185,trade,no,True,11.35,BTC,2026-04-25 23:07:39+00:00,2026-04-25 23:00:00+00:00,1.0,0.815,True
2026-04-25 23:30:59,KXBTCD-26APR2520-T77599.99,0.615,trade,yes,True,31.3,BTC,2026-04-25 23:30:59+00:00,2026-04-25 23:00:00+00:00,1.0,0.615,True
2026-04-26 00:01:43,KXBTCD-26APR2521-T77699.99,0.235,trade,no,True,15.36,BTC,2026-04-26 00:01:43+00:00,2026-04-26 00:00:00+00:00,1.0,0.765,True
2026-04-26 01:21:18,KXBTCD-26APR2522-T77499.99,0.67,trade,yes,False,-50.0,BTC,2026-04-26 01:21:18+00:00,2026-04-26 01:00:00+00:00,1.0,0.67,False
2026-04-26 02:01:34,KXBTCD-26APR2523-T77499.99,0.495,trade,yes,True,51.01,BTC,2026-04-26 02:01:34+00:00,2026-04-26 02:00:00+00:00,1.0,0.495,True
2026-04-26 02:17:31,KXBTCD-26APR2523-T77599.99,0.455,trade,yes,False,-50.0,BTC,2026-04-26 02:17:31+00:00,2026-04-26 02:00:00+00:00,1.0,0.455,False
2026-04-26 03:01:04,KXBTCD-26APR2600-T77599.99,0.215,trade,no,True,13.69,BTC,2026-04-26 03:01:04+00:00,2026-04-26 03:00:00+00:00,1.0,0.785,True
2026-04-26 03:07:25,KXBTCD-26APR2600-T77499.99,0.57,trade,yes,False,-49.12,BTC,2026-04-26 03:07:25+00:00,2026-04-26 03:00:00+00:00,1.0,0.57,False
2026-04-26 03:30:45,KXBTCD-26APR2600-T77399.99,0.705,trade,yes,True,20.92,BTC,2026-04-26 03:30:45+00:00,2026-04-26 03:00:00+00:00,1.0,0.705,True
2026-04-26 04:03:38,KXBTCD-26APR2601-T77399.99,0.645,trade,yes,True,27.52,BTC,2026-04-26 04:03:38+00:00,2026-04-26 04:00:00+00:00,1.0,0.645,True
2026-04-26 04:24:52,KXBTCD-26APR2601-T77599.99,0.18,trade,no,False,-50.0,BTC,2026-04-26 04:24:52+00:00,2026-04-26 04:00:00+00:00,1.0,0.8200000000000001,False
2026-04-26 05:40:13,KXBTCD-26APR2602-T78199.99,0.215,trade,no,True,10.56,BTC,2026-04-26 05:40:13+00:00,2026-04-26 05:00:00+00:00,1.0,0.785,True
2026-04-26 06:01:28,KXBTCD-26APR2603-T78199.99,0.195,trade,no,True,12.11,BTC,2026-04-26 06:01:28+00:00,2026-04-26 06:00:00+00:00,3.0,0.8049999999999999,True
2026-04-26 06:18:27,KXBTCD-26APR2603-T78099.99,0.205,trade,no,True,12.89,BTC,2026-04-26 06:18:27+00:00,2026-04-26 06:00:00+00:00,3.0,0.795,True
2026-04-26 06:21:37,KXBTCD-26APR2603-T77899.99,0.725,trade,yes,True,18.97,BTC,2026-04-26 06:21:37+00:00,2026-04-26 06:00:00+00:00,3.0,0.725,True
2026-04-26 06:41:45,KXBTCD-26APR2603-T77999.99,0.685,trade,yes,True,22.99,BTC,2026-04-26 06:41:45+00:00,2026-04-26 06:00:00+00:00,3.0,0.685,True
2026-04-26 07:09:24,KXBTCD-26APR2604-T78099.99,0.31,trade,no,False,-50.0,BTC,2026-04-26 07:09:24+00:00,2026-04-26 07:00:00+00:00,3.0,0.69,False
2026-04-26 08:01:20,KXBTCD-26APR2605-T78199.99,0.295,trade,no,True,20.92,BTC,2026-04-26 08:01:20+00:00,2026-04-26 08:00:00+00:00,3.0,0.7050000000000001,True
2026-04-26 08:36:35,KXBTCD-26APR2605-T78299.99,0.205,trade,no,True,7.33,BTC,2026-04-26 08:36:35+00:00,2026-04-26 08:00:00+00:00,3.0,0.795,True
2026-04-26 09:08:23,KXBTCD-26APR2606-T78099.99,0.225,trade,no,True,14.52,BTC,2026-04-26 09:08:23+00:00,2026-04-26 09:00:00+00:00,3.0,0.775,True
2026-04-26 09:22:09,KXBTCD-26APR2606-T77999.99,0.665,trade,yes,True,25.19,BTC,2026-04-26 09:22:09+00:00,2026-04-26 09:00:00+00:00,3.0,0.665,True
2026-04-26 10:00:17,KXBTCD-26APR2607-T78099.99,0.235,trade,no,True,15.36,BTC,2026-04-26 10:00:17+00:00,2026-04-26 10:00:00+00:00,3.0,0.765,True
2026-04-26 10:02:24,KXBTCD-26APR2607-T77999.99,0.455,trade,yes,True,59.89,BTC,2026-04-26 10:02:24+00:00,2026-04-26 10:00:00+00:00,3.0,0.455,True
2026-04-26 11:00:38,KXBTCD-26APR2608-T77999.99,0.66,trade,yes,True,25.76,BTC,2026-04-26 11:00:38+00:00,2026-04-26 11:00:00+00:00,3.0,0.66,True
2026-04-26 11:25:00,KXBTCD-26APR2608-T78199.99,0.205,trade,no,True,12.15,BTC,2026-04-26 11:25:00+00:00,2026-04-26 11:00:00+00:00,3.0,0.795,True
2026-04-26 12:03:10,KXBTCD-26APR2609-T78199.99,0.2,trade,no,True,12.5,BTC,2026-04-26 12:03:10+00:00,2026-04-26 12:00:00+00:00,3.0,0.8,True
2026-04-26 12:11:38,KXBTCD-26APR2609-T77999.99,0.675,trade,yes,False,-46.17,BTC,2026-04-26 12:11:38+00:00,2026-04-26 12:00:00+00:00,3.0,0.675,False
2026-04-26 12:13:46,KXBTCD-26APR2609-T78099.99,0.235,trade,no,True,15.36,BTC,2026-04-26 12:13:46+00:00,2026-04-26 12:00:00+00:00,3.0,0.765,True
2026-04-26 13:20:30,KXBTCD-26APR2610-T77999.99,0.23,trade,no,True,14.94,BTC,2026-04-26 13:20:30+00:00,2026-04-26 13:00:00+00:00,3.0,0.77,True
2026-04-26 14:01:50,KXBTCD-26APR2611-T77899.99,0.65,trade,yes,True,26.92,BTC,2026-04-26 14:01:50+00:00,2026-04-26 14:00:00+00:00,3.0,0.65,True
2026-04-26 14:08:12,KXBTCD-26APR2611-T77999.99,0.33,trade,no,False,-50.0,BTC,2026-04-26 14:08:12+00:00,2026-04-26 14:00:00+00:00,3.0,0.6699999999999999,False
2026-04-26 14:24:05,KXBTCD-26APR2611-T78199.99,0.31,trade,no,True,15.57,BTC,2026-04-26 14:24:05+00:00,2026-04-26 14:00:00+00:00,3.0,0.69,True
2026-04-26 15:04:20,KXBTCD-26APR2612-T78199.99,0.315,trade,no,True,22.99,BTC,2026-04-26 15:04:20+00:00,2026-04-26 15:00:00+00:00,3.0,0.685,True
2026-04-26 15:09:37,KXBTCD-26APR2612-T78099.99,0.515,trade,yes,False,-50.0,BTC,2026-04-26 15:09:37+00:00,2026-04-26 15:00:00+00:00,3.0,0.515,False
2026-04-26 15:46:43,KXBTCD-26APR2612-T77999.99,0.725,trade,yes,True,17.43,BTC,2026-04-26 15:46:43+00:00,2026-04-26 15:00:00+00:00,3.0,0.725,True
2026-04-26 16:00:31,KXBTCD-26APR2613-T78199.99,0.175,trade,no,True,10.61,BTC,2026-04-26 16:00:31+00:00,2026-04-26 16:00:00+00:00,3.0,0.825,True
2026-04-26 16:01:35,KXBTCD-26APR2613-T77999.99,0.63,trade,yes,False,-50.0,BTC,2026-04-26 16:01:35+00:00,2026-04-26 16:00:00+00:00,3.0,0.63,False
2026-04-26 17:29:31,KXBTCD-26APR2614-T77999.99,0.675,trade,yes,True,24.07,BTC,2026-04-26 17:29:31+00:00,2026-04-26 17:00:00+00:00,3.0,0.675,True
2026-04-26 18:00:13,KXBTCD-26APR2615-T77999.99,0.675,trade,yes,True,24.07,BTC,2026-04-26 18:00:13+00:00,2026-04-26 18:00:00+00:00,3.0,0.675,True
2026-04-26 18:07:39,KXBTCD-26APR2615-T78199.99,0.185,trade,no,False,-50.0,BTC,2026-04-26 18:07:39+00:00,2026-04-26 18:00:00+00:00,3.0,0.815,False
2026-04-26 18:16:06,KXBTCD-26APR2615-T78299.99,0.2,trade,no,True,6.72,BTC,2026-04-26 18:16:06+00:00,2026-04-26 18:00:00+00:00,3.0,0.8,True
2026-04-26 19:11:58,KXBTCD-26APR2617-T78749.99,0.215,trade,no,True,6.14,BTC,2026-04-26 19:11:58+00:00,2026-04-26 19:00:00+00:00,0.0,0.785,True
2026-04-26 19:20:53,KXBTCD-26APR2617-T78249.99,0.68,trade,yes,False,-45.75,BTC,2026-04-26 19:20:53+00:00,2026-04-26 19:00:00+00:00,0.0,0.68,False
2026-04-26 19:21:59,KXBTCD-26APR2616-T78399.99,0.565,trade,yes,False,-46.14,BTC,2026-04-26 19:21:59+00:00,2026-04-26 19:00:00+00:00,0.0,0.565,False
2026-04-26 19:41:02,KXBTCD-26APR2617-T77999.99,0.71,trade,yes,True,18.01,BTC,2026-04-26 19:41:02+00:00,2026-04-26 19:00:00+00:00,0.0,0.71,True
2026-04-26 19:45:17,KXBTCD-26APR2616-T78199.99,0.55,trade,yes,True,28.52,BTC,2026-04-26 19:45:17+00:00,2026-04-26 19:00:00+00:00,0.0,0.55,True
2026-04-26 19:50:35,KXBTCD-26APR2617-T78499.99,0.185,trade,yes,False,-50.0,BTC,2026-04-26 19:50:35+00:00,2026-04-26 19:00:00+00:00,0.0,0.185,False
2026-04-26 21:00:32,KXBTCD-26APR2618-T78299.99,0.405,trade,yes,True,73.46,BTC,2026-04-26 21:00:32+00:00,2026-04-26 21:00:00+00:00,0.0,0.405,True
2026-04-26 21:05:51,KXBTCD-26APR2618-T78399.99,0.305,trade,yes,True,113.93,BTC,2026-04-26 21:05:51+00:00,2026-04-26 21:00:00+00:00,0.0,0.305,True
2026-04-26 21:11:09,KXBTCD-26APR2618-T78499.99,0.135,trade,yes,False,-50.0,BTC,2026-04-26 21:11:09+00:00,2026-04-26 21:00:00+00:00,0.0,0.135,False
2026-04-26 21:16:27,KXBTCD-26APR2618-T78199.99,0.73,trade,yes,True,18.49,BTC,2026-04-26 21:16:27+00:00,2026-04-26 21:00:00+00:00,0.0,0.73,True
2026-04-26 22:04:11,KXBTCD-26APR2619-T78399.99,0.5,trade,yes,False,-30.32,BTC,2026-04-26 22:04:11+00:00,2026-04-26 22:00:00+00:00,0.0,0.5,False
2026-04-26 22:47:31,KXBTCD-26APR2619-T78499.99,0.245,trade,yes,False,-25.72,BTC,2026-04-26 22:47:31+00:00,2026-04-26 22:00:00+00:00,0.0,0.245,False
2026-04-26 23:00:15,KXBTCD-26APR2620-T78499.99,0.255,trade,yes,True,132.58,BTC,2026-04-26 23:00:15+00:00,2026-04-26 23:00:00+00:00,0.0,0.255,True
2026-04-26 23:05:34,KXBTCD-26APR2620-T78399.99,0.4,trade,yes,True,75.0,BTC,2026-04-26 23:05:34+00:00,2026-04-26 23:00:00+00:00,0.0,0.4,True
2026-04-26 23:10:53,KXBTCD-26APR2620-T78799.99,0.06,trade,yes,False,-50.0,BTC,2026-04-26 23:10:53+00:00,2026-04-26 23:00:00+00:00,0.0,0.06,False
2026-04-26 23:16:11,KXBTCD-26APR2620-T78699.99,0.11,trade,yes,False,-50.0,BTC,2026-04-26 23:16:11+00:00,2026-04-26 23:00:00+00:00,0.0,0.11,False
2026-04-26 23:21:29,KXBTCD-26APR2620-T78299.99,0.65,trade,yes,True,26.92,BTC,2026-04-26 23:21:29+00:00,2026-04-26 23:00:00+00:00,0.0,0.65,True
2026-04-26 23:26:47,KXBTCD-26APR2620-T78599.99,0.21,trade,yes,True,188.1,BTC,2026-04-26 23:26:47+00:00,2026-04-26 23:00:00+00:00,0.0,0.21,True
2026-04-27 00:06:03,KXBTCD-26APR2621-T78999.99,0.335,trade,no,False,-15.45,BTC,2026-04-27 00:06:03+00:00,2026-04-27 00:00:00+00:00,0.0,0.665,False
2026-04-27 00:11:21,KXBTCD-26APR2621-T78799.99,0.345,trade,yes,True,41.45,BTC,2026-04-27 00:11:21+00:00,2026-04-27 00:00:00+00:00,0.0,0.345,True
2026-04-27 00:16:39,KXBTCD-26APR2621-T78699.99,0.355,trade,yes,True,36.96,BTC,2026-04-27 00:16:39+00:00,2026-04-27 00:00:00+00:00,0.0,0.355,True
2026-04-27 00:21:58,KXBTCD-26APR2621-T78899.99,0.18,trade,yes,True,227.78,BTC,2026-04-27 00:21:58+00:00,2026-04-27 00:00:00+00:00,0.0,0.18,True
2026-04-27 00:27:16,KXBTCD-26APR2621-T78599.99,0.335,trade,yes,True,93.14,BTC,2026-04-27 00:27:16+00:00,2026-04-27 00:00:00+00:00,0.0,0.335,True
2026-04-27 00:32:35,KXBTCD-26APR2621-T78499.99,0.475,trade,yes,True,24.37,BTC,2026-04-27 00:32:35+00:00,2026-04-27 00:00:00+00:00,0.0,0.475,True
2026-04-27 01:13:59,KXBTCD-26APR2622-T79299.99,0.335,trade,no,True,10.94,BTC,2026-04-27 01:13:59+00:00,2026-04-27 01:00:00+00:00,0.0,0.665,True
2026-04-27 01:21:25,KXBTCD-26APR2622-T79199.99,0.295,trade,yes,True,62.47,BTC,2026-04-27 01:21:25+00:00,2026-04-27 01:00:00+00:00,0.0,0.295,True
2026-04-27 01:26:43,KXBTCD-26APR2622-T79099.99,0.355,trade,yes,True,74.37,BTC,2026-04-27 01:26:43+00:00,2026-04-27 01:00:00+00:00,0.0,0.355,True
2026-04-27 01:32:01,KXBTCD-26APR2622-T78999.99,0.455,trade,yes,True,18.42,BTC,2026-04-27 01:32:01+00:00,2026-04-27 01:00:00+00:00,0.0,0.455,True
2026-04-27 02:05:58,KXBTCD-26APR2623-T78999.99,0.72,trade,yes,True,17.64,BTC,2026-04-27 02:05:58+00:00,2026-04-27 02:00:00+00:00,0.0,0.72,True
2026-04-27 02:14:27,KXBTCD-26APR2623-T79099.99,0.675,trade,yes,True,24.07,BTC,2026-04-27 02:14:27+00:00,2026-04-27 02:00:00+00:00,0.0,0.675,True
2026-04-27 02:29:18,KXBTCD-26APR2623-T79499.99,0.06,trade,yes,False,-31.48,BTC,2026-04-27 02:29:18+00:00,2026-04-27 02:00:00+00:00,0.0,0.06,False
2026-04-27 02:35:39,KXBTCD-26APR2623-T79199.99,0.34,trade,yes,False,-36.93,BTC,2026-04-27 02:35:39+00:00,2026-04-27 02:00:00+00:00,0.0,0.34,False
2026-04-27 02:40:58,KXBTCD-26APR2623-T79399.99,0.05,trade,yes,False,-50.0,BTC,2026-04-27 02:40:58+00:00,2026-04-27 02:00:00+00:00,0.0,0.05,False
2026-04-27 02:46:17,KXBTCD-26APR2623-T79299.99,0.1,trade,yes,False,-47.42,BTC,2026-04-27 02:46:17+00:00,2026-04-27 02:00:00+00:00,0.0,0.1,False
2026-04-27 03:00:07,KXBTCD-26APR2700-T79099.99,0.51,trade,yes,True,48.04,BTC,2026-04-27 03:00:07+00:00,2026-04-27 03:00:00+00:00,0.0,0.51,True
2026-04-27 03:05:30,KXBTCD-26APR2700-T79399.99,0.145,trade,yes,False,-50.0,BTC,2026-04-27 03:05:30+00:00,2026-04-27 03:00:00+00:00,0.0,0.145,False
2026-04-27 03:11:52,KXBTCD-26APR2700-T79199.99,0.545,trade,yes,False,-50.0,BTC,2026-04-27 03:11:52+00:00,2026-04-27 03:00:00+00:00,0.0,0.545,False
2026-04-27 04:00:40,KXBTCD-26APR2701-T79199.99,0.335,trade,yes,False,-47.26,BTC,2026-04-27 04:00:40+00:00,2026-04-27 04:00:00+00:00,0.0,0.335,False
2026-04-27 04:05:59,KXBTCD-26APR2701-T78999.99,0.675,trade,yes,False,-47.3,BTC,2026-04-27 04:05:59+00:00,2026-04-27 04:00:00+00:00,0.0,0.675,False
2026-04-27 04:12:21,KXBTCD-26APR2701-T79099.99,0.395,trade,yes,False,-45.73,BTC,2026-04-27 04:12:21+00:00,2026-04-27 04:00:00+00:00,0.0,0.395,False
2026-04-27 04:30:24,KXBTCD-26APR2701-T79299.99,0.165,trade,yes,False,-42.9,BTC,2026-04-27 04:30:24+00:00,2026-04-27 04:00:00+00:00,0.0,0.165,False
2026-04-27 04:55:53,KXBTCD-26APR2701-T78899.99,0.615,trade,yes,True,23.07,BTC,2026-04-27 04:55:53+00:00,2026-04-27 04:00:00+00:00,0.0,0.615,True
2026-04-27 05:01:10,KXBTCD-26APR2702-T78899.99,0.49,trade,yes,False,-42.94,BTC,2026-04-27 05:01:10+00:00,2026-04-27 05:00:00+00:00,0.0,0.49,False
2026-04-27 05:06:30,KXBTCD-26APR2702-T78699.99,0.61,trade,yes,False,-33.42,BTC,2026-04-27 05:06:30+00:00,2026-04-27 05:00:00+00:00,0.0,0.61,False
2026-04-27 05:11:49,KXBTCD-26APR2702-T78499.99,0.725,trade,yes,False,-17.01,BTC,2026-04-27 05:11:49+00:00,2026-04-27 05:00:00+00:00,0.0,0.725,False
2026-04-27 06:30:20,KXBTCD-26APR2703-T77799.99,0.295,trade,yes,False,-50.0,BTC,2026-04-27 06:30:20+00:00,2026-04-27 06:00:00+00:00,0.0,0.295,False
2026-04-27 06:36:43,KXBTCD-26APR2703-T77599.99,0.52,trade,yes,True,14.43,BTC,2026-04-27 06:36:43+00:00,2026-04-27 06:00:00+00:00,0.0,0.52,True
2026-04-27 06:44:09,KXBTCD-26APR2703-T77899.99,0.055,trade,yes,False,-50.0,BTC,2026-04-27 06:44:09+00:00,2026-04-27 06:00:00+00:00,0.0,0.055,False
2026-04-27 06:49:26,KXBTCD-26APR2703-T77699.99,0.52,trade,yes,True,46.15,BTC,2026-04-27 06:49:26+00:00,2026-04-27 06:00:00+00:00,0.0,0.52,True
2026-04-27 07:01:05,KXBTCD-26APR2704-T77799.99,0.355,trade,yes,False,-50.0,BTC,2026-04-27 07:01:05+00:00,2026-04-27 07:00:00+00:00,1.0,0.355,False
2026-04-27 07:06:24,KXBTCD-26APR2704-T77699.99,0.365,trade,yes,False,-50.0,BTC,2026-04-27 07:06:24+00:00,2026-04-27 07:00:00+00:00,1.0,0.365,False
2026-04-27 07:11:42,KXBTCD-26APR2704-T77499.99,0.665,trade,yes,True,20.02,BTC,2026-04-27 07:11:42+00:00,2026-04-27 07:00:00+00:00,1.0,0.665,True
2026-04-27 07:17:00,KXBTCD-26APR2704-T77599.99,0.655,trade,yes,True,26.34,BTC,2026-04-27 07:17:00+00:00,2026-04-27 07:00:00+00:00,1.0,0.655,True
2026-04-27 07:29:43,KXBTCD-26APR2704-T77899.99,0.14,trade,yes,False,-50.0,BTC,2026-04-27 07:29:43+00:00,2026-04-27 07:00:00+00:00,1.0,0.14,False
2026-04-27 08:01:31,KXBTCD-26APR2705-T77799.99,0.315,trade,yes,True,108.73,BTC,2026-04-27 08:01:31+00:00,2026-04-27 08:00:00+00:00,1.0,0.315,True
2026-04-27 08:06:50,KXBTCD-26APR2705-T77699.99,0.465,trade,yes,True,57.53,BTC,2026-04-27 08:06:50+00:00,2026-04-27 08:00:00+00:00,1.0,0.465,True
2026-04-27 08:16:22,KXBTCD-26APR2705-T77599.99,0.625,trade,yes,True,30.0,BTC,2026-04-27 08:16:22+00:00,2026-04-27 08:00:00+00:00,1.0,0.625,True
2026-04-27 08:21:41,KXBTCD-26APR2705-T77899.99,0.08,trade,yes,False,-50.0,BTC,2026-04-27 08:21:41+00:00,2026-04-27 08:00:00+00:00,1.0,0.08,False
2026-04-27 08:30:11,KXBTCD-26APR2705-T77499.99,0.715,trade,yes,True,19.93,BTC,2026-04-27 08:30:11+00:00,2026-04-27 08:00:00+00:00,1.0,0.715,True
2026-04-27 09:00:55,KXBTCD-26APR2706-T77799.99,0.49,trade,yes,True,52.04,BTC,2026-04-27 09:00:55+00:00,2026-04-27 09:00:00+00:00,1.0,0.49,True
2026-04-27 09:06:16,KXBTCD-26APR2706-T77899.99,0.365,trade,yes,True,86.99,BTC,2026-04-27 09:06:16+00:00,2026-04-27 09:00:00+00:00,1.0,0.365,True
2026-04-27 09:11:33,KXBTCD-26APR2706-T77999.99,0.175,trade,yes,False,-37.36,BTC,2026-04-27 09:11:33+00:00,2026-04-27 09:00:00+00:00,1.0,0.175,False
2026-04-27 17:00:04,KXBTCD-26APR2714-T76699.99,0.405,trade,no,False,-50.0,BTC,2026-04-27 17:00:04+00:00,2026-04-27 17:00:00+00:00,1.0,0.595,False
2026-04-27 17:05:31,KXBTCD-26APR2714-T76899.99,0.325,trade,no,True,20.93,BTC,2026-04-27 17:05:31+00:00,2026-04-27 17:00:00+00:00,1.0,0.675,True
2026-04-27 17:16:09,KXBTCD-26APR2714-T76799.99,0.325,trade,no,True,24.07,BTC,2026-04-27 17:16:09+00:00,2026-04-27 17:00:00+00:00,1.0,0.675,True
2026-04-27 17:25:41,KXBTCD-26APR2714-T76999.99,0.215,trade,no,True,5.49,BTC,2026-04-27 17:25:41+00:00,2026-04-27 17:00:00+00:00,1.0,0.785,True
2026-04-27 18:00:42,KXBTCD-26APR2715-T76599.99,0.64,trade,yes,True,24.42,BTC,2026-04-27 18:00:42+00:00,2026-04-27 18:00:00+00:00,1.0,0.64,True
2026-04-27 18:01:45,KXBTCD-26APR2715-T76999.99,0.2,trade,no,True,12.5,BTC,2026-04-27 18:01:45+00:00,2026-04-27 18:00:00+00:00,1.0,0.8,True
2026-04-27 18:07:06,KXBTCD-26APR2715-T76899.99,0.33,trade,no,True,24.63,BTC,2026-04-27 18:07:06+00:00,2026-04-27 18:00:00+00:00,1.0,0.6699999999999999,True
2026-04-27 18:09:14,KXBTCD-26APR2715-T76699.99,0.535,trade,yes,True,43.46,BTC,2026-04-27 18:09:14+00:00,2026-04-27 18:00:00+00:00,1.0,0.535,True
2026-04-27 18:12:25,KXBTCD-26APR2715-T76799.99,0.335,trade,no,False,-50.0,BTC,2026-04-27 18:12:25+00:00,2026-04-27 18:00:00+00:00,1.0,0.665,False
2026-04-27 19:00:10,KXBTCD-26APR2716-T76999.99,0.215,trade,no,True,11.88,BTC,2026-04-27 19:00:10+00:00,2026-04-27 19:00:00+00:00,1.0,0.785,True
2026-04-27 19:01:14,KXBTCD-26APR2717-T76999.99,0.365,trade,no,True,26.13,BTC,2026-04-27 19:01:14+00:00,2026-04-27 19:00:00+00:00,1.0,0.635,True
2026-04-27 19:02:19,KXBTCD-26APR2717-T76749.99,0.645,trade,yes,True,27.52,BTC,2026-04-27 19:02:19+00:00,2026-04-27 19:00:00+00:00,1.0,0.645,True
2026-04-27 19:03:21,KXBTCD-26APR2716-T76699.99,0.685,trade,yes,True,22.99,BTC,2026-04-27 19:03:21+00:00,2026-04-27 19:00:00+00:00,1.0,0.685,True
2026-04-27 19:05:28,KXBTCD-26APR2716-T76899.99,0.315,trade,no,True,22.99,BTC,2026-04-27 19:05:28+00:00,2026-04-27 19:00:00+00:00,1.0,0.685,True
2026-04-27 19:15:01,KXBTCD-26APR2716-T76799.99,0.645,trade,yes,True,27.52,BTC,2026-04-27 19:15:01+00:00,2026-04-27 19:00:00+00:00,1.0,0.645,True
2026-04-27 19:28:49,KXBTCD-26APR2716-T76599.99,0.725,trade,yes,True,8.49,BTC,2026-04-27 19:28:49+00:00,2026-04-27 19:00:00+00:00,1.0,0.725,True
2026-04-27 21:00:39,KXBTCD-26APR2718-T77099.99,0.21,trade,no,True,6.65,BTC,2026-04-27 21:00:39+00:00,2026-04-27 21:00:00+00:00,1.0,0.79,True
2026-04-27 21:07:02,KXBTCD-26APR2718-T76999.99,0.29,trade,no,True,10.21,BTC,2026-04-27 21:07:02+00:00,2026-04-27 21:00:00+00:00,1.0,0.71,True
2026-04-27 22:01:07,KXBTCD-26APR2719-T76899.99,0.32,trade,no,False,-25.0,BTC,2026-04-27 22:01:07+00:00,2026-04-27 22:00:00+00:00,1.0,0.6799999999999999,False
2026-04-27 22:06:25,KXBTCD-26APR2719-T76999.99,0.21,trade,no,False,-25.0,BTC,2026-04-27 22:06:25+00:00,2026-04-27 22:00:00+00:00,1.0,0.79,False
2026-04-27 22:31:53,KXBTCD-26APR2719-T77099.99,0.27,trade,no,True,4.23,BTC,2026-04-27 22:31:53+00:00,2026-04-27 22:00:00+00:00,1.0,0.73,True
2026-04-27 23:00:34,KXBTCD-26APR2720-T77199.99,0.21,trade,no,False,-25.0,BTC,2026-04-27 23:00:34+00:00,2026-04-27 23:00:00+00:00,1.0,0.79,False
2026-04-27 23:03:44,KXBTCD-26APR2720-T76999.99,0.67,trade,yes,True,12.31,BTC,2026-04-27 23:03:44+00:00,2026-04-27 23:00:00+00:00,1.0,0.67,True
2026-04-27 23:10:06,KXBTCD-26APR2720-T77099.99,0.35,trade,no,False,-25.0,BTC,2026-04-27 23:10:06+00:00,2026-04-27 23:00:00+00:00,1.0,0.65,False
2026-04-28 00:01:02,KXBTCD-26APR2721-T77499.99,0.2,trade,no,True,5.63,BTC,2026-04-28 00:01:02+00:00,2026-04-28 00:00:00+00:00,1.0,0.8,True
2026-04-28 00:06:21,KXBTCD-26APR2721-T77399.99,0.29,trade,no,True,10.21,BTC,2026-04-28 00:06:21+00:00,2026-04-28 00:00:00+00:00,1.0,0.71,True
2026-04-28 00:11:39,KXBTCD-26APR2721-T77599.99,0.19,trade,no,True,5.39,BTC,2026-04-28 00:11:39+00:00,2026-04-28 00:00:00+00:00,1.0,0.81,True
2026-04-28 00:51:58,KXBTCD-26APR2721-T77299.99,0.65,trade,yes,True,9.75,BTC,2026-04-28 00:51:58+00:00,2026-04-28 00:00:00+00:00,1.0,0.65,True
2026-04-28 01:02:35,KXBTCD-26APR2722-T77499.99,0.22,trade,no,True,7.05,BTC,2026-04-28 01:02:35+00:00,2026-04-28 01:00:00+00:00,1.0,0.78,True
2026-04-28 01:07:54,KXBTCD-26APR2722-T77299.99,0.7,trade,yes,False,-25.0,BTC,2026-04-28 01:07:54+00:00,2026-04-28 01:00:00+00:00,1.0,0.7,False
2026-04-28 01:18:32,KXBTCD-26APR2722-T77399.99,0.28,trade,no,True,9.72,BTC,2026-04-28 01:18:32+00:00,2026-04-28 01:00:00+00:00,1.0,0.72,True
2026-04-28 01:19:35,KXBTCD-26APR2722-T77199.99,0.72,trade,yes,False,-25.0,BTC,2026-04-28 01:19:35+00:00,2026-04-28 01:00:00+00:00,1.0,0.72,False
2026-04-28 02:07:16,KXBTCD-26APR2723-T77299.99,0.23,trade,no,True,7.47,BTC,2026-04-28 02:07:16+00:00,2026-04-28 02:00:00+00:00,1.0,0.77,True
2026-04-28 02:16:48,KXBTCD-26APR2723-T77199.99,0.31,trade,no,True,11.23,BTC,2026-04-28 02:16:48+00:00,2026-04-28 02:00:00+00:00,1.0,0.69,True
2026-04-28 02:41:11,KXBTCD-26APR2723-T76799.99,0.32,trade,no,False,-25.0,BTC,2026-04-28 02:41:11+00:00,2026-04-28 02:00:00+00:00,1.0,0.6799999999999999,False
2026-04-28 03:02:24,KXBTCD-26APR2800-T76999.99,0.22,trade,no,True,7.05,BTC,2026-04-28 03:02:24+00:00,2026-04-28 03:00:00+00:00,1.0,0.78,True
2026-04-28 03:15:13,KXBTCD-26APR2800-T76899.99,0.21,trade,no,True,6.65,BTC,2026-04-28 03:15:13+00:00,2026-04-28 03:00:00+00:00,1.0,0.79,True
2026-04-28 03:26:52,KXBTCD-26APR2800-T76799.99,0.28,trade,no,False,-25.0,BTC,2026-04-28 03:26:52+00:00,2026-04-28 03:00:00+00:00,1.0,0.72,False
2026-04-28 04:00:43,KXBTCD-26APR2801-T76899.99,0.3,trade,no,True,10.71,BTC,2026-04-28 04:00:43+00:00,2026-04-28 04:00:00+00:00,1.0,0.7,True
2026-04-28 04:14:30,KXBTCD-26APR2801-T76999.99,0.21,trade,no,True,6.61,BTC,2026-04-28 04:14:30+00:00,2026-04-28 04:00:00+00:00,1.0,0.79,True
2026-04-28 04:45:12,KXBTCD-26APR2801-T76799.99,0.74,trade,yes,True,8.78,BTC,2026-04-28 04:45:12+00:00,2026-04-28 04:00:00+00:00,1.0,0.74,True
2026-04-28 05:05:15,KXBTCD-26APR2802-T77099.99,0.2,trade,no,True,5.97,BTC,2026-04-28 05:05:15+00:00,2026-04-28 05:00:00+00:00,1.0,0.8,True
2026-04-28 05:38:07,KXBTCD-26APR2802-T76999.99,0.2,trade,no,True,6.25,BTC,2026-04-28 05:38:07+00:00,2026-04-28 05:00:00+00:00,1.0,0.8,True
2026-04-28 06:00:23,KXBTCD-26APR2803-T76999.99,0.33,trade,no,True,11.8,BTC,2026-04-28 06:00:23+00:00,2026-04-28 06:00:00+00:00,1.0,0.6699999999999999,True
2026-04-28 06:07:50,KXBTCD-26APR2803-T77099.99,0.33,trade,no,True,9.26,BTC,2026-04-28 06:07:50+00:00,2026-04-28 06:00:00+00:00,1.0,0.6699999999999999,True
2026-04-28 06:39:40,KXBTCD-26APR2803-T76899.99,0.2,trade,no,True,6.25,BTC,2026-04-28 06:39:40+00:00,2026-04-28 06:00:00+00:00,1.0,0.8,True
2026-04-28 06:47:06,KXBTCD-26APR2803-T76799.99,0.21,trade,no,True,6.65,BTC,2026-04-28 06:47:06+00:00,2026-04-28 06:00:00+00:00,1.0,0.79,True
2026-04-28 07:00:55,KXBTCD-26APR2804-T76799.99,0.33,trade,no,False,-25.0,BTC,2026-04-28 07:00:55+00:00,2026-04-28 07:00:00+00:00,1.0,0.6699999999999999,False
2026-04-28 07:10:27,KXBTCD-26APR2804-T76699.99,0.4,trade,no,False,-25.0,BTC,2026-04-28 07:10:27+00:00,2026-04-28 07:00:00+00:00,1.0,0.6,False
2026-04-28 07:20:02,KXBTCD-26APR2804-T76599.99,0.34,trade,no,False,-25.0,BTC,2026-04-28 07:20:02+00:00,2026-04-28 07:00:00+00:00,1.0,0.6599999999999999,False
2026-04-28 08:02:38,KXBTCD-26APR2805-T76999.99,0.21,trade,no,True,5.14,BTC,2026-04-28 08:02:38+00:00,2026-04-28 08:00:00+00:00,1.0,0.79,True
2026-04-28 08:07:59,KXBTCD-26APR2805-T76899.99,0.33,trade,no,True,12.31,BTC,2026-04-28 08:07:59+00:00,2026-04-28 08:00:00+00:00,1.0,0.6699999999999999,True
2026-04-28 09:04:19,KXBTCD-26APR2806-T76899.99,0.3,trade,no,True,10.71,BTC,2026-04-28 09:04:19+00:00,2026-04-28 09:00:00+00:00,1.0,0.7,True
2026-04-28 15:53:28,KXBTCD-26APR2812-T75999.99,0.66,trade,yes,True,12.88,BTC,2026-04-28 15:53:28+00:00,2026-04-28 15:00:00+00:00,1.0,0.66,True
2026-04-28 15:53:29,KXBTCD-26APR2812-T75999.99,0.66,trade,yes,True,12.88,BTC,2026-04-28 15:53:29+00:00,2026-04-28 15:00:00+00:00,1.0,0.66,True
2026-04-28 17:00:08,KXBTCD-26APR2814-T76299.99,0.19,trade,no,True,4.38,BTC,2026-04-28 17:00:08+00:00,2026-04-28 17:00:00+00:00,1.0,0.81,True
2026-04-28 17:06:32,KXBTCD-26APR2814-T76099.99,0.39,trade,no,False,-25.0,BTC,2026-04-28 17:06:32+00:00,2026-04-28 17:00:00+00:00,1.0,0.61,False
2026-04-28 17:11:50,KXBTCD-26APR2814-T76199.99,0.21,trade,no,True,6.65,BTC,2026-04-28 17:11:50+00:00,2026-04-28 17:00:00+00:00,1.0,0.79,True
2026-04-28 19:00:33,KXBTCD-26APR2816-T76299.99,0.27,trade,no,False,-25.0,BTC,2026-04-28 19:00:33+00:00,2026-04-28 19:00:00+00:00,1.0,0.73,False
2026-04-28 19:01:37,KXBTCD-26APR2817-T76499.99,0.23,trade,no,True,7.47,BTC,2026-04-28 19:01:37+00:00,2026-04-28 19:00:00+00:00,1.0,0.77,True
2026-04-28 19:06:56,KXBTCD-26APR2817-T76249.99,0.42,trade,no,False,-25.0,BTC,2026-04-28 19:06:56+00:00,2026-04-28 19:00:00+00:00,1.0,0.5800000000000001,False
2026-04-28 19:14:19,KXBTCD-26APR2816-T76199.99,0.3,trade,no,False,-25.0,BTC,2026-04-28 19:14:19+00:00,2026-04-28 19:00:00+00:00,1.0,0.7,False
2026-04-28 19:46:05,KXBTCD-26APR2816-T76399.99,0.19,trade,no,True,4.3,BTC,2026-04-28 19:46:05+00:00,2026-04-28 19:00:00+00:00,1.0,0.81,True
2026-04-28 21:00:21,KXBTCD-26APR2818-T76599.99,0.18,trade,no,True,5.49,BTC,2026-04-28 21:00:21+00:00,2026-04-28 21:00:00+00:00,1.0,0.8200000000000001,True
2026-04-28 21:09:52,KXBTCD-26APR2818-T76499.99,0.26,trade,no,True,8.78,BTC,2026-04-28 21:09:52+00:00,2026-04-28 21:00:00+00:00,1.0,0.74,True
2026-04-28 22:11:16,KXBTCD-26APR2819-T76499.99,0.21,trade,no,True,6.65,BTC,2026-04-28 22:11:16+00:00,2026-04-28 22:00:00+00:00,1.0,0.79,True
2026-04-28 22:20:52,KXBTCD-26APR2819-T76399.99,0.22,trade,no,True,7.05,BTC,2026-04-28 22:20:52+00:00,2026-04-28 22:00:00+00:00,1.0,0.78,True
2026-04-28 23:01:21,KXBTCD-26APR2820-T76299.99,0.22,trade,no,False,-25.0,BTC,2026-04-28 23:01:21+00:00,2026-04-28 23:00:00+00:00,1.0,0.78,False
2026-04-28 23:10:58,KXBTCD-26APR2820-T76399.99,0.18,trade,no,True,5.47,BTC,2026-04-28 23:10:58+00:00,2026-04-28 23:00:00+00:00,1.0,0.8200000000000001,True
2026-04-29 00:20:09,KXBTCD-26APR2821-T76399.99,0.31,trade,no,False,-25.0,BTC,2026-04-29 00:20:09+00:00,2026-04-29 00:00:00+00:00,1.0,0.69,False
2026-04-29 01:06:58,KXBTCD-26APR2822-T76599.99,0.23,trade,no,True,7.29,BTC,2026-04-29 01:06:58+00:00,2026-04-29 01:00:00+00:00,1.0,0.77,True
2026-04-29 01:12:17,KXBTCD-26APR2822-T76499.99,0.2,trade,no,False,-25.0,BTC,2026-04-29 01:12:17+00:00,2026-04-29 01:00:00+00:00,1.0,0.8,False
2026-04-29 01:18:40,KXBTCD-26APR2822-T76399.99,0.28,trade,no,False,-25.0,BTC,2026-04-29 01:18:40+00:00,2026-04-29 01:00:00+00:00,1.0,0.72,False
2026-04-29 01:31:29,KXBTCD-26APR2822-T76299.99,0.3,trade,no,False,-25.0,BTC,2026-04-29 01:31:29+00:00,2026-04-29 01:00:00+00:00,1.0,0.7,False
2026-04-29 02:05:35,KXBTCD-26APR2823-T76699.99,0.22,trade,no,True,1.93,BTC,2026-04-29 02:05:35+00:00,2026-04-29 02:00:00+00:00,1.0,0.78,True
2026-04-29 02:17:17,KXBTCD-26APR2823-T76599.99,0.22,trade,no,True,7.05,BTC,2026-04-29 02:17:17+00:00,2026-04-29 02:00:00+00:00,1.0,0.78,True
2026-04-29 02:26:52,KXBTCD-26APR2823-T76399.99,0.73,trade,yes,True,8.62,BTC,2026-04-29 02:26:52+00:00,2026-04-29 02:00:00+00:00,1.0,0.73,True
2026-04-29 02:31:10,KXBTCD-26APR2823-T76499.99,0.29,trade,no,True,10.21,BTC,2026-04-29 02:31:10+00:00,2026-04-29 02:00:00+00:00,1.0,0.71,True
2026-04-29 03:02:06,KXBTCD-26APR2900-T76699.99,0.18,trade,no,False,-16.19,BTC,2026-04-29 03:02:06+00:00,2026-04-29 03:00:00+00:00,1.0,0.8200000000000001,False
2026-04-29 03:34:04,KXBTCD-26APR2900-T76899.99,0.2,trade,no,False,-8.0,BTC,2026-04-29 03:34:04+00:00,2026-04-29 03:00:00+00:00,1.0,0.8,False
2026-04-29 04:00:44,KXBTCD-26APR2901-T77099.99,0.22,trade,no,False,-23.05,BTC,2026-04-29 04:00:44+00:00,2026-04-29 04:00:00+00:00,1.0,0.78,False
2026-04-29 04:13:31,KXBTCD-26APR2901-T76999.99,0.31,trade,no,False,-25.0,BTC,2026-04-29 04:13:31+00:00,2026-04-29 04:00:00+00:00,1.0,0.69,False
2026-04-29 04:32:39,KXBTCD-26APR2901-T77199.99,0.18,trade,no,False,-25.0,BTC,2026-04-29 04:32:39+00:00,2026-04-29 04:00:00+00:00,1.0,0.8200000000000001,False
2026-04-29 04:48:36,KXBTCD-26APR2901-T77399.99,0.22,trade,no,True,1.84,BTC,2026-04-29 04:48:36+00:00,2026-04-29 04:00:00+00:00,1.0,0.78,True
2026-04-29 05:02:25,KXBTCD-26APR2902-T77399.99,0.2,trade,no,True,6.25,BTC,2026-04-29 05:02:25+00:00,2026-04-29 05:00:00+00:00,1.0,0.8,True
2026-04-29 05:15:10,KXBTCD-26APR2902-T77299.99,0.32,trade,no,True,11.76,BTC,2026-04-29 05:15:10+00:00,2026-04-29 05:00:00+00:00,1.0,0.6799999999999999,True
2026-04-29 06:00:47,KXBTCD-26APR2903-T77399.99,0.22,trade,no,True,7.05,BTC,2026-04-29 06:00:47+00:00,2026-04-29 06:00:00+00:00,1.0,0.78,True
2026-04-29 06:13:39,KXBTCD-26APR2903-T77299.99,0.29,trade,no,True,8.17,BTC,2026-04-29 06:13:39+00:00,2026-04-29 06:00:00+00:00,1.0,0.71,True
2026-04-29 06:26:53,KXBTCD-26APR2903-T77199.99,0.22,trade,no,True,5.64,BTC,2026-04-29 06:26:53+00:00,2026-04-29 06:00:00+00:00,1.0,0.78,True
2026-04-29 14:17:25,KXBTCD-26APR2911-T76499.99,0.7,trade,yes,True,10.71,BTC,2026-04-29 14:17:25+00:00,2026-04-29 14:00:00+00:00,3.0,0.7,True
2026-04-29 14:26:58,KXBTCD-26APR2911-T76599.99,0.66,trade,yes,False,-25.0,BTC,2026-04-29 14:26:58+00:00,2026-04-29 14:00:00+00:00,3.0,0.66,False
2026-04-29 14:42:53,KXBTCD-26APR2911-T76699.99,0.34,trade,yes,False,-8.06,BTC,2026-04-29 14:42:53+00:00,2026-04-29 14:00:00+00:00,3.0,0.34,False
2026-04-29 15:00:57,KXBTCD-26APR2912-T76799.99,0.27,trade,yes,False,-21.53,BTC,2026-04-29 15:00:57+00:00,2026-04-29 15:00:00+00:00,3.0,0.27,False
2026-04-29 17:12:17,KXBTCD-26APR2914-T75999.99,0.37,trade,no,False,-21.55,BTC,2026-04-29 17:12:17+00:00,2026-04-29 17:00:00+00:00,3.0,0.63,False
2026-04-29 17:17:35,KXBTCD-26APR2914-T76099.99,0.23,trade,no,True,7.47,BTC,2026-04-29 17:17:35+00:00,2026-04-29 17:00:00+00:00,3.0,0.77,True
2026-04-29 17:27:05,KXBTCD-26APR2914-T75899.99,0.47,trade,yes,True,9.55,BTC,2026-04-29 17:27:05+00:00,2026-04-29 17:00:00+00:00,3.0,0.47,True
2026-04-29 18:00:51,KXBTCD-26APR2915-T75899.99,0.71,trade,yes,False,-25.0,BTC,2026-04-29 18:00:51+00:00,2026-04-29 18:00:00+00:00,3.0,0.71,False
2026-04-30 01:03:49,KXBTCD-26APR2922-T76399.99,0.21,trade,no,True,2.63,BTC,2026-04-30 01:03:49+00:00,2026-04-30 01:00:00+00:00,1.0,0.79,True
2026-04-30 01:09:08,KXBTCD-26APR2922-T76299.99,0.31,trade,no,True,11.23,BTC,2026-04-30 01:09:08+00:00,2026-04-30 01:00:00+00:00,1.0,0.69,True
2026-04-30 01:18:43,KXBTCD-26APR2922-T76099.99,0.73,trade,yes,True,9.25,BTC,2026-04-30 01:18:43+00:00,2026-04-30 01:00:00+00:00,1.0,0.73,True
2026-04-30 01:27:14,KXBTCD-26APR2922-T76199.99,0.71,trade,yes,True,10.21,BTC,2026-04-30 01:27:14+00:00,2026-04-30 01:00:00+00:00,1.0,0.71,True
2026-04-30 01:32:34,KXBTCD-26APR2922-T76499.99,0.2,trade,no,True,2.75,BTC,2026-04-30 01:32:34+00:00,2026-04-30 01:00:00+00:00,1.0,0.8,True
2026-04-30 02:00:21,KXBTCD-26APR2923-T76399.99,0.21,trade,no,True,6.65,BTC,2026-04-30 02:00:21+00:00,2026-04-30 02:00:00+00:00,1.0,0.79,True
2026-04-30 02:17:26,KXBTCD-26APR2923-T76199.99,0.73,trade,yes,False,-25.0,BTC,2026-04-30 02:17:26+00:00,2026-04-30 02:00:00+00:00,1.0,0.73,False
2026-04-30 02:20:38,KXBTCD-26APR2923-T76299.99,0.23,trade,no,True,7.13,BTC,2026-04-30 02:20:38+00:00,2026-04-30 02:00:00+00:00,1.0,0.77,True
2026-04-30 03:42:42,KXBTCD-26APR3000-T75999.99,0.22,trade,no,True,5.5,BTC,2026-04-30 03:42:42+00:00,2026-04-30 03:00:00+00:00,1.0,0.78,True
2026-04-30 03:47:00,KXBTCD-26APR3000-T75899.99,0.47,trade,yes,True,28.19,BTC,2026-04-30 03:47:00+00:00,2026-04-30 03:00:00+00:00,1.0,0.47,True
2026-04-30 04:01:53,KXBTCD-26APR3001-T76099.99,0.18,trade,no,True,5.49,BTC,2026-04-30 04:01:53+00:00,2026-04-30 04:00:00+00:00,1.0,0.8200000000000001,True
2026-04-30 04:07:12,KXBTCD-26APR3001-T75899.99,0.2,trade,no,True,6.25,BTC,2026-04-30 04:07:12+00:00,2026-04-30 04:00:00+00:00,1.0,0.8,True
2026-04-30 04:17:48,KXBTCD-26APR3001-T75799.99,0.34,trade,no,True,12.88,BTC,2026-04-30 04:17:48+00:00,2026-04-30 04:00:00+00:00,1.0,0.6599999999999999,True
2026-04-30 04:26:18,KXBTCD-26APR3001-T75699.99,0.47,trade,yes,False,-12.61,BTC,2026-04-30 04:26:18+00:00,2026-04-30 04:00:00+00:00,1.0,0.47,False
2026-04-30 04:31:37,KXBTCD-26APR3001-T75599.99,0.4,trade,yes,False,-9.96,BTC,2026-04-30 04:31:37+00:00,2026-04-30 04:00:00+00:00,1.0,0.4,False
2026-04-30 04:46:29,KXBTCD-26APR3001-T75499.99,0.4,trade,yes,False,-11.75,BTC,2026-04-30 04:46:29+00:00,2026-04-30 04:00:00+00:00,1.0,0.4,False
2026-04-30 09:01:32,KXBTCD-26APR3006-T76199.99,0.18,trade,no,True,5.49,BTC,2026-04-30 09:01:32+00:00,2026-04-30 09:00:00+00:00,1.0,0.8200000000000001,True
2026-04-30 09:04:42,KXBTCD-26APR3006-T75999.99,0.62,trade,yes,True,12.36,BTC,2026-04-30 09:04:42+00:00,2026-04-30 09:00:00+00:00,1.0,0.62,True
2026-04-30 09:11:05,KXBTCD-26APR3006-T76099.99,0.31,trade,no,False,-25.0,BTC,2026-04-30 09:11:05+00:00,2026-04-30 09:00:00+00:00,1.0,0.69,False
2026-04-30 10:01:00,KXBTCD-26APR3007-T75999.99,0.69,trade,yes,True,7.08,BTC,2026-04-30 10:01:00+00:00,2026-04-30 10:00:00+00:00,1.0,0.69,True
2026-04-30 10:02:04,KXBTCD-26APR3007-T76199.99,0.29,trade,no,True,10.21,BTC,2026-04-30 10:02:04+00:00,2026-04-30 10:00:00+00:00,1.0,0.71,True
2026-04-30 10:06:19,KXBTCD-26APR3007-T76099.99,0.48,trade,yes,False,-23.32,BTC,2026-04-30 10:06:19+00:00,2026-04-30 10:00:00+00:00,1.0,0.48,False
2026-04-30 10:29:41,KXBTCD-26APR3007-T75899.99,0.72,trade,yes,True,9.72,BTC,2026-04-30 10:29:41+00:00,2026-04-30 10:00:00+00:00,1.0,0.72,True
2026-04-30 11:00:30,KXBTCD-26APR3008-T75999.99,0.56,trade,yes,True,19.64,BTC,2026-04-30 11:00:30+00:00,2026-04-30 11:00:00+00:00,1.0,0.56,True
2026-04-30 11:05:50,KXBTCD-26APR3008-T76099.99,0.44,trade,yes,False,-25.0,BTC,2026-04-30 11:05:50+00:00,2026-04-30 11:00:00+00:00,1.0,0.44,False
2026-04-30 11:10:05,KXBTCD-26APR3008-T76299.99,0.21,trade,no,True,4.46,BTC,2026-04-30 11:10:05+00:00,2026-04-30 11:00:00+00:00,1.0,0.79,True
2026-04-30 11:19:38,KXBTCD-26APR3008-T76199.99,0.35,trade,no,True,13.46,BTC,2026-04-30 11:19:38+00:00,2026-04-30 11:00:00+00:00,1.0,0.65,True
2026-04-30 11:41:56,KXBTCD-26APR3008-T75899.99,0.63,trade,yes,True,11.55,BTC,2026-04-30 11:41:56+00:00,2026-04-30 11:00:00+00:00,1.0,0.63,True
2026-04-30 14:00:26,KXBTCD-26APR3011-T76699.99,0.2,trade,no,True,3.25,BTC,2026-04-30 14:00:26+00:00,2026-04-30 14:00:00+00:00,1.0,0.8,True
2026-04-30 14:05:45,KXBTCD-26APR3011-T76599.99,0.41,trade,no,True,9.39,BTC,2026-04-30 14:05:45+00:00,2026-04-30 14:00:00+00:00,1.0,0.5900000000000001,True
2026-04-30 14:12:08,KXBTCD-26APR3011-T76499.99,0.33,trade,no,True,12.31,BTC,2026-04-30 14:12:08+00:00,2026-04-30 14:00:00+00:00,1.0,0.6699999999999999,True
2026-04-30 14:44:04,KXBTCD-26APR3011-T76199.99,0.7,trade,yes,True,10.71,BTC,2026-04-30 14:44:04+00:00,2026-04-30 14:00:00+00:00,1.0,0.7,True
2026-04-30 15:01:06,KXBTCD-26APR3012-T76199.99,0.68,trade,yes,True,8.26,BTC,2026-04-30 15:01:06+00:00,2026-04-30 15:00:00+00:00,1.0,0.68,True
2026-04-30 15:02:13,KXBTCD-26APR3012-T76599.99,0.2,trade,no,True,6.25,BTC,2026-04-30 15:02:13+00:00,2026-04-30 15:00:00+00:00,1.0,0.8,True
2026-04-30 15:08:36,KXBTCD-26APR3012-T76299.99,0.53,trade,yes,True,22.17,BTC,2026-04-30 15:08:36+00:00,2026-04-30 15:00:00+00:00,1.0,0.53,True
2026-04-30 15:11:47,KXBTCD-26APR3012-T76499.99,0.31,trade,no,True,3.04,BTC,2026-04-30 15:11:47+00:00,2026-04-30 15:00:00+00:00,1.0,0.69,True
2026-04-30 15:29:56,KXBTCD-26APR3012-T76399.99,0.68,trade,yes,True,11.76,BTC,2026-04-30 15:29:56+00:00,2026-04-30 15:00:00+00:00,1.0,0.68,True
2026-04-30 16:37:58,KXBTCD-26APR3013-T76299.99,0.68,trade,yes,False,-30.0,BTC,2026-04-30 16:37:58+00:00,2026-04-30 16:00:00+00:00,3.0,0.68,False
2026-04-30 17:06:18,KXBTCD-26APR3014-T76099.99,0.7,trade,yes,True,12.86,BTC,2026-04-30 17:06:18+00:00,2026-04-30 17:00:00+00:00,3.0,0.7,True
2026-04-30 17:30:31,KXBTCD-26APR3014-T76199.99,0.45,trade,yes,True,36.67,BTC,2026-04-30 17:30:31+00:00,2026-04-30 17:00:00+00:00,3.0,0.45,True
2026-04-30 18:31:24,KXBTCD-26APR3015-T76199.99,0.72,trade,yes,True,7.03,BTC,2026-04-30 18:31:24+00:00,2026-04-30 18:00:00+00:00,3.0,0.72,True
2026-04-30 18:48:13,KXBTCD-26APR3015-T76299.99,0.7,trade,yes,True,12.86,BTC,2026-04-30 18:48:13+00:00,2026-04-30 18:00:00+00:00,3.0,0.7,True
2026-04-30 19:01:55,KXBTCD-26APR3017-T76249.99,0.63,trade,yes,True,17.62,BTC,2026-04-30 19:01:55+00:00,2026-04-30 19:00:00+00:00,3.0,0.63,True
2026-04-30 19:04:02,KXBTCD-26APR3016-T76199.99,0.72,trade,yes,True,11.56,BTC,2026-04-30 19:04:02+00:00,2026-04-30 19:00:00+00:00,3.0,0.72,True
2026-04-30 19:09:19,KXBTCD-26APR3016-T76299.99,0.66,trade,yes,True,15.45,BTC,2026-04-30 19:09:19+00:00,2026-04-30 19:00:00+00:00,3.0,0.66,True
2026-04-30 19:12:32,KXBTCD-26APR3016-T76599.99,0.21,trade,no,True,5.33,BTC,2026-04-30 19:12:32+00:00,2026-04-30 19:00:00+00:00,3.0,0.79,True
2026-04-30 19:15:41,KXBTCD-26APR3016-T76499.99,0.33,trade,yes,False,-30.0,BTC,2026-04-30 19:15:41+00:00,2026-04-30 19:00:00+00:00,3.0,0.33,False
2026-04-30 19:17:48,KXBTCD-26APR3017-T76499.99,0.43,trade,yes,False,-30.0,BTC,2026-04-30 19:17:48+00:00,2026-04-30 19:00:00+00:00,3.0,0.43,False
2026-04-30 19:22:02,KXBTCD-26APR3016-T76399.99,0.54,trade,yes,True,25.56,BTC,2026-04-30 19:22:02+00:00,2026-04-30 19:00:00+00:00,3.0,0.54,True
2026-04-30 19:36:52,KXBTCD-26APR3017-T76749.99,0.18,trade,no,True,6.59,BTC,2026-04-30 19:36:52+00:00,2026-04-30 19:00:00+00:00,3.0,0.8200000000000001,True
2026-04-30 21:21:28,KXBTCD-26APR3018-T76299.99,0.73,trade,yes,False,-23.87,BTC,2026-04-30 21:21:28+00:00,2026-04-30 21:00:00+00:00,3.0,0.73,False
2026-04-30 21:38:30,KXBTCD-26APR3018-T76399.99,0.56,trade,yes,False,-30.0,BTC,2026-04-30 21:38:30+00:00,2026-04-30 21:00:00+00:00,3.0,0.56,False
2026-04-30 21:54:49,KXBTCD-26APR3018-T76199.99,0.73,trade,yes,True,10.27,BTC,2026-04-30 21:54:49+00:00,2026-04-30 21:00:00+00:00,3.0,0.73,True
2026-04-30 22:17:39,KXBTCD-26APR3019-T76299.99,0.72,trade,yes,False,-30.0,BTC,2026-04-30 22:17:39+00:00,2026-04-30 22:00:00+00:00,3.0,0.72,False
2026-04-30 23:00:05,KXBTCD-26APR3020-T76199.99,0.5,trade,yes,True,26.25,BTC,2026-04-30 23:00:05+00:00,2026-04-30 23:00:00+00:00,3.0,0.5,True
2026-04-30 23:11:47,KXBTCD-26APR3020-T76299.99,0.33,trade,yes,False,-29.26,BTC,2026-04-30 23:11:47+00:00,2026-04-30 23:00:00+00:00,3.0,0.33,False
2026-05-01 00:00:42,KXBTCD-26APR3021-T76299.99,0.59,trade,yes,True,20.85,BTC,2026-05-01 00:00:42+00:00,2026-05-01 00:00:00+00:00,3.0,0.59,True
2026-05-01 00:06:02,KXBTCD-26APR3021-T76399.99,0.56,trade,yes,False,-30.0,BTC,2026-05-01 00:06:02+00:00,2026-05-01 00:00:00+00:00,3.0,0.56,False
2026-05-01 00:11:21,KXBTCD-26APR3021-T76499.99,0.39,trade,yes,False,-30.0,BTC,2026-05-01 00:11:21+00:00,2026-05-01 00:00:00+00:00,3.0,0.39,False
2026-05-01 00:19:52,KXBTCD-26APR3021-T76599.99,0.2,trade,no,True,6.34,BTC,2026-05-01 00:19:52+00:00,2026-05-01 00:00:00+00:00,3.0,0.8,True
2026-05-01 01:00:20,KXBTCD-26APR3022-T76399.99,0.58,trade,yes,True,21.72,BTC,2026-05-01 01:00:20+00:00,2026-05-01 01:00:00+00:00,3.0,0.58,True
2026-05-01 01:06:46,KXBTCD-26APR3022-T76599.99,0.23,trade,no,False,-30.0,BTC,2026-05-01 01:06:46+00:00,2026-05-01 01:00:00+00:00,3.0,0.77,False
2026-05-01 01:07:50,KXBTCD-26APR3022-T76499.99,0.52,trade,yes,True,27.69,BTC,2026-05-01 01:07:50+00:00,2026-05-01 01:00:00+00:00,3.0,0.52,True
2026-05-01 01:16:21,KXBTCD-26APR3022-T76699.99,0.21,trade,no,True,7.95,BTC,2026-05-01 01:16:21+00:00,2026-05-01 01:00:00+00:00,3.0,0.79,True
2026-05-01 02:01:02,KXBTCD-26APR3023-T76699.99,0.42,trade,yes,False,-30.0,BTC,2026-05-01 02:01:02+00:00,2026-05-01 02:00:00+00:00,0.0,0.42,False
2026-05-01 02:09:33,KXBTCD-26APR3023-T76599.99,0.72,trade,yes,False,-30.0,BTC,2026-05-01 02:09:33+00:00,2026-05-01 02:00:00+00:00,0.0,0.72,False
2026-05-01 02:11:41,KXBTCD-26APR3023-T76799.99,0.2,trade,no,True,7.5,BTC,2026-05-01 02:11:41+00:00,2026-05-01 02:00:00+00:00,0.0,0.8,True
2026-05-01 03:11:16,KXBTCD-26MAY0100-T76599.99,0.69,trade,yes,True,13.48,BTC,2026-05-01 03:11:16+00:00,2026-05-01 03:00:00+00:00,0.0,0.69,True
2026-05-01 03:16:34,KXBTCD-26MAY0100-T76799.99,0.22,trade,no,False,-19.16,BTC,2026-05-01 03:16:34+00:00,2026-05-01 03:00:00+00:00,0.0,0.78,False
2026-05-01 04:01:18,KXBTCD-26MAY0101-T77299.99,0.2,trade,no,True,7.5,BTC,2026-05-01 04:01:18+00:00,2026-05-01 04:00:00+00:00,0.0,0.8,True
2026-05-01 04:02:23,KXBTCD-26MAY0101-T77099.99,0.52,trade,yes,False,-30.0,BTC,2026-05-01 04:02:23+00:00,2026-05-01 04:00:00+00:00,0.0,0.52,False
2026-05-01 04:11:57,KXBTCD-26MAY0101-T77199.99,0.3,trade,yes,False,-30.0,BTC,2026-05-01 04:11:57+00:00,2026-05-01 04:00:00+00:00,0.0,0.3,False
2026-05-01 04:21:31,KXBTCD-26MAY0101-T76999.99,0.73,trade,yes,True,11.1,BTC,2026-05-01 04:21:31+00:00,2026-05-01 04:00:00+00:00,0.0,0.73,True
2026-05-01 05:06:21,KXBTCD-26MAY0102-T77199.99,0.34,trade,yes,False,-30.0,BTC,2026-05-01 05:06:21+00:00,2026-05-01 05:00:00+00:00,0.0,0.34,False
2026-05-01 05:12:44,KXBTCD-26MAY0102-T77099.99,0.58,trade,yes,True,21.72,BTC,2026-05-01 05:12:44+00:00,2026-05-01 05:00:00+00:00,0.0,0.58,True
2026-05-01 05:18:04,KXBTCD-26MAY0102-T76999.99,0.69,trade,yes,True,13.48,BTC,2026-05-01 05:18:04+00:00,2026-05-01 05:00:00+00:00,0.0,0.69,True
2026-05-01 06:11:58,KXBTCD-26MAY0103-T77199.99,0.22,trade,no,True,8.46,BTC,2026-05-01 06:11:58+00:00,2026-05-01 06:00:00+00:00,0.0,0.78,True
2026-05-01 06:24:45,KXBTCD-26MAY0103-T77099.99,0.57,trade,yes,False,-30.0,BTC,2026-05-01 06:24:45+00:00,2026-05-01 06:00:00+00:00,0.0,0.57,False
2026-05-01 06:51:16,KXBTCD-26MAY0103-T76899.99,0.46,trade,yes,True,15.43,BTC,2026-05-01 06:51:16+00:00,2026-05-01 06:00:00+00:00,0.0,0.46,True
2026-05-01 07:17:51,KXBTCD-26MAY0104-T77099.99,0.34,trade,no,False,-30.0,BTC,2026-05-01 07:17:51+00:00,2026-05-01 07:00:00+00:00,0.0,0.6599999999999999,False
2026-05-01 08:01:23,KXBTCD-26MAY0105-T76999.99,0.71,trade,yes,True,12.25,BTC,2026-05-01 08:01:23+00:00,2026-05-01 08:00:00+00:00,0.0,0.71,True
2026-05-01 08:05:38,KXBTCD-26MAY0105-T77199.99,0.23,trade,no,False,-30.0,BTC,2026-05-01 08:05:38+00:00,2026-05-01 08:00:00+00:00,0.0,0.77,False
2026-05-01 08:16:14,KXBTCD-26MAY0105-T77499.99,0.21,trade,no,True,2.08,BTC,2026-05-01 08:16:14+00:00,2026-05-01 08:00:00+00:00,0.0,0.79,True
2026-05-01 09:00:45,KXBTCD-26MAY0106-T77299.99,0.7,trade,yes,False,-30.0,BTC,2026-05-01 09:00:45+00:00,2026-05-01 09:00:00+00:00,0.0,0.7,False
2026-05-01 09:25:08,KXBTCD-26MAY0106-T77399.99,0.38,trade,yes,False,-30.0,BTC,2026-05-01 09:25:08+00:00,2026-05-01 09:00:00+00:00,0.0,0.38,False
2026-05-01 10:13:02,KXBTCD-26MAY0107-T77099.99,0.68,trade,yes,True,14.12,BTC,2026-05-01 10:13:02+00:00,2026-05-01 10:00:00+00:00,0.0,0.68,True
2026-05-01 10:20:27,KXBTCD-26MAY0107-T77299.99,0.48,trade,yes,False,-30.0,BTC,2026-05-01 10:20:27+00:00,2026-05-01 10:00:00+00:00,0.0,0.48,False
2026-05-01 10:31:02,KXBTCD-26MAY0107-T77399.99,0.29,trade,yes,False,-30.0,BTC,2026-05-01 10:31:02+00:00,2026-05-01 10:00:00+00:00,0.0,0.29,False
2026-05-01 11:02:02,KXBTCD-26MAY0108-T77299.99,0.52,trade,yes,True,27.69,BTC,2026-05-01 11:02:02+00:00,2026-05-01 11:00:00+00:00,0.0,0.52,True
2026-05-01 11:07:22,KXBTCD-26MAY0108-T77199.99,0.66,trade,yes,True,15.45,BTC,2026-05-01 11:07:22+00:00,2026-05-01 11:00:00+00:00,0.0,0.66,True
2026-05-01 11:16:56,KXBTCD-26MAY0108-T77399.99,0.35,trade,yes,True,55.71,BTC,2026-05-01 11:16:56+00:00,2026-05-01 11:00:00+00:00,0.0,0.35,True
2026-05-01 12:00:29,KXBTCD-26MAY0109-T77399.99,0.61,trade,yes,True,19.18,BTC,2026-05-01 12:00:29+00:00,2026-05-01 12:00:00+00:00,0.0,0.61,True
2026-05-01 12:06:55,KXBTCD-26MAY0109-T77499.99,0.33,trade,yes,True,60.91,BTC,2026-05-01 12:06:55+00:00,2026-05-01 12:00:00+00:00,0.0,0.33,True
2026-05-01 12:12:12,KXBTCD-26MAY0109-T77299.99,0.73,trade,yes,True,11.1,BTC,2026-05-01 12:12:12+00:00,2026-05-01 12:00:00+00:00,0.0,0.73,True
2026-05-01 12:20:41,KXBTCD-26MAY0109-T77799.99,0.26,trade,no,False,-12.05,BTC,2026-05-01 12:20:41+00:00,2026-05-01 12:00:00+00:00,0.0,0.74,False
2026-05-01 12:25:59,KXBTCD-26MAY0109-T77899.99,0.21,trade,no,False,-15.13,BTC,2026-05-01 12:25:59+00:00,2026-05-01 12:00:00+00:00,0.0,0.79,False
2026-05-01 12:32:21,KXBTCD-26MAY0109-T77999.99,0.21,trade,no,True,4.08,BTC,2026-05-01 12:32:21+00:00,2026-05-01 12:00:00+00:00,0.0,0.79,True
2026-05-01 13:01:02,KXBTCD-26MAY0110-T78199.99,0.32,trade,no,False,-25.53,BTC,2026-05-01 13:01:02+00:00,2026-05-01 13:00:00+00:00,2.0,0.6799999999999999,False
2026-05-01 13:06:25,KXBTCD-26MAY0110-T78299.99,0.35,trade,no,False,-25.1,BTC,2026-05-01 13:06:25+00:00,2026-05-01 13:00:00+00:00,2.0,0.65,False
2026-05-01 13:12:48,KXBTCD-26MAY0110-T78499.99,0.33,trade,no,False,-12.93,BTC,2026-05-01 13:12:48+00:00,2026-05-01 13:00:00+00:00,2.0,0.6699999999999999,False
2026-05-01 13:19:10,KXBTCD-26MAY0110-T78399.99,0.34,trade,no,False,-23.99,BTC,2026-05-01 13:19:10+00:00,2026-05-01 13:00:00+00:00,2.0,0.6599999999999999,False
2026-05-01 13:28:43,KXBTCD-26MAY0110-T78599.99,0.2,trade,no,False,-13.93,BTC,2026-05-01 13:28:43+00:00,2026-05-01 13:00:00+00:00,2.0,0.8,False
2026-05-01 14:03:51,KXBTCD-26MAY0111-T78899.99,0.33,trade,no,True,13.09,BTC,2026-05-01 14:03:51+00:00,2026-05-01 14:00:00+00:00,2.0,0.6699999999999999,True
2026-05-01 14:17:39,KXBTCD-26MAY0111-T78799.99,0.34,trade,no,True,7.58,BTC,2026-05-01 14:17:39+00:00,2026-05-01 14:00:00+00:00,2.0,0.6599999999999999,True
2026-05-01 14:28:16,KXBTCD-26MAY0111-T78199.99,0.61,trade,yes,True,5.41,BTC,2026-05-01 14:28:16+00:00,2026-05-01 14:00:00+00:00,2.0,0.61,True
2026-05-01 14:33:40,KXBTCD-26MAY0111-T78399.99,0.33,trade,yes,False,-9.15,BTC,2026-05-01 14:33:40+00:00,2026-05-01 14:00:00+00:00,2.0,0.33,False
2026-05-01 14:40:01,KXBTCD-26MAY0111-T78299.99,0.38,trade,yes,True,16.12,BTC,2026-05-01 14:40:01+00:00,2026-05-01 14:00:00+00:00,2.0,0.38,True
2026-05-01 15:00:12,KXBTCD-26MAY0112-T78499.99,0.31,trade,yes,False,-30.0,BTC,2026-05-01 15:00:12+00:00,2026-05-01 15:00:00+00:00,2.0,0.31,False
2026-05-01 15:05:31,KXBTCD-26MAY0112-T78199.99,0.59,trade,yes,True,20.85,BTC,2026-05-01 15:05:31+00:00,2026-05-01 15:00:00+00:00,2.0,0.59,True
2026-05-01 15:10:52,KXBTCD-26MAY0112-T78399.99,0.37,trade,yes,True,51.08,BTC,2026-05-01 15:10:52+00:00,2026-05-01 15:00:00+00:00,2.0,0.37,True
2026-05-01 16:08:41,KXBTCD-26MAY0113-T78399.99,0.72,trade,yes,False,-30.0,BTC,2026-05-01 16:08:41+00:00,2026-05-01 16:00:00+00:00,2.0,0.72,False
2026-05-01 16:13:58,KXBTCD-26MAY0113-T78299.99,0.65,trade,yes,False,-24.63,BTC,2026-05-01 16:13:58+00:00,2026-05-01 16:00:00+00:00,2.0,0.65,False
2026-05-01 16:19:15,KXBTCD-26MAY0113-T78199.99,0.74,trade,yes,True,5.62,BTC,2026-05-01 16:19:15+00:00,2026-05-01 16:00:00+00:00,2.0,0.74,True
2026-05-01 16:25:35,KXBTCD-26MAY0113-T78099.99,0.66,trade,yes,True,11.4,BTC,2026-05-01 16:25:35+00:00,2026-05-01 16:00:00+00:00,2.0,0.66,True
2026-05-01 17:00:58,KXBTCD-26MAY0114-T78199.99,0.62,trade,yes,True,18.39,BTC,2026-05-01 17:00:58+00:00,2026-05-01 17:00:00+00:00,2.0,0.62,True
2026-05-01 17:14:50,KXBTCD-26MAY0114-T78399.99,0.34,trade,yes,True,58.24,BTC,2026-05-01 17:14:50+00:00,2026-05-01 17:00:00+00:00,2.0,0.34,True
2026-05-01 17:36:10,KXBTCD-26MAY0114-T78299.99,0.37,trade,yes,True,51.08,BTC,2026-05-01 17:36:10+00:00,2026-05-01 17:00:00+00:00,2.0,0.37,True
2026-05-01 17:41:27,KXBTCD-26MAY0114-T78499.99,0.5,trade,yes,True,30.0,BTC,2026-05-01 17:41:27+00:00,2026-05-01 17:00:00+00:00,2.0,0.5,True
2026-05-01 18:01:30,KXBTCD-26MAY0115-T78399.99,0.67,trade,yes,True,14.78,BTC,2026-05-01 18:01:30+00:00,2026-05-01 18:00:00+00:00,2.0,0.67,True
2026-05-01 18:08:53,KXBTCD-26MAY0115-T78499.99,0.55,trade,yes,False,-30.0,BTC,2026-05-01 18:08:53+00:00,2026-05-01 18:00:00+00:00,2.0,0.55,False
2026-05-01 18:34:11,KXBTCD-26MAY0115-T78599.99,0.35,trade,yes,False,-30.0,BTC,2026-05-01 18:34:11+00:00,2026-05-01 18:00:00+00:00,2.0,0.35,False
2026-05-01 19:00:31,KXBTCD-26MAY0116-T78499.99,0.37,trade,yes,False,-30.0,BTC,2026-05-01 19:00:31+00:00,2026-05-01 19:00:00+00:00,2.0,0.37,False
2026-05-01 19:05:48,KXBTCD-26MAY0117-T78499.99,0.53,trade,yes,False,-30.0,BTC,2026-05-01 19:05:48+00:00,2026-05-01 19:00:00+00:00,2.0,0.53,False
2026-05-01 19:06:51,KXBTCD-26MAY0116-T78599.99,0.37,trade,yes,False,-30.0,BTC,2026-05-01 19:06:51+00:00,2026-05-01 19:00:00+00:00,2.0,0.37,False
2026-05-01 19:12:07,KXBTCD-26MAY0116-T78399.99,0.67,trade,yes,True,14.78,BTC,2026-05-01 19:12:07+00:00,2026-05-01 19:00:00+00:00,2.0,0.67,True
2026-05-01 19:18:25,KXBTCD-26MAY0116-T78299.99,0.73,trade,yes,True,11.1,BTC,2026-05-01 19:18:25+00:00,2026-05-01 19:00:00+00:00,2.0,0.73,True
2026-05-01 20:00:35,KXBTCD-26MAY0117-T78499.99,0.31,trade,yes,False,-30.0,BTC,2026-05-01 20:00:35+00:00,2026-05-01 20:00:00+00:00,2.0,0.31,False
2026-05-01 20:41:32,KXBTCD-26MAY0117-T77999.99,0.33,trade,yes,False,-8.25,BTC,2026-05-01 20:41:32+00:00,2026-05-01 20:00:00+00:00,2.0,0.33,False
2026-05-01 21:02:32,KXBTCD-26MAY0118-T78099.99,0.29,trade,yes,True,55.8,BTC,2026-05-01 21:02:32+00:00,2026-05-01 21:00:00+00:00,2.0,0.29,True
2026-05-01 21:07:48,KXBTCD-26MAY0118-T77999.99,0.37,trade,yes,True,42.18,BTC,2026-05-01 21:07:48+00:00,2026-05-01 21:00:00+00:00,2.0,0.37,True
2026-05-01 21:13:03,KXBTCD-26MAY0118-T77899.99,0.64,trade,yes,True,16.88,BTC,2026-05-01 21:13:03+00:00,2026-05-01 21:00:00+00:00,2.0,0.64,True
2026-05-01 21:31:59,KXBTCD-26MAY0118-T78199.99,0.24,trade,yes,False,-30.0,BTC,2026-05-01 21:31:59+00:00,2026-05-01 21:00:00+00:00,2.0,0.24,False
2026-05-01 22:00:22,KXBTCD-26MAY0119-T78299.99,0.3,trade,yes,False,-30.0,BTC,2026-05-01 22:00:22+00:00,2026-05-01 22:00:00+00:00,2.0,0.3,False
2026-05-01 22:05:38,KXBTCD-26MAY0119-T78199.99,0.61,trade,yes,False,-30.0,BTC,2026-05-01 22:05:38+00:00,2026-05-01 22:00:00+00:00,2.0,0.61,False
2026-05-01 22:10:53,KXBTCD-26MAY0119-T78399.99,0.22,trade,yes,False,-24.08,BTC,2026-05-01 22:10:53+00:00,2026-05-01 22:00:00+00:00,2.0,0.22,False
2026-05-01 22:21:25,KXBTCD-26MAY0119-T78499.99,0.2,trade,yes,False,-30.0,BTC,2026-05-01 22:21:25+00:00,2026-05-01 22:00:00+00:00,2.0,0.2,False
2026-05-01 23:00:17,KXBTCD-26MAY0120-T78099.99,0.63,trade,yes,True,15.36,BTC,2026-05-01 23:00:17+00:00,2026-05-01 23:00:00+00:00,2.0,0.63,True
2026-05-01 23:05:34,KXBTCD-26MAY0120-T78199.99,0.35,trade,yes,True,48.95,BTC,2026-05-01 23:05:34+00:00,2026-05-01 23:00:00+00:00,2.0,0.35,True
2026-05-01 23:20:18,KXBTCD-26MAY0120-T77999.99,0.73,trade,yes,True,11.1,BTC,2026-05-01 23:20:18+00:00,2026-05-01 23:00:00+00:00,2.0,0.73,True
2026-05-02 00:40:54,KXBTCD-26MAY0121-T78299.99,0.42,trade,yes,True,41.43,BTC,2026-05-02 00:40:54+00:00,2026-05-02 00:00:00+00:00,2.0,0.42,True
2026-05-02 00:52:18,KXBTCD-26MAY0121-T78399.99,0.37,trade,yes,False,-30.0,BTC,2026-05-02 00:52:18+00:00,2026-05-02 00:00:00+00:00,2.0,0.37,False
2026-05-02 01:00:47,KXBTCD-26MAY0122-T78299.99,0.53,trade,yes,True,26.6,BTC,2026-05-02 01:00:47+00:00,2026-05-02 01:00:00+00:00,2.0,0.53,True
2026-05-02 01:25:02,KXBTCD-26MAY0122-T78399.99,0.26,trade,yes,False,-24.96,BTC,2026-05-02 01:25:02+00:00,2026-05-02 01:00:00+00:00,2.0,0.26,False
2026-05-02 02:00:31,KXBTCD-26MAY0123-T78399.99,0.31,trade,yes,False,-30.0,BTC,2026-05-02 02:00:31+00:00,2026-05-02 02:00:00+00:00,2.0,0.31,False
2026-05-02 02:05:49,KXBTCD-26MAY0123-T78299.99,0.67,trade,yes,True,14.78,BTC,2026-05-02 02:05:49+00:00,2026-05-02 02:00:00+00:00,2.0,0.67,True
2026-05-02 02:52:29,KXBTCD-26MAY0123-T78499.99,0.21,trade,yes,False,-25.88,BTC,2026-05-02 02:52:29+00:00,2026-05-02 02:00:00+00:00,2.0,0.21,False
2026-05-02 03:00:58,KXBTCD-26MAY0200-T78399.99,0.47,trade,yes,True,20.92,BTC,2026-05-02 03:00:58+00:00,2026-05-02 03:00:00+00:00,2.0,0.47,True
2026-05-02 03:08:25,KXBTCD-26MAY0200-T78299.99,0.51,trade,yes,True,25.1,BTC,2026-05-02 03:08:25+00:00,2026-05-02 03:00:00+00:00,2.0,0.51,True
2026-05-02 03:15:51,KXBTCD-26MAY0200-T78199.99,0.7,trade,yes,True,11.78,BTC,2026-05-02 03:15:51+00:00,2026-05-02 03:00:00+00:00,2.0,0.7,True
2026-05-02 03:21:10,KXBTCD-26MAY0200-T78499.99,0.05,trade,yes,False,-26.82,BTC,2026-05-02 03:21:10+00:00,2026-05-02 03:00:00+00:00,2.0,0.05,False
2026-05-02 03:38:09,KXBTCD-26MAY0200-T78599.99,0.09,trade,yes,False,-24.82,BTC,2026-05-02 03:38:09+00:00,2026-05-02 03:00:00+00:00,2.0,0.09,False
2026-05-02 04:00:25,KXBTCD-26MAY0201-T78499.99,0.29,trade,yes,False,-30.0,BTC,2026-05-02 04:00:25+00:00,2026-05-02 04:00:00+00:00,2.0,0.29,False
2026-05-02 04:07:53,KXBTCD-26MAY0201-T78299.99,0.45,trade,yes,False,-24.77,BTC,2026-05-02 04:07:53+00:00,2026-05-02 04:00:00+00:00,2.0,0.45,False
2026-05-02 04:13:10,KXBTCD-26MAY0201-T78399.99,0.21,trade,yes,False,-26.97,BTC,2026-05-02 04:13:10+00:00,2026-05-02 04:00:00+00:00,2.0,0.21,False
2026-05-02 04:23:46,KXBTCD-26MAY0201-T78199.99,0.74,trade,yes,False,-30.0,BTC,2026-05-02 04:23:46+00:00,2026-05-02 04:00:00+00:00,2.0,0.74,False
2026-05-02 05:09:22,KXBTCD-26MAY0202-T78199.99,0.48,trade,yes,True,32.5,BTC,2026-05-02 05:09:22+00:00,2026-05-02 05:00:00+00:00,2.0,0.48,True
2026-05-02 05:19:59,KXBTCD-26MAY0202-T77999.99,0.72,trade,yes,True,11.67,BTC,2026-05-02 05:19:59+00:00,2026-05-02 05:00:00+00:00,2.0,0.72,True
2026-05-02 05:31:38,KXBTCD-26MAY0202-T78299.99,0.08,trade,yes,False,-19.9,BTC,2026-05-02 05:31:38+00:00,2026-05-02 05:00:00+00:00,2.0,0.08,False
2026-05-02 05:36:56,KXBTCD-26MAY0202-T78099.99,0.74,trade,yes,True,10.54,BTC,2026-05-02 05:36:56+00:00,2026-05-02 05:00:00+00:00,2.0,0.74,True
2026-05-02 06:00:15,KXBTCD-26MAY0203-T78299.99,0.24,trade,yes,True,95.0,BTC,2026-05-02 06:00:15+00:00,2026-05-02 06:00:00+00:00,2.0,0.24,True
2026-05-02 06:05:34,KXBTCD-26MAY0203-T78399.99,0.17,trade,yes,False,-30.0,BTC,2026-05-02 06:05:34+00:00,2026-05-02 06:00:00+00:00,2.0,0.17,False
2026-05-02 06:10:52,KXBTCD-26MAY0203-T78199.99,0.67,trade,yes,True,14.78,BTC,2026-05-02 06:10:52+00:00,2026-05-02 06:00:00+00:00,2.0,0.67,True
2026-05-02 06:23:34,KXBTCD-26MAY0203-T78099.99,0.75,trade,yes,True,10.0,BTC,2026-05-02 06:23:34+00:00,2026-05-02 06:00:00+00:00,2.0,0.75,True
2026-05-02 07:00:40,KXBTCD-26MAY0204-T78399.99,0.33,trade,yes,False,-30.0,BTC,2026-05-02 07:00:40+00:00,2026-05-02 07:00:00+00:00,2.0,0.33,False
2026-05-02 07:06:00,KXBTCD-26MAY0204-T78299.99,0.53,trade,yes,False,-30.0,BTC,2026-05-02 07:06:00+00:00,2026-05-02 07:00:00+00:00,2.0,0.53,False
2026-05-02 07:43:09,KXBTCD-26MAY0204-T78199.99,0.72,trade,yes,True,11.67,BTC,2026-05-02 07:43:09+00:00,2026-05-02 07:00:00+00:00,2.0,0.72,True
2026-05-02 08:01:09,KXBTCD-26MAY0205-T78199.99,0.44,trade,yes,True,35.99,BTC,2026-05-02 08:01:09+00:00,2026-05-02 08:00:00+00:00,2.0,0.44,True
2026-05-02 08:06:27,KXBTCD-26MAY0205-T78299.99,0.19,trade,yes,True,127.89,BTC,2026-05-02 08:06:27+00:00,2026-05-02 08:00:00+00:00,2.0,0.19,True
2026-05-02 09:00:31,KXBTCD-26MAY0206-T78399.99,0.18,trade,yes,False,-23.72,BTC,2026-05-02 09:00:31+00:00,2026-05-02 09:00:00+00:00,2.0,0.18,False
2026-05-02 09:05:49,KXBTCD-26MAY0206-T78299.99,0.51,trade,yes,False,-28.36,BTC,2026-05-02 09:05:49+00:00,2026-05-02 09:00:00+00:00,2.0,0.51,False
2026-05-02 09:40:59,KXBTCD-26MAY0206-T78299.99,0.63,trade,yes,False,-30.0,BTC,2026-05-02 09:40:59+00:00,2026-05-02 09:00:00+00:00,2.0,0.63,False
2026-05-02 10:01:06,KXBTCD-26MAY0207-T78299.99,0.47,trade,yes,False,-30.0,BTC,2026-05-02 10:01:06+00:00,2026-05-02 10:00:00+00:00,2.0,0.47,False
2026-05-02 10:23:21,KXBTCD-26MAY0207-T78199.99,0.74,trade,yes,True,10.54,BTC,2026-05-02 10:23:21+00:00,2026-05-02 10:00:00+00:00,2.0,0.74,True
2026-05-02 11:00:27,KXBTCD-26MAY0208-T78199.99,0.51,trade,yes,False,-30.0,BTC,2026-05-02 11:00:27+00:00,2026-05-02 11:00:00+00:00,2.0,0.51,False
2026-05-02 11:09:58,KXBTCD-26MAY0208-T78299.99,0.15,trade,yes,False,-30.0,BTC,2026-05-02 11:09:58+00:00,2026-05-02 11:00:00+00:00,2.0,0.15,False
2026-05-02 11:45:58,KXBTCD-26MAY0208-T78099.99,0.75,trade,yes,True,10.0,BTC,2026-05-02 11:45:58+00:00,2026-05-02 11:00:00+00:00,2.0,0.75,True
2026-05-02 12:02:55,KXBTCD-26MAY0209-T78099.99,0.61,trade,yes,True,19.18,BTC,2026-05-02 12:02:55+00:00,2026-05-02 12:00:00+00:00,2.0,0.61,True
2026-05-02 13:02:19,KXBTCD-26MAY0210-T78299.99,0.36,trade,yes,True,53.33,BTC,2026-05-02 13:02:19+00:00,2026-05-02 13:00:00+00:00,2.0,0.36,True
2026-05-02 13:07:37,KXBTCD-26MAY0210-T78399.99,0.21,trade,yes,False,-28.53,BTC,2026-05-02 13:07:37+00:00,2026-05-02 13:00:00+00:00,2.0,0.21,False
2026-05-02 13:12:56,KXBTCD-26MAY0210-T78499.99,0.15,trade,yes,False,-26.22,BTC,2026-05-02 13:12:56+00:00,2026-05-02 13:00:00+00:00,2.0,0.15,False
2026-05-02 14:12:19,KXBTCD-26MAY0211-T78299.99,0.59,trade,yes,True,20.85,BTC,2026-05-02 14:12:19+00:00,2026-05-02 14:00:00+00:00,2.0,0.59,True
2026-05-02 14:25:03,KXBTCD-26MAY0211-T78399.99,0.15,trade,yes,True,170.0,BTC,2026-05-02 14:25:03+00:00,2026-05-02 14:00:00+00:00,2.0,0.15,True
2026-05-02 15:22:19,KXBTCD-26MAY0212-T78399.99,0.38,trade,yes,True,48.95,BTC,2026-05-02 15:22:19+00:00,2026-05-02 15:00:00+00:00,2.0,0.38,True
2026-05-02 16:36:07,KXBTCD-26MAY0213-T78499.99,0.39,trade,yes,False,-30.0,BTC,2026-05-02 16:36:07+00:00,2026-05-02 16:00:00+00:00,2.0,0.39,False
2026-05-02 17:01:23,KXBTCD-26MAY0214-T78499.99,0.26,trade,yes,False,-30.0,BTC,2026-05-02 17:01:23+00:00,2026-05-02 17:00:00+00:00,2.0,0.26,False
2026-05-02 17:06:40,KXBTCD-26MAY0214-T78399.99,0.58,trade,yes,False,-30.0,BTC,2026-05-02 17:06:40+00:00,2026-05-02 17:00:00+00:00,2.0,0.58,False
2026-05-02 18:00:21,KXBTCD-26MAY0215-T78399.99,0.41,trade,yes,True,43.17,BTC,2026-05-02 18:00:21+00:00,2026-05-02 18:00:00+00:00,2.0,0.41,True
2026-05-02 18:05:38,KXBTCD-26MAY0215-T78299.99,0.67,trade,yes,True,14.78,BTC,2026-05-02 18:05:38+00:00,2026-05-02 18:00:00+00:00,2.0,0.67,True
2026-05-02 18:32:14,KXBTCD-26MAY0215-T78499.99,0.19,trade,yes,False,-30.0,BTC,2026-05-02 18:32:14+00:00,2026-05-02 18:00:00+00:00,2.0,0.19,False
2026-05-02 19:00:37,KXBTCD-26MAY0216-T78499.99,0.34,trade,yes,False,-30.0,BTC,2026-05-02 19:00:37+00:00,2026-05-02 19:00:00+00:00,2.0,0.34,False
2026-05-02 19:01:40,KXBTCD-26MAY0217-T78499.99,0.36,trade,yes,False,-30.0,BTC,2026-05-02 19:01:40+00:00,2026-05-02 19:00:00+00:00,2.0,0.36,False
2026-05-02 19:05:55,KXBTCD-26MAY0216-T78399.99,0.73,trade,yes,True,11.1,BTC,2026-05-02 19:05:55+00:00,2026-05-02 19:00:00+00:00,2.0,0.73,True
2026-05-02 21:00:32,KXBTCD-26MAY0218-T78499.99,0.41,trade,yes,True,43.17,BTC,2026-05-02 21:00:32+00:00,2026-05-02 21:00:00+00:00,2.0,0.41,True
2026-05-02 21:12:05,KXBTCD-26MAY0218-T78599.99,0.1,trade,yes,True,245.34,BTC,2026-05-02 21:12:05+00:00,2026-05-02 21:00:00+00:00,2.0,0.1,True
2026-05-02 21:46:47,KXBTCD-26MAY0218-T78799.99,0.49,trade,yes,False,-30.0,BTC,2026-05-02 21:46:47+00:00,2026-05-02 21:00:00+00:00,2.0,0.49,False
2026-05-02 22:00:26,KXBTCD-26MAY0219-T78799.99,0.45,trade,yes,True,36.67,BTC,2026-05-02 22:00:26+00:00,2026-05-02 22:00:00+00:00,2.0,0.45,True
2026-05-02 22:05:42,KXBTCD-26MAY0219-T78699.99,0.53,trade,yes,True,26.6,BTC,2026-05-02 22:05:42+00:00,2026-05-02 22:00:00+00:00,2.0,0.53,True
2026-05-02 22:10:59,KXBTCD-26MAY0219-T78899.99,0.18,trade,yes,False,-26.97,BTC,2026-05-02 22:10:59+00:00,2026-05-02 22:00:00+00:00,2.0,0.18,False
2026-05-02 23:35:03,KXBTCD-26MAY0220-T78799.99,0.43,trade,yes,False,-30.0,BTC,2026-05-02 23:35:03+00:00,2026-05-02 23:00:00+00:00,2.0,0.43,False
2026-05-02 23:42:33,KXBTCD-26MAY0220-T78699.99,0.55,trade,yes,False,-28.55,BTC,2026-05-02 23:42:33+00:00,2026-05-02 23:00:00+00:00,2.0,0.55,False
2026-05-03 00:01:09,KXBTCD-26MAY0221-T78799.99,0.26,trade,yes,False,-30.0,BTC,2026-05-03 00:01:09+00:00,2026-05-03 00:00:00+00:00,2.0,0.26,False
2026-05-03 00:06:28,KXBTCD-26MAY0221-T78699.99,0.52,trade,yes,False,-30.0,BTC,2026-05-03 00:06:28+00:00,2026-05-03 00:00:00+00:00,2.0,0.52,False
2026-05-03 00:22:22,KXBTCD-26MAY0221-T78599.99,0.51,trade,yes,False,-30.0,BTC,2026-05-03 00:22:22+00:00,2026-05-03 00:00:00+00:00,2.0,0.51,False
2026-05-03 01:12:15,KXBTCD-26MAY0222-T78499.99,0.28,trade,yes,False,-22.59,BTC,2026-05-03 01:12:15+00:00,2026-05-03 01:00:00+00:00,2.0,0.28,False
2026-05-03 01:29:12,KXBTCD-26MAY0222-T78299.99,0.43,trade,yes,False,-23.25,BTC,2026-05-03 01:29:12+00:00,2026-05-03 01:00:00+00:00,2.0,0.43,False
2026-05-03 01:34:30,KXBTCD-26MAY0222-T78199.99,0.63,trade,yes,True,17.62,BTC,2026-05-03 01:34:30+00:00,2026-05-03 01:00:00+00:00,2.0,0.63,True
2026-05-03 01:47:15,KXBTCD-26MAY0222-T78399.99,0.05,trade,yes,False,-30.0,BTC,2026-05-03 01:47:15+00:00,2026-05-03 01:00:00+00:00,2.0,0.05,False
2026-05-03 02:01:10,KXBTCD-26MAY0223-T78299.99,0.33,trade,yes,False,-30.0,BTC,2026-05-03 02:01:10+00:00,2026-05-03 02:00:00+00:00,2.0,0.33,False
2026-05-03 02:06:31,KXBTCD-26MAY0223-T78399.99,0.2,trade,yes,False,-30.0,BTC,2026-05-03 02:06:31+00:00,2026-05-03 02:00:00+00:00,2.0,0.2,False
2026-05-03 02:11:59,KXBTCD-26MAY0223-T78199.99,0.5,trade,yes,False,-20.0,BTC,2026-05-03 02:11:59+00:00,2026-05-03 02:00:00+00:00,2.0,0.5,False
2026-05-03 02:17:17,KXBTCD-26MAY0223-T78099.99,0.74,trade,yes,True,7.03,BTC,2026-05-03 02:17:17+00:00,2026-05-03 02:00:00+00:00,2.0,0.74,True
2026-05-03 03:00:49,KXBTCD-26MAY0300-T78199.99,0.36,trade,yes,False,-20.0,BTC,2026-05-03 03:00:49+00:00,2026-05-03 03:00:00+00:00,2.0,0.36,False
2026-05-03 03:06:11,KXBTCD-26MAY0300-T78099.99,0.62,trade,yes,True,12.26,BTC,2026-05-03 03:06:11+00:00,2026-05-03 03:00:00+00:00,2.0,0.62,True
2026-05-03 03:11:29,KXBTCD-26MAY0300-T78299.99,0.1,trade,yes,False,-20.0,BTC,2026-05-03 03:11:29+00:00,2026-05-03 03:00:00+00:00,2.0,0.1,False
2026-05-03 04:00:17,KXBTCD-26MAY0301-T78299.99,0.1,trade,yes,False,-19.56,BTC,2026-05-03 04:00:17+00:00,2026-05-03 04:00:00+00:00,2.0,0.1,False
2026-05-03 04:05:37,KXBTCD-26MAY0301-T78099.99,0.74,trade,yes,True,7.03,BTC,2026-05-03 04:05:37+00:00,2026-05-03 04:00:00+00:00,2.0,0.74,True
2026-05-03 04:10:55,KXBTCD-26MAY0301-T78199.99,0.3,trade,yes,False,-18.31,BTC,2026-05-03 04:10:55+00:00,2026-05-03 04:00:00+00:00,2.0,0.3,False
2026-05-03 05:00:53,KXBTCD-26MAY0302-T78199.99,0.4,trade,yes,True,30.0,BTC,2026-05-03 05:00:53+00:00,2026-05-03 05:00:00+00:00,2.0,0.4,True
2026-05-03 05:06:13,KXBTCD-26MAY0302-T78299.99,0.26,trade,yes,False,-20.0,BTC,2026-05-03 05:06:13+00:00,2026-05-03 05:00:00+00:00,2.0,0.26,False
2026-05-03 06:04:41,KXBTCD-26MAY0303-T78199.99,0.45,trade,yes,True,24.44,BTC,2026-05-03 06:04:41+00:00,2026-05-03 06:00:00+00:00,2.0,0.45,True
2026-05-03 06:20:36,KXBTCD-26MAY0303-T78099.99,0.75,trade,yes,True,6.67,BTC,2026-05-03 06:20:36+00:00,2026-05-03 06:00:00+00:00,2.0,0.75,True
2026-05-03 06:53:16,KXBTCD-26MAY0303-T78299.99,0.18,trade,yes,False,-20.0,BTC,2026-05-03 06:53:16+00:00,2026-05-03 06:00:00+00:00,2.0,0.18,False
2026-05-03 08:56:40,KXBTCD-26MAY0305-T78399.99,0.42,trade,yes,False,-20.0,BTC,2026-05-03 08:56:40+00:00,2026-05-03 08:00:00+00:00,2.0,0.42,False
2026-05-03 16:12:17,KXBTCD-26MAY0313-T78599.99,0.61,trade,yes,True,31.97,BTC,2026-05-03 16:12:17+00:00,2026-05-03 16:00:00+00:00,2.0,0.61,True
2026-05-03 16:33:29,KXBTCD-26MAY0313-T78699.99,0.49,trade,yes,False,-50.0,BTC,2026-05-03 16:33:29+00:00,2026-05-03 16:00:00+00:00,2.0,0.49,False
2026-05-03 17:02:01,KXBTCD-26MAY0314-T78599.99,0.52,trade,yes,True,22.45,BTC,2026-05-03 17:02:01+00:00,2026-05-03 17:00:00+00:00,2.0,0.52,True
2026-05-03 17:39:08,KXBTCD-26MAY0314-T78799.99,0.56,trade,yes,False,-30.0,BTC,2026-05-03 17:39:08+00:00,2026-05-03 17:00:00+00:00,2.0,0.56,False
2026-05-03 19:33:58,KXBTCD-26MAY0317-T78749.99,0.49,trade,yes,True,31.22,BTC,2026-05-03 19:33:58+00:00,2026-05-03 19:00:00+00:00,2.0,0.49,True
2026-05-03 20:26:57,KXBTCD-26MAY0317-T78999.99,0.25,trade,yes,False,-30.0,BTC,2026-05-03 20:26:57+00:00,2026-05-03 20:00:00+00:00,2.0,0.25,False
2026-05-03 21:07:29,KXBTCD-26MAY0318-T78999.99,0.43,trade,yes,False,-30.0,BTC,2026-05-03 21:07:29+00:00,2026-05-03 21:00:00+00:00,0.0,0.43,False
2026-05-03 21:17:01,KXBTCD-26MAY0318-T79099.99,0.23,trade,yes,False,-30.0,BTC,2026-05-03 21:17:01+00:00,2026-05-03 21:00:00+00:00,0.0,0.23,False
2026-05-03 21:22:19,KXBTCD-26MAY0318-T78899.99,0.71,trade,yes,False,-30.0,BTC,2026-05-03 21:22:19+00:00,2026-05-03 21:00:00+00:00,0.0,0.71,False
2026-05-03 21:44:36,KXBTCD-26MAY0318-T78699.99,0.4,trade,yes,True,11.42,BTC,2026-05-03 21:44:36+00:00,2026-05-03 21:00:00+00:00,0.0,0.4,True
2026-05-03 21:55:13,KXBTCD-26MAY0318-T78799.99,0.47,trade,yes,True,30.86,BTC,2026-05-03 21:55:13+00:00,2026-05-03 21:00:00+00:00,0.0,0.47,True
2026-05-03 22:01:35,KXBTCD-26MAY0319-T78999.99,0.38,trade,yes,True,48.95,BTC,2026-05-03 22:01:35+00:00,2026-05-03 22:00:00+00:00,2.0,0.38,True
2026-05-03 22:06:57,KXBTCD-26MAY0319-T79199.99,0.23,trade,yes,False,-30.0,BTC,2026-05-03 22:06:57+00:00,2026-05-03 22:00:00+00:00,2.0,0.23,False
2026-05-03 22:22:53,KXBTCD-26MAY0319-T79099.99,0.53,trade,yes,True,26.6,BTC,2026-05-03 22:22:53+00:00,2026-05-03 22:00:00+00:00,2.0,0.53,True
2026-05-03 22:38:52,KXBTCD-26MAY0319-T79299.99,0.17,trade,yes,False,-30.0,BTC,2026-05-03 22:38:52+00:00,2026-05-03 22:00:00+00:00,2.0,0.17,False
2026-05-03 23:01:09,KXBTCD-26MAY0320-T79199.99,0.39,trade,yes,False,-30.0,BTC,2026-05-03 23:01:09+00:00,2026-05-03 23:00:00+00:00,0.0,0.39,False
2026-05-03 23:07:38,KXBTCD-26MAY0320-T79099.99,0.61,trade,yes,False,-30.0,BTC,2026-05-03 23:07:38+00:00,2026-05-03 23:00:00+00:00,0.0,0.61,False
2026-05-03 23:12:58,KXBTCD-26MAY0320-T78999.99,0.62,trade,yes,False,-28.08,BTC,2026-05-03 23:12:58+00:00,2026-05-03 23:00:00+00:00,0.0,0.62,False
2026-05-03 23:18:16,KXBTCD-26MAY0320-T78899.99,0.68,trade,yes,False,-17.89,BTC,2026-05-03 23:18:16+00:00,2026-05-03 23:00:00+00:00,0.0,0.68,False
2026-05-03 23:40:00,KXBTCD-26MAY0320-T78699.99,0.43,trade,yes,False,-7.99,BTC,2026-05-03 23:40:00+00:00,2026-05-03 23:00:00+00:00,0.0,0.43,False
2026-05-03 23:50:37,KXBTCD-26MAY0320-T78499.99,0.67,trade,yes,True,4.92,BTC,2026-05-03 23:50:37+00:00,2026-05-03 23:00:00+00:00,0.0,0.67,True
2026-05-04 00:00:12,KXBTCD-26MAY0321-T78599.99,0.42,trade,yes,False,-30.0,BTC,2026-05-04 00:00:12+00:00,2026-05-04 00:00:00+00:00,2.0,0.42,False
2026-05-04 00:12:11,KXBTCD-26MAY0321-T78499.99,0.44,trade,yes,True,34.05,BTC,2026-05-04 00:12:11+00:00,2026-05-04 00:00:00+00:00,2.0,0.44,True
2026-05-04 01:14:55,KXBTCD-26MAY0322-T78499.99,0.4,trade,yes,True,45.0,BTC,2026-05-04 01:14:55+00:00,2026-05-04 01:00:00+00:00,2.0,0.4,True
2026-05-04 01:20:14,KXBTCD-26MAY0322-T78599.99,0.21,trade,yes,True,112.86,BTC,2026-05-04 01:20:14+00:00,2026-05-04 01:00:00+00:00,2.0,0.21,True
2026-05-04 01:25:32,KXBTCD-26MAY0322-T78399.99,0.56,trade,yes,True,23.57,BTC,2026-05-04 01:25:32+00:00,2026-05-04 01:00:00+00:00,2.0,0.56,True
2026-05-04 01:31:54,KXBTCD-26MAY0322-T78799.99,0.71,trade,yes,True,12.25,BTC,2026-05-04 01:31:54+00:00,2026-05-04 01:00:00+00:00,2.0,0.71,True
2026-05-04 02:02:40,KXBTCD-26MAY0323-T79599.99,0.48,trade,yes,True,32.5,BTC,2026-05-04 02:02:40+00:00,2026-05-04 02:00:00+00:00,0.0,0.48,True
2026-05-04 02:27:05,KXBTCD-26MAY0323-T79999.99,0.2,trade,yes,True,106.68,BTC,2026-05-04 02:27:05+00:00,2026-05-04 02:00:00+00:00,0.0,0.2,True
2026-05-04 03:33:36,KXBTCD-26MAY0400-T79999.99,0.44,trade,yes,True,24.41,BTC,2026-05-04 03:33:36+00:00,2026-05-04 03:00:00+00:00,0.0,0.44,True
2026-05-04 03:46:56,KXBTCD-26MAY0400-T80099.99,0.38,trade,yes,True,32.13,BTC,2026-05-04 03:46:56+00:00,2026-05-04 03:00:00+00:00,0.0,0.38,True
2026-05-04 05:09:45,KXBTCD-26MAY0402-T80299.99,0.38,trade,yes,False,-11.7,BTC,2026-05-04 05:09:45+00:00,2026-05-04 05:00:00+00:00,0.0,0.38,False
2026-05-04 05:15:04,KXBTCD-26MAY0402-T80099.99,0.56,trade,yes,False,-20.52,BTC,2026-05-04 05:15:04+00:00,2026-05-04 05:00:00+00:00,0.0,0.56,False
2026-05-04 05:20:23,KXBTCD-26MAY0402-T79999.99,0.56,trade,yes,True,12.88,BTC,2026-05-04 05:20:23+00:00,2026-05-04 05:00:00+00:00,0.0,0.56,True
2026-05-04 05:26:47,KXBTCD-26MAY0402-T79899.99,0.7,trade,yes,True,10.42,BTC,2026-05-04 05:26:47+00:00,2026-05-04 05:00:00+00:00,0.0,0.7,True
2026-05-04 06:00:45,KXBTCD-26MAY0403-T79899.99,0.74,trade,yes,False,-30.0,BTC,2026-05-04 06:00:45+00:00,2026-05-04 06:00:00+00:00,0.0,0.74,False
2026-05-04 06:06:06,KXBTCD-26MAY0403-T79799.99,0.7,trade,yes,True,8.89,BTC,2026-05-04 06:06:06+00:00,2026-05-04 06:00:00+00:00,0.0,0.7,True
2026-05-04 06:11:25,KXBTCD-26MAY0403-T79999.99,0.4,trade,yes,False,-30.0,BTC,2026-05-04 06:11:25+00:00,2026-05-04 06:00:00+00:00,0.0,0.4,False
2026-05-04 06:17:48,KXBTCD-26MAY0403-T79699.99,0.71,trade,yes,True,6.13,BTC,2026-05-04 06:17:48+00:00,2026-05-04 06:00:00+00:00,0.0,0.71,True
2026-05-04 06:24:11,KXBTCD-26MAY0403-T79599.99,0.75,trade,yes,True,3.53,BTC,2026-05-04 06:24:11+00:00,2026-05-04 06:00:00+00:00,0.0,0.75,True
2026-05-04 07:00:16,KXBTCD-26MAY0404-T79999.99,0.26,trade,yes,False,-22.39,BTC,2026-05-04 07:00:16+00:00,2026-05-04 07:00:00+00:00,0.0,0.26,False
2026-05-04 07:05:37,KXBTCD-26MAY0404-T80099.99,0.21,trade,yes,False,-30.0,BTC,2026-05-04 07:05:37+00:00,2026-05-04 07:00:00+00:00,0.0,0.21,False
2026-05-04 07:10:59,KXBTCD-26MAY0404-T79899.99,0.46,trade,yes,False,-30.0,BTC,2026-05-04 07:10:59+00:00,2026-05-04 07:00:00+00:00,0.0,0.46,False
2026-05-04 07:16:19,KXBTCD-26MAY0404-T79799.99,0.72,trade,yes,False,-30.0,BTC,2026-05-04 07:16:19+00:00,2026-05-04 07:00:00+00:00,0.0,0.72,False
2026-05-04 07:36:32,KXBTCD-26MAY0404-T79699.99,0.71,trade,yes,False,-30.0,BTC,2026-05-04 07:36:32+00:00,2026-05-04 07:00:00+00:00,0.0,0.71,False
2026-05-04 08:01:00,KXBTCD-26MAY0405-T79699.99,0.49,trade,yes,True,31.22,BTC,2026-05-04 08:01:00+00:00,2026-05-04 08:00:00+00:00,0.0,0.49,True
2026-05-04 08:06:21,KXBTCD-26MAY0405-T79599.99,0.49,trade,yes,True,18.93,BTC,2026-05-04 08:06:21+00:00,2026-05-04 08:00:00+00:00,0.0,0.49,True
2026-05-04 08:12:44,KXBTCD-26MAY0405-T79799.99,0.38,trade,yes,False,-30.0,BTC,2026-05-04 08:12:44+00:00,2026-05-04 08:00:00+00:00,0.0,0.38,False
2026-05-04 08:18:03,KXBTCD-26MAY0405-T79899.99,0.17,trade,yes,False,-30.0,BTC,2026-05-04 08:18:03+00:00,2026-05-04 08:00:00+00:00,0.0,0.17,False
2026-05-04 09:00:55,KXBTCD-26MAY0406-T79599.99,0.63,trade,yes,True,17.62,BTC,2026-05-04 09:00:55+00:00,2026-05-04 09:00:00+00:00,0.0,0.63,True
2026-05-04 09:06:15,KXBTCD-26MAY0406-T79699.99,0.53,trade,yes,True,26.6,BTC,2026-05-04 09:06:15+00:00,2026-05-04 09:00:00+00:00,0.0,0.53,True
2026-05-04 09:11:31,KXBTCD-26MAY0406-T79799.99,0.44,trade,yes,True,38.18,BTC,2026-05-04 09:11:31+00:00,2026-05-04 09:00:00+00:00,0.0,0.44,True
2026-05-04 09:16:49,KXBTCD-26MAY0406-T79899.99,0.17,trade,yes,False,-30.0,BTC,2026-05-04 09:16:49+00:00,2026-05-04 09:00:00+00:00,0.0,0.17,False
2026-05-04 10:00:23,KXBTCD-26MAY0407-T79999.99,0.21,trade,yes,False,-30.0,BTC,2026-05-04 10:00:23+00:00,2026-05-04 10:00:00+00:00,0.0,0.21,False
2026-05-04 10:45:59,KXBTCD-26MAY0407-T78899.99,0.62,trade,yes,True,18.39,BTC,2026-05-04 10:45:59+00:00,2026-05-04 10:00:00+00:00,0.0,0.62,True
2026-05-04 11:00:53,KXBTCD-26MAY0408-T79099.99,0.37,trade,yes,False,-29.87,BTC,2026-05-04 11:00:53+00:00,2026-05-04 11:00:00+00:00,0.0,0.37,False
2026-05-04 11:06:13,KXBTCD-26MAY0408-T78999.99,0.44,trade,yes,False,-30.0,BTC,2026-05-04 11:06:13+00:00,2026-05-04 11:00:00+00:00,0.0,0.44,False
2026-05-04 11:11:31,KXBTCD-26MAY0408-T79199.99,0.25,trade,yes,False,-28.07,BTC,2026-05-04 11:11:31+00:00,2026-05-04 11:00:00+00:00,0.0,0.25,False
2026-05-04 11:16:49,KXBTCD-26MAY0408-T79299.99,0.19,trade,yes,False,-21.59,BTC,2026-05-04 11:16:49+00:00,2026-05-04 11:00:00+00:00,0.0,0.19,False
2026-05-04 11:23:12,KXBTCD-26MAY0408-T78899.99,0.68,trade,yes,False,-30.0,BTC,2026-05-04 11:23:12+00:00,2026-05-04 11:00:00+00:00,0.0,0.68,False
2026-05-04 11:37:01,KXBTCD-26MAY0408-T78799.99,0.53,trade,yes,False,-20.59,BTC,2026-05-04 11:37:01+00:00,2026-05-04 11:00:00+00:00,0.0,0.53,False
2026-05-04 11:43:24,KXBTCD-26MAY0408-T78699.99,0.68,trade,yes,True,6.83,BTC,2026-05-04 11:43:24+00:00,2026-05-04 11:00:00+00:00,0.0,0.68,True
2026-05-04 12:00:24,KXBTCD-26MAY0409-T78799.99,0.41,trade,yes,True,38.84,BTC,2026-05-04 12:00:24+00:00,2026-05-04 12:00:00+00:00,0.0,0.41,True
2026-05-04 12:05:47,KXBTCD-26MAY0409-T78899.99,0.42,trade,yes,True,41.43,BTC,2026-05-04 12:05:47+00:00,2026-05-04 12:00:00+00:00,0.0,0.42,True
2026-05-04 12:11:05,KXBTCD-26MAY0409-T78699.99,0.58,trade,yes,True,21.72,BTC,2026-05-04 12:11:05+00:00,2026-05-04 12:00:00+00:00,0.0,0.58,True
2026-05-04 12:17:26,KXBTCD-26MAY0409-T78999.99,0.31,trade,yes,False,-28.57,BTC,2026-05-04 12:17:26+00:00,2026-05-04 12:00:00+00:00,0.0,0.31,False
2026-05-04 12:24:51,KXBTCD-26MAY0409-T79099.99,0.25,trade,yes,False,-21.53,BTC,2026-05-04 12:24:51+00:00,2026-05-04 12:00:00+00:00,0.0,0.25,False
2026-05-04 13:07:16,KXBTCD-26MAY0410-T78899.99,0.38,trade,yes,False,-14.75,BTC,2026-05-04 13:07:16+00:00,2026-05-04 13:00:00+00:00,0.0,0.38,False
2026-05-04 13:12:34,KXBTCD-26MAY0410-T79199.99,0.24,trade,yes,False,-28.27,BTC,2026-05-04 13:12:34+00:00,2026-05-04 13:00:00+00:00,0.0,0.24,False
2026-05-04 13:17:52,KXBTCD-26MAY0410-T78999.99,0.45,trade,yes,False,-30.0,BTC,2026-05-04 13:17:52+00:00,2026-05-04 13:00:00+00:00,0.0,0.45,False
2026-05-04 13:23:10,KXBTCD-26MAY0410-T78799.99,0.73,trade,yes,False,-30.0,BTC,2026-05-04 13:23:10+00:00,2026-05-04 13:00:00+00:00,0.0,0.73,False
2026-05-04 13:50:38,KXBTCD-26MAY0410-T78899.99,0.4,trade,yes,False,-14.88,BTC,2026-05-04 13:50:38+00:00,2026-05-04 13:00:00+00:00,0.0,0.4,False
2026-05-04 14:00:10,KXBTCD-26MAY0411-T78899.99,0.4,trade,yes,True,39.29,BTC,2026-05-04 14:00:10+00:00,2026-05-04 14:00:00+00:00,0.0,0.4,True
2026-05-04 14:07:41,KXBTCD-26MAY0411-T78699.99,0.43,trade,yes,True,12.62,BTC,2026-05-04 14:07:41+00:00,2026-05-04 14:00:00+00:00,0.0,0.43,True
2026-05-04 14:13:01,KXBTCD-26MAY0411-T78999.99,0.37,trade,yes,True,47.91,BTC,2026-05-04 14:13:01+00:00,2026-05-04 14:00:00+00:00,0.0,0.37,True
2026-05-04 14:20:31,KXBTCD-26MAY0411-T79099.99,0.49,trade,yes,True,31.22,BTC,2026-05-04 14:20:31+00:00,2026-05-04 14:00:00+00:00,0.0,0.49,True
2026-05-04 14:33:16,KXBTCD-26MAY0411-T79199.99,0.7,trade,yes,True,12.86,BTC,2026-05-04 14:33:16+00:00,2026-05-04 14:00:00+00:00,0.0,0.7,True
2026-05-04 14:46:03,KXBTCD-26MAY0411-T79599.99,0.69,trade,yes,True,13.48,BTC,2026-05-04 14:46:03+00:00,2026-05-04 14:00:00+00:00,0.0,0.69,True
2026-05-04 15:35:11,KXBTCD-26MAY0412-T79599.99,0.55,trade,yes,True,7.58,BTC,2026-05-04 15:35:11+00:00,2026-05-04 15:00:00+00:00,0.0,0.55,True
2026-05-04 15:43:44,KXBTCD-26MAY0412-T79799.99,0.51,trade,yes,True,24.61,BTC,2026-05-04 15:43:44+00:00,2026-05-04 15:00:00+00:00,0.0,0.51,True
2026-05-04 15:50:08,KXBTCD-26MAY0412-T79899.99,0.31,trade,yes,True,66.77,BTC,2026-05-04 15:50:08+00:00,2026-05-04 15:00:00+00:00,0.0,0.31,True
2026-05-04 16:06:11,KXBTCD-26MAY0413-T80099.99,0.36,trade,yes,False,-30.0,BTC,2026-05-04 16:06:11+00:00,2026-05-04 16:00:00+00:00,0.0,0.36,False
2026-05-04 16:12:35,KXBTCD-26MAY0413-T79699.99,0.59,trade,yes,True,5.44,BTC,2026-05-04 16:12:35+00:00,2026-05-04 16:00:00+00:00,0.0,0.59,True
2026-05-04 16:18:59,KXBTCD-26MAY0413-T80399.99,0.17,trade,yes,False,-30.0,BTC,2026-05-04 16:18:59+00:00,2026-05-04 16:00:00+00:00,0.0,0.17,False
2026-05-04 16:52:00,KXBTCD-26MAY0413-T80299.99,0.24,trade,yes,False,-17.77,BTC,2026-05-04 16:52:00+00:00,2026-05-04 16:00:00+00:00,0.0,0.24,False
2026-05-04 17:00:53,KXBTCD-26MAY0414-T80299.99,0.25,trade,yes,True,51.54,BTC,2026-05-04 17:00:53+00:00,2026-05-04 17:00:00+00:00,0.0,0.25,True
2026-05-04 17:45:12,KXBTCD-26MAY0414-T80199.99,0.7,trade,yes,True,12.86,BTC,2026-05-04 17:45:12+00:00,2026-05-04 17:00:00+00:00,0.0,0.7,True
2026-05-04 17:54:46,KXBTCD-26MAY0414-T80499.99,0.43,trade,yes,False,-30.0,BTC,2026-05-04 17:54:46+00:00,2026-05-04 17:00:00+00:00,0.0,0.43,False
2026-05-04 18:02:13,KXBTCD-26MAY0415-T80699.99,0.2,trade,yes,False,-12.56,BTC,2026-05-04 18:02:13+00:00,2026-05-04 18:00:00+00:00,0.0,0.2,False
2026-05-04 18:08:36,KXBTCD-26MAY0415-T80499.99,0.38,trade,yes,False,-30.0,BTC,2026-05-04 18:08:36+00:00,2026-05-04 18:00:00+00:00,0.0,0.38,False
2026-05-04 18:13:56,KXBTCD-26MAY0415-T80299.99,0.59,trade,yes,False,-30.0,BTC,2026-05-04 18:13:56+00:00,2026-05-04 18:00:00+00:00,0.0,0.59,False
2026-05-04 19:02:02,KXBTCD-26MAY0416-T79999.99,0.58,trade,yes,True,21.72,BTC,2026-05-04 19:02:02+00:00,2026-05-04 19:00:00+00:00,0.0,0.58,True
2026-05-04 19:13:43,KXBTCD-26MAY0416-T80099.99,0.42,trade,yes,False,-30.0,BTC,2026-05-04 19:13:43+00:00,2026-05-04 19:00:00+00:00,0.0,0.42,False
2026-05-04 19:14:52,KXBTCD-26MAY0417-T79999.99,0.6,trade,yes,False,-30.0,BTC,2026-05-04 19:14:52+00:00,2026-05-04 19:00:00+00:00,0.0,0.6,False
2026-05-04 19:39:21,KXBTCD-26MAY0416-T79899.99,0.63,trade,yes,True,17.62,BTC,2026-05-04 19:39:21+00:00,2026-05-04 19:00:00+00:00,0.0,0.63,True
2026-05-04 19:46:49,KXBTCD-26MAY0417-T80249.99,0.23,trade,yes,False,-28.57,BTC,2026-05-04 19:46:49+00:00,2026-05-04 19:00:00+00:00,0.0,0.23,False
2026-05-04 21:01:26,KXBTCD-26MAY0418-T79999.99,0.5,trade,yes,True,30.0,BTC,2026-05-04 21:01:26+00:00,2026-05-04 21:00:00+00:00,0.0,0.5,True
2026-05-04 21:06:50,KXBTCD-26MAY0418-T80099.99,0.42,trade,yes,True,41.43,BTC,2026-05-04 21:06:50+00:00,2026-05-04 21:00:00+00:00,0.0,0.42,True
2026-05-04 21:12:08,KXBTCD-26MAY0418-T80299.99,0.19,trade,yes,False,-30.0,BTC,2026-05-04 21:12:08+00:00,2026-05-04 21:00:00+00:00,0.0,0.19,False
2026-05-04 22:00:24,KXBTCD-26MAY0419-T80399.99,0.42,trade,yes,False,-30.0,BTC,2026-05-04 22:00:24+00:00,2026-05-04 22:00:00+00:00,0.0,0.42,False
2026-05-04 22:05:44,KXBTCD-26MAY0419-T80299.99,0.58,trade,yes,False,-30.0,BTC,2026-05-04 22:05:44+00:00,2026-05-04 22:00:00+00:00,0.0,0.58,False
2026-05-04 22:11:01,KXBTCD-26MAY0419-T80499.99,0.17,trade,yes,False,-24.91,BTC,2026-05-04 22:11:01+00:00,2026-05-04 22:00:00+00:00,0.0,0.17,False
2026-05-04 22:18:25,KXBTCD-26MAY0419-T80199.99,0.75,trade,yes,False,-30.0,BTC,2026-05-04 22:18:25+00:00,2026-05-04 22:00:00+00:00,0.0,0.75,False
2026-05-04 22:35:22,KXBTCD-26MAY0419-T80099.99,0.68,trade,yes,False,-22.08,BTC,2026-05-04 22:35:22+00:00,2026-05-04 22:00:00+00:00,0.0,0.68,False
2026-05-04 23:21:06,KXBTCD-26MAY0420-T79899.99,0.52,trade,yes,False,-23.15,BTC,2026-05-04 23:21:06+00:00,2026-05-04 23:00:00+00:00,0.0,0.52,False
2026-05-04 23:50:48,KXBTCD-26MAY0420-T79799.99,0.65,trade,yes,True,16.15,BTC,2026-05-04 23:50:48+00:00,2026-05-04 23:00:00+00:00,0.0,0.65,True
2026-05-05 00:00:21,KXBTCD-26MAY0421-T79799.99,0.56,trade,yes,True,23.57,BTC,2026-05-05 00:00:21+00:00,2026-05-05 00:00:00+00:00,0.0,0.56,True
2026-05-05 00:05:41,KXBTCD-26MAY0421-T79899.99,0.66,trade,yes,True,15.45,BTC,2026-05-05 00:05:41+00:00,2026-05-05 00:00:00+00:00,0.0,0.66,True
2026-05-05 00:37:35,KXBTCD-26MAY0421-T79999.99,0.61,trade,yes,True,19.18,BTC,2026-05-05 00:37:35+00:00,2026-05-05 00:00:00+00:00,0.0,0.61,True
2026-05-05 01:00:59,KXBTCD-26MAY0422-T80099.99,0.55,trade,yes,True,24.55,BTC,2026-05-05 01:00:59+00:00,2026-05-05 01:00:00+00:00,0.0,0.55,True
2026-05-05 01:06:20,KXBTCD-26MAY0422-T80199.99,0.39,trade,yes,True,46.92,BTC,2026-05-05 01:06:20+00:00,2026-05-05 01:00:00+00:00,0.0,0.39,True
2026-05-05 01:11:38,KXBTCD-26MAY0422-T80399.99,0.15,trade,yes,False,-30.0,BTC,2026-05-05 01:11:38+00:00,2026-05-05 01:00:00+00:00,0.0,0.15,False
2026-05-05 02:20:49,KXBTCD-26MAY0423-T80499.99,0.21,trade,yes,True,91.72,BTC,2026-05-05 02:20:49+00:00,2026-05-05 02:00:00+00:00,0.0,0.21,True
2026-05-05 02:51:35,KXBTCD-26MAY0423-T80599.99,0.5,trade,yes,False,-22.46,BTC,2026-05-05 02:51:35+00:00,2026-05-05 02:00:00+00:00,0.0,0.5,False
2026-05-05 03:01:09,KXBTCD-26MAY0500-T80799.99,0.12,trade,yes,True,203.94,BTC,2026-05-05 03:01:09+00:00,2026-05-05 03:00:00+00:00,0.0,0.12,True
2026-05-05 03:06:29,KXBTCD-26MAY0500-T80499.99,0.46,trade,yes,True,35.22,BTC,2026-05-05 03:06:29+00:00,2026-05-05 03:00:00+00:00,0.0,0.46,True
2026-05-05 03:11:51,KXBTCD-26MAY0500-T80699.99,0.23,trade,yes,True,100.43,BTC,2026-05-05 03:11:51+00:00,2026-05-05 03:00:00+00:00,0.0,0.23,True
2026-05-05 04:11:35,KXBTCD-26MAY0501-T80999.99,0.19,trade,yes,False,-10.32,BTC,2026-05-05 04:11:35+00:00,2026-05-05 04:00:00+00:00,0.0,0.19,False
2026-05-05 04:16:56,KXBTCD-26MAY0501-T80899.99,0.37,trade,yes,True,44.54,BTC,2026-05-05 04:16:56+00:00,2026-05-05 04:00:00+00:00,0.0,0.37,True
2026-05-05 04:24:26,KXBTCD-26MAY0501-T80799.99,0.69,trade,yes,True,13.48,BTC,2026-05-05 04:24:26+00:00,2026-05-05 04:00:00+00:00,0.0,0.69,True
2026-05-05 05:00:42,KXBTCD-26MAY0502-T81099.99,0.14,trade,yes,False,-30.0,BTC,2026-05-05 05:00:42+00:00,2026-05-05 05:00:00+00:00,0.0,0.14,False
2026-05-05 05:06:03,KXBTCD-26MAY0502-T80899.99,0.42,trade,yes,True,41.43,BTC,2026-05-05 05:06:03+00:00,2026-05-05 05:00:00+00:00,0.0,0.42,True
2026-05-05 05:15:39,KXBTCD-26MAY0502-T80799.99,0.72,trade,yes,True,11.67,BTC,2026-05-05 05:15:39+00:00,2026-05-05 05:00:00+00:00,0.0,0.72,True
2026-05-05 06:00:51,KXBTCD-26MAY0503-T81299.99,0.14,trade,yes,False,-30.0,BTC,2026-05-05 06:00:51+00:00,2026-05-05 06:00:00+00:00,0.0,0.14,False
2026-05-05 06:06:11,KXBTCD-26MAY0503-T80999.99,0.36,trade,yes,False,-23.65,BTC,2026-05-05 06:06:11+00:00,2026-05-05 06:00:00+00:00,0.0,0.36,False
2026-05-05 06:11:30,KXBTCD-26MAY0503-T81099.99,0.2,trade,yes,False,-20.15,BTC,2026-05-05 06:11:30+00:00,2026-05-05 06:00:00+00:00,0.0,0.2,False
2026-05-05 07:00:44,KXBTCD-26MAY0504-T80899.99,0.59,trade,yes,False,-30.0,BTC,2026-05-05 07:00:44+00:00,2026-05-05 07:00:00+00:00,0.0,0.59,False
2026-05-05 07:02:08,KXBTCD-26MAY0504-T81099.99,0.2,trade,yes,False,-30.0,BTC,2026-05-05 07:02:08+00:00,2026-05-05 07:00:00+00:00,0.0,0.2,False
2026-05-05 07:07:29,KXBTCD-26MAY0504-T80999.99,0.39,trade,yes,False,-30.0,BTC,2026-05-05 07:07:29+00:00,2026-05-05 07:00:00+00:00,0.0,0.39,False
2026-05-05 07:12:46,KXBTCD-26MAY0504-T80899.99,0.65,trade,yes,False,-30.0,BTC,2026-05-05 07:12:46+00:00,2026-05-05 07:00:00+00:00,0.0,0.65,False
2026-05-05 07:24:28,KXBTCD-26MAY0504-T81199.99,0.2,trade,yes,False,-28.49,BTC,2026-05-05 07:24:28+00:00,2026-05-05 07:00:00+00:00,0.0,0.2,False
2026-05-05 07:30:13,KXBTCD-26MAY0504-T80999.99,0.65,trade,yes,False,-30.0,BTC,2026-05-05 07:30:13+00:00,2026-05-05 07:00:00+00:00,0.0,0.65,False
2026-05-05 07:35:32,KXBTCD-26MAY0504-T81199.99,0.21,trade,yes,False,-25.06,BTC,2026-05-05 07:35:32+00:00,2026-05-05 07:00:00+00:00,0.0,0.21,False
2026-05-05 07:40:52,KXBTCD-26MAY0504-T81099.99,0.43,trade,yes,False,-30.0,BTC,2026-05-05 07:40:52+00:00,2026-05-05 07:00:00+00:00,0.0,0.43,False
2026-05-05 08:01:01,KXBTCD-26MAY0505-T80899.99,0.47,trade,yes,False,-25.15,BTC,2026-05-05 08:01:01+00:00,2026-05-05 08:00:00+00:00,0.0,0.47,False
2026-05-05 08:06:23,KXBTCD-26MAY0505-T80799.99,0.66,trade,yes,False,-25.99,BTC,2026-05-05 08:06:23+00:00,2026-05-05 08:00:00+00:00,0.0,0.66,False
2026-05-05 08:11:43,KXBTCD-26MAY0505-T80999.99,0.25,trade,yes,False,-27.07,BTC,2026-05-05 08:11:43+00:00,2026-05-05 08:00:00+00:00,0.0,0.25,False
2026-05-05 09:00:32,KXBTCD-26MAY0506-T80799.99,0.38,trade,yes,False,-30.0,BTC,2026-05-05 09:00:32+00:00,2026-05-05 09:00:00+00:00,0.0,0.38,False
2026-05-05 09:05:55,KXBTCD-26MAY0506-T80699.99,0.51,trade,yes,False,-29.39,BTC,2026-05-05 09:05:55+00:00,2026-05-05 09:00:00+00:00,0.0,0.51,False
2026-05-05 09:13:22,KXBTCD-26MAY0506-T80599.99,0.75,trade,yes,False,-30.0,BTC,2026-05-05 09:13:22+00:00,2026-05-05 09:00:00+00:00,0.0,0.75,False
2026-05-05 10:07:31,KXBTCD-26MAY0507-T80699.99,0.44,trade,yes,True,38.18,BTC,2026-05-05 10:07:31+00:00,2026-05-05 10:00:00+00:00,0.0,0.44,True
2026-05-05 10:12:51,KXBTCD-26MAY0507-T80599.99,0.73,trade,yes,True,11.1,BTC,2026-05-05 10:12:51+00:00,2026-05-05 10:00:00+00:00,0.0,0.73,True
2026-05-05 10:22:28,KXBTCD-26MAY0507-T80799.99,0.25,trade,yes,True,90.0,BTC,2026-05-05 10:22:28+00:00,2026-05-05 10:00:00+00:00,0.0,0.25,True
2026-05-05 10:35:15,KXBTCD-26MAY0507-T80899.99,0.25,trade,yes,False,-30.0,BTC,2026-05-05 10:35:15+00:00,2026-05-05 10:00:00+00:00,0.0,0.25,False
2026-05-05 11:00:49,KXBTCD-26MAY0508-T80799.99,0.47,trade,yes,True,33.83,BTC,2026-05-05 11:00:49+00:00,2026-05-05 11:00:00+00:00,0.0,0.47,True
2026-05-05 11:06:10,KXBTCD-26MAY0508-T80899.99,0.37,trade,yes,True,51.08,BTC,2026-05-05 11:06:10+00:00,2026-05-05 11:00:00+00:00,0.0,0.37,True
2026-05-05 11:14:41,KXBTCD-26MAY0508-T80999.99,0.37,trade,yes,True,51.08,BTC,2026-05-05 11:14:41+00:00,2026-05-05 11:00:00+00:00,0.0,0.37,True
2026-05-05 11:29:35,KXBTCD-26MAY0508-T81099.99,0.16,trade,yes,False,-27.46,BTC,2026-05-05 11:29:35+00:00,2026-05-05 11:00:00+00:00,0.0,0.16,False
2026-05-05 12:00:20,KXBTCD-26MAY0509-T81199.99,0.23,trade,yes,True,94.17,BTC,2026-05-05 12:00:20+00:00,2026-05-05 12:00:00+00:00,0.0,0.23,True
2026-05-05 12:05:41,KXBTCD-26MAY0509-T80999.99,0.49,trade,yes,True,31.22,BTC,2026-05-05 12:05:41+00:00,2026-05-05 12:00:00+00:00,0.0,0.49,True
2026-05-05 13:38:06,KXBTCD-26MAY0510-T81399.99,0.53,trade,yes,False,-25.87,BTC,2026-05-05 13:38:06+00:00,2026-05-05 13:00:00+00:00,0.0,0.53,False
2026-05-05 13:43:25,KXBTCD-26MAY0510-T81499.99,0.36,trade,yes,False,-26.97,BTC,2026-05-05 13:43:25+00:00,2026-05-05 13:00:00+00:00,0.0,0.36,False
2026-05-05 14:02:34,KXBTCD-26MAY0511-T81399.99,0.45,trade,yes,False,-17.2,BTC,2026-05-05 14:02:34+00:00,2026-05-05 14:00:00+00:00,0.0,0.45,False
2026-05-05 14:07:55,KXBTCD-26MAY0511-T81599.99,0.2,trade,yes,False,-30.0,BTC,2026-05-05 14:07:55+00:00,2026-05-05 14:00:00+00:00,0.0,0.2,False
2026-05-05 14:13:16,KXBTCD-26MAY0511-T81699.99,0.17,trade,yes,False,-30.0,BTC,2026-05-05 14:13:16+00:00,2026-05-05 14:00:00+00:00,0.0,0.17,False
2026-05-05 15:00:24,KXBTCD-26MAY0512-T81399.99,0.41,trade,yes,True,43.17,BTC,2026-05-05 15:00:24+00:00,2026-05-05 15:00:00+00:00,0.0,0.41,True
2026-05-05 15:05:46,KXBTCD-26MAY0512-T81599.99,0.25,trade,yes,False,-30.0,BTC,2026-05-05 15:05:46+00:00,2026-05-05 15:00:00+00:00,0.0,0.25,False
2026-05-05 15:11:08,KXBTCD-26MAY0512-T81499.99,0.41,trade,yes,True,43.17,BTC,2026-05-05 15:11:08+00:00,2026-05-05 15:00:00+00:00,0.0,0.41,True
2026-05-05 16:01:33,KXBTCD-26MAY0513-T81399.99,0.71,trade,yes,False,-30.0,BTC,2026-05-05 16:01:33+00:00,2026-05-05 16:00:00+00:00,0.0,0.71,False
2026-05-05 17:00:48,KXBTCD-26MAY0514-T81199.99,0.64,trade,yes,True,16.43,BTC,2026-05-05 17:00:48+00:00,2026-05-05 17:00:00+00:00,0.0,0.64,True
2026-05-05 17:06:05,KXBTCD-26MAY0514-T81399.99,0.41,trade,yes,False,-30.0,BTC,2026-05-05 17:06:05+00:00,2026-05-05 17:00:00+00:00,0.0,0.41,False
2026-05-05 17:11:20,KXBTCD-26MAY0514-T81299.99,0.49,trade,yes,False,-29.91,BTC,2026-05-05 17:11:20+00:00,2026-05-05 17:00:00+00:00,0.0,0.49,False
2026-05-05 17:17:39,KXBTCD-26MAY0514-T81499.99,0.3,trade,yes,False,-30.0,BTC,2026-05-05 17:17:39+00:00,2026-05-05 17:00:00+00:00,0.0,0.3,False
2026-05-05 17:22:54,KXBTCD-26MAY0514-T81599.99,0.23,trade,yes,False,-30.0,BTC,2026-05-05 17:22:54+00:00,2026-05-05 17:00:00+00:00,0.0,0.23,False
2026-05-05 18:00:56,KXBTCD-26MAY0515-T81399.99,0.4,trade,yes,True,45.0,BTC,2026-05-05 18:00:56+00:00,2026-05-05 18:00:00+00:00,0.0,0.4,True
2026-05-05 18:26:59,KXBTCD-26MAY0515-T81499.99,0.44,trade,yes,True,38.18,BTC,2026-05-05 18:26:59+00:00,2026-05-05 18:00:00+00:00,0.0,0.44,True
2026-05-05 19:00:55,KXBTCD-26MAY0516-T81599.99,0.36,trade,yes,True,53.33,BTC,2026-05-05 19:00:55+00:00,2026-05-05 19:00:00+00:00,0.0,0.36,True
2026-05-05 19:06:13,KXBTCD-26MAY0516-T81399.99,0.63,trade,yes,True,17.62,BTC,2026-05-05 19:06:13+00:00,2026-05-05 19:00:00+00:00,0.0,0.63,True
2026-05-05 19:07:16,KXBTCD-26MAY0517-T81249.99,0.74,trade,yes,True,10.54,BTC,2026-05-05 19:07:16+00:00,2026-05-05 19:00:00+00:00,0.0,0.74,True
2026-05-05 19:11:31,KXBTCD-26MAY0516-T81499.99,0.46,trade,yes,True,35.22,BTC,2026-05-05 19:11:31+00:00,2026-05-05 19:00:00+00:00,0.0,0.46,True
2026-05-05 19:12:35,KXBTCD-26MAY0517-T81499.99,0.44,trade,yes,True,38.18,BTC,2026-05-05 19:12:35+00:00,2026-05-05 19:00:00+00:00,0.0,0.44,True
2026-05-05 19:18:58,KXBTCD-26MAY0517-T81749.99,0.26,trade,yes,False,-20.33,BTC,2026-05-05 19:18:58+00:00,2026-05-05 19:00:00+00:00,0.0,0.26,False
2026-05-05 21:00:25,KXBTCD-26MAY0518-T81599.99,0.62,trade,yes,False,-30.0,BTC,2026-05-05 21:00:25+00:00,2026-05-05 21:00:00+00:00,0.0,0.62,False
2026-05-05 21:07:51,KXBTCD-26MAY0518-T81699.99,0.4,trade,yes,False,-30.0,BTC,2026-05-05 21:07:51+00:00,2026-05-05 21:00:00+00:00,0.0,0.4,False
2026-05-05 21:14:12,KXBTCD-26MAY0518-T81799.99,0.23,trade,yes,False,-30.0,BTC,2026-05-05 21:14:12+00:00,2026-05-05 21:00:00+00:00,0.0,0.23,False
2026-05-05 22:00:33,KXBTCD-26MAY0519-T81499.99,0.52,trade,yes,False,-30.0,BTC,2026-05-05 22:00:33+00:00,2026-05-05 22:00:00+00:00,0.0,0.52,False
2026-05-05 22:04:57,KXBTCD-26MAY0519-T81599.99,0.37,trade,yes,False,-50.0,BTC,2026-05-05 22:04:57+00:00,2026-05-05 22:00:00+00:00,0.0,0.37,False
2026-05-05 22:10:14,KXBTCD-26MAY0519-T81399.99,0.53,trade,yes,False,-34.96,BTC,2026-05-05 22:10:14+00:00,2026-05-05 22:00:00+00:00,0.0,0.53,False
2026-05-05 22:16:31,KXBTCD-26MAY0519-T81299.99,0.59,trade,yes,False,-41.3,BTC,2026-05-05 22:16:31+00:00,2026-05-05 22:00:00+00:00,0.0,0.59,False
2026-05-05 22:27:03,KXBTCD-26MAY0519-T81499.99,0.47,trade,yes,False,-50.0,BTC,2026-05-05 22:27:03+00:00,2026-05-05 22:00:00+00:00,0.0,0.47,False
2026-05-05 22:43:53,KXBTCD-26MAY0519-T80999.99,0.53,trade,yes,True,19.7,BTC,2026-05-05 22:43:53+00:00,2026-05-05 22:00:00+00:00,0.0,0.53,True
2026-05-05 22:50:11,KXBTCD-26MAY0519-T81099.99,0.41,trade,yes,True,43.21,BTC,2026-05-05 22:50:11+00:00,2026-05-05 22:00:00+00:00,0.0,0.41,True
2026-05-05 22:56:31,KXBTCD-26MAY0519-T81199.99,0.43,trade,yes,False,-43.62,BTC,2026-05-05 22:56:31+00:00,2026-05-05 22:00:00+00:00,0.0,0.43,False
2026-05-05 23:02:52,KXBTCD-26MAY0520-T80999.99,0.53,trade,yes,False,-17.17,BTC,2026-05-05 23:02:52+00:00,2026-05-05 23:00:00+00:00,0.0,0.53,False
2026-05-05 23:08:08,KXBTCD-26MAY0520-T81099.99,0.41,trade,yes,False,-50.0,BTC,2026-05-05 23:08:08+00:00,2026-05-05 23:00:00+00:00,0.0,0.41,False
2026-05-05 23:13:25,KXBTCD-26MAY0520-T81199.99,0.53,trade,yes,False,-50.0,BTC,2026-05-05 23:13:25+00:00,2026-05-05 23:00:00+00:00,0.0,0.53,False
2026-05-06 00:00:50,KXBTCD-26MAY0521-T80899.99,0.57,trade,yes,True,37.64,BTC,2026-05-06 00:00:50+00:00,2026-05-06 00:00:00+00:00,0.0,0.57,True
2026-05-06 00:09:19,KXBTCD-26MAY0521-T80999.99,0.65,trade,yes,True,26.92,BTC,2026-05-06 00:09:19+00:00,2026-05-06 00:00:00+00:00,0.0,0.65,True
2026-05-06 00:14:37,KXBTCD-26MAY0521-T81099.99,0.6,trade,yes,False,-50.0,BTC,2026-05-06 00:14:37+00:00,2026-05-06 00:00:00+00:00,0.0,0.6,False
2026-05-06 01:07:37,KXBTCD-26MAY0522-T81299.99,0.22,trade,yes,True,177.27,BTC,2026-05-06 01:07:37+00:00,2026-05-06 01:00:00+00:00,0.0,0.22,True
2026-05-06 01:12:59,KXBTCD-26MAY0522-T81199.99,0.34,trade,yes,True,97.06,BTC,2026-05-06 01:12:59+00:00,2026-05-06 01:00:00+00:00,0.0,0.34,True
2026-05-06 01:18:19,KXBTCD-26MAY0522-T81399.99,0.28,trade,yes,True,128.57,BTC,2026-05-06 01:18:19+00:00,2026-05-06 01:00:00+00:00,0.0,0.28,True
2026-05-06 02:00:44,KXBTCD-26MAY0523-T81399.99,0.51,trade,yes,False,-50.0,BTC,2026-05-06 02:00:44+00:00,2026-05-06 02:00:00+00:00,0.0,0.51,False
2026-05-06 02:06:05,KXBTCD-26MAY0523-T81199.99,0.65,trade,yes,True,26.92,BTC,2026-05-06 02:06:05+00:00,2026-05-06 02:00:00+00:00,0.0,0.65,True
2026-05-06 02:11:24,KXBTCD-26MAY0523-T81299.99,0.59,trade,yes,True,34.75,BTC,2026-05-06 02:11:24+00:00,2026-05-06 02:00:00+00:00,0.0,0.59,True
2026-05-06 03:00:16,KXBTCD-26MAY0600-T81499.99,0.26,trade,yes,True,142.31,BTC,2026-05-06 03:00:16+00:00,2026-05-06 03:00:00+00:00,0.0,0.26,True
2026-05-06 03:05:36,KXBTCD-26MAY0600-T81599.99,0.21,trade,yes,False,-50.0,BTC,2026-05-06 03:05:36+00:00,2026-05-06 03:00:00+00:00,0.0,0.21,False
2026-05-06 03:11:01,KXBTCD-26MAY0600-T81299.99,0.71,trade,yes,True,19.24,BTC,2026-05-06 03:11:01+00:00,2026-05-06 03:00:00+00:00,0.0,0.71,True
2026-05-06 04:01:07,KXBTCD-26MAY0601-T81499.99,0.65,trade,yes,False,-50.0,BTC,2026-05-06 04:01:07+00:00,2026-05-06 04:00:00+00:00,0.0,0.65,False
2026-05-06 04:06:31,KXBTCD-26MAY0601-T81599.99,0.49,trade,yes,False,-50.0,BTC,2026-05-06 04:06:31+00:00,2026-05-06 04:00:00+00:00,0.0,0.49,False
2026-05-06 04:11:52,KXBTCD-26MAY0601-T81699.99,0.24,trade,yes,False,-50.0,BTC,2026-05-06 04:11:52+00:00,2026-05-06 04:00:00+00:00,0.0,0.24,False
2026-05-06 05:02:56,KXBTCD-26MAY0602-T81199.99,0.66,trade,yes,True,25.76,BTC,2026-05-06 05:02:56+00:00,2026-05-06 05:00:00+00:00,0.0,0.66,True
2026-05-06 05:20:03,KXBTCD-26MAY0602-T81399.99,0.25,trade,yes,False,-48.97,BTC,2026-05-06 05:20:03+00:00,2026-05-06 05:00:00+00:00,0.0,0.25,False
2026-05-06 06:00:28,KXBTCD-26MAY0603-T81399.99,0.4,trade,yes,True,75.0,BTC,2026-05-06 06:00:28+00:00,2026-05-06 06:00:00+00:00,0.0,0.4,True
2026-05-06 06:05:49,KXBTCD-26MAY0603-T81499.99,0.27,trade,yes,False,-50.0,BTC,2026-05-06 06:05:49+00:00,2026-05-06 06:00:00+00:00,0.0,0.27,False
2026-05-06 06:11:09,KXBTCD-26MAY0603-T81199.99,0.63,trade,yes,True,14.15,BTC,2026-05-06 06:11:09+00:00,2026-05-06 06:00:00+00:00,0.0,0.63,True
2026-05-06 12:11:30,KXBTCD-26MAY0609-T82299.99,0.56,trade,yes,False,-45.73,BTC,2026-05-06 12:11:30+00:00,2026-05-06 12:00:00+00:00,0.0,0.56,False
2026-05-06 12:16:49,KXBTCD-26MAY0609-T82199.99,0.63,trade,yes,True,21.53,BTC,2026-05-06 12:16:49+00:00,2026-05-06 12:00:00+00:00,0.0,0.63,True
2026-05-06 12:22:09,KXBTCD-26MAY0609-T82499.99,0.39,trade,yes,False,-49.4,BTC,2026-05-06 12:22:09+00:00,2026-05-06 12:00:00+00:00,0.0,0.39,False
2026-05-06 13:11:17,KXBTCD-26MAY0610-T81999.99,0.57,trade,yes,False,-42.95,BTC,2026-05-06 13:11:17+00:00,2026-05-06 13:00:00+00:00,0.0,0.57,False
2026-05-06 13:16:44,KXBTCD-26MAY0610-T82199.99,0.44,trade,yes,False,-45.82,BTC,2026-05-06 13:16:44+00:00,2026-05-06 13:00:00+00:00,0.0,0.44,False
2026-05-06 13:35:19,KXBTCD-26MAY0610-T81899.99,0.62,trade,yes,False,-50.0,BTC,2026-05-06 13:35:19+00:00,2026-05-06 13:00:00+00:00,0.0,0.62,False
2026-05-06 14:00:08,KXBTCD-26MAY0611-T81799.99,0.41,trade,yes,False,-49.31,BTC,2026-05-06 14:00:08+00:00,2026-05-06 14:00:00+00:00,0.0,0.41,False
2026-05-06 14:14:19,KXBTCD-26MAY0611-T81499.99,0.45,trade,yes,True,19.19,BTC,2026-05-06 14:14:19+00:00,2026-05-06 14:00:00+00:00,0.0,0.45,True
2026-05-06 14:45:55,KXBTCD-26MAY0611-T81899.99,0.57,trade,yes,False,-50.0,BTC,2026-05-06 14:45:55+00:00,2026-05-06 14:00:00+00:00,0.0,0.57,False
2026-05-06 17:48:08,KXBTCD-26MAY0614-T81399.99,0.69,trade,yes,True,22.46,BTC,2026-05-06 17:48:08+00:00,2026-05-06 17:00:00+00:00,0.0,0.69,True
2026-05-06 18:05:05,KXBTCD-26MAY0615-T81399.99,0.57,trade,yes,False,-50.0,BTC,2026-05-06 18:05:05+00:00,2026-05-06 18:00:00+00:00,0.0,0.57,False
2026-05-06 18:10:22,KXBTCD-26MAY0615-T81299.99,0.72,trade,yes,True,19.44,BTC,2026-05-06 18:10:22+00:00,2026-05-06 18:00:00+00:00,0.0,0.72,True
2026-05-06 18:14:37,KXBTCD-26MAY0615-T81499.99,0.44,trade,yes,False,-50.0,BTC,2026-05-06 18:14:37+00:00,2026-05-06 18:00:00+00:00,0.0,0.44,False
2026-05-06 18:34:47,KXBTCD-26MAY0615-T81299.99,0.68,trade,yes,True,21.05,BTC,2026-05-06 18:34:47+00:00,2026-05-06 18:00:00+00:00,0.0,0.68,True
2026-05-06 19:04:25,KXBTCD-26MAY0616-T81499.99,0.35,trade,yes,False,-50.0,BTC,2026-05-06 19:04:25+00:00,2026-05-06 19:00:00+00:00,0.0,0.35,False
2026-05-07 13:34:37,KXBTCD-26MAY0710-T80999.99,0.26,trade,no,True,17.57,BTC,2026-05-07 13:34:37+00:00,2026-05-07 13:00:00+00:00,1.0,0.74,True
2026-05-07 18:11:01,KXBTCD-26MAY0715-T80299.99,0.26,trade,no,True,17.57,BTC,2026-05-07 18:11:01+00:00,2026-05-07 18:00:00+00:00,2.0,0.74,True
2026-05-07 18:31:11,KXBTCD-26MAY0715-T80099.99,0.73,trade,no,False,-36.3,BTC,2026-05-07 18:31:11+00:00,2026-05-07 18:00:00+00:00,2.0,0.27,False
2026-05-07 19:20:21,KXBTCD-26MAY0716-T79899.99,0.75,trade,no,False,-35.64,BTC,2026-05-07 19:20:21+00:00,2026-05-07 19:00:00+00:00,2.0,0.25,False
2026-05-07 19:26:46,KXBTCD-26MAY0717-T80249.99,0.2,trade,no,True,12.5,BTC,2026-05-07 19:26:46+00:00,2026-05-07 19:00:00+00:00,2.0,0.8,True
2026-05-07 21:33:02,KXBTCD-26MAY0718-T79999.99,0.2,trade,no,True,12.5,BTC,2026-05-07 21:33:02+00:00,2026-05-07 21:00:00+00:00,2.0,0.8,True
2026-05-07 21:43:42,KXBTCD-26MAY0718-T79899.99,0.25,trade,no,True,16.67,BTC,2026-05-07 21:43:42+00:00,2026-05-07 21:00:00+00:00,2.0,0.75,True
2026-05-07 23:06:49,KXBTCD-26MAY0720-T80099.99,0.23,trade,no,True,14.94,BTC,2026-05-07 23:06:49+00:00,2026-05-07 23:00:00+00:00,2.0,0.77,True
2026-05-07 23:18:12,KXBTCD-26MAY0720-T79999.99,0.25,trade,no,False,-50.0,BTC,2026-05-07 23:18:12+00:00,2026-05-07 23:00:00+00:00,2.0,0.75,False
2026-05-08 00:12:51,KXBTCD-26MAY0721-T80199.99,0.22,trade,no,True,14.1,BTC,2026-05-08 00:12:51+00:00,2026-05-08 00:00:00+00:00,2.0,0.78,True
2026-05-08 00:18:42,KXBTCD-26MAY0721-T80099.99,0.25,trade,no,True,16.67,BTC,2026-05-08 00:18:42+00:00,2026-05-08 00:00:00+00:00,2.0,0.75,True
2026-05-08 00:22:58,KXBTCD-26MAY0721-T79999.99,0.75,trade,no,True,92.34,BTC,2026-05-08 00:22:58+00:00,2026-05-08 00:00:00+00:00,2.0,0.25,True
2026-05-08 01:06:47,KXBTCD-26MAY0722-T79699.99,0.75,trade,no,False,-38.87,BTC,2026-05-08 01:06:47+00:00,2026-05-08 01:00:00+00:00,2.0,0.25,False
2026-05-08 04:01:01,KXBTCD-26MAY0801-T79699.99,0.22,trade,no,True,14.1,BTC,2026-05-08 04:01:01+00:00,2026-05-08 04:00:00+00:00,2.0,0.78,True
2026-05-08 04:19:23,KXBTCD-26MAY0801-T79799.99,0.23,trade,no,True,14.94,BTC,2026-05-08 04:19:23+00:00,2026-05-08 04:00:00+00:00,2.0,0.77,True
2026-05-08 05:22:37,KXBTCD-26MAY0802-T79699.99,0.21,trade,no,True,13.29,BTC,2026-05-08 05:22:37+00:00,2026-05-08 05:00:00+00:00,2.0,0.79,True
2026-05-08 05:33:45,KXBTCD-26MAY0802-T79599.99,0.75,trade,no,False,-41.26,BTC,2026-05-08 05:33:45+00:00,2026-05-08 05:00:00+00:00,2.0,0.25,False
2026-05-08 05:45:32,KXBTCD-26MAY0802-T79799.99,0.27,trade,no,True,18.49,BTC,2026-05-08 05:45:32+00:00,2026-05-08 05:00:00+00:00,2.0,0.73,True
2026-05-08 06:28:50,KXBTCD-26MAY0803-T79499.99,0.75,trade,no,False,-43.12,BTC,2026-05-08 06:28:50+00:00,2026-05-08 06:00:00+00:00,2.0,0.25,False
2026-05-08 07:30:23,KXBTCD-26MAY0804-T79499.99,0.2,trade,no,False,-50.0,BTC,2026-05-08 07:30:23+00:00,2026-05-08 07:00:00+00:00,2.0,0.8,False
2026-05-08 08:11:06,KXBTCD-26MAY0805-T79799.99,0.26,trade,no,False,-50.0,BTC,2026-05-08 08:11:06+00:00,2026-05-08 08:00:00+00:00,2.0,0.74,False
2026-05-08 08:12:10,KXBTCD-26MAY0805-T79599.99,0.75,trade,no,False,-32.06,BTC,2026-05-08 08:12:10+00:00,2026-05-08 08:00:00+00:00,2.0,0.25,False
2026-05-08 08:42:02,KXBTCD-26MAY0805-T79899.99,0.21,trade,no,True,13.29,BTC,2026-05-08 08:42:02+00:00,2026-05-08 08:00:00+00:00,2.0,0.79,True
2026-05-08 09:30:56,KXBTCD-26MAY0806-T79999.99,0.26,trade,no,True,17.57,BTC,2026-05-08 09:30:56+00:00,2026-05-08 09:00:00+00:00,2.0,0.74,True
2026-05-08 10:02:20,KXBTCD-26MAY0807-T79799.99,0.75,trade,no,False,-31.85,BTC,2026-05-08 10:02:20+00:00,2026-05-08 10:00:00+00:00,2.0,0.25,False
2026-05-08 11:04:36,KXBTCD-26MAY0808-T80099.99,0.75,trade,no,False,-24.96,BTC,2026-05-08 11:04:36+00:00,2026-05-08 11:00:00+00:00,2.0,0.25,False
2026-05-08 11:18:22,KXBTCD-26MAY0808-T80299.99,0.29,trade,no,True,20.42,BTC,2026-05-08 11:18:22+00:00,2026-05-08 11:00:00+00:00,2.0,0.71,True
2026-05-08 11:25:26,KXBTCD-26MAY0808-T80399.99,0.24,trade,no,True,15.79,BTC,2026-05-08 11:25:26+00:00,2026-05-08 11:00:00+00:00,2.0,0.76,True
2026-05-08 12:00:11,KXBTCD-26MAY0809-T80399.99,0.28,trade,no,True,19.44,BTC,2026-05-08 12:00:11+00:00,2026-05-08 12:00:00+00:00,2.0,0.72,True
2026-05-08 13:30:04,KXBTCD-26MAY0810-T79799.99,0.26,trade,no,True,17.57,BTC,2026-05-08 13:30:04+00:00,2026-05-08 13:00:00+00:00,2.0,0.74,True
2026-05-08 13:35:30,KXBTCD-26MAY0810-T79899.99,0.27,trade,no,True,18.49,BTC,2026-05-08 13:35:30+00:00,2026-05-08 13:00:00+00:00,2.0,0.73,True
2026-05-08 14:02:21,KXBTCD-26MAY0811-T79999.99,0.24,trade,no,False,-50.0,BTC,2026-05-08 14:02:21+00:00,2026-05-08 14:00:00+00:00,2.0,0.76,False
2026-05-08 17:01:02,KXBTCD-26MAY0814-T79999.99,0.25,trade,no,False,-50.0,BTC,2026-05-08 17:01:02+00:00,2026-05-08 17:00:00+00:00,2.0,0.75,False
2026-05-08 17:11:52,KXBTCD-26MAY0814-T79899.99,0.27,trade,no,False,-50.0,BTC,2026-05-08 17:11:52+00:00,2026-05-08 17:00:00+00:00,2.0,0.73,False
2026-05-08 22:02:32,KXBTCD-26MAY0819-T80499.99,0.2,trade,no,True,9.24,BTC,2026-05-08 22:02:32+00:00,2026-05-08 22:00:00+00:00,2.0,0.8,True
2026-05-08 22:32:45,KXBTCD-26MAY0819-T80399.99,0.28,trade,no,True,19.44,BTC,2026-05-08 22:32:45+00:00,2026-05-08 22:00:00+00:00,2.0,0.72,True
2026-05-09 12:00:33,KXBTCD-26MAY0909-T80399.99,0.27,trade,no,True,18.49,BTC,2026-05-09 12:00:33+00:00,2026-05-09 12:00:00+00:00,2.0,0.73,True
2026-05-09 12:18:35,KXBTCD-26MAY0909-T80299.99,0.63,trade,no,False,-50.0,BTC,2026-05-09 12:18:35+00:00,2026-05-09 12:00:00+00:00,2.0,0.37,False
2026-05-09 13:23:25,KXBTCD-26MAY0910-T80399.99,0.28,trade,no,True,19.44,BTC,2026-05-09 13:23:25+00:00,2026-05-09 13:00:00+00:00,2.0,0.72,True
2026-05-09 15:44:54,KXBTCD-26MAY0912-T80499.99,0.3,trade,no,False,-42.68,BTC,2026-05-09 15:44:54+00:00,2026-05-09 15:00:00+00:00,2.0,0.7,False
2026-05-10 03:40:27,KXBTCD-26MAY1000-T80899.99,0.25,trade,no,True,16.67,BTC,2026-05-10 03:40:27+00:00,2026-05-10 03:00:00+00:00,2.0,0.75,True
2026-05-10 09:08:05,KXBTCD-26MAY1006-T80899.99,0.31,trade,no,True,22.46,BTC,2026-05-10 09:08:05+00:00,2026-05-10 09:00:00+00:00,2.0,0.69,True
2026-05-10 13:41:12,KXBTCD-26MAY1010-T80999.99,0.29,trade,no,True,20.42,BTC,2026-05-10 13:41:12+00:00,2026-05-10 13:00:00+00:00,2.0,0.71,True
2026-05-10 15:42:17,KXBTCD-26MAY1012-T81099.99,0.43,trade,yes,True,66.28,BTC,2026-05-10 15:42:17+00:00,2026-05-10 15:00:00+00:00,2.0,0.43,True
2026-05-10 16:24:48,KXBTCD-26MAY1013-T81399.99,0.22,trade,yes,False,-40.03,BTC,2026-05-10 16:24:48+00:00,2026-05-10 16:00:00+00:00,2.0,0.22,False
2026-05-10 16:31:39,KXBTCD-26MAY1013-T81299.99,0.42,trade,yes,True,63.58,BTC,2026-05-10 16:31:39+00:00,2026-05-10 16:00:00+00:00,2.0,0.42,True
2026-05-10 17:07:34,KXBTCD-26MAY1014-T81299.99,0.5,trade,yes,True,50.0,BTC,2026-05-10 17:07:34+00:00,2026-05-10 17:00:00+00:00,2.0,0.5,True
2026-05-10 17:10:52,KXBTCD-26MAY1014-T81399.99,0.19,trade,yes,True,213.16,BTC,2026-05-10 17:10:52+00:00,2026-05-10 17:00:00+00:00,2.0,0.19,True
2026-05-10 17:14:14,KXBTCD-26MAY1014-T81499.99,0.13,trade,yes,False,-50.0,BTC,2026-05-10 17:14:14+00:00,2026-05-10 17:00:00+00:00,2.0,0.13,False
2026-05-10 18:15:47,KXBTCD-26MAY1015-T81399.99,0.57,trade,yes,False,-50.0,BTC,2026-05-10 18:15:47+00:00,2026-05-10 18:00:00+00:00,2.0,0.57,False
2026-05-10 18:17:55,KXBTCD-26MAY1015-T81499.99,0.23,trade,yes,False,-50.0,BTC,2026-05-10 18:17:55+00:00,2026-05-10 18:00:00+00:00,2.0,0.23,False
2026-05-10 18:40:44,KXBTCD-26MAY1015-T81299.99,0.64,trade,yes,False,-50.0,BTC,2026-05-10 18:40:44+00:00,2026-05-10 18:00:00+00:00,2.0,0.64,False
2026-05-10 19:00:20,KXBTCD-26MAY1016-T81299.99,0.4,trade,yes,True,75.0,BTC,2026-05-10 19:00:20+00:00,2026-05-10 19:00:00+00:00,2.0,0.4,True
2026-05-10 19:14:03,KXBTCD-26MAY1016-T81399.99,0.4,trade,yes,True,75.0,BTC,2026-05-10 19:14:03+00:00,2026-05-10 19:00:00+00:00,2.0,0.4,True
2026-05-10 19:19:44,KXBTCD-26MAY1016-T81499.99,0.25,trade,yes,False,-50.0,BTC,2026-05-10 19:19:44+00:00,2026-05-10 19:00:00+00:00,2.0,0.25,False
2026-05-10 19:20:49,KXBTCD-26MAY1017-T81499.99,0.4,trade,yes,False,-50.0,BTC,2026-05-10 19:20:49+00:00,2026-05-10 19:00:00+00:00,2.0,0.4,False
2026-05-10 20:21:33,KXBTCD-26MAY1017-T81249.99,0.44,trade,yes,False,-21.12,BTC,2026-05-10 20:21:33+00:00,2026-05-10 20:00:00+00:00,2.0,0.44,False
2026-05-10 20:34:24,KXBTCD-26MAY1017-T80999.99,0.53,trade,yes,False,-50.0,BTC,2026-05-10 20:34:24+00:00,2026-05-10 20:00:00+00:00,2.0,0.53,False
2026-05-10 21:02:47,KXBTCD-26MAY1018-T80999.99,0.42,trade,yes,False,-42.94,BTC,2026-05-10 21:02:47+00:00,2026-05-10 21:00:00+00:00,2.0,0.42,False
2026-05-10 21:19:32,KXBTCD-26MAY1018-T80899.99,0.45,trade,yes,False,-35.11,BTC,2026-05-10 21:19:32+00:00,2026-05-10 21:00:00+00:00,2.0,0.45,False
2026-05-10 22:19:19,KXBTCD-26MAY1019-T81299.99,0.55,trade,yes,True,40.91,BTC,2026-05-10 22:19:19+00:00,2026-05-10 22:00:00+00:00,2.0,0.55,True
2026-05-10 23:52:59,KXBTCD-26MAY1020-T82199.99,0.58,trade,yes,False,-50.0,BTC,2026-05-10 23:52:59+00:00,2026-05-10 23:00:00+00:00,2.0,0.58,False
2026-05-11 00:05:14,KXBTCD-26MAY1021-T81999.99,0.59,trade,yes,False,-30.32,BTC,2026-05-11 00:05:14+00:00,2026-05-11 00:00:00+00:00,2.0,0.59,False
2026-05-11 00:11:41,KXBTCD-26MAY1021-T82099.99,0.4,trade,yes,False,-17.06,BTC,2026-05-11 00:11:41+00:00,2026-05-11 00:00:00+00:00,2.0,0.4,False
2026-05-11 00:25:19,KXBTCD-26MAY1021-T81699.99,0.57,trade,yes,False,-20.33,BTC,2026-05-11 00:25:19+00:00,2026-05-11 00:00:00+00:00,2.0,0.57,False
2026-05-11 01:12:04,KXBTCD-26MAY1022-T81399.99,0.61,trade,yes,True,29.43,BTC,2026-05-11 01:12:04+00:00,2026-05-11 01:00:00+00:00,2.0,0.61,True
2026-05-11 01:54:34,KXBTCD-26MAY1022-T81499.99,0.55,trade,yes,False,-44.59,BTC,2026-05-11 01:54:34+00:00,2026-05-11 01:00:00+00:00,2.0,0.55,False
2026-05-11 02:00:44,KXBTCD-26MAY1023-T81399.99,0.63,trade,yes,False,-42.22,BTC,2026-05-11 02:00:44+00:00,2026-05-11 02:00:00+00:00,2.0,0.63,False
2026-05-11 02:07:10,KXBTCD-26MAY1023-T81599.99,0.36,trade,yes,False,-45.17,BTC,2026-05-11 02:07:10+00:00,2026-05-11 02:00:00+00:00,2.0,0.36,False
2026-05-11 02:12:39,KXBTCD-26MAY1023-T81499.99,0.36,trade,yes,False,-50.0,BTC,2026-05-11 02:12:39+00:00,2026-05-11 02:00:00+00:00,2.0,0.36,False
2026-05-11 03:01:02,KXBTCD-26MAY1100-T80999.99,0.75,trade,yes,False,-50.0,BTC,2026-05-11 03:01:02+00:00,2026-05-11 03:00:00+00:00,2.0,0.75,False
2026-05-11 03:06:32,KXBTCD-26MAY1100-T81099.99,0.46,trade,yes,False,-48.28,BTC,2026-05-11 03:06:32+00:00,2026-05-11 03:00:00+00:00,2.0,0.46,False
2026-05-11 03:12:05,KXBTCD-26MAY1100-T80899.99,0.57,trade,yes,False,-45.43,BTC,2026-05-11 03:12:05+00:00,2026-05-11 03:00:00+00:00,2.0,0.57,False
2026-05-11 07:00:16,KXBTCD-26MAY1104-T80799.99,0.49,trade,yes,False,-50.0,BTC,2026-05-11 07:00:16+00:00,2026-05-11 07:00:00+00:00,2.0,0.49,False
2026-05-11 07:04:35,KXBTCD-26MAY1104-T80699.99,0.6,trade,yes,True,33.33,BTC,2026-05-11 07:04:35+00:00,2026-05-11 07:00:00+00:00,2.0,0.6,True
2026-05-11 07:12:14,KXBTCD-26MAY1104-T80899.99,0.25,trade,yes,False,-32.61,BTC,2026-05-11 07:12:14+00:00,2026-05-11 07:00:00+00:00,2.0,0.25,False
2026-05-11 08:42:05,KXBTCD-26MAY1105-T80799.99,0.53,trade,yes,False,-50.0,BTC,2026-05-11 08:42:05+00:00,2026-05-11 08:00:00+00:00,2.0,0.53,False
2026-05-11 09:13:53,KXBTCD-26MAY1106-T80799.99,0.74,trade,no,False,-40.54,BTC,2026-05-11 09:13:53+00:00,2026-05-11 09:00:00+00:00,2.0,0.26,False
2026-05-11 10:09:35,KXBTCD-26MAY1107-T80899.99,0.83,trade,no,False,-42.14,BTC,2026-05-11 10:09:35+00:00,2026-05-11 10:00:00+00:00,2.0,0.17000000000000004,False
2026-05-11 10:21:40,KXBTCD-26MAY1107-T80999.99,0.8,trade,no,True,189.32,BTC,2026-05-11 10:21:40+00:00,2026-05-11 10:00:00+00:00,2.0,0.19999999999999996,True
2026-05-11 10:31:50,KXBTCD-26MAY1107-T81099.99,0.74,trade,no,True,112.62,BTC,2026-05-11 10:31:50+00:00,2026-05-11 10:00:00+00:00,2.0,0.26,True
2026-05-11 11:04:40,KXBTCD-26MAY1108-T80899.99,0.74,trade,no,False,-36.77,BTC,2026-05-11 11:04:40+00:00,2026-05-11 11:00:00+00:00,2.0,0.26,False
2026-05-11 11:19:59,KXBTCD-26MAY1108-T80999.99,0.72,trade,no,False,-20.64,BTC,2026-05-11 11:19:59+00:00,2026-05-11 11:00:00+00:00,2.0,0.28,False
2026-05-11 12:24:25,KXBTCD-26MAY1109-T81099.99,0.81,trade,no,True,69.15,BTC,2026-05-11 12:24:25+00:00,2026-05-11 12:00:00+00:00,2.0,0.18999999999999995,True
2026-05-11 12:55:23,KXBTCD-26MAY1109-T80999.99,0.8,trade,no,False,-50.0,BTC,2026-05-11 12:55:23+00:00,2026-05-11 12:00:00+00:00,2.0,0.19999999999999996,False
2026-05-11 13:19:05,KXBTCD-26MAY1110-T81399.99,0.32,trade,no,True,22.41,BTC,2026-05-11 13:19:05+00:00,2026-05-11 13:00:00+00:00,2.0,0.6799999999999999,True
2026-05-11 13:26:54,KXBTCD-26MAY1110-T81299.99,0.33,trade,no,True,24.63,BTC,2026-05-11 13:26:54+00:00,2026-05-11 13:00:00+00:00,2.0,0.6699999999999999,True
2026-05-11 13:31:36,KXBTCD-26MAY1110-T80999.99,0.56,trade,yes,True,21.48,BTC,2026-05-11 13:31:36+00:00,2026-05-11 13:00:00+00:00,2.0,0.56,True
2026-05-11 14:27:27,KXBTCD-26MAY1111-T80799.99,0.67,trade,yes,True,13.96,BTC,2026-05-11 14:27:27+00:00,2026-05-11 14:00:00+00:00,2.0,0.67,True
2026-05-11 15:12:01,KXBTCD-26MAY1112-T80799.99,0.73,trade,no,False,-26.19,BTC,2026-05-11 15:12:01+00:00,2026-05-11 15:00:00+00:00,2.0,0.27,False
2026-05-11 16:26:54,KXBTCD-26MAY1113-T81999.99,0.21,trade,no,True,4.44,BTC,2026-05-11 16:26:54+00:00,2026-05-11 16:00:00+00:00,2.0,0.79,True
2026-05-11 16:58:28,KXBTCD-26MAY1113-T81599.99,0.49,trade,no,True,48.04,BTC,2026-05-11 16:58:28+00:00,2026-05-11 16:00:00+00:00,2.0,0.51,True
2026-05-11 17:00:40,KXBTCD-26MAY1114-T81499.99,0.56,trade,yes,True,37.78,BTC,2026-05-11 17:00:40+00:00,2026-05-11 17:00:00+00:00,2.0,0.56,True
2026-05-11 17:06:05,KXBTCD-26MAY1114-T81399.99,0.62,trade,yes,True,16.25,BTC,2026-05-11 17:06:05+00:00,2026-05-11 17:00:00+00:00,2.0,0.62,True
2026-05-11 17:12:36,KXBTCD-26MAY1114-T81299.99,0.71,trade,yes,True,20.42,BTC,2026-05-11 17:12:36+00:00,2026-05-11 17:00:00+00:00,2.0,0.71,True
2026-05-11 18:36:45,KXBTCD-26MAY1115-T81999.99,0.54,trade,yes,False,-50.0,BTC,2026-05-11 18:36:45+00:00,2026-05-11 18:00:00+00:00,2.0,0.54,False
2026-05-11 19:05:51,KXBTCD-26MAY1117-T81749.99,0.55,trade,yes,True,37.6,BTC,2026-05-11 19:05:51+00:00,2026-05-11 19:00:00+00:00,2.0,0.55,True
2026-05-11 19:10:12,KXBTCD-26MAY1116-T81899.99,0.51,trade,yes,True,48.04,BTC,2026-05-11 19:10:12+00:00,2026-05-11 19:00:00+00:00,2.0,0.51,True
2026-05-11 19:15:39,KXBTCD-26MAY1116-T81799.99,0.66,trade,yes,True,25.76,BTC,2026-05-11 19:15:39+00:00,2026-05-11 19:00:00+00:00,2.0,0.66,True
2026-05-11 19:41:23,KXBTCD-26MAY1117-T81999.99,0.44,trade,yes,False,-50.0,BTC,2026-05-11 19:41:23+00:00,2026-05-11 19:00:00+00:00,2.0,0.44,False
2026-05-11 19:43:59,KXBTCD-26MAY1116-T81999.99,0.59,trade,yes,False,-50.0,BTC,2026-05-11 19:43:59+00:00,2026-05-11 19:00:00+00:00,2.0,0.59,False
2026-05-11 21:05:54,KXBTCD-26MAY1118-T81799.99,0.57,trade,yes,True,37.72,BTC,2026-05-11 21:05:54+00:00,2026-05-11 21:00:00+00:00,2.0,0.57,True
2026-05-11 21:06:58,KXBTCD-26MAY1118-T81699.99,0.7,trade,yes,True,21.43,BTC,2026-05-11 21:06:58+00:00,2026-05-11 21:00:00+00:00,2.0,0.7,True
2026-05-11 21:13:28,KXBTCD-26MAY1118-T81599.99,0.74,trade,yes,True,17.57,BTC,2026-05-11 21:13:28+00:00,2026-05-11 21:00:00+00:00,2.0,0.74,True
2026-05-11 22:04:23,KXBTCD-26MAY1119-T81799.99,0.73,trade,no,False,-10.72,BTC,2026-05-11 22:04:23+00:00,2026-05-11 22:00:00+00:00,2.0,0.27,False
2026-05-11 22:26:21,KXBTCD-26MAY1119-T81699.99,0.71,trade,yes,True,20.42,BTC,2026-05-11 22:26:21+00:00,2026-05-11 22:00:00+00:00,2.0,0.71,True
2026-05-11 23:02:38,KXBTCD-26MAY1120-T81699.99,0.57,trade,yes,True,37.72,BTC,2026-05-11 23:02:38+00:00,2026-05-11 23:00:00+00:00,2.0,0.57,True
2026-05-11 23:10:12,KXBTCD-26MAY1120-T81599.99,0.74,trade,yes,True,17.57,BTC,2026-05-11 23:10:12+00:00,2026-05-11 23:00:00+00:00,2.0,0.74,True
2026-05-12 00:11:22,KXBTCD-26MAY1121-T81699.99,0.47,trade,yes,False,-49.57,BTC,2026-05-12 00:11:22+00:00,2026-05-12 00:00:00+00:00,2.0,0.47,False
2026-05-12 00:19:01,KXBTCD-26MAY1121-T81599.99,0.54,trade,yes,False,-50.0,BTC,2026-05-12 00:19:01+00:00,2026-05-12 00:00:00+00:00,2.0,0.54,False
2026-05-12 00:21:25,KXBTCD-26MAY1121-T81499.99,0.73,trade,yes,True,18.49,BTC,2026-05-12 00:21:25+00:00,2026-05-12 00:00:00+00:00,2.0,0.73,True
2026-05-12 01:04:48,KXBTCD-26MAY1122-T81499.99,0.4,trade,yes,False,-50.0,BTC,2026-05-12 01:04:48+00:00,2026-05-12 01:00:00+00:00,2.0,0.4,False
2026-05-12 01:08:07,KXBTCD-26MAY1122-T81399.99,0.51,trade,yes,False,-50.0,BTC,2026-05-12 01:08:07+00:00,2026-05-12 01:00:00+00:00,2.0,0.51,False
2026-05-12 01:09:11,KXBTCD-26MAY1122-T81299.99,0.72,trade,yes,False,-50.0,BTC,2026-05-12 01:09:11+00:00,2026-05-12 01:00:00+00:00,2.0,0.72,False
2026-05-12 02:00:39,KXBTCD-26MAY1123-T81199.99,0.5,trade,yes,True,48.78,BTC,2026-05-12 02:00:39+00:00,2026-05-12 02:00:00+00:00,2.0,0.5,True
2026-05-12 03:14:01,KXBTCD-26MAY1200-T80999.99,0.91,trade,no,False,-50.0,BTC,2026-05-12 03:14:01+00:00,2026-05-12 03:00:00+00:00,2.0,0.08999999999999997,False
2026-05-12 03:20:38,KXBTCD-26MAY1200-T81099.99,0.75,trade,no,True,138.33,BTC,2026-05-12 03:20:38+00:00,2026-05-12 03:00:00+00:00,2.0,0.25,True
2026-05-12 04:09:56,KXBTCD-26MAY1201-T80999.99,0.58,trade,yes,True,36.21,BTC,2026-05-12 04:09:56+00:00,2026-05-12 04:00:00+00:00,2.0,0.58,True
2026-05-12 04:31:03,KXBTCD-26MAY1201-T81099.99,0.85,trade,no,False,-50.0,BTC,2026-05-12 04:31:03+00:00,2026-05-12 04:00:00+00:00,2.0,0.15000000000000002,False
2026-05-12 05:00:28,KXBTCD-26MAY1202-T81099.99,0.75,trade,no,False,-36.26,BTC,2026-05-12 05:00:28+00:00,2026-05-12 05:00:00+00:00,2.0,0.25,False
2026-05-12 05:28:04,KXBTCD-26MAY1202-T81199.99,0.8,trade,no,False,-50.0,BTC,2026-05-12 05:28:04+00:00,2026-05-12 05:00:00+00:00,2.0,0.19999999999999996,False
2026-05-12 06:10:28,KXBTCD-26MAY1203-T81099.99,0.87,trade,no,True,334.62,BTC,2026-05-12 06:10:28+00:00,2026-05-12 06:00:00+00:00,2.0,0.13,True
2026-05-12 06:19:22,KXBTCD-26MAY1203-T81199.99,0.75,trade,no,True,150.0,BTC,2026-05-12 06:19:22+00:00,2026-05-12 06:00:00+00:00,2.0,0.25,True
2026-05-12 06:49:55,KXBTCD-26MAY1203-T80999.99,0.92,trade,no,False,-50.0,BTC,2026-05-12 06:49:55+00:00,2026-05-12 06:00:00+00:00,2.0,0.07999999999999996,False
2026-05-12 10:28:02,KXBTCD-26MAY1207-T80599.99,0.75,trade,no,False,-39.31,BTC,2026-05-12 10:28:02+00:00,2026-05-12 10:00:00+00:00,2.0,0.25,False
2026-05-12 10:35:37,KXBTCD-26MAY1207-T80499.99,0.9,trade,no,False,-50.0,BTC,2026-05-12 10:35:37+00:00,2026-05-12 10:00:00+00:00,2.0,0.09999999999999998,False
2026-05-12 10:50:28,KXBTCD-26MAY1207-T80699.99,0.24,trade,no,True,15.79,BTC,2026-05-12 10:50:28+00:00,2026-05-12 10:00:00+00:00,2.0,0.76,True
2026-05-12 11:02:36,KXBTCD-26MAY1208-T80499.99,0.75,trade,no,False,-42.14,BTC,2026-05-12 11:02:36+00:00,2026-05-12 11:00:00+00:00,2.0,0.25,False
2026-05-12 11:30:13,KXBTCD-26MAY1208-T80399.99,0.96,trade,no,False,-48.15,BTC,2026-05-12 11:30:13+00:00,2026-05-12 11:00:00+00:00,2.0,0.040000000000000036,False
2026-05-12 11:41:00,KXBTCD-26MAY1208-T80599.99,0.83,trade,no,False,-50.0,BTC,2026-05-12 11:41:00+00:00,2026-05-12 11:00:00+00:00,2.0,0.17000000000000004,False
2026-05-12 12:12:47,KXBTCD-26MAY1209-T80699.99,0.72,trade,no,False,-37.71,BTC,2026-05-12 12:12:47+00:00,2026-05-12 12:00:00+00:00,2.0,0.28,False
2026-05-12 13:02:20,KXBTCD-26MAY1210-T81099.99,0.25,trade,no,True,12.44,BTC,2026-05-12 13:02:20+00:00,2026-05-12 13:00:00+00:00,2.0,0.75,True
2026-05-12 13:10:01,KXBTCD-26MAY1210-T80999.99,0.33,trade,no,True,24.63,BTC,2026-05-12 13:10:01+00:00,2026-05-12 13:00:00+00:00,2.0,0.6699999999999999,True
2026-05-12 13:21:11,KXBTCD-26MAY1210-T80799.99,0.31,trade,no,True,22.46,BTC,2026-05-12 13:21:11+00:00,2026-05-12 13:00:00+00:00,2.0,0.69,True
2026-05-12 14:05:21,KXBTCD-26MAY1211-T80899.99,0.21,trade,no,True,13.29,BTC,2026-05-12 14:05:21+00:00,2026-05-12 14:00:00+00:00,2.0,0.79,True
2026-05-12 14:09:49,KXBTCD-26MAY1211-T80399.99,0.71,trade,no,False,-38.24,BTC,2026-05-12 14:09:49+00:00,2026-05-12 14:00:00+00:00,2.0,0.29000000000000004,False
2026-05-12 14:29:33,KXBTCD-26MAY1211-T80799.99,0.27,trade,no,True,18.49,BTC,2026-05-12 14:29:33+00:00,2026-05-12 14:00:00+00:00,2.0,0.73,True
2026-05-12 15:06:15,KXBTCD-26MAY1212-T80699.99,0.28,trade,no,True,19.44,BTC,2026-05-12 15:06:15+00:00,2026-05-12 15:00:00+00:00,2.0,0.72,True
2026-05-12 15:16:31,KXBTCD-26MAY1212-T80399.99,0.71,trade,no,True,85.22,BTC,2026-05-12 15:16:31+00:00,2026-05-12 15:00:00+00:00,2.0,0.29000000000000004,True
2026-05-12 17:13:07,KXBTCD-26MAY1214-T79999.99,0.73,trade,no,False,-40.99,BTC,2026-05-12 17:13:07+00:00,2026-05-12 17:00:00+00:00,1.0,0.27,False
2026-05-12 17:19:12,KXBTCD-26MAY1214-T80099.99,0.73,trade,no,False,-32.27,BTC,2026-05-12 17:19:12+00:00,2026-05-12 17:00:00+00:00,1.0,0.27,False
2026-05-12 17:22:30,KXBTCD-26MAY1214-T80199.99,0.72,trade,no,False,-35.36,BTC,2026-05-12 17:22:30+00:00,2026-05-12 17:00:00+00:00,1.0,0.28,False
2026-05-12 21:13:55,KXBTCD-26MAY1218-T80599.99,0.73,trade,no,True,74.19,BTC,2026-05-12 21:13:55+00:00,2026-05-12 21:00:00+00:00,2.0,0.27,True
2026-05-13 00:26:35,KXBTCD-26MAY1221-T80599.99,0.71,trade,no,False,-12.29,BTC,2026-05-13 00:26:35+00:00,2026-05-13 00:00:00+00:00,2.0,0.29000000000000004,False
2026-05-13 01:04:31,KXBTCD-26MAY1222-T80599.99,0.72,trade,no,False,-30.82,BTC,2026-05-13 01:04:31+00:00,2026-05-13 01:00:00+00:00,2.0,0.28,False
2026-05-13 01:12:03,KXBTCD-26MAY1222-T80799.99,0.72,trade,no,False,-15.0,BTC,2026-05-13 01:12:03+00:00,2026-05-13 01:00:00+00:00,2.0,0.28,False
2026-05-13 03:37:42,KXBTCD-26MAY1300-T80999.99,0.9,trade,no,False,-50.0,BTC,2026-05-13 03:37:42+00:00,2026-05-13 03:00:00+00:00,2.0,0.09999999999999998,False
2026-05-13 04:25:57,KXBTCD-26MAY1301-T81099.99,0.81,trade,no,False,-50.0,BTC,2026-05-13 04:25:57+00:00,2026-05-13 04:00:00+00:00,2.0,0.18999999999999995,False
2026-05-13 05:01:23,KXBTCD-26MAY1302-T81099.99,0.75,trade,no,True,114.06,BTC,2026-05-13 05:01:23+00:00,2026-05-13 05:00:00+00:00,2.0,0.25,True
2026-05-13 05:36:28,KXBTCD-26MAY1302-T80999.99,0.83,trade,no,False,-50.0,BTC,2026-05-13 05:36:28+00:00,2026-05-13 05:00:00+00:00,2.0,0.17000000000000004,False
2026-05-13 05:45:36,KXBTCD-26MAY1302-T80899.99,0.96,trade,no,False,-50.0,BTC,2026-05-13 05:45:36+00:00,2026-05-13 05:00:00+00:00,2.0,0.040000000000000036,False
2026-05-13 06:01:42,KXBTCD-26MAY1303-T80799.99,0.94,trade,no,False,-50.0,BTC,2026-05-13 06:01:42+00:00,2026-05-13 06:00:00+00:00,2.0,0.06000000000000005,False
2026-05-13 06:06:50,KXBTCD-26MAY1303-T80899.99,0.83,trade,no,False,-50.0,BTC,2026-05-13 06:06:50+00:00,2026-05-13 06:00:00+00:00,2.0,0.17000000000000004,False
2026-05-13 06:19:02,KXBTCD-26MAY1303-T80999.99,0.84,trade,no,True,262.5,BTC,2026-05-13 06:19:02+00:00,2026-05-13 06:00:00+00:00,2.0,0.16000000000000003,True
2026-05-13 07:08:01,KXBTCD-26MAY1304-T80799.99,0.92,trade,no,False,-50.0,BTC,2026-05-13 07:08:01+00:00,2026-05-13 07:00:00+00:00,2.0,0.07999999999999996,False
2026-05-13 07:49:04,KXBTCD-26MAY1304-T80899.99,0.84,trade,no,False,-50.0,BTC,2026-05-13 07:49:04+00:00,2026-05-13 07:00:00+00:00,2.0,0.16000000000000003,False
2026-05-13 08:16:32,KXBTCD-26MAY1305-T80899.99,0.87,trade,no,False,-48.55,BTC,2026-05-13 08:16:32+00:00,2026-05-13 08:00:00+00:00,2.0,0.13,False
2026-05-13 08:27:36,KXBTCD-26MAY1305-T80999.99,0.72,trade,no,False,-44.81,BTC,2026-05-13 08:27:36+00:00,2026-05-13 08:00:00+00:00,2.0,0.28,False
2026-05-13 10:06:31,KXBTCD-26MAY1307-T81099.99,0.75,trade,no,True,111.78,BTC,2026-05-13 10:06:31+00:00,2026-05-13 10:00:00+00:00,2.0,0.25,True
2026-05-13 10:44:29,KXBTCD-26MAY1307-T80699.99,0.92,trade,no,False,-50.0,BTC,2026-05-13 10:44:29+00:00,2026-05-13 10:00:00+00:00,2.0,0.07999999999999996,False
2026-05-13 12:37:02,KXBTCD-26MAY1309-T80299.99,0.2,trade,no,True,12.5,BTC,2026-05-13 12:37:02+00:00,2026-05-13 12:00:00+00:00,2.0,0.8,True
2026-05-13 12:44:50,KXBTCD-26MAY1309-T80199.99,0.31,trade,no,True,22.46,BTC,2026-05-13 12:44:50+00:00,2026-05-13 12:00:00+00:00,2.0,0.69,True
2026-05-13 13:03:02,KXBTCD-26MAY1310-T80599.99,0.2,trade,no,True,8.35,BTC,2026-05-13 13:03:02+00:00,2026-05-13 13:00:00+00:00,1.0,0.8,True
2026-05-13 13:16:43,KXBTCD-26MAY1310-T80499.99,0.2,trade,no,True,12.5,BTC,2026-05-13 13:16:43+00:00,2026-05-13 13:00:00+00:00,1.0,0.8,True
2026-05-13 13:20:44,KXBTCD-26MAY1310-T80399.99,0.29,trade,no,True,20.42,BTC,2026-05-13 13:20:44+00:00,2026-05-13 13:00:00+00:00,1.0,0.71,True
2026-05-13 16:38:11,KXBTCD-26MAY1313-T78999.99,0.71,trade,no,False,-34.7,BTC,2026-05-13 16:38:11+00:00,2026-05-13 16:00:00+00:00,1.0,0.29000000000000004,False
2026-05-13 18:11:53,KXBTCD-26MAY1315-T79399.99,0.87,trade,no,False,-50.0,BTC,2026-05-13 18:11:53+00:00,2026-05-13 18:00:00+00:00,1.0,0.13,False
2026-05-13 19:22:57,KXBTCD-26MAY1317-T79749.99,0.22,trade,no,True,14.1,BTC,2026-05-13 19:22:57+00:00,2026-05-13 19:00:00+00:00,1.0,0.78,True
2026-05-14 16:34:51,KXBTCD-26MAY1413-T81399.99,0.67,trade,yes,True,24.63,BTC,2026-05-14 16:34:51+00:00,2026-05-14 16:00:00+00:00,0.0,0.67,True
2026-05-14 16:37:03,KXBTCD-26MAY1413-T81299.99,0.73,trade,yes,True,18.49,BTC,2026-05-14 16:37:03+00:00,2026-05-14 16:00:00+00:00,0.0,0.73,True
2026-05-14 16:42:19,KXBTCD-26MAY1413-T81499.99,0.67,trade,yes,True,24.63,BTC,2026-05-14 16:42:19+00:00,2026-05-14 16:00:00+00:00,0.0,0.67,True
2026-05-14 17:25:06,KXBTCD-26MAY1414-T81399.99,0.57,trade,yes,True,37.72,BTC,2026-05-14 17:25:06+00:00,2026-05-14 17:00:00+00:00,2.0,0.57,True
2026-05-14 17:27:16,KXBTCD-26MAY1414-T81299.99,0.71,trade,yes,True,20.42,BTC,2026-05-14 17:27:16+00:00,2026-05-14 17:00:00+00:00,2.0,0.71,True
2026-05-14 17:32:05,KXBTCD-26MAY1414-T81499.99,0.58,trade,yes,True,36.21,BTC,2026-05-14 17:32:05+00:00,2026-05-14 17:00:00+00:00,2.0,0.58,True
2026-05-14 18:05:22,KXBTCD-26MAY1415-T81499.99,0.5,trade,yes,True,19.45,BTC,2026-05-14 18:05:22+00:00,2026-05-14 18:00:00+00:00,2.0,0.5,True
2026-05-14 18:16:38,KXBTCD-26MAY1415-T81799.99,0.56,trade,yes,False,-50.0,BTC,2026-05-14 18:16:38+00:00,2026-05-14 18:00:00+00:00,2.0,0.56,False
2026-05-14 18:33:32,KXBTCD-26MAY1415-T81699.99,0.71,trade,yes,False,-50.0,BTC,2026-05-14 18:33:32+00:00,2026-05-14 18:00:00+00:00,2.0,0.71,False
2026-05-14 19:01:37,KXBTCD-26MAY1417-T81499.99,0.68,trade,yes,False,-44.16,BTC,2026-05-14 19:01:37+00:00,2026-05-14 19:00:00+00:00,2.0,0.68,False
2026-05-14 19:07:15,KXBTCD-26MAY1416-T81599.99,0.65,trade,yes,False,-50.0,BTC,2026-05-14 19:07:15+00:00,2026-05-14 19:00:00+00:00,2.0,0.65,False
2026-05-14 19:13:01,KXBTCD-26MAY1416-T81499.99,0.72,trade,yes,False,-50.0,BTC,2026-05-14 19:13:01+00:00,2026-05-14 19:00:00+00:00,2.0,0.72,False
2026-05-14 19:19:00,KXBTCD-26MAY1416-T81699.99,0.4,trade,yes,False,-50.0,BTC,2026-05-14 19:19:00+00:00,2026-05-14 19:00:00+00:00,2.0,0.4,False
2026-05-14 19:20:10,KXBTCD-26MAY1417-T81749.99,0.38,trade,yes,False,-50.0,BTC,2026-05-14 19:20:10+00:00,2026-05-14 19:00:00+00:00,2.0,0.38,False
2026-05-14 19:25:27,KXBTCD-26MAY1417-T81249.99,0.71,trade,yes,True,11.27,BTC,2026-05-14 19:25:27+00:00,2026-05-14 19:00:00+00:00,2.0,0.71,True
2026-05-14 21:00:39,KXBTCD-26MAY1418-T81399.99,0.58,trade,yes,False,-50.0,BTC,2026-05-14 21:00:39+00:00,2026-05-14 21:00:00+00:00,2.0,0.58,False
2026-05-14 22:00:46,KXBTCD-26MAY1419-T81399.99,0.5,trade,yes,True,50.0,BTC,2026-05-14 22:00:46+00:00,2026-05-14 22:00:00+00:00,2.0,0.5,True
2026-05-14 23:00:10,KXBTCD-26MAY1420-T81399.99,0.48,trade,yes,False,-50.0,BTC,2026-05-14 23:00:10+00:00,2026-05-14 23:00:00+00:00,2.0,0.48,False
2026-05-15 00:15:04,KXBTCD-26MAY1421-T81499.99,0.42,trade,yes,True,57.28,BTC,2026-05-15 00:15:04+00:00,2026-05-15 00:00:00+00:00,2.0,0.42,True
2026-05-15 01:06:34,KXBTCD-26MAY1422-T81599.99,0.41,trade,yes,False,-50.0,BTC,2026-05-15 01:06:34+00:00,2026-05-15 01:00:00+00:00,2.0,0.41,False
2026-05-15 03:06:38,KXBTCD-26MAY1500-T81199.99,0.49,trade,yes,False,-42.47,BTC,2026-05-15 03:06:38+00:00,2026-05-15 03:00:00+00:00,2.0,0.49,False
2026-05-15 04:02:12,KXBTCD-26MAY1501-T80999.99,0.5,trade,yes,False,-44.96,BTC,2026-05-15 04:02:12+00:00,2026-05-15 04:00:00+00:00,2.0,0.5,False
2026-05-15 05:50:56,KXBTCD-26MAY1502-T80499.99,0.29,trade,no,True,20.42,BTC,2026-05-15 05:50:56+00:00,2026-05-15 05:00:00+00:00,2.0,0.71,True
2026-05-15 06:00:24,KXBTCD-26MAY1503-T80399.99,0.42,trade,yes,True,53.29,BTC,2026-05-15 06:00:24+00:00,2026-05-15 06:00:00+00:00,2.0,0.42,True
2026-05-15 07:01:07,KXBTCD-26MAY1504-T80699.99,0.29,trade,yes,True,111.25,BTC,2026-05-15 07:01:07+00:00,2026-05-15 07:00:00+00:00,2.0,0.29,True
2026-05-15 08:01:57,KXBTCD-26MAY1505-T80799.99,0.36,trade,yes,False,-49.72,BTC,2026-05-15 08:01:57+00:00,2026-05-15 08:00:00+00:00,2.0,0.36,False
2026-05-15 11:17:45,KXBTCD-26MAY1508-T80599.99,0.74,trade,no,False,-36.22,BTC,2026-05-15 11:17:45+00:00,2026-05-15 11:00:00+00:00,2.0,0.26,False
2026-05-15 13:18:09,KXBTCD-26MAY1510-T80299.99,0.26,trade,no,True,17.57,BTC,2026-05-15 13:18:09+00:00,2026-05-15 13:00:00+00:00,2.0,0.74,True
2026-05-15 14:34:35,KXBTCD-26MAY1511-T79299.99,0.23,trade,no,True,14.94,BTC,2026-05-15 14:34:35+00:00,2026-05-15 14:00:00+00:00,2.0,0.77,True
2026-05-15 16:23:49,KXBTCD-26MAY1513-T79099.99,0.73,trade,no,False,-30.76,BTC,2026-05-15 16:23:49+00:00,2026-05-15 16:00:00+00:00,2.0,0.27,False
2026-05-15 17:00:48,KXBTCD-26MAY1514-T79099.99,0.71,trade,no,False,-37.29,BTC,2026-05-15 17:00:48+00:00,2026-05-15 17:00:00+00:00,2.0,0.29000000000000004,False
2026-05-15 18:06:51,KXBTCD-26MAY1515-T79299.99,0.73,trade,no,True,93.9,BTC,2026-05-15 18:06:51+00:00,2026-05-15 18:00:00+00:00,2.0,0.27,True
2026-05-15 19:02:38,KXBTCD-26MAY1517-T78999.99,0.74,trade,no,False,-41.46,BTC,2026-05-15 19:02:38+00:00,2026-05-15 19:00:00+00:00,2.0,0.26,False
2026-05-15 19:05:48,KXBTCD-26MAY1516-T79299.99,0.24,trade,no,True,15.79,BTC,2026-05-15 19:05:48+00:00,2026-05-15 19:00:00+00:00,2.0,0.76,True
2026-05-15 21:07:35,KXBTCD-26MAY1518-T78999.99,0.75,trade,no,True,133.05,BTC,2026-05-15 21:07:35+00:00,2026-05-15 21:00:00+00:00,2.0,0.25,True
2026-05-15 22:15:10,KXBTCD-26MAY1519-T78899.99,0.84,trade,no,False,-50.0,BTC,2026-05-15 22:15:10+00:00,2026-05-15 22:00:00+00:00,2.0,0.16000000000000003,False
2026-05-15 23:03:24,KXBTCD-26MAY1520-T78999.99,0.78,trade,no,False,-50.0,BTC,2026-05-15 23:03:24+00:00,2026-05-15 23:00:00+00:00,2.0,0.21999999999999997,False
2026-05-16 00:53:24,KXBTCD-26MAY1521-T78999.99,0.96,trade,no,False,-50.0,BTC,2026-05-16 00:53:24+00:00,2026-05-16 00:00:00+00:00,2.0,0.040000000000000036,False
2026-05-16 01:01:14,KXBTCD-26MAY1522-T78899.99,0.92,trade,no,False,-50.0,BTC,2026-05-16 01:01:14+00:00,2026-05-16 01:00:00+00:00,2.0,0.07999999999999996,False
2026-05-16 02:00:25,KXBTCD-26MAY1523-T78999.99,0.84,trade,no,False,-50.0,BTC,2026-05-16 02:00:25+00:00,2026-05-16 02:00:00+00:00,2.0,0.16000000000000003,False
2026-05-16 03:07:23,KXBTCD-26MAY1600-T78999.99,0.88,trade,no,False,-50.0,BTC,2026-05-16 03:07:23+00:00,2026-05-16 03:00:00+00:00,2.0,0.12,False
2026-05-16 04:00:40,KXBTCD-26MAY1601-T78899.99,0.9,trade,no,False,-50.0,BTC,2026-05-16 04:00:40+00:00,2026-05-16 04:00:00+00:00,2.0,0.09999999999999998,False
2026-05-16 05:01:01,KXBTCD-26MAY1602-T78799.99,0.91,trade,no,False,-50.0,BTC,2026-05-16 05:01:01+00:00,2026-05-16 05:00:00+00:00,2.0,0.08999999999999997,False
2026-05-16 06:04:43,KXBTCD-26MAY1603-T78899.99,0.83,trade,no,True,244.12,BTC,2026-05-16 06:04:43+00:00,2026-05-16 06:00:00+00:00,2.0,0.17000000000000004,True
2026-05-16 07:04:15,KXBTCD-26MAY1604-T78399.99,0.84,trade,no,True,262.5,BTC,2026-05-16 07:04:15+00:00,2026-05-16 07:00:00+00:00,1.0,0.16000000000000003,True
2026-05-16 08:09:25,KXBTCD-26MAY1605-T78299.99,0.76,trade,no,False,-50.0,BTC,2026-05-16 08:09:25+00:00,2026-05-16 08:00:00+00:00,1.0,0.24,False
2026-05-17 10:12:25,KXBTCD-26MAY1707-T78499.99,0.37,trade,no,True,29.37,BTC,2026-05-17 10:12:25+00:00,2026-05-17 10:00:00+00:00,1.0,0.63,True
2026-05-17 11:01:12,KXBTCD-26MAY1708-T78299.99,0.74,trade,no,False,-50.0,BTC,2026-05-17 11:01:12+00:00,2026-05-17 11:00:00+00:00,3.0,0.26,False
2026-05-17 12:00:22,KXBTCD-26MAY1709-T78299.99,0.74,trade,no,False,-50.0,BTC,2026-05-17 12:00:22+00:00,2026-05-17 12:00:00+00:00,3.0,0.26,False
2026-05-17 13:00:45,KXBTCD-26MAY1710-T78199.99,0.74,trade,no,True,142.31,BTC,2026-05-17 13:00:45+00:00,2026-05-17 13:00:00+00:00,3.0,0.26,True
2026-05-17 14:01:19,KXBTCD-26MAY1711-T77999.99,0.8,trade,no,False,-50.0,BTC,2026-05-17 14:01:19+00:00,2026-05-17 14:00:00+00:00,3.0,0.19999999999999996,False
2026-05-17 15:00:51,KXBTCD-26MAY1712-T77899.99,0.73,trade,no,False,-50.0,BTC,2026-05-17 15:00:51+00:00,2026-05-17 15:00:00+00:00,3.0,0.27,False
2026-05-17 16:00:29,KXBTCD-26MAY1713-T77899.99,0.83,trade,no,False,-50.0,BTC,2026-05-17 16:00:29+00:00,2026-05-17 16:00:00+00:00,3.0,0.17000000000000004,False
2026-05-17 17:01:37,KXBTCD-26MAY1714-T77799.99,0.79,trade,no,False,-50.0,BTC,2026-05-17 17:01:37+00:00,2026-05-17 17:00:00+00:00,3.0,0.20999999999999996,False
2026-05-17 18:00:58,KXBTCD-26MAY1715-T77899.99,0.86,trade,no,False,-50.0,BTC,2026-05-17 18:00:58+00:00,2026-05-17 18:00:00+00:00,3.0,0.14,False
2026-05-17 18:35:57,KXBTCD-26MAY1717-T77999.99,0.64,trade,no,False,-50.0,BTC,2026-05-17 18:35:57+00:00,2026-05-17 18:00:00+00:00,3.0,0.36,False
2026-05-17 19:00:48,KXBTCD-26MAY1716-T78099.99,0.82,trade,no,False,-50.0,BTC,2026-05-17 19:00:48+00:00,2026-05-17 19:00:00+00:00,3.0,0.18000000000000005,False
2026-05-17 22:09:47,KXBTCD-26MAY1719-T78099.99,0.5,trade,yes,False,-29.54,BTC,2026-05-17 22:09:47+00:00,2026-05-17 22:00:00+00:00,3.0,0.5,False
2026-05-17 23:28:38,KXBTCD-26MAY1720-T77799.99,0.54,trade,yes,False,-50.0,BTC,2026-05-17 23:28:38+00:00,2026-05-17 23:00:00+00:00,3.0,0.54,False
2026-05-18 00:53:39,KXBTCD-26MAY1721-T76999.99,0.55,trade,no,False,-50.0,BTC,2026-05-18 00:53:39+00:00,2026-05-18 00:00:00+00:00,1.0,0.44999999999999996,False
2026-05-18 01:05:34,KXBTCD-26MAY1722-T76999.99,0.66,trade,yes,True,25.76,BTC,2026-05-18 01:05:34+00:00,2026-05-18 01:00:00+00:00,1.0,0.66,True
2026-05-18 02:17:51,KXBTCD-26MAY1723-T76899.99,0.72,trade,yes,False,-50.0,BTC,2026-05-18 02:17:51+00:00,2026-05-18 02:00:00+00:00,1.0,0.72,False
2026-05-18 05:17:56,KXBTCD-26MAY1802-T76899.99,0.56,trade,yes,False,-50.0,BTC,2026-05-18 05:17:56+00:00,2026-05-18 05:00:00+00:00,1.0,0.56,False
2026-05-18 06:13:58,KXBTCD-26MAY1803-T76799.99,0.51,trade,yes,True,48.04,BTC,2026-05-18 06:13:58+00:00,2026-05-18 06:00:00+00:00,1.0,0.51,True
2026-05-18 07:15:03,KXBTCD-26MAY1804-T76899.99,0.51,trade,yes,True,48.04,BTC,2026-05-18 07:15:03+00:00,2026-05-18 07:00:00+00:00,1.0,0.51,True
2026-05-18 08:07:21,KXBTCD-26MAY1805-T77099.99,0.51,trade,yes,False,-50.0,BTC,2026-05-18 08:07:21+00:00,2026-05-18 08:00:00+00:00,1.0,0.51,False
2026-05-18 13:04:59,KXBTCD-26MAY1810-T77299.99,0.7,trade,yes,False,-50.0,BTC,2026-05-18 13:04:59+00:00,2026-05-18 13:00:00+00:00,1.0,0.7,False
2026-05-18 14:14:52,KXBTCD-26MAY1811-T76799.99,0.39,trade,no,True,31.97,BTC,2026-05-18 14:14:52+00:00,2026-05-18 14:00:00+00:00,1.0,0.61,True
2026-05-18 15:04:03,KXBTCD-26MAY1812-T76299.99,0.33,trade,no,False,-50.0,BTC,2026-05-18 15:04:03+00:00,2026-05-18 15:00:00+00:00,1.0,0.6699999999999999,False
2026-05-18 16:02:42,KXBTCD-26MAY1813-T76599.99,0.21,trade,no,True,13.29,BTC,2026-05-18 16:02:42+00:00,2026-05-18 16:00:00+00:00,1.0,0.79,True
2026-05-18 21:01:02,KXBTCD-26MAY1818-T76599.99,0.88,trade,no,False,-50.0,BTC,2026-05-18 21:01:02+00:00,2026-05-18 21:00:00+00:00,1.0,0.12,False
2026-05-18 22:08:42,KXBTCD-26MAY1819-T76999.99,0.7,trade,no,False,-23.8,BTC,2026-05-18 22:08:42+00:00,2026-05-18 22:00:00+00:00,1.0,0.30000000000000004,False
2026-05-19 00:18:24,KXBTCD-26MAY1821-T76999.99,0.74,trade,no,False,-39.71,BTC,2026-05-19 00:18:24+00:00,2026-05-19 00:00:00+00:00,1.0,0.26,False
2026-05-19 01:15:13,KXBTCD-26MAY1822-T76999.99,0.67,trade,no,True,63.79,BTC,2026-05-19 01:15:13+00:00,2026-05-19 01:00:00+00:00,1.0,0.32999999999999996,True
2026-05-19 09:20:11,KXBTCD-26MAY1906-T76999.99,0.22,trade,no,True,14.1,BTC,2026-05-19 09:20:11+00:00,2026-05-19 09:00:00+00:00,1.0,0.78,True
2026-05-19 12:15:12,KXBTCD-26MAY1909-T76799.99,0.37,trade,no,False,-50.0,BTC,2026-05-19 12:15:12+00:00,2026-05-19 12:00:00+00:00,1.0,0.63,False
2026-05-19 13:01:01,KXBTCD-26MAY1910-T76999.99,0.3,trade,no,True,21.43,BTC,2026-05-19 13:01:01+00:00,2026-05-19 13:00:00+00:00,1.0,0.7,True
2026-05-19 13:02:06,KXBTCD-26MAY1910-T77099.99,0.2,trade,no,True,12.5,BTC,2026-05-19 13:02:06+00:00,2026-05-19 13:00:00+00:00,1.0,0.8,True
2026-05-19 13:18:59,KXBTCD-26MAY1910-T76899.99,0.26,trade,no,True,17.57,BTC,2026-05-19 13:18:59+00:00,2026-05-19 13:00:00+00:00,1.0,0.74,True
2026-05-19 14:01:03,KXBTCD-26MAY1911-T76999.99,0.22,trade,no,True,14.1,BTC,2026-05-19 14:01:03+00:00,2026-05-19 14:00:00+00:00,1.0,0.78,True
2026-05-19 14:02:08,KXBTCD-26MAY1911-T76899.99,0.28,trade,no,True,19.44,BTC,2026-05-19 14:02:08+00:00,2026-05-19 14:00:00+00:00,1.0,0.72,True
2026-05-19 14:06:19,KXBTCD-26MAY1911-T77099.99,0.23,trade,no,True,14.94,BTC,2026-05-19 14:06:19+00:00,2026-05-19 14:00:00+00:00,1.0,0.77,True
2026-05-19 15:48:22,KXBTCD-26MAY1912-T76399.99,0.53,trade,no,False,-50.0,BTC,2026-05-19 15:48:22+00:00,2026-05-19 15:00:00+00:00,1.0,0.47,False
2026-05-19 17:13:04,KXBTCD-26MAY1914-T76799.99,0.63,trade,yes,False,-50.0,BTC,2026-05-19 17:13:04+00:00,2026-05-19 17:00:00+00:00,1.0,0.63,False
2026-05-19 17:40:23,KXBTCD-26MAY1914-T76899.99,0.48,trade,yes,False,-50.0,BTC,2026-05-19 17:40:23+00:00,2026-05-19 17:00:00+00:00,1.0,0.48,False
2026-05-19 19:42:12,KXBTCD-26MAY1917-T76749.99,0.62,trade,yes,True,30.65,BTC,2026-05-19 19:42:12+00:00,2026-05-19 19:00:00+00:00,1.0,0.62,True
2026-05-19 21:08:17,KXBTCD-26MAY1918-T76799.99,0.79,trade,no,False,-50.0,BTC,2026-05-19 21:08:17+00:00,2026-05-19 21:00:00+00:00,1.0,0.20999999999999996,False
2026-05-19 21:15:15,KXBTCD-26MAY1918-T76899.99,0.68,trade,no,False,-50.0,BTC,2026-05-19 21:15:15+00:00,2026-05-19 21:00:00+00:00,1.0,0.31999999999999995,False
2026-05-19 22:16:10,KXBTCD-26MAY1919-T76599.99,0.71,trade,no,False,-50.0,BTC,2026-05-19 22:16:10+00:00,2026-05-19 22:00:00+00:00,1.0,0.29000000000000004,False
2026-05-19 23:10:14,KXBTCD-26MAY1920-T76599.99,0.88,trade,no,False,-50.0,BTC,2026-05-19 23:10:14+00:00,2026-05-19 23:00:00+00:00,1.0,0.12,False
2026-05-19 23:17:58,KXBTCD-26MAY1920-T76699.99,0.71,trade,no,False,-50.0,BTC,2026-05-19 23:17:58+00:00,2026-05-19 23:00:00+00:00,1.0,0.29000000000000004,False
2026-05-19 23:45:10,KXBTCD-26MAY1920-T76799.99,0.82,trade,no,True,227.78,BTC,2026-05-19 23:45:10+00:00,2026-05-19 23:00:00+00:00,1.0,0.18000000000000005,True
2026-05-20 00:00:13,KXBTCD-26MAY1921-T76599.99,0.91,trade,no,False,-50.0,BTC,2026-05-20 00:00:13+00:00,2026-05-20 00:00:00+00:00,1.0,0.08999999999999997,False
2026-05-20 03:25:18,KXBTCD-26MAY2000-T76499.99,0.78,trade,no,False,-50.0,BTC,2026-05-20 03:25:18+00:00,2026-05-20 03:00:00+00:00,1.0,0.21999999999999997,False
2026-05-20 04:42:27,KXBTCD-26MAY2001-T76599.99,0.86,trade,no,False,-50.0,BTC,2026-05-20 04:42:27+00:00,2026-05-20 04:00:00+00:00,1.0,0.14,False
2026-05-20 05:00:03,KXBTCD-26MAY2002-T76599.99,0.87,trade,no,False,-50.0,BTC,2026-05-20 05:00:03+00:00,2026-05-20 05:00:00+00:00,1.0,0.13,False
2026-05-20 07:51:43,KXBTCD-26MAY2004-T77199.99,0.51,trade,no,False,-50.0,BTC,2026-05-20 07:51:43+00:00,2026-05-20 07:00:00+00:00,0.0,0.49,False
2026-05-20 08:00:12,KXBTCD-26MAY2005-T77099.99,0.73,trade,no,False,-27.78,BTC,2026-05-20 08:00:12+00:00,2026-05-20 08:00:00+00:00,0.0,0.27,False
2026-05-20 08:23:57,KXBTCD-26MAY2005-T77199.99,0.41,trade,no,False,-50.0,BTC,2026-05-20 08:23:57+00:00,2026-05-20 08:00:00+00:00,0.0,0.5900000000000001,False
2026-05-20 09:27:58,KXBTCD-26MAY2006-T77399.99,0.34,trade,no,False,-50.0,BTC,2026-05-20 09:27:58+00:00,2026-05-20 09:00:00+00:00,0.0,0.6599999999999999,False
2026-05-20 15:49:14,KXBTCD-26MAY2012-T77499.99,0.48,trade,yes,False,-50.0,BTC,2026-05-20 15:49:14+00:00,2026-05-20 15:00:00+00:00,0.0,0.48,False
2026-05-20 19:56:20,KXBTCD-26MAY2017-T77749.99,0.25,trade,no,True,15.23,BTC,2026-05-20 19:56:20+00:00,2026-05-20 19:00:00+00:00,0.0,0.75,True
2026-05-20 20:10:29,KXBTCD-26MAY2017-T77499.99,0.74,trade,no,False,-50.0,BTC,2026-05-20 20:10:29+00:00,2026-05-20 20:00:00+00:00,0.0,0.26,False
2026-05-20 21:19:25,KXBTCD-26MAY2018-T77699.99,0.28,trade,yes,False,-50.0,BTC,2026-05-20 21:19:25+00:00,2026-05-20 21:00:00+00:00,0.0,0.28,False
2026-05-20 23:09:56,KXBTCD-26MAY2020-T77299.99,0.71,trade,no,False,-36.52,BTC,2026-05-20 23:09:56+00:00,2026-05-20 23:00:00+00:00,0.0,0.29000000000000004,False
2026-05-21 21:05:34,KXBTCD-26MAY2118-T77599.99,0.74,trade,no,True,124.46,BTC,2026-05-21 21:05:34+00:00,2026-05-21 21:00:00+00:00,2.0,0.26,True
2026-05-21 22:21:32,KXBTCD-26MAY2119-T77499.99,0.71,trade,no,False,-42.85,BTC,2026-05-21 22:21:32+00:00,2026-05-21 22:00:00+00:00,2.0,0.29000000000000004,False
2026-05-22 00:25:35,KXBTCD-26MAY2121-T77399.99,0.74,trade,no,True,108.87,BTC,2026-05-22 00:25:35+00:00,2026-05-22 00:00:00+00:00,2.0,0.26,True
2026-05-22 01:14:09,KXBTCD-26MAY2122-T77299.99,0.74,trade,no,False,-31.31,BTC,2026-05-22 01:14:09+00:00,2026-05-22 01:00:00+00:00,2.0,0.26,False
2026-05-22 02:03:37,KXBTCD-26MAY2123-T77499.99,0.75,trade,no,False,-28.93,BTC,2026-05-22 02:03:37+00:00,2026-05-22 02:00:00+00:00,2.0,0.25,False
2026-05-22 04:51:52,KXBTCD-26MAY2201-T77599.99,0.44,trade,yes,False,-50.0,BTC,2026-05-22 04:51:52+00:00,2026-05-22 04:00:00+00:00,2.0,0.44,False
2026-05-22 08:02:19,KXBTCD-26MAY2205-T77299.99,0.7,trade,no,True,116.67,BTC,2026-05-22 08:02:19+00:00,2026-05-22 08:00:00+00:00,2.0,0.30000000000000004,True
2026-05-22 08:07:58,KXBTCD-26MAY2205-T77199.99,0.72,trade,no,True,128.57,BTC,2026-05-22 08:07:58+00:00,2026-05-22 08:00:00+00:00,2.0,0.28,True
2026-05-22 08:18:20,KXBTCD-26MAY2205-T77499.99,0.35,trade,no,True,26.92,BTC,2026-05-22 08:18:20+00:00,2026-05-22 08:00:00+00:00,2.0,0.65,True
2026-05-22 10:05:20,KXBTCD-26MAY2207-T77299.99,0.3,trade,no,True,21.43,BTC,2026-05-22 10:05:20+00:00,2026-05-22 10:00:00+00:00,2.0,0.7,True
2026-05-22 11:03:32,KXBTCD-26MAY2208-T77299.99,0.36,trade,no,False,-50.0,BTC,2026-05-22 11:03:32+00:00,2026-05-22 11:00:00+00:00,2.0,0.64,False
2026-05-22 11:43:11,KXBTCD-26MAY2208-T77199.99,0.83,trade,no,False,-50.0,BTC,2026-05-22 11:43:11+00:00,2026-05-22 11:00:00+00:00,2.0,0.17000000000000004,False
2026-05-22 12:24:57,KXBTCD-26MAY2209-T77299.99,0.74,trade,no,False,-35.83,BTC,2026-05-22 12:24:57+00:00,2026-05-22 12:00:00+00:00,2.0,0.26,False
2026-05-22 13:25:43,KXBTCD-26MAY2210-T77199.99,0.71,trade,no,True,90.83,BTC,2026-05-22 13:25:43+00:00,2026-05-22 13:00:00+00:00,2.0,0.29000000000000004,True
2026-05-22 15:07:56,KXBTCD-26MAY2212-T76999.99,0.23,trade,no,True,6.85,BTC,2026-05-22 15:07:56+00:00,2026-05-22 15:00:00+00:00,2.0,0.77,True
2026-05-23 02:01:32,KXBTCD-26MAY2223-T75299.99,0.77,trade,no,False,-50.0,BTC,2026-05-23 02:01:32+00:00,2026-05-23 02:00:00+00:00,1.0,0.22999999999999998,False
2026-05-23 02:08:20,KXBTCD-26MAY2223-T75499.99,0.26,trade,no,True,17.57,BTC,2026-05-23 02:08:20+00:00,2026-05-23 02:00:00+00:00,1.0,0.74,True
2026-05-23 02:22:56,KXBTCD-26MAY2223-T75199.99,0.93,trade,no,False,-50.0,BTC,2026-05-23 02:22:56+00:00,2026-05-23 02:00:00+00:00,1.0,0.06999999999999995,False
2026-05-23 03:01:07,KXBTCD-26MAY2300-T75399.99,0.74,trade,no,False,-50.0,BTC,2026-05-23 03:01:07+00:00,2026-05-23 03:00:00+00:00,1.0,0.26,False
2026-05-23 03:08:59,KXBTCD-26MAY2300-T75299.99,0.93,trade,no,False,-50.0,BTC,2026-05-23 03:08:59+00:00,2026-05-23 03:00:00+00:00,1.0,0.06999999999999995,False
2026-05-23 03:33:22,KXBTCD-26MAY2300-T75499.99,0.78,trade,no,False,-50.0,BTC,2026-05-23 03:33:22+00:00,2026-05-23 03:00:00+00:00,1.0,0.21999999999999997,False
2026-05-23 04:04:34,KXBTCD-26MAY2301-T75499.99,0.72,trade,no,True,128.57,BTC,2026-05-23 04:04:34+00:00,2026-05-23 04:00:00+00:00,1.0,0.28,True
2026-05-23 04:20:11,KXBTCD-26MAY2301-T75399.99,0.88,trade,no,False,-50.0,BTC,2026-05-23 04:20:11+00:00,2026-05-23 04:00:00+00:00,1.0,0.12,False
2026-05-23 05:00:44,KXBTCD-26MAY2302-T75299.99,0.92,trade,no,False,-50.0,BTC,2026-05-23 05:00:44+00:00,2026-05-23 05:00:00+00:00,1.0,0.07999999999999996,False
2026-05-23 05:06:37,KXBTCD-26MAY2302-T75399.99,0.7,trade,no,False,-46.66,BTC,2026-05-23 05:06:37+00:00,2026-05-23 05:00:00+00:00,1.0,0.30000000000000004,False
2026-05-24 02:00:19,KXBTCD-26MAY2323-T76699.99,0.82,trade,no,False,-50.0,BTC,2026-05-24 02:00:19+00:00,2026-05-24 02:00:00+00:00,1.0,0.18000000000000005,False
2026-05-24 02:06:06,KXBTCD-26MAY2323-T76599.99,0.89,trade,no,False,-50.0,BTC,2026-05-24 02:06:06+00:00,2026-05-24 02:00:00+00:00,1.0,0.10999999999999999,False
2026-05-24 02:11:52,KXBTCD-26MAY2323-T76899.99,0.28,trade,no,True,19.44,BTC,2026-05-24 02:11:52+00:00,2026-05-24 02:00:00+00:00,1.0,0.72,True
2026-05-24 15:05:22,KXBTCD-26MAY2412-T76599.99,0.21,trade,no,True,11.47,BTC,2026-05-24 15:05:22+00:00,2026-05-24 15:00:00+00:00,1.0,0.79,True
2026-05-24 15:18:04,KXBTCD-26MAY2412-T76499.99,0.24,trade,no,True,15.79,BTC,2026-05-24 15:18:04+00:00,2026-05-24 15:00:00+00:00,1.0,0.76,True
2026-05-24 19:01:37,KXBTCD-26MAY2417-T76499.99,0.69,trade,no,False,-50.0,BTC,2026-05-24 19:01:37+00:00,2026-05-24 19:00:00+00:00,1.0,0.31000000000000005,False
2026-05-24 19:08:24,KXBTCD-26MAY2416-T76499.99,0.74,trade,no,False,-47.99,BTC,2026-05-24 19:08:24+00:00,2026-05-24 19:00:00+00:00,1.0,0.26,False
2026-05-24 19:44:11,KXBTCD-26MAY2417-T76749.99,0.28,trade,no,True,19.44,BTC,2026-05-24 19:44:11+00:00,2026-05-24 19:00:00+00:00,1.0,0.72,True
2026-05-24 19:51:31,KXBTCD-26MAY2416-T76599.99,0.9,trade,no,False,-50.0,BTC,2026-05-24 19:51:31+00:00,2026-05-24 19:00:00+00:00,1.0,0.09999999999999998,False
2026-05-24 22:00:37,KXBTCD-26MAY2419-T76399.99,0.24,trade,no,False,-50.0,BTC,2026-05-24 22:00:37+00:00,2026-05-24 22:00:00+00:00,1.0,0.76,False
2026-05-24 23:57:30,KXBTCD-26MAY2420-T76999.99,0.57,trade,no,True,66.28,BTC,2026-05-24 23:57:30+00:00,2026-05-24 23:00:00+00:00,1.0,0.43000000000000005,True
2026-05-25 02:16:56,KXBTCD-26MAY2423-T77199.99,0.48,trade,yes,False,-50.0,BTC,2026-05-25 02:16:56+00:00,2026-05-25 02:00:00+00:00,1.0,0.48,False
2026-05-25 02:37:01,KXBTCD-26MAY2423-T77099.99,0.4,trade,yes,False,-44.43,BTC,2026-05-25 02:37:01+00:00,2026-05-25 02:00:00+00:00,1.0,0.4,False
2026-05-25 03:00:51,KXBTCD-26MAY2500-T77099.99,0.45,trade,yes,False,-50.0,BTC,2026-05-25 03:00:51+00:00,2026-05-25 03:00:00+00:00,1.0,0.45,False
2026-05-25 03:32:19,KXBTCD-26MAY2500-T76999.99,0.45,trade,yes,False,-50.0,BTC,2026-05-25 03:32:19+00:00,2026-05-25 03:00:00+00:00,1.0,0.45,False
2026-05-25 04:01:52,KXBTCD-26MAY2501-T76999.99,0.46,trade,yes,True,58.7,BTC,2026-05-25 04:01:52+00:00,2026-05-25 04:00:00+00:00,1.0,0.46,True
2026-05-25 04:29:32,KXBTCD-26MAY2501-T77099.99,0.41,trade,yes,True,71.95,BTC,2026-05-25 04:29:32+00:00,2026-05-25 04:00:00+00:00,1.0,0.41,True
2026-05-25 15:28:56,KXBTCD-26MAY2512-T77699.99,0.16,trade,yes,False,-33.1,BTC,2026-05-25 15:28:56+00:00,2026-05-25 15:00:00+00:00,2.0,0.16,False
2026-05-25 22:47:38+00:00,KXBTCD-26MAY2519-T77199.99,0.25,trade,no,True,16.67,BTC,2026-05-25 22:47:38+00:00,2026-05-25 22:00:00+00:00,2.0,0.75,True
2026-05-26 00:07:01+00:00,KXBTCD-26MAY2521-T77299.99,0.29,trade,no,True,20.42,BTC,2026-05-26 00:07:01+00:00,2026-05-26 00:00:00+00:00,2.0,0.71,True
2026-05-26 00:18:54+00:00,KXBTCD-26MAY2521-T77199.99,0.22,trade,no,True,14.1,BTC,2026-05-26 00:18:54+00:00,2026-05-26 00:00:00+00:00,2.0,0.78,True
2026-05-26 01:01:06+00:00,KXBTCD-26MAY2522-T76799.99,0.31,trade,no,True,22.46,BTC,2026-05-26 01:01:06+00:00,2026-05-26 01:00:00+00:00,2.0,0.69,True
2026-05-26 01:12:58+00:00,KXBTCD-26MAY2522-T76899.99,0.22,trade,no,True,14.1,BTC,2026-05-26 01:12:58+00:00,2026-05-26 01:00:00+00:00,2.0,0.78,True
2026-05-26 02:05:57+00:00,KXBTCD-26MAY2523-T76799.99,0.27,trade,no,True,18.49,BTC,2026-05-26 02:05:57+00:00,2026-05-26 02:00:00+00:00,2.0,0.73,True
2026-05-26 02:29:57+00:00,KXBTCD-26MAY2523-T76699.99,0.23,trade,no,True,14.94,BTC,2026-05-26 02:29:57+00:00,2026-05-26 02:00:00+00:00,2.0,0.77,True
2026-05-26 03:43:05+00:00,KXBTCD-26MAY2600-T76699.99,0.16,trade,no,True,9.52,BTC,2026-05-26 03:43:05+00:00,2026-05-26 03:00:00+00:00,2.0,0.84,True
2026-05-26 03:48:31+00:00,KXBTCD-26MAY2600-T76599.99,0.3,trade,no,True,21.43,BTC,2026-05-26 03:48:31+00:00,2026-05-26 03:00:00+00:00,2.0,0.7,True
2026-05-26 04:00:47+00:00,KXBTCD-26MAY2601-T76699.99,0.27,trade,no,True,18.49,BTC,2026-05-26 04:00:47+00:00,2026-05-26 04:00:00+00:00,2.0,0.73,True
2026-05-26 04:21:22+00:00,KXBTCD-26MAY2601-T76599.99,0.38,trade,no,False,-50.0,BTC,2026-05-26 04:21:22+00:00,2026-05-26 04:00:00+00:00,2.0,0.62,False
2026-05-26 05:00:33+00:00,KXBTCD-26MAY2602-T76499.99,0.88,trade,no,False,-50.0,BTC,2026-05-26 05:00:33+00:00,2026-05-26 05:00:00+00:00,2.0,0.12,False
2026-05-26 05:08:13+00:00,KXBTCD-26MAY2602-T76599.99,0.79,trade,no,False,-50.0,BTC,2026-05-26 05:08:13+00:00,2026-05-26 05:00:00+00:00,2.0,0.20999999999999996,False
2026-05-26 05:13:49+00:00,KXBTCD-26MAY2602-T76699.99,0.7,trade,no,False,-50.0,BTC,2026-05-26 05:13:49+00:00,2026-05-26 05:00:00+00:00,2.0,0.30000000000000004,False
2026-05-26 06:00:50+00:00,KXBTCD-26MAY2603-T76699.99,0.77,trade,no,False,-50.0,BTC,2026-05-26 06:00:50+00:00,2026-05-26 06:00:00+00:00,2.0,0.22999999999999998,False
2026-05-26 06:06:25+00:00,KXBTCD-26MAY2603-T76599.99,0.9,trade,no,False,-50.0,BTC,2026-05-26 06:06:25+00:00,2026-05-26 06:00:00+00:00,2.0,0.09999999999999998,False
2026-05-26 06:12:02+00:00,KXBTCD-26MAY2603-T76899.99,0.27,trade,no,True,18.49,BTC,2026-05-26 06:12:02+00:00,2026-05-26 06:00:00+00:00,2.0,0.73,True
2026-05-26 07:00:45+00:00,KXBTCD-26MAY2604-T76699.99,0.83,trade,no,True,244.12,BTC,2026-05-26 07:00:45+00:00,2026-05-26 07:00:00+00:00,2.0,0.17000000000000004,True
2026-05-26 07:06:56+00:00,KXBTCD-26MAY2604-T76599.99,0.84,trade,no,False,-50.0,BTC,2026-05-26 07:06:56+00:00,2026-05-26 07:00:00+00:00,2.0,0.16000000000000003,False
2026-05-26 09:01:03+00:00,KXBTCD-26MAY2606-T76599.99,0.69,trade,no,True,111.29,BTC,2026-05-26 09:01:03+00:00,2026-05-26 09:00:00+00:00,2.0,0.31000000000000005,True
2026-05-26 09:07:07+00:00,KXBTCD-26MAY2606-T76699.99,0.27,trade,no,True,18.49,BTC,2026-05-26 09:07:07+00:00,2026-05-26 09:00:00+00:00,2.0,0.73,True
2026-05-26 09:19:06+00:00,KXBTCD-26MAY2606-T76799.99,0.22,trade,no,True,14.1,BTC,2026-05-26 09:19:06+00:00,2026-05-26 09:00:00+00:00,2.0,0.78,True
2026-05-26 10:07:41+00:00,KXBTCD-26MAY2607-T76599.99,0.35,trade,no,False,-50.0,BTC,2026-05-26 10:07:41+00:00,2026-05-26 10:00:00+00:00,2.0,0.65,False
2026-05-26 10:13:37+00:00,KXBTCD-26MAY2607-T76699.99,0.31,trade,no,False,-50.0,BTC,2026-05-26 10:13:37+00:00,2026-05-26 10:00:00+00:00,2.0,0.69,False
2026-05-26 10:19:48+00:00,KXBTCD-26MAY2607-T76899.99,0.23,trade,no,False,-50.0,BTC,2026-05-26 10:19:48+00:00,2026-05-26 10:00:00+00:00,2.0,0.77,False
2026-05-26 11:05:53+00:00,KXBTCD-26MAY2608-T77099.99,0.88,trade,no,False,-44.44,BTC,2026-05-26 11:05:53+00:00,2026-05-26 11:00:00+00:00,2.0,0.12,False
2026-05-26 11:11:30+00:00,KXBTCD-26MAY2608-T76999.99,0.91,trade,no,False,-50.0,BTC,2026-05-26 11:11:30+00:00,2026-05-26 11:00:00+00:00,2.0,0.08999999999999997,False
2026-05-26 11:17:08+00:00,KXBTCD-26MAY2608-T77299.99,0.31,trade,no,True,22.46,BTC,2026-05-26 11:17:08+00:00,2026-05-26 11:00:00+00:00,2.0,0.69,True
2026-05-26 12:00:12+00:00,KXBTCD-26MAY2609-T76999.99,0.74,trade,no,False,-50.0,BTC,2026-05-26 12:00:12+00:00,2026-05-26 12:00:00+00:00,2.0,0.26,False
2026-05-26 12:07:44+00:00,KXBTCD-26MAY2609-T76799.99,0.69,trade,no,False,-50.0,BTC,2026-05-26 12:07:44+00:00,2026-05-26 12:00:00+00:00,2.0,0.31000000000000005,False
2026-05-26 12:13:27+00:00,KXBTCD-26MAY2609-T77099.99,0.3,trade,no,True,10.59,BTC,2026-05-26 12:13:27+00:00,2026-05-26 12:00:00+00:00,2.0,0.7,True
2026-05-26 13:21:36+00:00,KXBTCD-26MAY2610-T77099.99,0.22,trade,no,False,-50.0,BTC,2026-05-26 13:21:36+00:00,2026-05-26 13:00:00+00:00,2.0,0.78,False
2026-05-26 13:27:51+00:00,KXBTCD-26MAY2610-T76899.99,0.31,trade,no,False,-50.0,BTC,2026-05-26 13:27:51+00:00,2026-05-26 13:00:00+00:00,2.0,0.69,False
2026-05-26 13:33:16+00:00,KXBTCD-26MAY2610-T76799.99,0.33,trade,no,False,-50.0,BTC,2026-05-26 13:33:16+00:00,2026-05-26 13:00:00+00:00,2.0,0.6699999999999999,False
2026-05-26 14:02:37+00:00,KXBTCD-26MAY2611-T76899.99,0.73,trade,yes,False,-50.0,BTC,2026-05-26 14:02:37+00:00,2026-05-26 14:00:00+00:00,2.0,0.73,False
2026-05-26 14:25:16+00:00,KXBTCD-26MAY2611-T77599.99,0.69,trade,yes,False,-50.0,BTC,2026-05-26 14:25:16+00:00,2026-05-26 14:00:00+00:00,2.0,0.69,False
2026-05-26 15:01:04+00:00,KXBTCD-26MAY2612-T77199.99,0.25,trade,no,True,16.67,BTC,2026-05-26 15:01:04+00:00,2026-05-26 15:00:00+00:00,2.0,0.75,True
2026-05-26 15:22:07+00:00,KXBTCD-26MAY2612-T76799.99,0.28,trade,no,True,19.44,BTC,2026-05-26 15:22:07+00:00,2026-05-26 15:00:00+00:00,2.0,0.72,True
2026-05-26 15:27:10+00:00,KXBTCD-26MAY2612-T76899.99,0.16,trade,no,True,4.6,BTC,2026-05-26 15:27:10+00:00,2026-05-26 15:00:00+00:00,2.0,0.84,True
2026-05-26 16:22:45+00:00,KXBTCD-26MAY2613-T76299.99,0.6,trade,no,False,-33.31,BTC,2026-05-26 16:22:45+00:00,2026-05-26 16:00:00+00:00,2.0,0.4,False
2026-05-26 16:28:46+00:00,KXBTCD-26MAY2613-T76499.99,0.36,trade,no,True,20.96,BTC,2026-05-26 16:28:46+00:00,2026-05-26 16:00:00+00:00,2.0,0.64,True
2026-05-26 16:35:31+00:00,KXBTCD-26MAY2613-T76599.99,0.36,trade,no,True,28.12,BTC,2026-05-26 16:35:31+00:00,2026-05-26 16:00:00+00:00,2.0,0.64,True
2026-05-26 17:00:45+00:00,KXBTCD-26MAY2614-T76599.99,0.25,trade,no,True,16.67,BTC,2026-05-26 17:00:45+00:00,2026-05-26 17:00:00+00:00,2.0,0.75,True
2026-05-26 17:06:24+00:00,KXBTCD-26MAY2614-T76499.99,0.33,trade,no,True,24.63,BTC,2026-05-26 17:06:24+00:00,2026-05-26 17:00:00+00:00,2.0,0.6699999999999999,True
2026-05-26 17:15:40+00:00,KXBTCD-26MAY2614-T76299.99,0.58,trade,no,True,69.05,BTC,2026-05-26 17:15:40+00:00,2026-05-26 17:00:00+00:00,2.0,0.42000000000000004,True
2026-05-26 18:00:18+00:00,KXBTCD-26MAY2615-T75699.99,0.61,trade,yes,True,26.58,BTC,2026-05-26 18:00:18+00:00,2026-05-26 18:00:00+00:00,2.0,0.61,True
2026-05-26 18:22:04+00:00,KXBTCD-26MAY2615-T75999.99,0.65,trade,yes,False,-50.0,BTC,2026-05-26 18:22:04+00:00,2026-05-26 18:00:00+00:00,2.0,0.65,False
2026-05-26 19:06:36+00:00,KXBTCD-26MAY2616-T75699.99,0.6,trade,yes,True,33.33,BTC,2026-05-26 19:06:36+00:00,2026-05-26 19:00:00+00:00,2.0,0.6,True
2026-05-26 19:08:45+00:00,KXBTCD-26MAY2617-T75749.99,0.55,trade,yes,True,40.91,BTC,2026-05-26 19:08:45+00:00,2026-05-26 19:00:00+00:00,2.0,0.55,True
2026-05-26 19:14:04+00:00,KXBTCD-26MAY2616-T75599.99,0.73,trade,yes,True,18.49,BTC,2026-05-26 19:14:04+00:00,2026-05-26 19:00:00+00:00,2.0,0.73,True
2026-05-26 19:33:24+00:00,KXBTCD-26MAY2616-T75799.99,0.6,trade,yes,True,33.33,BTC,2026-05-26 19:33:24+00:00,2026-05-26 19:00:00+00:00,2.0,0.6,True
2026-05-26 20:55:45+00:00,KXBTCD-26MAY2617-T75999.99,0.44,trade,no,False,-50.0,BTC,2026-05-26 20:55:45+00:00,2026-05-26 20:00:00+00:00,2.0,0.56,False
2026-05-26 21:27:06+00:00,KXBTCD-26MAY2618-T75899.99,0.69,trade,no,True,72.69,BTC,2026-05-26 21:27:06+00:00,2026-05-26 21:00:00+00:00,2.0,0.31000000000000005,True
2026-05-26 21:57:01+00:00,KXBTCD-26MAY2618-T75799.99,0.58,trade,no,True,69.05,BTC,2026-05-26 21:57:01+00:00,2026-05-26 21:00:00+00:00,2.0,0.42000000000000004,True
2026-05-26 23:03:31+00:00,KXBTCD-26MAY2620-T75699.99,0.64,trade,yes,True,28.12,BTC,2026-05-26 23:03:31+00:00,2026-05-26 23:00:00+00:00,2.0,0.64,True
2026-05-26 23:50:25+00:00,KXBTCD-26MAY2620-T75799.99,0.69,trade,no,False,-37.56,BTC,2026-05-26 23:50:25+00:00,2026-05-26 23:00:00+00:00,2.0,0.31000000000000005,False
2026-05-27 00:11:46+00:00,KXBTCD-26MAY2621-T75799.99,0.66,trade,no,False,-35.22,BTC,2026-05-27 00:11:46+00:00,2026-05-27 00:00:00+00:00,2.0,0.33999999999999997,False
2026-05-27 00:51:20+00:00,KXBTCD-26MAY2621-T75899.99,0.49,trade,no,False,-48.92,BTC,2026-05-27 00:51:20+00:00,2026-05-27 00:00:00+00:00,2.0,0.51,False
2026-05-27 01:02:45+00:00,KXBTCD-26MAY2622-T75899.99,0.58,trade,no,True,69.05,BTC,2026-05-27 01:02:45+00:00,2026-05-27 01:00:00+00:00,2.0,0.42000000000000004,True
2026-05-27 01:19:17+00:00,KXBTCD-26MAY2622-T75799.99,0.57,trade,no,True,51.63,BTC,2026-05-27 01:19:17+00:00,2026-05-27 01:00:00+00:00,2.0,0.43000000000000005,True
2026-05-27 01:35:34+00:00,KXBTCD-26MAY2622-T75699.99,0.7,trade,no,False,-50.0,BTC,2026-05-27 01:35:34+00:00,2026-05-27 01:00:00+00:00,2.0,0.30000000000000004,False
2026-05-27 02:01:49+00:00,KXBTCD-26MAY2623-T75699.99,0.65,trade,no,False,-46.07,BTC,2026-05-27 02:01:49+00:00,2026-05-27 02:00:00+00:00,2.0,0.35,False
2026-05-27 02:10:25+00:00,KXBTCD-26MAY2623-T75599.99,0.7,trade,no,False,-39.45,BTC,2026-05-27 02:10:25+00:00,2026-05-27 02:00:00+00:00,2.0,0.30000000000000004,False
2026-05-27 03:08:03+00:00,KXBTCD-26MAY2700-T75799.99,0.64,trade,no,True,88.84,BTC,2026-05-27 03:08:03+00:00,2026-05-27 03:00:00+00:00,2.0,0.36,True
2026-05-27 03:17:09+00:00,KXBTCD-26MAY2700-T75699.99,0.65,trade,no,True,92.86,BTC,2026-05-27 03:17:09+00:00,2026-05-27 03:00:00+00:00,2.0,0.35,True
2026-05-27 03:37:25+00:00,KXBTCD-26MAY2700-T75599.99,0.64,trade,no,True,88.89,BTC,2026-05-27 03:37:25+00:00,2026-05-27 03:00:00+00:00,2.0,0.36,True
2026-05-27 03:37:26+00:00,KXBTCD-26MAY2700-T75599.99,0.64,trade,no,True,88.89,BTC,2026-05-27 03:37:26+00:00,2026-05-27 03:00:00+00:00,2.0,0.36,True
2026-05-27 12:53:27+00:00,KXBTCD-26MAY2709-T75699.99,0.31,trade,no,True,22.46,BTC,2026-05-27 12:53:27+00:00,2026-05-27 12:00:00+00:00,2.0,0.69,True
2026-05-27 13:03:15+00:00,KXBTCD-26MAY2710-T75899.99,0.21,trade,no,True,13.29,BTC,2026-05-27 13:03:15+00:00,2026-05-27 13:00:00+00:00,2.0,0.79,True
2026-05-27 13:09:45+00:00,KXBTCD-26MAY2710-T75599.99,0.31,trade,no,True,22.46,BTC,2026-05-27 13:09:45+00:00,2026-05-27 13:00:00+00:00,2.0,0.69,True
2026-05-27 13:10:10+00:00,KXBTCD-26MAY2710-T75499.99,0.39,trade,no,True,31.97,BTC,2026-05-27 13:10:10+00:00,2026-05-27 13:00:00+00:00,2.0,0.61,True
2026-05-27 14:50:14+00:00,KXBTCD-26MAY2711-T74899.99,0.61,trade,no,False,-44.27,BTC,2026-05-27 14:50:14+00:00,2026-05-27 14:00:00+00:00,2.0,0.39,False
2026-05-27 17:15:21+00:00,KXBTCD-26MAY2714-T74999.99,0.25,trade,no,True,16.67,BTC,2026-05-27 17:15:21+00:00,2026-05-27 17:00:00+00:00,2.0,0.75,True
2026-05-27 17:17:52+00:00,KXBTCD-26MAY2714-T74899.99,0.43,trade,no,True,37.72,BTC,2026-05-27 17:17:52+00:00,2026-05-27 17:00:00+00:00,2.0,0.5700000000000001,True
2026-05-27 17:23:31+00:00,KXBTCD-26MAY2714-T75099.99,0.2,trade,no,True,12.5,BTC,2026-05-27 17:23:31+00:00,2026-05-27 17:00:00+00:00,2.0,0.8,True
2026-05-27 21:00:16+00:00,KXBTCD-26MAY2718-T74999.99,0.81,trade,no,True,213.16,BTC,2026-05-27 21:00:16+00:00,2026-05-27 21:00:00+00:00,2.0,0.18999999999999995,True
2026-05-27 21:06:11+00:00,KXBTCD-26MAY2718-T75099.99,0.48,trade,no,True,46.15,BTC,2026-05-27 21:06:11+00:00,2026-05-27 21:00:00+00:00,2.0,0.52,True
2026-05-27 21:30:20+00:00,KXBTCD-26MAY2718-T74899.99,0.7,trade,no,True,116.67,BTC,2026-05-27 21:30:20+00:00,2026-05-27 21:00:00+00:00,2.0,0.30000000000000004,True
2026-05-27 22:10:18+00:00,KXBTCD-26MAY2719-T74299.99,0.67,trade,no,False,-17.95,BTC,2026-05-27 22:10:18+00:00,2026-05-27 22:00:00+00:00,2.0,0.32999999999999996,False
2026-05-27 22:46:05+00:00,KXBTCD-26MAY2719-T74499.99,0.65,trade,no,True,92.86,BTC,2026-05-27 22:46:05+00:00,2026-05-27 22:00:00+00:00,2.0,0.35,True
2026-05-28 00:26:34+00:00,KXBTCD-26MAY2721-T74299.99,0.52,trade,no,False,-50.0,BTC,2026-05-28 00:26:34+00:00,2026-05-28 00:00:00+00:00,2.0,0.48,False
2026-05-28 00:26:50+00:00,KXBTCD-26MAY2721-T74399.99,0.33,trade,no,False,-50.0,BTC,2026-05-28 00:26:50+00:00,2026-05-28 00:00:00+00:00,2.0,0.6699999999999999,False
2026-05-28 01:03:50+00:00,KXBTCD-26MAY2722-T74599.99,0.27,trade,no,True,18.49,BTC,2026-05-28 01:03:50+00:00,2026-05-28 01:00:00+00:00,2.0,0.73,True
2026-05-28 01:10:33+00:00,KXBTCD-26MAY2722-T74499.99,0.32,trade,no,True,23.53,BTC,2026-05-28 01:10:33+00:00,2026-05-28 01:00:00+00:00,2.0,0.6799999999999999,True
2026-05-28 01:17:43+00:00,KXBTCD-26MAY2722-T74399.99,0.21,trade,no,True,13.29,BTC,2026-05-28 01:17:43+00:00,2026-05-28 01:00:00+00:00,2.0,0.79,True
2026-05-28 02:00:52+00:00,KXBTCD-26MAY2723-T74199.99,0.58,trade,no,True,54.51,BTC,2026-05-28 02:00:52+00:00,2026-05-28 02:00:00+00:00,1.0,0.42000000000000004,True
2026-05-28 02:10:07+00:00,KXBTCD-26MAY2723-T74099.99,0.69,trade,no,False,-49.11,BTC,2026-05-28 02:10:07+00:00,2026-05-28 02:00:00+00:00,1.0,0.31000000000000005,False
2026-05-28 02:15:15+00:00,KXBTCD-26MAY2723-T74299.99,0.42,trade,no,True,36.21,BTC,2026-05-28 02:15:15+00:00,2026-05-28 02:00:00+00:00,1.0,0.5800000000000001,True
2026-05-28 03:06:43+00:00,KXBTCD-26MAY2800-T74299.99,0.34,trade,no,True,25.76,BTC,2026-05-28 03:06:43+00:00,2026-05-28 03:00:00+00:00,1.0,0.6599999999999999,True
2026-05-28 03:50:12+00:00,KXBTCD-26MAY2800-T73399.99,0.23,trade,no,True,14.94,BTC,2026-05-28 03:50:12+00:00,2026-05-28 03:00:00+00:00,1.0,0.77,True
2026-05-28 04:00:16+00:00,KXBTCD-26MAY2801-T73399.99,0.18,trade,no,True,6.93,BTC,2026-05-28 04:00:16+00:00,2026-05-28 04:00:00+00:00,1.0,0.8200000000000001,True
2026-05-28 04:17:44+00:00,KXBTCD-26MAY2801-T72999.99,0.46,trade,no,False,-50.0,BTC,2026-05-28 04:17:44+00:00,2026-05-28 04:00:00+00:00,1.0,0.54,False
2026-05-28 04:25:35+00:00,KXBTCD-26MAY2801-T72899.99,0.32,trade,no,False,-50.0,BTC,2026-05-28 04:25:35+00:00,2026-05-28 04:00:00+00:00,1.0,0.6799999999999999,False
2026-05-28 12:24:48+00:00,KXBTCD-26MAY2809-T73299.99,0.21,trade,no,False,-50.0,BTC,2026-05-28 12:24:48+00:00,2026-05-28 12:00:00+00:00,1.0,0.79,False
2026-05-28 12:39:11+00:00,KXBTCD-26MAY2809-T73399.99,0.34,trade,no,False,-50.0,BTC,2026-05-28 12:39:11+00:00,2026-05-28 12:00:00+00:00,1.0,0.6599999999999999,False
2026-05-28 12:48:49+00:00,KXBTCD-26MAY2809-T73499.99,0.26,trade,no,True,17.57,BTC,2026-05-28 12:48:49+00:00,2026-05-28 12:00:00+00:00,1.0,0.74,True
2026-05-28 13:05:03+00:00,KXBTCD-26MAY2810-T73599.99,0.22,trade,no,True,14.1,BTC,2026-05-28 13:05:03+00:00,2026-05-28 13:00:00+00:00,1.0,0.78,True
2026-05-28 13:11:03+00:00,KXBTCD-26MAY2810-T73499.99,0.18,trade,no,True,10.98,BTC,2026-05-28 13:11:03+00:00,2026-05-28 13:00:00+00:00,1.0,0.8200000000000001,True
2026-05-28 14:24:36+00:00,KXBTCD-26MAY2811-T73299.99,0.19,trade,no,True,11.73,BTC,2026-05-28 14:24:36+00:00,2026-05-28 14:00:00+00:00,1.0,0.81,True
2026-05-28 14:30:38+00:00,KXBTCD-26MAY2811-T73099.99,0.26,trade,no,True,17.57,BTC,2026-05-28 14:30:38+00:00,2026-05-28 14:00:00+00:00,1.0,0.74,True
2026-05-28 14:35:47+00:00,KXBTCD-26MAY2811-T72999.99,0.27,trade,no,True,16.67,BTC,2026-05-28 14:35:47+00:00,2026-05-28 14:00:00+00:00,1.0,0.73,True
2026-05-28 15:07:32+00:00,KXBTCD-26MAY2812-T73299.99,0.2,trade,no,True,8.72,BTC,2026-05-28 15:07:32+00:00,2026-05-28 15:00:00+00:00,1.0,0.8,True
2026-05-28 15:14:32+00:00,KXBTCD-26MAY2812-T72999.99,0.24,trade,no,True,15.79,BTC,2026-05-28 15:14:32+00:00,2026-05-28 15:00:00+00:00,1.0,0.76,True
2026-05-28 15:40:39+00:00,KXBTCD-26MAY2812-T72799.99,0.46,trade,no,True,42.59,BTC,2026-05-28 15:40:39+00:00,2026-05-28 15:00:00+00:00,1.0,0.54,True
2026-05-28 17:11:20+00:00,KXBTCD-26MAY2814-T73499.99,0.24,trade,no,True,14.14,BTC,2026-05-28 17:11:20+00:00,2026-05-28 17:00:00+00:00,1.0,0.76,True
2026-05-28 17:19:01+00:00,KXBTCD-26MAY2814-T73299.99,0.54,trade,no,False,-43.75,BTC,2026-05-28 17:19:01+00:00,2026-05-28 17:00:00+00:00,1.0,0.45999999999999996,False
2026-05-28 20:47:11+00:00,KXBTCD-26MAY2817-T73499.99,0.8,trade,no,True,174.44,BTC,2026-05-28 20:47:11+00:00,2026-05-28 20:00:00+00:00,3.0,0.19999999999999996,True
2026-05-28 21:08:34+00:00,KXBTCD-26MAY2818-T73399.99,0.74,trade,no,False,-50.0,BTC,2026-05-28 21:08:34+00:00,2026-05-28 21:00:00+00:00,3.0,0.26,False
2026-05-28 21:16:13+00:00,KXBTCD-26MAY2818-T73499.99,0.71,trade,no,False,-50.0,BTC,2026-05-28 21:16:13+00:00,2026-05-28 21:00:00+00:00,3.0,0.29000000000000004,False
2026-05-28 21:48:01+00:00,KXBTCD-26MAY2818-T73699.99,0.75,trade,no,False,-29.59,BTC,2026-05-28 21:48:01+00:00,2026-05-28 21:00:00+00:00,3.0,0.25,False
2026-05-28 22:00:56+00:00,KXBTCD-26MAY2819-T73599.99,0.85,trade,no,True,283.33,BTC,2026-05-28 22:00:56+00:00,2026-05-28 22:00:00+00:00,3.0,0.15000000000000002,True
2026-05-28 22:14:50+00:00,KXBTCD-26MAY2819-T73399.99,0.91,trade,no,True,505.56,BTC,2026-05-28 22:14:50+00:00,2026-05-28 22:00:00+00:00,3.0,0.08999999999999997,True
2026-05-28 22:18:30+00:00,KXBTCD-26MAY2819-T73399.99,0.91,trade,no,True,505.56,BTC,2026-05-28 22:18:30+00:00,2026-05-28 22:00:00+00:00,3.0,0.08999999999999997,True
2026-05-29 02:05:23+00:00,KXBTCD-26MAY2823-T73399.99,0.69,trade,no,True,68.4,BTC,2026-05-29 02:05:23+00:00,2026-05-29 02:00:00+00:00,3.0,0.31000000000000005,True
2026-05-29 04:08:18+00:00,KXBTCD-26MAY2901-T73099.99,0.68,trade,no,False,-50.0,BTC,2026-05-29 04:08:18+00:00,2026-05-29 04:00:00+00:00,3.0,0.31999999999999995,False
2026-05-29 04:46:16+00:00,KXBTCD-26MAY2901-T73299.99,0.66,trade,no,False,-46.99,BTC,2026-05-29 04:46:16+00:00,2026-05-29 04:00:00+00:00,3.0,0.33999999999999997,False
2026-05-29 05:10:58+00:00,KXBTCD-26MAY2902-T73399.99,0.8,trade,no,False,-50.0,BTC,2026-05-29 05:10:58+00:00,2026-05-29 05:00:00+00:00,3.0,0.19999999999999996,False
2026-05-29 07:07:38+00:00,KXBTCD-26MAY2904-T73599.99,0.72,trade,no,True,128.57,BTC,2026-05-29 07:07:38+00:00,2026-05-29 07:00:00+00:00,3.0,0.28,True
2026-05-29 07:16:31+00:00,KXBTCD-26MAY2904-T73499.99,0.94,trade,no,True,783.33,BTC,2026-05-29 07:16:31+00:00,2026-05-29 07:00:00+00:00,3.0,0.06000000000000005,True
2026-05-29 08:22:25+00:00,KXBTCD-26MAY2905-T73599.99,0.69,trade,no,True,68.55,BTC,2026-05-29 08:22:25+00:00,2026-05-29 08:00:00+00:00,3.0,0.31000000000000005,True
2026-05-29 09:11:51+00:00,KXBTCD-26MAY2906-T73599.99,0.8,trade,no,False,-13.56,BTC,2026-05-29 09:11:51+00:00,2026-05-29 09:00:00+00:00,3.0,0.19999999999999996,False
2026-05-29 09:19:49+00:00,KXBTCD-26MAY2906-T73699.99,0.66,trade,no,True,97.06,BTC,2026-05-29 09:19:49+00:00,2026-05-29 09:00:00+00:00,3.0,0.33999999999999997,True
2026-05-29 10:17:49+00:00,KXBTCD-26MAY2907-T73499.99,0.66,trade,no,False,-50.0,BTC,2026-05-29 10:17:49+00:00,2026-05-29 10:00:00+00:00,3.0,0.33999999999999997,False
2026-05-29 11:07:11+00:00,KXBTCD-26MAY2908-T73499.99,0.63,trade,no,True,58.78,BTC,2026-05-29 11:07:11+00:00,2026-05-29 11:00:00+00:00,3.0,0.37,True
2026-05-29 12:03:09+00:00,KXBTCD-26MAY2909-T73399.99,0.37,trade,no,True,29.37,BTC,2026-05-29 12:03:09+00:00,2026-05-29 12:00:00+00:00,3.0,0.63,True
2026-05-29 13:24:47+00:00,KXBTCD-26MAY2910-T73099.99,0.2,trade,no,True,12.5,BTC,2026-05-29 13:24:47+00:00,2026-05-29 13:00:00+00:00,3.0,0.8,True
2026-05-29 13:30:35+00:00,KXBTCD-26MAY2910-T72999.99,0.32,trade,no,False,-47.98,BTC,2026-05-29 13:30:35+00:00,2026-05-29 13:00:00+00:00,3.0,0.6799999999999999,False
2026-05-29 13:36:36+00:00,KXBTCD-26MAY2910-T73199.99,0.22,trade,no,True,11.91,BTC,2026-05-29 13:36:36+00:00,2026-05-29 13:00:00+00:00,3.0,0.78,True
2026-05-29 14:01:25+00:00,KXBTCD-26MAY2911-T73299.99,0.18,trade,no,True,9.49,BTC,2026-05-29 14:01:25+00:00,2026-05-29 14:00:00+00:00,3.0,0.8200000000000001,True
2026-05-29 14:07:32+00:00,KXBTCD-26MAY2911-T73099.99,0.25,trade,no,True,16.67,BTC,2026-05-29 14:07:32+00:00,2026-05-29 14:00:00+00:00,3.0,0.75,True
2026-05-29 14:13:13+00:00,KXBTCD-26MAY2911-T73199.99,0.18,trade,no,True,9.38,BTC,2026-05-29 14:13:13+00:00,2026-05-29 14:00:00+00:00,3.0,0.8200000000000001,True
2026-05-29 16:01:24+00:00,KXBTCD-26MAY2913-T73899.99,0.33,trade,no,False,-50.0,BTC,2026-05-29 16:01:24+00:00,2026-05-29 16:00:00+00:00,1.0,0.6699999999999999,False
2026-05-29 16:09:12+00:00,KXBTCD-26MAY2913-T73699.99,0.64,trade,no,False,-50.0,BTC,2026-05-29 16:09:12+00:00,2026-05-29 16:00:00+00:00,1.0,0.36,False
2026-05-29 16:19:11+00:00,KXBTCD-26MAY2913-T73799.99,0.35,trade,no,False,-50.0,BTC,2026-05-29 16:19:11+00:00,2026-05-29 16:00:00+00:00,1.0,0.65,False
2026-05-29 17:01:04+00:00,KXBTCD-26MAY2914-T73799.99,0.75,trade,no,False,-32.2,BTC,2026-05-29 17:01:04+00:00,2026-05-29 17:00:00+00:00,2.0,0.25,False
2026-05-29 17:06:37+00:00,KXBTCD-26MAY2914-T73699.99,0.71,trade,no,False,-50.0,BTC,2026-05-29 17:06:37+00:00,2026-05-29 17:00:00+00:00,2.0,0.29000000000000004,False
2026-05-29 17:16:26+00:00,KXBTCD-26MAY2914-T73999.99,0.61,trade,no,True,27.7,BTC,2026-05-29 17:16:26+00:00,2026-05-29 17:00:00+00:00,2.0,0.39,True
2026-05-29 18:01:11+00:00,KXBTCD-26MAY2915-T73999.99,0.33,trade,no,True,24.63,BTC,2026-05-29 18:01:11+00:00,2026-05-29 18:00:00+00:00,2.0,0.6699999999999999,True
2026-05-29 18:06:44+00:00,KXBTCD-26MAY2915-T74099.99,0.21,trade,no,True,13.29,BTC,2026-05-29 18:06:44+00:00,2026-05-29 18:00:00+00:00,2.0,0.79,True
2026-05-29 18:12:18+00:00,KXBTCD-26MAY2915-T73799.99,0.72,trade,no,True,103.55,BTC,2026-05-29 18:12:18+00:00,2026-05-29 18:00:00+00:00,2.0,0.28,True
2026-05-29 19:33:04+00:00,KXBTCD-26MAY2916-T73499.99,0.6,trade,no,True,75.0,BTC,2026-05-29 19:33:04+00:00,2026-05-29 19:00:00+00:00,0.0,0.4,True
2026-05-30 02:16:07+00:00,KXBTCD-26MAY2923-T73499.99,0.83,trade,no,False,-50.0,BTC,2026-05-30 02:16:07+00:00,2026-05-30 02:00:00+00:00,0.0,0.17000000000000004,False
2026-05-30 05:20:48+00:00,KXBTCD-26MAY3002-T73399.99,0.69,trade,no,False,-50.0,BTC,2026-05-30 05:20:48+00:00,2026-05-30 05:00:00+00:00,0.0,0.31000000000000005,False
2026-05-30 06:37:14+00:00,KXBTCD-26MAY3003-T73599.99,0.41,trade,yes,False,-50.0,BTC,2026-05-30 06:37:14+00:00,2026-05-30 06:00:00+00:00,0.0,0.41,False
2026-05-30 07:04:18+00:00,KXBTCD-26MAY3004-T73399.99,0.68,trade,no,False,-50.0,BTC,2026-05-30 07:04:18+00:00,2026-05-30 07:00:00+00:00,0.0,0.31999999999999995,False
2026-05-30 08:00:22+00:00,KXBTCD-26MAY3005-T73399.99,0.69,trade,no,False,-50.0,BTC,2026-05-30 08:00:22+00:00,2026-05-30 08:00:00+00:00,0.0,0.31000000000000005,False
2026-05-30 10:12:54+00:00,KXBTCD-26MAY3007-T73399.99,0.96,trade,no,False,-50.0,BTC,2026-05-30 10:12:54+00:00,2026-05-30 10:00:00+00:00,0.0,0.040000000000000036,False
2026-05-30 11:05:32+00:00,KXBTCD-26MAY3008-T73399.99,0.91,trade,no,False,-50.0,BTC,2026-05-30 11:05:32+00:00,2026-05-30 11:00:00+00:00,0.0,0.08999999999999997,False
2026-05-30 17:47:17+00:00,KXBTCD-26MAY3014-T73799.99,0.95,trade,no,False,-48.64,BTC,2026-05-30 17:47:17+00:00,2026-05-30 17:00:00+00:00,2.0,0.050000000000000044,False
2026-05-30 18:09:12+00:00,KXBTCD-26MAY3015-T73999.99,0.32,trade,no,True,23.53,BTC,2026-05-30 18:09:12+00:00,2026-05-30 18:00:00+00:00,2.0,0.6799999999999999,True
2026-05-30 18:31:03+00:00,KXBTCD-26MAY3015-T73699.99,0.96,trade,no,False,-50.0,BTC,2026-05-30 18:31:03+00:00,2026-05-30 18:00:00+00:00,2.0,0.040000000000000036,False
2026-05-30 18:37:07+00:00,KXBTCD-26MAY3015-T73799.99,0.95,trade,no,False,-50.0,BTC,2026-05-30 18:37:07+00:00,2026-05-30 18:00:00+00:00,2.0,0.050000000000000044,False
2026-05-30 19:09:41+00:00,KXBTCD-26MAY3017-T73999.99,0.35,trade,yes,False,-50.0,BTC,2026-05-30 19:09:41+00:00,2026-05-30 19:00:00+00:00,2.0,0.35,False
2026-05-30 19:10:49+00:00,KXBTCD-26MAY3016-T74099.99,0.06,trade,yes,False,-50.0,BTC,2026-05-30 19:10:49+00:00,2026-05-30 19:00:00+00:00,2.0,0.06,False
2026-05-30 19:16:48+00:00,KXBTCD-26MAY3017-T74249.99,0.11,trade,yes,False,-50.0,BTC,2026-05-30 19:16:48+00:00,2026-05-30 19:00:00+00:00,2.0,0.11,False
2026-05-30 19:18:25+00:00,KXBTCD-26MAY3016-T73999.99,0.36,trade,yes,False,-50.0,BTC,2026-05-30 19:18:25+00:00,2026-05-30 19:00:00+00:00,2.0,0.36,False
2026-05-31 00:35:52+00:00,KXBTCD-26MAY3021-T73899.99,0.49,trade,yes,True,52.04,BTC,2026-05-31 00:35:52+00:00,2026-05-31 00:00:00+00:00,2.0,0.49,True
2026-05-31 01:31:29+00:00,KXBTCD-26MAY3022-T74099.99,0.41,trade,yes,False,-24.64,BTC,2026-05-31 01:31:29+00:00,2026-05-31 01:00:00+00:00,2.0,0.41,False
2026-05-31 02:00:23+00:00,KXBTCD-26MAY3023-T73999.99,0.41,trade,yes,False,-50.0,BTC,2026-05-31 02:00:23+00:00,2026-05-31 02:00:00+00:00,2.0,0.41,False
2026-05-31 02:16:49+00:00,KXBTCD-26MAY3023-T74199.99,0.14,trade,yes,False,-43.06,BTC,2026-05-31 02:16:49+00:00,2026-05-31 02:00:00+00:00,2.0,0.14,False
2026-05-31 07:14:02+00:00,KXBTCD-26MAY3104-T73899.99,0.4,trade,yes,False,-50.0,BTC,2026-05-31 07:14:02+00:00,2026-05-31 07:00:00+00:00,2.0,0.4,False
2026-05-31 11:04:52+00:00,KXBTCD-26MAY3117-T73999.99,0.36,trade,no,True,26.82,BTC,2026-05-31 11:04:52+00:00,2026-05-31 11:00:00+00:00,2.0,0.64,True
2026-05-31 13:04:45+00:00,KXBTCD-26MAY3110-T73899.99,0.5,trade,no,True,48.81,BTC,2026-05-31 13:04:45+00:00,2026-05-31 13:00:00+00:00,2.0,0.5,True
2026-05-31 17:08:46+00:00,KXBTCD-26MAY3114-T73499.99,0.28,trade,yes,True,128.57,BTC,2026-05-31 17:08:46+00:00,2026-05-31 17:00:00+00:00,2.0,0.28,True
2026-05-31 21:03:21+00:00,KXBTCD-26MAY3118-T73399.99,0.92,trade,no,False,-50.0,BTC,2026-05-31 21:03:21+00:00,2026-05-31 21:00:00+00:00,2.0,0.07999999999999996,False
2026-05-31 21:36:49+00:00,KXBTCD-26MAY3118-T73499.99,0.85,trade,no,False,-42.05,BTC,2026-05-31 21:36:49+00:00,2026-05-31 21:00:00+00:00,2.0,0.15000000000000002,False
2026-05-31 23:07:02+00:00,KXBTCD-26MAY3120-T74099.99,0.27,trade,no,True,14.89,BTC,2026-05-31 23:07:02+00:00,2026-05-31 23:00:00+00:00,2.0,0.73,True
2026-05-31 23:57:35+00:00,KXBTCD-26MAY3121-T73799.99,0.27,trade,no,True,18.49,BTC,2026-05-31 23:57:35+00:00,2026-05-31 23:00:00+00:00,2.0,0.73,True
2026-06-01 00:51:46+00:00,KXBTCD-26MAY3121-T73899.99,0.38,trade,no,True,30.65,BTC,2026-06-01 00:51:46+00:00,2026-06-01 00:00:00+00:00,2.0,0.62,True
2026-06-01 01:06:01+00:00,KXBTCD-26MAY3122-T73499.99,0.7,trade,no,True,93.26,BTC,2026-06-01 01:06:01+00:00,2026-06-01 01:00:00+00:00,2.0,0.30000000000000004,True
2026-06-01 01:11:50+00:00,KXBTCD-26MAY3122-T73599.99,0.38,trade,no,True,30.65,BTC,2026-06-01 01:11:50+00:00,2026-06-01 01:00:00+00:00,2.0,0.62,True
2026-06-01 03:12:42+00:00,KXBTCD-26JUN0100-T73699.99,0.74,trade,no,True,102.72,BTC,2026-06-01 03:12:42+00:00,2026-06-01 03:00:00+00:00,2.0,0.26,True
2026-06-01 04:09:12+00:00,KXBTCD-26JUN0101-T73499.99,0.69,trade,no,True,111.29,BTC,2026-06-01 04:09:12+00:00,2026-06-01 04:00:00+00:00,2.0,0.31000000000000005,True
2026-06-01 04:14:57+00:00,KXBTCD-26JUN0101-T73599.99,0.3,trade,no,True,21.43,BTC,2026-06-01 04:14:57+00:00,2026-06-01 04:00:00+00:00,2.0,0.7,True
2026-06-01 04:22:01+00:00,KXBTCD-26JUN0101-T73299.99,0.64,trade,no,False,-50.0,BTC,2026-06-01 04:22:01+00:00,2026-06-01 04:00:00+00:00,2.0,0.36,False
2026-06-01 05:05:20+00:00,KXBTCD-26JUN0102-T73499.99,0.34,trade,no,True,25.76,BTC,2026-06-01 05:05:20+00:00,2026-06-01 05:00:00+00:00,2.0,0.6599999999999999,True
2026-06-01 05:11:06+00:00,KXBTCD-26JUN0102-T73299.99,0.7,trade,no,True,116.67,BTC,2026-06-01 05:11:06+00:00,2026-06-01 05:00:00+00:00,2.0,0.30000000000000004,True
2026-06-01 05:26:36+00:00,KXBTCD-26JUN0102-T73399.99,0.28,trade,no,True,19.44,BTC,2026-06-01 05:26:36+00:00,2026-06-01 05:00:00+00:00,2.0,0.72,True
2026-06-01 06:02:52+00:00,KXBTCD-26JUN0103-T73399.99,0.27,trade,no,True,18.49,BTC,2026-06-01 06:02:52+00:00,2026-06-01 06:00:00+00:00,2.0,0.73,True
2026-06-01 06:11:52+00:00,KXBTCD-26JUN0103-T73099.99,0.69,trade,no,True,111.29,BTC,2026-06-01 06:11:52+00:00,2026-06-01 06:00:00+00:00,2.0,0.31000000000000005,True
2026-06-01 07:47:56+00:00,KXBTCD-26JUN0104-T72699.99,0.47,trade,yes,True,20.07,BTC,2026-06-01 07:47:56+00:00,2026-06-01 07:00:00+00:00,2.0,0.47,True
2026-06-01 09:17:23+00:00,KXBTCD-26JUN0106-T72799.99,0.69,trade,no,False,-50.0,BTC,2026-06-01 09:17:23+00:00,2026-06-01 09:00:00+00:00,2.0,0.31000000000000005,False
2026-06-01 15:23:05+00:00,KXBTCD-26JUN0112-T70999.99,0.69,trade,yes,False,-16.33,BTC,2026-06-01 15:23:05+00:00,2026-06-01 15:00:00+00:00,1.0,0.69,False
2026-06-01 23:30:28+00:00,KXBTCD-26JUN0120-T71099.99,0.68,trade,no,False,-44.52,BTC,2026-06-01 23:30:28+00:00,2026-06-01 23:00:00+00:00,1.0,0.31999999999999995,False
2026-06-02 00:50:01+00:00,KXBTCD-26JUN0121-T71099.99,0.53,trade,no,False,-50.0,BTC,2026-06-02 00:50:01+00:00,2026-06-02 00:00:00+00:00,1.0,0.47,False
2026-06-02 00:56:42+00:00,KXBTCD-26JUN0121-T71199.99,0.53,trade,no,True,56.38,BTC,2026-06-02 00:56:42+00:00,2026-06-02 00:00:00+00:00,1.0,0.47,True
2026-06-02 02:03:33+00:00,KXBTCD-26JUN0123-T70499.99,0.61,trade,yes,True,31.97,BTC,2026-06-02 02:03:33+00:00,2026-06-02 02:00:00+00:00,1.0,0.61,True
2026-06-02 02:42:11+00:00,KXBTCD-26JUN0123-T70599.99,0.29,trade,no,False,-50.0,BTC,2026-06-02 02:42:11+00:00,2026-06-02 02:00:00+00:00,1.0,0.71,False
2026-06-02 03:35:17+00:00,KXBTCD-26JUN0200-T70799.99,0.67,trade,no,False,-50.0,BTC,2026-06-02 03:35:17+00:00,2026-06-02 03:00:00+00:00,1.0,0.32999999999999996,False
2026-06-02 07:28:19+00:00,KXBTCD-26JUN0204-T69999.99,0.24,trade,no,False,-50.0,BTC,2026-06-02 07:28:19+00:00,2026-06-02 07:00:00+00:00,1.0,0.76,False
2026-06-02 07:43:05+00:00,KXBTCD-26JUN0204-T70199.99,0.35,trade,no,True,9.92,BTC,2026-06-02 07:43:05+00:00,2026-06-02 07:00:00+00:00,1.0,0.65,True
2026-06-02 08:20:12+00:00,KXBTCD-26JUN0205-T70099.99,0.21,trade,no,True,13.29,BTC,2026-06-02 08:20:12+00:00,2026-06-02 08:00:00+00:00,1.0,0.79,True
2026-06-02 08:30:59+00:00,KXBTCD-26JUN0205-T69999.99,0.42,trade,no,True,36.21,BTC,2026-06-02 08:30:59+00:00,2026-06-02 08:00:00+00:00,1.0,0.5800000000000001,True
2026-06-02 08:47:45+00:00,KXBTCD-26JUN0205-T69799.99,0.49,trade,yes,False,-47.02,BTC,2026-06-02 08:47:45+00:00,2026-06-02 08:00:00+00:00,1.0,0.49,False
2026-06-02 10:02:46+00:00,KXBTCD-26JUN0207-T69099.99,0.75,trade,yes,True,16.67,BTC,2026-06-02 10:02:46+00:00,2026-06-02 10:00:00+00:00,1.0,0.75,True
2026-06-02 10:29:32+00:00,KXBTCD-26JUN0207-T69599.99,0.42,trade,no,True,36.21,BTC,2026-06-02 10:29:32+00:00,2026-06-02 10:00:00+00:00,1.0,0.5800000000000001,True
2026-06-02 11:15:19+00:00,KXBTCD-26JUN0208-T69499.99,0.46,trade,no,True,42.59,BTC,2026-06-02 11:15:19+00:00,2026-06-02 11:00:00+00:00,1.0,0.54,True
2026-06-02 12:05:39+00:00,KXBTCD-26JUN0209-T69199.99,0.61,trade,yes,False,-31.04,BTC,2026-06-02 12:05:39+00:00,2026-06-02 12:00:00+00:00,1.0,0.61,False
2026-06-02 13:05:02+00:00,KXBTCD-26JUN0210-T69299.99,0.28,trade,no,True,8.6,BTC,2026-06-02 13:05:02+00:00,2026-06-02 13:00:00+00:00,1.0,0.72,True
2026-06-02 13:10:38+00:00,KXBTCD-26JUN0210-T69199.99,0.26,trade,no,True,17.54,BTC,2026-06-02 13:10:38+00:00,2026-06-02 13:00:00+00:00,1.0,0.74,True
2026-06-02 13:18:36+00:00,KXBTCD-26JUN0210-T69099.99,0.32,trade,no,True,19.44,BTC,2026-06-02 13:18:36+00:00,2026-06-02 13:00:00+00:00,1.0,0.6799999999999999,True
2026-06-02 14:00:36+00:00,KXBTCD-26JUN0211-T68399.99,0.73,trade,yes,False,-50.0,BTC,2026-06-02 14:00:36+00:00,2026-06-02 14:00:00+00:00,1.0,0.73,False
2026-06-02 14:14:01+00:00,KXBTCD-26JUN0211-T68299.99,0.7,trade,yes,False,-50.0,BTC,2026-06-02 14:14:01+00:00,2026-06-02 14:00:00+00:00,1.0,0.7,False
2026-06-02 14:49:29+00:00,KXBTCD-26JUN0211-T68099.99,0.49,trade,yes,False,-42.07,BTC,2026-06-02 14:49:29+00:00,2026-06-02 14:00:00+00:00,1.0,0.49,False
2026-06-02 17:30:37+00:00,KXBTCD-26JUN0214-T67799.99,0.24,trade,no,True,15.79,BTC,2026-06-02 17:30:37+00:00,2026-06-02 17:00:00+00:00,1.0,0.76,True
2026-06-02 18:01:10+00:00,KXBTCD-26JUN0215-T67399.99,0.57,trade,yes,False,-35.04,BTC,2026-06-02 18:01:10+00:00,2026-06-02 18:00:00+00:00,1.0,0.57,False
2026-06-02 18:22:45+00:00,KXBTCD-26JUN0215-T67299.99,0.52,trade,yes,False,-30.2,BTC,2026-06-02 18:22:45+00:00,2026-06-02 18:00:00+00:00,1.0,0.52,False
2026-06-02 19:03:02+00:00,KXBTCD-26JUN0217-T66999.99,0.64,trade,yes,True,23.38,BTC,2026-06-02 19:03:02+00:00,2026-06-02 19:00:00+00:00,1.0,0.64,True
2026-06-03 00:14:38+00:00,KXBTCD-26JUN0221-T66999.99,0.24,trade,no,True,15.27,BTC,2026-06-03 00:14:38+00:00,2026-06-03 00:00:00+00:00,1.0,0.76,True
2026-06-03 00:31:29+00:00,KXBTCD-26JUN0221-T66799.99,0.28,trade,no,False,-50.0,BTC,2026-06-03 00:31:29+00:00,2026-06-03 00:00:00+00:00,1.0,0.72,False
2026-06-03 01:44:39+00:00,KXBTCD-26JUN0222-T66499.99,0.26,trade,no,False,-50.0,BTC,2026-06-03 01:44:39+00:00,2026-06-03 01:00:00+00:00,1.0,0.74,False
2026-06-03 13:00:30+00:00,KXBTCD-26JUN0310-T67299.99,0.25,trade,no,True,16.67,BTC,2026-06-03 13:00:30+00:00,2026-06-03 13:00:00+00:00,1.0,0.75,True
2026-06-03 13:07:15+00:00,KXBTCD-26JUN0310-T67199.99,0.24,trade,no,True,15.79,BTC,2026-06-03 13:07:15+00:00,2026-06-03 13:00:00+00:00,1.0,0.76,True
2026-06-03 13:17:40+00:00,KXBTCD-26JUN0310-T67399.99,0.16,trade,no,True,5.69,BTC,2026-06-03 13:17:40+00:00,2026-06-03 13:00:00+00:00,1.0,0.84,True
2026-06-03 14:00:44+00:00,KXBTCD-26JUN0311-T67199.99,0.17,trade,no,True,9.07,BTC,2026-06-03 14:00:44+00:00,2026-06-03 14:00:00+00:00,1.0,0.83,True
2026-06-03 14:09:13+00:00,KXBTCD-26JUN0311-T66999.99,0.22,trade,no,True,14.1,BTC,2026-06-03 14:09:13+00:00,2026-06-03 14:00:00+00:00,1.0,0.78,True
2026-06-03 14:15:13+00:00,KXBTCD-26JUN0311-T67099.99,0.22,trade,no,True,14.1,BTC,2026-06-03 14:15:13+00:00,2026-06-03 14:00:00+00:00,1.0,0.78,True
2026-06-03 15:00:13+00:00,KXBTCD-26JUN0312-T67099.99,0.18,trade,no,True,10.7,BTC,2026-06-03 15:00:13+00:00,2026-06-03 15:00:00+00:00,1.0,0.8200000000000001,True
2026-06-03 15:09:09+00:00,KXBTCD-26JUN0312-T66799.99,0.17,trade,no,True,10.24,BTC,2026-06-03 15:09:09+00:00,2026-06-03 15:00:00+00:00,1.0,0.83,True
2026-06-03 15:15:09+00:00,KXBTCD-26JUN0312-T66699.99,0.23,trade,no,True,14.94,BTC,2026-06-03 15:15:09+00:00,2026-06-03 15:00:00+00:00,1.0,0.77,True
2026-06-03 21:43:06+00:00,KXBTCD-26JUN0318-T65499.99,0.23,trade,no,False,-50.0,BTC,2026-06-03 21:43:06+00:00,2026-06-03 21:00:00+00:00,1.0,0.77,False
2026-06-03 22:08:54+00:00,KXBTCD-26JUN0319-T65799.99,0.2,trade,no,True,12.5,BTC,2026-06-03 22:08:54+00:00,2026-06-03 22:00:00+00:00,1.0,0.8,True
2026-06-03 22:14:36+00:00,KXBTCD-26JUN0319-T65599.99,0.2,trade,no,True,12.5,BTC,2026-06-03 22:14:36+00:00,2026-06-03 22:00:00+00:00,1.0,0.8,True
2026-06-03 22:23:36+00:00,KXBTCD-26JUN0319-T65199.99,0.34,trade,no,True,25.76,BTC,2026-06-03 22:23:36+00:00,2026-06-03 22:00:00+00:00,1.0,0.6599999999999999,True
2026-06-03 22:43:50+00:00,KXBTCD-26JUN0319-T65099.99,0.24,trade,no,True,15.79,BTC,2026-06-03 22:43:50+00:00,2026-06-03 22:00:00+00:00,1.0,0.76,True
2026-06-04 10:21:05+00:00,KXBTCD-26JUN0407-T62699.99,0.64,trade,no,True,51.89,BTC,2026-06-04 10:21:05+00:00,2026-06-04 10:00:00+00:00,1.0,0.36,True
2026-06-04 10:34:14+00:00,KXBTCD-26JUN0407-T62499.99,0.67,trade,no,True,44.0,BTC,2026-06-04 10:34:14+00:00,2026-06-04 10:00:00+00:00,1.0,0.32999999999999996,True
2026-06-04 10:43:20+00:00,KXBTCD-26JUN0407-T62399.99,0.7,trade,no,True,116.67,BTC,2026-06-04 10:43:20+00:00,2026-06-04 10:00:00+00:00,1.0,0.30000000000000004,True
2026-06-04 13:02:49+00:00,KXBTCD-26JUN0410-T64199.99,0.21,trade,no,True,13.29,BTC,2026-06-04 13:02:49+00:00,2026-06-04 13:00:00+00:00,1.0,0.79,True
2026-06-04 13:08:31+00:00,KXBTCD-26JUN0410-T63999.99,0.27,trade,no,False,-50.0,BTC,2026-06-04 13:08:31+00:00,2026-06-04 13:00:00+00:00,1.0,0.73,False
2026-06-04 13:14:39+00:00,KXBTCD-26JUN0410-T64099.99,0.21,trade,no,False,-50.0,BTC,2026-06-04 13:14:39+00:00,2026-06-04 13:00:00+00:00,1.0,0.79,False
2026-06-04 16:13:14+00:00,KXBTCD-26JUN0413-T63399.99,0.72,trade,no,False,-28.92,BTC,2026-06-04 16:13:14+00:00,2026-06-04 16:00:00+00:00,1.0,0.28,False
2026-06-04 16:24:02+00:00,KXBTCD-26JUN0413-T63499.99,0.73,trade,no,True,111.28,BTC,2026-06-04 16:24:02+00:00,2026-06-04 16:00:00+00:00,1.0,0.27,True
2026-06-04 19:02:42+00:00,KXBTCD-26JUN0416-T63499.99,0.72,trade,no,False,-42.87,BTC,2026-06-04 19:02:42+00:00,2026-06-04 19:00:00+00:00,1.0,0.28,False
2026-06-04 19:09:00+00:00,KXBTCD-26JUN0416-T63399.99,0.68,trade,no,False,-39.97,BTC,2026-06-04 19:09:00+00:00,2026-06-04 19:00:00+00:00,1.0,0.31999999999999995,False
2026-06-04 19:28:05+00:00,KXBTCD-26JUN0416-T63799.99,0.74,trade,no,True,96.03,BTC,2026-06-04 19:28:05+00:00,2026-06-04 19:00:00+00:00,1.0,0.26,True
2026-06-04 23:22:47+00:00,KXBTCD-26JUN0420-T63299.99,0.65,trade,no,False,-36.99,BTC,2026-06-04 23:22:47+00:00,2026-06-04 23:00:00+00:00,1.0,0.35,False
2026-06-04 23:43:08+00:00,KXBTCD-26JUN0420-T63599.99,0.75,trade,no,False,-50.0,BTC,2026-06-04 23:43:08+00:00,2026-06-04 23:00:00+00:00,1.0,0.25,False
2026-06-05 05:36:46+00:00,KXBTCD-26JUN0502-T63299.99,0.29,trade,no,True,20.42,BTC,2026-06-05 05:36:46+00:00,2026-06-05 05:00:00+00:00,1.0,0.71,True
2026-06-05 05:48:34+00:00,KXBTCD-26JUN0502-T62899.99,0.26,trade,no,True,17.57,BTC,2026-06-05 05:48:34+00:00,2026-06-05 05:00:00+00:00,1.0,0.74,True
2026-06-05 05:56:05+00:00,KXBTCD-26JUN0502-T62699.99,0.26,trade,no,True,17.57,BTC,2026-06-05 05:56:05+00:00,2026-06-05 05:00:00+00:00,1.0,0.74,True
2026-06-05 08:45:04+00:00,KXBTCD-26JUN0505-T62399.99,0.65,trade,no,False,-50.0,BTC,2026-06-05 08:45:04+00:00,2026-06-05 08:00:00+00:00,1.0,0.35,False
2026-06-05 09:02:03+00:00,KXBTCD-26JUN0506-T62299.99,0.69,trade,no,False,-50.0,BTC,2026-06-05 09:02:03+00:00,2026-06-05 09:00:00+00:00,1.0,0.31000000000000005,False
2026-06-05 10:18:14+00:00,KXBTCD-26JUN0507-T62399.99,0.67,trade,no,False,-50.0,BTC,2026-06-05 10:18:14+00:00,2026-06-05 10:00:00+00:00,1.0,0.32999999999999996,False
2026-06-05 10:33:11+00:00,KXBTCD-26JUN0507-T62499.99,0.63,trade,no,False,-34.11,BTC,2026-06-05 10:33:11+00:00,2026-06-05 10:00:00+00:00,1.0,0.37,False
2026-06-06 17:45:59+00:00,KXBTCD-26JUN0614-T60599.99,0.67,trade,no,True,84.22,BTC,2026-06-06 17:45:59+00:00,2026-06-06 17:00:00+00:00,1.0,0.32999999999999996,True
2026-06-06 19:06:51+00:00,KXBTCD-26JUN0617-T60999.99,0.24,trade,no,True,10.48,BTC,2026-06-06 19:06:51+00:00,2026-06-06 19:00:00+00:00,1.0,0.76,True
2026-06-06 19:17:17+00:00,KXBTCD-26JUN0617-T60999.99,0.2,trade,no,True,12.5,BTC,2026-06-06 19:17:17+00:00,2026-06-06 19:00:00+00:00,1.0,0.8,True
2026-06-06 19:24:30+00:00,KXBTCD-26JUN0616-T60499.99,0.83,trade,no,False,-47.84,BTC,2026-06-06 19:24:30+00:00,2026-06-06 19:00:00+00:00,1.0,0.17000000000000004,False
2026-06-06 19:29:16+00:00,KXBTCD-26JUN0617-T60499.99,0.65,trade,no,False,-33.29,BTC,2026-06-06 19:29:16+00:00,2026-06-06 19:00:00+00:00,1.0,0.35,False
2026-06-06 19:37:11+00:00,KXBTCD-26JUN0616-T60399.99,0.88,trade,no,False,-50.0,BTC,2026-06-06 19:37:11+00:00,2026-06-06 19:00:00+00:00,1.0,0.12,False
2026-06-07 02:47:54+00:00,KXBTCD-26JUN0623-T61499.99,0.24,trade,no,True,15.79,BTC,2026-06-07 02:47:54+00:00,2026-06-07 02:00:00+00:00,3.0,0.76,True
2026-06-07 03:04:07+00:00,KXBTCD-26JUN0700-T61299.99,0.68,trade,no,False,-50.0,BTC,2026-06-07 03:04:07+00:00,2026-06-07 03:00:00+00:00,3.0,0.31999999999999995,False
2026-06-07 03:11:49+00:00,KXBTCD-26JUN0700-T61399.99,0.62,trade,no,False,-50.0,BTC,2026-06-07 03:11:49+00:00,2026-06-07 03:00:00+00:00,3.0,0.38,False
2026-06-07 03:18:45+00:00,KXBTCD-26JUN0700-T61499.99,0.66,trade,no,False,-50.0,BTC,2026-06-07 03:18:45+00:00,2026-06-07 03:00:00+00:00,3.0,0.33999999999999997,False
2026-06-07 04:07:55+00:00,KXBTCD-26JUN0701-T61499.99,0.65,trade,no,False,-50.0,BTC,2026-06-07 04:07:55+00:00,2026-06-07 04:00:00+00:00,3.0,0.35,False
2026-06-07 05:01:08+00:00,KXBTCD-26JUN0702-T61899.99,0.32,trade,no,True,14.44,BTC,2026-06-07 05:01:08+00:00,2026-06-07 05:00:00+00:00,3.0,0.6799999999999999,True
2026-06-07 05:36:44+00:00,KXBTCD-26JUN0702-T61799.99,0.37,trade,no,True,29.37,BTC,2026-06-07 05:36:44+00:00,2026-06-07 05:00:00+00:00,3.0,0.63,True
2026-06-07 06:22:53+00:00,KXBTCD-26JUN0703-T61899.99,0.34,trade,no,False,-50.0,BTC,2026-06-07 06:22:53+00:00,2026-06-07 06:00:00+00:00,3.0,0.6599999999999999,False
2026-06-07 06:28:44+00:00,KXBTCD-26JUN0703-T61999.99,0.36,trade,no,False,-50.0,BTC,2026-06-07 06:28:44+00:00,2026-06-07 06:00:00+00:00,3.0,0.64,False
2026-06-07 06:47:37+00:00,KXBTCD-26JUN0703-T62199.99,0.22,trade,no,True,14.1,BTC,2026-06-07 06:47:37+00:00,2026-06-07 06:00:00+00:00,3.0,0.78,True
2026-06-07 07:15:14+00:00,KXBTCD-26JUN0704-T62199.99,0.36,trade,no,False,-50.0,BTC,2026-06-07 07:15:14+00:00,2026-06-07 07:00:00+00:00,0.0,0.64,False
2026-06-07 07:24:39+00:00,KXBTCD-26JUN0704-T62299.99,0.24,trade,no,False,-34.92,BTC,2026-06-07 07:24:39+00:00,2026-06-07 07:00:00+00:00,0.0,0.76,False
2026-06-07 07:59:57+00:00,KXBTCD-26JUN0705-T62499.99,0.31,trade,no,False,-50.0,BTC,2026-06-07 07:59:57+00:00,2026-06-07 07:00:00+00:00,0.0,0.69,False
2026-06-07 08:10:06+00:00,KXBTCD-26JUN0705-T62599.99,0.15,trade,no,False,-50.0,BTC,2026-06-07 08:10:06+00:00,2026-06-07 08:00:00+00:00,0.0,0.85,False
2026-06-07 08:16:25+00:00,KXBTCD-26JUN0705-T62399.99,0.32,trade,no,False,-50.0,BTC,2026-06-07 08:16:25+00:00,2026-06-07 08:00:00+00:00,0.0,0.6799999999999999,False
2026-06-07 09:01:23+00:00,KXBTCD-26JUN0706-T62899.99,0.37,trade,no,True,29.37,BTC,2026-06-07 09:01:23+00:00,2026-06-07 09:00:00+00:00,0.0,0.63,True
2026-06-07 10:11:31+00:00,KXBTCD-26JUN0707-T62499.99,0.3,trade,no,True,21.43,BTC,2026-06-07 10:11:31+00:00,2026-06-07 10:00:00+00:00,0.0,0.7,True
2026-06-07 11:13:35+00:00,KXBTCD-26JUN0708-T62599.99,0.24,trade,no,False,-50.0,BTC,2026-06-07 11:13:35+00:00,2026-06-07 11:00:00+00:00,0.0,0.76,False
2026-06-07 11:21:19+00:00,KXBTCD-26JUN0708-T62399.99,0.62,trade,no,False,-50.0,BTC,2026-06-07 11:21:19+00:00,2026-06-07 11:00:00+00:00,0.0,0.38,False
2026-06-09 02:02:40+00:00,KXBTCD-26JUN0823-T62699.99,0.69,trade,no,False,-50.0,BTC,2026-06-09 02:02:40+00:00,2026-06-09 02:00:00+00:00,1.0,0.31000000000000005,False
2026-06-09 03:08:35+00:00,KXBTCD-26JUN0900-T62699.99,0.69,trade,no,False,-42.31,BTC,2026-06-09 03:08:35+00:00,2026-06-09 03:00:00+00:00,1.0,0.31000000000000005,False
2026-06-09 03:13:52+00:00,KXBTCD-26JUN0900-T62799.99,0.67,trade,no,False,-50.0,BTC,2026-06-09 03:13:52+00:00,2026-06-09 03:00:00+00:00,1.0,0.32999999999999996,False
2026-06-09 03:20:36+00:00,KXBTCD-26JUN0900-T62999.99,0.3,trade,no,True,19.24,BTC,2026-06-09 03:20:36+00:00,2026-06-09 03:00:00+00:00,1.0,0.7,True
2026-06-09 03:59:57+00:00,KXBTCD-26JUN0901-T62699.99,0.69,trade,no,False,-40.41,BTC,2026-06-09 03:59:57+00:00,2026-06-09 03:00:00+00:00,1.0,0.31000000000000005,False
2026-06-09 04:05:42+00:00,KXBTCD-26JUN0901-T62899.99,0.28,trade,no,False,-50.0,BTC,2026-06-09 04:05:42+00:00,2026-06-09 04:00:00+00:00,1.0,0.72,False
2026-06-09 04:14:34+00:00,KXBTCD-26JUN0901-T62999.99,0.34,trade,no,False,-50.0,BTC,2026-06-09 04:14:34+00:00,2026-06-09 04:00:00+00:00,1.0,0.6599999999999999,False
2026-06-09 05:05:38+00:00,KXBTCD-26JUN0902-T63399.99,0.29,trade,no,True,20.42,BTC,2026-06-09 05:05:38+00:00,2026-06-09 05:00:00+00:00,1.0,0.71,True
2026-06-09 05:12:07+00:00,KXBTCD-26JUN0902-T62999.99,0.68,trade,no,False,-50.0,BTC,2026-06-09 05:12:07+00:00,2026-06-09 05:00:00+00:00,1.0,0.31999999999999995,False
2026-06-09 05:18:50+00:00,KXBTCD-26JUN0902-T63499.99,0.2,trade,no,True,12.5,BTC,2026-06-09 05:18:50+00:00,2026-06-09 05:00:00+00:00,1.0,0.8,True
2026-06-09 06:00:59+00:00,KXBTCD-26JUN0903-T63399.99,0.3,trade,no,True,21.43,BTC,2026-06-09 06:00:59+00:00,2026-06-09 06:00:00+00:00,1.0,0.7,True
2026-06-09 06:09:26+00:00,KXBTCD-26JUN0903-T63499.99,0.23,trade,no,True,14.94,BTC,2026-06-09 06:09:26+00:00,2026-06-09 06:00:00+00:00,1.0,0.77,True
2026-06-09 07:01:36+00:00,KXBTCD-26JUN0904-T63199.99,0.66,trade,no,True,90.87,BTC,2026-06-09 07:01:36+00:00,2026-06-09 07:00:00+00:00,1.0,0.33999999999999997,True
2026-06-09 07:09:53+00:00,KXBTCD-26JUN0904-T63499.99,0.32,trade,no,True,23.53,BTC,2026-06-09 07:09:53+00:00,2026-06-09 07:00:00+00:00,1.0,0.6799999999999999,True
2026-06-09 07:16:25+00:00,KXBTCD-26JUN0904-T63399.99,0.26,trade,no,True,17.57,BTC,2026-06-09 07:16:25+00:00,2026-06-09 07:00:00+00:00,1.0,0.74,True
2026-06-09 08:00:08+00:00,KXBTCD-26JUN0905-T63299.99,0.3,trade,no,True,21.43,BTC,2026-06-09 08:00:08+00:00,2026-06-09 08:00:00+00:00,1.0,0.7,True
2026-06-09 09:16:39+00:00,KXBTCD-26JUN0906-T62799.99,0.66,trade,no,True,97.06,BTC,2026-06-09 09:16:39+00:00,2026-06-09 09:00:00+00:00,1.0,0.33999999999999997,True
2026-06-09 09:37:44+00:00,KXBTCD-26JUN0906-T62699.99,0.3,trade,no,True,21.43,BTC,2026-06-09 09:37:44+00:00,2026-06-09 09:00:00+00:00,1.0,0.7,True
2026-06-09 10:00:54+00:00,KXBTCD-26JUN0907-T62799.99,0.33,trade,no,True,24.63,BTC,2026-06-09 10:00:54+00:00,2026-06-09 10:00:00+00:00,1.0,0.6699999999999999,True
2026-06-09 11:00:47+00:00,KXBTCD-26JUN0908-T62899.99,0.26,trade,no,True,15.09,BTC,2026-06-09 11:00:47+00:00,2026-06-09 11:00:00+00:00,1.0,0.74,True
2026-06-09 11:07:22+00:00,KXBTCD-26JUN0908-T62699.99,0.37,trade,no,True,29.37,BTC,2026-06-09 11:07:22+00:00,2026-06-09 11:00:00+00:00,1.0,0.63,True
2026-06-09 11:15:02+00:00,KXBTCD-26JUN0908-T62599.99,0.35,trade,no,False,-50.0,BTC,2026-06-09 11:15:02+00:00,2026-06-09 11:00:00+00:00,1.0,0.65,False
2026-06-09 12:00:39+00:00,KXBTCD-26JUN0909-T62799.99,0.3,trade,no,True,21.43,BTC,2026-06-09 12:00:39+00:00,2026-06-09 12:00:00+00:00,1.0,0.7,True
2026-06-09 12:30:49+00:00,KXBTCD-26JUN0909-T62699.99,0.31,trade,no,True,22.46,BTC,2026-06-09 12:30:49+00:00,2026-06-09 12:00:00+00:00,1.0,0.69,True
2026-06-09 12:47:04+00:00,KXBTCD-26JUN0909-T62599.99,0.2,trade,no,True,12.5,BTC,2026-06-09 12:47:04+00:00,2026-06-09 12:00:00+00:00,1.0,0.8,True
2026-06-09 13:00:13+00:00,KXBTCD-26JUN0910-T62999.99,0.15,trade,no,True,7.43,BTC,2026-06-09 13:00:13+00:00,2026-06-09 13:00:00+00:00,1.0,0.85,True
2026-06-09 13:08:30+00:00,KXBTCD-26JUN0910-T62899.99,0.24,trade,no,True,14.89,BTC,2026-06-09 13:08:30+00:00,2026-06-09 13:00:00+00:00,1.0,0.76,True
2026-06-09 13:18:39+00:00,KXBTCD-26JUN0910-T62799.99,0.14,trade,no,True,8.14,BTC,2026-06-09 13:18:39+00:00,2026-06-09 13:00:00+00:00,1.0,0.86,True
2026-06-09 14:01:10+00:00,KXBTCD-26JUN0911-T62699.99,0.18,trade,no,True,10.98,BTC,2026-06-09 14:01:10+00:00,2026-06-09 14:00:00+00:00,1.0,0.8200000000000001,True
2026-06-09 14:10:27+00:00,KXBTCD-26JUN0911-T62399.99,0.22,trade,no,True,14.1,BTC,2026-06-09 14:10:27+00:00,2026-06-09 14:00:00+00:00,1.0,0.78,True
2026-06-09 23:05:07+00:00,KXBTCD-26JUN0920-T61899.99,0.26,trade,yes,False,-44.26,BTC,2026-06-09 23:05:07+00:00,2026-06-09 23:00:00+00:00,1.0,0.26,False
2026-06-10 03:41:21+00:00,KXBTCD-26JUN1000-T61399.99,0.6,trade,yes,True,33.33,BTC,2026-06-10 03:41:21+00:00,2026-06-10 03:00:00+00:00,1.0,0.6,True
2026-06-10 08:25:00+00:00,KXBTCD-26JUN1005-T61599.99,0.34,trade,no,True,25.76,BTC,2026-06-10 08:25:00+00:00,2026-06-10 08:00:00+00:00,1.0,0.6599999999999999,True
2026-06-10 08:30:17+00:00,KXBTCD-26JUN1005-T61399.99,0.73,trade,no,True,106.88,BTC,2026-06-10 08:30:17+00:00,2026-06-10 08:00:00+00:00,1.0,0.27,True
2026-06-10 08:35:45+00:00,KXBTCD-26JUN1005-T61499.99,0.22,trade,no,True,14.1,BTC,2026-06-10 08:35:45+00:00,2026-06-10 08:00:00+00:00,1.0,0.78,True
2026-06-10 13:02:17+00:00,KXBTCD-26JUN1010-T61899.99,0.18,trade,no,False,-50.0,BTC,2026-06-10 13:02:17+00:00,2026-06-10 13:00:00+00:00,1.0,0.8200000000000001,False
2026-06-10 13:11:24+00:00,KXBTCD-26JUN1010-T61799.99,0.21,trade,no,False,-50.0,BTC,2026-06-10 13:11:24+00:00,2026-06-10 13:00:00+00:00,1.0,0.79,False
2026-06-10 13:17:57+00:00,KXBTCD-26JUN1010-T61599.99,0.37,trade,no,False,-50.0,BTC,2026-06-10 13:17:57+00:00,2026-06-10 13:00:00+00:00,1.0,0.63,False
2026-06-10 14:02:39+00:00,KXBTCD-26JUN1011-T62199.99,0.37,trade,no,True,10.84,BTC,2026-06-10 14:02:39+00:00,2026-06-10 14:00:00+00:00,1.0,0.63,True
2026-06-10 14:10:04+00:00,KXBTCD-26JUN1011-T62499.99,0.21,trade,no,True,13.29,BTC,2026-06-10 14:10:04+00:00,2026-06-10 14:00:00+00:00,1.0,0.79,True
2026-06-10 14:16:36+00:00,KXBTCD-26JUN1011-T62099.99,0.32,trade,no,True,23.53,BTC,2026-06-10 14:16:36+00:00,2026-06-10 14:00:00+00:00,1.0,0.6799999999999999,True
2026-06-10 15:09:54+00:00,KXBTCD-26JUN1012-T62299.99,0.17,trade,no,False,-50.0,BTC,2026-06-10 15:09:54+00:00,2026-06-10 15:00:00+00:00,1.0,0.83,False
2026-06-10 15:16:29+00:00,KXBTCD-26JUN1012-T61999.99,0.39,trade,no,False,-50.0,BTC,2026-06-10 15:16:29+00:00,2026-06-10 15:00:00+00:00,1.0,0.61,False
2026-06-10 16:51:34+00:00,KXBTCD-26JUN1013-T62099.99,0.13,trade,no,False,-50.0,BTC,2026-06-10 16:51:34+00:00,2026-06-10 16:00:00+00:00,3.0,0.87,False
2026-06-10 17:02:25+00:00,KXBTCD-26JUN1014-T62399.99,0.33,trade,no,True,24.63,BTC,2026-06-10 17:02:25+00:00,2026-06-10 17:00:00+00:00,3.0,0.6699999999999999,True
2026-06-10 17:12:23+00:00,KXBTCD-26JUN1014-T62199.99,0.3,trade,no,True,21.43,BTC,2026-06-10 17:12:23+00:00,2026-06-10 17:00:00+00:00,3.0,0.7,True
2026-06-10 17:55:24+00:00,KXBTCD-26JUN1014-T61899.99,0.38,trade,no,False,-50.0,BTC,2026-06-10 17:55:24+00:00,2026-06-10 17:00:00+00:00,3.0,0.62,False
2026-06-10 18:08:35+00:00,KXBTCD-26JUN1015-T62099.99,0.36,trade,no,True,28.12,BTC,2026-06-10 18:08:35+00:00,2026-06-10 18:00:00+00:00,3.0,0.64,True
2026-06-10 18:51:37+00:00,KXBTCD-26JUN1015-T61699.99,0.36,trade,no,False,-50.0,BTC,2026-06-10 18:51:37+00:00,2026-06-10 18:00:00+00:00,3.0,0.64,False
2026-06-10 19:30:48+00:00,KXBTCD-26JUN1017-T61999.99,0.27,trade,no,True,18.49,BTC,2026-06-10 19:30:48+00:00,2026-06-10 19:00:00+00:00,3.0,0.73,True
2026-06-11 00:36:08+00:00,KXBTCD-26JUN1021-T61699.99,0.62,trade,yes,True,30.65,BTC,2026-06-11 00:36:08+00:00,2026-06-11 00:00:00+00:00,3.0,0.62,True
2026-06-11 02:00:00+00:00,KXBTCD-26JUN1023-T61999.99,0.68,trade,no,False,-50.0,BTC,2026-06-11 02:00:00+00:00,2026-06-11 02:00:00+00:00,3.0,0.31999999999999995,False
2026-06-11 02:00:00+00:00,KXBTCD-26JUN1023-T62099.99,0.67,trade,no,True,93.52,BTC,2026-06-11 02:00:00+00:00,2026-06-11 02:00:00+00:00,3.0,0.32999999999999996,True
2026-06-11 03:00:00+00:00,KXBTCD-26JUN1100-T61999.99,0.64,trade,no,False,-41.62,BTC,2026-06-11 03:00:00+00:00,2026-06-11 03:00:00+00:00,3.0,0.36,False
2026-06-11 03:00:00+00:00,KXBTCD-26JUN1100-T61899.99,0.68,trade,no,False,-50.0,BTC,2026-06-11 03:00:00+00:00,2026-06-11 03:00:00+00:00,3.0,0.31999999999999995,False
2026-06-11 03:00:00+00:00,KXBTCD-26JUN1100-T62399.99,0.3,trade,no,False,-50.0,BTC,2026-06-11 03:00:00+00:00,2026-06-11 03:00:00+00:00,3.0,0.7,False
2026-06-11 04:00:00+00:00,KXBTCD-26JUN1101-T62699.99,0.35,trade,no,True,26.92,BTC,2026-06-11 04:00:00+00:00,2026-06-11 04:00:00+00:00,3.0,0.65,True
2026-06-11 04:00:00+00:00,KXBTCD-26JUN1101-T62799.99,0.22,trade,no,True,14.1,BTC,2026-06-11 04:00:00+00:00,2026-06-11 04:00:00+00:00,3.0,0.78,True
2026-06-11 04:00:00+00:00,KXBTCD-26JUN1101-T62599.99,0.35,trade,no,False,-50.0,BTC,2026-06-11 04:00:00+00:00,2026-06-11 04:00:00+00:00,3.0,0.65,False
2026-06-11 10:00:00+00:00,KXBTCD-26JUN1108-T63299.99,0.23,trade,no,True,14.94,BTC,2026-06-11 10:00:00+00:00,2026-06-11 10:00:00+00:00,2.0,0.77,True
2026-06-11 10:00:00+00:00,KXBTCD-26JUN1107-T62799.99,0.63,trade,no,False,-50.0,BTC,2026-06-11 10:00:00+00:00,2026-06-11 10:00:00+00:00,2.0,0.37,False
2026-06-11 10:00:00+00:00,KXBTCD-26JUN1107-T62899.99,0.24,trade,no,False,-50.0,BTC,2026-06-11 10:00:00+00:00,2026-06-11 10:00:00+00:00,2.0,0.76,False
2026-06-11 11:00:00+00:00,KXBTCD-26JUN1108-T63199.99,0.26,trade,no,True,17.57,BTC,2026-06-11 11:00:00+00:00,2026-06-11 11:00:00+00:00,2.0,0.74,True
2026-06-11 11:00:00+00:00,KXBTCD-26JUN1108-T63099.99,0.4,trade,no,True,33.33,BTC,2026-06-11 11:00:00+00:00,2026-06-11 11:00:00+00:00,2.0,0.6,True
2026-06-11 11:00:00+00:00,KXBTCD-26JUN1109-T63199.99,0.31,trade,no,True,22.46,BTC,2026-06-11 11:00:00+00:00,2026-06-11 11:00:00+00:00,2.0,0.69,True
2026-06-11 12:00:00+00:00,KXBTCD-26JUN1109-T63099.99,0.38,trade,no,True,30.65,BTC,2026-06-11 12:00:00+00:00,2026-06-11 12:00:00+00:00,2.0,0.62,True
2026-06-11 12:00:00+00:00,KXBTCD-26JUN1109-T62999.99,0.62,trade,no,True,81.58,BTC,2026-06-11 12:00:00+00:00,2026-06-11 12:00:00+00:00,2.0,0.38,True
2026-06-11 13:00:00+00:00,KXBTCD-26JUN1110-T63099.99,0.32,trade,no,True,23.53,BTC,2026-06-11 13:00:00+00:00,2026-06-11 13:00:00+00:00,2.0,0.6799999999999999,True
2026-06-11 13:00:00+00:00,KXBTCD-26JUN1110-T62999.99,0.36,trade,no,False,-50.0,BTC,2026-06-11 13:00:00+00:00,2026-06-11 13:00:00+00:00,2.0,0.64,False
2026-06-11 13:00:00+00:00,KXBTCD-26JUN1110-T63199.99,0.24,trade,no,True,15.79,BTC,2026-06-11 13:00:00+00:00,2026-06-11 13:00:00+00:00,2.0,0.76,True
2026-06-11 14:00:00+00:00,KXBTCD-26JUN1111-T62999.99,0.25,trade,no,True,16.67,BTC,2026-06-11 14:00:00+00:00,2026-06-11 14:00:00+00:00,2.0,0.75,True
2026-06-11 14:00:00+00:00,KXBTCD-26JUN1111-T63199.99,0.29,trade,no,True,20.42,BTC,2026-06-11 14:00:00+00:00,2026-06-11 14:00:00+00:00,2.0,0.71,True
2026-06-11 14:00:00+00:00,KXBTCD-26JUN1111-T63099.99,0.3,trade,no,True,21.43,BTC,2026-06-11 14:00:00+00:00,2026-06-11 14:00:00+00:00,2.0,0.7,True
2026-06-11 15:00:00+00:00,KXBTCD-26JUN1112-T62999.99,0.17,trade,no,True,10.24,BTC,2026-06-11 15:00:00+00:00,2026-06-11 15:00:00+00:00,2.0,0.83,True
2026-06-11 15:00:00+00:00,KXBTCD-26JUN1112-T62899.99,0.26,trade,no,True,17.57,BTC,2026-06-11 15:00:00+00:00,2026-06-11 15:00:00+00:00,2.0,0.74,True
2026-06-11 16:00:00+00:00,KXBTCD-26JUN1113-T62899.99,0.2,trade,no,True,12.5,BTC,2026-06-11 16:00:00+00:00,2026-06-11 16:00:00+00:00,2.0,0.8,True
2026-06-11 17:00:00+00:00,KXBTCD-26JUN1114-T62399.99,0.34,trade,no,False,-500.0,BTC,2026-06-11 17:00:00+00:00,2026-06-11 17:00:00+00:00,2.0,0.6599999999999999,False
2026-06-11 19:00:00+00:00,KXBTCD-26JUN1117-T63749.99,0.25,trade,no,True,166.67,BTC,2026-06-11 19:00:00+00:00,2026-06-11 19:00:00+00:00,2.0,0.75,True
2026-06-11 19:00:00+00:00,KXBTCD-26JUN1116-T63599.99,0.29,trade,no,True,204.23,BTC,2026-06-11 19:00:00+00:00,2026-06-11 19:00:00+00:00,2.0,0.71,True
2026-06-11 19:00:00+00:00,KXBTCD-26JUN1116-T63699.99,0.36,trade,no,True,281.25,BTC,2026-06-11 19:00:00+00:00,2026-06-11 19:00:00+00:00,2.0,0.64,True
2026-06-12 07:00:00+00:00,KXBTCD-26JUN1204-T63099.99,0.32,trade,yes,False,-50.0,BTC,2026-06-12 07:00:00+00:00,2026-06-12 07:00:00+00:00,2.0,0.32,False
2026-06-12 07:00:00+00:00,KXBTCD-26JUN1204-T62999.99,0.35,trade,yes,True,77.93,BTC,2026-06-12 07:00:00+00:00,2026-06-12 07:00:00+00:00,2.0,0.35,True
2026-06-12 07:00:00+00:00,KXBTCD-26JUN1204-T63199.99,0.21,trade,yes,False,-49.36,BTC,2026-06-12 07:00:00+00:00,2026-06-12 07:00:00+00:00,2.0,0.21,False
2026-06-12 08:00:00+00:00,KXBTCD-26JUN1205-T63299.99,0.75,trade,no,False,-43.73,BTC,2026-06-12 08:00:00+00:00,2026-06-12 08:00:00+00:00,2.0,0.25,False
2026-06-12 09:00:00+00:00,KXBTCD-26JUN1206-T63299.99,0.68,trade,no,False,-50.0,BTC,2026-06-12 09:00:00+00:00,2026-06-12 09:00:00+00:00,2.0,0.31999999999999995,False
2026-06-12 09:00:00+00:00,KXBTCD-26JUN1206-T63399.99,0.63,trade,no,False,-50.0,BTC,2026-06-12 09:00:00+00:00,2026-06-12 09:00:00+00:00,2.0,0.37,False
2026-06-12 13:00:00+00:00,KXBTCD-26JUN1210-T63499.99,0.17,trade,no,True,10.24,BTC,2026-06-12 13:00:00+00:00,2026-06-12 13:00:00+00:00,2.0,0.83,True
2026-06-12 13:00:00+00:00,KXBTCD-26JUN1210-T63399.99,0.32,trade,no,True,7.93,BTC,2026-06-12 13:00:00+00:00,2026-06-12 13:00:00+00:00,2.0,0.6799999999999999,True
2026-06-12 13:00:00+00:00,KXBTCD-26JUN1210-T63199.99,0.24,trade,no,True,5.24,BTC,2026-06-12 13:00:00+00:00,2026-06-12 13:00:00+00:00,2.0,0.76,True
2026-06-12 14:00:00+00:00,KXBTCD-26JUN1211-T63599.99,0.26,trade,no,False,-50.0,BTC,2026-06-12 14:00:00+00:00,2026-06-12 14:00:00+00:00,2.0,0.74,False
2026-06-12 15:00:00+00:00,KXBTCD-26JUN1212-T64499.99,0.18,trade,no,True,10.98,BTC,2026-06-12 15:00:00+00:00,2026-06-12 15:00:00+00:00,0.0,0.8200000000000001,True
2026-06-12 19:00:00+00:00,KXBTCD-26JUN1217-T63499.99,0.68,trade,no,True,83.73,BTC,2026-06-12 19:00:00+00:00,2026-06-12 19:00:00+00:00,2.0,0.31999999999999995,True
2026-06-12 21:00:00+00:00,KXBTCD-26JUN1218-T63499.99,0.65,trade,no,True,68.58,BTC,2026-06-12 21:00:00+00:00,2026-06-12 21:00:00+00:00,2.0,0.35,True
2026-06-12 23:00:00+00:00,KXBTCD-26JUN1220-T63399.99,0.67,trade,no,False,-36.09,BTC,2026-06-12 23:00:00+00:00,2026-06-12 23:00:00+00:00,2.0,0.32999999999999996,False
2026-06-13 00:00:00+00:00,KXBTCD-26JUN1221-T63499.99,0.69,trade,no,False,-50.0,BTC,2026-06-13 00:00:00+00:00,2026-06-13 00:00:00+00:00,2.0,0.31000000000000005,False
2026-06-13 05:00:00+00:00,KXBTCD-26JUN1302-T63499.99,0.65,trade,no,False,-37.45,BTC,2026-06-13 05:00:00+00:00,2026-06-13 05:00:00+00:00,2.0,0.35,False
2026-06-13 08:06:39,KXBTCD-26JUN1305-T63699.99,0.66,trade,no,False,-50.0,BTC,2026-06-13 08:06:39+00:00,2026-06-13 08:00:00+00:00,2.0,0.33999999999999997,False
2026-06-13 10:14:08,KXBTCD-26JUN1307-T63699.99,0.67,trade,no,False,-50.0,BTC,2026-06-13 10:14:08+00:00,2026-06-13 10:00:00+00:00,2.0,0.32999999999999996,False
2026-06-13 11:08:07,KXBTCD-26JUN1308-T63899.99,0.36,trade,no,False,-50.0,BTC,2026-06-13 11:08:07+00:00,2026-06-13 11:00:00+00:00,2.0,0.64,False
2026-06-13 12:48:16,KXBTCD-26JUN1309-T64099.99,0.25,trade,no,False,-50.0,BTC,2026-06-13 12:48:16+00:00,2026-06-13 12:00:00+00:00,0.0,0.75,False
2026-06-13 13:06:11,KXBTCD-26JUN1310-T63999.99,0.76,trade,no,False,-50.0,BTC,2026-06-13 13:06:11+00:00,2026-06-13 13:00:00+00:00,0.0,0.24,False
2026-06-13 13:25:18,KXBTCD-26JUN1310-T64099.99,0.77,trade,no,True,167.39,BTC,2026-06-13 13:25:18+00:00,2026-06-13 13:00:00+00:00,0.0,0.22999999999999998,True
2026-06-13 15:00:18,KXBTCD-26JUN1312-T64099.99,0.75,trade,no,False,-50.0,BTC,2026-06-13 15:00:18+00:00,2026-06-13 15:00:00+00:00,0.0,0.25,False
2026-06-13 15:06:19,KXBTCD-26JUN1312-T64299.99,0.26,trade,no,True,17.57,BTC,2026-06-13 15:06:19+00:00,2026-06-13 15:00:00+00:00,0.0,0.74,True
2026-06-13 16:04:26,KXBTCD-26JUN1313-T64199.99,0.25,trade,no,True,16.67,BTC,2026-06-13 16:04:26+00:00,2026-06-13 16:00:00+00:00,0.0,0.75,True
2026-06-15 13:02:57,KXBTCD-26JUN1513-T66799.99,0.82,trade,no,False,-50.0,BTC,2026-06-15 13:02:57+00:00,2026-06-15 13:00:00+00:00,0.0,0.18000000000000005,False
2026-06-15 18:59:59,KXBTCD-26JUN1517-T66999.99,0.18,trade,no,True,10.98,BTC,2026-06-15 18:59:59+00:00,2026-06-15 18:00:00+00:00,0.0,0.8200000000000001,True
2026-06-16 01:00:42,KXBTCD-26JUN1522-T66399.99,0.21,trade,no,True,13.29,BTC,2026-06-16 01:00:42+00:00,2026-06-16 01:00:00+00:00,0.0,0.79,True
2026-06-16 02:16:07,KXBTCD-26JUN1523-T65999.99,0.65,trade,yes,False,-50.0,BTC,2026-06-16 02:16:07+00:00,2026-06-16 02:00:00+00:00,0.0,0.65,False
2026-06-16 02:25:59,KXBTCD-26JUN1523-T66299.99,0.04,trade,yes,False,-50.0,BTC,2026-06-16 02:25:59+00:00,2026-06-16 02:00:00+00:00,0.0,0.04,False
2026-06-16 02:45:11,KXBTCD-26JUN1523-T65799.99,0.69,trade,yes,False,-50.0,BTC,2026-06-16 02:45:11+00:00,2026-06-16 02:00:00+00:00,0.0,0.69,False
2026-06-16 03:06:41,KXBTCD-26JUN1600-T65899.99,0.28,trade,no,False,-34.96,BTC,2026-06-16 03:06:41+00:00,2026-06-16 03:00:00+00:00,0.0,0.72,False
2026-06-16 03:34:04,KXBTCD-26JUN1600-T66099.99,0.23,trade,no,False,-13.03,BTC,2026-06-16 03:34:04+00:00,2026-06-16 03:00:00+00:00,0.0,0.77,False
2026-06-16 04:04:32,KXBTCD-26JUN1601-T66299.99,0.29,trade,no,True,20.42,BTC,2026-06-16 04:04:32+00:00,2026-06-16 04:00:00+00:00,0.0,0.71,True
2026-06-16 04:13:41,KXBTCD-26JUN1601-T66199.99,0.3,trade,no,True,21.43,BTC,2026-06-16 04:13:41+00:00,2026-06-16 04:00:00+00:00,0.0,0.7,True
2026-06-16 05:05:57,KXBTCD-26JUN1602-T66099.99,0.21,trade,no,True,7.48,BTC,2026-06-16 05:05:57+00:00,2026-06-16 05:00:00+00:00,0.0,0.79,True
2026-06-16 05:23:03,KXBTCD-26JUN1602-T66199.99,0.16,trade,no,True,9.52,BTC,2026-06-16 05:23:03+00:00,2026-06-16 05:00:00+00:00,0.0,0.84,True
2026-06-16 06:00:55,KXBTCD-26JUN1603-T66199.99,0.2,trade,no,False,-50.0,BTC,2026-06-16 06:00:55+00:00,2026-06-16 06:00:00+00:00,0.0,0.8,False
2026-06-16 06:08:09,KXBTCD-26JUN1603-T66299.99,0.13,trade,no,False,-50.0,BTC,2026-06-16 06:08:09+00:00,2026-06-16 06:00:00+00:00,0.0,0.87,False
2026-06-16 06:29:29,KXBTCD-26JUN1603-T66399.99,0.2,trade,no,False,-50.0,BTC,2026-06-16 06:29:29+00:00,2026-06-16 06:00:00+00:00,0.0,0.8,False
2026-06-16 07:00:22,KXBTCD-26JUN1604-T66599.99,0.2,trade,no,True,12.5,BTC,2026-06-16 07:00:22+00:00,2026-06-16 07:00:00+00:00,0.0,0.8,True
2026-06-16 07:19:44,KXBTCD-26JUN1604-T66499.99,0.29,trade,no,True,16.49,BTC,2026-06-16 07:19:44+00:00,2026-06-16 07:00:00+00:00,0.0,0.71,True
2026-06-16 08:08:14,KXBTCD-26JUN1605-T66499.99,0.22,trade,no,False,-50.0,BTC,2026-06-16 08:08:14+00:00,2026-06-16 08:00:00+00:00,0.0,0.78,False
2026-06-16 08:17:11,KXBTCD-26JUN1605-T66599.99,0.28,trade,no,False,-50.0,BTC,2026-06-16 08:17:11+00:00,2026-06-16 08:00:00+00:00,0.0,0.72,False
2026-06-16 10:16:02,KXBTCD-26JUN1607-T66699.99,0.22,trade,no,True,14.1,BTC,2026-06-16 10:16:02+00:00,2026-06-16 10:00:00+00:00,0.0,0.78,True
2026-06-16 10:48:53,KXBTCD-26JUN1607-T66599.99,0.22,trade,no,True,14.1,BTC,2026-06-16 10:48:53+00:00,2026-06-16 10:00:00+00:00,0.0,0.78,True
2026-06-16 11:03:28,KXBTCD-26JUN1608-T66699.99,0.25,trade,no,True,16.67,BTC,2026-06-16 11:03:28+00:00,2026-06-16 11:00:00+00:00,0.0,0.75,True
2026-06-16 11:09:51,KXBTCD-26JUN1608-T66599.99,0.22,trade,no,True,14.1,BTC,2026-06-16 11:09:51+00:00,2026-06-16 11:00:00+00:00,0.0,0.78,True
2026-06-16 11:24:31,KXBTCD-26JUN1608-T66499.99,0.27,trade,no,True,18.49,BTC,2026-06-16 11:24:31+00:00,2026-06-16 11:00:00+00:00,0.0,0.73,True
2026-06-16 12:10:24,KXBTCD-26JUN1609-T66699.99,0.19,trade,no,True,11.73,BTC,2026-06-16 12:10:24+00:00,2026-06-16 12:00:00+00:00,0.0,0.81,True
2026-06-16 12:43:02,KXBTCD-26JUN1609-T66599.99,0.2,trade,no,True,12.5,BTC,2026-06-16 12:43:02+00:00,2026-06-16 12:00:00+00:00,0.0,0.8,True
2026-06-16 13:14:59,KXBTCD-26JUN1610-T66399.99,0.24,trade,no,True,15.79,BTC,2026-06-16 13:14:59+00:00,2026-06-16 13:00:00+00:00,0.0,0.76,True
2026-06-16 13:20:30,KXBTCD-26JUN1610-T66299.99,0.32,trade,no,True,23.53,BTC,2026-06-16 13:20:30+00:00,2026-06-16 13:00:00+00:00,0.0,0.6799999999999999,True
2026-06-16 13:44:29,KXBTCD-26JUN1610-T66199.99,0.23,trade,no,True,10.02,BTC,2026-06-16 13:44:29+00:00,2026-06-16 13:00:00+00:00,0.0,0.77,True
2026-06-16 14:05:18,KXBTCD-26JUN1611-T65999.99,0.7,trade,yes,False,-50.0,BTC,2026-06-16 14:05:18+00:00,2026-06-16 14:00:00+00:00,0.0,0.7,False
2026-06-16 14:12:58,KXBTCD-26JUN1611-T66099.99,0.45,trade,yes,False,-50.0,BTC,2026-06-16 14:12:58+00:00,2026-06-16 14:00:00+00:00,0.0,0.45,False
2026-06-16 16:55:29,KXBTCD-26JUN1613-T65699.99,0.41,trade,no,False,-50.0,BTC,2026-06-16 16:55:29+00:00,2026-06-16 16:00:00+00:00,1.0,0.5900000000000001,False
2026-06-16 17:10:06,KXBTCD-26JUN1614-T65899.99,0.23,trade,no,False,-47.52,BTC,2026-06-16 17:10:06+00:00,2026-06-16 17:00:00+00:00,1.0,0.77,False
2026-06-16 17:38:56,KXBTCD-26JUN1614-T65799.99,0.21,trade,no,False,-50.0,BTC,2026-06-16 17:38:56+00:00,2026-06-16 17:00:00+00:00,1.0,0.79,False
2026-06-16 18:01:44,KXBTCD-26JUN1615-T66099.99,0.21,trade,no,True,13.29,BTC,2026-06-16 18:01:44+00:00,2026-06-16 18:00:00+00:00,1.0,0.79,True
2026-06-16 20:01:20,KXBTCD-26JUN1617-T65749.99,0.26,trade,no,False,-49.57,BTC,2026-06-16 20:01:20+00:00,2026-06-16 20:00:00+00:00,1.0,0.74,False
2026-06-16 21:02:21,KXBTCD-26JUN1618-T65899.99,0.27,trade,no,True,18.49,BTC,2026-06-16 21:02:21+00:00,2026-06-16 21:00:00+00:00,1.0,0.73,True
2026-06-16 22:15:10,KXBTCD-26JUN1619-T65899.99,0.22,trade,no,True,14.1,BTC,2026-06-16 22:15:10+00:00,2026-06-16 22:00:00+00:00,1.0,0.78,True
2026-06-16 23:00:30,KXBTCD-26JUN1620-T65799.99,0.34,trade,no,False,,BTC,2026-06-16 23:00:30+00:00,2026-06-16 23:00:00+00:00,1.0,0.6599999999999999,False
2026-06-16 23:46:08,KXBTCD-26JUN1620-T65699.99,0.21,trade,no,False,,BTC,2026-06-16 23:46:08+00:00,2026-06-16 23:00:00+00:00,1.0,0.79,False
2026-06-17 00:05:51+00:00,KXBTCD-26JUN1621-T65799.99,0.17,trade,no,True,10.24,BTC,2026-06-17 00:05:51+00:00,2026-06-17 00:00:00+00:00,1.0,0.83,True
2026-06-17 02:02:03+00:00,KXBTCD-26JUN1623-T65999.99,0.23,trade,no,True,14.94,BTC,2026-06-17 02:02:03+00:00,2026-06-17 02:00:00+00:00,1.0,0.77,True
2026-06-17 02:07:04+00:00,KXBTCD-26JUN1623-T65899.99,0.28,trade,no,True,19.44,BTC,2026-06-17 02:07:04+00:00,2026-06-17 02:00:00+00:00,1.0,0.72,True
2026-06-17 02:23:07+00:00,KXBTCD-26JUN1623-T66099.99,0.23,trade,no,True,14.94,BTC,2026-06-17 02:23:07+00:00,2026-06-17 02:00:00+00:00,1.0,0.77,True
2026-06-17 03:06:40+00:00,KXBTCD-26JUN1700-T65899.99,0.28,trade,no,True,19.44,BTC,2026-06-17 03:06:40+00:00,2026-06-17 03:00:00+00:00,1.0,0.72,True
2026-06-17 03:42:39+00:00,KXBTCD-26JUN1700-T65799.99,0.39,trade,no,True,31.97,BTC,2026-06-17 03:42:39+00:00,2026-06-17 03:00:00+00:00,1.0,0.61,True
2026-06-17 04:00:22+00:00,KXBTCD-26JUN1701-T65999.99,0.15,trade,no,True,8.82,BTC,2026-06-17 04:00:22+00:00,2026-06-17 04:00:00+00:00,1.0,0.85,True
2026-06-17 04:08:12+00:00,KXBTCD-26JUN1701-T65899.99,0.23,trade,no,True,14.94,BTC,2026-06-17 04:08:12+00:00,2026-06-17 04:00:00+00:00,1.0,0.77,True
2026-06-17 04:19:54+00:00,KXBTCD-26JUN1701-T65799.99,0.29,trade,no,False,-50.0,BTC,2026-06-17 04:19:54+00:00,2026-06-17 04:00:00+00:00,1.0,0.71,False
2026-06-17 05:00:24+00:00,KXBTCD-26JUN1702-T65999.99,0.18,trade,no,True,10.98,BTC,2026-06-17 05:00:24+00:00,2026-06-17 05:00:00+00:00,1.0,0.8200000000000001,True
2026-06-17 05:06:32+00:00,KXBTCD-26JUN1702-T65899.99,0.37,trade,no,True,29.37,BTC,2026-06-17 05:06:32+00:00,2026-06-17 05:00:00+00:00,1.0,0.63,True
2026-06-17 05:11:57+00:00,KXBTCD-26JUN1702-T65799.99,0.34,trade,no,True,25.76,BTC,2026-06-17 05:11:57+00:00,2026-06-17 05:00:00+00:00,1.0,0.6599999999999999,True
2026-06-17 06:00:33+00:00,KXBTCD-26JUN1703-T65899.99,0.21,trade,no,True,13.29,BTC,2026-06-17 06:00:33+00:00,2026-06-17 06:00:00+00:00,1.0,0.79,True
2026-06-17 06:26:15+00:00,KXBTCD-26JUN1703-T65799.99,0.26,trade,no,True,17.57,BTC,2026-06-17 06:26:15+00:00,2026-06-17 06:00:00+00:00,1.0,0.74,True
2026-06-17 06:34:33+00:00,KXBTCD-26JUN1703-T65699.99,0.36,trade,no,True,28.12,BTC,2026-06-17 06:34:33+00:00,2026-06-17 06:00:00+00:00,1.0,0.64,True
2026-06-17 07:10:58+00:00,KXBTCD-26JUN1704-T65799.99,0.15,trade,no,True,6.7,BTC,2026-06-17 07:10:58+00:00,2026-06-17 07:00:00+00:00,1.0,0.85,True
2026-06-17 07:16:39+00:00,KXBTCD-26JUN1704-T65699.99,0.32,trade,no,True,20.75,BTC,2026-06-17 07:16:39+00:00,2026-06-17 07:00:00+00:00,1.0,0.6799999999999999,True
2026-06-17 08:00:02+00:00,KXBTCD-26JUN1705-T65599.99,0.26,trade,no,True,5.53,BTC,2026-06-17 08:00:02+00:00,2026-06-17 08:00:00+00:00,1.0,0.74,True
2026-06-17 08:08:54+00:00,KXBTCD-26JUN1705-T65499.99,0.29,trade,no,True,20.42,BTC,2026-06-17 08:08:54+00:00,2026-06-17 08:00:00+00:00,1.0,0.71,True
2026-06-17 09:26:51+00:00,KXBTCD-26JUN1706-T65199.99,0.12,trade,no,True,4.24,BTC,2026-06-17 09:26:51+00:00,2026-06-17 09:00:00+00:00,2.0,0.88,True
2026-06-17 11:24:42+00:00,KXBTCD-26JUN1708-T64599.99,0.47,trade,yes,True,56.38,BTC,2026-06-17 11:24:42+00:00,2026-06-17 11:00:00+00:00,2.0,0.47,True
2026-06-17 12:00:39+00:00,KXBTCD-26JUN1709-T64899.99,0.26,trade,no,False,-50.0,BTC,2026-06-17 12:00:39+00:00,2026-06-17 12:00:00+00:00,2.0,0.74,False
2026-06-17 12:21:08+00:00,KXBTCD-26JUN1709-T64799.99,0.25,trade,no,False,-50.0,BTC,2026-06-17 12:21:08+00:00,2026-06-17 12:00:00+00:00,2.0,0.75,False
2026-06-17 13:02:42+00:00,KXBTCD-26JUN1710-T65299.99,0.13,trade,no,True,7.47,BTC,2026-06-17 13:02:42+00:00,2026-06-17 13:00:00+00:00,2.0,0.87,True
2026-06-17 13:11:05+00:00,KXBTCD-26JUN1710-T65199.99,0.18,trade,no,False,-50.0,BTC,2026-06-17 13:11:05+00:00,2026-06-17 13:00:00+00:00,2.0,0.8200000000000001,False
2026-06-17 13:16:05+00:00,KXBTCD-26JUN1710-T65099.99,0.29,trade,no,False,-50.0,BTC,2026-06-17 13:16:05+00:00,2026-06-17 13:00:00+00:00,2.0,0.71,False
2026-06-17 14:01:09+00:00,KXBTCD-26JUN1711-T65399.99,0.24,trade,no,True,15.79,BTC,2026-06-17 14:01:09+00:00,2026-06-17 14:00:00+00:00,2.0,0.76,True
2026-06-17 14:10:58+00:00,KXBTCD-26JUN1711-T65299.99,0.38,trade,no,True,30.65,BTC,2026-06-17 14:10:58+00:00,2026-06-17 14:00:00+00:00,2.0,0.62,True
2026-06-17 14:17:58+00:00,KXBTCD-26JUN1711-T65499.99,0.22,trade,no,True,14.1,BTC,2026-06-17 14:17:58+00:00,2026-06-17 14:00:00+00:00,2.0,0.78,True
2026-06-17 17:02:50+00:00,KXBTCD-26JUN1714-T66099.99,0.2,trade,no,True,12.5,BTC,2026-06-17 17:02:50+00:00,2026-06-17 17:00:00+00:00,2.0,0.8,True
2026-06-17 17:08:31+00:00,KXBTCD-26JUN1714-T65999.99,0.24,trade,no,False,-50.0,BTC,2026-06-17 17:08:31+00:00,2026-06-17 17:00:00+00:00,2.0,0.76,False
2026-06-17 17:16:17+00:00,KXBTCD-26JUN1714-T65899.99,0.38,trade,no,False,-50.0,BTC,2026-06-17 17:16:17+00:00,2026-06-17 17:00:00+00:00,2.0,0.62,False
2026-06-17 20:51:12+00:00,KXBTCD-26JUN1717-T64249.99,0.5,trade,no,False,-24.98,BTC,2026-06-17 20:51:12+00:00,2026-06-17 20:00:00+00:00,2.0,0.5,False
2026-06-17 21:41:51+00:00,KXBTCD-26JUN1718-T64299.99,0.4,trade,no,True,31.61,BTC,2026-06-17 21:41:51+00:00,2026-06-17 21:00:00+00:00,2.0,0.6,True
2026-06-17 21:53:22+00:00,KXBTCD-26JUN1718-T64199.99,0.55,trade,no,False,-44.16,BTC,2026-06-17 21:53:22+00:00,2026-06-17 21:00:00+00:00,2.0,0.44999999999999996,False
2026-06-18 09:03:27+00:00,KXBTCD-26JUN1806-T64499.99,0.19,trade,no,True,23.46,BTC,2026-06-18 09:03:27+00:00,2026-06-18 09:00:00+00:00,2.0,0.81,True
2026-06-18 09:08:45+00:00,KXBTCD-26JUN1806-T64399.99,0.31,trade,no,True,44.93,BTC,2026-06-18 09:08:45+00:00,2026-06-18 09:00:00+00:00,2.0,0.69,True
2026-06-18 09:17:22+00:00,KXBTCD-26JUN1806-T64599.99,0.13,trade,no,True,14.94,BTC,2026-06-18 09:17:22+00:00,2026-06-18 09:00:00+00:00,2.0,0.87,True
2026-06-18 10:01:43+00:00,KXBTCD-26JUN1807-T64299.99,0.16,trade,no,True,19.05,BTC,2026-06-18 10:01:43+00:00,2026-06-18 10:00:00+00:00,2.0,0.84,True
2026-06-18 10:13:47+00:00,KXBTCD-26JUN1807-T64099.99,0.22,trade,no,True,28.21,BTC,2026-06-18 10:13:47+00:00,2026-06-18 10:00:00+00:00,2.0,0.78,True
2026-06-18 10:19:44+00:00,KXBTCD-26JUN1807-T63999.99,0.31,trade,no,False,-100.0,BTC,2026-06-18 10:19:44+00:00,2026-06-18 10:00:00+00:00,2.0,0.69,False
2026-06-18 11:04:25+00:00,KXBTCD-26JUN1808-T64299.99,0.17,trade,no,True,20.48,BTC,2026-06-18 11:04:25+00:00,2026-06-18 11:00:00+00:00,2.0,0.83,True
2026-06-18 11:09:26+00:00,KXBTCD-26JUN1808-T64199.99,0.27,trade,no,True,36.99,BTC,2026-06-18 11:09:26+00:00,2026-06-18 11:00:00+00:00,2.0,0.73,True
2026-06-18 11:14:49+00:00,KXBTCD-26JUN1808-T64099.99,0.3,trade,no,True,42.86,BTC,2026-06-18 11:14:49+00:00,2026-06-18 11:00:00+00:00,2.0,0.7,True
2026-06-18 12:00:04+00:00,KXBTCD-26JUN1809-T64099.99,0.23,trade,no,False,-92.15,BTC,2026-06-18 12:00:04+00:00,2026-06-18 12:00:00+00:00,2.0,0.77,False
2026-06-18 12:05:05+00:00,KXBTCD-26JUN1809-T64199.99,0.16,trade,no,False,-100.0,BTC,2026-06-18 12:05:05+00:00,2026-06-18 12:00:00+00:00,2.0,0.84,False
2026-06-18 12:11:11+00:00,KXBTCD-26JUN1809-T63999.99,0.44,trade,no,False,-100.0,BTC,2026-06-18 12:11:11+00:00,2026-06-18 12:00:00+00:00,2.0,0.56,False
2026-06-18 13:00:08+00:00,KXBTCD-26JUN1810-T64499.99,0.21,trade,no,True,26.58,BTC,2026-06-18 13:00:08+00:00,2026-06-18 13:00:00+00:00,2.0,0.79,True
2026-06-18 13:07:15+00:00,KXBTCD-26JUN1810-T64599.99,0.16,trade,no,True,19.05,BTC,2026-06-18 13:07:15+00:00,2026-06-18 13:00:00+00:00,2.0,0.84,True
2026-06-18 13:12:50+00:00,KXBTCD-26JUN1810-T64399.99,0.4,trade,no,True,66.67,BTC,2026-06-18 13:12:50+00:00,2026-06-18 13:00:00+00:00,2.0,0.6,True
2026-06-18 14:00:08+00:00,KXBTCD-26JUN1811-T64199.99,0.19,trade,no,True,23.46,BTC,2026-06-18 14:00:08+00:00,2026-06-18 14:00:00+00:00,2.0,0.81,True
2026-06-18 14:06:45+00:00,KXBTCD-26JUN1811-T64099.99,0.21,trade,no,True,26.58,BTC,2026-06-18 14:06:45+00:00,2026-06-18 14:00:00+00:00,2.0,0.79,True
2026-06-18 14:11:47+00:00,KXBTCD-26JUN1811-T63999.99,0.22,trade,no,True,28.21,BTC,2026-06-18 14:11:47+00:00,2026-06-18 14:00:00+00:00,2.0,0.78,True
2026-06-18 23:49:10+00:00,KXBTCD-26JUN1821-T62999.99,0.18,trade,no,True,19.53,BTC,2026-06-18 23:49:10+00:00,2026-06-18 23:00:00+00:00,1.0,0.8200000000000001,True
2026-06-19 01:26:21+00:00,KXBTCD-26JUN1822-T62999.99,0.29,trade,no,True,11.64,BTC,2026-06-19 01:26:21+00:00,2026-06-19 01:00:00+00:00,1.0,0.71,True
2026-06-19 01:49:59+00:00,KXBTCD-26JUN1822-T62899.99,0.34,trade,no,False,-25.32,BTC,2026-06-19 01:49:59+00:00,2026-06-19 01:00:00+00:00,1.0,0.6599999999999999,False
2026-06-19 02:00:55+00:00,KXBTCD-26JUN1823-T63099.99,0.21,trade,no,True,13.05,BTC,2026-06-19 02:00:55+00:00,2026-06-19 02:00:00+00:00,1.0,0.79,True
2026-06-19 02:13:31+00:00,KXBTCD-26JUN1823-T62999.99,0.39,trade,no,True,21.03,BTC,2026-06-19 02:13:31+00:00,2026-06-19 02:00:00+00:00,1.0,0.61,True
2026-06-19 03:00:58+00:00,KXBTCD-26JUN1900-T63099.99,0.16,trade,no,True,18.23,BTC,2026-06-19 03:00:58+00:00,2026-06-19 03:00:00+00:00,1.0,0.84,True
2026-06-19 03:08:00+00:00,KXBTCD-26JUN1900-T62899.99,0.39,trade,no,True,31.86,BTC,2026-06-19 03:08:00+00:00,2026-06-19 03:00:00+00:00,1.0,0.61,True
2026-06-19 04:00:23+00:00,KXBTCD-26JUN1901-T62899.99,0.19,trade,no,True,23.46,BTC,2026-06-19 04:00:23+00:00,2026-06-19 04:00:00+00:00,1.0,0.81,True
2026-06-19 04:06:10+00:00,KXBTCD-26JUN1901-T62799.99,0.22,trade,no,True,28.21,BTC,2026-06-19 04:06:10+00:00,2026-06-19 04:00:00+00:00,1.0,0.78,True
2026-06-19 05:02:02+00:00,KXBTCD-26JUN1902-T62699.99,0.2,trade,no,True,12.5,BTC,2026-06-19 05:02:02+00:00,2026-06-19 05:00:00+00:00,1.0,0.8,True
2026-06-19 05:18:30+00:00,KXBTCD-26JUN1902-T62599.99,0.37,trade,no,False,-28.97,BTC,2026-06-19 05:18:30+00:00,2026-06-19 05:00:00+00:00,1.0,0.63,False
2026-06-19 06:06:43+00:00,KXBTCD-26JUN1903-T62899.99,0.2,trade,no,True,19.37,BTC,2026-06-19 06:06:43+00:00,2026-06-19 06:00:00+00:00,1.0,0.8,True
2026-06-19 06:12:03+00:00,KXBTCD-26JUN1903-T62799.99,0.36,trade,no,False,-55.0,BTC,2026-06-19 06:12:03+00:00,2026-06-19 06:00:00+00:00,1.0,0.64,False
2026-06-19 07:00:59+00:00,KXBTCD-26JUN1904-T62999.99,0.23,trade,no,True,23.68,BTC,2026-06-19 07:00:59+00:00,2026-06-19 07:00:00+00:00,1.0,0.77,True
2026-06-19 07:06:43+00:00,KXBTCD-26JUN1904-T62899.99,0.22,trade,no,True,28.21,BTC,2026-06-19 07:06:43+00:00,2026-06-19 07:00:00+00:00,1.0,0.78,True
2026-06-19 08:00:45+00:00,KXBTCD-26JUN1905-T62699.99,0.22,trade,no,True,17.11,BTC,2026-06-19 08:00:45+00:00,2026-06-19 08:00:00+00:00,1.0,0.78,True
2026-06-19 08:10:54+00:00,KXBTCD-26JUN1905-T62599.99,0.32,trade,no,True,20.05,BTC,2026-06-19 08:10:54+00:00,2026-06-19 08:00:00+00:00,1.0,0.6799999999999999,True
2026-06-19 09:02:24+00:00,KXBTCD-26JUN1906-T62699.99,0.21,trade,no,True,12.6,BTC,2026-06-19 09:02:24+00:00,2026-06-19 09:00:00+00:00,1.0,0.79,True
2026-06-19 09:09:40+00:00,KXBTCD-26JUN1906-T62599.99,0.2,trade,no,True,20.18,BTC,2026-06-19 09:09:40+00:00,2026-06-19 09:00:00+00:00,1.0,0.8,True
2026-06-19 10:09:09+00:00,KXBTCD-26JUN1907-T62599.99,0.2,trade,no,True,15.72,BTC,2026-06-19 10:09:09+00:00,2026-06-19 10:00:00+00:00,1.0,0.8,True
2026-06-19 10:15:45+00:00,KXBTCD-26JUN1907-T62499.99,0.39,trade,no,True,23.11,BTC,2026-06-19 10:15:45+00:00,2026-06-19 10:00:00+00:00,1.0,0.61,True
2026-06-19 11:15:41+00:00,KXBTCD-26JUN1908-T62499.99,0.38,trade,no,False,-27.75,BTC,2026-06-19 11:15:41+00:00,2026-06-19 11:00:00+00:00,1.0,0.62,False
2026-06-19 11:24:57+00:00,KXBTCD-26JUN1908-T62699.99,0.22,trade,no,True,26.01,BTC,2026-06-19 11:24:57+00:00,2026-06-19 11:00:00+00:00,1.0,0.78,True
2026-06-19 12:06:36+00:00,KXBTCD-26JUN1909-T62699.99,0.21,trade,no,False,-45.47,BTC,2026-06-19 12:06:36+00:00,2026-06-19 12:00:00+00:00,1.0,0.79,False
2026-06-19 12:15:31+00:00,KXBTCD-26JUN1909-T62599.99,0.32,trade,no,False,-44.25,BTC,2026-06-19 12:15:31+00:00,2026-06-19 12:00:00+00:00,1.0,0.6799999999999999,False
2026-06-19 13:02:38+00:00,KXBTCD-26JUN1910-T62999.99,0.2,trade,no,False,-91.12,BTC,2026-06-19 13:02:38+00:00,2026-06-19 13:00:00+00:00,1.0,0.8,False
2026-06-19 13:22:32+00:00,KXBTCD-26JUN1910-T62799.99,0.28,trade,no,False,-63.08,BTC,2026-06-19 13:22:32+00:00,2026-06-19 13:00:00+00:00,1.0,0.72,False
2026-06-19 14:49:54+00:00,KXBTCD-26JUN1911-T63299.99,0.39,trade,no,True,17.89,BTC,2026-06-19 14:49:54+00:00,2026-06-19 14:00:00+00:00,1.0,0.61,True
2026-06-19 15:15:36+00:00,KXBTCD-26JUN1912-T63199.99,0.36,trade,no,True,12.9,BTC,2026-06-19 15:15:36+00:00,2026-06-19 15:00:00+00:00,1.0,0.64,True
2026-06-19 15:23:15+00:00,KXBTCD-26JUN1912-T63099.99,0.26,trade,no,False,-53.86,BTC,2026-06-19 15:23:15+00:00,2026-06-19 15:00:00+00:00,1.0,0.74,False
2026-06-19 16:00:40+00:00,KXBTCD-26JUN1913-T63299.99,0.28,trade,no,True,26.02,BTC,2026-06-19 16:00:40+00:00,2026-06-19 16:00:00+00:00,1.0,0.72,True
2026-06-19 16:09:56+00:00,KXBTCD-26JUN1913-T63099.99,0.41,trade,no,True,28.37,BTC,2026-06-19 16:09:56+00:00,2026-06-19 16:00:00+00:00,1.0,0.5900000000000001,True
2026-06-19 17:34:07+00:00,KXBTCD-26JUN1914-T62999.99,0.39,trade,no,False,-9.5,BTC,2026-06-19 17:34:07+00:00,2026-06-19 17:00:00+00:00,1.0,0.61,False
2026-06-19 17:50:12+00:00,KXBTCD-26JUN1914-T63199.99,0.28,trade,no,True,17.47,BTC,2026-06-19 17:50:12+00:00,2026-06-19 17:00:00+00:00,1.0,0.72,True
2026-06-19 18:00:31+00:00,KXBTCD-26JUN1915-T63199.99,0.38,trade,no,True,25.96,BTC,2026-06-19 18:00:31+00:00,2026-06-19 18:00:00+00:00,1.0,0.62,True
2026-06-19 18:27:34+00:00,KXBTCD-26JUN1915-T63099.99,0.39,trade,no,True,20.2,BTC,2026-06-19 18:27:34+00:00,2026-06-19 18:00:00+00:00,1.0,0.61,True
2026-06-19 19:02:20+00:00,KXBTCD-26JUN1916-T63099.99,0.32,trade,no,True,20.53,BTC,2026-06-19 19:02:20+00:00,2026-06-19 19:00:00+00:00,1.0,0.6799999999999999,True
2026-06-19 19:11:47+00:00,KXBTCD-26JUN1916-T62999.99,0.39,trade,no,True,17.58,BTC,2026-06-19 19:11:47+00:00,2026-06-19 19:00:00+00:00,1.0,0.61,True
2026-06-19 19:34:22+00:00,KXBTCD-26JUN1917-T62999.99,0.4,trade,no,False,-42.41,BTC,2026-06-19 19:34:22+00:00,2026-06-19 19:00:00+00:00,1.0,0.6,False
2026-06-19 21:01:06+00:00,KXBTCD-26JUN1918-T63299.99,0.23,trade,no,True,24.39,BTC,2026-06-19 21:01:06+00:00,2026-06-19 21:00:00+00:00,1.0,0.77,True
2026-06-19 21:08:30+00:00,KXBTCD-26JUN1918-T63199.99,0.37,trade,no,True,25.72,BTC,2026-06-19 21:08:30+00:00,2026-06-19 21:00:00+00:00,1.0,0.63,True
2026-06-19 22:00:06+00:00,KXBTCD-26JUN1919-T63099.99,0.27,trade,no,False,-40.38,BTC,2026-06-19 22:00:06+00:00,2026-06-19 22:00:00+00:00,1.0,0.73,False
2026-06-19 22:17:01+00:00,KXBTCD-26JUN1919-T63199.99,0.13,trade,no,False,-100.0,BTC,2026-06-19 22:17:01+00:00,2026-06-19 22:00:00+00:00,1.0,0.87,False
2026-06-20 00:05:44+00:00,KXBTCD-26JUN1921-T63599.99,0.25,trade,no,True,21.92,BTC,2026-06-20 00:05:44+00:00,2026-06-20 00:00:00+00:00,3.0,0.75,True
2026-06-20 04:19:43+00:00,KXBTCD-26JUN2001-T63499.99,0.29,trade,no,False,-30.23,BTC,2026-06-20 04:19:43+00:00,2026-06-20 04:00:00+00:00,3.0,0.71,False
2026-06-20 05:01:21+00:00,KXBTCD-26JUN2002-T63599.99,0.25,trade,no,False,-54.38,BTC,2026-06-20 05:01:21+00:00,2026-06-20 05:00:00+00:00,3.0,0.75,False
2026-06-20 06:08:53+00:00,KXBTCD-26JUN2003-T63699.99,0.3,trade,no,True,21.74,BTC,2026-06-20 06:08:53+00:00,2026-06-20 06:00:00+00:00,3.0,0.7,True
2026-06-20 07:16:12+00:00,KXBTCD-26JUN2004-T63699.99,0.24,trade,no,True,14.12,BTC,2026-06-20 07:16:12+00:00,2026-06-20 07:00:00+00:00,3.0,0.76,True
2026-06-20 07:25:23+00:00,KXBTCD-26JUN2004-T63799.99,0.21,trade,no,True,13.13,BTC,2026-06-20 07:25:23+00:00,2026-06-20 07:00:00+00:00,3.0,0.79,True
2026-06-20 08:01:28+00:00,KXBTCD-26JUN2005-T63699.99,0.17,trade,no,True,20.48,BTC,2026-06-20 08:01:28+00:00,2026-06-20 08:00:00+00:00,3.0,0.83,True
2026-06-20 08:14:41+00:00,KXBTCD-26JUN2005-T63599.99,0.27,trade,no,True,10.9,BTC,2026-06-20 08:14:41+00:00,2026-06-20 08:00:00+00:00,3.0,0.73,True
2026-06-20 09:00:27+00:00,KXBTCD-26JUN2006-T63499.99,0.21,trade,no,False,-44.33,BTC,2026-06-20 09:00:27+00:00,2026-06-20 09:00:00+00:00,3.0,0.79,False
2026-06-20 10:07:47+00:00,KXBTCD-26JUN2007-T63799.99,0.26,trade,no,True,11.86,BTC,2026-06-20 10:07:47+00:00,2026-06-20 10:00:00+00:00,3.0,0.74,True
2026-06-20 10:20:35+00:00,KXBTCD-26JUN2007-T63699.99,0.23,trade,no,True,18.32,BTC,2026-06-20 10:20:35+00:00,2026-06-20 10:00:00+00:00,3.0,0.77,True
2026-06-20 11:04:50+00:00,KXBTCD-26JUN2008-T63699.99,0.24,trade,no,True,13.28,BTC,2026-06-20 11:04:50+00:00,2026-06-20 11:00:00+00:00,3.0,0.76,True
2026-06-20 12:08:10+00:00,KXBTCD-26JUN2009-T63799.99,0.27,trade,no,True,11.37,BTC,2026-06-20 12:08:10+00:00,2026-06-20 12:00:00+00:00,3.0,0.73,True
2026-06-20 12:16:56+00:00,KXBTCD-26JUN2009-T63699.99,0.42,trade,no,True,30.04,BTC,2026-06-20 12:16:56+00:00,2026-06-20 12:00:00+00:00,3.0,0.5800000000000001,True
2026-06-20 13:07:17+00:00,KXBTCD-26JUN2010-T63699.99,0.22,trade,no,True,13.78,BTC,2026-06-20 13:07:17+00:00,2026-06-20 13:00:00+00:00,3.0,0.78,True
2026-06-20 14:20:08+00:00,KXBTCD-26JUN2011-T63199.99,0.62,trade,yes,True,8.78,BTC,2026-06-20 14:20:08+00:00,2026-06-20 14:00:00+00:00,3.0,0.62,True
2026-06-20 21:03:16+00:00,KXBTCD-26JUN2018-T63999.99,0.2,trade,no,True,15.73,BTC,2026-06-20 21:03:16+00:00,2026-06-20 21:00:00+00:00,0.0,0.8,True
2026-06-20 22:18:53+00:00,KXBTCD-26JUN2019-T64099.99,0.3,trade,no,False,-54.51,BTC,2026-06-20 22:18:53+00:00,2026-06-20 22:00:00+00:00,0.0,0.7,False
2026-06-20 23:42:40+00:00,KXBTCD-26JUN2020-T64199.99,0.72,trade,no,False,-13.7,BTC,2026-06-20 23:42:40+00:00,2026-06-20 23:00:00+00:00,0.0,0.28,False
2026-06-21 00:04:45+00:00,KXBTCD-26JUN2021-T64299.99,0.23,trade,no,True,20.4,BTC,2026-06-21 00:04:45+00:00,2026-06-21 00:00:00+00:00,0.0,0.77,True
2026-06-21 01:07:01+00:00,KXBTCD-26JUN2022-T64299.99,0.23,trade,no,True,18.35,BTC,2026-06-21 01:07:01+00:00,2026-06-21 01:00:00+00:00,0.0,0.77,True
2026-06-21 01:41:51+00:00,KXBTCD-26JUN2022-T64199.99,0.24,trade,no,True,10.19,BTC,2026-06-21 01:41:51+00:00,2026-06-21 01:00:00+00:00,0.0,0.76,True
2026-06-21 02:33:12+00:00,KXBTCD-26JUN2023-T64199.99,0.28,trade,no,True,12.12,BTC,2026-06-21 02:33:12+00:00,2026-06-21 02:00:00+00:00,0.0,0.72,True
2026-06-21 03:15:23+00:00,KXBTCD-26JUN2100-T64299.99,0.22,trade,no,False,-33.71,BTC,2026-06-21 03:15:23+00:00,2026-06-21 03:00:00+00:00,0.0,0.78,False
2026-06-21 03:40:37+00:00,KXBTCD-26JUN2100-T64399.99,0.24,trade,no,True,12.08,BTC,2026-06-21 03:40:37+00:00,2026-06-21 03:00:00+00:00,0.0,0.76,True
2026-06-21 04:07:34+00:00,KXBTCD-26JUN2101-T64399.99,0.27,trade,no,True,12.28,BTC,2026-06-21 04:07:34+00:00,2026-06-21 04:00:00+00:00,0.0,0.73,True
2026-06-21 04:21:42+00:00,KXBTCD-26JUN2101-T64499.99,0.25,trade,no,True,10.38,BTC,2026-06-21 04:21:42+00:00,2026-06-21 04:00:00+00:00,0.0,0.75,True
2026-06-21 08:00:42+00:00,KXBTCD-26JUN2105-T64199.99,0.26,trade,no,True,12.69,BTC,2026-06-21 08:00:42+00:00,2026-06-21 08:00:00+00:00,0.0,0.74,True
2026-06-21 08:18:45+00:00,KXBTCD-26JUN2105-T64099.99,0.29,trade,no,True,10.91,BTC,2026-06-21 08:18:45+00:00,2026-06-21 08:00:00+00:00,0.0,0.71,True
2026-06-21 09:02:44+00:00,KXBTCD-26JUN2106-T63999.99,0.24,trade,no,False,-32.5,BTC,2026-06-21 09:02:44+00:00,2026-06-21 09:00:00+00:00,0.0,0.76,False
2026-06-21 10:19:11+00:00,KXBTCD-26JUN2107-T64299.99,0.2,trade,no,True,9.57,BTC,2026-06-21 10:19:11+00:00,2026-06-21 10:00:00+00:00,0.0,0.8,True
2026-06-21 10:40:20+00:00,KXBTCD-26JUN2107-T64199.99,0.92,trade,no,False,-21.65,BTC,2026-06-21 10:40:20+00:00,2026-06-21 10:00:00+00:00,0.0,0.07999999999999996,False
2026-06-21 12:42:38+00:00,KXBTCD-26JUN2109-T63999.99,0.41,trade,yes,True,15.73,BTC,2026-06-21 12:42:38+00:00,2026-06-21 12:00:00+00:00,0.0,0.41,True
2026-06-21 13:11:12+00:00,KXBTCD-26JUN2110-T64299.99,0.15,trade,no,True,17.65,BTC,2026-06-21 13:11:12+00:00,2026-06-21 13:00:00+00:00,0.0,0.85,True
2026-06-21 13:16:52+00:00,KXBTCD-26JUN2110-T64199.99,0.24,trade,no,True,17.01,BTC,2026-06-21 13:16:52+00:00,2026-06-21 13:00:00+00:00,0.0,0.76,True
2026-06-21 14:12:38+00:00,KXBTCD-26JUN2111-T64099.99,0.22,trade,no,True,10.07,BTC,2026-06-21 14:12:38+00:00,2026-06-21 14:00:00+00:00,0.0,0.78,True
2026-06-21 16:02:42+00:00,KXBTCD-26JUN2113-T64299.99,0.21,trade,no,True,17.45,BTC,2026-06-21 16:02:42+00:00,2026-06-21 16:00:00+00:00,0.0,0.79,True
2026-06-21 16:11:11+00:00,KXBTCD-26JUN2113-T64199.99,0.25,trade,no,True,12.53,BTC,2026-06-21 16:11:11+00:00,2026-06-21 16:00:00+00:00,0.0,0.75,True
2026-06-21 17:30:41+00:00,KXBTCD-26JUN2114-T64099.99,0.23,trade,no,True,13.21,BTC,2026-06-21 17:30:41+00:00,2026-06-21 17:00:00+00:00,0.0,0.77,True
2026-06-21 18:02:05+00:00,KXBTCD-26JUN2115-T64099.99,0.22,trade,no,False,-41.4,BTC,2026-06-21 18:02:05+00:00,2026-06-21 18:00:00+00:00,0.0,0.78,False
2026-06-21 18:13:08+00:00,KXBTCD-26JUN2115-T63999.99,0.36,trade,yes,True,40.73,BTC,2026-06-21 18:13:08+00:00,2026-06-21 18:00:00+00:00,0.0,0.36,True
2026-06-21 20:04:54+00:00,KXBTCD-26JUN2117-T64249.99,0.2,trade,no,True,17.03,BTC,2026-06-21 20:04:54+00:00,2026-06-21 20:00:00+00:00,0.0,0.8,True
2026-06-21 22:01:55+00:00,KXBTCD-26JUN2119-T63899.99,0.2,trade,no,True,18.19,BTC,2026-06-21 22:01:55+00:00,2026-06-21 22:00:00+00:00,1.0,0.8,True
2026-06-21 22:08:01+00:00,KXBTCD-26JUN2119-T63799.99,0.33,trade,no,True,19.18,BTC,2026-06-21 22:08:01+00:00,2026-06-21 22:00:00+00:00,1.0,0.6699999999999999,True
2026-06-21 23:00:49+00:00,KXBTCD-26JUN2120-T63799.99,0.25,trade,no,True,29.98,BTC,2026-06-21 23:00:49+00:00,2026-06-21 23:00:00+00:00,1.0,0.75,True
2026-06-21 23:10:46+00:00,KXBTCD-26JUN2120-T63699.99,0.41,trade,no,True,35.26,BTC,2026-06-21 23:10:46+00:00,2026-06-21 23:00:00+00:00,1.0,0.5900000000000001,True
2026-06-22 00:01:50+00:00,KXBTCD-26JUN2121-T63499.99,0.27,trade,no,False,-25.98,BTC,2026-06-22 00:01:50+00:00,2026-06-22 00:00:00+00:00,1.0,0.73,False
2026-06-22 00:09:18+00:00,KXBTCD-26JUN2121-T63599.99,0.29,trade,no,False,-53.34,BTC,2026-06-22 00:09:18+00:00,2026-06-22 00:00:00+00:00,1.0,0.71,False
2026-06-22 01:00:37+00:00,KXBTCD-26JUN2122-T63999.99,0.3,trade,no,False,-25.37,BTC,2026-06-22 01:00:37+00:00,2026-06-22 01:00:00+00:00,1.0,0.7,False
2026-06-22 01:06:59+00:00,KXBTCD-26JUN2122-T64099.99,0.22,trade,no,False,-42.53,BTC,2026-06-22 01:06:59+00:00,2026-06-22 01:00:00+00:00,1.0,0.78,False
2026-06-22 04:03:59+00:00,KXBTCD-26JUN2201-T64099.99,0.24,trade,no,True,16.76,BTC,2026-06-22 04:03:59+00:00,2026-06-22 04:00:00+00:00,0.0,0.76,True
2026-06-22 05:08:29+00:00,KXBTCD-26JUN2202-T64299.99,0.2,trade,no,True,16.29,BTC,2026-06-22 05:08:29+00:00,2026-06-22 05:00:00+00:00,0.0,0.8,True
2026-06-22 06:06:41+00:00,KXBTCD-26JUN2203-T64199.99,0.29,trade,no,True,13.66,BTC,2026-06-22 06:06:41+00:00,2026-06-22 06:00:00+00:00,0.0,0.71,True
2026-06-22 06:14:29+00:00,KXBTCD-26JUN2203-T64299.99,0.2,trade,no,True,13.11,BTC,2026-06-22 06:14:29+00:00,2026-06-22 06:00:00+00:00,0.0,0.8,True
2026-06-22 07:03:22+00:00,KXBTCD-26JUN2204-T64099.99,0.22,trade,no,False,-49.99,BTC,2026-06-22 07:03:22+00:00,2026-06-22 07:00:00+00:00,0.0,0.78,False
2026-06-22 19:16:05+00:00,KXBTCD-26JUN2217-T64499.99,0.27,trade,no,True,13.19,BTC,2026-06-22 19:16:05+00:00,2026-06-22 19:00:00+00:00,2.0,0.73,True
2026-06-22 19:17:19+00:00,KXBTCD-26JUN2216-T64399.99,0.28,trade,no,False,-41.36,BTC,2026-06-22 19:17:19+00:00,2026-06-22 19:00:00+00:00,2.0,0.72,False
2026-06-22 20:05:01+00:00,KXBTCD-26JUN2217-T64749.99,0.21,trade,no,True,12.53,BTC,2026-06-22 20:05:01+00:00,2026-06-22 20:00:00+00:00,2.0,0.79,True
2026-06-23 00:00:32+00:00,KXBTCD-26JUN2221-T64099.99,0.21,trade,no,True,19.86,BTC,2026-06-23 00:00:32+00:00,2026-06-23 00:00:00+00:00,2.0,0.79,True
2026-06-23 01:02:49+00:00,KXBTCD-26JUN2222-T63999.99,0.72,trade,yes,True,5.5,BTC,2026-06-23 01:02:49+00:00,2026-06-23 01:00:00+00:00,2.0,0.72,True
2026-06-23 01:07:42+00:00,KXBTCD-26JUN2222-T64199.99,0.38,trade,no,True,12.73,BTC,2026-06-23 01:07:42+00:00,2026-06-23 01:00:00+00:00,2.0,0.62,True
2026-06-23 02:01:30+00:00,KXBTCD-26JUN2223-T63999.99,0.63,trade,yes,True,20.83,BTC,2026-06-23 02:01:30+00:00,2026-06-23 02:00:00+00:00,2.0,0.63,True
2026-06-23 02:08:57+00:00,KXBTCD-26JUN2223-T64099.99,0.35,trade,no,False,-39.66,BTC,2026-06-23 02:08:57+00:00,2026-06-23 02:00:00+00:00,2.0,0.65,False
2026-06-23 02:15:19+00:00,KXBTCD-26JUN2223-T64199.99,0.26,trade,no,True,25.36,BTC,2026-06-23 02:15:19+00:00,2026-06-23 02:00:00+00:00,2.0,0.74,True
2026-06-23 03:00:59+00:00,KXBTCD-26JUN2300-T64299.99,0.14,trade,no,True,16.28,BTC,2026-06-23 03:00:59+00:00,2026-06-23 03:00:00+00:00,2.0,0.86,True
2026-06-23 03:46:19+00:00,KXBTCD-26JUN2300-T63999.99,0.25,trade,no,True,29.37,BTC,2026-06-23 03:46:19+00:00,2026-06-23 03:00:00+00:00,2.0,0.75,True
2026-06-23 04:00:33+00:00,KXBTCD-26JUN2301-T64199.99,0.14,trade,no,True,16.28,BTC,2026-06-23 04:00:33+00:00,2026-06-23 04:00:00+00:00,2.0,0.86,True
2026-06-23 04:06:40+00:00,KXBTCD-26JUN2301-T64099.99,0.22,trade,no,True,10.12,BTC,2026-06-23 04:06:40+00:00,2026-06-23 04:00:00+00:00,2.0,0.78,True
2026-06-23 05:15:52+00:00,KXBTCD-26JUN2302-T63699.99,0.21,trade,no,True,38.36,BTC,2026-06-23 05:15:52+00:00,2026-06-23 05:00:00+00:00,2.0,0.79,True
2026-06-23 05:20:54+00:00,KXBTCD-26JUN2302-T63599.99,0.28,trade,no,True,19.02,BTC,2026-06-23 05:20:54+00:00,2026-06-23 05:00:00+00:00,2.0,0.72,True
2026-06-23 06:05:52+00:00,KXBTCD-26JUN2303-T63399.99,0.25,trade,no,True,18.0,BTC,2026-06-23 06:05:52+00:00,2026-06-23 06:00:00+00:00,2.0,0.75,True
2026-06-23 07:04:17+00:00,KXBTCD-26JUN2304-T63099.99,0.21,trade,no,True,15.1,BTC,2026-06-23 07:04:17+00:00,2026-06-23 07:00:00+00:00,1.0,0.79,True
2026-06-23 07:33:56+00:00,KXBTCD-26JUN2304-T62999.99,0.21,trade,no,True,14.07,BTC,2026-06-23 07:33:56+00:00,2026-06-23 07:00:00+00:00,1.0,0.79,True
2026-06-23 07:45:17+00:00,KXBTCD-26JUN2304-T62899.99,0.38,trade,no,True,25.59,BTC,2026-06-23 07:45:17+00:00,2026-06-23 07:00:00+00:00,1.0,0.62,True
2026-06-23 09:00:06+00:00,KXBTCD-26JUN2306-T62499.99,0.29,trade,no,True,17.34,BTC,2026-06-23 09:00:06+00:00,2026-06-23 09:00:00+00:00,1.0,0.71,True
2026-06-23 10:38:47+00:00,KXBTCD-26JUN2307-T62299.99,0.34,trade,no,True,29.2,BTC,2026-06-23 10:38:47+00:00,2026-06-23 10:00:00+00:00,1.0,0.6599999999999999,True
2026-06-23 12:02:07+00:00,KXBTCD-26JUN2309-T62599.99,0.28,trade,no,True,18.34,BTC,2026-06-23 12:02:07+00:00,2026-06-23 12:00:00+00:00,1.0,0.72,True
2026-06-23 12:22:57+00:00,KXBTCD-26JUN2309-T62199.99,0.8,trade,no,True,133.28,BTC,2026-06-23 12:22:57+00:00,2026-06-23 12:00:00+00:00,1.0,0.19999999999999996,True
2026-06-23 13:39:00+00:00,KXBTCD-26JUN2310-T62399.99,0.28,trade,no,True,9.89,BTC,2026-06-23 13:39:00+00:00,2026-06-23 13:00:00+00:00,1.0,0.72,True
2026-06-23 14:06:17+00:00,KXBTCD-26JUN2311-T62699.99,0.21,trade,no,True,17.49,BTC,2026-06-23 14:06:17+00:00,2026-06-23 14:00:00+00:00,1.0,0.79,True
2026-06-23 14:54:48+00:00,KXBTCD-26JUN2311-T62499.99,0.28,trade,no,True,11.83,BTC,2026-06-23 14:54:48+00:00,2026-06-23 14:00:00+00:00,1.0,0.72,True
2026-06-23 15:02:00+00:00,KXBTCD-26JUN2312-T62699.99,0.2,trade,no,True,16.5,BTC,2026-06-23 15:02:00+00:00,2026-06-23 15:00:00+00:00,1.0,0.8,True
2026-06-23 15:09:33+00:00,KXBTCD-26JUN2312-T62499.99,0.28,trade,no,True,26.2,BTC,2026-06-23 15:09:33+00:00,2026-06-23 15:00:00+00:00,1.0,0.72,True
2026-06-23 16:53:29+00:00,KXBTCD-26JUN2313-T62499.99,0.23,trade,no,False,-40.37,BTC,2026-06-23 16:53:29+00:00,2026-06-23 16:00:00+00:00,1.0,0.77,False
2026-06-23 17:01:18+00:00,KXBTCD-26JUN2314-T62599.99,0.27,trade,no,True,25.54,BTC,2026-06-23 17:01:18+00:00,2026-06-23 17:00:00+00:00,1.0,0.73,True
2026-06-23 17:07:00+00:00,KXBTCD-26JUN2314-T62499.99,0.3,trade,no,True,18.36,BTC,2026-06-23 17:07:00+00:00,2026-06-23 17:00:00+00:00,1.0,0.7,True
2026-06-23 18:00:28+00:00,KXBTCD-26JUN2315-T62499.99,0.22,trade,no,True,30.94,BTC,2026-06-23 18:00:28+00:00,2026-06-23 18:00:00+00:00,1.0,0.78,True
2026-06-23 18:09:49+00:00,KXBTCD-26JUN2315-T62399.99,0.23,trade,no,True,30.3,BTC,2026-06-23 18:09:49+00:00,2026-06-23 18:00:00+00:00,1.0,0.77,True
2026-06-23 19:06:27+00:00,KXBTCD-26JUN2316-T62499.99,0.2,trade,no,True,9.16,BTC,2026-06-23 19:06:27+00:00,2026-06-23 19:00:00+00:00,1.0,0.8,True
2026-06-23 19:10:07+00:00,KXBTCD-26JUN2317-T62499.99,0.22,trade,no,True,23.81,BTC,2026-06-23 19:10:07+00:00,2026-06-23 19:00:00+00:00,1.0,0.78,True
2026-06-23 20:51:20+00:00,KXBTCD-26JUN2318-T62399.99,0.51,trade,no,False,-44.14,BTC,2026-06-23 20:51:20+00:00,2026-06-23 20:00:00+00:00,1.0,0.49,False
2026-06-23 21:17:55+00:00,KXBTCD-26JUN2318-T62499.99,0.23,trade,no,False,-44.0,BTC,2026-06-23 21:17:55+00:00,2026-06-23 21:00:00+00:00,1.0,0.77,False
2026-06-23 22:00:59+00:00,KXBTCD-26JUN2319-T62699.99,0.16,trade,no,True,19.05,BTC,2026-06-23 22:00:59+00:00,2026-06-23 22:00:00+00:00,1.0,0.84,True
2026-06-23 22:23:52+00:00,KXBTCD-26JUN2319-T62599.99,0.3,trade,no,True,30.65,BTC,2026-06-23 22:23:52+00:00,2026-06-23 22:00:00+00:00,1.0,0.7,True
2026-06-23 23:01:04+00:00,KXBTCD-26JUN2320-T62599.99,0.22,trade,no,False,-97.23,BTC,2026-06-23 23:01:04+00:00,2026-06-23 23:00:00+00:00,1.0,0.78,False
2026-06-23 23:07:01+00:00,KXBTCD-26JUN2320-T62499.99,0.4,trade,no,False,-40.1,BTC,2026-06-23 23:07:01+00:00,2026-06-23 23:00:00+00:00,1.0,0.6,False
2026-06-24 00:01:14+00:00,KXBTCD-26JUN2321-T62899.99,0.15,trade,no,False,-100.0,BTC,2026-06-24 00:01:14+00:00,2026-06-24 00:00:00+00:00,1.0,0.85,False
2026-06-24 07:00:42+00:00,KXBTCD-26JUN2404-T62799.99,0.3,trade,no,True,18.42,BTC,2026-06-24 07:00:42+00:00,2026-06-24 07:00:00+00:00,3.0,0.7,True
2026-06-24 07:06:53+00:00,KXBTCD-26JUN2404-T62699.99,0.42,trade,no,True,23.43,BTC,2026-06-24 07:06:53+00:00,2026-06-24 07:00:00+00:00,3.0,0.5800000000000001,True
2026-06-24 07:37:43+00:00,KXBTCD-26JUN2404-T62599.99,0.37,trade,no,True,25.67,BTC,2026-06-24 07:37:43+00:00,2026-06-24 07:00:00+00:00,3.0,0.63,True
2026-06-24 08:00:10+00:00,KXBTCD-26JUN2405-T62799.99,0.14,trade,no,True,16.28,BTC,2026-06-24 08:00:10+00:00,2026-06-24 08:00:00+00:00,3.0,0.86,True
2026-06-24 08:07:06+00:00,KXBTCD-26JUN2405-T62699.99,0.22,trade,no,False,-76.48,BTC,2026-06-24 08:07:06+00:00,2026-06-24 08:00:00+00:00,3.0,0.78,False
2026-06-24 09:00:44+00:00,KXBTCD-26JUN2406-T62799.99,0.21,trade,no,True,17.83,BTC,2026-06-24 09:00:44+00:00,2026-06-24 09:00:00+00:00,3.0,0.79,True
2026-06-24 09:23:17+00:00,KXBTCD-26JUN2406-T62699.99,0.31,trade,no,True,25.81,BTC,2026-06-24 09:23:17+00:00,2026-06-24 09:00:00+00:00,3.0,0.69,True
2026-06-24 10:01:24+00:00,KXBTCD-26JUN2407-T62699.99,0.2,trade,no,True,13.38,BTC,2026-06-24 10:01:24+00:00,2026-06-24 10:00:00+00:00,3.0,0.8,True
2026-06-24 10:07:00+00:00,KXBTCD-26JUN2407-T62599.99,0.39,trade,no,True,21.54,BTC,2026-06-24 10:07:00+00:00,2026-06-24 10:00:00+00:00,3.0,0.61,True
2026-06-24 11:05:02+00:00,KXBTCD-26JUN2408-T62499.99,0.23,trade,no,False,-39.23,BTC,2026-06-24 11:05:02+00:00,2026-06-24 11:00:00+00:00,1.0,0.77,False
2026-06-24 11:41:30+00:00,KXBTCD-26JUN2408-T62599.99,0.34,trade,no,False,-48.04,BTC,2026-06-24 11:41:30+00:00,2026-06-24 11:00:00+00:00,1.0,0.6599999999999999,False
2026-06-24 12:07:54+00:00,KXBTCD-26JUN2409-T62899.99,0.29,trade,no,True,8.8,BTC,2026-06-24 12:07:54+00:00,2026-06-24 12:00:00+00:00,1.0,0.71,True
2026-06-24 12:13:11+00:00,KXBTCD-26JUN2409-T62999.99,0.2,trade,no,True,8.82,BTC,2026-06-24 12:13:11+00:00,2026-06-24 12:00:00+00:00,1.0,0.8,True
2026-06-24 13:00:50+00:00,KXBTCD-26JUN2410-T62699.99,0.28,trade,no,True,38.89,BTC,2026-06-24 13:00:50+00:00,2026-06-24 13:00:00+00:00,1.0,0.72,True
2026-06-24 18:12:37+00:00,KXBTCD-26JUN2415-T59399.99,0.57,trade,yes,True,4.59,BTC,2026-06-24 18:12:37+00:00,2026-06-24 18:00:00+00:00,1.0,0.57,True
2026-06-24 18:18:01+00:00,KXBTCD-26JUN2415-T59499.99,0.56,trade,yes,True,4.25,BTC,2026-06-24 18:18:01+00:00,2026-06-24 18:00:00+00:00,1.0,0.56,True
2026-06-24 23:13:36+00:00,KXBTCD-26JUN2420-T60899.99,0.23,trade,no,False,-32.44,BTC,2026-06-24 23:13:36+00:00,2026-06-24 23:00:00+00:00,1.0,0.77,False
2026-06-25 00:00:23+00:00,KXBTCD-26JUN2421-T61299.99,0.12,trade,no,True,13.64,BTC,2026-06-25 00:00:23+00:00,2026-06-25 00:00:00+00:00,1.0,0.88,True
2026-06-25 00:08:34+00:00,KXBTCD-26JUN2421-T61199.99,0.16,trade,no,True,19.05,BTC,2026-06-25 00:08:34+00:00,2026-06-25 00:00:00+00:00,1.0,0.84,True
2026-06-25 02:02:15+00:00,KXBTCD-26JUN2423-T60999.99,0.2,trade,no,True,25.0,BTC,2026-06-25 02:02:15+00:00,2026-06-25 02:00:00+00:00,1.0,0.8,True
2026-06-25 02:08:57+00:00,KXBTCD-26JUN2423-T60899.99,0.24,trade,no,True,23.02,BTC,2026-06-25 02:08:57+00:00,2026-06-25 02:00:00+00:00,1.0,0.76,True
2026-06-25 02:41:12+00:00,KXBTCD-26JUN2423-T60799.99,0.31,trade,no,True,18.7,BTC,2026-06-25 02:41:12+00:00,2026-06-25 02:00:00+00:00,1.0,0.69,True
2026-06-25 03:18:01+00:00,KXBTCD-26JUN2500-T60599.99,0.72,trade,yes,True,3.76,BTC,2026-06-25 03:18:01+00:00,2026-06-25 03:00:00+00:00,1.0,0.72,True
2026-06-25 03:22:38+00:00,KXBTCD-26JUN2500-T60799.99,0.27,trade,no,True,13.7,BTC,2026-06-25 03:22:38+00:00,2026-06-25 03:00:00+00:00,1.0,0.73,True
2026-06-25 03:45:23+00:00,KXBTCD-26JUN2500-T60699.99,0.4,trade,no,False,-32.52,BTC,2026-06-25 03:45:23+00:00,2026-06-25 03:00:00+00:00,1.0,0.6,False
2026-06-25 04:01:29+00:00,KXBTCD-26JUN2501-T60999.99,0.14,trade,no,False,-100.0,BTC,2026-06-25 04:01:29+00:00,2026-06-25 04:00:00+00:00,1.0,0.86,False
2026-06-25 04:14:46+00:00,KXBTCD-26JUN2501-T60799.99,0.27,trade,no,False,-38.97,BTC,2026-06-25 04:14:46+00:00,2026-06-25 04:00:00+00:00,1.0,0.73,False
2026-06-25 09:02:24+00:00,KXBTCD-26JUN2506-T61699.99,0.28,trade,no,True,25.12,BTC,2026-06-25 09:02:24+00:00,2026-06-25 09:00:00+00:00,3.0,0.72,True
2026-06-25 09:22:33+00:00,KXBTCD-26JUN2506-T61599.99,0.37,trade,no,False,-23.47,BTC,2026-06-25 09:22:33+00:00,2026-06-25 09:00:00+00:00,3.0,0.63,False
2026-06-25 10:02:04+00:00,KXBTCD-26JUN2507-T61799.99,0.2,trade,no,True,23.64,BTC,2026-06-25 10:02:04+00:00,2026-06-25 10:00:00+00:00,3.0,0.8,True
2026-06-25 10:07:58+00:00,KXBTCD-26JUN2507-T61699.99,0.25,trade,no,True,20.18,BTC,2026-06-25 10:07:58+00:00,2026-06-25 10:00:00+00:00,3.0,0.75,True
2026-06-25 11:18:27+00:00,KXBTCD-26JUN2508-T61399.99,0.23,trade,no,True,10.33,BTC,2026-06-25 11:18:27+00:00,2026-06-25 11:00:00+00:00,3.0,0.77,True
2026-06-25 11:51:23+00:00,KXBTCD-26JUN2508-T61199.99,0.21,trade,no,True,11.82,BTC,2026-06-25 11:51:23+00:00,2026-06-25 11:00:00+00:00,3.0,0.79,True
2026-06-25 12:00:52+00:00,KXBTCD-26JUN2509-T61499.99,0.22,trade,no,True,28.21,BTC,2026-06-25 12:00:52+00:00,2026-06-25 12:00:00+00:00,3.0,0.78,True
2026-06-25 12:08:10+00:00,KXBTCD-26JUN2509-T60999.99,0.72,trade,yes,True,16.56,BTC,2026-06-25 12:08:10+00:00,2026-06-25 12:00:00+00:00,3.0,0.72,True
2026-06-25 12:09:27+00:00,KXBTCD-26JUN2509-T61399.99,0.17,trade,no,True,20.48,BTC,2026-06-25 12:09:27+00:00,2026-06-25 12:00:00+00:00,3.0,0.83,True
2026-06-25 13:08:40+00:00,KXBTCD-26JUN2510-T61499.99,0.13,trade,no,True,14.94,BTC,2026-06-25 13:08:40+00:00,2026-06-25 13:00:00+00:00,3.0,0.87,True
2026-06-25 13:16:40+00:00,KXBTCD-26JUN2510-T61599.99,0.12,trade,no,True,13.64,BTC,2026-06-25 13:16:40+00:00,2026-06-25 13:00:00+00:00,3.0,0.88,True
2026-06-25 13:22:25+00:00,KXBTCD-26JUN2510-T61399.99,0.18,trade,no,True,19.66,BTC,2026-06-25 13:22:25+00:00,2026-06-25 13:00:00+00:00,3.0,0.8200000000000001,True
2026-06-25 19:00:02+00:00,KXBTCD-26JUN2516-T59699.99,0.24,trade,no,True,17.47,BTC,2026-06-25 19:00:02+00:00,2026-06-25 19:00:00+00:00,1.0,0.76,True
2026-06-25 19:01:15+00:00,KXBTCD-26JUN2517-T59749.99,0.24,trade,no,True,9.83,BTC,2026-06-25 19:01:15+00:00,2026-06-25 19:00:00+00:00,1.0,0.76,True
2026-06-25 19:33:21+00:00,KXBTCD-26JUN2517-T59499.99,0.25,trade,no,True,13.97,BTC,2026-06-25 19:33:21+00:00,2026-06-25 19:00:00+00:00,1.0,0.75,True
2026-06-25 21:05:03+00:00,KXBTCD-26JUN2518-T59599.99,0.3,trade,no,False,-9.29,BTC,2026-06-25 21:05:03+00:00,2026-06-25 21:00:00+00:00,1.0,0.7,False
2026-06-25 23:50:41+00:00,KXBTCD-26JUN2520-T59799.99,0.32,trade,no,True,16.85,BTC,2026-06-25 23:50:41+00:00,2026-06-25 23:00:00+00:00,1.0,0.6799999999999999,True
2026-06-25 23:59:53+00:00,KXBTCD-26JUN2521-T59899.99,0.26,trade,no,True,16.58,BTC,2026-06-25 23:59:53+00:00,2026-06-25 23:00:00+00:00,1.0,0.74,True
2026-06-26 00:09:05+00:00,KXBTCD-26JUN2521-T59999.99,0.15,trade,no,True,12.94,BTC,2026-06-26 00:09:05+00:00,2026-06-26 00:00:00+00:00,1.0,0.85,True
2026-06-26 00:16:59+00:00,KXBTCD-26JUN2521-T59799.99,0.37,trade,no,True,18.62,BTC,2026-06-26 00:16:59+00:00,2026-06-26 00:00:00+00:00,1.0,0.63,True
2026-06-26 01:12:39+00:00,KXBTCD-26JUN2522-T59699.99,0.29,trade,no,True,9.47,BTC,2026-06-26 01:12:39+00:00,2026-06-26 01:00:00+00:00,1.0,0.71,True
2026-06-26 01:19:31+00:00,KXBTCD-26JUN2522-T59599.99,0.34,trade,no,True,17.51,BTC,2026-06-26 01:19:31+00:00,2026-06-26 01:00:00+00:00,1.0,0.6599999999999999,True
2026-06-26 03:01:36+00:00,KXBTCD-26JUN2600-T58699.99,0.2,trade,no,False,-27.71,BTC,2026-06-26 03:01:36+00:00,2026-06-26 03:00:00+00:00,1.0,0.8,False
2026-06-26 03:09:08+00:00,KXBTCD-26JUN2600-T58899.99,0.26,trade,no,False,-27.6,BTC,2026-06-26 03:09:08+00:00,2026-06-26 03:00:00+00:00,1.0,0.74,False
2026-06-26 03:19:17+00:00,KXBTCD-26JUN2600-T58999.99,0.27,trade,no,False,-44.8,BTC,2026-06-26 03:19:17+00:00,2026-06-26 03:00:00+00:00,1.0,0.73,False
2026-06-26 07:53:30+00:00,KXBTCD-26JUN2604-T60499.99,0.38,trade,no,True,16.37,BTC,2026-06-26 07:53:30+00:00,2026-06-26 07:00:00+00:00,3.0,0.62,True
2026-06-26 09:03:27+00:00,KXBTCD-26JUN2606-T60299.99,0.21,trade,no,True,13.61,BTC,2026-06-26 09:03:27+00:00,2026-06-26 09:00:00+00:00,3.0,0.79,True
2026-06-26 09:08:51+00:00,KXBTCD-26JUN2606-T60199.99,0.24,trade,no,True,14.38,BTC,2026-06-26 09:08:51+00:00,2026-06-26 09:00:00+00:00,3.0,0.76,True
2026-06-26 09:33:55+00:00,KXBTCD-26JUN2606-T60099.99,0.2,trade,no,True,9.35,BTC,2026-06-26 09:33:55+00:00,2026-06-26 09:00:00+00:00,3.0,0.8,True
2026-06-26 11:39:57+00:00,KXBTCD-26JUN2608-T59499.99,0.2,trade,no,True,10.05,BTC,2026-06-26 11:39:57+00:00,2026-06-26 11:00:00+00:00,3.0,0.8,True
2026-06-26 12:04:15+00:00,KXBTCD-26JUN2609-T59199.99,0.69,trade,yes,False,-23.69,BTC,2026-06-26 12:04:15+00:00,2026-06-26 12:00:00+00:00,3.0,0.69,False
2026-06-26 12:15:36+00:00,KXBTCD-26JUN2609-T59599.99,0.22,trade,no,True,20.48,BTC,2026-06-26 12:15:36+00:00,2026-06-26 12:00:00+00:00,3.0,0.78,True
2026-06-26 12:24:13+00:00,KXBTCD-26JUN2609-T59799.99,0.15,trade,no,True,17.65,BTC,2026-06-26 12:24:13+00:00,2026-06-26 12:00:00+00:00,3.0,0.85,True
2026-06-26 12:32:34+00:00,KXBTCD-26JUN2609-T59899.99,0.15,trade,no,True,17.65,BTC,2026-06-26 12:32:34+00:00,2026-06-26 12:00:00+00:00,3.0,0.85,True
2026-06-26 13:20:54+00:00,KXBTCD-26JUN2610-T59399.99,0.19,trade,no,False,-90.16,BTC,2026-06-26 13:20:54+00:00,2026-06-26 13:00:00+00:00,3.0,0.81,False
2026-06-26 13:26:27+00:00,KXBTCD-26JUN2610-T59199.99,0.24,trade,no,False,-45.51,BTC,2026-06-26 13:26:27+00:00,2026-06-26 13:00:00+00:00,3.0,0.76,False
2026-06-26 13:34:36+00:00,KXBTCD-26JUN2610-T59099.99,0.34,trade,no,False,-19.47,BTC,2026-06-26 13:34:36+00:00,2026-06-26 13:00:00+00:00,3.0,0.6599999999999999,False
2026-06-27 18:10:04,KXBTCD-26JUN2715-T60399.99,0.66,trade,yes,True,32.44,BTC,2026-06-27 18:10:04+00:00,2026-06-27 18:00:00+00:00,2.0,0.66,True
2026-06-27 19:24:28,KXBTCD-26JUN2716-T60299.99,0.6,trade,yes,False,-5.46,BTC,2026-06-27 19:24:28+00:00,2026-06-27 19:00:00+00:00,2.0,0.6,False
2026-06-27 19:49:41,KXBTCD-26JUN2717-T60249.99,0.4,trade,yes,False,-7.0,BTC,2026-06-27 19:49:41+00:00,2026-06-27 19:00:00+00:00,2.0,0.4,False
2026-06-27 21:03:26,KXBTCD-26JUN2718-T60199.99,0.61,trade,yes,False,-43.08,BTC,2026-06-27 21:03:26+00:00,2026-06-27 21:00:00+00:00,2.0,0.61,False
2026-06-27 21:09:46,KXBTCD-26JUN2718-T60299.99,0.41,trade,yes,False,-19.26,BTC,2026-06-27 21:09:46+00:00,2026-06-27 21:00:00+00:00,2.0,0.41,False
2026-06-27 22:02:40,KXBTCD-26JUN2719-T59999.99,0.57,trade,yes,True,4.54,BTC,2026-06-27 22:02:40+00:00,2026-06-27 22:00:00+00:00,2.0,0.57,True
2026-06-27 22:27:19,KXBTCD-26JUN2719-T60099.99,0.23,trade,yes,True,27.35,BTC,2026-06-27 22:27:19+00:00,2026-06-27 22:00:00+00:00,2.0,0.23,True
2026-06-27 22:59:57,KXBTCD-26JUN2720-T60099.99,0.62,trade,yes,False,-30.89,BTC,2026-06-27 22:59:57+00:00,2026-06-27 22:00:00+00:00,2.0,0.62,False
2026-06-28 00:01:02,KXBTCD-26JUN2721-T59999.99,0.48,trade,yes,True,59.77,BTC,2026-06-28 00:01:02+00:00,2026-06-28 00:00:00+00:00,2.0,0.48,True
2026-06-28 00:09:50,KXBTCD-26JUN2721-T60099.99,0.38,trade,yes,False,-23.65,BTC,2026-06-28 00:09:50+00:00,2026-06-28 00:00:00+00:00,2.0,0.38,False
2026-06-28 01:05:40,KXBTCD-26JUN2722-T59999.99,0.32,trade,yes,True,57.59,BTC,2026-06-28 01:05:40+00:00,2026-06-28 01:00:00+00:00,2.0,0.32,True
2026-06-28 01:13:23,KXBTCD-26JUN2722-T60099.99,0.16,trade,yes,True,205.28,BTC,2026-06-28 01:13:23+00:00,2026-06-28 01:00:00+00:00,2.0,0.16,True
2026-06-28 02:19:58,KXBTCD-26JUN2723-T60199.99,0.4,trade,yes,False,-20.46,BTC,2026-06-28 02:19:58+00:00,2026-06-28 02:00:00+00:00,2.0,0.4,False
2026-06-28 03:04:17,KXBTCD-26JUN2800-T60199.99,0.28,trade,no,True,11.44,BTC,2026-06-28 03:04:17+00:00,2026-06-28 03:00:00+00:00,2.0,0.72,True
2026-06-28 03:32:54,KXBTCD-26JUN2800-T60099.99,0.71,trade,yes,True,7.47,BTC,2026-06-28 03:32:54+00:00,2026-06-28 03:00:00+00:00,2.0,0.71,True
2026-06-28 04:03:42,KXBTCD-26JUN2801-T60199.99,0.2,trade,no,True,16.69,BTC,2026-06-28 04:03:42+00:00,2026-06-28 04:00:00+00:00,2.0,0.8,True
2026-06-28 04:34:18,KXBTCD-26JUN2801-T60099.99,0.35,trade,no,True,31.93,BTC,2026-06-28 04:34:18+00:00,2026-06-28 04:00:00+00:00,2.0,0.65,True
2026-06-28 06:05:18,KXBTCD-26JUN2803-T59899.99,0.47,trade,yes,True,37.54,BTC,2026-06-28 06:05:18+00:00,2026-06-28 06:00:00+00:00,2.0,0.47,True
2026-06-28 06:10:30,KXBTCD-26JUN2803-T59999.99,0.22,trade,yes,False,-16.25,BTC,2026-06-28 06:10:30+00:00,2026-06-28 06:00:00+00:00,2.0,0.22,False
2026-06-28 07:01:41,KXBTCD-26JUN2804-T60099.99,0.36,trade,no,False,-22.9,BTC,2026-06-28 07:01:41+00:00,2026-06-28 07:00:00+00:00,2.0,0.64,False
2026-06-28 08:03:49,KXBTCD-26JUN2805-T60199.99,0.3,trade,no,False,-31.39,BTC,2026-06-28 08:03:49+00:00,2026-06-28 08:00:00+00:00,2.0,0.7,False
2026-06-28 11:00:11,KXBTCD-26JUN2808-T59999.99,0.75,trade,no,False,-12.07,BTC,2026-06-28 11:00:11+00:00,2026-06-28 11:00:00+00:00,2.0,0.25,False
2026-06-28 12:18:21,KXBTCD-26JUN2809-T60199.99,0.35,trade,no,False,-31.48,BTC,2026-06-28 12:18:21+00:00,2026-06-28 12:00:00+00:00,2.0,0.65,False
2026-06-28 13:13:31,KXBTCD-26JUN2810-T60199.99,0.21,trade,no,True,13.09,BTC,2026-06-28 13:13:31+00:00,2026-06-28 13:00:00+00:00,2.0,0.79,True
2026-06-28 14:02:46,KXBTCD-26JUN2811-T60099.99,0.29,trade,no,True,12.52,BTC,2026-06-28 14:02:46+00:00,2026-06-28 14:00:00+00:00,2.0,0.71,True
2026-06-28 15:02:27,KXBTCD-26JUN2812-T59899.99,0.63,trade,yes,False,-47.88,BTC,2026-06-28 15:02:27+00:00,2026-06-28 15:00:00+00:00,2.0,0.63,False
2026-06-28 15:13:18,KXBTCD-26JUN2812-T59999.99,0.4,trade,no,True,22.87,BTC,2026-06-28 15:13:18+00:00,2026-06-28 15:00:00+00:00,2.0,0.6,True
2026-06-28 18:01:06,KXBTCD-26JUN2815-T59599.99,0.34,trade,no,True,15.36,BTC,2026-06-28 18:01:06+00:00,2026-06-28 18:00:00+00:00,2.0,0.6599999999999999,True
2026-06-28 18:02:20,KXBTCD-26JUN2815-T59499.99,0.66,trade,yes,True,8.7,BTC,2026-06-28 18:02:20+00:00,2026-06-28 18:00:00+00:00,2.0,0.66,True
2026-06-28 18:59:57,KXBTCD-26JUN2816-T59499.99,0.56,trade,yes,False,-32.35,BTC,2026-06-28 18:59:57+00:00,2026-06-28 18:00:00+00:00,2.0,0.56,False
2026-06-28 19:02:25,KXBTCD-26JUN2817-T59749.99,0.21,trade,no,True,26.64,BTC,2026-06-28 19:02:25+00:00,2026-06-28 19:00:00+00:00,2.0,0.79,True
2026-06-28 21:08:02,KXBTCD-26JUN2818-T59799.99,0.15,trade,no,True,17.65,BTC,2026-06-28 21:08:02+00:00,2026-06-28 21:00:00+00:00,2.0,0.85,True
2026-06-28 21:09:20,KXBTCD-26JUN2818-T59499.99,0.73,trade,yes,False,-15.32,BTC,2026-06-28 21:09:20+00:00,2026-06-28 21:00:00+00:00,2.0,0.73,False
2026-06-28 22:12:56,KXBTCD-26JUN2819-T59799.99,0.17,trade,no,True,19.5,BTC,2026-06-28 22:12:56+00:00,2026-06-28 22:00:00+00:00,2.0,0.83,True
2026-06-28 22:19:44,KXBTCD-26JUN2819-T59499.99,0.22,trade,no,True,36.24,BTC,2026-06-28 22:19:44+00:00,2026-06-28 22:00:00+00:00,2.0,0.78,True
2026-06-28 23:06:25,KXBTCD-26JUN2820-T59499.99,0.21,trade,no,True,23.16,BTC,2026-06-28 23:06:25+00:00,2026-06-28 23:00:00+00:00,1.0,0.79,True
2026-06-28 23:14:17,KXBTCD-26JUN2820-T59399.99,0.3,trade,no,False,-63.2,BTC,2026-06-28 23:14:17+00:00,2026-06-28 23:00:00+00:00,1.0,0.7,False
2026-06-29 00:00:09,KXBTCD-26JUN2821-T59699.99,0.17,trade,no,True,20.48,BTC,2026-06-29 00:00:09+00:00,2026-06-29 00:00:00+00:00,2.0,0.83,True
2026-06-29 00:06:09,KXBTCD-26JUN2821-T59499.99,0.2,trade,no,False,-100.0,BTC,2026-06-29 00:06:09+00:00,2026-06-29 00:00:00+00:00,2.0,0.8,False
2026-06-29 01:05:26,KXBTCD-26JUN2822-T59599.99,0.25,trade,no,True,5.87,BTC,2026-06-29 01:05:26+00:00,2026-06-29 01:00:00+00:00,2.0,0.75,True
2026-06-29 01:18:33,KXBTCD-26JUN2822-T59399.99,0.2,trade,no,True,13.5,BTC,2026-06-29 01:18:33+00:00,2026-06-29 01:00:00+00:00,2.0,0.8,True
2026-06-29 02:09:34,KXBTCD-26JUN2823-T59299.99,0.33,trade,no,False,-67.55,BTC,2026-06-29 02:09:34+00:00,2026-06-29 02:00:00+00:00,2.0,0.6699999999999999,False
2026-06-29 07:06:26,KXBTCD-26JUN2904-T60099.99,0.25,trade,no,True,18.64,BTC,2026-06-29 07:06:26+00:00,2026-06-29 07:00:00+00:00,2.0,0.75,True
2026-06-29 07:45:27,KXBTCD-26JUN2904-T59999.99,0.36,trade,no,True,15.14,BTC,2026-06-29 07:45:27+00:00,2026-06-29 07:00:00+00:00,2.0,0.64,True
2026-06-29 08:02:52,KXBTCD-26JUN2905-T60099.99,0.25,trade,no,True,19.52,BTC,2026-06-29 08:02:52+00:00,2026-06-29 08:00:00+00:00,2.0,0.75,True
2026-06-29 08:14:49,KXBTCD-26JUN2905-T59999.99,0.29,trade,no,True,16.93,BTC,2026-06-29 08:14:49+00:00,2026-06-29 08:00:00+00:00,2.0,0.71,True
2026-06-29 08:26:19,KXBTCD-26JUN2905-T59899.99,0.24,trade,no,True,19.82,BTC,2026-06-29 08:26:19+00:00,2026-06-29 08:00:00+00:00,2.0,0.76,True
2026-06-29 09:15:36,KXBTCD-26JUN2906-T60099.99,0.18,trade,no,True,13.14,BTC,2026-06-29 09:15:36+00:00,2026-06-29 09:00:00+00:00,2.0,0.8200000000000001,True
2026-06-29 09:22:34,KXBTCD-26JUN2906-T59999.99,0.31,trade,no,True,13.3,BTC,2026-06-29 09:22:34+00:00,2026-06-29 09:00:00+00:00,2.0,0.69,True
2026-06-29 09:38:18,KXBTCD-26JUN2906-T59899.99,0.28,trade,no,False,-35.87,BTC,2026-06-29 09:38:18+00:00,2026-06-29 09:00:00+00:00,2.0,0.72,False
2026-06-29 10:01:35,KXBTCD-26JUN2907-T60099.99,0.38,trade,no,True,32.58,BTC,2026-06-29 10:01:35+00:00,2026-06-29 10:00:00+00:00,2.0,0.62,True
2026-06-29 10:09:53,KXBTCD-26JUN2907-T60399.99,0.23,trade,no,True,24.67,BTC,2026-06-29 10:09:53+00:00,2026-06-29 10:00:00+00:00,2.0,0.77,True
2026-06-29 10:37:30,KXBTCD-26JUN2907-T60199.99,0.15,trade,no,True,17.65,BTC,2026-06-29 10:37:30+00:00,2026-06-29 10:00:00+00:00,2.0,0.85,True
2026-06-29 11:06:39,KXBTCD-26JUN2908-T60099.99,0.23,trade,no,True,18.27,BTC,2026-06-29 11:06:39+00:00,2026-06-29 11:00:00+00:00,2.0,0.77,True
2026-06-29 11:13:10,KXBTCD-26JUN2908-T59999.99,0.27,trade,no,True,19.1,BTC,2026-06-29 11:13:10+00:00,2026-06-29 11:00:00+00:00,2.0,0.73,True
2026-06-29 11:19:53,KXBTCD-26JUN2908-T59899.99,0.33,trade,no,True,13.36,BTC,2026-06-29 11:19:53+00:00,2026-06-29 11:00:00+00:00,2.0,0.6699999999999999,True
2026-06-29 12:02:22,KXBTCD-26JUN2909-T60099.99,0.2,trade,no,True,25.0,BTC,2026-06-29 12:02:22+00:00,2026-06-29 12:00:00+00:00,2.0,0.8,True
2026-06-29 12:39:44,KXBTCD-26JUN2909-T59999.99,0.32,trade,no,True,31.99,BTC,2026-06-29 12:39:44+00:00,2026-06-29 12:00:00+00:00,2.0,0.6799999999999999,True
2026-06-29 12:45:56,KXBTCD-26JUN2909-T60199.99,0.12,trade,no,True,13.64,BTC,2026-06-29 12:45:56+00:00,2026-06-29 12:00:00+00:00,2.0,0.88,True
2026-06-29 13:01:08,KXBTCD-26JUN2910-T60299.99,0.21,trade,no,True,20.05,BTC,2026-06-29 13:01:08+00:00,2026-06-29 13:00:00+00:00,2.0,0.79,True
2026-06-29 13:30:58,KXBTCD-26JUN2910-T60399.99,0.13,trade,no,True,14.94,BTC,2026-06-29 13:30:58+00:00,2026-06-29 13:00:00+00:00,2.0,0.87,True
2026-06-29 13:37:25,KXBTCD-26JUN2910-T60199.99,0.13,trade,no,True,14.94,BTC,2026-06-29 13:37:25+00:00,2026-06-29 13:00:00+00:00,2.0,0.87,True
2026-06-29 14:04:51,KXBTCD-26JUN2911-T59799.99,0.21,trade,no,True,14.32,BTC,2026-06-29 14:04:51+00:00,2026-06-29 14:00:00+00:00,2.0,0.79,True
2026-06-29 14:20:42,KXBTCD-26JUN2911-T58999.99,0.52,trade,no,False,-26.74,BTC,2026-06-29 14:20:42+00:00,2026-06-29 14:00:00+00:00,2.0,0.48,False
2026-06-29 15:09:53,KXBTCD-26JUN2912-T59399.99,0.3,trade,no,False,-44.69,BTC,2026-06-29 15:09:53+00:00,2026-06-29 15:00:00+00:00,2.0,0.7,False
2026-06-29 15:19:27,KXBTCD-26JUN2912-T59299.99,0.47,trade,yes,True,24.28,BTC,2026-06-29 15:19:27+00:00,2026-06-29 15:00:00+00:00,2.0,0.47,True
2026-06-29 22:00:28,KXBTCD-26JUN2919-T60499.99,0.26,trade,no,True,13.07,BTC,2026-06-29 22:00:28+00:00,2026-06-29 22:00:00+00:00,2.0,0.74,True
2026-06-30 00:12:18,KXBTCD-26JUN2921-T60299.99,0.2,trade,no,True,13.6,BTC,2026-06-30 00:12:18+00:00,2026-06-30 00:00:00+00:00,2.0,0.8,True
2026-06-30 00:34:32,KXBTCD-26JUN2921-T59899.99,0.29,trade,no,True,17.52,BTC,2026-06-30 00:34:32+00:00,2026-06-30 00:00:00+00:00,2.0,0.71,True
2026-06-30 01:10:44,KXBTCD-26JUN2922-T59899.99,0.22,trade,no,True,12.8,BTC,2026-06-30 01:10:44+00:00,2026-06-30 01:00:00+00:00,2.0,0.78,True
2026-06-30 02:14:50,KXBTCD-26JUN2923-T59799.99,0.28,trade,no,False,-31.4,BTC,2026-06-30 02:14:50+00:00,2026-06-30 02:00:00+00:00,2.0,0.72,False
2026-06-30 02:24:23,KXBTCD-26JUN2923-T59899.99,0.25,trade,no,True,15.06,BTC,2026-06-30 02:24:23+00:00,2026-06-30 02:00:00+00:00,2.0,0.75,True
2026-06-30 02:59:58,KXBTCD-26JUN3000-T59999.99,0.24,trade,no,True,25.46,BTC,2026-06-30 02:59:58+00:00,2026-06-30 02:00:00+00:00,2.0,0.76,True
2026-06-30 03:09:26,KXBTCD-26JUN3000-T59899.99,0.24,trade,no,True,20.6,BTC,2026-06-30 03:09:26+00:00,2026-06-30 03:00:00+00:00,2.0,0.76,True
2026-06-30 03:25:18,KXBTCD-26JUN3000-T59799.99,0.36,trade,no,True,19.16,BTC,2026-06-30 03:25:18+00:00,2026-06-30 03:00:00+00:00,2.0,0.64,True
2026-06-30 04:15:19,KXBTCD-26JUN3001-T59399.99,0.65,trade,yes,True,5.0,BTC,2026-06-30 04:15:19+00:00,2026-06-30 04:00:00+00:00,2.0,0.65,True
2026-06-30 04:34:42,KXBTCD-26JUN3001-T59499.99,0.71,trade,no,True,39.56,BTC,2026-06-30 04:34:42+00:00,2026-06-30 04:00:00+00:00,2.0,0.29000000000000004,True
2026-06-30 06:02:32,KXBTCD-26JUN3003-T59599.99,0.26,trade,no,True,9.83,BTC,2026-06-30 06:02:32+00:00,2026-06-30 06:00:00+00:00,2.0,0.74,True
2026-06-30 06:12:10,KXBTCD-26JUN3003-T59499.99,0.38,trade,no,True,19.69,BTC,2026-06-30 06:12:10+00:00,2026-06-30 06:00:00+00:00,2.0,0.62,True
2026-06-30 06:17:30,KXBTCD-26JUN3003-T59399.99,0.68,trade,no,False,-28.16,BTC,2026-06-30 06:17:30+00:00,2026-06-30 06:00:00+00:00,2.0,0.31999999999999995,False
2026-06-30 07:00:12,KXBTCD-26JUN3004-T59699.99,0.16,trade,no,True,19.05,BTC,2026-06-30 07:00:12+00:00,2026-06-30 07:00:00+00:00,2.0,0.84,True
2026-06-30 07:06:05,KXBTCD-26JUN3004-T59599.99,0.24,trade,no,True,21.91,BTC,2026-06-30 07:06:05+00:00,2026-06-30 07:00:00+00:00,2.0,0.76,True
2026-06-30 08:09:18,KXBTCD-26JUN3005-T59299.99,0.75,trade,yes,False,-45.71,BTC,2026-06-30 08:09:18+00:00,2026-06-30 08:00:00+00:00,2.0,0.75,False
2026-06-30 08:10:35,KXBTCD-26JUN3005-T59499.99,0.33,trade,no,True,26.86,BTC,2026-06-30 08:10:35+00:00,2026-06-30 08:00:00+00:00,2.0,0.6699999999999999,True
2026-06-30 08:23:59,KXBTCD-26JUN3005-T59399.99,0.35,trade,no,True,15.6,BTC,2026-06-30 08:23:59+00:00,2026-06-30 08:00:00+00:00,2.0,0.65,True
2026-06-30 09:01:02,KXBTCD-26JUN3006-T59399.99,0.21,trade,no,True,33.77,BTC,2026-06-30 09:01:02+00:00,2026-06-30 09:00:00+00:00,2.0,0.79,True
2026-06-30 09:09:13,KXBTCD-26JUN3006-T59299.99,0.35,trade,no,True,44.57,BTC,2026-06-30 09:09:13+00:00,2026-06-30 09:00:00+00:00,2.0,0.65,True
2026-06-30 10:00:23,KXBTCD-26JUN3007-T59399.99,0.23,trade,no,True,26.64,BTC,2026-06-30 10:00:23+00:00,2026-06-30 10:00:00+00:00,2.0,0.77,True
2026-06-30 10:08:30,KXBTCD-26JUN3007-T59499.99,0.13,trade,no,True,14.94,BTC,2026-06-30 10:08:30+00:00,2026-06-30 10:00:00+00:00,2.0,0.87,True
2026-06-30 10:15:06,KXBTCD-26JUN3007-T59299.99,0.52,trade,no,True,47.19,BTC,2026-06-30 10:15:06+00:00,2026-06-30 10:00:00+00:00,2.0,0.48,True
2026-06-30 11:00:38,KXBTCD-26JUN3008-T59399.99,0.2,trade,no,True,37.5,BTC,2026-06-30 11:00:38+00:00,2026-06-30 11:00:00+00:00,2.0,0.8,True
2026-06-30 11:19:27,KXBTCD-26JUN3008-T59299.99,0.28,trade,no,True,17.83,BTC,2026-06-30 11:19:27+00:00,2026-06-30 11:00:00+00:00,2.0,0.72,True
2026-06-30 11:20:41,KXBTCD-26JUN3008-T59199.99,0.63,trade,yes,False,-8.48,BTC,2026-06-30 11:20:41+00:00,2026-06-30 11:00:00+00:00,2.0,0.63,False
2026-06-30 12:01:46,KXBTCD-26JUN3009-T59199.99,0.26,trade,no,True,38.63,BTC,2026-06-30 12:01:46+00:00,2026-06-30 12:00:00+00:00,2.0,0.74,True
2026-06-30 12:08:49,KXBTCD-26JUN3009-T59099.99,0.2,trade,no,True,26.46,BTC,2026-06-30 12:08:49+00:00,2026-06-30 12:00:00+00:00,2.0,0.8,True
2026-06-30 12:20:30,KXBTCD-26JUN3009-T58999.99,0.3,trade,no,True,22.42,BTC,2026-06-30 12:20:30+00:00,2026-06-30 12:00:00+00:00,2.0,0.7,True
2026-06-30 13:02:23,KXBTCD-26JUN3010-T58799.99,0.16,trade,no,True,27.49,BTC,2026-06-30 13:02:23+00:00,2026-06-30 13:00:00+00:00,1.0,0.84,True
2026-06-30 13:13:40,KXBTCD-26JUN3010-T58699.99,0.21,trade,no,True,8.39,BTC,2026-06-30 13:13:40+00:00,2026-06-30 13:00:00+00:00,1.0,0.79,True
2026-06-30 13:32:29,KXBTCD-26JUN3010-T58599.99,0.25,trade,no,False,-80.44,BTC,2026-06-30 13:32:29+00:00,2026-06-30 13:00:00+00:00,1.0,0.75,False
2026-06-30 14:40:56,KXBTCD-26JUN3011-T58699.99,0.42,trade,no,True,24.76,BTC,2026-06-30 14:40:56+00:00,2026-06-30 14:00:00+00:00,1.0,0.5800000000000001,True
2026-06-30 16:05:12,KXBTCD-26JUN3013-T58599.99,0.24,trade,no,True,20.41,BTC,2026-06-30 16:05:12+00:00,2026-06-30 16:00:00+00:00,1.0,0.76,True
2026-06-30 16:14:04,KXBTCD-26JUN3013-T58499.99,0.27,trade,no,True,18.46,BTC,2026-06-30 16:14:04+00:00,2026-06-30 16:00:00+00:00,1.0,0.73,True
2026-06-30 17:04:02,KXBTCD-26JUN3014-T58599.99,0.27,trade,no,True,22.07,BTC,2026-06-30 17:04:02+00:00,2026-06-30 17:00:00+00:00,1.0,0.73,True
2026-06-30 18:00:54,KXBTCD-26JUN3015-T58499.99,0.29,trade,no,False,-36.07,BTC,2026-06-30 18:00:54+00:00,2026-06-30 18:00:00+00:00,1.0,0.71,False
2026-06-30 18:06:25,KXBTCD-26JUN3015-T58399.99,0.28,trade,no,False,-47.73,BTC,2026-06-30 18:06:25+00:00,2026-06-30 18:00:00+00:00,1.0,0.72,False
2026-06-30 19:01:31,KXBTCD-26JUN3017-T58999.99,0.14,trade,no,True,16.28,BTC,2026-06-30 19:01:31+00:00,2026-06-30 19:00:00+00:00,1.0,0.86,True
2026-06-30 19:10:50,KXBTCD-26JUN3017-T58749.99,0.25,trade,no,True,19.93,BTC,2026-06-30 19:10:50+00:00,2026-06-30 19:00:00+00:00,1.0,0.75,True
2026-06-30 19:12:03,KXBTCD-26JUN3016-T58699.99,0.2,trade,no,False,-60.53,BTC,2026-06-30 19:12:03+00:00,2026-06-30 19:00:00+00:00,1.0,0.8,False
2026-06-30 19:22:31,KXBTCD-26JUN3016-T58599.99,0.29,trade,no,False,-38.74,BTC,2026-06-30 19:22:31+00:00,2026-06-30 19:00:00+00:00,1.0,0.71,False
2026-06-30 21:00:59,KXBTCD-26JUN3018-T58799.99,0.23,trade,no,True,22.96,BTC,2026-06-30 21:00:59+00:00,2026-06-30 21:00:00+00:00,1.0,0.77,True
2026-06-30 21:06:25,KXBTCD-26JUN3018-T58699.99,0.4,trade,no,True,34.87,BTC,2026-06-30 21:06:25+00:00,2026-06-30 21:00:00+00:00,1.0,0.6,True
2026-06-30 21:12:49,KXBTCD-26JUN3018-T58499.99,0.5,trade,no,False,-31.54,BTC,2026-06-30 21:12:49+00:00,2026-06-30 21:00:00+00:00,1.0,0.5,False
2026-06-30 22:00:34,KXBTCD-26JUN3019-T58699.99,0.27,trade,no,True,16.66,BTC,2026-06-30 22:00:34+00:00,2026-06-30 22:00:00+00:00,1.0,0.73,True
2026-06-30 22:07:49,KXBTCD-26JUN3019-T58799.99,0.18,trade,no,True,19.29,BTC,2026-06-30 22:07:49+00:00,2026-06-30 22:00:00+00:00,1.0,0.8200000000000001,True
2026-06-30 22:27:49,KXBTCD-26JUN3019-T58599.99,0.44,trade,no,True,21.64,BTC,2026-06-30 22:27:49+00:00,2026-06-30 22:00:00+00:00,1.0,0.56,True
2026-06-30 23:00:18,KXBTCD-26JUN3020-T58599.99,0.34,trade,no,True,17.42,BTC,2026-06-30 23:00:18+00:00,2026-06-30 23:00:00+00:00,1.0,0.6599999999999999,True
2026-06-30 23:08:44,KXBTCD-26JUN3020-T58499.99,0.6,trade,no,False,-18.87,BTC,2026-06-30 23:08:44+00:00,2026-06-30 23:00:00+00:00,1.0,0.4,False
2026-07-01 00:39:02,KXBTCD-26JUN3021-T58499.99,0.45,trade,no,True,58.9,BTC,2026-07-01 00:39:02+00:00,2026-07-01 00:00:00+00:00,1.0,0.55,True
2026-07-01 03:12:12,KXBTCD-26JUL0100-T59099.99,0.2,trade,no,False,-53.81,BTC,2026-07-01 03:12:12+00:00,2026-07-01 03:00:00+00:00,1.0,0.8,False
2026-07-01 04:46:42,KXBTCD-26JUL0101-T59399.99,0.24,trade,no,True,23.31,BTC,2026-07-01 04:46:42+00:00,2026-07-01 04:00:00+00:00,1.0,0.76,True
2026-07-01 05:01:27,KXBTCD-26JUL0102-T59399.99,0.21,trade,no,True,13.6,BTC,2026-07-01 05:01:27+00:00,2026-07-01 05:00:00+00:00,1.0,0.79,True
2026-07-01 05:10:52,KXBTCD-26JUL0102-T59299.99,0.28,trade,no,True,12.33,BTC,2026-07-01 05:10:52+00:00,2026-07-01 05:00:00+00:00,1.0,0.72,True
2026-07-01 05:30:20,KXBTCD-26JUL0102-T59199.99,0.22,trade,no,True,9.88,BTC,2026-07-01 05:30:20+00:00,2026-07-01 05:00:00+00:00,1.0,0.78,True
2026-07-01 07:00:17,KXBTCD-26JUL0104-T58899.99,0.18,trade,no,True,21.27,BTC,2026-07-01 07:00:17+00:00,2026-07-01 07:00:00+00:00,1.0,0.8200000000000001,True
2026-07-01 07:23:52,KXBTCD-26JUL0104-T58799.99,0.31,trade,no,True,18.36,BTC,2026-07-01 07:23:52+00:00,2026-07-01 07:00:00+00:00,1.0,0.69,True
2026-07-01 08:01:14,KXBTCD-26JUL0105-T58799.99,0.24,trade,no,False,-59.42,BTC,2026-07-01 08:01:14+00:00,2026-07-01 08:00:00+00:00,1.0,0.76,False
2026-07-01 08:44:33,KXBTCD-26JUL0105-T58699.99,0.36,trade,no,False,-50.58,BTC,2026-07-01 08:44:33+00:00,2026-07-01 08:00:00+00:00,1.0,0.64,False
2026-07-01 09:19:58,KXBTCD-26JUL0106-T58999.99,0.24,trade,no,True,10.17,BTC,2026-07-01 09:19:58+00:00,2026-07-01 09:00:00+00:00,1.0,0.76,True
2026-07-01 09:28:16,KXBTCD-26JUL0106-T58899.99,0.27,trade,no,True,15.99,BTC,2026-07-01 09:28:16+00:00,2026-07-01 09:00:00+00:00,1.0,0.73,True
2026-07-01 10:00:56,KXBTCD-26JUL0107-T58999.99,0.17,trade,no,True,19.45,BTC,2026-07-01 10:00:56+00:00,2026-07-01 10:00:00+00:00,1.0,0.83,True
2026-07-01 10:06:40,KXBTCD-26JUL0107-T58899.99,0.3,trade,no,True,19.74,BTC,2026-07-01 10:06:40+00:00,2026-07-01 10:00:00+00:00,1.0,0.7,True
2026-07-01 10:11:54,KXBTCD-26JUL0107-T58799.99,0.3,trade,no,True,16.8,BTC,2026-07-01 10:11:54+00:00,2026-07-01 10:00:00+00:00,1.0,0.7,True
2026-07-01 11:08:24,KXBTCD-26JUL0108-T58799.99,0.16,trade,no,True,19.05,BTC,2026-07-01 11:08:24+00:00,2026-07-01 11:00:00+00:00,1.0,0.84,True
2026-07-01 11:32:57,KXBTCD-26JUL0108-T58699.99,0.29,trade,no,True,24.09,BTC,2026-07-01 11:32:57+00:00,2026-07-01 11:00:00+00:00,1.0,0.71,True
2026-07-01 11:51:50,KXBTCD-26JUL0108-T58599.99,0.29,trade,no,True,14.36,BTC,2026-07-01 11:51:50+00:00,2026-07-01 11:00:00+00:00,1.0,0.71,True
2026-07-01 12:07:54,KXBTCD-26JUL0109-T58299.99,0.73,trade,yes,True,11.47,BTC,2026-07-01 12:07:54+00:00,2026-07-01 12:00:00+00:00,1.0,0.73,True
2026-07-01 12:09:10,KXBTCD-26JUL0109-T58599.99,0.25,trade,no,True,19.13,BTC,2026-07-01 12:09:10+00:00,2026-07-01 12:00:00+00:00,1.0,0.75,True
2026-07-01 12:15:51,KXBTCD-26JUL0109-T58399.99,0.66,trade,yes,True,17.93,BTC,2026-07-01 12:15:51+00:00,2026-07-01 12:00:00+00:00,1.0,0.66,True
2026-07-01 13:06:05,KXBTCD-26JUL0110-T58999.99,0.14,trade,no,False,-100.0,BTC,2026-07-01 13:06:05+00:00,2026-07-01 13:00:00+00:00,1.0,0.86,False
2026-07-01 13:30:27,KXBTCD-26JUL0110-T58799.99,0.22,trade,no,False,-83.51,BTC,2026-07-01 13:30:27+00:00,2026-07-01 13:00:00+00:00,1.0,0.78,False
2026-07-02 01:07:23,KXBTCD-26JUL0122-T59899.99,0.16,trade,no,False,-100.0,BTC,2026-07-02 01:07:23+00:00,2026-07-02 01:00:00+00:00,0.0,0.84,False
2026-07-02 09:16:30,KXBTCD-26JUL0206-T60499.99,0.2,trade,no,False,-37.72,BTC,2026-07-02 09:16:30+00:00,2026-07-02 09:00:00+00:00,0.0,0.8,False
2026-07-02 09:30:46,KXBTCD-26JUL0206-T60799.99,0.14,trade,no,False,-100.0,BTC,2026-07-02 09:30:46+00:00,2026-07-02 09:00:00+00:00,0.0,0.86,False
2026-07-02 16:28:10,KXBTCD-26JUL0213-T61299.99,0.29,trade,no,False,-37.17,BTC,2026-07-02 16:28:10+00:00,2026-07-02 16:00:00+00:00,0.0,0.71,False
2026-07-02 22:53:07,KXBTCD-26JUL0219-T61499.99,0.17,trade,no,True,25.6,BTC,2026-07-02 22:53:07+00:00,2026-07-02 22:00:00+00:00,0.0,0.83,True
2026-07-02 23:00:54,KXBTCD-26JUL0220-T61499.99,0.21,trade,no,True,15.92,BTC,2026-07-02 23:00:54+00:00,2026-07-02 23:00:00+00:00,0.0,0.79,True
2026-07-03 00:15:43,KXBTCD-26JUL0221-T61499.99,0.2,trade,no,True,25.05,BTC,2026-07-03 00:15:43+00:00,2026-07-03 00:00:00+00:00,0.0,0.8,True
2026-07-03 00:48:05,KXBTCD-26JUL0221-T61399.99,0.21,trade,no,True,9.14,BTC,2026-07-03 00:48:05+00:00,2026-07-03 00:00:00+00:00,0.0,0.79,True
2026-07-03 02:13:30,KXBTCD-26JUL0223-T61599.99,0.22,trade,no,True,11.99,BTC,2026-07-03 02:13:30+00:00,2026-07-03 02:00:00+00:00,0.0,0.78,True
2026-07-03 03:00:25,KXBTCD-26JUL0300-T61399.99,0.33,trade,yes,False,-28.01,BTC,2026-07-03 03:00:25+00:00,2026-07-03 03:00:00+00:00,0.0,0.33,False
2026-07-03 03:06:38,KXBTCD-26JUL0300-T61299.99,0.66,trade,yes,True,23.68,BTC,2026-07-03 03:06:38+00:00,2026-07-03 03:00:00+00:00,0.0,0.66,True
2026-07-03 04:00:56,KXBTCD-26JUL0301-T61399.99,0.47,trade,yes,False,-17.63,BTC,2026-07-03 04:00:56+00:00,2026-07-03 04:00:00+00:00,0.0,0.47,False
2026-07-03 04:59:55,KXBTCD-26JUL0302-T61299.99,0.66,trade,yes,True,24.85,BTC,2026-07-03 04:59:55+00:00,2026-07-03 04:00:00+00:00,0.0,0.66,True
2026-07-03 05:07:56,KXBTCD-26JUL0302-T61599.99,0.22,trade,no,False,-53.66,BTC,2026-07-03 05:07:56+00:00,2026-07-03 05:00:00+00:00,0.0,0.78,False
2026-07-03 06:06:24,KXBTCD-26JUL0303-T61899.99,0.21,trade,no,True,17.31,BTC,2026-07-03 06:06:24+00:00,2026-07-03 06:00:00+00:00,0.0,0.79,True
2026-07-03 06:19:25,KXBTCD-26JUL0303-T61799.99,0.24,trade,no,True,16.47,BTC,2026-07-03 06:19:25+00:00,2026-07-03 06:00:00+00:00,0.0,0.76,True
2026-07-03 07:09:13,KXBTCD-26JUL0304-T61799.99,0.26,trade,no,True,19.43,BTC,2026-07-03 07:09:13+00:00,2026-07-03 07:00:00+00:00,0.0,0.74,True
2026-07-03 08:05:26,KXBTCD-26JUL0305-T61799.99,0.26,trade,no,True,14.42,BTC,2026-07-03 08:05:26+00:00,2026-07-03 08:00:00+00:00,0.0,0.74,True
2026-07-03 09:09:56,KXBTCD-26JUL0306-T61699.99,0.21,trade,no,True,18.21,BTC,2026-07-03 09:09:56+00:00,2026-07-03 09:00:00+00:00,0.0,0.79,True
2026-07-03 10:17:07,KXBTCD-26JUL0307-T61799.99,0.15,trade,no,False,-125.0,BTC,2026-07-03 10:17:07+00:00,2026-07-03 10:00:00+00:00,0.0,0.85,False
2026-07-03 11:02:20,KXBTCD-26JUL0308-T61999.99,0.22,trade,no,True,25.94,BTC,2026-07-03 11:02:20+00:00,2026-07-03 11:00:00+00:00,0.0,0.78,True
2026-07-03 11:07:54,KXBTCD-26JUL0308-T62099.99,0.2,trade,no,True,26.57,BTC,2026-07-03 11:07:54+00:00,2026-07-03 11:00:00+00:00,0.0,0.8,True
2026-07-03 12:01:01,KXBTCD-26JUL0309-T62099.99,0.26,trade,no,True,13.69,BTC,2026-07-03 12:01:01+00:00,2026-07-03 12:00:00+00:00,0.0,0.74,True
2026-07-03 12:07:24,KXBTCD-26JUL0309-T62299.99,0.19,trade,no,True,28.31,BTC,2026-07-03 12:07:24+00:00,2026-07-03 12:00:00+00:00,0.0,0.81,True
2026-07-03 13:25:38,KXBTCD-26JUL0310-T62099.99,0.26,trade,no,True,12.91,BTC,2026-07-03 13:25:38+00:00,2026-07-03 13:00:00+00:00,0.0,0.74,True
2026-07-04 01:02:06,KXBTCD-26JUL0322-T62499.99,0.68,trade,yes,False,-87.61,BTC,2026-07-04 01:02:06+00:00,2026-07-04 01:00:00+00:00,0.0,0.68,False
2026-07-04 02:01:00,KXBTCD-26JUL0323-T62499.99,0.36,trade,yes,False,-8.96,BTC,2026-07-04 02:01:00+00:00,2026-07-04 02:00:00+00:00,0.0,0.36,False
2026-07-04 04:18:37,KXBTCD-26JUL0401-T62599.99,0.35,trade,yes,True,47.49,BTC,2026-07-04 04:18:37+00:00,2026-07-04 04:00:00+00:00,0.0,0.35,True
2026-07-04 05:02:57,KXBTCD-26JUL0402-T62599.99,0.41,trade,yes,False,-51.75,BTC,2026-07-04 05:02:57+00:00,2026-07-04 05:00:00+00:00,0.0,0.41,False
2026-07-04 05:08:41,KXBTCD-26JUL0402-T62499.99,0.68,trade,yes,False,-74.76,BTC,2026-07-04 05:08:41+00:00,2026-07-04 05:00:00+00:00,0.0,0.68,False
2026-07-04 07:04:09,KXBTCD-26JUL0404-T62399.99,0.63,trade,yes,True,28.68,BTC,2026-07-04 07:04:09+00:00,2026-07-04 07:00:00+00:00,0.0,0.63,True
2026-07-04 07:10:45,KXBTCD-26JUL0404-T62499.99,0.47,trade,yes,True,31.47,BTC,2026-07-04 07:10:45+00:00,2026-07-04 07:00:00+00:00,0.0,0.47,True
2026-07-04 08:02:25,KXBTCD-26JUL0405-T62399.99,0.75,trade,yes,True,28.1,BTC,2026-07-04 08:02:25+00:00,2026-07-04 08:00:00+00:00,0.0,0.75,True
2026-07-04 08:08:45,KXBTCD-26JUL0405-T62499.99,0.49,trade,yes,True,23.44,BTC,2026-07-04 08:08:45+00:00,2026-07-04 08:00:00+00:00,0.0,0.49,True
2026-07-04 09:04:36,KXBTCD-26JUL0406-T62399.99,0.6,trade,yes,True,29.11,BTC,2026-07-04 09:04:36+00:00,2026-07-04 09:00:00+00:00,0.0,0.6,True
2026-07-04 09:10:33,KXBTCD-26JUL0406-T62499.99,0.39,trade,yes,False,-26.17,BTC,2026-07-04 09:10:33+00:00,2026-07-04 09:00:00+00:00,0.0,0.39,False
2026-07-04 13:23:58,KXBTCD-26JUL0410-T62699.99,0.26,trade,no,True,16.97,BTC,2026-07-04 13:23:58+00:00,2026-07-04 13:00:00+00:00,0.0,0.74,True
2026-07-04 18:05:57,KXBTCD-26JUL0415-T63399.99,0.22,trade,no,True,13.51,BTC,2026-07-04 18:05:57+00:00,2026-07-04 17:00:00+00:00,0.0,0.78,True
