feature,split,n_rescued,wr_rescued,edge_rescued,pnl_rescued,n_weeks,worst_wk_share,edge_remainder,pnl_remainder
offset_pct,>=-0.3353(q0.1),325,0.6523076923076923,-0.031369230769230816,871.6400000000001,13,22.895173086299362,-0.07108108108108102,-203.04000000000005
offset_pct,<-0.3353(q0.1),37,0.7027027027027027,-0.07108108108108102,-203.04000000000005,8,41.34599179821358,-0.031369230769230816,871.6400000000001
offset_pct,>=-0.1361(q0.2),289,0.6539792387543253,-0.03371972318339089,920.5899999999999,13,22.87618569374292,-0.04219178082191766,-251.98999999999998
offset_pct,<-0.1361(q0.2),73,0.6712328767123288,-0.04219178082191766,-251.98999999999998,11,31.600026262228347,-0.03371972318339089,920.5899999999999
offset_pct,>=0.1298(q0.3),254,0.6850393700787402,-0.026043307086614065,1120.0099999999998,13,29.68357200289049,-0.05750000000000011,-451.40999999999997
offset_pct,<0.1298(q0.3),108,0.5925925925925926,-0.05750000000000011,-451.40999999999997,12,36.88639713990551,-0.026043307086614065,1120.0099999999998
offset_pct,>=0.2252(q0.4),217,0.7142857142857143,-0.0074654377880184475,936.3599999999999,13,37.47761315532399,-0.07727586206896542,-267.7599999999998
offset_pct,<0.2252(q0.4),145,0.5724137931034483,-0.07727586206896542,-267.7599999999998,12,31.01053601792554,-0.0074654377880184475,936.3599999999999
offset_pct,>=0.2535(q0.5),181,0.7348066298342542,0.0055248618784530246,1358.4099999999999,13,43.4224508371965,-0.0763812154696133,-689.81
offset_pct,<0.2535(q0.5),181,0.580110497237569,-0.0763812154696133,-689.81,12,27.860273434944734,0.0055248618784530246,1358.4099999999999
offset_pct,>=0.3135(q0.6),145,0.7931034482758621,0.05134482758620684,1492.28,13,43.17031467070812,-0.09341013824884781,-823.6800000000001
offset_pct,<0.3135(q0.6),217,0.5668202764976958,-0.09341013824884781,-823.6800000000001,13,22.687371940040975,0.05134482758620684,1492.28
offset_pct,>=0.3813(q0.7),109,0.8165137614678899,0.07238532110091733,1532.8399999999995,12,47.179637088042966,-0.08187747035573112,-864.2399999999998
offset_pct,<0.3813(q0.7),253,0.5889328063241107,-0.08187747035573112,-864.2399999999998,13,22.28427517748782,0.07238532110091733,1532.8399999999995
offset_pct,>=0.4985(q0.8),73,0.863013698630137,0.12561643835616443,1660.17,11,53.81300550691509,-0.07610726643598609,-991.5700000000002
offset_pct,<0.4985(q0.8),289,0.6055363321799307,-0.07610726643598609,-991.5700000000002,13,20.399914633774536,0.12561643835616443,1660.17
offset_pct,>=0.6677(q0.9),37,0.918918918918919,0.22608108108108105,1529.2799999999997,6,66.9842929448946,-0.06520000000000004,-860.68
offset_pct,<0.6677(q0.9),325,0.6276923076923077,-0.06520000000000004,-860.68,13,24.52214512342972,0.22608108108108105,1529.2799999999997
p_market,>=0.16(q0.1),326,0.6533742331288344,-0.030383435582822083,883.8300000000002,13,20.89790944746963,-0.08111111111111113,-215.23000000000005
p_market,<0.16(q0.1),36,0.6944444444444444,-0.08111111111111113,-215.23000000000005,10,20.317338696804264,-0.030383435582822083,883.8300000000002
p_market,>=0.2(q0.2),298,0.6308724832214765,-0.03921140939597312,803.9599999999998,13,19.903188451662555,-0.01781250000000001,-135.36
p_market,<0.2(q0.2),64,0.78125,-0.01781250000000001,-135.36,12,19.84675561270964,-0.03921140939597312,803.9599999999998
p_market,>=0.22(q0.3),257,0.6186770428015564,-0.035875486381322985,989.0899999999997,13,23.065578110096606,-0.03433333333333333,-320.4899999999999
p_market,<0.22(q0.3),105,0.7523809523809524,-0.03433333333333333,-320.4899999999999,13,26.396850519371707,-0.035875486381322985,989.0899999999997
p_market,>=0.245(q0.4),218,0.6055045871559633,-0.031123853211009078,1247.47,13,30.33376199426254,-0.04194444444444434,-578.8700000000001
p_market,<0.245(q0.4),144,0.7361111111111112,-0.04194444444444434,-578.8700000000001,13,24.806642267467343,-0.031123853211009078,1247.47
p_market,>=0.2875(q0.5),181,0.580110497237569,-0.044337016574585664,1294.9999999999998,12,34.20289855072463,-0.026519337016574607,-626.4000000000001
p_market,<0.2875(q0.5),181,0.7348066298342542,-0.026519337016574607,-626.4000000000001,13,20.616257027062364,-0.044337016574585664,1294.9999999999998
p_market,>=0.365(q0.6),147,0.5850340136054422,-0.03452380952380951,1573.07,12,40.40301959776448,-0.03604651162790695,-904.4700000000001
p_market,<0.365(q0.6),215,0.7069767441860465,-0.03604651162790695,-904.4700000000001,13,24.90534824448733,-0.03452380952380951,1573.07
p_market,>=0.5(q0.7),111,0.6306306306306306,-0.008333333333333415,1912.8499999999995,12,57.347737496345864,-0.047410358565737054,-1244.25
p_market,<0.5(q0.7),251,0.6693227091633466,-0.047410358565737054,-1244.25,13,31.95273763055175,-0.008333333333333415,1912.8499999999995
p_market,>=0.63(q0.8),75,0.6933333333333334,-0.0007333333333332526,1962.2099999999998,12,61.981717639092636,-0.044494773519163644,-1293.6100000000001
p_market,<0.63(q0.8),287,0.6480836236933798,-0.044494773519163644,-1293.6100000000001,13,30.454533577702207,-0.0007333333333332526,1962.2099999999998
p_market,>=0.7395(q0.9),37,0.8918918918918919,0.14972972972972987,2306.9,7,66.44944448096771,-0.05650769230769226,-1638.3
p_market,<0.7395(q0.9),325,0.6307692307692307,-0.05650769230769226,-1638.3,13,33.26294055628075,0.14972972972972987,2306.9
p_yes_model,>=0.03762(q0.1),325,0.6430769230769231,-0.03724615384615382,-872.1099999999999,13,21.41143681472491,-0.019459459459459594,1540.7099999999998
p_yes_model,<0.03762(q0.1),37,0.7837837837837838,-0.019459459459459594,1540.7099999999998,8,56.32587175305957,-0.03724615384615382,-872.1099999999999
p_yes_model,>=0.06809(q0.2),289,0.6228373702422145,-0.040328719723183415,-865.7,13,22.752656480260608,-0.016027397260274023,1534.3
p_yes_model,<0.06809(q0.2),73,0.7945205479452054,-0.016027397260274023,1534.3,13,54.147373463196544,-0.040328719723183415,-865.7
p_yes_model,>=0.1411(q0.3),253,0.6047430830039525,-0.045830039525691646,-827.45,13,22.395865291577184,-0.011284403669724719,1496.0499999999995
p_yes_model,<0.1411(q0.3),109,0.7798165137614679,-0.011284403669724719,1496.0499999999995,13,46.61374203080594,-0.045830039525691646,-827.45
p_yes_model,>=0.1766(q0.4),217,0.5852534562211982,-0.049838709677419324,-727.0300000000001,13,21.48754911504648,-0.013862068965517227,1395.63
p_yes_model,<0.1766(q0.4),145,0.7655172413793103,-0.013862068965517227,1395.63,13,42.14573840132716,-0.049838709677419324,-727.0300000000001
p_yes_model,>=0.2224(q0.5),181,0.574585635359116,-0.04881215469613254,-392.55999999999995,13,27.226802709209075,-0.022044198895027622,1061.1599999999999
p_yes_model,<0.2224(q0.5),181,0.7403314917127072,-0.022044198895027622,1061.1599999999999,13,37.357298116791775,-0.04881215469613254,-392.55999999999995
p_yes_model,>=0.2844(q0.6),145,0.5517241379310345,-0.07399999999999995,-870.84,12,36.787270209724085,-0.009654377880184417,1539.4399999999996
p_yes_model,<0.2844(q0.6),217,0.728110599078341,-0.009654377880184417,1539.4399999999996,13,40.455362572591376,-0.07399999999999995,-870.84
p_yes_model,>=0.4097(q0.7),109,0.5779816513761468,-0.07160550458715609,-566.0200000000001,12,32.06331720867857,-0.01984189723320151,1234.62
p_yes_model,<0.4097(q0.7),253,0.691699604743083,-0.01984189723320151,1234.62,13,26.939781856181828,-0.07160550458715609,-566.0200000000001
p_yes_model,>=0.681(q0.8),73,0.6986301369863014,-0.03773972602739728,-168.32999999999998,12,25.264835656112112,-0.034844290657439436,836.9299999999997
p_yes_model,<0.681(q0.8),289,0.6470588235294118,-0.034844290657439436,836.9299999999997,13,22.19168526335166,-0.03773972602739728,-168.32999999999998
p_yes_model,>=0.8099(q0.9),39,0.8461538461538461,0.05615384615384622,149.60000000000002,8,38.89774696707106,-0.04648606811145506,519.0000000000002
p_yes_model,<0.8099(q0.9),323,0.6346749226006192,-0.04648606811145506,519.0000000000002,13,17.829070535763453,0.05615384615384622,149.60000000000002
z_score,>=-0.7929(q0.1),325,0.6369230769230769,-0.043384615384615355,581.9799999999996,13,17.7468306832832,0.034459459459459496,86.62000000000002
z_score,<-0.7929(q0.1),37,0.8378378378378378,0.034459459459459496,86.62000000000002,7,25.97853535353535,-0.043384615384615355,581.9799999999996
z_score,>=-0.3322(q0.2),289,0.6539792387543253,-0.03316608996539783,947.0899999999999,13,23.017033024770956,-0.04438356164383539,-278.48999999999995
z_score,<-0.3322(q0.2),73,0.6712328767123288,-0.04438356164383539,-278.48999999999995,12,25.041193632749316,-0.03316608996539783,947.0899999999999
z_score,>=0.2577(q0.3),253,0.6877470355731226,-0.02142292490118558,1172.8399999999995,13,29.55492801697056,-0.06793577981651389,-504.24000000000007
z_score,<0.2577(q0.3),109,0.5871559633027523,-0.06793577981651389,-504.24000000000007,12,34.755123914517576,-0.02142292490118558,1172.8399999999995
z_score,>=0.5616(q0.4),217,0.7235023041474654,-0.009654377880184306,1553.86,13,41.34902517684845,-0.07399999999999995,-885.26
z_score,<0.5616(q0.4),145,0.5586206896551724,-0.07399999999999995,-885.26,12,37.59862928484902,-0.009654377880184306,1553.86
z_score,>=0.7271(q0.5),181,0.7237569060773481,-0.030165745856353565,1357.9399999999996,13,45.227378086165906,-0.040690607734806594,-689.3399999999999
z_score,<0.7271(q0.5),181,0.5911602209944752,-0.040690607734806594,-689.3399999999999,13,33.77620205993478,-0.030165745856353565,1357.9399999999996
z_score,>=0.8913(q0.6),145,0.7310344827586207,-0.038206896551724046,1049.9299999999998,13,36.70968680507928,-0.033571428571428474,-381.3300000000001
z_score,<0.8913(q0.6),217,0.6082949308755761,-0.033571428571428474,-381.3300000000001,13,20.87538814634805,-0.038206896551724046,1049.9299999999998
z_score,>=1.066(q0.7),109,0.7522935779816514,-0.022568807339449548,1370.6399999999994,13,43.429538451176185,-0.040968379446640224,-702.04
z_score,<1.066(q0.7),253,0.616600790513834,-0.040968379446640224,-702.04,13,21.756414724061404,-0.022568807339449548,1370.6399999999994
z_score,>=1.416(q0.8),73,0.7808219178082192,-0.01143835616438349,1550.8700000000001,13,48.27896092571749,-0.04148788927335634,-882.27
z_score,<1.416(q0.8),289,0.6262975778546713,-0.04148788927335634,-882.27,13,21.63268316065042,-0.01143835616438349,1550.8700000000001
z_score,>=1.856(q0.9),37,0.7567567567567568,-0.007297297297297445,1544.91,7,54.406708057262335,-0.038630769230769135,-876.31
z_score,<1.856(q0.9),325,0.6461538461538462,-0.038630769230769135,-876.31,13,21.03374214657059,-0.007297297297297445,1544.91
vol_60m,>=0.0003171(q0.1),325,0.6615384615384615,-0.02318461538461536,973.7899999999998,13,20.49546726824581,-0.14297297297297307,-305.19
vol_60m,<0.0003171(q0.1),37,0.6216216216216216,-0.14297297297297307,-305.19,7,24.1666902264567,-0.02318461538461536,973.7899999999998
vol_60m,>=0.000379(q0.2),289,0.6401384083044983,-0.033442906574394526,842.64,13,20.80316080202835,-0.04328767123287669,-174.04000000000002
vol_60m,<0.000379(q0.2),73,0.726027397260274,-0.04328767123287669,-174.04000000000002,10,26.758815114028444,-0.033442906574394526,842.64
vol_60m,>=0.0004488(q0.3),253,0.6363636363636364,-0.029802371541501893,1028.5599999999997,13,23.099246055458785,-0.04848623853210998,-359.96
vol_60m,<0.0004488(q0.3),109,0.7064220183486238,-0.04848623853210998,-359.96,11,30.437280103396287,-0.029802371541501893,1028.5599999999997
vol_60m,>=0.0005045(q0.4),217,0.6129032258064516,-0.0551152073732718,-758.27,13,28.466613611275122,-0.005965517241379281,1426.87
vol_60m,<0.0005045(q0.4),145,0.7241379310344828,-0.005965517241379281,1426.87,12,50.70127026842116,-0.0551152073732718,-758.27
vol_60m,>=0.0005783(q0.5),181,0.6187845303867403,-0.048011049723756805,-493.5699999999999,13,34.57520429251274,-0.022845303867403466,1162.17
vol_60m,<0.0005783(q0.5),181,0.6961325966850829,-0.022845303867403466,1162.17,12,43.88998191537986,-0.048011049723756805,-493.5699999999999
vol_60m,>=0.000683(q0.6),145,0.6068965517241379,-0.046586206896551685,-396.37,13,33.301493509859235,-0.027972350230414667,1064.9699999999996
vol_60m,<0.000683(q0.6),217,0.6912442396313364,-0.027972350230414667,1064.9699999999996,13,38.953085770214294,-0.046586206896551685,-396.37
vol_60m,>=0.0008058(q0.7),109,0.5596330275229358,-0.07330275229357808,-423.20000000000005,13,32.39060545324922,-0.01911067193675897,1091.8
vol_60m,<0.0008058(q0.7),253,0.6996047430830039,-0.01911067193675897,1091.8,13,39.44168951193396,-0.07330275229357808,-423.20000000000005
vol_60m,>=0.0009294(q0.8),73,0.5616438356164384,-0.05753424657534234,-179.28,12,39.97079818299806,-0.029844290657439432,847.8799999999999
vol_60m,<0.0009294(q0.8),289,0.6816608996539792,-0.029844290657439432,847.8799999999999,13,19.88145579501502,-0.05753424657534234,-179.28
vol_60m,>=0.001152(q0.9),37,0.40540540540540543,-0.1336486486486485,-129.20000000000005,9,26.488689288090484,-0.024246153846153917,797.8000000000002
vol_60m,<0.001152(q0.9),325,0.6861538461538461,-0.024246153846153917,797.8000000000002,13,22.697451326318447,-0.1336486486486485,-129.20000000000005
vol_60m_model,>=0.0002042(q0.1),325,0.6676923076923077,-0.017646153846153867,1059.0099999999998,13,21.418879139630572,-0.19162162162162166,-390.41
vol_60m_model,<0.0002042(q0.1),37,0.5675675675675675,-0.19162162162162166,-390.41,10,22.904539621729185,-0.017646153846153867,1059.0099999999998
vol_60m_model,>=0.0002891(q0.2),289,0.6678200692041523,-0.006712802768166104,1323.72,13,24.227795180795056,-0.14910958904109584,-655.12
vol_60m_model,<0.0002891(q0.2),73,0.6164383561643836,-0.14910958904109584,-655.12,10,33.54423635346458,-0.006712802768166104,1323.72
vol_60m_model,>=0.0003647(q0.3),253,0.6521739130434783,-0.015019762845849716,804.3900000000003,13,29.07673375228087,-0.08279816513761473,-135.78999999999996
vol_60m_model,<0.0003647(q0.3),109,0.6697247706422018,-0.08279816513761473,-135.78999999999996,12,41.17997919652014,-0.015019762845849716,804.3900000000003
vol_60m_model,>=0.0004244(q0.4),217,0.6405529953917051,-0.018594470046082945,875.59,13,33.47175230232339,-0.06062068965517231,-206.99000000000012
vol_60m_model,<0.0004244(q0.4),145,0.6827586206896552,-0.06062068965517231,-206.99000000000012,13,40.87670580177337,-0.018594470046082945,875.59
vol_60m_model,>=0.0005079(q0.5),181,0.6187845303867403,-0.02698895027624304,858.33,13,35.977612285489606,-0.04386740331491712,-189.73000000000002
vol_60m_model,<0.0005079(q0.5),181,0.6961325966850829,-0.04386740331491712,-189.73000000000002,13,37.989848251826714,-0.02698895027624304,858.33
vol_60m_model,>=0.000603(q0.6),145,0.593103448275862,-0.0332758620689656,932.4799999999998,13,38.393867590889805,-0.03686635944700467,-263.8800000000002
vol_60m_model,<0.000603(q0.6),217,0.7004608294930875,-0.03686635944700467,-263.8800000000002,13,36.12072089881717,-0.0332758620689656,932.4799999999998
vol_60m_model,>=0.0007325(q0.7),110,0.6090909090909091,-0.005863636363636404,233.97000000000003,13,31.617856127381287,-0.04833333333333334,434.62999999999977
vol_60m_model,<0.0007325(q0.7),252,0.6785714285714286,-0.04833333333333334,434.62999999999977,13,30.95752217645287,-0.005863636363636404,233.97000000000003
vol_60m_model,>=0.0008322(q0.8),73,0.5616438356164384,-0.03178082191780818,182.2,13,26.73942907175098,-0.03634948096885815,486.4000000000001
vol_60m_model,<0.0008322(q0.8),289,0.6816608996539792,-0.03634948096885815,486.4000000000001,13,26.4590987704248,-0.03178082191780818,182.2
vol_60m_model,>=0.001083(q0.9),37,0.5405405405405406,-0.002027027027027062,294.2800000000001,11,36.58764958436101,-0.03923076923076918,374.31999999999994
vol_60m_model,<0.001083(q0.9),325,0.6707692307692308,-0.03923076923076918,374.31999999999994,13,23.217793023320148,-0.002027027027027062,294.2800000000001
vol_implied_kalshi,>=0.0003944(q0.1),305,0.6622950819672131,-0.04488524590163934,-1353.71,13,32.55563710756785,-0.01529411764705868,-40.139999999999986
vol_implied_kalshi,<0.0003944(q0.1),34,0.7352941176470589,-0.01529411764705868,-40.139999999999986,7,29.840713603058294,-0.04488524590163934,-1353.71
vol_implied_kalshi,>=0.000523(q0.2),271,0.6678966789667896,-0.03953874538745383,-1237.6599999999999,13,35.197052109254,-0.05139705882352941,-156.19
vol_implied_kalshi,<0.000523(q0.2),68,0.6764705882352942,-0.05139705882352941,-156.19,10,21.935501791616897,-0.03953874538745383,-1237.6599999999999
vol_implied_kalshi,>=0.0006223(q0.3),237,0.6666666666666666,-0.036265822784810275,-847.94,13,41.814631792470536,-0.05504901960784303,-545.9100000000001
vol_implied_kalshi,<0.0006223(q0.3),102,0.6764705882352942,-0.05504901960784303,-545.9100000000001,13,34.3097917936101,-0.036265822784810275,-847.94
vol_implied_kalshi,>=0.0007144(q0.4),203,0.6798029556650246,-0.02192118226601003,-571.06,13,40.55999297814448,-0.07176470588235284,-822.7899999999998
vol_implied_kalshi,<0.0007144(q0.4),136,0.6544117647058824,-0.07176470588235284,-822.7899999999998,13,33.75891680676087,-0.02192118226601003,-571.06
vol_implied_kalshi,>=0.0007736(q0.5),170,0.6705882352941176,-0.029764705882353026,-555.25,13,42.59734203777104,-0.05414201183431955,-838.5999999999999
vol_implied_kalshi,<0.0007736(q0.5),169,0.6686390532544378,-0.05414201183431955,-838.5999999999999,13,26.54443602898095,-0.029764705882353026,-555.25
vol_implied_kalshi,>=0.0008709(q0.6),136,0.6985294117647058,0.0002941176470587781,-95.21999999999998,13,32.2373202512589,-0.07019704433497542,-1298.63
vol_implied_kalshi,<0.0008709(q0.6),203,0.6502463054187192,-0.07019704433497542,-1298.63,13,29.285415745446397,0.0002941176470587781,-95.21999999999998
vol_implied_kalshi,>=0.000981(q0.7),102,0.7254901960784313,0.03289215686274494,194.27,13,39.344562297326,-0.07411392405063288,-1588.12
vol_implied_kalshi,<0.000981(q0.7),237,0.6455696202531646,-0.07411392405063288,-1588.12,13,27.001314751511963,0.03289215686274494,194.27
vol_implied_kalshi,>=0.00122(q0.8),68,0.8382352941176471,0.13147058823529434,630.0,10,69.72421129099212,-0.08542435424354233,-2023.85
vol_implied_kalshi,<0.00122(q0.8),271,0.6273062730627307,-0.08542435424354233,-2023.85,13,41.41003168754291,0.13147058823529434,630.0
vol_implied_kalshi,>=0.0019(q0.9),34,0.8235294117647058,0.16999999999999993,461.12000000000006,7,70.39106145251398,-0.06554098360655736,-1854.9699999999998
vol_implied_kalshi,<0.0019(q0.9),305,0.6524590163934426,-0.06554098360655736,-1854.9699999999998,13,46.16721970793973,0.16999999999999993,461.12000000000006
vol_ratio,>=0.2078(q0.1),305,0.6557377049180327,-0.06072131147540982,-1749.99,13,45.875412235644816,0.1267647058823529,356.14
vol_ratio,<0.2078(q0.1),34,0.7941176470588235,0.1267647058823529,356.14,7,66.55610680639946,-0.06072131147540982,-1749.99
vol_ratio,>=0.3536(q0.2),271,0.6568265682656826,-0.0549261992619926,-1538.88,13,42.786115325518686,0.00992647058823537,145.03000000000003
vol_ratio,<0.3536(q0.2),68,0.7205882352941176,0.00992647058823537,145.03000000000003,9,55.15570713670991,-0.0549261992619926,-1538.88
vol_ratio,>=0.45(q0.3),237,0.6371308016877637,-0.06440928270042201,-1569.0800000000002,13,44.833879583002876,0.010343137254902213,175.23000000000008
vol_ratio,<0.45(q0.3),102,0.7450980392156863,0.010343137254902213,175.23000000000008,11,52.59984928409948,-0.06440928270042201,-1569.0800000000002
vol_ratio,>=0.5448(q0.4),203,0.6305418719211823,-0.061354679802955725,-1319.1899999999998,13,36.784976854593296,-0.012904411764705914,-74.66000000000005
vol_ratio,<0.5448(q0.4),136,0.7279411764705882,-0.012904411764705914,-74.66000000000005,11,40.73347048942073,-0.061354679802955725,-1319.1899999999998
vol_ratio,>=0.6346(q0.5),170,0.6352941176470588,-0.05235294117647071,-976.6099999999999,12,34.80148184475092,-0.03142011834319525,-417.24000000000007
vol_ratio,<0.6346(q0.5),169,0.7041420118343196,-0.03142011834319525,-417.24000000000007,12,33.265359821076174,-0.05235294117647071,-976.6099999999999
vol_ratio,>=0.7155(q0.6),136,0.6176470588235294,-0.059301470588235206,-921.39,12,34.856008558477775,-0.03027093596059105,-472.46
vol_ratio,<0.7155(q0.6),203,0.7044334975369458,-0.03027093596059105,-472.46,12,29.40447446830371,-0.059301470588235206,-921.39
vol_ratio,>=0.8017(q0.7),102,0.5980392156862745,-0.06348039215686285,-697.18,12,32.61365765581617,-0.03263713080168784,-696.67
vol_ratio,<0.8017(q0.7),237,0.70042194092827,-0.03263713080168784,-696.67,13,33.63136292234152,-0.06348039215686285,-697.18
vol_ratio,>=0.9163(q0.8),68,0.5294117647058824,-0.1013235294117647,-595.47,11,43.29504314167371,-0.02701107011070103,-798.38
vol_ratio,<0.9163(q0.8),271,0.7047970479704797,-0.02701107011070103,-798.38,13,29.85360752875566,-0.1013235294117647,-595.47
vol_ratio,>=1.15(q0.9),34,0.47058823529411764,-0.08235294117647052,-429.91,9,32.24180119225526,-0.0374098360655738,-963.9399999999999
vol_ratio,<1.15(q0.9),305,0.6918032786885245,-0.0374098360655738,-963.9399999999999,13,35.37048516225914,-0.08235294117647052,-429.91
spread,>=0.03(q0.1),301,0.6378737541528239,-0.07330564784053162,-1018.0500000000002,13,22.156370495104355,0.15803571428571417,1370.37
spread,<0.03(q0.1),28,0.7857142857142857,0.15803571428571417,1370.37,12,63.34569073075797,-0.07330564784053162,-1018.0500000000002
spread,>=0.06(q0.2),275,0.6545454545454545,-0.06465454545454541,-1283.0,12,31.880495547377592,0.002592592592592591,1635.3199999999997
spread,<0.06(q0.2),54,0.6296296296296297,0.002592592592592591,1635.3199999999997,13,40.679036683590944,-0.06465454545454541,-1283.0
spread,>=0.09(q0.3),235,0.6978723404255319,-0.029106382978723255,-353.21000000000015,11,22.71053877763011,-0.11489361702127643,705.5300000000001
spread,<0.09(q0.3),94,0.5319148936170213,-0.11489361702127643,705.5300000000001,13,27.230262388903565,-0.029106382978723255,-353.21000000000015
spread,>=0.13(q0.4),202,0.693069306930693,-0.03282178217821785,-285.62,10,27.46544898951316,-0.08669291338582696,637.9400000000002
spread,<0.13(q0.4),127,0.5826771653543307,-0.08669291338582696,637.9400000000002,13,24.167322715436324,-0.03282178217821785,-285.62
spread,>=0.16(q0.5),165,0.6909090909090909,-0.030333333333333323,-165.02,9,43.71072841517338,-0.07704268292682925,517.3399999999998
spread,<0.16(q0.5),164,0.6097560975609756,-0.07704268292682925,517.3399999999998,13,24.738842071315393,-0.030333333333333323,-165.02
spread,>=0.18(q0.6),143,0.6993006993006993,-0.02503496503496494,-76.82999999999991,9,49.66184789440604,-0.07559139784946234,429.1500000000001
spread,<0.18(q0.6),186,0.6129032258064516,-0.07559139784946234,429.1500000000001,13,24.5172397579598,-0.02503496503496494,-76.82999999999991
spread,>=0.21(q0.7),102,0.7156862745098039,-0.017696078431372442,-308.31,7,34.69160686930581,-0.06975770925110114,660.6299999999999
spread,<0.21(q0.7),227,0.6211453744493393,-0.06975770925110114,660.6299999999999,13,26.705510122927436,-0.017696078431372442,-308.31
spread,>=0.24(q0.8),70,0.7714285714285715,0.02821428571428586,50.82,6,24.801587301587304,-0.07573359073359076,301.49999999999955
spread,<0.24(q0.8),259,0.6177606177606177,-0.07573359073359076,301.49999999999955,13,20.86369867955841,0.02821428571428586,50.82
spread,>=0.27(q0.9),41,0.7560975609756098,0.003170731707317076,-74.55999999999995,6,36.25425376762275,-0.061701388888888875,426.88
spread,<0.27(q0.9),288,0.6354166666666666,-0.061701388888888875,426.88,13,22.43462246777164,0.003170731707317076,-74.55999999999995
vol_eff,>=0.0003578(q0.1),325,0.6676923076923077,-0.019553846153846144,428.3599999999999,13,25.533341731443258,-0.17486486486486486,240.24
vol_eff,<0.0003578(q0.1),37,0.5675675675675675,-0.17486486486486486,240.24,9,54.922855205154285,-0.019553846153846144,428.3599999999999
vol_eff,>=0.0004462(q0.2),289,0.6608996539792388,-0.019515570934255932,505.41999999999973,13,25.0005409030918,-0.09842465753424656,163.17999999999998
vol_eff,<0.0004462(q0.2),73,0.6438356164383562,-0.09842465753424656,163.17999999999998,10,48.32105094520986,-0.019515570934255932,505.41999999999973
vol_eff,>=0.0005174(q0.3),253,0.6561264822134387,-0.018359683794466508,684.7199999999997,13,27.40874060448447,-0.07504587155963305,-16.12000000000016
vol_eff,<0.0005174(q0.3),109,0.6605504587155964,-0.07504587155963305,-16.12000000000016,13,41.707472707347854,-0.018359683794466508,684.7199999999997
vol_eff,>=0.0006041(q0.4),217,0.663594470046083,-0.002788018433179773,1136.85,13,33.60435831172939,-0.08427586206896553,-468.25000000000017
vol_eff,<0.0006041(q0.4),145,0.6482758620689655,-0.08427586206896553,-468.25000000000017,13,31.915752641141243,-0.002788018433179773,1136.85
vol_eff,>=0.0006649(q0.5),181,0.6464088397790055,-0.012651933701657403,173.84000000000006,13,39.11806620171441,-0.058204419889502756,494.75999999999976
vol_eff,<0.0006649(q0.5),181,0.6685082872928176,-0.058204419889502756,494.75999999999976,13,35.26627218934911,-0.012651933701657403,173.84000000000006
vol_eff,>=0.0007397(q0.6),145,0.6275862068965518,-0.014172413793103411,95.66000000000014,13,40.49442306437937,-0.04963133640552997,572.9399999999996
vol_eff,<0.0007397(q0.6),217,0.6774193548387096,-0.04963133640552997,572.9399999999996,13,31.847645270464053,-0.014172413793103411,95.66000000000014
vol_eff,>=0.0008517(q0.7),109,0.6788990825688074,0.0266972477064219,514.23,13,36.11404675917126,-0.062193675889328115,154.36999999999978
vol_eff,<0.0008517(q0.7),253,0.6482213438735178,-0.062193675889328115,154.36999999999978,13,22.212541747049176,0.0266972477064219,514.23
vol_eff,>=0.001004(q0.8),73,0.7123287671232876,0.08589041095890415,775.94,12,32.05729716682256,-0.06607266435986159,-107.34000000000026
vol_eff,<0.001004(q0.8),289,0.643598615916955,-0.06607266435986159,-107.34000000000026,13,25.962917434951855,0.08589041095890415,775.94
vol_eff,>=0.001327(q0.9),37,0.8108108108108109,0.19500000000000006,924.3200000000002,7,47.34160549714142,-0.061661538461538434,-255.72000000000003
vol_eff,<0.001327(q0.9),325,0.64,-0.061661538461538434,-255.72000000000003,13,27.47867642610852,0.19500000000000006,924.3200000000002
structure_bias,==-1.0,86,0.5930232558139535,-0.08005813953488361,-623.38,13,34.77124932431326,-0.02152173913043476,1291.9799999999996
structure_bias,==0.0,147,0.673469387755102,-0.01989795918367343,1800.3599999999997,13,47.747286799360076,-0.04604651162790707,-1131.76
structure_bias,==1.0,129,0.6821705426356589,-0.023372093023255824,-508.38,12,44.988835019815326,-0.042103004291845436,1176.98
confirmation_bias,==-1.0,217,0.6774193548387096,-0.01735023041474648,-430.82000000000016,13,33.79329876693826,-0.06248275862068964,1099.42
confirmation_bias,==0.0,96,0.65625,-0.04192708333333339,1059.5599999999997,12,40.62101758633872,-0.03308270676691716,-390.96000000000004
confirmation_bias,==1.0,49,0.5714285714285714,-0.10275510204081628,39.859999999999985,12,42.84598734142532,-0.024888178913738068,628.7400000000002
confirmation_score,==0.0,217,0.6774193548387096,-0.01735023041474648,-430.82000000000016,13,33.79329876693826,-0.06248275862068964,1099.42
confirmation_score,==1.0,96,0.65625,-0.04192708333333339,1059.5599999999997,12,40.62101758633872,-0.03308270676691716,-390.96000000000004
confirmation_score,==2.0,39,0.5384615384615384,-0.15217948717948726,-7.520000000000007,11,40.938528696149994,-0.021331269349845194,676.12
confirmation_score,==3.0,10,0.7,0.08999999999999997,47.379999999999995,6,37.95224312590448,-0.03899147727272734,621.22
no_score,==1.0,155,0.6,-0.07603225806451608,592.25,13,44.39708340675617,-0.00502415458937211,76.3500000000002
no_score,==0.0,114,0.6929824561403509,-0.027324561403508807,148.19000000000017,12,43.482754822803784,-0.03915322580645153,520.4099999999997
no_score,==2.0,41,0.7560975609756098,0.028170731707317098,22.380000000000003,11,40.214297137374054,-0.043551401869158846,646.2199999999997
no_score,==3.0,29,0.6551724137931034,-0.04879310344827603,-247.28000000000003,6,34.31066749844043,-0.03426426426426432,915.8799999999998
obi_score,==0.0,258,0.6550387596899225,-0.04658914728682173,-610.79,13,33.91885935354139,-0.007740384615384732,1279.3899999999999
obi_score,==-1.0,16,0.6875,-0.07000000000000006,-62.94,8,27.66112098207075,-0.03382947976878614,731.5399999999998
obi_score,==1.0,70,0.6428571428571429,-0.042071428571428315,1120.77,12,73.72827976187656,-0.0338356164383562,-452.16999999999996
obi_raw,>=-0.06893(q0.1),309,0.6472491909385113,-0.04923948220064722,545.54,13,23.65247294566992,-0.02485714285714291,-98.49999999999997
obi_raw,<-0.06893(q0.1),35,0.7142857142857143,-0.02485714285714291,-98.49999999999997,8,44.880437096430846,-0.04923948220064722,545.54
obi_raw,>=-0.0325(q0.2),275,0.6509090909090909,-0.04380000000000006,282.65999999999974,13,34.540598773523776,-0.05855072463768107,164.38000000000005
obi_raw,<-0.0325(q0.2),69,0.6666666666666666,-0.05855072463768107,164.38000000000005,9,49.94329304291085,-0.04380000000000006,282.65999999999974
obi_raw,>=-0.00901(q0.3),241,0.6431535269709544,-0.05358921161825714,262.7199999999997,13,36.632634515239396,-0.030776699029126164,184.32
obi_raw,<-0.00901(q0.3),103,0.6796116504854369,-0.030776699029126164,184.32,10,44.41942790489495,-0.05358921161825714,262.7199999999997
obi_raw,>=0.013(q0.4),206,0.6456310679611651,-0.053713592233009644,498.63,13,43.70782485098259,-0.03637681159420292,-51.59000000000003
obi_raw,<0.013(q0.4),138,0.6666666666666666,-0.03637681159420292,-51.59000000000003,13,37.52414360806383,-0.053713592233009644,498.63
obi_raw,>=0.0339(q0.5),172,0.627906976744186,-0.06950581395348843,495.30999999999995,13,47.45726663159191,-0.024011627906976862,-48.27
obi_raw,<0.0339(q0.5),172,0.6802325581395349,-0.024011627906976862,-48.27,13,37.82956897327455,-0.06950581395348843,495.30999999999995
obi_raw,>=0.05678(q0.6),138,0.6304347826086957,-0.06503623188405794,701.8899999999999,13,51.79454388758932,-0.034514563106796126,-254.8500000000001
obi_raw,<0.05678(q0.6),206,0.6699029126213593,-0.034514563106796126,-254.8500000000001,13,40.24471059819942,-0.06503623188405794,701.8899999999999
obi_raw,>=0.07967(q0.7),103,0.6504854368932039,-0.04398058252427206,1032.3499999999997,13,64.3050269787358,-0.04794605809128638,-585.3100000000001
obi_raw,<0.07967(q0.7),241,0.6556016597510373,-0.04794605809128638,-585.3100000000001,13,44.79869192396183,-0.04398058252427206,1032.3499999999997
obi_raw,>=0.1008(q0.8),69,0.6521739130434783,-0.034420289855072284,1149.8799999999994,12,72.7256589212471,-0.049854545454545374,-702.8399999999999
obi_raw,<0.1008(q0.8),275,0.6545454545454545,-0.049854545454545374,-702.8399999999999,13,37.61750649155157,-0.034420289855072284,1149.8799999999994
obi_raw,>=0.1436(q0.9),35,0.6285714285714286,-0.06514285714285717,-260.95000000000005,9,27.81984766530522,-0.04467637540453073,707.9899999999998
obi_raw,<0.1436(q0.9),309,0.656957928802589,-0.04467637540453073,707.9899999999998,13,21.477345949428948,-0.06514285714285717,-260.95000000000005
obi_exchanges,==2.0,343,0.6530612244897959,-0.04727405247813421,439.5699999999995,13,21.123407223745016,0.17842105263157892,229.03
vpin_score,==-1.0,21,0.38095238095238093,-0.17547619047619056,83.52000000000007,9,43.873459520018876,-0.026803519061583736,585.0799999999996
vpin_score,==0.0,288,0.6666666666666666,-0.0436805555555555,377.02,13,22.732633234121415,-0.0033108108108107492,291.57999999999987
vpin_score,==1.0,35,0.7142857142857143,0.005142857142857116,-13.5,9,28.553852463218327,-0.039770642201834905,682.0999999999999
vpin_raw,>=0.09178(q0.1),309,0.6537216828478964,-0.0478802588996764,-952.6399999999998,13,18.126575695567137,-0.03685714285714281,1399.68
vpin_raw,<0.09178(q0.1),35,0.6571428571428571,-0.03685714285714281,1399.68,7,50.10902697704154,-0.0478802588996764,-952.6399999999998
vpin_raw,>=0.2235(q0.2),275,0.6509090909090909,-0.051145454545454605,-996.0800000000002,13,26.623078044568054,-0.029275362318840426,1443.12
vpin_raw,<0.2235(q0.2),69,0.6666666666666666,-0.029275362318840426,1443.12,11,51.23119694186566,-0.051145454545454605,-996.0800000000002
vpin_raw,>=0.3271(q0.3),241,0.6390041493775933,-0.055829875518672134,-920.0099999999999,13,22.480110421961175,-0.025533980582524207,1367.0499999999995
vpin_raw,<0.3271(q0.3),103,0.6893203883495146,-0.025533980582524207,1367.0499999999995,12,45.41827808105083,-0.055829875518672134,-920.0099999999999
vpin_raw,>=0.4046(q0.4),206,0.6407766990291263,-0.049223300970873796,-689.6599999999999,13,24.381472957422325,-0.04307971014492751,1136.6999999999998
vpin_raw,<0.4046(q0.4),138,0.6739130434782609,-0.04307971014492751,1136.6999999999998,12,38.44457219282707,-0.049223300970873796,-689.6599999999999
vpin_raw,>=0.4578(q0.5),172,0.622093023255814,-0.0614244186046512,-816.26,13,24.86463884794194,-0.03209302325581398,1263.3
vpin_raw,<0.4578(q0.5),172,0.686046511627907,-0.03209302325581398,1263.3,13,34.1472303206997,-0.0614244186046512,-816.26
vpin_raw,>=0.5504(q0.6),138,0.5942028985507246,-0.08420289855072471,-751.43,13,21.733621067020955,-0.021674757281553436,1198.47
vpin_raw,<0.5504(q0.6),206,0.6941747572815534,-0.021674757281553436,1198.47,13,29.890949441981256,-0.08420289855072471,-751.43
vpin_raw,>=0.6639(q0.7),103,0.5631067961165048,-0.11286407766990303,-618.0699999999998,12,26.361138279539848,-0.01850622406639002,1065.11
vpin_raw,<0.6639(q0.7),241,0.6929460580912863,-0.01850622406639002,1065.11,13,28.15906934082849,-0.11286407766990303,-618.0699999999998
vpin_raw,>=0.7651(q0.8),69,0.5797101449275363,-0.0748550724637681,-104.85999999999981,11,28.73331563322151,-0.039709090909090916,551.8999999999999
vpin_raw,<0.7651(q0.8),275,0.6727272727272727,-0.039709090909090916,551.8999999999999,13,22.9930838866531,-0.0748550724637681,-104.85999999999981
vpin_raw,>=0.8842(q0.9),35,0.6285714285714286,-0.013285714285714345,336.79999999999995,9,47.71886029095292,-0.05055016181229777,110.23999999999978
vpin_raw,<0.8842(q0.9),309,0.656957928802589,-0.05055016181229777,110.23999999999978,13,23.880475336408892,-0.013285714285714345,336.79999999999995
funding_bias,==0.0,160,0.725,0.0010937500000000044,1426.4899999999998,12,45.58865492361278,-0.06435643564356441,-757.8899999999999
funding_bias,==-1.0,170,0.5882352941176471,-0.09267647058823536,-916.5500000000001,13,28.673800818066375,0.015260416666666665,1585.1499999999996
funding_bias,==1.0,14,0.6428571428571429,-0.03607142857142853,-62.900000000000006,5,39.64381420276909,-0.035402298850574665,731.4999999999999
avg_funding_rate,>=-1.263e-05(q0.1),309,0.6375404530744336,-0.06242718446601947,286.1299999999999,13,22.551576026161207,0.09157142857142853,160.91
avg_funding_rate,<-1.263e-05(q0.1),35,0.8,0.09157142857142853,160.91,11,22.5328599308707,-0.06242718446601947,286.1299999999999
avg_funding_rate,>=8.752e-06(q0.2),275,0.6363636363636364,-0.0626363636363636,-1092.0700000000002,13,21.709841900736613,0.016521739130434976,1539.1099999999997
avg_funding_rate,<8.752e-06(q0.2),69,0.7246376811594203,0.016521739130434976,1539.1099999999997,12,49.658639799484874,-0.0626363636363636,-1092.0700000000002
avg_funding_rate,>=2.474e-05(q0.3),241,0.6265560165975104,-0.06927385892116178,-1090.98,13,25.4214153059257,0.005922330097087425,1538.0199999999995
avg_funding_rate,<2.474e-05(q0.3),103,0.7184466019417476,0.005922330097087425,1538.0199999999995,12,50.65341643450038,-0.06927385892116178,-1090.98
avg_funding_rate,>=3.718e-05(q0.4),206,0.6067961165048543,-0.08271844660194194,-1063.87,13,22.950871783460748,0.006920289855072537,1510.9099999999996
avg_funding_rate,<3.718e-05(q0.4),138,0.7246376811594203,0.006920289855072537,1510.9099999999996,12,48.40805814177237,-0.08271844660194194,-1063.87
avg_funding_rate,>=4.929e-05(q0.5),172,0.5930232558139535,-0.08898255813953482,-871.52,13,28.08683259785231,-0.0045348837209301385,1318.5599999999997
avg_funding_rate,<4.929e-05(q0.5),172,0.7151162790697675,-0.0045348837209301385,1318.5599999999997,12,44.6097115606219,-0.08898255813953482,-871.52
avg_funding_rate,>=6.363e-05(q0.6),138,0.5942028985507246,-0.08445652173913043,-723.2200000000001,12,40.522577371892446,-0.021504854368932014,1170.2599999999998
avg_funding_rate,<6.363e-05(q0.6),206,0.6941747572815534,-0.021504854368932014,1170.2599999999998,13,37.212885154061624,-0.08445652173913043,-723.2200000000001
avg_funding_rate,>=7.813e-05(q0.7),103,0.6213592233009708,-0.07004854368932045,-830.4499999999999,12,62.29185602216673,-0.0368049792531121,1277.4899999999998
avg_funding_rate,<7.813e-05(q0.7),241,0.6680497925311203,-0.0368049792531121,1277.4899999999998,13,41.894451243984065,-0.07004854368932045,-830.4499999999999
avg_funding_rate,>=9.256e-05(q0.8),69,0.6086956521739131,-0.08659420289855058,-603.4,11,68.1206370857739,-0.03676363636363633,1050.44
avg_funding_rate,<9.256e-05(q0.8),275,0.6654545454545454,-0.03676363636363633,1050.44,13,39.59544977069509,-0.08659420289855058,-603.4
avg_funding_rate,>=0.0001(q0.9),49,0.6530612244897959,-0.023265306122448925,-295.28000000000003,9,50.88254701418673,-0.05066101694915248,742.3199999999997
avg_funding_rate,<0.0001(q0.9),295,0.6542372881355932,-0.05066101694915248,742.3199999999997,13,29.497471949277543,-0.023265306122448925,-295.28000000000003
vol_score,==0.0,241,0.6680497925311203,-0.04475103734439834,-605.5300000000001,13,19.336995700371023,-0.016859504132231473,1274.1299999999999
vol_score,==1.0,53,0.6981132075471698,0.01905660377358509,1532.9099999999992,11,41.769538695261126,-0.0447734627831714,-864.3100000000001
vol_score,==-1.0,50,0.54,-0.12619999999999998,-480.3399999999999,10,29.568322893342025,-0.020881410256410216,1148.94
vwap_score,==0.0,246,0.6422764227642277,-0.05388211382113817,948.2200000000001,13,34.4135591157363,0.0037068965517240704,-279.62
vwap_score,==1.0,58,0.7068965517241379,-0.01715517241379305,-301.23,11,39.975770424774744,-0.03891447368421053,969.8300000000002
vwap_score,==-1.0,40,0.65,-0.045875,-199.94999999999996,10,23.597979170782647,-0.03413043478260869,868.5499999999998
vwap_signal,==0.0,246,0.6422764227642277,-0.05388211382113817,948.2200000000001,13,34.4135591157363,0.0037068965517240704,-279.62
vwap_signal,==-1.0,58,0.7068965517241379,-0.01715517241379305,-301.23,11,39.975770424774744,-0.03891447368421053,969.8300000000002
vwap_signal,==1.0,40,0.65,-0.045875,-199.94999999999996,10,23.597979170782647,-0.03413043478260869,868.5499999999998
vwap_total,==0.0,112,0.5446428571428571,-0.1411607142857142,-1201.5500000000002,12,31.1885759716234,0.011940000000000062,1870.15
vwap_total,==-1.0,79,0.6962025316455697,-0.013101265822784702,-48.40000000000003,13,25.072237765445127,-0.04166077738515883,717.0
vwap_total,==1.0,55,0.7636363636363637,0.06527272727272726,2198.17,11,62.951638140057085,-0.0534690553745929,-1529.5700000000002
vwap_total,==-2.0,58,0.7068965517241379,-0.01715517241379305,-301.23,11,39.975770424774744,-0.03891447368421053,969.8300000000002
vwap_total,==2.0,40,0.65,-0.045875,-199.94999999999996,10,23.597979170782647,-0.03413043478260869,868.5499999999998
vwap_stretch_score,==-1.0,76,0.6973684210526315,-0.016776315789473695,-83.02000000000001,13,21.97492537313433,-0.04038461538461535,751.6199999999997
vwap_stretch_score,==-2.0,63,0.7142857142857143,0.0016666666666668162,-206.89999999999995,12,34.97906397413474,-0.043244147157190604,875.5
vwap_stretch_score,==1.0,52,0.7692307692307693,0.06423076923076931,2201.87,11,63.04450974684907,-0.05214516129032254,-1533.27
vwap_stretch_score,==0.0,113,0.5398230088495575,-0.14530973451327422,-1264.96,12,32.44684235306094,0.014437751004016008,1933.56
vwap_stretch_score,==2.0,40,0.65,-0.045875,-199.94999999999996,10,23.597979170782647,-0.03413043478260869,868.5499999999998
vwap_distance_pct,>=-0.815(q0.1),298,0.6610738255033557,-0.040704697986577165,772.0699999999998,13,27.07815434632184,-0.1279411764705881,-307.94
vwap_distance_pct,<-0.815(q0.1),34,0.5882352941176471,-0.1279411764705881,-307.94,10,31.71404682274247,-0.040704697986577165,772.0699999999998
vwap_distance_pct,>=-0.4657(q0.2),265,0.6566037735849056,-0.051037735849056576,344.68000000000006,13,21.381788366933545,-0.04410447761194025,119.44999999999993
vwap_distance_pct,<-0.4657(q0.2),67,0.6417910447761194,-0.04410447761194025,119.44999999999993,12,52.36684370775932,-0.051037735849056576,344.68000000000006
vwap_distance_pct,>=-0.2532(q0.3),232,0.646551724137931,-0.06318965517241382,-1295.21,13,29.41365027163166,-0.018200000000000216,1759.3400000000001
vwap_distance_pct,<-0.2532(q0.3),100,0.67,-0.018200000000000216,1759.3400000000001,12,60.54566440366806,-0.06318965517241382,-1295.21
vwap_distance_pct,>=-0.06178(q0.4),199,0.6582914572864321,-0.055201005025125705,-1041.1399999999999,13,28.219134702925224,-0.041315789473684195,1505.2699999999995
vwap_distance_pct,<-0.06178(q0.4),133,0.6466165413533834,-0.041315789473684195,1505.2699999999995,12,55.82526310876719,-0.055201005025125705,-1041.1399999999999
vwap_distance_pct,>=0.1346(q0.5),166,0.6927710843373494,-0.016144578313253,-480.74,13,27.470941233713575,-0.08313253012048183,944.8699999999997
vwap_distance_pct,<0.1346(q0.5),166,0.6144578313253012,-0.08313253012048183,944.8699999999997,13,55.76263935127586,-0.016144578313253,-480.74
vwap_distance_pct,>=0.314(q0.6),133,0.6541353383458647,-0.04406015037593969,-633.63,13,29.722492542344852,-0.053366834170854194,1097.7600000000002
vwap_distance_pct,<0.314(q0.6),199,0.6532663316582915,-0.053366834170854194,1097.7600000000002,13,47.41933524782883,-0.04406015037593969,-633.63
vwap_distance_pct,>=0.4935(q0.7),101,0.6633663366336634,-0.0387623762376238,-506.79999999999995,13,34.21581061086451,-0.05439393939393944,970.9300000000001
vwap_distance_pct,<0.4935(q0.7),231,0.6493506493506493,-0.05439393939393944,970.9300000000001,13,41.33148458117721,-0.0387623762376238,-506.79999999999995
vwap_distance_pct,>=0.799(q0.8),67,0.6716417910447762,-0.03238805970149239,-300.85999999999996,13,30.832011355097272,-0.05400000000000005,764.9899999999998
vwap_distance_pct,<0.799(q0.8),265,0.6490566037735849,-0.05400000000000005,764.9899999999998,13,36.14761334876693,-0.03238805970149239,-300.85999999999996
vwap_distance_pct,>=1.256(q0.9),34,0.6176470588235294,-0.0727941176470589,-253.57,8,46.358881272540536,-0.046996644295301926,717.6999999999999
vwap_distance_pct,<1.256(q0.9),298,0.6577181208053692,-0.046996644295301926,717.6999999999999,13,29.588463703682315,-0.0727941176470589,-253.57
bearish_rejection,==False,344,0.6540697674418605,-0.04675872093023248,447.0399999999995,13,21.06375417744106,0.1811111111111111,221.56
bullish_rejection,==False,344,0.6540697674418605,-0.04675872093023248,447.0399999999995,13,21.06375417744106,0.1811111111111111,221.56
ema_stretch_score,==-1.0,121,0.7024793388429752,-0.012107438016528915,924.9799999999996,13,41.01490241722611,-0.0471369294605809,-256.37999999999994
ema_stretch_score,==0.0,94,0.7340425531914894,-0.00936170212765941,-144.29,13,24.731740862321754,-0.04457089552238802,812.89
ema_stretch_score,==1.0,129,0.5503875968992248,-0.10651162790697677,-333.6500000000001,12,27.755958882356126,0.00392703862660948,1002.2499999999999
stoch_bias,==-1.0,106,0.7169811320754716,0.012122641509433874,960.69,11,46.35320792646225,-0.05511718750000005,-292.0899999999999
stoch_bias,==0.0,176,0.6590909090909091,-0.03522727272727266,-620.8299999999999,13,26.76692710457207,-0.0356182795698925,1289.4299999999998
stoch_bias,==1.0,80,0.575,-0.09887500000000005,328.73999999999995,12,40.57927412958456,-0.01742907801418425,339.8599999999999
stoch_k,>=8.226(q0.1),325,0.6676923076923077,-0.029138461538461558,-35.00000000000034,13,28.685980098849267,-0.09067567567567558,703.6
stoch_k,<8.226(q0.1),37,0.5675675675675675,-0.09067567567567558,703.6,11,46.078543435662965,-0.029138461538461558,-35.00000000000034
stoch_k,>=20.35(q0.2),289,0.6885813148788927,-0.009463667820069244,439.86,13,30.57665650124758,-0.13821917808219175,228.7399999999998
stoch_k,<20.35(q0.2),73,0.5342465753424658,-0.13821917808219175,228.7399999999998,12,35.17122294572009,-0.009463667820069244,439.86
stoch_k,>=30.18(q0.3),253,0.7035573122529645,-0.00021739130434783593,643.1699999999998,13,27.76711113465129,-0.11715596330275235,25.43000000000011
stoch_k,<30.18(q0.3),109,0.5504587155963303,-0.11715596330275235,25.43000000000011,12,40.49166790183581,-0.00021739130434783593,643.1699999999998
stoch_k,>=41.28(q0.4),217,0.7142857142857143,0.008387096774193581,818.1500000000001,13,23.782103259432056,-0.10100000000000009,-149.54999999999995
stoch_k,<41.28(q0.4),145,0.5724137931034483,-0.10100000000000009,-149.54999999999995,12,41.83897494740868,0.008387096774193581,818.1500000000001
stoch_k,>=53.7(q0.5),182,0.7252747252747253,0.016813186813186665,1065.31,13,29.448797523530118,-0.08824999999999994,-396.7099999999999
stoch_k,<53.7(q0.5),180,0.5888888888888889,-0.08824999999999994,-396.7099999999999,12,31.23177594393645,0.016813186813186665,1065.31
stoch_k,>=67.35(q0.6),145,0.7310344827586207,0.02589655172413796,1200.8200000000002,12,35.58133097109953,-0.07640552995391703,-532.22
stoch_k,<67.35(q0.6),217,0.6082949308755761,-0.07640552995391703,-532.22,13,23.159224829828307,0.02589655172413796,1200.8200000000002
stoch_k,>=77.05(q0.7),109,0.7339449541284404,0.021926605504587027,1074.03,11,48.548912889418034,-0.060138339920948525,-405.42999999999984
stoch_k,<77.05(q0.7),253,0.6245059288537549,-0.060138339920948525,-405.42999999999984,13,22.119273297912013,0.021926605504587027,1074.03
stoch_k,>=85.13(q0.8),73,0.6986301369863014,-0.0073972602739725835,-163.17000000000002,11,23.944365109772093,-0.04250865051903108,831.7700000000002
stoch_k,<85.13(q0.8),289,0.6470588235294118,-0.04250865051903108,831.7700000000002,13,25.449210160692115,-0.0073972602739725835,-163.17000000000002
stoch_k,>=94.81(q0.9),37,0.6216216216216216,-0.08675675675675676,-314.35,10,32.195428225937725,-0.02958461538461532,982.95
stoch_k,<94.81(q0.9),325,0.6615384615384615,-0.02958461538461532,982.95,13,24.120390436727405,-0.08675675675675676,-314.35
stoch_d,>=12.78(q0.1),309,0.6537216828478964,-0.049012944983818696,2.939999999999827,13,27.422768812428057,-0.0268571428571428,444.1
stoch_d,<12.78(q0.1),35,0.6571428571428571,-0.0268571428571428,444.1,11,60.94950603732163,-0.049012944983818696,2.939999999999827
stoch_d,>=20.61(q0.2),275,0.6909090909090909,-0.01839999999999986,714.3599999999998,13,32.88335423472933,-0.15978260869565208,-267.3200000000001
stoch_d,<20.61(q0.2),69,0.5072463768115942,-0.15978260869565208,-267.3200000000001,12,40.694536779946034,-0.01839999999999986,714.3599999999998
stoch_d,>=28.51(q0.3),241,0.7012448132780082,-0.005912863070539509,900.4999999999999,13,33.08001968424534,-0.14233009708737887,-453.46000000000004
stoch_d,<28.51(q0.3),103,0.5436893203883495,-0.14233009708737887,-453.46000000000004,12,35.68480345740161,-0.005912863070539509,900.4999999999999
stoch_d,>=40.32(q0.4),206,0.6990291262135923,-0.01468446601941753,869.8699999999998,13,33.74039663049348,-0.09463768115942028,-422.83
stoch_d,<40.32(q0.4),138,0.5869565217391305,-0.09463768115942028,-422.83,12,36.68162687948588,-0.01468446601941753,869.8699999999998
stoch_d,>=53.91(q0.5),172,0.7093023255813954,-0.005465116279069759,229.04,13,30.966062940008428,-0.08805232558139542,217.9999999999999
stoch_d,<53.91(q0.5),172,0.5988372093023255,-0.08805232558139542,217.9999999999999,13,28.62403441011236,-0.005465116279069759,229.04
stoch_d,>=64.79(q0.6),138,0.717391304347826,-0.010507246376811552,-175.59000000000003,13,38.012420538614386,-0.0710436893203884,622.6299999999998
stoch_d,<64.79(q0.6),206,0.6116504854368932,-0.0710436893203884,622.6299999999998,13,37.59178552331291,-0.010507246376811552,-175.59000000000003
stoch_d,>=75.33(q0.7),103,0.7378640776699029,0.018058252427184285,-10.650000000000034,12,24.110948353258042,-0.074460580912863,457.68999999999994
stoch_d,<75.33(q0.7),241,0.6182572614107884,-0.074460580912863,457.68999999999994,13,32.38487084723734,0.018058252427184285,-10.650000000000034
stoch_d,>=82.24(q0.8),69,0.7681159420289855,0.04355072463768106,120.42000000000002,12,31.606995191571468,-0.06941818181818182,326.6200000000001
stoch_d,<82.24(q0.8),275,0.6254545454545455,-0.06941818181818182,326.6200000000001,13,23.957358612668234,0.04355072463768106,120.42000000000002
stoch_d,>=89.76(q0.9),35,0.8,0.07085714285714284,142.29999999999998,9,39.716769355686104,-0.0600809061488673,304.74
stoch_d,<89.76(q0.9),309,0.6375404530744336,-0.0600809061488673,304.74,13,24.272206917904462,0.07085714285714284,142.29999999999998
stoch_crossover_active,==False,243,0.6460905349794238,-0.05730452674897124,-681.45,13,25.866681746051384,0.009243697478991342,1350.05
stoch_crossover_active,==True,101,0.6732673267326733,-0.021386138613861405,1128.4899999999998,12,75.41052656210695,-0.04086206896551714,-459.8900000000001
ema_stack_bias,==1.0,106,0.7264150943396226,0.005471698113207468,-106.18,13,27.943591293038892,-0.052363281250000115,774.7799999999995
ema_stack_bias,==0.0,152,0.5921052631578947,-0.09911184210526314,276.05999999999995,13,54.47019528288354,0.010666666666666602,392.5400000000002
ema_stack_bias,==-1.0,86,0.6744186046511628,-0.018604651162790753,277.1599999999999,10,49.1438158998569,-0.04067028985507248,391.44000000000005
ema_alignment,==bearish,192,0.7239583333333334,0.0304947916666668,1894.6999999999998,12,34.01689005850562,-0.10988235294117643,-1226.1
ema_alignment,==neutral,62,0.5483870967741935,-0.13612903225806428,-160.79,10,40.49603014088088,-0.014616666666666611,829.3899999999998
ema_alignment,==bullish,108,0.6018518518518519,-0.09481481481481502,-1065.31,10,51.059167801875425,-0.010177165354330664,1733.9099999999996
z_shift,==0.0,344,0.6540697674418605,-0.04675872093023248,447.0399999999995,13,21.06375417744106,0.1811111111111111,221.56
direction_strength,==0.0,344,0.6540697674418605,-0.04675872093023248,447.0399999999995,13,21.06375417744106,0.1811111111111111,221.56
raw_edge,>=0.04535(q0.1),325,0.6553846153846153,-0.03466153846153841,750.74,13,23.499725280315825,-0.04216216216216229,-82.13999999999997
raw_edge,<0.04535(q0.1),37,0.6756756756756757,-0.04216216216216229,-82.13999999999997,12,48.48517327617006,-0.03466153846153841,750.74
raw_edge,>=0.05632(q0.2),289,0.6608996539792388,-0.03325259515570933,977.2799999999999,13,30.10219131209974,-0.04404109589041094,-308.68000000000006
raw_edge,<0.05632(q0.2),73,0.6438356164383562,-0.04404109589041094,-308.68000000000006,13,47.78336198915488,-0.03325259515570933,977.2799999999999
raw_edge,>=0.07016(q0.3),253,0.6640316205533597,-0.0328656126482213,992.46,13,36.38820306422701,-0.04137614678899093,-323.86
raw_edge,<0.07016(q0.3),109,0.6422018348623854,-0.04137614678899093,-323.86,13,46.69451245859139,-0.0328656126482213,992.46
raw_edge,>=0.08586(q0.4),217,0.6728110599078341,-0.03428571428571425,1170.5399999999997,13,44.44269867705747,-0.037137931034482596,-501.94
raw_edge,<0.08586(q0.4),145,0.6344827586206897,-0.037137931034482596,-501.94,13,32.41569672269951,-0.03428571428571425,1170.5399999999997
raw_edge,>=0.1(q0.5),188,0.6968085106382979,-0.02122340425531921,1424.6599999999999,13,49.128733022818885,-0.05077586206896556,-756.06
raw_edge,<0.1(q0.5),174,0.6149425287356322,-0.05077586206896556,-756.06,13,35.78268536745407,-0.02122340425531921,1424.6599999999999
raw_edge,>=0.11(q0.6),150,0.7066666666666667,0.012466666666666737,1883.2899999999997,11,53.765073322532274,-0.06931603773584916,-1214.69
raw_edge,<0.11(q0.6),212,0.6226415094339622,-0.06931603773584916,-1214.69,13,39.52819988777526,0.012466666666666737,1883.2899999999997
raw_edge,>=0.1208(q0.7),109,0.6697247706422018,0.016467889908256983,1832.6099999999997,10,55.84259414533987,-0.05778656126482218,-1164.01
raw_edge,<0.1208(q0.7),253,0.6521739130434783,-0.05778656126482218,-1164.01,13,36.04990921946584,0.016467889908256983,1832.6099999999997
raw_edge,>=0.1388(q0.8),73,0.6027397260273972,-0.015136986301370059,1726.6599999999999,10,63.23065512514786,-0.0405536332179931,-1058.06
raw_edge,<0.1388(q0.8),289,0.671280276816609,-0.0405536332179931,-1058.06,13,32.32833426110875,-0.015136986301370059,1726.6599999999999
raw_edge,>=0.1808(q0.9),37,0.6216216216216216,0.06067567567567567,2066.9999999999995,7,66.79372404245501,-0.04636923076923072,-1398.4
raw_edge,<0.1808(q0.9),325,0.6615384615384615,-0.04636923076923072,-1398.4,13,33.313500527627475,0.06067567567567567,2066.9999999999995
net_edge,>=0.01843(q0.1),325,0.6646153846153846,-0.029123076923076918,895.9799999999998,13,26.87301299788261,-0.09081081081081088,-227.38
net_edge,<0.01843(q0.1),37,0.5945945945945946,-0.09081081081081088,-227.38,10,68.05474534440206,-0.029123076923076918,895.9799999999998
net_edge,>=0.02753(q0.2),289,0.6678200692041523,-0.029723183391003438,960.7999999999997,13,31.028477833322164,-0.058013698630136834,-292.20000000000005
net_edge,<0.02753(q0.2),73,0.6164383561643836,-0.058013698630136834,-292.20000000000005,13,48.60807171113542,-0.029723183391003438,960.7999999999997
net_edge,>=0.04087(q0.3),253,0.6679841897233202,-0.032905138339920925,978.4999999999999,13,36.872570993810534,-0.04128440366972508,-309.9
net_edge,<0.04087(q0.3),109,0.6330275229357798,-0.04128440366972508,-309.9,13,44.72341012553456,-0.032905138339920925,978.4999999999999
net_edge,>=0.05735(q0.4),217,0.6728110599078341,-0.037949308755760414,1059.1899999999996,13,47.098001506882966,-0.03165517241379312,-390.59000000000003
net_edge,<0.05735(q0.4),145,0.6344827586206897,-0.03165517241379312,-390.59000000000003,13,32.139399264611235,-0.037949308755760414,1059.1899999999996
net_edge,>=0.08171(q0.5),181,0.712707182320442,-0.007596685082872923,1737.2199999999998,12,55.86616535338585,-0.06325966850828735,-1068.62
net_edge,<0.08171(q0.5),181,0.6022099447513812,-0.06325966850828735,-1068.62,13,36.390668481417585,-0.007596685082872923,1737.2199999999998
net_edge,>=0.08903(q0.6),145,0.7172413793103448,0.020310344827586202,1963.76,11,56.3190297216906,-0.07267281105990786,-1295.16
net_edge,<0.08903(q0.6),217,0.6175115207373272,-0.07267281105990786,-1295.16,13,39.225195191045394,0.020310344827586202,1963.76
net_edge,>=0.09932(q0.7),109,0.6788990825688074,0.01128440366972494,1803.27,10,59.58479255123682,-0.05555335968379449,-1134.67
net_edge,<0.09932(q0.7),253,0.6482213438735178,-0.05555335968379449,-1134.67,13,33.370570189357885,0.01128440366972494,1803.27
net_edge,>=0.1156(q0.8),73,0.6301369863013698,-0.009178082191780845,1764.3899999999996,10,62.76809756578389,-0.042058823529411704,-1095.7899999999997
net_edge,<0.1156(q0.8),289,0.6643598615916955,-0.042058823529411704,-1095.7899999999997,13,34.4484500095943,-0.009178082191780845,1764.3899999999996
net_edge,>=0.1585(q0.9),37,0.5945945945945946,0.0285135135135135,1983.4099999999996,7,65.83880314588137,-0.042707692307692335,-1314.81
net_edge,<0.1585(q0.9),325,0.6646153846153846,-0.042707692307692335,-1314.81,13,33.93406442612266,0.0285135135135135,1983.4099999999996
tau_minutes,>=22.74(q0.1),325,0.6492307692307693,-0.05092307692307696,-501.03000000000003,13,20.581295179594736,0.10067567567567548,1169.6299999999999
tau_minutes,<22.74(q0.1),37,0.7297297297297297,0.10067567567567548,1169.6299999999999,11,44.06820916178117,-0.05092307692307696,-501.03000000000003
tau_minutes,>=33.89(q0.2),289,0.6401384083044983,-0.060778546712802695,-1581.1100000000001,13,38.23756343387225,0.06493150684931515,2249.7099999999996
tau_minutes,<33.89(q0.2),73,0.726027397260274,0.06493150684931515,2249.7099999999996,13,49.702886692185025,-0.060778546712802695,-1581.1100000000001
tau_minutes,>=43.05(q0.3),253,0.616600790513834,-0.08596837944664038,-1820.3600000000001,12,34.94135406323913,0.08188073394495399,2488.96
tau_minutes,<43.05(q0.3),109,0.7522935779816514,0.08188073394495399,2488.96,13,51.24320236251665,-0.08596837944664038,-1820.3600000000001
tau_minutes,>=49.02(q0.4),217,0.6175115207373272,-0.08903225806451609,-1625.58,12,44.35020890987032,0.04479310344827592,2294.18
tau_minutes,<49.02(q0.4),145,0.7172413793103448,0.04479310344827592,2294.18,13,41.24506379556612,-0.08903225806451609,-1625.58
tau_minutes,>=53.45(q0.5),181,0.6298342541436464,-0.07679558011049736,-1162.03,12,47.711143020068285,0.005939226519336982,1830.6299999999999
tau_minutes,<53.45(q0.5),181,0.6850828729281768,0.005939226519336982,1830.6299999999999,13,36.836296533923516,-0.07679558011049736,-1162.03
tau_minutes,>=55.63(q0.6),146,0.6232876712328768,-0.09037671232876698,-1024.9099999999999,12,50.088374680478,0.0017129629629629717,1693.5099999999998
tau_minutes,<55.63(q0.6),216,0.6805555555555556,0.0017129629629629717,1693.5099999999998,13,38.41880976106176,-0.09037671232876698,-1024.9099999999999
tau_minutes,>=57.21(q0.7),109,0.6513761467889908,-0.0699082568807341,-561.78,12,41.29505569027167,-0.020573122529644383,1230.38
tau_minutes,<57.21(q0.7),253,0.6600790513833992,-0.020573122529644383,1230.38,13,31.896912976672713,-0.0699082568807341,-561.78
tau_minutes,>=58.37(q0.8),73,0.684931506849315,-0.03835616438356171,-283.33,11,32.33975361606411,-0.03468858131487884,951.9299999999997
tau_minutes,<58.37(q0.8),289,0.6505190311418685,-0.03468858131487884,951.9299999999997,13,26.109520581897637,-0.03835616438356171,-283.33
tau_minutes,>=59.09(q0.9),37,0.6756756756756757,-0.04040540540540538,-206.64999999999998,11,25.77876827382041,-0.0348615384615385,875.2499999999999
tau_minutes,<59.09(q0.9),325,0.6553846153846153,-0.0348615384615385,875.2499999999999,13,23.644315177528263,-0.04040540540540538,-206.64999999999998
composite_trend,>=-2(q0.1),288,0.65625,-0.058680555555555514,-205.59000000000015,12,36.52521675055414,0.04465517241379302,554.2800000000001
composite_trend,<-2(q0.1),29,0.7241379310344828,0.04465517241379302,554.2800000000001,6,66.71895962262516,-0.058680555555555514,-205.59000000000015
composite_trend,>=-1(q0.2),272,0.6507352941176471,-0.06724264705882343,-1221.4499999999998,12,32.128181848750806,0.059666666666666646,1570.1399999999999
composite_trend,<-1(q0.2),45,0.7333333333333333,0.059666666666666646,1570.1399999999999,8,52.003979819501126,-0.06724264705882343,-1221.4499999999998
composite_trend,>=0(q0.3),235,0.6340425531914894,-0.0765106382978723,-1285.79,12,35.97191095174062,0.028963414634146423,1634.48
composite_trend,<0(q0.3),82,0.7439024390243902,0.028963414634146423,1634.48,10,54.3444828911957,-0.0765106382978723,-1285.79
composite_trend,>=0(q0.4),235,0.6340425531914894,-0.0765106382978723,-1285.79,12,35.97191095174062,0.028963414634146423,1634.48
composite_trend,<0(q0.4),82,0.7439024390243902,0.028963414634146423,1634.48,10,54.3444828911957,-0.0765106382978723,-1285.79
composite_trend,>=0(q0.5),235,0.6340425531914894,-0.0765106382978723,-1285.79,12,35.97191095174062,0.028963414634146423,1634.48
composite_trend,<0(q0.5),82,0.7439024390243902,0.028963414634146423,1634.48,10,54.3444828911957,-0.0765106382978723,-1285.79
composite_trend,>=0(q0.6),235,0.6340425531914894,-0.0765106382978723,-1285.79,12,35.97191095174062,0.028963414634146423,1634.48
composite_trend,<0(q0.6),82,0.7439024390243902,0.028963414634146423,1634.48,10,54.3444828911957,-0.0765106382978723,-1285.79
composite_trend,>=1(q0.7),113,0.5929203539823009,-0.09022123893805312,-1077.49,11,48.80951450696631,-0.02651960784313734,1426.1799999999994
composite_trend,<1(q0.7),204,0.7009803921568627,-0.02651960784313734,1426.1799999999994,12,50.28764978213509,-0.09022123893805312,-1077.49
composite_trend,>=3(q0.8),65,0.6615384615384615,-0.05676923076923068,-581.4599999999999,8,45.01972489511365,-0.047281746031746064,930.1499999999996
composite_trend,<3(q0.8),252,0.6626984126984127,-0.047281746031746064,930.1499999999996,12,40.62598889560138,-0.05676923076923068,-581.4599999999999
composite_trend,>=4(q0.9),45,0.5555555555555556,-0.14144444444444448,-698.1599999999999,5,56.42806687073227,-0.033970588235294086,1046.8499999999995
composite_trend,<4(q0.9),272,0.6801470588235294,-0.033970588235294086,1046.8499999999995,12,40.0502380228907,-0.14144444444444448,-698.1599999999999
composite_rev,>=-8(q0.1),288,0.6527777777777778,-0.054635416666666714,446.92999999999984,12,30.607632669488343,0.004482758620689475,-98.23999999999998
composite_rev,<-8(q0.1),29,0.7586206896551724,0.004482758620689475,-98.23999999999998,8,44.00978792822187,-0.054635416666666714,446.92999999999984
composite_rev,>=-5(q0.2),262,0.6412213740458015,-0.060896946564885424,545.1899999999993,12,32.61785232717993,0.006363636363636571,-196.49999999999997
composite_rev,<-5(q0.2),55,0.7636363636363637,0.006363636363636571,-196.49999999999997,9,32.77897564596515,-0.060896946564885424,545.1899999999993
composite_rev,>=-2(q0.3),226,0.6238938053097345,-0.06849557522123906,578.0700000000002,12,37.519223395023104,-0.0013736263736263687,-229.38000000000005
composite_rev,<-2(q0.3),91,0.7582417582417582,-0.0013736263736263687,-229.38000000000005,11,43.255268232615414,-0.06849557522123906,578.0700000000002
composite_rev,>=0(q0.4),196,0.6071428571428571,-0.08137755102040811,635.8799999999997,12,43.23790338201681,0.002851239669421357,-287.19000000000005
composite_rev,<0(q0.4),121,0.7520661157024794,0.002851239669421357,-287.19000000000005,12,47.60781240683797,-0.08137755102040811,635.8799999999997
composite_rev,>=0(q0.5),196,0.6071428571428571,-0.08137755102040811,635.8799999999997,12,43.23790338201681,0.002851239669421357,-287.19000000000005
composite_rev,<0(q0.5),121,0.7520661157024794,0.002851239669421357,-287.19000000000005,12,47.60781240683797,-0.08137755102040811,635.8799999999997
composite_rev,>=1(q0.6),129,0.6434108527131783,-0.035968992248061826,1432.9199999999998,12,53.384398175946515,-0.058324468085106496,-1084.23
composite_rev,<1(q0.6),188,0.675531914893617,-0.058324468085106496,-1084.23,12,48.7950296177668,-0.035968992248061826,1432.9199999999998
composite_rev,>=2(q0.7),98,0.6632653061224489,-0.01658163265306145,714.2199999999999,11,40.78902919649321,-0.06383561643835622,-365.5300000000003
composite_rev,<2(q0.7),219,0.6621004566210046,-0.06383561643835622,-365.5300000000003,12,28.48477882209392,-0.01658163265306145,714.2199999999999
composite_rev,>=3(q0.8),79,0.6455696202531646,-0.030569620253164564,610.5500000000002,10,39.95640779910271,-0.05542016806722705,-261.86
composite_rev,<3(q0.8),238,0.6680672268907563,-0.05542016806722705,-261.86,12,21.498894569573025,-0.030569620253164564,610.5500000000002
composite_rev,>=7(q0.9),36,0.5833333333333334,-0.09097222222222212,143.56999999999988,9,52.232552049233995,-0.043879003558718765,205.11999999999983
composite_rev,<7(q0.9),281,0.6725978647686833,-0.043879003558718765,205.11999999999983,12,28.53511441776575,-0.09097222222222212,143.56999999999988
composite_p_up,>=0.4255(q0.1),285,0.6421052631578947,-0.0642105263157895,217.39000000000033,12,26.26288721444803,0.08421875000000001,131.3
composite_p_up,<0.4255(q0.1),32,0.84375,0.08421875000000001,131.3,10,18.641532016756432,-0.0642105263157895,217.39000000000033
composite_p_up,>=0.458(q0.2),255,0.6235294117647059,-0.07719607843137255,104.81999999999994,12,23.950610047963735,0.06580645161290333,243.86999999999998
composite_p_up,<0.458(q0.2),62,0.8225806451612904,0.06580645161290333,243.86999999999998,12,15.949294564205395,-0.07719607843137255,104.81999999999994
composite_p_up,>=0.464(q0.3),223,0.6233183856502242,-0.07244394618834094,418.7299999999999,12,35.66681262654071,0.005851063829787062,-70.04000000000005
composite_p_up,<0.464(q0.3),94,0.7553191489361702,0.005851063829787062,-70.04000000000005,12,41.55476257551569,-0.07244394618834094,418.7299999999999
composite_p_up,>=0.5135(q0.4),195,0.6205128205128205,-0.06587179487179495,588.8599999999997,12,36.942909459503646,-0.02262295081967214,-240.17
composite_p_up,<0.5135(q0.4),122,0.7295081967213115,-0.02262295081967214,-240.17,12,44.32979145089315,-0.06587179487179495,588.8599999999997
composite_p_up,>=0.5255(q0.5),164,0.5975609756097561,-0.07853658536585362,-293.53000000000003,12,32.280009979493364,-0.017810457516339917,642.2199999999999
composite_p_up,<0.5255(q0.5),153,0.7320261437908496,-0.017810457516339917,642.2199999999999,12,57.55404235086347,-0.07853658536585362,-293.53000000000003
composite_p_up,>=0.5327(q0.6),129,0.5891472868217055,-0.07790697674418601,-584.42,12,25.652163620869235,-0.02954787234042555,933.1099999999998
composite_p_up,<0.5327(q0.6),188,0.7127659574468085,-0.02954787234042555,933.1099999999998,12,32.5909802299016,-0.07790697674418601,-584.42
composite_p_up,>=0.548(q0.7),100,0.56,-0.0865999999999999,-469.93999999999994,12,23.80811143334212,-0.03200460829493079,818.63
composite_p_up,<0.548(q0.7),217,0.7096774193548387,-0.03200460829493079,818.63,12,32.42291641600122,-0.0865999999999999,-469.93999999999994
composite_p_up,>=0.5856(q0.8),66,0.5151515151515151,-0.12749999999999995,-802.58,10,33.78547960208086,-0.028645418326693206,1151.2699999999995
composite_p_up,<0.5856(q0.8),251,0.701195219123506,-0.028645418326693206,1151.2699999999995,12,39.98294450874093,-0.12749999999999995,-802.58
composite_p_up,>=0.6019(q0.9),36,0.5833333333333334,-0.0412499999999999,-279.37000000000006,7,39.19753817019765,-0.05024911032028467,628.0599999999998
composite_p_up,<0.6019(q0.9),281,0.6725978647686833,-0.05024911032028467,628.0599999999998,12,34.20280527740445,-0.0412499999999999,-279.37000000000006
chg_30m,>=-0.4477(q0.1),256,0.703125,-0.032343750000000004,140.27999999999997,11,36.02089905925682,-0.12086206896551721,629.9399999999999
chg_30m,<-0.4477(q0.1),29,0.4482758620689655,-0.12086206896551721,629.9399999999999,8,44.61796304254405,-0.032343750000000004,140.27999999999997
chg_30m,>=-0.2489(q0.2),228,0.706140350877193,-0.030350877192982573,267.9199999999999,11,40.31440794118869,-0.08535087719298251,502.3
chg_30m,<-0.2489(q0.2),57,0.5614035087719298,-0.08535087719298251,502.3,9,39.76516812865497,-0.030350877192982573,267.9199999999999
chg_30m,>=-0.1553(q0.3),200,0.7,-0.03477500000000011,312.87999999999977,11,36.25736922549049,-0.056823529411764495,457.3399999999999
chg_30m,<-0.1553(q0.3),85,0.6235294117647059,-0.056823529411764495,457.3399999999999,9,34.9466011188337,-0.03477500000000011,312.87999999999977
chg_30m,>=-0.08042(q0.4),171,0.695906432748538,-0.035497076023391805,347.8599999999998,11,37.542272906016514,-0.050131578947368416,422.3599999999999
chg_30m,<-0.08042(q0.4),114,0.6491228070175439,-0.050131578947368416,422.3599999999999,11,35.34995770903818,-0.035497076023391805,347.8599999999998
chg_30m,>=0(q0.5),147,0.6938775510204082,-0.03530612244897957,401.38999999999976,11,38.98207094982958,-0.047789855072463694,368.83000000000004
chg_30m,<0(q0.5),138,0.6594202898550725,-0.047789855072463694,368.83000000000004,11,33.65532452687419,-0.03530612244897957,401.38999999999976
chg_30m,>=0.08046(q0.6),114,0.7017543859649122,-0.02885964912280714,-373.75,11,43.53807297544199,-0.04967836257309932,1143.9699999999998
chg_30m,<0.08046(q0.6),171,0.6608187134502924,-0.04967836257309932,1143.9699999999998,11,51.56413638375349,-0.02885964912280714,-373.75
chg_30m,>=0.1386(q0.7),87,0.7241379310344828,-0.013448275862068981,-121.14999999999998,11,41.73422094884976,-0.053611111111111165,891.3699999999997
chg_30m,<0.1386(q0.7),198,0.6565656565656566,-0.053611111111111165,891.3699999999997,11,42.756945638814194,-0.013448275862068981,-121.14999999999998
chg_30m,>=0.2785(q0.8),57,0.6666666666666666,-0.059473684210526345,-302.31,9,56.72531377156284,-0.03682017543859639,1072.5300000000002
chg_30m,<0.2785(q0.8),228,0.6798245614035088,-0.03682017543859639,1072.5300000000002,11,43.54353008292415,-0.059473684210526345,-302.31
chg_30m,>=0.4298(q0.9),29,0.5172413793103449,-0.20827586206896542,-468.91,8,59.053041945033094,-0.022441406250000018,1239.1299999999997
chg_30m,<0.4298(q0.9),256,0.6953125,-0.022441406250000018,1239.1299999999997,11,45.19556115734353,-0.20827586206896542,-468.91
chg_10m,>=-0.2644(q0.1),243,0.720164609053498,-0.014094650205761283,1052.5099999999998,11,36.802353500645715,-0.16648148148148156,66.02999999999997
chg_10m,<-0.2644(q0.1),27,0.4444444444444444,-0.16648148148148156,66.02999999999997,8,49.39118222700312,-0.014094650205761283,1052.5099999999998
chg_10m,>=-0.1581(q0.2),216,0.7175925925925926,-0.02027777777777784,1047.2699999999998,11,33.86253587782914,-0.06555555555555559,71.2700000000001
chg_10m,<-0.1581(q0.2),54,0.5925925925925926,-0.06555555555555559,71.2700000000001,9,40.38101441016039,-0.02027777777777784,1047.2699999999998
chg_10m,>=-0.08198(q0.3),189,0.7248677248677249,-0.02367724867724874,505.94000000000005,11,47.66735729084803,-0.04253086419753083,612.6000000000003
chg_10m,<-0.08198(q0.3),81,0.6172839506172839,-0.04253086419753083,612.6000000000003,9,36.44493201688773,-0.02367724867724874,505.94000000000005
chg_10m,>=-0.01826(q0.4),162,0.7160493827160493,-0.03395061728395066,536.15,11,47.998210691120555,-0.022407407407407542,582.3900000000002
chg_10m,<-0.01826(q0.4),108,0.6574074074074074,-0.022407407407407542,582.3900000000002,10,28.17122999961813,-0.03395061728395066,536.15
chg_10m,>=0(q0.5),154,0.7207792207792207,-0.02652597402597401,549.3499999999998,11,46.248148599347275,-0.03306034482758646,569.1899999999999
chg_10m,<0(q0.5),116,0.6551724137931034,-0.03306034482758646,569.1899999999999,11,31.337499508705736,-0.02652597402597401,549.3499999999998
chg_10m,>=0.0132(q0.6),108,0.75,0.008657407407407391,933.03,11,63.35024252971451,-0.05466049382716043,185.51000000000005
chg_10m,<0.0132(q0.6),162,0.654320987654321,-0.05466049382716043,185.51000000000005,11,28.439107329600834,0.008657407407407391,933.03
chg_10m,>=0.0605(q0.7),81,0.7901234567901234,0.04981481481481487,1220.8599999999994,11,69.31330125617592,-0.06325396825396834,-102.32000000000016
chg_10m,<0.0605(q0.7),189,0.6507936507936508,-0.06325396825396834,-102.32000000000016,11,25.54601660914845,0.04981481481481487,1220.8599999999994
chg_10m,>=0.1388(q0.8),54,0.7777777777777778,0.04259259259259285,1108.7099999999996,9,84.94640481965416,-0.0473148148148147,9.829999999999927
chg_10m,<0.1388(q0.8),216,0.6712962962962963,-0.0473148148148147,9.829999999999927,11,31.550586384928366,0.04259259259259285,1108.7099999999996
chg_10m,>=0.2372(q0.9),27,0.7037037037037037,-0.012777777777777888,954.0899999999998,6,88.64023471728578,-0.031172839506172778,164.44999999999993
chg_10m,<0.2372(q0.9),243,0.691358024691358,-0.031172839506172778,164.44999999999993,11,31.083258837623674,-0.012777777777777888,954.0899999999998
chg_5m,>=-0.1768(q0.1),239,0.702928870292887,-0.030648535564853696,908.8199999999999,11,39.71456106725573,-0.030370370370370492,203.86999999999995
chg_5m,<-0.1768(q0.1),27,0.5925925925925926,-0.030370370370370492,203.86999999999995,8,52.42358710175071,-0.030648535564853696,908.8199999999999
chg_5m,>=-0.0791(q0.2),213,0.7136150234741784,-0.02563380281690164,528.9399999999998,11,54.303482587064664,-0.05066037735849038,583.75
chg_5m,<-0.0791(q0.2),53,0.6037735849056604,-0.05066037735849038,583.75,10,37.862889236549776,-0.02563380281690164,528.9399999999998
chg_5m,>=-0.02285(q0.3),186,0.7096774193548387,-0.030967741935483795,556.7399999999996,11,57.551353700013486,-0.02981249999999991,555.9499999999999
chg_5m,<-0.02285(q0.3),80,0.65,-0.02981249999999991,555.9499999999999,11,32.1936275272888,-0.030967741935483795,556.7399999999996
chg_5m,>=0(q0.4),180,0.7111111111111111,-0.02808333333333335,568.0099999999998,11,56.67990480781738,-0.03593023255813943,544.68
chg_5m,<0(q0.4),86,0.6511627906976745,-0.03593023255813943,544.68,11,31.258766626360334,-0.02808333333333335,568.0099999999998
chg_5m,>=0(q0.5),180,0.7111111111111111,-0.02808333333333335,568.0099999999998,11,56.67990480781738,-0.03593023255813943,544.68
chg_5m,<0(q0.5),86,0.6511627906976745,-0.03593023255813943,544.68,11,31.258766626360334,-0.02808333333333335,568.0099999999998
chg_5m,>=0(q0.6),180,0.7111111111111111,-0.02808333333333335,568.0099999999998,11,56.67990480781738,-0.03593023255813943,544.68
chg_5m,<0(q0.6),86,0.6511627906976745,-0.03593023255813943,544.68,11,31.258766626360334,-0.02808333333333335,568.0099999999998
chg_5m,>=0.0462(q0.7),81,0.7901234567901234,0.05549382716049389,1248.9699999999998,10,77.36855168658975,-0.06832432432432423,-136.27999999999997
chg_5m,<0.0462(q0.7),185,0.6486486486486487,-0.06832432432432423,-136.27999999999997,11,29.60384679841693,0.05549382716049389,1248.9699999999998
chg_5m,>=0.1143(q0.8),54,0.7777777777777778,0.0529629629629631,1172.35,9,82.68209184275764,-0.05191037735849058,-59.659999999999854
chg_5m,<0.1143(q0.8),212,0.6698113207547169,-0.05191037735849058,-59.659999999999854,11,35.03746476936825,0.0529629629629631,1172.35
chg_5m,>=0.1948(q0.9),27,0.7037037037037037,-0.025370370370370487,-30.049999999999976,7,34.908862350722806,-0.031213389121339086,1142.74
chg_5m,<0.1948(q0.9),239,0.6903765690376569,-0.031213389121339086,1142.74,11,44.32182072269914,-0.025370370370370487,-30.049999999999976
sharp_move_active,==False,278,0.6834532374100719,-0.038723021582733774,443.8000000000002,11,33.694923450602836,-0.024523809523809614,224.80000000000013
cmf_score,==0.0,89,0.6741573033707865,-0.06483146067415724,-479.6700000000001,8,38.00207026108293,-0.025842490842490906,1148.2699999999998
p_up_v2,>=0.4658(q0.2),41,0.6097560975609756,-0.1329268292682927,-483.63,6,54.47440928446189,0.09636363636363643,122.33000000000001
p_up_v2,<0.4658(q0.2),11,0.8181818181818182,0.09636363636363643,122.33000000000001,6,35.70449936975942,-0.1329268292682927,-483.63
p_up_v2,>=0.486(q0.3),36,0.6388888888888888,-0.11305555555555558,-358.96,6,54.092195713708044,-0.020000000000000018,-2.3400000000000034
p_up_v2,<0.486(q0.3),16,0.6875,-0.020000000000000018,-2.3400000000000034,6,35.689560940061945,-0.11305555555555558,-358.96
p_up_v2,>=0.4914(q0.4),31,0.6129032258064516,-0.13290322580645175,-388.46999999999997,6,61.332844272254185,-0.0128571428571429,27.169999999999995
p_up_v2,<0.4914(q0.4),21,0.7142857142857143,-0.0128571428571429,27.169999999999995,6,36.43822910349257,-0.13290322580645175,-388.46999999999997
p_up_v2,>=0.503(q0.5),26,0.5769230769230769,-0.17000000000000026,-450.05999999999995,6,55.99419396459035,0.001153846153846172,88.75999999999999
p_up_v2,<0.503(q0.5),26,0.7307692307692307,0.001153846153846172,88.75999999999999,6,41.03326369918046,-0.17000000000000026,-450.05999999999995
p_up_v2,>=0.5293(q0.6),21,0.5714285714285714,-0.169047619047619,-405.24,6,65.5959013519305,-0.02709677419354839,43.940000000000005
p_up_v2,<0.5293(q0.6),31,0.7096774193548387,-0.02709677419354839,43.940000000000005,6,33.58763564616902,-0.169047619047619,-405.24
p_up_v2,>=0.5507(q0.7),16,0.5625,-0.16812499999999997,-305.02,5,63.14483862363297,-0.047222222222222276,-56.28000000000002
p_up_v2,<0.5507(q0.7),36,0.6944444444444444,-0.047222222222222276,-56.28000000000002,6,38.32216038451809,-0.16812499999999997,-305.02
p_up_v2,>=0.5747(q0.8),11,0.5454545454545454,-0.1763636363636364,-189.06,4,67.15686274509804,-0.05975609756097555,-172.24
p_up_v2,<0.5747(q0.8),41,0.6829268292682927,-0.05975609756097555,-172.24,6,32.73117553422411,-0.1763636363636364,-189.06
bp_5m,>=0.22(q0.4),31,0.6129032258064516,-0.13322580645161286,-328.39,6,52.84637971456536,-0.012380952380952381,-32.91
bp_5m,<0.22(q0.4),21,0.7142857142857143,-0.012380952380952381,-32.91,6,28.5177858986824,-0.13322580645161286,-328.39
bp_5m,>=0.5(q0.5),28,0.6071428571428571,-0.13607142857142862,-251.47000000000003,6,36.469744212356176,-0.02416666666666667,-109.83
bp_5m,<0.5(q0.5),24,0.7083333333333334,-0.02416666666666667,-109.83,6,40.783074530328086,-0.13607142857142862,-251.47000000000003
bp_5m,>=0.5(q0.6),28,0.6071428571428571,-0.13607142857142862,-251.47000000000003,6,36.469744212356176,-0.02416666666666667,-109.83
bp_5m,<0.5(q0.6),24,0.7083333333333334,-0.02416666666666667,-109.83,6,40.783074530328086,-0.13607142857142862,-251.47000000000003
bp_5m,>=0.5(q0.7),28,0.6071428571428571,-0.13607142857142862,-251.47000000000003,6,36.469744212356176,-0.02416666666666667,-109.83
bp_5m,<0.5(q0.7),24,0.7083333333333334,-0.02416666666666667,-109.83,6,40.783074530328086,-0.13607142857142862,-251.47000000000003
bp_5m,>=0.5(q0.8),28,0.6071428571428571,-0.13607142857142862,-251.47000000000003,6,36.469744212356176,-0.02416666666666667,-109.83
bp_5m,<0.5(q0.8),24,0.7083333333333334,-0.02416666666666667,-109.83,6,40.783074530328086,-0.13607142857142862,-251.47000000000003
chg_1h,==0.0,29,0.6896551724137931,-0.0627586206896551,-197.95999999999998,4,65.53175547622196,-0.03304804804804806,866.56
chg_2h,==0.0,29,0.6896551724137931,-0.0627586206896551,-197.95999999999998,4,65.53175547622196,-0.03304804804804806,866.56
chg_3h,==0.0,29,0.6896551724137931,-0.0627586206896551,-197.95999999999998,4,65.53175547622196,-0.03304804804804806,866.56
body_15m,>=0.2238(q0.2),41,0.6585365853658537,-0.07341463414634142,-333.81,6,47.98579466444173,-0.12545454545454549,-27.489999999999988
body_15m,<0.2238(q0.2),11,0.6363636363636364,-0.12545454545454549,-27.489999999999988,6,34.70386462382803,-0.07341463414634142,-333.81
body_15m,>=0.3333(q0.3),37,0.6216216216216216,-0.10702702702702716,-414.94,6,53.57745722396993,-0.028666666666666618,53.64
body_15m,<0.3333(q0.3),15,0.7333333333333333,-0.028666666666666618,53.64,6,46.68963819837559,-0.10702702702702716,-414.94
body_15m,>=0.5051(q0.4),31,0.5806451612903226,-0.13451612903225807,-451.01,5,63.593052321234,-0.010476190476190417,89.71000000000001
body_15m,<0.5051(q0.4),21,0.7619047619047619,-0.010476190476190417,89.71000000000001,6,49.226207400788,-0.13451612903225807,-451.01
body_15m,>=0.6867(q0.5),26,0.5769230769230769,-0.14423076923076927,-374.71999999999997,5,49.53390698627331,-0.024615384615384706,13.420000000000016
body_15m,<0.6867(q0.5),26,0.7307692307692307,-0.024615384615384706,13.420000000000016,6,37.64833799316559,-0.14423076923076927,-374.71999999999997
body_15m,>=0.8(q0.6),23,0.5652173913043478,-0.15130434782608704,-353.27000000000004,5,54.751323350411866,-0.03137931034482766,-8.03000000000003
body_15m,<0.8(q0.6),29,0.7241379310344828,-0.03137931034482766,-8.03000000000003,6,44.73771641625753,-0.15130434782608704,-353.27000000000004
body_15m,>=0.8862(q0.7),16,0.5625,-0.16000000000000003,-235.51,5,34.92728156428758,-0.05083333333333351,-125.78999999999998
body_15m,<0.8862(q0.7),36,0.6944444444444444,-0.05083333333333351,-125.78999999999998,6,50.05276462070827,-0.16000000000000003,-235.51
body_15m,>=1(q0.8),12,0.5833333333333334,-0.1708333333333334,-177.88,5,44.519634006862375,-0.058499999999999996,-183.41999999999993
body_15m,<1(q0.8),40,0.675,-0.058499999999999996,-183.41999999999993,6,47.636287195777086,-0.1708333333333334,-177.88
body_15m,>=1(q0.9),12,0.5833333333333334,-0.1708333333333334,-177.88,5,44.519634006862375,-0.058499999999999996,-183.41999999999993
body_15m,<1(q0.9),40,0.675,-0.058499999999999996,-183.41999999999993,6,47.636287195777086,-0.1708333333333334,-177.88
dir_15m,==1.0,24,0.7083333333333334,-0.053749999999999964,-246.62999999999997,5,55.81490964136875,-0.03412721893491122,915.23
dir_15m,==-1.0,28,0.6071428571428571,-0.11071428571428577,-114.66999999999999,6,26.343346405765562,-0.029116766467065847,783.27
p_gbdt,>=0.7283(q0.2),41,0.6829268292682927,-0.04756097560975603,-221.44,6,40.11866343955896,-0.2218181818181818,-139.86
p_gbdt,<0.7283(q0.2),11,0.5454545454545454,-0.2218181818181818,-139.86,4,37.49715153816939,-0.04756097560975603,-221.44
p_gbdt,>=0.7447(q0.3),36,0.6388888888888888,-0.0855555555555556,-304.01,6,44.01681819020046,-0.08187499999999992,-57.28999999999998
p_gbdt,<0.7447(q0.3),16,0.6875,-0.08187499999999992,-57.28999999999998,5,30.823046922118124,-0.0855555555555556,-304.01
p_gbdt,>=0.8179(q0.4),31,0.5806451612903226,-0.1335483870967743,-414.65999999999997,5,52.35050631975755,-0.011904761904762085,53.36
p_gbdt,<0.8179(q0.4),21,0.7619047619047619,-0.011904761904762085,53.36,5,35.51704966641957,-0.1335483870967743,-414.65999999999997
p_gbdt,>=0.8498(q0.5),26,0.5769230769230769,-0.12692307692307714,-277.68999999999994,5,39.219216256874404,-0.04192307692307684,-83.60999999999999
p_gbdt,<0.8498(q0.5),26,0.7307692307692307,-0.04192307692307684,-83.60999999999999,6,36.17940112906163,-0.12692307692307714,-277.68999999999994
p_gbdt,>=0.8759(q0.6),22,0.6363636363636364,-0.05772727272727274,-83.10999999999999,5,51.69503579725949,-0.10400000000000009,-278.19
p_gbdt,<0.8759(q0.6),30,0.6666666666666666,-0.10400000000000009,-278.19,6,59.220828026807524,-0.05772727272727274,-83.10999999999999
p_gbdt,>=0.9161(q0.7),16,0.6875,-0.020625000000000004,40.05,5,36.69607932320567,-0.11277777777777787,-401.35
p_gbdt,<0.9161(q0.7),36,0.6388888888888888,-0.11277777777777787,-401.35,6,67.83126084207454,-0.020625000000000004,40.05
p_gbdt,>=0.9225(q0.8),11,0.6363636363636364,-0.09454545454545449,-18.829999999999984,5,33.84813384813385,-0.0817073170731708,-342.47
p_gbdt,<0.9225(q0.8),41,0.6585365853658537,-0.0817073170731708,-342.47,6,60.53885934078068,-0.09454545454545449,-18.829999999999984
smc_4h,==bullish,60,0.7333333333333333,-0.012833333333333363,-161.56,8,48.4079440013023,-0.03991721854304642,830.1599999999999
smc_4h,==bearish,38,0.6578947368421053,-0.08052631578947367,-249.95,6,50.5600443001334,-0.030138888888888826,918.5499999999998
smc_1h,==bullish,67,0.7014925373134329,-0.038059701492537235,-366.09000000000003,7,52.709289753088605,-0.03483050847457625,1034.6899999999998
smc_1h,==bearish,31,0.7096774193548387,-0.04129032258064502,-45.42,6,37.34847557242561,-0.03487915407854991,714.0199999999999
choch_1h,==False,85,0.7058823529411765,-0.043058823529411705,-452.36,7,46.4769804340915,-0.03308664259927807,1120.9599999999998
choch_1h,==True,13,0.6923076923076923,-0.013076923076923208,40.850000000000016,6,48.21563556793316,-0.03626074498567333,627.7500000000001
choch_4h,==False,83,0.7108433734939759,-0.03361445783132533,-371.18000000000006,8,34.14905833716123,-0.03596774193548402,1039.7799999999997
choch_4h,==True,15,0.6666666666666666,-0.06933333333333347,-40.33,5,39.0960982093987,-0.03396253602305488,708.9300000000001
supply_pct,>=2.284(q0.1),88,0.7159090909090909,-0.03420454545454532,-287.7,8,31.576138067763004,-0.08200000000000007,-123.81
supply_pct,<2.284(q0.1),10,0.6,-0.08200000000000007,-123.81,5,32.135741371553436,-0.03420454545454532,-287.7
supply_pct,>=2.781(q0.2),78,0.7307692307692307,-0.024615384615384595,-198.04,8,30.97695990424895,-0.09550000000000003,-213.47000000000003
supply_pct,<2.781(q0.2),20,0.6,-0.09550000000000003,-213.47000000000003,6,44.528912821595746,-0.024615384615384595,-198.04
supply_pct,>=4.246(q0.3),68,0.7352941176470589,-0.016911764705882293,-83.96000000000001,8,25.349009377423677,-0.08933333333333349,-327.55000000000007
supply_pct,<4.246(q0.3),30,0.6333333333333333,-0.08933333333333349,-327.55000000000007,8,31.577865059943655,-0.016911764705882293,-83.96000000000001
supply_pct,>=6.173(q0.4),59,0.7457627118644068,-0.004067796610169538,54.759999999999984,8,28.482385976855003,-0.09205128205128221,-466.27
supply_pct,<6.173(q0.4),39,0.6410256410256411,-0.09205128205128221,-466.27,8,49.52229064221267,-0.004067796610169538,54.759999999999984
supply_pct,>=6.959(q0.5),49,0.7142857142857143,-0.03979591836734697,-63.34999999999999,8,32.92997860252342,-0.038367346938775526,-348.15999999999997
supply_pct,<6.959(q0.5),49,0.6938775510204082,-0.038367346938775526,-348.15999999999997,8,41.451666026239224,-0.03979591836734697,-63.34999999999999
supply_pct,>=8.589(q0.6),39,0.717948717948718,-0.03897435897435897,-50.250000000000014,8,32.900414675732,-0.03915254237288124,-361.26
supply_pct,<8.589(q0.6),59,0.6949152542372882,-0.03915254237288124,-361.26,8,51.13191949381578,-0.03897435897435897,-50.250000000000014
supply_pct,>=9.443(q0.7),30,0.7666666666666667,0.01433333333333342,25.260000000000016,6,32.07611668185962,-0.06264705882352928,-436.77
supply_pct,<9.443(q0.7),68,0.6764705882352942,-0.06264705882352928,-436.77,8,46.45317503710068,0.01433333333333342,25.260000000000016
supply_pct,>=10.17(q0.8),20,0.8,0.052000000000000046,34.89999999999999,5,29.12905872699566,-0.06243589743589728,-446.40999999999997
supply_pct,<10.17(q0.8),78,0.6794871794871795,-0.06243589743589728,-446.40999999999997,8,35.6033667373059,0.052000000000000046,34.89999999999999
supply_pct,>=12.44(q0.9),10,0.7,-0.01000000000000012,-7.969999999999999,3,46.446865977461115,-0.0423863636363635,-403.53999999999996
supply_pct,<12.44(q0.9),88,0.7045454545454546,-0.0423863636363635,-403.53999999999996,8,31.882706122011367,-0.01000000000000012,-7.969999999999999
demand_pct,>=1.643(q0.2),66,0.7272727272727273,-0.020151515151515142,-287.28000000000003,7,35.75523922499011,-0.14117647058823535,-133.36999999999998
demand_pct,<1.643(q0.2),17,0.5882352941176471,-0.14117647058823535,-133.36999999999998,5,52.395589709321754,-0.020151515151515142,-287.28000000000003
demand_pct,>=2.178(q0.3),59,0.7457627118644068,-0.005762711864406578,-224.04000000000002,7,27.095190851652657,-0.14125,-196.60999999999996
demand_pct,<2.178(q0.3),24,0.5833333333333334,-0.14125,-196.60999999999996,6,28.758525729290085,-0.005762711864406578,-224.04000000000002
demand_pct,>=2.769(q0.4),50,0.74,-0.007999999999999785,-198.88,6,31.169845322120437,-0.10090909090909095,-221.76999999999998
demand_pct,<2.769(q0.4),33,0.6363636363636364,-0.10090909090909095,-221.76999999999998,6,28.15268480273465,-0.007999999999999785,-198.88
demand_pct,>=3.611(q0.5),42,0.7380952380952381,-0.01666666666666672,-206.27999999999997,6,42.873303167420815,-0.07390243902439031,-214.36999999999998
demand_pct,<3.611(q0.5),41,0.6585365853658537,-0.07390243902439031,-214.36999999999998,6,38.24830164592167,-0.01666666666666672,-206.27999999999997
demand_pct,>=4.371(q0.6),33,0.7575757575757576,0.0018181818181817189,-164.7,6,48.34536044901231,-0.07579999999999976,-255.95000000000002
demand_pct,<4.371(q0.6),50,0.66,-0.07579999999999976,-255.95000000000002,7,38.27287539662121,0.0018181818181817189,-164.7
demand_pct,>=5.712(q0.7),25,0.76,0.008399999999999852,-171.23999999999998,4,60.109385000290914,-0.06793103448275872,-249.41000000000005
demand_pct,<5.712(q0.7),58,0.6724137931034483,-0.06793103448275872,-249.41000000000005,7,29.045274095928153,0.008399999999999852,-171.23999999999998
demand_pct,>=6.883(q0.8),17,0.8235294117647058,0.07411764705882351,-117.83,4,73.32904626019854,-0.07560606060606057,-302.82
demand_pct,<6.883(q0.8),66,0.6666666666666666,-0.07560606060606057,-302.82,7,33.09516953423079,0.07411764705882351,-117.83
in_supply_zone,==False,98,0.7040816326530612,-0.039081632653061305,-411.51,8,34.95715142182045,-0.034071969696969684,1080.1099999999997
in_demand_zone,==False,98,0.7040816326530612,-0.039081632653061305,-411.51,8,34.95715142182045,-0.034071969696969684,1080.1099999999997
squeeze_1h,==True,45,0.6444444444444445,-0.0975555555555555,-343.58000000000004,8,51.88992912765771,-0.02660883280757098,1012.1799999999998
squeeze_1h,==False,49,0.7346938775510204,-0.007346938775510181,-102.2400000000001,8,36.788511749347265,-0.03982428115015968,770.8400000000001
adx_1h,>=14.5(q0.1),84,0.6904761904761905,-0.05952380952380931,-415.69,8,35.7666759847184,0.025000000000000133,-30.129999999999995
adx_1h,<14.5(q0.1),10,0.7,0.025000000000000133,-30.129999999999995,3,44.0350069092584,-0.05952380952380931,-415.69
adx_1h,>=16.72(q0.2),75,0.7066666666666667,-0.044399999999999995,-378.47,8,40.536232476396776,-0.07473684210526321,-67.35
adx_1h,<16.72(q0.2),19,0.631578947368421,-0.07473684210526321,-67.35,5,67.75165762507534,-0.044399999999999995,-378.47
adx_1h,>=18.17(q0.3),66,0.6818181818181818,-0.06575757575757579,-441.15999999999997,8,44.87376707990227,-0.01464285714285718,-4.659999999999997
adx_1h,<18.17(q0.3),28,0.7142857142857143,-0.01464285714285718,-4.659999999999997,7,41.719808688720605,-0.06575757575757579,-441.15999999999997
adx_1h,>=19.91(q0.4),56,0.6607142857142857,-0.08535714285714291,-547.4,7,49.67788750840678,0.0007894736842105621,101.58
adx_1h,<19.91(q0.4),38,0.7368421052631579,0.0007894736842105621,101.58,7,41.39002732240437,-0.08535714285714291,-547.4
adx_1h,>=21.77(q0.5),47,0.6808510638297872,-0.06659574468085094,-440.39,7,55.87726486388055,-0.03446808510638277,-5.429999999999996
adx_1h,<21.77(q0.5),47,0.7021276595744681,-0.03446808510638277,-5.429999999999996,7,33.30904245351767,-0.06659574468085094,-440.39
adx_1h,>=24.76(q0.6),38,0.6578947368421053,-0.08000000000000007,-451.46999999999997,7,53.78143896240471,-0.030535714285714333,5.6499999999999915
adx_1h,<24.76(q0.6),56,0.7142857142857143,-0.030535714285714333,5.6499999999999915,7,29.434338037063124,-0.08000000000000007,-451.46999999999997
adx_1h,>=27.42(q0.7),28,0.6785714285714286,-0.044642857142857095,-337.15000000000003,6,62.50031480595361,-0.05303030303030298,-108.67000000000004
adx_1h,<27.42(q0.7),66,0.696969696969697,-0.05303030303030298,-108.67000000000004,8,25.137416772105954,-0.044642857142857095,-337.15000000000003
adx_1h,>=32.33(q0.8),19,0.7894736842105263,0.01736842105263159,-156.54,6,63.85229058382691,-0.0677333333333332,-289.2799999999999
adx_1h,<32.33(q0.8),75,0.6666666666666666,-0.0677333333333332,-289.2799999999999,8,25.51078510182208,0.01736842105263159,-156.54
adx_1h,>=37.31(q0.9),10,0.7,-0.05900000000000005,-206.14000000000001,5,71.93652568163469,-0.049523809523809526,-239.67999999999998
adx_1h,<37.31(q0.9),84,0.6904761904761905,-0.049523809523809526,-239.67999999999998,8,33.784731498797754,-0.05900000000000005,-206.14000000000001
rvol_1h,>=0.00042(q0.2),75,0.7066666666666667,-0.026799999999999935,-289.05,8,32.43882975126128,-0.14421052631578957,-156.76999999999998
rvol_1h,<0.00042(q0.2),19,0.631578947368421,-0.14421052631578957,-156.76999999999998,7,25.670767758101302,-0.026799999999999935,-289.05
rvol_1h,>=0.00651(q0.3),66,0.696969696969697,-0.03348484848484834,-289.40999999999997,8,35.94304983139753,-0.09071428571428553,-156.40999999999997
rvol_1h,<0.00651(q0.3),28,0.6785714285714286,-0.09071428571428553,-156.40999999999997,7,25.940413087186993,-0.03348484848484834,-289.40999999999997
rvol_1h,>=0.0249(q0.4),56,0.7142857142857143,-0.010535714285714204,-156.86,8,31.248069796170476,-0.10947368421052617,-288.96000000000004
rvol_1h,<0.0249(q0.4),38,0.6578947368421053,-0.10947368421052617,-288.96000000000004,8,31.121933290452997,-0.010535714285714204,-156.86
rvol_1h,>=0.05725(q0.5),47,0.6808510638297872,-0.0342553191489362,-242.11999999999998,8,36.66063166364917,-0.06680851063829774,-203.70000000000005
rvol_1h,<0.05725(q0.5),47,0.7021276595744681,-0.06680851063829774,-203.70000000000005,8,28.981019986910333,-0.0342553191489362,-242.11999999999998
rvol_1h,>=0.1215(q0.6),38,0.7368421052631579,-0.0028947368421056163,-62.16000000000002,8,23.272655545536523,-0.08285714285714285,-383.65999999999997
rvol_1h,<0.1215(q0.6),56,0.6607142857142857,-0.08285714285714285,-383.65999999999997,8,37.20938290426526,-0.0028947368421056163,-62.16000000000002
rvol_1h,>=0.1798(q0.7),28,0.7142857142857143,-0.016785714285714404,-83.57999999999998,8,32.23941657773034,-0.06484848484848482,-362.24
rvol_1h,<0.1798(q0.7),66,0.6818181818181818,-0.06484848484848482,-362.24,8,32.27362945725823,-0.016785714285714404,-83.57999999999998
rvol_1h,>=0.346(q0.8),19,0.6842105263157895,-0.047368421052631504,-89.59,7,41.63635667521727,-0.05133333333333323,-356.22999999999996
rvol_1h,<0.346(q0.8),75,0.6933333333333334,-0.05133333333333323,-356.22999999999996,8,29.61021020078178,-0.047368421052631504,-89.59
rvol_1h,>=0.7298(q0.9),10,0.6,-0.09000000000000008,-21.04999999999999,5,44.97123711991908,-0.04583333333333328,-424.77
rvol_1h,<0.7298(q0.9),84,0.7023809523809523,-0.04583333333333328,-424.77,8,45.53130233781334,-0.09000000000000008,-21.04999999999999
pm_drift_5m,>=-0.036(q0.3),26,0.8461538461538461,0.06153846153846132,186.73,8,30.570588380655845,-0.12636363636363646,-57.36999999999999
pm_drift_5m,<-0.036(q0.3),11,0.5454545454545454,-0.12636363636363646,-57.36999999999999,5,48.2345034379362,0.06153846153846132,186.73
pm_drift_5m,>=-0.01(q0.4),23,0.8260869565217391,0.03869565217391291,105.94999999999999,8,26.450575636645517,-0.04857142857142849,23.410000000000004
pm_drift_5m,<-0.01(q0.4),14,0.6428571428571429,-0.04857142857142849,23.410000000000004,7,34.02501732249006,0.03869565217391291,105.94999999999999
pm_drift_5m,>=0(q0.5),21,0.8571428571428571,0.06333333333333324,117.1,6,30.790054140765992,-0.06999999999999995,12.260000000000005
pm_drift_5m,<0(q0.5),16,0.625,-0.06999999999999995,12.260000000000005,7,33.01794598436389,0.06333333333333324,117.1
pm_drift_5m,>=0.01(q0.6),16,0.875,0.09125000000000005,110.6,5,36.027686532144536,-0.059523809523809645,18.76000000000004
pm_drift_5m,<0.01(q0.6),21,0.6666666666666666,-0.059523809523809645,18.76000000000004,8,37.20965158189828,0.09125000000000005,110.6
pm_drift_5m,>=0.02(q0.7),13,0.8461538461538461,0.06769230769230772,83.81,5,36.28165242389635,-0.0279166666666667,45.55
pm_drift_5m,<0.02(q0.7),24,0.7083333333333334,-0.0279166666666667,45.55,8,35.00353190487404,0.06769230769230772,83.81
hour_utc,>=6(q0.2),76,0.6973684210526315,-0.05328947368421055,-333.07000000000005,8,42.60291006572679,-0.03888888888888875,-112.75
hour_utc,<6(q0.2),18,0.6666666666666666,-0.03888888888888875,-112.75,7,28.72458410351201,-0.05328947368421055,-333.07000000000005
hour_utc,>=7.9(q0.3),66,0.696969696969697,-0.04984848484848481,-241.84,8,30.514512739690048,-0.05214285714285716,-203.97999999999996
hour_utc,<7.9(q0.3),28,0.6785714285714286,-0.05214285714285716,-203.97999999999996,7,30.149802606673514,-0.04984848484848481,-241.84
hour_utc,>=9.2(q0.4),56,0.7142857142857143,-0.033571428571428474,-95.72,8,27.477679481430144,-0.07552631578947366,-350.1
hour_utc,<9.2(q0.4),38,0.6578947368421053,-0.07552631578947366,-350.1,8,44.771337023011945,-0.033571428571428474,-95.72
hour_utc,>=12(q0.5),50,0.72,-0.023599999999999843,-50.59000000000001,8,19.702422290969544,-0.08113636363636356,-395.23
hour_utc,<12(q0.5),44,0.6590909090909091,-0.08113636363636356,-395.23,8,39.70229734747582,-0.023599999999999843,-50.59000000000001
hour_utc,>=14(q0.6),39,0.7435897435897436,0.005641025641025643,6.800000000000011,8,28.138715795177454,-0.0903636363636362,-452.62
hour_utc,<14(q0.6),55,0.6545454545454545,-0.0903636363636362,-452.62,8,44.7435624600979,0.005641025641025643,6.800000000000011
hour_utc,>=15.2(q0.7),28,0.75,0.006785714285714173,-16.83000000000002,7,29.47514772332291,-0.07484848484848472,-428.99
hour_utc,<15.2(q0.7),66,0.6666666666666666,-0.07484848484848472,-428.99,8,40.824676495471635,0.006785714285714173,-16.83000000000002
hour_utc,>=19(q0.8),24,0.75,0.005416666666666625,-53.309999999999995,7,25.665239193294532,-0.06971428571428573,-392.51
hour_utc,<19(q0.8),70,0.6714285714285714,-0.06971428571428573,-392.51,8,37.18110169371612,0.005416666666666625,-53.309999999999995
hour_utc,>=20(q0.9),12,0.6666666666666666,-0.036666666666666625,-74.68,7,44.25602375242663,-0.05256097560975603,-371.14
hour_utc,<20(q0.9),82,0.6951219512195121,-0.05256097560975603,-371.14,8,33.298274070507134,-0.036666666666666625,-74.68
liq_score,==0.0,19,0.8421052631578947,0.09999999999999998,161.22000000000003,6,39.629083572592535,-0.042930029154518934,507.3800000000002
liq_score,==-2.0,22,0.5,-0.22090909090909083,-315.91,5,29.077901934095152,-0.023426470588235326,984.51
liq_bias,>=0.6169(q0.5),25,0.76,0.010400000000000076,-77.18,6,57.778046519127656,-0.1651999999999999,-259.87
liq_bias,<0.6169(q0.5),25,0.56,-0.1651999999999999,-259.87,5,35.348443452495474,0.010400000000000076,-77.18
liq_bias,>=0.9813(q0.6),20,0.8,0.05049999999999999,-54.10000000000002,5,56.40448906146415,-0.16266666666666663,-282.95
liq_bias,<0.9813(q0.6),30,0.5666666666666667,-0.16266666666666663,-282.95,6,27.382478314007212,0.05049999999999999,-54.10000000000002
liq_bias,>=1(q0.7),19,0.7894736842105263,0.042631578947368465,-60.81999999999999,5,57.316427677798096,-0.1509677419354839,-276.23
liq_bias,<1(q0.7),31,0.5806451612903226,-0.1509677419354839,-276.23,6,25.89809885931559,0.042631578947368465,-60.81999999999999
liq_bias,>=1(q0.8),19,0.7894736842105263,0.042631578947368465,-60.81999999999999,5,57.316427677798096,-0.1509677419354839,-276.23
liq_bias,<1(q0.8),31,0.5806451612903226,-0.1509677419354839,-276.23,6,25.89809885931559,0.042631578947368465,-60.81999999999999
liq_bias,>=1(q0.9),19,0.7894736842105263,0.042631578947368465,-60.81999999999999,5,57.316427677798096,-0.1509677419354839,-276.23
liq_bias,<1(q0.9),31,0.5806451612903226,-0.1509677419354839,-276.23,6,25.89809885931559,0.042631578947368465,-60.81999999999999
ls_long_pct,>=68.82(q0.2),40,0.675,-0.061249999999999916,-135.0,6,30.104928082999287,-0.14200000000000002,-202.05
ls_long_pct,<68.82(q0.2),10,0.6,-0.14200000000000002,-202.05,1,100.0,-0.061249999999999916,-135.0
ls_long_pct,>=71.74(q0.3),35,0.6857142857142857,-0.04971428571428571,-65.93999999999998,5,34.85530546623794,-0.1419999999999999,-271.11
ls_long_pct,<71.74(q0.3),15,0.6,-0.1419999999999999,-271.11,2,91.88579550721502,-0.04971428571428571,-65.93999999999998
ls_long_pct,>=74.21(q0.4),30,0.7,-0.025666666666666837,-27.569999999999986,5,23.036502878864106,-0.15500000000000003,-309.48
ls_long_pct,<74.21(q0.4),20,0.6,-0.15500000000000003,-309.48,4,64.60913396775736,-0.025666666666666837,-27.569999999999986
ls_long_pct,>=75.36(q0.5),25,0.68,-0.03960000000000008,-66.24000000000001,4,29.389530737412635,-0.11520000000000008,-270.81
ls_long_pct,<75.36(q0.5),25,0.64,-0.11520000000000008,-270.81,4,70.53535425413315,-0.03960000000000008,-66.24000000000001
ls_long_pct,>=76.32(q0.6),20,0.6,-0.1090000000000001,-158.26,3,52.78023505623657,-0.05633333333333346,-178.79
ls_long_pct,<76.32(q0.6),30,0.7,-0.05633333333333346,-178.79,5,57.89801600436129,-0.1090000000000001,-158.26
ls_long_pct,>=77.14(q0.7),15,0.6,-0.1260000000000001,-114.71000000000001,3,61.90393165373551,-0.05657142857142872,-222.34
ls_long_pct,<77.14(q0.7),35,0.6857142857142857,-0.05657142857142872,-222.34,5,58.12094441404112,-0.1260000000000001,-114.71000000000001
ls_long_pct,>=77.48(q0.8),10,0.6,-0.09900000000000009,-66.21,2,72.39087751095,-0.07199999999999995,-270.84
ls_long_pct,<77.48(q0.8),40,0.675,-0.07199999999999995,-270.84,6,60.86662845914525,-0.09900000000000009,-66.21
oi_chg_pct,>=-0.1984(q0.2),40,0.65,-0.09249999999999992,-278.34999999999997,6,55.35600140214858,-0.017000000000000015,-58.70000000000002
oi_chg_pct,<-0.1984(q0.2),10,0.7,-0.017000000000000015,-58.70000000000002,5,38.58024691358024,-0.09249999999999992,-278.34999999999997
oi_chg_pct,>=-0.05015(q0.3),35,0.6571428571428571,-0.08600000000000008,-213.6,6,44.66832583516799,-0.05733333333333335,-123.45000000000002
oi_chg_pct,<-0.05015(q0.3),15,0.6666666666666666,-0.05733333333333335,-123.45000000000002,5,69.83536239197629,-0.08600000000000008,-213.6
oi_chg_pct,>=-0.01928(q0.4),30,0.6666666666666666,-0.07366666666666688,-175.93,6,36.35622419189395,-0.08299999999999996,-161.12
oi_chg_pct,<-0.01928(q0.4),20,0.65,-0.08299999999999996,-161.12,5,69.33600557685605,-0.07366666666666688,-175.93
oi_chg_pct,>=-0.0032(q0.5),25,0.64,-0.09240000000000004,-219.4,6,42.91481631005249,-0.0623999999999999,-117.65
oi_chg_pct,<-0.0032(q0.5),25,0.68,-0.0623999999999999,-117.65,6,39.745848483712564,-0.09240000000000004,-219.4
oi_chg_pct,>=0.05336(q0.6),20,0.7,-0.03299999999999992,-22.47,6,34.64049303811915,-0.1070000000000001,-314.58000000000004
oi_chg_pct,<0.05336(q0.6),30,0.6333333333333333,-0.1070000000000001,-314.58000000000004,6,64.57228190612044,-0.03299999999999992,-22.47
oi_chg_pct,>=0.09178(q0.7),15,0.6666666666666666,-0.09799999999999998,-82.5,6,35.832019492618606,-0.0685714285714285,-254.54999999999998
oi_chg_pct,<0.09178(q0.7),35,0.6571428571428571,-0.0685714285714285,-254.54999999999998,6,59.109855174849876,-0.09799999999999998,-82.5
oi_chg_pct,>=0.1433(q0.8),10,0.9,0.15100000000000013,160.92000000000002,6,29.081710869231948,-0.13450000000000006,-497.97
oi_chg_pct,<0.1433(q0.8),40,0.6,-0.13450000000000006,-497.97,6,60.6316123013009,0.15100000000000013,160.92000000000002
ob_imbalance,>=-0.9918(q0.4),31,0.6451612903225806,-0.0864516129032259,-189.45,6,39.42154534022635,-0.0814285714285714,-171.85
ob_imbalance,<-0.9918(q0.4),21,0.6666666666666666,-0.0814285714285714,-171.85,5,59.58144322037129,-0.0864516129032259,-189.45
ob_imbalance,>=-0.5616(q0.5),26,0.6153846153846154,-0.1134615384615385,-239.34,6,45.02843694842126,-0.055384615384615477,-121.96000000000001
ob_imbalance,<-0.5616(q0.5),26,0.6923076923076923,-0.055384615384615477,-121.96000000000001,6,40.006334013653316,-0.1134615384615385,-239.34
ob_imbalance,>=-0.3628(q0.6),21,0.5238095238095238,-0.1823809523809523,-302.4100000000001,6,42.44875320653556,-0.01806451612903237,-58.88999999999998
ob_imbalance,<-0.3628(q0.6),31,0.7419354838709677,-0.01806451612903237,-58.88999999999998,6,41.46999817618093,-0.1823809523809523,-302.4100000000001
ob_imbalance,>=-0.2337(q0.7),16,0.4375,-0.27125,-341.02,6,31.762971997763884,-0.001388888888888884,-20.279999999999994
ob_imbalance,<-0.2337(q0.7),36,0.75,-0.001388888888888884,-20.279999999999994,6,40.50427671773664,-0.27125,-341.02
ob_imbalance,>=-0.1861(q0.8),11,0.36363636363636365,-0.3218181818181819,-223.20000000000005,4,54.27419354838708,-0.0207317073170733,-138.10000000000002
ob_imbalance,<-0.1861(q0.8),41,0.7317073170731707,-0.0207317073170733,-138.10000000000002,6,53.31695772223617,-0.3218181818181819,-223.20000000000005
ob_path_ask_usd,>=7.661e+05(q0.2),41,0.7560975609756098,-0.008048780487804885,-120.32999999999996,6,62.45825544517023,-0.369090909090909,-240.97000000000003
ob_path_ask_usd,<7.661e+05(q0.2),11,0.2727272727272727,-0.369090909090909,-240.97000000000003,5,25.31261712494463,-0.008048780487804885,-120.32999999999996
ob_path_ask_usd,>=9.287e+05(q0.3),36,0.75,-0.014444444444444482,-144.8,6,71.40421203781261,-0.24187499999999995,-216.5
ob_path_ask_usd,<9.287e+05(q0.3),16,0.4375,-0.24187499999999995,-216.5,6,20.51326412918108,-0.014444444444444482,-144.8
ob_path_ask_usd,>=1.103e+06(q0.4),31,0.7419354838709677,-0.022580645161290436,-81.62,6,50.886223256646666,-0.1757142857142857,-279.68000000000006
ob_path_ask_usd,<1.103e+06(q0.4),21,0.5238095238095238,-0.1757142857142857,-279.68000000000006,6,44.80218547246207,-0.022580645161290436,-81.62
ob_path_ask_usd,>=1.275e+06(q0.5),26,0.7307692307692307,-0.02269230769230768,-85.25,6,45.94092213197559,-0.1461538461538462,-276.05
ob_path_ask_usd,<1.275e+06(q0.5),26,0.5769230769230769,-0.1461538461538462,-276.05,6,41.32748340645742,-0.02269230769230768,-85.25
ob_path_ask_usd,>=1.711e+06(q0.6),21,0.6666666666666666,-0.0780952380952381,-157.20000000000002,5,49.963781238681634,-0.08870967741935487,-204.10000000000002
ob_path_ask_usd,<1.711e+06(q0.6),31,0.6451612903225806,-0.08870967741935487,-204.10000000000002,6,42.797315436241604,-0.0780952380952381,-157.20000000000002
ob_path_ask_usd,>=1.958e+06(q0.7),16,0.5625,-0.17812499999999998,-311.53,4,71.62014307757049,-0.042777777777777914,-49.77000000000001
ob_path_ask_usd,<1.958e+06(q0.7),36,0.6944444444444444,-0.042777777777777914,-49.77000000000001,6,41.482115351702895,-0.17812499999999998,-311.53
ob_path_ask_usd,>=2.543e+06(q0.8),11,0.6363636363636364,-0.0945454545454546,-205.63,3,83.71536317429087,-0.0817073170731707,-155.67000000000002
ob_path_ask_usd,<2.543e+06(q0.8),41,0.6585365853658537,-0.0817073170731707,-155.67000000000002,6,30.445923878909685,-0.0945454545454546,-205.63
ob_path_bid_usd,==0.0,50,0.68,-0.05979999999999985,-290.15999999999997,6,54.05547880462444,-0.03152243589743586,958.76
ob_ask_frac,>=0.003326(q0.2),41,0.6829268292682927,-0.054878048780487854,-118.57999999999998,6,31.351049990708045,-0.1945454545454547,-242.72
ob_ask_frac,<0.003326(q0.2),11,0.5454545454545454,-0.1945454545454547,-242.72,5,48.91033313385199,-0.054878048780487854,-118.57999999999998
ob_ask_frac,>=0.004547(q0.3),36,0.6944444444444444,-0.03527777777777785,-79.88,6,40.556134305633464,-0.19500000000000006,-281.41999999999996
ob_ask_frac,<0.004547(q0.3),16,0.5625,-0.19500000000000006,-281.41999999999996,6,54.720191932154215,-0.03527777777777785,-79.88
ob_ask_frac,>=0.005167(q0.4),31,0.6774193548387096,-0.051612903225806694,-73.07999999999998,6,34.868312075534206,-0.13285714285714278,-288.21999999999997
ob_ask_frac,<0.005167(q0.4),21,0.6190476190476191,-0.13285714285714278,-288.21999999999997,6,69.45463505448174,-0.051612903225806694,-73.07999999999998
ob_ask_frac,>=0.005877(q0.5),26,0.6538461538461539,-0.07615384615384635,-149.51999999999998,6,35.66935078007046,-0.09269230769230774,-211.78
ob_ask_frac,<0.005877(q0.5),26,0.6538461538461539,-0.09269230769230774,-211.78,6,63.69711238833876,-0.07615384615384635,-149.51999999999998
ob_ask_frac,>=0.007005(q0.6),21,0.6190476190476191,-0.09666666666666657,-185.91,6,41.64720535575277,-0.07612903225806456,-175.39000000000001
ob_ask_frac,<0.007005(q0.6),31,0.6774193548387096,-0.07612903225806456,-175.39000000000001,6,46.138228576262584,-0.09666666666666657,-185.91
ob_ask_frac,>=0.007839(q0.7),16,0.6875,-0.03499999999999992,7.4099999999999895,6,32.16304161671519,-0.10638888888888898,-368.7099999999999
ob_ask_frac,<0.007839(q0.7),36,0.6388888888888888,-0.10638888888888898,-368.7099999999999,6,55.24360952486996,-0.03499999999999992,7.4099999999999895
ob_ask_frac,>=0.008885(q0.8),11,0.6363636363636364,-0.09909090909090912,-50.280000000000015,5,44.07616361071932,-0.08048780487804874,-311.02
ob_ask_frac,<0.008885(q0.8),41,0.6585365853658537,-0.08048780487804874,-311.02,6,57.61147500788118,-0.09909090909090912,-50.280000000000015
ob_bid_wall_pct,>=-0.105(q0.2),41,0.6341463414634146,-0.10268292682926827,-352.92999999999995,6,42.54532001479837,-0.016363636363636358,-8.369999999999983
ob_bid_wall_pct,<-0.105(q0.2),11,0.7272727272727273,-0.016363636363636358,-8.369999999999983,3,51.733852591457094,-0.10268292682926827,-352.92999999999995
ob_bid_wall_pct,>=-0.08427(q0.3),36,0.6666666666666666,-0.08222222222222231,-295.42,6,43.51884555224784,-0.08937499999999998,-65.88000000000001
ob_bid_wall_pct,<-0.08427(q0.3),16,0.625,-0.08937499999999998,-65.88000000000001,5,43.16280677497407,-0.08222222222222231,-295.42
ob_bid_wall_pct,>=-0.07451(q0.4),31,0.6774193548387096,-0.06516129032258078,-233.01,6,41.49128081779916,-0.11285714285714277,-128.29000000000002
ob_bid_wall_pct,<-0.07451(q0.4),21,0.6190476190476191,-0.11285714285714277,-128.29000000000002,6,30.832860070619024,-0.06516129032258078,-233.01
ob_bid_wall_pct,>=-0.06008(q0.5),26,0.6923076923076923,-0.03653846153846163,-166.32999999999998,6,49.41702237373593,-0.13230769230769235,-194.97000000000003
ob_bid_wall_pct,<-0.06008(q0.5),26,0.6153846153846154,-0.13230769230769235,-194.97000000000003,6,32.448093963568326,-0.03653846153846163,-166.32999999999998
ob_bid_wall_pct,>=-0.01699(q0.6),21,0.7142857142857143,-0.00952380952380949,-40.72999999999999,6,25.73270491359228,-0.13516129032258073,-320.57
ob_bid_wall_pct,<-0.01699(q0.6),31,0.6129032258064516,-0.13516129032258073,-320.57,6,48.952843680818134,-0.00952380952380949,-40.72999999999999
ob_bid_wall_pct,>=-0.01407(q0.7),16,0.625,-0.11124999999999996,-161.41,5,44.20137428130697,-0.07250000000000001,-199.89
ob_bid_wall_pct,<-0.01407(q0.7),36,0.6666666666666666,-0.07250000000000001,-199.89,6,51.48899438929651,-0.11124999999999996,-161.41
ob_bid_wall_pct,>=-0.01005(q0.8),11,0.6363636363636364,-0.1354545454545455,-117.78,4,51.46402525307499,-0.07073170731707312,-243.51999999999998
ob_bid_wall_pct,<-0.01005(q0.8),41,0.6585365853658537,-0.07073170731707312,-243.51999999999998,6,45.25796661608498,-0.1354545454545455,-117.78
ob_ask_wall_pct,>=0.008736(q0.2),41,0.6097560975609756,-0.11878048780487804,-439.81,6,52.05441299344757,0.043636363636363695,78.50999999999999
ob_ask_wall_pct,<0.008736(q0.2),11,0.8181818181818182,0.043636363636363695,78.50999999999999,4,73.54477136670488,-0.11878048780487804,-439.81
ob_ask_wall_pct,>=0.03922(q0.3),36,0.6111111111111112,-0.11249999999999993,-316.69,6,38.285009032858135,-0.02124999999999999,-44.610000000000014
ob_ask_wall_pct,<0.03922(q0.3),16,0.75,-0.02124999999999999,-44.610000000000014,4,68.27529700942236,-0.11249999999999993,-316.69
ob_ask_wall_pct,>=0.05721(q0.4),31,0.6129032258064516,-0.10999999999999988,-321.65,6,48.37171461501954,-0.046666666666666634,-39.650000000000006
ob_ask_wall_pct,<0.05721(q0.4),21,0.7142857142857143,-0.046666666666666634,-39.650000000000006,5,43.22768065570368,-0.10999999999999988,-321.65
ob_ask_wall_pct,>=0.1052(q0.5),26,0.5769230769230769,-0.1299999999999999,-325.64,6,48.81185860889396,-0.038846153846153975,-35.66
ob_ask_wall_pct,<0.1052(q0.5),26,0.7307692307692307,-0.038846153846153975,-35.66,5,37.11212976022567,-0.1299999999999999,-325.64
ob_ask_wall_pct,>=0.2035(q0.6),21,0.5238095238095238,-0.17142857142857137,-362.3299999999999,4,53.348620423219764,-0.025483870967742184,1.0299999999999727
ob_ask_wall_pct,<0.2035(q0.6),31,0.7419354838709677,-0.025483870967742184,1.0299999999999727,5,33.54926224289234,-0.17142857142857137,-362.3299999999999
ob_ask_wall_pct,>=0.2302(q0.7),16,0.625,-0.10187500000000005,-220.87,4,73.90118426958533,-0.076666666666667,-140.42999999999998
ob_ask_wall_pct,<0.2302(q0.7),36,0.6666666666666666,-0.076666666666667,-140.42999999999998,5,31.6580026645072,-0.10187500000000005,-220.87
ob_ask_wall_pct,>=0.3123(q0.8),11,0.6363636363636364,-0.0636363636363636,-89.30000000000001,3,84.48409020698176,-0.08999999999999997,-272.0
ob_ask_wall_pct,<0.3123(q0.8),41,0.6585365853658537,-0.08999999999999997,-272.0,6,36.544966756094716,-0.0636363636363636,-89.30000000000001
macro_bull,>=7.037e-30(q0.1),325,0.6584615384615384,-0.04021538461538465,675.1499999999999,13,24.52501676820262,0.0066216216216217205,-6.550000000000036
macro_bull,<7.037e-30(q0.1),37,0.6486486486486487,0.0066216216216217205,-6.550000000000036,6,47.17484516436398,-0.04021538461538465,675.1499999999999
macro_bull,>=3.122e-21(q0.2),289,0.6885813148788927,-0.012231833910034573,1603.2199999999996,13,41.83596666403638,-0.12726027397260276,-934.6199999999999
macro_bull,<3.122e-21(q0.2),73,0.5342465753424658,-0.12726027397260276,-934.6199999999999,10,63.443385295162756,-0.012231833910034573,1603.2199999999996
macro_bull,>=4.001e-11(q0.3),253,0.7035573122529645,0.0017193675889328741,1963.0799999999997,13,47.03539518685483,-0.121651376146789,-1294.48
macro_bull,<4.001e-11(q0.3),109,0.5504587155963303,-0.121651376146789,-1294.48,13,57.4281973255095,0.0017193675889328741,1963.0799999999997
macro_bull,>=7.11e-08(q0.4),217,0.7142857142857143,0.008087557603686624,1437.3799999999997,11,62.79698090682753,-0.10055172413793101,-768.78
macro_bull,<7.11e-08(q0.4),145,0.5724137931034483,-0.10055172413793101,-768.78,13,38.01637513956086,0.008087557603686624,1437.3799999999997
macro_bull,>=3.764e-06(q0.5),181,0.7182320441988951,0.015635359116022096,1563.6899999999996,11,64.27471332041438,-0.08649171270718237,-895.0899999999998
macro_bull,<3.764e-06(q0.5),181,0.5966850828729282,-0.08649171270718237,-895.0899999999998,13,40.23114781294354,0.015635359116022096,1563.6899999999996
macro_bull,>=2.993e-05(q0.6),145,0.7310344827586207,0.02965517241379323,1673.0299999999997,11,69.23751058603443,-0.07891705069124422,-1004.43
macro_bull,<2.993e-05(q0.6),217,0.6082949308755761,-0.07891705069124422,-1004.43,13,36.54078422796777,0.02965517241379323,1673.0299999999997
macro_bull,>=0.001188(q0.7),109,0.7798165137614679,0.07738532110091756,1984.9499999999998,9,75.97392192142696,-0.08403162055335966,-1316.35
macro_bull,<0.001188(q0.7),253,0.6047430830039525,-0.08403162055335966,-1316.35,13,33.88076905343723,0.07738532110091756,1984.9499999999998
macro_bull,>=0.1985(q0.8),73,0.7945205479452054,0.05486301369863,381.1499999999999,9,49.78338979570886,-0.05823529411764705,287.4499999999999
macro_bull,<0.1985(q0.8),289,0.6228373702422145,-0.05823529411764705,287.4499999999999,13,19.379981135173736,0.05486301369863,381.1499999999999
macro_bull,>=0.9997(q0.9),37,0.8108108108108109,0.07243243243243247,304.56,7,54.593289053739326,-0.04770769230769223,364.03999999999996
macro_bull,<0.9997(q0.9),325,0.64,-0.04770769230769223,364.03999999999996,13,22.384755690903386,0.07243243243243247,304.56
macro_sideways,>=2.55e-06(q0.1),325,0.6430769230769231,-0.04587692307692304,395.23000000000025,13,22.55520696285801,0.056351351351351386,273.37
macro_sideways,<2.55e-06(q0.1),37,0.7837837837837838,0.056351351351351386,273.37,7,59.57043442073383,-0.04587692307692304,395.23000000000025
macro_sideways,>=6.227e-05(q0.2),289,0.6228373702422145,-0.0574740484429066,301.46,13,20.818799265478283,0.05184931506849311,367.1399999999999
macro_sideways,<6.227e-05(q0.2),73,0.7945205479452054,0.05184931506849311,367.1399999999999,9,44.90023628248884,-0.0574740484429066,301.46
macro_sideways,>=0.0001185(q0.3),254,0.6259842519685039,-0.054291338582677096,44.23999999999978,13,29.177782777795635,0.008935185185185213,624.3599999999999
macro_sideways,<0.0001185(q0.3),108,0.7314814814814815,0.008935185185185213,624.3599999999999,11,44.228565895851155,-0.054291338582677096,44.23999999999978
macro_sideways,>=0.0002348(q0.4),217,0.6036866359447005,-0.0755529953917049,-1143.46,13,37.08929901514526,0.02462068965517239,1812.0599999999997
macro_sideways,<0.0002348(q0.4),145,0.7379310344827587,0.02462068965517239,1812.0599999999997,11,67.35184681005536,-0.0755529953917049,-1143.46
macro_sideways,>=0.0009995(q0.5),181,0.580110497237569,-0.09770718232044207,-1625.25,13,42.04691680116739,0.026850828729281684,2293.849999999999
macro_sideways,<0.0009995(q0.5),181,0.7348066298342542,0.026850828729281684,2293.849999999999,12,51.369884012058655,-0.09770718232044207,-1625.25
macro_sideways,>=0.01124(q0.6),145,0.5379310344827586,-0.13275862068965516,-1661.7800000000002,12,50.41939639812505,0.02960829493087569,2330.3799999999997
macro_sideways,<0.01124(q0.6),217,0.7373271889400922,0.02960829493087569,2330.3799999999997,12,51.59336187239435,-0.13275862068965516,-1661.7800000000002
macro_sideways,>=0.991(q0.7),109,0.5596330275229358,-0.10990825688073402,-1150.48,12,60.03180145912577,-0.0033399209486165704,1819.08
macro_sideways,<0.991(q0.7),253,0.6996047430830039,-0.0033399209486165704,1819.08,12,46.96064315596285,-0.10990825688073402,-1150.48
macro_sideways,>=1(q0.8),73,0.4931506849315068,-0.16301369863013704,-1046.44,10,65.8790419512767,-0.0032006920415225126,1715.04
macro_sideways,<1(q0.8),289,0.698961937716263,-0.0032006920415225126,1715.04,13,41.79080059928706,-0.16301369863013704,-1046.44
macro_sideways,>=1(q0.9),61,0.5409836065573771,-0.11040983606557364,-649.7599999999999,6,67.79845171804972,-0.02023255813953473,1318.36
macro_sideways,<1(q0.9),301,0.6810631229235881,-0.02023255813953473,1318.36,13,38.65244953225012,-0.11040983606557364,-649.7599999999999
macro_bear,>=3.502e-24(q0.1),325,0.6615384615384615,-0.034399999999999986,860.3499999999998,13,27.430757744093913,-0.044459459459459616,-191.75
macro_bear,<3.502e-24(q0.1),37,0.6216216216216216,-0.044459459459459616,-191.75,6,40.82233718924993,-0.034399999999999986,860.3499999999998
macro_bear,>=6.284e-11(q0.2),289,0.6885813148788927,-0.013321799307958515,1522.3099999999997,13,41.15715321976078,-0.12294520547945198,-853.71
macro_bear,<6.284e-11(q0.2),73,0.5342465753424658,-0.12294520547945198,-853.71,9,61.979130299856465,-0.013321799307958515,1522.3099999999997
macro_bear,>=4.218e-05(q0.3),253,0.691699604743083,-0.010177865612648218,1731.6799999999998,13,51.05179925770534,-0.09403669724770658,-1063.08
macro_bear,<4.218e-05(q0.3),109,0.5779816513761468,-0.09403669724770658,-1063.08,13,51.181806375560676,-0.010177865612648218,1731.6799999999998
macro_bear,>=0.0006906(q0.4),217,0.6820276497695853,-0.011705069124424039,1613.3999999999994,13,51.57482152022771,-0.07093103448275861,-944.8
macro_bear,<0.0006906(q0.4),145,0.6206896551724138,-0.07093103448275861,-944.8,13,49.6864024084295,-0.011705069124424039,1613.3999999999994
macro_bear,>=0.1607(q0.5),181,0.6685082872928176,-0.02243093922651951,1467.6599999999999,12,55.372659361843866,-0.048425414364640984,-799.06
macro_bear,<0.1607(q0.5),181,0.6464088397790055,-0.048425414364640984,-799.06,13,44.8634079732974,-0.02243093922651951,1467.6599999999999
macro_bear,>=0.9541(q0.6),145,0.7034482758620689,0.009241379310344855,1912.7399999999993,12,54.96823059407425,-0.06527649769585264,-1244.1399999999999
macro_bear,<0.9541(q0.6),217,0.6267281105990783,-0.06527649769585264,-1244.1399999999999,13,42.76614367219917,0.009241379310344855,1912.7399999999993
macro_bear,>=0.9973(q0.7),109,0.6788990825688074,-0.006238532110091732,1861.7199999999998,12,54.61392747609597,-0.048003952569169894,-1193.1200000000001
macro_bear,<0.9973(q0.7),253,0.6482213438735178,-0.048003952569169894,-1193.1200000000001,13,42.851725445582105,-0.006238532110091732,1861.7199999999998
macro_bear,>=0.9991(q0.8),73,0.6712328767123288,-0.030616438356164233,342.59999999999997,10,48.14400781782106,-0.03664359861591682,325.9999999999999
macro_bear,<0.9991(q0.8),289,0.6539792387543253,-0.03664359861591682,325.9999999999999,13,31.197908671428443,-0.030616438356164233,342.59999999999997
macro_bear,>=0.9997(q0.9),37,0.7027027027027027,-0.02851351351351361,-55.58,9,33.34720454322922,-0.03621538461538465,724.1799999999998
macro_bear,<0.9997(q0.9),325,0.6523076923076923,-0.03621538461538465,724.1799999999998,13,19.680780899617464,-0.02851351351351361,-55.58
garch_ratio,>=0.7373(q0.1),325,0.6307692307692307,-0.054061538461538494,-665.18,13,21.85311087297476,0.1282432432432432,1333.78
garch_ratio,<0.7373(q0.1),37,0.8918918918918919,0.1282432432432432,1333.78,6,87.67695642424695,-0.054061538461538494,-665.18
garch_ratio,>=0.7986(q0.2),289,0.6228373702422145,-0.060709342560553714,-1664.27,13,38.71510545172664,0.06465753424657528,2332.87
garch_ratio,<0.7986(q0.2),73,0.7945205479452054,0.06465753424657528,2332.87,7,65.5915874222707,-0.060709342560553714,-1664.27
garch_ratio,>=0.8438(q0.3),253,0.6126482213438735,-0.064288537549407,-1565.1499999999999,13,41.5625851389632,0.03155963302752307,2233.75
garch_ratio,<0.8438(q0.3),109,0.7614678899082569,0.03155963302752307,2233.75,7,74.64598454982008,-0.064288537549407,-1565.1499999999999
garch_ratio,>=0.8835(q0.4),217,0.5990783410138248,-0.07801843317972357,-1543.6799999999998,13,45.13615345093338,0.02831034482758632,2212.2799999999997
garch_ratio,<0.8835(q0.4),145,0.7448275862068966,0.02831034482758632,2212.2799999999997,10,61.52958750536139,-0.07801843317972357,-1543.6799999999998
garch_ratio,>=0.9067(q0.5),181,0.6132596685082873,-0.05643646408839775,-1075.5500000000002,13,39.915514115266305,-0.014419889502762517,1744.1499999999999
garch_ratio,<0.9067(q0.5),181,0.7016574585635359,-0.014419889502762517,1744.1499999999999,10,55.89174468905518,-0.05643646408839775,-1075.5500000000002
garch_ratio,>=0.9501(q0.6),145,0.5793103448275863,-0.08344827586206893,-1276.52,13,51.03699117783626,-0.00334101382488472,1945.12
garch_ratio,<0.9501(q0.6),217,0.7096774193548387,-0.00334101382488472,1945.12,13,49.959842338998165,-0.08344827586206893,-1276.52
garch_ratio,>=0.9905(q0.7),109,0.6055045871559633,-0.04417431192660559,-677.89,13,41.58083478132278,-0.03166007905138335,1346.4900000000002
garch_ratio,<0.9905(q0.7),253,0.6798418972332015,-0.03166007905138335,1346.4900000000002,13,38.984786068231124,-0.04417431192660559,-677.89
garch_ratio,>=1.072(q0.8),73,0.6301369863013698,-0.026506849315068415,-449.51,12,40.47440615027072,-0.03768166089965397,1118.1099999999997
garch_ratio,<1.072(q0.8),289,0.6643598615916955,-0.03768166089965397,1118.1099999999997,13,35.58158112171256,-0.026506849315068415,-449.51
garch_ratio,>=1.215(q0.9),37,0.5405405405405406,-0.09905405405405387,-464.55999999999995,8,63.85459533607681,-0.028184615384615253,1133.1599999999999
garch_ratio,<1.215(q0.9),325,0.6707692307692308,-0.028184615384615253,1133.1599999999999,13,33.51777460182574,-0.09905405405405387,-464.55999999999995
macd_hist_1h_recon,>=-0.1788(q0.1),325,0.6553846153846153,-0.03381538461538469,871.3399999999999,13,20.276567759454643,-0.04959459459459459,-202.74
macd_hist_1h_recon,<-0.1788(q0.1),37,0.6756756756756757,-0.04959459459459459,-202.74,7,24.42619498841861,-0.03381538461538469,871.3399999999999
macd_hist_1h_recon,>=-0.1314(q0.2),289,0.6505190311418685,-0.0370415224913494,952.21,13,23.075857531210495,-0.02904109589041093,-283.60999999999996
macd_hist_1h_recon,<-0.1314(q0.2),73,0.684931506849315,-0.02904109589041093,-283.60999999999996,11,24.01066583013097,-0.0370415224913494,952.21
macd_hist_1h_recon,>=-0.05904(q0.3),253,0.6363636363636364,-0.055217391304347885,-263.1299999999999,13,21.079092431359932,0.010504587155963252,931.7299999999996
macd_hist_1h_recon,<-0.05904(q0.3),109,0.7064220183486238,0.010504587155963252,931.7299999999996,13,70.69747882060082,-0.055217391304347885,-263.1299999999999
macd_hist_1h_recon,>=-0.02046(q0.4),217,0.631336405529954,-0.05370967741935484,-582.0600000000002,13,30.994096237256237,-0.008068965517241344,1250.6599999999999
macd_hist_1h_recon,<-0.02046(q0.4),145,0.696551724137931,-0.008068965517241344,1250.6599999999999,13,73.73847682575287,-0.05370967741935484,-582.0600000000002
macd_hist_1h_recon,>=0.03348(q0.5),181,0.6187845303867403,-0.059309392265193495,-1050.67,13,40.41776001232705,-0.011546961325966887,1719.2699999999998
macd_hist_1h_recon,<0.03348(q0.5),181,0.6961325966850829,-0.011546961325966887,1719.2699999999998,13,49.665299071474834,-0.059309392265193495,-1050.67
macd_hist_1h_recon,>=0.07286(q0.6),145,0.6068965517241379,-0.07386206896551717,-1027.62,13,42.871032980709394,-0.009746543778801908,1696.2200000000003
macd_hist_1h_recon,<0.07286(q0.6),217,0.6912442396313364,-0.009746543778801908,1696.2200000000003,13,44.001086135872946,-0.07386206896551717,-1027.62
macd_hist_1h_recon,>=0.1115(q0.7),109,0.5688073394495413,-0.09518348623853223,-922.2200000000001,13,40.89901829965687,-0.009683794466403106,1590.8199999999997
macd_hist_1h_recon,<0.1115(q0.7),253,0.6956521739130435,-0.009683794466403106,1590.8199999999997,13,41.28493659961495,-0.09518348623853223,-922.2200000000001
macd_hist_1h_recon,>=0.1571(q0.8),73,0.5205479452054794,-0.14027397260273966,-865.93,11,39.49205020316549,-0.008944636678200668,1534.5299999999995
macd_hist_1h_recon,<0.1571(q0.8),289,0.6920415224913494,-0.008944636678200668,1534.5299999999995,13,36.887126781545085,-0.14027397260273966,-865.93
macd_hist_1h_recon,>=0.208(q0.9),37,0.40540540540540543,-0.23067567567567565,-712.2699999999999,9,50.5940085467283,-0.0132000000000001,1380.8699999999994
macd_hist_1h_recon,<0.208(q0.9),325,0.6861538461538461,-0.0132000000000001,1380.8699999999994,13,31.9487987371942,-0.23067567567567565,-712.2699999999999
donch_1h_recon,>=0.1013(q0.1),325,0.6676923076923077,-0.026107692307692276,1028.8299999999997,13,22.42947498496008,-0.11729729729729721,-360.23
donch_1h_recon,<0.1013(q0.1),37,0.5675675675675675,-0.11729729729729721,-360.23,6,39.222163617688686,-0.026107692307692276,1028.8299999999997
donch_1h_recon,>=0.2284(q0.2),289,0.643598615916955,-0.04816608996539795,-826.3599999999999,13,24.69737536767479,0.014999999999999902,1494.9599999999998
donch_1h_recon,<0.2284(q0.2),73,0.7123287671232876,0.014999999999999902,1494.9599999999998,9,57.34094175879994,-0.04816608996539795,-826.3599999999999
donch_1h_recon,>=0.3444(q0.3),253,0.6324110671936759,-0.06280632411067189,-980.3799999999999,13,22.6022168464467,0.028119266055046,1648.98
donch_1h_recon,<0.3444(q0.3),109,0.7155963302752294,0.028119266055046,1648.98,12,49.61118837286741,-0.06280632411067189,-980.3799999999999
donch_1h_recon,>=0.4577(q0.4),217,0.6221198156682027,-0.0766129032258065,-1383.0500000000002,13,37.49292621369651,0.026206896551724146,2051.65
donch_1h_recon,<0.4577(q0.4),145,0.7103448275862069,0.026206896551724146,2051.65,13,56.92567764500145,-0.0766129032258065,-1383.0500000000002
donch_1h_recon,>=0.6044(q0.5),181,0.6077348066298343,-0.09281767955801112,-1276.48,13,40.954744862618334,0.021961325966850742,1945.0800000000004
donch_1h_recon,<0.6044(q0.5),181,0.7071823204419889,0.021961325966850742,1945.0800000000004,13,55.146708015267166,-0.09281767955801112,-1276.48
donch_1h_recon,>=0.699(q0.6),145,0.6137931034482759,-0.0920344827586207,-1215.77,13,40.538063429917756,0.0023963133640553247,1884.37
donch_1h_recon,<0.699(q0.6),217,0.6866359447004609,0.0023963133640553247,1884.37,13,48.90088920435293,-0.0920344827586207,-1215.77
donch_1h_recon,>=0.7616(q0.7),109,0.5963302752293578,-0.10091743119266072,-986.0199999999999,12,40.65683679584499,-0.0072134387351777685,1654.6199999999997
donch_1h_recon,<0.7616(q0.7),253,0.6837944664031621,-0.0072134387351777685,1654.6199999999997,13,41.07334647542655,-0.10091743119266072,-986.0199999999999
donch_1h_recon,>=0.8243(q0.8),73,0.547945205479452,-0.15760273972602745,-982.3299999999999,11,45.805672902836456,-0.004567474048442932,1650.9299999999998
donch_1h_recon,<0.8243(q0.8),289,0.6851211072664359,-0.004567474048442932,1650.9299999999998,13,39.03006677587605,-0.15760273972602745,-982.3299999999999
donch_1h_recon,>=0.9163(q0.9),37,0.43243243243243246,-0.2794594594594594,-743.6699999999998,10,51.89597703046104,-0.007646153846153858,1412.2700000000002
donch_1h_recon,<0.9163(q0.9),325,0.683076923076923,-0.007646153846153858,1412.2700000000002,13,30.928126343253737,-0.2794594594594594,-743.6699999999998
kc_pct_1h_recon,>=0.08995(q0.1),325,0.6676923076923077,-0.02673846153846149,1003.1399999999996,13,22.07780617708794,-0.11175675675675678,-334.53999999999996
kc_pct_1h_recon,<0.08995(q0.1),37,0.5675675675675675,-0.11175675675675678,-334.53999999999996,8,32.593907128068615,-0.02673846153846149,1003.1399999999996
kc_pct_1h_recon,>=0.2645(q0.2),289,0.657439446366782,-0.042093425605536305,347.78000000000014,13,26.200441400170575,-0.00904109589041091,320.8199999999999
kc_pct_1h_recon,<0.2645(q0.2),73,0.6575342465753424,-0.00904109589041091,320.8199999999999,10,63.10404149334976,-0.042093425605536305,347.78000000000014
kc_pct_1h_recon,>=0.3619(q0.3),253,0.6403162055335968,-0.06296442687747039,-1239.63,13,32.780010888829686,0.028486238532110186,1908.2299999999993
kc_pct_1h_recon,<0.3619(q0.3),109,0.6972477064220184,0.028486238532110186,1908.2299999999993,13,61.653373789281204,-0.06296442687747039,-1239.63
kc_pct_1h_recon,>=0.4914(q0.4),217,0.6175115207373272,-0.0839400921658986,-1453.2600000000002,13,33.201626064072215,0.03717241379310343,2121.8599999999997
kc_pct_1h_recon,<0.4914(q0.4),145,0.7172413793103448,0.03717241379310343,2121.8599999999997,13,60.05361930294906,-0.0839400921658986,-1453.2600000000002
kc_pct_1h_recon,>=0.5487(q0.5),181,0.6022099447513812,-0.10574585635359124,-1509.62,13,35.44725096106711,0.03488950276243086,2178.22
kc_pct_1h_recon,<0.5487(q0.5),181,0.712707182320442,0.03488950276243086,2178.22,13,49.49590851115664,-0.10574585635359124,-1509.62
kc_pct_1h_recon,>=0.6454(q0.6),145,0.5724137931034483,-0.1431724137931033,-1590.83,13,31.350182057586622,0.036566820276497713,2259.4300000000003
kc_pct_1h_recon,<0.6454(q0.6),217,0.7142857142857143,0.036566820276497713,2259.4300000000003,13,43.09312345962548,-0.1431724137931033,-1590.83
kc_pct_1h_recon,>=0.7102(q0.7),109,0.5504587155963303,-0.15788990825688087,-1221.2000000000003,12,34.17323887180858,0.01733201581027677,1889.8
kc_pct_1h_recon,<0.7102(q0.7),253,0.7035573122529645,0.01733201581027677,1889.8,13,41.53410058466255,-0.15788990825688087,-1221.2000000000003
kc_pct_1h_recon,>=0.8186(q0.8),74,0.4864864864864865,-0.22121621621621612,-1199.02,9,41.654908577828856,0.012309027777777759,1867.6200000000003
kc_pct_1h_recon,<0.8186(q0.8),288,0.7013888888888888,0.012309027777777759,1867.6200000000003,13,35.62622574522157,-0.22121621621621612,-1199.02
kc_pct_1h_recon,>=0.9586(q0.9),37,0.43243243243243246,-0.2754054054054055,-849.1899999999999,7,41.27357325614708,-0.008107692307692371,1517.79
kc_pct_1h_recon,<0.9586(q0.9),325,0.683076923076923,-0.008107692307692371,1517.79,13,32.28452315119887,-0.2754054054054055,-849.1899999999999
kc_bo_1h_recon,==0,314,0.6942675159235668,0.0003821656050955191,1631.7799999999997,13,32.975128737591376,-0.2696875,-963.1800000000001
kc_bo_1h_recon,==1,30,0.43333333333333335,-0.25950000000000006,-608.4799999999999,6,49.54202586206897,-0.015180722891566356,1277.0800000000002
kc_bo_1h_recon,==-1,18,0.3888888888888889,-0.2866666666666667,-354.7,7,49.02170848604454,-0.022281976744186083,1023.3
kalman_velocity_recon,>=-0.002579(q0.1),325,0.6707692307692308,-0.031153846153846088,381.5300000000003,13,27.758588445435077,-0.0729729729729729,287.06999999999994
kalman_velocity_recon,<-0.002579(q0.1),37,0.5405405405405406,-0.0729729729729729,287.06999999999994,11,58.79793762901391,-0.031153846153846088,381.5300000000003
kalman_velocity_recon,>=-0.001538(q0.2),289,0.6539792387543253,-0.05057093425605541,-242.3500000000002,13,20.42577444908028,0.02452054794520553,910.9500000000002
kalman_velocity_recon,<-0.001538(q0.2),73,0.6712328767123288,0.02452054794520553,910.9500000000002,12,49.25811792478987,-0.05057093425605541,-242.3500000000002
kalman_velocity_recon,>=-0.000824(q0.3),253,0.6521739130434783,-0.05086956521739128,5.399999999999864,13,19.802629874895313,0.0004128440366971686,663.2000000000003
kalman_velocity_recon,<-0.000824(q0.3),109,0.6697247706422018,0.0004128440366971686,663.2000000000003,12,45.742107942973526,-0.05086956521739128,5.399999999999864
kalman_velocity_recon,>=-0.0003649(q0.4),217,0.6221198156682027,-0.08055299539170513,-364.5400000000001,13,22.59193691156353,0.03210344827586209,1033.1399999999999
kalman_velocity_recon,<-0.0003649(q0.4),145,0.7103448275862069,0.03210344827586209,1033.1399999999999,13,37.09261842816384,-0.08055299539170513,-364.5400000000001
kalman_velocity_recon,>=4.922e-05(q0.5),181,0.5966850828729282,-0.10712707182320447,-385.1400000000001,13,28.560606731817096,0.0362707182320442,1053.7399999999998
kalman_velocity_recon,<4.922e-05(q0.5),181,0.7182320441988951,0.0362707182320442,1053.7399999999998,13,37.784889166406494,-0.10712707182320447,-385.1400000000001
kalman_velocity_recon,>=0.0004757(q0.6),145,0.5241379310344828,-0.17403448275862055,-807.3500000000003,12,26.944649481191725,0.05718894009216602,1475.9499999999998
kalman_velocity_recon,<0.0004757(q0.6),217,0.7465437788018433,0.05718894009216602,1475.9499999999998,13,35.72816190009628,-0.17403448275862055,-807.3500000000003
kalman_velocity_recon,>=0.0008938(q0.7),109,0.46788990825688076,-0.24064220183486235,-1858.3400000000001,12,32.366149046724885,0.052984189723320196,2526.9399999999996
kalman_velocity_recon,<0.0008938(q0.7),253,0.7391304347826086,0.052984189723320196,2526.9399999999996,13,39.26225727445771,-0.24064220183486235,-1858.3400000000001
kalman_velocity_recon,>=0.001519(q0.8),73,0.3424657534246575,-0.35904109589041094,-1850.65,11,30.79998919298625,0.046314878892733446,2519.2499999999995
kalman_velocity_recon,<0.001519(q0.8),289,0.7370242214532872,0.046314878892733446,2519.2499999999995,13,35.93341048128206,-0.35904109589041094,-1850.65
kalman_velocity_recon,>=0.002468(q0.9),37,0.16216216216216217,-0.5193243243243243,-1332.0600000000002,11,36.65471500450031,0.019661538461538508,2000.6599999999996
kalman_velocity_recon,<0.002468(q0.9),325,0.7138461538461538,0.019661538461538508,2000.6599999999996,13,34.444095867401295,-0.5193243243243243,-1332.0600000000002
kalman_residual_recon,>=-0.003264(q0.1),325,0.6615384615384615,-0.03652307692307699,816.8799999999997,13,23.532477777621253,-0.025810810810810825,-148.27999999999997
kalman_residual_recon,<-0.003264(q0.1),37,0.6216216216216216,-0.025810810810810825,-148.27999999999997,10,26.896802325581394,-0.03652307692307699,816.8799999999997
kalman_residual_recon,>=-0.001915(q0.2),289,0.643598615916955,-0.057439446366782,-433.9299999999999,13,17.94716229370883,0.05171232876712328,1102.53
kalman_residual_recon,<-0.001915(q0.2),73,0.7123287671232876,0.05171232876712328,1102.53,12,52.68793757349678,-0.057439446366782,-433.9299999999999
kalman_residual_recon,>=-0.001136(q0.3),253,0.6086956521739131,-0.08675889328063235,-825.0000000000001,13,19.23914452365522,0.08371559633027514,1493.5999999999997
kalman_residual_recon,<-0.001136(q0.3),109,0.7706422018348624,0.08371559633027514,1493.5999999999997,13,45.440014437268786,-0.08675889328063235,-825.0000000000001
kalman_residual_recon,>=-0.0005048(q0.4),217,0.5806451612903226,-0.11251152073732706,-952.9200000000002,13,19.52839464944992,0.07993103448275862,1621.52
kalman_residual_recon,<-0.0005048(q0.4),145,0.7724137931034483,0.07993103448275862,1621.52,13,36.316745723030394,-0.11251152073732706,-952.9200000000002
kalman_residual_recon,>=3.503e-05(q0.5),181,0.5303867403314917,-0.1565745856353592,-2120.2799999999997,13,29.123300058511674,0.08571823204419882,2788.88
kalman_residual_recon,<3.503e-05(q0.5),181,0.7845303867403315,0.08571823204419882,2788.88,13,40.436004689081905,-0.1565745856353592,-2120.2799999999997
kalman_residual_recon,>=0.0004819(q0.6),145,0.4896551724137931,-0.19106896551724128,-2076.15,13,21.853266906013946,0.0685714285714285,2744.75
kalman_residual_recon,<0.0004819(q0.6),217,0.7695852534562212,0.0685714285714285,2744.75,13,35.650607865436534,-0.19106896551724128,-2076.15
kalman_residual_recon,>=0.001074(q0.7),109,0.44954128440366975,-0.22463302752293574,-1750.38,12,19.080749544358227,0.04608695652173911,2418.98
kalman_residual_recon,<0.001074(q0.7),253,0.7470355731225297,0.04608695652173911,2418.98,13,31.203114581018003,-0.22463302752293574,-1750.38
kalman_residual_recon,>=0.001926(q0.8),73,0.3835616438356164,-0.29047945205479453,-1512.02,12,33.73996175908221,0.028996539792387588,2180.6200000000003
kalman_residual_recon,<0.001926(q0.8),289,0.726643598615917,0.028996539792387588,2180.6200000000003,13,36.06541596962214,-0.29047945205479453,-1512.02
kalman_residual_recon,>=0.003244(q0.9),37,0.2702702702702703,-0.36702702702702694,-966.56,11,33.80611592248786,0.002323076923076872,1635.1599999999999
kalman_residual_recon,<0.003244(q0.9),325,0.7015384615384616,0.002323076923076872,1635.1599999999999,13,31.595676626595935,-0.36702702702702694,-966.56
arima_forecast_recon,>=-0.000437(q0.1),325,0.6676923076923077,-0.0323230769230769,841.86,13,25.027610843254195,-0.06270270270270284,-173.26000000000005
arima_forecast_recon,<-0.000437(q0.1),37,0.5675675675675675,-0.06270270270270284,-173.26000000000005,8,31.548764384078474,-0.0323230769230769,841.86
arima_forecast_recon,>=-0.0002707(q0.2),289,0.6782006920415224,-0.02935986159169557,984.7700000000001,13,27.744449415945187,-0.05945205479452065,-316.16999999999996
arima_forecast_recon,<-0.0002707(q0.2),73,0.5753424657534246,-0.05945205479452065,-316.16999999999996,11,40.69490230075171,-0.02935986159169557,984.7700000000001
arima_forecast_recon,>=-0.0001408(q0.3),253,0.6877470355731226,-0.01735177865612636,1279.1599999999996,13,35.28108133925586,-0.07738532110091756,-610.56
arima_forecast_recon,<-0.0001408(q0.3),109,0.5871559633027523,-0.07738532110091756,-610.56,12,26.430187459599225,-0.01735177865612636,1279.1599999999996
arima_forecast_recon,>=-4.189e-05(q0.4),217,0.7004608294930875,-0.0023271889400923174,1584.5699999999997,12,42.32485486920369,-0.08496551724137935,-915.97
arima_forecast_recon,<-4.189e-05(q0.4),145,0.593103448275862,-0.08496551724137935,-915.97,12,23.875563974334288,-0.0023271889400923174,1584.5699999999997
arima_forecast_recon,>=5.367e-05(q0.5),181,0.6906077348066298,-0.016464088397790122,1513.44,10,53.23995142116449,-0.05439226519337015,-844.84
arima_forecast_recon,<5.367e-05(q0.5),181,0.6243093922651933,-0.05439226519337015,-844.84,12,25.666725452158413,-0.016464088397790122,1513.44
arima_forecast_recon,>=0.0001265(q0.6),145,0.6551724137931034,-0.04465517241379313,1364.04,9,57.438167270604836,-0.029262672811059987,-695.4399999999998
arima_forecast_recon,<0.0001265(q0.6),217,0.6589861751152074,-0.029262672811059987,-695.4399999999998,13,24.512042217938884,-0.04465517241379313,1364.04
arima_forecast_recon,>=0.0001808(q0.7),109,0.6330275229357798,-0.07353211009174332,-250.5500000000001,9,39.214074639425434,-0.019011857707509905,919.1499999999997
arima_forecast_recon,<0.0001808(q0.7),253,0.6679841897233202,-0.019011857707509905,919.1499999999997,13,24.619999545006934,-0.07353211009174332,-250.5500000000001
arima_forecast_recon,>=0.0002727(q0.8),73,0.6164383561643836,-0.08178082191780822,-541.9699999999999,9,59.86320393515815,-0.023719723183390995,1210.5699999999997
arima_forecast_recon,<0.0002727(q0.8),289,0.6678200692041523,-0.023719723183390995,1210.5699999999997,13,31.896181829001314,-0.08178082191780822,-541.9699999999999
arima_forecast_recon,>=0.0003749(q0.9),37,0.6756756756756757,-0.029054054054054035,-112.16000000000003,9,26.295169265880563,-0.0361538461538462,780.7599999999999
arima_forecast_recon,<0.0003749(q0.9),325,0.6553846153846153,-0.0361538461538462,780.7599999999999,13,20.395833333333332,-0.029054054054054035,-112.16000000000003
bp_1h_recon,>=0.04348(q0.1),326,0.6411042944785276,-0.052085889570552046,421.7199999999998,13,22.50682328060474,0.11541666666666672,246.87999999999994
bp_1h_recon,<0.04348(q0.1),36,0.8055555555555556,0.11541666666666672,246.87999999999994,11,28.77299979326029,-0.052085889570552046,421.7199999999998
bp_1h_recon,>=0.178(q0.2),289,0.6262975778546713,-0.06470588235294106,330.9599999999999,13,27.851601635482385,0.08047945205479456,337.64000000000004
bp_1h_recon,<0.178(q0.2),73,0.7808219178082192,0.08047945205479456,337.64000000000004,13,27.273660439334833,-0.06470588235294106,330.9599999999999
bp_1h_recon,>=0.2867(q0.3),253,0.6205533596837944,-0.07335968379446645,-134.00999999999976,13,34.36134432934155,0.052614678899082445,802.6099999999999
bp_1h_recon,<0.2867(q0.3),109,0.7431192660550459,0.052614678899082445,802.6099999999999,13,41.1956353992215,-0.07335968379446645,-134.00999999999976
bp_1h_recon,>=0.4(q0.4),217,0.6175115207373272,-0.09009216589861757,-443.45000000000016,13,23.097611540401076,0.04637931034482756,1112.0499999999997
bp_1h_recon,<0.4(q0.4),145,0.7172413793103448,0.04637931034482756,1112.0499999999997,13,40.27283176002863,-0.09009216589861757,-443.45000000000016
bp_1h_recon,>=0.5172(q0.5),182,0.5879120879120879,-0.11876373626373626,-591.1700000000001,13,19.46560728566464,0.048833333333333284,1259.77
bp_1h_recon,<0.5172(q0.5),180,0.7277777777777777,0.048833333333333284,1259.77,13,39.70930824465058,-0.11876373626373626,-591.1700000000001
bp_1h_recon,>=0.6594(q0.6),145,0.5379310344827586,-0.1679310344827586,-750.33,12,20.921588929920212,0.053110599078341036,1418.93
bp_1h_recon,<0.6594(q0.6),217,0.7373271889400922,0.053110599078341036,1418.93,13,33.45803133037176,-0.1679310344827586,-750.33
bp_1h_recon,>=0.7871(q0.7),109,0.4954128440366973,-0.2108715596330275,-573.8299999999999,11,27.11165065097151,0.04015810276679854,1242.4299999999998
bp_1h_recon,<0.7871(q0.7),253,0.7272727272727273,0.04015810276679854,1242.4299999999998,13,32.597231246337756,-0.2108715596330275,-573.8299999999999
bp_1h_recon,>=0.9178(q0.8),73,0.3972602739726027,-0.30965753424657544,-512.25,11,31.4976764863194,0.033840830449827,1180.85
bp_1h_recon,<0.9178(q0.8),289,0.7231833910034602,0.033840830449827,1180.85,13,30.527841374530023,-0.30965753424657544,-512.25
bp_1h_recon,>=1(q0.9),50,0.4,-0.2901999999999999,-25.030000000000083,9,48.80325125508009,0.005400641025640973,693.63
bp_1h_recon,<1(q0.9),312,0.6987179487179487,0.005400641025640973,693.63,13,27.950498172110365,-0.2901999999999999,-25.030000000000083
stoch_k_4h_recon,>=1.957(q0.1),325,0.6553846153846153,-0.03770769230769233,812.3199999999998,13,21.40341922072542,-0.01540540540540547,-143.72000000000003
stoch_k_4h_recon,<1.957(q0.1),37,0.6756756756756757,-0.01540540540540547,-143.72000000000003,9,31.884693374253303,-0.03770769230769233,812.3199999999998
stoch_k_4h_recon,>=11.87(q0.2),290,0.6620689655172414,-0.03786206896551736,417.3399999999999,13,30.97512920536227,-0.02562500000000001,251.26000000000002
stoch_k_4h_recon,<11.87(q0.2),72,0.6388888888888888,-0.02562500000000001,251.26000000000002,11,45.6385189002883,-0.03786206896551736,417.3399999999999
stoch_k_4h_recon,>=27.7(q0.3),256,0.6640625,-0.04238281249999998,391.9000000000002,13,40.74464602110777,-0.018632075471698206,276.70000000000005
stoch_k_4h_recon,<27.7(q0.3),106,0.6415094339622641,-0.018632075471698206,276.70000000000005,11,33.40516976729907,-0.04238281249999998,391.9000000000002
stoch_k_4h_recon,>=36.35(q0.4),217,0.6497695852534562,-0.06170506912442397,-712.8699999999999,13,20.916949784408477,0.003896551724138053,1381.47
stoch_k_4h_recon,<36.35(q0.4),145,0.6689655172413793,0.003896551724138053,1381.47,12,31.366998930411693,-0.06170506912442397,-712.8699999999999
stoch_k_4h_recon,>=59.15(q0.5),181,0.6464088397790055,-0.06127071823204422,-522.5900000000001,12,28.58460385624117,-0.009585635359116162,1191.1899999999998
stoch_k_4h_recon,<59.15(q0.5),181,0.6685082872928176,-0.009585635359116162,1191.1899999999998,13,28.255210716887735,-0.06127071823204422,-522.5900000000001
stoch_k_4h_recon,>=68.51(q0.6),148,0.668918918918919,-0.04054054054054035,-639.4100000000001,12,45.82475617747967,-0.031892523364486,1308.01
stoch_k_4h_recon,<68.51(q0.6),214,0.6495327102803738,-0.031892523364486,1308.01,13,37.142737339169315,-0.04054054054054035,-639.4100000000001
stoch_k_4h_recon,>=78.48(q0.7),109,0.6788990825688074,-0.028853211009174373,-384.83000000000004,11,31.964847972179143,-0.03826086956521735,1053.4299999999998
stoch_k_4h_recon,<78.48(q0.7),253,0.6482213438735178,-0.03826086956521735,1053.4299999999998,13,30.6151625681988,-0.028853211009174373,-384.83000000000004
stoch_k_4h_recon,>=88.27(q0.8),73,0.684931506849315,-0.01075342465753415,-78.82000000000005,11,27.417606562179586,-0.04166089965397912,747.4200000000001
stoch_k_4h_recon,<88.27(q0.8),289,0.6505190311418685,-0.04166089965397912,747.4200000000001,13,23.005652931347104,-0.01075342465753415,-78.82000000000005
stoch_k_4h_recon,>=100(q0.9),40,0.65,-0.03962500000000002,-198.53000000000003,11,29.64775083691365,-0.034906832298136625,867.1300000000001
stoch_k_4h_recon,<100(q0.9),322,0.6583850931677019,-0.034906832298136625,867.1300000000001,13,25.16597961215745,-0.03962500000000002,-198.53000000000003
hmm_ms_state_recon,>=3(q0.2),303,0.6600660066006601,-0.03641914191419138,859.4699999999995,13,30.447163238524833,-0.03033898305084748,-190.87
hmm_ms_state_recon,<3(q0.2),59,0.6440677966101694,-0.03033898305084748,-190.87,8,38.337063656458085,-0.03641914191419138,859.4699999999995
hmm_ms_state_recon,>=3(q0.3),303,0.6600660066006601,-0.03641914191419138,859.4699999999995,13,30.447163238524833,-0.03033898305084748,-190.87
hmm_ms_state_recon,<3(q0.3),59,0.6440677966101694,-0.03033898305084748,-190.87,8,38.337063656458085,-0.03641914191419138,859.4699999999995
hmm_ms_state_recon,>=4(q0.4),244,0.6352459016393442,-0.05102459016393446,811.6799999999996,13,33.25902155298764,-0.0031779661016950733,-143.07999999999998
hmm_ms_state_recon,<4(q0.4),118,0.7033898305084746,-0.0031779661016950733,-143.07999999999998,12,25.472501419173877,-0.05102459016393446,811.6799999999996
hmm_ms_state_recon,>=5(q0.5),205,0.6536585365853659,-0.03265853658536577,764.8499999999996,12,26.965497167677942,-0.03904458598726113,-96.25000000000003
hmm_ms_state_recon,<5(q0.5),157,0.6624203821656051,-0.03904458598726113,-96.25000000000003,12,35.16084419308049,-0.03265853658536577,764.8499999999996
hmm_ms_state_recon,>=6(q0.6),167,0.6586826347305389,-0.027275449101796356,1110.78,12,29.490176603115387,-0.04241025641025631,-442.18
hmm_ms_state_recon,<6(q0.6),195,0.6564102564102564,-0.04241025641025631,-442.18,13,22.631609420006658,-0.027275449101796356,1110.78
hmm_ms_state_recon,>=7(q0.7),118,0.7203389830508474,0.023177966101694758,1745.9,9,49.085419561940924,-0.06377049180327876,-1077.3000000000002
hmm_ms_state_recon,<7(q0.7),244,0.6270491803278688,-0.06377049180327876,-1077.3000000000002,13,23.122634171635983,0.023177966101694758,1745.9
hmm_ms_state_recon,>=7(q0.8),118,0.7203389830508474,0.023177966101694758,1745.9,9,49.085419561940924,-0.06377049180327876,-1077.3000000000002
hmm_ms_state_recon,<7(q0.8),244,0.6270491803278688,-0.06377049180327876,-1077.3000000000002,13,23.122634171635983,0.023177966101694758,1745.9
hmm_ms_state_recon,>=7(q0.9),118,0.7203389830508474,0.023177966101694758,1745.9,9,49.085419561940924,-0.06377049180327876,-1077.3000000000002
hmm_ms_state_recon,<7(q0.9),244,0.6270491803278688,-0.06377049180327876,-1077.3000000000002,13,23.122634171635983,0.023177966101694758,1745.9
hmm_vd_state_recon,>=3(q0.2),297,0.6801346801346801,-0.023030303030302957,1339.4299999999996,13,36.66307885415702,-0.09207692307692306,-670.8300000000002
hmm_vd_state_recon,<3(q0.2),65,0.5538461538461539,-0.09207692307692306,-670.8300000000002,8,61.09691898768216,-0.023030303030302957,1339.4299999999996
hmm_vd_state_recon,>=4(q0.3),277,0.7075812274368231,0.001299638989169627,1861.6499999999996,13,44.45327970771994,-0.15511764705882347,-1193.0500000000002
hmm_vd_state_recon,<4(q0.3),85,0.49411764705882355,-0.15511764705882347,-1193.0500000000002,11,58.737726430460214,0.001299638989169627,1861.6499999999996
hmm_vd_state_recon,>=4(q0.4),277,0.7075812274368231,0.001299638989169627,1861.6499999999996,13,44.45327970771994,-0.15511764705882347,-1193.0500000000002
hmm_vd_state_recon,<4(q0.4),85,0.49411764705882355,-0.15511764705882347,-1193.0500000000002,11,58.737726430460214,0.001299638989169627,1861.6499999999996
hmm_vd_state_recon,>=4(q0.5),277,0.7075812274368231,0.001299638989169627,1861.6499999999996,13,44.45327970771994,-0.15511764705882347,-1193.0500000000002
hmm_vd_state_recon,<4(q0.5),85,0.49411764705882355,-0.15511764705882347,-1193.0500000000002,11,58.737726430460214,0.001299638989169627,1861.6499999999996
hmm_vd_state_recon,>=5(q0.6),152,0.625,-0.07388157894736835,-317.92999999999995,12,29.772030907515827,-0.007595238095238099,986.5299999999997
hmm_vd_state_recon,<5(q0.6),210,0.680952380952381,-0.007595238095238099,986.5299999999997,13,41.79147277072067,-0.07388157894736835,-317.92999999999995
hmm_vd_state_recon,>=5(q0.7),152,0.625,-0.07388157894736835,-317.92999999999995,12,29.772030907515827,-0.007595238095238099,986.5299999999997
hmm_vd_state_recon,<5(q0.7),210,0.680952380952381,-0.007595238095238099,986.5299999999997,13,41.79147277072067,-0.07388157894736835,-317.92999999999995
hmm_vd_state_recon,>=5(q0.8),152,0.625,-0.07388157894736835,-317.92999999999995,12,29.772030907515827,-0.007595238095238099,986.5299999999997
hmm_vd_state_recon,<5(q0.8),210,0.680952380952381,-0.007595238095238099,986.5299999999997,13,41.79147277072067,-0.07388157894736835,-317.92999999999995
hmm_vd_state_recon,>=7(q0.9),59,0.6610169491525424,-0.047372881355932095,431.06999999999994,11,48.85552366232428,-0.03310231023102317,237.52999999999975
hmm_vd_state_recon,<7(q0.9),303,0.6567656765676567,-0.03310231023102317,237.52999999999975,13,29.545899947304004,-0.047372881355932095,431.06999999999994
hmm_of_state_recon,==2.0,50,0.66,-0.0773999999999998,-337.05000000000007,6,54.93322003214305,-0.028701923076922986,1005.6499999999999
