logged_at,contract_ticker,close_ts,spot,strike,p_market,tau_minutes,spread,p_model_yes,p_model_no,bp_5m,vol_ratio,vol_ratio_5m,body_15m,bp_15m,dir_15m,upper_wick_15m,lower_wick_15m,atr_ratio_15m,range_ratio_15m,consec_dir_15m,stoch_k_5m,stoch_k_15m,chg_1m,chg_5m,chg_15m,vwap_dist,ema_bias,ema_bias_1h,nearest_res_dist_pct,composite_p_up,realized_vol_annual,vol_ratio_1h,bp_1h,chg_1h,dir_1h,consec_dir_1h,stoch_k_1h,stoch_cross_1h,rsi_1h,macd_hist_1h,donchian_breakout_1h,engulfing_1h,liq_score,liq_bias,oi_chg_pct,ls_long_pct,fear_greed,cg_composite,offset_pct,resolved_yes,spot_at_expiry,price_move_pct,miss_pct,p_up_v2_btc,z_drift_6h,hmm_vol_state,vwap_hmm_state,edge_yes,edge_no,model_side,be,won,trade_edge,close_ts_dt,iso_week,donchian_breakout_1h_recon,donch_1h_pos_recon,kc_pct_1h_recon,kc_bo_1h_recon,arima_forecast_1h_recon,hurst_exponent_recon,ou_theta_recon,autocorr1_15_recon,autocorr1_30_recon,kalman_velocity_recon,kalman_residual_recon,macro_bull_recon,macro_sideways_recon,macro_bear_recon
2026-05-23 20:31:43+00:00,KXSOL15M-26MAY231645-45,2026-05-23T20:45:00Z,84.99,84.79,0.905,13.3,0.03,0.788,0.788,0.5,0.0,1.0,1.0,1.0,1.0,0.0,0.0,0.002673,0.438871,4.0,100.0,100.0,-0.340695,0.152726,0.270525,0.414495,1.0,,999.0,0.4402,0.968729,,0.533333,0.188857,1.0,4.0,93.802817,0.0,54.477612,,,0.0,0.0,1.0,-0.02424,75.15,29.0,0.0,0.244146,1.0,86.47,1.7414,1.9814,,,,5,-0.1169999999999999,0.6930000000000001,NO,0.0949999999999999,False,-0.0949999999999999,2026-05-23 20:45:00+00:00,2026-W21,1,1.0,1.5118203864830786,1,-0.00034444937819234363,0.6620822617001388,1.3222424560776396,0.2423553498629602,0.08549277548698399,0.006126527691639793,0.007612849199269172,6.524318192349756e-17,0.9999999999970441,2.9514769564265472e-12
2026-05-23 20:36:45+00:00,KXSOL15M-26MAY231645-45,2026-05-23T20:45:00Z,85.29,84.79,0.97,8.2,0.02,0.9067,0.9067,0.766667,28.681254,1.0,1.0,1.0,1.0,0.0,0.0,0.002667,0.438871,4.0,100.0,100.0,0.175871,0.199367,0.37594,0.404483,1.0,,999.0,0.4402,1.061677,,0.533333,0.188857,1.0,4.0,93.802817,0.0,54.477612,,,0.0,0.0,0.998222,-0.02424,75.15,29.0,0.0,0.595031,1.0,86.47,1.3835,1.9814,,,,5,-0.0633,0.8766999999999999,NO,0.03,False,-0.03,2026-05-23 20:45:00+00:00,2026-W21,1,1.0,1.5118203864830786,1,-0.00034444937819234363,0.6620822617001388,1.3222424560776396,0.2423553498629602,0.08549277548698399,0.006126527691639793,0.007612849199269172,6.524318192349756e-17,0.9999999999970441,2.9514769564265472e-12
2026-05-23 20:41:47+00:00,KXSOL15M-26MAY231645-45,2026-05-23T20:45:00Z,86.3,84.79,0.995,3.2,0.008,0.9437,0.9437,0.857143,210.385703,1.0,1.0,1.0,1.0,0.0,0.0,0.002637,0.438871,4.0,84.736842,88.75969,0.081065,1.076149,1.515508,0.477631,1.0,,999.0,0.3333,1.550592,,0.533333,0.188857,1.0,4.0,93.802817,,54.477612,,,0.0,0.0,0.999406,-0.02424,75.15,29.0,0.0,1.783324,1.0,86.47,0.197,1.9814,,,,5,-0.0513,0.9387,NO,0.005,False,-0.005,2026-05-23 20:45:00+00:00,2026-W21,1,1.0,1.5118203864830786,1,-0.00034444937819234363,0.6620822617001388,1.3222424560776396,0.2423553498629602,0.08549277548698399,0.006126527691639793,0.007612849199269172,6.524318192349756e-17,0.9999999999970441,2.9514769564265472e-12
2026-05-23 20:51:53+00:00,KXSOL15M-26MAY231700-00,2026-05-23T21:00:00Z,86.42,86.34,0.515,8.1,0.03,0.6237,0.6237,0.807692,7.992373,1.0,0.909091,0.909091,1.0,0.090909,0.0,0.004058,5.321138,5.0,93.298969,95.038168,0.080794,0.440682,1.310095,0.512051,1.0,,999.0,0.4402,1.545225,,0.533333,0.188857,1.0,4.0,93.802817,,54.477612,,,0.0,0.0,1.0,-0.853609,75.0,29.0,0.0,0.097291,1.0,87.4,1.134,1.2277,,,,5,0.1087,0.1387,NO,0.485,False,-0.485,2026-05-23 21:00:00+00:00,2026-W21,1,1.0,1.5118203864830786,1,-0.00034444937819234363,0.6620822617001388,1.3222424560776396,0.2423553498629602,0.08549277548698399,0.006126527691639793,0.007612849199269172,6.524318192349756e-17,0.9999999999970441,2.9514769564265472e-12
2026-05-23 20:56:55+00:00,KXSOL15M-26MAY231700-00,2026-05-23T21:00:00Z,86.76,86.34,0.985,3.1,0.01,0.9113,0.9113,0.272727,0.978378,1.0,0.909091,0.909091,1.0,0.090909,0.0,0.004044,5.321138,5.0,99.526066,99.641577,0.288584,0.334834,0.567064,0.820896,1.0,,999.0,0.3333,1.249726,,0.533333,0.188857,1.0,4.0,93.802817,,54.477612,,,0.0,0.0,0.994462,-0.853609,75.0,29.0,0.0,0.485299,1.0,87.4,0.7377,1.2277,,,,5,-0.0736999999999999,0.8963,NO,0.015,False,-0.015,2026-05-23 21:00:00+00:00,2026-W21,1,1.0,1.5118203864830786,1,-0.00034444937819234363,0.6620822617001388,1.3222424560776396,0.2423553498629602,0.08549277548698399,0.006126527691639793,0.007612849199269172,6.524318192349756e-17,0.9999999999970441,2.9514769564265472e-12
2026-05-28 17:48:42+00:00,KXSOL15M-26MAY281400-00,2026-05-28T18:00:00Z,82.32,82.22,0.73,11.3,0.02,0.6963,0.6963,0.3,3.831484,1.0,0.478261,0.695652,1.0,0.304348,0.217391,0.003518,0.793103,3.0,82.142857,92.1875,0.0,0.072842,0.084993,0.452964,1.0,,999.0,0.4402,0.552375,,1.0,1.269724,1.0,3.0,100.0,,50.105708,,,0.0,0.0,1.0,-0.410222,78.51,23.0,1.0,0.119795,0.0,82.28,-0.0486,0.073,,1.420592,,5,-0.0336999999999999,0.4263,NO,0.27,True,0.73,2026-05-28 18:00:00+00:00,2026-W22,0,0.761092150170648,0.8393442728376026,0,-0.00012275139782702248,0.6834078627756366,2.1711499894218815,-0.14006501331910237,-0.09703129754770742,-9.409822242082214e-05,-0.003407502242679661,3.668515396720405e-11,0.9748534495100405,0.025146550453270192
2026-05-28 18:03:51+00:00,KXSOL15M-26MAY281415-15,2026-05-28T18:15:00Z,82.45,82.19,0.8925,11.2,0.025,0.8733,0.8733,0.0,0.02843,1.0,0.885714,0.0,-1.0,0.114286,0.0,0.003391,1.25,1.0,98.461538,99.479167,0.0,0.413474,0.169841,0.471957,1.0,,999.0,0.4402,0.601166,,0.461538,0.121758,1.0,4.0,86.434109,0.0,71.428571,,,0.0,-2.0,-1.0,-0.022402,78.46,23.0,1.0,0.318537,1.0,82.81,0.4366,0.7543,,1.34431,,5,-0.0191999999999999,0.7657999999999999,NO,0.1075,False,-0.1075,2026-05-28 18:15:00+00:00,2026-W22,1,1.0,1.0500506574341433,1,-8.729609380467209e-05,0.6720911559754207,2.2745400816901493,-0.11621009899415641,-0.08420424136329857,0.0013898521692645776,0.0012591554455835211,1.1696040870323153e-10,0.9425470056876019,0.05745299419544504
2026-05-28 18:08:52+00:00,KXSOL15M-26MAY281415-15,2026-05-28T18:15:00Z,82.67,82.19,0.985,6.1,0.01,0.9501,0.9501,1.0,0.723033,1.0,0.885714,0.0,-1.0,0.114286,0.0,0.003381,1.25,1.0,100.0,100.0,0.16943,0.266376,0.460997,0.732028,1.0,,999.0,0.4402,0.657387,,0.461538,0.121758,1.0,4.0,86.434109,0.0,71.428571,,,0.0,0.0,0.999934,-0.022402,78.46,23.0,1.0,0.589257,1.0,82.81,0.1693,0.7543,,1.34431,,5,-0.0349,0.9351,NO,0.015,False,-0.015,2026-05-28 18:15:00+00:00,2026-W22,1,1.0,1.0500506574341433,1,-8.729609380467209e-05,0.6720911559754207,2.2745400816901493,-0.11621009899415641,-0.08420424136329857,0.0013898521692645776,0.0012591554455835211,1.1696040870323153e-10,0.9425470056876019,0.05745299419544504
2026-05-28 18:18:57+00:00,KXSOL15M-26MAY281430-30,2026-05-28T18:30:00Z,82.69,82.6,0.75,11.0,0.04,0.7507,0.7507,0.5,0.0,1.0,0.946429,0.946429,1.0,0.053571,0.0,0.003709,1.823256,0.0,92.771084,97.285068,0.0,0.0,0.266376,0.522429,1.0,,999.0,0.4402,0.477995,,0.461538,0.121758,1.0,4.0,86.434109,0.0,71.428571,,,0.0,0.0,1.0,-0.175995,78.38,23.0,1.0,0.117197,0.0,82.63,-0.0726,0.0363,,1.319123,,5,0.0007,0.5007,NO,0.25,True,0.75,2026-05-28 18:30:00+00:00,2026-W22,1,1.0,1.0500506574341433,1,-8.729609380467209e-05,0.6720911559754207,2.2745400816901493,-0.11621009899415641,-0.08420424136329857,0.0013898521692645776,0.0012591554455835211,1.1696040870323153e-10,0.9425470056876019,0.05745299419544504
2026-05-28 18:34:05+00:00,KXSOL15M-26MAY281445-45,2026-05-28T18:45:00Z,82.56,82.51,0.645,10.9,0.05,0.751,0.751,0.0,0.034954,1.0,0.75,0.0,-1.0,0.25,0.0,0.003691,0.786885,0.0,63.636364,89.140271,0.0,0.0,-0.217365,0.243695,-1.0,,999.0,0.4402,0.357875,,0.461538,0.121758,1.0,4.0,86.434109,0.0,71.428571,,,0.0,-2.0,-1.0,0.30842,78.41,23.0,1.0,0.068237,1.0,82.89,0.3997,0.4606,,1.13623,,5,0.1059999999999999,0.396,NO,0.355,False,-0.355,2026-05-28 18:45:00+00:00,2026-W22,1,1.0,1.0500506574341433,1,-8.729609380467209e-05,0.6720911559754207,2.2745400816901493,-0.11621009899415641,-0.08420424136329857,0.0013898521692645776,0.0012591554455835211,1.1696040870323153e-10,0.9425470056876019,0.05745299419544504
2026-05-28 18:39:07+00:00,KXSOL15M-26MAY281445-45,2026-05-28T18:45:00Z,82.52,82.51,0.52,5.9,0.06,0.6963,0.6963,0.5,0.002063,1.0,0.75,0.0,-1.0,0.25,0.0,0.003689,0.786885,1.0,71.212121,91.402715,0.060511,0.060511,0.060511,0.274122,1.0,,999.0,0.4402,0.240896,,0.461538,0.121758,1.0,4.0,86.434109,,71.428571,,,0.0,-2.0,-1.0,0.30842,78.41,23.0,1.0,0.013696,1.0,82.89,0.4484,0.4606,,1.13623,,5,0.1763,0.2163,NO,0.48,False,-0.48,2026-05-28 18:45:00+00:00,2026-W22,1,1.0,1.0500506574341433,1,-8.729609380467209e-05,0.6720911559754207,2.2745400816901493,-0.11621009899415641,-0.08420424136329857,0.0013898521692645776,0.0012591554455835211,1.1696040870323153e-10,0.9425470056876019,0.05745299419544504
2026-05-28 18:49:13+00:00,KXSOL15M-26MAY281500-00,2026-05-28T19:00:00Z,82.69,82.65,0.63,10.8,0.04,0.6963,0.6963,0.888889,0.025667,1.0,0.928571,0.928571,1.0,0.071429,0.0,0.003466,0.487562,2.0,92.424242,97.512438,0.0,0.096665,0.254145,0.432057,1.0,,999.0,0.4402,0.391818,,0.461538,0.121758,1.0,4.0,86.434109,,71.428571,,,0.0,-2.0,-1.0,-0.11848,78.17,23.0,1.0,0.050453,1.0,82.96,0.3265,0.3751,,1.096028,,5,0.0663,0.3263,NO,0.37,False,-0.37,2026-05-28 19:00:00+00:00,2026-W22,1,1.0,1.0500506574341433,1,-8.729609380467209e-05,0.6720911559754207,2.2745400816901493,-0.11621009899415641,-0.08420424136329857,0.0013898521692645776,0.0012591554455835211,1.1696040870323153e-10,0.9425470056876019,0.05745299419544504
2026-05-28 18:54:15+00:00,KXSOL15M-26MAY281500-00,2026-05-28T19:00:00Z,82.73,82.65,0.84,5.8,0.02,0.8017,0.8017,0.444444,0.166733,1.0,0.928571,0.928571,1.0,0.071429,0.0,0.003466,0.487562,2.0,92.424242,97.512438,0.0,0.0,0.193517,0.426975,1.0,,999.0,0.4402,0.357719,,0.461538,0.121758,1.0,4.0,86.434109,,71.428571,,,0.0,0.0,1.0,-0.11848,78.17,23.0,1.0,0.0928,1.0,82.96,0.278,0.3751,,1.096028,,5,-0.0383,0.6416999999999999,NO,0.16,False,-0.16,2026-05-28 19:00:00+00:00,2026-W22,1,1.0,1.0500506574341433,1,-8.729609380467209e-05,0.6720911559754207,2.2745400816901493,-0.11621009899415641,-0.08420424136329857,0.0013898521692645776,0.0012591554455835211,1.1696040870323153e-10,0.9425470056876019,0.05745299419544504
2026-06-01 17:24:50+00:00,KXSOL15M-26JUN011330-30,2026-06-01T17:30:00Z,80.5,80.46,0.56,5.2,0.02,0.6775,0.6775,0.0,0.190269,1.0,0.387097,0.709677,1.0,0.290323,0.322581,0.005567,0.691083,5.0,92.913386,94.039735,0.0,0.074516,-0.037216,1.00749,1.0,,0.039745,0.5,0.499752,,0.921875,0.942329,1.0,1.0,30.890052,1.0,26.717557,,,1.0,0.0,1.0,-0.223753,79.88,30.0,0.0,0.04934,1.0,80.97,0.5839,0.6339,,0.625948,,5,0.1174999999999999,0.2375,NO,0.4399999999999999,False,-0.4399999999999999,2026-06-01 17:30:00+00:00,2026-W23,0,0.48337595907928443,0.6856871028633376,0,-0.00028651547346300854,0.5303839553030442,2.0927174609800514,-0.11651125758068175,-0.10194861591846731,0.003797948541724544,-0.0006471511076431933,1.0659173871274784e-08,0.004736675102040971,0.9952633142387871
2026-06-01 17:34:57+00:00,KXSOL15M-26JUN011345-45,2026-06-01T17:45:00Z,80.56,80.51,0.595,10.1,0.03,0.6963,0.6963,1.0,0.764295,1.0,0.5,1.0,1.0,0.0,0.5,0.004902,0.707581,-1.0,82.638889,86.187845,0.0,-0.09901,0.248385,1.139177,1.0,,999.0,0.3659,0.712259,,0.921875,0.942329,1.0,1.0,30.890052,1.0,26.717557,,,1.0,0.0,1.0,-0.13233,79.75,30.0,0.0,0.071671,1.0,81.18,0.7696,0.8322,,0.723037,,5,0.1013,0.2913,NO,0.405,False,-0.405,2026-06-01 17:45:00+00:00,2026-W23,0,0.48337595907928443,0.6856871028633376,0,-0.00028651547346300854,0.5303839553030442,2.0927174609800514,-0.11651125758068175,-0.10194861591846731,0.003797948541724544,-0.0006471511076431933,1.0659173871274784e-08,0.004736675102040971,0.9952633142387871
2026-06-01 17:39:59+00:00,KXSOL15M-26JUN011345-45,2026-06-01T17:45:00Z,80.62,80.51,0.835,5.0,0.03,0.8126,0.8126,0.0,0.35613,1.0,0.5,1.0,1.0,0.0,0.5,0.004903,0.707581,-1.0,79.2,85.635359,0.0,-0.012389,0.16133,1.060029,1.0,,999.0,0.3659,0.705863,,0.921875,0.942329,1.0,1.0,30.890052,,26.717557,,,1.0,0.0,1.0,-0.13233,79.75,30.0,0.0,0.136882,1.0,81.18,0.6946,0.8322,,0.737793,,5,-0.0223999999999999,0.6476,NO,0.165,False,-0.165,2026-06-01 17:45:00+00:00,2026-W23,0,0.48337595907928443,0.6856871028633376,0,-0.00028651547346300854,0.5303839553030442,2.0927174609800514,-0.11651125758068175,-0.10194861591846731,0.003797948541724544,-0.0006471511076431933,1.0659173871274784e-08,0.004736675102040971,0.9952633142387871
2026-06-01 17:50:05+00:00,KXSOL15M-26JUN011400-00,2026-06-01T18:00:00Z,80.96,80.95,0.565,9.9,0.05,0.6237,0.6237,0.0,0.653564,1.0,0.552632,1.0,1.0,0.0,0.447368,0.004714,0.994393,-1.0,91.269841,94.554455,0.0,-0.135501,0.433598,1.278322,1.0,,999.0,0.4402,0.654443,,0.921875,0.942329,1.0,1.0,30.890052,,26.717557,,,1.0,0.0,1.0,-0.615866,79.74,30.0,0.0,0.006424,0.0,80.98,0.0247,0.0371,,0.875395,,5,0.0587,0.1886999999999999,NO,0.435,True,0.565,2026-06-01 18:00:00+00:00,2026-W23,0,0.48337595907928443,0.6856871028633376,0,-0.00028651547346300854,0.5303839553030442,2.0927174609800514,-0.11651125758068175,-0.10194861591846731,0.003797948541724544,-0.0006471511076431933,1.0659173871274784e-08,0.004736675102040971,0.9952633142387871
2026-06-01 19:25:56+00:00,KXSOL15M-26JUN011530-30,2026-06-01T19:30:00Z,80.73,80.67,0.775,4.1,0.05,0.8017,0.8017,0.5,0.0,1.0,0.821429,0.178571,-1.0,0.0,0.178571,0.004267,0.811594,1.0,36.538462,83.663366,0.0,0.03712,0.173461,-0.231508,1.0,,999.0,0.4321,0.272314,,0.634615,0.012349,1.0,-1.0,62.033898,0.0,40.037951,,,0.0,-2.0,-1.0,-0.035884,79.57,30.0,0.0,0.067805,1.0,81.04,0.384,0.4587,,1.090468,,5,0.0266999999999999,0.5767,NO,0.2249999999999999,False,-0.2249999999999999,2026-06-01 19:30:00+00:00,2026-W23,0,0.5115089514066501,0.681766368200233,0,-0.00029670378880999925,0.5431468770260192,2.1567504622719493,-0.11696235665650175,-0.10667669080687313,-0.0009097950572220902,3.017644626952462e-05,9.120366513682497e-08,0.003893161572478495,0.9961067472238535
2026-06-01 19:36:01+00:00,KXSOL15M-26JUN011545-45,2026-06-01T19:45:00Z,81.01,80.9,0.805,9.0,0.01,0.8126,0.8126,1.0,0.004958,1.0,1.0,1.0,1.0,0.0,0.0,0.004237,0.640333,2.0,78.723404,94.382022,0.0,0.049358,0.321703,0.047607,1.0,,999.0,0.4146,0.329008,,0.634615,0.012349,1.0,-1.0,62.033898,0.0,40.037951,,,0.0,0.0,1.0,-0.016052,79.56,30.0,0.0,0.141784,1.0,81.22,0.2592,0.3956,,1.246165,,5,0.0075999999999999,0.6176,NO,0.1949999999999999,False,-0.1949999999999999,2026-06-01 19:45:00+00:00,2026-W23,0,0.5115089514066501,0.681766368200233,0,-0.00029670378880999925,0.5431468770260192,2.1567504622719493,-0.11696235665650175,-0.10667669080687313,-0.0009097950572220902,3.017644626952462e-05,9.120366513682497e-08,0.003893161572478495,0.9961067472238535
2026-06-01 19:41:04+00:00,KXSOL15M-26JUN011545-45,2026-06-01T19:45:00Z,81.08,80.9,0.96,3.9,0.02,0.9067,0.9067,1.0,1.033541,1.0,1.0,1.0,1.0,0.0,0.0,0.004231,0.640333,2.0,96.078431,98.901099,-0.024624,0.061614,0.445324,0.187439,1.0,,999.0,0.4146,0.351593,,0.634615,0.012349,1.0,-1.0,62.033898,,40.037951,,,0.0,0.0,0.969202,-0.016052,79.56,30.0,0.0,0.222132,1.0,81.22,0.1727,0.3956,,1.285505,,5,-0.0533,0.8666999999999999,NO,0.04,False,-0.04,2026-06-01 19:45:00+00:00,2026-W23,0,0.5115089514066501,0.681766368200233,0,-0.00029670378880999925,0.5431468770260192,2.1567504622719493,-0.11696235665650175,-0.10667669080687313,-0.0009097950572220902,3.017644626952462e-05,9.120366513682497e-08,0.003893161572478495,0.9961067472238535
2026-06-01 20:21:54+00:00,KXSOL15M-26JUN011630-30,2026-06-01T20:30:00Z,81.08,81.0,0.87,8.1,0.02,0.842,0.842,0.0,0.006497,1.0,0.764706,0.0,-1.0,0.235294,0.0,0.003545,0.59204,-3.0,45.0,75.0,0.0,-0.037023,-0.135618,-0.05926,-1.0,,999.0,0.483,0.240652,,0.882353,0.209902,1.0,1.0,74.349442,0.0,43.263757,,,0.0,0.0,0.964297,-0.034942,79.18,30.0,0.0,0.100372,1.0,81.22,0.1727,0.2716,,1.51086,,5,-0.028,0.712,NO,0.13,False,-0.13,2026-06-01 20:30:00+00:00,2026-W23,0,0.5052356020942417,0.6343263590386241,0,-0.00028743697899599545,0.5738066294397525,2.152624635347375,-0.1250528738851317,-0.1059525978694208,-0.0015953703301798546,-0.0005303666140018934,1.4330301106359834e-08,0.0036429799468674037,0.9963570057228283
2026-06-03 05:06:20+00:00,KXSOL15M-26JUN030115-15,2026-06-03T05:15:00Z,74.44,73.97,0.95,8.7,0.02,0.9113,0.9113,0.962264,2.724414,1.0,0.952381,0.952381,1.0,0.047619,0.0,0.006586,0.427948,5.0,94.845361,87.449393,0.0,0.41779,0.79816,1.720357,1.0,,999.0,0.4162,0.911961,,0.993007,1.954039,1.0,1.0,32.58427,1.0,33.19714,,,0.0,0.0,1.0,-0.079102,79.13,12.0,1.0,0.632944,1.0,74.82,0.5105,1.1491,,-0.103401,,5,-0.0386999999999999,0.8613,NO,0.05,False,-0.05,2026-06-03 05:15:00+00:00,2026-W23,0,0.33520336605890566,0.5071903710112292,0,-0.0033381424043292147,0.7317381798535791,2.691296399617561,-0.12058470341688102,-0.09424441992074761,0.0040605161265791015,0.0005281183714561134,2.5336268145850194e-100,1.0,3.5511642612044433e-59
2026-06-03 05:11:22+00:00,KXSOL15M-26JUN030115-15,2026-06-03T05:15:00Z,74.69,73.97,0.9945,3.6,0.009,0.9437,0.9437,0.740741,1.320717,1.0,0.952381,0.952381,1.0,0.047619,0.0,0.006558,0.427948,5.0,100.0,100.0,0.133851,0.429473,1.231061,2.082846,1.0,,999.0,0.4162,1.021291,,0.993007,1.954039,1.0,1.0,32.58427,1.0,33.19714,,,0.0,0.0,1.0,-0.079102,79.13,12.0,1.0,0.967531,1.0,74.82,0.1741,1.1491,,-0.103401,,5,-0.0508,0.9382,NO,0.0054999999999999,False,-0.0054999999999999,2026-06-03 05:15:00+00:00,2026-W23,0,0.33520336605890566,0.5071903710112292,0,-0.0033381424043292147,0.7317381798535791,2.691296399617561,-0.12058470341688102,-0.09424441992074761,0.0040605161265791015,0.0005281183714561134,2.5336268145850194e-100,1.0,3.5511642612044433e-59
2026-06-03 05:16:25+00:00,KXSOL15M-26JUN030130-30,2026-06-03T05:30:00Z,74.75,74.72,0.505,13.6,0.05,0.6188,0.6188,0.636364,1.728403,1.0,0.846154,0.948718,1.0,0.051282,0.102564,0.006476,1.608247,5.0,100.0,100.0,0.0,0.080182,0.929919,2.009409,1.0,,999.0,0.322,0.972444,,0.993007,1.954039,1.0,1.0,32.58427,1.0,33.19714,,,0.0,0.0,1.0,-0.491749,79.45,12.0,1.0,0.037204,0.0,74.63,-0.1605,-0.1204,,0.0641,,5,0.1138,0.1238,NO,0.495,True,0.505,2026-06-03 05:30:00+00:00,2026-W23,0,0.33520336605890566,0.5071903710112292,0,-0.0033381424043292147,0.7317381798535791,2.691296399617561,-0.12058470341688102,-0.09424441992074761,0.0040605161265791015,0.0005281183714561134,2.5336268145850194e-100,1.0,3.5511642612044433e-59
2026-06-03 06:22:08+00:00,KXSOL15M-26JUN030230-30,2026-06-03T06:30:00Z,74.88,74.8,0.635,7.9,0.05,0.7238,0.7238,0.566667,1.485126,1.0,0.833333,0.0,-1.0,0.166667,0.0,0.006107,0.131045,1.0,94.520548,98.496241,0.200374,0.374883,0.374883,0.507375,1.0,,999.0,0.322,0.769632,,0.814815,0.782093,1.0,2.0,44.756554,0.0,41.845494,,,0.0,0.0,1.0,-0.113094,79.25,12.0,1.0,0.11725,1.0,75.04,0.2137,0.3209,,0.209846,,5,0.0887999999999999,0.3588,NO,0.365,False,-0.365,2026-06-03 06:30:00+00:00,2026-W23,0,0.37428571428571494,0.5628389898911015,0,-0.0006014199442234311,0.5856857769603335,2.8551668852288397,-0.09294489331255763,-0.0800650152129901,0.0018996444625569392,-0.00352254317840522,2.1933794315916854e-93,1.0,3.686615263297597e-54
2026-06-03 06:27:10+00:00,KXSOL15M-26JUN030230-30,2026-06-03T06:30:00Z,74.92,74.8,0.924,2.8,0.028,0.8193,0.8193,1.0,0.25582,1.0,0.833333,0.0,-1.0,0.166667,0.0,0.006098,0.131045,1.0,100.0,100.0,0.0,0.146725,0.522158,0.636277,1.0,,999.0,0.322,0.756408,,0.814815,0.782093,1.0,2.0,44.756554,0.0,41.845494,,,0.0,0.0,1.0,-0.113094,79.25,12.0,1.0,0.160701,1.0,75.04,0.1602,0.3209,,0.219497,,5,-0.1047,0.7433000000000001,NO,0.0759999999999999,False,-0.0759999999999999,2026-06-03 06:30:00+00:00,2026-W23,0,0.37428571428571494,0.5628389898911015,0,-0.0006014199442234311,0.5856857769603335,2.8551668852288397,-0.09294489331255763,-0.0800650152129901,0.0018996444625569392,-0.00352254317840522,2.1933794315916854e-93,1.0,3.686615263297597e-54
2026-06-03 06:37:16+00:00,KXSOL15M-26JUN030245-45,2026-06-03T06:45:00Z,75.09,74.96,0.755,7.7,0.03,0.7703,0.7703,1.0,0.764556,1.0,1.0,1.0,1.0,0.0,0.0,0.006284,0.826021,2.0,82.692308,93.939394,-0.23898,0.133262,0.226757,0.679523,1.0,,999.0,0.322,0.772232,,0.814815,0.782093,1.0,2.0,44.756554,0.0,41.845494,,,0.0,0.0,0.987168,-0.277072,79.33,12.0,1.0,0.171154,1.0,75.14,0.0666,0.2401,,0.271859,,5,0.0152999999999999,0.5253,NO,0.245,False,-0.245,2026-06-03 06:45:00+00:00,2026-W23,0,0.37428571428571494,0.5628389898911015,0,-0.0006014199442234311,0.5856857769603335,2.8551668852288397,-0.09294489331255763,-0.0800650152129901,0.0018996444625569392,-0.00352254317840522,2.1933794315916854e-93,1.0,3.686615263297597e-54
2026-06-03 06:42:18+00:00,KXSOL15M-26JUN030245-45,2026-06-03T06:45:00Z,75.12,74.96,0.9535,2.7,0.027,0.8733,0.8733,0.0,5.447943,1.0,1.0,1.0,1.0,0.0,0.0,0.006284,0.826021,2.0,80.645161,93.939394,0.0,0.0,0.079915,0.513386,1.0,,999.0,0.322,0.74028,,0.814815,0.782093,1.0,2.0,44.756554,,41.845494,,,0.0,0.0,0.987168,-0.277072,79.33,12.0,1.0,0.21451,1.0,75.14,0.0266,0.2401,,0.286173,,5,-0.0802,0.8268,NO,0.0464999999999999,False,-0.0464999999999999,2026-06-03 06:45:00+00:00,2026-W23,0,0.37428571428571494,0.5628389898911015,0,-0.0006014199442234311,0.5856857769603335,2.8551668852288397,-0.09294489331255763,-0.0800650152129901,0.0018996444625569392,-0.00352254317840522,2.1933794315916854e-93,1.0,3.686615263297597e-54
2026-06-03 07:02:32+00:00,KXSOL15M-26JUN030315-15,2026-06-03T07:15:00Z,74.74,74.78,0.52,12.5,0.02,0.3407,0.3407,0.5,0.0,1.0,1.0,0.0,-1.0,0.0,0.0,0.006126,0.37014,0.0,44.444444,88.215488,0.0,0.0,-0.226244,0.147907,-1.0,,999.0,0.4664,0.513286,,0.444444,0.307733,1.0,3.0,54.583333,0.0,40.044248,,,0.0,-2.0,-1.0,-0.002517,79.52,12.0,1.0,-0.049479,1.0,75.0,0.3479,0.2942,,0.287253,,5,-0.1793,-0.1392999999999999,NO,0.48,False,-0.48,2026-06-03 07:15:00+00:00,2026-W23,0,0.41788856304985417,0.6172660566675521,0,-0.0005552499729526358,0.5719913602724236,3.210209392817789,-0.05355910628133654,-0.07559712556750271,0.0006177329635763621,-0.002077781099380697,4.357236264908059e-92,1.0,2.7140651512478005e-53
2026-06-03 07:07:35+00:00,KXSOL15M-26JUN030315-15,2026-06-03T07:15:00Z,74.85,74.78,0.805,7.4,0.05,0.788,0.788,0.5,0.0,1.0,1.0,0.0,-1.0,0.0,0.0,0.006124,0.37014,1.0,49.206349,89.225589,0.0,0.040016,-0.186319,0.187982,-1.0,,999.0,0.4664,0.429404,,0.444444,0.307733,1.0,3.0,54.583333,0.0,40.044248,,,0.0,-2.0,-1.0,-0.002517,79.35,12.0,1.0,0.090934,1.0,75.0,0.2004,0.2942,,0.280662,,5,-0.017,0.5930000000000001,NO,0.1949999999999999,False,-0.1949999999999999,2026-06-03 07:15:00+00:00,2026-W23,0,0.41788856304985417,0.6172660566675521,0,-0.0005552499729526358,0.5719913602724236,3.210209392817789,-0.05355910628133654,-0.07559712556750271,0.0006177329635763621,-0.002077781099380697,4.357236264908059e-92,1.0,2.7140651512478005e-53
2026-06-03 07:12:38+00:00,KXSOL15M-26JUN030315-15,2026-06-03T07:15:00Z,75.08,74.78,0.9905,2.4,0.001,0.96,0.96,1.0,0.040913,1.0,1.0,0.0,-1.0,0.0,0.0,0.006124,0.37014,1.0,49.206349,89.225589,0.0,0.0,0.040016,0.187495,-1.0,,999.0,0.4664,0.248957,,0.444444,0.307733,1.0,3.0,54.583333,0.0,40.044248,,,0.0,-2.0,-1.0,-0.002517,79.35,12.0,1.0,0.401848,1.0,75.0,-0.1066,0.2942,,0.280662,,5,-0.0305,0.9505,NO,0.0094999999999999,False,-0.0094999999999999,2026-06-03 07:15:00+00:00,2026-W23,0,0.41788856304985417,0.6172660566675521,0,-0.0005552499729526358,0.5719913602724236,3.210209392817789,-0.05355910628133654,-0.07559712556750271,0.0006177329635763621,-0.002077781099380697,4.357236264908059e-92,1.0,2.7140651512478005e-53
2026-06-03 07:17:40+00:00,KXSOL15M-26JUN030330-30,2026-06-03T07:30:00Z,75.22,75.09,0.71,12.3,0.04,0.7507,0.7507,0.5,0.0,1.0,1.0,1.0,1.0,0.0,0.0,0.00495,0.08046,2.0,100.0,100.0,0.4,0.44,0.480192,0.554585,1.0,,999.0,0.322,0.698022,,0.444444,0.307733,1.0,3.0,54.583333,0.0,40.044248,,,0.0,0.0,0.986431,0.120101,79.35,12.0,1.0,0.171136,0.0,75.18,-0.0532,0.1199,,0.308049,,5,0.0407,0.4607,NO,0.29,True,0.71,2026-06-03 07:30:00+00:00,2026-W23,0,0.41788856304985417,0.6172660566675521,0,-0.0005552499729526358,0.5719913602724236,3.210209392817789,-0.05355910628133654,-0.07559712556750271,0.0006177329635763621,-0.002077781099380697,4.357236264908059e-92,1.0,2.7140651512478005e-53
2026-06-03 07:22:43+00:00,KXSOL15M-26JUN030330-30,2026-06-03T07:30:00Z,75.04,75.09,0.525,7.3,0.01,0.3225,0.3225,1.0,12.711958,1.0,1.0,1.0,1.0,0.0,0.0,0.004958,0.08046,2.0,79.6875,95.112782,-0.172574,-0.172574,0.266667,0.13525,1.0,,999.0,0.322,0.73887,,0.444444,0.307733,1.0,3.0,54.583333,0.0,40.044248,,,0.0,0.0,0.986431,0.120101,79.23,12.0,1.0,-0.065258,0.0,75.18,0.1866,0.1199,,0.291723,,5,-0.2025,-0.1524999999999999,NO,0.475,True,0.525,2026-06-03 07:30:00+00:00,2026-W23,0,0.41788856304985417,0.6172660566675521,0,-0.0005552499729526358,0.5719913602724236,3.210209392817789,-0.05355910628133654,-0.07559712556750271,0.0006177329635763621,-0.002077781099380697,4.357236264908059e-92,1.0,2.7140651512478005e-53
2026-06-03 07:27:46+00:00,KXSOL15M-26JUN030330-30,2026-06-03T07:30:00Z,75.07,75.09,0.59,2.2,0.06,0.3407,0.3407,0.0,0.12309,1.0,1.0,1.0,1.0,0.0,0.0,0.00496,0.08046,2.0,68.085106,94.360902,0.0,-0.026596,0.24,0.087324,1.0,,999.0,0.322,0.71476,,0.444444,0.307733,1.0,3.0,54.583333,0.0,40.044248,,,0.0,0.0,0.986431,0.120101,79.23,12.0,1.0,-0.018645,0.0,75.18,0.1465,0.1199,,0.291723,,5,-0.2492999999999999,-0.0693,NO,0.41,True,0.59,2026-06-03 07:30:00+00:00,2026-W23,0,0.41788856304985417,0.6172660566675521,0,-0.0005552499729526358,0.5719913602724236,3.210209392817789,-0.05355910628133654,-0.07559712556750271,0.0006177329635763621,-0.002077781099380697,4.357236264908059e-92,1.0,2.7140651512478005e-53
2026-06-03 07:32:48+00:00,KXSOL15M-26JUN030345-45,2026-06-03T07:45:00Z,75.09,75.08,0.55,12.2,0.04,0.6237,0.6237,0.5,0.0,1.0,0.545455,0.545455,1.0,0.454545,0.0,0.004665,0.940937,0.0,58.333333,92.307692,0.0,0.0,-0.199124,0.070168,1.0,,999.0,0.322,0.456409,,0.444444,0.307733,1.0,3.0,54.583333,0.0,40.044248,,,0.0,0.0,0.986431,0.044324,79.23,12.0,1.0,0.0,1.0,75.28,0.253,0.2664,,0.280987,,5,0.0736999999999999,0.1737,NO,0.4499999999999999,False,-0.4499999999999999,2026-06-03 07:45:00+00:00,2026-W23,0,0.41788856304985417,0.6172660566675521,0,-0.0005552499729526358,0.5719913602724236,3.210209392817789,-0.05355910628133654,-0.07559712556750271,0.0006177329635763621,-0.002077781099380697,4.357236264908059e-92,1.0,2.7140651512478005e-53
2026-06-03 07:37:52+00:00,KXSOL15M-26JUN030345-45,2026-06-03T07:45:00Z,75.17,75.08,0.845,7.1,0.05,0.8126,0.8126,0.5,0.0,1.0,0.545455,0.545455,1.0,0.454545,0.0,0.004664,0.940937,3.0,61.111111,92.820513,0.0,0.013301,-0.013298,0.082393,1.0,,999.0,0.322,0.297788,,0.444444,0.307733,1.0,3.0,54.583333,0.0,40.044248,,,0.0,0.0,1.0,0.044324,79.18,12.0,1.0,0.109875,1.0,75.28,0.1463,0.2664,,0.369469,,5,-0.0323999999999999,0.6576,NO,0.155,False,-0.155,2026-06-03 07:45:00+00:00,2026-W23,0,0.41788856304985417,0.6172660566675521,0,-0.0005552499729526358,0.5719913602724236,3.210209392817789,-0.05355910628133654,-0.07559712556750271,0.0006177329635763621,-0.002077781099380697,4.357236264908059e-92,1.0,2.7140651512478005e-53
2026-06-03 07:42:54+00:00,KXSOL15M-26JUN030345-45,2026-06-03T07:45:00Z,75.14,75.08,0.87,2.1,0.02,0.8126,0.8126,0.0,0.021283,1.0,0.545455,0.545455,1.0,0.454545,0.0,0.004659,0.940937,3.0,86.111111,97.435897,0.013286,0.119697,0.133014,0.149844,1.0,,999.0,0.322,0.37456,,0.444444,0.307733,1.0,3.0,54.583333,,40.044248,,,0.0,0.0,1.0,0.044324,79.18,12.0,1.0,0.069921,1.0,75.28,0.1863,0.2664,,0.39033,,5,-0.0574,0.6826,NO,0.13,False,-0.13,2026-06-03 07:45:00+00:00,2026-W23,0,0.41788856304985417,0.6172660566675521,0,-0.0005552499729526358,0.5719913602724236,3.210209392817789,-0.05355910628133654,-0.07559712556750271,0.0006177329635763621,-0.002077781099380697,4.357236264908059e-92,1.0,2.7140651512478005e-53
2026-06-03 07:47:57+00:00,KXSOL15M-26JUN030400-00,2026-06-03T08:00:00Z,75.28,75.21,0.77,12.0,0.04,0.788,0.788,1.0,1.814325,1.0,1.0,1.0,1.0,0.0,0.0,0.00377,0.351759,4.0,100.0,100.0,0.0,0.159405,0.292631,0.284069,1.0,,999.0,0.322,0.376054,,0.444444,0.307733,1.0,3.0,54.583333,,40.044248,,,0.0,0.0,1.0,0.060457,79.18,12.0,1.0,0.092813,0.0,75.2,-0.1063,-0.0133,,0.410579,,5,0.018,0.558,NO,0.2299999999999999,True,0.77,2026-06-03 08:00:00+00:00,2026-W23,0,0.41788856304985417,0.6172660566675521,0,-0.0005552499729526358,0.5719913602724236,3.210209392817789,-0.05355910628133654,-0.07559712556750271,0.0006177329635763621,-0.002077781099380697,4.357236264908059e-92,1.0,2.7140651512478005e-53
2026-06-03 07:53:00+00:00,KXSOL15M-26JUN030400-00,2026-06-03T08:00:00Z,75.22,75.21,0.615,7.0,0.07,0.6963,0.6963,1.0,0.176609,1.0,1.0,1.0,1.0,0.0,0.0,0.003769,0.351759,4.0,100.0,100.0,0.0,0.026525,0.305892,0.307991,1.0,,999.0,0.322,0.34756,,0.444444,0.307733,1.0,3.0,54.583333,,40.044248,,,0.0,0.0,1.0,0.060457,79.12,12.0,1.0,0.026328,0.0,75.2,-0.0266,-0.0133,,0.361865,,5,0.0813,0.3113,NO,0.385,True,0.615,2026-06-03 08:00:00+00:00,2026-W23,0,0.41788856304985417,0.6172660566675521,0,-0.0005552499729526358,0.5719913602724236,3.210209392817789,-0.05355910628133654,-0.07559712556750271,0.0006177329635763621,-0.002077781099380697,4.357236264908059e-92,1.0,2.7140651512478005e-53
2026-06-03 08:03:08+00:00,KXSOL15M-26JUN030415-15,2026-06-03T08:15:00Z,75.12,75.15,0.61,11.9,0.04,0.3225,0.3225,0.0,0.083671,1.0,0.363636,0.0,-1.0,0.636364,0.0,0.003704,0.789744,0.0,51.111111,85.620915,0.0,0.0,-0.2917,-0.020808,-1.0,,999.0,0.4162,0.520968,,0.511111,0.306789,1.0,4.0,61.688312,0.0,41.086957,,,0.0,0.0,1.0,0.272908,79.12,12.0,1.0,-0.036327,0.0,75.06,-0.0799,-0.1198,,0.335864,,5,-0.2875,-0.0675,NO,0.39,True,0.61,2026-06-03 08:15:00+00:00,2026-W23,0,0.38856304985337287,0.5469486204903533,0,-0.000543653152929221,0.6007315095872158,3.0486085997513226,-0.07594277779978065,-0.08544196087321503,-0.0013737731548432194,-0.0032125849594762806,9.022208438534081e-93,1.0,9.53751345759613e-54
2026-06-04 02:50:12+00:00,KXSOL15M-26JUN032300-00,2026-06-04T03:00:00Z,70.22,70.07,0.745,9.8,0.01,0.6963,0.6963,0.634146,0.384308,1.0,0.706422,0.853211,1.0,0.146789,0.146789,0.0128,1.213037,3.0,93.956044,64.165103,-0.056891,0.042753,0.804136,2.351173,1.0,,999.0,0.2812,1.529435,,0.099206,-2.911249,-1.0,-4.0,3.623188,,18.379447,,,0.0,0.0,1.0,0.133479,79.22,11.0,1.0,0.222209,0.0,70.13,-0.1282,0.0856,,0.298359,,5,-0.0486999999999999,0.4413,NO,0.255,True,0.745,2026-06-04 03:00:00+00:00,2026-W23,0,0.3659909909909912,0.23389486814760468,0,-0.0008104755698973611,0.5160198889319014,1.8382285372940896,-0.19545043652985014,-0.10255434118995825,0.0034265823143948574,0.02006551844750487,2.4099874096830603e-126,1.0,1.718604100680405e-79
2026-06-04 02:55:16+00:00,KXSOL15M-26JUN032300-00,2026-06-04T03:00:00Z,70.12,70.07,0.625,4.7,0.07,0.5864,0.5864,0.212121,1.89425,1.0,0.706422,0.853211,1.0,0.146789,0.146789,0.012807,1.213037,3.0,91.351351,63.414634,-0.071154,-0.312589,0.185635,2.083549,1.0,,999.0,0.2812,1.410273,,0.099206,-2.911249,-1.0,-4.0,3.623188,,18.379447,,,0.0,0.0,1.0,0.133479,79.22,11.0,1.0,0.068789,0.0,70.13,0.0143,0.0856,,0.33111,,5,-0.0385999999999999,0.2114,NO,0.375,True,0.625,2026-06-04 03:00:00+00:00,2026-W23,0,0.3659909909909912,0.23389486814760468,0,-0.0008104755698973611,0.5160198889319014,1.8382285372940896,-0.19545043652985014,-0.10255434118995825,0.0034265823143948574,0.02006551844750487,2.4099874096830603e-126,1.0,1.718604100680405e-79
2026-06-04 03:05:22+00:00,KXSOL15M-26JUN032315-15,2026-06-04T03:15:00Z,70.68,70.01,0.975,9.6,0.028,0.9067,0.9067,0.833333,0.807149,1.0,0.204082,0.081633,-1.0,0.714286,0.081633,0.01288,0.537197,1.0,98.536585,75.797373,0.255247,0.983887,0.625178,3.072079,1.0,,999.0,0.3729,1.169936,,0.878378,2.039924,1.0,1.0,37.922987,1.0,27.352682,,,0.0,0.0,1.0,-0.362143,78.95,11.0,1.0,0.965913,1.0,71.03,0.4952,1.4569,,0.258817,,5,-0.0683,0.8816999999999999,NO,0.025,False,-0.025,2026-06-04 03:15:00+00:00,2026-W23,0,0.5281531531531531,0.51805988923434,0,-0.0004953010745503443,0.4958778321580588,3.3042585139616425,-0.029791387999318623,-0.014562656211503074,0.006755135871901821,0.007983739792273951,3.6920797173349484e-63,1.0,1.9517152789006337e-35
2026-06-04 03:10:25+00:00,KXSOL15M-26JUN032315-15,2026-06-04T03:15:00Z,70.77,70.01,0.967,4.6,0.06,0.9328,0.9328,0.5,1.011248,1.0,0.204082,0.081633,-1.0,0.714286,0.081633,0.012874,0.537197,1.0,95.555556,76.360225,-0.141024,0.056489,0.882814,2.980987,1.0,,999.0,0.3729,1.109813,,0.878378,2.039924,1.0,1.0,37.922987,1.0,27.352682,,,0.0,0.0,1.0,-0.362143,78.95,11.0,1.0,1.094473,1.0,71.03,0.3674,1.4569,,0.261233,,5,-0.0342,0.8997999999999999,NO,0.033,False,-0.033,2026-06-04 03:15:00+00:00,2026-W23,0,0.5281531531531531,0.51805988923434,0,-0.0004953010745503443,0.4958778321580588,3.3042585139616425,-0.029791387999318623,-0.014562656211503074,0.006755135871901821,0.007983739792273951,3.6920797173349484e-63,1.0,1.9517152789006337e-35
2026-06-04 03:20:31+00:00,KXSOL15M-26JUN032330-30,2026-06-04T03:30:00Z,71.04,70.89,0.715,9.5,0.05,0.6963,0.6963,0.552632,1.487354,1.0,0.846939,0.928571,1.0,0.071429,0.081633,0.013591,1.014043,2.0,94.186047,81.238274,0.098494,0.112628,0.423669,2.904432,1.0,,999.0,0.2812,1.103775,,0.878378,2.039924,1.0,1.0,37.922987,1.0,27.352682,,,0.0,0.0,1.0,-0.125301,79.13,11.0,1.0,0.209058,1.0,71.2,0.2252,0.4373,,0.282024,,5,-0.0186999999999999,0.4113,NO,0.285,False,-0.285,2026-06-04 03:30:00+00:00,2026-W23,0,0.5281531531531531,0.51805988923434,0,-0.0004953010745503443,0.4958778321580588,3.3042585139616425,-0.029791387999318623,-0.014562656211503074,0.006755135871901821,0.007983739792273951,3.6920797173349484e-63,1.0,1.9517152789006337e-35
2026-06-04 03:25:33+00:00,KXSOL15M-26JUN032330-30,2026-06-04T03:30:00Z,71.09,70.89,0.91,4.4,0.02,0.8126,0.8126,0.633333,0.92018,1.0,0.846939,0.928571,1.0,0.071429,0.081633,0.013585,1.014043,2.0,93.90681,81.801126,-0.070294,0.028121,0.380979,2.820833,1.0,,999.0,0.2812,1.08161,,0.878378,2.039924,1.0,1.0,37.922987,1.0,27.352682,,,0.0,0.0,1.0,-0.125301,79.13,11.0,1.0,0.279591,1.0,71.2,0.1547,0.4373,,0.282024,,5,-0.0974,0.7226,NO,0.0899999999999999,False,-0.0899999999999999,2026-06-04 03:30:00+00:00,2026-W23,0,0.5281531531531531,0.51805988923434,0,-0.0004953010745503443,0.4958778321580588,3.3042585139616425,-0.029791387999318623,-0.014562656211503074,0.006755135871901821,0.007983739792273951,3.6920797173349484e-63,1.0,1.9517152789006337e-35
2026-06-04 03:35:40+00:00,KXSOL15M-26JUN032345-45,2026-06-04T03:45:00Z,71.38,70.97,0.9125,9.3,0.045,0.9067,0.9067,0.882353,0.833948,1.0,0.071429,0.309524,1.0,0.690476,0.238095,0.013772,0.427015,3.0,96.170213,87.054409,-0.055952,0.308989,0.421822,2.94532,1.0,,999.0,0.1875,0.985377,,0.878378,2.039924,1.0,1.0,37.922987,1.0,27.352682,,,0.0,0.0,1.0,-0.185577,79.18,11.0,1.0,0.578681,1.0,71.63,0.3502,0.93,,0.252896,,5,-0.0058,0.8191999999999999,NO,0.0875,False,-0.0875,2026-06-04 03:45:00+00:00,2026-W23,0,0.5281531531531531,0.51805988923434,0,-0.0004953010745503443,0.4958778321580588,3.3042585139616425,-0.029791387999318623,-0.014562656211503074,0.006755135871901821,0.007983739792273951,3.6920797173349484e-63,1.0,1.9517152789006337e-35
2026-06-04 03:40:42+00:00,KXSOL15M-26JUN032345-45,2026-06-04T03:45:00Z,71.4,70.97,0.9915,4.3,0.011,0.9437,0.9437,1.0,0.343076,1.0,0.071429,0.309524,1.0,0.690476,0.238095,0.013758,0.427015,3.0,98.989899,88.36773,0.1822,0.098012,0.477864,2.990939,1.0,,999.0,0.1875,0.935905,,0.878378,2.039924,1.0,1.0,37.922987,,27.352682,,,0.0,0.0,1.0,-0.185577,79.18,11.0,1.0,0.603338,1.0,71.63,0.3221,0.93,,0.261054,,5,-0.0478,0.9352,NO,0.0084999999999999,False,-0.0084999999999999,2026-06-04 03:45:00+00:00,2026-W23,0,0.5281531531531531,0.51805988923434,0,-0.0004953010745503443,0.4958778321580588,3.3042585139616425,-0.029791387999318623,-0.014562656211503074,0.006755135871901821,0.007983739792273951,3.6920797173349484e-63,1.0,1.9517152789006337e-35
2026-06-04 04:06:00+00:00,KXSOL15M-26JUN040015-15,2026-06-04T04:15:00Z,71.53,71.41,0.76,9.0,0.04,0.7222,0.7222,0.5,0.0,1.0,0.5,0.428571,-1.0,0.071429,0.428571,0.012743,0.307451,0.0,89.873418,96.701031,0.0,0.0,-0.22337,1.140459,1.0,,999.0,0.322,0.758897,,0.898734,1.910737,1.0,2.0,59.897829,0.0,37.173203,,,0.0,0.0,1.0,-0.1548,79.09,11.0,1.0,0.176034,1.0,71.67,0.1957,0.3641,,0.243021,,5,-0.0378,0.4821999999999999,NO,0.24,False,-0.24,2026-06-04 04:15:00+00:00,2026-W23,0,0.46509009009008984,0.41761561634309524,0,-0.0017114353584002015,0.431358314299486,2.820714433381056,-0.030110727319000153,-0.056850199456140754,0.0014889350620643964,-0.011762587670609432,1.6506496986690818e-86,1.0,4.234795461561755e-49
2026-06-04 04:11:02+00:00,KXSOL15M-26JUN040015-15,2026-06-04T04:15:00Z,71.47,71.41,0.795,4.0,0.01,0.7238,0.7238,0.428571,0.104086,1.0,0.5,0.428571,-1.0,0.071429,0.428571,0.012737,0.307451,1.0,87.5,97.319588,0.02798,0.041976,0.210231,1.158648,1.0,,999.0,0.322,0.599916,,0.898734,1.910737,1.0,2.0,59.897829,0.0,37.173203,,,0.0,0.0,0.99842,-0.1548,79.09,11.0,1.0,0.085006,1.0,71.67,0.2798,0.3641,,0.292269,,5,-0.0712,0.5188,NO,0.2049999999999999,False,-0.2049999999999999,2026-06-04 04:15:00+00:00,2026-W23,0,0.46509009009008984,0.41761561634309524,0,-0.0017114353584002015,0.431358314299486,2.820714433381056,-0.030110727319000153,-0.056850199456140754,0.0014889350620643964,-0.011762587670609432,1.6506496986690818e-86,1.0,4.234795461561755e-49
2026-06-04 12:35:46+00:00,KXSOL15M-26JUN040845-45,2026-06-04T12:45:00Z,69.54,69.24,0.8,9.2,0.04,0.842,0.842,1.0,0.697206,1.0,0.958333,0.958333,1.0,0.041667,0.0,0.008622,1.592417,2.0,100.0,100.0,0.0,0.662252,2.147553,2.077724,1.0,,999.0,0.322,1.362875,,1.0,1.118799,1.0,1.0,30.031447,1.0,33.16913,,,0.0,0.0,1.0,-0.269964,78.66,11.0,1.0,0.443124,1.0,70.0,0.6615,1.0976,,0.049925,,5,0.0419999999999999,0.642,NO,0.1999999999999999,False,-0.1999999999999999,2026-06-04 12:45:00+00:00,2026-W23,0,0.4536652835408021,0.6134479747638498,0,-0.003583980774470643,0.37031454218546217,3.367004966205053,-0.014839372218319696,-0.04065729385292924,0.005730126999613052,0.006880521226593753,1.2933551802674695e-165,1.0,9.445674833520229e-113
2026-06-04 12:40:49+00:00,KXSOL15M-26JUN040845-45,2026-06-04T12:45:00Z,69.95,69.24,0.9935,4.2,0.007,0.9437,0.9437,0.666667,0.543647,1.0,0.958333,0.958333,1.0,0.041667,0.0,0.008605,1.592417,2.0,96.744186,97.358491,0.0,0.200229,1.389291,2.136248,1.0,,999.0,0.322,1.243008,,1.0,1.118799,1.0,1.0,30.031447,,33.16913,,,0.0,0.0,1.0,-0.269964,78.66,11.0,1.0,1.035304,1.0,70.0,0.0715,1.0976,,0.049925,,5,-0.0498,0.9372,NO,0.0064999999999999,False,-0.0064999999999999,2026-06-04 12:45:00+00:00,2026-W23,0,0.4536652835408021,0.6134479747638498,0,-0.003583980774470643,0.37031454218546217,3.367004966205053,-0.014839372218319696,-0.04065729385292924,0.005730126999613052,0.006880521226593753,1.2933551802674695e-165,1.0,9.445674833520229e-113
2026-06-04 12:50:54+00:00,KXSOL15M-26JUN040900-00,2026-06-04T13:00:00Z,70.1,69.89,0.82,9.1,0.06,0.8126,0.8126,1.0,0.056865,1.0,0.835443,0.835443,1.0,0.164557,0.0,0.008468,1.326139,3.0,100.0,100.0,0.0,0.5,0.614989,2.520316,1.0,,999.0,0.3644,1.161501,,1.0,1.118799,1.0,1.0,30.031447,,33.16913,,,0.0,0.0,1.0,-0.156364,78.89,11.0,1.0,0.294743,1.0,70.08,-0.0285,0.2719,,0.094278,,5,-0.0073999999999999,0.6325999999999999,NO,0.18,False,-0.18,2026-06-04 13:00:00+00:00,2026-W23,0,0.4536652835408021,0.6134479747638498,0,-0.003583980774470643,0.37031454218546217,3.367004966205053,-0.014839372218319696,-0.04065729385292924,0.005730126999613052,0.006880521226593753,1.2933551802674695e-165,1.0,9.445674833520229e-113
2026-06-04 12:55:58+00:00,KXSOL15M-26JUN040900-00,2026-06-04T13:00:00Z,70.06,69.89,0.875,4.0,0.05,0.8126,0.8126,0.478261,0.697281,1.0,0.835443,0.835443,1.0,0.164557,0.0,0.00849,1.326139,3.0,91.176471,93.728223,0.0,-0.255864,0.157008,2.067097,1.0,,999.0,0.322,1.119082,,1.0,1.118799,1.0,1.0,30.031447,,33.16913,,,0.0,0.0,1.0,-0.156364,78.89,11.0,1.0,0.233934,1.0,70.08,0.0285,0.2719,,0.094278,,5,-0.0624,0.6876,NO,0.125,False,-0.125,2026-06-04 13:00:00+00:00,2026-W23,0,0.4536652835408021,0.6134479747638498,0,-0.003583980774470643,0.37031454218546217,3.367004966205053,-0.014839372218319696,-0.04065729385292924,0.005730126999613052,0.006880521226593753,1.2933551802674695e-165,1.0,9.445674833520229e-113
2026-06-04 13:31:20+00:00,KXSOL15M-26JUN040945-45,2026-06-04T13:45:00Z,69.59,69.29,0.785,13.7,0.01,0.788,0.788,1.0,0.718168,1.0,0.866667,0.133333,-1.0,0.0,0.133333,0.008332,1.291513,1.0,53.23741,77.351916,0.54953,0.795372,-0.143266,0.72207,-1.0,,999.0,0.4664,1.272618,,0.847368,1.979622,1.0,2.0,60.628466,0.0,41.776062,,,0.0,0.0,1.0,0.147512,78.52,11.0,1.0,0.436587,1.0,69.95,0.5173,0.9525,,0.043888,,5,0.003,0.5730000000000001,NO,0.2149999999999999,False,-0.2149999999999999,2026-06-04 13:45:00+00:00,2026-W23,0,0.53662182361734,0.6517985810710932,0,-0.005272058442363503,0.37165906011650635,5.03478351482533,0.021387748814537665,-0.007097337151540856,0.003166586265435044,-0.0064622140749668894,1.21038390385396e-136,1.0,1.153867567826176e-88
2026-06-04 13:36:22+00:00,KXSOL15M-26JUN040945-45,2026-06-04T13:45:00Z,69.95,69.29,0.9395,8.6,0.019,0.8747,0.8747,0.810345,1.23542,1.0,0.866667,0.133333,-1.0,0.0,0.133333,0.008302,1.291513,1.0,69.230769,86.062718,-0.071429,-0.085702,0.821562,1.020812,1.0,,999.0,0.4664,1.545858,,0.847368,1.979622,1.0,2.0,60.628466,0.0,41.776062,,,0.0,0.0,0.987177,0.147512,78.24,11.0,1.0,0.959769,1.0,69.95,0.0,0.9525,,0.043888,,5,-0.0647999999999999,0.8142,NO,0.0605,False,-0.0605,2026-06-04 13:45:00+00:00,2026-W23,0,0.53662182361734,0.6517985810710932,0,-0.005272058442363503,0.37165906011650635,5.03478351482533,0.021387748814537665,-0.007097337151540856,0.003166586265435044,-0.0064622140749668894,1.21038390385396e-136,1.0,1.153867567826176e-88
2026-06-04 13:41:26+00:00,KXSOL15M-26JUN040945-45,2026-06-04T13:45:00Z,70.36,69.29,0.994,3.6,0.006,0.95,0.95,1.0,0.862288,1.0,0.866667,0.133333,-1.0,0.0,0.133333,0.008231,1.291513,1.0,100.0,100.0,0.0,0.857756,2.024584,1.707512,1.0,,999.0,0.4664,1.584774,,0.847368,1.979622,1.0,2.0,60.628466,,41.776062,,,0.0,0.0,0.992337,0.147512,78.24,11.0,1.0,1.54429,1.0,69.95,-0.5827,0.9525,,0.043888,,5,-0.044,0.944,NO,0.006,False,-0.006,2026-06-04 13:45:00+00:00,2026-W23,0,0.53662182361734,0.6517985810710932,0,-0.005272058442363503,0.37165906011650635,5.03478351482533,0.021387748814537665,-0.007097337151540856,0.003166586265435044,-0.0064622140749668894,1.21038390385396e-136,1.0,1.153867567826176e-88
2026-06-04 14:01:39+00:00,KXSOL15M-26JUN041015-15,2026-06-04T14:15:00Z,70.42,70.27,0.725,13.3,0.03,0.6963,0.6963,1.0,2.103558,1.0,0.904762,1.0,1.0,0.0,0.095238,0.009328,0.639826,0.0,88.0,94.136808,0.0,0.471159,0.600429,1.041984,1.0,,999.0,0.4664,1.368339,,0.88,0.413813,1.0,3.0,67.354597,0.0,45.003934,,,0.0,0.0,1.0,0.198651,78.41,11.0,1.0,0.214175,1.0,70.51,0.1278,0.3415,,0.046619,,5,-0.0286999999999999,0.4213,NO,0.275,False,-0.275,2026-06-04 14:15:00+00:00,2026-W23,0,0.47327044025157317,0.5126683147507707,0,-0.0036291958885191185,0.31301092025664307,3.0792060130378114,0.01283883030758313,-0.020379550472661958,-0.0009197572561437575,-0.010132452800580696,8.087628263959986e-151,1.0,2.58462432309869e-100
2026-06-04 14:06:41+00:00,KXSOL15M-26JUN041015-15,2026-06-04T14:15:00Z,70.34,70.27,0.765,8.3,0.05,0.631,0.631,0.0,0.625839,1.0,0.904762,1.0,1.0,0.0,0.095238,0.009324,0.639826,3.0,89.403974,94.805195,0.0,-0.226757,0.270617,1.027487,1.0,,999.0,0.3644,1.593608,,0.88,0.413813,1.0,3.0,67.354597,0.0,45.003934,,,0.0,0.0,1.0,0.198651,78.34,11.0,1.0,0.103886,1.0,70.51,0.2417,0.3415,,0.046619,,5,-0.134,0.396,NO,0.235,False,-0.235,2026-06-04 14:15:00+00:00,2026-W23,0,0.47327044025157317,0.5126683147507707,0,-0.0036291958885191185,0.31301092025664307,3.0792060130378114,0.01283883030758313,-0.020379550472661958,-0.0009197572561437575,-0.010132452800580696,8.087628263959986e-151,1.0,2.58462432309869e-100
2026-06-04 14:11:45+00:00,KXSOL15M-26JUN041015-15,2026-06-04T14:15:00Z,70.49,70.27,0.9295,3.2,0.019,0.8126,0.8126,1.0,0.012546,1.0,0.904762,1.0,1.0,0.0,0.095238,0.009295,0.639826,3.0,100.0,100.0,0.071023,0.3125,0.828098,1.006206,1.0,,999.0,0.3644,1.543831,,0.88,0.413813,1.0,3.0,67.354597,0.0,45.003934,,,0.0,0.0,0.999816,0.198651,78.34,11.0,1.0,0.31735,1.0,70.51,0.0284,0.3415,,0.046619,,5,-0.1169,0.7421,NO,0.0705,False,-0.0705,2026-06-04 14:15:00+00:00,2026-W23,0,0.47327044025157317,0.5126683147507707,0,-0.0036291958885191185,0.31301092025664307,3.0792060130378114,0.01283883030758313,-0.020379550472661958,-0.0009197572561437575,-0.010132452800580696,8.087628263959986e-151,1.0,2.58462432309869e-100
2026-06-04 14:47:05+00:00,KXSOL15M-26JUN041100-00,2026-06-04T15:00:00Z,69.83,69.82,0.505,12.9,0.03,0.6188,0.6188,1.0,0.212552,1.0,0.5,0.5,-1.0,0.0,0.5,0.008957,0.351197,1.0,20.930233,74.242424,0.100186,0.100186,-0.057159,-0.026045,-1.0,,999.0,0.4167,0.852114,,0.88,0.413813,1.0,3.0,67.354597,,45.003934,,,0.0,-2.0,-1.0,0.298004,78.2,11.0,1.0,0.021056,0.0,69.79,-0.0573,-0.043,,0.051835,,5,0.1138,0.1238,NO,0.495,True,0.505,2026-06-04 15:00:00+00:00,2026-W23,0,0.47327044025157317,0.5126683147507707,0,-0.0036291958885191185,0.31301092025664307,3.0792060130378114,0.01283883030758313,-0.020379550472661958,-0.0009197572561437575,-0.010132452800580696,8.087628263959986e-151,1.0,2.58462432309869e-100
2026-06-04 15:07:26+00:00,KXSOL15M-26JUN041115-15,2026-06-04T15:15:00Z,70.29,69.71,0.969,7.6,0.018,0.9278,0.9278,0.5,0.0,1.0,0.25,0.53125,-1.0,0.21875,0.53125,0.008462,0.538462,1.0,61.0,85.227273,0.185449,0.630463,0.876185,0.194983,1.0,,999.0,0.4664,0.921436,,0.17,-0.824215,-1.0,-1.0,60.56338,-1.0,46.166263,,,-1.0,0.0,0.990248,0.299851,78.07,11.0,1.0,0.838528,1.0,70.2,-0.128,0.7029,,0.128376,,5,-0.0412,0.8967999999999999,NO,0.031,False,-0.031,2026-06-04 15:15:00+00:00,2026-W23,0,0.45754716981132026,0.4899552610095016,0,-0.0008984780819135463,0.33392628046989503,3.491748636958525,0.005635228419350577,-0.018550775292470362,-0.0013838226060433516,-0.0010297544365011771,5.776671446110735e-118,1.0,1.6960587433718214e-73
2026-06-04 15:12:29+00:00,KXSOL15M-26JUN041115-15,2026-06-04T15:15:00Z,70.07,69.71,0.9915,2.5,0.003,0.9067,0.9067,1.0,4.825747,1.0,0.25,0.53125,-1.0,0.21875,0.53125,0.008462,0.538462,1.0,61.0,85.227273,-0.482475,0.0,0.77486,0.008173,1.0,,999.0,0.4664,1.329598,,0.17,-0.824215,-1.0,-1.0,60.56338,-1.0,46.166263,,,-1.0,0.0,0.983376,0.299851,78.07,11.0,1.0,0.519328,1.0,70.2,0.1855,0.7029,,0.128376,,5,-0.0848000000000001,0.8982,NO,0.0084999999999999,False,-0.0084999999999999,2026-06-04 15:15:00+00:00,2026-W23,0,0.45754716981132026,0.4899552610095016,0,-0.0008984780819135463,0.33392628046989503,3.491748636958525,0.005635228419350577,-0.018550775292470362,-0.0013838226060433516,-0.0010297544365011771,5.776671446110735e-118,1.0,1.6960587433718214e-73
2026-06-05 09:16:35+00:00,KXSOL15M-26JUN050530-30,2026-06-05T09:30:00Z,66.12,66.16,0.515,13.4,0.05,0.4069,0.4069,1.0,4.625335,1.0,1.0,1.0,1.0,0.0,0.0,0.012139,1.307829,-1.0,75.572519,85.873606,0.120664,0.623764,1.363985,0.472352,1.0,,0.228777,0.3571,1.493277,,0.103093,-1.315789,-1.0,-1.0,24.398625,-1.0,28.960155,,,0.0,0.0,1.0,-0.010519,77.65,13.0,1.0,-0.066809,1.0,66.32,0.3025,0.2418,,0.374399,,5,-0.1081,-0.0781,NO,0.485,False,-0.485,2026-06-05 09:30:00+00:00,2026-W23,0,0.384388807069219,0.4323223515817666,0,-0.0009252310979406386,0.48085196659469953,2.0476356050885944,-0.1796275533751348,-0.1137502371861628,0.0042412325033531085,0.011281169770014777,7.112288773287421e-86,1.0,2.2327034705924048e-48
2026-06-05 09:26:41+00:00,KXSOL15M-26JUN050530-30,2026-06-05T09:30:00Z,66.23,66.16,0.555,3.3,0.05,0.6188,0.6188,0.5,0.0,1.0,1.0,1.0,1.0,0.0,0.0,0.01212,1.307829,-1.0,83.206107,89.591078,0.0,0.2118,0.775901,0.639193,1.0,,0.077424,0.3571,1.361354,,0.103093,-1.315789,-1.0,-1.0,24.398625,-1.0,28.960155,,,0.0,0.0,1.0,-0.010519,77.65,13.0,1.0,0.107015,1.0,66.32,0.1359,0.2418,,0.39243,,5,0.0637999999999999,0.1738,NO,0.4449999999999999,False,-0.4449999999999999,2026-06-05 09:30:00+00:00,2026-W23,0,0.384388807069219,0.4323223515817666,0,-0.0009252310979406386,0.48085196659469953,2.0476356050885944,-0.1796275533751348,-0.1137502371861628,0.0042412325033531085,0.011281169770014777,7.112288773287421e-86,1.0,2.2327034705924048e-48
2026-06-05 09:46:54+00:00,KXSOL15M-26JUN050600-00,2026-06-05T10:00:00Z,66.2,66.09,0.735,13.1,0.07,0.7703,0.7703,0.0,0.051195,1.0,1.0,0.0,-1.0,0.0,0.0,0.011094,0.29932,1.0,83.969466,91.358025,0.0,0.045304,-0.105549,0.696401,1.0,,0.062151,0.3571,0.803185,,0.103093,-1.315789,-1.0,-1.0,24.398625,,28.960155,,,0.0,0.0,1.0,0.21508,77.67,13.0,1.0,0.17674,1.0,66.67,0.71,0.8776,,0.418223,,5,0.0353,0.5053,NO,0.265,False,-0.265,2026-06-05 10:00:00+00:00,2026-W23,0,0.384388807069219,0.4323223515817666,0,-0.0009252310979406386,0.48085196659469953,2.0476356050885944,-0.1796275533751348,-0.1137502371861628,0.0042412325033531085,0.011281169770014777,7.112288773287421e-86,1.0,2.2327034705924048e-48
2026-06-05 09:51:57+00:00,KXSOL15M-26JUN050600-00,2026-06-05T10:00:00Z,66.4,66.09,0.956,8.0,0.028,0.9091,0.9091,1.0,0.762329,1.0,1.0,0.0,-1.0,0.0,0.0,0.011091,0.29932,1.0,85.496183,92.18107,0.0,0.030189,0.196553,0.705484,1.0,,0.031941,0.3571,0.701745,,0.103093,-1.315789,-1.0,-1.0,24.398625,,28.960155,,,0.0,-2.0,-1.0,0.21508,77.56,13.0,1.0,0.471812,1.0,66.67,0.4066,0.8776,,0.426805,,5,-0.0468999999999999,0.8651,NO,0.044,False,-0.044,2026-06-05 10:00:00+00:00,2026-W23,0,0.384388807069219,0.4323223515817666,0,-0.0009252310979406386,0.48085196659469953,2.0476356050885944,-0.1796275533751348,-0.1137502371861628,0.0042412325033531085,0.011281169770014777,7.112288773287421e-86,1.0,2.2327034705924048e-48
2026-06-05 09:57:00+00:00,KXSOL15M-26JUN050600-00,2026-06-05T10:00:00Z,66.43,66.09,0.9835,3.0,0.009,0.9328,0.9328,0.741935,0.242577,1.0,1.0,0.0,-1.0,0.0,0.0,0.011053,0.29932,1.0,94.405594,96.862745,0.0,0.347065,0.422833,1.042444,1.0,,999.0,0.3571,0.858266,,0.103093,-1.315789,-1.0,-1.0,24.398625,,28.960155,,,0.0,0.0,0.997677,0.21508,77.56,13.0,1.0,0.524773,1.0,66.67,0.3613,0.8776,,0.433269,,5,-0.0507,0.9163,NO,0.0164999999999999,False,-0.0164999999999999,2026-06-05 10:00:00+00:00,2026-W23,0,0.384388807069219,0.4323223515817666,0,-0.0009252310979406386,0.48085196659469953,2.0476356050885944,-0.1796275533751348,-0.1137502371861628,0.0042412325033531085,0.011281169770014777,7.112288773287421e-86,1.0,2.2327034705924048e-48
2026-06-05 10:02:04+00:00,KXSOL15M-26JUN050615-15,2026-06-05T10:15:00Z,66.56,66.45,0.765,12.9,0.03,0.6923,0.6923,0.0,0.003086,1.0,0.708333,0.708333,1.0,0.291667,0.0,0.009267,0.776879,2.0,100.0,100.0,0.0,0.255639,0.603591,1.300097,1.0,,999.0,0.3571,0.907706,,0.894737,1.823755,1.0,1.0,48.876404,1.0,37.669377,,,1.0,0.0,1.0,-0.023032,77.56,13.0,1.0,0.171863,1.0,66.51,-0.0751,0.0903,,0.51522,,5,-0.0726999999999999,0.4573,NO,0.235,False,-0.235,2026-06-05 10:15:00+00:00,2026-W23,0,0.3765060240963855,0.416488315476299,0,-0.004100860786010284,0.3878505772325933,2.140260760988614,-0.1774759783023156,-0.09550228093102296,0.0019743502469872103,-0.005827309488534403,1.579505363436876e-67,1.0,9.219139254409756e-37
2026-06-05 10:12:09+00:00,KXSOL15M-26JUN050615-15,2026-06-05T10:15:00Z,66.49,66.45,0.715,2.8,0.03,0.6459,0.6459,0.5,0.0,1.0,0.708333,0.708333,1.0,0.291667,0.0,0.00929,0.776879,2.0,86.885246,93.939394,0.0,-0.239988,0.015038,1.068337,1.0,,999.0,0.3571,0.866196,,0.894737,1.823755,1.0,1.0,48.876404,1.0,37.669377,,,1.0,0.0,1.0,-0.023032,77.49,13.0,1.0,0.058993,1.0,66.51,0.0301,0.0903,,0.497381,,5,-0.0690999999999999,0.3609,NO,0.285,False,-0.285,2026-06-05 10:15:00+00:00,2026-W23,0,0.3765060240963855,0.416488315476299,0,-0.004100860786010284,0.3878505772325933,2.140260760988614,-0.1774759783023156,-0.09550228093102296,0.0019743502469872103,-0.005827309488534403,1.579505363436876e-67,1.0,9.219139254409756e-37
2026-06-05 10:32:21+00:00,KXSOL15M-26JUN050645-45,2026-06-05T10:45:00Z,66.5,66.47,0.635,12.6,0.07,0.6237,0.6237,0.0,0.035755,1.0,1.0,0.0,-1.0,0.0,0.0,0.008032,0.149533,1.0,89.473684,97.446809,0.270962,0.270962,0.150353,1.119352,1.0,,999.0,0.4162,0.556969,,0.894737,1.823755,1.0,1.0,48.876404,1.0,37.669377,,,1.0,-1.0,-0.16208,0.293369,77.41,13.0,1.0,0.037608,0.0,66.3,-0.3008,-0.2558,,0.446936,,5,-0.0112999999999999,0.2587,NO,0.365,True,0.635,2026-06-05 10:45:00+00:00,2026-W23,0,0.3765060240963855,0.416488315476299,0,-0.004100860786010284,0.3878505772325933,2.140260760988614,-0.1774759783023156,-0.09550228093102296,0.0019743502469872103,-0.005827309488534403,1.579505363436876e-67,1.0,9.219139254409756e-37
2026-06-05 20:38:58+00:00,KXSOL15M-26JUN051645-45,2026-06-05T20:45:00Z,64.33,64.22,0.73,6.0,0.06,0.6963,0.6963,0.0,1.234846,1.0,0.478261,0.826087,1.0,0.173913,0.347826,0.013125,0.544379,4.0,94.444444,72.25,0.0,0.186741,0.374181,2.460169,1.0,,1.126587,0.5217,1.834835,,0.933628,1.128955,1.0,1.0,40.114068,1.0,40.234089,,,0.0,0.0,0.731622,-0.508734,76.98,13.0,1.0,0.175654,1.0,64.52,0.2954,0.4671,,0.181593,,5,-0.0336999999999999,0.4263,NO,0.27,False,-0.27,2026-06-05 20:45:00+00:00,2026-W23,0,0.43698630136986344,0.47779389943987804,0,-0.004265489225110092,0.42648921979311044,1.7392809919641214,-0.32814939688459765,-0.17896519435274558,0.00348953873312902,0.011224234620261682,2.319963229096279e-174,1.0,5.829269683797823e-118
2026-06-05 20:54:08+00:00,KXSOL15M-26JUN051700-00,2026-06-05T21:00:00Z,64.44,64.43,0.545,5.9,0.07,0.6188,0.6188,1.0,0.141673,1.0,0.355556,0.733333,1.0,0.266667,0.377778,0.012829,0.541237,5.0,100.0,84.910486,0.0,0.37169,0.667909,3.013694,1.0,,0.38309,0.4167,1.299614,,0.933628,1.128955,1.0,1.0,40.114068,,40.234089,,,0.0,0.0,0.876036,0.036946,76.88,13.0,1.0,0.015056,1.0,64.68,0.3724,0.388,,0.180055,,5,0.0737999999999999,0.1638,NO,0.4549999999999999,False,-0.4549999999999999,2026-06-05 21:00:00+00:00,2026-W23,0,0.43698630136986344,0.47779389943987804,0,-0.004265489225110092,0.42648921979311044,1.7392809919641214,-0.32814939688459765,-0.17896519435274558,0.00348953873312902,0.011224234620261682,2.319963229096279e-174,1.0,5.829269683797823e-118
2026-06-05 21:04:14+00:00,KXSOL15M-26JUN051715-15,2026-06-05T21:15:00Z,64.86,64.65,0.78,10.8,0.06,0.7507,0.7507,1.0,0.296051,1.0,0.363636,0.704545,1.0,0.295455,0.340909,0.012639,0.537053,5.0,97.641509,86.71875,0.324776,0.21645,0.387177,2.851004,1.0,,0.360211,0.4167,1.390875,,0.936893,1.986755,1.0,2.0,60.646388,0.0,48.525074,,,0.0,0.0,1.0,-0.400326,76.88,13.0,1.0,0.328227,1.0,65.07,0.3238,0.6497,,0.190318,,5,-0.0292999999999999,0.5307000000000001,NO,0.2199999999999999,False,-0.2199999999999999,2026-06-05 21:15:00+00:00,2026-W23,0,0.4843750000000006,0.516319884113643,0,-0.005822305763519817,0.32493688760041256,1.875466791916524,-0.295834862037465,-0.1667435078686466,0.0026478797534810685,-0.0029133946374623344,7.647970856909059e-143,1.0,2.0470559345135543e-92
2026-06-05 21:09:16+00:00,KXSOL15M-26JUN051715-15,2026-06-05T21:15:00Z,64.78,64.65,0.715,5.7,0.05,0.6975,0.6975,1.0,0.326052,1.0,0.363636,0.704545,1.0,0.295455,0.340909,0.012637,0.537053,5.0,93.273543,86.979167,0.0,-0.23084,0.449334,2.605562,1.0,,0.282427,0.4167,1.048634,,0.936893,1.986755,1.0,2.0,60.646388,0.0,48.525074,,,0.0,0.0,1.0,-0.400326,76.88,13.0,1.0,0.208352,1.0,65.07,0.4477,0.6497,,0.190318,,5,-0.0174999999999999,0.4125,NO,0.285,False,-0.285,2026-06-05 21:15:00+00:00,2026-W23,0,0.4843750000000006,0.516319884113643,0,-0.005822305763519817,0.32493688760041256,1.875466791916524,-0.295834862037465,-0.1667435078686466,0.0026478797534810685,-0.0029133946374623344,7.647970856909059e-143,1.0,2.0470559345135543e-92
2026-06-05 21:19:23+00:00,KXSOL15M-26JUN051730-30,2026-06-05T21:30:00Z,64.98,64.83,0.58,10.6,0.06,0.6459,0.6459,0.0,0.055546,1.0,0.1875,0.25,1.0,0.75,0.0625,0.012392,0.397516,5.0,91.269841,90.364583,0.0,0.339821,-0.030779,2.313593,1.0,,0.066219,0.4634,1.281498,,0.936893,1.986755,1.0,2.0,60.646388,0.0,48.525074,,,0.0,0.0,1.0,-0.091896,76.85,13.0,1.0,0.219789,1.0,64.85,-0.2001,0.0308,,0.217687,,5,0.0659,0.2259,NO,0.42,False,-0.42,2026-06-05 21:30:00+00:00,2026-W23,0,0.4843750000000006,0.516319884113643,0,-0.005822305763519817,0.32493688760041256,1.875466791916524,-0.295834862037465,-0.1667435078686466,0.0026478797534810685,-0.0029133946374623344,7.647970856909059e-143,1.0,2.0470559345135543e-92
2026-06-05 21:24:25+00:00,KXSOL15M-26JUN051730-30,2026-06-05T21:30:00Z,64.96,64.83,0.73,5.6,0.04,0.7507,0.7507,0.47619,0.31692,1.0,0.1875,0.25,1.0,0.75,0.0625,0.012408,0.397516,5.0,83.898305,88.28125,0.0,-0.123153,0.123457,1.918434,1.0,,0.186099,0.4167,1.193839,,0.936893,1.986755,1.0,2.0,60.646388,0.0,48.525074,,,0.0,0.0,1.0,-0.091896,76.85,13.0,1.0,0.188941,1.0,64.85,-0.1693,0.0308,,0.230097,,5,0.0207,0.4807,NO,0.27,False,-0.27,2026-06-05 21:30:00+00:00,2026-W23,0,0.4843750000000006,0.516319884113643,0,-0.005822305763519817,0.32493688760041256,1.875466791916524,-0.295834862037465,-0.1667435078686466,0.0026478797534810685,-0.0029133946374623344,7.647970856909059e-143,1.0,2.0470559345135543e-92
2026-06-05 21:39:33+00:00,KXSOL15M-26JUN051745-45,2026-06-05T21:45:00Z,65.19,64.92,0.94,5.4,0.02,0.9067,0.9067,0.0,0.036248,1.0,0.904762,0.095238,-1.0,0.0,0.095238,0.012374,0.260177,5.0,100.0,100.0,0.0,0.632521,0.539457,1.413696,1.0,,999.0,0.4162,0.986317,,0.936893,1.986755,1.0,2.0,60.646388,,48.525074,,,0.0,0.0,1.0,-0.382829,76.73,13.0,1.0,0.420228,1.0,65.27,0.1227,0.5391,,0.244805,,5,-0.0332999999999999,0.8466999999999999,NO,0.06,False,-0.06,2026-06-05 21:45:00+00:00,2026-W23,0,0.4843750000000006,0.516319884113643,0,-0.005822305763519817,0.32493688760041256,1.875466791916524,-0.295834862037465,-0.1667435078686466,0.0026478797534810685,-0.0029133946374623344,7.647970856909059e-143,1.0,2.0470559345135543e-92
2026-06-05 22:20:00+00:00,KXSOL15M-26JUN051830-30,2026-06-05T22:30:00Z,64.45,64.32,0.855,10.0,0.03,0.6963,0.6963,0.0,0.754064,1.0,0.613861,0.386139,-1.0,0.0,0.386139,0.012353,1.265891,1.0,47.297297,79.896907,0.0,0.482265,0.451011,-0.24906,-1.0,,0.466508,0.4634,1.525987,,0.338028,0.340136,1.0,3.0,64.828897,0.0,44.99606,,,0.0,0.0,1.0,0.095395,76.61,13.0,1.0,0.206305,0.0,64.16,-0.45,-0.2488,,0.104886,,5,-0.1586999999999999,0.5513,NO,0.145,True,0.855,2026-06-05 22:30:00+00:00,2026-W23,0,0.45731707317073095,0.4431179248923918,0,-0.0028943078778221557,0.3299856973897061,1.8371785482355012,-0.2984927427480745,-0.16816115115615826,0.00020133453534127918,-0.007445844952622118,9.55966835525551e-171,1.0,1.0227998950700425e-115
2026-06-05 22:25:03+00:00,KXSOL15M-26JUN051830-30,2026-06-05T22:30:00Z,64.34,64.32,0.66,4.9,0.02,0.6188,0.6188,0.333333,0.157653,1.0,0.613861,0.386139,-1.0,0.0,0.386139,0.012341,1.265891,1.0,51.351351,81.443299,0.0,-0.030926,0.481815,-0.125516,1.0,,0.362139,0.4634,1.056488,,0.338028,0.340136,1.0,3.0,64.828897,0.0,44.99606,,,0.0,0.0,1.0,0.095395,76.61,13.0,1.0,0.027518,0.0,64.16,-0.2798,-0.2488,,0.103884,,5,-0.0412,0.2788,NO,0.3399999999999999,True,0.66,2026-06-05 22:30:00+00:00,2026-W23,0,0.45731707317073095,0.4431179248923918,0,-0.0028943078778221557,0.3299856973897061,1.8371785482355012,-0.2984927427480745,-0.16816115115615826,0.00020133453534127918,-0.007445844952622118,9.55966835525551e-171,1.0,1.0227998950700425e-115
2026-06-05 22:35:10+00:00,KXSOL15M-26JUN051845-45,2026-06-05T22:45:00Z,64.24,64.14,0.645,9.8,0.09,0.6963,0.6963,0.0,0.153777,1.0,0.188679,0.0,-1.0,0.811321,0.0,0.011778,0.701987,-4.0,14.189189,67.268041,0.0,-0.155763,-0.881398,-0.924461,-1.0,,1.196652,0.4634,1.137144,,0.338028,0.340136,1.0,3.0,64.828897,0.0,44.99606,,,0.0,-1.0,0.555599,-0.157661,76.59,13.0,1.0,0.147639,1.0,64.47,0.358,0.5145,,0.097466,,5,0.0513,0.3413,NO,0.355,False,-0.355,2026-06-05 22:45:00+00:00,2026-W23,0,0.45731707317073095,0.4431179248923918,0,-0.0028943078778221557,0.3299856973897061,1.8371785482355012,-0.2984927427480745,-0.16816115115615826,0.00020133453534127918,-0.007445844952622118,9.55966835525551e-171,1.0,1.0227998950700425e-115
2026-06-05 22:40:12+00:00,KXSOL15M-26JUN051845-45,2026-06-05T22:45:00Z,64.62,64.14,0.951,4.8,0.038,0.9091,0.9091,1.0,0.538007,1.0,0.188679,0.0,-1.0,0.811321,0.0,0.011693,0.701987,1.0,45.945946,79.381443,0.186191,0.733229,0.32629,-0.188927,1.0,,0.452477,0.4259,1.092633,,0.338028,0.340136,1.0,3.0,64.828897,,44.99606,,,0.0,0.0,1.0,-0.157661,76.59,13.0,1.0,0.740067,1.0,64.47,-0.2321,0.5145,,0.099012,,5,-0.0418999999999999,0.8601,NO,0.049,False,-0.049,2026-06-05 22:45:00+00:00,2026-W23,0,0.45731707317073095,0.4431179248923918,0,-0.0028943078778221557,0.3299856973897061,1.8371785482355012,-0.2984927427480745,-0.16816115115615826,0.00020133453534127918,-0.007445844952622118,9.55966835525551e-171,1.0,1.0227998950700425e-115
2026-06-05 23:05:30+00:00,KXSOL15M-26JUN051915-15,2026-06-05T23:15:00Z,64.61,64.41,0.755,9.5,0.03,0.7977,0.7977,1.0,0.638881,1.0,0.1,0.95,1.0,0.05,0.85,0.009699,0.318907,3.0,76.237624,74.368231,0.0,0.31027,0.248062,0.180551,1.0,,0.224797,0.4167,0.809426,,0.594059,-0.631741,-1.0,-1.0,57.034221,-1.0,46.880131,,,-1.0,0.0,1.0,0.108119,76.58,13.0,1.0,0.312368,0.0,64.08,-0.8203,-0.5123,,0.040419,,5,0.0426999999999999,0.5527,NO,0.245,True,0.755,2026-06-05 23:15:00+00:00,2026-W23,0,0.3246951219512191,0.309229527977093,0,0.00080271030600581,0.33931805488334504,1.830681523937847,-0.2896041113801244,-0.16261500019614564,-0.00216710834999741,-0.007267190988539892,7.100677516896402e-222,1.0,3.369115780303298e-160
2026-06-06 00:16:14+00:00,KXSOL15M-26JUN052030-30,2026-06-06T00:30:00Z,64.57,64.45,0.58,13.8,0.08,0.6459,0.6459,1.0,0.004582,1.0,1.0,1.0,1.0,0.0,0.0,0.008613,1.565553,0.0,100.0,68.283582,0.0,0.186335,1.096835,1.169892,1.0,,999.0,0.3679,1.310171,,0.472081,-1.303134,-1.0,-2.0,40.494297,0.0,38.111298,,,0.0,0.0,1.0,-0.082641,76.95,13.0,1.0,0.182312,0.0,64.47,-0.1549,0.031,,0.146392,,5,0.0659,0.2259,NO,0.42,True,0.58,2026-06-06 00:30:00+00:00,2026-W23,0,0.49999999999999944,0.5378809488319836,0,-0.0012903737531256244,0.30638598307334963,1.527134261788193,-0.31110161029843825,-0.17829209525600104,0.0020135208311846593,0.012904932223174372,5.173142647632709e-169,1.0,1.4867550460561886e-113
2026-06-06 00:36:24+00:00,KXSOL15M-26JUN052045-45,2026-06-06T00:45:00Z,64.5,64.44,0.59,8.6,0.08,0.6963,0.6963,0.5,0.010348,1.0,0.578947,0.0,-1.0,0.421053,0.0,0.008533,0.689119,1.0,96.984925,72.014925,0.232666,0.232666,0.341615,1.347573,1.0,,999.0,0.3679,0.810457,,0.472081,-1.303134,-1.0,-2.0,40.494297,0.0,38.111298,,,0.0,0.0,1.0,-0.001856,76.81,13.0,1.0,0.083487,1.0,64.62,0.186,0.2793,,0.239364,,5,0.1063,0.2863,NO,0.41,False,-0.41,2026-06-06 00:45:00+00:00,2026-W23,0,0.49999999999999944,0.5378809488319836,0,-0.0012903737531256244,0.30638598307334963,1.527134261788193,-0.31110161029843825,-0.17829209525600104,0.0020135208311846593,0.012904932223174372,5.173142647632709e-169,1.0,1.4867550460561886e-113
2026-06-06 00:41:27+00:00,KXSOL15M-26JUN052045-45,2026-06-06T00:45:00Z,64.62,64.44,0.91,3.6,0.04,0.8733,0.8733,0.0,0.135268,1.0,0.578947,0.0,-1.0,0.421053,0.0,0.008537,0.689119,1.0,94.409938,70.895522,0.0,-0.046425,0.37296,1.29163,1.0,,999.0,0.3679,0.760334,,0.472081,-1.303134,-1.0,-2.0,40.494297,,38.111298,,,0.0,0.0,1.0,-0.001856,76.81,13.0,1.0,0.273583,1.0,64.62,0.0,0.2793,,0.230784,,5,-0.0367,0.7833,NO,0.0899999999999999,False,-0.0899999999999999,2026-06-06 00:45:00+00:00,2026-W23,0,0.49999999999999944,0.5378809488319836,0,-0.0012903737531256244,0.30638598307334963,1.527134261788193,-0.31110161029843825,-0.17829209525600104,0.0020135208311846593,0.012904932223174372,5.173142647632709e-169,1.0,1.4867550460561886e-113
2026-06-06 00:46:30+00:00,KXSOL15M-26JUN052100-00,2026-06-06T01:00:00Z,64.71,64.6,0.615,13.5,0.05,0.7238,0.7238,0.0,0.45457,1.0,0.611111,0.611111,1.0,0.388889,0.0,0.008559,0.325161,2.0,100.0,74.253731,0.061939,0.13934,0.325733,1.439792,1.0,,999.0,0.4167,0.648573,,0.472081,-1.303134,-1.0,-2.0,40.494297,,38.111298,,,0.0,0.0,1.0,-0.08192,76.75,13.0,1.0,0.163308,1.0,64.77,0.0927,0.2632,,0.248201,,5,0.1088,0.3388,NO,0.385,False,-0.385,2026-06-06 01:00:00+00:00,2026-W23,0,0.49999999999999944,0.5378809488319836,0,-0.0012903737531256244,0.30638598307334963,1.527134261788193,-0.31110161029843825,-0.17829209525600104,0.0020135208311846593,0.012904932223174372,5.173142647632709e-169,1.0,1.4867550460561886e-113
2026-06-06 00:56:36+00:00,KXSOL15M-26JUN052100-00,2026-06-06T01:00:00Z,64.78,64.6,0.9365,3.4,0.013,0.8747,0.8747,0.5,0.0,1.0,0.611111,0.611111,1.0,0.388889,0.0,0.008547,0.325161,2.0,96.875,77.61194,0.231947,0.154631,0.278681,1.855456,1.0,,999.0,0.4167,0.616214,,0.472081,-1.303134,-1.0,-2.0,40.494297,,38.111298,,,0.0,0.0,1.0,-0.08192,76.75,11.0,1.0,0.271663,1.0,64.77,-0.0154,0.2632,,0.294361,,5,-0.0617999999999999,0.8112,NO,0.0635,False,-0.0635,2026-06-06 01:00:00+00:00,2026-W23,0,0.49999999999999944,0.5378809488319836,0,-0.0012903737531256244,0.30638598307334963,1.527134261788193,-0.31110161029843825,-0.17829209525600104,0.0020135208311846593,0.012904932223174372,5.173142647632709e-169,1.0,1.4867550460561886e-113
2026-06-06 05:49:33+00:00,KXSOL15M-26JUN060200-00,2026-06-06T06:00:00Z,62.66,62.26,0.86,10.4,0.04,0.8017,0.8017,0.387097,0.328276,1.0,0.159091,0.568182,1.0,0.431818,0.409091,0.011534,0.608696,5.0,100.0,68.767123,-0.048062,0.72324,1.129579,2.093826,1.0,,999.0,0.4483,2.013989,,0.107011,-3.499284,-1.0,-4.0,5.16934,,33.63764,,,0.0,0.0,1.0,0.083075,77.68,11.0,1.0,0.638426,1.0,62.62,-0.0638,0.5782,,0.031436,,5,-0.0583,0.6617,NO,0.14,False,-0.14,2026-06-06 06:00:00+00:00,2026-W23,0,0.3596358118361158,0.34860057768840386,0,0.0021417730888355704,0.3414104549119615,1.224427599555655,-0.3657985382961962,-0.22800776472166603,0.003154683588826094,0.029710263259824798,3.144566155349332e-208,1.0,6.928236990561168e-144
2026-06-06 05:54:37+00:00,KXSOL15M-26JUN060200-00,2026-06-06T06:00:00Z,62.39,62.26,0.815,5.4,0.07,0.7238,0.7238,1.0,0.311707,1.0,0.159091,0.568182,1.0,0.431818,0.409091,0.011553,0.608696,5.0,96.015936,66.027397,0.0,-0.159566,0.756844,2.206405,1.0,,999.0,0.4483,1.643248,,0.107011,-3.499284,-1.0,-4.0,5.16934,,33.63764,,,0.0,0.0,1.0,0.083075,77.68,11.0,1.0,0.196748,1.0,62.62,0.3686,0.5782,,-0.011961,,5,-0.0911999999999999,0.5388,NO,0.185,False,-0.185,2026-06-06 06:00:00+00:00,2026-W23,0,0.3596358118361158,0.34860057768840386,0,0.0021417730888355704,0.3414104549119615,1.224427599555655,-0.3657985382961962,-0.22800776472166603,0.003154683588826094,0.029710263259824798,3.144566155349332e-208,1.0,6.928236990561168e-144
2026-06-06 06:04:44+00:00,KXSOL15M-26JUN060215-15,2026-06-06T06:15:00Z,62.81,62.59,0.785,10.3,0.03,0.7977,0.7977,0.6,0.094018,1.0,0.688889,0.688889,1.0,0.311111,0.0,0.011516,0.621915,5.0,98.523985,74.373259,0.111465,0.47977,0.255306,2.688721,1.0,,999.0,0.4167,1.13578,,0.944223,2.879237,1.0,1.0,40.651801,1.0,44.215426,,,0.0,0.0,1.0,0.61435,77.57,11.0,1.0,0.360605,1.0,63.03,0.3503,0.703,,-0.054035,,5,0.0126999999999999,0.5827,NO,0.2149999999999999,False,-0.2149999999999999,2026-06-06 06:15:00+00:00,2026-W23,0,0.314112291350531,0.3190577158539639,0,-0.0041502510272134795,0.35672918805211407,1.3320634536990492,-0.3460124618215311,-0.22515196610677868,0.0018619417502112993,-0.004204694990944034,7.791936462031757e-174,1.0,5.015531119095045e-116
2026-06-06 06:09:46+00:00,KXSOL15M-26JUN060215-15,2026-06-06T06:15:00Z,62.76,62.59,0.915,5.2,0.03,0.788,0.788,1.0,1.085252,1.0,0.688889,0.688889,1.0,0.311111,0.0,0.011516,0.621915,5.0,93.356643,74.373259,0.0,-0.301492,0.415535,2.545816,1.0,,999.0,0.4167,1.278854,,0.944223,2.879237,1.0,1.0,40.651801,1.0,44.215426,,,0.0,0.0,1.0,0.61435,77.57,11.0,1.0,0.276725,1.0,63.03,0.4302,0.703,,-0.083511,,5,-0.127,0.7030000000000001,NO,0.0849999999999999,False,-0.0849999999999999,2026-06-06 06:15:00+00:00,2026-W23,0,0.314112291350531,0.3190577158539639,0,-0.0041502510272134795,0.35672918805211407,1.3320634536990492,-0.3460124618215311,-0.22515196610677868,0.0018619417502112993,-0.004204694990944034,7.791936462031757e-174,1.0,5.015531119095045e-116
2026-06-06 06:24:54+00:00,KXSOL15M-26JUN060230-30,2026-06-06T06:30:00Z,63.09,62.95,0.84,5.1,0.04,0.788,0.788,0.0,0.131204,1.0,0.85,0.925,1.0,0.075,0.075,0.011688,0.541586,5.0,94.980695,89.910979,-0.205306,0.55697,0.572975,2.744025,1.0,,999.0,0.4634,1.275824,,0.944223,2.879237,1.0,1.0,40.651801,1.0,44.215426,,,0.0,0.0,1.0,-0.128947,77.47,11.0,1.0,0.233048,1.0,63.0,-0.1427,0.0794,,-0.044968,,5,-0.0519999999999999,0.628,NO,0.16,False,-0.16,2026-06-06 06:30:00+00:00,2026-W23,0,0.314112291350531,0.3190577158539639,0,-0.0041502510272134795,0.35672918805211407,1.3320634536990492,-0.3460124618215311,-0.22515196610677868,0.0018619417502112993,-0.004204694990944034,7.791936462031757e-174,1.0,5.015531119095045e-116
2026-06-06 07:10:22+00:00,KXSOL15M-26JUN060315-15,2026-06-06T07:15:00Z,62.75,62.16,0.98,4.6,0.02,0.9278,0.9278,1.0,3.828838,1.0,0.77193,0.070175,-1.0,0.157895,0.070175,0.012002,0.757835,1.0,48.412698,79.43038,0.0,0.690874,0.707054,0.054149,1.0,,999.0,0.4162,1.471121,,0.035398,-0.670391,-1.0,-1.0,35.506003,0.0,36.383602,,,0.0,0.0,0.930477,0.68197,76.75,11.0,1.0,0.947253,1.0,63.14,0.6215,1.5766,,-0.014395,,5,-0.0522,0.9078,NO,0.02,False,-0.02,2026-06-06 07:15:00+00:00,2026-W23,0,0.397572078907436,0.4441454889704614,0,-0.003397754806999689,0.12911362469289853,1.3171136991655608,-0.3418965187045786,-0.2339071312549167,0.00303425765646598,0.003716498232815193,2.622240041342458e-185,1.0,4.307910656523786e-125
2026-06-06 07:35:36+00:00,KXSOL15M-26JUN060345-45,2026-06-06T07:45:00Z,62.79,62.64,0.83,9.4,0.06,0.788,0.788,1.0,0.148922,1.0,0.792453,0.0,-1.0,0.207547,0.0,0.012953,0.652595,1.0,59.259259,80.379747,0.0,0.143747,-0.47619,-0.133203,-1.0,,999.0,0.4162,1.047468,,0.035398,-0.670391,-1.0,-1.0,35.506003,0.0,36.383602,,,0.0,-2.0,-1.0,-0.111101,76.42,11.0,1.0,0.241064,1.0,63.1,0.4937,0.7344,,-0.060056,,5,-0.0419999999999999,0.618,NO,0.17,False,-0.17,2026-06-06 07:45:00+00:00,2026-W23,0,0.397572078907436,0.4441454889704614,0,-0.003397754806999689,0.12911362469289853,1.3171136991655608,-0.3418965187045786,-0.2339071312549167,0.00303425765646598,0.003716498232815193,2.622240041342458e-185,1.0,4.307910656523786e-125
2026-06-06 07:40:38+00:00,KXSOL15M-26JUN060345-45,2026-06-06T07:45:00Z,62.8,62.64,0.9265,4.4,0.007,0.8733,0.8733,0.5,0.0,1.0,0.792453,0.0,-1.0,0.207547,0.0,0.012953,0.652595,1.0,59.259259,80.379747,0.0,0.0,-0.095602,-0.139469,-1.0,,999.0,0.4634,0.800624,,0.035398,-0.670391,-1.0,-1.0,35.506003,,36.383602,,,0.0,-2.0,-1.0,-0.111101,76.42,11.0,1.0,0.249046,1.0,63.1,0.4777,0.7344,,-0.060056,,5,-0.0532,0.7998,NO,0.0735,False,-0.0735,2026-06-06 07:45:00+00:00,2026-W23,0,0.397572078907436,0.4441454889704614,0,-0.003397754806999689,0.12911362469289853,1.3171136991655608,-0.3418965187045786,-0.2339071312549167,0.00303425765646598,0.003716498232815193,2.622240041342458e-185,1.0,4.307910656523786e-125
2026-06-06 08:10:57+00:00,KXSOL15M-26JUN060415-15,2026-06-06T08:15:00Z,62.79,62.74,0.725,4.0,0.01,0.7579,0.7579,0.5,0.0,1.0,0.84375,0.0,-1.0,0.15625,0.0,0.01098,0.463768,1.0,66.666667,84.810127,0.0,0.271262,0.095572,0.163247,-1.0,,999.0,0.4167,0.725542,,0.666667,1.06246,1.0,1.0,50.287908,0.0,41.255605,,,1.0,-2.0,-1.0,0.302763,76.24,11.0,1.0,0.079212,1.0,62.84,0.0796,0.1594,,-0.002844,,5,0.0329,0.4829,NO,0.275,False,-0.275,2026-06-06 08:15:00+00:00,2026-W23,0,0.4825493171471935,0.5580083438021503,0,-0.005657382389169305,0.20505988468444475,1.379434310782244,-0.32871223154477175,-0.20993642011285035,0.0031446499662282695,0.00039769732780033963,5.516570570069291e-140,1.0,4.612054806576474e-93
2026-06-06 08:31:08+00:00,KXSOL15M-26JUN060445-45,2026-06-06T08:45:00Z,63.36,63.36,0.52,13.9,0.06,0.6188,0.6188,0.942308,3.081214,1.0,0.95082,0.95082,1.0,0.04918,0.0,0.009745,0.988426,-1.0,85.714286,95.588235,-0.141911,0.635627,0.779758,0.804966,1.0,,999.0,0.3644,1.147692,,0.666667,1.06246,1.0,1.0,50.287908,0.0,41.255605,,,1.0,0.0,0.99344,0.047708,76.24,11.0,1.0,0.002052,0.0,63.34,-0.0316,-0.0316,,-0.008632,,5,0.0988,0.1388,NO,0.48,True,0.52,2026-06-06 08:45:00+00:00,2026-W23,0,0.4825493171471935,0.5580083438021503,0,-0.005657382389169305,0.20505988468444475,1.379434310782244,-0.32871223154477175,-0.20993642011285035,0.0031446499662282695,0.00039769732780033963,5.516570570069291e-140,1.0,4.612054806576474e-93
2026-06-06 08:56:23+00:00,KXSOL15M-26JUN060500-00,2026-06-06T09:00:00Z,63.38,63.3,0.66,3.6,0.08,0.7507,0.7507,0.5,0.0,1.0,0.035714,0.178571,1.0,0.821429,0.142857,0.008819,0.501279,0.0,74.444444,85.625,0.0,0.0,0.079001,0.547536,1.0,,999.0,0.3644,0.574562,,0.666667,1.06246,1.0,1.0,50.287908,,41.255605,,,1.0,0.0,1.0,-0.295227,76.16,11.0,1.0,0.125913,0.0,63.17,-0.3313,-0.2054,,0.018985,,5,0.0907,0.4107,NO,0.3399999999999999,True,0.66,2026-06-06 09:00:00+00:00,2026-W23,0,0.4825493171471935,0.5580083438021503,0,-0.005657382389169305,0.20505988468444475,1.379434310782244,-0.32871223154477175,-0.20993642011285035,0.0031446499662282695,0.00039769732780033963,5.516570570069291e-140,1.0,4.612054806576474e-93
2026-06-06 09:01:27+00:00,KXSOL15M-26JUN060515-15,2026-06-06T09:15:00Z,63.18,63.16,0.575,13.6,0.03,0.6188,0.6188,0.5,0.0,1.0,0.0,0.5,0.0,0.0,0.0,0.006796,0.0,-1.0,55.555556,73.509934,-0.268393,-0.268393,-0.268393,0.283441,-1.0,,999.0,0.3644,0.626285,,0.744444,1.020734,1.0,2.0,61.036468,0.0,51.70068,,,0.0,-2.0,-1.0,-0.004243,76.16,11.0,1.0,0.020106,1.0,63.17,-0.0158,0.0158,,0.02181,,5,0.0438,0.1937999999999999,NO,0.425,False,-0.425,2026-06-06 09:15:00+00:00,2026-W23,0,0.423670668953689,0.40905005608715667,0,-0.0021845031960387824,0.15907270113195301,1.3229449601035812,-0.33913562714282064,-0.2098883166391551,-0.00036333318092717816,-0.011380899693485423,6.328588038966277e-194,1.0,3.079972679915375e-132
2026-06-06 09:11:33+00:00,KXSOL15M-26JUN060515-15,2026-06-06T09:15:00Z,63.23,63.16,0.795,3.4,0.07,0.7222,0.7222,0.0,0.032386,1.0,0.0,0.5,0.0,0.0,0.0,0.00679,0.0,-1.0,61.111111,76.821192,0.110847,0.110847,-0.189454,0.262155,-1.0,,999.0,0.4664,0.640971,,0.744444,1.020734,1.0,2.0,61.036468,0.0,51.70068,,,0.0,-2.0,-1.0,-0.004243,76.15,11.0,1.0,0.095306,1.0,63.17,-0.0949,0.0158,,0.039631,,5,-0.0728,0.5172,NO,0.2049999999999999,False,-0.2049999999999999,2026-06-06 09:15:00+00:00,2026-W23,0,0.423670668953689,0.40905005608715667,0,-0.0021845031960387824,0.15907270113195301,1.3229449601035812,-0.33913562714282064,-0.2098883166391551,-0.00036333318092717816,-0.011380899693485423,6.328588038966277e-194,1.0,3.079972679915375e-132
2026-06-06 09:16:36+00:00,KXSOL15M-26JUN060530-30,2026-06-06T09:30:00Z,63.22,63.24,0.515,13.4,0.07,0.3116,0.3116,1.0,0.019222,1.0,0.888889,1.0,1.0,0.0,0.111111,0.006513,0.4375,-2.0,45.205479,73.509934,-0.252645,-0.079089,-0.110689,0.171074,-1.0,,999.0,0.4664,0.709431,,0.744444,1.020734,1.0,2.0,61.036468,0.0,51.70068,,,0.0,-2.0,-1.0,0.137937,76.15,11.0,1.0,-0.024984,1.0,63.54,0.5062,0.4744,,0.037432,,5,-0.2034,-0.1734,NO,0.485,False,-0.485,2026-06-06 09:30:00+00:00,2026-W23,0,0.423670668953689,0.40905005608715667,0,-0.0021845031960387824,0.15907270113195301,1.3229449601035812,-0.33913562714282064,-0.2098883166391551,-0.00036333318092717816,-0.011380899693485423,6.328588038966277e-194,1.0,3.079972679915375e-132
2026-06-06 12:48:49+00:00,KXSOL15M-26JUN060900-00,2026-06-06T13:00:00Z,62.75,62.55,0.865,11.2,0.05,0.8017,0.8017,1.0,1.390101,1.0,0.770833,1.0,1.0,0.0,0.229167,0.007136,1.07177,2.0,100.0,65.938865,0.399936,0.448143,0.673725,0.600883,1.0,,999.0,0.4167,0.963767,,0.693182,0.954693,1.0,1.0,47.046414,,39.480302,,,0.0,0.0,1.0,1.018641,76.21,11.0,1.0,0.312207,1.0,62.93,0.2869,0.6075,,-0.009072,,5,-0.0633,0.6667,NO,0.135,False,-0.135,2026-06-06 13:00:00+00:00,2026-W23,0,0.47512864493996637,0.54616621411627,0,-0.0042389297802582614,0.3115651005254164,1.1943444486577581,-0.3217627581302859,-0.2356152857290312,0.0017488642546586903,0.0038914202476909967,1.1679129061992021e-167,1.0,1.7077690946060172e-111
2026-06-06 12:53:52+00:00,KXSOL15M-26JUN060900-00,2026-06-06T13:00:00Z,62.96,62.55,0.951,6.1,0.038,0.9091,0.9091,1.0,6.828453,1.0,0.770833,1.0,1.0,0.0,0.229167,0.00711,1.07177,2.0,93.75,75.982533,0.142948,0.366475,1.042669,0.788411,1.0,,999.0,0.3803,1.105653,,0.693182,0.954693,1.0,1.0,47.046414,,39.480302,,,0.0,0.0,1.0,1.018641,76.21,11.0,1.0,0.651909,1.0,62.93,-0.0476,0.6075,,-0.000505,,5,-0.0418999999999999,0.8601,NO,0.049,False,-0.049,2026-06-06 13:00:00+00:00,2026-W23,0,0.47512864493996637,0.54616621411627,0,-0.0042389297802582614,0.3115651005254164,1.1943444486577581,-0.3217627581302859,-0.2356152857290312,0.0017488642546586903,0.0038914202476909967,1.1679129061992021e-167,1.0,1.7077690946060172e-111
2026-06-07 03:11:39+00:00,KXSOL15M-26JUN062315-15,2026-06-07T03:15:00Z,63.64,63.54,0.895,3.3,0.01,0.8126,0.8126,1.0,3.709772,1.0,0.344828,0.344828,1.0,0.655172,0.0,0.005781,0.78835,2.0,82.539683,89.714286,0.04717,0.267885,0.331126,0.294386,1.0,,999.0,0.4146,0.621844,,0.492063,-0.298695,-1.0,-1.0,84.146341,0.0,55.223881,,,0.0,0.0,1.0,0.202983,77.6,11.0,1.0,0.16054,1.0,63.63,-0.0157,0.1416,,-0.488015,,5,-0.0824,0.7076,NO,0.1049999999999999,False,-0.1049999999999999,2026-06-07 03:15:00+00:00,2026-W23,0,0.877622377622377,0.9234200145956265,0,-0.004347250856131326,0.5712830914153899,1.2213960358654068,-0.2780008608312442,-0.28351388388500887,0.0003076044172883712,-0.0009785980796003842,2.692865414984415e-53,1.0,3.051953824888753e-43
2026-06-07 03:21:44+00:00,KXSOL15M-26JUN062330-30,2026-06-07T03:30:00Z,63.8,63.64,0.835,8.3,0.07,0.8126,0.8126,1.0,0.621464,1.0,1.0,1.0,1.0,0.0,0.0,0.005622,0.584493,3.0,90.909091,95.854922,0.0,0.440044,0.709108,0.723703,1.0,,999.0,0.4146,0.824993,,0.492063,-0.298695,-1.0,-1.0,84.146341,0.0,55.223881,,,0.0,0.0,1.0,-0.098616,77.57,11.0,1.0,0.255353,1.0,63.98,0.2821,0.5343,,-0.54955,,5,-0.0223999999999999,0.6476,NO,0.165,False,-0.165,2026-06-07 03:30:00+00:00,2026-W23,0,0.877622377622377,0.9234200145956265,0,-0.004347250856131326,0.5712830914153899,1.2213960358654068,-0.2780008608312442,-0.28351388388500887,0.0003076044172883712,-0.0009785980796003842,2.692865414984415e-53,1.0,3.051953824888753e-43
2026-06-07 03:26:46+00:00,KXSOL15M-26JUN062330-30,2026-06-07T03:30:00Z,63.76,63.64,0.9035,3.2,0.047,0.8559,0.8559,0.0,1.079908,1.0,1.0,1.0,1.0,0.0,0.0,0.005631,0.584493,3.0,79.545455,90.673575,0.0,-0.15647,0.282885,0.527894,1.0,,999.0,0.4146,0.813695,,0.492063,-0.298695,-1.0,-1.0,84.146341,0.0,55.223881,,,0.0,0.0,1.0,-0.098616,77.57,11.0,1.0,0.192497,1.0,63.98,0.345,0.5343,,-0.54955,,5,-0.0475999999999999,0.7594,NO,0.0965,False,-0.0965,2026-06-07 03:30:00+00:00,2026-W23,0,0.877622377622377,0.9234200145956265,0,-0.004347250856131326,0.5712830914153899,1.2213960358654068,-0.2780008608312442,-0.28351388388500887,0.0003076044172883712,-0.0009785980796003842,2.692865414984415e-53,1.0,3.051953824888753e-43
2026-06-07 03:57:05+00:00,KXSOL15M-26JUN070000-00,2026-06-07T04:00:00Z,63.68,63.73,0.525,2.9,0.03,0.2114,0.2114,1.0,0.021197,1.0,1.0,0.0,-1.0,0.0,0.0,0.006179,0.965517,1.0,43.835616,79.60199,0.0,0.09428,0.157233,-0.002627,1.0,,999.0,0.4146,0.40712,,0.492063,-0.298695,-1.0,-1.0,84.146341,,55.223881,,,0.0,-2.0,-1.0,-0.099615,78.04,11.0,1.0,-0.07187,1.0,63.78,0.157,0.0785,,0.080242,,5,-0.3136,-0.2635999999999999,NO,0.475,False,-0.475,2026-06-07 04:00:00+00:00,2026-W23,0,0.877622377622377,0.9234200145956265,0,-0.004347250856131326,0.5712830914153899,1.2213960358654068,-0.2780008608312442,-0.28351388388500887,0.0003076044172883712,-0.0009785980796003842,2.692865414984415e-53,1.0,3.051953824888753e-43
2026-06-07 04:32:27+00:00,KXSOL15M-26JUN070045-45,2026-06-07T04:45:00Z,63.46,63.38,0.7,12.6,0.06,0.7579,0.7579,0.0,0.04845,1.0,0.862069,0.0,-1.0,0.137931,0.0,0.006034,0.757463,1.0,15.384615,34.0,0.0,0.094652,-0.204467,-0.52593,-1.0,,999.0,0.4146,0.571803,,0.492754,0.536108,1.0,1.0,87.318841,-1.0,65.990991,,,1.0,-2.0,-1.0,-0.025302,77.94,11.0,1.0,0.125754,1.0,64.04,0.914,1.0413,,-0.013227,,5,0.0579,0.4579,NO,0.3,False,-0.3,2026-06-07 04:45:00+00:00,2026-W23,0,0.9860627177700327,0.9567414841700662,0,-0.0039042667997906885,0.5490086384231924,1.3558881714666935,-0.2932884289922485,-0.27837540328071786,4.697854374010246e-05,-0.0007902933156829495,5.1074115908833644e-64,1.0,2.0024093150497426e-63
2026-06-07 04:37:30+00:00,KXSOL15M-26JUN070045-45,2026-06-07T04:45:00Z,63.75,63.38,0.9745,7.5,0.001,0.9278,0.9278,1.0,0.325108,1.0,0.862069,0.0,-1.0,0.137931,0.0,0.006003,0.757463,1.0,69.230769,67.0,0.094162,0.520095,0.251493,-0.014213,1.0,,999.0,0.4146,0.804512,,0.492754,0.536108,1.0,1.0,87.318841,-1.0,65.990991,,,1.0,0.0,1.0,-0.025302,77.94,11.0,1.0,0.595161,1.0,64.04,0.4549,1.0413,,-0.013227,,5,-0.0467,0.9023,NO,0.0254999999999999,False,-0.0254999999999999,2026-06-07 04:45:00+00:00,2026-W23,0,0.9860627177700327,0.9567414841700662,0,-0.0039042667997906885,0.5490086384231924,1.3558881714666935,-0.2932884289922485,-0.27837540328071786,4.697854374010246e-05,-0.0007902933156829495,5.1074115908833644e-64,1.0,2.0024093150497426e-63
2026-06-07 04:42:33+00:00,KXSOL15M-26JUN070045-45,2026-06-07T04:45:00Z,64.0,63.38,0.994,2.4,0.006,0.9501,0.9501,1.0,0.32891,1.0,0.862069,0.0,-1.0,0.137931,0.0,0.005977,0.757463,1.0,100.0,95.0,0.0,0.439009,1.056949,0.421908,1.0,,999.0,0.4146,0.788543,,0.492754,0.536108,1.0,1.0,87.318841,,65.990991,,,1.0,0.0,1.0,-0.025302,77.94,11.0,1.0,0.985676,1.0,64.04,0.0625,1.0413,,-0.013227,,5,-0.0439,0.9441,NO,0.006,False,-0.006,2026-06-07 04:45:00+00:00,2026-W23,0,0.9860627177700327,0.9567414841700662,0,-0.0039042667997906885,0.5490086384231924,1.3558881714666935,-0.2932884289922485,-0.27837540328071786,4.697854374010246e-05,-0.0007902933156829495,5.1074115908833644e-64,1.0,2.0024093150497426e-63
2026-06-07 04:52:40+00:00,KXSOL15M-26JUN070100-00,2026-06-07T05:00:00Z,63.94,63.95,0.595,7.3,0.03,0.3225,0.3225,0.5,0.0,1.0,0.880597,0.880597,1.0,0.119403,0.0,0.005634,1.857426,-1.0,87.341772,90.09901,-0.03123,-0.03123,0.376294,0.312596,1.0,,999.0,0.4146,0.625886,,0.492754,0.536108,1.0,1.0,87.318841,,65.990991,,,1.0,0.0,1.0,0.15877,77.99,11.0,1.0,-0.006255,1.0,64.02,0.1251,0.1095,,0.452476,,5,-0.2724999999999999,-0.0825,NO,0.405,False,-0.405,2026-06-07 05:00:00+00:00,2026-W23,0,0.9860627177700327,0.9567414841700662,0,-0.0039042667997906885,0.5490086384231924,1.3558881714666935,-0.2932884289922485,-0.27837540328071786,4.697854374010246e-05,-0.0007902933156829495,5.1074115908833644e-64,1.0,2.0024093150497426e-63
2026-06-07 04:57:42+00:00,KXSOL15M-26JUN070100-00,2026-06-07T05:00:00Z,64.08,63.95,0.9905,2.3,0.001,0.9278,0.9278,0.0,0.097214,1.0,0.880597,0.880597,1.0,0.119403,0.0,0.005629,1.857426,2.0,94.936709,96.039604,0.0,0.093721,0.062461,0.403545,1.0,,999.0,0.4146,0.449011,,0.492754,0.536108,1.0,1.0,87.318841,,65.990991,,,1.0,0.0,1.0,0.15877,77.99,11.0,1.0,0.212678,1.0,64.02,-0.0936,0.1095,,0.452476,,5,-0.0627,0.9183,NO,0.0094999999999999,False,-0.0094999999999999,2026-06-07 05:00:00+00:00,2026-W23,0,0.9860627177700327,0.9567414841700662,0,-0.0039042667997906885,0.5490086384231924,1.3558881714666935,-0.2932884289922485,-0.27837540328071786,4.697854374010246e-05,-0.0007902933156829495,5.1074115908833644e-64,1.0,2.0024093150497426e-63
2026-06-07 05:17:56+00:00,KXSOL15M-26JUN070130-30,2026-06-07T05:30:00Z,64.22,64.24,0.555,12.1,0.05,0.3225,0.3225,0.860465,1.490559,1.0,0.534884,0.860465,1.0,0.139535,0.325581,0.005174,1.294624,-1.0,82.692308,85.714286,-0.077967,0.312549,0.249883,0.361157,1.0,,999.0,0.4146,1.124425,,0.949367,0.344504,1.0,2.0,98.555957,1.0,66.59292,,,0.0,0.0,1.0,-0.454753,77.96,11.0,1.0,-0.020549,0.0,64.26,0.0623,0.0311,,0.50775,,5,-0.2325,-0.1224999999999999,NO,0.4449999999999999,True,0.555,2026-06-07 05:30:00+00:00,2026-W23,0,0.9164086687306471,0.936935070830387,0,-0.0033666819803155113,0.5426581181601862,1.1388145245568897,-0.25062541211831735,-0.2757250617065979,-0.0005811233548339884,-0.0018198143002649166,1.363252201402622e-25,1.0,6.502803721779868e-17
2026-06-07 05:38:08+00:00,KXSOL15M-26JUN070145-45,2026-06-07T05:45:00Z,64.29,64.21,0.775,6.9,0.03,0.7222,0.7222,0.3,0.175916,1.0,0.375,0.65,1.0,0.35,0.275,0.005394,1.154639,-1.0,74.757282,81.021898,0.0,0.249766,-0.015569,0.362571,-1.0,,999.0,0.4146,0.968085,,0.949367,0.344504,1.0,2.0,98.555957,1.0,66.59292,,,0.0,-2.0,-1.0,-0.102652,77.87,11.0,1.0,0.125371,1.0,64.37,0.1244,0.2492,,0.481126,,5,-0.0528,0.4972,NO,0.2249999999999999,False,-0.2249999999999999,2026-06-07 05:45:00+00:00,2026-W23,0,0.9164086687306471,0.936935070830387,0,-0.0033666819803155113,0.5426581181601862,1.1388145245568897,-0.25062541211831735,-0.2757250617065979,-0.0005811233548339884,-0.0018198143002649166,1.363252201402622e-25,1.0,6.502803721779868e-17
2026-06-07 06:18:31+00:00,KXSOL15M-26JUN070230-30,2026-06-07T06:30:00Z,64.29,64.17,0.745,11.5,0.03,0.8017,0.8017,0.5,0.0,1.0,1.0,0.0,-1.0,0.0,0.0,0.00524,0.504237,1.0,74.074074,87.826087,0.468019,0.374415,0.264921,0.374651,1.0,,999.0,0.4146,0.833163,,0.5,0.202871,1.0,3.0,91.205212,-1.0,74.056604,,,0.0,0.0,1.0,0.020354,77.92,11.0,1.0,0.179198,1.0,64.78,0.7622,0.9506,,0.421019,,5,0.0566999999999999,0.5467,NO,0.255,False,-0.255,2026-06-07 06:30:00+00:00,2026-W23,0,0.9672131147540971,1.0862385079563759,1,-0.00423575687358047,0.5821521831899875,1.2260572806305665,-0.19743875370035874,-0.2682199051104737,0.0005891763622398851,0.0035332566468392274,7.611364549261119e-36,1.0,2.002654948059338e-27
2026-06-07 06:23:34+00:00,KXSOL15M-26JUN070230-30,2026-06-07T06:30:00Z,64.45,64.17,0.9765,6.4,0.003,0.9278,0.9278,0.8,0.60046,1.0,1.0,0.0,-1.0,0.0,0.0,0.005229,0.504237,1.0,100.0,100.0,0.0,0.217594,0.592824,0.581621,1.0,,999.0,0.4146,0.821458,,0.5,0.202871,1.0,3.0,91.205212,-1.0,74.056604,,,0.0,0.0,1.0,0.020354,77.77,11.0,1.0,0.432411,1.0,64.78,0.512,0.9506,,0.421019,,5,-0.0487,0.9043,NO,0.0234999999999999,False,-0.0234999999999999,2026-06-07 06:30:00+00:00,2026-W23,0,0.9672131147540971,1.0862385079563759,1,-0.00423575687358047,0.5821521831899875,1.2260572806305665,-0.19743875370035874,-0.2682199051104737,0.0005891763622398851,0.0035332566468392274,7.611364549261119e-36,1.0,2.002654948059338e-27
2026-06-07 06:38:43+00:00,KXSOL15M-26JUN070245-45,2026-06-07T06:45:00Z,64.83,64.79,0.595,6.3,0.03,0.6775,0.6775,0.5,0.0,1.0,0.957746,0.957746,1.0,0.042254,0.0,0.005456,2.004032,2.0,92.631579,95.833333,-0.107676,0.24699,0.619771,1.258964,1.0,,999.0,0.4146,0.958775,,0.5,0.202871,1.0,3.0,91.205212,-1.0,74.056604,,,0.0,0.0,1.0,-0.01703,77.95,11.0,1.0,0.068688,1.0,64.94,0.1697,0.2315,,0.564609,,5,0.0825,0.2724999999999999,NO,0.405,False,-0.405,2026-06-07 06:45:00+00:00,2026-W23,0,0.9672131147540971,1.0862385079563759,1,-0.00423575687358047,0.5821521831899875,1.2260572806305665,-0.19743875370035874,-0.2682199051104737,0.0005891763622398851,0.0035332566468392274,7.611364549261119e-36,1.0,2.002654948059338e-27
2026-06-07 07:24:08+00:00,KXSOL15M-26JUN070330-30,2026-06-07T07:30:00Z,64.82,64.8,0.565,5.9,0.07,0.6188,0.6188,0.090909,1.207006,1.0,0.15625,0.65625,-1.0,0.1875,0.65625,0.004982,0.99115,-3.0,78.021978,88.095238,0.170015,0.170015,-0.21555,0.637467,-1.0,,999.0,0.4146,0.637252,,0.868132,0.96468,1.0,4.0,96.657382,1.0,77.959184,,,0.0,-2.0,-1.0,-0.153239,78.04,11.0,1.0,0.042749,1.0,64.9,0.1234,0.1543,,0.53752,,5,0.0538,0.1837999999999999,NO,0.435,False,-0.435,2026-06-07 07:30:00+00:00,2026-W23,0,0.9590163934426215,1.0073516601645736,1,-0.003432583298032873,0.6011177960181902,1.2987064182256378,-0.21197316416863518,-0.26927434581662546,-0.0007248675352612045,-0.0038761096438088526,2.2606016635891928e-26,1.0,3.788766353071119e-19
2026-06-07 08:39:53+00:00,KXSOL15M-26JUN070445-45,2026-06-07T08:45:00Z,65.12,64.87,0.972,5.1,0.012,0.9437,0.9437,0.0,0.644107,1.0,0.676471,1.0,1.0,0.0,0.323529,0.004405,1.18408,2.0,100.0,100.0,0.122869,0.508788,0.66399,0.620569,1.0,,999.0,0.4146,0.598679,,0.676471,-0.046232,-1.0,-1.0,95.821727,,89.252336,,,0.0,0.0,1.0,0.156837,77.89,11.0,1.0,0.395725,1.0,65.31,0.2918,0.6783,,0.493036,,5,-0.0282999999999999,0.9157,NO,0.028,False,-0.028,2026-06-07 08:45:00+00:00,2026-W23,1,1.0,1.2306366045783277,1,-0.004719471985417134,0.5290115596083825,1.3914254135849211,-0.22684457366865604,-0.27199586954402705,0.0015340120840403218,0.006655898290466129,7.5099029096788e-33,1.0,1.3235629874556248e-27
2026-06-07 08:49:59+00:00,KXSOL15M-26JUN070500-00,2026-06-07T09:00:00Z,65.47,65.22,0.87,10.0,0.04,0.8733,0.8733,1.0,0.06165,1.0,0.945946,1.0,1.0,0.0,0.054054,0.004313,1.308081,3.0,100.0,100.0,0.168016,0.536563,1.110083,1.203388,1.0,,999.0,0.4146,0.875528,,0.676471,-0.046232,-1.0,-1.0,95.821727,,89.252336,,,0.0,0.0,1.0,0.023938,78.07,11.0,1.0,0.383289,1.0,65.81,0.5193,0.9046,,0.566493,,5,0.0032999999999999,0.7433,NO,0.13,False,-0.13,2026-06-07 09:00:00+00:00,2026-W23,1,1.0,1.2306366045783277,1,-0.004719471985417134,0.5290115596083825,1.3914254135849211,-0.22684457366865604,-0.27199586954402705,0.0015340120840403218,0.006655898290466129,7.5099029096788e-33,1.0,1.3235629874556248e-27
2026-06-07 08:55:01+00:00,KXSOL15M-26JUN070500-00,2026-06-07T09:00:00Z,65.58,65.22,0.986,5.0,0.006,0.9501,0.9501,1.0,0.766324,1.0,0.945946,1.0,1.0,0.0,0.054054,0.004313,1.308081,3.0,100.0,100.0,0.0,0.0,0.598251,1.165683,1.0,,999.0,0.4146,0.829635,,0.676471,-0.046232,-1.0,-1.0,95.821727,,89.252336,,,0.0,0.0,0.997627,0.023938,78.07,11.0,1.0,0.548103,1.0,65.81,0.3507,0.9046,,0.609366,,5,-0.0359,0.9361,NO,0.014,False,-0.014,2026-06-07 09:00:00+00:00,2026-W23,1,1.0,1.2306366045783277,1,-0.004719471985417134,0.5290115596083825,1.3914254135849211,-0.22684457366865604,-0.27199586954402705,0.0015340120840403218,0.006655898290466129,7.5099029096788e-33,1.0,1.3235629874556248e-27
2026-06-07 09:10:10+00:00,KXSOL15M-26JUN070515-15,2026-06-07T09:15:00Z,65.88,65.88,0.585,4.8,0.01,0.6188,0.6188,0.5,0.0,1.0,1.0,1.0,1.0,0.0,0.0,0.004626,2.196721,-1.0,99.29078,99.456522,0.0,0.167122,0.380633,1.133572,1.0,,999.0,0.4146,0.684478,,1.0,1.665125,1.0,1.0,100.0,0.0,90.980392,,,1.0,0.0,0.912927,0.313766,78.53,11.0,1.0,0.003795,1.0,66.08,0.3036,0.3036,,0.749352,,5,0.0338,0.2037999999999999,NO,0.415,False,-0.415,2026-06-07 09:15:00+00:00,2026-W23,0,0.7616033755274242,0.7555248336636521,0,-0.001569809231390756,0.5898469812437542,1.2824034150154409,-0.5074587344347945,-0.2825674970401997,-0.0027866726730960377,-0.012678698787840961,3.086926816579965e-32,1.0,2.9591903357066625e-27
2026-06-07 17:02:27+00:00,KXSOL15M-26JUN071315-15,2026-06-07T17:15:00Z,65.18,65.1,0.645,12.5,0.03,0.7507,0.7507,0.0,13.857057,1.0,0.888889,0.0,-1.0,0.111111,0.0,0.003429,1.211538,0.0,44.897959,69.662921,0.0,0.0,-0.230238,-0.083606,-1.0,,999.0,0.462,0.513884,,0.44898,0.061576,1.0,-1.0,60.507246,-1.0,63.210702,,,0.0,-1.0,-0.204309,-0.150636,77.55,11.0,1.0,0.113204,1.0,65.49,0.4756,0.5991,,-0.024876,,5,0.1057,0.3957,NO,0.355,False,-0.355,2026-06-07 17:15:00+00:00,2026-W23,0,0.81004366812227,0.7032700866276145,0,-0.0017274469580379848,0.6380401779975302,1.4715963930676645,-0.2938175048024733,-0.3207167082933422,0.0005313077456096783,0.0007694069910699247,5.4551652667093154e-48,1.0,3.3497324052984634e-36
2026-06-07 17:07:29+00:00,KXSOL15M-26JUN071315-15,2026-06-07T17:15:00Z,65.34,65.1,0.9255,7.5,0.029,0.842,0.842,0.972973,0.426095,1.0,0.888889,0.0,-1.0,0.111111,0.0,0.003409,1.211538,1.0,92.1875,95.192308,0.0,0.569231,0.383907,0.479061,1.0,,999.0,0.4978,1.000465,,0.44898,0.061576,1.0,-1.0,60.507246,-1.0,63.210702,,,0.0,0.0,1.0,-0.150636,77.53,11.0,1.0,0.370485,1.0,65.49,0.2296,0.5991,,-0.024876,,5,-0.0835,0.7675,NO,0.0745,False,-0.0745,2026-06-07 17:15:00+00:00,2026-W23,0,0.81004366812227,0.7032700866276145,0,-0.0017274469580379848,0.6380401779975302,1.4715963930676645,-0.2938175048024733,-0.3207167082933422,0.0005313077456096783,0.0007694069910699247,5.4551652667093154e-48,1.0,3.3497324052984634e-36
2026-06-07 17:12:33+00:00,KXSOL15M-26JUN071315-15,2026-06-07T17:15:00Z,65.41,65.1,0.9945,2.4,0.009,0.9501,0.9501,0.92,2.98695,1.0,0.888889,0.0,-1.0,0.111111,0.0,0.003401,1.211538,1.0,90.361446,93.495935,0.0,0.2141,0.815385,0.604714,1.0,,999.0,0.4978,0.977451,,0.44898,0.061576,1.0,-1.0,60.507246,-1.0,63.210702,,,0.0,0.0,1.0,-0.150636,77.53,11.0,1.0,0.474166,1.0,65.49,0.1223,0.5991,,-0.024876,,5,-0.0444000000000001,0.9446,NO,0.0054999999999999,False,-0.0054999999999999,2026-06-07 17:15:00+00:00,2026-W23,0,0.81004366812227,0.7032700866276145,0,-0.0017274469580379848,0.6380401779975302,1.4715963930676645,-0.2938175048024733,-0.3207167082933422,0.0005313077456096783,0.0007694069910699247,5.4551652667093154e-48,1.0,3.3497324052984634e-36
2026-06-07 17:22:40+00:00,KXSOL15M-26JUN071330-30,2026-06-07T17:30:00Z,65.46,65.44,0.665,7.3,0.03,0.6459,0.6459,0.0,0.026491,1.0,0.803279,0.803279,1.0,0.196721,0.0,0.003897,2.392157,-1.0,70.491803,85.365854,-0.030558,-0.076359,0.061171,0.408036,1.0,,999.0,0.4978,0.771532,,0.44898,0.061576,1.0,-1.0,60.507246,-1.0,63.210702,,,0.0,0.0,1.0,-0.171826,77.69,11.0,1.0,0.03744,0.0,65.48,0.0306,0.0611,,0.01687,,5,-0.0191,0.3109,NO,0.3349999999999999,True,0.665,2026-06-07 17:30:00+00:00,2026-W23,0,0.81004366812227,0.7032700866276145,0,-0.0017274469580379848,0.6380401779975302,1.4715963930676645,-0.2938175048024733,-0.3207167082933422,0.0005313077456096783,0.0007694069910699247,5.4551652667093154e-48,1.0,3.3497324052984634e-36
2026-06-07 22:20:43+00:00,KXSOL15M-26JUN071830-30,2026-06-07T22:30:00Z,66.55,66.5,0.565,9.3,0.05,0.5864,0.5864,0.123967,7.044442,1.0,0.946237,1.0,1.0,0.0,0.053763,0.007795,5.372765,-1.0,63.764045,69.43128,-0.208986,-0.980975,3.015308,0.941321,1.0,,999.0,0.3333,3.520706,,0.488889,-0.277992,-1.0,-1.0,36.666667,0.0,47.931526,,,0.0,0.0,0.906338,-1.11149,78.03,11.0,1.0,0.070222,0.0,66.27,-0.4207,-0.3459,,0.915111,,5,0.0214,0.1513999999999999,NO,0.435,True,0.565,2026-06-07 22:30:00+00:00,2026-W23,0,0.5480349344978179,0.7992382906262161,0,-0.0049927381537062995,0.5294041287645355,1.185838577664563,-0.31527732846199563,-0.27285396426463415,0.003934915386877569,0.00881295098808159,6.644948137518572e-66,1.0,6.17208721751962e-69
2026-06-08 11:39:11+00:00,KXSOL15M-26JUN080745-45,2026-06-08T11:45:00Z,66.97,66.75,0.9225,5.8,0.015,0.8733,0.8733,0.0,0.057237,1.0,0.820513,0.820513,1.0,0.179487,0.0,0.00485,1.2,3.0,100.0,100.0,0.0,0.404555,0.134489,1.187132,1.0,,999.0,0.5135,0.832575,,0.637931,-0.241109,-1.0,-1.0,51.966292,,60.804769,,,0.0,0.0,0.989814,-0.484954,76.94,9.0,1.0,0.324791,1.0,66.89,-0.1195,0.2097,,0.868804,,5,-0.0492,0.7958,NO,0.0775,False,-0.0775,2026-06-08 11:45:00+00:00,2026-W24,0,0.7180094786729863,0.7757405915116008,0,-0.0026449392295946426,0.5223214443621609,1.4682718358272409,-0.2225912763336337,-0.23390327884422268,0.0013816048616103267,0.002347665246117127,2.0110872752381383e-21,1.0,3.656136724194513e-18
2026-06-08 12:34:46+00:00,KXSOL15M-26JUN080845-45,2026-06-08T12:45:00Z,66.48,66.36,0.705,10.2,0.05,0.751,0.751,1.0,0.111746,1.0,1.0,1.0,1.0,0.0,0.0,0.005801,0.802218,2.0,58.163265,66.393443,0.0,0.34649,0.695389,0.537012,1.0,,999.0,0.6304,0.812174,,0.690722,0.785498,1.0,1.0,64.371257,0.0,65.248227,,,1.0,0.0,0.991286,0.227794,76.85,9.0,1.0,0.175253,1.0,67.04,0.8424,1.0247,,0.848167,,5,0.046,0.4559999999999999,NO,0.295,False,-0.295,2026-06-08 12:45:00+00:00,2026-W24,0,0.8459715639810447,0.8838295657593276,0,-0.003737903574949581,0.6017887628269157,1.6364113408513168,-0.1960656169861565,-0.19496268113842874,0.0016633340356436278,0.00046203631857653134,1.395071053520361e-32,1.0,6.85200911403617e-30
2026-06-08 12:39:49+00:00,KXSOL15M-26JUN080845-45,2026-06-08T12:45:00Z,66.64,66.36,0.9785,5.2,0.003,0.9437,0.9437,1.0,0.196867,1.0,1.0,1.0,1.0,0.0,0.0,0.005794,0.802218,2.0,66.326531,72.95082,-0.029972,0.120102,0.831569,0.633203,1.0,,999.0,0.5232,0.802015,,0.690722,0.785498,1.0,1.0,64.371257,,65.248227,,,1.0,0.0,0.997219,0.227794,76.85,9.0,1.0,0.420125,1.0,67.04,0.6002,1.0247,,0.855859,,5,-0.0348,0.9222,NO,0.0214999999999999,False,-0.0214999999999999,2026-06-08 12:45:00+00:00,2026-W24,0,0.8459715639810447,0.8838295657593276,0,-0.003737903574949581,0.6017887628269157,1.6364113408513168,-0.1960656169861565,-0.19496268113842874,0.0016633340356436278,0.00046203631857653134,1.395071053520361e-32,1.0,6.85200911403617e-30
2026-06-08 15:01:27+00:00,KXSOL15M-26JUN081115-15,2026-06-08T15:15:00Z,67.4,67.26,0.725,13.5,0.03,0.788,0.788,1.0,0.447535,1.0,1.0,1.0,1.0,0.0,0.0,0.006102,1.045139,2.0,100.0,100.0,0.074316,0.387078,0.867614,0.935914,1.0,,999.0,0.5135,0.74126,,1.0,0.794007,1.0,1.0,98.701299,1.0,52.845528,,,1.0,0.0,1.0,-0.289422,76.73,9.0,1.0,0.204736,1.0,67.69,0.4303,0.6393,,0.767784,,5,0.063,0.513,NO,0.275,False,-0.275,2026-06-08 15:15:00+00:00,2026-W24,0,0.8029925187032437,0.6914653845702484,0,-0.0016449482821715028,0.47903469803411497,1.4893736564362854,-0.19333729311637957,-0.36577518023017513,-0.001195695900473654,-0.002240756997134227,3.2251238528699974e-21,1.0,5.576311317385381e-19
2026-06-08 15:06:32+00:00,KXSOL15M-26JUN081115-15,2026-06-08T15:15:00Z,67.38,67.26,0.675,8.5,0.07,0.788,0.788,1.0,0.554934,1.0,1.0,1.0,1.0,0.0,0.0,0.006097,1.045139,2.0,100.0,100.0,0.0,0.074151,0.806693,0.98666,1.0,,999.0,0.5135,0.622854,,1.0,0.794007,1.0,1.0,98.701299,1.0,52.845528,,,1.0,0.0,1.0,-0.289422,76.64,9.0,1.0,0.182434,1.0,67.69,0.4601,0.6393,,0.763101,,5,0.1129999999999999,0.4630000000000001,NO,0.3249999999999999,False,-0.3249999999999999,2026-06-08 15:15:00+00:00,2026-W24,0,0.8029925187032437,0.6914653845702484,0,-0.0016449482821715028,0.47903469803411497,1.4893736564362854,-0.19333729311637957,-0.36577518023017513,-0.001195695900473654,-0.002240756997134227,3.2251238528699974e-21,1.0,5.576311317385381e-19
2026-06-08 15:11:36+00:00,KXSOL15M-26JUN081115-15,2026-06-08T15:15:00Z,67.59,67.26,0.984,3.4,0.008,0.9584,0.9584,0.5,0.0,1.0,1.0,1.0,1.0,0.0,0.0,0.006087,1.045139,2.0,100.0,100.0,0.163011,0.163011,0.625279,1.151947,1.0,,999.0,0.5135,0.549536,,1.0,0.794007,1.0,1.0,98.701299,1.0,52.845528,,,1.0,0.0,1.0,-0.289422,76.64,9.0,1.0,0.49095,1.0,67.69,0.148,0.6393,,0.753239,,5,-0.0255999999999999,0.9424,NO,0.016,False,-0.016,2026-06-08 15:15:00+00:00,2026-W24,0,0.8029925187032437,0.6914653845702484,0,-0.0016449482821715028,0.47903469803411497,1.4893736564362854,-0.19333729311637957,-0.36577518023017513,-0.001195695900473654,-0.002240756997134227,3.2251238528699974e-21,1.0,5.576311317385381e-19
2026-06-09 04:37:32+00:00,KXSOL15M-26JUN090045-45,2026-06-09T04:45:00Z,67.0,65.95,0.985,7.5,0.01,0.9437,0.9437,1.0,49.253812,1.0,0.636364,0.0,-1.0,0.363636,0.0,0.003365,0.487342,1.0,100.0,100.0,0.0,1.636364,1.405896,1.108425,1.0,,999.0,0.462,1.351235,,0.725,0.075815,1.0,1.0,23.571429,0.0,41.290323,,,0.0,0.0,0.981492,-0.233211,76.43,9.0,1.0,1.591995,1.0,67.16,0.2388,1.8347,,0.15007,,5,-0.0413,0.9287,NO,0.015,False,-0.015,2026-06-09 04:45:00+00:00,2026-W24,0,0.6321428571428563,0.7391850261973704,0,-0.004432776844219682,0.45283601747273333,1.6477069499884576,-0.16895293085967528,-0.19168486219596345,0.0050178913205388975,0.0053424027047212184,3.046966946613331e-16,0.9999999999990905,8.964423039607952e-13
2026-06-09 04:42:34+00:00,KXSOL15M-26JUN090045-45,2026-06-09T04:45:00Z,67.04,65.95,0.996,2.4,0.008,0.9501,0.9501,1.0,2.401631,1.0,0.636364,0.0,-1.0,0.363636,0.0,0.003361,0.487342,1.0,91.139241,91.907514,0.074505,0.119261,1.665153,1.122692,1.0,,999.0,0.462,1.306356,,0.725,0.075815,1.0,1.0,23.571429,,41.290323,,,0.0,0.0,0.987135,-0.233211,76.43,9.0,1.0,1.648851,1.0,67.16,0.179,1.8347,,0.15007,,5,-0.0459,0.9461,NO,0.004,False,-0.004,2026-06-09 04:45:00+00:00,2026-W24,0,0.6321428571428563,0.7391850261973704,0,-0.004432776844219682,0.45283601747273333,1.6477069499884576,-0.16895293085967528,-0.19168486219596345,0.0050178913205388975,0.0053424027047212184,3.046966946613331e-16,0.9999999999990905,8.964423039607952e-13
2026-06-09 04:47:37+00:00,KXSOL15M-26JUN090100-00,2026-06-09T05:00:00Z,67.19,67.03,0.715,12.4,0.01,0.6963,0.6963,0.263158,0.087357,1.0,0.892308,0.892308,1.0,0.107692,0.0,0.004477,4.32304,2.0,91.772152,92.485549,-0.059559,0.01489,1.772727,1.125334,1.0,,999.0,0.462,1.287773,,0.725,0.075815,1.0,1.0,23.571429,,41.290323,,,0.0,0.0,0.987135,-0.849708,76.43,9.0,1.0,0.238409,0.0,67.11,-0.1191,0.1193,,0.398234,,5,-0.0186999999999999,0.4113,NO,0.285,True,0.715,2026-06-09 05:00:00+00:00,2026-W24,0,0.6321428571428563,0.7391850261973704,0,-0.004432776844219682,0.45283601747273333,1.6477069499884576,-0.16895293085967528,-0.19168486219596345,0.0050178913205388975,0.0053424027047212184,3.046966946613331e-16,0.9999999999990905,8.964423039607952e-13
2026-06-09 04:52:41+00:00,KXSOL15M-26JUN090100-00,2026-06-09T05:00:00Z,67.02,67.03,0.565,7.3,0.05,0.3654,0.3654,1.0,0.82102,1.0,0.892308,0.892308,1.0,0.107692,0.0,0.004466,4.32304,2.0,94.339623,95.135135,0.0,0.268057,0.372689,1.247592,1.0,,999.0,0.462,0.77868,,0.725,0.075815,1.0,1.0,23.571429,,41.290323,,,0.0,0.0,1.0,-0.849708,76.33,9.0,1.0,-0.015218,0.0,67.11,0.1343,0.1193,,0.374951,,5,-0.1995999999999999,-0.0696,NO,0.435,True,0.565,2026-06-09 05:00:00+00:00,2026-W24,0,0.6321428571428563,0.7391850261973704,0,-0.004432776844219682,0.45283601747273333,1.6477069499884576,-0.16895293085967528,-0.19168486219596345,0.0050178913205388975,0.0053424027047212184,3.046966946613331e-16,0.9999999999990905,8.964423039607952e-13
2026-06-09 04:57:45+00:00,KXSOL15M-26JUN090100-00,2026-06-09T05:00:00Z,67.04,67.03,0.605,2.3,0.07,0.631,0.631,0.0,0.778339,1.0,0.892308,0.892308,1.0,0.107692,0.0,0.004481,4.32304,-1.0,80.503145,83.243243,0.0,-0.163642,-0.074449,0.871379,1.0,,999.0,0.462,0.892458,,0.725,0.075815,1.0,1.0,23.571429,,41.290323,,,0.0,0.0,1.0,-0.849708,76.33,9.0,1.0,0.014621,0.0,67.11,0.1044,0.1193,,0.371816,,5,0.026,0.236,NO,0.395,True,0.605,2026-06-09 05:00:00+00:00,2026-W24,0,0.6321428571428563,0.7391850261973704,0,-0.004432776844219682,0.45283601747273333,1.6477069499884576,-0.16895293085967528,-0.19168486219596345,0.0050178913205388975,0.0053424027047212184,3.046966946613331e-16,0.9999999999990905,8.964423039607952e-13
2026-06-09 05:23:03+00:00,KXSOL15M-26JUN090130-30,2026-06-09T05:30:00Z,67.03,67.04,0.72,6.9,0.04,0.3225,0.3225,1.0,0.005771,1.0,0.322581,0.677419,-1.0,0.0,0.677419,0.004666,0.990868,1.0,73.943662,80.0,0.0,0.0,-0.089405,0.635131,1.0,,999.0,0.4499,0.95571,,0.78169,1.681818,1.0,2.0,63.214286,0.0,48.393195,,,0.0,0.0,1.0,-0.102249,76.12,9.0,1.0,-0.015663,1.0,67.05,0.0298,0.0149,,0.366004,,5,-0.3974999999999999,0.0424999999999999,NO,0.28,False,-0.28,2026-06-09 05:30:00+00:00,2026-W24,0,0.6821428571428566,0.7547965923991468,0,-0.004001630666522149,0.46449332430625645,1.7309142742260835,-0.18018743726902958,-0.17936778938891074,0.0017458172640284673,-0.005573052503794083,1.0115278668833435e-17,1.0,1.8378907020478066e-14
2026-06-09 05:33:09+00:00,KXSOL15M-26JUN090145-45,2026-06-09T05:45:00Z,67.22,67.04,0.86,11.8,0.04,0.7977,0.7977,0.5,0.00577,1.0,1.0,1.0,1.0,0.0,0.0,0.004561,0.130536,2.0,83.802817,87.567568,0.029775,0.208799,0.208799,0.844388,1.0,,999.0,0.4499,0.60865,,0.78169,1.681818,1.0,2.0,63.214286,0.0,48.393195,,,0.0,0.0,1.0,-0.266275,76.05,9.0,1.0,0.269693,1.0,67.19,-0.0446,0.2237,,0.364544,,5,-0.0623,0.6577,NO,0.14,False,-0.14,2026-06-09 05:45:00+00:00,2026-W24,0,0.6821428571428566,0.7547965923991468,0,-0.004001630666522149,0.46449332430625645,1.7309142742260835,-0.18018743726902958,-0.17936778938891074,0.0017458172640284673,-0.005573052503794083,1.0115278668833435e-17,1.0,1.8378907020478066e-14
2026-06-09 05:38:12+00:00,KXSOL15M-26JUN090145-45,2026-06-09T05:45:00Z,67.2,67.04,0.765,6.8,0.01,0.788,0.788,1.0,0.021696,1.0,1.0,1.0,1.0,0.0,0.0,0.00455,0.130536,2.0,94.366197,95.675676,0.0,0.223248,0.432513,1.067686,1.0,,999.0,0.5135,0.632022,,0.78169,1.681818,1.0,2.0,63.214286,0.0,48.393195,,,0.0,0.0,1.0,-0.266275,76.05,9.0,1.0,0.247318,1.0,67.19,-0.0149,0.2237,,0.362352,,5,0.023,0.553,NO,0.235,False,-0.235,2026-06-09 05:45:00+00:00,2026-W24,0,0.6821428571428566,0.7547965923991468,0,-0.004001630666522149,0.46449332430625645,1.7309142742260835,-0.18018743726902958,-0.17936778938891074,0.0017458172640284673,-0.005573052503794083,1.0115278668833435e-17,1.0,1.8378907020478066e-14
2026-06-09 05:48:18+00:00,KXSOL15M-26JUN090200-00,2026-06-09T06:00:00Z,67.21,67.19,0.57,11.7,0.06,0.5864,0.5864,0.5,0.039537,1.0,0.482759,0.482759,1.0,0.517241,0.0,0.004678,0.922727,0.0,62.903226,87.567568,0.0,0.0,0.0,0.833331,1.0,,999.0,0.5135,0.603296,,0.78169,1.681818,1.0,2.0,63.214286,,48.393195,,,0.0,0.0,1.0,-0.261078,76.07,9.0,1.0,0.032296,0.0,67.25,0.0595,0.0893,,0.357285,,5,0.0164,0.1563999999999999,NO,0.43,True,0.57,2026-06-09 06:00:00+00:00,2026-W24,0,0.6821428571428566,0.7547965923991468,0,-0.004001630666522149,0.46449332430625645,1.7309142742260835,-0.18018743726902958,-0.17936778938891074,0.0017458172640284673,-0.005573052503794083,1.0115278668833435e-17,1.0,1.8378907020478066e-14
2026-06-09 05:53:22+00:00,KXSOL15M-26JUN090200-00,2026-06-09T06:00:00Z,67.18,67.19,0.605,6.6,0.01,0.3225,0.3225,0.5,0.0,1.0,0.482759,0.482759,1.0,0.517241,0.0,0.004678,0.922727,-1.0,61.290323,87.027027,0.0,-0.014883,-0.014883,0.818204,1.0,,999.0,0.5135,0.301718,,0.78169,1.681818,1.0,2.0,63.214286,,48.393195,,,0.0,0.0,1.0,-0.261078,76.07,9.0,1.0,-0.019794,0.0,67.25,0.1042,0.0893,,0.349559,,5,-0.2825,-0.0725,NO,0.395,True,0.605,2026-06-09 06:00:00+00:00,2026-W24,0,0.6821428571428566,0.7547965923991468,0,-0.004001630666522149,0.46449332430625645,1.7309142742260835,-0.18018743726902958,-0.17936778938891074,0.0017458172640284673,-0.005573052503794083,1.0115278668833435e-17,1.0,1.8378907020478066e-14
2026-06-09 06:08:32+00:00,KXSOL15M-26JUN090215-15,2026-06-09T06:15:00Z,67.21,67.17,0.68,6.5,0.06,0.788,0.788,0.0,0.017759,1.0,0.857143,1.0,1.0,0.0,0.142857,0.004498,0.231678,-1.0,70.37037,86.363636,0.0,0.0,-0.104089,0.80647,-1.0,,999.0,0.5135,0.275957,,0.833333,0.208613,1.0,3.0,68.214286,0.0,51.233397,,,0.0,0.0,1.0,0.043561,76.03,9.0,1.0,0.055382,1.0,67.18,-0.0446,0.0149,,0.40225,,5,0.1079999999999999,0.4680000000000001,NO,0.3199999999999999,False,-0.3199999999999999,2026-06-09 06:15:00+00:00,2026-W24,0,0.6035714285714284,0.6380720848061529,0,-0.0012141291588540328,0.42549066220172904,1.7150796610487162,-0.146058910491751,-0.17801048272317957,-0.0011950857093627476,-0.0049147899956838185,6.655946041048937e-14,0.9999999990543529,9.455563547389614e-10
2026-06-09 06:18:39+00:00,KXSOL15M-26JUN090230-30,2026-06-09T06:30:00Z,67.24,67.2,0.76,11.3,0.06,0.8126,0.8126,0.5,0.0,1.0,1.0,0.0,-1.0,0.0,0.0,0.004177,0.249364,1.0,75.925926,87.719298,0.0,0.044656,0.044656,0.168419,1.0,,999.0,0.5135,0.178579,,0.833333,0.208613,1.0,3.0,68.214286,0.0,51.233397,,,0.0,0.0,1.0,0.132652,75.92,9.0,1.0,0.055355,1.0,67.32,0.119,0.1786,,0.387115,,5,0.0525999999999999,0.5726,NO,0.24,False,-0.24,2026-06-09 06:30:00+00:00,2026-W24,0,0.6035714285714284,0.6380720848061529,0,-0.0012141291588540328,0.42549066220172904,1.7150796610487162,-0.146058910491751,-0.17801048272317957,-0.0011950857093627476,-0.0049147899956838185,6.655946041048937e-14,0.9999999990543529,9.455563547389614e-10
2026-06-09 06:23:42+00:00,KXSOL15M-26JUN090230-30,2026-06-09T06:30:00Z,67.34,67.2,0.893,6.3,0.046,0.8559,0.8559,1.0,0.011472,1.0,1.0,0.0,-1.0,0.0,0.0,0.004164,0.249364,1.0,97.560976,99.415205,0.0,0.297575,0.342364,0.269046,1.0,,999.0,0.5135,0.499024,,0.833333,0.208613,1.0,3.0,68.214286,0.0,51.233397,,,0.0,0.0,1.0,0.132652,75.92,9.0,1.0,0.207878,1.0,67.32,-0.0297,0.1786,,0.515764,,5,-0.0371,0.7489,NO,0.1069999999999999,False,-0.1069999999999999,2026-06-09 06:30:00+00:00,2026-W24,0,0.6035714285714284,0.6380720848061529,0,-0.0012141291588540328,0.42549066220172904,1.7150796610487162,-0.146058910491751,-0.17801048272317957,-0.0011950857093627476,-0.0049147899956838185,6.655946041048937e-14,0.9999999990543529,9.455563547389614e-10
2026-06-10 14:07:15+00:00,KXSOL15M-26JUN101015-15,2026-06-10T14:15:00Z,65.1,65.01,0.73,7.7,0.02,0.6775,0.6775,0.84,0.106688,1.0,0.763158,0.236842,-1.0,0.0,0.236842,0.005792,1.007576,-2.0,73.6,86.47541,0.0,0.323525,-0.275651,0.751194,-1.0,,999.0,0.4146,1.161301,,0.768,1.321723,1.0,2.0,88.114754,0.0,52.10084,,,0.0,-2.0,-1.0,0.397074,76.7,10.0,1.0,0.14568,0.0,64.91,-0.2919,-0.1538,,0.89238,,5,-0.0524999999999999,0.4075,NO,0.27,True,0.73,2026-06-10 14:15:00+00:00,2026-W24,0,0.7669172932330813,0.7769397416026748,0,-0.003410884954273552,0.49248221481334414,2.4588878680230875,0.1628497896547548,0.01927427717588618,-0.0005736913088980524,-0.006533631259961094,1.1439104794453914e-09,0.9954794139098958,0.004520584946196922
2026-06-10 14:12:18+00:00,KXSOL15M-26JUN101015-15,2026-06-10T14:15:00Z,65.1,65.01,0.795,2.7,0.05,0.7238,0.7238,1.0,0.027864,1.0,0.763158,0.236842,-1.0,0.0,0.236842,0.005789,1.007576,-2.0,76.0,87.704918,-0.015347,0.046069,-0.015347,0.786481,1.0,,999.0,0.4146,1.087541,,0.768,1.321723,1.0,2.0,88.114754,0.0,52.10084,,,0.0,0.0,0.706354,0.397074,76.7,10.0,1.0,0.14568,0.0,64.91,-0.2919,-0.1538,,0.910592,,5,-0.0712,0.5188,NO,0.2049999999999999,True,0.795,2026-06-10 14:15:00+00:00,2026-W24,0,0.7669172932330813,0.7769397416026748,0,-0.003410884954273552,0.49248221481334414,2.4588878680230875,0.1628497896547548,0.01927427717588618,-0.0005736913088980524,-0.006533631259961094,1.1439104794453914e-09,0.9954794139098958,0.004520584946196922
2026-06-10 14:27:28+00:00,KXSOL15M-26JUN101030-30,2026-06-10T14:30:00Z,65.06,64.95,0.84,2.5,0.02,0.7703,0.7703,1.0,1.538138,1.0,0.69697,0.060606,-1.0,0.242424,0.060606,0.00572,0.886756,1.0,68.8,84.016393,0.0,0.603062,-0.138143,0.255048,1.0,,999.0,0.4146,1.171263,,0.768,1.321723,1.0,2.0,88.114754,0.0,52.10084,,,0.0,-2.0,-0.913913,0.351467,76.63,10.0,1.0,0.169053,1.0,65.0,-0.0922,0.077,,1.002826,,5,-0.0696999999999999,0.6103,NO,0.16,False,-0.16,2026-06-10 14:30:00+00:00,2026-W24,0,0.7669172932330813,0.7769397416026748,0,-0.003410884954273552,0.49248221481334414,2.4588878680230875,0.1628497896547548,0.01927427717588618,-0.0005736913088980524,-0.006533631259961094,1.1439104794453914e-09,0.9954794139098958,0.004520584946196922
2026-06-11 01:21:15+00:00,KXSOL15M-26JUN102130-30,2026-06-11T01:30:00Z,64.17,64.15,0.58,8.7,0.06,0.6188,0.6188,1.0,0.384509,1.0,0.901961,0.901961,1.0,0.098039,0.0,0.00423,1.874016,5.0,100.0,100.0,0.015545,0.202461,0.374415,1.040915,1.0,,999.0,0.322,0.678378,,1.0,0.902184,1.0,3.0,41.818182,0.0,50.630915,,,0.0,0.0,1.0,-0.718695,78.1,13.0,1.0,0.026188,1.0,64.26,0.1403,0.1715,,0.932873,,5,0.0388,0.1987999999999999,NO,0.42,False,-0.42,2026-06-11 01:30:00+00:00,2026-W24,0,0.7696969696969684,0.9481756312862574,0,-0.005045749326228203,0.40469058975445527,1.2213486178878183,0.2176299567637921,0.16902096150907475,0.00530487956725074,0.0020759553086924336,5.097551838376136e-18,0.9999999063816788,9.361833719897578e-08
2026-06-11 01:26:18+00:00,KXSOL15M-26JUN102130-30,2026-06-11T01:30:00Z,64.25,64.15,0.84,3.7,0.04,0.8017,0.8017,0.666667,0.302399,1.0,0.901961,0.901961,1.0,0.098039,0.0,0.004235,1.874016,5.0,90.123457,95.939086,-0.046664,-0.124339,0.327869,0.855092,1.0,,999.0,0.322,0.788697,,1.0,0.902184,1.0,3.0,41.818182,0.0,50.630915,,,0.0,0.0,1.0,-0.718695,78.1,13.0,1.0,0.150895,1.0,64.26,0.0156,0.1715,,0.953166,,5,-0.0383,0.6416999999999999,NO,0.16,False,-0.16,2026-06-11 01:30:00+00:00,2026-W24,0,0.7696969696969684,0.9481756312862574,0,-0.005045749326228203,0.40469058975445527,1.2213486178878183,0.2176299567637921,0.16902096150907475,0.00530487956725074,0.0020759553086924336,5.097551838376136e-18,0.9999999063816788,9.361833719897578e-08
2026-06-11 01:41:27+00:00,KXSOL15M-26JUN102145-45,2026-06-11T01:45:00Z,64.7,64.2,0.994,3.5,0.006,0.9328,0.9328,1.0,1.459049,1.0,0.333333,0.466667,1.0,0.533333,0.133333,0.00367,0.630631,5.0,100.0,100.0,0.123935,0.87146,0.87146,1.557469,1.0,,999.0,0.322,1.015541,,1.0,0.902184,1.0,3.0,41.818182,,50.630915,,,0.0,0.0,0.999342,-0.018063,78.05,13.0,1.0,0.772067,1.0,64.91,0.3246,1.1059,,0.871511,,5,-0.0612,0.9268,NO,0.006,False,-0.006,2026-06-11 01:45:00+00:00,2026-W24,0,0.7696969696969684,0.9481756312862574,0,-0.005045749326228203,0.40469058975445527,1.2213486178878183,0.2176299567637921,0.16902096150907475,0.00530487956725074,0.0020759553086924336,5.097551838376136e-18,0.9999999063816788,9.361833719897578e-08
2026-06-11 02:16:56+00:00,KXSOL15M-26JUN102230-30,2026-06-11T02:30:00Z,64.71,64.72,0.61,13.1,0.04,0.3116,0.3116,0.5,0.0,1.0,1.0,0.0,-1.0,0.0,0.0,0.004237,0.218182,0.0,78.070175,90.272374,0.0,0.0,-0.092365,0.220169,1.0,,999.0,0.322,0.452567,,0.828571,1.819608,1.0,4.0,76.969697,0.0,59.863014,,,0.0,-2.0,-1.0,0.1279,77.51,13.0,1.0,-0.018233,0.0,64.54,-0.2627,-0.2781,,1.095772,,5,-0.2984,-0.0784,NO,0.39,True,0.61,2026-06-11 02:30:00+00:00,2026-W24,0,0.6121212121212123,0.6997428092956008,0,-0.0027631317291359004,0.3538396768406617,1.58178424504983,0.11806072348214974,0.12249870420790378,-0.002136060238604497,-0.010537007786650066,2.233338514785354e-16,0.9999996700873315,3.2991269614198745e-07
2026-06-11 02:42:11+00:00,KXSOL15M-26JUN102245-45,2026-06-11T02:45:00Z,64.51,64.49,0.74,2.8,0.02,0.7507,0.7507,0.5,0.0,1.0,1.0,0.0,-1.0,0.0,0.0,0.00459,1.217391,-4.0,28.712871,71.984436,0.0,0.0,-0.23227,-0.482046,-1.0,,0.390012,0.322,0.485909,,0.828571,1.819608,1.0,4.0,76.969697,,59.863014,,,0.0,-2.0,-1.0,0.139089,76.94,13.0,1.0,0.03365,0.0,64.42,-0.1395,-0.1085,,0.993743,,5,0.0107,0.4907,NO,0.26,True,0.74,2026-06-11 02:45:00+00:00,2026-W24,0,0.6121212121212123,0.6997428092956008,0,-0.0027631317291359004,0.3538396768406617,1.58178424504983,0.11806072348214974,0.12249870420790378,-0.002136060238604497,-0.010537007786650066,2.233338514785354e-16,0.9999996700873315,3.2991269614198745e-07
2026-06-11 03:47:57+00:00,KXSOL15M-26JUN110000-00,2026-06-11T04:00:00Z,64.88,64.81,0.705,12.0,0.05,0.6963,0.6963,0.5,0.0,1.0,0.806452,0.806452,1.0,0.193548,0.0,0.004388,2.175439,2.0,93.548387,87.654321,0.0,0.123324,0.4485,0.557349,1.0,,999.0,,0.891775,,0.0,-0.877463,-1.0,-1.0,61.212121,,50.573066,,,0.0,0.0,1.0,-0.243588,77.03,13.0,1.0,0.114492,1.0,65.47,0.9094,1.0184,,0.711888,,5,-0.0086999999999999,0.4013,NO,0.295,False,-0.295,2026-06-11 04:00:00+00:00,2026-W24,0,0.9393939393939386,1.0133822199786091,1,-0.002913048056820579,0.5570879266024442,1.9696690380649804,0.03430385433633311,0.07934158490254077,0.0019727076368838336,0.0058535976714714,4.196830608276691e-19,0.9999999999996021,3.76707871687396e-13
2026-06-11 03:52:59+00:00,KXSOL15M-26JUN110000-00,2026-06-11T04:00:00Z,64.81,64.81,0.565,7.0,0.03,0.631,0.631,1.0,2.269603,1.0,0.806452,0.806452,1.0,0.193548,0.0,0.004388,2.175439,2.0,93.548387,87.654321,0.0,0.0,0.123324,0.502376,1.0,,999.0,,0.462586,,0.0,-0.877463,-1.0,-1.0,61.212121,,50.573066,,,0.0,0.0,0.999549,-0.243588,77.03,13.0,1.0,0.010338,1.0,65.47,1.0184,1.0184,,0.711888,,5,0.066,0.1959999999999999,NO,0.435,False,-0.435,2026-06-11 04:00:00+00:00,2026-W24,0,0.9393939393939386,1.0133822199786091,1,-0.002913048056820579,0.5570879266024442,1.9696690380649804,0.03430385433633311,0.07934158490254077,0.0019727076368838336,0.0058535976714714,4.196830608276691e-19,0.9999999999996021,3.76707871687396e-13
2026-06-12 14:48:24+00:00,KXSOL15M-26JUN121100-00,2026-06-12T15:00:00Z,67.17,67.2,0.505,11.6,0.03,0.3407,0.3407,0.0,0.326863,1.0,0.073171,0.268293,1.0,0.731707,0.195122,0.003623,1.683284,0.0,72.972973,72.972973,0.0,0.0,0.16391,0.328996,-1.0,,999.0,,0.973736,,0.517857,-0.074906,-1.0,-2.0,47.945205,,48.218527,,,0.0,0.0,0.968241,-0.000539,74.5,13.0,1.0,-0.045385,1.0,68.03,1.2803,1.2351,,0.716733,,5,-0.1643,-0.1543,NO,0.495,False,-0.495,2026-06-12 15:00:00+00:00,2026-W24,1,1.0,1.0290556241511375,1,-0.0035439667895045225,0.4708800151661668,1.939934118553508,-0.24768294891461745,-0.10659864201197897,0.004531157361532452,0.007548794850002672,5.261676155485139e-23,1.0,2.0530667873014982e-19
2026-06-12 14:53:26+00:00,KXSOL15M-26JUN121100-00,2026-06-12T15:00:00Z,67.69,67.2,0.9645,6.6,0.011,0.9278,0.9278,0.0,0.009415,1.0,0.073171,0.268293,1.0,0.731707,0.195122,0.003595,1.683284,5.0,96.610169,97.101449,0.534442,0.788456,0.444774,1.112386,1.0,,999.0,,1.224735,,0.517857,-0.074906,-1.0,-2.0,47.945205,,48.218527,,,0.0,0.0,1.0,-0.000539,74.5,13.0,1.0,0.73211,1.0,68.03,0.5023,1.2351,,0.705624,,5,-0.0367,0.8923,NO,0.0354999999999999,False,-0.0354999999999999,2026-06-12 15:00:00+00:00,2026-W24,1,1.0,1.0290556241511375,1,-0.0035439667895045225,0.4708800151661668,1.939934118553508,-0.24768294891461745,-0.10659864201197897,0.004531157361532452,0.007548794850002672,5.261676155485139e-23,1.0,2.0530667873014982e-19
2026-06-12 15:08:38+00:00,KXSOL15M-26JUN121115-15,2026-06-12T15:15:00Z,68.51,67.89,0.9585,6.4,0.029,0.8747,0.8747,0.390244,1.194037,1.0,0.935897,1.0,1.0,0.0,0.064103,0.0042,2.709677,5.0,94.764398,95.515695,0.454079,1.180986,1.076537,2.067317,1.0,,999.0,,1.492173,,1.0,1.828263,1.0,1.0,100.0,1.0,59.404097,,,1.0,0.0,0.999016,0.272286,74.38,13.0,1.0,0.904803,1.0,68.76,0.3649,1.2815,,0.708083,,5,-0.0837999999999999,0.8332,NO,0.0414999999999999,False,-0.0414999999999999,2026-06-12 15:15:00+00:00,2026-W24,0,0.4420289855072451,0.58815450742523,0,-0.0012616005852155662,0.6494367188796129,1.7044139922698331,-0.3401645745133316,-0.15662813178117815,-0.0019067121953662038,-0.009777344236505057,5.975457569487549e-19,1.0,5.550400199728964e-16
2026-06-15 12:41:44+00:00,KXSOL15M-26JUN150845-45,2026-06-15T12:45:00Z,72.66,72.52,0.956,3.3,0.008,0.8559,0.8559,1.0,0.240848,1.0,0.105263,0.894737,-1.0,0.0,0.894737,0.003723,0.701847,1.0,100.0,95.454545,0.0,0.317285,0.206697,0.68902,1.0,,999.0,,0.648432,,0.900901,1.267586,1.0,2.0,96.416938,,78.25,,,0.0,0.0,1.0,0.041154,73.84,50.0,0.0,0.195116,1.0,72.94,0.3854,0.5792,,0.838658,,5,-0.1000999999999999,0.8119,NO,0.044,False,-0.044,2026-06-15 12:45:00+00:00,2026-W25,0,0.9719298245614041,1.1240208383326646,1,-0.00014797654039577904,0.5127543587255918,4.364824330447122,0.023102885933011564,0.008939757767365664,0.0001003105310793252,-0.004034013830285017,4.470629645323262e-60,1.0,4.315300882917573e-58
2026-06-15 13:07:02+00:00,KXSOL15M-26JUN150915-15,2026-06-15T13:15:00Z,72.99,72.79,0.895,8.0,0.01,0.842,0.842,0.0,0.15811,1.0,0.785714,0.214286,-1.0,0.0,0.214286,0.004175,0.459016,1.0,100.0,100.0,0.0,0.370981,0.329625,0.555919,1.0,,999.0,,0.850695,,0.728814,0.233966,1.0,3.0,94.223827,-1.0,80.295567,,,0.0,0.0,1.0,0.285511,73.72,50.0,0.0,0.277509,1.0,73.44,0.6165,0.893,,0.917643,,5,-0.053,0.737,NO,0.1049999999999999,False,-0.1049999999999999,2026-06-15 13:15:00+00:00,2026-W25,0,0.9088277858176541,1.2116243576638326,1,-0.0013350274543947242,0.5113999620826211,3.8702450047569923,0.02166274540086735,0.02556785927860224,0.001224898890716305,0.0014337271336219565,2.223652126954686e-78,1.0,9.875514652282623e-76
2026-06-15 13:12:04+00:00,KXSOL15M-26JUN150915-15,2026-06-15T13:15:00Z,73.13,72.79,0.9955,2.9,0.005,0.9501,0.9501,0.971429,0.641474,1.0,0.785714,0.214286,-1.0,0.0,0.214286,0.004167,0.459016,1.0,97.560976,99.111111,0.136799,0.177912,0.508032,0.746498,1.0,,999.0,,0.820755,,0.728814,0.233966,1.0,3.0,94.223827,-1.0,80.295567,,,0.0,0.0,1.0,0.285511,73.72,50.0,0.0,0.462973,1.0,73.44,0.4239,0.893,,0.917643,,5,-0.0454000000000001,0.9456,NO,0.0044999999999999,False,-0.0044999999999999,2026-06-15 13:15:00+00:00,2026-W25,0,0.9088277858176541,1.2116243576638326,1,-0.0013350274543947242,0.5113999620826211,3.8702450047569923,0.02166274540086735,0.02556785927860224,0.001224898890716305,0.0014337271336219565,2.223652126954686e-78,1.0,9.875514652282623e-76
2026-06-15 13:17:08+00:00,KXSOL15M-26JUN150930-30,2026-06-15T13:30:00Z,73.6,73.3,0.875,12.9,0.01,0.842,0.842,0.862069,2.891207,1.0,0.852459,0.934426,1.0,0.065574,0.081967,0.004292,1.927765,2.0,100.0,100.0,0.39488,0.641551,1.305304,1.351469,1.0,,999.0,,0.952883,,0.728814,0.233966,1.0,3.0,94.223827,-1.0,80.295567,,,0.0,0.0,1.0,0.611572,74.11,50.0,0.0,0.419263,1.0,73.74,0.1902,0.6003,,1.020337,,5,-0.033,0.717,NO,0.125,False,-0.125,2026-06-15 13:30:00+00:00,2026-W25,0,0.9088277858176541,1.2116243576638326,1,-0.0013350274543947242,0.5113999620826211,3.8702450047569923,0.02166274540086735,0.02556785927860224,0.001224898890716305,0.0014337271336219565,2.223652126954686e-78,1.0,9.875514652282623e-76
2026-06-15 13:22:12+00:00,KXSOL15M-26JUN150930-30,2026-06-15T13:30:00Z,74.01,73.3,0.987,7.8,0.012,0.9437,0.9437,0.983333,8.328926,1.0,0.852459,0.934426,1.0,0.065574,0.081967,0.004267,1.927765,2.0,97.777778,98.671096,-0.053908,0.501423,1.49172,1.50369,1.0,,999.0,,1.003175,,0.728814,0.233966,1.0,3.0,94.223827,-1.0,80.295567,,,0.0,0.0,1.0,0.611572,74.11,50.0,0.0,0.978645,1.0,73.74,-0.3648,0.6003,,1.045528,,5,-0.0433,0.9307,NO,0.013,False,-0.013,2026-06-15 13:30:00+00:00,2026-W25,0,0.9088277858176541,1.2116243576638326,1,-0.0013350274543947242,0.5113999620826211,3.8702450047569923,0.02166274540086735,0.02556785927860224,0.001224898890716305,0.0014337271336219565,2.223652126954686e-78,1.0,9.875514652282623e-76
2026-06-15 13:27:15+00:00,KXSOL15M-26JUN150930-30,2026-06-15T13:30:00Z,73.79,73.3,0.9935,2.8,0.007,0.9437,0.9437,0.35,10.91903,1.0,0.852459,0.934426,1.0,0.065574,0.081967,0.004285,1.927765,2.0,79.888268,88.039867,-0.229699,-0.391205,0.791701,0.565698,1.0,,999.0,,1.01851,,0.728814,0.233966,1.0,3.0,94.223827,-1.0,80.295567,,,0.0,0.0,1.0,0.611572,74.11,50.0,0.0,0.678489,1.0,73.74,-0.0678,0.6003,,1.038328,,5,-0.0498,0.9372,NO,0.0064999999999999,False,-0.0064999999999999,2026-06-15 13:30:00+00:00,2026-W25,0,0.9088277858176541,1.2116243576638326,1,-0.0013350274543947242,0.5113999620826211,3.8702450047569923,0.02166274540086735,0.02556785927860224,0.001224898890716305,0.0014337271336219565,2.223652126954686e-78,1.0,9.875514652282623e-76
2026-06-15 13:32:19+00:00,KXSOL15M-26JUN150945-45,2026-06-15T13:45:00Z,73.94,73.9,0.575,12.7,0.01,0.6188,0.6188,0.529412,0.84231,1.0,0.653846,0.653846,1.0,0.346154,0.0,0.004951,2.132812,-1.0,80.346821,87.681159,0.162734,0.013541,0.094864,0.491667,1.0,,999.0,,1.053897,,0.728814,0.233966,1.0,3.0,94.223827,-1.0,80.295567,,,0.0,-2.0,-1.0,-0.20969,74.3,50.0,0.0,0.051694,0.0,73.68,-0.3516,-0.2977,,0.936307,,5,0.0438,0.1937999999999999,NO,0.425,True,0.575,2026-06-15 13:45:00+00:00,2026-W25,0,0.9088277858176541,1.2116243576638326,1,-0.0013350274543947242,0.5113999620826211,3.8702450047569923,0.02166274540086735,0.02556785927860224,0.001224898890716305,0.0014337271336219565,2.223652126954686e-78,1.0,9.875514652282623e-76
2026-06-15 13:52:32+00:00,KXSOL15M-26JUN151000-00,2026-06-15T14:00:00Z,73.77,73.58,0.785,7.5,0.01,0.7507,0.7507,1.0,5.25134,1.0,0.461538,0.276923,-1.0,0.261538,0.276923,0.005287,1.666667,1.0,69.71831,84.363636,0.054252,0.340044,-0.175913,0.238829,1.0,,999.0,,1.149256,,0.728814,0.233966,1.0,3.0,94.223827,,80.295567,,,0.0,0.0,1.0,-0.202035,73.94,50.0,0.0,0.2521,0.0,73.51,-0.3524,-0.0951,,0.836107,,5,-0.0343,0.5357000000000001,NO,0.2149999999999999,True,0.785,2026-06-15 14:00:00+00:00,2026-W25,0,0.9088277858176541,1.2116243576638326,1,-0.0013350274543947242,0.5113999620826211,3.8702450047569923,0.02166274540086735,0.02556785927860224,0.001224898890716305,0.0014337271336219565,2.223652126954686e-78,1.0,9.875514652282623e-76
2026-06-15 14:17:50+00:00,KXSOL15M-26JUN151030-30,2026-06-15T14:30:00Z,73.51,73.38,0.655,12.2,0.05,0.6775,0.6775,0.793103,0.199887,1.0,0.465116,0.534884,-1.0,0.0,0.534884,0.005922,0.986885,1.0,43.636364,75.2,0.054444,0.136091,0.176991,-0.091697,1.0,,999.0,,1.18835,,0.556338,1.016065,1.0,4.0,81.84438,-1.0,79.746835,,,0.0,-2.0,-1.0,-0.036144,73.44,50.0,0.0,0.174157,1.0,73.84,0.4489,0.6269,,0.733396,,5,0.0224999999999999,0.3325,NO,0.345,False,-0.345,2026-06-15 14:30:00+00:00,2026-W25,0,0.9395280235988206,1.1620808239138138,1,2.359538238121253e-05,0.524673663868023,3.90735336136996,0.02316760157820231,0.021772346810646208,-0.0006164313639218232,-0.002385207392681615,3.6283643182467765e-93,1.0,9.05635822664676e-84
2026-06-15 14:22:54+00:00,KXSOL15M-26JUN151030-30,2026-06-15T14:30:00Z,73.51,73.38,0.785,7.1,0.03,0.6975,0.6975,1.0,0.170995,1.0,0.465116,0.534884,-1.0,0.0,0.534884,0.005929,0.986885,1.0,28.282828,71.6,-0.0408,-0.10874,0.08171,-0.22371,1.0,,999.0,,1.137507,,0.556338,1.016065,1.0,4.0,81.84438,-1.0,79.746835,,,0.0,-2.0,-1.0,-0.036144,73.44,50.0,0.0,0.174157,1.0,73.84,0.4489,0.6269,,0.78829,,5,-0.0875,0.4825,NO,0.2149999999999999,False,-0.2149999999999999,2026-06-15 14:30:00+00:00,2026-W25,0,0.9395280235988206,1.1620808239138138,1,2.359538238121253e-05,0.524673663868023,3.90735336136996,0.02316760157820231,0.021772346810646208,-0.0006164313639218232,-0.002385207392681615,3.6283643182467765e-93,1.0,9.05635822664676e-84
2026-06-15 14:27:56+00:00,KXSOL15M-26JUN151030-30,2026-06-15T14:30:00Z,73.72,73.38,0.9935,2.1,0.007,0.9437,0.9437,0.352941,0.972209,1.0,0.465116,0.534884,-1.0,0.0,0.534884,0.005922,0.986885,1.0,37.373737,75.2,0.027189,0.122466,0.136091,-0.13533,1.0,,999.0,,1.135034,,0.556338,1.016065,1.0,4.0,81.84438,-1.0,79.746835,,,0.0,0.0,1.0,-0.036144,73.44,50.0,0.0,0.46033,1.0,73.84,0.1628,0.6269,,0.78829,,5,-0.0498,0.9372,NO,0.0064999999999999,False,-0.0064999999999999,2026-06-15 14:30:00+00:00,2026-W25,0,0.9395280235988206,1.1620808239138138,1,2.359538238121253e-05,0.524673663868023,3.90735336136996,0.02316760157820231,0.021772346810646208,-0.0006164313639218232,-0.002385207392681615,3.6283643182467765e-93,1.0,9.05635822664676e-84
2026-06-15 14:33:01+00:00,KXSOL15M-26JUN151045-45,2026-06-15T14:45:00Z,73.88,73.76,0.6,12.0,0.04,0.6775,0.6775,1.0,0.282436,1.0,0.891892,1.0,1.0,0.0,0.108108,0.005703,0.877966,2.0,75.555556,85.377358,0.067714,0.42131,0.43496,0.282563,1.0,,999.0,,1.159125,,0.556338,1.016065,1.0,4.0,81.84438,-1.0,79.746835,,,0.0,0.0,1.0,0.048872,73.44,50.0,0.0,0.162022,1.0,73.85,-0.0406,0.122,,0.793684,,5,0.0775,0.2774999999999999,NO,0.4,False,-0.4,2026-06-15 14:45:00+00:00,2026-W25,0,0.9395280235988206,1.1620808239138138,1,2.359538238121253e-05,0.524673663868023,3.90735336136996,0.02316760157820231,0.021772346810646208,-0.0006164313639218232,-0.002385207392681615,3.6283643182467765e-93,1.0,9.05635822664676e-84
2026-06-15 14:48:11+00:00,KXSOL15M-26JUN151100-00,2026-06-15T15:00:00Z,73.9,73.77,0.755,11.8,0.01,0.6963,0.6963,0.0,0.023029,1.0,0.185185,0.592593,1.0,0.407407,0.407407,0.005525,0.660839,1.0,100.0,86.111111,0.013524,0.040584,0.081202,0.344971,1.0,,999.0,,1.090191,,0.556338,1.016065,1.0,4.0,81.84438,,79.746835,,,0.0,-2.0,-0.880651,0.168741,73.51,50.0,0.0,0.179624,0.0,73.81,-0.1218,0.0542,,0.789558,,5,-0.0586999999999999,0.4513,NO,0.245,True,0.755,2026-06-15 15:00:00+00:00,2026-W25,0,0.9395280235988206,1.1620808239138138,1,2.359538238121253e-05,0.524673663868023,3.90735336136996,0.02316760157820231,0.021772346810646208,-0.0006164313639218232,-0.002385207392681615,3.6283643182467765e-93,1.0,9.05635822664676e-84
2026-06-15 15:03:22+00:00,KXSOL15M-26JUN151115-15,2026-06-15T15:15:00Z,73.84,73.74,0.77,11.6,0.06,0.6963,0.6963,0.285714,0.102371,1.0,0.3,0.15,-1.0,0.55,0.15,0.005019,0.539499,1.0,86.666667,81.111111,0.081213,0.094864,-0.121704,0.204182,1.0,,999.0,,0.939954,,0.773333,0.203694,1.0,5.0,88.184438,1.0,82.800983,,,0.0,-2.0,-0.880651,0.107516,73.41,50.0,0.0,0.133172,1.0,73.87,0.0406,0.1763,,0.775485,,5,-0.0736999999999999,0.4663,NO,0.2299999999999999,False,-0.2299999999999999,2026-06-15 15:15:00+00:00,2026-W25,0,0.990979381443298,1.4299248340049266,1,-0.0023034039578543443,0.7019963671964642,3.1981346174874634,0.02471832344959631,0.024971475344595716,0.0029127411966996227,0.004809959707664957,3.3980550650765653e-130,1.0,7.001849633914968e-127
2026-06-15 15:08:26+00:00,KXSOL15M-26JUN151115-15,2026-06-15T15:15:00Z,73.87,73.74,0.825,6.6,0.03,0.7507,0.7507,0.0,0.100227,1.0,0.3,0.15,-1.0,0.55,0.15,0.005017,0.539499,1.0,90.666667,82.777778,-0.094646,0.0,0.176247,0.353782,1.0,,999.0,,0.924015,,0.773333,0.203694,1.0,5.0,88.184438,1.0,82.800983,,,0.0,-2.0,-0.880651,0.107516,73.39,50.0,0.0,0.177246,1.0,73.87,0.0,0.1763,,0.788609,,5,-0.0742999999999999,0.5757,NO,0.175,False,-0.175,2026-06-15 15:15:00+00:00,2026-W25,0,0.990979381443298,1.4299248340049266,1,-0.0023034039578543443,0.7019963671964642,3.1981346174874634,0.02471832344959631,0.024971475344595716,0.0029127411966996227,0.004809959707664957,3.3980550650765653e-130,1.0,7.001849633914968e-127
2026-06-15 15:38:46+00:00,KXSOL15M-26JUN151145-45,2026-06-15T15:45:00Z,74.38,74.03,0.9625,6.2,0.011,0.8733,0.8733,0.0,1.059171,1.0,0.709677,0.709677,1.0,0.290323,0.0,0.005108,0.815789,3.0,100.0,100.0,0.202375,0.527027,0.635823,0.545577,1.0,,999.0,,0.922125,,0.773333,0.203694,1.0,5.0,88.184438,1.0,82.800983,,,0.0,0.0,1.0,-0.160898,73.18,50.0,0.0,0.462906,1.0,74.8,0.5647,1.0401,,0.810345,,5,-0.0892,0.8358,NO,0.0374999999999999,False,-0.0374999999999999,2026-06-15 15:45:00+00:00,2026-W25,0,0.990979381443298,1.4299248340049266,1,-0.0023034039578543443,0.7019963671964642,3.1981346174874634,0.02471832344959631,0.024971475344595716,0.0029127411966996227,0.004809959707664957,3.3980550650765653e-130,1.0,7.001849633914968e-127
2026-06-15 15:48:52+00:00,KXSOL15M-26JUN151200-00,2026-06-15T16:00:00Z,74.97,74.62,0.87,11.1,0.02,0.842,0.842,0.794118,0.885683,1.0,0.755814,0.918605,1.0,0.081395,0.162791,0.005686,2.01675,4.0,99.2,99.606299,0.026709,0.509247,1.351351,1.251929,1.0,,999.0,,0.981578,,0.773333,0.203694,1.0,5.0,88.184438,,82.800983,,,0.0,0.0,1.0,-0.203691,73.18,50.0,0.0,0.46342,1.0,75.16,0.2534,0.7237,,0.858844,,5,-0.028,0.712,NO,0.13,False,-0.13,2026-06-15 16:00:00+00:00,2026-W25,0,0.990979381443298,1.4299248340049266,1,-0.0023034039578543443,0.7019963671964642,3.1981346174874634,0.02471832344959631,0.024971475344595716,0.0029127411966996227,0.004809959707664957,3.3980550650765653e-130,1.0,7.001849633914968e-127
2026-06-15 15:53:56+00:00,KXSOL15M-26JUN151200-00,2026-06-15T16:00:00Z,75.12,74.62,0.9895,6.1,0.001,0.9328,0.9328,0.774194,0.778406,1.0,0.755814,0.918605,1.0,0.081395,0.162791,0.005671,2.01675,4.0,99.305556,99.6337,0.160064,0.253333,1.075413,1.462516,1.0,,999.0,,0.980197,,0.773333,0.203694,1.0,5.0,88.184438,,82.800983,,,0.0,0.0,1.0,-0.203691,73.38,50.0,0.0,0.671141,1.0,75.16,0.0532,0.7237,,0.819811,,5,-0.0567,0.9223,NO,0.0104999999999999,False,-0.0104999999999999,2026-06-15 16:00:00+00:00,2026-W25,0,0.990979381443298,1.4299248340049266,1,-0.0023034039578543443,0.7019963671964642,3.1981346174874634,0.02471832344959631,0.024971475344595716,0.0029127411966996227,0.004809959707664957,3.3980550650765653e-130,1.0,7.001849633914968e-127
2026-06-15 16:09:08+00:00,KXSOL15M-26JUN151215-15,2026-06-15T16:15:00Z,75.28,75.13,0.79,5.9,0.04,0.7507,0.7507,0.357143,0.319835,1.0,0.867925,0.867925,1.0,0.132075,0.0,0.005982,1.175911,5.0,100.0,100.0,0.212879,0.372985,0.159511,1.578184,1.0,,999.0,,0.863285,,0.950704,1.82902,1.0,5.0,98.409091,0.0,88.930582,,,0.0,0.0,1.0,0.354403,73.14,50.0,0.0,0.198314,1.0,75.79,0.6775,0.8785,,0.78385,,5,-0.0393,0.5407000000000001,NO,0.2099999999999999,False,-0.2099999999999999,2026-06-15 16:15:00+00:00,2026-W25,0,0.9477521263669494,1.3854112087872965,1,0.0003864208522878548,0.8292896107533477,3.0398408086985635,0.030117062332306332,0.04557932852759518,0.00026717011422567076,-0.003649912030454394,2.829558862762001e-145,1.0,7.122177141493298e-139
2026-06-15 16:34:25+00:00,KXSOL15M-26JUN151245-45,2026-06-15T16:45:00Z,75.83,75.64,0.815,10.6,0.03,0.6963,0.6963,1.0,0.11751,1.0,0.140351,1.0,1.0,0.0,0.859649,0.006682,1.123944,5.0,92.55814,94.385965,-0.21036,0.026357,0.783428,2.188968,1.0,,999.0,,1.189444,,0.950704,1.82902,1.0,5.0,98.409091,0.0,88.930582,,,0.0,0.0,1.0,0.151983,72.8,50.0,0.0,0.244572,1.0,75.91,0.1055,0.357,,0.896795,,5,-0.1186999999999999,0.5113,NO,0.185,False,-0.185,2026-06-15 16:45:00+00:00,2026-W25,0,0.9477521263669494,1.3854112087872965,1,0.0003864208522878548,0.8292896107533477,3.0398408086985635,0.030117062332306332,0.04557932852759518,0.00026717011422567076,-0.003649912030454394,2.829558862762001e-145,1.0,7.122177141493298e-139
2026-06-17 16:48:19+00:00,KXSOL15M-26JUN171300-00,2026-06-17T17:00:00Z,74.02,73.98,0.565,11.7,0.03,0.6188,0.6188,0.357143,0.432578,1.0,0.863636,0.136364,-1.0,0.0,0.136364,0.005634,1.582192,-2.0,53.488372,78.571429,0.0,-0.013504,-0.161812,0.813503,-1.0,,999.0,,1.153488,,0.97931,1.947514,1.0,1.0,77.031802,,48.192771,,,1.0,-2.0,-1.0,0.368663,74.07,50.0,0.0,0.0538,0.0,73.76,-0.3513,-0.2974,,0.573847,,5,0.0538,0.1837999999999999,NO,0.435,True,0.565,2026-06-17 17:00:00+00:00,2026-W25,0,0.714285714285715,0.8363003219206807,0,0.0029226149391169253,0.6782316889175951,2.7541451829295682,-0.0037525850892295765,0.06297404618756892,-6.155714617728236e-05,-0.0061017332013261795,6.922719509272408e-06,0.42413267884280387,0.575860398437665
2026-06-18 20:23:36+00:00,KXSOL15M-26JUN181630-30,2026-06-18T20:30:00Z,69.7,69.67,0.785,6.4,0.01,0.6963,0.6963,1.0,0.731239,1.0,0.785714,0.785714,1.0,0.214286,0.0,0.004776,0.8394,5.0,93.75,95.209581,0.0,0.129032,0.114679,1.110863,1.0,,0.66571,,0.682629,,0.977011,1.165501,1.0,2.0,30.512821,1.0,39.694656,,,1.0,-1.0,0.357674,-0.315829,77.13,50.0,0.0,0.049232,1.0,69.79,0.1291,0.1722,,0.290031,,5,-0.0887,0.4813,NO,0.2149999999999999,False,-0.2149999999999999,2026-06-18 20:30:00+00:00,2026-W25,0,0.3718820861678009,0.5207348462022509,0,0.0017314454033135495,0.5651491053583848,1.70555823883971,-0.2063278652506262,-0.1549759605222259,0.003468656836850146,-0.001976455278152593,7.971373744996312e-50,1.0,1.3143441293981336e-24
2026-06-18 20:33:42+00:00,KXSOL15M-26JUN181645-45,2026-06-18T20:45:00Z,69.78,69.77,0.585,11.3,0.01,0.6188,0.6188,0.555556,0.420208,1.0,0.55,0.55,1.0,0.45,0.0,0.004692,0.610022,5.0,96.666667,97.60479,0.0,0.143308,0.18638,1.030508,1.0,,0.578682,,0.648715,,0.977011,1.165501,1.0,2.0,30.512821,1.0,39.694656,,,1.0,-1.0,0.358197,-0.061994,77.07,50.0,0.0,0.01118,1.0,69.84,0.086,0.1003,,0.375574,,5,0.0338,0.2037999999999999,NO,0.415,False,-0.415,2026-06-18 20:45:00+00:00,2026-W25,0,0.3718820861678009,0.5207348462022509,0,0.0017314454033135495,0.5651491053583848,1.70555823883971,-0.2063278652506262,-0.1549759605222259,0.003468656836850146,-0.001976455278152593,7.971373744996312e-50,1.0,1.3143441293981336e-24
2026-06-18 20:38:44+00:00,KXSOL15M-26JUN181645-45,2026-06-18T20:45:00Z,69.8,69.77,0.61,6.3,0.06,0.631,0.631,1.0,0.41318,1.0,0.55,0.55,1.0,0.45,0.0,0.004692,0.610022,5.0,96.296296,97.60479,0.0,0.0,0.057274,0.99588,1.0,,0.575783,,0.612306,,0.977011,1.165501,1.0,2.0,30.512821,1.0,39.694656,,,1.0,-1.0,0.358197,-0.061994,77.07,50.0,0.0,0.043429,1.0,69.84,0.0573,0.1003,,0.390269,,5,0.021,0.241,NO,0.39,False,-0.39,2026-06-18 20:45:00+00:00,2026-W25,0,0.3718820861678009,0.5207348462022509,0,0.0017314454033135495,0.5651491053583848,1.70555823883971,-0.2063278652506262,-0.1549759605222259,0.003468656836850146,-0.001976455278152593,7.971373744996312e-50,1.0,1.3143441293981336e-24
2026-06-20 04:36:45+00:00,KXSOL15M-26JUN200045-45,2026-06-20T04:45:00Z,70.35,70.32,0.665,8.2,0.03,0.7222,0.7222,1.0,0.54532,1.0,1.0,1.0,1.0,0.0,0.0,0.002597,2.132813,2.0,89.090909,93.75,-0.085143,-0.085143,0.28486,0.499514,1.0,,999.0,,0.35655,,1.0,0.617195,1.0,1.0,99.305556,1.0,59.949622,,,1.0,0.0,1.0,0.224377,76.01,50.0,0.0,0.042379,1.0,70.86,0.7249,0.7679,,0.871175,,5,0.0571999999999999,0.3872,NO,0.3349999999999999,False,-0.3349999999999999,2026-06-20 04:45:00+00:00,2026-W25,0,0.9140127388535041,1.0981856108090198,1,0.0006950584173441869,0.6336659500127223,1.4721117443467175,-0.10383906968265671,-0.1840529019201355,0.002322512765037448,0.002065849407422715,6.329249173662851e-11,0.010542709714644818,0.9894572902220528
2026-06-20 04:41:48+00:00,KXSOL15M-26JUN200045-45,2026-06-20T04:45:00Z,70.72,70.32,0.9925,3.2,0.001,0.9584,0.9584,1.0,2.40022,1.0,1.0,1.0,1.0,0.0,0.0,0.002584,2.132813,2.0,95.505618,96.923077,-0.028317,0.511291,0.597015,0.779895,1.0,,999.0,,0.447172,,1.0,0.617195,1.0,1.0,99.305556,,59.949622,,,1.0,0.0,1.0,0.224377,76.01,50.0,0.0,0.565007,1.0,70.86,0.198,0.7679,,0.871175,,5,-0.0341,0.9509,NO,0.0074999999999999,False,-0.0074999999999999,2026-06-20 04:45:00+00:00,2026-W25,0,0.9140127388535041,1.0981856108090198,1,0.0006950584173441869,0.6336659500127223,1.4721117443467175,-0.10383906968265671,-0.1840529019201355,0.002322512765037448,0.002065849407422715,6.329249173662851e-11,0.010542709714644818,0.9894572902220528
2026-06-20 04:51:56+00:00,KXSOL15M-26JUN200100-00,2026-06-20T05:00:00Z,70.92,70.8,0.775,8.1,0.05,0.8017,0.8017,1.0,4.696073,1.0,0.916667,0.916667,1.0,0.083333,0.0,0.002975,2.27027,3.0,100.0,100.0,0.183253,0.296359,0.937367,0.848272,1.0,,999.0,,0.469419,,1.0,0.617195,1.0,1.0,99.305556,,59.949622,,,1.0,0.0,1.0,-0.292695,76.41,50.0,0.0,0.171903,0.0,70.8,-0.1692,0.0,,1.103244,,5,0.0266999999999999,0.5767,NO,0.2249999999999999,True,0.775,2026-06-20 05:00:00+00:00,2026-W25,0,0.9140127388535041,1.0981856108090198,1,0.0006950584173441869,0.6336659500127223,1.4721117443467175,-0.10383906968265671,-0.1840529019201355,0.002322512765037448,0.002065849407422715,6.329249173662851e-11,0.010542709714644818,0.9894572902220528
2026-06-20 05:32:28+00:00,KXSOL15M-26JUN200145-45,2026-06-20T05:45:00Z,71.44,71.41,0.61,12.5,0.04,0.6188,0.6188,0.368421,0.475126,1.0,0.863636,0.079545,-1.0,0.056818,0.079545,0.005283,2.328922,0.0,57.727273,68.367347,0.0,-0.097779,-0.776915,0.379776,-1.0,,999.0,,0.871672,,0.765217,0.998573,1.0,2.0,88.75,0.0,67.692308,,,0.0,-2.0,-1.0,-0.106802,76.4,50.0,0.0,0.041029,1.0,71.64,0.28,0.3221,,1.090119,,5,0.0088,0.2288,NO,0.39,False,-0.39,2026-06-20 05:45:00+00:00,2026-W25,0,0.8584070796460175,1.265305476484029,1,0.0010293108885603551,0.5299891064205043,1.7610216972490684,0.04455123733507743,-0.1323013568136278,0.0032514051952331107,0.0015428228781324566,1.5921763913436984e-15,0.9729499773605474,0.027050022639423712
2026-06-20 05:37:32+00:00,KXSOL15M-26JUN200145-45,2026-06-20T05:45:00Z,71.6,71.41,0.845,7.5,0.03,0.8017,0.8017,1.0,0.221173,1.0,0.863636,0.079545,-1.0,0.056818,0.079545,0.005278,2.328922,1.0,57.843137,70.748299,0.0,0.097875,-0.167341,0.472203,-1.0,,999.0,,0.853855,,0.765217,0.998573,1.0,2.0,88.75,0.0,67.692308,,,0.0,-2.0,-1.0,-0.106802,76.4,50.0,0.0,0.265077,1.0,71.64,0.0559,0.3221,,1.090119,,5,-0.0433,0.6466999999999999,NO,0.155,False,-0.155,2026-06-20 05:45:00+00:00,2026-W25,0,0.8584070796460175,1.265305476484029,1,0.0010293108885603551,0.5299891064205043,1.7610216972490684,0.04455123733507743,-0.1323013568136278,0.0032514051952331107,0.0015428228781324566,1.5921763913436984e-15,0.9729499773605474,0.027050022639423712
2026-06-20 05:42:35+00:00,KXSOL15M-26JUN200145-45,2026-06-20T05:45:00Z,71.69,71.41,0.9945,2.4,0.007,0.9501,0.9501,1.0,0.387912,1.0,0.863636,0.079545,-1.0,0.056818,0.079545,0.005266,2.328922,1.0,65.686275,76.190476,-0.041794,0.223495,0.223495,0.684302,1.0,,999.0,,0.827552,,0.765217,0.998573,1.0,2.0,88.75,,67.692308,,,0.0,0.0,1.0,-0.106802,76.4,50.0,0.0,0.384103,1.0,71.64,-0.0697,0.3221,,1.113364,,5,-0.0444000000000001,0.9446,NO,0.0054999999999999,False,-0.0054999999999999,2026-06-20 05:45:00+00:00,2026-W25,0,0.8584070796460175,1.265305476484029,1,0.0010293108885603551,0.5299891064205043,1.7610216972490684,0.04455123733507743,-0.1323013568136278,0.0032514051952331107,0.0015428228781324566,1.5921763913436984e-15,0.9729499773605474,0.027050022639423712
2026-06-20 05:47:40+00:00,KXSOL15M-26JUN200200-00,2026-06-20T06:00:00Z,71.56,71.59,0.505,12.3,0.05,0.3407,0.3407,0.0,0.266532,1.0,0.551724,0.551724,1.0,0.448276,0.0,0.005379,0.753247,-1.0,52.717391,70.408163,0.013959,-0.236934,0.083893,0.420946,-1.0,,999.0,,0.79281,,0.765217,0.998573,1.0,2.0,88.75,,67.692308,,,0.0,0.0,1.0,0.036246,76.41,50.0,0.0,-0.043722,1.0,71.88,0.4472,0.4051,,1.060493,,5,-0.1643,-0.1543,NO,0.495,False,-0.495,2026-06-20 06:00:00+00:00,2026-W25,0,0.8584070796460175,1.265305476484029,1,0.0010293108885603551,0.5299891064205043,1.7610216972490684,0.04455123733507743,-0.1323013568136278,0.0032514051952331107,0.0015428228781324566,1.5921763913436984e-15,0.9729499773605474,0.027050022639423712
2026-06-20 05:52:43+00:00,KXSOL15M-26JUN200200-00,2026-06-20T06:00:00Z,71.61,71.59,0.57,7.3,0.06,0.6188,0.6188,0.615385,0.547256,1.0,0.551724,0.551724,1.0,0.448276,0.0,0.005371,0.753247,0.0,55.491329,73.809524,0.0,0.02791,0.125716,0.547336,-1.0,,999.0,,0.743954,,0.765217,0.998573,1.0,2.0,88.75,,67.692308,,,0.0,0.0,1.0,0.036246,76.41,50.0,0.0,0.036598,1.0,71.88,0.377,0.4051,,0.990091,,5,0.0488,0.1887999999999999,NO,0.43,False,-0.43,2026-06-20 06:00:00+00:00,2026-W25,0,0.8584070796460175,1.265305476484029,1,0.0010293108885603551,0.5299891064205043,1.7610216972490684,0.04455123733507743,-0.1323013568136278,0.0032514051952331107,0.0015428228781324566,1.5921763913436984e-15,0.9729499773605474,0.027050022639423712
2026-06-20 06:03:15+00:00,KXSOL15M-26JUN200215-15,2026-06-20T06:15:00Z,71.84,71.74,0.745,11.7,0.05,0.7238,0.7238,1.0,0.228938,1.0,0.73913,1.0,1.0,0.0,0.26087,0.005404,0.591912,3.0,68.208092,80.427046,0.01391,0.139276,0.334915,0.79827,1.0,,999.0,,0.665075,,0.630058,1.426554,1.0,3.0,83.068783,-1.0,72.777778,,,0.0,0.0,1.0,0.105771,76.31,50.0,0.0,0.145255,1.0,71.85,0.0139,0.1533,,0.994215,,5,-0.0211999999999999,0.4688,NO,0.255,False,-0.255,2026-06-20 06:15:00+00:00,2026-W25,0,0.9247787610619461,1.2576571231631062,1,0.0023941249689717467,0.5601707623052306,1.8820780381952869,0.0820828576040958,-0.16724836555903325,0.0004488307259109697,-0.004421563460022697,1.6206961440862032e-19,0.9999865832138767,1.3416786113744226e-05
2026-06-20 06:08:18+00:00,KXSOL15M-26JUN200215-15,2026-06-20T06:15:00Z,71.8,71.74,0.535,6.7,0.05,0.6188,0.6188,0.666667,0.526778,1.0,0.73913,1.0,1.0,0.0,0.26087,0.005408,0.591912,3.0,65.317919,78.647687,0.0,-0.069541,0.237165,0.698637,1.0,,999.0,,0.629069,,0.630058,1.426554,1.0,3.0,83.068783,-1.0,72.777778,,,0.0,0.0,1.0,0.105771,76.31,50.0,0.0,0.09298,1.0,71.85,0.0696,0.1533,,1.020388,,5,0.0837999999999999,0.1538,NO,0.4649999999999999,False,-0.4649999999999999,2026-06-20 06:15:00+00:00,2026-W25,0,0.9247787610619461,1.2576571231631062,1,0.0023941249689717467,0.5601707623052306,1.8820780381952869,0.0820828576040958,-0.16724836555903325,0.0004488307259109697,-0.004421563460022697,1.6206961440862032e-19,0.9999865832138767,1.3416786113744226e-05
2026-06-20 06:18:28+00:00,KXSOL15M-26JUN200230-30,2026-06-20T06:30:00Z,71.96,71.8,0.82,11.5,0.06,0.788,0.788,0.0,0.094144,1.0,0.5,0.0,-1.0,0.5,0.0,0.005371,0.465804,1.0,50.0,82.014388,0.097385,0.320692,0.069541,0.660613,1.0,,999.0,,0.605728,,0.630058,1.426554,1.0,3.0,83.068783,-1.0,72.777778,,,0.0,0.0,1.0,0.022996,76.26,50.0,0.0,0.22744,1.0,72.03,0.0973,0.3203,,1.01575,,5,-0.0319999999999999,0.608,NO,0.18,False,-0.18,2026-06-20 06:30:00+00:00,2026-W25,0,0.9247787610619461,1.2576571231631062,1,0.0023941249689717467,0.5601707623052306,1.8820780381952869,0.0820828576040958,-0.16724836555903325,0.0004488307259109697,-0.004421563460022697,1.6206961440862032e-19,0.9999865832138767,1.3416786113744226e-05
2026-06-20 06:23:31+00:00,KXSOL15M-26JUN200230-30,2026-06-20T06:30:00Z,72.27,71.8,0.9755,6.5,0.009,0.9437,0.9437,0.952381,0.278063,1.0,0.5,0.0,-1.0,0.5,0.0,0.005346,0.465804,1.0,95.454545,94.244604,0.069242,0.47255,0.640401,1.075534,1.0,,999.0,,0.622274,,0.630058,1.426554,1.0,3.0,83.068783,-1.0,72.777778,,,0.0,0.0,1.0,0.022996,76.26,50.0,0.0,0.652236,1.0,72.03,-0.3321,0.3203,,1.032128,,5,-0.0318,0.9192,NO,0.0244999999999999,False,-0.0244999999999999,2026-06-20 06:30:00+00:00,2026-W25,0,0.9247787610619461,1.2576571231631062,1,0.0023941249689717467,0.5601707623052306,1.8820780381952869,0.0820828576040958,-0.16724836555903325,0.0004488307259109697,-0.004421563460022697,1.6206961440862032e-19,0.9999865832138767,1.3416786113744226e-05
2026-06-20 06:38:43+00:00,KXSOL15M-26JUN200245-45,2026-06-20T06:45:00Z,72.19,72.04,0.9065,6.3,0.001,0.788,0.788,0.0,0.187763,1.0,0.565217,0.565217,1.0,0.434783,0.0,0.005885,1.082353,2.0,88.607595,91.221374,0.083206,0.277701,-0.096832,0.634201,1.0,,999.0,,0.575266,,0.630058,1.426554,1.0,3.0,83.068783,-1.0,72.777778,,,0.0,0.0,1.0,0.183462,76.12,50.0,0.0,0.198217,1.0,72.2,0.0139,0.2221,,0.9831,,5,-0.1184999999999999,0.6945,NO,0.0935,False,-0.0935,2026-06-20 06:45:00+00:00,2026-W25,0,0.9247787610619461,1.2576571231631062,1,0.0023941249689717467,0.5601707623052306,1.8820780381952869,0.0820828576040958,-0.16724836555903325,0.0004488307259109697,-0.004421563460022697,1.6206961440862032e-19,0.9999865832138767,1.3416786113744226e-05
2026-06-20 06:48:51+00:00,KXSOL15M-26JUN200300-00,2026-06-20T07:00:00Z,72.16,72.15,0.52,11.1,0.04,0.6188,0.6188,0.0,1.035486,1.0,0.518519,0.666667,1.0,0.333333,0.148148,0.006014,0.621711,3.0,86.30137,90.513834,-0.027701,0.01385,0.263816,0.518096,1.0,,999.0,,0.530671,,0.630058,1.426554,1.0,3.0,83.068783,,72.777778,,,0.0,0.0,1.0,-0.083638,76.04,50.0,0.0,0.015662,0.0,72.11,-0.0693,-0.0554,,0.991413,,5,0.0988,0.1388,NO,0.48,True,0.52,2026-06-20 07:00:00+00:00,2026-W25,0,0.9247787610619461,1.2576571231631062,1,0.0023941249689717467,0.5601707623052306,1.8820780381952869,0.0820828576040958,-0.16724836555903325,0.0004488307259109697,-0.004421563460022697,1.6206961440862032e-19,0.9999865832138767,1.3416786113744226e-05
2026-06-20 22:05:37+00:00,KXSOL15M-26JUN201815-15,2026-06-20T22:15:00Z,72.44,72.33,0.77,9.4,0.04,0.788,0.788,0.916667,3.773278,1.0,0.2,0.666667,1.0,0.333333,0.466667,0.002079,0.995261,3.0,100.0,100.0,0.0,0.179632,0.138122,0.409981,1.0,,999.0,,0.329701,,0.893617,0.583576,1.0,5.0,89.473684,0.0,62.928349,,,0.0,0.0,1.0,0.215918,74.85,50.0,0.0,0.153183,1.0,73.36,1.27,1.424,,1.347872,,5,0.018,0.558,NO,0.2299999999999999,False,-0.2299999999999999,2026-06-20 22:15:00+00:00,2026-W25,0,0.8512035010940906,1.1715759746142305,1,0.0004207210760360994,0.5561764958801103,2.4020578378072366,0.16937089045321682,-0.13843869127880892,0.004539226223850475,0.0030246103410496196,7.264883060264337e-24,0.9999972516277718,2.7483722437029425e-06
2026-06-20 22:10:40+00:00,KXSOL15M-26JUN201815-15,2026-06-20T22:15:00Z,72.49,72.33,0.993,4.3,0.006,0.9278,0.9278,0.0,1.608163,1.0,0.2,0.666667,1.0,0.333333,0.466667,0.002077,0.995261,3.0,100.0,100.0,-0.05515,0.082759,0.220994,0.395036,1.0,,999.0,,0.334663,,0.893617,0.583576,1.0,5.0,89.473684,0.0,62.928349,,,0.0,0.0,0.996573,0.215918,74.85,50.0,0.0,0.222309,1.0,73.36,1.2002,1.424,,1.459255,,5,-0.0652,0.9208,NO,0.007,False,-0.007,2026-06-20 22:15:00+00:00,2026-W25,0,0.8512035010940906,1.1715759746142305,1,0.0004207210760360994,0.5561764958801103,2.4020578378072366,0.16937089045321682,-0.13843869127880892,0.004539226223850475,0.0030246103410496196,7.264883060264337e-24,0.9999972516277718,2.7483722437029425e-06
2026-06-20 22:25:51+00:00,KXSOL15M-26JUN201830-30,2026-06-20T22:30:00Z,73.48,73.22,0.9295,4.1,0.001,0.8559,0.8559,1.0,2.720448,1.0,1.0,1.0,1.0,0.0,0.0,0.00292,4.651163,4.0,96.621622,97.560976,0.381888,0.752703,1.446879,1.058679,1.0,,999.0,,0.868155,,0.893617,0.583576,1.0,5.0,89.473684,0.0,62.928349,,,0.0,0.0,1.0,0.649797,75.28,50.0,0.0,0.36439,1.0,73.71,0.313,0.6692,,3.300473,,5,-0.0736,0.7854,NO,0.0705,False,-0.0705,2026-06-20 22:30:00+00:00,2026-W25,0,0.8512035010940906,1.1715759746142305,1,0.0004207210760360994,0.5561764958801103,2.4020578378072366,0.16937089045321682,-0.13843869127880892,0.004539226223850475,0.0030246103410496196,7.264883060264337e-24,0.9999972516277718,2.7483722437029425e-06
2026-06-20 22:35:58+00:00,KXSOL15M-26JUN201845-45,2026-06-20T22:45:00Z,74.1,73.84,0.83,9.0,0.04,0.7703,0.7703,0.8,6.146214,1.0,0.637363,1.0,1.0,0.0,0.362637,0.003671,3.343832,5.0,94.117647,95.348837,0.229854,0.720011,1.464349,1.22098,1.0,,999.0,,1.045346,,0.893617,0.583576,1.0,5.0,89.473684,0.0,62.928349,,,0.0,0.0,1.0,-0.240435,75.18,50.0,0.0,0.352532,0.0,73.84,-0.3509,0.0,,3.131668,,5,-0.0596999999999999,0.6003,NO,0.17,True,0.83,2026-06-20 22:45:00+00:00,2026-W25,0,0.8512035010940906,1.1715759746142305,1,0.0004207210760360994,0.5561764958801103,2.4020578378072366,0.16937089045321682,-0.13843869127880892,0.004539226223850475,0.0030246103410496196,7.264883060264337e-24,0.9999972516277718,2.7483722437029425e-06
2026-06-22 01:21:03+00:00,KXSOL15M-26JUN212130-30,2026-06-22T01:30:00Z,73.6,73.23,0.972,8.9,0.016,0.9067,0.9067,0.877551,1.693263,1.0,0.3,0.0,-1.0,0.7,0.0,0.004683,0.869565,1.0,88.571429,91.836735,-0.081378,0.204026,0.095109,0.647405,1.0,,999.0,,0.991951,,0.855769,1.227417,1.0,1.0,47.161572,1.0,45.038168,,,1.0,0.0,1.0,-0.139089,72.14,50.0,0.0,0.514573,1.0,74.73,1.5353,2.0483,,0.172339,,5,-0.0653,0.8786999999999999,NO,0.028,False,-0.028,2026-06-22 01:30:00+00:00,2026-W26,0,0.7938931297709958,0.8220197186490203,0,0.0014981383615043746,0.5336621609762927,2.1754872798175504,0.035970369874318474,0.01762174774465877,0.0054429840517471705,0.0009118534858780156,2.371477013032505e-06,0.7252406456167235,0.27475698290626605
2026-06-22 01:26:06+00:00,KXSOL15M-26JUN212130-30,2026-06-22T01:30:00Z,74.19,73.23,0.9915,3.9,0.003,0.9437,0.9437,0.689655,5.092169,1.0,0.3,0.0,-1.0,0.7,0.0,0.004643,0.869565,1.0,100.0,100.0,0.337564,0.814001,1.239782,1.265708,1.0,,999.0,,1.225204,,0.855769,1.227417,1.0,1.0,47.161572,1.0,45.038168,,,1.0,0.0,1.0,-0.139089,72.14,50.0,0.0,1.320301,1.0,74.73,0.7279,2.0483,,0.156768,,5,-0.0478,0.9352,NO,0.0084999999999999,False,-0.0084999999999999,2026-06-22 01:30:00+00:00,2026-W26,0,0.7938931297709958,0.8220197186490203,0,0.0014981383615043746,0.5336621609762927,2.1754872798175504,0.035970369874318474,0.01762174774465877,0.0054429840517471705,0.0009118534858780156,2.371477013032505e-06,0.7252406456167235,0.27475698290626605
2026-06-22 01:31:09+00:00,KXSOL15M-26JUN212145-45,2026-06-22T01:45:00Z,74.62,74.5,0.505,13.8,0.03,0.5864,0.5864,0.584416,81.956716,1.0,0.804878,0.804878,1.0,0.195122,0.0,0.005872,3.739414,2.0,87.745098,90.458015,0.147414,-0.213761,1.591404,0.460906,1.0,,999.0,,1.442029,,0.855769,1.227417,1.0,1.0,47.161572,1.0,45.038168,,,1.0,0.0,0.999932,-0.443363,72.14,50.0,0.0,0.161477,0.0,74.32,-0.402,-0.2416,,0.274595,,5,0.0814,0.0914,NO,0.495,True,0.505,2026-06-22 01:45:00+00:00,2026-W26,0,0.7938931297709958,0.8220197186490203,0,0.0014981383615043746,0.5336621609762927,2.1754872798175504,0.035970369874318474,0.01762174774465877,0.0054429840517471705,0.0009118534858780156,2.371477013032505e-06,0.7252406456167235,0.27475698290626605
2026-06-24 20:21:35+00:00,KXSOL15M-26JUN241630-30,2026-06-24T20:30:00Z,67.26,67.17,0.65,8.4,0.02,0.6775,0.6775,0.5,0.0,1.0,0.781022,0.781022,1.0,0.218978,0.0,0.009312,2.192,0.0,83.516484,88.593156,0.0,0.0,-0.444972,0.866077,1.0,,1.26422,,1.564286,,0.75,0.015142,1.0,-1.0,22.419929,0.0,26.102941,,,0.0,0.0,1.0,-0.389602,75.95,50.0,0.0,0.134734,1.0,67.59,0.4906,0.6253,,0.085929,,5,0.0274999999999999,0.3275,NO,0.35,False,-0.35,2026-06-24 20:30:00+00:00,2026-W26,0,0.5160142348754442,0.59392397361357,0,-0.002581682604546628,0.5534468104584325,2.9767413762892643,-0.04676686098763879,-0.05476929804403866,0.008301574875478137,0.007355632368780209,1.1897018464418047e-44,1.0,7.706334470235284e-23
2026-06-24 20:26:39+00:00,KXSOL15M-26JUN241630-30,2026-06-24T20:30:00Z,67.45,67.17,0.9885,3.3,0.001,0.9067,0.9067,0.727273,1.551496,1.0,0.781022,0.781022,1.0,0.218978,0.0,0.009247,2.192,3.0,100.0,100.0,0.0,0.207561,0.550431,1.482155,1.0,,0.554615,,1.61747,,0.75,0.015142,1.0,-1.0,22.419929,0.0,26.102941,,,0.0,0.0,0.976652,-0.389602,75.95,50.0,0.0,0.425044,1.0,67.59,0.2076,0.6253,,0.085929,,5,-0.0818000000000001,0.8952,NO,0.0114999999999999,False,-0.0114999999999999,2026-06-24 20:30:00+00:00,2026-W26,0,0.5160142348754442,0.59392397361357,0,-0.002581682604546628,0.5534468104584325,2.9767413762892643,-0.04676686098763879,-0.05476929804403866,0.008301574875478137,0.007355632368780209,1.1897018464418047e-44,1.0,7.706334470235284e-23
2026-06-24 20:31:42+00:00,KXSOL15M-26JUN241645-45,2026-06-24T20:45:00Z,67.41,67.42,0.555,13.3,0.01,0.3225,0.3225,1.0,0.18194,1.0,1.0,1.0,1.0,0.0,0.0,0.008623,0.806373,0.0,100.0,100.0,0.0,0.0,0.700238,1.46317,1.0,,0.554441,,1.526688,,0.75,0.015142,1.0,-1.0,22.419929,0.0,26.102941,,,0.0,0.0,0.977137,-0.135579,75.95,50.0,0.0,-0.029366,1.0,67.58,0.2522,0.2373,,0.108246,,5,-0.2325,-0.1224999999999999,NO,0.4449999999999999,False,-0.4449999999999999,2026-06-24 20:45:00+00:00,2026-W26,0,0.5160142348754442,0.59392397361357,0,-0.002581682604546628,0.5534468104584325,2.9767413762892643,-0.04676686098763879,-0.05476929804403866,0.008301574875478137,0.007355632368780209,1.1897018464418047e-44,1.0,7.706334470235284e-23
2026-06-24 20:41:49+00:00,KXSOL15M-26JUN241645-45,2026-06-24T20:45:00Z,67.46,67.42,0.675,3.2,0.01,0.6188,0.6188,0.857143,4.313664,1.0,1.0,1.0,1.0,0.0,0.0,0.008625,0.806373,-1.0,96.808511,97.894737,0.163035,0.222453,-0.014795,1.197176,1.0,,0.552451,,1.413248,,0.75,0.015142,1.0,-1.0,22.419929,,26.102941,,,0.0,-2.0,-0.859623,-0.135579,75.98,50.0,0.0,0.052206,1.0,67.58,0.1779,0.2373,,0.113565,,5,-0.0562,0.2938,NO,0.3249999999999999,False,-0.3249999999999999,2026-06-24 20:45:00+00:00,2026-W26,0,0.5160142348754442,0.59392397361357,0,-0.002581682604546628,0.5534468104584325,2.9767413762892643,-0.04676686098763879,-0.05476929804403866,0.008301574875478137,0.007355632368780209,1.1897018464418047e-44,1.0,7.706334470235284e-23
2026-06-24 20:51:56+00:00,KXSOL15M-26JUN241700-00,2026-06-24T21:00:00Z,67.59,67.53,0.74,8.1,0.02,0.6775,0.6775,1.0,0.54571,1.0,0.103448,0.931034,1.0,0.068966,0.827586,0.008254,0.517857,5.0,94.144144,95.924765,0.088339,0.444115,0.622868,1.487219,1.0,,0.145229,,1.35137,,0.75,0.015142,1.0,-1.0,22.419929,,26.102941,,,0.0,0.0,1.0,-0.140093,75.98,50.0,0.0,0.083366,1.0,67.69,0.148,0.2369,,0.128714,,5,-0.0625,0.4175,NO,0.26,False,-0.26,2026-06-24 21:00:00+00:00,2026-W26,0,0.5160142348754442,0.59392397361357,0,-0.002581682604546628,0.5534468104584325,2.9767413762892643,-0.04676686098763879,-0.05476929804403866,0.008301574875478137,0.007355632368780209,1.1897018464418047e-44,1.0,7.706334470235284e-23
2026-06-24 20:56:59+00:00,KXSOL15M-26JUN241700-00,2026-06-24T21:00:00Z,67.61,67.53,0.805,3.0,0.01,0.7238,0.7238,0.318182,0.133402,1.0,0.103448,0.931034,1.0,0.068966,0.827586,0.008274,0.517857,5.0,86.363636,90.595611,-0.280112,-0.250553,0.147973,1.217132,1.0,,0.396382,,1.314899,,0.75,0.015142,1.0,-1.0,22.419929,,26.102941,,,0.0,0.0,1.0,-0.140093,75.98,50.0,0.0,0.112981,1.0,67.69,0.1183,0.2369,,0.128714,,5,-0.0812,0.5288,NO,0.1949999999999999,False,-0.1949999999999999,2026-06-24 21:00:00+00:00,2026-W26,0,0.5160142348754442,0.59392397361357,0,-0.002581682604546628,0.5534468104584325,2.9767413762892643,-0.04676686098763879,-0.05476929804403866,0.008301574875478137,0.007355632368780209,1.1897018464418047e-44,1.0,7.706334470235284e-23
2026-06-24 21:17:12+00:00,KXSOL15M-26JUN241730-30,2026-06-24T21:30:00Z,67.28,67.24,0.625,12.8,0.01,0.5864,0.5864,0.272727,1.259315,1.0,0.857143,0.142857,-1.0,0.0,0.142857,0.007586,0.821229,1.0,34.883721,81.935484,0.237883,0.193194,-0.398877,0.525985,-1.0,,0.745522,,1.177049,,0.849741,2.482967,1.0,1.0,51.601423,0.0,39.148494,,,0.0,-2.0,-1.0,0.1949,75.92,50.0,0.0,0.046101,1.0,67.51,0.3419,0.4015,,0.115924,,5,-0.0385999999999999,0.2114,NO,0.375,False,-0.375,2026-06-24 21:30:00+00:00,2026-W26,0,0.5854092526690388,0.6742996353813346,0,0.0041815318162770595,0.5470879008775749,4.27387524906731,0.021850768103610606,-0.0028815983662309193,0.003729128458904582,-0.007625830194894058,4.678165761799315e-43,1.0,2.7257164447937814e-22
2026-06-24 21:22:15+00:00,KXSOL15M-26JUN241730-30,2026-06-24T21:30:00Z,67.36,67.24,0.755,7.7,0.01,0.7222,0.7222,0.9375,0.117228,1.0,0.857143,0.142857,-1.0,0.0,0.142857,0.007587,0.821229,1.0,33.72093,81.612903,0.0,0.0,0.10395,0.508488,-1.0,,0.760094,,1.111094,,0.849741,2.482967,1.0,1.0,51.601423,0.0,39.148494,,,0.0,-2.0,-1.0,0.1949,75.72,50.0,0.0,0.168788,1.0,67.51,0.2227,0.4015,,0.117233,,5,-0.0328,0.4771999999999999,NO,0.245,False,-0.245,2026-06-24 21:30:00+00:00,2026-W26,0,0.5854092526690388,0.6742996353813346,0,0.0041815318162770595,0.5470879008775749,4.27387524906731,0.021850768103610606,-0.0028815983662309193,0.003729128458904582,-0.007625830194894058,4.678165761799315e-43,1.0,2.7257164447937814e-22
2026-06-24 21:27:19+00:00,KXSOL15M-26JUN241730-30,2026-06-24T21:30:00Z,67.4,67.24,0.9655,2.7,0.005,0.8126,0.8126,1.0,0.085068,1.0,0.857143,0.142857,-1.0,0.0,0.142857,0.007576,0.821229,1.0,45.348837,84.83871,0.0,0.148346,0.326943,0.627873,1.0,,0.608799,,1.060354,,0.849741,2.482967,1.0,1.0,51.601423,0.0,39.148494,,,0.0,-2.0,-1.0,0.1949,75.72,50.0,0.0,0.224555,1.0,67.51,0.1632,0.4015,,0.131803,,5,-0.1529,0.7781,NO,0.0344999999999999,False,-0.0344999999999999,2026-06-24 21:30:00+00:00,2026-W26,0,0.5854092526690388,0.6742996353813346,0,0.0041815318162770595,0.5470879008775749,4.27387524906731,0.021850768103610606,-0.0028815983662309193,0.003729128458904582,-0.007625830194894058,4.678165761799315e-43,1.0,2.7257164447937814e-22
2026-06-24 21:37:27+00:00,KXSOL15M-26JUN241745-45,2026-06-24T21:45:00Z,67.62,67.44,0.918,7.5,0.004,0.788,0.788,0.5,0.0,1.0,1.0,1.0,1.0,0.0,0.0,0.007258,0.509461,2.0,48.611111,84.897959,0.133314,0.148126,0.296692,0.597845,1.0,,0.435732,,0.955973,,0.849741,2.482967,1.0,1.0,51.601423,0.0,39.148494,,,0.0,0.0,1.0,-0.142313,75.74,50.0,0.0,0.255476,1.0,67.85,0.3401,0.6079,,0.21676,,5,-0.13,0.7060000000000001,NO,0.0819999999999999,False,-0.0819999999999999,2026-06-24 21:45:00+00:00,2026-W26,0,0.5854092526690388,0.6742996353813346,0,0.0041815318162770595,0.5470879008775749,4.27387524906731,0.021850768103610606,-0.0028815983662309193,0.003729128458904582,-0.007625830194894058,4.678165761799315e-43,1.0,2.7257164447937814e-22
2026-06-24 21:42:29+00:00,KXSOL15M-26JUN241745-45,2026-06-24T21:45:00Z,67.74,67.44,0.9975,2.5,0.001,0.9501,0.9501,1.0,0.090962,1.0,1.0,1.0,1.0,0.0,0.0,0.007232,0.509461,2.0,81.944444,94.693878,0.0,0.058988,0.503629,0.894392,1.0,,0.072509,,0.960559,,0.849741,2.482967,1.0,1.0,51.601423,,39.148494,,,0.0,0.0,1.0,-0.142313,75.74,50.0,0.0,0.437112,1.0,67.85,0.1624,0.6079,,0.257005,,5,-0.0474000000000001,0.9476,NO,0.0024999999999999,False,-0.0024999999999999,2026-06-24 21:45:00+00:00,2026-W26,0,0.5854092526690388,0.6742996353813346,0,0.0041815318162770595,0.5470879008775749,4.27387524906731,0.021850768103610606,-0.0028815983662309193,0.003729128458904582,-0.007625830194894058,4.678165761799315e-43,1.0,2.7257164447937814e-22
2026-06-24 21:57:39+00:00,KXSOL15M-26JUN241800-00,2026-06-24T22:00:00Z,67.9,67.79,0.976,2.3,0.006,0.842,0.842,0.0,0.088083,1.0,1.0,1.0,1.0,0.0,0.0,0.007007,0.713643,3.0,100.0,100.0,0.0,0.132548,0.206338,0.727136,1.0,,999.0,,0.891729,,0.849741,2.482967,1.0,1.0,51.601423,,39.148494,,,0.0,0.0,1.0,-0.179986,75.76,50.0,0.0,0.153407,1.0,68.37,0.6922,0.8556,,0.288696,,5,-0.134,0.818,NO,0.024,False,-0.024,2026-06-24 22:00:00+00:00,2026-W26,0,0.5854092526690388,0.6742996353813346,0,0.0041815318162770595,0.5470879008775749,4.27387524906731,0.021850768103610606,-0.0028815983662309193,0.003729128458904582,-0.007625830194894058,4.678165761799315e-43,1.0,2.7257164447937814e-22
2026-06-24 22:02:43+00:00,KXSOL15M-26JUN241815-15,2026-06-24T22:15:00Z,68.24,67.96,0.8985,12.3,0.017,0.8559,0.8559,1.0,0.575693,1.0,0.821429,1.0,1.0,0.0,0.178571,0.006199,0.659933,4.0,93.650794,97.260274,0.102384,0.661862,0.810134,1.373327,1.0,,999.0,,0.946506,,1.0,0.576156,1.0,2.0,58.540925,0.0,43.288241,,,0.0,0.0,1.0,-0.057758,75.83,50.0,0.0,0.417179,1.0,67.93,-0.4543,-0.0441,,0.334796,,5,-0.0425999999999999,0.7544,NO,0.1015,False,-0.1015,2026-06-24 22:15:00+00:00,2026-W26,0,0.5480427046263352,0.5955921406672036,0,-0.0009027192524664923,0.5440031068722656,4.356715497512161,0.017958254040442365,-0.0076998923129332495,-0.000978252039657749,-0.007793668564417487,1.121455062382497e-48,1.0,7.133264629767411e-25
2026-06-24 22:07:46+00:00,KXSOL15M-26JUN241815-15,2026-06-24T22:15:00Z,68.03,67.96,0.72,7.2,0.02,0.6963,0.6963,0.179487,1.597126,1.0,0.821429,1.0,1.0,0.0,0.178571,0.006224,0.659933,4.0,72.222222,88.013699,0.0,-0.394506,0.397644,0.84054,1.0,,999.0,,0.93881,,1.0,0.576156,1.0,2.0,58.540925,0.0,43.288241,,,0.0,0.0,1.0,-0.057758,75.83,50.0,0.0,0.111836,1.0,67.93,-0.147,-0.0441,,0.334796,,5,-0.0236999999999999,0.4163,NO,0.28,False,-0.28,2026-06-24 22:15:00+00:00,2026-W26,0,0.5480427046263352,0.5955921406672036,0,-0.0009027192524664923,0.5440031068722656,4.356715497512161,0.017958254040442365,-0.0076998923129332495,-0.000978252039657749,-0.007793668564417487,1.121455062382497e-48,1.0,7.133264629767411e-25
2026-06-24 22:12:49+00:00,KXSOL15M-26JUN241815-15,2026-06-24T22:15:00Z,68.06,67.96,0.9885,2.2,0.001,0.842,0.842,0.5,0.087403,1.0,0.821429,1.0,1.0,0.0,0.178571,0.006224,0.659933,4.0,72.222222,88.013699,0.0,0.0,0.264745,0.834734,1.0,,999.0,,0.886119,,1.0,0.576156,1.0,2.0,58.540925,0.0,43.288241,,,0.0,0.0,1.0,-0.057758,75.83,50.0,0.0,0.148624,1.0,67.93,-0.191,-0.0441,,0.334796,,5,-0.1465,0.8305,NO,0.0114999999999999,False,-0.0114999999999999,2026-06-24 22:15:00+00:00,2026-W26,0,0.5480427046263352,0.5955921406672036,0,-0.0009027192524664923,0.5440031068722656,4.356715497512161,0.017958254040442365,-0.0076998923129332495,-0.000978252039657749,-0.007793668564417487,1.121455062382497e-48,1.0,7.133264629767411e-25
2026-06-24 22:33:02+00:00,KXSOL15M-26JUN241845-45,2026-06-24T22:45:00Z,67.85,67.77,0.705,12.0,0.01,0.7238,0.7238,0.0,0.121093,1.0,1.0,0.0,-1.0,0.0,0.0,0.006282,0.51505,1.0,47.524752,81.849315,0.206338,0.206338,0.088326,0.375131,-1.0,,999.0,,0.785295,,1.0,0.576156,1.0,2.0,58.540925,0.0,43.288241,,,0.0,-2.0,-1.0,0.154774,75.86,50.0,0.0,0.114357,1.0,67.89,0.059,0.1771,,0.230537,,5,0.0188,0.4287999999999999,NO,0.295,False,-0.295,2026-06-24 22:45:00+00:00,2026-W26,0,0.5480427046263352,0.5955921406672036,0,-0.0009027192524664923,0.5440031068722656,4.356715497512161,0.017958254040442365,-0.0076998923129332495,-0.000978252039657749,-0.007793668564417487,1.121455062382497e-48,1.0,7.133264629767411e-25
2026-06-24 22:38:06+00:00,KXSOL15M-26JUN241845-45,2026-06-24T22:45:00Z,67.87,67.77,0.7,6.9,0.02,0.788,0.788,1.0,1.718043,1.0,1.0,0.0,-1.0,0.0,0.0,0.006282,0.51505,1.0,47.524752,81.849315,0.0,0.0,0.088326,0.354639,1.0,,999.0,,0.732706,,1.0,0.576156,1.0,2.0,58.540925,0.0,43.288241,,,0.0,-2.0,-1.0,0.154774,75.86,50.0,0.0,0.151247,1.0,67.89,0.0295,0.1771,,0.230537,,5,0.088,0.488,NO,0.3,False,-0.3,2026-06-24 22:45:00+00:00,2026-W26,0,0.5480427046263352,0.5955921406672036,0,-0.0009027192524664923,0.5440031068722656,4.356715497512161,0.017958254040442365,-0.0076998923129332495,-0.000978252039657749,-0.007793668564417487,1.121455062382497e-48,1.0,7.133264629767411e-25
2026-06-24 23:03:21+00:00,KXSOL15M-26JUN241915-15,2026-06-24T23:15:00Z,67.72,67.74,0.515,11.6,0.01,0.3225,0.3225,1.0,0.448678,1.0,0.105263,0.789474,-1.0,0.105263,0.789474,0.005822,0.481013,-2.0,16.25,75.724638,0.0,-0.029468,0.132822,-0.261513,1.0,,999.0,,0.580432,,0.1875,-0.381623,-1.0,-1.0,54.80427,-1.0,41.769547,,,0.0,-2.0,-1.0,-0.038146,75.68,50.0,0.0,-0.034396,1.0,67.89,0.251,0.2214,,0.317994,,5,-0.1925,-0.1624999999999999,NO,0.485,False,-0.485,2026-06-24 23:15:00+00:00,2026-W26,0,0.5871886120996447,0.6489656348418915,0,-0.00023016615047115622,0.5957794638159633,4.564813345446647,0.016605301876961333,-0.017032204312963845,-0.0010852496408051018,-0.00019982155907618052,1.022369492203649e-47,1.0,1.7771250350042715e-24
2026-06-24 23:08:24+00:00,KXSOL15M-26JUN241915-15,2026-06-24T23:15:00Z,67.74,67.74,0.615,6.6,0.01,0.3225,0.3225,0.0,0.083592,1.0,0.105263,0.789474,-1.0,0.105263,0.789474,0.005822,0.481013,-2.0,16.25,75.724638,0.0,0.0,0.029485,-0.289842,-1.0,,999.0,,0.547855,,0.1875,-0.381623,-1.0,-1.0,54.80427,-1.0,41.769547,,,0.0,-2.0,-1.0,-0.038146,75.68,50.0,0.0,-0.004872,1.0,67.89,0.2214,0.2214,,0.344782,,5,-0.2925,-0.0625,NO,0.385,False,-0.385,2026-06-24 23:15:00+00:00,2026-W26,0,0.5871886120996447,0.6489656348418915,0,-0.00023016615047115622,0.5957794638159633,4.564813345446647,0.016605301876961333,-0.017032204312963845,-0.0010852496408051018,-0.00019982155907618052,1.022369492203649e-47,1.0,1.7771250350042715e-24
2026-06-24 23:18:31+00:00,KXSOL15M-26JUN241930-30,2026-06-24T23:30:00Z,67.82,67.78,0.645,11.5,0.01,0.6963,0.6963,1.0,0.849534,1.0,0.5,1.0,1.0,0.0,0.5,0.005681,0.103704,0.0,37.777778,74.493927,0.0,0.044209,0.058954,-0.19316,1.0,,999.0,,0.490002,,0.1875,-0.381623,-1.0,-1.0,54.80427,-1.0,41.769547,,,0.0,-2.0,-1.0,0.027583,75.62,50.0,0.0,0.053555,1.0,68.02,0.2949,0.3541,,0.36629,,5,0.0513,0.3413,NO,0.355,False,-0.355,2026-06-24 23:30:00+00:00,2026-W26,0,0.5871886120996447,0.6489656348418915,0,-0.00023016615047115622,0.5957794638159633,4.564813345446647,0.016605301876961333,-0.017032204312963845,-0.0010852496408051018,-0.00019982155907618052,1.022369492203649e-47,1.0,1.7771250350042715e-24
2026-06-24 23:23:34+00:00,KXSOL15M-26JUN241930-30,2026-06-24T23:30:00Z,67.95,67.78,0.9365,6.4,0.007,0.8733,0.8733,0.5,0.0,1.0,0.5,1.0,1.0,0.0,0.5,0.005673,0.103704,2.0,75.0,78.54251,-0.058798,0.147297,0.191571,-0.058974,1.0,,999.0,,0.506038,,0.1875,-0.381623,-1.0,-1.0,54.80427,-1.0,41.769547,,,0.0,-2.0,-1.0,0.027583,75.62,50.0,0.0,0.256413,1.0,68.02,0.103,0.3541,,0.392787,,5,-0.0632,0.8098,NO,0.0635,False,-0.0635,2026-06-24 23:30:00+00:00,2026-W26,0,0.5871886120996447,0.6489656348418915,0,-0.00023016615047115622,0.5957794638159633,4.564813345446647,0.016605301876961333,-0.017032204312963845,-0.0010852496408051018,-0.00019982155907618052,1.022369492203649e-47,1.0,1.7771250350042715e-24
2026-06-25 05:05:12+00:00,KXSOL15M-26JUN250115-15,2026-06-25T05:15:00Z,68.62,68.34,0.885,9.8,0.01,0.8997,0.8997,0.586957,4.143474,1.0,0.953125,0.953125,1.0,0.046875,0.0,0.003055,3.047619,3.0,86.805556,86.805556,-0.072696,0.394391,0.865864,1.01822,1.0,,999.0,,0.543223,,0.970297,1.062888,1.0,2.0,88.433735,0.0,47.435897,,,1.0,0.0,0.999986,0.227057,75.11,50.0,0.0,0.415138,1.0,69.0,0.5538,0.9658,,1.485399,,5,0.0147,0.7847000000000001,NO,0.1149999999999999,False,-0.1149999999999999,2026-06-25 05:15:00+00:00,2026-W26,0,0.759786476868328,0.918218123299767,0,0.0012273247800951067,0.6126002749888835,4.825800739005142,0.013615706627376623,0.025163876312283062,0.00248206832543196,0.00029705370722404346,6.088735882288003e-42,1.0,9.506773798501234e-23
2026-06-25 05:10:15+00:00,KXSOL15M-26JUN250115-15,2026-06-25T05:15:00Z,68.97,68.34,0.9915,4.7,0.001,0.9501,0.9501,1.0,4.915478,1.0,0.953125,0.953125,1.0,0.046875,0.0,0.003038,3.047619,3.0,100.0,100.0,0.217581,0.567438,1.185771,1.317637,1.0,,999.0,,0.590549,,0.970297,1.062888,1.0,2.0,88.433735,0.0,47.435897,,,1.0,0.0,0.999989,0.227057,75.11,50.0,0.0,0.923633,1.0,69.0,0.0435,0.9658,,1.485399,,5,-0.0414000000000001,0.9416,NO,0.0084999999999999,False,-0.0084999999999999,2026-06-25 05:15:00+00:00,2026-W26,0,0.759786476868328,0.918218123299767,0,0.0012273247800951067,0.6126002749888835,4.825800739005142,0.013615706627376623,0.025163876312283062,0.00248206832543196,0.00029705370722404346,6.088735882288003e-42,1.0,9.506773798501234e-23
2026-06-25 05:25:27+00:00,KXSOL15M-26JUN250130-30,2026-06-25T05:30:00Z,68.95,68.88,0.71,4.5,0.02,0.7222,0.7222,0.878788,1.215235,1.0,0.818182,0.818182,1.0,0.181818,0.0,0.003558,2.686047,4.0,89.265537,89.265537,0.043365,0.101464,-0.086806,1.087948,1.0,,999.0,,0.65978,,0.970297,1.062888,1.0,2.0,88.433735,0.0,47.435897,,,1.0,0.0,0.994972,-0.579306,75.44,50.0,0.0,0.096249,1.0,69.09,0.203,0.3049,,1.513949,,5,0.0121999999999999,0.4321999999999999,NO,0.29,False,-0.29,2026-06-25 05:30:00+00:00,2026-W26,0,0.759786476868328,0.918218123299767,0,0.0012273247800951067,0.6126002749888835,4.825800739005142,0.013615706627376623,0.025163876312283062,0.00248206832543196,0.00029705370722404346,6.088735882288003e-42,1.0,9.506773798501234e-23
2026-06-25 05:35:35+00:00,KXSOL15M-26JUN250145-45,2026-06-25T05:45:00Z,69.12,68.95,0.835,9.4,0.01,0.788,0.788,1.0,0.296975,1.0,0.060606,0.30303,1.0,0.69697,0.242424,0.003675,1.297753,5.0,97.175141,97.175141,0.0,0.159213,0.304392,1.241819,1.0,,999.0,,0.623295,,0.970297,1.062888,1.0,2.0,88.433735,1.0,47.435897,,,1.0,0.0,0.994972,-0.004576,75.25,50.0,0.0,0.238286,0.0,68.98,-0.2025,0.0435,,1.543807,,5,-0.0469999999999999,0.623,NO,0.165,True,0.835,2026-06-25 05:45:00+00:00,2026-W26,0,0.759786476868328,0.918218123299767,0,0.0012273247800951067,0.6126002749888835,4.825800739005142,0.013615706627376623,0.025163876312283062,0.00248206832543196,0.00029705370722404346,6.088735882288003e-42,1.0,9.506773798501234e-23
2026-06-25 05:40:38+00:00,KXSOL15M-26JUN250145-45,2026-06-25T05:45:00Z,68.98,68.95,0.605,4.4,0.01,0.6963,0.6963,0.0,0.594967,1.0,0.060606,0.30303,1.0,0.69697,0.242424,0.00368,1.297753,5.0,88.636364,89.010989,-0.057812,-0.202195,0.101405,0.998147,1.0,,999.0,,0.600229,,0.970297,1.062888,1.0,2.0,88.433735,,47.435897,,,1.0,0.0,0.893799,-0.004576,75.25,50.0,0.0,0.04612,0.0,68.98,0.0,0.0435,,1.561487,,5,0.0913,0.3013,NO,0.395,True,0.605,2026-06-25 05:45:00+00:00,2026-W26,0,0.759786476868328,0.918218123299767,0,0.0012273247800951067,0.6126002749888835,4.825800739005142,0.013615706627376623,0.025163876312283062,0.00248206832543196,0.00029705370722404346,6.088735882288003e-42,1.0,9.506773798501234e-23
2026-06-25 05:50:18+00:00,KXSOL15M-26JUN250200-00,2026-06-25T06:00:00Z,68.94,68.93,0.59,9.7,0.02,0.631,0.631,1.0,0.107499,1.0,0.3125,0.0,-1.0,0.6875,0.0,0.003754,1.23416,1.0,83.448276,86.813187,0.0,0.115976,-0.259965,0.85036,-1.0,,999.0,,0.563209,,0.970297,1.062888,1.0,2.0,88.433735,,47.435897,,,1.0,-2.0,-1.0,-0.359106,75.23,50.0,0.0,0.016974,1.0,69.08,0.2031,0.2176,,1.465008,,5,0.041,0.2209999999999999,NO,0.41,False,-0.41,2026-06-25 06:00:00+00:00,2026-W26,0,0.759786476868328,0.918218123299767,0,0.0012273247800951067,0.6126002749888835,4.825800739005142,0.013615706627376623,0.025163876312283062,0.00248206832543196,0.00029705370722404346,6.088735882288003e-42,1.0,9.506773798501234e-23
2026-06-25 05:55:22+00:00,KXSOL15M-26JUN250200-00,2026-06-25T06:00:00Z,68.96,68.93,0.605,4.6,0.01,0.6963,0.6963,0.9,0.280215,1.0,0.3125,0.0,-1.0,0.6875,0.0,0.00375,1.23416,1.0,87.603306,91.758242,0.014463,0.130321,0.072359,0.962458,1.0,,999.0,,0.547972,,0.970297,1.062888,1.0,2.0,88.433735,,47.435897,,,1.0,-2.0,-1.0,-0.359106,75.23,50.0,0.0,0.042361,1.0,69.08,0.174,0.2176,,1.465008,,5,0.0913,0.3013,NO,0.395,False,-0.395,2026-06-25 06:00:00+00:00,2026-W26,0,0.759786476868328,0.918218123299767,0,0.0012273247800951067,0.6126002749888835,4.825800739005142,0.013615706627376623,0.025163876312283062,0.00248206832543196,0.00029705370722404346,6.088735882288003e-42,1.0,9.506773798501234e-23
2026-06-25 06:10:34+00:00,KXSOL15M-26JUN250215-15,2026-06-25T06:15:00Z,69.05,68.98,0.885,4.4,0.01,0.7703,0.7703,1.0,0.18481,1.0,0.444444,0.444444,1.0,0.555556,0.0,0.003729,0.698061,2.0,75.806452,91.758242,0.144823,0.043403,0.0,0.938515,1.0,,999.0,,0.499366,,0.714286,0.876424,1.0,3.0,94.678492,0.0,60.869565,,,0.0,-2.0,-1.0,-0.014896,75.07,50.0,0.0,0.108731,1.0,69.5,0.6517,0.7538,,1.430261,,5,-0.1147,0.6553,NO,0.1149999999999999,False,-0.1149999999999999,2026-06-25 06:15:00+00:00,2026-W26,0,0.8309608540925258,0.9987284976361327,0,0.0006604145137858916,0.5958447462357435,4.080149305143043,0.030558744464439517,0.043674499275766866,0.0013106759424438598,-0.002018613720736551,6.796965651189542e-38,1.0,1.7383591319635587e-22
2026-06-25 06:20:41+00:00,KXSOL15M-26JUN250230-30,2026-06-25T06:30:00Z,69.31,69.15,0.71,9.3,0.06,0.7579,0.7579,0.642857,1.943918,1.0,0.833333,1.0,1.0,0.0,0.166667,0.003704,0.7,3.0,70.422535,90.232558,0.0,-0.115108,0.434028,1.165583,1.0,,999.0,,0.585187,,0.714286,0.876424,1.0,3.0,94.678492,0.0,60.869565,,,0.0,0.0,1.0,-0.041571,75.04,50.0,0.0,0.220954,1.0,69.24,-0.101,0.1302,,1.541555,,5,0.0479,0.4679,NO,0.29,False,-0.29,2026-06-25 06:30:00+00:00,2026-W26,0,0.8309608540925258,0.9987284976361327,0,0.0006604145137858916,0.5958447462357435,4.080149305143043,0.030558744464439517,0.043674499275766866,0.0013106759424438598,-0.002018613720736551,6.796965651189542e-38,1.0,1.7383591319635587e-22
2026-06-25 06:35:52+00:00,KXSOL15M-26JUN250245-45,2026-06-25T06:45:00Z,69.23,69.16,0.705,9.1,0.03,0.7507,0.7507,1.0,0.306068,1.0,0.142857,0.142857,1.0,0.857143,0.0,0.004066,1.488608,4.0,63.076923,88.837209,0.17321,0.216638,0.0,0.522622,1.0,,999.0,,0.556256,,0.714286,0.876424,1.0,3.0,94.678492,0.0,60.869565,,,0.0,0.0,1.0,-0.303077,75.05,50.0,0.0,0.102662,1.0,69.41,0.26,0.3615,,1.444283,,5,0.0457,0.4557,NO,0.295,False,-0.295,2026-06-25 06:45:00+00:00,2026-W26,0,0.8309608540925258,0.9987284976361327,0,0.0006604145137858916,0.5958447462357435,4.080149305143043,0.030558744464439517,0.043674499275766866,0.0013106759424438598,-0.002018613720736551,6.796965651189542e-38,1.0,1.7383591319635587e-22
2026-06-25 06:40:55+00:00,KXSOL15M-26JUN250245-45,2026-06-25T06:45:00Z,69.28,69.16,0.9155,4.1,0.009,0.8559,0.8559,0.272727,2.66772,1.0,0.142857,0.142857,1.0,0.857143,0.0,0.004067,1.488608,4.0,60.0,87.906977,0.0,0.057695,0.173285,0.379699,1.0,,999.0,,0.563195,,0.714286,0.876424,1.0,3.0,94.678492,,60.869565,,,0.0,0.0,1.0,-0.303077,75.05,50.0,0.0,0.182189,1.0,69.41,0.1876,0.3615,,1.468056,,5,-0.0595999999999999,0.7714,NO,0.0845,False,-0.0845,2026-06-25 06:45:00+00:00,2026-W26,0,0.8309608540925258,0.9987284976361327,0,0.0006604145137858916,0.5958447462357435,4.080149305143043,0.030558744464439517,0.043674499275766866,0.0013106759424438598,-0.002018613720736551,6.796965651189542e-38,1.0,1.7383591319635587e-22
2026-06-25 17:16:22+00:00,KXSOL15M-26JUN251330-30,2026-06-25T17:30:00Z,66.67,66.38,0.8,13.6,0.02,0.8193,0.8193,1.0,0.685252,1.0,0.790323,1.0,1.0,0.0,0.209677,0.014008,0.662595,2.0,84.090909,87.456446,0.270717,0.617563,1.196788,0.921895,1.0,-1.0,1.100282,,1.430028,1.0,0.203008,-0.527824,-1.0,-2.0,33.63472,-1.0,41.044012,-0.272993,0.0,-1.0,0.0,1.0,-0.023273,75.98,50.0,0.0,0.437181,1.0,67.29,0.93,1.3709,,0.247255,,5,0.0192999999999999,0.6193000000000001,NO,0.1999999999999999,False,-0.1999999999999999,2026-06-25 17:30:00+00:00,2026-W26,0,0.5298372513562398,0.5028611305890083,0,-0.0026411042184624205,0.5392950315787215,1.3544628948985766,-0.26521678603479343,-0.24687521610997554,0.004239363161516179,0.007774883775629449,1.1005976136443222e-95,1.0,3.942952890479006e-109
2026-06-25 17:21:26+00:00,KXSOL15M-26JUN251330-30,2026-06-25T17:30:00Z,66.63,66.38,0.885,8.6,0.01,0.8559,0.8559,0.617647,1.825823,1.0,0.790323,1.0,1.0,0.0,0.209677,0.014027,0.662595,2.0,91.891892,84.320557,0.059997,0.105042,1.259866,0.711897,1.0,-1.0,1.236678,,1.342703,1.0,0.203008,-0.527824,-1.0,-2.0,33.63472,-1.0,41.044012,-0.272993,0.0,-1.0,0.0,0.765839,-0.023273,75.98,50.0,0.0,0.384454,1.0,67.29,0.9905,1.3709,,0.256611,,5,-0.0291,0.7409,NO,0.1149999999999999,False,-0.1149999999999999,2026-06-25 17:30:00+00:00,2026-W26,0,0.5298372513562398,0.5028611305890083,0,-0.0026411042184624205,0.5392950315787215,1.3544628948985766,-0.26521678603479343,-0.24687521610997554,0.004239363161516179,0.007774883775629449,1.1005976136443222e-95,1.0,3.942952890479006e-109
2026-06-25 17:26:28+00:00,KXSOL15M-26JUN251330-30,2026-06-25T17:30:00Z,66.9,66.38,0.993,3.5,0.002,0.9328,0.9328,0.727273,28.362638,1.0,0.790323,1.0,1.0,0.0,0.209677,0.013972,0.662595,2.0,100.0,93.379791,0.239521,0.299536,0.873626,0.622204,1.0,-1.0,0.843644,,1.30586,1.0,0.203008,-0.527824,-1.0,-2.0,33.63472,-1.0,41.044012,-0.272993,0.0,-1.0,0.0,0.781783,-0.023273,75.98,50.0,0.0,0.787438,1.0,67.29,0.583,1.3709,,0.256611,,5,-0.0602,0.9258,NO,0.007,False,-0.007,2026-06-25 17:30:00+00:00,2026-W26,0,0.5298372513562398,0.5028611305890083,0,-0.0026411042184624205,0.5392950315787215,1.3544628948985766,-0.26521678603479343,-0.24687521610997554,0.004239363161516179,0.007774883775629449,1.1005976136443222e-95,1.0,3.942952890479006e-109
2026-06-25 21:34:18+00:00,KXSOL15M-26JUN251745-45,2026-06-25T21:45:00Z,66.84,66.71,0.865,10.7,0.01,0.7579,0.7579,0.827586,3.508453,1.0,0.901961,0.901961,1.0,0.098039,0.0,0.006452,1.180165,3.0,97.849462,98.412698,0.104618,0.269461,0.858304,0.776888,1.0,-1.0,0.24459,,0.839966,1.0,0.098592,-0.181105,-1.0,-1.0,37.294333,0.0,33.466135,-0.146925,0.0,-1.0,0.0,1.0,0.015641,76.05,50.0,0.0,0.197134,1.0,66.96,0.1795,0.3748,,0.538951,,5,-0.1070999999999999,0.6229,NO,0.135,False,-0.135,2026-06-25 21:45:00+00:00,2026-W26,0,0.5623869801084989,0.6384120525607919,0,-0.0027527629273998294,0.4439815984678303,1.2850885766150693,-0.33017935066988574,-0.2723752709646161,0.002755543935904777,0.007855141266462844,5.222903687112072e-94,1.0,4.423647254290072e-67
2026-06-25 21:39:22+00:00,KXSOL15M-26JUN251745-45,2026-06-25T21:45:00Z,66.91,66.71,0.922,5.6,0.004,0.8559,0.8559,1.0,1.39401,1.0,0.901961,0.901961,1.0,0.098039,0.0,0.006433,1.180165,3.0,100.0,100.0,0.014888,0.119225,1.068151,0.943855,1.0,-1.0,999.0,,0.819118,1.0,0.098592,-0.181105,-1.0,-1.0,37.294333,0.0,33.466135,-0.146925,0.0,-1.0,0.0,1.0,0.015641,76.05,50.0,0.0,0.298324,1.0,66.96,0.0747,0.3748,,0.557718,,5,-0.0661,0.7779,NO,0.0779999999999999,False,-0.0779999999999999,2026-06-25 21:45:00+00:00,2026-W26,0,0.5623869801084989,0.6384120525607919,0,-0.0027527629273998294,0.4439815984678303,1.2850885766150693,-0.33017935066988574,-0.2723752709646161,0.002755543935904777,0.007855141266462844,5.222903687112072e-94,1.0,4.423647254290072e-67
2026-06-25 21:49:29+00:00,KXSOL15M-26JUN251800-00,2026-06-25T22:00:00Z,66.86,66.85,0.54,10.5,0.02,0.6188,0.6188,0.5,0.153387,1.0,0.421053,0.421053,1.0,0.578947,0.0,0.005723,0.990689,4.0,85.585586,88.888889,-0.014919,0.089606,-0.119225,0.449522,1.0,-1.0,0.18476,,0.807757,1.0,0.098592,-0.181105,-1.0,-1.0,37.294333,0.0,33.466135,-0.146925,0.0,-1.0,0.0,1.0,-0.174101,76.05,50.0,0.0,0.013912,1.0,67.21,0.5235,0.5385,,0.55586,,5,0.0787999999999999,0.1588,NO,0.4599999999999999,False,-0.4599999999999999,2026-06-25 22:00:00+00:00,2026-W26,0,0.5623869801084989,0.6384120525607919,0,-0.0027527629273998294,0.4439815984678303,1.2850885766150693,-0.33017935066988574,-0.2723752709646161,0.002755543935904777,0.007855141266462844,5.222903687112072e-94,1.0,4.423647254290072e-67
2026-06-25 21:54:33+00:00,KXSOL15M-26JUN251800-00,2026-06-25T22:00:00Z,66.95,66.85,0.9235,5.4,0.007,0.8126,0.8126,0.857143,0.179662,1.0,0.421053,0.421053,1.0,0.578947,0.0,0.005722,0.990689,4.0,87.387387,90.277778,0.0,0.029842,-0.208395,0.473202,1.0,-1.0,0.154872,,0.763135,1.0,0.098592,-0.181105,-1.0,-1.0,37.294333,0.0,33.466135,-0.146925,0.0,-1.0,0.0,1.0,-0.174101,76.05,50.0,0.0,0.148546,1.0,67.21,0.3883,0.5385,,0.55586,,5,-0.1109,0.7361,NO,0.0765,False,-0.0765,2026-06-25 22:00:00+00:00,2026-W26,0,0.5623869801084989,0.6384120525607919,0,-0.0027527629273998294,0.4439815984678303,1.2850885766150693,-0.33017935066988574,-0.2723752709646161,0.002755543935904777,0.007855141266462844,5.222903687112072e-94,1.0,4.423647254290072e-67
2026-06-25 22:19:50+00:00,KXSOL15M-26JUN251830-30,2026-06-25T22:30:00Z,66.93,66.91,0.595,10.2,0.01,0.6188,0.6188,0.5,2.540421,1.0,0.714286,0.142857,-1.0,0.142857,0.142857,0.005158,0.809917,-2.0,73.11828,83.660131,-0.119225,-0.014919,-0.312361,0.265332,-1.0,1.0,0.197262,,0.728894,1.0,0.956044,1.128498,1.0,1.0,58.679245,1.0,40.018067,-0.050579,0.0,1.0,0.0,1.0,0.476435,75.89,50.0,0.0,0.035572,1.0,67.07,0.2092,0.2391,,0.555707,,5,0.0238,0.2138,NO,0.405,False,-0.405,2026-06-25 22:30:00+00:00,2026-W26,0,0.5533453887884271,0.6123289298451227,0,0.0008131201892954472,0.5994675582551846,1.307283367467664,-0.379315488020923,-0.2686404957262848,0.0008438563919214122,-0.005629584574785424,3.4877499862203195e-91,1.0,1.630300238456767e-66
2026-06-25 22:24:53+00:00,KXSOL15M-26JUN251830-30,2026-06-25T22:30:00Z,66.92,66.91,0.67,5.1,0.02,0.6188,0.6188,0.0,3.784737,1.0,0.714286,0.142857,-1.0,0.142857,0.142857,0.005161,0.809917,-2.0,68.817204,81.045752,0.0,-0.059684,-0.357037,0.125126,-1.0,1.0,0.257099,,0.689758,1.0,0.956044,1.128498,1.0,1.0,58.679245,1.0,40.018067,-0.050579,0.0,1.0,0.0,1.0,0.476435,75.89,50.0,0.0,0.020626,1.0,67.07,0.2241,0.2391,,0.555707,,5,-0.0512,0.2888,NO,0.3299999999999999,False,-0.3299999999999999,2026-06-25 22:30:00+00:00,2026-W26,0,0.5533453887884271,0.6123289298451227,0,0.0008131201892954472,0.5994675582551846,1.307283367467664,-0.379315488020923,-0.2686404957262848,0.0008438563919214122,-0.005629584574785424,3.4877499862203195e-91,1.0,1.630300238456767e-66
2026-06-25 22:35:00+00:00,KXSOL15M-26JUN251845-45,2026-06-25T22:45:00Z,67.01,66.97,0.695,10.0,0.01,0.6775,0.6775,1.0,0.452156,1.0,0.166667,0.5,1.0,0.5,0.333333,0.004982,0.538462,2.0,76.056338,88.888889,-0.014901,0.059648,0.119367,0.271525,1.0,1.0,0.077802,,0.623128,1.0,0.956044,1.128498,1.0,1.0,58.679245,1.0,40.018067,-0.050579,0.0,1.0,0.0,1.0,-0.037993,75.78,50.0,0.0,0.058979,1.0,67.21,0.2985,0.3584,,0.568925,,5,-0.0174999999999999,0.3724999999999999,NO,0.305,False,-0.305,2026-06-25 22:45:00+00:00,2026-W26,0,0.5533453887884271,0.6123289298451227,0,0.0008131201892954472,0.5994675582551846,1.307283367467664,-0.379315488020923,-0.2686404957262848,0.0008438563919214122,-0.005629584574785424,3.4877499862203195e-91,1.0,1.630300238456767e-66
2026-06-25 22:40:03+00:00,KXSOL15M-26JUN251845-45,2026-06-25T22:45:00Z,67.06,66.97,0.906,4.9,0.008,0.751,0.751,0.352941,2.252042,1.0,0.166667,0.5,1.0,0.5,0.333333,0.004977,0.538462,2.0,64.516129,92.810458,-0.16352,0.089419,0.193943,0.257634,1.0,1.0,999.0,,0.661007,1.0,0.956044,1.128498,1.0,1.0,58.679245,1.0,40.018067,-0.050579,0.0,1.0,0.0,1.0,-0.037993,75.78,50.0,0.0,0.137369,1.0,67.21,0.2237,0.3584,,0.60142,,5,-0.155,0.657,NO,0.0939999999999999,False,-0.0939999999999999,2026-06-25 22:45:00+00:00,2026-W26,0,0.5533453887884271,0.6123289298451227,0,0.0008131201892954472,0.5994675582551846,1.307283367467664,-0.379315488020923,-0.2686404957262848,0.0008438563919214122,-0.005629584574785424,3.4877499862203195e-91,1.0,1.630300238456767e-66
2026-06-25 23:20:11+00:00,KXSOL15M-26JUN251930-30,2026-06-25T23:30:00Z,67.35,67.08,0.9305,9.8,0.001,0.9067,0.9067,1.0,6.005978,1.0,0.0,0.526316,0.0,0.473684,0.526316,0.004501,0.625882,1.0,94.0,97.857143,0.029652,0.416915,0.327284,0.378609,1.0,1.0,999.0,,0.569492,1.0,0.633333,-0.10412,-1.0,-1.0,61.2,0.0,41.247672,0.014486,0.0,0.0,0.0,1.0,-0.025676,75.77,50.0,0.0,0.404765,1.0,68.36,1.4996,1.9082,,0.552068,,5,-0.0238,0.8371999999999999,NO,0.0695,False,-0.0695,2026-06-25 23:30:00+00:00,2026-W26,0,0.6437613019891504,0.706487902524537,0,-0.0014327367575517498,0.527448762769597,1.2999382789373146,-0.34252627285754067,-0.26540426246112314,0.0011205668255816806,0.0008116927158107259,3.822996838799959e-88,1.0,3.806061126943846e-67
2026-06-25 23:25:15+00:00,KXSOL15M-26JUN251930-30,2026-06-25T23:30:00Z,67.61,67.08,0.9945,4.7,0.007,0.9501,0.9501,1.0,1.227243,1.0,0.0,0.526316,0.0,0.473684,0.526316,0.00448,0.625882,1.0,100.0,100.0,0.073932,0.4596,0.968559,0.816466,1.0,1.0,999.0,,0.583501,1.0,0.633333,-0.10412,-1.0,-1.0,61.2,0.0,41.247672,0.014486,0.0,0.0,0.0,1.0,-0.025676,75.77,50.0,0.0,0.799839,1.0,68.36,1.1093,1.9082,,0.552068,,5,-0.0444000000000001,0.9446,NO,0.0054999999999999,False,-0.0054999999999999,2026-06-25 23:30:00+00:00,2026-W26,0,0.6437613019891504,0.706487902524537,0,-0.0014327367575517498,0.527448762769597,1.2999382789373146,-0.34252627285754067,-0.26540426246112314,0.0011205668255816806,0.0008116927158107259,3.822996838799959e-88,1.0,3.806061126943846e-67
2026-06-26 05:35:28+00:00,KXSOL15M-26JUN260145-45,2026-06-26T05:45:00Z,68.31,68.21,0.65,9.5,0.02,0.7507,0.7507,0.5,0.0,1.0,0.0,0.5,0.0,0.0,0.0,0.007555,0.0,0.0,41.666667,83.070866,0.0,0.0,0.0,-0.163661,-1.0,1.0,999.0,,0.535257,1.0,0.193548,-0.219941,-1.0,-1.0,79.65616,0.0,59.559676,0.194188,0.0,0.0,0.0,0.99474,0.065063,74.02,50.0,0.0,0.145877,1.0,68.23,-0.1171,0.0293,,0.465291,,5,0.1007,0.4007,NO,0.35,False,-0.35,2026-06-26 05:45:00+00:00,2026-W26,0,0.897703549060544,0.7657522040114948,0,-0.0015389513371259253,0.5244290407360332,1.1990869593681304,-0.4045346035724792,-0.293942175744629,0.0005705251393899754,0.00043986484572738644,3.8440007144551467e-112,1.0,8.17719632934616e-89
2026-06-26 05:40:32+00:00,KXSOL15M-26JUN260145-45,2026-06-26T05:45:00Z,68.2,68.21,0.65,4.5,0.02,0.3462,0.3462,1.0,0.06293,1.0,0.0,0.5,0.0,0.0,0.0,0.007522,0.0,1.0,100.0,94.88189,0.0,0.440723,0.440723,0.382611,1.0,1.0,999.0,0.4146,0.63795,1.0,0.193548,-0.219941,-1.0,-1.0,79.65616,0.0,59.559676,0.194188,0.0,0.0,0.0,0.981064,0.065063,74.02,50.0,0.0,-0.008064,1.0,68.23,0.044,0.0293,,0.465291,,5,-0.3038,-0.0037999999999999,NO,0.35,False,-0.35,2026-06-26 05:45:00+00:00,2026-W26,0,0.897703549060544,0.7657522040114948,0,-0.0015389513371259253,0.5244290407360332,1.1990869593681304,-0.4045346035724792,-0.293942175744629,0.0005705251393899754,0.00043986484572738644,3.8440007144551467e-112,1.0,8.17719632934616e-89
2026-06-26 05:50:40+00:00,KXSOL15M-26JUN260200-00,2026-06-26T06:00:00Z,68.22,68.21,0.51,9.3,0.02,0.631,0.631,1.0,6.634962,1.0,0.633333,0.633333,1.0,0.366667,0.0,0.006541,0.670927,2.0,96.875,94.444444,0.205459,0.190532,0.426032,0.333617,1.0,1.0,999.0,0.4146,0.632984,1.0,0.193548,-0.219941,-1.0,-1.0,79.65616,0.0,59.559676,0.194188,0.0,0.0,0.0,0.981064,0.046605,74.03,50.0,0.0,0.017299,1.0,68.31,0.1319,0.1466,,0.432594,,5,0.121,0.141,NO,0.49,False,-0.49,2026-06-26 06:00:00+00:00,2026-W26,0,0.897703549060544,0.7657522040114948,0,-0.0015389513371259253,0.5244290407360332,1.1990869593681304,-0.4045346035724792,-0.293942175744629,0.0005705251393899754,0.00043986484572738644,3.8440007144551467e-112,1.0,8.17719632934616e-89
2026-06-26 05:55:43+00:00,KXSOL15M-26JUN260200-00,2026-06-26T06:00:00Z,68.31,68.21,0.84,4.3,0.02,0.8126,0.8126,0.833333,5.821042,1.0,0.633333,0.633333,1.0,0.366667,0.0,0.006535,0.670927,2.0,100.0,96.825397,-0.029231,0.14637,0.234398,0.311352,1.0,1.0,999.0,0.4146,0.602902,1.0,0.193548,-0.219941,-1.0,-1.0,79.65616,0.0,59.559676,0.194188,0.0,0.0,0.0,0.981064,0.046605,74.03,12.0,1.0,0.152909,1.0,68.31,0.0,0.1466,,0.409941,,5,-0.0273999999999999,0.6526,NO,0.16,False,-0.16,2026-06-26 06:00:00+00:00,2026-W26,0,0.897703549060544,0.7657522040114948,0,-0.0015389513371259253,0.5244290407360332,1.1990869593681304,-0.4045346035724792,-0.293942175744629,0.0005705251393899754,0.00043986484572738644,3.8440007144551467e-112,1.0,8.17719632934616e-89
2026-06-26 06:21:00+00:00,KXSOL15M-26JUN260230-30,2026-06-26T06:30:00Z,68.57,68.03,0.9705,9.0,0.009,0.9501,0.9501,1.0,58.526819,1.0,0.571429,0.392857,-1.0,0.035714,0.392857,0.006347,0.642623,1.0,98.412698,99.626866,0.145985,0.704122,0.748459,0.34858,1.0,1.0,999.0,0.4146,0.648187,1.0,0.891892,0.484795,1.0,1.0,88.273616,0.0,61.754781,0.230906,0.0,1.0,0.0,1.0,-0.506216,73.7,12.0,1.0,0.788907,1.0,69.2,0.9188,1.7198,,0.418479,,5,-0.0204,0.9206,NO,0.0294999999999999,False,-0.0294999999999999,2026-06-26 06:30:00+00:00,2026-W26,1,1.0,1.0614572777595164,1,-0.004013803676314624,0.5728305832455485,1.2402979833638765,-0.3768986356301581,-0.27580788139920426,0.0031361036779293527,0.008627880371272215,1.573622667740879e-106,1.0,1.6384634483849014e-102
2026-06-26 06:26:03+00:00,KXSOL15M-26JUN260230-30,2026-06-26T06:30:00Z,69.06,68.03,0.981,3.9,0.008,0.9501,0.9501,1.0,2.497714,1.0,0.571429,0.392857,-1.0,0.035714,0.392857,0.006298,0.642623,1.0,85.820896,94.39528,-0.273894,0.625455,1.585903,1.005833,1.0,1.0,999.0,0.4146,0.972001,1.0,0.891892,0.484795,1.0,1.0,88.273616,0.0,61.754781,0.230906,0.0,1.0,0.0,1.0,-0.506216,73.7,12.0,1.0,1.520194,1.0,69.2,0.2027,1.7198,,0.431684,,5,-0.0309,0.9311,NO,0.019,False,-0.019,2026-06-26 06:30:00+00:00,2026-W26,1,1.0,1.0614572777595164,1,-0.004013803676314624,0.5728305832455485,1.2402979833638765,-0.3768986356301581,-0.27580788139920426,0.0031361036779293527,0.008627880371272215,1.573622667740879e-106,1.0,1.6384634483849014e-102
2026-06-26 06:36:11+00:00,KXSOL15M-26JUN260245-45,2026-06-26T06:45:00Z,69.01,69.01,0.655,8.8,0.01,0.6188,0.6188,0.25,0.9277,1.0,0.766667,0.791667,1.0,0.208333,0.025,0.007025,2.470588,2.0,82.835821,91.814947,0.0,-0.086705,0.567273,0.870843,1.0,1.0,999.0,0.4146,0.881059,1.0,0.891892,0.484795,1.0,1.0,88.273616,0.0,61.754781,0.230906,0.0,1.0,0.0,1.0,-0.286475,73.99,12.0,1.0,0.002898,1.0,69.68,0.9709,0.9709,,0.505685,,5,-0.0362,0.2738,NO,0.345,False,-0.345,2026-06-26 06:45:00+00:00,2026-W26,1,1.0,1.0614572777595164,1,-0.004013803676314624,0.5728305832455485,1.2402979833638765,-0.3768986356301581,-0.27580788139920426,0.0031361036779293527,0.008627880371272215,1.573622667740879e-106,1.0,1.6384634483849014e-102
2026-06-26 06:41:15+00:00,KXSOL15M-26JUN260245-45,2026-06-26T06:45:00Z,69.25,69.01,0.9715,3.7,0.005,0.8733,0.8733,1.0,0.139005,1.0,0.766667,0.791667,1.0,0.208333,0.025,0.006985,2.470588,2.0,100.0,100.0,0.0,0.578536,0.520382,1.445298,1.0,1.0,999.0,0.4146,0.980689,1.0,0.891892,0.484795,1.0,1.0,88.273616,0.0,61.754781,0.230906,0.0,1.0,0.0,1.0,-0.286475,73.99,12.0,1.0,0.357942,1.0,69.68,0.6209,0.9709,,0.492289,,5,-0.0982,0.8448,NO,0.0284999999999999,False,-0.0284999999999999,2026-06-26 06:45:00+00:00,2026-W26,1,1.0,1.0614572777595164,1,-0.004013803676314624,0.5728305832455485,1.2402979833638765,-0.3768986356301581,-0.27580788139920426,0.0031361036779293527,0.008627880371272215,1.573622667740879e-106,1.0,1.6384634483849014e-102
2026-06-26 07:01:30+00:00,KXSOL15M-26JUN260315-15,2026-06-26T07:15:00Z,69.84,69.74,0.7,13.5,0.02,0.6963,0.6963,1.0,3.766647,1.0,0.6,1.0,1.0,0.0,0.4,0.006353,1.012862,-1.0,96.446701,97.095436,-0.028592,0.286821,0.143205,1.435709,1.0,1.0,999.0,0.4146,0.940986,1.0,1.0,2.415813,1.0,2.0,100.0,0.0,69.772052,0.338672,1.0,0.0,0.0,1.0,0.567964,74.01,12.0,1.0,0.141533,1.0,70.63,1.1312,1.2762,,0.582333,,5,-0.0036999999999999,0.3963,NO,0.3,False,-0.3,2026-06-26 07:15:00+00:00,2026-W26,0,0.9650655021834069,1.152275121680005,1,-0.0031888185617165933,0.5805156793265077,1.374108381969009,-0.3359409358213247,-0.24613940075453167,0.002260867012278708,-0.0029208582019349047,5.135792038697726e-105,1.0,2.4904906660568657e-116
2026-06-26 07:06:34+00:00,KXSOL15M-26JUN260315-15,2026-06-26T07:15:00Z,70.17,69.74,0.9355,8.4,0.007,0.8747,0.8747,0.701493,3.93184,1.0,0.6,1.0,1.0,0.0,0.4,0.006311,1.012862,4.0,92.217899,93.355482,0.0,0.513992,0.816268,1.776793,1.0,1.0,999.0,0.4146,1.036972,1.0,1.0,2.415813,1.0,2.0,100.0,0.0,69.772052,0.338672,1.0,0.0,0.0,1.0,0.567964,73.67,12.0,1.0,0.625499,1.0,70.63,0.6556,1.2762,,0.60421,,5,-0.0607999999999999,0.8102,NO,0.0645,False,-0.0645,2026-06-26 07:15:00+00:00,2026-W26,0,0.9650655021834069,1.152275121680005,1,-0.0031888185617165933,0.5805156793265077,1.374108381969009,-0.3359409358213247,-0.24613940075453167,0.002260867012278708,-0.0029208582019349047,5.135792038697726e-105,1.0,2.4904906660568657e-116
2026-06-26 07:11:36+00:00,KXSOL15M-26JUN260315-15,2026-06-26T07:15:00Z,70.31,69.74,0.9845,3.4,0.009,0.9437,0.9437,0.146341,1.523748,1.0,0.6,1.0,1.0,0.0,0.4,0.006299,1.012862,4.0,91.911765,93.037975,0.184659,-0.113298,1.147282,1.826575,1.0,1.0,999.0,0.4146,1.157546,1.0,1.0,2.415813,1.0,2.0,100.0,0.0,69.772052,0.338672,1.0,0.0,0.0,0.999383,0.567964,73.67,12.0,1.0,0.822671,1.0,70.63,0.4551,1.2762,,0.590429,,5,-0.0408,0.9282,NO,0.0154999999999999,False,-0.0154999999999999,2026-06-26 07:15:00+00:00,2026-W26,0,0.9650655021834069,1.152275121680005,1,-0.0031888185617165933,0.5805156793265077,1.374108381969009,-0.3359409358213247,-0.24613940075453167,0.002260867012278708,-0.0029208582019349047,5.135792038697726e-105,1.0,2.4904906660568657e-116
2026-06-26 07:16:40+00:00,KXSOL15M-26JUN260330-30,2026-06-26T07:30:00Z,70.58,70.53,0.605,13.3,0.01,0.5864,0.5864,1.0,0.503483,1.0,0.780488,0.853659,1.0,0.146341,0.073171,0.006245,1.857605,5.0,97.416974,97.463768,0.0,0.212675,0.913764,1.996061,1.0,1.0,999.0,0.4146,1.105382,1.0,1.0,2.415813,1.0,2.0,100.0,0.0,69.772052,0.338672,1.0,0.0,0.0,1.0,1.688619,73.67,12.0,1.0,0.068766,0.0,70.52,-0.085,-0.0142,,0.677121,,5,-0.0185999999999999,0.1914,NO,0.395,True,0.605,2026-06-26 07:30:00+00:00,2026-W26,0,0.9650655021834069,1.152275121680005,1,-0.0031888185617165933,0.5805156793265077,1.374108381969009,-0.3359409358213247,-0.24613940075453167,0.002260867012278708,-0.0029208582019349047,5.135792038697726e-105,1.0,2.4904906660568657e-116
2026-06-26 07:31:51+00:00,KXSOL15M-26JUN260345-45,2026-06-26T07:45:00Z,70.52,70.42,0.755,13.1,0.01,0.631,0.631,0.857143,0.783667,1.0,0.37931,0.413793,-1.0,0.206897,0.413793,0.005561,0.739526,0.0,85.889571,91.666667,0.0,0.113572,-0.226372,1.613239,1.0,1.0,999.0,0.4146,0.967615,1.0,1.0,2.415813,1.0,2.0,100.0,0.0,69.772052,0.338672,1.0,0.0,0.0,1.0,-0.28054,74.04,12.0,1.0,0.133199,1.0,70.65,0.1843,0.3266,,0.770782,,5,-0.124,0.386,NO,0.245,False,-0.245,2026-06-26 07:45:00+00:00,2026-W26,0,0.9650655021834069,1.152275121680005,1,-0.0031888185617165933,0.5805156793265077,1.374108381969009,-0.3359409358213247,-0.24613940075453167,0.002260867012278708,-0.0029208582019349047,5.135792038697726e-105,1.0,2.4904906660568657e-116
2026-06-26 07:36:55+00:00,KXSOL15M-26JUN260345-45,2026-06-26T07:45:00Z,70.47,70.42,0.64,8.1,0.02,0.6188,0.6188,0.413793,2.500714,1.0,0.37931,0.413793,-1.0,0.206897,0.413793,0.005551,0.739526,1.0,89.940828,93.971631,0.0,0.170164,0.155962,1.542697,1.0,1.0,999.0,0.4146,0.954278,1.0,1.0,2.415813,1.0,2.0,100.0,0.0,69.772052,0.338672,1.0,0.0,0.0,1.0,-0.28054,73.62,12.0,1.0,0.072847,1.0,70.65,0.2554,0.3266,,0.773484,,5,-0.0211999999999999,0.2588,NO,0.36,False,-0.36,2026-06-26 07:45:00+00:00,2026-W26,0,0.9650655021834069,1.152275121680005,1,-0.0031888185617165933,0.5805156793265077,1.374108381969009,-0.3359409358213247,-0.24613940075453167,0.002260867012278708,-0.0029208582019349047,5.135792038697726e-105,1.0,2.4904906660568657e-116
2026-06-26 07:41:59+00:00,KXSOL15M-26JUN260345-45,2026-06-26T07:45:00Z,70.75,70.42,0.995,3.0,0.004,0.9437,0.9437,1.0,2.236394,1.0,0.37931,0.413793,-1.0,0.206897,0.413793,0.005531,0.739526,1.0,96.174863,97.651007,-0.098633,0.368063,0.653038,1.720839,1.0,1.0,999.0,,0.997124,1.0,1.0,2.415813,1.0,2.0,100.0,0.0,69.772052,0.338672,1.0,0.0,0.0,1.0,-0.28054,73.62,12.0,1.0,0.459805,1.0,70.65,-0.1413,0.3266,,0.773484,,5,-0.0513,0.9387,NO,0.005,False,-0.005,2026-06-26 07:45:00+00:00,2026-W26,0,0.9650655021834069,1.152275121680005,1,-0.0031888185617165933,0.5805156793265077,1.374108381969009,-0.3359409358213247,-0.24613940075453167,0.002260867012278708,-0.0029208582019349047,5.135792038697726e-105,1.0,2.4904906660568657e-116
2026-06-26 07:57:10+00:00,KXSOL15M-26JUN260400-00,2026-06-26T08:00:00Z,70.64,70.66,0.55,2.8,0.02,0.2753,0.2753,0.5,0.0,1.0,0.266667,0.266667,1.0,0.733333,0.0,0.005484,1.160221,2.0,83.673469,91.864407,0.113234,0.113234,-0.042397,1.434186,1.0,1.0,999.0,,0.859631,1.0,1.0,2.415813,1.0,2.0,100.0,0.0,69.772052,0.338672,1.0,0.0,0.0,1.0,0.130026,73.95,12.0,1.0,-0.020805,1.0,70.73,0.1274,0.0991,,0.771866,,5,-0.2747,-0.1746999999999999,NO,0.4499999999999999,False,-0.4499999999999999,2026-06-26 08:00:00+00:00,2026-W26,0,0.9650655021834069,1.152275121680005,1,-0.0031888185617165933,0.5805156793265077,1.374108381969009,-0.3359409358213247,-0.24613940075453167,0.002260867012278708,-0.0029208582019349047,5.135792038697726e-105,1.0,2.4904906660568657e-116
2026-06-26 15:17:18+00:00,KXSOL15M-26JUN261130-30,2026-06-26T15:30:00Z,70.9,70.74,0.71,12.7,0.02,0.6963,0.6963,0.0,0.05734,1.0,0.355769,0.480769,1.0,0.519231,0.125,0.011601,1.262793,2.0,41.139241,74.728261,0.226053,0.211745,0.795116,0.420485,1.0,1.0,999.0,,2.532787,1.0,0.152439,-0.169851,-1.0,-1.0,76.677852,0.0,61.847733,0.21942,0.0,0.0,0.0,0.744741,0.368811,71.91,12.0,1.0,0.213871,1.0,71.45,0.7757,1.0037,,0.434865,,5,-0.0136999999999999,0.4063,NO,0.29,False,-0.29,2026-06-26 15:30:00+00:00,2026-W26,0,0.9662921348314617,1.0233023515318171,1,-0.0027643276185589393,0.46067472935106063,1.3721196824599748,-0.29848472886001537,-0.20846594580431915,0.0032266191048154307,0.005818909013441995,2.0486558344960825e-122,1.0,3.0937151695814935e-179
2026-06-26 15:22:21+00:00,KXSOL15M-26JUN261130-30,2026-06-26T15:30:00Z,71.09,70.74,0.9455,7.7,0.009,0.8559,0.8559,1.0,0.148657,1.0,0.355769,0.480769,1.0,0.519231,0.125,0.011577,1.262793,2.0,50.632911,78.804348,0.0,0.140766,0.49442,0.583734,1.0,1.0,999.0,,2.406828,1.0,0.152439,-0.169851,-1.0,-1.0,76.677852,0.0,61.847733,0.21942,0.0,0.0,0.0,1.0,0.368811,71.97,12.0,1.0,0.482446,1.0,71.45,0.5064,1.0037,,0.430052,,5,-0.0896,0.8014,NO,0.0544999999999999,False,-0.0544999999999999,2026-06-26 15:30:00+00:00,2026-W26,0,0.9662921348314617,1.0233023515318171,1,-0.0027643276185589393,0.46067472935106063,1.3721196824599748,-0.29848472886001537,-0.20846594580431915,0.0032266191048154307,0.005818909013441995,2.0486558344960825e-122,1.0,3.0937151695814935e-179
2026-06-26 15:27:25+00:00,KXSOL15M-26JUN261130-30,2026-06-26T15:30:00Z,71.6,70.74,0.998,2.6,0.002,0.9323,0.9323,0.983051,0.253948,1.0,0.355769,0.480769,1.0,0.519231,0.125,0.011469,1.262793,2.0,93.037975,97.01087,0.209322,0.771821,1.369283,1.496017,1.0,1.0,999.0,,2.419462,1.0,0.152439,-0.169851,-1.0,-1.0,76.677852,0.0,61.847733,0.21942,0.0,0.0,0.0,1.0,0.368811,71.97,12.0,1.0,1.206892,1.0,71.45,-0.2095,1.0037,,0.430026,,5,-0.0656999999999999,0.9303,NO,0.002,False,-0.002,2026-06-26 15:30:00+00:00,2026-W26,0,0.9662921348314617,1.0233023515318171,1,-0.0027643276185589393,0.46067472935106063,1.3721196824599748,-0.29848472886001537,-0.20846594580431915,0.0032266191048154307,0.005818909013441995,2.0486558344960825e-122,1.0,3.0937151695814935e-179
2026-06-26 16:38:25+00:00,KXSOL15M-26JUN261245-45,2026-06-26T16:45:00Z,72.68,72.1,0.9745,6.6,0.007,0.8733,0.8733,1.0,17.203534,1.0,0.354839,0.290323,-1.0,0.354839,0.290323,0.012745,0.668206,1.0,66.829268,87.022901,-0.410397,-0.096061,0.761246,0.503923,1.0,1.0,999.0,,2.371802,1.0,0.886486,2.142756,1.0,1.0,96.629213,0.0,68.346457,0.298494,0.0,1.0,0.0,0.876321,0.437652,71.31,12.0,1.0,0.814198,1.0,72.63,-0.0688,0.7351,,0.517545,,5,-0.1012,0.8478,NO,0.0254999999999999,False,-0.0254999999999999,2026-06-26 16:45:00+00:00,2026-W26,0,0.8736702127659572,1.030891033487552,1,-0.0006769795261112404,0.49564830171597624,1.3239460666518523,-0.2861442619330208,-0.19341420785763688,0.001733995681193269,-0.005148413300349999,1.675986210354707e-151,1.0,5.6685594839973385e-220
2026-06-26 19:21:19+00:00,KXSOL15M-26JUN261530-30,2026-06-26T19:30:00Z,73.2,73.16,0.65,8.7,0.02,0.6963,0.6963,1.0,0.21632,1.0,0.741176,0.788235,1.0,0.211765,0.047059,0.007755,1.494975,2.0,93.684211,88.811189,0.081967,0.246103,0.755806,0.709788,1.0,1.0,999.0,,0.831756,1.0,0.265625,-0.123813,-1.0,-1.0,83.853211,0.0,74.176408,0.381611,0.0,0.0,0.0,1.0,-0.126378,69.6,12.0,1.0,0.057133,1.0,73.48,0.3825,0.4374,,0.640742,,5,0.0463,0.3463,NO,0.35,False,-0.35,2026-06-26 19:30:00+00:00,2026-W26,0,0.8828715365239288,0.9226123254149904,0,-0.000453344244432046,0.5614632369624636,1.4423882761703868,-0.17487663709221563,-0.19404788862618527,-0.0010744609189825532,0.0015382756112807452,7.645854242713021e-151,1.0,2.1429584520495513e-211
2026-06-26 19:26:22+00:00,KXSOL15M-26JUN261530-30,2026-06-26T19:30:00Z,73.16,73.16,0.505,3.6,0.01,0.3462,0.3462,0.0,0.267463,1.0,0.741176,0.788235,1.0,0.211765,0.047059,0.007769,1.494975,-1.0,78.947368,79.020979,0.0,-0.258961,-0.068278,0.500911,1.0,1.0,999.0,,0.820794,1.0,0.265625,-0.123813,-1.0,-1.0,83.853211,0.0,74.176408,0.381611,0.0,0.0,0.0,1.0,-0.126378,69.6,12.0,1.0,-0.007791,1.0,73.48,0.4374,0.4374,,0.621109,,5,-0.1588,-0.1488,NO,0.495,False,-0.495,2026-06-26 19:30:00+00:00,2026-W26,0,0.8828715365239288,0.9226123254149904,0,-0.000453344244432046,0.5614632369624636,1.4423882761703868,-0.17487663709221563,-0.19404788862618527,-0.0010744609189825532,0.0015382756112807452,7.645854242713021e-151,1.0,2.1429584520495513e-211
2026-06-26 19:31:25+00:00,KXSOL15M-26JUN261545-45,2026-06-26T19:45:00Z,73.5,73.19,0.865,13.6,0.01,0.8733,0.8733,0.5,0.0,1.0,0.074074,0.296296,1.0,0.703704,0.222222,0.007505,0.488372,1.0,93.233083,94.736842,0.409948,0.669582,0.724638,1.172061,1.0,1.0,999.0,,0.94781,1.0,0.265625,-0.123813,-1.0,-1.0,83.853211,0.0,74.176408,0.381611,0.0,0.0,0.0,1.0,0.4929,69.43,12.0,1.0,0.423144,1.0,73.77,0.3673,0.7925,,0.586998,,5,0.0082999999999999,0.7383,NO,0.135,False,-0.135,2026-06-26 19:45:00+00:00,2026-W26,0,0.8828715365239288,0.9226123254149904,0,-0.000453344244432046,0.5614632369624636,1.4423882761703868,-0.17487663709221563,-0.19404788862618527,-0.0010744609189825532,0.0015382756112807452,7.645854242713021e-151,1.0,2.1429584520495513e-211
2026-06-26 19:36:27+00:00,KXSOL15M-26JUN261545-45,2026-06-26T19:45:00Z,73.62,73.19,0.963,8.5,0.008,0.9278,0.9278,0.807692,2.214032,1.0,0.074074,0.296296,1.0,0.703704,0.222222,0.007505,0.488372,1.0,84.353741,87.567568,-0.121951,0.0,0.408886,1.039109,1.0,1.0,999.0,,0.958204,1.0,0.265625,-0.123813,-1.0,-1.0,83.853211,0.0,74.176408,0.381611,0.0,0.0,0.0,1.0,0.4929,69.43,12.0,1.0,0.583684,1.0,73.77,0.2037,0.7925,,0.587943,,5,-0.0352,0.8907999999999999,NO,0.037,False,-0.037,2026-06-26 19:45:00+00:00,2026-W26,0,0.8828715365239288,0.9226123254149904,0,-0.000453344244432046,0.5614632369624636,1.4423882761703868,-0.17487663709221563,-0.19404788862618527,-0.0010744609189825532,0.0015382756112807452,7.645854242713021e-151,1.0,2.1429584520495513e-211
2026-06-26 19:41:30+00:00,KXSOL15M-26JUN261545-45,2026-06-26T19:45:00Z,73.66,73.19,0.995,3.5,0.004,0.9437,0.9437,0.2,0.092998,1.0,0.074074,0.296296,1.0,0.703704,0.222222,0.00749,0.488372,1.0,93.877551,95.135135,0.257837,0.162844,0.860891,1.222374,1.0,1.0,999.0,,0.95445,1.0,0.265625,-0.123813,-1.0,-1.0,83.853211,0.0,74.176408,0.381611,0.0,0.0,0.0,1.0,0.4929,69.43,12.0,1.0,0.645167,1.0,73.77,0.1493,0.7925,,0.571657,,5,-0.0513,0.9387,NO,0.005,False,-0.005,2026-06-26 19:45:00+00:00,2026-W26,0,0.8828715365239288,0.9226123254149904,0,-0.000453344244432046,0.5614632369624636,1.4423882761703868,-0.17487663709221563,-0.19404788862618527,-0.0010744609189825532,0.0015382756112807452,7.645854242713021e-151,1.0,2.1429584520495513e-211
2026-06-29 02:38:58+00:00,KXSOL15M-26JUN282245-45,2026-06-29T02:45:00Z,71.76,71.67,0.79,6.0,0.02,0.7238,0.7238,0.0,0.048142,1.0,0.962963,0.962963,1.0,0.037037,0.0,0.008633,1.739931,2.0,100.0,100.0,-0.013928,0.30692,0.615729,1.229596,1.0,1.0,999.0,,1.014248,1.0,0.828571,-0.167387,-1.0,-1.0,70.588235,0.0,46.188341,0.026769,0.0,0.0,0.0,1.0,0.150249,71.93,13.0,1.0,0.121808,1.0,72.07,0.432,0.5581,,0.624141,,5,-0.0662,0.5138,NO,0.2099999999999999,False,-0.2099999999999999,2026-06-29 02:45:00+00:00,2026-W27,0,0.952941176470592,0.7620618683809728,0,-0.0009044547616548096,0.6655735948562835,4.6349182208841935,-0.05661373131240914,0.03686246455757198,0.0012109595056281476,0.002432386195906921,1.2902487890371092e-06,0.7969520488936042,0.2030466608576589
2026-06-29 02:49:06+00:00,KXSOL15M-26JUN282300-00,2026-06-29T03:00:00Z,71.97,71.97,0.525,10.9,0.01,0.6188,0.6188,0.909091,0.424468,1.0,0.695652,0.934783,1.0,0.065217,0.23913,0.008434,0.755869,3.0,100.0,100.0,0.0,0.069339,0.669643,1.583792,1.0,1.0,999.0,,0.966097,1.0,0.828571,-0.167387,-1.0,-1.0,70.588235,0.0,46.188341,0.026769,0.0,0.0,0.0,1.0,0.229221,71.76,13.0,1.0,0.00528,1.0,72.27,0.4168,0.4168,,0.654551,,5,0.0938,0.1438,NO,0.475,False,-0.475,2026-06-29 03:00:00+00:00,2026-W27,0,0.952941176470592,0.7620618683809728,0,-0.0009044547616548096,0.6655735948562835,4.6349182208841935,-0.05661373131240914,0.03686246455757198,0.0012109595056281476,0.002432386195906921,1.2902487890371092e-06,0.7969520488936042,0.2030466608576589
2026-06-29 03:49:58+00:00,KXSOL15M-26JUN290000-00,2026-06-29T04:00:00Z,72.66,72.65,0.575,10.0,0.01,0.6459,0.6459,0.0,0.051158,1.0,1.0,0.0,-1.0,0.0,0.0,0.008404,0.833139,1.0,69.127517,84.246575,0.068691,0.137476,-0.355677,2.210657,-1.0,1.0,999.0,,0.786664,1.0,1.0,0.993146,1.0,1.0,100.0,0.0,52.848723,0.094552,0.0,1.0,-2.0,-1.0,-0.023295,71.4,13.0,1.0,0.014866,0.0,72.62,-0.0551,-0.0413,,0.70198,,5,0.0709,0.2208999999999999,NO,0.425,True,0.575,2026-06-29 04:00:00+00:00,2026-W27,0,0.8328611898016988,0.8478924597318402,0,-0.00033925654928702496,0.7878409240890858,3.2426256627991,0.008355019423682417,-0.012008708111959775,0.0010478209274871648,-0.00014395751223394634,9.06983164162867e-10,0.9995641588288734,0.0004358402641831647
2026-06-29 03:55:02+00:00,KXSOL15M-26JUN290000-00,2026-06-29T04:00:00Z,72.64,72.65,0.545,5.0,0.01,0.3407,0.3407,0.857143,0.424222,1.0,1.0,0.0,-1.0,0.0,0.0,0.008412,0.833139,1.0,59.230769,81.849315,0.054975,-0.096101,-0.150933,2.06669,-1.0,1.0,999.0,,0.759131,1.0,1.0,0.993146,1.0,1.0,100.0,0.0,52.848723,0.094552,0.0,1.0,-2.0,-1.0,-0.023295,71.4,13.0,1.0,-0.005781,0.0,72.62,-0.0275,-0.0413,,0.655311,,5,-0.2043,-0.1142999999999999,NO,0.4549999999999999,True,0.545,2026-06-29 04:00:00+00:00,2026-W27,0,0.8328611898016988,0.8478924597318402,0,-0.00033925654928702496,0.7878409240890858,3.2426256627991,0.008355019423682417,-0.012008708111959775,0.0010478209274871648,-0.00014395751223394634,9.06983164162867e-10,0.9995641588288734,0.0004358402641831647
2026-06-29 06:01:53+00:00,KXSOL15M-26JUN290215-15,2026-06-29T06:15:00Z,72.41,72.16,0.755,13.1,0.01,0.8126,0.8126,1.0,2.364907,1.0,0.814815,1.0,1.0,0.0,0.185185,0.006144,1.211538,4.0,100.0,65.61086,0.332134,0.540541,1.002506,1.218568,1.0,1.0,999.0,,0.80125,1.0,1.0,0.752928,1.0,1.0,70.538244,1.0,51.58371,0.134669,0.0,0.0,0.0,1.0,0.115668,72.76,13.0,1.0,0.348121,1.0,72.48,0.0967,0.4435,,0.775904,,5,0.0575999999999999,0.5676,NO,0.245,False,-0.245,2026-06-29 06:15:00+00:00,2026-W27,0,0.7422096317280463,0.669245000650964,0,8.467117515658729e-05,0.7073854861331461,2.367779208121044,-0.12761321826997998,-0.11417432979410615,0.0004945582281271314,-0.00011426453139668923,8.440063068496715e-14,0.999999993474944,6.5249289157820885e-09
2026-06-29 06:06:56+00:00,KXSOL15M-26JUN290215-15,2026-06-29T06:15:00Z,72.18,72.16,0.635,8.1,0.01,0.6188,0.6188,0.225806,1.409548,1.0,0.814815,1.0,1.0,0.0,0.185185,0.006167,1.211538,4.0,81.37931,53.393665,0.055325,-0.372208,0.766871,0.782257,1.0,1.0,999.0,,0.791231,1.0,1.0,0.752928,1.0,1.0,70.538244,1.0,51.58371,0.134669,0.0,0.0,0.0,1.0,0.115668,72.71,13.0,1.0,0.025915,1.0,72.48,0.4156,0.4435,,0.747428,,5,-0.0161999999999999,0.2538,NO,0.365,False,-0.365,2026-06-29 06:15:00+00:00,2026-W27,0,0.7422096317280463,0.669245000650964,0,8.467117515658729e-05,0.7073854861331461,2.367779208121044,-0.12761321826997998,-0.11417432979410615,0.0004945582281271314,-0.00011426453139668923,8.440063068496715e-14,0.999999993474944,6.5249289157820885e-09
2026-06-29 06:12:00+00:00,KXSOL15M-26JUN290215-15,2026-06-29T06:15:00Z,72.31,72.16,0.975,3.0,0.006,0.8733,0.8733,0.944444,1.043549,1.0,0.814815,1.0,1.0,0.0,0.185185,0.006153,1.211538,4.0,93.103448,61.085973,0.0,0.235229,0.40194,0.985132,1.0,1.0,999.0,,0.762665,1.0,1.0,0.752928,1.0,1.0,70.538244,1.0,51.58371,0.134669,0.0,0.0,0.0,1.0,0.115668,72.71,13.0,1.0,0.213002,1.0,72.48,0.2351,0.4435,,0.731463,,5,-0.1017,0.8482999999999999,NO,0.025,False,-0.025,2026-06-29 06:15:00+00:00,2026-W27,0,0.7422096317280463,0.669245000650964,0,8.467117515658729e-05,0.7073854861331461,2.367779208121044,-0.12761321826997998,-0.11417432979410615,0.0004945582281271314,-0.00011426453139668923,8.440063068496715e-14,0.999999993474944,6.5249289157820885e-09
2026-06-29 06:17:07+00:00,KXSOL15M-26JUN290230-30,2026-06-29T06:30:00Z,72.35,72.34,0.575,12.9,0.01,0.6188,0.6188,1.0,0.566188,1.0,0.516129,0.806452,1.0,0.193548,0.290323,0.006002,0.712644,0.0,95.683453,62.895928,0.0,0.069032,0.08285,1.020987,1.0,1.0,999.0,,0.714343,1.0,1.0,0.752928,1.0,1.0,70.538244,1.0,51.58371,0.134669,0.0,0.0,0.0,1.0,0.047878,72.71,13.0,1.0,0.010091,1.0,72.73,0.5252,0.5391,,0.762485,,5,0.0438,0.1937999999999999,NO,0.425,False,-0.425,2026-06-29 06:30:00+00:00,2026-W27,0,0.7422096317280463,0.669245000650964,0,8.467117515658729e-05,0.7073854861331461,2.367779208121044,-0.12761321826997998,-0.11417432979410615,0.0004945582281271314,-0.00011426453139668923,8.440063068496715e-14,0.999999993474944,6.5249289157820885e-09
2026-06-29 06:22:10+00:00,KXSOL15M-26JUN290230-30,2026-06-29T06:30:00Z,72.6,72.34,0.9545,7.8,0.007,0.8733,0.8733,0.92,1.426796,1.0,0.516129,0.806452,1.0,0.193548,0.290323,0.005979,0.712644,5.0,97.222222,75.113122,-0.054953,0.206612,0.497306,1.33391,1.0,1.0,999.0,,0.716298,1.0,1.0,0.752928,1.0,1.0,70.538244,1.0,51.58371,0.134669,0.0,0.0,0.0,1.0,0.047878,72.52,13.0,1.0,0.352212,1.0,72.73,0.1791,0.5391,,0.762485,,5,-0.0812,0.8278,NO,0.0454999999999999,False,-0.0454999999999999,2026-06-29 06:30:00+00:00,2026-W27,0,0.7422096317280463,0.669245000650964,0,8.467117515658729e-05,0.7073854861331461,2.367779208121044,-0.12761321826997998,-0.11417432979410615,0.0004945582281271314,-0.00011426453139668923,8.440063068496715e-14,0.999999993474944,6.5249289157820885e-09
2026-06-29 06:27:14+00:00,KXSOL15M-26JUN290230-30,2026-06-29T06:30:00Z,72.78,72.34,0.995,2.8,0.006,0.9501,0.9501,1.0,1.871866,1.0,0.516129,0.806452,1.0,0.193548,0.290323,0.00597,0.712644,5.0,88.023952,80.090498,-0.095812,0.068672,0.593677,1.357037,1.0,1.0,999.0,,0.737236,1.0,1.0,0.752928,1.0,1.0,70.538244,1.0,51.58371,0.134669,0.0,0.0,0.0,1.0,0.047878,72.52,13.0,1.0,0.597572,1.0,72.73,-0.0687,0.5391,,0.762485,,5,-0.0449,0.9451,NO,0.005,False,-0.005,2026-06-29 06:30:00+00:00,2026-W27,0,0.7422096317280463,0.669245000650964,0,8.467117515658729e-05,0.7073854861331461,2.367779208121044,-0.12761321826997998,-0.11417432979410615,0.0004945582281271314,-0.00011426453139668923,8.440063068496715e-14,0.999999993474944,6.5249289157820885e-09
2026-06-29 06:47:32+00:00,KXSOL15M-26JUN290300-00,2026-06-29T07:00:00Z,72.28,72.27,0.51,12.5,0.02,0.6459,0.6459,0.0,0.40061,1.0,0.837838,0.0,-1.0,0.162162,0.0,0.005665,0.902439,-2.0,56.875,59.259259,-0.013816,-0.013816,-0.385409,0.502465,-1.0,1.0,999.0,,0.660232,1.0,1.0,0.752928,1.0,1.0,70.538244,1.0,51.58371,0.134669,0.0,0.0,-2.0,-1.0,0.094151,71.8,13.0,1.0,0.010654,1.0,72.31,0.0415,0.0553,,0.658393,,5,0.1359,0.1559,NO,0.49,False,-0.49,2026-06-29 07:00:00+00:00,2026-W27,0,0.7422096317280463,0.669245000650964,0,8.467117515658729e-05,0.7073854861331461,2.367779208121044,-0.12761321826997998,-0.11417432979410615,0.0004945582281271314,-0.00011426453139668923,8.440063068496715e-14,0.999999993474944,6.5249289157820885e-09
2026-06-29 06:52:35+00:00,KXSOL15M-26JUN290300-00,2026-06-29T07:00:00Z,72.29,72.27,0.63,7.4,0.02,0.6775,0.6775,0.0,0.161653,1.0,0.837838,0.0,-1.0,0.162162,0.0,0.005664,0.902439,1.0,50.0,60.185185,0.055287,0.027636,-0.124172,0.328461,-1.0,1.0,999.0,,0.625705,1.0,1.0,0.752928,1.0,1.0,70.538244,1.0,51.58371,0.134669,0.0,0.0,-2.0,-1.0,0.094151,71.8,13.0,1.0,0.02795,1.0,72.31,0.0277,0.0553,,0.636029,,5,0.0474999999999999,0.3075,NO,0.37,False,-0.37,2026-06-29 07:00:00+00:00,2026-W27,0,0.7422096317280463,0.669245000650964,0,8.467117515658729e-05,0.7073854861331461,2.367779208121044,-0.12761321826997998,-0.11417432979410615,0.0004945582281271314,-0.00011426453139668923,8.440063068496715e-14,0.999999993474944,6.5249289157820885e-09
2026-06-29 10:05:22+00:00,KXSOL15M-26JUN290615-15,2026-06-29T10:15:00Z,72.94,72.83,0.76,9.6,0.02,0.751,0.751,0.5,0.00591,1.0,0.56,0.96,1.0,0.04,0.4,0.004049,0.845411,2.0,82.608696,92.23301,0.0,0.123372,0.20579,0.243304,1.0,1.0,999.0,,0.578181,1.0,0.608696,0.261168,1.0,5.0,89.8017,0.0,69.217687,0.165946,0.0,1.0,0.0,1.0,0.05081,70.72,13.0,1.0,0.147604,1.0,73.44,0.6855,0.8376,,0.713822,,5,-0.009,0.511,NO,0.24,False,-0.24,2026-06-29 10:15:00+00:00,2026-W27,0,0.8891752577319573,0.7998461432393131,0,-0.00020434131976285752,0.6137953284757574,2.6040414623092336,-0.12478260298639829,-0.08866915950312113,0.0005396384602572846,0.0003295984796794428,1.8362660415258083e-10,0.9999820908260107,1.790899041351358e-05
2026-06-29 10:10:26+00:00,KXSOL15M-26JUN290615-15,2026-06-29T10:15:00Z,73.39,72.83,0.9975,4.6,0.001,0.9501,0.9501,1.0,3.082226,1.0,0.56,0.96,1.0,0.04,0.4,0.004022,0.845411,2.0,95.555556,97.278912,0.492611,0.657174,0.905847,0.800336,1.0,1.0,999.0,,0.702985,1.0,0.608696,0.261168,1.0,5.0,89.8017,0.0,69.217687,0.165946,0.0,1.0,0.0,1.0,0.05081,70.72,13.0,1.0,0.765481,1.0,73.44,0.0681,0.8376,,0.733884,,5,-0.0474000000000001,0.9476,NO,0.0024999999999999,False,-0.0024999999999999,2026-06-29 10:15:00+00:00,2026-W27,0,0.8891752577319573,0.7998461432393131,0,-0.00020434131976285752,0.6137953284757574,2.6040414623092336,-0.12478260298639829,-0.08866915950312113,0.0005396384602572846,0.0003295984796794428,1.8362660415258083e-10,0.9999820908260107,1.790899041351358e-05
2026-06-29 10:20:39+00:00,KXSOL15M-26JUN290630-30,2026-06-29T10:30:00Z,73.5,73.33,0.79,9.4,0.02,0.7977,0.7977,1.0,0.367303,1.0,0.770492,0.770492,1.0,0.229508,0.0,0.004259,1.94533,3.0,100.0,100.0,0.25882,0.327065,0.794085,0.739652,1.0,1.0,999.0,,0.699623,1.0,0.608696,0.261168,1.0,5.0,89.8017,0.0,69.217687,0.165946,0.0,1.0,0.0,1.0,0.451261,70.56,13.0,1.0,0.232086,0.0,73.37,-0.1769,0.0545,,0.769023,,5,0.0076999999999999,0.5877,NO,0.2099999999999999,True,0.79,2026-06-29 10:30:00+00:00,2026-W27,0,0.8891752577319573,0.7998461432393131,0,-0.00020434131976285752,0.6137953284757574,2.6040414623092336,-0.12478260298639829,-0.08866915950312113,0.0005396384602572846,0.0003295984796794428,1.8362660415258083e-10,0.9999820908260107,1.790899041351358e-05
2026-06-29 10:25:42+00:00,KXSOL15M-26JUN290630-30,2026-06-29T10:30:00Z,73.31,73.33,0.695,4.3,0.01,0.3407,0.3407,0.0,1.075084,1.0,0.770492,0.770492,1.0,0.229508,0.0,0.00427,1.94533,3.0,77.777778,85.897436,-0.068018,-0.258082,-0.122416,0.44158,1.0,1.0,999.0,,0.670564,1.0,0.608696,0.261168,1.0,5.0,89.8017,0.0,69.217687,0.165946,0.0,1.0,0.0,1.0,0.451261,70.56,13.0,1.0,-0.030408,0.0,73.37,0.0818,0.0545,,0.755611,,5,-0.3542999999999999,0.0356999999999999,NO,0.305,True,0.695,2026-06-29 10:30:00+00:00,2026-W27,0,0.8891752577319573,0.7998461432393131,0,-0.00020434131976285752,0.6137953284757574,2.6040414623092336,-0.12478260298639829,-0.08866915950312113,0.0005396384602572846,0.0003295984796794428,1.8362660415258083e-10,0.9999820908260107,1.790899041351358e-05
2026-06-29 17:01:23+00:00,KXSOL15M-26JUN291315-15,2026-06-29T17:15:00Z,74.0,73.92,0.62,13.6,0.02,0.631,0.631,1.0,0.092988,1.0,0.74359,0.74359,1.0,0.25641,0.0,0.010554,0.49863,3.0,98.305085,86.27451,0.0,0.148649,0.515394,0.311142,1.0,1.0,999.0,,1.124635,1.0,0.91453,0.298103,1.0,5.0,85.923754,0.0,67.234848,0.166647,0.0,0.0,0.0,1.0,0.013236,70.25,13.0,1.0,0.108229,1.0,75.99,2.6892,2.8003,,0.457709,,5,0.011,0.251,NO,0.38,False,-0.38,2026-06-29 17:15:00+00:00,2026-W27,0,0.8290854572713643,0.8898360325189921,0,-0.001862771280199188,0.8588315904703596,1.8200083033277517,-0.20560190593407265,-0.1124044461193018,0.004053247798714054,0.005170197815197694,2.2872232545624378e-31,1.0,2.1612913792639297e-25
2026-06-29 17:06:27+00:00,KXSOL15M-26JUN291315-15,2026-06-29T17:15:00Z,74.64,73.92,0.9795,8.5,0.001,0.9067,0.9067,1.0,0.225709,1.0,0.74359,0.74359,1.0,0.25641,0.0,0.010463,0.49863,3.0,96.256684,97.165992,0.591796,0.863581,0.972579,1.168842,1.0,1.0,999.0,,1.317115,1.0,0.91453,0.298103,1.0,5.0,85.923754,0.0,67.234848,0.166647,0.0,0.0,0.0,1.0,0.013236,69.72,13.0,1.0,0.974059,1.0,75.99,1.8087,2.8003,,0.457709,,5,-0.0728,0.8862,NO,0.0204999999999999,False,-0.0204999999999999,2026-06-29 17:15:00+00:00,2026-W27,0,0.8290854572713643,0.8898360325189921,0,-0.001862771280199188,0.8588315904703596,1.8200083033277517,-0.20560190593407265,-0.1124044461193018,0.004053247798714054,0.005170197815197694,2.2872232545624378e-31,1.0,2.1612913792639297e-25
2026-06-29 17:11:31+00:00,KXSOL15M-26JUN291315-15,2026-06-29T17:15:00Z,74.66,73.92,0.9915,3.5,0.001,0.9501,0.9501,0.428571,2.374455,1.0,0.74359,0.74359,1.0,0.25641,0.0,0.010452,0.49863,3.0,100.0,100.0,0.187718,0.160621,1.121622,1.170786,1.0,1.0,999.0,,1.294361,1.0,0.91453,0.298103,1.0,5.0,85.923754,0.0,67.234848,0.166647,0.0,0.0,0.0,1.0,0.013236,69.72,13.0,1.0,1.001116,1.0,75.99,1.7814,2.8003,,0.457709,,5,-0.0414000000000001,0.9416,NO,0.0084999999999999,False,-0.0084999999999999,2026-06-29 17:15:00+00:00,2026-W27,0,0.8290854572713643,0.8898360325189921,0,-0.001862771280199188,0.8588315904703596,1.8200083033277517,-0.20560190593407265,-0.1124044461193018,0.004053247798714054,0.005170197815197694,2.2872232545624378e-31,1.0,2.1612913792639297e-25
2026-06-29 17:16:42+00:00,KXSOL15M-26JUN291330-30,2026-06-29T17:30:00Z,75.81,75.17,0.845,13.3,0.01,0.8017,0.8017,0.741176,0.884755,1.0,0.847222,0.847222,1.0,0.152778,0.0,0.0106,1.78882,4.0,85.673352,87.775061,0.99681,1.483362,2.469302,2.610645,1.0,1.0,999.0,,1.783101,1.0,0.91453,0.298103,1.0,5.0,85.923754,0.0,67.234848,0.166647,0.0,0.0,,,,,13.0,1.0,0.856311,1.0,76.07,0.343,1.1973,,0.716321,,5,-0.0433,0.6466999999999999,NO,0.155,False,-0.155,2026-06-29 17:30:00+00:00,2026-W27,0,0.8290854572713643,0.8898360325189921,0,-0.001862771280199188,0.8588315904703596,1.8200083033277517,-0.20560190593407265,-0.1124044461193018,0.004053247798714054,0.005170197815197694,2.2872232545624378e-31,1.0,2.1612913792639297e-25
2026-06-29 17:21:45+00:00,KXSOL15M-26JUN291330-30,2026-06-29T17:30:00Z,75.24,75.17,0.565,8.2,0.03,0.6188,0.6188,0.582609,7.924104,1.0,0.847222,0.847222,1.0,0.152778,0.0,0.010689,1.78882,4.0,67.621777,72.371638,-0.131648,-0.907895,0.803105,1.026023,1.0,1.0,999.0,,1.950981,1.0,0.91453,0.298103,1.0,5.0,85.923754,0.0,67.234848,0.166647,0.0,0.0,0.0,0.998886,1.297258,69.51,13.0,1.0,0.091391,1.0,76.07,1.1031,1.1973,,0.716321,,5,0.0538,0.1837999999999999,NO,0.435,False,-0.435,2026-06-29 17:30:00+00:00,2026-W27,0,0.8290854572713643,0.8898360325189921,0,-0.001862771280199188,0.8588315904703596,1.8200083033277517,-0.20560190593407265,-0.1124044461193018,0.004053247798714054,0.005170197815197694,2.2872232545624378e-31,1.0,2.1612913792639297e-25
2026-06-29 17:26:53+00:00,KXSOL15M-26JUN291330-30,2026-06-29T17:30:00Z,75.36,75.17,0.9325,3.1,0.009,0.788,0.788,0.141026,1.044089,1.0,0.847222,0.847222,1.0,0.152778,0.0,0.010665,1.78882,4.0,72.492837,76.528117,0.159151,0.185824,0.868636,0.919914,1.0,1.0,999.0,,1.874913,1.0,0.91453,0.298103,1.0,5.0,85.923754,0.0,67.234848,0.166647,0.0,0.0,0.0,0.998859,1.297258,69.51,13.0,1.0,0.254352,1.0,76.07,0.9421,1.1973,,0.716321,,5,-0.1444999999999999,0.7205,NO,0.0675,False,-0.0675,2026-06-29 17:30:00+00:00,2026-W27,0,0.8290854572713643,0.8898360325189921,0,-0.001862771280199188,0.8588315904703596,1.8200083033277517,-0.20560190593407265,-0.1124044461193018,0.004053247798714054,0.005170197815197694,2.2872232545624378e-31,1.0,2.1612913792639297e-25
2026-06-29 17:32:01+00:00,KXSOL15M-26JUN291345-45,2026-06-29T17:45:00Z,75.88,75.86,0.52,13.0,0.02,0.6188,0.6188,1.0,0.73662,1.0,0.66087,0.66087,1.0,0.33913,0.0,0.010821,1.398784,-1.0,86.819484,88.753056,0.026298,0.662427,-0.026316,1.52315,1.0,1.0,999.0,,1.863283,1.0,0.91453,0.298103,1.0,5.0,85.923754,0.0,67.234848,0.166647,0.0,0.0,0.0,1.0,0.60932,69.4,13.0,1.0,0.029001,0.0,75.75,-0.1713,-0.145,,0.779885,,5,0.0988,0.1388,NO,0.48,True,0.52,2026-06-29 17:45:00+00:00,2026-W27,0,0.8290854572713643,0.8898360325189921,0,-0.001862771280199188,0.8588315904703596,1.8200083033277517,-0.20560190593407265,-0.1124044461193018,0.004053247798714054,0.005170197815197694,2.2872232545624378e-31,1.0,2.1612913792639297e-25
2026-06-29 18:02:28+00:00,KXSOL15M-26JUN291415-15,2026-06-29T18:15:00Z,75.15,75.19,0.505,12.5,0.01,0.3462,0.3462,0.0,0.040067,1.0,0.872727,0.072727,-1.0,0.054545,0.072727,0.009764,0.748299,-3.0,54.509804,68.219178,0.146296,-0.079639,-0.502247,-0.177093,-1.0,1.0,999.0,,1.435353,1.0,0.512821,1.619433,1.0,5.0,78.691589,-1.0,71.404959,0.225771,0.0,0.0,-2.0,-1.0,-0.344503,69.04,13.0,1.0,-0.058914,1.0,75.62,0.6254,0.5719,,0.664861,,5,-0.1588,-0.1488,NO,0.495,False,-0.495,2026-06-29 18:15:00+00:00,2026-W27,0,0.866454689984101,0.9097709699216494,0,0.00040486800008472613,0.8569418463280494,1.9949096115509177,-0.1680777591406266,-0.08420404991560757,0.0007117632632147319,-0.0040013671405107285,3.278392446533566e-40,1.0,8.916048825177077e-31
2026-06-29 18:07:33+00:00,KXSOL15M-26JUN291415-15,2026-06-29T18:15:00Z,75.37,75.19,0.8,7.5,0.02,0.7507,0.7507,0.923077,0.135482,1.0,0.872727,0.072727,-1.0,0.054545,0.072727,0.009749,0.748299,1.0,56.61157,71.232877,0.0,0.172735,-0.106002,-0.044868,-1.0,1.0,999.0,,1.365248,1.0,0.512821,1.619433,1.0,5.0,78.691589,-1.0,71.404959,0.225771,0.0,0.0,-2.0,-0.996308,-0.344503,68.97,13.0,1.0,0.233661,1.0,75.62,0.3317,0.5719,,0.664861,,5,-0.0493,0.5507000000000001,NO,0.1999999999999999,False,-0.1999999999999999,2026-06-29 18:15:00+00:00,2026-W27,0,0.866454689984101,0.9097709699216494,0,0.00040486800008472613,0.8569418463280494,1.9949096115509177,-0.1680777591406266,-0.08420404991560757,0.0007117632632147319,-0.0040013671405107285,3.278392446533566e-40,1.0,8.916048825177077e-31
2026-06-29 18:12:37+00:00,KXSOL15M-26JUN291415-15,2026-06-29T18:15:00Z,75.59,75.19,0.9985,2.4,0.001,0.9437,0.9437,1.0,0.372707,1.0,0.872727,0.072727,-1.0,0.054545,0.072727,0.009708,0.748299,1.0,64.215686,80.0,-0.052805,0.424459,0.491107,0.355207,1.0,1.0,999.0,,1.377841,1.0,0.512821,1.619433,1.0,5.0,78.691589,-1.0,71.404959,0.225771,0.0,0.0,-1.0,-0.564379,-0.344503,68.97,13.0,1.0,0.522912,1.0,75.62,0.0397,0.5719,,0.664861,,5,-0.0548,0.9422,NO,0.0014999999999999,False,-0.0014999999999999,2026-06-29 18:15:00+00:00,2026-W27,0,0.866454689984101,0.9097709699216494,0,0.00040486800008472613,0.8569418463280494,1.9949096115509177,-0.1680777591406266,-0.08420404991560757,0.0007117632632147319,-0.0040013671405107285,3.278392446533566e-40,1.0,8.916048825177077e-31
2026-06-29 18:33:00+00:00,KXSOL15M-26JUN291445-45,2026-06-29T18:45:00Z,75.24,75.15,0.7,12.0,0.02,0.6963,0.6963,0.0,0.182399,1.0,0.926829,0.0,-1.0,0.073171,0.0,0.009308,0.585117,1.0,11.827957,66.762178,-0.013294,-0.039835,-0.159151,-0.3361,-1.0,1.0,999.0,,1.294291,1.0,0.512821,1.619433,1.0,5.0,78.691589,-1.0,71.404959,0.225771,0.0,0.0,-2.0,-1.0,-0.20353,68.5,13.0,1.0,0.114835,1.0,75.63,0.5183,0.6387,,0.688947,,5,-0.0036999999999999,0.3963,NO,0.3,False,-0.3,2026-06-29 18:45:00+00:00,2026-W27,0,0.866454689984101,0.9097709699216494,0,0.00040486800008472613,0.8569418463280494,1.9949096115509177,-0.1680777591406266,-0.08420404991560757,0.0007117632632147319,-0.0040013671405107285,3.278392446533566e-40,1.0,8.916048825177077e-31
2026-06-29 18:38:05+00:00,KXSOL15M-26JUN291445-45,2026-06-29T18:45:00Z,75.38,75.15,0.913,6.9,0.01,0.8126,0.8126,1.0,0.095935,1.0,0.926829,0.0,-1.0,0.073171,0.0,0.009283,0.585117,1.0,33.333333,72.492837,0.053022,0.212427,-0.224719,-0.117117,1.0,1.0,999.0,,1.232465,1.0,0.512821,1.619433,1.0,5.0,78.691589,-1.0,71.404959,0.225771,0.0,0.0,-2.0,-1.0,-0.20353,68.5,13.0,1.0,0.30778,1.0,75.63,0.3317,0.6387,,0.737916,,5,-0.1004,0.7256,NO,0.0869999999999999,False,-0.0869999999999999,2026-06-29 18:45:00+00:00,2026-W27,0,0.866454689984101,0.9097709699216494,0,0.00040486800008472613,0.8569418463280494,1.9949096115509177,-0.1680777591406266,-0.08420404991560757,0.0007117632632147319,-0.0040013671405107285,3.278392446533566e-40,1.0,8.916048825177077e-31
2026-06-29 19:08:33+00:00,KXSOL15M-26JUN291515-15,2026-06-29T19:15:00Z,75.44,75.47,0.525,6.4,0.01,0.3116,0.3116,0.923077,0.423622,1.0,0.448276,0.551724,-1.0,0.0,0.551724,0.008448,0.453631,1.0,86.206897,77.936963,0.0,0.318176,0.198623,0.056688,1.0,1.0,999.0,,0.935457,1.0,0.741379,0.438422,1.0,5.0,84.299065,1.0,86.842105,0.268342,0.0,0.0,0.0,1.0,-0.077582,68.16,13.0,1.0,-0.034451,0.0,75.5,0.0795,0.0398,,0.616343,,5,-0.2134,-0.1634,NO,0.475,True,0.525,2026-06-29 19:15:00+00:00,2026-W27,0,0.9240924092409252,0.9406541662341984,0,-2.1003091633875037e-05,0.6718643772058336,1.9760760027043693,-0.17068643026598185,-0.07510071271491447,-0.00035481979207830716,-0.0011707717206012273,7.567736774242465e-52,1.0,1.5022390986594299e-36
2026-06-29 19:18:41+00:00,KXSOL15M-26JUN291530-30,2026-06-29T19:30:00Z,75.67,75.39,0.83,11.3,0.02,0.788,0.788,0.045455,0.57863,1.0,0.214286,0.25,-1.0,0.535714,0.25,0.008127,0.454229,1.0,100.0,83.094556,0.277888,0.476884,0.556808,0.384204,1.0,1.0,999.0,,0.94634,1.0,0.741379,0.438422,1.0,5.0,84.299065,1.0,86.842105,0.268342,0.0,0.0,0.0,1.0,-0.095413,68.16,13.0,1.0,0.366077,1.0,76.03,0.4757,0.8489,,0.656639,,5,-0.0419999999999999,0.618,NO,0.17,False,-0.17,2026-06-29 19:30:00+00:00,2026-W27,0,0.9240924092409252,0.9406541662341984,0,-2.1003091633875037e-05,0.6718643772058336,1.9760760027043693,-0.17068643026598185,-0.07510071271491447,-0.00035481979207830716,-0.0011707717206012273,7.567736774242465e-52,1.0,1.5022390986594299e-36
2026-06-29 19:23:45+00:00,KXSOL15M-26JUN291530-30,2026-06-29T19:30:00Z,75.82,75.39,0.9795,6.3,0.009,0.9278,0.9278,0.942857,0.407529,1.0,0.214286,0.25,-1.0,0.535714,0.25,0.008121,0.454229,1.0,92.105263,84.813754,-0.039505,0.171549,0.449914,0.463755,1.0,1.0,999.0,,0.915514,1.0,0.741379,0.438422,1.0,5.0,84.299065,1.0,86.842105,0.268342,0.0,0.0,0.0,1.0,-0.095413,68.1,13.0,1.0,0.568348,1.0,76.03,0.277,0.8489,,0.693493,,5,-0.0517,0.9073,NO,0.0204999999999999,False,-0.0204999999999999,2026-06-29 19:30:00+00:00,2026-W27,0,0.9240924092409252,0.9406541662341984,0,-2.1003091633875037e-05,0.6718643772058336,1.9760760027043693,-0.17068643026598185,-0.07510071271491447,-0.00035481979207830716,-0.0011707717206012273,7.567736774242465e-52,1.0,1.5022390986594299e-36
2026-06-29 19:54:12+00:00,KXSOL15M-26JUN291600-00,2026-06-29T20:00:00Z,75.88,75.85,0.55,5.8,0.02,0.6188,0.6188,0.0,0.400617,1.0,0.322581,0.580645,-1.0,0.096774,0.580645,0.008239,0.494305,1.0,92.0,90.778098,0.039427,0.289855,0.316289,0.5772,1.0,1.0,999.0,,0.863354,1.0,0.741379,0.438422,1.0,5.0,84.299065,1.0,86.842105,0.268342,0.0,0.0,0.0,1.0,-0.342195,67.84,13.0,1.0,0.038499,1.0,75.8,-0.1054,-0.0659,,0.751642,,5,0.0687999999999999,0.1688,NO,0.4499999999999999,False,-0.4499999999999999,2026-06-29 20:00:00+00:00,2026-W27,0,0.9240924092409252,0.9406541662341984,0,-2.1003091633875037e-05,0.6718643772058336,1.9760760027043693,-0.17068643026598185,-0.07510071271491447,-0.00035481979207830716,-0.0011707717206012273,7.567736774242465e-52,1.0,1.5022390986594299e-36
2026-07-01 03:46:52+00:00,KXSOL15M-26JUL010000-00,2026-07-01T04:00:00Z,75.0,74.72,0.865,13.1,0.01,0.788,0.788,0.055556,0.057176,1.0,0.422535,0.464789,1.0,0.535211,0.042254,0.007169,1.318302,2.0,92.941176,97.952218,0.066836,0.253536,0.832103,0.472182,1.0,1.0,999.0,,0.860862,1.0,0.806723,1.08152,1.0,4.0,92.434211,0.0,81.647059,0.116045,0.0,0.0,0.0,1.0,0.328746,69.91,10.0,1.0,0.364939,1.0,75.53,0.7067,1.084,,0.980035,,5,-0.0769999999999999,0.653,NO,0.135,False,-0.135,2026-07-01 04:00:00+00:00,2026-W27,0,0.9541778975741236,1.0082269614320591,1,-0.0005245487638304783,0.6741910418271251,2.631794298586537,0.03138923424262802,-0.06532766037765686,0.002445303819698244,-0.0007475152426247942,6.986030758651119e-06,0.2540233560423865,0.7459696579268342
2026-07-01 03:51:57+00:00,KXSOL15M-26JUL010000-00,2026-07-01T04:00:00Z,75.16,74.72,0.9645,8.0,0.009,0.9091,0.9091,0.69697,0.348738,1.0,0.422535,0.464789,1.0,0.535211,0.042254,0.007149,1.318302,2.0,88.495575,95.950156,0.092999,0.239489,0.668092,0.742456,1.0,1.0,999.0,,0.850582,1.0,0.806723,1.08152,1.0,4.0,92.434211,0.0,81.647059,0.116045,0.0,0.0,0.0,1.0,0.328746,69.94,10.0,1.0,0.585749,1.0,75.53,0.4923,1.084,,0.969031,,5,-0.0554,0.8736,NO,0.0354999999999999,False,-0.0354999999999999,2026-07-01 04:00:00+00:00,2026-W27,0,0.9541778975741236,1.0082269614320591,1,-0.0005245487638304783,0.6741910418271251,2.631794298586537,0.03138923424262802,-0.06532766037765686,0.002445303819698244,-0.0007475152426247942,6.986030758651119e-06,0.2540233560423865,0.7459696579268342
2026-07-01 03:57:00+00:00,KXSOL15M-26JUL010000-00,2026-07-01T04:00:00Z,75.45,74.72,0.994,3.0,0.008,0.9501,0.9501,0.916667,0.1318,1.0,0.422535,0.464789,1.0,0.535211,0.042254,0.007129,1.318302,2.0,90.977444,96.480938,-0.052889,0.278736,0.813985,1.014009,1.0,1.0,999.0,,0.847763,1.0,0.806723,1.08152,1.0,4.0,92.434211,0.0,81.647059,0.116045,0.0,0.0,0.0,1.0,0.328746,69.94,10.0,1.0,0.97384,1.0,75.53,0.106,1.084,,0.969031,,5,-0.0439,0.9441,NO,0.006,False,-0.006,2026-07-01 04:00:00+00:00,2026-W27,0,0.9541778975741236,1.0082269614320591,1,-0.0005245487638304783,0.6741910418271251,2.631794298586537,0.03138923424262802,-0.06532766037765686,0.002445303819698244,-0.0007475152426247942,6.986030758651119e-06,0.2540233560423865,0.7459696579268342
2026-07-01 04:07:11+00:00,KXSOL15M-26JUL010015-15,2026-07-01T04:15:00Z,75.44,75.4,0.53,7.8,0.02,0.6188,0.6188,0.25,0.046364,1.0,0.802326,0.802326,1.0,0.197674,0.0,0.007519,1.512563,3.0,96.240602,98.533724,0.026455,0.212033,0.198754,0.898625,1.0,1.0,999.0,,0.755261,1.0,0.87218,0.922337,1.0,5.0,95.014663,0.0,81.384248,0.204452,0.0,0.0,0.0,1.0,0.196315,69.72,10.0,1.0,0.045356,0.0,75.41,-0.0398,0.0133,,0.998846,,5,0.0887999999999999,0.1488,NO,0.47,True,0.53,2026-07-01 04:15:00+00:00,2026-W27,0,0.9376623376623354,0.9631740050353151,0,0.0004891029833781717,0.6074551319889179,4.010188511733375,0.0282816490417257,-0.0664357797435946,-0.0010397173160025565,-0.003811482130886055,6.341918288625901e-07,0.9005980467294205,0.09940131907876885
2026-07-01 04:40:24+00:00,KXSOL15M-26JUL010045-45,2026-07-01T04:45:00Z,75.33,75.35,0.555,4.6,0.01,0.3116,0.3116,0.75,0.029486,1.0,0.4375,1.0,1.0,0.0,0.5625,0.007401,0.286445,2.0,73.553719,89.189189,0.039767,-0.013249,0.239076,0.456222,1.0,1.0,999.0,,0.635151,1.0,0.87218,0.922337,1.0,5.0,95.014663,0.0,81.384248,0.204452,0.0,0.0,0.0,1.0,0.154345,69.29,10.0,1.0,-0.032779,1.0,75.77,0.5841,0.5574,,0.995757,,5,-0.2434,-0.1333999999999999,NO,0.4449999999999999,False,-0.4449999999999999,2026-07-01 04:45:00+00:00,2026-W27,0,0.9376623376623354,0.9631740050353151,0,0.0004891029833781717,0.6074551319889179,4.010188511733375,0.0282816490417257,-0.0664357797435946,-0.0010397173160025565,-0.003811482130886055,6.341918288625901e-07,0.9005980467294205,0.09940131907876885
2026-07-01 04:40:41+00:00,KXSOL15M-26JUL010045-45,2026-07-01T04:45:00Z,75.35,75.35,0.65,4.3,0.02,0.6188,0.6188,0.75,0.029486,1.0,0.4375,1.0,1.0,0.0,0.5625,0.007401,0.286445,2.0,73.553719,89.189189,0.039767,-0.013249,0.239076,0.456222,1.0,1.0,999.0,,0.635151,1.0,0.87218,0.922337,1.0,5.0,95.014663,0.0,81.384248,0.204452,0.0,0.0,0.0,1.0,0.154345,69.29,10.0,1.0,0.000398,1.0,75.77,0.5574,0.5574,,0.995757,,5,-0.0312,0.2688,NO,0.35,False,-0.35,2026-07-01 04:45:00+00:00,2026-W27,0,0.9376623376623354,0.9631740050353151,0,0.0004891029833781717,0.6074551319889179,4.010188511733375,0.0282816490417257,-0.0664357797435946,-0.0010397173160025565,-0.003811482130886055,6.341918288625901e-07,0.9005980467294205,0.09940131907876885
2026-07-01 04:50:50+00:00,KXSOL15M-26JUL010100-00,2026-07-01T05:00:00Z,75.63,75.49,0.825,9.2,0.01,0.788,0.788,0.5625,0.047384,1.0,0.560976,0.560976,1.0,0.439024,0.0,0.006441,0.84041,3.0,93.0,97.2,0.0,-0.039594,0.344462,0.805531,1.0,1.0,999.0,,0.643659,1.0,0.87218,0.922337,1.0,5.0,95.014663,0.0,81.384248,0.204452,0.0,0.0,0.0,1.0,0.180804,69.28,10.0,1.0,0.18306,0.0,75.56,-0.0926,0.0927,,1.021265,,5,-0.0369999999999999,0.613,NO,0.175,True,0.825,2026-07-01 05:00:00+00:00,2026-W27,0,0.9376623376623354,0.9631740050353151,0,0.0004891029833781717,0.6074551319889179,4.010188511733375,0.0282816490417257,-0.0664357797435946,-0.0010397173160025565,-0.003811482130886055,6.341918288625901e-07,0.9005980467294205,0.09940131907876885
2026-07-01 04:55:54+00:00,KXSOL15M-26JUL010100-00,2026-07-01T05:00:00Z,75.56,75.49,0.87,4.1,0.02,0.7507,0.7507,0.0,0.015347,1.0,0.560976,0.560976,1.0,0.439024,0.0,0.006446,0.84041,3.0,75.0,94.8,-0.066033,-0.079218,0.291545,0.723598,1.0,1.0,999.0,,0.611249,1.0,0.87218,0.922337,1.0,5.0,95.014663,0.0,81.384248,0.204452,0.0,0.0,0.0,1.0,0.180804,69.28,10.0,1.0,0.083715,0.0,75.56,0.0,0.0927,,1.026634,,5,-0.1192999999999999,0.6207,NO,0.13,True,0.87,2026-07-01 05:00:00+00:00,2026-W27,0,0.9376623376623354,0.9631740050353151,0,0.0004891029833781717,0.6074551319889179,4.010188511733375,0.0282816490417257,-0.0664357797435946,-0.0010397173160025565,-0.003811482130886055,6.341918288625901e-07,0.9005980467294205,0.09940131907876885
2026-07-01 05:06:02+00:00,KXSOL15M-26JUL010115-15,2026-07-01T05:15:00Z,75.62,75.47,0.88,9.0,0.02,0.7977,0.7977,1.0,0.038578,1.0,0.296296,0.111111,-1.0,0.592593,0.111111,0.006101,0.585139,1.0,65.384615,91.044776,0.039688,0.092642,-0.145234,0.649438,-1.0,1.0,999.0,,0.545964,1.0,0.538462,0.105974,1.0,5.0,93.239437,-1.0,81.428571,0.239889,0.0,0.0,0.0,1.0,-0.111227,69.13,10.0,1.0,0.204988,0.0,75.55,-0.0926,0.106,,0.930667,,5,-0.0823,0.6777,NO,0.12,True,0.88,2026-07-01 05:15:00+00:00,2026-W27,0,0.8467532467532463,0.7782793251853538,0,0.0008613416323548326,0.631745338989591,3.81626652370675,-0.00015319943304393938,-0.06816768102330334,-0.0034734563697992825,-0.0026272133448112522,2.1422167409017516e-07,0.9826422519216252,0.017357533856687292
2026-07-01 05:16:10+00:00,KXSOL15M-26JUL010130-30,2026-07-01T05:30:00Z,75.44,75.39,0.625,13.8,0.01,0.6963,0.6963,0.0,0.011157,1.0,0.4,0.0,-1.0,0.6,0.0,0.005436,0.852174,1.0,50.0,87.0,0.172368,0.119268,-0.039693,0.53249,-1.0,1.0,999.0,,0.589899,1.0,0.538462,0.105974,1.0,5.0,93.239437,-1.0,81.428571,0.239889,0.0,0.0,0.0,1.0,-0.11965,69.13,10.0,1.0,0.058759,0.0,75.24,-0.2651,-0.199,,0.914037,,5,0.0713,0.3213,NO,0.375,True,0.625,2026-07-01 05:30:00+00:00,2026-W27,0,0.8467532467532463,0.7782793251853538,0,0.0008613416323548326,0.631745338989591,3.81626652370675,-0.00015319943304393938,-0.06816768102330334,-0.0034734563697992825,-0.0026272133448112522,2.1422167409017516e-07,0.9826422519216252,0.017357533856687292
2026-07-01 05:31:22+00:00,KXSOL15M-26JUL010145-45,2026-07-01T05:45:00Z,75.12,75.09,0.59,13.6,0.02,0.6459,0.6459,0.0,0.584683,1.0,0.767442,0.0,-1.0,0.232558,0.0,0.005411,1.05614,1.0,10.9375,65.662651,0.093122,-0.198965,-0.47619,-0.398831,-1.0,1.0,999.0,,0.634559,1.0,0.538462,0.105974,1.0,5.0,93.239437,-1.0,81.428571,0.239889,0.0,0.0,-2.0,-1.0,-0.262592,68.48,10.0,1.0,0.047012,1.0,75.39,0.3594,0.3995,,0.742132,,5,0.0559,0.2359,NO,0.41,False,-0.41,2026-07-01 05:45:00+00:00,2026-W27,0,0.8467532467532463,0.7782793251853538,0,0.0008613416323548326,0.631745338989591,3.81626652370675,-0.00015319943304393938,-0.06816768102330334,-0.0034734563697992825,-0.0026272133448112522,2.1422167409017516e-07,0.9826422519216252,0.017357533856687292
2026-07-01 05:36:26+00:00,KXSOL15M-26JUL010145-45,2026-07-01T05:45:00Z,75.1,75.09,0.515,8.6,0.01,0.6667,0.6667,0.0,0.473786,1.0,0.767442,0.0,-1.0,0.232558,0.0,0.005414,1.05614,1.0,4.6875,63.253012,0.0,-0.053163,-0.172574,-0.441888,-1.0,1.0,999.0,,0.600837,1.0,0.538462,0.105974,1.0,5.0,93.239437,-1.0,81.428571,0.239889,0.0,0.0,-2.0,-1.0,-0.262592,68.25,10.0,1.0,0.023706,1.0,75.39,0.3862,0.3995,,0.73289,,5,0.1516999999999999,0.1816999999999999,NO,0.485,False,-0.485,2026-07-01 05:45:00+00:00,2026-W27,0,0.8467532467532463,0.7782793251853538,0,0.0008613416323548326,0.631745338989591,3.81626652370675,-0.00015319943304393938,-0.06816768102330334,-0.0034734563697992825,-0.0026272133448112522,2.1422167409017516e-07,0.9826422519216252,0.017357533856687292
2026-07-01 05:41:33+00:00,KXSOL15M-26JUL010145-45,2026-07-01T05:45:00Z,75.23,75.09,0.9555,3.4,0.009,0.8733,0.8733,1.0,0.068189,1.0,0.767442,0.0,-1.0,0.232558,0.0,0.005408,1.05614,1.0,17.1875,68.072289,0.053163,0.106383,-0.145908,-0.190929,-1.0,1.0,999.0,,0.57251,1.0,0.538462,0.105974,1.0,5.0,93.239437,-1.0,81.428571,0.239889,0.0,0.0,-2.0,-1.0,-0.262592,68.25,10.0,1.0,0.186849,1.0,75.39,0.2127,0.3995,,0.703229,,5,-0.0822,0.8288,NO,0.0444999999999999,False,-0.0444999999999999,2026-07-01 05:45:00+00:00,2026-W27,0,0.8467532467532463,0.7782793251853538,0,0.0008613416323548326,0.631745338989591,3.81626652370675,-0.00015319943304393938,-0.06816768102330334,-0.0034734563697992825,-0.0026272133448112522,2.1422167409017516e-07,0.9826422519216252,0.017357533856687292
2026-07-01 15:24:48+00:00,KXSOL15M-26JUL011130-30,2026-07-01T15:30:00Z,77.56,76.96,0.9825,5.2,0.009,0.9067,0.9067,0.266667,0.005502,1.0,0.254545,0.254545,1.0,0.745455,0.0,0.006835,1.036339,2.0,94.927536,97.941176,0.596087,0.949038,0.687241,1.301342,1.0,1.0,999.0,,1.683025,1.0,0.768707,1.304348,1.0,2.0,93.158954,0.0,71.056063,0.168651,0.0,0.0,0.0,1.0,0.18294,65.78,10.0,1.0,0.785781,1.0,77.6,0.0516,0.8316,,0.399668,,5,-0.0758,0.8892,NO,0.0174999999999999,False,-0.0174999999999999,2026-07-01 15:30:00+00:00,2026-W27,0,0.9432234432234428,1.1098657769707376,1,-3.592872448425919e-05,0.49381511605190836,1.86662111538471,0.1551773656192824,0.04271926738652504,0.0013650048549106479,-0.0037801752075270773,2.159084402977366e-31,1.0,3.943324493381652e-21
2026-07-01 16:20:35+00:00,KXSOL15M-26JUL011230-30,2026-07-01T16:30:00Z,77.44,77.31,0.705,9.4,0.01,0.7238,0.7238,0.75,0.06513,1.0,0.083333,0.833333,1.0,0.166667,0.75,0.007144,0.433548,2.0,73.255814,92.459016,0.0,0.051646,0.31068,0.507775,1.0,1.0,999.0,,1.011108,1.0,0.639535,0.623944,1.0,3.0,92.071611,-1.0,71.969697,0.245085,0.0,0.0,1.0,1.0,0.260915,64.81,10.0,1.0,0.167906,1.0,77.81,0.4778,0.6467,,0.465934,,5,0.0188,0.4287999999999999,NO,0.295,False,-0.295,2026-07-01 16:30:00+00:00,2026-W27,0,0.8226351351351333,0.8982079780663309,0,0.0008412319512165324,0.4870251424916864,2.0105613265389772,0.13323035815436904,0.07393938811535383,-0.002747382565271651,-0.005370163574820699,3.2100690426584302e-24,1.0,6.91403379116206e-17
2026-07-01 16:25:38+00:00,KXSOL15M-26JUL011230-30,2026-07-01T16:30:00Z,77.41,77.31,0.88,4.4,0.02,0.751,0.751,0.0,0.198869,1.0,0.083333,0.833333,1.0,0.166667,0.75,0.007145,0.433548,2.0,72.093023,92.131148,0.0,-0.012905,0.090428,0.488987,1.0,1.0,999.0,,1.001345,1.0,0.639535,0.623944,1.0,3.0,92.071611,-1.0,71.969697,0.245085,0.0,0.0,1.0,1.0,0.260915,64.81,10.0,1.0,0.1388,1.0,77.81,0.5167,0.6467,,0.487099,,5,-0.129,0.631,NO,0.12,False,-0.12,2026-07-01 16:30:00+00:00,2026-W27,0,0.8226351351351333,0.8982079780663309,0,0.0008412319512165324,0.4870251424916864,2.0105613265389772,0.13323035815436904,0.07393938811535383,-0.002747382565271651,-0.005370163574820699,3.2100690426584302e-24,1.0,6.91403379116206e-17
2026-07-01 17:31:04+00:00,KXSOL15M-26JUL011345-45,2026-07-01T17:45:00Z,77.73,77.67,0.625,13.9,0.01,0.6237,0.6237,0.047619,3.258952,1.0,0.705882,0.705882,1.0,0.294118,0.0,0.007141,1.225225,-1.0,62.601626,75.0,0.012865,-0.154162,0.543338,0.133354,1.0,1.0,999.0,,0.961526,1.0,0.139344,-0.387447,-1.0,-1.0,74.880383,0.0,66.032609,0.258946,0.0,0.0,1.0,0.998858,0.223378,64.25,10.0,1.0,0.083432,0.0,77.81,0.1029,0.1802,,0.599704,,5,-0.0012999999999999,0.2487,NO,0.375,True,0.625,2026-07-01 17:45:00+00:00,2026-W27,0,0.9307432432432414,1.0057848786116694,1,-0.0008083216451411924,0.5477670671952558,2.2259932814581256,0.03486924525811277,0.059143194947304065,-0.0002831640329592597,0.0032404824736135974,1.805472586721415e-35,1.0,7.186802784048424e-24
2026-07-01 17:36:06+00:00,KXSOL15M-26JUL011345-45,2026-07-01T17:45:00Z,77.64,77.67,0.51,8.9,0.02,0.3225,0.3225,0.238095,0.18599,1.0,0.705882,0.705882,1.0,0.294118,0.0,0.007147,1.225225,-1.0,71.717172,71.73913,0.0,-0.0772,-0.012875,0.052122,1.0,1.0,999.0,,0.96325,1.0,0.139344,-0.387447,-1.0,-1.0,74.880383,0.0,66.032609,0.258946,0.0,0.0,1.0,0.998858,0.223378,64.25,10.0,1.0,-0.032446,0.0,77.81,0.219,0.1802,,0.624104,,5,-0.1875,-0.1674999999999999,NO,0.49,True,0.51,2026-07-01 17:45:00+00:00,2026-W27,0,0.9307432432432414,1.0057848786116694,1,-0.0008083216451411924,0.5477670671952558,2.2259932814581256,0.03486924525811277,0.059143194947304065,-0.0002831640329592597,0.0032404824736135974,1.805472586721415e-35,1.0,7.186802784048424e-24
2026-07-01 17:46:14+00:00,KXSOL15M-26JUL011400-00,2026-07-01T18:00:00Z,77.71,77.64,0.625,13.8,0.01,0.6775,0.6775,0.5,0.034423,1.0,0.36,0.8,1.0,0.2,0.44,0.006867,0.467914,0.0,86.868687,79.329609,0.0,0.0,0.1158,0.221574,1.0,1.0,999.0,,0.887198,1.0,0.139344,-0.387447,-1.0,-1.0,74.880383,0.0,66.032609,0.258946,0.0,0.0,1.0,1.0,0.067502,64.14,10.0,1.0,0.087324,1.0,77.77,0.0772,0.1674,,0.618593,,5,0.0524999999999999,0.3025,NO,0.375,False,-0.375,2026-07-01 18:00:00+00:00,2026-W27,0,0.9307432432432414,1.0057848786116694,1,-0.0008083216451411924,0.5477670671952558,2.2259932814581256,0.03486924525811277,0.059143194947304065,-0.0002831640329592597,0.0032404824736135974,1.805472586721415e-35,1.0,7.186802784048424e-24
2026-07-01 17:51:17+00:00,KXSOL15M-26JUL011400-00,2026-07-01T18:00:00Z,77.74,77.64,0.795,8.7,0.01,0.7507,0.7507,0.0,0.05971,1.0,0.36,0.8,1.0,0.2,0.44,0.00687,0.467914,-1.0,82.828283,77.094972,0.0,-0.051407,0.05146,0.163227,1.0,1.0,999.0,,0.839736,1.0,0.139344,-0.387447,-1.0,-1.0,74.880383,0.0,66.032609,0.258946,0.0,0.0,1.0,1.0,0.067502,64.14,10.0,1.0,0.122743,1.0,77.77,0.0386,0.1674,,0.62528,,5,-0.0443,0.5457000000000001,NO,0.2049999999999999,False,-0.2049999999999999,2026-07-01 18:00:00+00:00,2026-W27,0,0.9307432432432414,1.0057848786116694,1,-0.0008083216451411924,0.5477670671952558,2.2259932814581256,0.03486924525811277,0.059143194947304065,-0.0002831640329592597,0.0032404824736135974,1.805472586721415e-35,1.0,7.186802784048424e-24
2026-07-01 17:56:21+00:00,KXSOL15M-26JUL011400-00,2026-07-01T18:00:00Z,77.71,77.64,0.835,3.6,0.01,0.7579,0.7579,0.5,0.0,1.0,0.36,0.8,1.0,0.2,0.44,0.00687,0.467914,-1.0,82.828283,77.094972,0.0,0.0,-0.051407,0.162657,1.0,1.0,999.0,,0.792605,1.0,0.139344,-0.387447,-1.0,-1.0,74.880383,0.0,66.032609,0.258946,0.0,0.0,1.0,1.0,0.067502,64.14,10.0,1.0,0.090544,1.0,77.77,0.0772,0.1674,,0.603984,,5,-0.0770999999999999,0.5929,NO,0.165,False,-0.165,2026-07-01 18:00:00+00:00,2026-W27,0,0.9307432432432414,1.0057848786116694,1,-0.0008083216451411924,0.5477670671952558,2.2259932814581256,0.03486924525811277,0.059143194947304065,-0.0002831640329592597,0.0032404824736135974,1.805472586721415e-35,1.0,7.186802784048424e-24
2026-07-02 10:34:57+00:00,KXSOL15M-26JUL020645-45,2026-07-02T10:45:00Z,80.39,80.12,0.895,10.0,0.01,0.788,0.788,0.184211,1.357602,1.0,0.52381,0.704762,1.0,0.295238,0.180952,0.004189,3.114407,5.0,97.435897,98.25784,0.074683,0.324068,0.864662,1.037573,1.0,1.0,999.0,,0.758769,1.0,0.935714,1.568677,1.0,3.0,97.087379,0.0,69.230769,0.004765,0.0,0.0,1.0,1.0,1.094383,64.23,18.0,1.0,0.346001,1.0,81.15,0.9454,1.2856,,1.026897,,5,-0.1069999999999999,0.683,NO,0.1049999999999999,False,-0.1049999999999999,2026-07-02 10:45:00+00:00,2026-W27,0,0.9854280510018217,1.4527145951132954,1,-0.002393808184322428,0.5496477220897369,1.3324642229986046,0.32561585882131105,0.24000079223050472,0.0074355001828862195,0.0055376984581270265,2.3585050552162203e-98,1.0,6.5201957986698865e-108
2026-07-02 10:40:00+00:00,KXSOL15M-26JUL020645-45,2026-07-02T10:45:00Z,80.73,80.12,0.9915,5.0,0.003,0.9501,0.9501,1.0,0.067129,1.0,0.52381,0.704762,1.0,0.295238,0.180952,0.004168,3.114407,5.0,99.52381,99.690402,0.111483,0.285148,0.872927,1.536062,1.0,1.0,999.0,,0.796302,1.0,0.935714,1.568677,1.0,3.0,97.087379,0.0,69.230769,0.004765,0.0,0.0,1.0,1.0,1.094383,64.23,18.0,1.0,0.764149,1.0,81.15,0.5203,1.2856,,1.026897,,5,-0.0414000000000001,0.9416,NO,0.0084999999999999,False,-0.0084999999999999,2026-07-02 10:45:00+00:00,2026-W27,0,0.9854280510018217,1.4527145951132954,1,-0.002393808184322428,0.5496477220897369,1.3324642229986046,0.32561585882131105,0.24000079223050472,0.0074355001828862195,0.0055376984581270265,2.3585050552162203e-98,1.0,6.5201957986698865e-108
2026-07-02 10:50:11+00:00,KXSOL15M-26JUL020700-00,2026-07-02T11:00:00Z,81.29,80.98,0.88,9.8,0.02,0.8733,0.8733,0.971429,0.523884,1.0,0.78,0.79,1.0,0.21,0.01,0.004932,2.491103,5.0,100.0,100.0,0.221729,0.308071,0.804954,1.734533,1.0,1.0,999.0,,0.824296,1.0,0.935714,1.568677,1.0,3.0,97.087379,0.0,69.230769,0.004765,0.0,0.0,1.0,0.96547,1.095234,64.05,18.0,1.0,0.3781,1.0,81.8,0.6274,1.0126,,1.129931,,5,-0.0067,0.7533,NO,0.12,False,-0.12,2026-07-02 11:00:00+00:00,2026-W27,0,0.9854280510018217,1.4527145951132954,1,-0.002393808184322428,0.5496477220897369,1.3324642229986046,0.32561585882131105,0.24000079223050472,0.0074355001828862195,0.0055376984581270265,2.3585050552162203e-98,1.0,6.5201957986698865e-108
2026-07-02 10:55:14+00:00,KXSOL15M-26JUL020700-00,2026-07-02T11:00:00Z,81.61,80.98,0.9835,4.8,0.009,0.9501,0.9501,0.947368,0.398953,1.0,0.78,0.79,1.0,0.21,0.01,0.004913,2.491103,5.0,91.269841,94.823529,0.306222,0.43024,1.126377,2.047246,1.0,1.0,999.0,,0.923225,1.0,0.935714,1.568677,1.0,3.0,97.087379,0.0,69.230769,0.004765,0.0,0.0,1.0,0.991144,1.095234,64.05,18.0,1.0,0.773241,1.0,81.8,0.2328,1.0126,,1.164777,,5,-0.0334,0.9336,NO,0.0164999999999999,False,-0.0164999999999999,2026-07-02 11:00:00+00:00,2026-W27,0,0.9854280510018217,1.4527145951132954,1,-0.002393808184322428,0.5496477220897369,1.3324642229986046,0.32561585882131105,0.24000079223050472,0.0074355001828862195,0.0055376984581270265,2.3585050552162203e-98,1.0,6.5201957986698865e-108
2026-07-02 11:46:01+00:00,KXSOL15M-26JUL020800-00,2026-07-02T12:00:00Z,82.41,82.36,0.605,14.0,0.01,0.5864,0.5864,0.923077,0.09164,1.0,0.145833,0.479167,-1.0,0.375,0.479167,0.007019,0.828607,5.0,90.40404,95.851528,-0.012126,0.230751,-0.157271,1.674945,1.0,1.0,999.0,,1.055942,1.0,0.969811,3.233518,1.0,4.0,98.449612,0.0,75.582686,0.199684,0.0,0.0,1.0,1.0,0.184119,62.66,18.0,1.0,0.065203,0.0,82.28,-0.1577,-0.0971,,1.525183,,5,-0.0185999999999999,0.1914,NO,0.395,True,0.605,2026-07-02 12:00:00+00:00,2026-W27,0,0.9555921052631585,1.372794362779606,1,0.0008544919890629927,0.5162874166969315,1.7016665945432496,0.2603242211617841,0.2292129178188019,0.0011304910786301761,-0.010308144152734192,4.728390727193499e-113,1.0,2.0295028743260606e-121
2026-07-04 04:34:13+00:00,KXSOL15M-26JUL040045-45,2026-07-04T04:45:00Z,83.36,82.96,0.9215,10.8,0.009,0.9278,0.9278,1.0,0.037148,1.0,0.5,1.0,1.0,0.0,0.5,0.002775,1.209877,3.0,95.762712,96.91358,-0.047933,0.397208,0.736715,1.340887,1.0,1.0,999.0,,0.602194,1.0,0.788732,0.486027,1.0,2.0,77.625571,0.0,63.402062,-0.017249,0.0,0.0,1.0,1.0,0.285626,62.28,21.0,1.0,0.483628,1.0,83.83,0.5638,1.0487,,0.765849,,5,0.0062999999999999,0.8492999999999999,NO,0.0785,False,-0.0785,2026-07-04 04:45:00+00:00,2026-W27,0,0.8422712933753944,0.9806489946855069,0,0.0001002011604191869,0.5262456159069075,1.7188186785726354,-0.14293379008735324,0.1526040665160719,0.0028322539467874695,0.0006793917174847119,7.425764908634493e-05,0.0002564383063857701,0.9996693040445297
2026-07-04 04:39:17+00:00,KXSOL15M-26JUL040045-45,2026-07-04T04:45:00Z,83.7,82.96,0.9825,5.7,0.005,0.9501,0.9501,0.591837,1.956717,1.0,0.5,1.0,1.0,0.0,0.5,0.002762,1.209877,3.0,98.630137,98.984772,0.0,0.63656,0.927487,1.6986,1.0,1.0,999.0,,0.790944,1.0,0.788732,0.486027,1.0,2.0,77.625571,0.0,63.402062,-0.017249,0.0,0.0,1.0,1.0,0.285626,62.28,21.0,1.0,0.893482,1.0,83.83,0.1553,1.0487,,0.765849,,5,-0.0324,0.9326,NO,0.0174999999999999,False,-0.0174999999999999,2026-07-04 04:45:00+00:00,2026-W27,0,0.8422712933753944,0.9806489946855069,0,0.0001002011604191869,0.5262456159069075,1.7188186785726354,-0.14293379008735324,0.1526040665160719,0.0028322539467874695,0.0006793917174847119,7.425764908634493e-05,0.0002564383063857701,0.9996693040445297
2026-07-04 04:49:25+00:00,KXSOL15M-26JUL040100-00,2026-07-04T05:00:00Z,83.86,83.67,0.795,10.6,0.01,0.788,0.788,0.5,0.087583,1.0,0.895833,0.895833,1.0,0.104167,0.0,0.003177,3.603217,4.0,94.69697,96.650718,0.0,0.035787,0.720634,1.225447,1.0,1.0,999.0,,0.719538,1.0,0.788732,0.486027,1.0,2.0,77.625571,0.0,63.402062,-0.017249,0.0,0.0,1.0,1.0,0.008326,62.76,21.0,1.0,0.227083,0.0,83.3,-0.6678,-0.4422,,0.804468,,5,-0.007,0.5830000000000001,NO,0.2049999999999999,True,0.795,2026-07-04 05:00:00+00:00,2026-W27,0,0.8422712933753944,0.9806489946855069,0,0.0001002011604191869,0.5262456159069075,1.7188186785726354,-0.14293379008735324,0.1526040665160719,0.0028322539467874695,0.0006793917174847119,7.425764908634493e-05,0.0002564383063857701,0.9996693040445297
2026-07-06 15:41:24+00:00,KXSOL15M-26JUL061145-45,2026-07-06T15:45:00Z,80.72,80.71,0.865,3.6,0.01,0.631,0.631,0.5,0.0,1.0,1.0,0.0,-1.0,0.0,0.0,0.00632,0.234965,1.0,100.0,96.273292,0.0,0.086698,0.335237,0.480819,1.0,-1.0,999.0,,0.929801,1.0,0.588235,0.261976,1.0,2.0,36.393443,0.0,34.717608,-0.069524,0.0,0.0,-1.0,-1.0,-0.299344,62.54,23.0,1.0,0.010532,1.0,81.32,0.7433,0.7558,,0.42739,,5,-0.2339999999999999,0.496,NO,0.135,False,-0.135,2026-07-06 15:45:00+00:00,2026-W28,0,0.30555555555555836,0.6062917358855026,0,0.0008789924052308816,0.6108202121126522,2.609623435357501,0.15373661618642076,0.1759132927883773,-0.0007083763742850744,-0.0021326959047276058,0.0008483946707481914,0.0002394134679586851,0.9989121918612769
2026-07-06 15:51:32+00:00,KXSOL15M-26JUL061200-00,2026-07-06T16:00:00Z,81.39,81.24,0.755,8.5,0.01,0.6963,0.6963,0.2,1.823432,1.0,0.816092,0.816092,1.0,0.183908,0.0,0.006011,1.77551,2.0,100.0,100.0,0.30792,0.245942,0.966064,1.137265,1.0,-1.0,999.0,,1.188438,1.0,0.588235,0.261976,1.0,2.0,36.393443,0.0,34.717608,-0.069524,0.0,0.0,1.0,1.0,-0.260763,62.79,23.0,1.0,0.190429,1.0,81.38,-0.0123,0.1723,,0.46185,,5,-0.0586999999999999,0.4513,NO,0.245,False,-0.245,2026-07-06 16:00:00+00:00,2026-W28,0,0.30555555555555836,0.6062917358855026,0,0.0008789924052308816,0.6108202121126522,2.609623435357501,0.15373661618642076,0.1759132927883773,-0.0007083763742850744,-0.0021326959047276058,0.0008483946707481914,0.0002394134679586851,0.9989121918612769
2026-07-06 15:56:39+00:00,KXSOL15M-26JUL061200-00,2026-07-06T16:00:00Z,81.31,81.24,0.84,3.3,0.02,0.6963,0.6963,0.518519,6.018597,1.0,0.816092,0.816092,1.0,0.183908,0.0,0.00602,1.77551,2.0,90.441176,94.247788,0.0,-0.098196,0.308109,0.74869,1.0,-1.0,999.0,,1.131296,1.0,0.588235,0.261976,1.0,2.0,36.393443,0.0,34.717608,-0.069524,0.0,0.0,1.0,1.0,-0.260763,62.79,23.0,1.0,0.085797,1.0,81.38,0.0861,0.1723,,0.480013,,5,-0.1436999999999999,0.5363,NO,0.16,False,-0.16,2026-07-06 16:00:00+00:00,2026-W28,0,0.30555555555555836,0.6062917358855026,0,0.0008789924052308816,0.6108202121126522,2.609623435357501,0.15373661618642076,0.1759132927883773,-0.0007083763742850744,-0.0021326959047276058,0.0008483946707481914,0.0002394134679586851,0.9989121918612769
2026-07-06 16:01:43+00:00,KXSOL15M-26JUL061215-15,2026-07-06T16:15:00Z,81.31,81.4,0.565,13.3,0.01,0.2753,0.2753,0.0,0.457868,1.0,0.026316,0.631579,-1.0,0.342105,0.631579,0.005973,0.781204,3.0,94.117647,96.460177,0.0,0.061433,0.147565,0.647934,1.0,1.0,999.0,,1.015301,1.0,0.885246,1.332337,1.0,3.0,89.07563,0.0,48.818898,0.024009,0.0,0.0,1.0,0.998413,-0.129491,62.79,23.0,1.0,-0.109089,1.0,82.06,0.9224,0.8108,,0.443748,,5,-0.2896999999999999,-0.1597,NO,0.435,False,-0.435,2026-07-06 16:15:00+00:00,2026-W28,0,0.30555555555555836,0.6062917358855026,0,0.0008789924052308816,0.6108202121126522,2.609623435357501,0.15373661618642076,0.1759132927883773,-0.0007083763742850744,-0.0021326959047276058,0.0008483946707481914,0.0002394134679586851,0.9989121918612769
2026-07-06 16:06:49+00:00,KXSOL15M-26JUL061215-15,2026-07-06T16:15:00Z,81.45,81.4,0.725,8.2,0.01,0.6188,0.6188,1.0,0.376878,1.0,0.026316,0.631579,-1.0,0.342105,0.631579,0.005967,0.781204,3.0,97.6,98.689956,-0.024525,0.036814,0.061372,0.721658,1.0,1.0,999.0,,0.972309,1.0,0.885246,1.332337,1.0,3.0,89.07563,0.0,48.818898,0.024009,0.0,0.0,1.0,1.0,-0.129491,62.83,23.0,1.0,0.065969,1.0,82.06,0.7489,0.8108,,0.443748,,5,-0.1061999999999999,0.3438,NO,0.275,False,-0.275,2026-07-06 16:15:00+00:00,2026-W28,0,0.30555555555555836,0.6062917358855026,0,0.0008789924052308816,0.6108202121126522,2.609623435357501,0.15373661618642076,0.1759132927883773,-0.0007083763742850744,-0.0021326959047276058,0.0008483946707481914,0.0002394134679586851,0.9989121918612769
2026-07-06 16:11:52+00:00,KXSOL15M-26JUL061215-15,2026-07-06T16:15:00Z,82.0,81.4,0.9905,3.1,0.001,0.9278,0.9278,0.704918,0.814443,1.0,0.026316,0.631579,-1.0,0.342105,0.631579,0.005923,0.781204,3.0,100.0,100.0,0.158633,0.748283,0.909203,1.385986,1.0,1.0,999.0,,1.121261,1.0,0.885246,1.332337,1.0,3.0,89.07563,0.0,48.818898,0.024009,0.0,0.0,1.0,1.0,-0.129491,62.83,23.0,1.0,0.741634,1.0,82.06,0.0732,0.8108,,0.443748,,5,-0.0627,0.9183,NO,0.0094999999999999,False,-0.0094999999999999,2026-07-06 16:15:00+00:00,2026-W28,0,0.30555555555555836,0.6062917358855026,0,0.0008789924052308816,0.6108202121126522,2.609623435357501,0.15373661618642076,0.1759132927883773,-0.0007083763742850744,-0.0021326959047276058,0.0008483946707481914,0.0002394134679586851,0.9989121918612769
2026-07-06 16:16:56+00:00,KXSOL15M-26JUL061230-30,2026-07-06T16:30:00Z,82.13,82.07,0.63,13.1,0.02,0.6188,0.6188,0.307692,0.754526,1.0,0.83908,0.896552,1.0,0.103448,0.057471,0.006239,1.694019,4.0,97.26776,98.392283,-0.060894,0.231341,1.01853,1.565144,1.0,1.0,999.0,,1.174192,1.0,0.885246,1.332337,1.0,3.0,89.07563,0.0,48.818898,0.024009,0.0,0.0,1.0,1.0,-0.749847,62.73,23.0,1.0,0.079445,0.0,81.83,-0.3653,-0.2924,,0.450678,,5,-0.0111999999999999,0.2488,NO,0.37,True,0.63,2026-07-06 16:30:00+00:00,2026-W28,0,0.30555555555555836,0.6062917358855026,0,0.0008789924052308816,0.6108202121126522,2.609623435357501,0.15373661618642076,0.1759132927883773,-0.0007083763742850744,-0.0021326959047276058,0.0008483946707481914,0.0002394134679586851,0.9989121918612769
2026-07-06 16:32:10+00:00,KXSOL15M-26JUL061245-45,2026-07-06T16:45:00Z,81.79,81.8,0.545,12.8,0.01,0.3116,0.3116,1.0,0.539641,1.0,0.222222,0.190476,-1.0,0.587302,0.190476,0.006416,1.2,-2.0,70.491803,82.636656,0.0,0.085616,-0.268129,0.758852,-1.0,1.0,999.0,,1.090953,1.0,0.885246,1.332337,1.0,3.0,89.07563,0.0,48.818898,0.024009,0.0,0.0,1.0,0.922435,0.192151,62.1,23.0,1.0,-0.020415,1.0,81.96,0.2078,0.1956,,0.304538,,5,-0.2334,-0.1433999999999999,NO,0.4549999999999999,False,-0.4549999999999999,2026-07-06 16:45:00+00:00,2026-W28,0,0.30555555555555836,0.6062917358855026,0,0.0008789924052308816,0.6108202121126522,2.609623435357501,0.15373661618642076,0.1759132927883773,-0.0007083763742850744,-0.0021326959047276058,0.0008483946707481914,0.0002394134679586851,0.9989121918612769
2026-07-06 16:37:15+00:00,KXSOL15M-26JUL061245-45,2026-07-06T16:45:00Z,82.0,81.8,0.895,7.7,0.01,0.751,0.751,1.0,0.378231,1.0,0.222222,0.190476,-1.0,0.587302,0.190476,0.0064,1.2,1.0,81.420765,89.067524,0.073198,0.170961,0.146502,0.985148,1.0,1.0,999.0,,1.14997,1.0,0.885246,1.332337,1.0,3.0,89.07563,0.0,48.818898,0.024009,0.0,0.0,1.0,1.0,0.192151,62.1,23.0,1.0,0.242408,1.0,81.96,-0.0488,0.1956,,0.304538,,5,-0.144,0.646,NO,0.1049999999999999,False,-0.1049999999999999,2026-07-06 16:45:00+00:00,2026-W28,0,0.30555555555555836,0.6062917358855026,0,0.0008789924052308816,0.6108202121126522,2.609623435357501,0.15373661618642076,0.1759132927883773,-0.0007083763742850744,-0.0021326959047276058,0.0008483946707481914,0.0002394134679586851,0.9989121918612769
2026-07-06 16:42:19+00:00,KXSOL15M-26JUL061245-45,2026-07-06T16:45:00Z,81.86,81.8,0.87,2.7,0.02,0.6775,0.6775,0.0,0.102091,1.0,0.222222,0.190476,-1.0,0.587302,0.190476,0.006406,1.2,1.0,74.846626,86.81672,0.0,-0.206989,0.244618,0.887551,1.0,1.0,999.0,,1.159639,1.0,0.885246,1.332337,1.0,3.0,89.07563,0.0,48.818898,0.024009,0.0,0.0,1.0,0.971014,0.192151,62.1,23.0,1.0,0.071268,1.0,81.96,0.1222,0.1956,,0.304538,,5,-0.1925,0.5475,NO,0.13,False,-0.13,2026-07-06 16:45:00+00:00,2026-W28,0,0.30555555555555836,0.6062917358855026,0,0.0008789924052308816,0.6108202121126522,2.609623435357501,0.15373661618642076,0.1759132927883773,-0.0007083763742850744,-0.0021326959047276058,0.0008483946707481914,0.0002394134679586851,0.9989121918612769
2026-07-06 16:47:23+00:00,KXSOL15M-26JUL061300-00,2026-07-06T17:00:00Z,82.02,81.99,0.58,12.6,0.02,0.5864,0.5864,1.0,0.001842,1.0,0.433333,0.433333,1.0,0.566667,0.0,0.006371,0.574555,0.0,74.846626,86.006826,0.0,0.0,0.085481,0.806781,1.0,1.0,999.0,,1.094553,1.0,0.885246,1.332337,1.0,3.0,89.07563,0.0,48.818898,0.024009,0.0,0.0,-1.0,-1.0,0.018556,62.07,23.0,1.0,0.034759,1.0,82.09,0.0853,0.122,,0.272009,,5,0.0064,0.1664,NO,0.42,False,-0.42,2026-07-06 17:00:00+00:00,2026-W28,0,0.30555555555555836,0.6062917358855026,0,0.0008789924052308816,0.6108202121126522,2.609623435357501,0.15373661618642076,0.1759132927883773,-0.0007083763742850744,-0.0021326959047276058,0.0008483946707481914,0.0002394134679586851,0.9989121918612769
2026-07-06 16:52:27+00:00,KXSOL15M-26JUL061300-00,2026-07-06T17:00:00Z,82.0,81.99,0.735,7.5,0.01,0.5864,0.5864,1.0,3.951614,1.0,0.433333,0.433333,1.0,0.566667,0.0,0.006367,0.574555,2.0,70.731707,87.713311,0.0,0.061005,-0.14611,0.544091,1.0,1.0,999.0,,1.036146,1.0,0.885246,1.332337,1.0,3.0,89.07563,0.0,48.818898,0.024009,0.0,0.0,-1.0,-0.808374,0.018556,62.07,23.0,1.0,0.013416,1.0,82.09,0.1098,0.122,,0.272009,,5,-0.1485999999999999,0.3214,NO,0.265,False,-0.265,2026-07-06 17:00:00+00:00,2026-W28,0,0.30555555555555836,0.6062917358855026,0,0.0008789924052308816,0.6108202121126522,2.609623435357501,0.15373661618642076,0.1759132927883773,-0.0007083763742850744,-0.0021326959047276058,0.0008483946707481914,0.0002394134679586851,0.9989121918612769
2026-07-06 16:57:34+00:00,KXSOL15M-26JUL061300-00,2026-07-06T17:00:00Z,81.98,81.99,0.655,2.4,0.03,0.3116,0.3116,1.0,0.009853,1.0,0.433333,0.433333,1.0,0.566667,0.0,0.006365,0.574555,2.0,69.642857,88.395904,0.0,0.024387,0.085408,0.451671,1.0,1.0,999.0,,0.980557,1.0,0.885246,1.332337,1.0,3.0,89.07563,0.0,48.818898,0.024009,0.0,0.0,-1.0,-0.808374,0.018556,62.07,23.0,1.0,-0.014025,1.0,82.09,0.1342,0.122,,0.272009,,5,-0.3434,-0.0333999999999999,NO,0.345,False,-0.345,2026-07-06 17:00:00+00:00,2026-W28,0,0.30555555555555836,0.6062917358855026,0,0.0008789924052308816,0.6108202121126522,2.609623435357501,0.15373661618642076,0.1759132927883773,-0.0007083763742850744,-0.0021326959047276058,0.0008483946707481914,0.0002394134679586851,0.9989121918612769
2026-07-06 17:17:51+00:00,KXSOL15M-26JUL061330-30,2026-07-06T17:30:00Z,81.88,81.91,0.51,12.1,0.02,0.3225,0.3225,1.0,0.001907,1.0,0.65,0.05,-1.0,0.3,0.05,0.005534,0.440945,0.0,34.920635,83.6,0.0,0.012203,-0.097513,0.308846,-1.0,1.0,999.0,,0.751544,1.0,0.730769,0.934465,1.0,4.0,90.996785,0.0,58.167939,0.125115,0.0,0.0,1.0,1.0,-0.538392,61.92,23.0,1.0,-0.032962,1.0,82.0,0.1466,0.1099,,0.16284,,5,-0.1875,-0.1674999999999999,NO,0.49,False,-0.49,2026-07-06 17:30:00+00:00,2026-W28,0,0.30555555555555836,0.6062917358855026,0,0.0008789924052308816,0.6108202121126522,2.609623435357501,0.15373661618642076,0.1759132927883773,-0.0007083763742850744,-0.0021326959047276058,0.0008483946707481914,0.0002394134679586851,0.9989121918612769
