logged_at,decision_time,contract_ticker,close_ts,spot,strike,offset_pct,p_market,p_market_source,p_yes_model,z_score,vol_60m,vol_60m_model,vol_implied_kalshi,vol_ratio,spread,vol_eff,structure_bias,confirmation_bias,confirmation_score,no_score,obi_score,obi_raw,obi_exchanges,vpin_score,vpin_raw,funding_bias,avg_funding_rate,vol_score,vwap_score,vwap_signal,vwap_total,vwap_stretch_score,vwap_distance_pct,bearish_rejection,bullish_rejection,ema_stretch_score,stoch_bias,stoch_k,stoch_d,stoch_crossover_active,ema_stack_bias,ema_alignment,z_shift,direction_strength,raw_edge,net_edge,decision,side,neutral_gate,pure_edge_gate,contracts_scanned,tau_minutes,gate_blocked,kelly_fraction,bet_fraction,bet_amount,bankroll,composite_trend,composite_rev,composite_p_up,chg_30m,chg_10m,chg_5m,sharp_move_active,stoch_flipped,resolved_yes,would_win,would_pnl,logged_at_parsed,asset,cmf_raw,cmf_score,p_up_v2,bp_5m,body_15m,dir_15m,p_gbdt,smc_4h,smc_1h,choch_1h,choch_4h,supply_pct,demand_pct,in_supply_zone,in_demand_zone,squeeze_1h,adx_1h,rvol_1h,pm_drift_5m,hour_utc,liq_score,liq_bias,ls_long_pct,oi_chg_pct,markov_regime_daily,ob_imbalance,ob_path_ask_usd,ob_path_bid_usd,ob_ask_frac,ob_bid_wall_pct,ob_ask_wall_pct,spot_at_expiry,price_move_pct,miss_pct,stoch_k_4h,bp_1h,chg_1h,chg_2h,chg_3h,arima_forecast_1h,markov_regime_7state,hmm_vol_state,hmm_r1_prob,hmm_vol_k10,hmm_time_in_state,ou_z_score,ou_halflife_min,ou_tau_drift,hs_pattern_type,hs_bars_since_break,hs_r2,hs_neck_slope,hs_head_height,hs_head_width,flag_signal,flag_bull_bars_ago,flag_bear_bars_ago,flag_bull_tip_y,flag_bear_tip_y,flag_bull_pole_pct,flag_bear_pole_pct,pip_last_slope,pip_up_frac,pip_n_turns,v_hawk,hawk_vol_regime,pc1_rsi,ou_theta,hurst_exponent,autocorr1_15,autocorr1_30,kalman_velocity,kalman_residual,hmm_ms_state,hmm_ms_prob,hmm_of_state,hmm_of_prob,hmm_vd_state,hmm_vd_prob,hmm_pnl_state,hmm_ps_state,hmm_gd_state,hmm_zdrift_state,loss_margin_pct,loss_category,kc_pct_1h,kc_bo_1h,cvd_4h,cg_futures_delta_4h,cg_futures_ratio_4h,cg_futures_cvd_12h,cg_spot_cb_ratio_4h,cg_liq_ratio_4h,cg_liq_total_4h,hl_ls_ratio,hl_squeeze_idx,hl_liq_ratio_4h,all_liq_ratio_1h,all_liq_ratio_4h,max_pain_nearest,max_pain_dist_pct,opt_pc_ratio,p_up_v3,state3,week,yw,be,macro_bull,macro_sideways,macro_bear,garch_ratio,macd_hist_1h_recon,donch_1h_recon,hmm_ms_state_recon,hmm_vd_state_recon,hmm_of_state_recon
2026-04-10 01:22:34,2026-04-10 01:00,KXBTCD-26APR0922-T71899.99,2026-04-10T02:00:00Z,71714.3,71899.99,0.2589,0.255,real,0.296481,0.5345,0.00072624,0.00089065,0.0006419,1.3875,0.01,0.00079115,0.0,1.0,2,0.0,0,-0.0042,2.0,0.0,0.5313,0,4.667e-05,0,-1.0,1,2.0,2.0,-0.3106,False,False,1.0,1.0,5.56,16.62,False,0,neutral,0.0,0.0,0.162516,0.134218,trade,yes,False,False,106.0,37.39,,0.218142,0.05,50.0,1000.0,-1.0,4.0,0.6279,,,,,,True,True,146.08,2026-04-10 01:22:34+00:00,BTC,,,,,,,,,,,,,,,,,,,,,,,,,,,,,,,,,,,,,,,,,,,,,,,,,,,,,,,,,,,,,,,,,,,,,,,,,,,,,,,,,,,,,,,,,,,,,,,,,,,,,,,,rising,15,2026-W15,0.255,0.0008761507412766,0.0001008506587897,0.9990229985999208,0.7620381932928332,12.489091121397507,0.6354386943353569,1,1,
2026-04-10 02:02:50,2026-04-10 02:00,KXBTCD-26APR0923-T71999.99,2026-04-10T03:00:00Z,72197.33,71999.99,-0.2733,0.73,real,0.755312,-0.6913,0.0007493,0.00047914,0.00059097,0.8108,0.02,0.00052387,1.0,-1.0,0,0.0,0,0.0423,2.0,0.0,0.5385,0,4.313e-05,0,0.0,0,0.0,0.0,0.125,False,False,-1.0,0.0,69.57,58.45,False,1,bullish,0.0,0.0,0.055449,0.026652,trade,yes,False,False,108.0,57.12,,0.205366,0.05,50.0,1000.0,1.0,0.0,0.5396,,,,,,False,False,-50.0,2026-04-10 02:02:50+00:00,BTC,,,,,,,,,,,,,,,,,,,,,,,,,,,,,,,,,,,,,,,,,,,,,,,,,,,,,,,,,,,,,,,,,,,,,,,,,,,,,,,,,,,,,,,,,,,,,,,,,,,,,,,,rising,15,2026-W15,0.73,0.0012101474983196,0.0001039190611504,0.9986859334405204,0.8478079920064728,-2.3342898368092904,0.5491328360405612,1,1,
2026-04-10 02:08:09,2026-04-10 02:00,KXBTCD-26APR0923-T72299.99,2026-04-10T03:00:00Z,72229.24,72299.99,0.098,0.41,real,0.397351,0.2602,0.00074752,0.00047273,0.00059779,0.7908,0.02,0.00052275,1.0,-1.0,0,0.0,0,-0.0352,2.0,0.0,0.6719,0,4.263e-05,0,0.0,0,0.0,0.0,0.1582,False,False,-1.0,0.0,72.82,59.53,False,1,bullish,0.0,0.0,0.153523,0.12159,trade,yes,False,False,107.0,51.81,,0.260209,0.05,50.0,1000.0,3.0,0.0,0.6628,,,,,,False,False,-50.0,2026-04-10 02:08:09+00:00,BTC,,,,,,,,,,,,,,,,,,,,,,,,,,,,,,,,,,,,,,,,,,,,,,,,,,,,,,,,,,,,,,,,,,,,,,,,,,,,,,,,,,,,,,,,,,,,,,,,,,,,,,,,rising,15,2026-W15,0.41,0.0012101474983196,0.0001039190611504,0.9986859334405204,0.8478079920064728,-2.3342898368092904,0.5491328360405612,1,1,
2026-04-10 02:09:12,2026-04-10 02:00,KXBTCD-26APR0923-T72199.99,2026-04-10T03:00:00Z,72225.13,72199.99,-0.0348,0.56,real,0.546357,-0.1165,0.00074717,0.00048353,0.00032368,1.4938,0.02,0.00041959,1.0,-1.0,0,0.0,0,0.0493,2.0,0.0,0.619,0,4.263e-05,0,0.0,0,-1.0,-1.0,0.2054,False,False,-1.0,0.0,76.98,60.92,False,1,bullish,0.0,0.0,0.144221,0.111973,trade,yes,False,False,108.0,50.75,,0.327775,0.05,50.0,1000.0,3.0,0.0,0.6628,,,,,,False,False,-50.0,2026-04-10 02:09:12+00:00,BTC,,,,,,,,,,,,,,,,,,,,,,,,,,,,,,,,,,,,,,,,,,,,,,,,,,,,,,,,,,,,,,,,,,,,,,,,,,,,,,,,,,,,,,,,,,,,,,,,,,,,,,,,rising,15,2026-W15,0.56,0.0012101474983196,0.0001039190611504,0.9986859334405204,0.8478079920064728,-2.3342898368092904,0.5491328360405612,1,1,
2026-04-10 03:06:56,2026-04-10 03:00,KXBTCD-26APR1000-T71999.99,2026-04-10T04:00:00Z,71922.9,71999.99,0.1072,0.385,real,0.374927,0.3188,0.00042128,0.00043363,0.00050323,0.8617,0.01,0.00046147,1.0,-1.0,0,0.0,0,0.0712,2.0,0.0,0.615,0,3.372e-05,0,0.0,0,1.0,1.0,-0.2566,False,False,1.0,0.0,34.39,49.56,False,0,bullish,0.0,0.0,0.041682,0.010107,trade,yes,False,False,106.0,53.02,,0.067775,0.033887,33.89,1000.0,0.0,1.0,0.5533,,,,,,False,False,-33.89,2026-04-10 03:06:56+00:00,BTC,,,,,,,,,,,,,,,,,,,,,,,,,,,,,,,,,,,,,,,,,,,,,,,,,,,,,,,,,,,,,,,,,,,,,,,,,,,,,,,,,,,,,,,,,,,,,,,,,,,,,,,,rising,15,2026-W15,0.385,0.0012517763411953,9.86643566309528e-05,0.9986495593021596,0.8320142881522343,-21.473083593785873,0.5020526882470026,1,1,
2026-04-10 03:11:10,2026-04-10 03:00,KXBTCD-26APR1000-T72099.99,2026-04-10T04:00:00Z,71903.69,72099.99,0.273,0.195,real,0.204619,0.8252,0.00041067,0.00048563,0.0004541,1.0694,0.01,0.00047302,1.0,-1.0,0,0.0,0,0.0808,2.0,0.0,0.5972,0,3.399e-05,0,0.0,0,1.0,1.0,-0.2354,False,False,1.0,0.0,35.85,50.05,False,0,bullish,0.0,0.0,0.04971,0.023722,trade,yes,False,False,105.0,48.78,,0.061751,0.030876,30.88,1000.0,0.0,1.0,0.5533,,,,,,False,False,-30.88,2026-04-10 03:11:10+00:00,BTC,,,,,,,,,,,,,,,,,,,,,,,,,,,,,,,,,,,,,,,,,,,,,,,,,,,,,,,,,,,,,,,,,,,,,,,,,,,,,,,,,,,,,,,,,,,,,,,,,,,,,,,,rising,15,2026-W15,0.195,0.0012517763411953,9.86643566309528e-05,0.9986495593021596,0.8320142881522343,-21.473083593785873,0.5020526882470026,1,1,
2026-04-10 06:40:49,2026-04-10 06:00,KXBTCD-26APR1003-T71899.99,2026-04-10T07:00:00Z,71975.38,71899.99,-0.1047,0.72,real,0.793769,-0.8196,0.00032025,0.00021307,0.00041086,0.5186,0.02,0.00029218,1.0,-1.0,0,1.0,-1,-0.2954,2.0,0.0,0.5454,0,-1.629e-05,0,0.0,0,0.0,0.0,-0.1401,False,False,1.0,0.0,25.88,42.29,False,0,bullish,0.0,0.0,0.067277,0.038165,trade,yes,False,False,108.0,19.15,,0.240273,0.05,50.0,1000.0,-1.0,0.0,0.491,,,,,,False,False,-50.0,2026-04-10 06:40:49+00:00,BTC,,,,,,,,,,,,,,,,,,,,,,,,,,,,,,,,,,,,,,,,,,,,,,,,,,,,,,,,,,,,,,,,,,,,,,,,,,,,,,,,,,,,,,,,,,,,,,,,,,,,,,,,rising,15,2026-W15,0.72,0.0010261978309445,0.0001059099103271,0.9988678922587332,0.7652183812905003,-37.04479037226696,0.4886288817109376,1,3,
2026-04-10 07:05:18,2026-04-10 07:00,KXBTCD-26APR1004-T71699.99,2026-04-10T08:00:00Z,71793.07,71699.99,-0.1297,0.665,real,0.684798,-0.4812,0.00036107,0.00033338,0.00041185,0.8095,0.01,0.00036477,1.0,0.0,1,1.0,-1,-0.1516,2.0,0.0,0.4809,0,-1.387e-05,0,0.0,0,1.0,1.0,-0.308,False,False,1.0,1.0,0.0,6.0,False,0,neutral,0.0,0.0,0.052029,0.021434,trade,yes,False,False,111.0,54.64,,0.155309,0.05,50.0,1000.0,-1.0,6.0,0.537,,,,,,False,False,-50.0,2026-04-10 07:05:18+00:00,BTC,,,,,,,,,,,,,,,,,,,,,,,,,,,,,,,,,,,,,,,,,,,,,,,,,,,,,,,,,,,,,,,,,,,,,,,,,,,,,,,,,,,,,,,,,,,,,,,,,,,,,,,,rising,15,2026-W15,0.665,0.00075754656511,0.0001117793223847,0.9991306741125028,0.8181497949945484,-72.02474752347962,0.3491041758650361,1,3,
2026-04-10 07:13:47,2026-04-10 07:00,KXBTCD-26APR1004-T71599.99,2026-04-10T08:00:00Z,71729.76,71599.99,-0.1809,0.75,real,0.790992,-0.8099,0.00032919,0.00028502,0.00039509,0.7214,0.02,0.00032905,1.0,1.0,2,1.0,-1,-0.1436,2.0,0.0,0.5231,0,-1.296e-05,0,-1.0,1,2.0,2.0,-0.4057,False,False,1.0,1.0,0.0,6.0,False,0,neutral,0.0,0.0,0.074591,0.046466,trade,yes,False,False,108.0,46.17,,0.298363,0.05,50.0,1000.0,-1.0,8.0,0.549,,,,,,False,False,-50.0,2026-04-10 07:13:47+00:00,BTC,,,,,,,,,,,,,,,,,,,,,,,,,,,,,,,,,,,,,,,,,,,,,,,,,,,,,,,,,,,,,,,,,,,,,,,,,,,,,,,,,,,,,,,,,,,,,,,,,,,,,,,,rising,15,2026-W15,0.75,0.00075754656511,0.0001117793223847,0.9991306741125028,0.8181497949945484,-72.02474752347962,0.3491041758650361,1,3,
2026-04-10 08:00:21,2026-04-10 08:00,KXBTCD-26APR1005-T71499.99,2026-04-10T09:00:00Z,71503.86,71499.99,-0.0054,0.505,real,0.505639,-0.0141,0.00031887,0.00045408,0.00055989,0.811,0.07,0.00049641,1.0,1.0,2,1.0,-1,-0.108,2.0,0.0,0.6151,0,-3.65e-06,0,-1.0,1,2.0,2.0,-0.793,False,False,1.0,1.0,0.0,2.81,False,-1,neutral,0.0,0.0,0.049592,0.017094,trade,yes,False,False,83.0,59.6,,0.100186,0.05,50.0,1000.0,-1.0,10.0,0.549,,,,,,True,True,49.01,2026-04-10 08:00:21+00:00,BTC,,,,,,,,,,,,,,,,,,,,,,,,,,,,,,,,,,,,,,,,,,,,,,,,,,,,,,,,,,,,,,,,,,,,,,,,,,,,,,,,,,,,,,,,,,,,,,,,,,,,,,,,rising,15,2026-W15,0.505,0.0009024824783914,0.0001058008136147,0.9989917167079798,0.903488104084794,-86.49664128753773,0.3825242643242782,1,3,
2026-04-10 08:03:32,2026-04-10 08:00,KXBTCD-26APR1005-T71399.99,2026-04-10T09:00:00Z,71497.04,71399.99,-0.1357,0.665,real,0.673515,-0.4496,0.00031667,0.0003874,0.00042435,0.9129,0.03,0.00040218,1.0,1.0,2,0.0,0,0.0389,2.0,0.0,0.5832,0,2.512e-05,0,-1.0,1,2.0,2.0,-0.7424,False,False,1.0,1.0,4.06,4.17,False,-1,neutral,0.0,0.0,0.051602,0.021007,trade,yes,False,False,107.0,56.42,,0.154035,0.05,50.0,1000.0,-1.0,10.0,0.549,,,,,,True,True,25.19,2026-04-10 08:03:32+00:00,BTC,,,,,,,,,,,,,,,,,,,,,,,,,,,,,,,,,,,,,,,,,,,,,,,,,,,,,,,,,,,,,,,,,,,,,,,,,,,,,,,,,,,,,,,,,,,,,,,,,,,,,,,,rising,15,2026-W15,0.665,0.0009024824783914,0.0001058008136147,0.9989917167079798,0.903488104084794,-86.49664128753773,0.3825242643242782,1,3,
2026-04-10 08:04:36,2026-04-10 08:00,KXBTCD-26APR1005-T71299.99,2026-04-10T09:00:00Z,71449.45,71299.99,-0.2092,0.745,real,0.758188,-0.7005,0.00031662,0.00038482,0.00042715,0.9009,0.01,0.00040175,1.0,1.0,2,1.0,-1,-0.1341,2.0,0.0,0.5804,0,2.512e-05,0,-1.0,1,2.0,2.0,-0.7711,False,False,1.0,1.0,1.38,3.27,False,-1,neutral,0.0,0.0,0.049922,0.021624,trade,yes,False,False,108.0,55.37,,0.195774,0.05,50.0,1000.0,-1.0,10.0,0.549,,,,,,True,True,17.11,2026-04-10 08:04:36+00:00,BTC,,,,,,,,,,,,,,,,,,,,,,,,,,,,,,,,,,,,,,,,,,,,,,,,,,,,,,,,,,,,,,,,,,,,,,,,,,,,,,,,,,,,,,,,,,,,,,,,,,,,,,,,rising,15,2026-W15,0.745,0.0009024824783914,0.0001058008136147,0.9989917167079798,0.903488104084794,-86.49664128753773,0.3825242643242782,1,3,
2026-04-12 01:27:12,2026-04-12 01:00,KXBTCD-26APR1122-T72999.99,2026-04-12T02:00:00Z,73064.22,72999.99,-0.0879,0.675,real,0.772084,-0.7457,0.00034476,0.00027935,0.00033872,0.8247,0.01,0.00020611,0.0,-1.0,0,1.0,0,-0.0521,2.0,0.0,0.6951,0,-2.164e-05,0,1.0,-1,-2.0,-2.0,0.1385,False,False,0.0,0.0,33.67,34.47,False,0,neutral,0.0,0.0,0.097084,0.066728,trade,yes,False,False,113.0,32.74,,0.29872,0.05,50.0,1000.0,-1.0,0.0,0.488,,,,,,False,False,-50.0,2026-04-12 01:27:12+00:00,BTC,,,,,,,,,,,,,,,,,,,,,,,,,,,,,,,,,,,,,,,,,,,,,,,,,,,,,,,,,,,,,,,,,,,,,,,,,,,,,,,,,,,,,,,,,,,,,,,,,,,,,,,,rising,15,2026-W15,0.675,0.0068928178218433,0.0001019901626953,0.9930051920154626,0.4393044117560939,-114.12406017945574,0.1496060772056484,6,2,
2026-04-12 01:37:56,2026-04-12 01:00,KXBTCD-26APR1122-T72599.99,2026-04-12T02:00:00Z,72217.19,72599.99,0.5301,0.115,real,0.18412,0.8998,0.0009766,0.00146111,0.00093855,1.5568,0.03,0.00125208,0.0,1.0,3,0.0,1,0.1139,2.0,-1.0,0.8834,0,-2.476e-05,0,-1.0,1,2.0,2.0,-0.4717,False,False,1.0,1.0,7.27,24.56,False,-1,neutral,0.0,0.0,0.06912,0.046996,trade,yes,False,False,111.0,22.02,,0.078102,0.039051,39.05,1000.0,-1.0,11.0,0.6598,,,,,,False,False,-39.05,2026-04-12 01:37:56+00:00,BTC,,,,,,,,,,,,,,,,,,,,,,,,,,,,,,,,,,,,,,,,,,,,,,,,,,,,,,,,,,,,,,,,,,,,,,,,,,,,,,,,,,,,,,,,,,,,,,,,,,,,,,,,rising,15,2026-W15,0.115,0.0068928178218433,0.0001019901626953,0.9930051920154626,0.4393044117560939,-114.12406017945574,0.1496060772056484,6,2,
2026-04-12 03:11:11,2026-04-12 03:00,KXBTCD-26APR1200-T71599.99,2026-04-12T04:00:00Z,71727.68,71599.99,-0.178,0.705,real,0.792923,-0.8166,0.00041393,0.00036972,0.00047377,0.7804,0.01,0.00031262,0.0,-1.0,0,0.0,0,0.0493,2.0,0.0,0.8487,0,-4.417e-05,1,0.0,0,0.0,0.0,-0.3338,False,False,1.0,0.0,23.12,26.39,False,-1,bearish,0.0,0.0,0.087923,0.058365,trade,yes,False,False,102.0,48.72,,0.298045,0.05,50.0,1000.0,-3.0,5.0,0.3974,,,,,,True,True,20.92,2026-04-12 03:11:11+00:00,BTC,,,,,,,,,,,,,,,,,,,,,,,,,,,,,,,,,,,,,,,,,,,,,,,,,,,,,,,,,,,,,,,,,,,,,,,,,,,,,,,,,,,,,,,,,,,,,,,,,,,,,,,,rising,15,2026-W15,0.705,4.584263400668895e-06,4.983794507448795e-05,0.9999455777915222,1.2454812054540714,-200.3019701037844,0.134739318167173,6,2,
2026-04-12 04:37:38,2026-04-12 04:00,KXBTCD-26APR1201-T71499.99,2026-04-12T05:00:00Z,71559.51,71499.99,-0.0832,0.72,real,0.760059,-0.7065,0.00052948,0.0003455,0.00030241,1.1425,0.02,0.00024948,0.0,0.0,1,0.0,0,-0.0842,2.0,0.0,0.0,0,-4.34e-05,0,0.0,0,1.0,1.0,-0.3144,False,False,1.0,1.0,12.89,12.85,True,-1,bearish,0.0,0.0,0.040059,0.010947,trade,yes,False,False,89.0,22.28,,0.143069,0.05,50.0,1000.0,-3.0,7.0,0.4675,,,,,,False,False,-50.0,2026-04-12 04:37:38+00:00,BTC,,,,,,,,,,,,,,,,,,,,,,,,,,,,,,,,,,,,,,,,,,,,,,,,,,,,,,,,,,,,,,,,,,,,,,,,,,,,,,,,,,,,,,,,,,,,,,,,,,,,,,,,rising,15,2026-W15,0.72,1.5347864133327049e-06,4.7126905768434346e-05,0.9999513383078152,1.048725018081863,-223.73701656687396,0.0612191467422847,6,2,
2026-04-12 06:00:59,2026-04-12 06:00,KXBTCD-26APR1203-T71699.99,2026-04-12T07:00:00Z,71738.33,71699.99,-0.0534,0.615,real,0.658986,-0.4097,0.00030306,0.00025779,0.00023816,1.0824,0.03,0.00016996,0.0,0.0,1,0.0,1,0.3096,2.0,0.0,0.4485,0,-4.079e-05,0,0.0,0,0.0,0.0,-0.0571,False,False,-1.0,0.0,61.6,55.15,False,0,bearish,0.0,0.0,0.043986,0.012412,trade,yes,False,False,93.0,58.95,,0.114249,0.05,50.0,1000.0,-3.0,2.0,0.359,,,,,,False,False,-50.0,2026-04-12 06:00:59+00:00,BTC,,,,,,,,,,,,,,,,,,,,,,,,,,,,,,,,,,,,,,,,,,,,,,,,,,,,,,,,,,,,,,,,,,,,,,,,,,,,,,,,,,,,,,,,,,,,,,,,,,,,,,,,rising,15,2026-W15,0.615,6.0397734923748216e-06,6.136873582670987e-05,0.9999325914906791,0.8048337451769376,-194.00821117876112,0.1430326416188698,6,2,
2026-04-12 07:00:05,2026-04-12 07:00,KXBTCD-26APR1204-T71599.99,2026-04-12T08:00:00Z,71675.87,71599.99,-0.1059,0.705,real,0.883187,-1.1911,0.0001866,0.00011233,0.00025406,0.4421,0.01,0.00011494,0.0,0.0,1,0.0,1,0.1514,2.0,0.0,0.6249,0,-4.303e-05,0,0.0,0,0.0,0.0,-0.1502,False,False,0.0,0.0,63.71,67.69,False,-1,bearish,0.0,0.0,0.178187,0.148629,trade,yes,False,False,55.0,59.86,,0.604025,0.05,50.0,1000.0,-3.0,2.0,0.359,,,,,,True,True,20.92,2026-04-12 07:00:05+00:00,BTC,,,,,,,,,,,,,,,,,,,,,,,,,,,,,,,,,,,,,,,,,,,,,,,,,,,,,,,,,,,,,,,,,,,,,,,,,,,,,,,,,,,,,,,,,,,,,,,,,,,,,,,,rising,15,2026-W15,0.705,6.8046062261502005e-06,6.191994646653966e-05,0.9999312754473048,0.6660006380325515,-171.77890377376062,0.1481520268093086,6,2,
2026-04-12 08:01:16,2026-04-12 08:00,KXBTCD-26APR1205-T71699.99,2026-04-12T09:00:00Z,71721.66,71699.99,-0.0302,0.555,real,0.598656,-0.2499,0.00023335,0.0001968,0.00028523,0.69,0.03,0.00015788,0.0,0.0,1,1.0,1,0.1611,2.0,0.0,0.7017,0,-8.08e-06,0,0.0,0,0.0,0.0,-0.0447,False,False,0.0,-1.0,86.8,80.68,False,0,bearish,0.0,0.0,0.043656,0.011367,trade,yes,False,False,91.0,58.66,,0.098103,0.049051,49.05,1000.0,-2.0,0.0,0.4392,,,,,,False,False,-49.05,2026-04-12 08:01:16+00:00,BTC,,,,,,,,,,,,,,,,,,,,,,,,,,,,,,,,,,,,,,,,,,,,,,,,,,,,,,,,,,,,,,,,,,,,,,,,,,,,,,,,,,,,,,,,,,,,,,,,,,,,,,,,rising,15,2026-W15,0.555,6.175184055511452e-06,5.8041238752183634e-05,0.9999357835771892,0.5542656652293303,-151.63009832715218,0.1220032867177968,6,2,
2026-04-12 08:11:59,2026-04-12 08:00,KXBTCD-26APR1205-T71599.99,2026-04-12T09:00:00Z,71683.68,71599.99,-0.1167,0.735,real,0.815539,-0.8985,0.00024491,0.00028107,0.00026859,1.0465,0.03,0.00018774,0.0,-1.0,0,1.0,-1,-0.4845,2.0,0.0,0.7571,0,-2.703e-05,0,0.0,0,0.0,0.0,-0.109,False,False,0.0,0.0,71.33,75.53,False,0,bearish,0.0,0.0,0.080539,0.051904,trade,yes,False,False,90.0,47.96,,0.303919,0.05,50.0,1000.0,-2.0,2.0,0.5341,,,,,,True,True,18.03,2026-04-12 08:11:59+00:00,BTC,,,,,,,,,,,,,,,,,,,,,,,,,,,,,,,,,,,,,,,,,,,,,,,,,,,,,,,,,,,,,,,,,,,,,,,,,,,,,,,,,,,,,,,,,,,,,,,,,,,,,,,,rising,15,2026-W15,0.735,6.175184055511452e-06,5.8041238752183634e-05,0.9999357835771892,0.5542656652293303,-151.63009832715218,0.1220032867177968,6,2,
2026-04-12 09:18:31,2026-04-12 09:00,KXBTCD-26APR1206-T71599.99,2026-04-12T10:00:00Z,71628.91,71599.99,-0.0404,0.625,real,0.669345,-0.4381,0.00036858,0.0001828,0.00019691,0.9283,0.03,0.00014322,0.0,1.0,2,0.0,1,0.1098,2.0,0.0,0.72,0,-3.421e-05,0,0.0,0,1.0,1.0,-0.2638,False,False,0.0,1.0,6.61,15.88,False,-1,bearish,0.0,0.0,0.044345,0.012939,trade,yes,False,False,89.0,41.42,,0.118254,0.05,50.0,1000.0,-2.0,4.0,0.3338,,,,,,False,False,-50.0,2026-04-12 09:18:31+00:00,BTC,,,,,,,,,,,,,,,,,,,,,,,,,,,,,,,,,,,,,,,,,,,,,,,,,,,,,,,,,,,,,,,,,,,,,,,,,,,,,,,,,,,,,,,,,,,,,,,,,,,,,,,,rising,15,2026-W15,0.625,1.5756461209837625e-06,4.2091847140964894e-05,0.999956332506738,0.4954379833159202,-133.70702262970295,0.0951617580717959,6,2,
2026-04-12 10:11:01,2026-04-12 10:00,KXBTCD-26APR1207-T71599.99,2026-04-12T11:00:00Z,71673.54,71599.99,-0.1026,0.64,real,0.707131,-0.545,0.00032006,0.00038715,0.00040953,0.9453,0.04,0.00026935,0.0,-1.0,0,1.0,-1,-0.28,2.0,0.0,0.6965,0,-2.443e-05,0,0.0,0,0.0,0.0,-0.1193,False,False,0.0,0.0,72.95,44.27,False,0,bearish,0.0,0.0,0.067131,0.036003,trade,yes,False,False,90.0,48.91,,0.186474,0.05,50.0,1000.0,-2.0,2.0,0.5341,,,,,,False,False,-50.0,2026-04-12 10:11:01+00:00,BTC,,,,,,,,,,,,,,,,,,,,,,,,,,,,,,,,,,,,,,,,,,,,,,,,,,,,,,,,,,,,,,,,,,,,,,,,,,,,,,,,,,,,,,,,,,,,,,,,,,,,,,,,rising,15,2026-W15,0.64,2.1844222005042987e-06,4.407524572824942e-05,0.9999537403320724,0.4504867901704231,-118.87541886586148,0.0615333182960639,6,2,
2026-04-12 10:49:41,2026-04-12 10:00,KXBTCD-26APR1207-T71499.99,2026-04-12T11:00:00Z,71520.11,71499.99,-0.0281,0.785,real,0.95854,-1.734,0.00020183,4.995e-05,0.00011129,0.4488,0.01,5.065e-05,0.0,0.0,1,0.0,1,0.2137,2.0,0.0,0.6969,0,-2.375e-05,0,0.0,0,0.0,0.0,-0.1368,False,False,0.0,0.0,67.26,67.26,False,0,bearish,0.0,0.0,0.17354,0.146726,trade,yes,False,False,86.0,10.26,,0.807164,0.05,50.0,1000.0,-2.0,2.0,0.5341,,,,,,False,False,-50.0,2026-04-12 10:49:41+00:00,BTC,,,,,,,,,,,,,,,,,,,,,,,,,,,,,,,,,,,,,,,,,,,,,,,,,,,,,,,,,,,,,,,,,,,,,,,,,,,,,,,,,,,,,,,,,,,,,,,,,,,,,,,,rising,15,2026-W15,0.785,2.1844222005042987e-06,4.407524572824942e-05,0.9999537403320724,0.4504867901704231,-118.87541886586148,0.0615333182960639,6,2,
2026-04-12 11:03:38,2026-04-12 11:00,KXBTCD-26APR1208-T71499.99,2026-04-12T12:00:00Z,71503.9,71499.99,-0.0055,0.42,real,0.507078,-0.0177,0.00037467,0.00054001,,,0.02,0.00041041,0.0,1.0,2,1.0,-1,-0.3316,2.0,0.0,0.7614,0,-2.142e-05,0,-1.0,1,2.0,2.0,-0.4363,False,False,1.0,1.0,0.0,22.42,False,-1,bearish,0.0,0.0,0.087078,0.055026,trade,yes,False,False,89.0,56.29,,0.150134,0.05,50.0,1000.0,-2.0,8.0,0.5472,,,,,,True,True,69.05,2026-04-12 11:03:38+00:00,BTC,,,,,,,,,,,,,,,,,,,,,,,,,,,,,,,,,,,,,,,,,,,,,,,,,,,,,,,,,,,,,,,,,,,,,,,,,,,,,,,,,,,,,,,,,,,,,,,,,,,,,,,,rising,15,2026-W15,0.42,1.3665275032309288e-06,4.108233162012144e-05,0.9999575511408766,0.414283338420136,-100.48331594037715,0.0658390797190204,6,2,
2026-04-12 12:16:25,2026-04-12 12:00,KXBTCD-26APR1209-T71399.99,2026-04-12T13:00:00Z,71433.54,71399.99,-0.047,0.585,real,0.636156,-0.3482,0.00025959,0.00022735,0.00033164,0.6855,0.01,0.00020449,0.0,1.0,2,0.0,0,0.0233,2.0,0.0,0.634,0,-2.425e-05,0,-1.0,1,2.0,2.0,-0.4926,False,False,1.0,1.0,3.3,7.75,False,-1,bearish,0.0,0.0,0.051156,0.019162,trade,yes,False,False,89.0,43.53,,0.123268,0.05,50.0,1000.0,-3.0,8.0,0.4855,,,,,,False,False,-50.0,2026-04-12 12:16:25+00:00,BTC,,,,,,,,,,,,,,,,,,,,,,,,,,,,,,,,,,,,,,,,,,,,,,,,,,,,,,,,,,,,,,,,,,,,,,,,,,,,,,,,,,,,,,,,,,,,,,,,,,,,,,,,rising,15,2026-W15,0.585,4.288783237208581e-08,3.215987104420087e-05,0.9999677972411206,0.4250566334966143,-103.80043656632944,0.0094017632475163,6,2,
2026-04-12 13:09:59,2026-04-12 13:00,KXBTCD-26APR1210-T70999.99,2026-04-12T14:00:00Z,71148.61,70999.99,-0.2089,0.665,real,0.711515,-0.5578,0.00067584,0.00070019,0.00069417,1.0087,0.03,0.00053031,0.0,1.0,2,0.0,0,0.0232,2.0,0.0,0.2436,0,-1.628e-05,-1,-1.0,1,2.0,2.0,-0.8943,False,False,1.0,1.0,13.25,10.38,True,-1,bearish,0.0,0.0,0.046515,0.015921,trade,yes,False,False,89.0,49.97,,0.138852,0.05,50.0,1000.0,-3.0,10.0,0.4855,,,,,,False,False,-50.0,2026-04-12 13:09:59+00:00,BTC,,,,,,,,,,,,,,,,,,,,,,,,,,,,,,,,,,,,,,,,,,,,,,,,,,,,,,,,,,,,,,,,,,,,,,,,,,,,,,,,,,,,,,,,,,,,,,,,,,,,,,,,rising,15,2026-W15,0.665,5.7624316049888535e-08,3.405567488840057e-05,0.9999658867007936,0.5968867423670012,-110.48737890210816,0.0120814742701046,6,2,
2026-04-12 13:22:47,2026-04-12 13:00,KXBTCD-26APR1210-T70899.99,2026-04-12T14:00:00Z,71097.09,70899.99,-0.2772,0.75,real,0.798952,-0.8379,0.00076782,0.0007419,0.00067527,1.0987,0.04,0.00054359,0.0,1.0,2,1.0,-1,-0.1287,2.0,0.0,0.3109,0,-1.457e-05,-1,-1.0,1,2.0,2.0,-0.8362,False,False,1.0,1.0,18.66,9.62,True,-1,bearish,0.0,0.0,0.048952,0.020827,trade,yes,False,False,85.0,37.15,,0.195807,0.05,50.0,1000.0,-3.0,10.0,0.4855,,,,,,True,True,16.67,2026-04-12 13:22:47+00:00,BTC,,,,,,,,,,,,,,,,,,,,,,,,,,,,,,,,,,,,,,,,,,,,,,,,,,,,,,,,,,,,,,,,,,,,,,,,,,,,,,,,,,,,,,,,,,,,,,,,,,,,,,,,rising,15,2026-W15,0.75,5.7624316049888535e-08,3.405567488840057e-05,0.9999658867007936,0.5968867423670012,-110.48737890210816,0.0120814742701046,6,2,
2026-04-12 14:01:24,2026-04-12 14:00,KXBTCD-26APR1211-T70799.99,2026-04-12T15:00:00Z,70923.61,70799.99,-0.1743,0.69,real,0.731566,-0.6176,0.00047436,0.00042596,0.00045979,0.9264,0.02,0.00036917,0.0,1.0,3,0.0,1,0.113,2.0,0.0,0.1886,0,-1.002e-05,0,-1.0,1,2.0,2.0,-1.0704,False,False,1.0,1.0,1.9,7.63,False,-1,bearish,0.0,0.0,0.041566,0.011593,trade,yes,False,False,86.0,58.56,,0.134085,0.05,50.0,1000.0,-3.0,12.0,0.4855,,,,,,False,False,-50.0,2026-04-12 14:01:24+00:00,BTC,,,,,,,,,,,,,,,,,,,,,,,,,,,,,,,,,,,,,,,,,,,,,,,,,,,,,,,,,,,,,,,,,,,,,,,,,,,,,,,,,,,,,,,,,,,,,,,,,,,,,,,,rising,15,2026-W15,0.69,7.647400977262722e-09,2.5601676750046835e-05,0.9999743906758471,0.5737375828334833,-117.9623744751375,0.0084520005444545,6,2,
2026-04-12 14:13:09,2026-04-12 14:00,KXBTCD-26APR1211-T70899.99,2026-04-12T15:00:00Z,71024.84,70899.99,-0.1758,0.725,real,0.828861,-0.9497,0.00035021,0.00030709,0.0004303,0.7137,0.03,0.00027084,0.0,1.0,2,0.0,0,0.098,2.0,0.0,0.259,0,-9.08e-06,0,-1.0,1,2.0,2.0,-0.8944,False,False,0.0,1.0,18.05,13.02,True,-1,bearish,0.0,0.0,0.103861,0.074905,trade,yes,False,False,85.0,46.79,,0.377676,0.05,50.0,1000.0,-3.0,10.0,0.4855,,,,,,False,False,-50.0,2026-04-12 14:13:09+00:00,BTC,,,,,,,,,,,,,,,,,,,,,,,,,,,,,,,,,,,,,,,,,,,,,,,,,,,,,,,,,,,,,,,,,,,,,,,,,,,,,,,,,,,,,,,,,,,,,,,,,,,,,,,,rising,15,2026-W15,0.725,7.647400977262722e-09,2.5601676750046835e-05,0.9999743906758471,0.5737375828334833,-117.9623744751375,0.0084520005444545,6,2,
2026-04-12 15:16:33,2026-04-12 15:00,KXBTCD-26APR1212-T70799.99,2026-04-12T16:00:00Z,70863.19,70799.99,-0.0892,0.635,real,0.681348,-0.4715,0.00045224,0.00030834,0.00039242,0.7858,0.01,0.00028726,0.0,1.0,2,0.0,0,0.0278,2.0,0.0,0.379,0,-5.05e-06,0,-1.0,1,2.0,2.0,-1.0949,False,False,1.0,1.0,18.55,13.05,True,-1,bearish,0.0,0.0,0.046348,0.015123,trade,yes,False,False,83.0,43.41,,0.12698,0.05,50.0,1000.0,-3.0,9.0,0.4855,,,,,,True,True,28.74,2026-04-12 15:16:33+00:00,BTC,,,,,,,,,,,,,,,,,,,,,,,,,,,,,,,,,,,,,,,,,,,,,,,,,,,,,,,,,,,,,,,,,,,,,,,,,,,,,,,,,,,,,,,,,,,,,,,,,,,,,,,,rising,15,2026-W15,0.635,1.208269001050249e-08,2.8087106148791936e-05,0.999971900811159,0.5484916486857918,-102.86215895599032,0.0933044359817546,7,2,
2026-04-12 15:42:14,2026-04-12 15:00,KXBTCD-26APR1212-T70999.99,2026-04-12T16:00:00Z,70851.07,70999.99,0.2102,0.09,real,0.148047,1.0448,0.00049441,0.0006994,0.00037214,1.8794,0.02,0.00047754,0.0,1.0,3,0.0,1,0.2756,2.0,0.0,0.3542,0,-3.09e-06,0,-1.0,1,2.0,2.0,-1.1209,False,False,0.0,1.0,25.24,16.17,True,-1,bearish,0.0,0.0,0.058047,0.037314,trade,yes,False,False,81.0,17.71,,0.063788,0.031894,31.89,1000.0,-3.0,6.0,0.3721,,,,,,False,False,-31.89,2026-04-12 15:42:14+00:00,BTC,,,,,,,,,,,,,,,,,,,,,,,,,,,,,,,,,,,,,,,,,,,,,,,,,,,,,,,,,,,,,,,,,,,,,,,,,,,,,,,,,,,,,,,,,,,,,,,,,,,,,,,,rising,15,2026-W15,0.09,1.208269001050249e-08,2.8087106148791936e-05,0.999971900811159,0.5484916486857918,-102.86215895599032,0.0933044359817546,7,2,
2026-04-12 16:07:56,2026-04-12 16:00,KXBTCD-26APR1213-T70799.99,2026-04-12T17:00:00Z,70928.51,70799.99,-0.1812,0.735,real,0.785226,-0.79,0.00048531,0.00043117,0.00040045,1.0767,0.03,0.00031835,0.0,0.0,1,0.0,0,0.0758,2.0,0.0,0.5627,0,-1.58e-06,0,-1.0,1,2.0,2.0,-0.9951,False,False,0.0,0.0,35.3,33.99,False,0,bearish,0.0,0.0,0.050226,0.021592,trade,yes,False,False,84.0,52.01,,0.189532,0.05,50.0,1000.0,-3.0,3.0,0.4701,,,,,,True,True,18.03,2026-04-12 16:07:56+00:00,BTC,,,,,,,,,,,,,,,,,,,,,,,,,,,,,,,,,,,,,,,,,,,,,,,,,,,,,,,,,,,,,,,,,,,,,,,,,,,,,,,,,,,,,,,,,,,,,,,,,,,,,,,,rising,15,2026-W15,0.735,4.2150264822329944e-09,1.712704822365406e-05,0.9999828687367516,0.5289367705501455,-82.15064603619874,0.1095699760159444,7,2,
2026-04-12 18:43:29,2026-04-12 18:00,KXBTCD-26APR1215-T71099.99,2026-04-12T19:00:00Z,71150.08,71099.99,-0.0704,0.735,real,0.794021,-0.8205,0.000434,0.0002355,0.00027639,0.8521,0.01,0.00021156,0.0,0.0,1,1.0,1,0.3035,2.0,1.0,0.8742,0,-4.21e-06,1,0.0,0,1.0,1.0,-0.3974,False,False,0.0,-1.0,86.81,87.44,True,0,bearish,0.0,0.0,0.059021,0.030387,trade,yes,False,False,85.0,16.46,,0.222721,0.05,50.0,1000.0,-3.0,-2.0,0.3023,,,,,,True,True,18.03,2026-04-12 18:43:29+00:00,BTC,,,,,,,,,,,,,,,,,,,,,,,,,,,,,,,,,,,,,,,,,,,,,,,,,,,,,,,,,,,,,,,,,,,,,,,,,,,,,,,,,,,,,,,,,,,,,,,,,,,,,,,,rising,15,2026-W15,0.735,5.451193889032158e-09,9.55868231265994e-06,0.9999904358664924,0.4780881221778791,-23.185847680021197,0.1865485573899956,7,2,
2026-04-12 22:00:17,2026-04-12 22:00,KXBTCD-26APR1219-T71199.99,2026-04-12T23:00:00Z,71357.33,71199.99,-0.2205,0.695,real,0.752933,-0.6837,0.00040336,0.00045578,0.00056028,0.8135,0.03,0.00041797,0.0,-1.0,0,0.0,0,0.0419,2.0,0.0,0.2313,0,3.833e-05,0,0.0,0,0.0,0.0,0.2343,False,False,-1.0,0.0,78.69,72.59,False,0,bearish,0.0,0.0,0.057933,0.028094,trade,yes,False,False,72.0,59.66,,0.189943,0.05,50.0,1000.0,0.0,0.0,0.4797,0.0287,,,False,,False,False,-50.0,2026-04-12 22:00:17+00:00,BTC,,,,,,,,,,,,,,,,,,,,,,,,,,,,,,,,,,,,,,,,,,,,,,,,,,,,,,,,,,,,,,,,,,,,,,,,,,,,,,,,,,,,,,,,,,,,,,,,,,,,,,,,rising,15,2026-W15,0.695,5.215999394398596e-10,8.502444157465057e-06,0.9999914970342424,0.4914190922564214,34.92041925916055,0.2337931663146943,7,2,
2026-04-12 22:11:01,2026-04-12 22:00,KXBTCD-26APR1219-T71099.99,2026-04-12T23:00:00Z,70938.33,71099.99,0.2279,0.325,real,0.374945,0.3188,0.00087696,0.0013712,0.00071716,1.912,0.01,0.00102082,0.0,0.0,1,0.0,1,0.2061,2.0,-1.0,0.8445,0,3.845e-05,0,0.0,0,1.0,1.0,-0.2965,False,False,1.0,0.0,29.17,56.09,False,0,bearish,0.0,0.0,0.049945,0.019589,trade,yes,False,False,89.0,48.93,,0.073993,0.036996,37.0,1000.0,-3.0,1.0,0.4771,-0.4557,,,False,,False,False,-37.0,2026-04-12 22:11:01+00:00,BTC,,,,,,,,,,,,,,,,,,,,,,,,,,,,,,,,,,,,,,,,,,,,,,,,,,,,,,,,,,,,,,,,,,,,,,,,,,,,,,,,,,,,,,,,,,,,,,,,,,,,,,,,rising,15,2026-W15,0.325,5.215999394398596e-10,8.502444157465057e-06,0.9999914970342424,0.4914190922564214,34.92041925916055,0.2337931663146943,7,2,
2026-04-12 22:31:41,2026-04-12 22:00,KXBTCD-26APR1219-T70599.99,2026-04-12T23:00:00Z,70613.87,70599.99,-0.0197,0.47,real,0.514892,-0.0373,0.00099667,0.00099022,,,0.04,0.00099022,0.0,1.0,2,0.0,0,-0.0468,2.0,0.0,0.7,0,3.763e-05,0,-1.0,1,2.0,2.0,-0.6815,False,False,1.0,1.0,9.4,9.54,False,-1,bearish,0.0,0.0,0.044892,0.012455,trade,yes,False,False,83.0,28.26,,0.084702,0.042351,42.35,1000.0,-3.0,11.0,0.4855,-0.3587,,,False,,True,True,47.76,2026-04-12 22:31:41+00:00,BTC,,,,,,,,,,,,,,,,,,,,,,,,,,,,,,,,,,,,,,,,,,,,,,,,,,,,,,,,,,,,,,,,,,,,,,,,,,,,,,,,,,,,,,,,,,,,,,,,,,,,,,,,rising,15,2026-W15,0.47,5.215999394398596e-10,8.502444157465057e-06,0.9999914970342424,0.4914190922564214,34.92041925916055,0.2337931663146943,7,2,
2026-04-12 23:01:27,2026-04-12 23:00,KXBTCD-26APR1220-T70599.99,2026-04-13T00:00:00Z,70757.82,70599.99,-0.2231,0.675,real,0.722318,-0.5897,0.00082341,0.00065663,0.00064333,1.0207,0.03,0.000495,0.0,-1.0,0,0.0,0,0.0321,2.0,0.0,0.6371,0,3.918e-05,-1,0.0,0,1.0,1.0,-0.4554,False,False,1.0,0.0,25.93,33.48,False,-1,bearish,0.0,0.0,0.047318,0.016961,trade,yes,False,False,87.0,58.51,,0.145593,0.05,50.0,1000.0,-3.0,3.0,0.4701,0.2104,,,False,,True,True,24.07,2026-04-12 23:01:27+00:00,BTC,,,,,,,,,,,,,,,,,,,,,,,,,,,,,,,,,,,,,,,,,,,,,,,,,,,,,,,,,,,,,,,,,,,,,,,,,,,,,,,,,,,,,,,,,,,,,,,,,,,,,,,,rising,15,2026-W15,0.675,6.145013002251811e-09,1.0549551812798868e-05,0.999989444303173,0.7771795102923565,18.2395358987053,0.1541831139006618,7,2,
2026-04-14 18:00:21,2026-04-14 18:00,KXBTCD-26APR1415-T74699.99,2026-04-14T19:00:00Z,74807.05,74699.99,-0.1431,0.645,real,0.683639,-0.4779,0.00069155,0.00061873,0.00049879,1.2405,0.01,0.00057075,1.0,0.0,1,0.0,0,0.0724,2.0,0.0,0.5063,1,-0.0001047,0,0.0,0,0.0,0.0,-0.176,False,False,0.0,0.0,34.36,26.63,False,0,bullish,0.0,0.0,0.189483,0.158455,trade,yes,False,False,146.0,59.62,,0.533755,0.05,50.0,1000.0,2.0,0.0,0.6684,0.2149,,,False,,False,False,-50.0,2026-04-14 18:00:21+00:00,BTC,,,,,,,,,,,,,,,,,,,,,,,,,,,,,,,,,,,,,,,,,,,,,,,,,,,,,,,,,,,,,,,,,,,,,,,,,,,,,,,,,,,,,,,,,,,,,,,,,,,,,,,,rising,16,2026-W16,0.645,3.6120873569093315e-11,0.9999855172513888,1.4482712501188154e-05,1.147829288991267,-128.98797167207022,0.1178274620408244,6,5,
2026-04-14 18:10:52,2026-04-14 18:00,KXBTCD-26APR1415-T74799.99,2026-04-14T19:00:00Z,74795.06,74799.99,0.0066,0.505,real,0.486167,0.0347,0.00068373,0.00039897,,,0.01,0.00039897,1.0,0.0,1,0.0,0,-0.0735,2.0,0.0,0.4777,1,-0.00010509,0,0.0,0,0.0,0.0,-0.1816,False,False,0.0,0.0,34.0,26.51,False,0,bullish,0.0,0.0,0.165723,0.133224,trade,yes,False,False,146.0,49.09,,0.334793,0.05,50.0,1000.0,2.0,0.0,0.6684,0.4505,,,False,,False,False,-50.0,2026-04-14 18:10:52+00:00,BTC,,,,,,,,,,,,,,,,,,,,,,,,,,,,,,,,,,,,,,,,,,,,,,,,,,,,,,,,,,,,,,,,,,,,,,,,,,,,,,,,,,,,,,,,,,,,,,,,,,,,,,,,rising,16,2026-W16,0.505,3.6120873569093315e-11,0.9999855172513888,1.4482712501188154e-05,1.147829288991267,-128.98797167207022,0.1178274620408244,6,5,
2026-04-14 18:21:25,2026-04-14 18:00,KXBTCD-26APR1415-T74499.99,2026-04-14T19:00:00Z,74678.2,74499.99,-0.2386,0.685,real,0.789119,-0.8034,0.00070287,0.00051794,0.00079889,0.6483,0.01,0.00063032,1.0,0.0,1,0.0,0,0.0751,2.0,0.0,0.5451,1,-0.00010619,0,0.0,0,0.0,0.0,-0.2435,False,False,0.0,0.0,31.34,28.0,False,0,bullish,0.0,0.0,0.222302,0.192198,trade,yes,False,False,145.0,38.54,,0.705722,0.05,50.0,1000.0,2.0,0.0,0.6684,0.0474,,,False,,False,False,-50.0,2026-04-14 18:21:25+00:00,BTC,,,,,,,,,,,,,,,,,,,,,,,,,,,,,,,,,,,,,,,,,,,,,,,,,,,,,,,,,,,,,,,,,,,,,,,,,,,,,,,,,,,,,,,,,,,,,,,,,,,,,,,,rising,16,2026-W16,0.685,3.6120873569093315e-11,0.9999855172513888,1.4482712501188154e-05,1.147829288991267,-128.98797167207022,0.1178274620408244,6,5,
2026-04-14 22:01:04,2026-04-14 22:00,KXBTCD-26APR1419-T74099.99,2026-04-14T23:00:00Z,74257.48,74099.99,-0.2121,0.73,real,0.738445,-0.6386,0.0005002,0.00064918,0.00045148,1.4379,0.04,0.0005701,0.0,0.0,1,0.0,0,0.0709,2.0,0.0,0.6081,1,-0.00016787,0,0.0,0,1.0,1.0,-0.5205,False,False,-1.0,0.0,67.65,46.78,True,0,neutral,0.0,0.0,0.073787,0.04499,trade,yes,False,False,139.0,58.88,,0.273284,0.05,50.0,1000.0,0.0,2.0,0.565,0.2045,,,False,,False,False,-50.0,2026-04-14 22:01:04+00:00,BTC,,,,,,,,,,,,,,,,,,,,,,,,,,,,,,,,,,,,,,,,,,,,,,,,,,,,,,,,,,,,,,,,,,,,,,,,,,,,,,,,,,,,,,,,,,,,,,,,,,,,,,,,rising,16,2026-W16,0.73,5.3628270129375305e-05,0.0865060826234732,0.9134402891063942,0.8665098276863928,-187.6993775091476,0.0973406901335787,6,3,
2026-04-14 22:15:48,2026-04-14 22:00,KXBTCD-26APR1419-T74399.99,2026-04-14T23:00:00Z,74294.18,74399.99,0.1424,0.275,real,0.305875,0.5076,0.00055178,0.00068656,0.00035834,1.916,0.03,0.00055527,0.0,0.0,1,1.0,0,-0.0427,2.0,0.0,0.5121,1,-0.00016791,0,0.0,0,1.0,1.0,-0.4549,False,False,-1.0,-1.0,70.72,72.51,True,0,neutral,0.0,0.0,0.105454,0.076497,trade,yes,False,False,140.0,44.15,,0.145453,0.05,50.0,1000.0,0.0,2.0,0.565,0.4195,,,False,,False,False,-50.0,2026-04-14 22:15:48+00:00,BTC,,,,,,,,,,,,,,,,,,,,,,,,,,,,,,,,,,,,,,,,,,,,,,,,,,,,,,,,,,,,,,,,,,,,,,,,,,,,,,,,,,,,,,,,,,,,,,,,,,,,,,,,rising,16,2026-W16,0.275,5.3628270129375305e-05,0.0865060826234732,0.9134402891063942,0.8665098276863928,-187.6993775091476,0.0973406901335787,6,3,
2026-04-14 22:26:21,2026-04-14 22:00,KXBTCD-26APR1419-T73999.99,2026-04-14T23:00:00Z,74091.33,73999.99,-0.1233,0.695,real,0.699126,-0.5219,0.00060588,0.00061595,0.00041712,1.4767,0.03,0.00053642,0.0,0.0,1,1.0,0,-0.0957,2.0,0.0,0.5382,1,-0.00016728,0,0.0,0,1.0,1.0,-0.7319,False,False,1.0,-1.0,26.37,57.73,True,-1,neutral,0.0,0.0,0.1009,0.071061,trade,yes,False,False,137.0,33.61,,0.330819,0.05,50.0,1000.0,0.0,3.0,0.6,-0.1036,,,False,,True,True,21.94,2026-04-14 22:26:21+00:00,BTC,,,,,,,,,,,,,,,,,,,,,,,,,,,,,,,,,,,,,,,,,,,,,,,,,,,,,,,,,,,,,,,,,,,,,,,,,,,,,,,,,,,,,,,,,,,,,,,,,,,,,,,,rising,16,2026-W16,0.695,5.3628270129375305e-05,0.0865060826234732,0.9134402891063942,0.8665098276863928,-187.6993775091476,0.0973406901335787,6,3,
2026-04-16 09:07:29,2026-04-16 09:00,KXBTCD-26APR1606-T74599.99,2026-04-16T10:00:00Z,74695.78,74599.99,-0.1282,0.735,real,0.783961,-0.7856,0.00047865,0.00032379,0.00028206,1.1479,0.01,0.00029667,0.0,-1.0,0,0.0,0,0.0654,2.0,0.0,0.6681,0,-3.974e-05,0,0.0,0,1.0,1.0,-0.2823,False,False,0.0,0.0,24.27,19.96,True,0,neutral,0.0,0.0,0.040043,0.011408,trade,yes,False,False,106.0,52.48,,0.151104,0.05,50.0,1000.0,-1.0,0.0,0.488,-0.0259,-0.0777,0.0,False,,True,True,18.03,2026-04-16 09:07:29+00:00,BTC,,,,,,,,,,,,,,,,,,,,,,,,,,,,,,,,,,,,,,,,,,,,,,,,,,,,,,,,,,,,,,,,,,,,,,,,,,,,,,,,,,,,,,,,,,,,,,,,,,,,,,,,rising,16,2026-W16,0.735,0.999987223775566,1.5117495458468092e-06,1.1264474875591237e-05,0.6639925322196808,-31.926310469272153,0.5528159210628882,2,4,
2026-04-16 09:52:53,2026-04-16 09:00,KXBTCD-26APR1606-T74699.99,2026-04-16T10:00:00Z,74639.97,74699.99,0.0804,0.2,real,0.172197,0.9455,0.00038736,0.00053492,0.00035921,1.4892,0.04,0.00042071,0.0,0.0,1,0.0,0,0.0065,2.0,0.0,0.7512,0,-4.784e-05,0,0.0,0,1.0,1.0,-0.3278,False,False,1.0,1.0,18.59,40.91,False,0,neutral,0.0,0.0,0.067885,0.041685,trade,yes,False,False,103.0,7.07,,0.084857,0.042428,42.43,1000.0,-1.0,4.0,0.6279,-0.2764,-0.2377,-0.2377,False,,False,False,-42.43,2026-04-16 09:52:53+00:00,BTC,,,,,,,,,,,,,,,,,,,,,,,,,,,,,,,,,,,,,,,,,,,,,,,,,,,,,,,,,,,,,,,,,,,,,,,,,,,,,,,,,,,,,,,,,,,,,,,,,,,,,,,,rising,16,2026-W16,0.2,0.999987223775566,1.5117495458468092e-06,1.1264474875591237e-05,0.6639925322196808,-31.926310469272153,0.5528159210628882,2,4,
2026-04-16 10:00:26,2026-04-16 10:00,KXBTCD-26APR1607-T74799.99,2026-04-16T11:00:00Z,74609.82,74799.99,0.2549,0.18,real,0.151813,1.0287,0.00039055,0.00053633,0.00036041,1.4881,0.04,0.00042199,0.0,0.0,1,1.0,-1,-0.1049,2.0,0.0,0.7435,0,-4.739e-05,0,0.0,0,1.0,1.0,-0.36,False,False,1.0,1.0,14.36,26.07,False,0,neutral,0.0,0.0,0.061217,0.035885,trade,yes,False,False,106.0,59.54,,0.074655,0.037327,37.33,1000.0,-1.0,4.0,0.6279,-0.315,-0.0326,-0.0521,False,,False,False,-37.33,2026-04-16 10:00:26+00:00,BTC,,,,,,,,,,,,,,,,,,,,,,,,,,,,,,,,,,,,,,,,,,,,,,,,,,,,,,,,,,,,,,,,,,,,,,,,,,,,,,,,,,,,,,,,,,,,,,,,,,,,,,,,rising,16,2026-W16,0.18,0.999700839750642,3.093768485074225e-06,0.0002960664808692,0.6272167001636341,-61.309898083001485,0.3976924704598336,2,4,
2026-04-16 10:05:43,2026-04-16 10:00,KXBTCD-26APR1607-T74499.99,2026-04-16T11:00:00Z,74582.09,74499.99,-0.1101,0.71,real,0.745547,-0.6605,0.00039944,0.00034928,0.00027026,1.2924,0.02,0.00029792,0.0,1.0,2,0.0,0,-0.0249,2.0,0.0,0.7235,0,-4.673e-05,0,-1.0,1,2.0,2.0,-0.4201,False,False,1.0,1.0,6.53,23.46,False,0,neutral,0.0,0.0,0.148243,0.11883,trade,yes,False,False,108.0,54.24,,0.511183,0.05,50.0,1000.0,-1.0,8.0,0.6598,-0.2495,-0.1124,-0.0604,False,,False,False,-50.0,2026-04-16 10:05:43+00:00,BTC,,,,,,,,,,,,,,,,,,,,,,,,,,,,,,,,,,,,,,,,,,,,,,,,,,,,,,,,,,,,,,,,,,,,,,,,,,,,,,,,,,,,,,,,,,,,,,,,,,,,,,,,rising,16,2026-W16,0.71,0.999700839750642,3.093768485074225e-06,0.0002960664808692,0.6272167001636341,-61.309898083001485,0.3976924704598336,2,4,
2026-04-16 10:11:03,2026-04-16 10:00,KXBTCD-26APR1607-T74399.99,2026-04-16T11:00:00Z,74536.9,74399.99,-0.1837,0.755,real,0.797088,-0.8313,0.00043687,0.00048165,0.00038082,1.2648,0.01,0.00041611,0.0,1.0,2,1.0,-1,-0.1195,2.0,0.0,0.7135,0,-4.504e-05,0,-1.0,1,2.0,2.0,-0.5051,False,False,1.0,1.0,0.0,21.29,False,0,neutral,0.0,0.0,0.1381,0.110151,trade,yes,False,False,106.0,48.91,,0.563672,0.05,50.0,1000.0,-1.0,9.0,0.6598,-0.4157,-0.1459,0.0,False,,False,False,-50.0,2026-04-16 10:11:03+00:00,BTC,,,,,,,,,,,,,,,,,,,,,,,,,,,,,,,,,,,,,,,,,,,,,,,,,,,,,,,,,,,,,,,,,,,,,,,,,,,,,,,,,,,,,,,,,,,,,,,,,,,,,,,,rising,16,2026-W16,0.755,0.999700839750642,3.093768485074225e-06,0.0002960664808692,0.6272167001636341,-61.309898083001485,0.3976924704598336,2,4,
2026-04-16 10:16:19,2026-04-16 10:00,KXBTCD-26APR1607-T74599.99,2026-04-16T11:00:00Z,74423.35,74599.99,0.2373,0.18,real,0.159956,0.9946,0.00043815,0.00049916,0.00039208,1.2731,0.02,0.00042955,0.0,1.0,2,1.0,-1,-0.1144,2.0,0.0,0.6555,0,-4.482e-05,0,-1.0,1,2.0,2.0,-0.6122,False,False,1.0,1.0,0.0,4.79,False,-1,neutral,0.0,0.0,0.10004,0.074708,trade,yes,False,False,106.0,43.63,,0.122,0.05,50.0,1000.0,-1.0,9.0,0.6598,-0.5245,-0.1092,-0.1181,False,,False,False,-50.0,2026-04-16 10:16:19+00:00,BTC,,,,,,,,,,,,,,,,,,,,,,,,,,,,,,,,,,,,,,,,,,,,,,,,,,,,,,,,,,,,,,,,,,,,,,,,,,,,,,,,,,,,,,,,,,,,,,,,,,,,,,,,rising,16,2026-W16,0.18,0.999700839750642,3.093768485074225e-06,0.0002960664808692,0.6272167001636341,-61.309898083001485,0.3976924704598336,2,4,
2026-04-16 10:21:37,2026-04-16 10:00,KXBTCD-26APR1607-T74299.99,2026-04-16T11:00:00Z,74418.53,74299.99,-0.1593,0.735,real,0.791181,-0.8105,0.00043272,0.00031904,0.00040993,0.7783,0.01,0.00037812,0.0,1.0,2,0.0,0,0.03,2.0,0.0,0.6687,0,-4.349e-05,0,-1.0,1,2.0,2.0,-0.617,False,False,1.0,1.0,8.02,7.46,True,-1,neutral,0.0,0.0,0.15423,0.125596,trade,yes,False,False,105.0,38.34,,0.582001,0.05,50.0,1000.0,-1.0,9.0,0.6598,-0.2985,-0.1292,-0.0289,False,,True,True,18.03,2026-04-16 10:21:37+00:00,BTC,,,,,,,,,,,,,,,,,,,,,,,,,,,,,,,,,,,,,,,,,,,,,,,,,,,,,,,,,,,,,,,,,,,,,,,,,,,,,,,,,,,,,,,,,,,,,,,,,,,,,,,,rising,16,2026-W16,0.735,0.999700839750642,3.093768485074225e-06,0.0002960664808692,0.6272167001636341,-61.309898083001485,0.3976924704598336,2,4,
2026-04-16 12:05:13,2026-04-16 12:00,KXBTCD-26APR1609-T74599.99,2026-04-16T13:00:00Z,74752.31,74599.99,-0.2038,0.715,real,0.796823,-0.8303,0.00032627,0.00034693,0.00048537,0.7148,0.03,0.00043692,0.0,-1.0,0,1.0,0,-0.039,2.0,1.0,0.9952,0,-4.459e-05,1,0.0,0,0.0,0.0,-0.0588,False,False,-1.0,-1.0,80.82,50.97,False,0,neutral,0.0,0.0,0.133356,0.104092,trade,yes,False,False,110.0,54.73,,0.467915,0.05,50.0,1000.0,-1.0,-1.0,0.5789,0.4125,0.2614,0.1733,False,,True,True,19.93,2026-04-16 12:05:13+00:00,BTC,,,,,,,,,,,,,,,,,,,,,,,,,,,,,,,,,,,,,,,,,,,,,,,,,,,,,,,,,,,,,,,,,,,,,,,,,,,,,,,,,,,,,,,,,,,,,,,,,,,,,,,,rising,16,2026-W16,0.715,0.9996191966577208,2.927585474068659e-06,0.0003778757567914,0.7411809934754794,-58.29897967960869,0.4634177747055374,2,4,
2026-04-16 12:10:30,2026-04-16 12:00,KXBTCD-26APR1609-T74699.99,2026-04-16T13:00:00Z,74753.14,74699.99,-0.0711,0.595,real,0.618146,-0.3006,0.00038127,0.00048356,0.00042065,1.1495,0.01,0.00044267,0.0,-1.0,0,1.0,0,-0.0337,2.0,1.0,0.98,0,-4.575e-05,1,0.0,0,0.0,0.0,-0.0441,False,False,-1.0,-1.0,82.62,51.57,False,0,neutral,0.0,0.0,0.096355,0.064487,trade,yes,False,False,109.0,49.45,,0.237914,0.05,50.0,1000.0,-1.0,-1.0,0.5789,0.4743,0.1878,0.0676,False,,False,False,-50.0,2026-04-16 12:10:30+00:00,BTC,,,,,,,,,,,,,,,,,,,,,,,,,,,,,,,,,,,,,,,,,,,,,,,,,,,,,,,,,,,,,,,,,,,,,,,,,,,,,,,,,,,,,,,,,,,,,,,,,,,,,,,,rising,16,2026-W16,0.595,0.9996191966577208,2.927585474068659e-06,0.0003778757567914,0.7411809934754794,-58.29897967960869,0.4634177747055374,2,4,
2026-04-16 13:00:08,2026-04-16 13:00,KXBTCD-26APR1610-T74399.99,2026-04-16T14:00:00Z,74632.5,74399.99,-0.3115,0.825,real,0.920037,-1.4053,0.00040336,0.00027757,0.00043169,0.643,0.03,0.00037775,0.0,0.0,1,0.0,0,-0.033,2.0,-1.0,0.8954,1,-5.141e-05,0,0.0,0,0.0,0.0,-0.2366,False,False,0.0,0.0,60.06,61.59,False,0,neutral,0.0,0.0,0.105471,0.080365,trade,yes,False,False,108.0,59.81,,0.602691,0.05,50.0,1000.0,-1.0,0.0,0.488,-0.1168,0.0,0.0,False,,False,False,-50.0,2026-04-16 13:00:08+00:00,BTC,,,,,,,,,,,,,,,,,,,,,,,,,,,,,,,,,,,,,,,,,,,,,,,,,,,,,,,,,,,,,,,,,,,,,,,,,,,,,,,,,,,,,,,,,,,,,,,,,,,,,,,,rising,16,2026-W16,0.825,0.9687870064438996,1.0025115342803916e-05,0.0312029684407452,0.6699235371590256,-106.22192845829484,0.2231266516802012,2,4,
2026-04-16 13:07:33,2026-04-16 13:00,KXBTCD-26APR1610-T74499.99,2026-04-16T14:00:00Z,74723.55,74499.99,-0.2992,0.805,real,0.9149,-1.3716,0.00041009,0.00037374,0.00048148,0.7762,0.01,0.00044377,0.0,1.0,2,0.0,1,0.1319,2.0,-1.0,0.8919,1,-5.183e-05,0,0.0,0,0.0,0.0,-0.1125,False,False,-1.0,0.0,76.52,67.08,False,0,neutral,0.0,0.0,0.120117,0.094129,trade,yes,False,False,110.0,52.41,,0.615985,0.05,50.0,1000.0,-1.0,0.0,0.488,0.035,0.1244,0.0476,False,,False,False,-50.0,2026-04-16 13:07:33+00:00,BTC,,,,,,,,,,,,,,,,,,,,,,,,,,,,,,,,,,,,,,,,,,,,,,,,,,,,,,,,,,,,,,,,,,,,,,,,,,,,,,,,,,,,,,,,,,,,,,,,,,,,,,,,rising,16,2026-W16,0.805,0.9687870064438996,1.0025115342803916e-05,0.0312029684407452,0.6699235371590256,-106.22192845829484,0.2231266516802012,2,4,
2026-04-16 13:31:56,2026-04-16 13:00,KXBTCD-26APR1610-T74599.99,2026-04-16T14:00:00Z,74788.8,74599.99,-0.2525,0.725,real,0.802126,-0.8492,0.00045133,0.00063024,0.00079877,0.789,0.01,0.00073979,0.0,0.0,1,2.0,-1,-0.13,2.0,-1.0,0.8755,1,-5.273e-05,0,0.0,0,0.0,0.0,-0.0737,False,False,0.0,-1.0,63.15,85.07,True,0,neutral,0.0,0.0,0.083652,0.054695,trade,yes,False,False,115.0,28.03,,0.304187,0.05,50.0,1000.0,-1.0,0.0,0.488,0.0877,-0.2225,-0.2368,False,,False,False,-50.0,2026-04-16 13:31:56+00:00,BTC,,,,,,,,,,,,,,,,,,,,,,,,,,,,,,,,,,,,,,,,,,,,,,,,,,,,,,,,,,,,,,,,,,,,,,,,,,,,,,,,,,,,,,,,,,,,,,,,,,,,,,,,rising,16,2026-W16,0.725,0.9687870064438996,1.0025115342803916e-05,0.0312029684407452,0.6699235371590256,-106.22192845829484,0.2231266516802012,2,4,
2026-04-16 14:09:37,2026-04-16 14:00,KXBTCD-26APR1611-T73799.99,2026-04-16T15:00:00Z,73898.42,73799.99,-0.1332,0.56,real,0.566826,-0.1683,0.00117075,0.00115552,0.0012443,0.9286,0.02,0.00121323,0.0,1.0,3,0.0,1,0.1122,2.0,0.0,0.7023,1,-5.122e-05,0,-1.0,1,2.0,2.0,-1.1649,False,False,1.0,0.0,31.95,33.62,False,-1,neutral,0.0,0.0,0.108321,0.076073,trade,yes,False,False,107.0,50.34,,0.246184,0.05,50.0,1000.0,-3.0,3.0,0.4701,-1.0657,0.0981,0.2314,True,,True,True,39.29,2026-04-16 14:09:37+00:00,BTC,,,,,,,,,,,,,,,,,,,,,,,,,,,,,,,,,,,,,,,,,,,,,,,,,,,,,,,,,,,,,,,,,,,,,,,,,,,,,,,,,,,,,,,,,,,,,,,,,,,,,,,,rising,16,2026-W16,0.56,0.9375239355279174,1.19523281517627e-05,0.0624641121439426,1.373306568286612,-126.31070949074112,0.263320545096586,2,4,
2026-04-16 14:14:59,2026-04-16 14:00,KXBTCD-26APR1611-T73699.99,2026-04-16T15:00:00Z,73848.99,73699.99,-0.2018,0.655,real,0.635094,-0.3454,0.00117359,0.00108912,0.00075507,1.4424,0.03,0.00087198,0.0,1.0,2,0.0,0,-0.0808,2.0,0.0,0.6386,1,-5.096e-05,0,-1.0,1,2.0,2.0,-1.176,False,False,1.0,0.0,31.18,33.36,False,-1,neutral,0.0,0.0,0.076128,0.04531,trade,yes,False,False,105.0,44.97,,0.220661,0.05,50.0,1000.0,-3.0,3.0,0.4701,-0.9729,0.214,-0.0916,True,,True,True,26.34,2026-04-16 14:14:59+00:00,BTC,,,,,,,,,,,,,,,,,,,,,,,,,,,,,,,,,,,,,,,,,,,,,,,,,,,,,,,,,,,,,,,,,,,,,,,,,,,,,,,,,,,,,,,,,,,,,,,,,,,,,,,,rising,16,2026-W16,0.655,0.9375239355279174,1.19523281517627e-05,0.0624641121439426,1.373306568286612,-126.31070949074112,0.263320545096586,2,4,
2026-04-16 17:07:41,2026-04-16 17:00,KXBTCD-26APR1614-T73799.99,2026-04-16T18:00:00Z,74051.22,73799.99,-0.3393,0.74,real,0.790467,-0.808,0.00100947,0.0008299,0.00073054,1.136,0.02,0.00076531,-1.0,1.0,2,1.0,-1,-0.134,2.0,1.0,0.8091,1,-5.091e-05,0,-1.0,1,2.0,2.0,-0.8722,False,False,1.0,0.0,43.44,52.99,False,-1,neutral,0.0,0.0,0.05366,0.025192,trade,yes,False,False,105.0,52.28,,0.206385,0.05,50.0,1000.0,-1.0,1.0,0.4839,-0.4773,-0.3156,-0.0542,False,,True,True,17.57,2026-04-16 17:07:41+00:00,BTC,,,,,,,,,,,,,,,,,,,,,,,,,,,,,,,,,,,,,,,,,,,,,,,,,,,,,,,,,,,,,,,,,,,,,,,,,,,,,,,,,,,,,,,,,,,,,,,,,,,,,,,,rising,16,2026-W16,0.74,0.0018124180037497,8.989394485011057e-05,0.998097688051408,1.4065573274561058,-75.23104313879045,0.415263089490378,2,2,
2026-04-16 17:31:57,2026-04-16 17:00,KXBTCD-26APR1614-T74099.99,2026-04-16T18:00:00Z,74281.75,74099.99,-0.2447,0.745,real,0.796019,-0.8275,0.00100899,0.00079839,0.00070277,1.1361,0.03,0.00073624,-1.0,-1.0,0,0.0,0,0.0751,2.0,0.0,0.5786,0,-4.198e-05,0,0.0,0,1.0,1.0,-0.5326,False,False,0.0,0.0,55.2,49.14,False,-1,neutral,0.0,0.0,0.039393,0.011095,trade,yes,False,False,104.0,28.0,,0.154484,0.05,50.0,1000.0,-1.0,1.0,0.4839,0.1737,0.2215,0.0619,False,,True,True,17.11,2026-04-16 17:31:57+00:00,BTC,,,,,,,,,,,,,,,,,,,,,,,,,,,,,,,,,,,,,,,,,,,,,,,,,,,,,,,,,,,,,,,,,,,,,,,,,,,,,,,,,,,,,,,,,,,,,,,,,,,,,,,,rising,16,2026-W16,0.745,0.0018124180037497,8.989394485011057e-05,0.998097688051408,1.4065573274561058,-75.23104313879045,0.415263089490378,2,2,
2026-04-16 17:37:13,2026-04-16 17:00,KXBTCD-26APR1614-T73999.99,2026-04-16T18:00:00Z,74158.94,73999.99,-0.2143,0.745,real,0.796222,-0.8282,0.00086669,0.0007741,0.00068295,1.1335,0.01,0.00071485,-1.0,-1.0,0,0.0,0,-0.0146,2.0,0.0,0.6646,0,-4.006e-05,0,0.0,0,1.0,1.0,-0.7137,False,False,1.0,0.0,46.07,46.1,False,-1,neutral,0.0,0.0,0.039603,0.011305,trade,yes,False,False,102.0,22.74,,0.155307,0.05,50.0,1000.0,-1.0,1.0,0.4839,0.1503,-0.1219,-0.1836,False,,True,True,17.11,2026-04-16 17:37:13+00:00,BTC,,,,,,,,,,,,,,,,,,,,,,,,,,,,,,,,,,,,,,,,,,,,,,,,,,,,,,,,,,,,,,,,,,,,,,,,,,,,,,,,,,,,,,,,,,,,,,,,,,,,,,,,rising,16,2026-W16,0.745,0.0018124180037497,8.989394485011057e-05,0.998097688051408,1.4065573274561058,-75.23104313879045,0.415263089490378,2,2,
2026-04-16 17:37:14,2026-04-16 17:00,KXBTCD-26APR1614-T73999.99,2026-04-16T18:00:00Z,74157.71,73999.99,-0.2127,0.745,real,0.795583,-0.8259,0.00086669,0.0007741,0.00067806,1.1416,0.01,0.00071167,-1.0,-1.0,0,0.0,0,0.0182,2.0,0.0,0.6646,0,-4.057e-05,0,0.0,0,1.0,1.0,-0.7137,False,False,1.0,0.0,46.07,46.1,False,-1,neutral,0.0,0.0,0.038943,0.010644,trade,yes,False,False,102.0,22.72,,0.152716,0.05,20.0,400.0,-1.0,1.0,0.4839,0.1503,-0.1219,-0.1836,False,,True,True,6.85,2026-04-16 17:37:14+00:00,BTC,,,,,,,,,,,,,,,,,,,,,,,,,,,,,,,,,,,,,,,,,,,,,,,,,,,,,,,,,,,,,,,,,,,,,,,,,,,,,,,,,,,,,,,,,,,,,,,,,,,,,,,,rising,16,2026-W16,0.745,0.0018124180037497,8.989394485011057e-05,0.998097688051408,1.4065573274561058,-75.23104313879045,0.415263089490378,2,2,
2026-04-18 07:00:14,2026-04-18 07:00,KXBTCD-26APR1804-T77099.99,2026-04-18T08:00:00Z,77151.95,77099.99,-0.0673,0.57,real,0.649809,-0.3848,0.00017919,0.00016088,0.0004943,0.3255,0.04,0.00037761,-1.0,0.0,1,0.0,0,0.0163,2.0,0.0,0.5153,1,-0.00010278,0,0.0,0,0.0,0.0,0.0111,False,False,0.0,0.0,61.77,64.07,False,-1,bullish,0.0,0.0,0.238979,0.206822,trade,yes,False,False,102.0,59.72,,0.555764,0.05,20.0,400.0,2.0,0.0,0.6684,0.0038,-0.0403,-0.0221,False,,False,False,-20.0,2026-04-18 07:00:14+00:00,BTC,,,,,,,,,,,,,,,,,,,,,,,,,,,,,,,,,,,,,,,,,,,,,,,,,,,,,,,,,,,,,,,,,,,,,,,,,,,,,,,,,,,,,,,,,,,,,,,,,,,,,,,,rising,16,2026-W16,0.57,4.55240680627811e-06,0.0002051774242433,0.9997902701689496,0.6048216747169252,-126.85535439317232,0.4839837332488551,1,1,
2026-04-18 07:05:34,2026-04-18 07:00,KXBTCD-26APR1804-T77199.99,2026-04-18T08:00:00Z,77146.68,77199.99,0.0691,0.355,real,0.240299,0.7053,0.00018305,0.00016456,0.00025188,0.6533,0.01,0.00022132,-1.0,0.0,1,0.0,0,-0.0484,2.0,0.0,0.5075,1,-0.00010222,0,0.0,0,0.0,0.0,0.0451,False,False,0.0,0.0,69.19,66.54,False,0,bullish,0.0,0.0,0.053642,0.022613,trade,yes,False,False,115.0,54.39,,0.083165,0.041583,16.63,400.0,2.0,0.0,0.6684,0.0279,0.0119,0.0308,False,,False,False,-16.63,2026-04-18 07:05:34+00:00,BTC,,,,,,,,,,,,,,,,,,,,,,,,,,,,,,,,,,,,,,,,,,,,,,,,,,,,,,,,,,,,,,,,,,,,,,,,,,,,,,,,,,,,,,,,,,,,,,,,,,,,,,,,rising,16,2026-W16,0.355,4.55240680627811e-06,0.0002051774242433,0.9997902701689496,0.6048216747169252,-126.85535439317232,0.4839837332488551,1,1,
2026-04-18 07:41:39,2026-04-18 07:00,KXBTCD-26APR1804-T76999.99,2026-04-18T08:00:00Z,77036.12,76999.99,-0.0469,0.71,real,0.87441,-1.1475,0.00014471,8.707e-05,0.0001982,0.4393,0.02,0.0001593,-1.0,0.0,1,1.0,-1,-0.13,2.0,0.0,0.4041,1,-9.617e-05,0,0.0,0,0.0,0.0,-0.0302,False,False,0.0,0.0,52.75,53.14,False,-1,bullish,0.0,0.0,0.248288,0.218875,trade,yes,False,False,112.0,18.3,,0.856165,0.05,20.0,400.0,2.0,0.0,0.6684,-0.0243,-0.003,0.0,False,,True,True,8.17,2026-04-18 07:41:39+00:00,BTC,,,,,,,,,,,,,,,,,,,,,,,,,,,,,,,,,,,,,,,,,,,,,,,,,,,,,,,,,,,,,,,,,,,,,,,,,,,,,,,,,,,,,,,,,,,,,,,,,,,,,,,,rising,16,2026-W16,0.71,4.55240680627811e-06,0.0002051774242433,0.9997902701689496,0.6048216747169252,-126.85535439317232,0.4839837332488551,1,1,
2026-04-18 08:06:04,2026-04-18 08:00,KXBTCD-26APR1805-T77099.99,2026-04-18T09:00:00Z,77042.08,77099.99,0.0752,0.365,real,0.297911,0.5304,0.00027829,0.00036812,0.00029656,1.2413,0.01,0.00032161,-1.0,1.0,2,0.0,0,0.0325,2.0,-1.0,1.0,1,-8.012e-05,0,0.0,0,0.0,0.0,-0.0301,False,False,0.0,1.0,38.51,25.01,True,-1,neutral,0.0,0.0,0.11219,0.080966,trade,yes,False,False,114.0,53.89,,0.176677,0.05,20.0,400.0,2.0,0.0,0.6684,-0.0604,0.1741,0.0137,False,,False,False,-20.0,2026-04-18 08:06:04+00:00,BTC,,,,,,,,,,,,,,,,,,,,,,,,,,,,,,,,,,,,,,,,,,,,,,,,,,,,,,,,,,,,,,,,,,,,,,,,,,,,,,,,,,,,,,,,,,,,,,,,,,,,,,,,rising,16,2026-W16,0.365,0.0003061221659002,9.409177087904752e-05,0.9995997860632144,0.6561770234053348,-143.5439970743364,0.2965702177473845,1,1,
2026-04-18 08:11:22,2026-04-18 08:00,KXBTCD-26APR1805-T76999.99,2026-04-18T09:00:00Z,77007.02,76999.99,-0.0091,0.515,real,0.524347,-0.0611,0.00026967,0.00037449,0.00034821,1.0754,0.01,0.00035741,-1.0,0.0,1,0.0,0,0.0085,2.0,-1.0,0.9852,0,-4.816e-05,0,0.0,0,0.0,0.0,-0.0918,False,False,0.0,1.0,24.81,20.45,True,-1,neutral,0.0,0.0,0.089301,0.056817,trade,yes,False,False,115.0,48.58,,0.184126,0.05,20.0,400.0,2.0,2.0,0.5806,-0.1222,-0.0481,-0.0442,False,,False,False,-20.0,2026-04-18 08:11:22+00:00,BTC,,,,,,,,,,,,,,,,,,,,,,,,,,,,,,,,,,,,,,,,,,,,,,,,,,,,,,,,,,,,,,,,,,,,,,,,,,,,,,,,,,,,,,,,,,,,,,,,,,,,,,,,rising,16,2026-W16,0.515,0.0003061221659002,9.409177087904752e-05,0.9995997860632144,0.6561770234053348,-143.5439970743364,0.2965702177473845,1,1,
2026-04-18 08:16:40,2026-04-18 08:00,KXBTCD-26APR1805-T76799.99,2026-04-18T09:00:00Z,76735.67,76799.99,0.0838,0.36,real,0.345793,0.3967,0.0003549,0.0004321,0.00035526,1.2163,0.02,0.00038215,-1.0,1.0,2,0.0,0,-0.0844,2.0,-1.0,0.9849,0,-4.427e-05,0,-1.0,1,2.0,2.0,-0.4534,False,False,1.0,1.0,0.0,0.59,False,-1,neutral,0.0,0.0,0.136967,0.105839,trade,yes,False,False,113.0,43.29,,0.214011,0.05,20.0,400.0,0.0,9.0,0.6514,-0.4033,-0.408,-0.364,False,,False,False,-20.0,2026-04-18 08:16:40+00:00,BTC,,,,,,,,,,,,,,,,,,,,,,,,,,,,,,,,,,,,,,,,,,,,,,,,,,,,,,,,,,,,,,,,,,,,,,,,,,,,,,,,,,,,,,,,,,,,,,,,,,,,,,,,rising,16,2026-W16,0.36,0.0003061221659002,9.409177087904752e-05,0.9995997860632144,0.6561770234053348,-143.5439970743364,0.2965702177473845,1,1,
2026-04-18 09:00:14,2026-04-18 09:00,KXBTCD-26APR1806-T76699.99,2026-04-18T10:00:00Z,76739.37,76699.99,-0.0513,0.555,real,0.570875,-0.1786,0.00055537,0.00067086,0.00048038,1.3965,0.03,0.00054704,-1.0,0.0,1,0.0,0,-0.071,2.0,1.0,0.9622,0,-3.635e-05,0,-1.0,1,2.0,2.0,-0.376,False,False,0.0,0.0,31.51,21.24,True,-1,neutral,0.0,0.0,0.067229,0.034941,trade,yes,False,False,100.0,59.69,,0.151076,0.05,20.0,400.0,0.0,1.0,0.5528,0.0999,0.1168,-0.0588,False,,False,False,-20.0,2026-04-18 09:00:14+00:00,BTC,,,,,,,,,,,,,,,,,,,,,,,,,,,,,,,,,,,,,,,,,,,,,,,,,,,,,,,,,,,,,,,,,,,,,,,,,,,,,,,,,,,,,,,,,,,,,,,,,,,,,,,,rising,16,2026-W16,0.555,0.0003504659962253,0.000101818327094,0.999547715676685,0.6381156167158808,-159.2081653690011,0.0858372588452711,1,3,
2026-04-18 16:18:41,2026-04-18 16:00,KXBTCD-26APR1813-T75999.99,2026-04-18T17:00:00Z,75838.32,75999.99,0.2132,0.315,real,0.345162,0.3984,0.00067573,0.00092316,0.00068813,1.3416,0.01,0.00077039,-1.0,1.0,2,0.0,0,0.0024,2.0,0.0,0.7932,0,-2.118e-05,0,-1.0,1,2.0,2.0,-1.1817,False,False,1.0,1.0,11.09,50.26,False,-1,neutral,0.0,0.0,0.190386,0.160282,trade,yes,False,False,105.0,41.27,,0.277936,0.05,20.0,400.0,-1.0,10.0,0.6598,-0.4561,-0.4244,-0.5559,False,,False,False,-20.0,2026-04-18 16:18:41+00:00,BTC,,,,,,,,,,,,,,,,,,,,,,,,,,,,,,,,,,,,,,,,,,,,,,,,,,,,,,,,,,,,,,,,,,,,,,,,,,,,,,,,,,,,,,,,,,,,,,,,,,,,,,,,rising,16,2026-W16,0.315,0.9999999999281072,7.189871909723943e-11,3.9069655620109247e-25,0.5958506458974716,-165.5824281606794,0.0994226749394511,0,0,
2026-04-18 17:00:53,2026-04-18 17:00,KXBTCD-26APR1814-T75799.99,2026-04-18T18:00:00Z,75917.52,75799.99,-0.1548,0.685,real,0.722495,-0.5903,0.00068382,0.00038447,0.00041847,0.9188,0.01,0.00040657,-1.0,0.0,1,0.0,0,-0.0706,2.0,0.0,0.6933,0,-1.752e-05,-1,-1.0,1,2.0,2.0,-1.0076,False,False,1.0,0.0,28.39,36.12,False,-1,bearish,0.0,0.0,0.135315,0.10521,trade,yes,False,False,107.0,59.07,,0.42957,0.05,20.0,400.0,-1.0,4.0,0.6279,-0.2807,-0.0089,0.0,False,,True,True,9.2,2026-04-18 17:00:53+00:00,BTC,,,,,,,,,,,,,,,,,,,,,,,,,,,,,,,,,,,,,,,,,,,,,,,,,,,,,,,,,,,,,,,,,,,,,,,,,,,,,,,,,,,,,,,,,,,,,,,,,,,,,,,,rising,16,2026-W16,0.685,0.9999999993320472,6.679588928146037e-10,2.545686455682133e-21,0.7263001452471874,-158.36284121855996,0.093804262472767,0,0,
2026-04-18 18:02:45,2026-04-18 18:00,KXBTCD-26APR1815-T75799.99,2026-04-18T19:00:00Z,75740.93,75799.99,0.078,0.395,real,0.386755,0.2878,0.00030553,0.00039343,0.00038697,1.0167,0.03,0.00038923,-1.0,1.0,2,1.0,-1,-0.1045,2.0,0.0,0.6314,0,-1.266e-05,0,-1.0,1,2.0,2.0,-1.1295,False,False,1.0,1.0,5.06,19.9,False,-1,bearish,0.0,0.0,0.154394,0.122666,trade,yes,False,False,102.0,57.21,,0.255196,0.05,20.0,400.0,-1.0,10.0,0.6598,-0.1474,-0.2026,-0.1813,False,,False,False,-20.0,2026-04-18 18:02:45+00:00,BTC,,,,,,,,,,,,,,,,,,,,,,,,,,,,,,,,,,,,,,,,,,,,,,,,,,,,,,,,,,,,,,,,,,,,,,,,,,,,,,,,,,,,,,,,,,,,,,,,,,,,,,,,rising,16,2026-W16,0.395,0.9999999991798064,8.201975249724014e-10,1.594040566493776e-21,0.6470121706832593,-162.68015537136512,0.0955041439661759,0,0,
2026-04-18 18:08:01,2026-04-18 18:00,KXBTCD-26APR1815-T75899.99,2026-04-18T19:00:00Z,75788.49,75899.99,0.1471,0.245,real,0.250431,0.6731,0.00028955,0.00039234,0.00029551,1.3277,0.01,0.0003294,-1.0,1.0,2,0.0,0,-0.0646,2.0,0.0,0.6421,0,-1.017e-05,0,-1.0,1,2.0,2.0,-1.0992,False,False,1.0,1.0,7.9,20.84,False,-1,bearish,0.0,0.0,0.151963,0.124015,trade,yes,False,False,103.0,51.93,,0.201276,0.05,20.0,400.0,-1.0,10.0,0.6598,-0.1237,-0.1576,0.0237,False,,False,False,-20.0,2026-04-18 18:08:01+00:00,BTC,,,,,,,,,,,,,,,,,,,,,,,,,,,,,,,,,,,,,,,,,,,,,,,,,,,,,,,,,,,,,,,,,,,,,,,,,,,,,,,,,,,,,,,,,,,,,,,,,,,,,,,,rising,16,2026-W16,0.245,0.9999999991798064,8.201975249724014e-10,1.594040566493776e-21,0.6470121706832593,-162.68015537136512,0.0955041439661759,0,0,
2026-04-18 18:15:26,2026-04-18 18:00,KXBTCD-26APR1815-T76099.99,2026-04-18T19:00:00Z,75824.24,76099.99,0.3637,0.05,real,0.060948,1.5469,0.00031413,0.00047793,0.0003307,1.4452,0.02,0.00038223,-1.0,1.0,2,0.0,0,-0.0014,2.0,0.0,0.7837,0,-1.173e-05,0,-1.0,1,2.0,2.0,-1.0239,False,False,1.0,1.0,15.79,19.45,False,-1,bearish,0.0,0.0,0.116626,0.098301,trade,yes,False,False,102.0,44.54,,0.122764,0.05,20.0,400.0,-1.0,7.0,0.7188,-0.1006,0.0783,-0.0301,False,,False,False,-20.0,2026-04-18 18:15:26+00:00,BTC,,,,,,,,,,,,,,,,,,,,,,,,,,,,,,,,,,,,,,,,,,,,,,,,,,,,,,,,,,,,,,,,,,,,,,,,,,,,,,,,,,,,,,,,,,,,,,,,,,,,,,,,rising,16,2026-W16,0.05,0.9999999991798064,8.201975249724014e-10,1.594040566493776e-21,0.6470121706832593,-162.68015537136512,0.0955041439661759,0,0,
2026-04-18 19:01:13,2026-04-18 19:00,KXBTCD-26APR1817-T75749.99,2026-04-18T21:00:00Z,75692.32,75749.99,0.0762,0.445,real,0.439609,0.152,0.00056604,0.00062589,0.00050534,1.2386,0.01,0.00054753,-1.0,0.0,1,0.0,0,0.0884,2.0,-1.0,0.9255,0,-1.607e-05,-1,-1.0,1,2.0,2.0,-1.0464,False,False,1.0,0.0,26.92,20.58,True,-1,bearish,0.0,0.0,0.124199,0.091911,trade,yes,False,False,149.0,118.74,,0.223783,0.05,20.0,400.0,-1.0,4.0,0.6279,-0.0374,-0.0146,0.0349,False,,True,True,24.94,2026-04-18 19:01:13+00:00,BTC,,,,,,,,,,,,,,,,,,,,,,,,,,,,,,,,,,,,,,,,,,,,,,,,,,,,,,,,,,,,,,,,,,,,,,,,,,,,,,,,,,,,,,,,,,,,,,,,,,,,,,,,rising,16,2026-W16,0.445,0.999999999964075,3.5926334571233375e-11,7.709299947790308e-34,0.7112318198534089,-154.44773243493293,0.1131603722624385,0,0,
2026-04-18 23:33:26,2026-04-18 23:00,KXBTCD-26APR1820-T75799.99,2026-04-19T00:00:00Z,75807.16,75799.99,-0.0095,0.485,real,0.529302,-0.0735,0.00024941,0.00029725,,,0.01,0.00029725,-1.0,1.0,2,2.0,-1,-0.1058,2.0,0.0,0.8799,1,-6.628e-05,1,-1.0,1,2.0,2.0,-0.4791,False,False,0.0,-1.0,56.96,80.96,True,-1,bearish,0.0,0.0,0.047322,0.014837,trade,yes,False,False,103.0,26.52,,0.091887,0.045943,18.38,400.0,-1.0,0.0,0.488,-0.11,-0.1066,-0.0754,False,,False,False,-18.38,2026-04-18 23:33:26+00:00,BTC,,,,,,,,,,,,,,,,,,,,,,,,,,,,,,,,,,,,,,,,,,,,,,,,,,,,,,,,,,,,,,,,,,,,,,,,,,,,,,,,,,,,,,,,,,,,,,,,,,,,,,,,rising,16,2026-W16,0.485,0.9999999982813392,1.7186501516115702e-09,1.19532887209189e-22,0.5668770791706316,-76.3487671009506,0.1524581849454792,0,0,
2026-04-19 00:01:00,2026-04-19 00:00,KXBTCD-26APR1821-T75699.99,2026-04-19T01:00:00Z,75729.61,75699.99,-0.0391,0.605,real,0.668498,-0.4358,0.00022604,0.00013596,0.00019132,0.7106,0.01,0.00017194,-1.0,0.0,1,1.0,-1,-0.1215,2.0,0.0,0.7726,1,-6.808e-05,0,0.0,0,0.0,0.0,,False,False,0.0,0.0,37.23,40.57,False,-1,bearish,0.0,0.0,0.05983,0.028102,trade,yes,False,False,101.0,58.96,,0.151468,0.05,20.0,400.0,0.0,0.0,0.4797,-0.0567,-0.0554,-0.0115,False,,False,False,-20.0,2026-04-19 00:01:00+00:00,BTC,,,,,,,,,,,,,,,,,,,,,,,,,,,,,,,,,,,,,,,,,,,,,,,,,,,,,,,,,,,,,,,,,,,,,,,,,,,,,,,,,,,,,,,,,,,,,,,,,,,,,,,,rising,16,2026-W16,0.605,0.9999999995003748,4.996223905594338e-10,3.6302444098566775e-27,0.5718937415207103,-65.19892437949565,0.1247615687398766,0,0,
2026-04-19 00:09:30,2026-04-19 00:00,KXBTCD-26APR1821-T75799.99,2026-04-19T01:00:00Z,75857.67,75799.99,-0.076,0.715,real,0.774645,-0.7542,0.00023695,0.0001837,0.00018856,0.9743,0.01,0.00018686,-1.0,0.0,1,0.0,0,-0.0539,2.0,0.0,0.6596,1,-8.121e-05,0,0.0,0,0.0,0.0,,False,False,0.0,0.0,79.87,54.79,False,0,bearish,0.0,0.0,0.083352,0.054088,trade,yes,False,False,102.0,50.44,,0.292463,0.05,20.0,400.0,0.0,-1.0,0.5117,0.1048,0.137,0.0564,False,,False,False,-20.0,2026-04-19 00:09:30+00:00,BTC,,,,,,,,,,,,,,,,,,,,,,,,,,,,,,,,,,,,,,,,,,,,,,,,,,,,,,,,,,,,,,,,,,,,,,,,,,,,,,,,,,,,,,,,,,,,,,,,,,,,,,,,rising,16,2026-W16,0.715,0.9999999995003748,4.996223905594338e-10,3.6302444098566775e-27,0.5718937415207103,-65.19892437949565,0.1247615687398766,0,0,
2026-04-19 01:01:32,2026-04-19 01:00,KXBTCD-26APR1822-T75799.99,2026-04-19T02:00:00Z,75814.88,75799.99,-0.0196,0.45,real,0.531934,-0.0801,0.00036292,0.00042202,,,0.02,0.00042202,-1.0,0.0,1,1.0,-1,-0.1032,2.0,0.0,0.5497,1,-6.959e-05,0,0.0,0,0.0,0.0,0.0575,False,False,-1.0,0.0,75.66,35.11,True,0,bearish,0.0,0.0,0.076658,0.044333,trade,yes,False,False,102.0,58.41,,0.139378,0.05,20.0,400.0,0.0,0.0,0.4797,0.2266,0.1754,0.1754,False,,False,False,-20.0,2026-04-19 01:01:32+00:00,BTC,,,,,,,,,,,,,,,,,,,,,,,,,,,,,,,,,,,,,,,,,,,,,,,,,,,,,,,,,,,,,,,,,,,,,,,,,,,,,,,,,,,,,,,,,,,,,,,,,,,,,,,,rising,16,2026-W16,0.45,0.9999999998083524,1.9163594756210662e-10,3.201999969650329e-31,0.557768633693128,-55.53271580084149,0.1058930159955706,0,0,
2026-04-19 01:10:03,2026-04-19 01:00,KXBTCD-26APR1822-T75599.99,2026-04-19T02:00:00Z,75711.56,75599.99,-0.1474,0.715,real,0.758759,-0.7023,0.00036344,0.0004349,0.00036746,1.1835,0.01,0.00039106,-1.0,0.0,1,1.0,-1,-0.2754,2.0,0.0,0.4118,1,-7.045e-05,0,0.0,0,0.0,0.0,0.005,False,False,0.0,0.0,62.94,30.87,True,0,bearish,0.0,0.0,0.042609,0.013345,trade,yes,False,False,102.0,49.91,,0.149507,0.05,20.0,400.0,0.0,0.0,0.4797,0.2403,-0.0484,0.0502,False,,True,True,7.97,2026-04-19 01:10:03+00:00,BTC,,,,,,,,,,,,,,,,,,,,,,,,,,,,,,,,,,,,,,,,,,,,,,,,,,,,,,,,,,,,,,,,,,,,,,,,,,,,,,,,,,,,,,,,,,,,,,,,,,,,,,,,rising,16,2026-W16,0.715,0.9999999998083524,1.9163594756210662e-10,3.201999969650329e-31,0.557768633693128,-55.53271580084149,0.1058930159955706,0,0,
2026-04-19 02:01:02,2026-04-19 02:00,KXBTCD-26APR1823-T75599.99,2026-04-19T03:00:00Z,75635.69,75599.99,-0.0472,0.59,real,0.638459,-0.3543,0.00028649,0.00022736,0.00027034,0.841,0.02,0.00025529,-1.0,0.0,1,0.0,0,-0.0002,2.0,0.0,0.4866,1,-7.671e-05,0,0.0,0,0.0,0.0,-0.0059,False,False,0.0,0.0,36.44,28.45,True,-1,bearish,0.0,0.0,0.044221,0.012288,trade,yes,False,False,100.0,58.92,,0.107857,0.05,20.0,400.0,0.0,0.0,0.4797,0.1638,0.0577,-0.0049,False,,False,False,-20.0,2026-04-19 02:01:02+00:00,BTC,,,,,,,,,,,,,,,,,,,,,,,,,,,,,,,,,,,,,,,,,,,,,,,,,,,,,,,,,,,,,,,,,,,,,,,,,,,,,,,,,,,,,,,,,,,,,,,,,,,,,,,,rising,16,2026-W16,0.59,0.9999999999531894,4.6808838434270926e-11,6.906128505115583e-37,0.5471875254986664,-47.15637406820872,0.100608712303651,0,0,
2026-04-19 03:01:31,2026-04-19 03:00,KXBTCD-26APR1900-T75599.99,2026-04-19T04:00:00Z,75536.83,75599.99,0.0836,0.38,real,0.355092,0.3716,0.00046849,0.00044137,0.00035789,1.2333,0.02,0.00038711,-1.0,0.0,1,1.0,-1,-0.107,2.0,0.0,0.5375,1,-7.568e-05,0,0.0,0,1.0,1.0,-0.1004,False,False,0.0,0.0,23.76,42.9,False,-1,bearish,0.0,0.0,0.052634,0.021142,trade,yes,False,False,102.0,58.44,,0.084893,0.042447,16.98,400.0,0.0,2.0,0.565,-0.001,-0.1012,-0.1012,False,,False,False,-16.98,2026-04-19 03:01:31+00:00,BTC,,,,,,,,,,,,,,,,,,,,,,,,,,,,,,,,,,,,,,,,,,,,,,,,,,,,,,,,,,,,,,,,,,,,,,,,,,,,,,,,,,,,,,,,,,,,,,,,,,,,,,,,rising,16,2026-W16,0.38,0.9999999988126262,1.1873686850619904e-09,5.219426396934544e-30,0.5381939203182442,-37.131842640174824,0.1349004837428658,0,0,
2026-04-19 03:06:51,2026-04-19 03:00,KXBTCD-26APR1900-T75499.99,2026-04-19T04:00:00Z,75458.24,75499.99,0.0553,0.415,real,0.40467,0.2413,0.00047392,0.00041343,0.00035348,1.1696,0.01,0.00037446,-1.0,1.0,3,1.0,-1,-0.2904,2.0,0.0,0.5435,1,-7.527e-05,0,-1.0,1,2.0,2.0,-0.211,False,False,1.0,1.0,3.06,36.0,False,-1,bearish,0.0,0.0,0.15876,0.126766,trade,yes,False,False,99.0,53.11,,0.271385,0.05,20.0,400.0,0.0,8.0,0.6514,-0.0371,-0.2129,-0.1117,False,,True,True,28.19,2026-04-19 03:06:51+00:00,BTC,,,,,,,,,,,,,,,,,,,,,,,,,,,,,,,,,,,,,,,,,,,,,,,,,,,,,,,,,,,,,,,,,,,,,,,,,,,,,,,,,,,,,,,,,,,,,,,,,,,,,,,,rising,16,2026-W16,0.415,0.9999999988126262,1.1873686850619904e-09,5.219426396934544e-30,0.5381939203182442,-37.131842640174824,0.1349004837428658,0,0,
2026-04-19 03:12:09,2026-04-19 03:00,KXBTCD-26APR1900-T75399.99,2026-04-19T04:00:00Z,75506.55,75399.99,-0.1411,0.745,real,0.764665,-0.7214,0.0004816,0.00038728,0.00031001,1.2493,0.01,0.00033705,-1.0,1.0,3,0.0,0,-0.0289,2.0,0.0,0.5517,1,-7.439e-05,0,-1.0,1,2.0,2.0,-0.1993,False,False,1.0,1.0,13.33,39.42,False,-1,bearish,0.0,0.0,0.145383,0.117084,trade,yes,False,False,98.0,47.81,,0.570128,0.05,20.0,400.0,0.0,6.0,0.6667,-0.3383,-0.1061,0.0306,False,,True,True,6.85,2026-04-19 03:12:09+00:00,BTC,,,,,,,,,,,,,,,,,,,,,,,,,,,,,,,,,,,,,,,,,,,,,,,,,,,,,,,,,,,,,,,,,,,,,,,,,,,,,,,,,,,,,,,,,,,,,,,,,,,,,,,,rising,16,2026-W16,0.745,0.9999999988126262,1.1873686850619904e-09,5.219426396934544e-30,0.5381939203182442,-37.131842640174824,0.1349004837428658,0,0,
2026-04-19 05:02:36,2026-04-19 05:00,KXBTCD-26APR1902-T75599.99,2026-04-19T06:00:00Z,75630.8,75599.99,-0.0407,0.445,real,0.556595,-0.1423,0.00043229,0.00049733,,,0.01,0.00049733,-1.0,-1.0,0,1.0,-1,-0.1087,2.0,0.0,0.5278,0,-4.348e-05,0,0.0,0,0.0,0.0,0.0335,False,False,0.0,0.0,63.38,59.33,False,-1,bearish,0.0,0.0,0.091427,0.059139,trade,yes,False,False,92.0,57.36,,0.164733,0.05,20.0,400.0,0.0,0.0,0.4797,-0.1059,-0.1077,-0.0705,False,,False,False,-20.0,2026-04-19 05:02:36+00:00,BTC,,,,,,,,,,,,,,,,,,,,,,,,,,,,,,,,,,,,,,,,,,,,,,,,,,,,,,,,,,,,,,,,,,,,,,,,,,,,,,,,,,,,,,,,,,,,,,,,,,,,,,,,rising,16,2026-W16,0.445,0.9999999996754808,3.2451155249333146e-10,1.2120608806768646e-38,0.5331089262650285,-14.240633962835544,0.2040196956132492,0,6,
2026-04-19 06:01:00,2026-04-19 06:00,KXBTCD-26APR1903-T75499.99,2026-04-19T07:00:00Z,75574.2,75499.99,-0.0982,0.685,real,0.779546,-0.7707,0.00026231,0.00020431,0.00026559,0.7693,0.03,0.00024414,-1.0,-1.0,0,1.0,-1,-0.1083,2.0,0.0,0.5846,0,-3.511e-05,0,0.0,0,0.0,0.0,0.0086,False,False,0.0,0.0,58.22,63.53,False,-1,bearish,0.0,0.0,0.079161,0.049057,trade,yes,False,False,89.0,58.96,,0.251306,0.05,20.0,400.0,0.0,0.0,0.4797,-0.0782,0.0,0.0,False,,False,False,-20.0,2026-04-19 06:01:00+00:00,BTC,,,,,,,,,,,,,,,,,,,,,,,,,,,,,,,,,,,,,,,,,,,,,,,,,,,,,,,,,,,,,,,,,,,,,,,,,,,,,,,,,,,,,,,,,,,,,,,,,,,,,,,,rising,16,2026-W16,0.685,0.9999999999675708,3.243742561227009e-11,1.9860257415882072e-45,0.530378711288068,-19.91425313198215,0.0372721749696207,0,6,
2026-04-19 06:10:34,2026-04-19 06:00,KXBTCD-26APR1903-T75599.99,2026-04-19T07:00:00Z,75485.45,75599.99,0.1517,0.26,real,0.235324,0.7214,0.0003089,0.00039445,0.00033539,1.1761,0.02,0.00035606,-1.0,0.0,1,0.0,0,0.0228,2.0,0.0,0.7793,0,-3.357e-05,0,0.0,0,1.0,1.0,-0.1913,False,False,1.0,1.0,15.43,49.27,False,-1,bearish,0.0,0.0,0.05115,0.022682,trade,yes,False,False,89.0,49.38,,0.069121,0.034561,13.82,400.0,0.0,5.0,0.5905,-0.3037,-0.2215,-0.0461,False,,False,False,-13.82,2026-04-19 06:10:34+00:00,BTC,,,,,,,,,,,,,,,,,,,,,,,,,,,,,,,,,,,,,,,,,,,,,,,,,,,,,,,,,,,,,,,,,,,,,,,,,,,,,,,,,,,,,,,,,,,,,,,,,,,,,,,,rising,16,2026-W16,0.26,0.9999999999675708,3.243742561227009e-11,1.9860257415882072e-45,0.530378711288068,-19.91425313198215,0.0372721749696207,0,6,
2026-04-19 07:00:43,2026-04-19 07:00,KXBTCD-26APR1904-T75399.99,2026-04-19T08:00:00Z,75432.3,75399.99,-0.0428,0.605,real,0.633405,-0.3409,0.00032873,0.00022573,0.00020904,1.0798,0.01,0.00021488,-1.0,0.0,1,0.0,0,0.073,2.0,0.0,0.6575,0,-2.434e-05,0,0.0,0,1.0,1.0,-0.2117,False,False,0.0,1.0,12.4,16.7,False,-1,bearish,0.0,0.0,0.110565,0.078837,trade,yes,False,False,88.0,59.24,,0.279912,0.05,20.0,400.0,0.0,5.0,0.5905,0.0084,0.0182,0.0182,False,,False,False,-20.0,2026-04-19 07:00:43+00:00,BTC,,,,,,,,,,,,,,,,,,,,,,,,,,,,,,,,,,,,,,,,,,,,,,,,,,,,,,,,,,,,,,,,,,,,,,,,,,,,,,,,,,,,,,,,,,,,,,,,,,,,,,,,rising,16,2026-W16,0.605,0.99999999997317,2.6823763394099597e-11,1.512848750619915e-45,0.5888677720160065,-34.762107496525545,0.1534479903820597,0,6,
2026-04-19 07:06:01,2026-04-19 07:00,KXBTCD-26APR1904-T75299.99,2026-04-19T08:00:00Z,75388.87,75299.99,-0.1179,0.71,real,0.811449,-0.8832,0.000243,0.00014463,0.00029027,0.4982,0.02,0.0002393,-1.0,1.0,2,1.0,-1,-0.2737,2.0,0.0,0.6533,0,-2.327e-05,0,-1.0,1,2.0,2.0,-0.256,False,False,1.0,1.0,4.16,13.96,False,-1,bearish,0.0,0.0,0.188376,0.158963,trade,yes,False,False,89.0,53.94,,0.649573,0.05,20.0,400.0,0.0,8.0,0.6514,-0.1322,-0.0263,-0.0299,False,,True,True,8.17,2026-04-19 07:06:01+00:00,BTC,,,,,,,,,,,,,,,,,,,,,,,,,,,,,,,,,,,,,,,,,,,,,,,,,,,,,,,,,,,,,,,,,,,,,,,,,,,,,,,,,,,,,,,,,,,,,,,,,,,,,,,,rising,16,2026-W16,0.71,0.99999999997317,2.6823763394099597e-11,1.512848750619915e-45,0.5888677720160065,-34.762107496525545,0.1534479903820597,0,6,
2026-04-19 07:11:19,2026-04-19 07:00,KXBTCD-26APR1904-T75199.99,2026-04-19T08:00:00Z,75288.6,75199.99,-0.1177,0.74,real,0.748411,-0.6695,0.00030994,0.00037039,0.00026244,1.4113,0.02,0.00030022,-1.0,1.0,2,1.0,-1,-0.102,2.0,0.0,0.5501,0,-2.217e-05,0,-1.0,1,2.0,2.0,-0.4266,False,False,1.0,1.0,4.36,14.02,False,-1,bearish,0.0,0.0,0.044678,0.01621,trade,yes,False,False,89.0,48.65,,0.171837,0.05,20.0,400.0,-2.0,11.0,0.5472,-0.3069,-0.2047,-0.1749,False,,True,True,7.03,2026-04-19 07:11:19+00:00,BTC,,,,,,,,,,,,,,,,,,,,,,,,,,,,,,,,,,,,,,,,,,,,,,,,,,,,,,,,,,,,,,,,,,,,,,,,,,,,,,,,,,,,,,,,,,,,,,,,,,,,,,,,rising,16,2026-W16,0.74,0.99999999997317,2.6823763394099597e-11,1.512848750619915e-45,0.5888677720160065,-34.762107496525545,0.1534479903820597,0,6,
2026-04-19 08:01:08,2026-04-19 08:00,KXBTCD-26APR1905-T75199.99,2026-04-19T09:00:00Z,75230.39,75199.99,-0.0404,0.575,real,0.606828,-0.2711,0.00039339,0.00021336,0.00027862,0.7658,0.01,0.00025578,-1.0,0.0,1,0.0,0,0.0594,2.0,0.0,0.5778,0,-1.769e-05,0,-1.0,1,2.0,2.0,-0.4413,False,False,0.0,0.0,32.33,28.63,False,-1,bearish,0.0,0.0,0.095604,0.063498,trade,yes,False,False,88.0,58.82,,0.224952,0.05,20.0,400.0,-2.0,3.0,0.5677,0.2211,0.0376,0.0376,False,,True,True,14.78,2026-04-19 08:01:08+00:00,BTC,,,,,,,,,,,,,,,,,,,,,,,,,,,,,,,,,,,,,,,,,,,,,,,,,,,,,,,,,,,,,,,,,,,,,,,,,,,,,,,,,,,,,,,,,,,,,,,,,,,,,,,,rising,16,2026-W16,0.575,0.999999999524846,4.751503550859613e-10,3.224822784275705e-32,0.6353028529559689,-33.61412366511374,0.2273895484028875,0,6,
2026-04-19 09:07:51,2026-04-19 09:00,KXBTCD-26APR1906-T75199.99,2026-04-19T10:00:00Z,75285.04,75199.99,-0.113,0.71,real,0.7889,-0.8026,0.0001313,0.00020795,0.00028297,0.7349,0.02,0.00025672,-1.0,0.0,1,0.0,0,0.0118,2.0,0.0,0.4482,0,1.179e-05,0,-1.0,1,2.0,2.0,-0.4119,False,False,0.0,0.0,35.42,39.26,False,-1,bearish,0.0,0.0,0.040781,0.011368,trade,yes,False,False,86.0,52.1,,0.140624,0.05,20.0,400.0,-2.0,1.0,0.45,-0.0214,-0.0867,-0.0867,False,,False,False,-20.0,2026-04-19 09:07:51+00:00,BTC,,,,,,,,,,,,,,,,,,,,,,,,,,,,,,,,,,,,,,,,,,,,,,,,,,,,,,,,,,,,,,,,,,,,,,,,,,,,,,,,,,,,,,,,,,,,,,,,,,,,,,,,rising,16,2026-W16,0.71,0.9999999999333228,6.667286523682439e-11,1.5580768766833077e-33,0.5983516740204853,-49.30367356297825,0.0,0,0,
2026-04-19 10:00:44,2026-04-19 10:00,KXBTCD-26APR1907-T74899.99,2026-04-19T11:00:00Z,75017.24,74899.99,-0.1563,0.735,real,0.780356,-0.7734,0.00034223,0.00038693,0.00032365,1.1955,0.03,0.0003458,-1.0,1.0,2,0.0,0,-0.0543,2.0,0.0,0.6925,0,1.743e-05,0,-1.0,1,2.0,2.0,-0.6678,False,False,1.0,1.0,0.0,8.24,False,-1,bearish,0.0,0.0,0.0788,0.050166,trade,yes,False,False,85.0,59.22,,0.297358,0.05,20.0,400.0,-2.0,12.0,0.5472,-0.1984,0.0,0.0,False,,True,True,7.21,2026-04-19 10:00:44+00:00,BTC,,,,,,,,,,,,,,,,,,,,,,,,,,,,,,,,,,,,,,,,,,,,,,,,,,,,,,,,,,,,,,,,,,,,,,,,,,,,,,,,,,,,,,,,,,,,,,,,,,,,,,,,rising,16,2026-W16,0.735,0.9999999833287064,1.667128347845469e-08,4.9486368361757056e-24,0.7213156124482134,-47.52346438907193,0.076122676446266,0,0,
2026-04-19 10:06:01,2026-04-19 10:00,KXBTCD-26APR1907-T74999.99,2026-04-19T11:00:00Z,75059.76,74999.99,-0.0796,0.625,real,0.628061,-0.3267,0.0004263,0.00049707,0.00034044,1.4601,0.01,0.00039526,-1.0,1.0,2,0.0,0,0.0901,2.0,0.0,0.7311,0,1.907e-05,0,-1.0,1,2.0,2.0,-0.5634,False,False,0.0,1.0,14.93,13.22,True,-1,bearish,0.0,0.0,0.046953,0.015546,trade,yes,False,False,86.0,53.93,,0.125207,0.05,20.0,400.0,-2.0,8.0,0.5472,-0.0951,0.1035,0.1035,False,,True,True,12.0,2026-04-19 10:06:01+00:00,BTC,,,,,,,,,,,,,,,,,,,,,,,,,,,,,,,,,,,,,,,,,,,,,,,,,,,,,,,,,,,,,,,,,,,,,,,,,,,,,,,,,,,,,,,,,,,,,,,,,,,,,,,,rising,16,2026-W16,0.625,0.9999999833287064,1.667128347845469e-08,4.9486368361757056e-24,0.7213156124482134,-47.52346438907193,0.076122676446266,0,0,
2026-04-19 17:05:00,2026-04-19 17:00,KXBTCD-26APR1914-T75199.99,2026-04-19T18:00:00Z,75213.02,75199.99,-0.0173,0.49,real,0.514057,-0.0352,0.00053837,0.00072096,,,0.02,0.00072096,0.0,0.0,1,0.0,0,-0.0536,2.0,0.0,0.6701,0,-3.036e-05,0,0.0,0,1.0,1.0,-0.6202,False,False,1.0,1.0,0.0,5.51,False,0,bearish,0.0,0.0,0.07113,0.038637,trade,yes,False,False,90.0,54.94,,0.13947,0.05,20.0,400.0,-2.0,9.0,0.5472,-0.6307,-0.256,-0.0817,False,,False,False,-20.0,2026-04-19 17:05:00+00:00,BTC,,,,,,,,,,,,,,,,,,,,,,,,,,,,,,,,,,,,,,,,,,,,,,,,,,,,,,,,,,,,,,,,,,,,,,,,,,,,,,,,,,,,,,,,,,,,,,,,,,,,,,,,rising,16,2026-W16,0.49,0.9999010353626042,4.957326744115101e-07,9.846890473167846e-05,0.8458378806839932,7.347195000386279,0.0898142518094233,4,4,
2026-04-19 17:09:13,2026-04-19 17:00,KXBTCD-26APR1914-T75299.99,2026-04-19T18:00:00Z,75253.56,75299.99,0.0617,0.46,real,0.456247,0.1099,0.00059721,0.00084584,0.00086215,0.9811,0.02,0.00085644,0.0,0.0,1,0.0,0,0.0466,2.0,0.0,0.7061,0,-3.036e-05,0,0.0,0,1.0,1.0,-0.5621,False,False,1.0,1.0,15.25,10.6,True,0,bearish,0.0,0.0,0.098874,0.066486,trade,yes,False,False,90.0,50.74,,0.1831,0.05,20.0,400.0,-2.0,5.0,0.6018,-0.5746,-0.2048,0.0564,False,,False,False,-20.0,2026-04-19 17:09:13+00:00,BTC,,,,,,,,,,,,,,,,,,,,,,,,,,,,,,,,,,,,,,,,,,,,,,,,,,,,,,,,,,,,,,,,,,,,,,,,,,,,,,,,,,,,,,,,,,,,,,,,,,,,,,,,rising,16,2026-W16,0.46,0.9999010353626042,4.957326744115101e-07,9.846890473167846e-05,0.8458378806839932,7.347195000386279,0.0898142518094233,4,4,
2026-04-19 19:00:15,2026-04-19 19:00,KXBTCD-26APR1916-T74699.99,2026-04-19T20:00:00Z,74852.0,74699.99,-0.2031,0.675,real,0.752997,-0.684,0.00053995,0.00036934,0.00057981,0.637,0.03,0.00050614,0.0,1.0,2,0.0,0,-0.0155,2.0,0.0,0.2144,0,-2.155e-05,-1,-1.0,1,2.0,2.0,-0.9937,False,False,1.0,1.0,10.17,6.49,True,-1,bearish,0.0,0.0,0.11388,0.083524,trade,yes,False,False,118.0,59.71,,0.350401,0.05,20.0,400.0,-2.0,9.0,0.5472,-0.008,0.0108,0.0357,False,,True,True,9.63,2026-04-19 19:00:15+00:00,BTC,,,,,,,,,,,,,,,,,,,,,,,,,,,,,,,,,,,,,,,,,,,,,,,,,,,,,,,,,,,,,,,,,,,,,,,,,,,,,,,,,,,,,,,,,,,,,,,,,,,,,,,,rising,16,2026-W16,0.675,0.9993453650880064,9.580711485020463e-07,0.0006536768408331,0.8723634739109817,-33.161011967913225,0.1978175731779852,0,4,
2026-04-19 19:01:19,2026-04-19 19:00,KXBTCD-26APR1917-T74749.99,2026-04-19T21:00:00Z,74933.29,74749.99,-0.2446,0.675,real,0.744296,-0.6566,0.00052852,0.00036705,0.00049554,0.7407,0.05,0.00045057,0.0,1.0,2,0.0,0,0.0714,2.0,0.0,0.2144,0,-2.068e-05,-1,-1.0,1,2.0,2.0,-0.9937,False,False,1.0,1.0,10.17,6.49,True,-1,bearish,0.0,0.0,0.105901,0.075544,trade,yes,False,False,129.0,118.64,,0.325848,0.05,20.0,400.0,-2.0,9.0,0.5472,-0.008,0.0108,0.0357,False,,False,False,-20.0,2026-04-19 19:01:19+00:00,BTC,,,,,,,,,,,,,,,,,,,,,,,,,,,,,,,,,,,,,,,,,,,,,,,,,,,,,,,,,,,,,,,,,,,,,,,,,,,,,,,,,,,,,,,,,,,,,,,,,,,,,,,,rising,16,2026-W16,0.675,0.9993453650880064,9.580711485020463e-07,0.0006536768408331,0.8723634739109817,-33.161011967913225,0.1978175731779852,0,4,
2026-04-19 19:06:36,2026-04-19 19:00,KXBTCD-26APR1916-T74799.99,2026-04-19T20:00:00Z,74944.83,74799.99,-0.1933,0.74,real,0.839831,-0.9938,0.00041043,0.00023739,0.00041169,0.5766,0.02,0.00035069,0.0,1.0,2,1.0,-1,-0.1279,2.0,0.0,0.2183,0,-1.911e-05,-1,-1.0,1,2.0,2.0,-0.9953,False,False,1.0,1.0,10.17,6.49,True,-1,bearish,0.0,0.0,0.127007,0.098539,trade,yes,False,False,132.0,53.35,,0.488487,0.05,20.0,400.0,-2.0,9.0,0.5472,0.0391,0.0357,0.0,False,,True,True,7.03,2026-04-19 19:06:36+00:00,BTC,,,,,,,,,,,,,,,,,,,,,,,,,,,,,,,,,,,,,,,,,,,,,,,,,,,,,,,,,,,,,,,,,,,,,,,,,,,,,,,,,,,,,,,,,,,,,,,,,,,,,,,,rising,16,2026-W16,0.74,0.9993453650880064,9.580711485020463e-07,0.0006536768408331,0.8723634739109817,-33.161011967913225,0.1978175731779852,0,4,
2026-04-19 19:11:54,2026-04-19 19:00,KXBTCD-26APR1916-T74899.99,2026-04-19T20:00:00Z,74961.47,74899.99,-0.082,0.58,real,0.597463,-0.2468,0.00045506,0.00054256,0.00058625,0.9255,0.02,0.00057096,0.0,-1.0,0,1.0,-1,-0.1133,2.0,0.0,0.3138,0,-1.894e-05,-1,0.0,0,1.0,1.0,-0.7612,False,False,0.0,0.0,24.99,11.43,True,-1,bearish,0.0,0.0,0.113149,0.081097,trade,yes,False,False,129.0,48.06,,0.269402,0.05,20.0,400.0,-2.0,5.0,0.6018,0.2752,0.236,0.236,False,,True,True,14.48,2026-04-19 19:11:54+00:00,BTC,,,,,,,,,,,,,,,,,,,,,,,,,,,,,,,,,,,,,,,,,,,,,,,,,,,,,,,,,,,,,,,,,,,,,,,,,,,,,,,,,,,,,,,,,,,,,,,,,,,,,,,,rising,16,2026-W16,0.58,0.9993453650880064,9.580711485020463e-07,0.0006536768408331,0.8723634739109817,-33.161011967913225,0.1978175731779852,0,4,
2026-04-19 19:12:57,2026-04-19 19:00,KXBTCD-26APR1917-T74999.99,2026-04-19T21:00:00Z,74958.9,74999.99,0.0548,0.505,real,0.455366,0.1121,0.00045879,0.00056259,,,0.05,0.00056259,0.0,-1.0,0,0.0,0,-0.0167,2.0,0.0,0.238,0,-1.894e-05,-1,0.0,0,1.0,1.0,-0.8177,False,False,0.0,0.0,21.39,10.23,True,-1,bearish,0.0,0.0,0.052997,0.020499,trade,yes,False,False,130.0,107.0,,0.107066,0.05,20.0,400.0,-2.0,5.0,0.6018,0.2178,0.1786,-0.0452,False,,False,False,-20.0,2026-04-19 19:12:57+00:00,BTC,,,,,,,,,,,,,,,,,,,,,,,,,,,,,,,,,,,,,,,,,,,,,,,,,,,,,,,,,,,,,,,,,,,,,,,,,,,,,,,,,,,,,,,,,,,,,,,,,,,,,,,,rising,16,2026-W16,0.505,0.9993453650880064,9.580711485020463e-07,0.0006536768408331,0.8723634739109817,-33.161011967913225,0.1978175731779852,0,4,
2026-04-21 16:35:06,2026-04-21 16:00,KXBTCD-26APR2113-T75999.99,2026-04-21T17:00:00Z,76139.97,75999.99,-0.1838,0.745,real,0.806993,-0.8375,0.00062636,0.00061633,0.00056023,1.1001,0.01,0.00057986,1.0,0.0,1,0.0,1,0.1145,2.0,0.0,0.6118,0,-1.223e-05,0,0.0,0,0.0,0.0,-0.1512,False,False,-1.0,0.0,61.13,48.98,False,0,neutral,0.0,0.0,0.061993,0.033694,trade,yes,False,False,116.0,24.85,,0.243109,0.05,50.0,1000.0,0.0,-1.0,0.5117,0.3562,0.3525,0.2717,False,,False,False,-50.0,2026-04-21 16:35:06+00:00,BTC,,,,,,,,,,,,,,,,,,,,,,,,,,,,,,,,,,,,,,,,,,,,,,,,,,,,,,,,,,,,,,,,,,,,,,,,,,,,,,,,,,,,,,,,,,,,,,,,,,,,,,,,rising,17,2026-W17,0.745,0.8079721984459185,7.428827821597354e-05,0.1919535132758751,0.6785644289476985,-86.39012753203485,0.181442096597146,3,3,
2026-04-21 16:43:29,2026-04-21 16:00,KXBTCD-26APR2113-T75899.99,2026-04-21T17:00:00Z,75955.52,75899.99,-0.0731,0.635,real,0.690915,-0.3657,0.00066537,0.00070645,0.00052222,1.3528,0.01,0.0005867,1.0,-1.0,0,0.0,0,-0.0633,2.0,0.0,0.5524,0,-1.01e-05,0,0.0,0,1.0,1.0,-0.4755,False,False,0.0,0.0,39.37,41.73,False,0,neutral,0.0,0.0,0.055915,0.024691,trade,yes,False,False,115.0,16.47,,0.153193,0.029894,29.89,1000.0,0.0,1.0,0.5528,0.0464,-0.0784,-0.1658,False,,False,False,-29.89,2026-04-21 16:43:29+00:00,BTC,,,,,,,,,,,,,,,,,,,,,,,,,,,,,,,,,,,,,,,,,,,,,,,,,,,,,,,,,,,,,,,,,,,,,,,,,,,,,,,,,,,,,,,,,,,,,,,,,,,,,,,,rising,17,2026-W17,0.635,0.8079721984459185,7.428827821597354e-05,0.1919535132758751,0.6785644289476985,-86.39012753203485,0.181442096597146,3,3,
2026-04-21 16:59:13,2026-04-21 16:00,KXBTCD-26APR2113-T75799.99,2026-04-21T17:00:00Z,75820.72,75799.99,-0.0273,0.405,real,0.719386,-0.6319,0.00064578,0.00047043,,,0.07,0.00047043,1.0,-1.0,0,0.0,0,0.0395,2.0,0.0,0.5817,0,-3.22e-06,0,0.0,0,0.0,0.0,-0.3282,False,False,-1.0,0.0,49.82,44.49,False,0,neutral,0.0,0.0,0.314386,0.282517,trade,yes,False,False,108.0,1.0,,0.528379,0.05,50.0,1000.0,0.0,0.0,0.4797,0.0675,0.0,0.0,False,,True,True,73.46,2026-04-21 16:59:13+00:00,BTC,,,,,,,,,,,,,,,,,,,,,,,,,,,,,,,,,,,,,,,,,,,,,,,,,,,,,,,,,,,,,,,,,,,,,,,,,,,,,,,,,,,,,,,,,,,,,,,,,,,,,,,,rising,17,2026-W17,0.405,0.8079721984459185,7.428827821597354e-05,0.1919535132758751,0.6785644289476985,-86.39012753203485,0.181442096597146,3,3,
2026-04-21 17:09:45,2026-04-21 17:00,KXBTCD-26APR2114-T75699.99,2026-04-21T18:00:00Z,75634.78,75699.99,0.0862,0.47,real,0.576794,0.1055,0.00073664,0.00092089,0.00161583,0.5699,0.02,0.0013726,1.0,1.0,2,0.0,0,0.0152,2.0,0.0,0.6258,0,-2.69e-06,0,-1.0,1,2.0,2.0,-0.8562,False,False,1.0,1.0,14.19,25.37,False,-1,neutral,0.0,0.0,0.106794,0.074357,trade,yes,False,False,115.0,50.2,,0.201498,0.018301,18.3,1000.0,-1.0,6.0,0.6176,-0.5381,-0.1386,-0.1303,False,,False,False,-18.3,2026-04-21 17:09:45+00:00,BTC,,,,,,,,,,,,,,,,,,,,,,,,,,,,,,,,,,,,,,,,,,,,,,,,,,,,,,,,,,,,,,,,,,,,,,,,,,,,,,,,,,,,,,,,,,,,,,,,,,,,,,,,rising,17,2026-W17,0.47,0.9878431115427678,7.200667027847032e-06,0.0121496877902311,0.6229720033715423,-101.98200976997734,0.25998490403278,3,4,
2026-04-21 19:00:52,2026-04-21 19:00,KXBTCD-26APR2116-T75499.99,2026-04-21T20:00:00Z,75668.95,75499.99,-0.2233,0.69,real,0.766573,-0.5949,0.00060342,0.00074858,0.00058644,1.2765,0.02,0.00064319,1.0,-1.0,0,0.0,0,0.0029,2.0,0.0,0.517,0,-6.5e-07,0,0.0,0,1.0,1.0,-0.7429,False,False,-1.0,0.0,50.38,45.26,False,0,bearish,0.0,0.0,0.076573,0.0466,trade,yes,False,False,168.0,59.1,,0.247009,0.05,50.0,1000.0,0.0,1.0,0.5528,0.2355,0.3265,0.1386,False,,False,False,-50.0,2026-04-21 19:00:52+00:00,BTC,,,,,,,,,,,,,,,,,,,,,,,,,,,,,,,,,,,,,,,,,,,,,,,,,,,,,,,,,,,,,,,,,,,,,,,,,,,,,,,,,,,,,,,,,,,,,,,,,,,,,,,,rising,17,2026-W17,0.69,0.9999982505390744,1.0950884541298908e-07,1.6399520625156166e-06,0.6146499517333841,-138.89922522966748,0.0994340261387459,3,4,
2026-04-21 19:01:55,2026-04-21 19:00,KXBTCD-26APR2117-T75499.99,2026-04-21T21:00:00Z,75750.96,75499.99,-0.3313,0.695,real,0.771748,-0.6119,0.00060044,0.00076456,0.00059882,1.2768,0.01,0.00065683,1.0,-1.0,0,0.0,0,0.098,2.0,0.0,0.5157,0,-6.5e-07,0,0.0,0,1.0,1.0,-0.6484,False,False,-1.0,0.0,56.89,47.43,False,0,bearish,0.0,0.0,0.076748,0.046909,trade,yes,False,False,170.0,118.05,,0.251632,0.05,50.0,1000.0,0.0,1.0,0.5528,0.3309,0.4301,0.2718,False,,True,True,21.94,2026-04-21 19:01:55+00:00,BTC,,,,,,,,,,,,,,,,,,,,,,,,,,,,,,,,,,,,,,,,,,,,,,,,,,,,,,,,,,,,,,,,,,,,,,,,,,,,,,,,,,,,,,,,,,,,,,,,,,,,,,,,rising,17,2026-W17,0.695,0.9999982505390744,1.0950884541298908e-07,1.6399520625156166e-06,0.6146499517333841,-138.89922522966748,0.0994340261387459,3,4,
2026-04-21 19:06:10,2026-04-21 19:00,KXBTCD-26APR2116-T75599.99,2026-04-21T20:00:00Z,75749.88,75599.99,-0.1979,0.675,real,0.755653,-0.5596,0.0005882,0.0007088,0.00059514,1.191,0.01,0.00063492,1.0,-1.0,0,0.0,0,0.0138,2.0,0.0,0.4484,0,-7.2e-07,0,0.0,0,1.0,1.0,-0.6191,False,False,-1.0,0.0,58.82,48.08,False,0,bearish,0.0,0.0,0.080653,0.050296,trade,yes,False,False,166.0,53.8,,0.248162,0.05,50.0,1000.0,0.0,1.0,0.5528,0.2748,0.3001,0.0282,False,,False,False,-50.0,2026-04-21 19:06:10+00:00,BTC,,,,,,,,,,,,,,,,,,,,,,,,,,,,,,,,,,,,,,,,,,,,,,,,,,,,,,,,,,,,,,,,,,,,,,,,,,,,,,,,,,,,,,,,,,,,,,,,,,,,,,,,rising,17,2026-W17,0.675,0.9999982505390744,1.0950884541298908e-07,1.6399520625156166e-06,0.6146499517333841,-138.89922522966748,0.0994340261387459,3,4,
2026-04-21 19:11:26,2026-04-21 19:00,KXBTCD-26APR2116-T75699.99,2026-04-21T20:00:00Z,75773.26,75699.99,-0.0967,0.585,real,0.655278,-0.2669,0.00058334,0.00056876,0.00064683,0.8793,0.01,0.0006195,1.0,-1.0,0,0.0,0,-0.0538,2.0,0.0,0.4818,0,-5.2e-07,0,0.0,0,1.0,1.0,-0.5829,False,False,-1.0,0.0,61.33,48.91,False,0,bearish,0.0,0.0,0.070278,0.038284,trade,yes,False,False,166.0,48.53,,0.169345,0.05,50.0,1000.0,0.0,1.0,0.5528,0.3659,0.0647,-0.0269,False,,False,False,-50.0,2026-04-21 19:11:26+00:00,BTC,,,,,,,,,,,,,,,,,,,,,,,,,,,,,,,,,,,,,,,,,,,,,,,,,,,,,,,,,,,,,,,,,,,,,,,,,,,,,,,,,,,,,,,,,,,,,,,,,,,,,,,,rising,17,2026-W17,0.585,0.9999982505390744,1.0950884541298908e-07,1.6399520625156166e-06,0.6146499517333841,-138.89922522966748,0.0994340261387459,3,4,
2026-04-21 19:20:54,2026-04-21 19:00,KXBTCD-26APR2117-T75749.99,2026-04-21T21:00:00Z,75710.86,75749.99,0.0517,0.495,real,0.544459,0.0211,0.0006407,0.00069061,0.00414144,0.1668,0.01,0.00293365,1.0,-1.0,0,0.0,0,0.0943,2.0,0.0,0.2824,0,-5e-07,0,0.0,0,1.0,1.0,-0.6907,False,False,0.0,0.0,53.42,49.2,False,0,bearish,0.0,0.0,0.049459,0.016961,trade,yes,False,False,165.0,99.07,,0.09794,0.04897,48.97,1000.0,0.0,1.0,0.5528,0.371,-0.0976,0.0702,False,,True,True,49.96,2026-04-21 19:20:54+00:00,BTC,,,,,,,,,,,,,,,,,,,,,,,,,,,,,,,,,,,,,,,,,,,,,,,,,,,,,,,,,,,,,,,,,,,,,,,,,,,,,,,,,,,,,,,,,,,,,,,,,,,,,,,,rising,17,2026-W17,0.495,0.9999982505390744,1.0950884541298908e-07,1.6399520625156166e-06,0.6146499517333841,-138.89922522966748,0.0994340261387459,3,4,
2026-04-23 18:14:41,2026-04-23 18:00,KXBTCD-26APR2315-T77899.99,2026-04-23T19:00:00Z,78042.77,77899.99,-0.183,0.64,real,0.769784,-0.4052,0.00112769,0.00111546,0.00075935,1.469,0.02,0.00088399,0.0,0.0,1,0.0,0,-0.0467,2.0,0.0,0.4803,1,-6.043e-05,-1,0.0,0,0.0,0.0,0.0795,False,False,-1.0,0.0,63.51,41.6,True,0,neutral,0.0,0.0,0.144784,0.113656,trade,yes,False,False,112.0,45.26,,0.402178,0.05,50.0,1000.0,-1.0,0.0,0.488,1.0945,0.2149,0.0604,True,,False,False,-50.0,2026-04-23 18:14:41+00:00,BTC,,,,,,,,,,,,,,,,,,,,,,,,,,,,,,,,,,,,,,,,,,,,,,,,,,,,,,,,,,,,,,,,,,,,,,,,,,,,,,,,,,,,,,,,,,,,,,,,,,,,,,,,rising,17,2026-W17,0.64,0.1911772997025903,0.0001922327365846,0.808630467560825,0.91302808306043,-37.21505025709466,0.4357966503631253,6,4,
2026-04-23 18:39:12,2026-04-23 18:00,KXBTCD-26APR2315-T77999.99,2026-04-23T19:00:00Z,78096.52,77999.99,-0.1236,0.695,real,0.769784,-0.6356,0.00102607,0.00061766,0.00053253,1.1599,0.03,0.00056233,0.0,0.0,1,0.0,0,-0.075,2.0,0.0,0.6889,1,-6.687e-05,-1,0.0,0,0.0,0.0,0.1278,False,False,-1.0,0.0,65.59,60.55,False,0,neutral,0.0,0.0,0.089784,0.059946,trade,yes,False,False,107.0,20.73,,0.294374,0.05,50.0,1000.0,-1.0,0.0,0.488,0.1054,0.2443,0.1056,False,,False,False,-50.0,2026-04-23 18:39:12+00:00,BTC,,,,,,,,,,,,,,,,,,,,,,,,,,,,,,,,,,,,,,,,,,,,,,,,,,,,,,,,,,,,,,,,,,,,,,,,,,,,,,,,,,,,,,,,,,,,,,,,,,,,,,,,rising,17,2026-W17,0.695,0.1911772997025903,0.0001922327365846,0.808630467560825,0.91302808306043,-37.21505025709466,0.4357966503631253,6,4,
2026-04-24 23:02:04,2026-04-24 23:00,KXBTCD-26APR2420-T77599.99,2026-04-25T00:00:00Z,77393.18,77599.99,0.2672,0.095,real,0.236641,1.3321,0.0005176,0.00039862,0.00026767,1.4892,0.01,0.0003135,-1.0,0.0,1,0.0,1,0.1179,2.0,0.0,0.6932,0,-2.553e-05,0,0.0,0,1.0,1.0,-0.4964,False,False,1.0,0.0,24.37,19.56,True,-1,bearish,0.0,0.0,0.141641,0.120623,trade,yes,False,False,97.0,57.87,,0.15651,0.05,50.0,1000.0,-2.0,3.0,0.5677,-0.1806,0.0307,0.0476,False,,False,False,-50.0,2026-04-24 23:02:04+00:00,BTC,,,,,,,,,,,,,,,,,,,,,,,,,,,,,,,,,,,,,,,,,,,,,,,,,,,,,,,,,,,,,,,,,,,,,,,,,,,,,,,,,,,,,,,,,,,,,,,,,,,,,,,,rising,17,2026-W17,0.095,0.9999939606880772,2.707973270862087e-07,5.76851460063811e-06,0.7662658605737054,-51.03949247033128,0.1702138293530226,5,0,
2026-04-24 23:07:22,2026-04-24 23:00,KXBTCD-26APR2420-T77399.99,2026-04-25T00:00:00Z,77394.17,77399.99,0.0075,0.505,real,0.612245,0.0288,0.00051727,0.00042818,,,0.01,0.00042818,-1.0,-1.0,0,0.0,0,-0.0153,2.0,0.0,0.6218,0,-2.6e-05,0,0.0,0,1.0,1.0,-0.4853,False,False,1.0,0.0,26.01,20.1,True,-1,bearish,0.0,0.0,0.107245,0.074747,trade,yes,False,False,97.0,52.57,,0.216656,0.05,50.0,1000.0,-2.0,3.0,0.5677,-0.1498,0.0585,0.0109,False,,True,True,49.01,2026-04-24 23:07:22+00:00,BTC,,,,,,,,,,,,,,,,,,,,,,,,,,,,,,,,,,,,,,,,,,,,,,,,,,,,,,,,,,,,,,,,,,,,,,,,,,,,,,,,,,,,,,,,,,,,,,,,,,,,,,,,rising,17,2026-W17,0.505,0.9999939606880772,2.707973270862087e-07,5.76851460063811e-06,0.7662658605737054,-51.03949247033128,0.1702138293530226,5,0,
2026-04-24 23:21:08,2026-04-24 23:00,KXBTCD-26APR2420-T77499.99,2026-04-25T00:00:00Z,77376.49,77499.99,0.1596,0.165,real,0.236641,1.0944,0.00051718,0.00030755,0.00026276,1.1705,0.01,0.00027843,-1.0,-1.0,0,0.0,0,0.0606,2.0,0.0,0.5076,0,-2.666e-05,0,0.0,0,1.0,1.0,-0.4982,False,False,1.0,0.0,23.72,25.93,False,-1,bearish,0.0,0.0,0.071641,0.046997,trade,yes,False,False,97.0,38.82,,0.085798,0.042899,42.9,1000.0,-2.0,3.0,0.5677,0.0042,-0.0156,-0.0098,False,,False,False,-42.9,2026-04-24 23:21:08+00:00,BTC,,,,,,,,,,,,,,,,,,,,,,,,,,,,,,,,,,,,,,,,,,,,,,,,,,,,,,,,,,,,,,,,,,,,,,,,,,,,,,,,,,,,,,,,,,,,,,,,,,,,,,,,rising,17,2026-W17,0.165,0.9999939606880772,2.707973270862087e-07,5.76851460063811e-06,0.7662658605737054,-51.03949247033128,0.1702138293530226,5,0,
2026-04-25 15:17:38,2026-04-25 15:00,KXBTCD-26APR2512-T77699.99,2026-04-25T16:00:00Z,77722.6,77699.99,-0.0291,0.705,real,0.769784,-0.7688,0.00015812,0.00014615,9.872e-05,1.4805,0.01,0.00011532,1.0,-1.0,0,1.0,0,-0.0481,2.0,0.0,0.6687,0,-4.993e-05,0,0.0,0,-1.0,-1.0,0.1353,False,False,0.0,-1.0,88.58,81.4,False,1,bearish,0.0,0.0,0.064784,0.035226,trade,yes,False,False,99.0,29.93,,0.219607,0.05,50.0,1000.0,0.0,-1.0,0.5117,0.0934,0.0577,0.0577,False,,False,False,-50.0,2026-04-25 15:17:38+00:00,BTC,,,,,,,,,,,,,,,,,,,,,,,,,,,,,,,,,,,,,,,,,,,,,,,,,,,,,,,,,,,,,,,,,,,,,,,,,,,,,,,,,,,,,,,,,,,,,,,,,,,,,,,,rising,17,2026-W17,0.705,0.9999995696358684,4.30362859939934e-07,1.2686508384062569e-12,0.6874921602944625,-1.0033737398298896,0.1377417832992764,5,6,
2026-04-25 16:01:02,2026-04-25 16:00,KXBTCD-26APR2513-T77699.99,2026-04-25T17:00:00Z,77392.0,77699.99,0.398,0.07,real,0.236641,1.6586,0.00035082,0.00052165,0.00035061,1.4878,0.02,0.00041048,1.0,1.0,3,0.0,1,0.102,2.0,0.0,0.3331,0,2.84e-06,0,-1.0,1,2.0,2.0,-0.3676,False,False,1.0,1.0,0.7,23.53,False,0,bearish,0.0,0.0,0.166641,0.147084,trade,yes,False,False,98.0,58.92,,0.179184,0.021817,21.82,1000.0,0.0,9.0,0.6514,-0.5006,-0.254,-0.0149,False,,False,False,-21.82,2026-04-25 16:01:02+00:00,BTC,,,,,,,,,,,,,,,,,,,,,,,,,,,,,,,,,,,,,,,,,,,,,,,,,,,,,,,,,,,,,,,,,,,,,,,,,,,,,,,,,,,,,,,,,,,,,,,,,,,,,,,,rising,17,2026-W17,0.07,0.999998936586263,1.036623014108449e-06,2.6790722207187242e-08,0.8305594104571451,-11.393050021005408,0.3144394287823194,5,6,
2026-04-25 16:11:38,2026-04-25 16:00,KXBTCD-26APR2513-T77499.99,2026-04-25T17:00:00Z,77423.5,77499.99,0.0988,0.34,real,0.525424,0.4247,0.00039286,0.00049826,0.00034446,1.4465,0.02,0.00039829,1.0,0.0,1,0.0,1,0.1315,2.0,0.0,0.4023,0,-1.151e-05,0,0.0,0,1.0,1.0,-0.231,False,False,1.0,0.0,25.67,31.86,False,0,bearish,0.0,0.0,0.185424,0.154716,trade,yes,False,False,99.0,48.3,,0.280945,0.034573,34.57,1000.0,0.0,4.0,0.6159,-0.3646,0.1367,0.0302,False,,False,False,-34.57,2026-04-25 16:11:38+00:00,BTC,,,,,,,,,,,,,,,,,,,,,,,,,,,,,,,,,,,,,,,,,,,,,,,,,,,,,,,,,,,,,,,,,,,,,,,,,,,,,,,,,,,,,,,,,,,,,,,,,,,,,,,,rising,17,2026-W17,0.34,0.999998936586263,1.036623014108449e-06,2.6790722207187242e-08,0.8305594104571451,-11.393050021005408,0.3144394287823194,5,6,
2026-04-25 16:18:00,2026-04-25 16:00,KXBTCD-26APR2513-T77599.99,2026-04-25T17:00:00Z,77478.6,77599.99,0.1567,0.17,real,0.236641,1.0757,0.00039566,0.00037421,0.00025328,1.4775,0.04,0.0002956,1.0,-1.0,0,0.0,0,-0.0937,2.0,0.0,0.2377,0,-2.008e-05,0,0.0,0,1.0,1.0,-0.1965,False,False,1.0,0.0,31.91,21.22,False,0,bearish,0.0,0.0,0.066641,0.041764,trade,yes,False,False,99.0,41.96,,0.080291,0.040145,40.15,1000.0,0.0,2.0,0.565,-0.1844,0.0643,0.0341,False,,False,False,-40.15,2026-04-25 16:18:00+00:00,BTC,,,,,,,,,,,,,,,,,,,,,,,,,,,,,,,,,,,,,,,,,,,,,,,,,,,,,,,,,,,,,,,,,,,,,,,,,,,,,,,,,,,,,,,,,,,,,,,,,,,,,,,,rising,17,2026-W17,0.17,0.999998936586263,1.036623014108449e-06,2.6790722207187242e-08,0.8305594104571451,-11.393050021005408,0.3144394287823194,5,6,
2026-04-25 16:23:17,2026-04-25 16:00,KXBTCD-26APR2513-T77399.99,2026-04-25T17:00:00Z,77450.75,77399.99,-0.0655,0.715,real,0.769784,-0.6613,0.00039566,0.00026162,0.00019064,1.3724,0.01,0.00021548,1.0,-1.0,0,1.0,-1,-0.1432,2.0,0.0,0.2397,0,-2.62e-05,0,0.0,0,1.0,1.0,-0.1965,False,False,1.0,0.0,31.91,21.22,False,0,bearish,0.0,0.0,0.054784,0.02552,trade,yes,False,False,97.0,36.66,,0.192225,0.05,50.0,1000.0,0.0,2.0,0.565,0.0532,0.0341,0.0,False,,True,True,19.93,2026-04-25 16:23:17+00:00,BTC,,,,,,,,,,,,,,,,,,,,,,,,,,,,,,,,,,,,,,,,,,,,,,,,,,,,,,,,,,,,,,,,,,,,,,,,,,,,,,,,,,,,,,,,,,,,,,,,,,,,,,,,rising,17,2026-W17,0.715,0.999998936586263,1.036623014108449e-06,2.6790722207187242e-08,0.8305594104571451,-11.393050021005408,0.3144394287823194,5,6,
2026-04-25 17:02:30,2026-04-25 17:00,KXBTCD-26APR2514-T77399.99,2026-04-25T18:00:00Z,77404.59,77399.99,-0.0059,0.505,real,0.612245,-0.0215,0.00047856,0.00037225,0.00062603,0.5946,0.01,0.00053721,1.0,0.0,1,0.0,1,0.3709,2.0,0.0,0.7356,0,-3.689e-05,1,0.0,0,1.0,1.0,-0.2681,False,False,0.0,0.0,38.22,35.58,False,-1,bearish,0.0,0.0,0.107245,0.074747,trade,yes,False,False,97.0,57.46,,0.216656,0.05,50.0,1000.0,0.0,1.0,0.5528,-0.0279,-0.0113,0.0,False,,False,False,-50.0,2026-04-25 17:02:30+00:00,BTC,,,,,,,,,,,,,,,,,,,,,,,,,,,,,,,,,,,,,,,,,,,,,,,,,,,,,,,,,,,,,,,,,,,,,,,,,,,,,,,,,,,,,,,,,,,,,,,,,,,,,,,,rising,17,2026-W17,0.505,0.999999148297086,8.507943926835959e-07,9.085220599792455e-10,0.7737593106810728,-25.472977812709654,0.1203191096726485,5,6,
2026-04-25 17:08:53,2026-04-25 17:00,KXBTCD-26APR2514-T77499.99,2026-04-25T18:00:00Z,77390.5,77499.99,0.1415,0.17,real,0.236641,1.3379,0.00044933,0.00023622,0.00020733,1.1394,0.02,0.00021744,1.0,1.0,2,0.0,1,0.1674,2.0,0.0,0.6632,0,-3.742e-05,1,-1.0,1,2.0,2.0,-0.2854,False,False,0.0,0.0,35.81,34.78,False,-1,bearish,0.0,0.0,0.066641,0.041764,trade,yes,False,False,97.0,51.07,,0.080291,0.040145,40.15,1000.0,0.0,2.0,0.565,0.2551,-0.0181,-0.0219,False,,False,False,-40.15,2026-04-25 17:08:53+00:00,BTC,,,,,,,,,,,,,,,,,,,,,,,,,,,,,,,,,,,,,,,,,,,,,,,,,,,,,,,,,,,,,,,,,,,,,,,,,,,,,,,,,,,,,,,,,,,,,,,,,,,,,,,,rising,17,2026-W17,0.17,0.999999148297086,8.507943926835959e-07,9.085220599792455e-10,0.7737593106810728,-25.472977812709654,0.1203191096726485,5,6,
2026-04-25 17:17:23,2026-04-25 17:00,KXBTCD-26APR2514-T77299.99,2026-04-25T18:00:00Z,77356.0,77299.99,-0.0724,0.73,real,0.769784,-0.7435,0.00044842,0.00022493,0.00018117,1.2416,0.02,0.00019649,1.0,0.0,1,1.0,-1,-0.1164,2.0,0.0,0.6121,0,-3.803e-05,1,-1.0,1,2.0,2.0,-0.3536,False,False,1.0,0.0,26.68,32.27,False,-1,bearish,0.0,0.0,0.039784,0.010987,trade,yes,False,False,98.0,42.57,,0.147349,0.05,50.0,1000.0,0.0,2.0,0.565,-0.0271,-0.0445,-0.0391,False,,False,False,-50.0,2026-04-25 17:17:23+00:00,BTC,,,,,,,,,,,,,,,,,,,,,,,,,,,,,,,,,,,,,,,,,,,,,,,,,,,,,,,,,,,,,,,,,,,,,,,,,,,,,,,,,,,,,,,,,,,,,,,,,,,,,,,,rising,17,2026-W17,0.73,0.999999148297086,8.507943926835959e-07,9.085220599792455e-10,0.7737593106810728,-25.472977812709654,0.1203191096726485,5,6,
2026-05-03 04:00:17,2026-05-03 04:00,KXBTCD-26MAY0301-T78299.99,2026-05-03T05:00:00Z,78191.7,78299.99,0.1385,0.1,real,0.188031,1.7729,0.00016728,0.00017645,0.0001398,1.2622,0.02,0.00014861,1.0,0.0,1,0.0,0,-0.0992,2.0,0.0,0.6762,0,-3.21e-06,0,0.0,0,0.0,0.0,-0.0137,False,False,0.0,1.0,17.79,18.03,False,-1,neutral,0.0,0.0,0.088031,0.066731,trade,yes,False,False,57.0,59.67,,0.097813,0.048906,19.56,400.0,0.0,5.0,0.5905,0.0792,-0.0089,-0.0136,False,,False,False,-19.56,2026-05-03 04:00:17+00:00,BTC,,,,,,,,,,,,,,,,,,,,,,,,,,,,,,,,,,,,,,,,,,,,,,,,,,,,,,,,,,,,,,,,,,,,,,,,,,,,,,,,,,,,,,,,,,,,,,,,,,,,,,,,rising,18,2026-W18,0.1,0.9999968436689743,2.3783442756903763e-06,7.779867553418679e-07,0.630003646775885,-72.52263530394114,0.062833636276661,5,6,
2026-05-03 04:05:37,2026-05-03 04:00,KXBTCD-26MAY0301-T78099.99,2026-05-03T05:00:00Z,78170.21,78099.99,-0.0898,0.74,real,0.855238,-1.0865,0.00015865,0.00011096,0.00018951,0.5855,0.01,0.00016502,1.0,0.0,1,0.0,0,-0.0363,2.0,0.0,0.6586,0,-1.079e-05,0,0.0,0,0.0,0.0,-0.0249,False,False,0.0,1.0,16.13,17.48,False,-1,neutral,0.0,0.0,0.115238,0.08677,trade,yes,False,False,100.0,54.34,,0.443222,0.05,20.0,400.0,0.0,5.0,0.5905,0.0101,-0.0248,-0.0113,False,,True,True,7.03,2026-05-03 04:05:37+00:00,BTC,,,,,,,,,,,,,,,,,,,,,,,,,,,,,,,,,,,,,,,,,,,,,,,,,,,,,,,,,,,,,,,,,,,,,,,,,,,,,,,,,,,,,,,,,,,,,,,,,,,,,,,,rising,18,2026-W18,0.74,0.9999968436689743,2.3783442756903763e-06,7.779867553418679e-07,0.630003646775885,-72.52263530394114,0.062833636276661,5,6,
2026-05-03 04:10:55,2026-05-03 04:00,KXBTCD-26MAY0301-T78199.99,2026-05-03T05:00:00Z,78126.13,78199.99,0.0945,0.3,real,0.504759,0.7779,0.00017963,0.00018705,0.00025734,0.7269,0.01,0.00022826,1.0,0.0,1,0.0,0,-0.0874,2.0,0.0,0.6584,0,-1.084e-05,0,0.0,0,1.0,1.0,-0.1223,False,False,0.0,1.0,1.71,12.67,False,-1,neutral,0.0,0.0,0.204759,0.175059,trade,yes,False,False,100.0,49.04,,0.292513,0.045784,18.31,400.0,0.0,9.0,0.6667,-0.1132,-0.1092,-0.098,False,,False,False,-18.31,2026-05-03 04:10:55+00:00,BTC,,,,,,,,,,,,,,,,,,,,,,,,,,,,,,,,,,,,,,,,,,,,,,,,,,,,,,,,,,,,,,,,,,,,,,,,,,,,,,,,,,,,,,,,,,,,,,,,,,,,,,,,rising,18,2026-W18,0.3,0.9999968436689743,2.3783442756903763e-06,7.779867553418679e-07,0.630003646775885,-72.52263530394114,0.062833636276661,5,6,
2026-05-26 18:00:18+00:00,2026-05-26 18:00,KXBTCD-26MAY2615-T75699.99,2026-05-26T19:00:00Z,75777.23,75699.99,-0.1019,0.61,real,0.676039,-0.303,0.00055276,0.00056129,0.00047278,1.1872,0.01,0.00051881,1.0,1.0,2,1.0,0,-0.0925,2.0,0.0,0.1922,-1,9.674e-05,-1,-1.0,1,2.0,2.0,-1.2651,False,False,1.0,1.0,8.03,6.24,True,-1,bearish,0.0,0.0,0.051039,0.019386,trade,yes,False,False,90.0,59.64,,0.130869,0.04158,41.58,1000.0,-4.0,10.0,0.4627,-0.0192,-0.1739,-0.1027,False,,True,True,26.58,2026-05-26 18:00:18+00:00,BTC,,0.0,0.4632,0.0,0.3193,-1.0,0.8178,bearish,bearish,False,True,3.456,3.262,False,False,True,16.87,0.0,,18.0,1.0,1.0,55.37,-0.3783,,-1.0,18062902.81,0.0,0.001741,-0.00119,0.00105,75832.71,0.0732,0.1753,,,,,,,,,,,,,,,,,,,,,,,,,,,,,,,,,,,,,,,,,,,,,,,,,,0.0,win,,,,,,,,,,,,,,,,,,,rising,22,2026-W22,0.61,0.9995437437193584,1.0938913374897602e-06,0.0004551623893106,1.38417874087962,-112.16412189241484,0.0148209522627969,7,4,0.0
2026-05-26 18:22:04+00:00,2026-05-26 18:00,KXBTCD-26MAY2615-T75999.99,2026-05-26T19:00:00Z,76083.47,75999.99,-0.1097,0.65,real,0.734144,-0.4437,0.00053318,0.00046185,0.00046291,0.9977,0.01,0.0004786,1.0,0.0,1,1.0,0,-0.0608,2.0,0.0,0.2036,-1,9.698e-05,-1,-1.0,1,2.0,2.0,-0.9744,False,False,0.0,0.0,28.59,14.18,False,-1,bearish,0.0,0.0,0.069144,0.038219,trade,yes,False,False,92.0,37.88,,0.197553,0.05,50.0,1000.0,-4.0,4.0,0.4653,0.1766,0.2442,0.1486,False,,False,False,-50.0,2026-05-26 18:22:04+00:00,BTC,,0.0,0.4063,0.9804,0.1628,1.0,0.7821,bullish,bearish,False,True,3.039,3.651,False,False,True,16.87,0.0431,0.3,18.0,1.0,1.0,55.7,0.0469,,-1.0,19612169.8,0.0,0.001792,-0.00125,0.0007,75832.71,-0.3296,-0.2201,,,,,,,,,,,,,,,,,,,,,,,,,,,,,,,,,,,,,,,,,,,,,,,,,,0.2201,marginal,,,,,,,,,,,,,,,,,,,rising,22,2026-W22,0.65,0.9995437437193584,1.0938913374897602e-06,0.0004551623893106,1.38417874087962,-112.16412189241484,0.0148209522627969,7,4,0.0
2026-05-26 23:03:31+00:00,2026-05-26 23:00,KXBTCD-26MAY2620-T75699.99,2026-05-27T00:00:00Z,75764.59,75699.99,-0.0853,0.64,real,0.725943,-0.2876,0.00038471,0.00046118,0.00031686,1.4555,0.01,0.0004293,0.0,1.0,3,1.0,1,0.1294,2.0,0.0,0.4198,-1,7.023e-05,0,-1.0,1,2.0,2.0,-1.2343,False,False,0.0,1.0,37.24,21.64,True,-1,bearish,0.0,0.0,0.070943,0.039815,trade,yes,False,False,88.0,56.41,,0.197065,0.05,50.0,1000.0,-4.0,4.0,0.4653,0.0586,0.1899,0.2061,False,,True,True,28.12,2026-05-26 23:03:31+00:00,BTC,,0.0,0.4557,0.285,0.6394,-1.0,0.835,bearish,bearish,False,True,3.473,3.246,False,False,False,14.63,0.009,0.02,23.0,1.0,1.0,56.76,-0.0136,,-1.0,19008867.59,0.0,0.001375,-0.00111,0.00092,75976.17,0.2793,0.3648,,,,,,,,,,,,,,,,,,,,,,,,,,,,,,,,,,,,,,,,,,,,,,,,,,0.0,win,,,,,,,,,,,,,,,,,,,rising,22,2026-W22,0.64,0.9966252034920382,2.39190375242483e-06,0.0033724046042099,0.7183491326378014,-87.42742470796153,0.097871640708668,7,4,0.0
2026-06-02 08:47:45+00:00,2026-06-02 08:00,KXBTCD-26JUN0205-T69799.99,2026-06-02T09:00:00Z,69815.16,69799.99,-0.0217,0.49,real,0.561321,-0.1543,0.00051237,0.00038415,,,0.01,0.00048062,0.0,1.0,2,1.0,1,0.1549,2.0,0.0,0.7026,-1,6e-05,0,0.0,0,1.0,1.0,-0.8309,False,False,1.0,1.0,16.31,18.21,False,-1,bearish,0.0,0.0,0.071321,0.038828,trade,yes,False,False,71.0,12.16,,0.139845,0.047023,47.02,1000.0,-4.0,8.0,0.4944,-0.117,-0.1391,0.0126,False,,False,False,-47.02,2026-06-02 08:47:45+00:00,BTC,,0.0,0.2682,0.0,0.677,-1.0,0.864,bearish,bearish,False,False,3.839,7.141,False,False,False,64.37,0.2598,-0.17,8.0,-2.0,-1.0,67.85,0.0862,,-0.1319,4791221.09,0.0,0.011706,-0.00133,0.00079,69788.77,-0.0378,-0.0161,,,,,,,,,,,,,,,,,,,,,,,,,,,,,,,,,,,,,,,,,,,,,,,,,,0.0161,near_miss,,,,,,,,,,,,,,,,,,,rising,23,2026-W23,0.49,1.3978203551270647e-05,3.754980408862959e-05,0.9999484719923328,0.9748869756765466,-69.57251212718938,0.0100434014084229,6,2,0.0
2026-06-02 12:05:39+00:00,2026-06-02 12:00,KXBTCD-26JUN0209-T69199.99,2026-06-02T13:00:00Z,69281.53,69199.99,-0.1177,0.61,real,0.680743,-0.3188,0.00048213,0.00064371,0.00057233,1.1247,0.01,0.00059701,0.0,1.0,2,2.0,-1,-0.3163,2.0,0.0,0.394,-1,9.5e-05,0,-1.0,1,2.0,2.0,-1.501,False,False,1.0,1.0,7.87,15.55,False,-1,bearish,0.0,0.0,0.055743,0.02409,trade,yes,False,False,70.0,54.27,,0.142932,0.03104,31.04,1000.0,-4.0,10.0,0.4627,-0.0148,-0.2413,-0.0152,False,,False,False,-31.04,2026-06-02 12:05:39+00:00,BTC,,0.0,0.4716,0.9931,0.1548,1.0,0.8998,bearish,bearish,False,False,4.639,6.426,False,False,False,67.91,0.007,-0.06,12.0,-2.0,-1.0,67.98,0.0008,,-1.0,6723165.86,0.0,0.001817,-0.00406,0.0248,68950.01,-0.4785,-0.3612,,,,,,,,,,,,,,,,,,,,,,,,,,,,,,,,,,,,,,,,,,,,,,,,,,0.3612,clear_loss,,,,,,,,,,,,,,,,,,,rising,23,2026-W23,0.61,1.0527268776057988e-10,3.834171832607774e-06,0.9999961657228664,0.9834003960150488,-87.3030358474748,0.0,6,2,0.0
2026-06-02 14:00:36+00:00,2026-06-02 14:00,KXBTCD-26JUN0211-T68399.99,2026-06-02T15:00:00Z,68616.55,68399.99,-0.3156,0.73,real,0.787495,-0.7713,0.00076088,0.00062636,0.00067545,0.9273,0.03,0.00063472,0.0,1.0,2,2.0,-1,-0.2334,2.0,0.0,0.5206,-1,9.5e-05,-1,-1.0,1,2.0,2.0,-1.6936,False,False,1.0,1.0,0.0,3.92,False,-1,bearish,0.0,0.0,0.042495,0.013698,trade,yes,False,False,63.0,58.32,,0.157389,0.05,50.0,1000.0,-5.0,12.0,0.5333,-0.3714,-0.1632,-0.055,False,,False,False,-50.0,2026-06-02 14:00:36+00:00,BTC,,0.0,0.5322,0.0,0.9373,-1.0,0.8306,bearish,bearish,False,False,5.653,5.519,False,False,False,70.04,0.0139,,14.0,-2.0,-0.9897,67.71,0.3303,,,,,,,,68014.58,-0.8773,-0.5635,,,,,,,,,,,,,,,,,,,,,,,,,,,,,,,,,,,,,,,,,,,,,,,,,,0.5635,clear_loss,,,,,,,,,,,,,,,,,,,rising,23,2026-W23,0.73,7.129425617368863e-16,3.530344645542904e-06,0.9999964696553792,1.0469508043350395,-147.72272589024942,0.0871097348061112,7,2,0.0
2026-06-02 14:14:01+00:00,2026-06-02 14:00,KXBTCD-26JUN0211-T68299.99,2026-06-02T15:00:00Z,68496.21,68299.99,-0.2865,0.7,real,0.756638,-0.5362,0.00079051,0.00094408,0.00080722,1.1695,0.02,0.00078943,0.0,1.0,2,1.0,0,-0.06,2.0,0.0,0.4799,-1,9.5e-05,-1,-1.0,1,2.0,2.0,-1.8098,False,False,1.0,1.0,22.7,11.49,True,-1,bearish,0.0,0.0,0.041638,0.011938,trade,yes,False,False,64.0,45.93,,0.138793,0.05,50.0,1000.0,-5.0,8.0,0.4944,-0.3616,0.0162,0.241,False,,False,False,-50.0,2026-06-02 14:14:01+00:00,BTC,,0.0,0.4685,0.0,0.9373,-1.0,0.8957,bearish,bearish,False,False,5.839,5.353,False,False,False,70.2,0.5349,0.065,14.0,-2.0,-1.0,67.63,0.2133,,-1.0,16110124.57,0.0,0.001461,-0.00134,0.00104,68014.58,-0.7031,-0.4179,,,,,,,,,,,,,,,,,,,,,,,,,,,,,,,,,,,,,,,,,,,,,,,,,,0.4179,clear_loss,,,,,,,,,,,,,,,,,,,rising,23,2026-W23,0.7,7.129425617368863e-16,3.530344645542904e-06,0.9999964696553792,1.0469508043350395,-147.72272589024942,0.0871097348061112,7,2,0.0
2026-06-02 14:49:29+00:00,2026-06-02 14:00,KXBTCD-26JUN0211-T68099.99,2026-06-02T15:00:00Z,68104.9,68099.99,-0.0072,0.49,real,0.547912,-0.0283,0.00116359,0.00119359,,,0.01,0.00078831,0.0,0.0,1,2.0,-1,-0.1094,2.0,0.0,0.6724,-1,9.5e-05,-1,-1.0,1,2.0,2.0,-1.9403,False,False,1.0,0.0,30.97,19.75,False,-1,bearish,0.0,0.0,0.042912,0.010419,trade,yes,False,False,56.0,10.46,,0.08414,0.04207,42.07,1000.0,-5.0,8.0,0.4944,-0.0952,0.1509,0.3954,False,,False,False,-42.07,2026-06-02 14:49:29+00:00,BTC,,0.0,0.381,0.3469,0.1718,-1.0,0.9577,bearish,bearish,False,False,6.447,4.809,False,False,False,70.39,2.2284,0.325,14.0,0.0,1.0,67.22,-0.0525,,-1.0,14481099.69,0.0,0.000752,-0.00146,0.00109,68014.58,-0.1326,-0.1254,,,,,,,,,,,,,,,,,,,,,,,,,,,,,,,,,,,,,,,,,,,,,,,,,,0.1254,clear_loss,,,,,,,,,,,,,,,,,,,rising,23,2026-W23,0.49,7.129425617368863e-16,3.530344645542904e-06,0.9999964696553792,1.0469508043350395,-147.72272589024942,0.0871097348061112,7,2,0.0
2026-06-02 19:03:02+00:00,2026-06-02 19:00,KXBTCD-26JUN0217-T66999.99,2026-06-02T21:00:00Z,67161.58,66999.99,-0.2406,0.64,real,0.730629,-0.4095,0.0005848,0.00071354,0.0006215,1.1481,0.01,0.00064771,0.0,1.0,2,1.0,0,-0.0609,2.0,0.0,0.5434,-1,9.5e-05,0,-1.0,1,2.0,2.0,-2.1138,False,False,1.0,1.0,12.72,17.11,True,-1,bearish,0.0,0.0,0.075629,0.044501,trade,yes,False,False,76.0,116.91,,0.21008,0.041573,41.57,1000.0,-5.0,9.0,0.4657,0.001,0.1058,-0.116,False,,True,True,23.38,2026-06-02 19:03:02+00:00,BTC,,0.0,0.1862,0.9431,0.2233,1.0,0.9418,bearish,bearish,False,False,3.407,3.472,False,False,False,75.87,0.0952,-0.1,19.0,-2.0,-0.9946,68.7,0.0938,,-1.0,10092594.83,0.0,0.001167,-0.00119,0.00137,67596.47,0.6475,0.8903,,,,,,,,,,,,,,,,,,,,,,,,,,,,,,,,,,,,,,,,,,,,,,,,,,0.0,win,,,,,,,,,,,,,,,,,,,rising,23,2026-W23,0.64,2.0357694124237852e-18,4.168805654971775e-07,0.9999995831194344,0.9326846660097188,-152.54641061355596,0.1699527881078152,3,7,0.0
2026-06-24 18:12:37+00:00,2026-06-24 18:00,KXBTCD-26JUN2415-T59399.99,2026-06-24T19:00:00Z,59470.03,59399.99,-0.1178,0.57,real,0.622366,-0.1555,0.00121383,0.00133791,0.00097298,1.3751,0.01,0.00102212,1.0,0.0,1,1.0,-1,-0.1805,2.0,0.0,0.6264,0,-4.35e-06,-1,-1.0,1,2.0,2.0,-2.7589,False,False,1.0,0.0,20.02,11.92,True,-1,bearish,0.0,0.0,0.052366,0.020209,trade,yes,False,False,79.0,47.16,,0.121782,0.003045,6.09,2000.0,-7.0,8.0,0.4729,0.2134,0.3179,0.031,False,,True,True,4.59,2026-06-24 18:12:37+00:00,BTC,,0.0,0.6028,0.6354,0.3437,1.0,0.7481,bearish,bearish,False,False,10.595,,False,False,False,34.03,0.5613,,18.0,-1.0,0.47,71.5,-0.034,,-1.0,5266353.28,0.0,0.001689,-0.00208,0.00121,59637.96,0.2824,0.4006,,0.9676,0.3773,-0.5261,-1.1814,,,,,,,,,,,,,,,,,,,,,,,,,,,,,,,,,,,,,,,,,,,,,0.0,win,,,,,,,,,,,,,,,,,,,rising,26,2026-W26,0.57,1.7883366869050654e-23,0.999461647921495,0.0005383520785055,1.098049311138997,-327.0318104909513,0.1145801250224832,0,7,5.0
2026-06-24 18:18:01+00:00,2026-06-24 18:00,KXBTCD-26JUN2415-T59499.99,2026-06-24T19:00:00Z,59551.06,59499.99,-0.0858,0.56,real,0.607583,-0.127,0.0010927,0.00126726,0.0008793,1.4412,0.01,0.00096801,1.0,0.0,1,1.0,-1,-0.1863,2.0,0.0,0.4674,0,-2.68e-06,-1,-1.0,1,2.0,2.0,-2.5965,False,False,1.0,0.0,26.13,20.18,False,-1,bearish,0.0,0.0,0.047583,0.015335,trade,yes,False,False,80.0,41.77,,0.108144,0.002704,5.41,2000.0,-7.0,8.0,0.4729,0.6322,0.2054,0.1311,False,,True,True,4.25,2026-06-24 18:18:01+00:00,BTC,,0.0,0.6028,0.7592,0.6589,1.0,0.6844,bearish,bearish,False,False,10.445,,False,False,False,34.03,0.5665,,18.0,0.0,0.9931,71.5,-0.1299,,-1.0,5737734.2,0.0,0.000856,-0.00208,0.00092,59637.96,0.1459,0.2319,,1.0,0.4935,-0.411,-1.0671,,,,,,,,,,,,,,,,,,,,,,,,,,,,,,,,,,,,,,,,,,,,,0.0,win,,,,,,,,,,,,,,,,,,,rising,26,2026-W26,0.56,1.7883366869050654e-23,0.999461647921495,0.0005383520785055,1.098049311138997,-327.0318104909513,0.1145801250224832,0,7,5.0
2026-06-28 02:19:58,2026-06-28 02:00,KXBTCD-26JUN2723-T60199.99,2026-06-28T03:00:00Z,60164.59,60199.99,0.0588,0.4,real,0.522754,0.2571,0.00029638,0.000334,0.00036776,0.9082,0.01,0.00043134,0.0,-1.0,0,3.0,-1,-0.1126,2.0,0.0,0.6005,0,-2.415e-05,1,1.0,-1,-2.0,-2.0,0.2541,False,False,0.0,-1.0,75.48,82.78,True,0,bearish,0.0,0.0,0.122754,0.090954,trade,yes,False,False,100.0,39.85,,0.20459,0.01023,20.46,2000.0,1.0,0.0,0.5648,-0.0135,-0.0403,-0.0613,False,,False,False,-20.46,2026-06-28 02:19:58+00:00,BTC,,0.0,0.5848,0.0,1.0,1.0,0.1918,bullish,bullish,False,True,1.861,,False,False,True,10.87,0.1268,0.06,2.0,0.0,1.0,67.05,-0.0121,,-1.0,10220275.45,0.0,0.001702,-0.00177,0.00158,60185.22,0.0343,-0.0245,,0.2661,0.0559,0.126,0.3638,,,,,,,,,,,,,,,,,,,,,,,,,,,,,,,,,,,,,,,,,,,,,0.0245,near_miss,,,,,,,,,,,,,,,,,,,rising,26,2026-W26,0.4,0.9999813012591136,6.725527805243577e-07,1.802618811704957e-05,0.7731378343868109,-53.78492236979185,0.281970137230643,2,0,5.0
2026-06-28 15:02:27,2026-06-28 15:00,KXBTCD-26JUN2812-T59899.99,2026-06-28T16:00:00Z,59963.63,59899.99,-0.1061,0.63,real,0.822156,-0.4104,0.00032922,0.00042501,0.00042253,1.0059,0.01,0.00050246,0.0,1.0,2,1.0,0,-0.023,2.0,0.0,0.1607,-1,6.195e-05,0,-1.0,1,2.0,0.0,0.0063,False,True,1.0,1.0,13.36,19.56,False,-1,bearish,0.0,0.0,0.177156,0.145839,trade,yes,False,False,102.0,57.35,,0.4788,0.02394,47.88,2000.0,0.0,2.0,0.6348,-0.145,-0.0649,-0.0649,False,,False,False,-47.88,2026-06-28 15:02:27+00:00,BTC,,0.0,0.6147,0.5,0.0175,1.0,0.9361,bullish,bullish,False,True,2.203,,False,False,True,9.32,0.0057,,15.0,-2.0,-1.0,67.01,0.0866,,-1.0,10349827.38,0.0,0.003312,-0.0018,0.00148,59905.98,-0.0961,0.01,,1.0,-0.0649,-0.1013,-0.3683,,,,,,,,,,,,,,,,,,,,,,,,,,,,,,,,,,,,,,,,,,,,,0.01,near_miss,,,,,,,,,,,,,,,,,,,rising,26,2026-W26,0.63,0.999999986055741,1.3933912962023385e-08,1.035679145860474e-11,0.687010750846968,-26.71631715192729,0.1095035692877735,5,0,0.0
2026-06-28 18:02:20,2026-06-28 18:00,KXBTCD-26JUN2815-T59499.99,2026-06-28T19:00:00Z,59573.12,59499.99,-0.1228,0.66,real,0.789873,-0.3973,0.0005276,0.00054148,0.00039295,1.378,0.01,0.0005368,0.0,-1.0,0,1.0,0,-0.0349,2.0,0.0,0.4219,-1,6.318e-05,-1,0.0,0,1.0,1.0,-0.3775,False,False,0.0,0.0,35.08,27.36,False,-1,bearish,0.0,0.0,0.114873,0.084165,trade,yes,False,False,98.0,57.43,,0.337861,0.008447,16.89,2000.0,-1.0,1.0,0.5368,0.0372,0.1466,0.0788,False,,True,True,8.7,2026-06-28 18:02:20+00:00,BTC,,0.0,0.5918,0.5408,0.691,1.0,0.7302,bullish,bearish,False,True,2.872,,False,False,True,14.89,0.0004,,18.0,0.0,0.9703,68.04,-0.4561,,-1.0,12096253.68,0.0,0.001118,-0.00208,0.00178,59625.56,0.088,0.211,,1.0,0.0792,-0.0893,-0.3756,,,,,,,,,,,,,,,,,,,,,,,,,,,,,,,,,,,,,,,,,,,,,0.0,win,,,,,,,,,,,,,,,,,,,rising,26,2026-W26,0.66,0.999999988018118,1.1980527599679448e-08,1.3666708597563538e-12,0.6633645289860081,-72.09359042471883,0.2019840961483627,5,0,0.0
2026-06-28 18:59:57,2026-06-28 18:00,KXBTCD-26JUN2816-T59499.99,2026-06-28T20:00:00Z,59525.01,59499.99,-0.042,0.56,real,0.717358,-0.1579,0.0004114,0.00046635,0.00036005,1.2953,0.01,0.00050635,0.0,-1.0,0,1.0,0,-0.0091,2.0,0.0,0.6688,-1,6.383e-05,-1,0.0,0,1.0,1.0,-0.3709,False,False,0.0,0.0,42.95,36.38,False,-1,bearish,0.0,0.0,0.142358,0.11011,trade,yes,False,False,142.0,59.83,,0.323541,0.016177,32.35,2000.0,-1.0,1.0,0.5368,0.0008,0.2103,0.0243,False,,False,False,-32.35,2026-06-28 18:59:57+00:00,BTC,,0.0,0.5918,0.0,0.0629,-1.0,0.6368,bullish,bearish,False,True,2.956,,False,False,True,14.89,0.0823,,18.0,-2.0,-1.0,68.41,-0.0791,,-1.0,12481306.03,0.0,0.001582,-0.00178,0.00155,59492.54,-0.0545,-0.0125,,0.4899,0.0024,-0.1659,-0.452,,,,,,,,,,,,,,,,,,,,,,,,,,,,,,,,,,,,,,,,,,,,,0.0125,near_miss,,,,,,,,,,,,,,,,,,,rising,26,2026-W26,0.56,0.999999988018118,1.1980527599679448e-08,1.3666708597563538e-12,0.6633645289860081,-72.09359042471883,0.2019840961483627,5,0,0.0
2026-06-28 21:09:20,2026-06-28 21:00,KXBTCD-26JUN2818-T59499.99,2026-06-28T22:00:00Z,59602.69,59499.99,-0.1723,0.73,real,0.771366,-0.7562,0.00029526,0.00035843,0.00039619,0.9047,0.01,0.00047213,0.0,-1.0,0,2.0,-1,-0.1196,2.0,0.0,0.7096,0,4.051e-05,0,0.0,0,0.0,0.0,-0.1056,False,False,-1.0,-1.0,94.23,88.24,True,0,bearish,0.0,0.0,0.041366,0.012569,trade,yes,False,False,97.0,50.45,,0.153207,0.00766,15.32,2000.0,-2.0,-2.0,0.4857,0.0285,0.1119,0.0904,False,,False,False,-15.32,2026-06-28 21:09:20+00:00,BTC,,0.0,0.4969,0.7801,1.0,-1.0,0.9403,bullish,bearish,False,True,2.821,,False,False,False,20.0,0.1372,0.09,21.0,-1.0,0.5,69.18,0.0243,,-1.0,12460514.21,0.0,0.001453,-0.00219,0.0015,59563.49,-0.0658,0.1067,,0.9889,0.1089,0.3892,0.1878,,,,,,,,,,,,,,,,,,,,,,,,,,,,,,,,,,,,,,,,,,,,,0.1067,marginal,,,,,,,,,,,,,,,,,,,rising,26,2026-W26,0.73,0.9999999622864956,3.76647447594933e-08,4.8762114144348665e-11,0.640150501411223,-71.76839196677912,0.1143874405601093,5,0,5.0
2026-06-30 04:15:19,2026-06-30 04:00,KXBTCD-26JUN3001-T59399.99,2026-06-30T05:00:00Z,59443.7,59399.99,-0.0735,0.65,real,0.69206,-0.3424,0.00047087,0.00037929,0.00028629,1.3249,0.01,0.0004239,0.0,1.0,3,0.0,1,0.1451,2.0,0.0,0.5985,0,2.826e-05,0,-1.0,1,2.0,2.0,-0.5882,False,False,1.0,1.0,18.82,13.73,True,-1,bearish,0.0,0.0,0.04206,0.011135,trade,yes,False,False,99.0,44.47,,0.120172,0.004638,9.28,2000.0,-2.0,5.0,0.4878,-0.3217,0.005,0.1917,False,,True,True,5.0,2026-06-30 04:15:19+00:00,BTC,,0.0,0.553,0.8837,0.3808,-1.0,0.8584,bullish,bullish,True,True,3.096,,False,False,True,18.45,0.1105,,4.0,-2.0,-0.9999,69.34,0.1781,,-1.0,9846643.07,0.0,0.000959,-0.00169,0.00165,59496.44,0.0887,0.1624,,0.6192,-0.1044,-0.7581,-0.656,,,,,,,,,,,,,,,,,,,,,,,,,,,,,,,,,,,,,,,,,,,,,0.0,win,,,,,,,,,,,,,,,,,,,rising,27,2026-W27,0.65,0.0023973773771045,7.633854223626247e-05,0.9975262840806578,0.8270522406253489,-71.9663203860917,0.2713250303906055,6,3,5.0
2026-06-30 08:09:18,2026-06-30 08:00,KXBTCD-26JUN3005-T59299.99,2026-06-30T09:00:00Z,59403.72,59299.99,-0.1746,0.75,real,0.864286,-0.8013,0.00022521,0.00024973,0.00036483,0.6845,0.01,0.00040406,0.0,-1.0,0,0.0,0,-0.0894,2.0,0.0,0.657,0,3.003e-05,0,0.0,0,1.0,1.0,-0.5329,False,False,0.0,0.0,52.59,50.27,False,-1,bearish,0.0,0.0,0.114286,0.086161,trade,yes,False,False,99.0,50.45,,0.457145,0.022857,45.71,2000.0,-1.0,3.0,0.619,0.0627,0.0179,0.0,False,,False,False,-45.71,2026-06-30 08:09:18+00:00,BTC,,0.0,0.5903,0.0,1.0,-1.0,0.8713,bullish,bullish,True,True,3.166,,False,False,True,19.78,0.0012,-0.04,8.0,-2.0,-1.0,71.46,0.1395,,-1.0,4416333.56,0.0,0.001403,-0.00173,0.00159,59304.21,-0.1675,0.0071,,0.0,0.0179,-0.0375,-0.1773,,,,,,,,,,,,,,,,,,,,,,,,,,,,,,,,,,,,,,,,,,,,,0.0071,near_miss,,,,,,,,,,,,,,,,,,,rising,27,2026-W27,0.75,0.0021998045648934,7.703595615907537e-05,0.9977231594789464,0.7575425944059867,-88.69745117636728,0.1564046279227715,6,3,5.0
2026-06-30 11:20:41,2026-06-30 11:00,KXBTCD-26JUN3008-T59199.99,2026-06-30T12:00:00Z,59241.29,59199.99,-0.0697,0.63,real,0.716049,-0.365,0.00032901,0.00026963,0.0003361,0.8022,0.01,0.00040206,0.0,0.0,1,1.0,0,-0.051,2.0,0.0,0.9006,-1,5.007e-05,0,-1.0,1,2.0,2.0,-0.7048,False,False,0.0,0.0,36.24,43.73,False,-1,bearish,0.0,0.0,0.071049,0.039732,trade,yes,False,False,96.0,39.1,,0.192023,0.004241,8.48,2000.0,-3.0,4.0,0.4843,0.018,-0.1243,-0.1048,False,,False,False,-8.48,2026-06-30 11:20:41+00:00,BTC,,0.0,0.5705,0.2422,0.6752,1.0,0.8631,bullish,bullish,True,True,3.449,,False,False,False,23.16,1.04,,11.0,-2.0,-1.0,72.47,0.0809,,-1.0,4679870.94,0.0,0.000762,-0.00196,0.00139,59167.17,-0.1251,-0.0554,,0.262,-0.0359,-0.0974,0.081,,,,,,,,,,,,,,,,,,,,,,,,,,,,,,,,,,,,,,,,,,,,,0.0554,near_miss,,,,,,,,,,,,,,,,,,,rising,27,2026-W27,0.63,0.0022597242668421,7.075480376543665e-05,0.9976695209293944,0.6970202062489231,-80.91750308478885,0.0331517955324765,6,2,0.0
