logged_at,contract_ticker,spot,strike,p_market,tau_minutes,realized_vol_annual,resolved_yes,decision_time,z_drift_raw,zd,p_model_yes,p_model_no,edge_yes,edge_no,best_side,best_edge,win,cost,touched,era
2026-06-02 03:40:38+00:00,KXBTC15M-26JUN012345-45,70934.66,70867.39,0.335,4.4,0.428581,1.0,2026-06-02 03:25:28.710679+00:00,0.8441401901603571,0.15,0.8199392968265582,0.1800607031734418,0.4849392968265582,-0.48493929682655823,yes,0.4849392968265582,1.0,0.335,False,pre
2026-07-03 13:27:41+00:00,KXBTC15M-26JUL030930-30,61980.94,61994.66,0.715,2.3,0.282511,1.0,2026-07-03 13:22:37.202990+00:00,1.6264066104109272,0.15,0.41117592608075615,0.5888240739192439,-0.3038240739192438,0.3038240739192438,no,0.3038240739192438,0.0,0.28500000000000003,True,post
2026-07-08 18:01:38+00:00,KXBTC15M-26JUL081415-15,62060.97,62060.75,0.855,13.6,0.439158,1.0,2026-07-08 17:40:46.336028+00:00,0.6244166103321487,0.15,0.561400653525953,0.43859934647404697,-0.29359934647404695,0.29359934647404695,no,0.29359934647404695,0.0,0.14500000000000002,True,post
2026-07-05 08:17:21+00:00,KXBTC15M-26JUL050430-30,62972.5,62968.16,0.325,12.7,0.171855,0.0,2026-07-05 08:12:15.504997+00:00,2.685255318623364,0.15,0.5915703376234048,0.40842966237659517,0.2665703376234048,-0.2665703376234049,yes,0.2665703376234048,0.0,0.325,True,post
2026-07-04 05:50:48+00:00,KXBTC15M-26JUL040200-00,62501.69,62503.42,0.255,9.2,0.136544,0.0,2026-07-04 05:40:39.264531+00:00,1.5598238498953054,0.15,0.5112491929333203,0.4887508070666797,0.25624919293332027,-0.25624919293332027,yes,0.25624919293332027,0.0,0.255,True,post
2026-07-06 23:09:15+00:00,KXBTC15M-26JUL061915-15,64233.58,64199.37,0.465,5.7,0.380874,1.0,2026-07-06 23:04:11.820958+00:00,0.534276372998486,0.15,0.7172639051608412,0.28273609483915885,0.25226390516084113,-0.2522639051608411,yes,0.25226390516084113,1.0,0.465,False,post
2026-07-05 21:46:05+00:00,KXBTC15M-26JUL051800-00,62979.72,62957.71,0.405,13.9,0.293615,1.0,2026-07-05 21:40:59.534286+00:00,1.8470303799021317,0.15,0.6485811476763235,0.35141885232367653,0.24358114767632344,-0.24358114767632344,yes,0.24358114767632344,1.0,0.405,True,post
2026-07-10 11:03:54+00:00,KXBTC15M-26JUL100715-15,64390.5,64364.97,0.485,11.1,0.19822,1.0,2026-07-10 10:53:45.448890+00:00,0.9403140766850273,0.15,0.7208422143208466,0.2791577856791534,0.23584221432084662,-0.23584221432084662,yes,0.23584221432084662,1.0,0.485,False,post
2026-07-05 08:37:41+00:00,KXBTC15M-26JUL050445-45,62866.45,62885.54,0.595,7.3,0.160524,1.0,2026-07-05 08:32:34.162289+00:00,1.8118087430697665,0.15,0.36035382580901065,0.6396461741909893,-0.23464617419098932,0.23464617419098932,no,0.23464617419098932,0.0,0.405,True,post
2026-07-04 00:05:17+00:00,KXBTC15M-26JUL032015-15,62536.08,62559.15,0.655,9.7,0.246193,1.0,2026-07-03 23:55:06.874756+00:00,0.9981139329183066,0.15,0.42123269172982886,0.5787673082701712,-0.23376730827017117,0.23376730827017123,no,0.23376730827017123,0.0,0.345,True,post
2026-05-27 14:07:56+00:00,KXBTC15M-26MAY271015-15,74973.2,74922.44,0.425,7.1,0.753359,0.0,2026-05-27 14:02:54.367558+00:00,0.6035771146416169,0.15,0.6534315034635272,0.3465684965364728,0.2284315034635272,-0.22843150346352714,yes,0.2284315034635272,0.0,0.425,False,pre
2026-07-09 06:07:10+00:00,KXBTC15M-26JUL090215-15,62550.74,62533.11,0.415,7.8,0.347999,0.0,2026-07-09 06:02:05.371243+00:00,0.9102283852717594,0.15,0.6406784950830786,0.3593215049169214,0.22567849508307863,-0.22567849508307858,yes,0.22567849508307863,0.0,0.415,True,post
2026-05-26 17:57:35+00:00,KXBTC15M-26MAY261400-00,75918.73,75913.02,0.83,2.4,0.393299,0.0,2026-05-26 17:52:32.979880+00:00,0.08326957826976727,0.08326957826976727,0.6183074734565643,0.38169252654343566,-0.21169252654343562,0.21169252654343562,no,0.21169252654343562,1.0,0.17000000000000004,True,pre
2026-07-04 14:24:12+00:00,KXBTC15M-26JUL041030-30,62625.88,62617.0,0.415,5.8,0.295315,0.0,2026-07-04 14:19:09.187948+00:00,1.428838736649467,0.15,0.6158311681239969,0.38416883187600315,0.20083116812399687,-0.20083116812399682,yes,0.20083116812399687,0.0,0.415,False,post
2026-07-08 07:38:34+00:00,KXBTC15M-26JUL080345-45,62772.82,62767.92,0.395,6.4,0.259233,0.0,2026-07-08 07:33:28.878516+00:00,1.1890766827045018,0.15,0.5933983606492501,0.4066016393507499,0.1983983606492501,-0.1983983606492501,yes,0.1983983606492501,0.0,0.395,True,post
2026-07-06 21:42:53+00:00,KXBTC15M-26JUL061745-45,64154.7,64192.05,0.096,2.1,0.727046,0.0,2026-07-06 21:32:44.693824+00:00,1.4837047226976854,0.15,0.2813647317586033,0.7186352682413967,0.18536473175860332,-0.18536473175860335,yes,0.18536473175860332,0.0,0.096,False,post
2026-07-07 01:26:19+00:00,KXBTC15M-26JUL062130-30,63935.28,63942.17,0.705,3.7,0.417804,0.0,2026-07-07 01:21:16.837480+00:00,0.489000440520386,0.15,0.5210505164541581,0.4789494835458419,-0.18394948354584184,0.18394948354584184,no,0.18394948354584184,1.0,0.29500000000000004,True,post
2026-07-08 11:32:49+00:00,KXBTC15M-26JUL080745-45,62066.38,62047.28,0.495,12.2,0.20409,1.0,2026-07-08 11:27:38.199736+00:00,1.1212243851725643,0.15,0.6783243988884498,0.32167560111155025,0.18332439888844976,-0.18332439888844976,yes,0.18332439888844976,1.0,0.495,False,post
2026-07-04 01:26:30+00:00,KXBTC15M-26JUL032130-30,62432.13,62462.17,0.0985,3.5,0.446338,0.0,2026-07-04 01:21:26.516947+00:00,0.40344868024316677,0.15,0.2758383217934769,0.7241616782065231,0.1773383217934769,-0.17733832179347686,yes,0.1773383217934769,0.0,0.0985,True,post
2026-07-08 00:01:18+00:00,KXBTC15M-26JUL072015-15,63273.38,63300.99,0.505,13.7,0.288534,1.0,2026-07-07 23:56:10.813764+00:00,-0.22717365670678874,-0.15,0.32774215937924583,0.6722578406207542,-0.17725784062075417,0.17725784062075423,no,0.17725784062075423,0.0,0.495,True,post
2026-07-08 16:55:09+00:00,KXBTC15M-26JUL081300-00,61979.54,61986.63,0.705,4.8,0.55052,1.0,2026-07-08 16:50:05.172870+00:00,0.5796794756141421,0.15,0.5323762723220596,0.46762372767794036,-0.17262372767794032,0.17262372767794032,no,0.17262372767794032,0.0,0.29500000000000004,True,post
2026-07-05 16:25:21+00:00,KXBTC15M-26JUL051230-30,62655.06,62668.14,0.195,4.7,0.252087,0.0,2026-07-05 16:20:15.711349+00:00,0.5573484296733634,0.15,0.36503878499657433,0.6349612150034256,0.17003878499657432,-0.17003878499657432,yes,0.17003878499657432,0.0,0.195,True,post
2026-07-06 03:51:41+00:00,KXBTC15M-26JUL060000-00,63155.62,63145.88,0.445,8.3,0.281999,1.0,2026-07-06 03:50:45.570222+00:00,0.32504537281015,0.15,0.6131860297361709,0.38681397026382913,0.16818602973617086,-0.1681860297361708,yes,0.16818602973617086,1.0,0.445,False,post
2026-07-10 10:48:38+00:00,KXBTC15M-26JUL100700-00,64424.83,64411.61,0.475,11.4,0.206327,0.0,2026-07-10 10:33:26.997001+00:00,1.160828770051019,0.15,0.6419107419410154,0.3580892580589846,0.1669107419410154,-0.1669107419410154,yes,0.1669107419410154,0.0,0.475,False,post
2026-07-09 13:39:15+00:00,KXBTC15M-26JUL090945-45,62676.5,62653.31,0.475,5.7,0.568683,1.0,2026-07-09 13:34:10.515251+00:00,0.4778806216135203,0.15,0.6359313086202906,0.36406869137970943,0.1609313086202906,-0.1609313086202906,yes,0.1609313086202906,1.0,0.475,False,post
2026-07-04 11:11:20+00:00,KXBTC15M-26JUL040715-15,62468.46,62471.4,0.275,3.7,0.10697,0.0,2026-07-04 11:06:15.992628+00:00,1.9727276823547413,0.15,0.4353827647350749,0.564617235264925,0.1603827647350749,-0.16038276473507496,yes,0.1603827647350749,0.0,0.275,False,post
2026-05-27 20:55:10+00:00,KXBTC15M-26MAY271700-00,75119.12,75128.34,0.6,4.8,0.136998,1.0,2026-05-27 20:50:08.406242+00:00,2.2259765555705213,0.15,0.44178438417999394,0.558215615820006,-0.15821561582000604,0.15821561582000598,no,0.15821561582000598,0.0,0.4,True,pre
2026-07-03 14:38:42+00:00,KXBTC15M-26JUL031045-45,61855.16,61862.55,0.355,6.3,0.619956,1.0,2026-07-03 14:33:39.578354+00:00,0.786994598660708,0.15,0.5101972403540117,0.4898027596459883,0.15519724035401172,-0.15519724035401172,yes,0.15519724035401172,1.0,0.355,False,post
2026-07-06 16:53:09+00:00,KXBTC15M-26JUL061300-00,63689.61,63684.85,0.415,6.8,0.847341,0.0,2026-07-06 16:48:04.511549+00:00,0.6605370264500545,0.15,0.5692726827848508,0.43072731721514923,0.1542726827848508,-0.15427268278485073,yes,0.1542726827848508,0.0,0.415,False,post
2026-05-26 10:52:01+00:00,KXBTC15M-26MAY260700-00,77409.87,77413.54,0.385,8.0,0.563867,0.0,2026-05-26 10:46:57.964060+00:00,2.726119801368927,0.15,0.5381761552149122,0.46182384478508776,0.15317615521491224,-0.15317615521491224,yes,0.15317615521491224,0.0,0.385,False,pre
2026-07-05 14:53:39+00:00,KXBTC15M-26JUL051100-00,62680.72,62698.84,0.185,6.4,0.242178,1.0,2026-07-05 14:48:34.606059+00:00,1.3780661808751193,0.15,0.3365260101332739,0.6634739898667261,0.15152601013327388,-0.15152601013327383,yes,0.15152601013327388,1.0,0.185,False,post
2026-07-04 10:51:00+00:00,KXBTC15M-26JUL040700-00,62433.89,62431.55,0.45,9.0,0.086571,1.0,2026-07-04 10:40:51.970454+00:00,1.8204272244096709,0.15,0.6004938230844379,0.3995061769155621,0.15049382308443787,-0.15049382308443793,yes,0.15049382308443787,1.0,0.45,False,post
2026-07-09 03:19:25+00:00,KXBTC15M-26JUL082330-30,61760.83,61799.99,0.145,10.6,0.330268,1.0,2026-07-09 03:09:13.286968+00:00,0.6370432113502552,0.15,0.2919464704539201,0.7080535295460799,0.1469464704539201,-0.14694647045392006,yes,0.1469464704539201,1.0,0.145,True,post
2026-07-08 12:54:29+00:00,KXBTC15M-26JUL080900-00,62047.68,62052.75,0.675,5.5,0.332752,0.0,2026-07-08 12:49:25.389366+00:00,0.72892902771622,0.15,0.5295312163285808,0.4704687836714192,-0.14546878367141924,0.14546878367141924,no,0.14546878367141924,1.0,0.32499999999999996,True,post
2026-07-06 15:47:05+00:00,KXBTC15M-26JUL061200-00,62827.0,62830.1,0.405,12.9,1.079061,1.0,2026-07-06 15:41:59.796989+00:00,0.36240788589095463,0.15,0.5498902872652734,0.45010971273472655,0.14489028726527342,-0.14489028726527342,yes,0.14489028726527342,1.0,0.405,True,post
2026-06-01 19:41:06+00:00,KXBTC15M-26JUN011545-45,71461.84,71481.79,0.585,3.9,0.343705,1.0,2026-06-01 19:36:03.742583+00:00,1.6415251264460746,0.15,0.4411168536896265,0.5588831463103735,-0.14388314631037347,0.14388314631037347,no,0.14388314631037347,0.0,0.41500000000000004,True,pre
2026-07-03 03:05:05+00:00,KXBTC15M-26JUL022315-15,61366.05,61364.73,0.425,9.9,0.303705,0.0,2026-07-03 02:49:47.999063+00:00,0.5559738277737102,0.15,0.5660472649819728,0.4339527350180272,0.1410472649819728,-0.14104726498197273,yes,0.1410472649819728,0.0,0.425,True,post
2026-05-26 10:31:47+00:00,KXBTC15M-26MAY260645-45,77130.52,77127.69,0.425,13.2,0.472709,1.0,2026-05-26 10:16:31.376834+00:00,3.001021759221442,0.15,0.5657203285928808,0.4342796714071192,0.1407203285928808,-0.14072032859288075,yes,0.1407203285928808,1.0,0.425,False,pre
2026-07-03 04:31:24+00:00,KXBTC15M-26JUL030045-45,61346.46,61356.89,0.645,13.6,0.240726,1.0,2026-07-03 04:26:19.584654+00:00,1.3595175429790272,0.15,0.5044548446406957,0.4955451553593043,-0.14054515535930434,0.14054515535930434,no,0.14054515535930434,0.0,0.355,True,post
2026-07-08 01:48:07+00:00,KXBTC15M-26JUL072200-00,63150.14,63106.61,0.73,11.9,0.661494,0.0,2026-07-08 01:43:00.044971+00:00,-0.19851017770989993,-0.15,0.5894688104565847,0.4105311895434153,-0.14053118954341526,0.14053118954341526,no,0.14053118954341526,1.0,0.27,True,post
2026-07-08 05:31:29+00:00,KXBTC15M-26JUL080145-45,62720.1,62709.23,0.475,13.5,0.242154,0.0,2026-07-08 05:26:25.015553+00:00,0.6705207366509454,0.15,0.61456261663954,0.38543738336045996,0.13956261663954006,-0.13956261663954006,yes,0.13956261663954006,0.0,0.475,True,post
2026-07-05 14:23:07+00:00,KXBTC15M-26JUL051030-30,62659.41,62686.06,0.185,6.9,0.303334,0.0,2026-07-05 14:18:03.642772+00:00,1.4979717915091815,0.15,0.32146174882732065,0.6785382511726794,0.13646174882732065,-0.13646174882732054,yes,0.13646174882732065,0.0,0.185,False,post
2026-07-05 17:21:25+00:00,KXBTC15M-26JUL051330-30,62649.94,62649.8,0.425,8.6,0.189186,0.0,2026-07-05 17:16:21.282747+00:00,0.8472710317237296,0.15,0.5607693565119505,0.4392306434880495,0.1357693565119505,-0.13576935651195043,yes,0.1357693565119505,0.0,0.425,False,post
2026-06-02 12:27:36+00:00,KXBTC15M-26JUN020830-30,69260.52,69258.49,0.435,2.4,0.584529,0.0,2026-06-02 12:22:34.046912+00:00,1.0217156426112657,0.15,0.5688572883551735,0.43114271164482654,0.13385728835517346,-0.1338572883551734,yes,0.13385728835517346,0.0,0.435,True,pre
2026-07-02 17:47:10+00:00,KXBTC15M-26JUL021400-00,61655.27,61726.99,0.185,12.8,0.589174,0.0,2026-07-02 17:42:04.771456+00:00,0.27531337422858254,0.15,0.31744809880279196,0.6825519011972081,0.13244809880279196,-0.13244809880279185,yes,0.13244809880279196,0.0,0.185,True,post
2026-05-26 08:05:11+00:00,KXBTC15M-26MAY260415-15,76639.38,76639.65,0.425,9.8,0.325947,1.0,2026-05-26 07:50:02.142011+00:00,1.3733571107688087,0.15,0.5568627491319665,0.44313725086803346,0.13186274913196655,-0.1318627491319665,yes,0.13186274913196655,1.0,0.425,False,pre
2026-05-27 22:36:03+00:00,KXBTC15M-26MAY271845-45,74511.36,74515.0,0.405,9.0,0.49551,1.0,2026-05-27 22:31:01.002065+00:00,0.5594423871982007,0.15,0.5368535969054282,0.4631464030945718,0.1318535969054282,-0.1318535969054282,yes,0.1318535969054282,1.0,0.405,False,pre
2026-07-05 16:04:58+00:00,KXBTC15M-26JUL051215-15,62697.39,62692.16,0.455,10.0,0.28173,0.0,2026-07-05 15:49:41.019688+00:00,0.8386205284722617,0.15,0.5862401008053602,0.41375989919463985,0.13124010080536014,-0.13124010080536008,yes,0.13124010080536014,0.0,0.455,False,post
2026-07-04 14:49:37+00:00,KXBTC15M-26JUL041100-00,62627.98,62640.68,0.315,10.4,0.275419,1.0,2026-07-04 14:39:26.270681+00:00,1.207226026524766,0.15,0.44485224019401437,0.5551477598059856,0.12985224019401437,-0.12985224019401442,yes,0.12985224019401437,1.0,0.315,False,post
2026-07-07 20:32:31+00:00,KXBTC15M-26JUL071645-45,63674.59,63699.12,0.295,12.5,0.391398,0.0,2026-07-07 20:17:19.023078+00:00,0.7504356071297498,0.15,0.4246362260620251,0.5753637739379749,0.12963622606202513,-0.12963622606202518,yes,0.12963622606202513,0.0,0.295,True,post
2026-07-06 22:38:46+00:00,KXBTC15M-26JUL061845-45,64144.22,64184.9,0.215,6.2,0.521292,0.0,2026-07-06 22:33:43.162162+00:00,0.4089730072990681,0.15,0.3438902858264482,0.6561097141735518,0.1288902858264482,-0.12889028582644824,yes,0.1288902858264482,0.0,0.215,False,post
2026-07-08 02:23:38+00:00,KXBTC15M-26JUL072230-30,62850.18,62864.59,0.525,6.4,0.581738,1.0,2026-07-08 02:08:24.576891+00:00,-0.5337186484972878,-0.15,0.39630140434338085,0.6036985956566192,-0.12869859565661917,0.12869859565661923,no,0.12869859565661923,0.0,0.475,True,post
2026-07-08 05:46:46+00:00,KXBTC15M-26JUL080200-00,62580.97,62573.85,0.465,13.2,0.268296,1.0,2026-07-08 05:41:41.369295+00:00,0.476106280934165,0.15,0.5927493601581004,0.4072506398418996,0.1277493601581004,-0.12774936015810034,yes,0.1277493601581004,1.0,0.465,False,post
2026-07-06 05:33:17+00:00,KXBTC15M-26JUL060145-45,62966.76,62963.7,0.445,11.7,0.290072,1.0,2026-07-06 05:23:09.348189+00:00,0.14768331958292955,0.14768331958292955,0.572676796722994,0.427323203277006,0.12767679672299398,-0.12767679672299392,yes,0.12767679672299398,1.0,0.445,False,post
2026-07-03 08:12:59+00:00,KXBTC15M-26JUL030415-15,61687.82,61694.29,0.575,2.0,0.190963,0.0,2026-07-03 08:07:54.463127+00:00,2.0493276704812295,0.15,0.4476726810015515,0.5523273189984486,-0.12732731899844846,0.1273273189984485,no,0.1273273189984485,1.0,0.42500000000000004,True,post
2026-07-02 22:35:34+00:00,KXBTC15M-26JUL021845-45,61456.24,61459.97,0.655,9.4,0.183731,0.0,2026-07-02 22:25:23.434727+00:00,0.9470377026553056,0.15,0.52865496512422,0.47134503487577994,-0.12634503487577997,0.12634503487577997,no,0.12634503487577997,1.0,0.345,True,post
2026-07-10 14:52:06+00:00,KXBTC15M-26JUL101100-00,63959.64,64063.47,0.205,7.9,1.078257,0.0,2026-07-10 14:41:57.729986+00:00,0.18612623720632174,0.15,0.3294673438451339,0.6705326561548661,0.12446734384513389,-0.12446734384513392,yes,0.12446734384513389,0.0,0.205,True,post
2026-07-07 05:50:26+00:00,KXBTC15M-26JUL070200-00,63118.9,63122.52,0.545,9.6,0.265671,0.0,2026-07-07 05:40:18.062787+00:00,-0.2411886430377183,-0.15,0.4205405398095978,0.5794594601904022,-0.12445946019040222,0.12445946019040222,no,0.12445946019040222,1.0,0.45499999999999996,True,post
2026-07-06 08:50:50+00:00,KXBTC15M-26JUL060500-00,62850.92,62850.95,0.435,9.2,0.215054,0.0,2026-07-06 08:40:38.078162+00:00,1.468307286918161,0.15,0.5590232712639341,0.44097672873606586,0.12402327126393414,-0.12402327126393409,yes,0.12402327126393414,0.0,0.435,False,post
2026-07-10 14:41:57+00:00,KXBTC15M-26JUL101045-45,64010.33,64109.99,0.125,3.0,1.17533,0.0,2026-07-10 14:36:53.575453+00:00,0.1580960924493064,0.15,0.24648832359449485,0.7535116764055052,0.12148832359449485,-0.1214883235944948,yes,0.12148832359449485,0.0,0.125,True,post
2026-07-09 09:19:56+00:00,KXBTC15M-26JUL090530-30,62824.18,62821.38,0.455,10.1,0.241508,1.0,2026-07-09 09:09:47.065991+00:00,1.3861121604678588,0.15,0.576167844427244,0.423832155572756,0.12116784442724399,-0.12116784442724393,yes,0.12116784442724399,1.0,0.455,False,post
2026-07-10 02:34:50+00:00,KXBTC15M-26JUL092245-45,63744.93,63793.14,0.265,10.2,0.603874,1.0,2026-07-10 02:19:37.748133+00:00,0.9038393233056521,0.15,0.385452695447651,0.6145473045523491,0.12045269544765097,-0.12045269544765091,yes,0.12045269544765097,1.0,0.265,False,post
2026-07-05 12:31:21+00:00,KXBTC15M-26JUL050845-45,62684.26,62684.84,0.675,13.6,0.190658,0.0,2026-07-05 12:16:08.216497+00:00,1.670299093112146,0.15,0.5558515292595236,0.44414847074047636,-0.11914847074047641,0.11914847074047641,no,0.11914847074047641,1.0,0.32499999999999996,True,post
2026-05-26 02:38:10+00:00,KXBTC15M-26MAY252245-45,76616.55,76606.72,0.485,6.8,0.313972,0.0,2026-05-26 02:33:08.616933+00:00,1.3420099594074077,0.15,0.6039622465965656,0.3960377534034344,0.11896224659656562,-0.11896224659656562,yes,0.11896224659656562,0.0,0.485,False,pre
2026-07-06 06:03:50+00:00,KXBTC15M-26JUL060215-15,63035.86,63058.9,0.545,11.2,0.236229,0.0,2026-07-06 05:53:40.860124+00:00,0.3745454486869116,0.15,0.4265672928917224,0.5734327071082777,-0.11843270710827764,0.11843270710827769,no,0.11843270710827769,1.0,0.45499999999999996,True,post
2026-07-03 21:02:37+00:00,KXBTC15M-26JUL031715-15,62718.2,62716.97,0.445,12.4,0.48292,1.0,2026-07-03 20:47:03.556475+00:00,1.2495114523501303,0.15,0.5629138222516615,0.43708617774833847,0.11791382225166153,-0.11791382225166147,yes,0.11791382225166153,1.0,0.445,False,post
2026-07-02 01:06:22+00:00,KXBTC15M-26JUL012115-15,59676.62,59677.17,0.675,8.6,0.396847,1.0,2026-07-02 01:01:18.073199+00:00,0.2048787426584253,0.15,0.5573518968769816,0.4426481031230184,-0.11764810312301843,0.11764810312301843,no,0.11764810312301843,0.0,0.32499999999999996,True,post
2026-07-09 00:36:40+00:00,KXBTC15M-26JUL082045-45,62138.35,62140.68,0.665,8.3,0.337877,1.0,2026-07-09 00:31:34.515131+00:00,1.2085344117624053,0.15,0.5485795559894034,0.45142044401059656,-0.11642044401059659,0.11642044401059659,no,0.11642044401059659,0.0,0.33499999999999996,True,post
2026-07-08 14:41:20+00:00,KXBTC15M-26JUL081045-45,61896.37,61976.48,0.097,3.7,0.776887,0.0,2026-07-08 14:36:16.613013+00:00,0.47662346361083385,0.15,0.2133122039832342,0.7866877960167658,0.11631220398323419,-0.11631220398323427,yes,0.11631220398323419,0.0,0.097,True,post
2026-07-04 21:49:52+00:00,KXBTC15M-26JUL041800-00,63239.96,63260.86,0.27,10.1,0.262137,1.0,2026-07-04 21:39:46.045426+00:00,0.4754647146658788,0.15,0.3862858716092401,0.6137141283907599,0.11628587160924009,-0.11628587160924009,yes,0.11628587160924009,1.0,0.27,False,post
2026-07-06 14:10:34+00:00,KXBTC15M-26JUL061015-15,61861.68,61760.12,0.875,4.4,1.054845,1.0,2026-07-06 14:05:30.691820+00:00,-0.11725238375617825,-0.11725238375617825,0.7598053233782969,0.24019467662170313,-0.11519467662170313,0.11519467662170313,no,0.11519467662170313,0.0,0.125,True,post
2026-07-09 05:16:20+00:00,KXBTC15M-26JUL090130-30,62461.71,62452.56,0.475,13.7,0.368721,0.0,2026-07-09 05:11:14.031218+00:00,1.4887106968038555,0.15,0.5901081183531944,0.40989188164680557,0.11510811835319446,-0.11510811835319446,yes,0.11510811835319446,0.0,0.475,True,post
2026-07-10 15:37:51+00:00,KXBTC15M-26JUL101145-45,63980.48,64081.17,0.135,7.1,0.761803,0.0,2026-07-10 15:27:42.507796+00:00,0.3302059956064527,0.15,0.24990905657685925,0.7500909434231408,0.11490905657685924,-0.11490905657685924,yes,0.11490905657685924,0.0,0.135,True,post
2026-07-06 22:23:33+00:00,KXBTC15M-26JUL061830-30,64270.77,64326.31,0.21,6.4,0.600043,0.0,2026-07-06 22:18:29.676100+00:00,0.3921952196823989,0.15,0.32475879637684957,0.6752412036231504,0.11475879637684958,-0.1147587963768496,yes,0.11475879637684958,0.0,0.21,True,post
2026-07-03 20:16:37+00:00,KXBTC15M-26JUL031630-30,62354.35,62364.67,0.395,13.4,0.508085,1.0,2026-07-03 20:11:33.405139+00:00,1.0435566831058105,0.15,0.5091259115061745,0.4908740884938255,0.11412591150617446,-0.11412591150617446,yes,0.11412591150617446,1.0,0.395,False,post
2026-07-02 18:27:42+00:00,KXBTC15M-26JUL021430-30,61742.67,61781.53,0.0605,2.3,0.430754,1.0,2026-07-02 18:22:39.667722+00:00,0.4952547982571781,0.15,0.1745252104853781,0.8254747895146219,0.11402521048537811,-0.11402521048537806,yes,0.11402521048537811,1.0,0.0605,False,post
2026-07-02 04:39:40+00:00,KXBTC15M-26JUL020045-45,60746.67,60769.02,0.285,5.3,0.436137,0.0,2026-07-02 04:34:36.109350+00:00,1.1816478061408926,0.15,0.39890775024955144,0.6010922497504485,0.11390775024955146,-0.11390775024955158,yes,0.11390775024955146,0.0,0.285,True,post
2026-07-09 20:02:11+00:00,KXBTC15M-26JUL091615-15,63203.33,63195.8,0.475,12.8,0.327121,0.0,2026-07-09 19:57:06.091900+00:00,0.508323032065516,0.15,0.588546100036561,0.41145389996343895,0.11354610003656107,-0.11354610003656107,yes,0.11354610003656107,0.0,0.475,False,post
2026-07-06 01:23:28+00:00,KXBTC15M-26JUL052130-30,63697.38,63745.54,0.17,6.5,0.426229,0.0,2026-07-06 01:18:23.800759+00:00,0.8938627705256241,0.15,0.2819403426812713,0.7180596573187287,0.11194034268127132,-0.11194034268127129,yes,0.11194034268127132,0.0,0.17,True,post
2026-07-02 19:49:11+00:00,KXBTC15M-26JUL021600-00,61489.05,61525.77,0.195,10.8,0.287947,0.0,2026-07-02 19:39:01.714286+00:00,0.8035036627486464,0.15,0.30597228697989043,0.6940277130201096,0.11097228697989042,-0.11097228697989037,yes,0.11097228697989042,0.0,0.195,True,post
2026-07-02 20:04:29+00:00,KXBTC15M-26JUL021615-15,61403.52,61403.97,0.445,10.5,0.478529,0.0,2026-07-02 19:54:16.633491+00:00,0.4433519720043514,0.15,0.5559231442285923,0.44407685577140765,0.11092314422859234,-0.11092314422859229,yes,0.11092314422859234,0.0,0.445,False,post
2026-07-07 16:33:51+00:00,KXBTC15M-26JUL071245-45,63905.91,63964.66,0.285,11.1,0.714083,1.0,2026-07-07 16:23:42.870177+00:00,0.5517544495770887,0.15,0.39447336502464975,0.6055266349753503,0.10947336502464977,-0.10947336502464977,yes,0.10947336502464977,1.0,0.285,False,post
2026-07-05 23:38:13+00:00,KXBTC15M-26JUL051945-45,63615.02,63657.98,0.205,6.8,0.423601,1.0,2026-07-05 23:33:08.761718+00:00,1.0086387861442154,0.15,0.31441940891503506,0.6855805910849649,0.10941940891503507,-0.1094194089150351,yes,0.10941940891503507,1.0,0.205,False,post
2026-07-09 02:03:08+00:00,KXBTC15M-26JUL082215-15,61833.62,61860.02,0.355,11.9,0.617192,1.0,2026-07-09 01:52:57.581936+00:00,0.2513769473013893,0.15,0.4638974573035335,0.5361025426964665,0.10889745730353351,-0.10889745730353351,yes,0.10889745730353351,1.0,0.355,False,post
2026-07-02 15:40:07+00:00,KXBTC15M-26JUL021145-45,61606.84,61707.34,0.135,4.9,0.907652,0.0,2026-07-02 15:35:04.338323+00:00,0.6334328763267938,0.15,0.2437323811761704,0.7562676188238295,0.1087323811761704,-0.10873238117617046,yes,0.1087323811761704,0.0,0.135,True,post
2026-07-09 14:35:11+00:00,KXBTC15M-26JUL091045-45,62724.34,62807.78,0.225,9.8,0.758934,1.0,2026-07-09 14:25:01.069797+00:00,0.707886773431428,0.15,0.33348910064799275,0.6665108993520072,0.10848910064799275,-0.10848910064799278,yes,0.10848910064799275,1.0,0.225,True,post
2026-07-03 11:25:48+00:00,KXBTC15M-26JUL030730-30,61934.18,61949.5,0.265,4.2,0.264938,0.0,2026-07-03 11:20:44.608095+00:00,2.3434801388678235,0.15,0.37169720264084016,0.6283027973591598,0.10669720264084015,-0.10669720264084015,yes,0.10669720264084015,0.0,0.265,True,post
2026-07-04 15:57:38+00:00,KXBTC15M-26JUL041200-00,62886.27,62861.33,0.8985,2.4,0.527388,1.0,2026-07-04 15:52:35.787281+00:00,1.3029514923742163,0.15,0.7923122496010118,0.20768775039898824,-0.1061877503989882,0.1061877503989882,no,0.1061877503989882,0.0,0.10150000000000003,True,post
2026-07-01 22:19:15+00:00,KXBTC15M-26JUL011830-30,60765.57,60760.25,0.475,10.7,0.375764,0.0,2026-07-01 22:09:08.927032+00:00,1.0254096501895285,0.15,0.5799012604683675,0.42009873953163246,0.10490126046836756,-0.10490126046836756,yes,0.10490126046836756,0.0,0.475,True,post
2026-07-05 20:55:09+00:00,KXBTC15M-26JUL051700-00,62690.49,62690.47,0.665,4.8,0.164473,0.0,2026-07-05 20:50:05.961520+00:00,1.001880180553004,0.15,0.5603390059828596,0.4396609940171404,-0.10466099401714046,0.10466099401714046,no,0.10466099401714046,1.0,0.33499999999999996,True,post
2026-07-10 06:38:19+00:00,KXBTC15M-26JUL100245-45,63872.2,63872.17,0.665,6.7,0.187288,0.0,2026-07-10 06:33:15.910063+00:00,0.635023874613451,0.15,0.5604068307732335,0.4395931692267665,-0.10459316922676654,0.10459316922676654,no,0.10459316922676654,1.0,0.33499999999999996,True,post
2026-07-07 02:07:02+00:00,KXBTC15M-26JUL062215-15,63780.24,63805.76,0.315,8.0,0.431486,0.0,2026-07-07 02:01:55.500022+00:00,0.444388412288241,0.15,0.41904225569694026,0.5809577443030598,0.10404225569694026,-0.10404225569694026,yes,0.10404225569694026,0.0,0.315,True,post
2026-07-02 05:25:22+00:00,KXBTC15M-26JUL020130-30,60735.24,60767.06,0.185,4.6,0.34899,0.0,2026-07-02 05:20:14.666243+00:00,0.7297031232264617,0.15,0.28885536801333667,0.7111446319866633,0.10385536801333667,-0.10385536801333661,yes,0.10385536801333667,0.0,0.185,True,post
2026-07-10 08:06:20+00:00,KXBTC15M-26JUL100415-15,63966.27,63962.01,0.495,8.7,0.164981,0.0,2026-07-10 08:01:16.678552+00:00,1.392902747460765,0.15,0.5984053959971355,0.4015946040028645,0.1034053959971355,-0.1034053959971355,yes,0.1034053959971355,0.0,0.495,False,post
2026-07-10 08:46:54+00:00,KXBTC15M-26JUL100500-00,64142.79,64154.56,0.385,13.1,0.350973,1.0,2026-07-10 08:41:49.010646+00:00,1.65638849179417,0.15,0.48816297010082055,0.5118370298991795,0.10316297010082054,-0.10316297010082054,yes,0.10316297010082054,1.0,0.385,True,post
2026-07-06 22:48:55+00:00,KXBTC15M-26JUL061900-00,64163.38,64155.73,0.715,11.1,0.467731,1.0,2026-07-06 22:38:46.195055+00:00,0.459657922362014,0.15,0.6118559842398967,0.38814401576010327,-0.10314401576010324,0.10314401576010324,no,0.10314401576010324,0.0,0.28500000000000003,True,post
2026-07-08 06:17:14+00:00,KXBTC15M-26JUL080230-30,62551.33,62551.45,0.455,12.8,0.238696,1.0,2026-07-08 06:12:09.465870+00:00,0.5604291328514184,0.15,0.5578293262931253,0.4421706737068747,0.1028293262931253,-0.10282932629312524,yes,0.1028293262931253,1.0,0.455,True,post
2026-07-04 13:53:44+00:00,KXBTC15M-26JUL041000-00,62519.45,62552.72,0.125,6.3,0.241684,0.0,2026-07-04 13:48:41.330292+00:00,1.7302439620032897,0.15,0.2276997645708853,0.7723002354291146,0.10269976457088531,-0.10269976457088537,yes,0.10269976457088531,0.0,0.125,True,post
2026-05-27 05:37:36+00:00,KXBTC15M-26MAY270145-45,75571.24,75566.34,0.765,7.4,0.138606,0.0,2026-05-27 05:32:33.317419+00:00,2.2180085760949377,0.15,0.6626708225574067,0.3373291774425933,-0.10232917744259329,0.10232917744259329,no,0.10232917744259329,1.0,0.235,True,pre
2026-07-10 07:51:06+00:00,KXBTC15M-26JUL100400-00,63919.94,63919.37,0.675,8.9,0.17543,1.0,2026-07-10 07:50:15.883403+00:00,1.118463311878509,0.15,0.5728346102488986,0.4271653897511014,-0.10216538975110145,0.10216538975110145,no,0.10216538975110145,0.0,0.32499999999999996,True,post
2026-07-06 13:40:07+00:00,KXBTC15M-26JUL060945-45,61432.4,61419.15,0.595,4.9,0.965219,1.0,2026-07-06 13:35:02.615775+00:00,-1.5270937107963218,-0.15,0.4934548759293287,0.5065451240706713,-0.10154512407067129,0.10154512407067129,no,0.10154512407067129,0.0,0.405,True,post
2026-07-04 01:01:07+00:00,KXBTC15M-26JUL032115-15,62686.03,62707.74,0.335,13.9,0.327073,0.0,2026-07-04 00:50:58.100757+00:00,1.007285374884539,0.15,0.4364254468022542,0.5635745531977459,0.10142544680225418,-0.10142544680225418,yes,0.10142544680225418,0.0,0.335,True,post
2026-07-06 14:56:15+00:00,KXBTC15M-26JUL061100-00,61951.64,62037.1,0.135,3.7,1.22028,0.0,2026-07-06 14:51:09.148677+00:00,-0.009368338894952324,-0.009368338894952324,0.23639916432083175,0.7636008356791683,0.10139916432083174,-0.10139916432083174,yes,0.10139916432083174,0.0,0.135,True,post
2026-07-07 02:47:39+00:00,KXBTC15M-26JUL062300-00,63515.31,63551.8,0.285,12.3,0.384044,0.0,2026-07-07 02:42:33.472762+00:00,0.2668294670399667,0.15,0.3861804596416555,0.6138195403583445,0.1011804596416555,-0.10118045964165556,yes,0.1011804596416555,0.0,0.285,True,post
2026-07-01 22:54:42+00:00,KXBTC15M-26JUL011900-00,60375.66,60423.84,0.245,5.3,0.651346,0.0,2026-07-01 22:49:36.549213+00:00,0.1450905461616575,0.1450905461616575,0.3461618108303537,0.6538381891696463,0.1011618108303537,-0.1011618108303537,yes,0.1011618108303537,0.0,0.245,True,post
2026-07-06 16:17:37+00:00,KXBTC15M-26JUL061230-30,63627.33,63784.86,0.215,12.4,1.116242,0.0,2026-07-06 16:02:21.406341+00:00,0.7358964342786946,0.15,0.31613973413751095,0.683860265862489,0.10113973413751096,-0.10113973413751098,yes,0.10113973413751096,0.0,0.215,True,post
2026-05-26 21:34:28+00:00,KXBTC15M-26MAY261745-45,75948.32,75952.29,0.415,10.5,0.200412,0.0,2026-05-26 21:19:19.825468+00:00,1.469982467174146,0.15,0.5156348614004626,0.48436513859953745,0.10063486140046257,-0.10063486140046252,yes,0.10063486140046257,0.0,0.415,False,pre
2026-07-09 15:21:01+00:00,KXBTC15M-26JUL091130-30,62954.75,63040.2,0.235,9.0,0.787864,0.0,2026-07-09 15:10:47.207776+00:00,0.5852664909718366,0.15,0.3356347367152549,0.6643652632847451,0.10063473671525491,-0.10063473671525491,yes,0.10063473671525491,0.0,0.235,True,post
2026-07-04 14:39:26+00:00,KXBTC15M-26JUL041045-45,62580.9,62613.48,0.135,5.6,0.254785,1.0,2026-07-04 14:34:22.978801+00:00,1.219167972277702,0.15,0.23555288622985882,0.7644471137701412,0.1005528862298588,-0.1005528862298588,yes,0.1005528862298588,1.0,0.135,False,post
2026-07-08 03:49:56+00:00,KXBTC15M-26JUL080000-00,62863.87,62909.22,0.195,10.1,0.327999,0.0,2026-07-08 03:39:46.243738+00:00,0.5490494875409101,0.15,0.2953700381558585,0.7046299618441415,0.10037003815585849,-0.10037003815585843,yes,0.10037003815585849,0.0,0.195,True,post
2026-07-04 18:09:15+00:00,KXBTC15M-26JUL041415-15,63185.3,63248.42,0.0935,5.7,0.426084,1.0,2026-07-04 18:04:11.583879+00:00,0.7049763415409376,0.15,0.19330555567121177,0.8066944443287882,0.09980555567121177,-0.09980555567121174,yes,0.09980555567121177,1.0,0.0935,True,post
2026-07-10 09:22:26+00:00,KXBTC15M-26JUL100530-30,64311.2,64170.74,0.725,7.6,0.313966,1.0,2026-07-10 09:17:21.757325+00:00,1.4546521604791263,0.15,0.8243739650760726,0.17562603492392737,0.09937396507607266,-0.09937396507607266,yes,0.09937396507607266,1.0,0.725,False,post
2026-07-10 00:02:25+00:00,KXBTC15M-26JUL092015-15,63144.06,63193.52,0.205,12.6,0.329663,0.0,2026-07-09 23:57:18.125245+00:00,1.002843823172464,0.15,0.3043064806695368,0.6956935193304632,0.09930648066953682,-0.09930648066953685,yes,0.09930648066953682,0.0,0.205,True,post
2026-07-02 21:34:33+00:00,KXBTC15M-26JUL021745-45,61464.07,61474.09,0.375,10.4,0.273904,0.0,2026-07-02 21:24:24.539443+00:00,1.0280489329204112,0.15,0.4741752597727566,0.5258247402272433,0.0991752597727566,-0.09917525977275665,yes,0.0991752597727566,0.0,0.375,False,post
2026-07-04 01:41:47+00:00,KXBTC15M-26JUL032145-45,62391.32,62417.23,0.235,3.2,0.39808,0.0,2026-07-04 01:31:37.800042+00:00,0.39432492670793956,0.15,0.3340309686691597,0.6659690313308403,0.09903096866915972,-0.09903096866915972,yes,0.09903096866915972,0.0,0.235,False,post
2026-07-04 17:08:30+00:00,KXBTC15M-26JUL041315-15,62862.33,62874.19,0.365,6.5,0.344795,0.0,2026-07-04 17:03:27.637832+00:00,0.7022161209248946,0.15,0.46336619650825894,0.5366338034917411,0.09836619650825895,-0.09836619650825895,yes,0.09836619650825895,0.0,0.365,True,post
2026-06-02 04:47:46+00:00,KXBTC15M-26JUN020100-00,70873.78,70911.65,0.27,12.2,0.312283,0.0,2026-06-02 03:50:43.883784+00:00,0.6404774605626821,0.15,0.3674363832255116,0.6325636167744884,0.09743638322551157,-0.09743638322551162,yes,0.09743638322551157,0.0,0.27,True,pre
2026-05-26 23:23:29+00:00,KXBTC15M-26MAY261930-30,75798.1,75803.49,0.405,6.5,0.24144,0.0,2026-05-26 23:18:25.959581+00:00,1.322151743387776,0.15,0.5018784203418075,0.4981215796581925,0.09687842034180749,-0.09687842034180749,yes,0.09687842034180749,0.0,0.405,False,pre
2026-07-10 13:05:34+00:00,KXBTC15M-26JUL100915-15,64248.02,64259.98,0.385,9.4,0.363385,0.0,2026-07-10 12:55:25.622656+00:00,0.8122923879445567,0.15,0.4818193464442048,0.5181806535557951,0.09681934644420481,-0.09681934644420487,yes,0.09681934644420481,0.0,0.385,True,post
2026-07-04 16:07:46+00:00,KXBTC15M-26JUL041215-15,62843.19,62886.41,0.245,7.2,0.452144,0.0,2026-07-04 16:02:43.448018+00:00,1.10464321984909,0.15,0.34179984969065935,0.6582001503093406,0.09679984969065936,-0.09679984969065936,yes,0.09679984969065936,0.0,0.245,True,post
2026-07-07 15:04:38+00:00,KXBTC15M-26JUL071115-15,63387.73,63526.37,0.22,10.4,1.055907,0.0,2026-07-07 15:04:37.998166+00:00,0.3553281838998902,0.15,0.316583793742668,0.683416206257332,0.09658379374266798,-0.09658379374266801,yes,0.09658379374266798,0.0,0.22,True,post
2026-07-10 16:08:21+00:00,KXBTC15M-26JUL101215-15,63954.94,63961.08,0.425,6.7,0.535664,1.0,2026-07-10 16:03:16.440217+00:00,0.3812931041158698,0.15,0.5215065766137477,0.47849342338625234,0.09650657661374767,-0.09650657661374762,yes,0.09650657661374767,1.0,0.425,False,post
2026-07-02 15:50:21+00:00,KXBTC15M-26JUL021200-00,61518.24,61669.35,0.115,9.6,0.832872,0.0,2026-07-02 15:40:07.849984+00:00,0.6972941745352901,0.15,0.21098546076815855,0.7890145392318415,0.09598546076815855,-0.0959854607681585,yes,0.09598546076815855,0.0,0.115,True,post
2026-07-09 14:09:47+00:00,KXBTC15M-26JUL091015-15,62898.2,62984.43,0.195,5.2,0.834479,0.0,2026-07-09 14:04:43.127117+00:00,0.7881911198043154,0.15,0.29084588568053127,0.7091541143194687,0.09584588568053126,-0.0958458856805312,yes,0.09584588568053126,0.0,0.195,True,post
2026-07-02 17:31:54+00:00,KXBTC15M-26JUL021345-45,61751.4,61821.23,0.265,13.1,0.606517,0.0,2026-07-02 17:16:39.105658+00:00,0.24601226355234646,0.15,0.3605792608391395,0.6394207391608605,0.09557926083913948,-0.09557926083913948,yes,0.09557926083913948,0.0,0.265,True,post
2026-07-07 14:08:41+00:00,KXBTC15M-26JUL071015-15,62972.08,63000.21,0.375,6.3,0.893308,0.0,2026-07-07 14:03:38.202379+00:00,0.3477443425026424,0.15,0.4704928996625265,0.5295071003374735,0.0954928996625265,-0.0954928996625265,yes,0.0954928996625265,0.0,0.375,False,post
2026-07-06 15:36:55+00:00,KXBTC15M-26JUL061145-45,62306.84,62397.82,0.235,8.1,0.863736,1.0,2026-07-06 15:31:50.609403+00:00,0.14454219441509736,0.14454219441509736,0.3302499357825276,0.6697500642174724,0.0952499357825276,-0.0952499357825276,yes,0.0952499357825276,1.0,0.235,True,post
2026-07-08 11:22:32+00:00,KXBTC15M-26JUL080730-30,62052.15,62061.89,0.58,7.5,0.220866,0.0,2026-07-08 11:17:28.731107+00:00,0.8572534938169314,0.15,0.48479578648140753,0.5152042135185925,-0.09520421351859243,0.09520421351859243,no,0.09520421351859243,1.0,0.42000000000000004,True,post
2026-07-09 20:52:50+00:00,KXBTC15M-26JUL091700-00,63234.28,63270.23,0.145,7.2,0.242902,0.0,2026-07-09 20:47:47.831296+00:00,0.7407121039780404,0.15,0.24002472385670642,0.7599752761432936,0.09502472385670643,-0.09502472385670635,yes,0.09502472385670643,0.0,0.145,True,post
2026-05-26 15:09:40+00:00,KXBTC15M-26MAY261115-15,76790.64,76834.79,0.335,5.3,0.795363,1.0,2026-05-26 15:04:37.664838+00:00,0.31473896028511045,0.15,0.4299701754856029,0.5700298245143971,0.09497017548560288,-0.09497017548560294,yes,0.09497017548560288,1.0,0.335,False,pre
2026-07-08 17:05:18+00:00,KXBTC15M-26JUL081315-15,61994.2,62059.76,0.215,9.7,0.509148,0.0,2026-07-08 16:55:09.942097+00:00,0.6483751994900929,0.15,0.30993675450117464,0.6900632454988254,0.09493675450117464,-0.09493675450117467,yes,0.09493675450117464,0.0,0.215,False,post
2026-07-08 00:47:04+00:00,KXBTC15M-26JUL072100-00,63637.41,63682.89,0.255,12.9,0.362806,0.0,2026-07-08 00:41:57.938922+00:00,0.5751119086294193,0.15,0.3499046178848374,0.6500953821151626,0.0949046178848374,-0.0949046178848374,yes,0.0949046178848374,0.0,0.255,True,post
2026-07-08 10:01:10+00:00,KXBTC15M-26JUL080615-15,61998.34,62008.48,0.405,13.8,0.359381,0.0,2026-07-08 09:56:04.849686+00:00,0.32353511928757317,0.15,0.49980118177762417,0.5001988182223758,0.09480118177762414,-0.0948011817776242,yes,0.09480118177762414,0.0,0.405,True,post
2026-07-07 01:56:50+00:00,KXBTC15M-26JUL062200-00,63897.06,63897.01,0.655,3.2,0.450922,0.0,2026-07-07 01:46:41.562980+00:00,0.49313391071500345,0.15,0.5604076638035318,0.4395923361964682,-0.09459233619646823,0.09459233619646823,no,0.09459233619646823,1.0,0.345,True,post
2026-07-02 01:46:59+00:00,KXBTC15M-26JUL012200-00,60173.0,60137.47,0.825,13.0,0.493752,0.0,2026-07-02 01:31:47.152848+00:00,1.1896238569256228,0.15,0.7307172090676646,0.2692827909323354,-0.09428279093233538,0.09428279093233538,no,0.09428279093233538,1.0,0.17500000000000004,True,post
2026-07-04 21:34:43+00:00,KXBTC15M-26JUL041745-45,63350.29,63382.63,0.225,10.3,0.24783,0.0,2026-07-04 20:03:16.448425+00:00,0.6857069415355757,0.15,0.31916684258107286,0.6808331574189271,0.09416684258107286,-0.09416684258107288,yes,0.09416684258107286,0.0,0.225,True,post
2026-07-05 13:27:15+00:00,KXBTC15M-26JUL050930-30,62681.52,62691.6,0.285,2.8,0.207088,0.0,2026-07-05 13:22:10.741845+00:00,1.2291664874351471,0.15,0.3791390619998338,0.6208609380001662,0.09413906199983385,-0.0941390619998339,yes,0.09413906199983385,0.0,0.285,True,post
2026-06-01 20:42:58+00:00,KXBTC15M-26JUN011645-45,71496.14,71511.91,0.265,2.0,0.297812,1.0,2026-06-01 20:37:54.605571+00:00,1.443033957065579,0.15,0.35904985859078586,0.6409501414092141,0.09404985859078585,-0.09404985859078585,yes,0.09404985859078585,1.0,0.265,False,pre
2026-07-06 11:48:29+00:00,KXBTC15M-26JUL060800-00,62889.19,62887.92,0.475,11.5,0.182661,0.0,2026-07-06 11:38:20.289212+00:00,2.046184216839404,0.15,0.5689240396828747,0.43107596031712525,0.09392403968287477,-0.09392403968287477,yes,0.09392403968287477,0.0,0.475,True,post
2026-07-09 15:05:42+00:00,KXBTC15M-26JUL091115-15,62881.19,62965.85,0.225,9.3,0.683979,1.0,2026-07-09 14:55:30.207289+00:00,0.6101462610506044,0.15,0.3186263687522406,0.6813736312477594,0.09362636875224059,-0.09362636875224062,yes,0.09362636875224059,1.0,0.225,True,post
2026-07-07 16:49:01+00:00,KXBTC15M-26JUL071300-00,63976.62,64003.69,0.375,11.0,0.61594,0.0,2026-07-07 16:38:53.882125+00:00,0.6592706961298334,0.15,0.4686084318276975,0.5313915681723025,0.09360843182769751,-0.09360843182769751,yes,0.09360843182769751,0.0,0.375,True,post
2026-06-02 18:34:55+00:00,KXBTC15M-26JUN021445-45,67215.67,67244.09,0.325,10.1,0.379552,0.0,2026-06-02 18:24:50.743886+00:00,0.6167228396784512,0.15,0.41844690916384086,0.5815530908361591,0.09344690916384085,-0.09344690916384091,yes,0.09344690916384085,0.0,0.325,True,pre
2026-07-07 20:22:22+00:00,KXBTC15M-26JUL071630-30,63706.56,63726.06,0.355,7.6,0.415499,0.0,2026-07-07 20:17:19.023078+00:00,0.7504356071297498,0.15,0.4477677577514205,0.5522322422485795,0.09276775775142054,-0.09276775775142054,yes,0.09276775775142054,0.0,0.355,True,post
2026-07-08 01:02:20+00:00,KXBTC15M-26JUL072115-15,63532.7,63577.77,0.255,12.7,0.353737,1.0,2026-07-08 00:57:12.306527+00:00,0.5222669305334556,0.15,0.3475034313407427,0.6524965686592573,0.09250343134074268,-0.09250343134074268,yes,0.09250343134074268,1.0,0.255,True,post
2026-07-02 15:19:45+00:00,KXBTC15M-26JUL021130-30,61452.25,61526.19,0.315,10.3,0.973942,1.0,2026-07-02 15:09:33.957563+00:00,0.601850423527386,0.15,0.40749550898679865,0.5925044910132014,0.09249550898679865,-0.0924955089867987,yes,0.09249550898679865,1.0,0.315,False,post
2026-07-04 01:46:53+00:00,KXBTC15M-26JUL032200-00,62382.11,62391.38,0.415,13.1,0.389491,1.0,2026-07-04 01:31:37.800042+00:00,0.39432492670793956,0.15,0.5074014681281959,0.49259853187180414,0.09240146812819588,-0.09240146812819583,yes,0.09240146812819588,1.0,0.415,False,post
2026-07-05 17:41:48+00:00,KXBTC15M-26JUL051345-45,62630.95,62641.13,0.315,3.2,0.235481,0.0,2026-07-05 17:36:42.956396+00:00,0.7681047419918379,0.15,0.4072865183733283,0.5927134816266717,0.0922865183733283,-0.09228651837332835,yes,0.0922865183733283,0.0,0.315,True,post
2026-07-05 22:37:07+00:00,KXBTC15M-26JUL051845-45,63597.42,63631.2,0.345,7.9,0.633048,0.0,2026-07-05 22:32:01.652043+00:00,1.6469328606022862,0.15,0.4372495395350886,0.5627504604649114,0.09224953953508863,-0.09224953953508863,yes,0.09224953953508863,0.0,0.345,True,post
2026-07-06 21:27:38+00:00,KXBTC15M-26JUL061730-30,64195.17,64288.96,0.039,2.4,0.81584,0.0,2026-07-06 21:22:33.683008+00:00,1.7096067384324305,0.15,0.13113394709103937,0.8688660529089607,0.09213394709103936,-0.09213394709103928,yes,0.09213394709103936,0.0,0.039,True,post
2026-07-08 00:21:37+00:00,KXBTC15M-26JUL072030-30,63447.6,63469.28,0.515,8.4,0.298488,1.0,2026-07-08 00:16:33.275798+00:00,0.09220879556544256,0.09220879556544256,0.4230497303591829,0.5769502696408171,-0.0919502696408171,0.0919502696408171,no,0.0919502696408171,0.0,0.485,True,post
2026-07-03 17:24:36+00:00,KXBTC15M-26JUL031330-30,62138.85,62171.85,0.215,5.4,0.33194,0.0,2026-07-03 17:19:33.684575+00:00,0.6968286184456662,0.15,0.30652349587450534,0.6934765041254947,0.09152349587450534,-0.09152349587450537,yes,0.09152349587450534,0.0,0.215,True,post
2026-07-09 16:35:21+00:00,KXBTC15M-26JUL091245-45,62649.34,62646.91,0.475,9.6,0.544986,1.0,2026-07-09 16:25:12.768684+00:00,0.5011340685736468,0.15,0.5661786431214356,0.4338213568785644,0.09117864312143564,-0.09117864312143564,yes,0.09117864312143564,1.0,0.475,False,post
2026-05-27 10:55:54+00:00,KXBTC15M-26MAY270700-00,75802.56,75793.91,0.815,4.1,0.177983,1.0,2026-05-27 10:50:51.403153+00:00,2.3306030801910165,0.15,0.7239152793208419,0.2760847206791581,-0.09108472067915807,0.09108472067915807,no,0.09108472067915807,0.0,0.18500000000000005,True,pre
2026-06-02 13:08:04+00:00,KXBTC15M-26JUN020915-15,68955.43,68975.68,0.38,6.9,0.546899,0.0,2026-06-02 13:03:01.993204+00:00,0.3732660413027645,0.15,0.47101145321195204,0.528988546788048,0.09101145321195203,-0.09101145321195203,yes,0.09101145321195203,0.0,0.38,True,pre
2026-06-02 03:20:26+00:00,KXBTC15M-26JUN012330-30,70792.53,70812.6,0.39,9.6,0.513296,1.0,2026-06-02 03:10:20.442342+00:00,0.7897454480676303,0.15,0.4806260303767423,0.5193739696232578,0.09062603037674227,-0.09062603037674222,yes,0.09062603037674227,1.0,0.39,False,pre
2026-05-27 11:36:20+00:00,KXBTC15M-26MAY270745-45,75728.74,75832.27,0.088,8.7,0.43523,0.0,2026-05-27 11:21:10.777929+00:00,2.232896061050731,0.15,0.1786102021784266,0.8213897978215734,0.09061020217842661,-0.09061020217842664,yes,0.09061020217842661,0.0,0.088,True,pre
2026-07-06 19:35:42+00:00,KXBTC15M-26JUL061545-45,63763.36,63802.45,0.245,9.3,0.33253,1.0,2026-07-06 19:20:28.049774+00:00,0.45308613862037406,0.15,0.33557507169690937,0.6644249283030906,0.09057507169690937,-0.09057507169690937,yes,0.09057507169690937,1.0,0.245,True,post
2026-06-02 11:01:42+00:00,KXBTC15M-26JUN020715-15,69533.43,69570.46,0.345,13.3,0.467534,0.0,2026-06-02 10:46:31.655712+00:00,1.7261548679296634,0.15,0.4345169638305457,0.5654830361694543,0.08951696383054575,-0.08951696383054575,yes,0.08951696383054575,0.0,0.345,True,pre
2026-05-27 15:08:35+00:00,KXBTC15M-26MAY271115-15,74905.14,74932.34,0.545,6.4,0.400389,1.0,2026-05-27 15:03:32.655115+00:00,0.6568043429733472,0.15,0.4562614927653546,0.5437385072346455,-0.08873850723464544,0.08873850723464549,no,0.08873850723464549,0.0,0.45499999999999996,True,pre
2026-05-26 11:22:20+00:00,KXBTC15M-26MAY260730-30,77168.78,77197.17,0.295,7.7,0.284758,0.0,2026-05-26 11:17:17.625262+00:00,1.011374501895313,0.15,0.3837095254243506,0.6162904745756494,0.08870952542435062,-0.08870952542435062,yes,0.08870952542435062,0.0,0.295,False,pre
2026-07-09 03:09:13+00:00,KXBTC15M-26JUL082315-15,61743.64,61743.03,0.475,5.8,0.354984,1.0,2026-07-09 03:04:09.666962+00:00,0.5452301169963314,0.15,0.5629205584494222,0.43707944155057776,0.08792055844942226,-0.08792055844942226,yes,0.08792055844942226,1.0,0.475,False,post
2026-07-06 12:34:10+00:00,KXBTC15M-26JUL060845-45,62072.68,62022.35,0.685,10.8,0.600798,0.0,2026-07-06 12:24:02.970512+00:00,-0.3895388063629605,-0.15,0.597209345591396,0.40279065440860395,-0.08779065440860401,0.08779065440860401,no,0.08779065440860401,1.0,0.31499999999999995,True,post
2026-07-03 00:37:41+00:00,KXBTC15M-26JUL022045-45,61213.31,61241.48,0.245,7.3,0.273422,1.0,2026-07-03 00:32:36.612815+00:00,0.9502197180451393,0.15,0.33269326613438727,0.6673067338656127,0.08769326613438727,-0.08769326613438733,yes,0.08769326613438727,1.0,0.245,False,post
2026-07-04 00:35:43+00:00,KXBTC15M-26JUL032045-45,62701.79,62712.66,0.405,9.3,0.381039,0.0,2026-07-04 00:25:34.444156+00:00,1.0958663882714292,0.15,0.4926770809603077,0.5073229190396923,0.08767708096030769,-0.08767708096030769,yes,0.08767708096030769,0.0,0.405,False,post
2026-07-04 12:17:21+00:00,KXBTC15M-26JUL040830-30,62514.0,62512.75,0.485,12.6,0.124858,1.0,2026-07-04 12:02:08.892371+00:00,1.7862517040303443,0.15,0.5724866999955086,0.4275133000044914,0.08748669999550862,-0.08748669999550862,yes,0.08748669999550862,1.0,0.485,False,post
2026-07-02 18:37:56+00:00,KXBTC15M-26JUL021445-45,61720.98,61783.73,0.135,7.1,0.397794,0.0,2026-07-02 18:32:48.315565+00:00,0.6482193012784327,0.15,0.22212361001705044,0.7778763899829495,0.08712361001705043,-0.08712361001705049,yes,0.08712361001705043,0.0,0.135,True,post
2026-07-04 13:03:03+00:00,KXBTC15M-26JUL040915-15,62585.4,62617.64,0.215,11.9,0.207772,0.0,2026-07-04 12:57:54.718501+00:00,2.507173313171685,0.15,0.3019954423829304,0.6980045576170696,0.08699544238293042,-0.08699544238293044,yes,0.08699544238293042,0.0,0.215,True,post
2026-07-10 10:33:27+00:00,KXBTC15M-26JUL100645-45,64428.37,64369.4,0.595,11.6,0.22062,1.0,2026-07-10 10:33:26.997001+00:00,1.160828770051019,0.15,0.6817554686680366,0.3182445313319634,0.08675546866803663,-0.08675546866803663,yes,0.08675546866803663,1.0,0.595,False,post
2026-07-06 18:55:00+00:00,KXBTC15M-26JUL061500-00,63723.53,63753.05,0.295,5.0,0.433036,0.0,2026-07-06 18:49:56.790247+00:00,0.27273178300050466,0.15,0.3815783863071426,0.6184216136928574,0.0865783863071426,-0.08657838630714265,yes,0.0865783863071426,0.0,0.295,True,post
2026-07-07 09:54:33+00:00,KXBTC15M-26JUL070600-00,63219.08,63232.6,0.295,5.4,0.191407,0.0,2026-07-07 09:49:29.570895+00:00,1.3109291720994962,0.15,0.3811777819639464,0.6188222180360536,0.08617778196394643,-0.08617778196394643,yes,0.08617778196394643,0.0,0.295,False,post
2026-07-08 01:17:34+00:00,KXBTC15M-26JUL072130-30,63527.58,63595.89,0.185,12.4,0.373738,0.0,2026-07-08 01:12:27.243844+00:00,0.4431017535520789,0.15,0.2710203574041047,0.7289796425958953,0.08602035740410469,-0.08602035740410463,yes,0.08602035740410469,0.0,0.185,True,post
2026-07-04 18:34:32+00:00,KXBTC15M-26JUL041445-45,63079.58,63114.55,0.305,10.5,0.377647,0.0,2026-07-04 18:24:25.652036+00:00,0.7237124986035205,0.15,0.3907744976274824,0.6092255023725176,0.0857744976274824,-0.08577449762748246,yes,0.0857744976274824,0.0,0.305,False,post
2026-05-26 17:12:11+00:00,KXBTC15M-26MAY261315-15,76421.53,76439.26,0.325,2.8,0.353065,0.0,2026-05-26 17:02:03.160973+00:00,0.3039728923771114,0.15,0.4107326602206019,0.5892673397793982,0.08573266022060189,-0.08573266022060189,yes,0.08573266022060189,0.0,0.325,False,pre
2026-06-02 18:50:04+00:00,KXBTC15M-26JUN021500-00,67173.41,67175.84,0.455,9.9,0.357565,1.0,2026-06-02 18:39:58.281930+00:00,0.594617986433963,0.15,0.5405587776836719,0.4594412223163281,0.08555877768367187,-0.08555877768367182,yes,0.08555877768367187,1.0,0.455,True,pre
2026-07-09 23:47:10+00:00,KXBTC15M-26JUL092000-00,63217.7,63236.77,0.365,12.8,0.307833,0.0,2026-07-09 23:42:04.222550+00:00,1.1767594107848955,0.15,0.45055596171534606,0.5494440382846539,0.08555596171534607,-0.08555596171534607,yes,0.08555596171534607,0.0,0.365,False,post
2026-07-02 13:53:18+00:00,KXBTC15M-26JUL021000-00,61799.36,61913.36,0.205,6.7,0.937091,0.0,2026-07-02 13:48:15.405920+00:00,1.5263953088490405,0.15,0.2904443335287495,0.7095556664712506,0.0854443335287495,-0.08544433352874947,yes,0.0854443335287495,0.0,0.205,True,post
2026-07-06 22:08:19+00:00,KXBTC15M-26JUL061815-15,64279.98,64397.01,0.11,6.7,0.672179,0.0,2026-07-06 22:03:16.647178+00:00,1.369221898313043,0.15,0.19535333226936902,0.804646667730631,0.08535333226936902,-0.08535333226936903,yes,0.08535333226936902,0.0,0.11,True,post
2026-07-02 14:18:42+00:00,KXBTC15M-26JUL021030-30,61895.08,62077.34,0.205,11.3,1.146756,0.0,2026-07-02 14:03:28.971376+00:00,1.421004793968704,0.15,0.2900283281951311,0.709971671804869,0.08502832819513109,-0.08502832819513106,yes,0.08502832819513109,0.0,0.205,True,post
2026-07-03 10:04:39+00:00,KXBTC15M-26JUL030615-15,61647.42,61661.25,0.525,10.3,0.168551,1.0,2026-07-03 09:49:26.832089+00:00,1.8172839574509372,0.15,0.44013271078595756,0.5598672892140424,-0.08486728921404246,0.08486728921404241,no,0.08486728921404241,0.0,0.475,True,post
2026-06-02 00:03:43+00:00,KXBTC15M-26JUN012015-15,71279.89,71334.79,0.23,11.3,0.332031,0.0,2026-06-01 23:53:33.395840+00:00,0.9855044324260438,0.15,0.3145257950063768,0.6854742049936232,0.08452579500637677,-0.0845257950063768,yes,0.08452579500637677,0.0,0.23,True,pre
2026-07-06 16:07:27+00:00,KXBTC15M-26JUL061215-15,63406.0,63474.04,0.345,7.5,1.154278,1.0,2026-07-06 16:02:21.406341+00:00,0.7358964342786946,0.15,0.4295219868104888,0.5704780131895112,0.08452198681048884,-0.08452198681048884,yes,0.08452198681048884,1.0,0.345,False,post
2026-07-09 01:34:47+00:00,KXBTC15M-26JUL082145-45,62219.1,62375.94,0.0935,10.2,0.716656,0.0,2026-07-09 01:22:30.115005+00:00,0.753538319582829,0.15,0.17786600293662413,0.8221339970633759,0.08436600293662413,-0.08436600293662411,yes,0.08436600293662413,0.0,0.0935,True,post
2026-06-01 20:01:21+00:00,KXBTC15M-26JUN011615-15,71470.51,71490.83,0.375,13.6,0.306985,0.0,2026-06-01 19:56:16.478619+00:00,1.7194360185197555,0.15,0.45923404189560224,0.5407659581043978,0.08423404189560224,-0.08423404189560224,yes,0.08423404189560224,0.0,0.375,False,pre
2026-07-06 12:18:58+00:00,KXBTC15M-26JUL060830-30,62023.7,61950.66,0.71,11.0,0.698262,1.0,2026-07-06 12:08:50.285377+00:00,-0.2487507764377157,-0.15,0.6258700571527169,0.37412994284728307,-0.08412994284728303,0.08412994284728303,no,0.08412994284728303,0.0,0.29000000000000004,True,post
2026-07-10 05:17:07+00:00,KXBTC15M-26JUL100130-30,63931.87,63943.33,0.385,12.9,0.223796,0.0,2026-07-10 05:12:00.946274+00:00,0.55622329061518,0.15,0.4689597982847576,0.5310402017152425,0.08395979828475758,-0.08395979828475753,yes,0.08395979828475758,0.0,0.385,False,post
2026-07-08 02:54:05+00:00,KXBTC15M-26JUL072300-00,62885.21,62919.79,0.325,5.9,0.59426,1.0,2026-07-08 02:49:01.362309+00:00,0.1397555013002929,0.1397555013002929,0.40881120416312217,0.5911887958368778,0.08381120416312215,-0.08381120416312227,yes,0.08381120416312215,1.0,0.325,False,post
2026-06-02 15:09:20+00:00,KXBTC15M-26JUN021115-15,67883.62,67876.14,0.495,5.7,0.685636,0.0,2026-06-02 15:04:18.093942+00:00,0.20720948586196702,0.15,0.5787920435487665,0.42120795645123355,0.08379204354876646,-0.08379204354876646,yes,0.08379204354876646,0.0,0.495,True,pre
2026-05-27 06:48:21+00:00,KXBTC15M-26MAY270300-00,75738.37,75698.77,0.68,11.6,0.118638,1.0,2026-05-27 06:33:12.369262+00:00,2.09104540130682,0.15,0.7634014938359219,0.23659850616407807,0.08340149383592188,-0.08340149383592188,yes,0.08340149383592188,1.0,0.68,False,pre
2026-07-10 14:06:27+00:00,KXBTC15M-26JUL101015-15,64324.52,64456.36,0.135,8.5,0.708029,0.0,2026-07-10 14:01:23.666869+00:00,0.26681605445325746,0.15,0.2178773293599724,0.7821226706400276,0.08287732935997238,-0.08287732935997238,yes,0.08287732935997238,0.0,0.135,True,post
2026-07-05 06:31:55+00:00,KXBTC15M-26JUL050245-45,62730.18,62737.6,0.385,13.1,0.142629,0.0,2026-07-05 06:26:49.942840+00:00,2.0632801706444983,0.15,0.46774758223197077,0.5322524177680292,0.08274758223197076,-0.08274758223197076,yes,0.08274758223197076,0.0,0.385,False,post
2026-07-03 17:54:56+00:00,KXBTC15M-26JUL031400-00,62142.63,62187.23,0.115,5.1,0.301402,0.0,2026-07-03 17:49:54.510254+00:00,0.7511343250877519,0.15,0.19752971848746204,0.802470281512538,0.08252971848746203,-0.08252971848746204,yes,0.08252971848746203,0.0,0.115,True,post
2026-07-07 20:07:09+00:00,KXBTC15M-26JUL071615-15,63723.0,63767.16,0.275,7.8,0.43844,0.0,2026-07-07 20:02:07.338983+00:00,0.623450959069631,0.15,0.35745389257238314,0.6425461074276169,0.08245389257238311,-0.08245389257238311,yes,0.08245389257238311,0.0,0.275,True,post
2026-07-10 07:19:46+00:00,KXBTC15M-26JUL100330-30,63873.95,63877.49,0.615,10.2,0.184336,1.0,2026-07-10 07:09:38.111746+00:00,0.6375646582621703,0.15,0.5325783517051359,0.4674216482948641,-0.08242164829486409,0.08242164829486409,no,0.08242164829486409,0.0,0.385,True,post
2026-07-02 17:01:24+00:00,KXBTC15M-26JUL021315-15,61604.58,61623.73,0.425,13.6,0.728093,1.0,2026-07-02 16:46:10.979761+00:00,0.3862966680231934,0.15,0.5074016030602326,0.49259839693976737,0.08240160306023264,-0.08240160306023259,yes,0.08240160306023264,1.0,0.425,False,post
2026-07-09 13:49:26+00:00,KXBTC15M-26JUL091000-00,62789.35,62864.86,0.27,10.6,0.634715,1.0,2026-07-09 13:49:25.995960+00:00,0.6940281336455827,0.15,0.3523847640995502,0.6476152359004498,0.0823847640995502,-0.0823847640995502,yes,0.0823847640995502,1.0,0.27,False,post
2026-07-10 02:24:42+00:00,KXBTC15M-26JUL092230-30,63787.59,63807.62,0.395,5.3,0.672545,0.0,2026-07-10 02:19:37.748133+00:00,0.9038393233056521,0.15,0.47711257901029885,0.5228874209897012,0.08211257901029884,-0.08211257901029878,yes,0.08211257901029884,0.0,0.395,True,post
2026-07-07 00:10:11+00:00,KXBTC15M-26JUL062015-15,63988.95,64003.5,0.355,4.8,0.321143,0.0,2026-07-07 00:05:08.764080+00:00,0.5193860850107915,0.15,0.4370500677298019,0.5629499322701981,0.08205006772980195,-0.08205006772980195,yes,0.08205006772980195,0.0,0.355,False,post
2026-07-02 04:19:20+00:00,KXBTC15M-26JUL020030-30,60833.44,60883.17,0.305,10.7,0.52289,0.0,2026-07-02 04:09:12.229663+00:00,1.4520518580873438,0.15,0.38680096661035107,0.6131990333896489,0.08180096661035108,-0.08180096661035119,yes,0.08180096661035108,0.0,0.305,True,post
2026-05-27 07:03:30+00:00,KXBTC15M-26MAY270315-15,75751.37,75726.3,0.65,11.5,0.090797,0.0,2026-05-27 06:48:21.579212+00:00,2.142454343450141,0.15,0.7317674415481914,0.2682325584518086,0.08176744154819138,-0.08176744154819138,yes,0.08176744154819138,0.0,0.65,False,pre
2026-07-03 09:34:12+00:00,KXBTC15M-26JUL030545-45,61599.89,61619.7,0.305,10.8,0.204433,0.0,2026-07-03 09:24:03.797391+00:00,1.816437450834486,0.15,0.38666869599694864,0.6133313040030514,0.08166869599694865,-0.0816686959969487,yes,0.08166869599694865,0.0,0.305,True,post
2026-07-07 20:47:45+00:00,KXBTC15M-26JUL071700-00,63617.43,63641.91,0.365,12.2,0.371952,1.0,2026-07-07 20:42:40.762087+00:00,0.5404814585204529,0.15,0.44646163181704973,0.5535383681829502,0.08146163181704974,-0.0814616318170498,yes,0.08146163181704974,1.0,0.365,True,post
2026-07-10 04:16:23+00:00,KXBTC15M-26JUL100030-30,63912.53,63936.93,0.335,13.6,0.266498,0.0,2026-07-10 04:06:13.962729+00:00,0.6062653586585091,0.15,0.41635419819814895,0.5836458018018511,0.08135419819814893,-0.08135419819814893,yes,0.08135419819814893,0.0,0.335,True,post
2026-07-03 19:31:04+00:00,KXBTC15M-26JUL031545-45,62148.53,62174.21,0.305,13.9,0.230221,1.0,2026-07-03 19:20:58.562448+00:00,1.0236270787486317,0.15,0.3862510030688701,0.6137489969311298,0.08125100306887012,-0.08125100306887023,yes,0.08125100306887012,1.0,0.305,True,post
2026-07-06 20:51:52+00:00,KXBTC15M-26JUL061700-00,63763.33,63790.61,0.285,8.1,0.276734,1.0,2026-07-06 20:46:49.403408+00:00,0.5459658783952542,0.15,0.3662361523767684,0.6337638476232317,0.0812361523767684,-0.0812361523767684,yes,0.0812361523767684,1.0,0.285,False,post
2026-05-27 11:46:26+00:00,KXBTC15M-26MAY270800-00,75689.21,75712.93,0.395,13.6,0.40851,0.0,2026-05-27 11:41:22.609788+00:00,2.0101484767902695,0.15,0.4760775742621102,0.5239224257378898,0.08107757426211021,-0.08107757426211015,yes,0.08107757426211021,0.0,0.395,False,pre
2026-05-27 12:36:57+00:00,KXBTC15M-26MAY270845-45,75791.44,75824.31,0.385,8.0,0.643998,0.0,2026-05-27 12:31:55.375307+00:00,1.3250575086290184,0.15,0.4660412912201778,0.5339587087798222,0.08104129122017778,-0.08104129122017778,yes,0.08104129122017778,0.0,0.385,False,pre
2026-07-03 16:49:10+00:00,KXBTC15M-26JUL031300-00,61983.14,62017.36,0.315,10.8,0.371593,1.0,2026-07-03 16:39:02.477684+00:00,0.5525801808061728,0.15,0.3960223071701708,0.6039776928298293,0.08102230717017078,-0.08102230717017078,yes,0.08102230717017078,1.0,0.315,True,post
2026-07-09 02:48:54+00:00,KXBTC15M-26JUL082300-00,61747.99,61802.69,0.265,11.1,0.438242,0.0,2026-07-09 02:38:41.038948+00:00,0.16169396086266546,0.15,0.3460058963057534,0.6539941036942466,0.08100589630575339,-0.08100589630575339,yes,0.08100589630575339,0.0,0.265,True,post
2026-07-02 15:09:33+00:00,KXBTC15M-26JUL021115-15,61445.19,61610.36,0.08,5.4,0.989855,0.0,2026-07-02 15:04:30.225298+00:00,0.5343142624678663,0.15,0.16079528026647172,0.8392047197335283,0.08079528026647172,-0.08079528026647176,yes,0.08079528026647172,0.0,0.08,True,post
2026-06-02 06:54:05+00:00,KXBTC15M-26JUN020300-00,70090.27,70182.11,0.0995,5.9,0.48413,0.0,2026-06-02 06:49:03.149448+00:00,0.40669604837291917,0.15,0.18029011487213709,0.8197098851278629,0.08079011487213708,-0.08079011487213705,yes,0.08079011487213708,0.0,0.0995,True,pre
2026-07-08 13:04:41+00:00,KXBTC15M-26JUL080915-15,61880.14,61910.33,0.345,10.3,0.418459,0.0,2026-07-08 12:54:29.226569+00:00,0.3313037747319156,0.15,0.42545322062757246,0.5745467793724275,0.08045322062757249,-0.08045322062757254,yes,0.08045322062757249,0.0,0.345,True,post
2026-05-26 06:49:26+00:00,KXBTC15M-26MAY260300-00,76858.66,76901.21,0.235,10.6,0.241345,0.0,2026-05-26 06:34:15.634567+00:00,1.9699481441150524,0.15,0.31530005176246767,0.6846999482375323,0.08030005176246768,-0.08030005176246768,yes,0.08030005176246768,0.0,0.235,False,pre
2026-06-01 19:46:10+00:00,KXBTC15M-26JUN011600-00,71479.26,71522.53,0.315,13.8,0.35507,0.0,2026-06-01 19:41:06.983533+00:00,1.5602575980462077,0.15,0.3949672009078504,0.6050327990921496,0.07996720090785042,-0.07996720090785048,yes,0.07996720090785042,0.0,0.315,True,pre
2026-07-02 14:39:03+00:00,KXBTC15M-26JUL021045-45,61563.17,61636.45,0.325,5.9,1.142196,0.0,2026-07-02 14:34:00.224990+00:00,0.6735895116512622,0.15,0.40482650111298,0.59517349888702,0.07982650111298001,-0.07982650111298006,yes,0.07982650111298001,0.0,0.325,True,post
2026-07-05 08:02:07+00:00,KXBTC15M-26JUL050415-15,63013.14,62977.28,0.635,12.9,0.168537,0.0,2026-07-05 07:57:01.918205+00:00,2.892862610475952,0.15,0.7147222286054729,0.28527777139452715,0.07972222860547284,-0.07972222860547284,yes,0.07972222860547284,0.0,0.635,True,post
2026-07-02 02:02:14+00:00,KXBTC15M-26JUL012215-15,60067.34,60104.58,0.355,12.8,0.513298,0.0,2026-07-02 01:57:07.246341+00:00,1.2387377384970795,0.15,0.43462227959929367,0.5653777204007063,0.07962227959929369,-0.07962227959929369,yes,0.07962227959929369,0.0,0.355,True,post
2026-06-02 01:54:29+00:00,KXBTC15M-26JUN012200-00,70787.04,70876.67,0.0725,5.5,0.449332,0.0,2026-06-02 01:49:27.283668+00:00,1.0859520687774467,0.15,0.1516914922481506,0.8483085077518494,0.0791914922481506,-0.07919149224815059,yes,0.0791914922481506,0.0,0.0725,True,pre
2026-06-02 07:49:38+00:00,KXBTC15M-26JUN020400-00,70038.79,70114.9,0.265,10.4,0.542507,0.0,2026-06-02 07:39:30.759835+00:00,0.7689365349074968,0.15,0.34396499071223186,0.6560350092877681,0.07896499071223184,-0.07896499071223184,yes,0.07896499071223184,0.0,0.265,True,pre
2026-07-04 04:34:38+00:00,KXBTC15M-26JUL040045-45,62659.53,62624.65,0.595,10.4,0.223305,0.0,2026-07-04 04:24:30.402729+00:00,1.2920433691534627,0.15,0.6738210587055279,0.3261789412944721,0.07882105870552791,-0.07882105870552791,yes,0.07882105870552791,0.0,0.595,False,post
2026-07-10 01:33:53+00:00,KXBTC15M-26JUL092145-45,63289.75,63340.81,0.285,11.1,0.43239,1.0,2026-07-10 01:18:40.449011+00:00,1.139540773248579,0.15,0.36379180166507397,0.636208198334926,0.07879180166507399,-0.07879180166507405,yes,0.07879180166507399,1.0,0.285,False,post
2026-07-02 02:53:07+00:00,KXBTC15M-26JUL012300-00,60306.3,60337.56,0.315,6.9,0.422615,1.0,2026-07-02 02:48:03.155474+00:00,1.1463016155578094,0.15,0.3937522921951351,0.6062477078048649,0.07875229219513508,-0.07875229219513513,yes,0.07875229219513508,1.0,0.315,False,post
2026-07-03 21:36:05+00:00,KXBTC15M-26JUL031745-45,62522.18,62570.98,0.27,8.9,0.430999,0.0,2026-07-03 21:31:02.998458+00:00,0.7243342408076263,0.15,0.34874504425656144,0.6512549557434386,0.07874504425656143,-0.07874504425656137,yes,0.07874504425656143,0.0,0.27,True,post
2026-06-02 02:39:57+00:00,KXBTC15M-26JUN012245-45,70645.76,70690.19,0.305,5.0,0.564627,0.0,2026-06-02 02:34:55.264372+00:00,0.7024189512815369,0.15,0.3837396319104002,0.6162603680895997,0.07873963191040023,-0.07873963191040034,yes,0.07873963191040023,0.0,0.305,True,pre
2026-07-02 20:40:00+00:00,KXBTC15M-26JUL021645-45,61291.61,61338.14,0.165,5.0,0.362467,0.0,2026-07-02 20:34:55.960377+00:00,0.4175473792827271,0.15,0.2434062199547421,0.7565937800452579,0.07840621995474209,-0.07840621995474206,yes,0.07840621995474209,0.0,0.165,False,post
2026-06-02 17:54:33+00:00,KXBTC15M-26JUN021400-00,67369.87,67387.22,0.375,5.4,0.391082,1.0,2026-06-02 17:49:31.314387+00:00,0.6339500437643959,0.15,0.4533859203686415,0.5466140796313586,0.0783859203686415,-0.07838592036864145,yes,0.0783859203686415,1.0,0.375,False,pre
2026-07-10 13:35:57+00:00,KXBTC15M-26JUL100945-45,64246.15,64123.08,0.765,9.0,0.351128,1.0,2026-07-10 13:20:45.430451+00:00,0.6722421381894682,0.15,0.8433790802736914,0.15662091972630865,0.07837908027369134,-0.07837908027369134,yes,0.07837908027369134,1.0,0.765,False,post
2026-07-08 13:25:01+00:00,KXBTC15M-26JUL080930-30,61807.87,61870.31,0.074,5.0,0.374158,0.0,2026-07-08 13:19:57.040127+00:00,0.2913820947087122,0.15,0.15211914869929954,0.8478808513007005,0.07811914869929955,-0.07811914869929959,yes,0.07811914869929955,0.0,0.074,True,post
2026-07-10 03:05:17+00:00,KXBTC15M-26JUL092315-15,63861.4,63922.95,0.235,9.7,0.428895,0.0,2026-07-10 02:50:03.348498+00:00,0.6065268785835237,0.15,0.31301962687268636,0.6869803731273136,0.07801962687268638,-0.07801962687268638,yes,0.07801962687268638,0.0,0.235,True,post
2026-07-10 16:23:33+00:00,KXBTC15M-26JUL101230-30,63979.23,64008.56,0.345,6.4,0.478695,0.0,2026-07-10 16:18:29.356350+00:00,0.4188740112102778,0.15,0.42300874028794533,0.5769912597120547,0.07800874028794536,-0.07800874028794536,yes,0.07800874028794536,0.0,0.345,True,post
2026-05-27 09:19:55+00:00,KXBTC15M-26MAY270530-30,75619.27,75649.57,0.31,10.1,0.258348,1.0,2026-05-27 09:09:47.772624+00:00,2.4181264441291903,0.15,0.38792740921798907,0.6120725907820109,0.07792740921798907,-0.07792740921798902,yes,0.07792740921798907,1.0,0.31,False,pre
2026-07-01 19:42:20+00:00,KXBTC15M-26JUL011545-45,60109.11,60100.72,0.775,2.7,0.329074,1.0,2026-07-01 19:32:14.696304+00:00,0.6534039671922283,0.15,0.6971519216591721,0.30284807834082794,-0.07784807834082796,0.07784807834082796,no,0.07784807834082796,0.0,0.22499999999999998,True,post
2026-07-06 18:19:32+00:00,KXBTC15M-26JUL061430-30,63602.72,63652.09,0.31,10.5,0.486658,1.0,2026-07-06 18:19:31.998537+00:00,0.3216469246610727,0.15,0.3873270014431617,0.6126729985568383,0.07732700144316168,-0.07732700144316162,yes,0.07732700144316168,1.0,0.31,True,post
2026-07-08 04:50:54+00:00,KXBTC15M-26JUL080100-00,62647.45,62692.69,0.205,9.1,0.291667,1.0,2026-07-08 04:40:44.148040+00:00,0.19694753064600826,0.15,0.28229766655892397,0.717702333441076,0.07729766655892398,-0.077297666558924,yes,0.07729766655892398,1.0,0.205,False,post
2026-07-06 06:39:20+00:00,KXBTC15M-26JUL060245-45,62963.36,62972.96,0.365,5.7,0.198944,1.0,2026-07-06 06:34:16.477099+00:00,0.8686498213920875,0.15,0.4422721974221443,0.5577278025778557,0.0772721974221443,-0.0772721974221443,yes,0.0772721974221443,1.0,0.365,False,post
2026-07-10 00:22:47+00:00,KXBTC15M-26JUL092030-30,63117.2,63127.46,0.405,7.2,0.305969,0.0,2026-07-10 00:17:41.718411+00:00,0.8340157980289993,0.15,0.48226240624086647,0.5177375937591335,0.07726240624086644,-0.07726240624086644,yes,0.07726240624086644,0.0,0.405,True,post
2026-07-04 09:19:23+00:00,KXBTC15M-26JUL040530-30,62447.13,62464.87,0.345,10.6,0.227317,0.0,2026-07-04 09:09:12.781576+00:00,1.3774641720767047,0.15,0.42218270455788987,0.5778172954421101,0.07718270455788989,-0.07718270455788989,yes,0.07718270455788989,0.0,0.345,False,post
2026-07-05 06:16:42+00:00,KXBTC15M-26JUL050230-30,62686.31,62660.17,0.555,13.3,0.15571,1.0,2026-07-05 05:20:52.396343+00:00,1.8333343400728168,0.15,0.6318167540855688,0.3681832459144312,0.07681675408556876,-0.07681675408556876,yes,0.07681675408556876,1.0,0.555,False,post
2026-07-05 15:19:05+00:00,KXBTC15M-26JUL051130-30,62755.58,62777.75,0.375,10.9,0.365376,0.0,2026-07-05 15:08:55.424970+00:00,1.1732933697867378,0.15,0.45180609620223383,0.5481939037977661,0.07680609620223383,-0.07680609620223389,yes,0.07680609620223383,0.0,0.375,True,post
2026-07-09 06:42:39+00:00,KXBTC15M-26JUL090245-45,62734.93,62750.64,0.315,2.3,0.34391,1.0,2026-07-09 06:37:36.631958+00:00,1.3870950854678799,0.15,0.3917966163915302,0.6082033836084698,0.07679661639153018,-0.07679661639153024,yes,0.07679661639153018,1.0,0.315,False,post
2026-06-02 19:05:12+00:00,KXBTC15M-26JUN021515-15,67167.64,67243.58,0.245,9.8,0.516251,0.0,2026-06-02 18:55:06.796270+00:00,0.8950615368015569,0.15,0.3217849181641414,0.6782150818358585,0.0767849181641414,-0.07678491816414146,yes,0.0767849181641414,0.0,0.245,True,pre
2026-07-02 11:46:25+00:00,KXBTC15M-26JUL020800-00,61226.02,61242.89,0.385,13.6,0.282779,1.0,2026-07-02 11:41:19.613974+00:00,1.067204124293448,0.15,0.4614118035194096,0.5385881964805904,0.07641180351940957,-0.07641180351940957,yes,0.07641180351940957,1.0,0.385,True,post
2026-06-02 01:19:08+00:00,KXBTC15M-26JUN012130-30,71217.04,71272.39,0.255,10.9,0.350713,0.0,2026-06-02 01:09:02.465229+00:00,1.3643958379181977,0.15,0.3313706862389444,0.6686293137610556,0.07637068623894439,-0.07637068623894439,yes,0.07637068623894439,0.0,0.255,True,pre
2026-07-07 12:47:17+00:00,KXBTC15M-26JUL070900-00,63499.73,63558.34,0.275,12.7,0.425424,0.0,2026-07-07 12:42:11.163220+00:00,1.2991174224941444,0.15,0.35134013415521975,0.6486598658447802,0.07634013415521973,-0.07634013415521979,yes,0.07634013415521973,0.0,0.275,True,post
2026-07-06 23:49:51+00:00,KXBTC15M-26JUL062000-00,64038.22,64038.41,0.635,10.1,0.302989,0.0,2026-07-06 23:34:38.145835+00:00,0.4419538681354376,0.15,0.558736338148084,0.441263661851916,-0.07626366185191602,0.07626366185191602,no,0.07626366185191602,1.0,0.365,True,post
2026-06-01 23:48:30+00:00,KXBTC15M-26JUN012000-00,71389.79,71426.05,0.365,11.5,0.456877,0.0,2026-06-01 23:38:24.571424+00:00,1.1617337850768932,0.15,0.4411953109150108,0.5588046890849891,0.0761953109150108,-0.07619531091501086,yes,0.0761953109150108,0.0,0.365,True,pre
2026-07-08 10:36:44+00:00,KXBTC15M-26JUL080645-45,62086.05,62048.69,0.595,8.3,0.305994,1.0,2026-07-08 10:31:40.476471+00:00,0.8328519806586883,0.15,0.6711913001587169,0.32880869984128314,0.07619130015871689,-0.07619130015871689,yes,0.07619130015871689,1.0,0.595,False,post
2026-07-07 02:42:33+00:00,KXBTC15M-26JUL062245-45,63512.93,63554.71,0.125,2.4,0.392949,0.0,2026-07-07 02:37:30.176248+00:00,0.24819098523291702,0.15,0.2009628680363567,0.7990371319636433,0.07596286803635671,-0.07596286803635666,yes,0.07596286803635671,0.0,0.125,False,post
2026-05-27 02:40:35+00:00,KXBTC15M-26MAY262245-45,75609.72,75665.48,0.115,4.4,0.316231,0.0,2026-05-27 02:35:32.022936+00:00,1.761118379752343,0.15,0.19087018879539552,0.8091298112046045,0.07587018879539552,-0.07587018879539553,yes,0.07587018879539552,0.0,0.115,False,pre
2026-07-07 08:18:08+00:00,KXBTC15M-26JUL070430-30,63064.07,63085.09,0.5,11.9,0.205225,0.0,2026-07-07 08:07:56.743456+00:00,0.5638327380910366,0.15,0.4241557485370974,0.5758442514629025,-0.07584425146290258,0.07584425146290252,no,0.07584425146290252,1.0,0.5,True,post
2026-07-06 10:01:53+00:00,KXBTC15M-26JUL060615-15,62685.8,62608.91,0.785,13.1,0.173683,1.0,2026-07-06 09:56:46.622621+00:00,1.6595661007920193,0.15,0.8607729797954442,0.1392270202045558,0.07577297979544417,-0.07577297979544417,yes,0.07577297979544417,1.0,0.785,False,post
2026-05-27 23:16:25+00:00,KXBTC15M-26MAY271930-30,74393.0,74333.93,0.62,13.6,0.283721,0.0,2026-05-27 23:11:21.254263+00:00,0.8754782503601599,0.15,0.6956162853319484,0.3043837146680516,0.07561628533194842,-0.07561628533194842,yes,0.07561628533194842,0.0,0.62,True,pre
2026-06-01 21:38:37+00:00,KXBTC15M-26JUN011745-45,71029.35,71046.18,0.355,6.4,0.25807,0.0,2026-06-01 21:33:35.300018+00:00,0.685498622732262,0.15,0.4305994147987892,0.5694005852012107,0.07559941479878923,-0.07559941479878929,yes,0.07559941479878923,0.0,0.355,True,pre
2026-07-06 12:54:30+00:00,KXBTC15M-26JUL060900-00,61816.26,61751.56,0.765,5.5,0.603637,0.0,2026-07-06 12:39:14.832513+00:00,-1.2206087886244608,-0.15,0.6894176004720318,0.3105823995279682,-0.07558239952796819,0.07558239952796819,no,0.07558239952796819,1.0,0.235,True,post
2026-05-26 16:31:44+00:00,KXBTC15M-26MAY261245-45,76413.04,76430.28,0.425,13.3,0.422069,1.0,2026-05-26 16:26:41.707798+00:00,0.15928671184936638,0.15,0.5005722986768998,0.4994277013231002,0.0755722986768998,-0.07557229867689974,yes,0.0755722986768998,1.0,0.425,False,pre
2026-06-02 03:50:43+00:00,KXBTC15M-26JUN020000-00,70935.4,70884.43,0.545,9.3,0.307804,0.0,2026-06-02 03:25:28.710679+00:00,0.8441401901603571,0.15,0.6204727627447257,0.37952723725527426,0.0754727627447257,-0.0754727627447257,yes,0.0754727627447257,0.0,0.545,False,pre
2026-07-05 16:40:37+00:00,KXBTC15M-26JUL051245-45,62574.66,62608.07,0.155,4.4,0.25645,0.0,2026-07-05 16:35:31.571286+00:00,0.39871251084541615,0.15,0.23041417859746555,0.7695858214025344,0.07541417859746555,-0.07541417859746558,yes,0.07541417859746555,0.0,0.155,False,post
2026-05-27 19:19:19+00:00,KXBTC15M-26MAY271530-30,74878.9,74898.73,0.355,10.7,0.221912,0.0,2026-05-27 19:04:12.584427+00:00,1.2467230780686782,0.15,0.43031177223367617,0.5696882277663238,0.07531177223367619,-0.07531177223367624,yes,0.07531177223367619,0.0,0.355,False,pre
2026-07-03 16:34:00+00:00,KXBTC15M-26JUL031245-45,61947.13,62027.77,0.175,11.0,0.421527,0.0,2026-07-03 16:18:50.406300+00:00,0.6549025006234812,0.15,0.2503107207387704,0.7496892792612295,0.07531072073877043,-0.07531072073877043,yes,0.07531072073877043,0.0,0.175,True,post
2026-07-04 03:23:34+00:00,KXBTC15M-26JUL032330-30,62499.29,62508.4,0.535,6.4,0.166493,0.0,2026-07-04 03:18:29.449532+00:00,1.0868866746348376,0.15,0.45982576840635686,0.5401742315936431,-0.07517423159364317,0.07517423159364311,no,0.07517423159364311,1.0,0.46499999999999997,True,post
2026-07-01 22:34:26+00:00,KXBTC15M-26JUL011845-45,60478.93,60598.39,0.225,10.6,0.782486,0.0,2026-07-01 22:24:19.443198+00:00,0.5989801738884597,0.15,0.3001471831891302,0.6998528168108697,0.07514718318913019,-0.07514718318913027,yes,0.07514718318913019,0.0,0.225,True,post
2026-05-26 16:56:58+00:00,KXBTC15M-26MAY261300-00,76397.73,76446.64,0.0995,3.0,0.317396,0.0,2026-05-26 16:46:53.083181+00:00,0.36631907716761664,0.15,0.17462168407021117,0.8253783159297888,0.07512168407021116,-0.07512168407021114,yes,0.07512168407021116,0.0,0.0995,False,pre
2026-07-05 15:39:26+00:00,KXBTC15M-26JUL051145-45,62752.62,62728.8,0.855,5.6,0.33019,0.0,2026-07-05 15:34:20.566195+00:00,0.8729396976724202,0.15,0.7799237442359632,0.22007625576403678,-0.07507625576403676,0.07507625576403676,no,0.07507625576403676,1.0,0.14500000000000002,True,post
2026-07-08 15:27:11+00:00,KXBTC15M-26JUL081130-30,61516.5,61590.95,0.0795,2.8,0.719573,1.0,2026-07-08 15:22:07.380714+00:00,0.044099986367646664,0.044099986367646664,0.1544921818578771,0.845507818142123,0.07499218185787711,-0.07499218185787704,yes,0.07499218185787711,1.0,0.0795,True,post
2026-05-27 03:46:17+00:00,KXBTC15M-26MAY270000-00,75641.43,75653.41,0.425,13.7,0.285945,0.0,2026-05-27 03:31:08.126102+00:00,1.9377034406388072,0.15,0.49997081203512167,0.5000291879648784,0.07497081203512168,-0.07497081203512157,yes,0.07497081203512168,0.0,0.425,False,pre
2026-07-03 02:09:14+00:00,KXBTC15M-26JUL022215-15,61544.86,61521.83,0.855,5.8,0.319194,0.0,2026-07-03 02:04:10.202284+00:00,1.0801295452826793,0.15,0.7801544355935319,0.21984556440646807,-0.07484556440646806,0.07484556440646806,no,0.07484556440646806,1.0,0.14500000000000002,True,post
2026-07-05 14:07:54+00:00,KXBTC15M-26JUL051015-15,62679.22,62741.31,0.0955,7.1,0.314494,0.0,2026-07-05 14:02:50.572457+00:00,1.1573523636829721,0.15,0.17000701232195603,0.829992987678044,0.07450701232195603,-0.074507012321956,yes,0.07450701232195603,0.0,0.0955,True,post
2026-07-10 12:50:19+00:00,KXBTC15M-26JUL100900-00,64309.23,64333.28,0.355,9.7,0.32423,0.0,2026-07-10 12:40:10.731807+00:00,0.7945387117692198,0.15,0.4294894184276423,0.5705105815723577,0.07448941842764234,-0.07448941842764234,yes,0.07448941842764234,0.0,0.355,True,post
2026-07-06 17:49:00+00:00,KXBTC15M-26JUL061400-00,63643.33,63672.6,0.395,11.0,0.566172,0.0,2026-07-06 17:38:52.832335+00:00,0.2828910832843267,0.15,0.46945616058648515,0.5305438394135149,0.07445616058648513,-0.07445616058648508,yes,0.07445616058648513,0.0,0.395,True,post
2026-07-10 09:42:41+00:00,KXBTC15M-26JUL100545-45,64382.36,64366.53,0.585,2.3,0.272461,1.0,2026-07-10 09:32:33.903105+00:00,1.3598157447261348,0.15,0.6592826059112957,0.3407173940887043,0.07428260591129576,-0.07428260591129576,yes,0.07428260591129576,1.0,0.585,False,post
2026-07-05 23:22:59+00:00,KXBTC15M-26JUL051930-30,63796.31,63871.2,0.155,7.0,0.442516,0.0,2026-07-05 23:22:58.997794+00:00,1.0299139746102157,0.15,0.22927336290531147,0.7707266370946886,0.07427336290531147,-0.07427336290531139,yes,0.07427336290531147,0.0,0.155,True,post
2026-07-09 02:33:36+00:00,KXBTC15M-26JUL082245-45,61866.97,61949.61,0.215,11.4,0.48269,0.0,2026-07-09 02:23:26.625542+00:00,0.1601769650722491,0.15,0.28852671539447156,0.7114732846055285,0.07352671539447156,-0.07352671539447153,yes,0.07352671539447156,0.0,0.215,True,post
2026-05-26 04:25:04+00:00,KXBTC15M-26MAY260030-30,76603.54,76585.7,0.645,4.9,0.128021,1.0,2026-05-26 04:20:02.207236+00:00,1.6779199578723447,0.15,0.7184344612112079,0.2815655387887921,0.07343446121120789,-0.07343446121120789,yes,0.07343446121120789,1.0,0.645,False,pre
2026-07-09 03:49:57+00:00,KXBTC15M-26JUL090000-00,61879.11,61905.93,0.355,10.1,0.361,1.0,2026-07-09 03:39:43.432535+00:00,0.6889635140547276,0.15,0.42839874083782453,0.5716012591621755,0.07339874083782455,-0.0733987408378245,yes,0.07339874083782455,1.0,0.355,False,post
2026-05-27 22:10:50+00:00,KXBTC15M-26MAY271815-15,74404.35,74355.95,0.585,4.2,0.567598,0.0,2026-05-27 22:05:48.793233+00:00,0.9364766012098755,0.15,0.65801005376413,0.34198994623587,0.07301005376413006,-0.07301005376413006,yes,0.07301005376413006,0.0,0.585,True,pre
2026-07-03 19:46:15+00:00,KXBTC15M-26JUL031600-00,62162.5,62187.71,0.365,13.7,0.314114,0.0,2026-07-03 19:41:10.700195+00:00,0.893534142906933,0.15,0.4380055601187964,0.5619944398812036,0.07300556011879639,-0.07300556011879644,yes,0.07300556011879639,0.0,0.365,False,post
2026-07-05 13:01:52+00:00,KXBTC15M-26JUL050915-15,62655.38,62685.11,0.265,13.1,0.19695,1.0,2026-07-05 12:56:46.642138+00:00,1.7172134999416246,0.15,0.3379609975116147,0.6620390024883853,0.07296099751161467,-0.07296099751161467,yes,0.07296099751161467,1.0,0.265,False,post
2026-07-10 03:20:34+00:00,KXBTC15M-26JUL092330-30,63845.41,63885.65,0.305,9.4,0.381071,0.0,2026-07-10 03:10:22.876428+00:00,0.5494016134052284,0.15,0.3779266486478282,0.6220733513521718,0.07292664864782822,-0.07292664864782827,yes,0.07292664864782822,0.0,0.305,True,post
2026-07-10 11:49:28+00:00,KXBTC15M-26JUL100800-00,64410.27,64361.1,0.715,10.5,0.193764,1.0,2026-07-10 11:39:21.524759+00:00,1.1656624651226828,0.15,0.7878126569087573,0.21218734309124265,0.07281265690875738,-0.07281265690875738,yes,0.07281265690875738,1.0,0.715,False,post
2026-07-05 07:26:29+00:00,KXBTC15M-26JUL050330-30,62723.38,62711.05,0.64,3.5,0.134208,0.0,2026-07-05 07:21:27.004215+00:00,1.8125876951979745,0.15,0.7127862600525507,0.28721373994744925,0.07278626005255073,-0.07278626005255073,yes,0.07278626005255073,0.0,0.64,False,post
2026-07-10 09:52:52+00:00,KXBTC15M-26JUL100600-00,64357.36,64388.59,0.265,7.1,0.27279,0.0,2026-07-10 09:47:45.589347+00:00,1.201028245040464,0.15,0.3377110896789265,0.6622889103210735,0.07271108967892648,-0.07271108967892648,yes,0.07271108967892648,0.0,0.265,True,post
2026-07-04 00:20:31+00:00,KXBTC15M-26JUL032030-30,62766.53,62810.97,0.31,9.5,0.437085,0.0,2026-07-04 00:10:21.044639+00:00,1.1609187689243332,0.15,0.38267161251642723,0.6173283874835728,0.07267161251642723,-0.07267161251642718,yes,0.07267161251642723,0.0,0.31,True,post
2026-07-06 00:08:49+00:00,KXBTC15M-26JUL052015-15,63499.37,63576.4,0.145,6.2,0.464605,0.0,2026-07-06 00:03:43.320521+00:00,0.7247420886314093,0.15,0.2176191730372098,0.7823808269627902,0.0726191730372098,-0.07261917303720977,yes,0.0726191730372098,0.0,0.145,True,post
2026-07-02 21:04:09+00:00,KXBTC15M-26JUL021715-15,61492.67,61521.82,0.355,10.8,0.375069,0.0,2026-07-02 20:53:58.355052+00:00,0.6206291266734898,0.15,0.42742443288998017,0.5725755671100199,0.07242443288998018,-0.07242443288998013,yes,0.07242443288998018,0.0,0.355,False,post
2026-07-05 18:32:44+00:00,KXBTC15M-26JUL051445-45,62635.27,62644.4,0.415,12.3,0.212284,1.0,2026-07-05 18:27:36.057302+00:00,0.7640483515707335,0.15,0.4872219592931049,0.5127780407068951,0.07222195929310493,-0.07222195929310482,yes,0.07222195929310493,1.0,0.415,False,post
2026-07-06 09:56:46+00:00,KXBTC15M-26JUL060600-00,62613.27,62634.79,0.125,3.2,0.172192,0.0,2026-07-06 09:51:43.840981+00:00,1.4955964579527745,0.15,0.1970462313255355,0.8029537686744646,0.0720462313255355,-0.07204623132553545,yes,0.0720462313255355,0.0,0.125,False,post
2026-05-27 13:07:16+00:00,KXBTC15M-26MAY270915-15,75487.97,75581.89,0.155,7.7,0.437879,0.0,2026-05-27 13:02:13.995221+00:00,1.1531990622068855,0.15,0.22684970478648575,0.7731502952135143,0.07184970478648575,-0.07184970478648567,yes,0.07184970478648575,0.0,0.155,True,pre
2026-05-26 12:53:15+00:00,KXBTC15M-26MAY260900-00,77002.99,77012.01,0.415,6.7,0.227286,1.0,2026-05-26 12:48:12.567541+00:00,0.8662128170290736,0.15,0.4866737955275422,0.5133262044724578,0.07167379552754222,-0.07167379552754216,yes,0.07167379552754222,1.0,0.415,False,pre
2026-07-08 14:21:01+00:00,KXBTC15M-26JUL081030-30,62043.44,62039.5,0.495,9.0,0.857801,0.0,2026-07-08 14:10:52.056570+00:00,0.7839464925047436,0.15,0.5666654750199415,0.43333452498005853,0.07166547501994147,-0.07166547501994147,yes,0.07166547501994147,0.0,0.495,True,post
2026-07-05 19:03:18+00:00,KXBTC15M-26JUL051515-15,62763.19,62766.02,0.615,11.7,0.234194,1.0,2026-07-05 19:03:17.993895+00:00,1.1487255795265683,0.15,0.5434754447367641,0.4565245552632359,-0.07152455526323587,0.07152455526323587,no,0.07152455526323587,0.0,0.385,True,post
2026-07-05 10:39:44+00:00,KXBTC15M-26JUL050645-45,62628.94,62643.43,0.315,5.3,0.19371,0.0,2026-07-05 10:34:36.540841+00:00,0.6850396643786363,0.15,0.38644245820400847,0.6135575417959915,0.07144245820400846,-0.07144245820400852,yes,0.07144245820400846,0.0,0.315,False,post
2026-07-07 00:35:35+00:00,KXBTC15M-26JUL062045-45,64175.57,64218.22,0.275,9.4,0.335558,0.0,2026-07-07 00:25:25.531053+00:00,0.5659849430180739,0.15,0.3464352678517877,0.6535647321482123,0.07143526785178766,-0.07143526785178766,yes,0.07143526785178766,0.0,0.275,True,post
2026-05-26 20:18:50+00:00,KXBTC15M-26MAY261630-30,76007.31,76005.98,0.495,11.2,0.221372,1.0,2026-05-26 20:08:45.471412+00:00,0.9994944812730419,0.15,0.5663636167128692,0.43363638328713083,0.07136361671286917,-0.07136361671286917,yes,0.07136361671286917,1.0,0.495,False,pre
2026-06-02 19:40:30+00:00,KXBTC15M-26JUN021545-45,66684.65,66898.14,0.0315,4.5,1.113311,0.0,2026-06-02 19:35:27.685194+00:00,0.9680480574530943,0.15,0.10279307886758782,0.8972069211324122,0.07129307886758782,-0.07129307886758784,yes,0.07129307886758782,0.0,0.0315,True,pre
2026-07-09 09:04:42+00:00,KXBTC15M-26JUL090515-15,62819.52,62847.6,0.315,10.3,0.267383,0.0,2026-07-09 06:42:39.915107+00:00,1.4682326469635614,0.15,0.3861744179558036,0.6138255820441965,0.07117441795580359,-0.07117441795580359,yes,0.07117441795580359,0.0,0.315,False,post
2026-07-03 22:01:23+00:00,KXBTC15M-26JUL031815-15,62653.0,62682.28,0.375,13.6,0.383887,0.0,2026-07-03 21:46:13.404481+00:00,0.7520844296978573,0.15,0.44611145763370263,0.5538885423662974,0.07111145763370263,-0.07111145763370263,yes,0.07111145763370263,0.0,0.375,True,post
2026-07-06 18:34:43+00:00,KXBTC15M-26JUL061445-45,63697.38,63718.55,0.415,10.3,0.505509,1.0,2026-07-06 18:24:36.026374+00:00,0.23711519825610855,0.15,0.4857530133122638,0.5142469866877362,0.0707530133122638,-0.0707530133122638,yes,0.0707530133122638,1.0,0.415,True,post
2026-05-27 03:26:04+00:00,KXBTC15M-26MAY262330-30,75742.01,75776.74,0.105,3.9,0.195167,0.0,2026-05-27 03:21:01.122644+00:00,1.7233559677672627,0.15,0.17572837335011438,0.8242716266498856,0.07072837335011438,-0.07072837335011439,yes,0.07072837335011438,0.0,0.105,False,pre
2026-07-06 01:48:51+00:00,KXBTC15M-26JUL052200-00,63565.36,63682.8,0.115,11.1,0.477747,0.0,2026-07-06 01:33:36.860271+00:00,0.724089638857728,0.15,0.18564611491766575,0.8143538850823342,0.07064611491766574,-0.07064611491766581,yes,0.07064611491766574,0.0,0.115,True,post
2026-07-07 07:52:43+00:00,KXBTC15M-26JUL070400-00,63102.51,63135.58,0.195,7.3,0.213557,0.0,2026-07-07 07:47:38.324045+00:00,0.6906722751205436,0.15,0.2654915355374136,0.7345084644625863,0.07049153553741361,-0.07049153553741361,yes,0.07049153553741361,0.0,0.195,True,post
2026-07-02 21:54:51+00:00,KXBTC15M-26JUL021800-00,61512.61,61459.03,0.765,5.1,0.248458,1.0,2026-07-02 21:49:48.740477+00:00,1.141543606013583,0.15,0.8354887031438099,0.16451129685619015,0.07048870314380984,-0.07048870314380984,yes,0.07048870314380984,1.0,0.765,False,post
2026-07-04 10:20:31+00:00,KXBTC15M-26JUL040630-30,62428.4,62419.27,0.545,9.5,0.122268,1.0,2026-07-04 10:10:21.147679+00:00,1.4031985080611977,0.15,0.6152297782997309,0.3847702217002691,0.07022977829973087,-0.07022977829973087,yes,0.07022977829973087,1.0,0.545,False,post
2026-07-05 18:02:12+00:00,KXBTC15M-26JUL051415-15,62568.63,62578.85,0.415,12.8,0.218595,1.0,2026-07-05 17:57:05.741327+00:00,0.6352258706270457,0.15,0.4851243695137971,0.5148756304862029,0.07012436951379714,-0.07012436951379708,yes,0.07012436951379714,1.0,0.415,False,post
2026-07-02 01:21:38+00:00,KXBTC15M-26JUL012130-30,59862.42,59868.56,0.605,8.4,0.41209,1.0,2026-07-02 01:16:31.132825+00:00,0.7132910813139689,0.15,0.5349595516159114,0.46504044838408864,-0.07004044838408863,0.07004044838408863,no,0.07004044838408863,0.0,0.395,True,post
2026-07-08 14:51:33+00:00,KXBTC15M-26JUL081100-00,61732.42,61854.4,0.205,8.4,0.773353,0.0,2026-07-08 14:46:27.534704+00:00,0.49557071976845934,0.15,0.27495789941261417,0.7250421005873858,0.06995789941261418,-0.06995789941261421,yes,0.06995789941261418,0.0,0.205,True,post
2026-07-06 02:34:35+00:00,KXBTC15M-26JUL052245-45,63453.27,63479.67,0.385,10.4,0.419995,0.0,2026-07-06 02:19:21.477727+00:00,0.3808322147521869,0.15,0.45481892393472095,0.5451810760652791,0.06981892393472094,-0.06981892393472089,yes,0.06981892393472094,0.0,0.385,True,post
2026-06-01 20:48:01+00:00,KXBTC15M-26JUN011700-00,71489.4,71516.29,0.355,12.0,0.267389,0.0,2026-06-01 20:42:58.245093+00:00,1.6030709584209122,0.15,0.42446773002613913,0.5755322699738609,0.06946773002613915,-0.06946773002613915,yes,0.06946773002613915,0.0,0.355,True,pre
2026-06-02 07:24:22+00:00,KXBTC15M-26JUN020330-30,69994.86,69963.67,0.545,5.6,0.538502,0.0,2026-06-02 07:19:20.624328+00:00,0.7277757939776868,0.15,0.6141842458516442,0.3858157541483558,0.06918424585164418,-0.06918424585164418,yes,0.06918424585164418,0.0,0.545,True,pre
2026-06-01 19:05:45+00:00,KXBTC15M-26JUN011515-15,71377.15,71421.3,0.285,9.2,0.322306,0.0,2026-06-01 18:55:16.169326+00:00,0.8995530285590074,0.15,0.35411153175869403,0.645888468241306,0.06911153175869406,-0.06911153175869411,yes,0.06911153175869406,0.0,0.285,False,pre
2026-06-02 01:04:23+00:00,KXBTC15M-26JUN012115-15,71201.24,71183.19,0.535,10.6,0.221917,1.0,2026-06-02 00:54:16.729410+00:00,0.9709137388989036,0.15,0.6040938767097764,0.39590612329022357,0.0690938767097764,-0.0690938767097764,yes,0.0690938767097764,1.0,0.535,False,pre
2026-05-27 20:34:58+00:00,KXBTC15M-26MAY271645-45,75104.68,75165.11,0.195,10.0,0.275862,0.0,2026-05-27 20:24:53.340252+00:00,2.0744104919656223,0.15,0.2638939441882765,0.7361060558117235,0.06889394418827649,-0.06889394418827643,yes,0.06889394418827649,0.0,0.195,False,pre
2026-07-06 03:05:02+00:00,KXBTC15M-26JUL052315-15,63411.76,63419.2,0.445,10.0,0.301108,0.0,2026-07-06 02:54:52.940903+00:00,0.2897538950450489,0.15,0.5135468306968798,0.4864531693031202,0.06854683069687978,-0.06854683069687972,yes,0.06854683069687978,0.0,0.445,True,post
2026-07-08 15:01:45+00:00,KXBTC15M-26JUL081115-15,61775.44,61834.64,0.375,13.2,0.755743,0.0,2026-07-08 14:56:37.421057+00:00,0.16447726977820457,0.15,0.4435118011910938,0.5564881988089062,0.06851180119109379,-0.06851180119109379,yes,0.06851180119109379,0.0,0.375,True,post
2026-07-08 05:21:21+00:00,KXBTC15M-26JUL080130-30,62771.36,62756.09,0.535,8.6,0.259484,0.0,2026-07-08 05:16:16.274111+00:00,0.7395752158933889,0.15,0.6034322484168395,0.3965677515831605,0.06843224841683948,-0.06843224841683948,yes,0.06843224841683948,0.0,0.535,True,post
2026-05-26 11:07:11+00:00,KXBTC15M-26MAY260715-15,77339.62,77362.39,0.405,7.8,0.417001,0.0,2026-05-26 11:02:08.124042+00:00,2.334755265992449,0.15,0.4733884773520146,0.5266115226479854,0.06838847735201459,-0.06838847735201459,yes,0.06838847735201459,0.0,0.405,True,pre
2026-07-06 02:54:52+00:00,KXBTC15M-26JUL052300-00,63379.3,63361.18,0.795,5.1,0.371711,1.0,2026-07-06 02:49:48.515889+00:00,0.2351571380705869,0.15,0.7268331374913874,0.27316686250861255,-0.06816686250861259,0.06816686250861259,no,0.06816686250861259,0.0,0.20499999999999996,True,post
2026-07-06 14:41:00+00:00,KXBTC15M-26JUL061045-45,62095.08,62064.4,0.575,4.0,1.397211,0.0,2026-07-06 14:35:55.790781+00:00,-0.14487466806431348,-0.14487466806431348,0.5068952321757103,0.4931047678242897,-0.06810476782428965,0.06810476782428965,no,0.06810476782428965,1.0,0.42500000000000004,True,post
2026-06-02 10:31:22+00:00,KXBTC15M-26JUN020645-45,69535.02,69539.97,0.465,13.6,0.300391,0.0,2026-06-02 10:26:17.114843+00:00,1.658269645173165,0.15,0.5330509884823925,0.4669490115176075,0.0680509884823925,-0.06805098848239244,yes,0.0680509884823925,0.0,0.465,True,pre
2026-05-27 00:34:12+00:00,KXBTC15M-26MAY262045-45,75899.34,75825.28,0.815,10.8,0.145374,1.0,2026-05-27 00:24:07.342123+00:00,2.4689926369478745,0.15,0.8830235553280644,0.11697644467193558,0.06802355532806448,-0.06802355532806448,yes,0.06802355532806448,1.0,0.815,False,pre
2026-07-05 07:06:12+00:00,KXBTC15M-26JUL050315-15,62737.97,62728.74,0.525,8.8,0.140198,0.0,2026-07-05 07:02:26.095086+00:00,1.7344302894501862,0.15,0.5929922342581797,0.4070077657418203,0.06799223425817968,-0.06799223425817968,yes,0.06799223425817968,0.0,0.525,False,post
2026-07-04 13:33:28+00:00,KXBTC15M-26JUL040945-45,62555.92,62600.66,0.245,11.5,0.273892,0.0,2026-07-04 13:18:15.145783+00:00,2.1868345670132445,0.15,0.3129759260674,0.6870240739326,0.0679759260674,-0.0679759260674,yes,0.0679759260674,0.0,0.245,True,post
2026-07-05 20:09:21+00:00,KXBTC15M-26JUL051615-15,62755.88,62728.25,0.961,5.6,0.210515,1.0,2026-07-05 20:04:18.427037+00:00,1.0221563746118663,0.15,0.8930596683027494,0.10694033169725059,-0.06794033169725056,0.06794033169725056,no,0.06794033169725056,0.0,0.039000000000000035,True,post
2026-07-04 12:52:50+00:00,KXBTC15M-26JUL040900-00,62544.58,62564.07,0.255,7.2,0.157209,1.0,2026-07-04 12:47:47.366789+00:00,2.355986143582025,0.15,0.32287396910996824,0.6771260308900318,0.06787396910996824,-0.06787396910996824,yes,0.06787396910996824,1.0,0.255,False,post
2026-07-10 12:35:06+00:00,KXBTC15M-26JUL100845-45,64414.95,64456.62,0.295,9.9,0.336186,0.0,2026-07-10 12:24:58.989147+00:00,1.067196816368857,0.15,0.3627902034226006,0.6372097965773994,0.06779020342260061,-0.06779020342260067,yes,0.06779020342260061,0.0,0.295,True,post
2026-07-10 03:40:51+00:00,KXBTC15M-26JUL092345-45,63827.71,63823.31,0.695,4.1,0.313853,1.0,2026-07-10 03:35:47.194041+00:00,0.5872545881436045,0.15,0.6272885460209805,0.3727114539790195,-0.06771145397901945,0.06771145397901945,no,0.06771145397901945,0.0,0.30500000000000005,True,post
2026-07-07 13:22:53+00:00,KXBTC15M-26JUL070930-30,63196.67,63290.92,0.145,7.1,0.511519,0.0,2026-07-07 13:17:49.960810+00:00,0.46159015649555196,0.15,0.21269103562820446,0.7873089643717955,0.06769103562820447,-0.06769103562820444,yes,0.06769103562820447,0.0,0.145,True,post
2026-06-02 11:16:51+00:00,KXBTC15M-26JUN020730-30,69395.55,69454.51,0.285,13.1,0.362922,0.0,2026-06-02 11:11:47.321676+00:00,1.3617057755365036,0.15,0.35240690661333407,0.6475930933866659,0.0674069066133341,-0.06740690661333415,yes,0.0674069066133341,0.0,0.285,False,pre
2026-07-06 21:02:07+00:00,KXBTC15M-26JUL061715-15,63787.04,63796.73,0.435,12.9,0.259919,1.0,2026-07-06 20:56:57.469597+00:00,0.687932755314279,0.15,0.5023458086300016,0.49765419136999844,0.06734580863000156,-0.0673458086300015,yes,0.06734580863000156,1.0,0.435,False,post
2026-06-02 08:04:48+00:00,KXBTC15M-26JUN020415-15,69936.18,70026.42,0.205,10.2,0.446179,0.0,2026-06-02 07:54:40.923667+00:00,0.7028241225096568,0.15,0.2721972168456135,0.7278027831543865,0.0671972168456135,-0.06719721684561353,yes,0.0671972168456135,0.0,0.205,True,pre
2026-07-10 05:52:39+00:00,KXBTC15M-26JUL100200-00,64116.85,64138.25,0.325,7.3,0.237337,0.0,2026-07-10 05:47:36.457475+00:00,0.7631443694986964,0.15,0.3921567434294585,0.6078432565705415,0.06715674342945849,-0.06715674342945854,yes,0.06715674342945849,0.0,0.325,True,post
2026-07-03 03:55:51+00:00,KXBTC15M-26JUL030000-00,61293.24,61332.54,0.105,4.1,0.25813,1.0,2026-07-03 03:50:47.298380+00:00,0.7274886004528713,0.15,0.17200693107855558,0.8279930689214444,0.06700693107855558,-0.0670069310785556,yes,0.06700693107855558,1.0,0.105,False,post
2026-07-04 11:51:55+00:00,KXBTC15M-26JUL040800-00,62438.8,62445.51,0.535,8.1,0.11886,0.0,2026-07-04 11:46:52.530046+00:00,1.6208573622682365,0.15,0.46799929904959753,0.5320007009504024,-0.0670007009504025,0.06700070095040245,no,0.06700070095040245,1.0,0.46499999999999997,True,post
2026-07-08 09:50:59+00:00,KXBTC15M-26JUL080600-00,62000.68,62066.27,0.215,9.0,0.403003,0.0,2026-07-08 09:40:47.762396+00:00,0.3975699783386229,0.15,0.28199404538278244,0.7180059546172175,0.06699404538278245,-0.06699404538278253,yes,0.06699404538278245,0.0,0.215,True,post
2026-07-02 06:36:28+00:00,KXBTC15M-26JUL020245-45,60534.06,60410.8,0.845,8.5,0.276681,1.0,2026-07-02 06:31:22.448911+00:00,0.5409430103951532,0.15,0.911959143245962,0.08804085675403805,0.06695914324596197,-0.06695914324596197,yes,0.06695914324596197,1.0,0.845,False,post
2026-07-05 13:52:40+00:00,KXBTC15M-26JUL051000-00,62724.17,62694.24,0.655,7.3,0.237948,1.0,2026-07-05 13:47:35.615855+00:00,1.115482252851163,0.15,0.7219368024645585,0.2780631975354415,0.06693680246455846,-0.06693680246455846,yes,0.06693680246455846,1.0,0.655,False,post
2026-05-26 06:03:58+00:00,KXBTC15M-26MAY260215-15,76795.9,76826.22,0.335,11.0,0.242317,0.0,2026-05-26 05:53:51.468980+00:00,2.473227314579735,0.15,0.40179970265905035,0.5982002973409497,0.06679970265905033,-0.06679970265905033,yes,0.06679970265905033,0.0,0.335,False,pre
2026-07-01 20:22:51+00:00,KXBTC15M-26JUL011630-30,59904.66,59954.61,0.235,7.1,0.385117,0.0,2026-07-01 20:17:47.985328+00:00,0.5145290462076764,0.15,0.301770692214167,0.698229307785833,0.06677069221416704,-0.06677069221416698,yes,0.06677069221416704,0.0,0.235,False,post
2026-07-09 21:41:07+00:00,KXBTC15M-26JUL091745-45,63196.9,63203.1,0.41,3.9,0.199219,0.0,2026-07-09 21:36:04.907763+00:00,0.9669263309765417,0.15,0.47661488118144896,0.523385118818551,0.06661488118144898,-0.06661488118144909,yes,0.06661488118144898,0.0,0.41,False,post
2026-07-08 16:34:53+00:00,KXBTC15M-26JUL081245-45,61793.31,61876.5,0.195,10.1,0.488185,1.0,2026-07-08 16:24:44.946526+00:00,0.12323763775227344,0.12323763775227344,0.26159239028583203,0.738407609714168,0.06659239028583203,-0.06659239028583197,yes,0.06659239028583203,1.0,0.195,True,post
2026-07-03 12:52:05+00:00,KXBTC15M-26JUL030900-00,61904.88,61861.7,0.705,7.9,0.245466,1.0,2026-07-03 12:47:02.388581+00:00,1.4081952242556182,0.15,0.7715456276991415,0.22845437230085852,0.06654562769914152,-0.06654562769914152,yes,0.06654562769914152,1.0,0.705,False,post
2026-07-07 08:38:26+00:00,KXBTC15M-26JUL070445-45,63040.08,63035.73,0.705,6.6,0.20442,0.0,2026-07-07 08:33:21.317220+00:00,0.7412355559813325,0.15,0.6386685127873937,0.36133148721260633,-0.06633148721260629,0.06633148721260629,no,0.06633148721260629,1.0,0.29500000000000004,True,post
2026-07-02 23:36:46+00:00,KXBTC15M-26JUL021945-45,61462.26,61438.28,0.515,8.2,0.230602,0.0,2026-07-02 23:26:26.378098+00:00,1.1949618524501235,0.15,0.5813106342278492,0.41868936577215077,0.06631063422784922,-0.06631063422784922,yes,0.06631063422784922,0.0,0.515,False,post
2026-07-02 12:16:52+00:00,KXBTC15M-26JUL020830-30,61247.99,61279.29,0.375,13.1,0.385882,0.0,2026-07-02 12:11:46.428944+00:00,1.6037638939721495,0.15,0.44131002004374664,0.5586899799562534,0.06631002004374664,-0.06631002004374664,yes,0.06631002004374664,0.0,0.375,True,post
2026-07-03 10:35:03+00:00,KXBTC15M-26JUL030645-45,61698.36,61688.5,0.565,9.9,0.150307,1.0,2026-07-03 10:24:55.611139+00:00,2.185094271064873,0.15,0.631254100238795,0.368745899761205,0.06625410023879508,-0.06625410023879508,yes,0.06625410023879508,1.0,0.565,False,post
2026-07-02 11:26:02+00:00,KXBTC15M-26JUL020730-30,61238.34,61219.17,0.605,4.0,0.313914,1.0,2026-07-02 11:20:57.529261+00:00,0.9368764465809167,0.15,0.671245301237434,0.328754698762566,0.066245301237434,-0.066245301237434,yes,0.066245301237434,1.0,0.605,False,post
2026-07-10 15:07:23+00:00,KXBTC15M-26JUL101115-15,63958.82,63866.26,0.875,7.6,0.889146,1.0,2026-07-10 15:02:19.149642+00:00,0.2705109731654556,0.15,0.8088060971414404,0.19119390285855964,-0.06619390285855964,0.06619390285855964,no,0.06619390285855964,0.0,0.125,True,post
2026-05-27 05:07:16+00:00,KXBTC15M-26MAY270115-15,75495.63,75476.72,0.595,7.7,0.198335,1.0,2026-05-27 05:02:13.891979+00:00,1.8817433168762974,0.15,0.6611719570214933,0.33882804297850666,0.06617195702149337,-0.06617195702149337,yes,0.06617195702149337,1.0,0.595,False,pre
2026-05-27 07:48:59+00:00,KXBTC15M-26MAY270400-00,75801.18,75774.66,0.515,11.0,0.208322,1.0,2026-05-27 07:33:50.533831+00:00,2.1977222284207367,0.15,0.581149329225113,0.418850670774887,0.06614932922511296,-0.06614932922511296,yes,0.06614932922511296,1.0,0.515,False,pre
2026-05-26 12:22:56+00:00,KXBTC15M-26MAY260830-30,76953.12,76978.26,0.385,7.1,0.364726,0.0,2026-05-26 12:17:52.990183+00:00,0.7545890633228993,0.15,0.45095151562819,0.54904848437181,0.06595151562819002,-0.06595151562819002,yes,0.06595151562819002,0.0,0.385,False,pre
2026-06-02 12:37:43+00:00,KXBTC15M-26JUN020845-45,69054.45,69189.08,0.082,7.3,0.551798,0.0,2026-06-02 12:32:40.929780+00:00,0.8090192232907483,0.15,0.14793036300430845,0.8520696369956915,0.06593036300430845,-0.06593036300430855,yes,0.06593036300430845,0.0,0.082,True,pre
2026-05-26 09:56:19+00:00,KXBTC15M-26MAY260600-00,76596.7,76613.38,0.215,3.7,0.128031,0.0,2026-05-26 09:46:12.252190+00:00,1.407129604189695,0.15,0.2809206504801338,0.7190793495198662,0.06592065048013382,-0.06592065048013385,yes,0.06592065048013382,0.0,0.215,False,pre
2026-07-06 04:47:33+00:00,KXBTC15M-26JUL060100-00,63253.41,63268.52,0.405,12.4,0.250107,0.0,2026-07-06 04:42:27.825699+00:00,0.8311189586815939,0.15,0.4708901103305247,0.5291098896694753,0.06589011033052466,-0.06589011033052472,yes,0.06589011033052466,0.0,0.405,True,post
2026-07-08 21:07:03+00:00,KXBTC15M-26JUL081715-15,62087.97,62069.17,0.515,7.9,0.3096,0.0,2026-07-08 21:02:00.272037+00:00,0.40827319080065133,0.15,0.5806513526250732,0.41934864737492683,0.06565135262507316,-0.06565135262507316,yes,0.06565135262507316,0.0,0.515,True,post
2026-07-05 22:11:37+00:00,KXBTC15M-26JUL051815-15,63091.39,63077.64,0.765,3.4,0.436864,1.0,2026-07-05 22:06:33.295999+00:00,1.881013508864255,0.15,0.6993713824115153,0.3006286175884847,-0.0656286175884847,0.0656286175884847,no,0.0656286175884847,0.0,0.235,True,post
2026-07-03 20:47:28+00:00,KXBTC15M-26JUL031700-00,62681.75,62655.63,0.53,12.5,0.556755,1.0,2026-07-03 20:47:03.556475+00:00,1.2495114523501303,0.15,0.5954595729610204,0.40454042703897963,0.06545957296102034,-0.06545957296102034,yes,0.06545957296102034,1.0,0.53,False,post
2026-05-26 15:19:46+00:00,KXBTC15M-26MAY261130-30,76810.08,76848.64,0.405,10.2,0.569465,0.0,2026-05-26 15:09:40.763167+00:00,0.2956138939468299,0.15,0.47027870510848224,0.5297212948915178,0.06527870510848222,-0.06527870510848222,yes,0.06527870510848222,0.0,0.405,True,pre
2026-06-01 22:35:28+00:00,KXBTC15M-26JUN011845-45,71122.29,71201.06,0.215,9.5,0.403239,0.0,2026-06-01 22:24:05.298910+00:00,0.884381059481621,0.15,0.2802058327713337,0.7197941672286663,0.06520583277133371,-0.06520583277133374,yes,0.06520583277133371,0.0,0.215,True,pre
2026-06-02 10:21:15+00:00,KXBTC15M-26JUN020630-30,69590.55,69572.35,0.515,8.8,0.335329,0.0,2026-06-02 10:16:12.532608+00:00,1.298503053358451,0.15,0.5801599959211049,0.4198400040788951,0.06515999592110489,-0.06515999592110489,yes,0.06515999592110489,0.0,0.515,False,pre
2026-07-02 12:42:17+00:00,KXBTC15M-26JUL020845-45,61241.01,61254.23,0.425,2.7,0.622564,1.0,2026-07-02 12:32:08.290340+00:00,2.1509207687727505,0.15,0.49015860981878945,0.5098413901812106,0.06515860981878946,-0.0651586098187894,yes,0.06515860981878946,1.0,0.425,False,post
2026-06-02 11:37:03+00:00,KXBTC15M-26JUN020745-45,69348.69,69387.43,0.225,7.9,0.231338,1.0,2026-06-02 11:32:01.337355+00:00,1.425312463071329,0.15,0.2901422826958268,0.7098577173041731,0.06514228269582681,-0.06514228269582689,yes,0.06514228269582681,1.0,0.225,False,pre
2026-07-06 11:02:49+00:00,KXBTC15M-26JUL060715-15,62782.89,62769.4,0.575,12.2,0.172303,0.0,2026-07-06 10:57:42.814759+00:00,1.8538724526185977,0.15,0.6401311121691298,0.35986888783087023,0.06513111216912981,-0.06513111216912981,yes,0.06513111216912981,0.0,0.575,False,post
2026-07-04 07:01:53+00:00,KXBTC15M-26JUL040315-15,62445.15,62446.67,0.475,13.1,0.138103,1.0,2026-07-04 06:56:49.233593+00:00,1.8886265933497306,0.15,0.5401013674439368,0.4598986325560632,0.0651013674439368,-0.0651013674439368,yes,0.0651013674439368,1.0,0.475,False,post
2026-07-07 07:17:12+00:00,KXBTC15M-26JUL070330-30,63345.97,63348.52,0.475,12.8,0.231045,0.0,2026-07-07 07:12:08.035799+00:00,1.0335279796009524,0.15,0.5401011457886657,0.45989885421133425,0.06510114578866577,-0.06510114578866577,yes,0.06510114578866577,0.0,0.475,True,post
2026-05-26 03:23:14+00:00,KXBTC15M-26MAY252330-30,76505.21,76496.87,0.515,6.8,0.171761,0.0,2026-05-26 03:18:37.337313+00:00,0.8923684040659294,0.15,0.580003550253232,0.419996449746768,0.06500355025323201,-0.06500355025323201,yes,0.06500355025323201,0.0,0.515,True,pre
2026-07-03 08:18:03+00:00,KXBTC15M-26JUL030430-30,61695.2,61686.02,0.515,11.9,0.178968,1.0,2026-07-03 08:12:59.132469+00:00,2.1902864142037495,0.15,0.579983056024175,0.420016943975825,0.06498305602417498,-0.06498305602417498,yes,0.06498305602417498,1.0,0.515,False,post
2026-07-07 18:18:56+00:00,KXBTC15M-26JUL071430-30,63959.14,63989.64,0.385,11.1,0.414729,0.0,2026-07-07 18:08:50.633524+00:00,0.6031223814377975,0.15,0.44984067265320593,0.5501593273467941,0.06484067265320592,-0.06484067265320592,yes,0.06484067265320592,0.0,0.385,True,post
2026-07-07 19:16:29+00:00,KXBTC15M-26JUL071530-30,63460.36,63520.35,0.345,13.5,0.538451,1.0,2026-07-07 19:11:25.186815+00:00,0.4151298177789996,0.15,0.40954501345506544,0.5904549865449346,0.06454501345506547,-0.06454501345506547,yes,0.06454501345506547,1.0,0.345,True,post
2026-05-26 19:33:27+00:00,KXBTC15M-26MAY261545-45,75829.79,75797.59,0.635,11.5,0.206993,1.0,2026-05-26 19:18:18.874278+00:00,0.4615570893329632,0.15,0.6994990329592019,0.3005009670407981,0.0644990329592019,-0.0644990329592019,yes,0.0644990329592019,1.0,0.635,False,pre
2026-05-26 22:04:43+00:00,KXBTC15M-26MAY261815-15,75857.89,75790.57,0.76,10.3,0.204937,0.0,2026-05-26 21:49:35.382601+00:00,1.3873335636687012,0.15,0.8244659891163553,0.17553401088364473,0.06446598911635526,-0.06446598911635526,yes,0.06446598911635526,0.0,0.76,False,pre
2026-07-05 03:17:29+00:00,KXBTC15M-26JUL042330-30,62709.64,62718.33,0.435,12.5,0.213837,0.0,2026-07-05 03:12:24.651945+00:00,0.8012486587518455,0.15,0.4994479580416808,0.5005520419583191,0.0644479580416808,-0.0644479580416808,yes,0.0644479580416808,0.0,0.435,True,post
2026-05-27 13:47:44+00:00,KXBTC15M-26MAY271000-00,74770.38,74785.74,0.465,12.3,0.695739,1.0,2026-05-27 13:42:39.533356+00:00,0.4745159366886086,0.15,0.5294404033097465,0.4705595966902535,0.06444040330974649,-0.06444040330974643,yes,0.06444040330974649,1.0,0.465,False,pre
2026-05-27 09:55:16+00:00,KXBTC15M-26MAY270600-00,75803.23,75823.54,0.245,4.7,0.154285,0.0,2026-05-27 09:50:14.009051+00:00,2.1004326987736213,0.15,0.3094141580273592,0.6905858419726407,0.06441415802735923,-0.06441415802735928,yes,0.06441415802735923,0.0,0.245,False,pre
2026-07-10 04:11:19+00:00,KXBTC15M-26JUL100015-15,63900.37,63894.17,0.725,3.7,0.281423,1.0,2026-07-10 04:06:13.962729+00:00,0.6062653586585091,0.15,0.6607456089354066,0.33925439106459343,-0.06425439106459341,0.06425439106459341,no,0.06425439106459341,0.0,0.275,True,post
2026-05-27 14:48:22+00:00,KXBTC15M-26MAY271100-00,74968.59,74936.19,0.525,11.6,0.753172,0.0,2026-05-27 14:33:14.776243+00:00,0.5621260967191183,0.15,0.5892369375885543,0.41076306241144567,0.06423693758855431,-0.06423693758855431,yes,0.06423693758855431,0.0,0.525,False,pre
2026-07-09 12:38:16+00:00,KXBTC15M-26JUL090845-45,62882.52,62740.41,0.825,6.7,0.429239,0.0,2026-07-09 12:33:11.620638+00:00,1.4228653559749451,0.15,0.8892038322593208,0.11079616774067924,0.0642038322593208,-0.0642038322593208,yes,0.0642038322593208,0.0,0.825,True,post
2026-07-04 05:40:39+00:00,KXBTC15M-26JUL040145-45,62467.86,62460.78,0.815,4.4,0.131186,1.0,2026-07-04 05:35:34.663770+00:00,1.328061703662064,0.15,0.7508323989009389,0.2491676010990611,-0.06416760109906106,0.06416760109906106,no,0.06416760109906106,0.0,0.18500000000000005,True,post
2026-07-04 17:48:59+00:00,KXBTC15M-26JUL041400-00,63162.33,63105.72,0.895,11.0,0.402848,1.0,2026-07-04 17:38:52.151966+00:00,0.7727667669474921,0.15,0.8309257582837528,0.1690742417162472,-0.0640742417162472,0.0640742417162472,no,0.0640742417162472,0.0,0.10499999999999998,True,post
2026-07-05 11:50:47+00:00,KXBTC15M-26JUL050800-00,62637.8,62643.74,0.425,9.2,0.142451,0.0,2026-07-05 11:40:37.951324+00:00,1.2821075125295454,0.15,0.48906729370841123,0.5109327062915887,0.06406729370841124,-0.06406729370841124,yes,0.06406729370841124,0.0,0.425,False,post
2026-07-06 05:18:04+00:00,KXBTC15M-26JUL060130-30,63171.18,63155.72,0.575,11.9,0.209642,0.0,2026-07-06 05:12:59.267076+00:00,0.7600474353565658,0.15,0.6389361005315017,0.36106389946849826,0.06393610053150178,-0.06393610053150178,yes,0.06393610053150178,0.0,0.575,True,post
2026-07-10 04:46:38+00:00,KXBTC15M-26JUL100100-00,64062.09,64050.79,0.525,13.4,0.303086,0.0,2026-07-10 04:41:48.491908+00:00,0.7039422075127566,0.15,0.5888608995631784,0.41113910043682156,0.06386089956317842,-0.06386089956317842,yes,0.06386089956317842,0.0,0.525,True,post
2026-07-08 03:19:28+00:00,KXBTC15M-26JUL072330-30,62967.79,63030.8,0.275,10.5,0.435131,0.0,2026-07-08 03:09:18.665864+00:00,0.31968732514660064,0.15,0.33884456663120927,0.6611554333687908,0.06384456663120924,-0.06384456663120919,yes,0.06384456663120924,0.0,0.275,True,post
2026-07-04 19:48:03+00:00,KXBTC15M-26JUL041600-00,63276.94,63318.53,0.315,11.9,0.327282,0.0,2026-07-04 19:42:58.618301+00:00,0.7210954775940293,0.15,0.378676713596265,0.621323286403735,0.06367671359626498,-0.06367671359626503,yes,0.06367671359626498,0.0,0.315,True,post
2026-07-03 01:48:53+00:00,KXBTC15M-26JUL022200-00,61567.26,61599.76,0.355,11.1,0.349876,0.0,2026-07-03 01:38:42.939643+00:00,1.3010827326108618,0.15,0.4186594275605585,0.5813405724394415,0.06365942756055853,-0.06365942756055853,yes,0.06365942756055853,0.0,0.355,False,post
2026-07-07 06:05:39+00:00,KXBTC15M-26JUL070215-15,63037.64,63093.02,0.275,9.3,0.267055,0.0,2026-07-07 05:55:31.244941+00:00,-0.3208591126798361,-0.15,0.21144659881917488,0.7885534011808251,-0.06355340118082514,0.06355340118082509,no,0.06355340118082509,1.0,0.725,True,post
2026-07-04 02:22:34+00:00,KXBTC15M-26JUL032230-30,62421.74,62485.55,0.071,7.4,0.275174,0.0,2026-07-04 02:17:28.767403+00:00,0.6862450614372715,0.15,0.13442581326177805,0.865574186738222,0.06342581326177806,-0.0634258132617781,yes,0.06342581326177806,0.0,0.071,True,post
2026-07-06 09:31:24+00:00,KXBTC15M-26JUL060545-45,62638.85,62689.04,0.185,13.6,0.216173,0.0,2026-07-06 09:26:19.016564+00:00,1.3014318408280907,0.15,0.24841888024599273,0.7515811197540072,0.06341888024599274,-0.06341888024599274,yes,0.06341888024599274,0.0,0.185,True,post
2026-07-06 00:23:24+00:00,KXBTC15M-26JUL052030-30,63439.06,63506.09,0.235,6.6,0.487257,0.0,2026-07-06 00:18:19.831855+00:00,0.6930795526633974,0.15,0.29827121021787595,0.701728789782124,0.06327121021787596,-0.06327121021787596,yes,0.06327121021787596,0.0,0.235,True,post
2026-07-05 03:52:54+00:00,KXBTC15M-26JUL050000-00,62722.29,62681.1,0.785,7.1,0.160708,1.0,2026-07-05 03:47:52.416647+00:00,1.1124034013915955,0.15,0.8481386594833307,0.15186134051666933,0.06313865948333064,-0.06313865948333064,yes,0.06313865948333064,1.0,0.785,False,post
2026-07-05 06:52:12+00:00,KXBTC15M-26JUL050300-00,62709.62,62705.26,0.535,7.8,0.142015,1.0,2026-07-05 06:47:08.258204+00:00,1.7196341321317223,0.15,0.5981222146796789,0.40187778532032115,0.06312221467967882,-0.06312221467967882,yes,0.06312221467967882,1.0,0.535,False,post
2026-07-02 06:05:58+00:00,KXBTC15M-26JUL020215-15,60421.15,60443.07,0.375,9.0,0.307992,0.0,2026-07-02 05:55:48.267877+00:00,0.5581113089120795,0.15,0.43808040328515196,0.561919596714848,0.06308040328515196,-0.06308040328515196,yes,0.06308040328515196,0.0,0.375,True,post
2026-06-02 09:50:57+00:00,KXBTC15M-26JUN020600-00,69363.18,69414.78,0.225,9.0,0.282383,0.0,2026-06-02 09:40:48.904598+00:00,0.7216463960360704,0.15,0.28807904042023513,0.7119209595797649,0.06307904042023513,-0.06307904042023516,yes,0.06307904042023513,0.0,0.225,True,pre
2026-07-09 13:18:56+00:00,KXBTC15M-26JUL090930-30,62742.56,62826.62,0.265,11.1,0.536896,0.0,2026-07-09 13:08:47.816949+00:00,0.6011802593716509,0.15,0.32807588198079574,0.6719241180192043,0.06307588198079572,-0.06307588198079572,yes,0.06307588198079572,0.0,0.265,True,post
2026-07-09 22:01:24+00:00,KXBTC15M-26JUL091815-15,63249.69,63234.64,0.575,13.6,0.198913,0.0,2026-07-09 21:51:15.868636+00:00,1.012331573109476,0.15,0.6379707740522602,0.3620292259477398,0.06297077405226026,-0.06297077405226026,yes,0.06297077405226026,0.0,0.575,False,post
2026-07-06 04:06:55+00:00,KXBTC15M-26JUL060015-15,63243.2,63233.15,0.545,8.1,0.267917,1.0,2026-07-06 04:01:51.383585+00:00,0.628097304557206,0.15,0.607945618314952,0.392054381685048,0.06294561831495193,-0.06294561831495193,yes,0.06294561831495193,1.0,0.545,False,post
2026-07-03 07:32:20+00:00,KXBTC15M-26JUL030345-45,61680.55,61670.91,0.55,12.7,0.193454,1.0,2026-07-03 07:27:15.985447+00:00,2.3953896914478854,0.15,0.6129239971598823,0.38707600284011767,0.06292399715988228,-0.06292399715988228,yes,0.06292399715988228,1.0,0.55,False,post
2026-07-03 13:53:05+00:00,KXBTC15M-26JUL031000-00,62101.15,62093.67,0.705,6.9,0.328706,0.0,2026-07-03 13:48:02.566062+00:00,1.3124718529047088,0.15,0.6421745526068088,0.3578254473931912,-0.06282544739319118,0.06282544739319118,no,0.06282544739319118,1.0,0.29500000000000004,True,post
2026-07-06 07:19:24+00:00,KXBTC15M-26JUL060330-30,62899.87,62878.98,0.625,10.6,0.191543,1.0,2026-07-06 07:09:14.840759+00:00,1.2175512059429079,0.15,0.6877246593846156,0.3122753406153844,0.06272465938461558,-0.06272465938461558,yes,0.06272465938461558,1.0,0.625,False,post
2026-05-27 18:54:06+00:00,KXBTC15M-26MAY271500-00,74837.07,74842.42,0.455,5.9,0.226869,1.0,2026-05-27 18:49:04.936831+00:00,0.8595556580091193,0.15,0.5177164237645407,0.48228357623545925,0.06271642376454073,-0.06271642376454067,yes,0.06271642376454073,1.0,0.455,False,pre
2026-06-02 05:48:24+00:00,KXBTC15M-26JUN020200-00,70324.86,70405.22,0.245,11.6,0.41054,0.0,2026-06-02 05:33:13.929179+00:00,0.5387239411710791,0.15,0.3076750554548995,0.6923249445451005,0.06267505545489949,-0.06267505545489949,yes,0.06267505545489949,0.0,0.245,True,pre
2026-07-09 21:03:02+00:00,KXBTC15M-26JUL091715-15,63324.89,63263.4,0.735,12.0,0.249058,1.0,2026-07-09 20:57:55.895486+00:00,1.1395195928023343,0.15,0.797626364838954,0.202373635161046,0.06262636483895401,-0.06262636483895401,yes,0.06262636483895401,1.0,0.735,False,post
2026-07-09 11:32:09+00:00,KXBTC15M-26JUL090745-45,62662.61,62654.25,0.535,12.8,0.223227,0.0,2026-07-09 11:27:04.809489+00:00,1.0501309740901008,0.15,0.5976191542957074,0.40238084570429256,0.06261915429570741,-0.06261915429570741,yes,0.06261915429570741,0.0,0.535,True,post
2026-07-05 19:54:07+00:00,KXBTC15M-26JUL051600-00,62710.43,62731.87,0.305,5.9,0.225545,0.0,2026-07-05 19:49:04.656031+00:00,1.0311282933516068,0.15,0.3675805780602029,0.6324194219397972,0.0625805780602029,-0.0625805780602029,yes,0.0625805780602029,0.0,0.305,False,post
2026-05-26 07:19:44+00:00,KXBTC15M-26MAY260330-30,76591.32,76603.42,0.45,10.3,0.33295,1.0,2026-05-26 07:09:38.296089+00:00,1.3765378276194116,0.15,0.512561470909162,0.48743852909083796,0.06256147090916203,-0.06256147090916209,yes,0.06256147090916203,1.0,0.45,False,pre
2026-07-04 04:24:30+00:00,KXBTC15M-26JUL040030-30,62625.5,62609.26,0.62,5.5,0.218363,1.0,2026-07-04 04:19:25.621548+00:00,1.244306715335699,0.15,0.6824513725856212,0.31754862741437884,0.06245137258562117,-0.06245137258562117,yes,0.06245137258562117,1.0,0.62,False,post
2026-07-04 12:42:42+00:00,KXBTC15M-26JUL040845-45,62563.0,62547.73,0.9605,2.3,0.174129,1.0,2026-07-04 12:37:37.762326+00:00,2.276113954474231,0.15,0.8980760777031891,0.10192392229681091,-0.06242392229681093,0.06242392229681093,no,0.06242392229681093,0.0,0.03949999999999998,True,post
2026-07-01 22:04:05+00:00,KXBTC15M-26JUL011815-15,60734.15,60760.82,0.405,10.9,0.443863,0.0,2026-07-01 21:53:59.011522+00:00,1.0420203144734117,0.15,0.4674218237363506,0.5325781762636494,0.06242182373635058,-0.062421823736350524,yes,0.06242182373635058,0.0,0.405,False,post
2026-07-02 05:10:06+00:00,KXBTC15M-26JUL020115-15,60784.46,60731.18,0.725,4.9,0.37519,1.0,2026-07-02 05:05:02.449854+00:00,0.7504881536771735,0.15,0.7873936485932485,0.21260635140675155,0.062393648593248474,-0.062393648593248474,yes,0.062393648593248474,1.0,0.725,False,post
2026-05-26 18:37:57+00:00,KXBTC15M-26MAY261445-45,75951.95,75974.21,0.415,7.0,0.415361,0.0,2026-05-26 18:32:54.669438+00:00,0.4216370072133484,0.15,0.47739214850359657,0.5226078514964034,0.06239214850359659,-0.062392148503596534,yes,0.06239214850359659,0.0,0.415,True,pre
2026-06-01 21:18:24+00:00,KXBTC15M-26JUN011730-30,71034.72,71110.39,0.265,11.6,0.413851,0.0,2026-06-01 21:08:15.352402+00:00,0.8980586825377765,0.15,0.3273234097945965,0.6726765902054035,0.062323409794596496,-0.062323409794596496,yes,0.062323409794596496,0.0,0.265,False,pre
2026-07-03 11:05:33+00:00,KXBTC15M-26JUL030715-15,61927.14,61859.39,0.775,9.4,0.251357,1.0,2026-07-03 10:55:24.168113+00:00,2.5984912316846756,0.15,0.8372207216780028,0.16277927832199723,0.062220721678002744,-0.062220721678002744,yes,0.062220721678002744,1.0,0.775,False,post
2026-05-27 18:33:56+00:00,KXBTC15M-26MAY271445-45,74772.3,74764.5,0.515,11.1,0.330704,1.0,2026-05-27 18:18:49.156129+00:00,0.5777677012450175,0.15,0.5771776333218904,0.4228223666781096,0.06217763332189041,-0.06217763332189041,yes,0.06217763332189041,1.0,0.515,False,pre
2026-07-10 10:18:14+00:00,KXBTC15M-26JUL100630-30,64272.01,64261.9,0.505,11.8,0.208092,1.0,2026-07-10 10:08:06.861359+00:00,0.784986892723398,0.15,0.5669049252099315,0.4330950747900685,0.061904925209931516,-0.061904925209931516,yes,0.061904925209931516,1.0,0.505,False,post
2026-05-26 23:33:34+00:00,KXBTC15M-26MAY261945-45,75804.06,75797.95,0.545,11.4,0.123458,1.0,2026-05-26 23:18:25.959581+00:00,1.322151743387776,0.15,0.606903954887245,0.393096045112755,0.06190395488724498,-0.06190395488724498,yes,0.06190395488724498,1.0,0.545,False,pre
2026-05-27 05:17:24+00:00,KXBTC15M-26MAY270130-30,75499.98,75504.99,0.465,12.6,0.181716,1.0,2026-05-27 05:02:13.891979+00:00,1.8817433168762974,0.15,0.5268297130114965,0.4731702869885035,0.06182971301149648,-0.06182971301149642,yes,0.06182971301149648,1.0,0.465,False,pre
2026-06-01 17:09:47+00:00,KXBTC15M-26JUN011315-15,71476.4,71466.69,0.535,5.2,0.38709,1.0,2026-06-01 17:04:44.531624+00:00,0.794782522222719,0.15,0.5967377209814038,0.40326227901859624,0.06173772098140373,-0.06173772098140373,yes,0.06173772098140373,1.0,0.535,False,pre
2026-07-07 01:31:25+00:00,KXBTC15M-26JUL062145-45,63902.5,63921.95,0.435,13.6,0.39976,0.0,2026-07-07 01:26:19.836851+00:00,0.4749683449560786,0.15,0.4966213706839837,0.5033786293160163,0.06162137068398371,-0.061621370683983656,yes,0.06162137068398371,0.0,0.435,True,post
2026-07-04 04:49:51+00:00,KXBTC15M-26JUL040100-00,62652.23,62620.2,0.685,10.1,0.199085,0.0,2026-07-04 04:39:43.047973+00:00,1.3783066465014722,0.15,0.7465611611334827,0.2534388388665173,0.061561161133482645,-0.061561161133482645,yes,0.061561161133482645,0.0,0.685,False,post
2026-07-03 18:55:38+00:00,KXBTC15M-26JUL031500-00,62162.73,62173.98,0.505,4.4,0.214011,0.0,2026-07-03 18:50:36.488305+00:00,0.8589467150793948,0.15,0.44344289816973914,0.5565571018302609,-0.06155710183026086,0.06155710183026086,no,0.06155710183026086,1.0,0.495,True,post
2026-07-09 10:41:19+00:00,KXBTC15M-26JUL090645-45,62837.09,62834.89,0.505,3.7,0.240503,1.0,2026-07-09 10:36:13.947343+00:00,1.0451200107684657,0.15,0.5663819779124765,0.43361802208752354,0.06138197791247646,-0.06138197791247646,yes,0.06138197791247646,1.0,0.505,False,post
2026-07-02 20:19:42+00:00,KXBTC15M-26JUL021630-30,61386.23,61380.02,0.505,10.3,0.42988,0.0,2026-07-02 20:09:33.978504+00:00,0.4704755419919199,0.15,0.5663583216191008,0.4336416783808992,0.06135832161910082,-0.06135832161910082,yes,0.06135832161910082,0.0,0.505,False,post
2026-07-06 04:17:05+00:00,KXBTC15M-26JUL060030-30,63277.59,63273.1,0.505,12.9,0.270009,0.0,2026-07-06 04:11:59.089657+00:00,0.7302429846841274,0.15,0.5663566824848876,0.4336433175151124,0.06135668248488757,-0.06135668248488757,yes,0.06135668248488757,0.0,0.505,True,post
2026-07-07 04:08:54+00:00,KXBTC15M-26JUL070015-15,63129.95,63138.26,0.505,6.1,0.244662,1.0,2026-07-07 04:03:46.950492+00:00,0.016229968112513413,0.016229968112513413,0.4436629845414155,0.5563370154585845,-0.0613370154585845,0.0613370154585845,no,0.0613370154585845,0.0,0.495,True,post
2026-07-07 06:31:26+00:00,KXBTC15M-26JUL070245-45,63119.87,63115.68,0.525,13.6,0.245247,1.0,2026-07-07 06:16:12.736696+00:00,-0.1853111988093579,-0.15,0.4637547257037581,0.5362452742962419,-0.061245274296241936,0.061245274296241936,no,0.061245274296241936,0.0,0.475,True,post
2026-06-02 05:33:13+00:00,KXBTC15M-26JUN020145-45,70590.67,70501.32,0.755,11.8,0.297737,0.0,2026-06-02 05:23:07.612933+00:00,0.7230776734653381,0.15,0.8162216460820153,0.1837783539179847,0.0612216460820153,-0.0612216460820153,yes,0.0612216460820153,0.0,0.755,True,pre
2026-07-02 22:25:23+00:00,KXBTC15M-26JUL021830-30,61472.41,61459.16,0.625,4.6,0.196747,1.0,2026-07-02 22:20:20.017017+00:00,0.9608736184343987,0.15,0.6861666951315654,0.31383330486843464,0.06116669513156536,-0.06116669513156536,yes,0.06116669513156536,1.0,0.625,False,post
2026-07-04 18:19:21+00:00,KXBTC15M-26JUL041430-30,63194.27,63269.87,0.235,10.6,0.424817,0.0,2026-07-04 18:09:15.300526+00:00,0.7608052804109051,0.15,0.29605050475162986,0.7039494952483701,0.061050504751629875,-0.061050504751629875,yes,0.061050504751629875,0.0,0.235,True,post
2026-07-07 08:02:52+00:00,KXBTC15M-26JUL070415-15,63054.77,63049.8,0.525,12.1,0.210143,1.0,2026-07-07 07:57:46.939232+00:00,0.6077079066961051,0.15,0.5860411302559371,0.41395886974406293,0.06104113025593705,-0.06104113025593705,yes,0.06104113025593705,1.0,0.525,False,post
2026-07-09 05:36:38+00:00,KXBTC15M-26JUL090145-45,62242.15,62261.47,0.405,8.4,0.343084,1.0,2026-07-09 05:31:34.025909+00:00,1.2402308650706817,0.15,0.4660204460767397,0.5339795539232604,0.061020446076739676,-0.06102044607673962,yes,0.061020446076739676,1.0,0.405,False,post
2026-07-09 01:47:53+00:00,KXBTC15M-26JUL082200-00,61963.39,62061.65,0.305,12.1,0.712867,0.0,2026-07-09 01:39:53.060014+00:00,0.2906465468029713,0.15,0.3659312901122366,0.6340687098877634,0.06093129011223658,-0.060931290112236636,yes,0.06093129011223658,0.0,0.305,True,post
2026-07-07 10:55:28+00:00,KXBTC15M-26JUL070700-00,63204.94,63236.53,0.125,4.5,0.191982,0.0,2026-07-07 10:50:24.658914+00:00,1.1543378756316942,0.15,0.18585513211024857,0.8141448678897514,0.060855132110248567,-0.06085513211024862,yes,0.060855132110248567,0.0,0.125,False,post
2026-07-04 22:55:41+00:00,KXBTC15M-26JUL041900-00,63144.17,63161.85,0.265,4.3,0.175535,0.0,2026-07-04 22:50:37.409492+00:00,0.5671478335094451,0.15,0.325841804035363,0.674158195964637,0.06084180403536299,-0.06084180403536299,yes,0.06084180403536299,0.0,0.265,False,post
2026-07-05 14:33:17+00:00,KXBTC15M-26JUL051045-45,62620.2,62664.51,0.275,11.7,0.280585,1.0,2026-07-05 14:23:07.962361+00:00,1.4439968037731563,0.15,0.33581494979206383,0.6641850502079362,0.06081494979206381,-0.06081494979206381,yes,0.06081494979206381,1.0,0.275,False,post
2026-06-02 00:39:07+00:00,KXBTC15M-26JUN012045-45,71127.0,71109.28,0.575,5.9,0.349684,0.0,2026-06-02 00:34:05.223854+00:00,0.9628177644133677,0.15,0.6356084137473526,0.36439158625264745,0.060608413747352596,-0.060608413747352596,yes,0.060608413747352596,0.0,0.575,False,pre
2026-07-06 19:55:59+00:00,KXBTC15M-26JUL061600-00,63782.38,63806.01,0.315,4.0,0.303613,0.0,2026-07-06 19:50:55.686781+00:00,0.41344918591505153,0.15,0.3755727086383233,0.6244272913616766,0.060572708638323314,-0.060572708638323425,yes,0.060572708638323314,0.0,0.315,True,post
2026-07-03 17:34:43+00:00,KXBTC15M-26JUL031345-45,62124.99,62141.32,0.425,10.3,0.327754,1.0,2026-07-03 17:24:36.095700+00:00,0.7398382404490877,0.15,0.4855420243215987,0.5144579756784013,0.06054202432159872,-0.06054202432159861,yes,0.06054202432159872,1.0,0.425,False,post
2026-05-27 07:33:50+00:00,KXBTC15M-26MAY270345-45,75743.78,75752.19,0.445,11.2,0.181189,1.0,2026-05-27 07:23:43.401507+00:00,2.147616510534049,0.15,0.5054631199698302,0.4945368800301698,0.06046311996983017,-0.060463119969830115,yes,0.06046311996983017,1.0,0.445,False,pre
2026-07-04 19:32:52+00:00,KXBTC15M-26JUL041545-45,63301.75,63313.33,0.445,12.1,0.285176,1.0,2026-07-04 19:17:40.798952+00:00,0.8001585758254709,0.15,0.50532541813173,0.49467458186826996,0.060325418131730035,-0.06032541813172998,yes,0.060325418131730035,1.0,0.445,True,post
2026-05-27 06:07:55+00:00,KXBTC15M-26MAY270215-15,75648.42,75615.66,0.715,7.1,0.17,1.0,2026-05-27 06:02:52.631868+00:00,1.99086064426366,0.15,0.7752890281474427,0.22471097185255728,0.06028902814744275,-0.06028902814744275,yes,0.06028902814744275,1.0,0.715,False,pre
2026-05-27 02:50:40+00:00,KXBTC15M-26MAY262300-00,75629.07,75617.69,0.725,9.3,0.259884,1.0,2026-05-27 02:35:32.022936+00:00,1.761118379752343,0.15,0.6647580251643208,0.3352419748356792,-0.06024197483567917,0.06024197483567917,no,0.06024197483567917,0.0,0.275,True,pre
2026-07-08 05:01:02+00:00,KXBTC15M-26JUL080115-15,62760.5,62752.17,0.535,14.0,0.266086,1.0,2026-07-08 04:55:57.847303+00:00,0.46907329895375915,0.15,0.5951216845369832,0.4048783154630168,0.06012168453698319,-0.06012168453698319,yes,0.06012168453698319,1.0,0.535,False,post
2026-07-04 02:02:13+00:00,KXBTC15M-26JUL032215-15,62430.91,62436.75,0.475,12.8,0.313909,1.0,2026-07-04 01:57:05.178463+00:00,0.46574009748125067,0.15,0.5351120387422841,0.4648879612577159,0.0601120387422841,-0.0601120387422841,yes,0.0601120387422841,1.0,0.475,False,post
2026-07-04 07:32:24+00:00,KXBTC15M-26JUL040345-45,62490.8,62502.21,0.385,12.6,0.132793,0.0,2026-07-04 07:22:13.861934+00:00,2.2343793414495945,0.15,0.44503458352005687,0.5549654164799431,0.06003458352005686,-0.06003458352005686,yes,0.06003458352005686,0.0,0.385,True,post
2026-07-05 01:54:03+00:00,KXBTC15M-26JUL042200-00,62832.47,62812.46,0.815,5.9,0.305834,1.0,2026-07-05 00:19:53.456738+00:00,0.7794845067038463,0.15,0.7549795964303685,0.2450204035696315,-0.06002040356963145,0.06002040356963145,no,0.06002040356963145,0.0,0.18500000000000005,True,post
2026-07-10 14:26:44+00:00,KXBTC15M-26JUL101030-30,64058.93,64181.49,0.0235,3.3,0.709252,0.0,2026-07-10 14:21:39.876796+00:00,0.27127539549706814,0.15,0.08345696870392794,0.9165430312960721,0.059956968703927936,-0.05995696870392797,yes,0.059956968703927936,0.0,0.0235,True,post
2026-07-02 09:54:26+00:00,KXBTC15M-26JUL020600-00,61177.19,61005.92,0.825,5.6,0.63076,1.0,2026-07-02 09:49:21.386668+00:00,1.500484967943776,0.15,0.8848981790388373,0.11510182096116273,0.05989817903883732,-0.05989817903883732,yes,0.05989817903883732,1.0,0.825,False,post
2026-07-03 07:47:35+00:00,KXBTC15M-26JUL030400-00,61780.51,61755.5,0.635,12.4,0.213477,0.0,2026-07-03 07:42:31.634061+00:00,2.4098076577043717,0.15,0.6948884116920419,0.30511158830795815,0.05988841169204184,-0.05988841169204184,yes,0.05988841169204184,0.0,0.635,False,post
2026-07-06 19:05:15+00:00,KXBTC15M-26JUL061515-15,63620.43,63658.54,0.355,9.7,0.394946,1.0,2026-07-06 18:55:00.689526+00:00,0.2664531239839123,0.15,0.4148782872657377,0.5851217127342623,0.05987828726573774,-0.05987828726573774,yes,0.05987828726573774,1.0,0.355,False,post
2026-05-27 21:25:25+00:00,KXBTC15M-26MAY271730-30,75044.57,75070.59,0.195,4.6,0.160549,0.0,2026-05-27 21:20:24.080284+00:00,2.1593457459181957,0.15,0.25486057917809696,0.7451394208219031,0.05986057917809695,-0.05986057917809684,yes,0.05986057917809695,0.0,0.195,False,pre
2026-07-01 21:03:22+00:00,KXBTC15M-26JUL011715-15,60089.7,60072.59,0.565,11.6,0.341853,1.0,2026-07-01 20:48:09.218809+00:00,0.8407150927590874,0.15,0.6248317325529149,0.3751682674470851,0.05983173255291496,-0.05983173255291496,yes,0.05983173255291496,1.0,0.565,False,post
2026-05-27 04:01:27+00:00,KXBTC15M-26MAY270015-15,75563.27,75549.4,0.54,13.6,0.335454,0.0,2026-05-27 03:56:22.934251+00:00,1.5908822134866463,0.15,0.5997980035178848,0.4002019964821152,0.05979800351788478,-0.05979800351788478,yes,0.05979800351788478,0.0,0.54,False,pre
2026-07-09 14:19:56+00:00,KXBTC15M-26JUL091030-30,62671.42,62890.92,0.105,10.1,0.843595,0.0,2026-07-09 14:09:47.833038+00:00,0.6651708176401445,0.15,0.16472557057766346,0.8352744294223365,0.059725570577663464,-0.05972557057766348,yes,0.059725570577663464,0.0,0.105,True,post
2026-07-07 16:18:39+00:00,KXBTC15M-26JUL071230-30,63796.26,63809.63,0.475,11.3,0.706201,1.0,2026-07-07 15:19:54.185196+00:00,0.4773511240474441,0.15,0.534603851747332,0.46539614825266795,0.05960385174733207,-0.05960385174733207,yes,0.05960385174733207,1.0,0.475,False,post
2026-07-03 09:49:26+00:00,KXBTC15M-26JUL030600-00,61670.23,61594.19,0.825,10.6,0.203228,1.0,2026-07-03 09:39:16.015728+00:00,1.9195596625744544,0.15,0.8844986568465758,0.1155013431534242,0.05949865684657585,-0.05949865684657585,yes,0.05949865684657585,1.0,0.825,False,post
2026-05-26 05:18:31+00:00,KXBTC15M-26MAY260130-30,76769.14,76742.21,0.675,11.5,0.14296,1.0,2026-05-26 05:08:25.904031+00:00,2.442414951721105,0.15,0.7344385742151108,0.26556142578488917,0.059438574215110784,-0.059438574215110784,yes,0.059438574215110784,1.0,0.675,False,pre
2026-05-26 14:04:00+00:00,KXBTC15M-26MAY261015-15,77149.09,77123.96,0.55,11.0,0.538982,1.0,2026-05-26 13:53:54.664071+00:00,0.6394477155947108,0.15,0.6094365854920626,0.3905634145079374,0.059436585492062544,-0.059436585492062544,yes,0.059436585492062544,1.0,0.55,False,pre
2026-06-01 18:04:46+00:00,KXBTC15M-26JUN011415-15,71507.79,71570.0,0.285,10.2,0.378908,0.0,2026-06-01 17:55:33.906757+00:00,0.8785927979454564,0.15,0.3443447141150173,0.6556552858849827,0.05934471411501735,-0.059344714115017405,yes,0.05934471411501735,0.0,0.285,True,pre
2026-06-02 09:20:38+00:00,KXBTC15M-26JUN020530-30,69491.66,69468.15,0.575,9.4,0.397485,0.0,2026-06-02 09:10:31.815981+00:00,0.864451669104936,0.15,0.6342795878940362,0.36572041210596384,0.0592795878940362,-0.0592795878940362,yes,0.0592795878940362,0.0,0.575,True,pre
2026-07-04 03:48:55+00:00,KXBTC15M-26JUL040000-00,62633.31,62648.01,0.405,11.1,0.214248,0.0,2026-07-04 03:38:47.020566+00:00,1.1977661944594018,0.15,0.46426503316927065,0.5357349668307294,0.05926503316927062,-0.059265033169270565,yes,0.05926503316927062,0.0,0.405,True,post
2026-07-03 04:06:02+00:00,KXBTC15M-26JUL030015-15,61351.12,61366.2,0.405,9.0,0.249051,0.0,2026-07-03 03:55:51.409159+00:00,0.9350300513020919,0.15,0.4642470353284859,0.5357529646715141,0.05924703532848585,-0.05924703532848585,yes,0.05924703532848585,0.0,0.405,True,post
2026-07-02 10:24:57+00:00,KXBTC15M-26JUL020630-30,61139.66,61138.7,0.505,5.0,0.499075,0.0,2026-07-02 10:19:52.932725+00:00,1.5993295079252405,0.15,0.564191387833792,0.43580861216620803,0.059191387833791964,-0.059191387833791964,yes,0.059191387833791964,0.0,0.505,False,post
2026-05-27 12:47:03+00:00,KXBTC15M-26MAY270900-00,75712.41,75804.04,0.205,12.9,0.343284,0.0,2026-05-27 12:31:55.375307+00:00,1.3250575086290184,0.15,0.26415146282461954,0.7358485371753805,0.059151462824619555,-0.05915146282461958,yes,0.059151462824619555,0.0,0.205,True,pre
2026-05-26 11:32:25+00:00,KXBTC15M-26MAY260745-45,77172.66,77167.27,0.665,12.6,0.280978,0.0,2026-05-26 11:17:17.625262+00:00,1.011374501895313,0.15,0.6059497091069236,0.3940502908930764,-0.05905029089307645,0.05905029089307645,no,0.05905029089307645,1.0,0.33499999999999996,True,pre
2026-07-09 20:17:24+00:00,KXBTC15M-26JUL091630-30,63159.12,63172.18,0.445,12.6,0.295367,1.0,2026-07-09 20:12:19.006985+00:00,0.3475727045992213,0.15,0.5040284733257879,0.49597152667421207,0.05902847332578792,-0.05902847332578787,yes,0.05902847332578792,1.0,0.445,False,post
2026-07-09 12:02:42+00:00,KXBTC15M-26JUL090815-15,62693.13,62726.65,0.335,12.3,0.272062,1.0,2026-07-09 11:52:27.285137+00:00,1.4538493843866775,0.15,0.39399386248090995,0.60600613751909,0.05899386248090993,-0.058993862480909987,yes,0.05899386248090993,1.0,0.335,True,post
2026-07-05 13:32:19+00:00,KXBTC15M-26JUL050945-45,62664.35,62644.11,0.595,12.7,0.256198,1.0,2026-07-05 13:27:15.067798+00:00,1.0514050774926682,0.15,0.6538818102685109,0.3461181897314891,0.058881810268510915,-0.058881810268510915,yes,0.058881810268510915,1.0,0.595,False,post
2026-06-02 08:35:09+00:00,KXBTC15M-26JUN020445-45,69918.34,69902.58,0.545,9.8,0.460761,0.0,2026-06-02 08:25:00.696751+00:00,0.8975803777717847,0.15,0.6037755854435638,0.3962244145564362,0.05877558544356376,-0.05877558544356376,yes,0.05877558544356376,0.0,0.545,False,pre
2026-07-03 03:35:34+00:00,KXBTC15M-26JUL022345-45,61457.44,61474.79,0.415,9.4,0.306203,0.0,2026-07-03 03:25:24.947030+00:00,0.5730438972757766,0.15,0.47375340909541624,0.5262465909045837,0.058753409095416265,-0.058753409095416265,yes,0.058753409095416265,0.0,0.415,True,post
2026-07-09 10:46:24+00:00,KXBTC15M-26JUL090700-00,62809.16,62844.75,0.305,13.6,0.232619,0.0,2026-07-09 10:36:13.947343+00:00,1.0451200107684657,0.15,0.36367653730852756,0.6363234626914724,0.058676537308527565,-0.05867653730852762,yes,0.058676537308527565,0.0,0.305,True,post
2026-07-07 21:33:20+00:00,KXBTC15M-26JUL071745-45,63480.49,63469.18,0.535,11.7,0.442134,0.0,2026-07-07 21:23:12.064227+00:00,0.7097219301874192,0.15,0.5936636044981569,0.4063363955018431,0.058663604498156885,-0.058663604498156885,yes,0.058663604498156885,0.0,0.535,True,post
2026-07-05 17:52:00+00:00,KXBTC15M-26JUL051400-00,62586.59,62568.67,0.615,8.0,0.233165,1.0,2026-07-05 17:46:57.533700+00:00,0.5941363434083111,0.15,0.673591336766427,0.326408663233573,0.05859133676642703,-0.05859133676642703,yes,0.05859133676642703,1.0,0.615,False,post
2026-05-27 19:49:36+00:00,KXBTC15M-26MAY271600-00,74850.38,74852.6,0.495,10.4,0.230943,1.0,2026-05-27 19:39:29.550163+00:00,1.7395397770155747,0.15,0.5534454417906196,0.4465545582093804,0.05844544179061961,-0.05844544179061961,yes,0.05844544179061961,1.0,0.495,False,pre
2026-07-04 22:10:06+00:00,KXBTC15M-26JUL041815-15,63226.15,63261.24,0.155,4.9,0.2171,0.0,2026-07-04 22:05:03.023509+00:00,0.5710051580841211,0.15,0.21335946037152836,0.7866405396284717,0.058359460371528366,-0.05835946037152828,yes,0.058359460371528366,0.0,0.155,True,post
2026-05-26 17:17:13+00:00,KXBTC15M-26MAY261330-30,76348.42,76411.59,0.305,12.8,0.348355,0.0,2026-05-26 17:02:03.160973+00:00,0.3039728923771114,0.15,0.36334102693476106,0.636658973065239,0.058341026934761064,-0.058341026934761064,yes,0.058341026934761064,0.0,0.305,True,pre
2026-07-07 02:22:16+00:00,KXBTC15M-26JUL062230-30,63719.95,63793.07,0.185,7.7,0.391485,0.0,2026-07-07 02:17:12.208391+00:00,0.2768009399906359,0.15,0.24328557793999633,0.7567144220600037,0.058285577939996336,-0.058285577939996225,yes,0.058285577939996336,0.0,0.185,True,post
2026-07-10 09:07:13+00:00,KXBTC15M-26JUL100515-15,64164.57,64213.56,0.245,7.8,0.318083,0.0,2026-07-10 08:57:03.682939+00:00,1.3681511963026807,0.15,0.3032421269545227,0.6967578730454773,0.05824212695452269,-0.05824212695452269,yes,0.05824212695452269,0.0,0.245,True,post
2026-07-05 19:23:38+00:00,KXBTC15M-26JUL051530-30,62739.86,62797.31,0.054,6.4,0.246027,0.0,2026-07-05 19:18:33.616708+00:00,1.2055442095046525,0.15,0.11222324383140819,0.8877767561685919,0.05822324383140819,-0.05822324383140809,yes,0.05822324383140819,0.0,0.054,True,post
2026-07-09 02:23:26+00:00,KXBTC15M-26JUL082230-30,62011.83,62023.23,0.465,6.6,0.518026,0.0,2026-07-09 02:18:23.069551+00:00,0.2996928587200361,0.15,0.5232099572602611,0.4767900427397389,0.05820995726026107,-0.058209957260261014,yes,0.05820995726026107,0.0,0.465,True,post
2026-07-08 12:23:54+00:00,KXBTC15M-26JUL080830-30,62213.18,62280.14,0.195,6.1,0.425237,0.0,2026-07-08 12:18:51.449890+00:00,1.3871793317851937,0.15,0.25313128505166094,0.7468687149483391,0.05813128505166093,-0.058131285051660875,yes,0.05813128505166093,0.0,0.195,True,post
2026-05-26 07:39:55+00:00,KXBTC15M-26MAY260345-45,76547.95,76610.87,0.0745,5.1,0.256741,0.0,2026-05-26 07:34:51.961242+00:00,1.3589401150798306,0.15,0.13262808633953038,0.8673719136604696,0.058128086339530385,-0.05812808633953037,yes,0.058128086339530385,0.0,0.0745,False,pre
2026-07-03 04:21:15+00:00,KXBTC15M-26JUL030030-30,61311.45,61356.22,0.215,8.7,0.258174,1.0,2026-07-03 04:16:11.969182+00:00,1.2658938687805854,0.15,0.27311329468004214,0.7268867053199579,0.058113294680042143,-0.058113294680042116,yes,0.058113294680042143,1.0,0.215,False,post
2026-07-06 23:39:41+00:00,KXBTC15M-26JUL061945-45,64066.28,64079.15,0.425,5.3,0.317692,0.0,2026-07-06 23:34:38.145835+00:00,0.4419538681354376,0.15,0.48305055649055084,0.5169494435094492,0.05805055649055085,-0.0580505564905508,yes,0.05805055649055085,0.0,0.425,False,post
2026-05-27 12:01:36+00:00,KXBTC15M-26MAY270815-15,75649.54,75642.91,0.535,13.4,0.215606,0.0,2026-05-27 11:56:31.941050+00:00,1.9648707057715242,0.15,0.5929459493537202,0.40705405064627975,0.057945949353720216,-0.057945949353720216,yes,0.057945949353720216,0.0,0.535,True,pre
2026-05-26 03:49:20+00:00,KXBTC15M-26MAY260000-00,76573.52,76578.68,0.495,10.7,0.276887,1.0,2026-05-26 03:33:20.087091+00:00,0.8739183312264622,0.15,0.5528487727061704,0.4471512272938296,0.05784877270617039,-0.05784877270617039,yes,0.05784877270617039,1.0,0.495,False,pre
2026-07-02 12:01:38+00:00,KXBTC15M-26JUL020815-15,61254.6,61261.76,0.495,13.4,0.424963,1.0,2026-07-02 11:56:32.562041+00:00,1.527669381179885,0.15,0.5528413679335009,0.4471586320664991,0.05784136793350092,-0.05784136793350092,yes,0.05784136793350092,1.0,0.495,False,post
2026-07-05 18:17:26+00:00,KXBTC15M-26JUL051430-30,62654.11,62606.43,0.715,12.6,0.23479,1.0,2026-07-05 18:12:20.263491+00:00,0.5681273816637645,0.15,0.772712591927277,0.22728740807272296,0.05771259192727707,-0.05771259192727707,yes,0.05771259192727707,1.0,0.715,False,post
2026-07-07 21:02:57+00:00,KXBTC15M-26JUL071715-15,63734.38,63659.57,0.725,12.0,0.348721,1.0,2026-07-07 20:57:52.307898+00:00,0.8661898220392645,0.15,0.7826968417983899,0.21730315820161006,0.057696841798389964,-0.057696841798389964,yes,0.057696841798389964,1.0,0.725,False,post
2026-05-26 03:03:28+00:00,KXBTC15M-26MAY252315-15,76559.93,76562.94,0.485,11.5,0.143361,0.0,2026-05-26 02:48:17.783716+00:00,1.1487907391896979,0.15,0.5426036520099646,0.45739634799003537,0.057603652009964645,-0.057603652009964645,yes,0.057603652009964645,0.0,0.485,False,pre
2026-06-02 02:04:36+00:00,KXBTC15M-26JUN012215-15,70486.64,70632.13,0.135,10.4,0.520105,0.0,2026-06-02 01:54:29.357883+00:00,0.9630052816412242,0.15,0.19260014528293484,0.8073998547170651,0.057600145282934834,-0.05760014528293489,yes,0.057600145282934834,0.0,0.135,True,pre
2026-07-04 03:03:16+00:00,KXBTC15M-26JUL032315-15,62511.44,62489.33,0.645,11.7,0.186553,1.0,2026-07-04 02:53:08.327743+00:00,1.085272960804092,0.15,0.702586022717888,0.29741397728211205,0.05758602271788793,-0.05758602271788793,yes,0.05758602271788793,1.0,0.645,False,post
2026-07-02 19:03:25+00:00,KXBTC15M-26JUL021515-15,61667.81,61693.55,0.405,11.6,0.353634,0.0,2026-07-02 18:53:09.917394+00:00,0.7116695830428111,0.15,0.46251993798343416,0.5374800620165658,0.05751993798343413,-0.05751993798343413,yes,0.05751993798343413,0.0,0.405,True,post
2026-07-03 02:39:39+00:00,KXBTC15M-26JUL022245-45,61340.38,61348.27,0.495,5.3,0.37208,0.0,2026-07-03 02:34:35.234291+00:00,0.620362884394278,0.15,0.552445918101327,0.44755408189867296,0.05744591810132704,-0.05744591810132704,yes,0.05744591810132704,0.0,0.495,False,post
2026-06-02 02:19:46+00:00,KXBTC15M-26JUN012230-30,70090.23,70199.19,0.275,10.2,0.631885,1.0,2026-06-02 02:09:40.353755+00:00,0.6956972609367771,0.15,0.3324242802490712,0.6675757197509288,0.0574242802490712,-0.0574242802490712,yes,0.0574242802490712,1.0,0.275,False,pre
2026-05-27 23:01:16+00:00,KXBTC15M-26MAY271915-15,74304.08,74317.63,0.495,13.7,0.288672,1.0,2026-05-27 22:46:08.299091+00:00,0.5735623918744321,0.15,0.5523951934812203,0.44760480651877965,0.05739519348122035,-0.05739519348122035,yes,0.05739519348122035,1.0,0.495,False,pre
2026-07-03 18:20:17+00:00,KXBTC15M-26JUL031430-30,62105.24,62116.27,0.495,9.7,0.263707,1.0,2026-07-03 18:10:07.556324+00:00,0.7909453301674871,0.15,0.5523154942172238,0.4476845057827762,0.05731549421722382,-0.05731549421722382,yes,0.05731549421722382,1.0,0.495,False,post
2026-07-06 05:02:51+00:00,KXBTC15M-26JUL060115-15,63191.18,63202.05,0.495,12.1,0.217978,0.0,2026-07-06 04:57:44.646675+00:00,0.5161825232757493,0.15,0.5523013345269271,0.4476986654730729,0.057301334526927095,-0.057301334526927095,yes,0.057301334526927095,0.0,0.495,True,post
2026-07-09 12:48:26+00:00,KXBTC15M-26JUL090900-00,62532.62,62557.44,0.445,11.6,0.531978,1.0,2026-07-09 12:38:16.693656+00:00,1.025984584040022,0.15,0.5020571110324024,0.49794288896759764,0.05705711103240235,-0.0570571110324023,yes,0.05705711103240235,1.0,0.445,True,post
2026-07-02 03:03:16+00:00,KXBTC15M-26JUL012315-15,60367.67,60379.7,0.46,11.7,0.344293,1.0,2026-07-02 02:53:07.748906+00:00,1.177346693457219,0.15,0.5170550672241042,0.4829449327758958,0.057055067224104195,-0.05705506722410425,yes,0.057055067224104195,1.0,0.46,False,post
2026-05-26 09:25:59+00:00,KXBTC15M-26MAY260530-30,76603.96,76607.28,0.485,4.0,0.229211,1.0,2026-05-26 09:20:56.914450+00:00,1.5808919557726608,0.15,0.5419458657593671,0.4580541342406329,0.05694586575936711,-0.05694586575936711,yes,0.05694586575936711,1.0,0.485,False,pre
2026-06-02 17:39:24+00:00,KXBTC15M-26JUN021345-45,67575.9,67622.08,0.345,5.6,0.526274,0.0,2026-06-02 17:34:22.079854+00:00,0.5299138974685541,0.15,0.40189561581156974,0.5981043841884303,0.056895615811569766,-0.056895615811569766,yes,0.056895615811569766,0.0,0.345,True,pre
2026-05-27 01:34:50+00:00,KXBTC15M-26MAY262145-45,75759.62,75773.37,0.425,10.2,0.19769,1.0,2026-05-27 01:24:45.593753+00:00,2.3019657285316795,0.15,0.48187701985813675,0.5181229801418632,0.05687701985813676,-0.05687701985813676,yes,0.05687701985813676,1.0,0.425,False,pre
2026-07-08 06:12:09+00:00,KXBTC15M-26JUL080215-15,62547.53,62583.07,0.062,2.8,0.231098,0.0,2026-07-08 06:07:06.261661+00:00,0.38804513182938843,0.15,0.1187682337713808,0.8812317662286192,0.056768233771380794,-0.05676823377138074,yes,0.056768233771380794,0.0,0.062,True,post
2026-07-05 16:55:56+00:00,KXBTC15M-26JUL051300-00,62590.97,62570.59,0.885,4.1,0.237431,1.0,2026-07-05 16:50:51.436080+00:00,0.6095123669009284,0.15,0.8282616854276881,0.17173831457231192,-0.05673831457231193,0.05673831457231193,no,0.05673831457231193,0.0,0.11499999999999999,True,post
2026-07-03 06:06:02+00:00,KXBTC15M-26JUL030215-15,61748.38,61636.41,0.875,9.0,0.228087,1.0,2026-07-03 05:50:50.396155+00:00,1.5735927772106937,0.15,0.9317024061583289,0.06829759384167111,0.05670240615832889,-0.05670240615832889,yes,0.05670240615832889,1.0,0.875,False,post
2026-06-02 13:33:18+00:00,KXBTC15M-26JUN020945-45,68862.09,68923.35,0.355,11.7,0.501512,0.0,2026-06-02 13:18:09.722786+00:00,0.4032873853733017,0.15,0.4116793782102992,0.5883206217897008,0.056679378210299225,-0.056679378210299225,yes,0.056679378210299225,0.0,0.355,True,pre
2026-05-26 08:20:19+00:00,KXBTC15M-26MAY260430-30,76697.46,76703.81,0.49,9.7,0.245209,1.0,2026-05-26 08:10:13.894830+00:00,1.404945306981519,0.15,0.5466039128577558,0.4533960871422442,0.05660391285775579,-0.05660391285775579,yes,0.05660391285775579,1.0,0.49,False,pre
2026-07-02 16:36:03+00:00,KXBTC15M-26JUL021245-45,61217.75,61122.75,0.865,9.0,0.853021,1.0,2026-07-02 16:25:49.632090+00:00,0.4044271562547763,0.15,0.8084352372538506,0.19156476274614942,-0.05656476274614941,0.05656476274614941,no,0.05656476274614941,0.0,0.135,True,post
2026-07-01 21:48:53+00:00,KXBTC15M-26JUL011800-00,60756.74,60756.42,0.505,11.1,0.516787,1.0,2026-07-01 21:33:43.601352+00:00,1.1481538611916997,0.15,0.5614983592142085,0.43850164078579146,0.05649835921420854,-0.05649835921420854,yes,0.05649835921420854,1.0,0.505,False,post
2026-07-03 05:22:18+00:00,KXBTC15M-26JUL030130-30,61526.83,61469.71,0.775,7.7,0.259347,1.0,2026-07-03 05:17:15.857891+00:00,1.6196232557754613,0.15,0.8314812153602571,0.1685187846397429,0.056481215360257075,-0.056481215360257075,yes,0.056481215360257075,1.0,0.775,False,post
2026-07-04 07:27:19+00:00,KXBTC15M-26JUL040330-30,62489.77,62474.69,0.74,2.7,0.140684,1.0,2026-07-04 07:22:13.861934+00:00,2.2343793414495945,0.15,0.7964485435228926,0.20355145647710737,0.056448543522892636,-0.056448543522892636,yes,0.056448543522892636,1.0,0.74,False,post
2026-07-10 00:53:14+00:00,KXBTC15M-26JUL092100-00,62967.68,63022.95,0.245,6.8,0.383516,1.0,2026-07-10 00:48:09.778006+00:00,0.6637435136103649,0.15,0.3014327492316222,0.6985672507683778,0.056432749231622226,-0.056432749231622226,yes,0.056432749231622226,1.0,0.245,True,post
2026-07-02 03:48:54+00:00,KXBTC15M-26JUL020000-00,60677.41,60730.16,0.375,11.1,0.570396,1.0,2026-07-02 03:38:46.874220+00:00,1.5013595187440352,0.15,0.4313143985906903,0.5686856014093097,0.05631439859069032,-0.05631439859069032,yes,0.05631439859069032,1.0,0.375,False,post
2026-07-03 15:19:19+00:00,KXBTC15M-26JUL031130-30,62068.39,62157.33,0.295,10.7,0.610836,0.0,2026-07-03 15:09:10.404500+00:00,0.3686005866296411,0.15,0.3512585297857088,0.6487414702142912,0.05625852978570883,-0.05625852978570889,yes,0.05625852978570883,0.0,0.295,True,post
2026-07-10 00:38:00+00:00,KXBTC15M-26JUL092045-45,62996.77,63036.15,0.335,7.0,0.402091,0.0,2026-07-10 00:32:55.807966+00:00,0.762837989988935,0.15,0.3912547110342058,0.6087452889657943,0.05625471103420576,-0.05625471103420576,yes,0.05625471103420576,0.0,0.335,False,post
2026-05-26 02:48:17+00:00,KXBTC15M-26MAY252300-00,76553.67,76529.41,0.575,11.7,0.377529,1.0,2026-05-26 02:38:10.944042+00:00,1.2316207309742977,0.15,0.631206444994156,0.368793555005844,0.05620644499415606,-0.05620644499415606,yes,0.05620644499415606,1.0,0.575,False,pre
2026-06-02 12:02:21+00:00,KXBTC15M-26JUN020815-15,69368.44,69398.38,0.42,12.6,0.388304,0.0,2026-06-02 11:47:10.447590+00:00,1.2776456242981515,0.15,0.47607210968651026,0.5239278903134897,0.056072109686510274,-0.05607210968651033,yes,0.056072109686510274,0.0,0.42,True,pre
2026-05-27 01:04:31+00:00,KXBTC15M-26MAY262115-15,75931.79,75977.46,0.225,10.5,0.195947,0.0,2026-05-27 00:49:21.762046+00:00,2.4612569642676654,0.15,0.28102694305296627,0.7189730569470337,0.056026943052966266,-0.056026943052966294,yes,0.056026943052966266,0.0,0.225,False,pre
2026-07-06 03:35:32+00:00,KXBTC15M-26JUL052345-45,63161.96,63168.57,0.485,9.5,0.278933,0.0,2026-07-06 03:25:24.051609+00:00,0.15609658789963202,0.15,0.540994876070375,0.459005123929625,0.05599487607037501,-0.05599487607037501,yes,0.05599487607037501,0.0,0.485,False,post
2026-07-10 04:31:40+00:00,KXBTC15M-26JUL100045-45,63844.89,63866.83,0.415,13.3,0.285023,1.0,2026-07-10 04:21:30.402602+00:00,0.4802167780661485,0.15,0.4709758581270905,0.5290241418729096,0.055975858127090494,-0.05597585812709038,yes,0.055975858127090494,1.0,0.415,False,post
2026-07-03 06:31:25+00:00,KXBTC15M-26JUL030245-45,61696.37,61653.94,0.725,13.6,0.19761,0.0,2026-07-03 06:26:19.126600+00:00,1.440899682975064,0.15,0.7809702357123094,0.2190297642876906,0.05597023571230941,-0.05597023571230941,yes,0.05597023571230941,0.0,0.725,True,post
2026-07-08 14:05:48+00:00,KXBTC15M-26JUL081015-15,61944.5,61877.39,0.645,9.2,0.672345,1.0,2026-07-08 13:55:37.328185+00:00,0.6525847981325841,0.15,0.7007198232572693,0.29928017674273066,0.05571982325726932,-0.05571982325726932,yes,0.05571982325726932,1.0,0.645,False,post
2026-07-06 13:50:14+00:00,KXBTC15M-26JUL061000-00,61836.35,61572.71,0.9085,9.8,0.978572,1.0,2026-07-06 13:35:02.615775+00:00,-1.5270937107963218,-0.15,0.852826556510202,0.147173443489798,-0.05567344348979797,0.05567344348979797,no,0.05567344348979797,0.0,0.09150000000000003,True,post
2026-07-03 22:36:49+00:00,KXBTC15M-26JUL031845-45,62541.52,62579.78,0.305,8.2,0.309192,0.0,2026-07-03 22:31:47.080917+00:00,0.8161355160999917,0.15,0.3606292572050761,0.6393707427949239,0.05562925720507611,-0.055629257205076166,yes,0.05562925720507611,0.0,0.305,False,post
2026-07-04 06:36:29+00:00,KXBTC15M-26JUL040245-45,62404.36,62358.54,0.795,8.5,0.175215,1.0,2026-07-04 06:31:24.796429+00:00,1.8562387558405615,0.15,0.8506285798461677,0.1493714201538323,0.05562857984616765,-0.05562857984616765,yes,0.05562857984616765,1.0,0.795,False,post
2026-07-04 02:37:50+00:00,KXBTC15M-26JUL032245-45,62407.51,62424.82,0.39,7.2,0.248245,1.0,2026-07-04 02:32:45.574421+00:00,0.9298134785570711,0.15,0.44559058886479413,0.5544094111352058,0.05559058886479412,-0.05559058886479418,yes,0.05559058886479412,1.0,0.39,False,post
2026-05-26 09:05:48+00:00,KXBTC15M-26MAY260515-15,76618.2,76652.45,0.275,9.2,0.186904,0.0,2026-05-26 08:55:41.062413+00:00,1.713026301397524,0.15,0.3305794087660432,0.6694205912339568,0.05557940876604317,-0.05557940876604317,yes,0.05557940876604317,0.0,0.275,False,pre
2026-07-05 23:48:24+00:00,KXBTC15M-26JUL052000-00,63546.61,63661.52,0.115,11.6,0.402116,0.0,2026-07-05 23:38:13.610136+00:00,0.9783717689536733,0.15,0.17055943294329629,0.8294405670567038,0.05555943294329628,-0.05555943294329624,yes,0.05555943294329628,0.0,0.115,True,post
2026-07-05 22:16:43+00:00,KXBTC15M-26JUL051830-30,63193.13,63156.72,0.775,13.3,0.477148,1.0,2026-07-05 22:11:37.113908+00:00,1.8928404179042435,0.15,0.7195122589429932,0.2804877410570068,-0.05548774105700682,0.05548774105700682,no,0.05548774105700682,0.0,0.22499999999999998,True,post
2026-07-03 10:50:20+00:00,KXBTC15M-26JUL030700-00,61901.31,61931.91,0.325,9.7,0.252681,0.0,2026-07-03 10:40:07.927495+00:00,2.974682982860448,0.15,0.3804519323176473,0.6195480676823527,0.05545193231764728,-0.055451932317647334,yes,0.05545193231764728,0.0,0.325,True,post
2026-07-02 09:03:32+00:00,KXBTC15M-26JUL020515-15,60429.59,60442.49,0.435,11.5,0.229633,0.0,2026-07-02 06:31:22.448911+00:00,0.5409430103951532,0.15,0.49025496063963536,0.5097450393603646,0.055254960639635364,-0.05525496063963531,yes,0.055254960639635364,0.0,0.435,True,post
2026-07-05 04:33:25+00:00,KXBTC15M-26JUL050045-45,62876.19,62806.07,0.825,11.6,0.189879,1.0,2026-07-05 04:23:16.143861+00:00,1.8572184638274671,0.15,0.8800692072647287,0.1199307927352713,0.05506920726472875,-0.05506920726472875,yes,0.05506920726472875,1.0,0.825,False,post
2026-07-09 21:51:15+00:00,KXBTC15M-26JUL091800-00,63209.43,63188.45,0.645,8.7,0.215569,1.0,2026-07-09 21:46:12.376458+00:00,1.0374986853668462,0.15,0.699915746615523,0.300084253384477,0.05491574661552301,-0.05491574661552301,yes,0.05491574661552301,1.0,0.645,False,post
2026-05-26 19:18:18+00:00,KXBTC15M-26MAY261530-30,75724.58,75717.49,0.535,11.7,0.314821,1.0,2026-05-26 19:03:11.558276+00:00,0.46141972027271855,0.15,0.5898698940022404,0.41013010599775956,0.054869894002240405,-0.054869894002240405,yes,0.054869894002240405,1.0,0.535,False,pre
2026-07-10 01:03:23+00:00,KXBTC15M-26JUL092115-15,62960.87,63057.94,0.155,11.6,0.379161,0.0,2026-07-10 00:53:14.016429+00:00,0.7733347184008519,0.15,0.20983413586363653,0.7901658641363635,0.05483413586363653,-0.0548341358636365,yes,0.05483413586363653,0.0,0.155,True,post
2026-05-26 05:08:25+00:00,KXBTC15M-26MAY260115-15,76705.76,76676.3,0.765,6.6,0.126376,1.0,2026-05-26 05:03:23.515169+00:00,2.205226008171962,0.15,0.8198247268450287,0.18017527315497128,0.054824726845028704,-0.054824726845028704,yes,0.054824726845028704,1.0,0.765,False,pre
2026-07-07 09:03:49+00:00,KXBTC15M-26JUL070515-15,63093.17,63066.97,0.655,11.2,0.219201,1.0,2026-07-07 08:53:40.579544+00:00,0.7974714110838701,0.15,0.7098155662630282,0.2901844337369718,0.05481556626302819,-0.05481556626302819,yes,0.05481556626302819,1.0,0.655,False,post
2026-07-06 17:33:48+00:00,KXBTC15M-26JUL061345-45,63822.22,63870.31,0.405,11.2,0.595838,0.0,2026-07-06 17:18:34.947165+00:00,0.43226005285751384,0.15,0.45971395731642206,0.5402860426835779,0.054713957316422035,-0.054713957316422035,yes,0.054713957316422035,0.0,0.405,True,post
2026-07-02 09:18:46+00:00,KXBTC15M-26JUL020530-30,60386.88,60416.31,0.355,11.2,0.270062,1.0,2026-07-02 09:08:35.623191+00:00,0.6314280800405152,0.15,0.40971176772915685,0.5902882322708431,0.05471176772915687,-0.05471176772915687,yes,0.05471176772915687,1.0,0.355,False,post
2026-05-27 02:25:25+00:00,KXBTC15M-26MAY262230-30,75662.65,75707.97,0.14,4.6,0.224236,0.0,2026-05-27 02:20:22.505748+00:00,1.8772441118713288,0.15,0.19470326467515103,0.805296735324849,0.05470326467515102,-0.054703264675150964,yes,0.05470326467515102,0.0,0.14,True,pre
2026-07-02 19:33:56+00:00,KXBTC15M-26JUL021545-45,61542.27,61553.15,0.475,11.1,0.313736,0.0,2026-07-02 19:23:47.406366+00:00,0.7296914905520402,0.15,0.5296376071047245,0.4703623928952755,0.05463760710472454,-0.05463760710472454,yes,0.05463760710472454,0.0,0.475,False,post
2026-07-08 11:02:13+00:00,KXBTC15M-26JUL080715-15,62117.63,62090.88,0.635,12.8,0.253792,0.0,2026-07-08 10:57:07.508365+00:00,0.8927770707109774,0.15,0.6895939740066298,0.3104060259933702,0.0545939740066298,-0.0545939740066298,yes,0.0545939740066298,0.0,0.635,False,post
2026-07-04 02:48:00+00:00,KXBTC15M-26JUL032300-00,62430.94,62439.84,0.475,12.0,0.240055,1.0,2026-07-04 02:42:53.959412+00:00,1.1134221825281427,0.15,0.5295501665081351,0.47044983349186487,0.054550166508135156,-0.054550166508135156,yes,0.054550166508135156,1.0,0.475,False,post
2026-07-10 05:06:56+00:00,KXBTC15M-26JUL100115-15,63970.67,64006.34,0.275,8.1,0.244784,0.0,2026-07-10 05:01:53.193074+00:00,0.4914801510236164,0.15,0.3294406325393078,0.6705593674606922,0.054440632539307754,-0.054440632539307754,yes,0.054440632539307754,0.0,0.275,True,post
2026-05-26 04:48:14+00:00,KXBTC15M-26MAY260100-00,76692.03,76688.28,0.545,11.8,0.119952,0.0,2026-05-26 04:35:11.803625+00:00,2.016474811555089,0.15,0.5994213226878802,0.4005786773121198,0.054421322687880136,-0.054421322687880136,yes,0.054421322687880136,0.0,0.545,False,pre
2026-06-02 13:53:31+00:00,KXBTC15M-26JUN021000-00,68690.7,68786.72,0.195,6.5,0.513941,0.0,2026-06-02 13:48:26.783945+00:00,0.43148977756109297,0.15,0.2491608573826773,0.7508391426173227,0.054160857382677285,-0.054160857382677285,yes,0.054160857382677285,0.0,0.195,True,pre
2026-07-10 06:02:50+00:00,KXBTC15M-26JUL100215-15,64102.33,64075.75,0.655,12.2,0.212632,0.0,2026-07-10 05:57:44.621646+00:00,0.8970832159233485,0.15,0.7091597794167501,0.2908402205832499,0.0541597794167501,-0.0541597794167501,yes,0.0541597794167501,0.0,0.655,True,post
2026-07-07 13:02:32+00:00,KXBTC15M-26JUL070915-15,63395.75,63414.62,0.475,12.5,0.460481,0.0,2026-07-07 12:57:25.720139+00:00,0.6771012475794647,0.15,0.5291432055509305,0.47085679444906947,0.05414320555093055,-0.05414320555093055,yes,0.05414320555093055,0.0,0.475,True,post
2026-06-01 17:35:22+00:00,KXBTC15M-26JUN011345-45,71442.46,71475.82,0.435,9.6,0.521146,1.0,2026-06-01 17:20:14.885841+00:00,0.9208033523223096,0.15,0.4891269930937104,0.5108730069062897,0.054126993093710385,-0.054126993093710274,yes,0.054126993093710385,1.0,0.435,False,pre
2026-07-09 01:17:24+00:00,KXBTC15M-26JUL082130-30,62320.99,62353.43,0.475,12.6,0.793673,1.0,2026-07-09 01:02:05.471782+00:00,0.9816002896753881,0.15,0.5290786721076763,0.47092132789232366,0.05407867210767636,-0.05407867210767636,yes,0.05407867210767636,1.0,0.475,True,post
2026-05-27 13:17:23+00:00,KXBTC15M-26MAY270930-30,75274.53,75303.62,0.485,12.6,0.434336,0.0,2026-05-27 13:12:18.580714+00:00,0.8523060227317634,0.15,0.539011310741374,0.460988689258626,0.054011310741374,-0.054011310741374,yes,0.054011310741374,0.0,0.485,True,pre
2026-07-05 04:18:13+00:00,KXBTC15M-26JUL050030-30,62751.22,62743.86,0.575,11.8,0.151748,1.0,2026-07-05 04:08:06.404810+00:00,1.6779924492799898,0.15,0.6289720623806035,0.37102793761939645,0.05397206238060359,-0.05397206238060359,yes,0.05397206238060359,1.0,0.575,False,post
2026-07-07 12:21:52+00:00,KXBTC15M-26JUL070830-30,63684.48,63758.69,0.255,8.1,0.470148,0.0,2026-07-07 12:16:48.748845+00:00,2.0411226258133226,0.15,0.30895386997313234,0.6910461300268677,0.05395386997313234,-0.05395386997313234,yes,0.05395386997313234,0.0,0.255,True,post
2026-07-03 20:01:26+00:00,KXBTC15M-26JUL031615-15,62153.52,62167.19,0.46,13.6,0.27435,1.0,2026-07-03 19:56:20.982552+00:00,0.8778637514821147,0.15,0.513946073263985,0.486053926736015,0.053946073263984984,-0.05394607326398504,yes,0.053946073263984984,1.0,0.46,False,post
2026-07-09 11:06:46+00:00,KXBTC15M-26JUL090715-15,62729.16,62738.19,0.465,8.2,0.244275,1.0,2026-07-09 11:01:42.109756+00:00,1.0098664456143478,0.15,0.5188980975619866,0.48110190243801343,0.05389809756198655,-0.05389809756198649,yes,0.05389809756198655,1.0,0.465,False,post
2026-07-01 19:17:04+00:00,KXBTC15M-26JUL011530-30,60279.83,60226.14,0.675,12.9,0.382617,0.0,2026-07-01 19:01:54.526898+00:00,0.610064342165145,0.15,0.7288528326495807,0.2711471673504193,0.05385283264958063,-0.05385283264958063,yes,0.05385283264958063,0.0,0.675,True,post
2026-07-07 03:18:08+00:00,KXBTC15M-26JUL062330-30,63293.57,63320.87,0.355,11.9,0.346435,0.0,2026-07-07 03:08:00.378751+00:00,0.09317005484436466,0.09317005484436466,0.4087020922985219,0.5912979077014782,0.05370209229852191,-0.05370209229852185,yes,0.05370209229852191,0.0,0.355,True,post
2026-07-10 13:20:45+00:00,KXBTC15M-26JUL100930-30,64160.78,64207.46,0.295,9.2,0.322495,0.0,2026-07-10 13:10:38.017489+00:00,0.759049638756942,0.15,0.34867343764128267,0.6513265623587173,0.053673437641282684,-0.05367343764128274,yes,0.053673437641282684,0.0,0.295,True,post
2026-05-27 19:39:29+00:00,KXBTC15M-26MAY271545-45,74909.29,74890.66,0.655,5.5,0.192263,0.0,2026-05-27 19:34:27.711899+00:00,1.5853845483499227,0.15,0.708576168120825,0.291423831879175,0.053576168120824996,-0.053576168120824996,yes,0.053576168120824996,0.0,0.655,False,pre
2026-07-07 14:18:55+00:00,KXBTC15M-26JUL071030-30,62984.68,62976.07,0.525,11.1,0.898188,1.0,2026-07-07 14:08:41.624671+00:00,0.36322550155803984,0.15,0.578387901672369,0.421612098327631,0.053387901672368954,-0.053387901672368954,yes,0.053387901672368954,1.0,0.525,True,post
2026-07-06 11:18:02+00:00,KXBTC15M-26JUL060730-30,62740.98,62753.84,0.485,12.0,0.158617,1.0,2026-07-06 11:12:57.165666+00:00,1.7531718318471599,0.15,0.538308055320686,0.46169194467931396,0.053308055320686054,-0.053308055320686054,yes,0.053308055320686054,1.0,0.485,False,post
2026-07-05 07:31:34+00:00,KXBTC15M-26JUL050345-45,62717.62,62702.98,0.645,13.4,0.126676,1.0,2026-07-05 07:26:29.769477+00:00,2.0125788618655465,0.15,0.6982675972279255,0.30173240277207447,0.05326759722792551,-0.05326759722792551,yes,0.05326759722792551,1.0,0.645,False,post
2026-07-09 11:47:22+00:00,KXBTC15M-26JUL090800-00,62599.25,62610.41,0.465,12.6,0.226573,1.0,2026-07-09 11:42:18.161508+00:00,1.3673213544672782,0.15,0.5181809664608586,0.48181903353914135,0.053180966460858625,-0.05318096646085857,yes,0.053180966460858625,1.0,0.465,False,post
2026-05-26 23:48:44+00:00,KXBTC15M-26MAY262000-00,75848.79,75848.93,0.505,11.3,0.10723,0.0,2026-05-26 23:38:38.154828+00:00,1.7409921156549868,0.15,0.5581528351066781,0.4418471648933219,0.05315283510667812,-0.05315283510667812,yes,0.05315283510667812,0.0,0.505,False,pre
2026-07-07 11:46:17+00:00,KXBTC15M-26JUL070800-00,63257.57,63180.45,0.775,13.7,0.26982,1.0,2026-07-07 11:41:11.159961+00:00,1.5833393168882826,0.15,0.8280214341205885,0.17197856587941152,0.05302143412058846,-0.05302143412058846,yes,0.05302143412058846,1.0,0.775,False,post
2026-07-07 05:04:42+00:00,KXBTC15M-26JUL070115-15,63048.81,63057.1,0.475,10.3,0.184462,0.0,2026-07-07 04:54:33.738363+00:00,0.4749780774121778,0.15,0.5280034371973563,0.4719965628026437,0.05300343719735634,-0.05300343719735634,yes,0.05300343719735634,0.0,0.475,True,post
2026-07-02 11:31:11+00:00,KXBTC15M-26JUL020745-45,61208.56,61224.42,0.475,13.8,0.313648,1.0,2026-07-02 11:26:02.827296+00:00,1.0315953634938886,0.15,0.5279967367452263,0.4720032632547737,0.052996736745226314,-0.052996736745226314,yes,0.052996736745226314,1.0,0.475,False,post
2026-07-06 04:32:19+00:00,KXBTC15M-26JUL060045-45,63154.68,63167.53,0.475,12.7,0.254442,1.0,2026-07-06 04:27:13.197393+00:00,0.7344996844328262,0.15,0.5279473885329015,0.47205261146709854,0.052947388532901485,-0.052947388532901485,yes,0.052947388532901485,1.0,0.475,False,post
2026-07-09 23:37:01+00:00,KXBTC15M-26JUL091945-45,63185.67,63199.04,0.465,8.0,0.328896,1.0,2026-07-09 23:31:56.425727+00:00,0.9920785519980237,0.15,0.5179386302173965,0.4820613697826035,0.052938630217396476,-0.05293863021739642,yes,0.052938630217396476,1.0,0.465,False,post
2026-06-01 18:24:58+00:00,KXBTC15M-26JUN011430-30,71321.39,71392.72,0.105,5.0,0.322893,1.0,2026-06-01 18:19:55.647707+00:00,1.0193728017730668,0.15,0.15790338214014404,0.8420966178598559,0.05290338214014405,-0.05290338214014412,yes,0.05290338214014405,1.0,0.105,False,pre
2026-05-27 00:49:21+00:00,KXBTC15M-26MAY262100-00,75900.08,75871.36,0.655,10.6,0.213731,1.0,2026-05-27 00:34:12.921435+00:00,2.353521226457379,0.15,0.7078966522904419,0.29210334770955815,0.052896652290441826,-0.052896652290441826,yes,0.052896652290441826,1.0,0.655,False,pre
2026-06-02 00:18:54+00:00,KXBTC15M-26JUN012030-30,71128.58,71172.07,0.315,11.1,0.266674,0.0,2026-06-02 00:08:47.936660+00:00,0.7934329477178274,0.15,0.367848531263005,0.632151468736995,0.05284853126300498,-0.05284853126300504,yes,0.05284853126300498,0.0,0.315,True,pre
2026-06-02 05:02:55+00:00,KXBTC15M-26JUN020115-15,70640.17,70701.22,0.295,12.1,0.329261,1.0,2026-06-02 04:57:51.836249+00:00,0.6263739176348582,0.15,0.34767603969482086,0.6523239603051791,0.052676039694820875,-0.05267603969482093,yes,0.052676039694820875,1.0,0.295,True,pre
2026-05-27 02:05:12+00:00,KXBTC15M-26MAY262215-15,75752.2,75765.93,0.475,9.8,0.236585,0.0,2026-05-27 01:50:00.161814+00:00,2.1171762216999985,0.15,0.5274867046118744,0.4725132953881256,0.052486704611874435,-0.052486704611874435,yes,0.052486704611874435,0.0,0.475,False,pre
2026-05-27 17:18:18+00:00,KXBTC15M-26MAY271330-30,74846.93,74845.13,0.515,11.7,0.479207,1.0,2026-05-27 15:33:52.355311+00:00,0.8249237094935061,0.15,0.5674655145047343,0.43253448549526574,0.052465514504734245,-0.052465514504734245,yes,0.052465514504734245,1.0,0.515,False,pre
2026-07-03 07:01:54+00:00,KXBTC15M-26JUL030315-15,61649.75,61662.12,0.455,13.1,0.209667,0.0,2026-07-03 06:56:48.872100+00:00,1.67237568218581,0.15,0.5071843105850529,0.49281568941494713,0.05218431058505285,-0.052184310585052796,yes,0.05218431058505285,0.0,0.455,False,post
2026-07-06 10:47:32+00:00,KXBTC15M-26JUL060700-00,62855.74,62869.9,0.48,12.5,0.195013,0.0,2026-07-06 10:42:26.523509+00:00,1.870251840177373,0.15,0.5321747855550623,0.46782521444493774,0.052174785555062275,-0.052174785555062275,yes,0.052174785555062275,0.0,0.48,False,post
2026-07-04 16:48:15+00:00,KXBTC15M-26JUL041300-00,62823.91,62864.46,0.35,11.7,0.323023,1.0,2026-07-04 16:33:05.248903+00:00,0.8793587884859155,0.15,0.4021303868288685,0.5978696131711315,0.0521303868288685,-0.0521303868288685,yes,0.0521303868288685,1.0,0.35,False,post
2026-07-05 18:48:02+00:00,KXBTC15M-26JUL051500-00,62687.93,62701.66,0.475,12.0,0.227341,1.0,2026-07-05 18:42:52.763688+00:00,1.0752910353263845,0.15,0.5268554551415447,0.47314454485845525,0.05185545514154477,-0.05185545514154477,yes,0.05185545514154477,1.0,0.475,False,post
2026-07-05 23:02:40+00:00,KXBTC15M-26JUL051915-15,63734.21,63663.63,0.675,12.3,0.506233,1.0,2026-07-05 22:47:18.430445+00:00,1.5907338572690117,0.15,0.7268465694092434,0.2731534305907566,0.05184656940924337,-0.05184656940924337,yes,0.05184656940924337,1.0,0.675,False,post
2026-07-06 23:19:24+00:00,KXBTC15M-26JUL061930-30,64129.98,64227.28,0.135,10.6,0.359257,0.0,2026-07-06 23:04:11.820958+00:00,0.534276372998486,0.15,0.18678722479769466,0.8132127752023053,0.05178722479769465,-0.05178722479769471,yes,0.05178722479769465,0.0,0.135,True,post
2026-07-04 16:17:53+00:00,KXBTC15M-26JUL041230-30,62760.51,62756.99,0.525,12.1,0.418696,1.0,2026-07-04 16:12:50.453713+00:00,1.004524359067989,0.15,0.5767807526969253,0.4232192473030747,0.05178075269692528,-0.05178075269692528,yes,0.05178075269692528,1.0,0.525,False,post
2026-07-06 03:20:19+00:00,KXBTC15M-26JUL052330-30,63338.31,63353.23,0.475,9.7,0.26688,0.0,2026-07-06 03:10:06.891255+00:00,0.3577868595799957,0.15,0.5267671925506914,0.4732328074493086,0.0517671925506914,-0.0517671925506914,yes,0.0517671925506914,0.0,0.475,True,post
2026-07-04 20:03:16+00:00,KXBTC15M-26JUL041615-15,63321.82,63255.46,0.755,11.7,0.289342,1.0,2026-07-04 19:53:06.277167+00:00,0.7212320619500375,0.15,0.806664441495402,0.19333555850459805,0.05166444149540195,-0.05166444149540195,yes,0.05166444149540195,1.0,0.755,False,post
2026-06-02 18:04:39+00:00,KXBTC15M-26JUN021415-15,67405.65,67390.43,0.575,10.4,0.340126,1.0,2026-06-02 17:54:33.951849+00:00,0.6894595354307823,0.15,0.6266344679586096,0.37336553204139045,0.0516344679586096,-0.0516344679586096,yes,0.0516344679586096,1.0,0.575,False,pre
2026-07-08 00:36:54+00:00,KXBTC15M-26JUL072045-45,63543.08,63579.66,0.365,8.1,0.372953,1.0,2026-07-08 00:31:48.039620+00:00,0.27092277171380674,0.15,0.41663113830042325,0.5833688616995767,0.05163113830042326,-0.05163113830042332,yes,0.05163113830042326,1.0,0.365,False,post
2026-06-01 20:26:57+00:00,KXBTC15M-26JUN011630-30,71477.09,71489.28,0.475,3.0,0.334368,1.0,2026-06-01 20:21:55.713291+00:00,1.4281989290978334,0.15,0.5265909986748825,0.47340900132511754,0.05159099867488248,-0.05159099867488248,yes,0.05159099867488248,1.0,0.475,False,pre
2026-07-07 18:34:06+00:00,KXBTC15M-26JUL071445-45,63921.54,63947.5,0.475,10.9,0.417105,1.0,2026-07-07 18:23:59.285490+00:00,0.40117510261404626,0.15,0.5265847858238722,0.47341521417612775,0.05158478582387227,-0.05158478582387227,yes,0.05158478582387227,1.0,0.475,False,post
2026-07-03 20:41:58+00:00,KXBTC15M-26JUL031645-45,62587.08,62565.84,0.775,3.0,0.565157,1.0,2026-07-03 20:36:55.550435+00:00,1.1400270203682294,0.15,0.7237121803521662,0.2762878196478338,-0.0512878196478338,0.0512878196478338,no,0.0512878196478338,0.0,0.22499999999999998,True,post
2026-07-10 06:18:03+00:00,KXBTC15M-26JUL100230-30,63978.0,64006.04,0.345,12.0,0.206643,0.0,2026-07-10 06:02:50.629500+00:00,0.8155084784316062,0.15,0.3960801432834179,0.6039198567165821,0.05108014328341792,-0.05108014328341792,yes,0.05108014328341792,0.0,0.345,True,post
2026-05-27 03:41:14+00:00,KXBTC15M-26MAY262345-45,75659.44,75726.96,0.0305,3.8,0.284769,0.0,2026-05-27 03:31:08.126102+00:00,1.9377034406388072,0.15,0.0815547123130923,0.9184452876869077,0.051054712313092304,-0.05105471231309233,yes,0.051054712313092304,0.0,0.0305,False,pre
2026-07-05 21:35:55+00:00,KXBTC15M-26JUL051745-45,62843.96,62873.6,0.375,9.1,0.301224,1.0,2026-07-05 21:25:42.624642+00:00,1.5390523098318454,0.15,0.42595920063464154,0.5740407993653585,0.050959200634641544,-0.050959200634641544,yes,0.050959200634641544,1.0,0.375,False,post
2026-07-05 08:57:58+00:00,KXBTC15M-26JUL050500-00,62882.3,62895.17,0.225,2.0,0.144253,0.0,2026-07-05 08:52:54.506604+00:00,1.5705765354340382,0.15,0.2758153101468116,0.7241846898531884,0.05081531014681159,-0.05081531014681162,yes,0.05081531014681159,0.0,0.225,False,post
2026-07-02 03:33:42+00:00,KXBTC15M-26JUL012345-45,60505.95,60504.7,0.515,11.3,0.617917,1.0,2026-07-02 03:23:34.965815+00:00,1.4153612396297555,0.15,0.5656036976025878,0.4343963023974122,0.05060369760258776,-0.05060369760258776,yes,0.05060369760258776,1.0,0.515,False,post
2026-07-07 09:34:16+00:00,KXBTC15M-26JUL070545-45,63111.2,63121.77,0.455,10.7,0.169483,1.0,2026-07-07 09:24:08.463165+00:00,0.8444991378899401,0.15,0.5055517278686414,0.49444827213135856,0.05055172786864143,-0.05055172786864137,yes,0.05055172786864143,1.0,0.455,False,post
2026-05-27 08:19:18+00:00,KXBTC15M-26MAY270430-30,75796.58,75810.86,0.425,10.7,0.154366,1.0,2026-05-27 08:04:08.538237+00:00,2.2755094088531047,0.15,0.47553218393067864,0.5244678160693214,0.050532183930678654,-0.0505321839306786,yes,0.050532183930678654,1.0,0.425,False,pre
2026-07-05 20:19:32+00:00,KXBTC15M-26JUL051630-30,62706.07,62765.13,0.0855,10.5,0.196309,0.0,2026-07-05 20:09:21.890438+00:00,1.0128363564622629,0.15,0.13600932491691342,0.8639906750830866,0.050509324916913415,-0.0505093249169134,yes,0.050509324916913415,0.0,0.0855,True,post
2026-07-02 04:49:48+00:00,KXBTC15M-26JUL020100-00,60703.2,60688.14,0.575,10.2,0.393692,1.0,2026-07-02 04:39:40.259551+00:00,0.9493136298794694,0.15,0.6255042265933498,0.3744957734066502,0.050504226593349855,-0.050504226593349855,yes,0.050504226593349855,1.0,0.575,False,post
2026-07-05 15:54:47+00:00,KXBTC15M-26JUL051200-00,62694.64,62658.4,0.895,5.2,0.335704,1.0,2026-07-05 15:49:41.019688+00:00,0.8386205284722617,0.15,0.8446584258563483,0.15534157414365168,-0.0503415741436517,0.0503415741436517,no,0.0503415741436517,0.0,0.10499999999999998,True,post
2026-07-01 20:07:40+00:00,KXBTC15M-26JUL011615-15,59909.61,59973.66,0.195,7.3,0.356688,0.0,2026-07-01 20:02:36.990944+00:00,0.4012618647712206,0.15,0.2453377704576148,0.7546622295423853,0.05033777045761478,-0.05033777045761467,yes,0.05033777045761478,0.0,0.195,True,post
2026-07-03 12:31:45+00:00,KXBTC15M-26JUL030845-45,61883.62,61877.58,0.545,13.2,0.289745,0.0,2026-07-03 12:26:40.635570+00:00,1.3884365446184852,0.15,0.5953256876780703,0.40467431232192974,0.05032568767807022,-0.05032568767807022,yes,0.05032568767807022,0.0,0.545,False,post
2026-06-02 08:19:58+00:00,KXBTC15M-26JUN020430-30,69865.4,69963.61,0.175,10.0,0.376907,0.0,2026-06-02 08:09:52.221906+00:00,0.7586232547875407,0.15,0.2251601002145488,0.7748398997854512,0.05016010021454881,-0.05016010021454875,yes,0.05016010021454881,0.0,0.175,True,pre
2026-05-26 05:48:48+00:00,KXBTC15M-26MAY260200-00,76808.19,76836.34,0.375,11.2,0.206919,0.0,2026-05-26 05:33:39.465560+00:00,2.548099069724848,0.15,0.4251550765646066,0.5748449234353934,0.050155076564606604,-0.050155076564606604,yes,0.050155076564606604,0.0,0.375,True,pre
2026-07-06 09:06:04+00:00,KXBTC15M-26JUL060515-15,62828.87,62847.83,0.365,8.9,0.179482,0.0,2026-07-06 08:55:54.270317+00:00,1.079554385041952,0.15,0.41490308856404046,0.5850969114359595,0.049903088564040465,-0.049903088564040465,yes,0.049903088564040465,0.0,0.365,True,post
2026-07-02 10:09:42+00:00,KXBTC15M-26JUL020615-15,61016.25,61127.54,0.0755,5.3,0.520295,1.0,2026-07-02 10:04:37.486496+00:00,1.379859652023365,0.15,0.1253309144838226,0.8746690855161774,0.04983091448382261,-0.0498309144838226,yes,0.04983091448382261,1.0,0.0755,True,post
2026-06-02 10:46:31+00:00,KXBTC15M-26JUN020700-00,69413.53,69382.11,0.625,13.5,0.320921,1.0,2026-06-02 10:41:27.398092+00:00,1.6501298494761603,0.15,0.6748278117125669,0.3251721882874331,0.049827811712566894,-0.049827811712566894,yes,0.049827811712566894,1.0,0.625,False,pre
2026-07-10 08:31:41+00:00,KXBTC15M-26JUL100445-45,64255.28,64284.26,0.455,13.3,0.380591,0.0,2026-07-10 08:16:29.670412+00:00,1.6617878360200131,0.15,0.5047105325337964,0.4952894674662036,0.04971053253379637,-0.049710532533796314,yes,0.04971053253379637,0.0,0.455,True,post
2026-07-09 00:51:55+00:00,KXBTC15M-26JUL082100-00,62044.34,62149.51,0.115,8.1,0.427889,0.0,2026-07-09 00:46:49.661845+00:00,0.9279577217784987,0.15,0.16470033122067745,0.8352996687793226,0.04970033122067745,-0.04970033122067741,yes,0.04970033122067745,0.0,0.115,True,post
2026-07-08 12:03:38+00:00,KXBTC15M-26JUL080815-15,62217.98,62251.91,0.435,11.4,0.446611,1.0,2026-07-08 11:53:26.209534+00:00,1.5130343567785514,0.15,0.48467179323921206,0.5153282067607879,0.04967179323921206,-0.049671793239212,yes,0.04967179323921206,1.0,0.435,False,post
2026-07-09 00:21:24+00:00,KXBTC15M-26JUL082030-30,62154.26,62205.61,0.175,8.6,0.237763,0.0,2026-07-09 00:16:17.533749+00:00,0.5954932966628509,0.15,0.22466429622100698,0.775335703778993,0.04966429622100699,-0.04966429622100699,yes,0.04966429622100699,0.0,0.175,True,post
2026-07-07 03:48:34+00:00,KXBTC15M-26JUL070000-00,63138.4,63158.17,0.505,11.4,0.304908,0.0,2026-07-07 03:38:25.581748+00:00,0.10829551513260112,0.10829551513260112,0.4553421184858317,0.5446578815141683,-0.04965788151416828,0.04965788151416828,no,0.04965788151416828,1.0,0.495,True,post
2026-07-07 10:25:03+00:00,KXBTC15M-26JUL070630-30,63305.26,63321.84,0.475,5.0,0.224935,0.0,2026-07-07 10:19:58.164408+00:00,1.1024201172496213,0.15,0.5244992584002565,0.47550074159974354,0.049499258400256485,-0.049499258400256485,yes,0.049499258400256485,0.0,0.475,True,post
2026-07-08 06:32:28+00:00,KXBTC15M-26JUL080245-45,62557.78,62577.98,0.455,12.5,0.275436,0.0,2026-07-08 06:27:23.618669+00:00,0.6610261368180163,0.15,0.5044820733297548,0.4955179266702452,0.049482073329754794,-0.04948207332975474,yes,0.049482073329754794,0.0,0.455,True,post
2026-07-04 18:49:42+00:00,KXBTC15M-26JUL041500-00,63065.99,63088.94,0.445,10.3,0.327677,1.0,2026-07-04 18:39:36.312145+00:00,0.6802145886151385,0.15,0.4943894082851143,0.5056105917148856,0.04938940828511429,-0.04938940828511429,yes,0.04938940828511429,1.0,0.445,False,post
2026-06-02 06:23:46+00:00,KXBTC15M-26JUN020230-30,70216.94,70209.62,0.555,6.2,0.348489,1.0,2026-06-02 06:18:43.985796+00:00,0.5210644917961608,0.15,0.6043817049960383,0.39561829500396173,0.04938170499603822,-0.04938170499603822,yes,0.04938170499603822,1.0,0.555,False,pre
2026-07-05 20:34:47+00:00,KXBTC15M-26JUL051645-45,62657.13,62670.45,0.455,10.2,0.197762,1.0,2026-07-05 20:24:35.646272+00:00,0.9133828635471078,0.15,0.5043148860477507,0.49568511395224935,0.04931488604775064,-0.049314886047750583,yes,0.04931488604775064,1.0,0.455,False,post
2026-07-08 04:20:21+00:00,KXBTC15M-26JUL080030-30,62772.24,62753.54,0.615,9.6,0.283497,1.0,2026-07-08 04:10:12.945717+00:00,0.2415507578637566,0.15,0.6643046857048432,0.33569531429515675,0.049304685704843254,-0.049304685704843254,yes,0.049304685704843254,1.0,0.615,False,post
2026-05-27 22:51:11+00:00,KXBTC15M-26MAY271900-00,74415.74,74523.69,0.115,8.8,0.350019,0.0,2026-05-27 22:46:08.299091+00:00,0.5735623918744321,0.15,0.16428379202718102,0.835716207972819,0.049283792027181014,-0.04928379202718103,yes,0.049283792027181014,0.0,0.115,True,pre
2026-07-09 04:20:27+00:00,KXBTC15M-26JUL090030-30,61988.91,62009.2,0.43,9.5,0.278381,1.0,2026-07-09 04:10:17.456238+00:00,0.7365282049784192,0.15,0.47927398161399226,0.5207260183860077,0.04927398161399227,-0.049273981613992324,yes,0.04927398161399227,1.0,0.43,False,post
2026-07-05 00:19:53+00:00,KXBTC15M-26JUL042030-30,62986.07,63005.93,0.455,10.1,0.292013,0.0,2026-07-04 22:55:41.525431+00:00,0.7227670022358706,0.15,0.5042115746033434,0.4957884253966566,0.04921157460334341,-0.049211574603343355,yes,0.04921157460334341,0.0,0.455,False,post
2026-07-06 07:39:39+00:00,KXBTC15M-26JUL060345-45,62946.69,62916.94,0.765,5.3,0.189521,1.0,2026-07-06 07:34:36.814410+00:00,1.3424062808793469,0.15,0.8141663277476666,0.18583367225233338,0.049166327747666605,-0.049166327747666605,yes,0.049166327747666605,1.0,0.765,False,post
2026-07-02 04:04:08+00:00,KXBTC15M-26JUL020015-15,60911.92,60983.77,0.355,10.9,0.59075,0.0,2026-07-02 03:53:59.599891+00:00,1.486516470329938,0.15,0.4041323112967642,0.5958676887032358,0.04913231129676421,-0.04913231129676421,yes,0.04913231129676421,0.0,0.355,True,post
2026-07-01 21:18:32+00:00,KXBTC15M-26JUL011730-30,60388.52,60363.22,0.595,11.5,0.474278,1.0,2026-07-01 21:03:22.769130+00:00,1.0613264334364707,0.15,0.6441102268143052,0.3558897731856948,0.04911022681430521,-0.04911022681430521,yes,0.04911022681430521,1.0,0.595,False,post
2026-07-05 10:19:21+00:00,KXBTC15M-26JUL050630-30,62623.76,62643.63,0.405,10.7,0.213486,0.0,2026-07-05 10:09:12.200703+00:00,0.6048709927524809,0.15,0.4540176677529275,0.5459823322470725,0.049017667752927485,-0.049017667752927485,yes,0.049017667752927485,0.0,0.405,False,post
2026-07-07 08:48:35+00:00,KXBTC15M-26JUL070500-00,63008.64,63023.88,0.435,11.4,0.190677,1.0,2026-07-07 08:38:26.003799+00:00,0.7436125911713644,0.15,0.4839556804790922,0.5160443195209078,0.04895568047909221,-0.048955680479092156,yes,0.04895568047909221,1.0,0.435,False,post
2026-07-10 10:03:01+00:00,KXBTC15M-26JUL100615-15,64328.27,64352.31,0.405,12.0,0.236906,0.0,2026-07-10 09:57:55.763883+00:00,1.111458704379301,0.15,0.45395232896434445,0.5460476710356555,0.04895232896434443,-0.04895232896434443,yes,0.04895232896434443,0.0,0.405,True,post
2026-05-26 08:40:32+00:00,KXBTC15M-26MAY260445-45,76748.88,76721.38,0.71,4.5,0.222026,1.0,2026-05-26 08:35:28.525073+00:00,1.8710933613135419,0.15,0.7589013709575494,0.2410986290424506,0.04890137095754943,-0.04890137095754943,yes,0.04890137095754943,1.0,0.71,False,pre
2026-05-26 21:49:35+00:00,KXBTC15M-26MAY261800-00,75922.81,75911.17,0.625,10.4,0.126977,0.0,2026-05-26 21:39:30.644460+00:00,1.4679231860639153,0.15,0.6737769164681189,0.3262230835318811,0.04877691646811888,-0.04877691646811888,yes,0.04877691646811888,0.0,0.625,True,pre
2026-07-09 05:01:06+00:00,KXBTC15M-26JUL090115-15,62372.62,62401.65,0.47,13.9,0.277591,1.0,2026-07-09 04:55:59.878649+00:00,1.1265141697985415,0.15,0.5187459291252217,0.48125407087477834,0.04874592912522169,-0.04874592912522169,yes,0.04874592912522169,1.0,0.47,True,post
2026-07-07 07:32:25+00:00,KXBTC15M-26JUL070345-45,63198.16,63216.48,0.445,12.6,0.225257,0.0,2026-07-07 07:22:16.634602+00:00,0.6847854136032966,0.15,0.49369963374221176,0.5063003662577883,0.048699633742211756,-0.048699633742211645,yes,0.048699633742211756,0.0,0.445,True,post
2026-07-05 12:46:37+00:00,KXBTC15M-26JUL050900-00,62662.87,62661.87,0.625,13.4,0.192528,1.0,2026-07-05 12:41:33.617444+00:00,1.5974802593317614,0.15,0.5764452503168735,0.42355474968312645,-0.04855474968312645,0.04855474968312645,no,0.04855474968312645,0.0,0.375,True,post
2026-05-27 17:33:25+00:00,KXBTC15M-26MAY271345-45,74834.45,74875.67,0.465,11.6,0.405487,0.0,2026-05-27 17:23:20.140233+00:00,0.7270598698036183,0.15,0.5135049395604723,0.4864950604395277,0.04850493956047225,-0.04850493956047219,yes,0.04850493956047225,0.0,0.465,False,pre
2026-07-03 18:10:07+00:00,KXBTC15M-26JUL031415-15,62079.97,62138.21,0.0715,4.9,0.272744,0.0,2026-07-03 18:05:04.813535+00:00,0.7528177129359158,0.15,0.11995872425249243,0.8800412757475076,0.04845872425249244,-0.048458724252492424,yes,0.04845872425249244,0.0,0.0715,True,post
2026-07-02 22:05:03+00:00,KXBTC15M-26JUL021815-15,61466.32,61518.74,0.185,9.9,0.232498,0.0,2026-07-02 21:54:51.964158+00:00,1.1363818842454245,0.15,0.2334009962080455,0.7665990037919546,0.0484009962080455,-0.04840099620804539,yes,0.0484009962080455,0.0,0.185,False,post
2026-07-05 04:08:06+00:00,KXBTC15M-26JUL050015-15,62702.37,62722.36,0.305,6.9,0.157324,1.0,2026-07-05 04:03:03.609368+00:00,1.475040695828007,0.15,0.3533636692352158,0.6466363307647842,0.04836366923521579,-0.048363669235215845,yes,0.04836366923521579,1.0,0.305,False,post
2026-07-02 13:33:03+00:00,KXBTC15M-26JUL020945-45,61674.9,61619.69,0.605,11.9,0.887808,1.0,2026-07-02 13:17:48.283993+00:00,1.6992816927530257,0.15,0.6533562961127707,0.3466437038872293,0.0483562961127707,-0.0483562961127707,yes,0.0483562961127707,1.0,0.605,False,post
2026-06-01 21:03:13+00:00,KXBTC15M-26JUN011715-15,71336.13,71359.93,0.465,11.8,0.236632,0.0,2026-06-01 21:03:12.998187+00:00,0.9941865849866909,0.15,0.5133194528024311,0.4866805471975689,0.04831945280243105,-0.048319452802430995,yes,0.04831945280243105,0.0,0.465,True,pre
2026-07-06 06:48:58+00:00,KXBTC15M-26JUL060300-00,62980.7,63000.6,0.39,11.0,0.187179,0.0,2026-07-06 06:39:20.627475+00:00,1.18763392408218,0.15,0.43830324480061705,0.561696755199383,0.04830324480061704,-0.048303244800616985,yes,0.04830324480061704,0.0,0.39,True,post
2026-07-02 14:08:32+00:00,KXBTC15M-26JUL021015-15,61906.91,61875.19,0.705,6.5,1.139951,1.0,2026-07-02 14:03:28.971376+00:00,1.421004793968704,0.15,0.6567291532474989,0.3432708467525011,-0.04827084675250104,0.04827084675250104,no,0.04827084675250104,0.0,0.29500000000000004,True,post
2026-07-08 08:04:00+00:00,KXBTC15M-26JUL080415-15,62846.59,62842.17,0.545,11.0,0.258396,0.0,2026-07-08 07:53:51.707981+00:00,1.0151099192314734,0.15,0.5932695861213977,0.4067304138786023,0.048269586121397645,-0.048269586121397645,yes,0.048269586121397645,0.0,0.545,True,post
2026-07-06 02:09:10+00:00,KXBTC15M-26JUL052215-15,63421.51,63520.59,0.0745,5.8,0.41782,0.0,2026-07-06 02:04:05.500228+00:00,0.4829773427884546,0.15,0.12241774264731381,0.8775822573526861,0.04791774264731381,-0.047917742647313855,yes,0.04791774264731381,0.0,0.0745,True,post
2026-06-01 17:25:17+00:00,KXBTC15M-26JUN011330-30,71438.93,71510.74,0.125,4.7,0.336045,0.0,2026-06-01 17:20:14.885841+00:00,0.9208033523223096,0.15,0.172902366854286,0.827097633145714,0.047902366854286005,-0.04790236685428595,yes,0.047902366854286005,0.0,0.125,False,pre
2026-07-03 11:46:08+00:00,KXBTC15M-26JUL030800-00,61841.79,61826.33,0.605,13.9,0.232806,1.0,2026-07-03 11:41:01.284649+00:00,2.141918650465493,0.15,0.6528080125539265,0.3471919874460735,0.04780801255392653,-0.04780801255392653,yes,0.04780801255392653,1.0,0.605,False,post
2026-07-07 23:35:54+00:00,KXBTC15M-26JUL071945-45,63529.04,63619.32,0.0735,9.1,0.302483,0.0,2026-07-07 21:53:37.554458+00:00,0.46510884635580546,0.15,0.1212955856563892,0.8787044143436108,0.04779558565638921,-0.047795585656389195,yes,0.04779558565638921,0.0,0.0735,True,post
2026-07-10 06:49:20+00:00,KXBTC15M-26JUL100300-00,63843.64,63867.87,0.355,10.7,0.186449,0.0,2026-07-10 06:33:15.910063+00:00,0.635023874613451,0.15,0.4027618578834937,0.5972381421165063,0.04776185788349374,-0.04776185788349374,yes,0.04776185788349374,0.0,0.355,True,post
2026-06-02 12:47:50+00:00,KXBTC15M-26JUN020900-00,69032.28,69129.56,0.275,12.2,0.46032,0.0,2026-06-02 12:42:45.591723+00:00,0.757580794670654,0.15,0.32265862063049033,0.6773413793695097,0.04765862063049031,-0.04765862063049031,yes,0.04765862063049031,0.0,0.275,True,pre
2026-06-02 07:09:14+00:00,KXBTC15M-26JUN020315-15,69885.18,70008.12,0.225,5.8,0.70195,0.0,2026-06-02 07:04:12.010118+00:00,0.7080522862081864,0.15,0.27264417189198464,0.7273558281080154,0.04764417189198464,-0.047644171891984666,yes,0.04764417189198464,0.0,0.225,True,pre
2026-07-06 07:54:55+00:00,KXBTC15M-26JUL060400-00,63017.81,63041.9,0.275,5.1,0.193152,0.0,2026-07-06 07:49:52.080630+00:00,1.6191846429719061,0.15,0.3226280163200177,0.6773719836799823,0.047628016320017674,-0.047628016320017674,yes,0.047628016320017674,0.0,0.275,False,post
2026-07-10 12:04:43+00:00,KXBTC15M-26JUL100815-15,64352.13,64379.82,0.355,10.3,0.214064,1.0,2026-07-10 11:49:28.589602+00:00,1.1514533379342047,0.15,0.4024579995058025,0.5975420004941975,0.04745799950580254,-0.04745799950580254,yes,0.04745799950580254,1.0,0.355,True,post
2026-07-10 08:16:29+00:00,KXBTC15M-26JUL100430-30,64042.43,63960.83,0.865,13.5,0.172933,1.0,2026-07-10 08:11:23.995236+00:00,1.3986043833424016,0.15,0.9122940891782185,0.08770591082178147,0.047294089178218535,-0.047294089178218535,yes,0.047294089178218535,1.0,0.865,False,post
2026-07-04 09:34:38+00:00,KXBTC15M-26JUL040545-45,62397.48,62415.4,0.415,10.4,0.194675,0.0,2026-07-04 09:24:28.527090+00:00,1.312062825643233,0.15,0.4621890222365157,0.5378109777634843,0.04718902223651572,-0.047189022236515665,yes,0.04718902223651572,0.0,0.415,False,post
2026-07-08 07:23:20+00:00,KXBTC15M-26JUL080330-30,62651.82,62689.93,0.265,6.7,0.256856,1.0,2026-07-08 07:18:14.953145+00:00,0.9609081185170798,0.15,0.31211797930168594,0.6878820206983141,0.04711797930168593,-0.04711797930168593,yes,0.04711797930168593,1.0,0.265,False,post
2026-06-01 18:50:13+00:00,KXBTC15M-26JUN011500-00,71339.45,71452.97,0.135,9.8,0.375055,0.0,2026-06-01 18:40:07.693665+00:00,1.047506200240869,0.15,0.18211113350943015,0.8178888664905699,0.047111133509430136,-0.04711113350943008,yes,0.047111133509430136,0.0,0.135,False,pre
2026-07-07 04:34:15+00:00,KXBTC15M-26JUL070045-45,63199.89,63226.99,0.365,10.7,0.218098,0.0,2026-07-07 04:24:06.643499+00:00,0.40300515949757515,0.15,0.41208075576531183,0.5879192442346881,0.047080755765311844,-0.0470807557653119,yes,0.047080755765311844,0.0,0.365,True,post
2026-07-09 14:55:30+00:00,KXBTC15M-26JUL091100-00,62880.13,62882.88,0.505,4.5,0.761031,1.0,2026-07-09 14:50:25.524271+00:00,0.6887026257229534,0.15,0.5518594202414697,0.4481405797585303,0.04685942024146972,-0.04685942024146972,yes,0.04685942024146972,1.0,0.505,False,post
2026-07-06 06:19:03+00:00,KXBTC15M-26JUL060230-30,63020.76,63048.86,0.365,10.9,0.223428,0.0,2026-07-06 06:08:55.048670+00:00,0.6089762311285856,0.15,0.41183581704056904,0.588164182959431,0.04683581704056905,-0.04683581704056905,yes,0.04683581704056905,0.0,0.365,True,post
2026-07-09 21:20:54+00:00,KXBTC15M-26JUL091730-30,63285.86,63279.6,0.565,9.1,0.238245,0.0,2026-07-09 21:03:02.647953+00:00,1.1008420591499153,0.15,0.6116816476574772,0.38831835234252277,0.04668164765747729,-0.04668164765747729,yes,0.04668164765747729,0.0,0.565,True,post
2026-07-10 11:19:06+00:00,KXBTC15M-26JUL100730-30,64393.28,64413.35,0.385,10.9,0.172278,0.0,2026-07-10 11:03:54.470412+00:00,0.9578924013852513,0.15,0.4316666459710442,0.5683333540289558,0.046666645971044196,-0.046666645971044196,yes,0.046666645971044196,0.0,0.385,True,post
2026-06-02 10:06:06+00:00,KXBTC15M-26JUN020615-15,69415.21,69321.26,0.83,8.9,0.29192,1.0,2026-06-02 10:01:03.888281+00:00,1.2135260095453342,0.15,0.8766530512378081,0.12334694876219188,0.04665305123780816,-0.04665305123780816,yes,0.04665305123780816,1.0,0.83,False,pre
2026-06-01 22:03:52+00:00,KXBTC15M-26JUN011815-15,70833.61,70962.09,0.175,11.1,0.445404,0.0,2026-06-01 21:48:43.818455+00:00,0.5691852308006334,0.15,0.22161681633782948,0.7783831836621705,0.04661681633782949,-0.046616816337829436,yes,0.04661681633782949,0.0,0.175,True,pre
2026-07-09 12:17:57+00:00,KXBTC15M-26JUL090830-30,62688.44,62741.92,0.305,12.0,0.310114,0.0,2026-07-09 12:12:52.371100+00:00,1.4381428620892787,0.15,0.35152514296362797,0.6484748570363721,0.046525142963627975,-0.046525142963627975,yes,0.046525142963627975,0.0,0.305,True,post
2026-07-06 05:48:33+00:00,KXBTC15M-26JUL060200-00,63029.37,63083.31,0.27,11.4,0.279637,0.0,2026-07-06 05:38:24.340957+00:00,0.22142452307403726,0.15,0.31649006399511215,0.6835099360048879,0.04649006399511213,-0.04649006399511213,yes,0.04649006399511213,0.0,0.27,False,post
2026-05-26 05:33:39+00:00,KXBTC15M-26MAY260145-45,76807.41,76793.78,0.65,11.3,0.115781,1.0,2026-05-26 05:18:31.484740+00:00,2.4984325013059534,0.15,0.6964488122815167,0.30355118771848333,0.04644881228151665,-0.04644881228151665,yes,0.04644881228151665,1.0,0.65,False,pre
2026-07-08 08:49:46+00:00,KXBTC15M-26JUL080500-00,62176.51,61977.25,0.855,10.2,0.549459,0.0,2026-07-08 08:39:35.361731+00:00,0.354715098081019,0.15,0.9012421525694327,0.09875784743056726,0.04624215256943276,-0.04624215256943276,yes,0.04624215256943276,0.0,0.855,True,post
2026-05-26 20:03:42+00:00,KXBTC15M-26MAY261615-15,75919.26,75916.29,0.535,11.3,0.262431,1.0,2026-05-26 19:53:37.184569+00:00,0.8703417039729175,0.15,0.5810918186636918,0.41890818133630825,0.04609181866369172,-0.04609181866369172,yes,0.04609181866369172,1.0,0.535,False,pre
2026-07-02 03:18:27+00:00,KXBTC15M-26JUL012330-30,60336.67,60411.44,0.185,11.5,0.306021,1.0,2026-07-02 03:08:19.774915+00:00,1.070492779469296,0.15,0.2310890440732784,0.7689109559267215,0.04608904407327841,-0.04608904407327841,yes,0.04608904407327841,1.0,0.185,True,post
2026-05-27 10:05:23+00:00,KXBTC15M-26MAY270615-15,75783.85,75805.3,0.365,9.6,0.147748,1.0,2026-05-27 09:50:14.009051+00:00,2.1004326987736213,0.15,0.4108598563103173,0.5891401436896827,0.045859856310317304,-0.045859856310317304,yes,0.045859856310317304,1.0,0.365,False,pre
2026-07-07 13:33:05+00:00,KXBTC15M-26JUL070945-45,63149.29,63041.07,0.755,11.9,0.51308,1.0,2026-07-07 13:27:58.543672+00:00,0.5289626974239517,0.15,0.800817886280411,0.19918211371958905,0.04581788628041095,-0.04581788628041095,yes,0.04581788628041095,1.0,0.755,True,post
2026-05-26 14:19:09+00:00,KXBTC15M-26MAY261030-30,77494.52,77281.79,0.845,10.8,0.493807,1.0,2026-05-26 14:04:00.747690+00:00,0.6271677777450634,0.15,0.890796770248032,0.10920322975196795,0.04579677024803208,-0.04579677024803208,yes,0.04579677024803208,1.0,0.845,False,pre
2026-05-27 12:16:44+00:00,KXBTC15M-26MAY270830-30,75481.79,75510.21,0.445,13.3,0.227726,1.0,2026-05-27 12:11:41.101740+00:00,1.7243361575734129,0.15,0.4906397295184644,0.5093602704815356,0.0456397295184644,-0.04563972951846429,yes,0.0456397295184644,1.0,0.445,False,pre
2026-07-06 20:01:09+00:00,KXBTC15M-26JUL061615-15,63656.3,63690.51,0.425,13.9,0.308361,0.0,2026-07-06 19:55:59.632190+00:00,0.2260127328850597,0.15,0.47061967938930555,0.5293803206106944,0.045619679389305556,-0.045619679389305556,yes,0.045619679389305556,0.0,0.425,True,post
2026-05-27 20:04:44+00:00,KXBTC15M-26MAY271615-15,75038.76,74925.39,0.865,10.3,0.241964,1.0,2026-05-27 19:49:36.856177+00:00,1.9051188540669046,0.15,0.9105948904491388,0.08940510955086123,0.04559489044913878,-0.04559489044913878,yes,0.04559489044913878,1.0,0.865,False,pre
2026-07-02 22:50:52+00:00,KXBTC15M-26JUL021900-00,61442.97,61457.87,0.405,9.1,0.156997,0.0,2026-07-02 22:40:38.416452+00:00,1.0529340176391593,0.15,0.4505640613419385,0.5494359386580615,0.04556406134193847,-0.04556406134193847,yes,0.04556406134193847,0.0,0.405,True,post
2026-07-07 09:19:04+00:00,KXBTC15M-26JUL070530-30,63171.26,63189.54,0.44,10.9,0.192787,0.0,2026-07-07 09:03:49.620130+00:00,0.9786968178424897,0.15,0.4855196216923217,0.5144803783076783,0.04551962169232171,-0.04551962169232171,yes,0.04551962169232171,0.0,0.44,True,post
2026-07-08 04:35:35+00:00,KXBTC15M-26JUL080045-45,62755.96,62826.21,0.185,9.4,0.303616,0.0,2026-07-08 04:25:25.220565+00:00,0.3171526557147467,0.15,0.23040513380163358,0.7695948661983665,0.04540513380163358,-0.04540513380163347,yes,0.04540513380163358,0.0,0.185,True,post
2026-07-05 03:32:42+00:00,KXBTC15M-26JUL042345-45,62669.94,62615.18,0.805,12.3,0.191236,1.0,2026-07-05 03:27:37.651104+00:00,0.8864413866525651,0.15,0.8502874841815382,0.1497125158184618,0.04528748418153816,-0.04528748418153816,yes,0.04528748418153816,1.0,0.805,False,post
2026-07-03 19:26:01+00:00,KXBTC15M-26JUL031530-30,62140.03,62153.92,0.445,4.0,0.239662,1.0,2026-07-03 19:20:58.562448+00:00,1.0236270787486317,0.15,0.49028120606289555,0.5097187939371044,0.04528120606289554,-0.04528120606289554,yes,0.04528120606289554,1.0,0.445,False,post
2026-05-26 13:38:43+00:00,KXBTC15M-26MAY260945-45,76801.91,76727.58,0.765,6.3,0.377421,1.0,2026-05-26 13:33:40.493059+00:00,0.606072250081205,0.15,0.8102625140322102,0.18973748596778983,0.045262514032210155,-0.045262514032210155,yes,0.045262514032210155,1.0,0.765,False,pre
2026-07-03 00:22:27+00:00,KXBTC15M-26JUL022030-30,61322.58,61367.43,0.235,7.5,0.257497,0.0,2026-07-03 00:17:23.692026+00:00,1.3337273746969776,0.15,0.2801407436411225,0.7198592563588775,0.04514074364112253,-0.04514074364112253,yes,0.04514074364112253,0.0,0.235,True,post
2026-05-26 14:49:28+00:00,KXBTC15M-26MAY261100-00,76883.14,76751.38,0.765,10.5,0.930229,1.0,2026-05-26 14:39:21.263924+00:00,0.010368822176681808,0.010368822176681808,0.7198599168052394,0.2801400831947606,-0.045140083194760594,0.045140083194760594,no,0.045140083194760594,0.0,0.235,True,pre
2026-07-06 08:20:21+00:00,KXBTC15M-26JUL060430-30,62998.27,62989.95,0.705,9.6,0.230192,1.0,2026-07-06 08:10:08.909085+00:00,1.4054114276870011,0.15,0.6599178896664696,0.3400821103335304,-0.04508211033353038,0.04508211033353038,no,0.04508211033353038,0.0,0.29500000000000004,True,post
2026-07-02 21:19:21+00:00,KXBTC15M-26JUL021730-30,61477.17,61462.3,0.595,10.6,0.323921,1.0,2026-07-02 21:09:12.823722+00:00,0.9308932618243124,0.15,0.6398201542067512,0.3601798457932488,0.04482015420675123,-0.04482015420675123,yes,0.04482015420675123,1.0,0.595,False,post
2026-07-03 12:16:33+00:00,KXBTC15M-26JUL030830-30,62069.41,62063.01,0.555,13.4,0.293207,0.0,2026-07-03 12:06:24.625998+00:00,1.5304995550124978,0.15,0.5997999263200322,0.4002000736799678,0.04479992632003216,-0.04479992632003216,yes,0.04479992632003216,0.0,0.555,True,post
2026-07-06 16:32:51+00:00,KXBTC15M-26JUL061245-45,63488.16,63444.79,0.585,12.1,1.01302,1.0,2026-07-06 16:22:42.252456+00:00,0.6700218179888434,0.15,0.6297761222796958,0.3702238777203042,0.04477612227969585,-0.04477612227969585,yes,0.04477612227969585,1.0,0.585,False,post
2026-07-10 05:32:20+00:00,KXBTC15M-26JUL100145-45,63967.52,63932.41,0.73,12.7,0.189729,1.0,2026-07-10 05:27:14.521013+00:00,0.6075414400219856,0.15,0.7746192889780976,0.22538071102190238,0.04461928897809764,-0.04461928897809764,yes,0.04461928897809764,1.0,0.73,False,post
2026-07-09 09:40:16+00:00,KXBTC15M-26JUL090545-45,62920.96,62869.57,0.855,4.7,0.211852,0.0,2026-07-09 09:35:12.028503+00:00,1.3694824483754389,0.15,0.8995680555427794,0.10043194445722059,0.04456805554277943,-0.04456805554277943,yes,0.04456805554277943,0.0,0.855,True,post
2026-05-27 14:18:04+00:00,KXBTC15M-26MAY271030-30,74907.32,74887.94,0.575,11.9,0.473555,0.0,2026-05-27 14:02:54.367558+00:00,0.6035771146416169,0.15,0.6195140444337952,0.3804859555662048,0.04451404443379525,-0.04451404443379525,yes,0.04451404443379525,0.0,0.575,True,pre
2026-07-07 14:39:12+00:00,KXBTC15M-26JUL071045-45,62798.22,63069.79,0.099,5.8,1.180073,0.0,2026-07-07 14:34:08.678525+00:00,0.3195307139293824,0.15,0.1433893413293733,0.8566106586706267,0.044389341329373305,-0.04438934132937333,yes,0.044389341329373305,0.0,0.099,True,post
2026-05-26 04:04:53+00:00,KXBTC15M-26MAY260015-15,76556.78,76587.53,0.315,10.1,0.15994,0.0,2026-05-26 04:04:31.398028+00:00,0.9446190978659162,0.15,0.35938350096908944,0.6406164990309106,0.04438350096908944,-0.044383500969089495,yes,0.04438350096908944,0.0,0.315,False,pre
2026-07-10 15:17:32+00:00,KXBTC15M-26JUL101130-30,64073.42,63942.07,0.855,12.5,0.907965,1.0,2026-07-10 15:12:27.635590+00:00,0.3249055412627631,0.15,0.8106221096900936,0.18937789030990637,-0.044377890309906354,0.044377890309906354,no,0.044377890309906354,0.0,0.14500000000000002,True,post
2026-07-10 15:53:05+00:00,KXBTC15M-26JUL101200-00,63948.35,63911.97,0.625,6.9,0.641993,1.0,2026-07-10 15:42:55.477761+00:00,0.3081506111706075,0.15,0.6693559547430257,0.33064404525697433,0.04435595474302567,-0.04435595474302567,yes,0.04435595474302567,1.0,0.625,False,post
2026-07-10 01:49:07+00:00,KXBTC15M-26JUL092200-00,63806.28,63347.18,0.895,10.9,0.892542,1.0,2026-07-10 01:38:58.339904+00:00,0.9806738213828292,0.15,0.9391381000435547,0.06086189995644531,0.04413810004355467,-0.04413810004355467,yes,0.04413810004355467,1.0,0.895,False,post
2026-05-26 12:33:01+00:00,KXBTC15M-26MAY260845-45,76980.09,76920.21,0.725,12.0,0.288429,1.0,2026-05-26 12:17:52.990183+00:00,0.7545890633228993,0.15,0.7690538340892991,0.23094616591070094,0.04405383408929908,-0.04405383408929908,yes,0.04405383408929908,1.0,0.725,False,pre
2026-05-27 13:32:34+00:00,KXBTC15M-26MAY270945-45,75022.15,75076.72,0.445,12.4,0.395799,0.0,2026-05-27 13:27:29.524483+00:00,0.5420510095569773,0.15,0.4889217504257832,0.5110782495742168,0.04392175042578317,-0.04392175042578317,yes,0.04392175042578317,0.0,0.445,True,pre
2026-07-07 10:04:43+00:00,KXBTC15M-26JUL070615-15,63376.51,63207.11,0.9175,10.3,0.259659,1.0,2026-07-07 09:54:33.791124+00:00,1.3032598042194077,0.15,0.9613789751842166,0.038621024815783445,0.04387897518421657,-0.04387897518421657,yes,0.04387897518421657,1.0,0.9175,False,post
2026-06-02 06:33:52+00:00,KXBTC15M-26JUN020245-45,70218.92,70270.05,0.335,11.1,0.296537,0.0,2026-06-02 06:23:46.231096+00:00,0.5573112552539656,0.15,0.3788135064179375,0.6211864935820626,0.043813506417937464,-0.043813506417937464,yes,0.043813506417937464,0.0,0.335,True,pre
2026-06-02 02:55:06+00:00,KXBTC15M-26JUN012300-00,70573.24,70504.4,0.895,4.9,0.550472,1.0,2026-06-02 02:50:04.434243+00:00,0.7167954065765831,0.15,0.8512521709948901,0.14874782900510986,-0.04374782900510987,0.04374782900510987,no,0.04374782900510987,0.0,0.10499999999999998,True,pre
2026-07-02 20:53:58+00:00,KXBTC15M-26JUL021700-00,61361.86,61301.35,0.795,6.0,0.335822,1.0,2026-07-02 20:48:55.032172+00:00,0.5337721521475117,0.15,0.8387447528723021,0.1612552471276979,0.04374475287230206,-0.04374475287230206,yes,0.04374475287230206,1.0,0.795,False,post
2026-07-02 16:05:34+00:00,KXBTC15M-26JUL021215-15,61589.44,61559.64,0.595,9.4,0.710645,1.0,2026-07-02 15:55:25.108162+00:00,0.7826122603663241,0.15,0.6387225770830822,0.3612774229169178,0.04372257708308225,-0.04372257708308225,yes,0.04372257708308225,1.0,0.595,True,post
2026-07-02 19:18:43+00:00,KXBTC15M-26JUL021530-30,61480.39,61603.57,0.0585,11.3,0.357519,0.0,2026-07-02 19:08:34.782799+00:00,0.614823279553254,0.15,0.10215884424870725,0.8978411557512928,0.043658844248707245,-0.04365884424870725,yes,0.043658844248707245,0.0,0.0585,True,post
2026-07-08 08:34:29+00:00,KXBTC15M-26JUL080445-45,61997.09,62054.79,0.455,10.5,0.4578,0.0,2026-07-08 08:24:21.388956+00:00,0.40329509296219856,0.15,0.49865486426175887,0.5013451357382411,0.04365486426175885,-0.0436548642617588,yes,0.04365486426175885,0.0,0.455,True,post
2026-07-04 08:18:14+00:00,KXBTC15M-26JUL040430-30,62470.4,62484.19,0.435,11.8,0.123872,1.0,2026-07-04 08:08:04.420682+00:00,2.1010281827300057,0.15,0.4784747167001231,0.5215252832998769,0.043474716700123095,-0.04347471670012304,yes,0.043474716700123095,1.0,0.435,False,post
2026-05-26 13:03:22+00:00,KXBTC15M-26MAY260915-15,77020.96,77046.16,0.375,11.6,0.153236,0.0,2026-05-26 12:53:15.921399+00:00,0.9355275470182545,0.15,0.4184521464063194,0.5815478535936807,0.04345214640631939,-0.043452146406319336,yes,0.04345214640631939,0.0,0.375,False,pre
2026-07-04 06:16:11+00:00,KXBTC15M-26JUL040230-30,62383.85,62400.52,0.415,13.8,0.134389,0.0,2026-07-04 06:11:07.657815+00:00,1.5782318085029023,0.15,0.4583927296272716,0.5416072703727284,0.04339272962727164,-0.04339272962727159,yes,0.04339272962727164,0.0,0.415,True,post
2026-07-08 09:35:42+00:00,KXBTC15M-26JUL080545-45,62073.09,61868.82,0.895,9.3,0.446561,1.0,2026-07-08 09:25:33.284448+00:00,0.14847766286119024,0.14847766286119024,0.9383758035800956,0.061624196419904353,0.04337580358009563,-0.04337580358009563,yes,0.04337580358009563,1.0,0.895,False,post
2026-06-01 17:55:33+00:00,KXBTC15M-26JUN011400-00,71622.14,71615.95,0.555,4.4,0.460998,0.0,2026-06-01 17:50:31.573566+00:00,0.8999374084733271,0.15,0.5983190756152418,0.4016809243847582,0.04331907561524173,-0.04331907561524173,yes,0.04331907561524173,0.0,0.555,False,pre
2026-07-05 07:51:58+00:00,KXBTC15M-26JUL050400-00,62933.55,62870.71,0.885,8.0,0.161051,1.0,2026-07-05 07:46:54.712391+00:00,2.470051645873341,0.15,0.9282617243311189,0.07173827566888114,0.043261724331118856,-0.043261724331118856,yes,0.043261724331118856,1.0,0.885,False,post
2026-07-03 14:08:18+00:00,KXBTC15M-26JUL031015-15,61950.09,62064.56,0.145,6.7,0.52066,0.0,2026-07-03 14:03:15.400107+00:00,0.9887238285588138,0.15,0.18823741010932804,0.811762589890672,0.04323741010932805,-0.04323741010932802,yes,0.04323741010932805,0.0,0.145,True,post
2026-05-26 15:34:57+00:00,KXBTC15M-26MAY261145-45,76356.67,76576.51,0.125,10.1,0.659209,0.0,2026-05-26 15:24:50.030713+00:00,0.12907284356286572,0.12907284356286572,0.16811777649026738,0.8318822235097326,0.04311777649026738,-0.04311777649026738,yes,0.04311777649026738,0.0,0.125,True,pre
2026-05-27 19:04:12+00:00,KXBTC15M-26MAY271515-15,74884.55,74876.47,0.585,10.8,0.178898,1.0,2026-05-27 18:54:06.848067+00:00,1.072996577421646,0.15,0.6280702190162781,0.37192978098372187,0.043070219016278166,-0.043070219016278166,yes,0.043070219016278166,1.0,0.585,False,pre
2026-07-06 11:38:20+00:00,KXBTC15M-26JUL060745-45,62869.76,62829.37,0.825,6.7,0.174151,1.0,2026-07-06 11:33:15.857660+00:00,1.9584236748073827,0.15,0.8680024889868609,0.13199751101313906,0.04300248898686099,-0.04300248898686099,yes,0.04300248898686099,1.0,0.825,False,post
2026-05-27 05:47:43+00:00,KXBTC15M-26MAY270200-00,75558.15,75518.13,0.705,12.3,0.226636,1.0,2026-05-27 05:37:36.041060+00:00,2.210933860998526,0.15,0.7479255397522552,0.2520744602477448,0.042925539752255215,-0.042925539752255215,yes,0.042925539752255215,1.0,0.705,False,pre
2026-07-07 12:32:03+00:00,KXBTC15M-26JUL070845-45,63514.67,63657.55,0.145,12.9,0.455139,0.0,2026-07-07 12:26:57.033861+00:00,1.9754334448500082,0.15,0.1878832466401239,0.8121167533598761,0.04288324664012391,-0.042883246640123884,yes,0.04288324664012391,0.0,0.145,True,post
2026-07-04 10:10:21+00:00,KXBTC15M-26JUL040615-15,62412.34,62439.88,0.115,4.7,0.137238,0.0,2026-07-04 10:05:16.202456+00:00,1.2761332755558203,0.15,0.1578625140826847,0.8421374859173153,0.0428625140826847,-0.04286251408268471,yes,0.0428625140826847,0.0,0.115,False,post
2026-07-05 09:18:18+00:00,KXBTC15M-26JUL050530-30,62815.36,62838.6,0.285,11.7,0.119614,0.0,2026-07-05 09:08:09.886791+00:00,1.5323071167726394,0.15,0.32784872011680233,0.6721512798831977,0.04284872011680235,-0.04284872011680241,yes,0.04284872011680235,0.0,0.285,True,post
2026-07-03 05:07:05+00:00,KXBTC15M-26JUL030115-15,61469.86,61387.31,0.865,7.9,0.257713,1.0,2026-07-03 05:02:02.199584+00:00,1.5750845150887345,0.15,0.9077748576991275,0.09222514230087253,0.04277485769912748,-0.04277485769912748,yes,0.04277485769912748,1.0,0.865,False,post
2026-07-03 00:02:10+00:00,KXBTC15M-26JUL022015-15,61413.77,61492.12,0.135,12.8,0.252378,0.0,2026-07-02 23:57:05.915622+00:00,1.749515588501682,0.15,0.17776444013939846,0.8222355598606015,0.04276444013939845,-0.04276444013939851,yes,0.04276444013939845,0.0,0.135,True,post
2026-07-04 22:20:13+00:00,KXBTC15M-26JUL041830-30,63227.2,63213.48,0.625,9.8,0.213577,0.0,2026-07-04 22:10:06.436444+00:00,0.5347332680324368,0.15,0.6676763173571036,0.33232368264289636,0.042676317357103644,-0.042676317357103644,yes,0.042676317357103644,0.0,0.625,False,post
2026-07-01 19:47:24+00:00,KXBTC15M-26JUL011600-00,60093.21,60155.28,0.275,12.6,0.309701,0.0,2026-07-01 19:32:14.696304+00:00,0.6534039671922283,0.15,0.3175992307845841,0.6824007692154159,0.04259923078458405,-0.04259923078458405,yes,0.04259923078458405,0.0,0.275,True,post
2026-07-10 02:09:26+00:00,KXBTC15M-26JUL092215-15,63714.64,63673.27,0.635,5.6,0.758489,1.0,2026-07-10 02:04:21.427179+00:00,0.9782867551199463,0.15,0.6775291594270992,0.32247084057290076,0.04252915942709923,-0.04252915942709923,yes,0.04252915942709923,1.0,0.635,False,post
2026-05-26 10:16:31+00:00,KXBTC15M-26MAY260630-30,76689.63,76628.15,0.775,13.5,0.209753,1.0,2026-05-26 10:11:28.020431+00:00,2.569634729483219,0.15,0.8172866508078396,0.18271334919216042,0.042286650807839554,-0.042286650807839554,yes,0.042286650807839554,1.0,0.775,False,pre
2026-07-06 15:01:21+00:00,KXBTC15M-26JUL061115-15,62073.91,61980.12,0.715,13.6,1.12155,1.0,2026-07-06 14:56:15.965847+00:00,0.04180362242657504,0.04180362242657504,0.6727483946712562,0.32725160532874376,-0.042251605328743724,0.042251605328743724,no,0.042251605328743724,0.0,0.28500000000000003,True,post
2026-07-02 11:05:41+00:00,KXBTC15M-26JUL020715-15,61195.98,61195.19,0.525,9.3,0.364012,1.0,2026-07-02 10:50:25.053854+00:00,1.1474747377977006,0.15,0.5672100283353088,0.43278997166469124,0.042210028335308736,-0.042210028335308736,yes,0.042210028335308736,1.0,0.525,False,post
2026-07-06 08:05:05+00:00,KXBTC15M-26JUL060415-15,63097.26,63037.92,0.835,9.9,0.199343,0.0,2026-07-06 07:54:55.685687+00:00,1.7018582220096894,0.15,0.8771838663452602,0.12281613365473976,0.04218386634526028,-0.04218386634526028,yes,0.04218386634526028,0.0,0.835,False,post
2026-07-08 11:53:26+00:00,KXBTC15M-26JUL080800-00,62243.94,62311.41,0.235,6.6,0.392512,0.0,2026-07-08 11:48:21.592611+00:00,1.5367571465092524,0.15,0.27716906238668876,0.7228309376133113,0.04216906238668877,-0.042169062386688716,yes,0.04216906238668877,0.0,0.235,True,post
2026-06-01 23:05:36+00:00,KXBTC15M-26JUN011915-15,71273.26,71329.23,0.255,9.4,0.253667,0.0,2026-06-01 22:48:02.251492+00:00,1.058869067336687,0.15,0.2971406953207936,0.7028593046792064,0.04214069532079362,-0.042140695320793564,yes,0.04214069532079362,0.0,0.255,False,pre
2026-07-04 12:02:08+00:00,KXBTC15M-26JUL040815-15,62471.7,62442.57,0.775,12.9,0.125062,1.0,2026-07-04 11:56:59.974267+00:00,1.759478002888525,0.15,0.8171320077823784,0.18286799221762162,0.042132007782378356,-0.042132007782378356,yes,0.042132007782378356,1.0,0.775,False,post
2026-07-08 07:03:00+00:00,KXBTC15M-26JUL080315-15,62538.93,62599.06,0.255,12.0,0.274635,1.0,2026-07-08 06:57:54.855969+00:00,0.6764491323024486,0.15,0.29707759257201405,0.702922407427986,0.042077592572014044,-0.042077592572014044,yes,0.042077592572014044,1.0,0.255,True,post
2026-07-04 06:06:03+00:00,KXBTC15M-26JUL040215-15,62461.63,62406.12,0.885,8.9,0.139031,0.0,2026-07-04 05:55:54.871024+00:00,1.501468250715051,0.15,0.9270626973448606,0.07293730265513942,0.04206269734486057,-0.04206269734486057,yes,0.04206269734486057,0.0,0.885,False,post
2026-05-27 20:19:51+00:00,KXBTC15M-26MAY271630-30,75262.42,75177.83,0.855,10.1,0.207776,0.0,2026-05-27 20:09:46.452897+00:00,2.2313115673256965,0.15,0.8968620787682906,0.1031379212317094,0.04186207876829062,-0.04186207876829062,yes,0.04186207876829062,0.0,0.855,False,pre
2026-05-26 19:48:34+00:00,KXBTC15M-26MAY261600-00,75866.69,75907.98,0.36,11.4,0.23212,1.0,2026-05-26 19:33:27.670509+00:00,0.6173419308341421,0.15,0.4018308015950881,0.5981691984049119,0.04183080159508812,-0.04183080159508812,yes,0.04183080159508812,1.0,0.36,False,pre
2026-07-03 13:32:47+00:00,KXBTC15M-26JUL030945-45,61995.31,62036.36,0.445,12.2,0.290496,1.0,2026-07-03 13:27:41.723202+00:00,1.6487528184148013,0.15,0.48650645195964093,0.5134935480403591,0.04150645195964092,-0.04150645195964087,yes,0.04150645195964092,1.0,0.445,False,post
2026-07-09 10:20:59+00:00,KXBTC15M-26JUL090630-30,62913.16,62946.69,0.455,9.0,0.197912,0.0,2026-07-09 10:10:50.527726+00:00,1.3749099253761041,0.15,0.4963985950350758,0.5036014049649242,0.04139859503507576,-0.0413985950350757,yes,0.04139859503507576,0.0,0.455,True,post
2026-07-08 03:04:15+00:00,KXBTC15M-26JUL072315-15,63020.89,62929.95,0.755,10.7,0.486147,1.0,2026-07-08 02:54:05.010811+00:00,0.34503651320181544,0.15,0.7963837161392215,0.20361628386077846,0.04138371613922154,-0.04138371613922154,yes,0.04138371613922154,1.0,0.755,False,post
2026-07-09 20:37:39+00:00,KXBTC15M-26JUL091645-45,63260.83,63241.15,0.655,7.4,0.265308,1.0,2026-07-09 20:32:35.435612+00:00,0.6399484271607763,0.15,0.6962706357210892,0.30372936427891084,0.04127063572108913,-0.04127063572108913,yes,0.04127063572108913,1.0,0.655,False,post
2026-07-08 15:32:19+00:00,KXBTC15M-26JUL081145-45,61576.57,61603.89,0.475,12.7,0.719813,0.0,2026-07-08 15:27:11.780813+00:00,0.11644682442172379,0.11644682442172379,0.5161307831755146,0.48386921682448536,0.04113078317551466,-0.04113078317551466,yes,0.04113078317551466,0.0,0.475,False,post
2026-07-03 06:51:44+00:00,KXBTC15M-26JUL030300-00,61592.35,61580.68,0.625,8.3,0.209992,1.0,2026-07-03 06:46:40.483055+00:00,1.5650667134589105,0.15,0.6661226049194165,0.33387739508058345,0.04112260491941655,-0.04112260491941655,yes,0.04112260491941655,1.0,0.625,False,post
2026-07-05 09:33:32+00:00,KXBTC15M-26JUL050545-45,62689.47,62686.47,0.565,11.5,0.129371,0.0,2026-07-05 09:23:23.257604+00:00,1.2020748265396874,0.15,0.6060673427089076,0.3939326572910924,0.04106734270890766,-0.04106734270890766,yes,0.04106734270890766,0.0,0.565,True,post
2026-06-02 09:40:48+00:00,KXBTC15M-26JUN020545-45,69367.63,69283.23,0.875,4.2,0.307869,1.0,2026-06-02 09:35:46.488757+00:00,0.6741852241582199,0.15,0.9156865812277049,0.08431341877229515,0.040686581227704854,-0.040686581227704854,yes,0.040686581227704854,1.0,0.875,False,pre
2026-07-03 19:10:48+00:00,KXBTC15M-26JUL031515-15,62118.03,62166.51,0.0705,4.2,0.227184,0.0,2026-07-03 19:05:46.313026+00:00,0.9669252621206303,0.15,0.11114057369813363,0.8888594263018663,0.040640573698133634,-0.040640573698133675,yes,0.040640573698133634,0.0,0.0705,False,post
2026-07-08 10:21:29+00:00,KXBTC15M-26JUL080630-30,61982.1,61925.36,0.765,8.5,0.328609,1.0,2026-07-08 10:16:25.200683+00:00,0.8101379160586535,0.15,0.8056277491323778,0.19437225086762222,0.040627749132377766,-0.040627749132377766,yes,0.040627749132377766,1.0,0.765,False,post
2026-06-02 13:18:09+00:00,KXBTC15M-26JUN020930-30,68891.06,68855.95,0.615,11.8,0.544475,1.0,2026-06-02 13:03:01.993204+00:00,0.3732660413027645,0.15,0.6555502001233463,0.3444497998766537,0.040550200123346314,-0.040550200123346314,yes,0.040550200123346314,1.0,0.615,False,pre
2026-07-07 23:46:03+00:00,KXBTC15M-26JUL072000-00,63401.43,63442.45,0.305,13.9,0.286774,0.0,2026-07-07 23:40:57.763869+00:00,0.08470714318306477,0.08470714318306477,0.34537769093100346,0.6546223090689965,0.04037769093100346,-0.04037769093100352,yes,0.04037769093100346,0.0,0.305,True,post
2026-07-08 10:46:57+00:00,KXBTC15M-26JUL080700-00,62094.37,62085.73,0.575,13.0,0.284828,1.0,2026-07-08 10:41:50.392394+00:00,0.85873131794148,0.15,0.615185148347169,0.384814851652831,0.04018514834716902,-0.04018514834716902,yes,0.04018514834716902,1.0,0.575,False,post
