decision_time,multitf_state
2026-05-25 21:50:28.655893+00:00,-1
2026-05-25 21:55:32.096878+00:00,-1
2026-05-25 22:05:39.804647+00:00,1
2026-05-25 22:20:49.511538+00:00,2
2026-05-25 22:36:01.598311+00:00,1
2026-05-25 22:41:05.133852+00:00,1
2026-05-25 22:46:08.549454+00:00,1
2026-05-25 23:01:20.007766+00:00,3
2026-05-25 23:16:30.681580+00:00,3
2026-05-25 23:31:42.587241+00:00,3
2026-05-25 23:46:52.294177+00:00,3
2026-05-25 23:51:55.084047+00:00,3
2026-05-25 23:56:58.911047+00:00,3
2026-05-26 00:02:04.284096+00:00,7
2026-05-26 00:07:06.777883+00:00,2
2026-05-26 00:12:10.835228+00:00,2
2026-05-26 00:17:16.388248+00:00,7
2026-05-26 00:22:19.194009+00:00,1
2026-05-26 00:27:23.808407+00:00,1
2026-05-26 00:32:30.792680+00:00,1
2026-05-26 00:47:40.439468+00:00,1
2026-05-26 01:02:52.291221+00:00,3
2026-05-26 01:07:55.040485+00:00,3
2026-05-26 01:12:59.025193+00:00,3
2026-05-26 01:37:30.160918+00:00,-1
2026-05-26 01:42:32.873537+00:00,-1
2026-05-26 01:47:37.615637+00:00,3
2026-05-26 02:02:50.090507+00:00,3
2026-05-26 02:07:52.270852+00:00,3
2026-05-26 02:12:54.491473+00:00,3
2026-05-26 02:17:59.266613+00:00,5
2026-05-26 02:23:01.992305+00:00,5
2026-05-26 02:33:08.616933+00:00,3
2026-05-26 02:38:10.944042+00:00,3
2026-05-26 02:48:17.783716+00:00,3
2026-05-26 03:03:28.686946+00:00,3
2026-05-26 03:08:31.240869+00:00,3
2026-05-26 03:18:37.337313+00:00,3
2026-05-26 03:33:20.087091+00:00,3
2026-05-26 03:49:20.667350+00:00,5
2026-05-26 03:54:25.507695+00:00,3
2026-05-26 04:04:31.398028+00:00,1
2026-05-26 04:04:53.317481+00:00,3
2026-05-26 04:09:55.478041+00:00,3
2026-05-26 04:20:02.207236+00:00,3
2026-05-26 04:25:04.577580+00:00,3
2026-05-26 04:35:11.803625+00:00,3
2026-05-26 04:48:14.681047+00:00,3
2026-05-26 05:03:23.515169+00:00,3
2026-05-26 05:08:25.904031+00:00,3
2026-05-26 05:18:31.484740+00:00,3
2026-05-26 05:33:39.465560+00:00,3
2026-05-26 05:48:48.948472+00:00,3
2026-05-26 05:53:51.468980+00:00,3
2026-05-26 06:03:58.228459+00:00,3
2026-05-26 06:09:00.896343+00:00,3
2026-05-26 06:19:07.043694+00:00,7
2026-05-26 06:24:09.208696+00:00,3
2026-05-26 06:34:15.634567+00:00,7
2026-05-26 06:49:26.287730+00:00,3
2026-05-26 06:54:28.416709+00:00,3
2026-05-26 07:04:35.175079+00:00,7
2026-05-26 07:09:38.296089+00:00,3
2026-05-26 07:19:44.088518+00:00,3
2026-05-26 07:24:46.076465+00:00,3
2026-05-26 07:34:51.961242+00:00,7
2026-05-26 07:39:55.888326+00:00,7
2026-05-26 07:50:02.142011+00:00,7
2026-05-26 08:05:11.349831+00:00,3
2026-05-26 08:10:13.894830+00:00,3
2026-05-26 08:20:19.856961+00:00,3
2026-05-26 08:25:22.427439+00:00,3
2026-05-26 08:35:28.525073+00:00,3
2026-05-26 08:40:32.831510+00:00,3
2026-05-26 08:50:38.852710+00:00,3
2026-05-26 08:55:41.062413+00:00,3
2026-05-26 09:05:48.373309+00:00,3
2026-05-26 09:10:50.761846+00:00,3
2026-05-26 09:20:56.914450+00:00,3
2026-05-26 09:25:59.263734+00:00,3
2026-05-26 09:31:02.547800+00:00,3
2026-05-26 09:46:12.252190+00:00,3
2026-05-26 10:01:22.409819+00:00,3
2026-05-26 10:06:25.660089+00:00,3
2026-05-26 10:11:28.020431+00:00,3
2026-05-26 10:16:31.376834+00:00,3
2026-05-26 10:31:47.574915+00:00,3
2026-05-26 10:36:50.618894+00:00,3
2026-05-26 10:41:54.710001+00:00,3
2026-05-26 10:46:57.964060+00:00,3
2026-05-26 10:52:01.441150+00:00,3
2026-05-26 10:57:03.432731+00:00,3
2026-05-26 11:02:08.124042+00:00,3
2026-05-26 11:07:11.669507+00:00,3
2026-05-26 11:12:14.174683+00:00,3
2026-05-26 11:17:17.625262+00:00,3
2026-05-26 11:32:25.614333+00:00,3
2026-05-26 11:47:35.344519+00:00,2
2026-05-26 12:02:44.649479+00:00,3
2026-05-26 12:17:52.990183+00:00,3
2026-05-26 12:33:01.614867+00:00,3
2026-05-26 12:48:12.567541+00:00,3
2026-05-26 12:53:15.921399+00:00,3
2026-05-26 13:03:22.478843+00:00,3
2026-05-26 13:08:25.606072+00:00,3
2026-05-26 13:18:31.494359+00:00,3
2026-05-26 13:23:34.647285+00:00,3
2026-05-26 13:33:40.493059+00:00,3
2026-05-26 13:38:43.367560+00:00,3
2026-05-26 13:48:51.162363+00:00,3
2026-05-26 13:53:54.664071+00:00,3
2026-05-26 14:04:00.747690+00:00,2
2026-05-26 14:19:09.632046+00:00,2
2026-05-26 14:34:18.016137+00:00,2
2026-05-26 14:39:21.263924+00:00,2
2026-05-26 14:49:28.326757+00:00,1
2026-05-26 15:04:37.664838+00:00,3
2026-05-26 15:09:40.763167+00:00,3
2026-05-26 15:19:46.584022+00:00,3
2026-05-26 15:24:50.030713+00:00,3
2026-05-26 15:34:57.208405+00:00,3
2026-05-26 16:26:41.707798+00:00,-1
2026-05-26 16:31:44.021035+00:00,-1
2026-05-26 16:36:47.367716+00:00,3
2026-05-26 16:41:49.913623+00:00,3
2026-05-26 16:46:53.083181+00:00,3
2026-05-26 17:02:03.160973+00:00,3
2026-05-26 17:17:13.662471+00:00,3
2026-05-26 17:22:16.687055+00:00,3
2026-05-26 17:32:22.785738+00:00,3
2026-05-26 17:37:25.454551+00:00,3
2026-05-26 17:42:27.322035+00:00,3
2026-05-26 17:47:30.271842+00:00,3
2026-05-26 17:52:32.979880+00:00,3
2026-05-26 18:02:38.580690+00:00,3
2026-05-26 18:07:41.536484+00:00,3
2026-05-26 18:17:46.134319+00:00,3
2026-05-26 18:32:54.669438+00:00,3
2026-05-26 18:37:57.733978+00:00,3
2026-05-26 18:48:03.418133+00:00,3
2026-05-26 19:03:11.558276+00:00,3
2026-05-26 19:18:18.874278+00:00,3
2026-05-26 19:33:27.670509+00:00,3
2026-05-26 19:48:34.719422+00:00,3
2026-05-26 19:53:37.184569+00:00,3
2026-05-26 20:03:42.792352+00:00,3
2026-05-26 20:08:45.471412+00:00,3
2026-05-26 20:18:50.158814+00:00,3
2026-05-26 20:23:52.614684+00:00,3
2026-05-26 20:33:58.637674+00:00,3
2026-05-26 20:39:01.404199+00:00,3
2026-05-26 20:49:06.040238+00:00,3
2026-05-26 21:04:12.790177+00:00,3
2026-05-26 21:09:15.365765+00:00,3
2026-05-26 21:19:19.825468+00:00,3
2026-05-26 21:34:28.018457+00:00,3
2026-05-26 21:39:30.644460+00:00,3
2026-05-26 21:49:35.382601+00:00,3
2026-05-26 22:04:43.181051+00:00,3
2026-05-26 22:53:09.627717+00:00,-1
2026-05-26 23:03:15.806560+00:00,-1
2026-05-26 23:08:18.554628+00:00,3
2026-05-26 23:18:25.959581+00:00,3
2026-05-26 23:33:34.888865+00:00,3
2026-05-26 23:38:38.154828+00:00,3
2026-05-26 23:48:44.221429+00:00,3
2026-05-27 00:03:53.575629+00:00,3
2026-05-27 00:19:04.069616+00:00,3
2026-05-27 00:24:07.342123+00:00,3
2026-05-27 00:34:12.921435+00:00,3
2026-05-27 00:49:21.762046+00:00,3
2026-05-27 01:04:31.610526+00:00,2
2026-05-27 01:09:34.890830+00:00,2
2026-05-27 01:19:42.374193+00:00,3
2026-05-27 01:24:45.593753+00:00,3
2026-05-27 01:34:50.972956+00:00,3
2026-05-27 01:39:54.105292+00:00,3
2026-05-27 01:50:00.161814+00:00,3
2026-05-27 02:05:12.064253+00:00,3
2026-05-27 02:10:15.348925+00:00,3
2026-05-27 02:20:22.505748+00:00,3
2026-05-27 02:25:25.728289+00:00,3
2026-05-27 02:35:32.022936+00:00,3
2026-05-27 02:50:40.935300+00:00,3
2026-05-27 03:05:50.590507+00:00,3
2026-05-27 03:10:53.691332+00:00,3
2026-05-27 03:21:01.122644+00:00,3
2026-05-27 03:26:04.691273+00:00,3
2026-05-27 03:31:08.126102+00:00,3
2026-05-27 03:46:17.508590+00:00,3
2026-05-27 03:51:19.488705+00:00,3
2026-05-27 03:56:22.934251+00:00,3
2026-05-27 04:01:27.053385+00:00,3
2026-05-27 04:06:29.898379+00:00,3
2026-05-27 04:11:33.476872+00:00,3
2026-05-27 04:16:39.350422+00:00,3
2026-05-27 04:21:42.709601+00:00,3
2026-05-27 04:26:46.823745+00:00,3
2026-05-27 04:31:52.913683+00:00,3
2026-05-27 04:36:56.047123+00:00,3
2026-05-27 04:41:59.577369+00:00,3
2026-05-27 04:47:03.858197+00:00,3
2026-05-27 04:52:06.322248+00:00,3
2026-05-27 04:57:09.911501+00:00,3
2026-05-27 05:02:13.891979+00:00,3
2026-05-27 05:17:24.458981+00:00,3
2026-05-27 05:22:26.682928+00:00,3
2026-05-27 05:32:33.317419+00:00,3
2026-05-27 05:37:36.041060+00:00,3
2026-05-27 05:47:43.156029+00:00,3
2026-05-27 06:02:52.631868+00:00,3
2026-05-27 06:07:55.066802+00:00,3
2026-05-27 06:18:03.741850+00:00,3
2026-05-27 06:23:05.940368+00:00,3
2026-05-27 06:33:12.369262+00:00,3
2026-05-27 06:48:21.579212+00:00,2
2026-05-27 07:03:30.826069+00:00,2
2026-05-27 07:08:33.311888+00:00,2
2026-05-27 07:18:41.249370+00:00,7
2026-05-27 07:23:43.401507+00:00,7
2026-05-27 07:33:50.533831+00:00,2
2026-05-27 07:48:59.270458+00:00,2
2026-05-27 07:54:01.272107+00:00,2
2026-05-27 08:04:08.538237+00:00,3
2026-05-27 08:19:18.778996+00:00,7
2026-05-27 08:39:30.197347+00:00,-1
2026-05-27 08:49:36.555063+00:00,-1
2026-05-27 09:04:45.228509+00:00,3
2026-05-27 09:09:47.772624+00:00,3
2026-05-27 09:24:57.864609+00:00,3
2026-05-27 09:35:03.733449+00:00,3
2026-05-27 09:40:06.310474+00:00,3
2026-05-27 09:50:14.009051+00:00,3
2026-05-27 10:05:23.372825+00:00,7
2026-05-27 10:20:33.776318+00:00,1
2026-05-27 10:25:36.015690+00:00,1
2026-05-27 10:35:42.357672+00:00,7
2026-05-27 10:40:45.033482+00:00,2
2026-05-27 10:50:51.403153+00:00,1
2026-05-27 11:06:00.620696+00:00,2
2026-05-27 11:16:06.669581+00:00,7
2026-05-27 11:21:10.777929+00:00,7
2026-05-27 11:36:20.122698+00:00,7
2026-05-27 11:41:22.609788+00:00,7
2026-05-27 11:56:31.941050+00:00,7
2026-05-27 12:01:36.657329+00:00,3
2026-05-27 12:11:41.101740+00:00,3
2026-05-27 12:21:48.991532+00:00,3
2026-05-27 12:26:51.031266+00:00,3
2026-05-27 12:31:55.375307+00:00,3
2026-05-27 12:52:06.379494+00:00,-1
2026-05-27 12:57:08.718767+00:00,-1
2026-05-27 13:02:13.995221+00:00,3
2026-05-27 13:07:16.000429+00:00,3
2026-05-27 13:12:18.580714+00:00,3
2026-05-27 13:17:23.110119+00:00,3
2026-05-27 13:22:27.250656+00:00,3
2026-05-27 13:27:29.524483+00:00,3
2026-05-27 13:32:34.614308+00:00,3
2026-05-27 13:37:36.810340+00:00,3
2026-05-27 13:42:39.533356+00:00,3
2026-05-27 13:47:44.313297+00:00,3
2026-05-27 13:52:47.103610+00:00,3
2026-05-27 14:02:54.367558+00:00,3
2026-05-27 14:18:04.210737+00:00,3
2026-05-27 14:33:14.776243+00:00,3
2026-05-27 14:48:22.787809+00:00,3
2026-05-27 15:03:32.655115+00:00,3
2026-05-27 15:08:35.025405+00:00,3
2026-05-27 15:18:41.147921+00:00,3
2026-05-27 15:33:52.355311+00:00,3
2026-05-27 17:18:18.146884+00:00,-1
2026-05-27 17:23:20.140233+00:00,-1
2026-05-27 17:33:25.499763+00:00,3
2026-05-27 17:38:27.303018+00:00,3
2026-05-27 17:48:34.149498+00:00,3
2026-05-27 17:53:36.015600+00:00,3
2026-05-27 18:03:41.968292+00:00,3
2026-05-27 18:18:49.156129+00:00,3
2026-05-27 18:33:56.252341+00:00,3
2026-05-27 18:38:58.179672+00:00,3
2026-05-27 18:49:04.936831+00:00,3
2026-05-27 18:54:06.848067+00:00,3
2026-05-27 19:04:12.584427+00:00,3
2026-05-27 19:19:19.238818+00:00,3
2026-05-27 19:24:22.204639+00:00,3
2026-05-27 19:34:27.711899+00:00,3
2026-05-27 19:39:29.550163+00:00,3
2026-05-27 19:49:36.856177+00:00,3
2026-05-27 20:04:44.706551+00:00,3
2026-05-27 20:09:46.452897+00:00,3
2026-05-27 20:19:51.456957+00:00,3
2026-05-27 20:24:53.340252+00:00,3
2026-05-27 20:34:58.267051+00:00,3
2026-05-27 20:40:00.004709+00:00,3
2026-05-27 20:50:08.406242+00:00,3
2026-05-27 21:05:16.918990+00:00,7
2026-05-27 21:10:18.624713+00:00,7
2026-05-27 21:20:24.080284+00:00,7
2026-05-27 21:25:25.974950+00:00,3
2026-05-27 21:35:31.176016+00:00,3
2026-05-27 21:40:33.111669+00:00,3
2026-05-27 21:50:40.641748+00:00,3
2026-05-27 21:55:42.558989+00:00,3
2026-05-27 22:05:48.793233+00:00,3
2026-05-27 22:10:50.487216+00:00,3
2026-05-27 22:20:56.078208+00:00,3
2026-05-27 22:31:01.002065+00:00,3
2026-05-27 22:36:03.055282+00:00,3
2026-05-27 22:41:04.850737+00:00,3
2026-05-27 22:46:08.299091+00:00,3
2026-05-27 23:01:16.970986+00:00,3
2026-05-27 23:06:19.074279+00:00,3
2026-05-27 23:11:21.254263+00:00,3
2026-05-27 23:16:25.202381+00:00,3
2026-05-28 00:18:51.291701+00:00,-1
2026-05-28 00:34:01.914345+00:00,-1
2026-05-28 00:49:10.465647+00:00,3
2026-05-28 00:54:13.016348+00:00,3
2026-05-28 01:04:21.056412+00:00,3
2026-05-28 01:09:23.376214+00:00,3
2026-05-28 01:19:29.364990+00:00,3
2026-05-28 01:24:31.558403+00:00,3
2026-05-28 01:33:54.681963+00:00,3
2026-05-28 01:49:02.999804+00:00,3
2026-05-28 02:04:13.078195+00:00,3
2026-05-28 02:09:15.201339+00:00,3
2026-05-28 02:19:22.252972+00:00,3
2026-05-28 02:24:25.010590+00:00,3
2026-05-28 02:34:33.485525+00:00,3
2026-05-28 02:49:41.867901+00:00,3
2026-05-28 03:04:53.447585+00:00,3
2026-05-28 03:09:55.575188+00:00,3
2026-05-28 03:20:02.197701+00:00,3
2026-05-28 03:25:04.784557+00:00,3
2026-05-28 03:35:14.728475+00:00,3
2026-05-28 03:40:17.386204+00:00,3
2026-05-28 03:50:26.214136+00:00,3
2026-05-28 03:55:28.917668+00:00,3
2026-05-28 04:05:36.776125+00:00,3
2026-05-28 04:10:39.027860+00:00,3
2026-05-28 04:20:45.665112+00:00,3
2026-05-28 04:25:48.062942+00:00,3
2026-05-28 04:35:56.146403+00:00,3
2026-05-28 04:46:01.656089+00:00,3
2026-05-28 04:51:03.749436+00:00,3
2026-05-28 04:56:06.451200+00:00,3
2026-05-28 05:01:11.933219+00:00,3
2026-05-28 05:06:14.762787+00:00,3
2026-05-28 05:11:17.057604+00:00,3
2026-05-28 05:16:22.329370+00:00,3
2026-05-28 05:31:30.600616+00:00,3
2026-05-28 05:46:42.177255+00:00,3
2026-05-28 05:51:44.350447+00:00,3
2026-05-28 05:56:46.566536+00:00,3
2026-05-28 09:01:36.360956+00:00,-1
2026-05-28 09:01:54.557485+00:00,-1
2026-05-28 09:16:45.236034+00:00,3
2026-05-28 09:17:03.595414+00:00,3
2026-05-28 09:36:57.992062+00:00,3
2026-05-28 09:37:13.380772+00:00,3
2026-05-28 09:42:02.149195+00:00,3
2026-05-28 09:42:15.803075+00:00,3
2026-05-28 09:47:05.954595+00:00,3
2026-05-28 09:47:18.471794+00:00,3
2026-05-28 09:52:08.356704+00:00,3
2026-05-28 09:52:20.632769+00:00,3
2026-05-28 09:57:12.498684+00:00,3
2026-05-28 09:57:23.219364+00:00,3
2026-05-28 10:02:20.210010+00:00,3
2026-05-28 10:02:25.876751+00:00,3
2026-05-28 10:17:30.934109+00:00,3
2026-05-28 10:17:35.187925+00:00,3
2026-05-28 10:32:41.297608+00:00,3
2026-05-28 10:32:41.894830+00:00,3
2026-05-28 10:47:51.854184+00:00,3
2026-05-28 10:47:52.414081+00:00,3
2026-05-28 10:52:54.416790+00:00,3
2026-05-28 10:52:54.521098+00:00,3
2026-05-28 10:57:58.651244+00:00,3
2026-05-28 10:57:58.706918+00:00,3
2026-05-28 11:03:04.316655+00:00,3
2026-05-28 11:03:06.072625+00:00,3
2026-05-28 11:33:24.418158+00:00,-1
2026-05-28 11:38:25.638802+00:00,-1
2026-05-28 11:48:32.635760+00:00,3
2026-05-28 11:48:33.018332+00:00,3
2026-05-28 12:03:42.231822+00:00,3
2026-05-28 12:03:44.545955+00:00,3
2026-05-28 12:18:54.498406+00:00,3
2026-05-28 12:18:54.626072+00:00,3
2026-05-28 12:34:03.777341+00:00,3
2026-05-28 12:34:04.370026+00:00,3
2026-05-28 12:49:13.238865+00:00,3
2026-05-28 12:49:14.288177+00:00,3
2026-05-28 13:04:23.160114+00:00,3
2026-05-28 13:04:25.085085+00:00,3
2026-05-28 13:09:26.097837+00:00,3
2026-05-28 13:09:27.419209+00:00,3
2026-05-28 13:19:34.281387+00:00,3
2026-05-28 13:19:34.919566+00:00,3
2026-05-28 13:24:36.986320+00:00,3
2026-05-28 13:24:36.992144+00:00,3
2026-05-28 13:34:44.600696+00:00,3
2026-05-28 13:34:45.375405+00:00,3
2026-05-28 13:39:47.315848+00:00,3
2026-05-28 13:39:48.013227+00:00,3
2026-05-28 13:49:55.768597+00:00,7
2026-05-28 13:49:56.371821+00:00,7
2026-05-28 14:05:05.154860+00:00,3
2026-05-28 14:05:07.085067+00:00,3
2026-05-28 14:10:07.555619+00:00,3
2026-05-28 14:10:09.104335+00:00,3
2026-05-28 14:20:18.739533+00:00,3
2026-05-28 14:20:19.953784+00:00,3
2026-05-28 14:35:28.746917+00:00,3
2026-05-28 14:35:29.648239+00:00,3
2026-05-28 14:40:31.394103+00:00,3
2026-05-28 14:40:32.410998+00:00,3
2026-05-28 14:50:39.198784+00:00,3
2026-05-28 14:50:40.146676+00:00,3
2026-05-28 14:55:41.409716+00:00,3
2026-05-28 14:55:43.027792+00:00,3
2026-05-28 15:05:51.771955+00:00,3
2026-05-28 15:05:52.336324+00:00,3
2026-05-28 15:21:02.241253+00:00,3
2026-05-28 15:21:03.580588+00:00,3
2026-05-28 15:26:05.107171+00:00,3
2026-05-28 15:26:05.648583+00:00,3
2026-05-28 15:31:10.361085+00:00,3
2026-05-28 15:31:11.049337+00:00,3
2026-05-28 15:36:13.476119+00:00,3
2026-05-28 15:36:13.494298+00:00,3
2026-05-28 15:41:16.125301+00:00,3
2026-05-28 15:41:16.127622+00:00,3
2026-05-28 15:46:22.546739+00:00,3
2026-05-28 15:46:23.316221+00:00,3
2026-05-28 17:07:26.489916+00:00,-1
2026-05-28 17:07:27.027335+00:00,-1
2026-05-28 17:12:28.286993+00:00,2
2026-05-28 17:12:30.535417+00:00,2
2026-05-28 17:17:31.453860+00:00,2
2026-05-28 17:17:32.822593+00:00,2
2026-05-28 17:22:36.559863+00:00,2
2026-05-28 17:23:28.023182+00:00,2
2026-05-28 17:33:34.912631+00:00,1
2026-05-28 17:48:45.699535+00:00,2
2026-05-28 17:53:48.348237+00:00,2
2026-05-28 18:03:55.770496+00:00,7
2026-05-28 18:19:02.670922+00:00,2
2026-05-28 18:34:11.420665+00:00,7
2026-05-28 18:49:21.834916+00:00,2
2026-05-28 19:04:29.681578+00:00,7
2026-05-28 19:09:31.358869+00:00,7
2026-05-28 19:19:36.952951+00:00,3
2026-05-28 19:39:47.724402+00:00,-1
2026-05-28 19:49:52.903875+00:00,-1
2026-05-28 19:54:55.419667+00:00,3
2026-05-28 20:10:03.088875+00:00,3
2026-05-28 20:20:08.880400+00:00,3
2026-05-28 20:25:12.271320+00:00,3
2026-05-28 20:35:17.317030+00:00,3
2026-05-28 20:40:19.737250+00:00,3
2026-05-28 20:50:25.545170+00:00,3
2026-05-28 20:55:27.991446+00:00,3
2026-05-28 21:05:34.200318+00:00,3
2026-05-28 21:10:36.197534+00:00,3
2026-05-28 21:20:41.738948+00:00,2
2026-05-28 21:35:51.781592+00:00,2
2026-05-28 21:50:59.931863+00:00,2
2026-05-28 21:56:02.698368+00:00,2
2026-05-28 22:01:06.096586+00:00,3
2026-05-28 22:16:12.421226+00:00,3
2026-05-29 01:54:58.164682+00:00,-1
2026-05-29 02:05:05.693208+00:00,-1
2026-05-29 02:10:08.275004+00:00,3
2026-05-29 02:20:16.680637+00:00,3
2026-05-29 02:25:19.358658+00:00,3
2026-05-29 02:35:26.068375+00:00,3
2026-05-29 02:50:37.330951+00:00,3
2026-05-29 03:05:46.251365+00:00,3
2026-05-29 03:10:48.787361+00:00,3
2026-05-29 03:20:55.428475+00:00,3
2026-05-29 03:25:58.208186+00:00,3
2026-05-29 03:31:02.021129+00:00,3
2026-05-29 03:36:04.249058+00:00,3
2026-05-29 03:41:06.722810+00:00,3
2026-05-29 03:46:11.279180+00:00,3
2026-05-29 03:51:15.532257+00:00,3
2026-05-29 03:56:17.860160+00:00,3
2026-05-29 04:01:23.556371+00:00,1
2026-05-29 04:16:33.472637+00:00,7
2026-05-29 04:33:44.181555+00:00,2
2026-05-29 04:48:54.632851+00:00,2
2026-05-29 05:04:05.029327+00:00,2
2026-05-29 05:16:46.010465+00:00,2
2026-05-29 05:16:47.797597+00:00,2
2026-05-29 05:21:50.482968+00:00,7
2026-05-29 05:21:50.483027+00:00,7
2026-05-29 05:26:52.554708+00:00,7
2026-05-29 05:26:52.704867+00:00,7
2026-05-29 05:31:57.735955+00:00,3
2026-05-29 05:31:57.785039+00:00,3
2026-05-29 05:37:02.157725+00:00,3
2026-05-29 05:37:02.182389+00:00,3
2026-05-29 05:42:04.806235+00:00,3
2026-05-29 05:42:04.808008+00:00,3
2026-05-29 05:51:11.305487+00:00,7
2026-05-29 05:51:11.360019+00:00,7
2026-05-29 05:56:15.629827+00:00,7
2026-05-29 05:56:15.685380+00:00,7
2026-05-29 06:01:20.110219+00:00,3
2026-05-29 06:01:20.148804+00:00,3
2026-05-29 06:06:22.557914+00:00,3
2026-05-29 06:06:22.611922+00:00,3
2026-05-29 06:11:26.078948+00:00,3
2026-05-29 06:11:26.736852+00:00,3
2026-05-29 06:16:32.437836+00:00,3
2026-05-29 06:16:33.277679+00:00,3
2026-05-29 06:31:41.657151+00:00,3
2026-05-29 06:31:41.658856+00:00,3
2026-05-29 06:36:43.954451+00:00,3
2026-05-29 06:36:44.188763+00:00,3
2026-05-29 06:41:48.058081+00:00,3
2026-05-29 06:41:48.498245+00:00,3
2026-05-29 06:46:53.177212+00:00,7
2026-05-29 06:46:53.647425+00:00,7
2026-05-29 07:02:03.283554+00:00,3
2026-05-29 07:02:03.434800+00:00,3
2026-05-29 07:07:06.040243+00:00,3
2026-05-29 07:07:06.066814+00:00,3
2026-05-29 07:12:09.491342+00:00,3
2026-05-29 07:12:10.684614+00:00,3
2026-05-29 07:17:16.241537+00:00,3
2026-05-29 07:17:17.646806+00:00,3
2026-05-29 07:22:18.509864+00:00,3
2026-05-29 07:22:20.692771+00:00,3
2026-05-29 07:27:25.558420+00:00,3
2026-05-29 07:32:30.651748+00:00,3
2026-05-29 07:37:35.054184+00:00,3
2026-05-29 07:42:39.278079+00:00,3
2026-05-29 07:47:44.058360+00:00,3
2026-05-29 07:52:46.636334+00:00,3
2026-05-29 08:02:54.949907+00:00,3
2026-05-29 08:07:57.493345+00:00,3
2026-05-29 08:18:06.803713+00:00,3
2026-05-29 08:33:17.190209+00:00,3
2026-05-29 08:38:19.896935+00:00,3
2026-05-29 08:48:27.789918+00:00,3
2026-05-29 08:53:30.023497+00:00,3
2026-05-29 09:03:38.600335+00:00,1
2026-05-29 09:08:40.943611+00:00,1
2026-05-29 09:18:49.196287+00:00,2
2026-05-29 09:23:51.574777+00:00,2
2026-05-29 09:33:58.495235+00:00,2
2026-05-29 09:39:01.460550+00:00,2
2026-05-29 09:49:08.953416+00:00,1
2026-05-29 09:54:11.539575+00:00,1
2026-05-29 10:04:19.308047+00:00,3
2026-05-29 10:09:21.811879+00:00,3
2026-05-29 10:19:30.419845+00:00,7
2026-05-29 10:24:32.547601+00:00,3
2026-05-29 10:34:40.299613+00:00,3
2026-05-29 10:39:42.946980+00:00,7
2026-05-29 10:49:49.833829+00:00,2
2026-05-29 10:54:52.212572+00:00,2
2026-05-29 11:05:00.918819+00:00,3
2026-05-29 11:10:03.605592+00:00,3
2026-05-29 11:20:14.473275+00:00,3
2026-05-29 11:35:24.168286+00:00,3
2026-05-29 11:50:34.568806+00:00,3
2026-05-29 11:55:37.122402+00:00,3
2026-05-29 12:05:43.938586+00:00,3
2026-05-29 12:10:46.573472+00:00,3
2026-05-29 12:20:54.797549+00:00,3
2026-05-29 12:31:01.592582+00:00,3
2026-05-29 12:46:11.366346+00:00,3
2026-05-29 12:51:14.717062+00:00,3
2026-05-29 13:01:23.290370+00:00,3
2026-05-29 13:06:25.639150+00:00,3
2026-05-29 13:11:28.344244+00:00,3
2026-05-29 13:16:32.487978+00:00,3
2026-05-29 13:21:36.756197+00:00,3
2026-05-29 13:26:39.192418+00:00,3
2026-05-29 13:31:44.435615+00:00,3
2026-05-29 13:36:47.200084+00:00,3
2026-05-29 13:46:56.667528+00:00,3
2026-05-29 13:51:59.831232+00:00,3
2026-05-29 13:57:02.322690+00:00,3
2026-05-29 14:02:08.513826+00:00,3
2026-05-29 14:07:11.103137+00:00,3
2026-05-29 14:12:13.908143+00:00,3
2026-05-29 14:17:18.725518+00:00,3
2026-05-29 14:22:23.357221+00:00,3
2026-05-29 14:27:26.113367+00:00,3
2026-05-29 14:32:31.260646+00:00,3
2026-05-29 14:47:43.104345+00:00,3
2026-05-29 15:49:41.050124+00:00,-1
2026-05-29 16:04:48.953011+00:00,-1
2026-05-29 16:19:58.854009+00:00,2
2026-05-29 16:25:01.052794+00:00,2
2026-05-29 16:35:08.561275+00:00,3
2026-05-29 16:40:12.661079+00:00,3
2026-05-29 16:50:18.853844+00:00,2
2026-05-29 16:55:21.505698+00:00,2
2026-05-29 17:05:28.062797+00:00,3
2026-05-29 17:10:32.290295+00:00,3
2026-05-29 17:20:39.808596+00:00,3
2026-05-29 17:25:41.874953+00:00,3
2026-05-29 17:35:48.171514+00:00,3
2026-05-29 17:40:50.870297+00:00,3
2026-05-29 17:50:57.893689+00:00,3
2026-05-29 17:55:28.435665+00:00,3
2026-05-29 18:05:35.204775+00:00,3
2026-05-29 18:10:37.369119+00:00,3
2026-05-29 18:20:43.291943+00:00,3
2026-05-29 18:25:45.686467+00:00,3
2026-05-29 18:35:51.431401+00:00,3
2026-05-29 20:24:11.986804+00:00,-1
2026-05-30 02:06:40.487235+00:00,-1
2026-05-30 02:11:43.286039+00:00,-1
2026-05-30 02:16:49.568961+00:00,2
2026-05-30 02:21:53.096414+00:00,7
2026-05-30 02:26:58.595064+00:00,7
2026-05-30 02:32:05.808243+00:00,7
2026-05-30 02:37:09.160598+00:00,7
2026-05-30 02:42:12.506514+00:00,7
2026-05-30 02:47:27.623524+00:00,2
2026-05-30 02:52:32.678815+00:00,2
2026-05-30 02:57:36.497570+00:00,2
2026-05-30 03:02:43.513436+00:00,7
2026-05-30 03:07:47.196561+00:00,7
2026-05-30 03:12:52.688388+00:00,7
2026-05-30 03:17:59.888383+00:00,3
2026-05-30 03:23:03.257054+00:00,3
2026-05-30 03:33:12.085037+00:00,3
2026-05-30 03:38:19.916665+00:00,3
2026-05-30 03:48:31.874565+00:00,7
2026-05-30 03:53:39.202924+00:00,7
2026-05-30 04:03:49.048368+00:00,3
2026-05-30 04:08:52.692622+00:00,3
2026-05-30 04:19:02.628083+00:00,3
2026-05-30 04:24:06.215503+00:00,3
2026-05-30 04:34:22.390047+00:00,3
2026-05-30 04:39:28.297687+00:00,3
2026-05-30 04:49:38.789121+00:00,3
2026-05-30 05:05:02.243688+00:00,3
2026-05-30 05:20:23.245622+00:00,3
2026-05-30 05:35:43.058425+00:00,3
2026-05-30 05:51:08.471839+00:00,3
2026-05-30 05:56:17.356667+00:00,3
2026-05-30 06:01:24.889669+00:00,7
2026-05-30 06:06:32.058747+00:00,2
2026-05-30 06:11:37.052705+00:00,2
2026-05-30 06:16:41.816945+00:00,1
2026-05-30 06:21:48.036020+00:00,1
2026-05-30 06:26:52.797923+00:00,1
2026-05-30 06:31:59.701487+00:00,2
2026-05-30 06:37:05.847605+00:00,2
2026-05-30 06:42:10.367881+00:00,2
2026-05-30 06:47:16.690577+00:00,2
2026-05-30 06:52:22.660020+00:00,2
2026-05-30 06:57:30.065111+00:00,2
2026-05-30 07:02:37.691536+00:00,3
2026-05-30 07:07:42.216500+00:00,3
2026-05-30 07:12:47.230519+00:00,3
2026-05-30 07:17:52.433022+00:00,3
2026-05-30 07:33:06.958812+00:00,3
2026-05-30 07:38:11.348945+00:00,3
2026-05-30 07:48:19.405153+00:00,3
2026-05-30 07:53:24.344031+00:00,3
2026-05-30 08:03:35.574583+00:00,3
2026-05-30 08:08:40.259147+00:00,3
2026-05-30 08:18:47.600010+00:00,3
2026-05-30 08:23:52.065106+00:00,3
2026-05-30 08:34:02.906592+00:00,3
2026-05-30 08:39:07.721968+00:00,3
2026-05-30 08:49:20.344447+00:00,3
2026-05-30 08:54:24.758831+00:00,3
2026-05-30 09:04:36.649463+00:00,3
2026-05-30 09:19:47.520180+00:00,3
2026-05-30 09:35:00.534421+00:00,3
2026-05-30 09:40:04.621134+00:00,3
2026-05-30 09:50:12.305073+00:00,3
2026-05-30 10:05:27.404999+00:00,2
2026-05-30 10:10:32.145614+00:00,2
2026-05-30 10:20:40.244034+00:00,2
2026-05-30 10:25:45.035320+00:00,2
2026-05-30 10:35:53.983499+00:00,2
2026-05-30 10:40:57.885029+00:00,2
2026-05-30 10:46:02.560337+00:00,7
2026-05-30 10:51:05.598640+00:00,1
2026-05-30 10:56:10.104708+00:00,1
2026-05-30 11:01:18.917620+00:00,7
2026-05-30 11:06:22.279624+00:00,7
2026-05-30 11:11:27.635373+00:00,3
2026-05-30 11:16:32.314658+00:00,7
2026-05-30 11:21:35.735004+00:00,3
2026-05-30 11:26:40.993868+00:00,3
2026-05-30 11:31:46.190552+00:00,3
2026-05-30 11:36:49.145769+00:00,3
2026-05-30 11:41:53.600395+00:00,7
2026-05-30 11:46:58.043254+00:00,2
2026-05-30 11:52:01.229598+00:00,7
2026-05-30 11:57:07.219813+00:00,7
2026-05-30 12:02:14.053043+00:00,3
2026-05-30 12:07:17.296658+00:00,3
2026-05-30 12:12:21.623310+00:00,3
2026-05-30 12:17:26.098583+00:00,3
2026-05-30 12:32:39.274919+00:00,3
2026-05-30 12:47:51.629539+00:00,3
2026-05-30 12:52:54.660049+00:00,3
2026-05-30 12:57:58.856798+00:00,3
2026-05-30 13:03:06.165622+00:00,1
2026-05-30 13:18:17.375804+00:00,2
2026-05-30 13:23:20.236786+00:00,2
2026-05-30 13:33:29.656017+00:00,2
2026-05-30 13:38:35.400685+00:00,2
2026-05-30 13:48:44.911162+00:00,1
2026-05-30 14:03:58.472756+00:00,2
2026-05-30 14:19:08.213723+00:00,2
2026-05-30 14:34:19.223835+00:00,2
2026-05-30 14:49:29.667573+00:00,3
2026-05-30 14:54:32.629398+00:00,3
2026-05-30 15:04:43.806796+00:00,3
2026-05-30 15:09:47.370368+00:00,3
2026-05-30 15:19:55.153830+00:00,3
2026-05-30 15:24:57.986725+00:00,3
2026-05-30 15:35:06.399055+00:00,3
2026-05-30 15:40:09.345443+00:00,3
2026-05-30 15:50:21.445062+00:00,3
2026-05-30 16:05:36.273221+00:00,3
2026-05-30 16:10:42.574188+00:00,3
2026-05-30 16:20:51.842280+00:00,3
2026-05-30 16:25:54.728224+00:00,3
2026-05-30 16:31:09.827557+00:00,3
2026-05-30 16:46:19.796641+00:00,3
2026-05-30 16:51:22.387261+00:00,3
2026-05-30 16:56:24.817345+00:00,3
2026-05-30 17:01:31.103688+00:00,3
2026-05-30 17:06:35.604028+00:00,3
2026-05-30 17:11:38.095356+00:00,3
2026-05-30 17:16:43.014096+00:00,3
2026-05-30 17:31:52.273971+00:00,2
2026-05-30 17:36:54.657575+00:00,2
2026-06-01 03:27:22.665056+00:00,-1
2026-06-01 03:32:25.450593+00:00,-1
2026-06-01 03:37:28.496951+00:00,2
2026-06-01 03:42:30.707249+00:00,2
2026-06-01 03:47:34.338165+00:00,1
2026-06-01 03:52:37.851314+00:00,1
2026-06-01 03:57:40.548622+00:00,1
2026-06-01 04:02:44.603244+00:00,3
2026-06-01 04:17:53.358362+00:00,3
2026-06-01 04:22:56.969007+00:00,3
2026-06-01 04:33:04.482363+00:00,3
2026-06-01 04:48:13.546025+00:00,3
2026-06-01 04:53:16.707836+00:00,3
2026-06-01 05:03:23.800007+00:00,3
2026-06-01 05:08:27.048916+00:00,3
2026-06-01 05:18:32.861087+00:00,3
2026-06-01 05:23:35.808901+00:00,3
2026-06-01 05:33:43.339005+00:00,3
2026-06-01 05:48:51.691332+00:00,3
2026-06-01 06:04:01.296722+00:00,3
2026-06-01 06:09:04.730260+00:00,3
2026-06-01 06:18:03.432666+00:00,3
2026-06-01 06:33:11.440913+00:00,3
2026-06-01 06:38:14.079079+00:00,3
2026-06-01 06:48:20.727206+00:00,3
2026-06-01 06:53:23.260468+00:00,3
2026-06-01 07:03:30.252705+00:00,3
2026-06-01 07:08:32.599746+00:00,3
2026-06-01 07:18:40.118122+00:00,3
2026-06-01 07:33:48.252792+00:00,3
2026-06-01 07:38:50.692134+00:00,3
2026-06-01 07:48:57.093728+00:00,3
2026-06-01 07:53:59.327764+00:00,3
2026-06-01 08:04:06.001174+00:00,3
2026-06-01 08:09:08.400549+00:00,3
2026-06-01 08:19:16.100471+00:00,3
2026-06-01 08:24:18.189150+00:00,3
2026-06-01 08:34:24.599018+00:00,3
2026-06-01 08:49:33.116903+00:00,3
2026-06-01 09:04:41.820787+00:00,3
2026-06-01 09:19:52.152975+00:00,3
2026-06-01 09:35:00.172149+00:00,3
2026-06-01 09:40:02.504593+00:00,3
2026-06-01 09:50:11.638784+00:00,3
2026-06-01 10:05:19.963480+00:00,3
2026-06-01 10:10:22.476349+00:00,3
2026-06-01 10:20:30.413972+00:00,3
2026-06-01 10:25:32.624932+00:00,3
2026-06-01 10:35:38.475536+00:00,3
2026-06-01 10:40:40.778418+00:00,3
2026-06-01 10:50:46.803734+00:00,3
2026-06-01 11:05:55.380614+00:00,3
2026-06-01 11:10:57.906598+00:00,3
2026-06-01 11:16:01.857644+00:00,3
2026-06-01 11:21:06.116221+00:00,3
2026-06-01 11:31:12.286504+00:00,3
2026-06-01 11:36:14.438549+00:00,3
2026-06-01 11:41:16.724127+00:00,3
2026-06-01 11:46:20.923820+00:00,3
2026-06-01 12:01:30.639675+00:00,3
2026-06-01 12:06:32.976700+00:00,3
2026-06-01 12:11:35.515522+00:00,3
2026-06-01 12:16:40.334930+00:00,3
2026-06-01 12:31:50.415454+00:00,3
2026-06-01 12:36:52.671772+00:00,3
2026-06-01 12:47:00.110767+00:00,3
2026-06-01 12:52:02.693932+00:00,3
2026-06-01 12:57:04.887952+00:00,3
2026-06-01 13:02:10.264667+00:00,3
2026-06-01 13:07:12.566404+00:00,3
2026-06-01 13:12:14.845507+00:00,3
2026-06-01 13:17:19.152866+00:00,3
2026-06-01 13:32:29.445056+00:00,3
2026-06-01 13:47:38.189575+00:00,3
2026-06-01 13:52:40.886798+00:00,3
2026-06-01 13:57:43.278394+00:00,3
2026-06-01 14:02:48.297141+00:00,3
2026-06-01 14:12:53.085597+00:00,3
2026-06-01 14:17:57.117530+00:00,3
2026-06-01 14:33:07.070820+00:00,3
2026-06-01 14:38:09.293040+00:00,3
2026-06-01 14:48:15.151045+00:00,3
2026-06-01 15:03:25.138481+00:00,3
2026-06-01 15:08:33.332601+00:00,3
2026-06-01 15:18:39.455350+00:00,3
2026-06-01 15:23:43.639371+00:00,3
2026-06-01 15:33:50.005612+00:00,3
2026-06-01 15:48:58.465549+00:00,3
2026-06-01 15:54:01.350046+00:00,3
2026-06-01 16:04:08.378051+00:00,3
2026-06-01 16:19:16.798808+00:00,3
2026-06-01 16:34:26.729715+00:00,3
2026-06-01 16:49:35.357055+00:00,3
2026-06-01 17:04:44.531624+00:00,3
2026-06-01 17:20:14.885841+00:00,3
2026-06-01 17:35:22.885647+00:00,3
2026-06-01 17:50:31.573566+00:00,3
2026-06-01 17:55:33.906757+00:00,3
2026-06-01 18:04:46.555141+00:00,3
2026-06-01 18:09:50.124332+00:00,3
2026-06-01 18:19:55.647707+00:00,3
2026-06-01 18:24:58.602056+00:00,3
2026-06-01 18:35:04.433151+00:00,3
2026-06-01 18:40:07.693665+00:00,3
2026-06-01 18:50:13.103688+00:00,3
2026-06-01 18:55:16.169326+00:00,3
2026-06-01 19:10:49.236543+00:00,3
2026-06-01 19:20:54.634709+00:00,3
2026-06-01 19:25:57.707802+00:00,3
2026-06-01 19:31:01.468284+00:00,3
2026-06-01 19:36:03.742583+00:00,3
2026-06-01 19:41:06.983533+00:00,3
2026-06-01 19:56:16.478619+00:00,3
2026-06-01 20:01:21.733330+00:00,3
2026-06-01 20:06:24.178067+00:00,3
2026-06-01 20:11:27.648199+00:00,3
2026-06-01 20:11:48.216828+00:00,3
2026-06-01 20:16:52.232175+00:00,3
2026-06-01 20:21:55.713291+00:00,3
2026-06-01 20:26:57.928236+00:00,3
2026-06-01 20:32:01.766031+00:00,3
2026-06-01 20:32:52.362284+00:00,3
2026-06-01 20:37:54.605571+00:00,3
2026-06-01 20:42:58.245093+00:00,3
2026-06-01 20:48:01.918168+00:00,3
2026-06-01 20:53:04.805509+00:00,3
2026-06-01 21:03:12.998187+00:00,3
2026-06-01 21:08:15.352402+00:00,3
2026-06-01 21:18:24.231403+00:00,3
2026-06-01 21:23:26.780330+00:00,3
2026-06-01 21:33:35.300018+00:00,3
2026-06-01 21:48:43.818455+00:00,3
2026-06-01 22:03:52.754501+00:00,3
2026-06-01 22:08:55.089025+00:00,3
2026-06-01 22:19:03.020854+00:00,3
2026-06-01 22:24:05.298910+00:00,3
2026-06-01 22:35:28.372195+00:00,3
2026-06-01 22:40:31.828650+00:00,3
2026-06-01 22:48:02.251492+00:00,3
2026-06-01 23:05:36.838970+00:00,3
2026-06-01 23:08:04.172058+00:00,3
2026-06-01 23:18:12.062822+00:00,3
2026-06-01 23:23:14.441813+00:00,3
2026-06-01 23:33:21.568490+00:00,3
2026-06-01 23:38:24.571424+00:00,3
2026-06-01 23:48:30.981694+00:00,3
2026-06-01 23:53:33.395840+00:00,3
2026-06-02 00:03:43.139907+00:00,3
2026-06-02 00:08:47.936660+00:00,3
2026-06-02 00:18:54.381646+00:00,3
2026-06-02 00:23:56.973893+00:00,3
2026-06-02 00:34:05.223854+00:00,3
2026-06-02 00:39:07.910859+00:00,3
2026-06-02 00:49:14.342937+00:00,3
2026-06-02 00:54:16.729410+00:00,3
2026-06-02 01:04:23.785288+00:00,3
2026-06-02 01:09:02.465229+00:00,3
2026-06-02 01:19:08.712725+00:00,3
2026-06-02 01:24:11.871305+00:00,3
2026-06-02 01:34:18.408766+00:00,3
2026-06-02 01:39:20.963113+00:00,3
2026-06-02 01:49:27.283668+00:00,3
2026-06-02 01:54:29.357883+00:00,3
2026-06-02 02:04:36.058330+00:00,3
2026-06-02 02:09:40.353755+00:00,3
2026-06-02 02:19:46.500139+00:00,3
2026-06-02 02:24:48.730223+00:00,3
2026-06-02 02:34:55.264372+00:00,3
2026-06-02 02:39:57.880902+00:00,3
2026-06-02 02:50:04.434243+00:00,3
2026-06-02 02:55:06.801562+00:00,3
2026-06-02 03:05:15.590318+00:00,3
2026-06-02 03:10:20.442342+00:00,3
2026-06-02 03:20:26.485470+00:00,3
2026-06-02 03:25:28.710679+00:00,3
2026-06-02 03:50:43.883784+00:00,-1
2026-06-02 04:47:46.429651+00:00,-1
2026-06-02 04:52:48.948259+00:00,-1
2026-06-02 04:57:51.836249+00:00,3
2026-06-02 05:02:55.621626+00:00,3
2026-06-02 05:07:58.581693+00:00,3
2026-06-02 05:18:05.554651+00:00,3
2026-06-02 05:23:07.612933+00:00,3
2026-06-02 05:33:13.929179+00:00,3
2026-06-02 05:48:24.521706+00:00,3
2026-06-02 05:53:26.763030+00:00,3
2026-06-02 06:03:34.020830+00:00,3
2026-06-02 06:18:43.985796+00:00,3
2026-06-02 06:23:46.231096+00:00,3
2026-06-02 06:33:52.626717+00:00,3
2026-06-02 06:38:55.020866+00:00,3
2026-06-02 06:49:03.149448+00:00,3
2026-06-02 06:54:05.329844+00:00,3
2026-06-02 07:04:12.010118+00:00,3
2026-06-02 07:09:14.554098+00:00,3
2026-06-02 07:19:20.624328+00:00,3
2026-06-02 07:34:28.491384+00:00,3
2026-06-02 07:39:30.759835+00:00,3
2026-06-02 07:49:38.651291+00:00,3
2026-06-02 07:54:40.923667+00:00,3
2026-06-02 08:04:48.427470+00:00,3
2026-06-02 08:09:52.221906+00:00,3
2026-06-02 08:19:58.388839+00:00,3
2026-06-02 08:25:00.696751+00:00,3
2026-06-02 08:35:09.575815+00:00,3
2026-06-02 08:40:12.138759+00:00,3
2026-06-02 08:50:20.485970+00:00,3
2026-06-02 08:55:22.585130+00:00,3
2026-06-02 09:05:29.292201+00:00,3
2026-06-02 09:10:31.815981+00:00,3
2026-06-02 09:20:38.235665+00:00,3
2026-06-02 09:25:40.301323+00:00,3
2026-06-02 09:35:46.488757+00:00,3
2026-06-02 09:40:48.904598+00:00,3
2026-06-02 09:50:57.292490+00:00,3
2026-06-02 09:55:59.463542+00:00,3
2026-06-02 10:01:03.888281+00:00,3
2026-06-02 10:06:06.149076+00:00,3
2026-06-02 10:16:12.532608+00:00,3
2026-06-02 10:21:15.070082+00:00,3
2026-06-02 10:26:17.114843+00:00,3
2026-06-02 10:31:22.099671+00:00,3
2026-06-02 10:36:24.535577+00:00,3
2026-06-02 10:41:27.398092+00:00,3
2026-06-02 10:46:31.655712+00:00,3
2026-06-02 11:01:42.690497+00:00,3
2026-06-02 11:06:44.876225+00:00,3
2026-06-02 11:11:47.321676+00:00,3
2026-06-02 11:16:51.752669+00:00,3
2026-06-02 11:21:54.569301+00:00,3
2026-06-02 11:26:56.729128+00:00,3
2026-06-02 11:32:01.337355+00:00,3
2026-06-02 11:37:03.577001+00:00,3
2026-06-02 11:42:05.886756+00:00,3
2026-06-02 11:47:10.447590+00:00,3
2026-06-02 12:02:21.921083+00:00,3
2026-06-02 12:07:24.558856+00:00,3
2026-06-02 12:12:27.069181+00:00,3
2026-06-02 12:17:31.411608+00:00,3
2026-06-02 12:22:34.046912+00:00,3
2026-06-02 12:27:36.176097+00:00,3
2026-06-02 12:32:40.929780+00:00,3
2026-06-02 12:37:43.178253+00:00,3
2026-06-02 12:42:45.591723+00:00,3
2026-06-02 12:47:50.032115+00:00,3
2026-06-02 12:52:54.179286+00:00,3
2026-06-02 12:57:56.479037+00:00,3
2026-06-02 13:03:01.993204+00:00,3
2026-06-02 13:18:09.722786+00:00,3
2026-06-02 13:33:18.441952+00:00,3
2026-06-02 13:38:20.589683+00:00,3
2026-06-02 13:48:26.783945+00:00,3
2026-06-02 14:03:38.184721+00:00,3
2026-06-02 14:08:40.510769+00:00,3
2026-06-02 14:18:47.219907+00:00,3
2026-06-02 14:23:50.211466+00:00,3
2026-06-02 14:33:57.776643+00:00,3
2026-06-02 14:49:06.358238+00:00,3
2026-06-02 14:54:10.577646+00:00,3
2026-06-02 15:04:18.093942+00:00,3
2026-06-02 15:09:20.486070+00:00,3
2026-06-02 15:19:27.115416+00:00,3
2026-06-02 15:24:29.747021+00:00,3
2026-06-02 15:34:36.742639+00:00,3
2026-06-02 15:39:39.545400+00:00,3
2026-06-02 15:49:46.254869+00:00,3
2026-06-02 15:54:51.320393+00:00,3
2026-06-02 17:04:06.320366+00:00,-1
2026-06-02 17:09:09.313488+00:00,-1
2026-06-02 17:19:14.596082+00:00,3
2026-06-02 17:24:17.117128+00:00,3
2026-06-02 17:34:22.079854+00:00,3
2026-06-02 17:39:24.941303+00:00,3
2026-06-02 17:49:31.314387+00:00,3
2026-06-02 17:54:33.951849+00:00,3
2026-06-02 18:04:39.053297+00:00,3
2026-06-02 18:19:47.422098+00:00,3
2026-06-02 18:24:50.743886+00:00,3
2026-06-02 18:34:55.405496+00:00,3
2026-06-02 18:39:58.281930+00:00,3
2026-06-02 18:50:04.408717+00:00,3
2026-06-02 18:55:06.796270+00:00,3
2026-06-02 19:05:12.394957+00:00,3
2026-06-02 19:10:15.133021+00:00,3
2026-06-02 19:20:19.969411+00:00,3
2026-06-02 19:25:22.612288+00:00,3
2026-06-02 19:35:27.685194+00:00,3
2026-06-02 19:40:30.474154+00:00,3
2026-06-02 19:50:36.821210+00:00,3
2026-06-02 19:55:39.516633+00:00,3
2026-06-02 20:05:44.552092+00:00,3
2026-06-02 20:10:47.095994+00:00,3
2026-06-02 20:20:51.942666+00:00,3
2026-06-02 20:25:54.678877+00:00,3
2026-06-02 20:35:59.507051+00:00,3
2026-06-02 20:41:01.974977+00:00,3
2026-06-02 20:46:06.573936+00:00,3
2026-06-02 21:03:37.926401+00:00,3
2026-06-02 21:08:40.901848+00:00,3
2026-06-02 21:18:45.437437+00:00,3
2026-06-02 21:23:48.515156+00:00,3
2026-06-02 21:33:53.002537+00:00,3
2026-06-02 21:38:55.542594+00:00,3
2026-06-02 21:54:02.522288+00:00,3
2026-06-02 22:04:08.911690+00:00,3
2026-06-02 22:09:11.677451+00:00,3
2026-06-02 22:19:16.326371+00:00,3
2026-06-02 22:34:23.494103+00:00,3
2026-06-02 22:39:26.296141+00:00,3
2026-06-02 22:49:30.999149+00:00,3
2026-06-02 22:54:33.568342+00:00,3
2026-06-02 23:09:43.075490+00:00,3
2026-06-03 00:18:23.010111+00:00,-1
2026-06-03 00:23:25.850101+00:00,-1
2026-06-03 00:33:32.375368+00:00,3
2026-06-03 00:48:40.780702+00:00,3
2026-06-03 00:53:45.616683+00:00,3
2026-06-03 01:03:53.564883+00:00,3
2026-06-03 01:08:55.783996+00:00,3
2026-06-03 01:19:01.981075+00:00,3
2026-06-03 01:24:04.610147+00:00,3
2026-06-03 01:34:20.657725+00:00,3
2026-06-03 01:39:22.935846+00:00,3
2026-06-03 01:49:29.343609+00:00,3
2026-06-03 02:04:41.295024+00:00,3
2026-06-03 02:09:43.320340+00:00,3
2026-06-03 02:19:49.237320+00:00,3
2026-06-03 02:24:51.954554+00:00,3
2026-06-03 02:34:57.790051+00:00,3
2026-06-03 02:50:07.378675+00:00,3
2026-06-03 03:05:19.020840+00:00,3
2026-06-03 03:10:21.306736+00:00,3
2026-06-03 03:20:27.792288+00:00,3
2026-06-03 03:25:30.763212+00:00,3
2026-06-03 03:35:37.358673+00:00,3
2026-06-03 03:40:39.727644+00:00,3
2026-06-03 03:50:46.319123+00:00,3
2026-06-03 03:55:50.391482+00:00,3
2026-06-03 04:05:57.956734+00:00,3
2026-06-03 04:11:00.231574+00:00,3
2026-06-03 04:16:04.106615+00:00,3
2026-06-03 04:31:13.465799+00:00,3
2026-06-03 04:36:17.109203+00:00,3
2026-06-03 04:41:19.374331+00:00,3
2026-06-03 04:46:23.066689+00:00,3
2026-06-03 04:51:26.616182+00:00,3
2026-06-03 04:56:31.417295+00:00,3
2026-06-03 05:01:36.160723+00:00,3
2026-06-03 05:06:40.160030+00:00,3
2026-06-03 05:11:42.435085+00:00,3
2026-06-03 05:16:46.361493+00:00,3
2026-06-03 05:21:49.562824+00:00,3
2026-06-03 05:26:52.703482+00:00,3
2026-06-03 05:31:56.257686+00:00,3
2026-06-03 05:37:01.058416+00:00,3
2026-06-03 05:42:03.301408+00:00,3
2026-06-03 05:47:07.360114+00:00,3
2026-06-03 05:52:10.877860+00:00,3
2026-06-03 05:57:15.275641+00:00,3
2026-06-03 06:02:19.566011+00:00,2
2026-06-03 06:07:23.281795+00:00,7
2026-06-03 06:12:25.621541+00:00,7
2026-06-03 06:17:29.705883+00:00,7
2026-06-03 06:22:33.170965+00:00,7
2026-06-03 06:27:36.091451+00:00,7
2026-06-03 06:32:39.823847+00:00,2
2026-06-03 06:37:43.483322+00:00,2
2026-06-03 06:42:45.814889+00:00,2
2026-06-03 06:47:49.713833+00:00,2
2026-06-03 06:52:53.328927+00:00,2
2026-06-03 07:03:01.362958+00:00,3
2026-06-03 07:08:04.946460+00:00,3
2026-06-03 07:18:10.876826+00:00,3
2026-06-03 07:23:14.135339+00:00,3
2026-06-03 07:33:21.036704+00:00,3
2026-06-03 07:38:24.715135+00:00,3
2026-06-03 07:48:30.458739+00:00,3
2026-06-03 07:53:33.786910+00:00,3
2026-06-03 08:03:41.471754+00:00,2
2026-06-03 08:08:45.164659+00:00,2
2026-06-03 08:18:50.814596+00:00,1
2026-06-03 08:23:54.218833+00:00,1
2026-06-03 08:33:59.729287+00:00,1
2026-06-03 08:39:03.499448+00:00,1
2026-06-03 08:49:08.960030+00:00,2
2026-06-03 08:54:11.985736+00:00,2
2026-06-03 09:04:20.359462+00:00,3
2026-06-03 09:09:23.935119+00:00,3
2026-06-03 09:19:29.530369+00:00,3
2026-06-03 09:24:32.647073+00:00,3
2026-06-03 09:34:38.724857+00:00,3
2026-06-03 09:49:47.858716+00:00,3
2026-06-03 09:54:51.254478+00:00,3
2026-06-03 10:04:59.069652+00:00,2
2026-06-03 10:10:02.701946+00:00,2
2026-06-03 10:20:09.935613+00:00,2
2026-06-03 10:25:12.999655+00:00,2
2026-06-03 10:35:19.287796+00:00,2
2026-06-03 10:40:22.528338+00:00,2
2026-06-03 10:50:27.967318+00:00,1
2026-06-03 10:55:31.016354+00:00,1
2026-06-03 11:05:39.034688+00:00,2
2026-06-03 11:10:42.454370+00:00,2
2026-06-03 11:20:48.021703+00:00,3
2026-06-03 11:25:51.315755+00:00,3
2026-06-03 11:35:57.141540+00:00,2
2026-06-03 11:41:00.646125+00:00,2
2026-06-03 11:46:03.811897+00:00,3
2026-06-03 11:51:06.493466+00:00,3
2026-06-03 11:56:09.630887+00:00,3
2026-06-03 12:01:16.460903+00:00,3
2026-06-03 12:06:18.729271+00:00,3
2026-06-03 12:11:23.068077+00:00,3
2026-06-03 12:16:26.861012+00:00,3
2026-06-03 12:21:29.878940+00:00,3
2026-06-03 12:26:33.430987+00:00,3
2026-06-03 12:31:37.432483+00:00,3
2026-06-03 12:36:39.770592+00:00,3
2026-06-03 12:41:43.693358+00:00,3
2026-06-03 12:46:46.984942+00:00,3
2026-06-03 12:51:49.536622+00:00,3
2026-06-03 12:56:52.939169+00:00,3
2026-06-03 13:01:59.076724+00:00,2
2026-06-03 13:07:01.597746+00:00,2
2026-06-03 13:12:05.364851+00:00,2
2026-06-03 13:17:09.147569+00:00,2
2026-06-03 13:22:11.747607+00:00,2
2026-06-03 13:32:19.394954+00:00,1
2026-06-03 13:37:21.810678+00:00,1
2026-06-03 13:42:25.373232+00:00,1
2026-06-03 13:47:29.636978+00:00,1
2026-06-03 13:52:32.478145+00:00,1
2026-06-03 13:57:35.580091+00:00,1
2026-06-03 14:02:41.947612+00:00,3
2026-06-03 14:07:44.563193+00:00,3
2026-06-03 14:12:48.228060+00:00,3
2026-06-03 14:17:51.981023+00:00,3
2026-06-03 14:22:54.617434+00:00,3
2026-06-03 14:27:58.262807+00:00,3
2026-06-03 14:33:02.484603+00:00,3
2026-06-03 14:38:04.830355+00:00,3
2026-06-03 14:48:11.768361+00:00,3
2026-06-03 14:53:14.644785+00:00,3
2026-06-03 15:03:23.719059+00:00,3
2026-06-03 15:08:26.271252+00:00,3
2026-06-03 15:18:32.995259+00:00,3
2026-06-03 15:23:35.442326+00:00,3
2026-06-03 15:33:41.708486+00:00,3
2026-06-03 15:38:44.328413+00:00,3
2026-06-03 15:48:51.080015+00:00,3
2026-06-03 15:53:53.662139+00:00,3
2026-06-03 16:04:02.940315+00:00,3
2026-06-03 16:47:18.070439+00:00,-1
2026-06-03 17:02:25.796667+00:00,-1
2026-06-03 17:07:28.106308+00:00,3
2026-06-03 17:12:30.037946+00:00,3
2026-06-03 17:17:34.184729+00:00,3
2026-06-03 17:22:36.069682+00:00,3
2026-06-03 17:27:38.241302+00:00,3
2026-06-03 17:32:42.051916+00:00,3
2026-06-03 17:52:53.442386+00:00,-1
2026-06-03 19:03:49.365855+00:00,-1
2026-06-03 19:18:57.277066+00:00,-1
2026-06-03 19:23:59.228653+00:00,3
2026-06-03 19:34:04.936023+00:00,3
2026-06-03 19:39:07.039838+00:00,3
2026-06-03 19:49:12.786298+00:00,3
2026-06-03 19:54:14.596970+00:00,3
2026-06-03 20:04:22.941008+00:00,3
2026-06-03 20:09:25.249627+00:00,3
2026-06-03 20:19:30.865698+00:00,3
2026-06-03 20:24:32.717521+00:00,3
2026-06-03 20:34:38.369769+00:00,3
2026-06-03 20:39:40.404719+00:00,3
2026-06-03 20:49:46.810038+00:00,3
2026-06-03 20:54:49.253526+00:00,3
2026-06-03 21:04:57.008287+00:00,3
2026-06-03 21:09:59.345363+00:00,3
2026-06-03 21:20:04.622866+00:00,3
2026-06-03 21:25:06.524523+00:00,3
2026-06-03 21:35:12.530576+00:00,3
2026-06-03 21:40:14.354595+00:00,3
2026-06-03 21:50:19.715929+00:00,3
2026-06-03 22:05:28.732343+00:00,3
2026-06-03 22:10:30.866955+00:00,3
2026-06-03 22:20:36.022661+00:00,3
2026-06-03 22:25:38.020025+00:00,3
2026-06-03 22:35:43.222506+00:00,3
2026-06-03 22:40:45.380526+00:00,3
2026-06-03 22:50:50.864639+00:00,3
2026-06-03 22:55:52.733728+00:00,3
2026-06-03 23:06:00.276499+00:00,3
2026-06-03 23:11:02.462700+00:00,3
2026-06-03 23:16:05.517527+00:00,3
2026-06-03 23:21:07.554950+00:00,3
2026-06-03 23:26:09.515104+00:00,3
2026-06-03 23:31:13.558564+00:00,3
2026-06-04 01:32:19.896441+00:00,-1
2026-06-04 01:37:23.908697+00:00,-1
2026-06-04 01:42:26.691860+00:00,3
2026-06-04 01:47:31.027956+00:00,3
2026-06-04 01:52:39.600240+00:00,3
2026-06-04 02:02:47.912144+00:00,3
2026-06-04 02:07:51.723586+00:00,3
2026-06-04 02:17:58.585118+00:00,3
2026-06-04 02:23:02.833697+00:00,3
2026-06-04 02:33:09.378359+00:00,3
2026-06-04 02:38:12.675512+00:00,3
2026-06-04 02:48:18.829962+00:00,3
2026-06-04 02:53:24.316333+00:00,3
2026-06-04 03:03:31.094714+00:00,3
2026-06-04 03:08:34.514904+00:00,3
2026-06-04 03:18:40.244552+00:00,3
2026-06-04 03:23:44.214923+00:00,3
2026-06-04 03:33:49.639836+00:00,3
2026-06-04 03:38:52.898074+00:00,3
2026-06-04 03:48:58.610875+00:00,3
2026-06-04 03:54:05.336826+00:00,3
2026-06-04 04:04:11.720735+00:00,3
2026-06-04 04:09:14.856050+00:00,3
2026-06-04 04:19:21.647437+00:00,3
2026-06-04 04:24:25.172948+00:00,3
2026-06-04 04:34:31.245566+00:00,3
2026-06-04 04:39:35.114052+00:00,3
2026-06-04 04:49:41.756037+00:00,3
2026-06-04 04:54:47.328378+00:00,3
2026-06-04 05:04:54.194094+00:00,3
2026-06-04 05:09:57.694407+00:00,3
2026-06-04 05:20:07.863670+00:00,3
2026-06-04 05:25:11.601204+00:00,3
2026-06-04 05:35:17.224720+00:00,3
2026-06-04 05:40:20.593416+00:00,3
2026-06-04 05:50:26.303054+00:00,3
2026-06-04 05:55:31.319977+00:00,3
2026-06-04 09:02:11.171062+00:00,-1
2026-06-04 09:07:13.712569+00:00,-1
2026-06-04 09:12:16.155786+00:00,3
2026-06-04 09:17:19.633515+00:00,3
2026-06-04 09:22:22.354528+00:00,3
2026-06-04 09:27:25.947177+00:00,3
2026-06-04 09:32:29.256375+00:00,3
2026-06-04 09:37:31.774616+00:00,3
2026-06-04 09:42:35.367355+00:00,3
2026-06-04 09:47:39.816467+00:00,3
2026-06-04 09:52:42.291496+00:00,3
2026-06-04 09:57:47.819299+00:00,3
2026-06-04 10:02:52.041792+00:00,3
2026-06-04 10:07:54.389845+00:00,3
2026-06-04 10:12:58.061841+00:00,3
2026-06-04 10:18:01.553422+00:00,3
2026-06-04 10:23:03.825022+00:00,3
2026-06-04 10:33:11.242097+00:00,3
2026-06-04 10:38:13.699792+00:00,3
2026-06-04 10:48:20.522473+00:00,3
2026-06-04 10:53:23.091335+00:00,3
2026-06-04 11:03:33.002494+00:00,3
2026-06-04 11:08:35.988195+00:00,3
2026-06-04 11:18:42.478116+00:00,3
2026-06-04 11:33:51.835086+00:00,3
2026-06-04 11:38:54.116840+00:00,3
2026-06-04 11:49:01.056472+00:00,3
2026-06-04 11:54:04.047154+00:00,3
2026-06-04 12:04:12.820106+00:00,3
2026-06-04 12:19:21.749603+00:00,3
2026-06-04 12:24:24.479298+00:00,3
2026-06-04 12:34:31.279371+00:00,3
2026-06-04 12:49:40.628403+00:00,3
2026-06-04 13:04:52.250277+00:00,2
2026-06-04 13:09:54.989807+00:00,2
2026-06-04 13:20:01.637965+00:00,2
2026-06-04 13:25:04.244549+00:00,2
2026-06-04 13:35:12.947939+00:00,7
2026-06-04 13:40:15.343957+00:00,3
2026-06-04 13:50:21.726755+00:00,2
2026-06-04 13:55:24.136565+00:00,2
2026-06-04 14:05:32.614717+00:00,7
2026-06-04 14:10:35.059335+00:00,3
2026-06-04 14:20:41.333572+00:00,7
2026-06-04 14:25:43.545430+00:00,7
2026-06-04 14:35:50.636139+00:00,3
2026-06-04 14:40:52.958968+00:00,3
2026-06-04 14:50:59.490417+00:00,3
2026-06-04 14:56:01.641931+00:00,3
2026-06-04 15:01:08.803492+00:00,3
2026-06-04 15:06:11.346421+00:00,3
2026-06-04 15:11:13.989539+00:00,3
2026-06-04 15:16:18.464285+00:00,3
2026-06-04 15:21:21.047646+00:00,3
2026-06-04 15:26:23.419253+00:00,3
2026-06-04 15:31:28.030684+00:00,3
2026-06-04 15:36:30.575672+00:00,3
2026-06-04 15:41:33.280058+00:00,3
2026-06-04 15:46:37.935764+00:00,3
2026-06-04 15:51:40.560415+00:00,3
2026-06-04 15:56:43.630891+00:00,3
2026-06-04 16:01:51.326329+00:00,2
2026-06-04 16:06:53.402579+00:00,2
2026-06-04 16:11:56.158606+00:00,2
2026-06-04 16:17:00.621251+00:00,3
2026-06-04 16:22:03.203482+00:00,3
2026-06-04 16:27:05.477731+00:00,3
2026-06-04 16:32:10.873514+00:00,3
2026-06-04 18:35:48.524839+00:00,-1
2026-06-04 18:40:50.400501+00:00,-1
2026-06-04 18:50:57.453168+00:00,3
2026-06-04 19:01:02.570757+00:00,3
2026-06-04 19:06:04.962587+00:00,3
2026-06-04 19:11:07.266534+00:00,3
2026-06-04 19:16:10.029854+00:00,2
2026-06-04 19:21:13.095356+00:00,2
2026-06-04 19:26:15.580838+00:00,2
2026-06-04 19:31:18.669903+00:00,2
2026-06-04 19:36:21.803024+00:00,2
2026-06-04 19:41:23.868017+00:00,2
2026-06-04 19:46:26.978168+00:00,1
2026-06-04 19:51:31.839144+00:00,1
2026-06-04 19:56:33.623143+00:00,1
2026-06-04 20:01:37.485830+00:00,3
2026-06-04 20:06:40.163227+00:00,3
2026-06-04 20:11:42.000479+00:00,3
2026-06-04 20:16:44.833186+00:00,3
2026-06-04 20:21:48.042263+00:00,3
2026-06-04 20:26:49.828966+00:00,3
2026-06-04 20:31:54.288359+00:00,3
2026-06-04 20:36:57.266520+00:00,3
2026-06-04 20:41:59.437154+00:00,3
2026-06-04 20:47:02.619052+00:00,3
2026-06-04 20:52:07.204865+00:00,3
2026-06-04 20:57:09.062081+00:00,3
2026-06-04 21:02:12.780541+00:00,3
2026-06-04 21:17:20.471408+00:00,3
2026-06-04 21:22:23.936720+00:00,3
2026-06-04 21:27:26.060419+00:00,3
2026-06-04 21:32:29.381559+00:00,3
2026-06-04 21:37:32.457250+00:00,3
2026-06-04 21:42:34.620013+00:00,3
2026-06-04 21:47:37.935419+00:00,3
2026-06-04 21:52:43.744444+00:00,3
2026-06-04 21:57:45.831009+00:00,3
2026-06-04 22:02:49.483619+00:00,3
2026-06-04 22:17:56.525885+00:00,3
2026-06-04 22:22:59.648109+00:00,3
2026-06-04 22:33:04.363537+00:00,3
2026-06-04 22:38:06.965377+00:00,3
2026-06-04 22:48:11.565809+00:00,3
2026-06-04 23:03:21.119404+00:00,2
2026-06-04 23:08:24.058565+00:00,2
2026-06-04 23:18:29.069459+00:00,1
2026-06-04 23:23:32.163240+00:00,1
2026-06-04 23:33:36.829259+00:00,1
2026-06-04 23:38:39.732205+00:00,1
2026-06-05 00:35:13.909769+00:00,-1
2026-06-05 00:40:16.517963+00:00,-1
2026-06-05 00:50:23.185894+00:00,3
2026-06-05 00:55:25.707778+00:00,3
2026-06-05 01:05:33.933415+00:00,3
2026-06-05 01:10:36.260981+00:00,3
2026-06-05 01:20:42.659558+00:00,3
2026-06-05 01:35:53.778271+00:00,3
2026-06-05 01:40:56.229544+00:00,3
2026-06-05 01:51:02.609957+00:00,3
2026-06-05 01:56:05.296447+00:00,3
2026-06-05 02:01:09.568339+00:00,3
2026-06-05 02:16:18.750767+00:00,3
2026-06-05 02:21:22.012180+00:00,3
2026-06-05 02:26:24.684812+00:00,3
2026-06-05 02:31:28.175287+00:00,3
2026-06-05 02:46:39.712210+00:00,3
2026-06-05 03:01:49.365347+00:00,3
2026-06-05 03:06:53.388973+00:00,3
2026-06-05 03:11:55.743400+00:00,3
2026-06-05 03:16:59.535642+00:00,3
2026-06-05 03:32:09.000418+00:00,3
2026-06-05 03:37:15.339125+00:00,3
2026-06-05 03:42:17.722559+00:00,3
2026-06-05 03:47:21.730055+00:00,3
2026-06-05 03:52:25.211801+00:00,3
2026-06-05 04:02:32.258185+00:00,3
2026-06-05 04:07:37.984014+00:00,3
2026-06-05 04:12:40.407570+00:00,3
2026-06-05 04:17:44.898203+00:00,3
2026-06-05 04:22:48.900888+00:00,3
2026-06-05 04:27:51.565220+00:00,3
2026-06-05 04:32:55.680295+00:00,3
2026-06-05 04:38:01.563083+00:00,3
2026-06-05 04:48:08.130147+00:00,3
2026-06-05 04:53:11.871854+00:00,3
2026-06-05 05:03:18.945776+00:00,2
2026-06-05 05:08:22.604189+00:00,2
2026-06-05 05:18:28.878065+00:00,3
2026-06-05 05:23:32.380589+00:00,7
2026-06-05 05:33:38.167450+00:00,2
2026-06-05 05:38:43.618722+00:00,2
2026-06-05 05:48:49.586693+00:00,3
2026-06-05 05:53:53.342950+00:00,7
2026-06-05 06:04:00.193889+00:00,3
2026-06-05 06:09:04.233346+00:00,3
2026-06-05 06:19:09.868273+00:00,3
2026-06-05 06:24:13.047495+00:00,3
2026-06-05 06:34:19.309821+00:00,3
2026-06-05 06:39:24.430931+00:00,3
2026-06-05 06:49:30.541266+00:00,3
2026-06-05 06:54:34.108918+00:00,3
2026-06-05 07:04:40.532327+00:00,3
2026-06-05 07:09:44.478243+00:00,3
2026-06-05 07:19:50.003006+00:00,3
2026-06-05 07:34:59.005241+00:00,3
2026-06-05 07:50:10.658980+00:00,3
2026-06-05 07:55:13.930197+00:00,3
2026-06-05 08:05:20.527961+00:00,2
2026-06-05 08:10:24.152994+00:00,2
2026-06-05 08:20:30.457473+00:00,3
2026-06-05 08:25:33.561149+00:00,3
2026-06-05 08:35:39.826501+00:00,2
2026-06-05 08:40:45.342971+00:00,2
2026-06-05 08:50:51.918805+00:00,1
2026-06-05 08:55:55.354787+00:00,1
2026-06-05 09:06:02.410345+00:00,3
2026-06-05 09:16:09.251085+00:00,3
2026-06-05 09:21:11.813854+00:00,3
2026-06-05 09:26:15.265670+00:00,3
2026-06-05 09:31:18.952942+00:00,3
2026-06-05 09:36:21.213131+00:00,3
2026-06-05 09:41:27.044351+00:00,3
2026-06-05 09:46:30.861566+00:00,3
2026-06-05 09:51:33.597079+00:00,3
2026-06-05 10:01:41.301390+00:00,2
2026-06-05 10:06:43.881745+00:00,2
2026-06-05 10:11:47.890430+00:00,2
2026-06-05 10:16:51.775951+00:00,3
2026-06-05 10:21:54.635842+00:00,3
2026-06-05 10:26:58.416882+00:00,3
2026-06-05 10:32:02.228052+00:00,0
2026-06-05 10:37:04.589865+00:00,3
2026-06-05 10:42:10.436133+00:00,3
2026-06-05 10:47:14.100351+00:00,2
2026-06-05 10:52:16.604669+00:00,2
2026-06-05 10:57:20.224198+00:00,2
2026-06-05 11:02:24.901461+00:00,3
2026-06-05 11:07:27.222144+00:00,3
2026-06-05 11:12:30.690060+00:00,3
2026-06-05 11:17:34.370464+00:00,3
2026-06-05 11:22:37.077777+00:00,3
2026-06-05 11:27:40.776343+00:00,3
2026-06-05 11:32:44.867088+00:00,3
2026-06-05 11:37:47.330326+00:00,3
2026-06-05 11:42:52.992353+00:00,3
2026-06-05 11:47:56.927575+00:00,3
2026-06-05 11:52:59.420308+00:00,3
2026-06-05 12:03:07.468503+00:00,3
2026-06-05 12:08:09.830971+00:00,3
2026-06-05 12:18:16.912115+00:00,3
2026-06-05 12:23:19.481214+00:00,3
2026-06-05 12:33:27.609729+00:00,3
2026-06-05 12:38:29.917422+00:00,3
2026-06-05 12:48:38.824059+00:00,3
2026-06-05 12:53:41.396884+00:00,3
2026-06-05 13:03:49.305926+00:00,3
2026-06-05 13:08:52.820516+00:00,3
2026-06-05 13:19:00.327240+00:00,3
2026-06-05 13:34:09.318796+00:00,3
2026-06-05 13:49:19.917740+00:00,3
2026-06-05 13:54:22.424581+00:00,3
2026-06-05 14:04:30.398103+00:00,3
2026-06-05 14:09:32.764659+00:00,3
2026-06-05 14:19:40.754537+00:00,3
2026-06-05 14:24:43.592475+00:00,3
2026-06-05 14:34:50.528741+00:00,3
2026-06-05 14:39:52.979184+00:00,3
2026-06-05 15:20:32.181954+00:00,-1
2026-06-05 15:35:41.601584+00:00,-1
2026-06-05 15:40:44.245076+00:00,3
2026-06-05 15:50:53.203041+00:00,3
2026-06-05 15:55:56.041294+00:00,3
2026-06-05 16:01:08.757732+00:00,3
2026-06-05 16:06:11.510691+00:00,3
2026-06-05 16:11:14.074708+00:00,3
2026-06-05 16:21:21.707732+00:00,3
2026-06-05 16:26:24.716223+00:00,3
2026-06-05 16:31:28.960545+00:00,3
2026-06-05 16:36:31.511395+00:00,3
2026-06-05 16:41:34.293032+00:00,3
2026-06-05 16:46:41.637549+00:00,3
2026-06-05 16:51:43.968124+00:00,3
2026-06-05 16:56:46.437995+00:00,3
2026-06-05 17:01:52.079804+00:00,3
2026-06-05 17:06:57.266131+00:00,3
2026-06-05 17:11:59.653012+00:00,3
2026-06-05 17:17:04.854022+00:00,3
2026-06-05 17:22:07.215160+00:00,3
2026-06-05 17:27:09.775769+00:00,3
2026-06-05 17:32:14.812336+00:00,3
2026-06-05 17:37:17.573335+00:00,3
2026-06-05 17:42:20.014195+00:00,3
2026-06-05 17:47:26.681349+00:00,3
2026-06-05 17:52:29.301708+00:00,3
2026-06-05 17:57:32.046725+00:00,3
2026-06-05 18:02:37.317150+00:00,3
2026-06-05 18:07:40.160910+00:00,3
2026-06-05 18:12:42.738019+00:00,3
2026-06-05 18:17:47.741018+00:00,3
2026-06-05 18:22:50.154629+00:00,3
2026-06-05 18:27:52.615061+00:00,3
2026-06-05 18:32:57.314688+00:00,3
2026-06-05 18:37:59.918837+00:00,3
2026-06-05 18:48:08.924305+00:00,3
2026-06-05 18:53:11.488259+00:00,3
2026-06-05 19:03:20.014883+00:00,3
2026-06-05 19:08:22.987482+00:00,3
2026-06-05 19:18:29.631289+00:00,3
2026-06-05 19:23:32.344481+00:00,3
2026-06-05 19:33:39.408256+00:00,3
2026-06-05 19:38:42.081985+00:00,3
2026-06-05 19:48:50.776570+00:00,3
2026-06-05 19:53:53.352993+00:00,3
2026-06-05 20:04:01.731535+00:00,3
2026-06-05 20:09:04.515741+00:00,3
2026-06-05 20:19:11.671642+00:00,3
2026-06-05 20:24:14.478827+00:00,3
2026-06-05 20:34:21.533854+00:00,3
2026-06-05 20:39:24.481849+00:00,3
2026-06-05 20:49:33.081432+00:00,3
2026-06-05 20:54:35.452653+00:00,3
2026-06-05 21:04:43.172635+00:00,2
2026-06-05 21:09:45.857452+00:00,2
2026-06-05 21:19:52.794399+00:00,2
2026-06-05 21:24:55.306910+00:00,2
2026-06-05 21:35:02.024903+00:00,3
2026-06-05 21:40:04.733649+00:00,3
2026-06-05 21:50:15.572037+00:00,2
2026-06-05 21:55:17.910734+00:00,2
2026-06-05 22:05:25.176006+00:00,1
2026-06-05 22:10:27.621121+00:00,1
2026-06-05 22:20:35.724595+00:00,1
2026-06-05 22:25:38.380772+00:00,1
2026-06-05 22:35:45.317515+00:00,2
2026-06-05 22:40:48.205387+00:00,2
2026-06-05 22:50:56.925708+00:00,2
2026-06-05 22:55:59.599281+00:00,2
2026-06-05 23:01:03.526542+00:00,3
2026-06-05 23:06:07.240549+00:00,3
2026-06-05 23:11:09.904303+00:00,3
2026-06-05 23:16:16.054539+00:00,3
2026-06-05 23:21:19.623385+00:00,3
2026-06-05 23:26:22.473066+00:00,3
2026-06-05 23:31:26.521171+00:00,3
2026-06-05 23:36:30.891159+00:00,3
2026-06-05 23:41:33.435763+00:00,3
2026-06-05 23:46:37.720498+00:00,3
2026-06-05 23:51:43.355358+00:00,3
2026-06-05 23:56:45.579933+00:00,3
2026-06-06 00:01:50.588894+00:00,3
2026-06-06 00:06:54.089548+00:00,3
2026-06-06 00:11:56.931532+00:00,3
2026-06-06 00:17:00.559975+00:00,3
2026-06-06 00:22:05.022841+00:00,3
2026-06-06 00:27:07.392379+00:00,3
2026-06-06 00:32:11.987322+00:00,3
2026-06-06 00:37:15.630982+00:00,3
2026-06-06 00:42:18.729251+00:00,3
2026-06-06 00:47:22.662923+00:00,3
2026-06-06 00:52:28.380507+00:00,3
2026-06-06 00:57:30.744026+00:00,3
2026-06-06 01:02:35.424843+00:00,2
2026-06-06 01:07:39.088348+00:00,2
2026-06-06 01:12:41.454064+00:00,2
2026-06-06 01:17:45.383680+00:00,1
2026-06-06 01:22:49.529438+00:00,1
2026-06-06 01:27:52.262404+00:00,1
2026-06-06 01:32:56.135712+00:00,2
2026-06-06 01:37:59.739721+00:00,2
2026-06-06 01:48:05.896971+00:00,3
2026-06-06 01:53:11.174130+00:00,3
2026-06-06 02:03:17.615505+00:00,3
2026-06-06 02:18:26.376313+00:00,3
2026-06-06 02:23:30.020818+00:00,3
2026-06-06 02:33:36.327278+00:00,3
2026-06-06 02:38:39.637270+00:00,3
2026-06-06 02:48:46.047852+00:00,3
2026-06-06 02:53:52.158410+00:00,3
2026-06-06 03:03:58.661069+00:00,3
2026-06-06 03:19:07.756776+00:00,3
2026-06-06 03:34:17.623811+00:00,3
2026-06-06 03:39:20.836413+00:00,3
2026-06-06 03:49:26.760040+00:00,3
2026-06-06 04:04:38.683212+00:00,3
2026-06-06 04:19:47.853322+00:00,3
2026-06-06 04:24:51.666190+00:00,3
2026-06-06 04:34:57.611514+00:00,3
2026-06-06 04:40:00.725311+00:00,3
2026-06-06 04:50:08.746233+00:00,3
2026-06-06 05:05:21.044202+00:00,3
2026-06-06 05:10:24.460316+00:00,3
2026-06-06 05:20:30.508011+00:00,3
2026-06-06 05:25:34.536514+00:00,3
2026-06-06 05:35:40.649961+00:00,3
2026-06-06 05:50:49.493803+00:00,3
2026-06-06 05:55:54.772515+00:00,3
2026-06-06 06:06:01.313008+00:00,2
2026-06-06 06:11:04.680742+00:00,2
2026-06-06 06:16:08.437412+00:00,2
2026-06-06 06:21:10.572556+00:00,2
2026-06-06 06:26:14.132235+00:00,2
2026-06-06 06:31:17.817660+00:00,1
2026-06-06 06:36:20.386171+00:00,1
2026-06-06 06:41:23.987988+00:00,1
2026-06-06 06:46:27.839488+00:00,1
2026-06-06 06:51:30.274531+00:00,1
2026-06-06 06:56:35.891197+00:00,1
2026-06-06 07:01:40.339613+00:00,3
2026-06-06 07:16:49.401719+00:00,3
2026-06-06 07:21:51.649017+00:00,3
2026-06-06 07:26:55.649351+00:00,3
2026-06-06 07:31:59.604614+00:00,3
2026-06-06 07:37:02.471655+00:00,3
2026-06-06 07:42:06.150251+00:00,3
2026-06-06 07:47:10.195919+00:00,3
2026-06-06 08:02:22.194457+00:00,1
2026-06-06 08:07:24.992485+00:00,1
2026-06-06 08:12:28.474195+00:00,1
2026-06-06 08:17:32.505580+00:00,2
2026-06-06 08:22:34.943292+00:00,2
2026-06-06 08:27:38.983198+00:00,2
2026-06-06 08:32:42.628478+00:00,2
2026-06-06 08:37:45.808909+00:00,2
2026-06-06 08:42:49.249459+00:00,2
2026-06-06 08:47:53.373456+00:00,2
2026-06-06 08:52:55.740053+00:00,2
2026-06-06 09:03:05.476254+00:00,3
2026-06-06 09:18:14.600090+00:00,3
2026-06-06 09:23:16.775088+00:00,3
2026-06-06 09:53:34.831750+00:00,-1
2026-06-06 10:03:43.956641+00:00,-1
2026-06-06 10:08:46.666052+00:00,3
2026-06-06 10:18:54.062775+00:00,3
2026-06-06 10:39:06.007080+00:00,-1
2026-06-06 10:49:12.256517+00:00,-1
2026-06-06 11:04:23.338950+00:00,3
2026-06-06 11:09:25.867132+00:00,3
2026-06-06 11:19:32.399234+00:00,3
2026-06-06 11:24:34.548051+00:00,3
2026-06-06 11:34:41.676730+00:00,3
2026-06-06 11:39:44.593894+00:00,3
2026-06-06 11:49:51.552695+00:00,3
2026-06-06 12:05:03.284822+00:00,1
2026-06-06 12:10:05.865894+00:00,1
2026-06-06 12:20:13.246225+00:00,2
2026-06-06 12:25:15.479526+00:00,2
2026-06-06 12:35:22.297674+00:00,1
2026-06-06 12:40:25.249998+00:00,3
2026-06-06 12:50:32.663157+00:00,2
2026-06-06 12:55:34.986927+00:00,2
2026-06-06 13:05:44.676861+00:00,7
2026-06-06 13:10:47.358915+00:00,7
2026-06-06 13:20:54.282478+00:00,7
2026-06-06 13:25:56.530135+00:00,7
2026-06-06 13:31:00.971365+00:00,3
2026-06-06 13:36:03.378766+00:00,3
2026-06-06 13:41:05.899770+00:00,3
2026-06-06 13:46:10.661541+00:00,2
2026-06-06 13:51:13.175706+00:00,2
2026-06-06 13:56:15.534579+00:00,2
2026-06-06 14:01:23.451836+00:00,3
2026-06-06 14:16:32.213425+00:00,3
2026-06-06 14:21:34.889995+00:00,3
2026-06-06 14:26:37.191624+00:00,3
2026-06-06 14:31:42.665485+00:00,3
2026-06-06 14:46:51.960604+00:00,3
2026-06-06 15:02:03.835750+00:00,3
2026-06-06 15:17:12.884147+00:00,3
2026-06-06 15:32:22.150001+00:00,3
2026-06-06 17:32:39.879311+00:00,-1
2026-06-06 17:38:04.785466+00:00,-1
2026-06-06 17:48:11.028666+00:00,1
2026-06-06 17:53:13.274037+00:00,1
2026-06-06 18:03:19.365571+00:00,3
2026-06-06 18:08:21.362213+00:00,3
2026-06-06 18:18:27.083566+00:00,3
2026-06-06 18:23:29.185880+00:00,3
2026-06-06 18:33:34.843045+00:00,3
2026-06-06 18:38:36.758200+00:00,3
2026-06-06 18:48:43.787672+00:00,3
2026-06-06 18:53:47.481874+00:00,3
2026-06-06 19:03:53.513871+00:00,1
2026-06-06 19:08:55.312699+00:00,1
2026-06-06 19:19:01.279772+00:00,2
2026-06-06 19:24:03.388035+00:00,2
2026-06-06 19:34:09.059352+00:00,1
2026-06-06 19:39:10.998307+00:00,1
2026-06-06 19:49:17.723328+00:00,2
2026-06-06 19:54:19.894268+00:00,2
2026-06-06 20:04:25.644593+00:00,2
2026-06-06 20:09:27.618381+00:00,2
2026-06-06 20:19:33.599753+00:00,3
2026-06-06 20:24:35.602077+00:00,7
2026-06-06 20:34:41.188312+00:00,2
2026-06-06 20:39:43.274662+00:00,2
2026-06-06 20:49:50.446978+00:00,2
2026-06-06 20:54:52.511856+00:00,2
2026-06-06 21:04:58.766792+00:00,3
2026-06-06 21:10:00.467113+00:00,3
2026-06-06 21:20:06.977346+00:00,7
2026-06-06 21:25:09.270736+00:00,3
2026-06-06 21:35:15.375912+00:00,7
2026-06-06 21:40:17.351346+00:00,3
2026-06-07 02:48:27.128022+00:00,-1
2026-06-07 02:53:30.545745+00:00,-1
2026-06-07 03:03:37.371412+00:00,3
2026-06-07 03:08:41.075201+00:00,3
2026-06-07 03:18:47.266016+00:00,3
2026-06-07 03:23:50.589162+00:00,3
2026-06-07 03:33:56.680033+00:00,3
2026-06-07 03:39:00.867888+00:00,3
2026-06-07 03:49:08.610679+00:00,3
2026-06-07 03:54:11.935498+00:00,3
2026-06-07 04:04:18.737121+00:00,3
2026-06-07 04:09:22.518015+00:00,3
2026-06-07 04:19:28.715982+00:00,3
2026-06-07 04:24:32.293937+00:00,3
2026-06-07 04:34:38.439803+00:00,3
2026-06-07 04:39:42.620745+00:00,3
2026-06-07 04:49:50.339126+00:00,3
2026-06-07 04:54:53.539321+00:00,3
2026-06-07 05:05:00.017271+00:00,3
2026-06-07 05:10:03.304662+00:00,3
2026-06-07 05:20:11.090622+00:00,3
2026-06-07 05:25:14.412873+00:00,3
2026-06-07 05:35:20.296937+00:00,3
2026-06-07 05:40:23.641782+00:00,3
2026-06-07 05:50:31.118773+00:00,3
2026-06-07 05:55:34.192146+00:00,3
2026-06-07 06:05:40.683257+00:00,3
2026-06-07 06:10:44.439803+00:00,3
2026-06-07 06:20:50.126735+00:00,3
2026-06-07 06:35:58.879871+00:00,3
2026-06-07 06:41:02.475805+00:00,3
2026-06-07 06:46:05.674360+00:00,3
2026-06-07 06:51:10.183281+00:00,3
2026-06-07 06:56:13.576487+00:00,3
2026-06-07 07:01:19.101603+00:00,3
2026-06-07 07:06:21.718325+00:00,3
2026-06-07 07:11:25.179363+00:00,3
2026-06-07 07:16:30.960144+00:00,3
2026-06-07 07:31:39.441854+00:00,3
2026-06-07 07:51:52.764875+00:00,-1
2026-06-07 08:01:59.966478+00:00,-1
2026-06-07 08:07:02.269463+00:00,3
2026-06-07 08:12:06.031502+00:00,3
2026-06-07 08:17:09.445253+00:00,3
2026-06-07 08:22:12.110568+00:00,3
2026-06-07 08:32:19.334936+00:00,3
2026-06-07 08:37:21.733162+00:00,3
2026-06-07 08:47:28.372857+00:00,3
2026-06-07 08:52:32.636067+00:00,3
2026-06-07 08:57:36.539122+00:00,3
2026-06-07 09:02:41.231929+00:00,3
2026-06-07 09:17:52.183961+00:00,3
2026-06-07 09:22:54.837253+00:00,3
2026-06-07 09:27:58.564724+00:00,3
2026-06-07 09:33:02.549375+00:00,3
2026-06-07 09:38:05.254105+00:00,3
2026-06-07 09:48:12.841798+00:00,3
2026-06-07 09:53:17.445787+00:00,3
2026-06-07 10:03:24.814877+00:00,3
2026-06-07 10:08:27.171923+00:00,3
2026-06-07 10:18:33.705175+00:00,3
2026-06-07 10:23:36.659233+00:00,3
2026-06-07 10:33:43.522533+00:00,3
2026-06-07 10:38:45.807918+00:00,3
2026-06-07 10:48:52.801360+00:00,3
2026-06-07 10:53:57.164966+00:00,3
2026-06-07 11:04:04.943566+00:00,3
2026-06-07 11:19:14.469068+00:00,3
2026-06-07 11:24:17.236979+00:00,3
2026-06-07 11:34:24.349296+00:00,3
2026-06-07 11:39:26.656921+00:00,3
2026-06-07 11:49:33.427733+00:00,3
2026-06-07 12:04:44.863067+00:00,3
2026-06-07 12:19:53.945255+00:00,3
2026-06-07 12:24:56.801528+00:00,3
2026-06-07 12:35:03.796650+00:00,3
2026-06-07 12:40:06.196890+00:00,3
2026-06-07 12:50:14.708767+00:00,3
2026-06-07 12:55:19.078097+00:00,3
2026-06-07 13:05:27.709225+00:00,3
2026-06-07 13:10:30.161620+00:00,3
2026-06-07 13:20:37.156354+00:00,3
2026-06-07 13:25:40.000463+00:00,3
2026-06-07 13:35:46.723311+00:00,3
2026-06-07 13:40:49.069947+00:00,3
2026-06-07 13:50:56.272428+00:00,3
2026-06-07 14:01:05.229292+00:00,3
2026-06-07 14:06:07.706442+00:00,3
2026-06-07 14:11:10.022926+00:00,3
2026-06-07 14:20:48.923009+00:00,3
2026-06-07 14:25:52.644485+00:00,3
2026-06-07 14:35:57.953532+00:00,3
2026-06-07 14:41:01.396105+00:00,3
2026-06-07 14:46:05.127399+00:00,3
2026-06-07 14:51:07.285087+00:00,3
2026-06-07 14:56:11.584295+00:00,3
2026-06-07 15:01:16.012021+00:00,1
2026-06-07 15:06:18.804906+00:00,1
2026-06-07 15:11:22.126332+00:00,1
2026-06-07 15:16:27.738295+00:00,1
2026-06-07 15:21:29.803497+00:00,1
2026-06-07 15:26:34.514398+00:00,1
2026-06-07 15:31:38.137099+00:00,2
2026-06-07 15:36:40.652746+00:00,2
2026-06-07 15:41:44.337694+00:00,2
2026-06-07 15:46:48.369129+00:00,2
2026-06-07 15:51:50.622656+00:00,2
2026-06-07 15:56:54.133434+00:00,2
2026-06-07 16:01:58.677364+00:00,3
2026-06-07 16:07:01.350947+00:00,3
2026-06-07 16:12:04.801383+00:00,3
2026-06-07 16:17:10.257787+00:00,2
2026-06-07 16:22:12.705281+00:00,2
2026-06-07 16:27:16.658392+00:00,2
2026-06-07 16:32:20.086350+00:00,2
2026-06-07 16:37:22.509366+00:00,2
2026-06-07 16:42:25.683694+00:00,3
2026-06-07 16:47:29.898436+00:00,3
2026-06-07 16:52:32.243093+00:00,3
2026-06-07 16:57:35.534091+00:00,3
2026-06-07 17:02:39.791455+00:00,3
2026-06-07 17:07:42.393105+00:00,3
2026-06-07 17:12:45.716493+00:00,3
2026-06-07 17:17:51.494592+00:00,3
2026-06-07 17:22:53.654677+00:00,3
2026-06-07 17:33:00.652176+00:00,3
2026-06-07 17:48:10.760998+00:00,3
2026-06-07 17:53:13.199137+00:00,3
2026-06-07 18:03:21.017207+00:00,1
2026-06-07 18:08:23.630077+00:00,1
2026-06-07 18:18:32.099289+00:00,2
2026-06-07 18:23:34.253780+00:00,2
2026-06-07 18:33:40.447912+00:00,1
2026-06-07 18:38:43.259134+00:00,1
2026-06-07 18:48:49.984991+00:00,2
2026-06-07 18:53:52.380418+00:00,2
2026-06-07 19:03:59.608233+00:00,3
2026-06-07 19:09:02.139998+00:00,3
2026-06-07 19:19:10.667760+00:00,3
2026-06-07 19:24:13.356106+00:00,3
2026-06-07 19:34:20.329365+00:00,3
2026-06-07 19:39:22.993681+00:00,3
2026-06-07 19:49:30.324514+00:00,3
2026-06-07 19:54:32.890958+00:00,3
2026-06-07 20:04:40.248519+00:00,3
2026-06-07 20:09:42.997737+00:00,3
2026-06-07 20:19:51.791836+00:00,3
2026-06-07 20:24:54.244820+00:00,3
2026-06-07 20:35:00.776048+00:00,3
2026-06-07 20:40:03.600150+00:00,3
2026-06-07 20:50:12.100813+00:00,3
2026-06-07 21:05:22.199409+00:00,2
2026-06-07 21:10:24.807097+00:00,2
2026-06-07 21:20:33.145966+00:00,2
2026-06-07 21:25:35.526004+00:00,2
2026-06-07 21:35:42.249097+00:00,1
2026-06-07 21:40:44.801121+00:00,1
2026-06-07 21:50:51.856240+00:00,1
2026-06-07 21:55:54.090256+00:00,1
2026-06-07 22:01:00.353650+00:00,3
2026-06-07 22:16:10.246698+00:00,3
2026-06-07 22:31:20.994726+00:00,3
2026-06-07 22:36:23.445341+00:00,3
2026-06-07 22:46:30.308045+00:00,3
2026-06-07 23:01:40.341609+00:00,3
2026-06-07 23:06:42.693646+00:00,3
2026-06-07 23:11:45.267935+00:00,3
2026-06-07 23:16:50.064600+00:00,3
2026-06-07 23:21:54.407956+00:00,3
2026-06-07 23:26:56.717045+00:00,3
2026-06-07 23:32:01.495457+00:00,3
2026-06-07 23:37:04.352436+00:00,3
2026-06-07 23:42:06.763814+00:00,3
2026-06-07 23:47:11.514871+00:00,3
2026-06-07 23:52:14.546543+00:00,3
2026-06-07 23:57:16.851464+00:00,3
2026-06-08 00:02:22.592659+00:00,3
2026-06-08 00:07:24.801689+00:00,3
2026-06-08 00:12:27.826300+00:00,3
2026-06-08 00:17:32.804781+00:00,3
2026-06-08 00:22:37.701417+00:00,3
2026-06-08 00:27:40.066924+00:00,3
2026-06-08 00:32:44.933305+00:00,3
2026-06-08 00:37:47.242630+00:00,3
2026-06-08 00:42:49.922841+00:00,3
2026-06-08 00:47:54.726548+00:00,3
2026-06-08 00:52:57.386738+00:00,3
2026-06-08 00:57:59.788769+00:00,3
2026-06-08 01:03:05.801417+00:00,3
2026-06-08 01:08:08.202670+00:00,3
2026-06-08 01:18:14.931150+00:00,3
2026-06-08 01:33:26.389806+00:00,3
2026-06-08 01:38:28.619524+00:00,3
2026-06-08 01:48:35.478402+00:00,3
2026-06-08 01:53:38.215254+00:00,3
2026-06-08 02:03:45.285801+00:00,3
2026-06-08 02:08:47.537851+00:00,3
2026-06-08 02:18:54.391841+00:00,3
2026-06-08 02:23:58.620161+00:00,3
2026-06-08 02:34:05.083249+00:00,3
2026-06-08 02:39:07.334868+00:00,3
2026-06-08 02:49:14.699741+00:00,3
2026-06-08 02:54:17.761602+00:00,3
2026-06-08 03:04:25.045018+00:00,3
2026-06-08 03:09:27.303819+00:00,3
2026-06-08 03:19:34.233350+00:00,3
2026-06-08 03:24:38.564937+00:00,3
2026-06-08 03:34:45.419363+00:00,3
2026-06-08 03:49:53.848190+00:00,3
2026-06-08 03:54:56.914828+00:00,3
2026-06-08 04:05:04.132072+00:00,3
2026-06-08 04:10:07.571722+00:00,3
2026-06-08 04:20:15.415968+00:00,3
2026-06-08 04:25:19.821542+00:00,3
2026-06-08 04:32:56.604161+00:00,3
2026-06-08 04:37:59.044930+00:00,3
2026-06-08 04:48:06.217572+00:00,3
2026-06-08 04:53:09.158985+00:00,3
2026-06-08 05:03:16.972579+00:00,3
2026-06-08 05:18:25.586413+00:00,3
2026-06-08 05:23:28.087728+00:00,3
2026-06-08 05:33:36.774003+00:00,3
2026-06-08 05:38:39.174922+00:00,3
2026-06-08 05:48:45.832284+00:00,3
2026-06-08 05:53:48.547101+00:00,3
2026-06-08 06:03:55.944641+00:00,3
2026-06-08 06:19:06.148253+00:00,3
2026-06-08 06:24:08.930008+00:00,3
2026-06-08 06:34:17.657307+00:00,3
2026-06-08 06:39:19.973126+00:00,3
2026-06-08 06:49:26.430413+00:00,3
2026-06-08 06:54:28.857423+00:00,3
2026-06-08 07:04:36.248002+00:00,3
2026-06-08 07:09:38.600319+00:00,3
2026-06-08 07:19:45.920290+00:00,3
2026-06-08 07:24:48.241243+00:00,3
2026-06-08 07:34:56.387377+00:00,3
2026-06-08 07:39:58.669411+00:00,3
2026-06-08 07:50:05.186027+00:00,3
2026-06-08 07:55:07.820301+00:00,3
2026-06-08 08:10:18.442170+00:00,3
2026-06-08 08:25:27.225631+00:00,3
2026-06-08 08:35:35.784492+00:00,3
2026-06-08 08:50:44.378915+00:00,3
2026-06-08 09:05:53.667602+00:00,3
2026-06-08 09:10:56.061682+00:00,3
2026-06-08 09:16:00.459828+00:00,3
2026-06-08 09:31:09.651842+00:00,3
2026-06-08 09:46:22.067761+00:00,3
2026-06-08 10:01:32.248716+00:00,3
2026-06-08 10:16:41.438207+00:00,3
2026-06-08 10:31:50.310839+00:00,3
2026-06-08 10:36:58.373604+00:00,3
2026-06-08 10:42:00.636672+00:00,3
2026-06-08 10:47:05.545716+00:00,3
2026-06-08 10:52:07.841913+00:00,3
2026-06-08 10:57:10.508768+00:00,3
2026-06-08 11:07:19.143198+00:00,3
2026-06-08 11:12:21.392597+00:00,3
2026-06-08 11:17:26.041555+00:00,3
2026-06-08 11:32:35.062877+00:00,3
2026-06-08 11:47:46.238953+00:00,3
2026-06-08 11:52:48.576995+00:00,3
2026-06-08 11:57:51.084770+00:00,3
2026-06-08 12:02:56.245683+00:00,3
2026-06-08 12:07:59.294680+00:00,3
2026-06-08 12:18:05.831689+00:00,3
2026-06-08 12:23:08.300962+00:00,3
2026-06-08 12:33:15.040581+00:00,3
2026-06-08 12:48:25.818654+00:00,3
2026-06-08 12:53:28.362106+00:00,3
2026-06-08 13:03:35.787269+00:00,3
2026-06-08 13:38:56.961158+00:00,-1
2026-06-08 13:49:03.444322+00:00,-1
2026-06-08 14:09:17.487530+00:00,-1
2026-06-08 14:34:34.877927+00:00,-1
2026-06-08 14:49:45.814007+00:00,-1
2026-06-08 15:04:55.728101+00:00,3
2026-06-08 15:20:10.464817+00:00,3
2026-06-08 15:40:23.833726+00:00,-1
2026-06-08 15:55:32.390438+00:00,-1
2026-06-08 16:05:39.566294+00:00,3
2026-06-08 16:20:49.612355+00:00,3
2026-06-08 16:35:59.026556+00:00,3
2026-06-08 16:41:03.464825+00:00,3
2026-06-08 16:46:06.955575+00:00,3
2026-06-08 16:56:12.946467+00:00,3
2026-06-08 17:01:17.835051+00:00,3
2026-06-08 17:20:12.264435+00:00,3
2026-06-08 17:25:14.939381+00:00,3
2026-06-08 17:35:22.921887+00:00,3
2026-06-08 17:40:25.479665+00:00,3
2026-06-08 17:50:31.708481+00:00,3
2026-06-08 17:55:34.402850+00:00,3
2026-06-08 18:05:43.673677+00:00,2
2026-06-08 18:10:45.939083+00:00,2
2026-06-08 18:20:52.202905+00:00,2
2026-06-08 18:25:55.097115+00:00,2
2026-06-08 18:36:01.743882+00:00,2
2026-06-08 18:41:04.283486+00:00,2
2026-06-08 18:46:08.251008+00:00,1
2026-06-08 18:51:10.717511+00:00,1
2026-06-08 18:56:13.397061+00:00,1
2026-06-08 19:01:18.924156+00:00,3
2026-06-08 19:21:32.268248+00:00,-1
2026-06-08 19:26:34.772202+00:00,-1
2026-06-08 19:31:38.944267+00:00,3
2026-06-08 19:41:44.180490+00:00,3
2026-06-08 19:46:48.643266+00:00,3
2026-06-08 20:01:58.649028+00:00,3
2026-06-08 20:17:09.725977+00:00,3
2026-06-08 20:32:18.968878+00:00,3
2026-06-08 20:37:21.911427+00:00,3
2026-06-08 20:42:24.215560+00:00,3
2026-06-08 20:47:29.156170+00:00,3
2026-06-08 20:52:31.346796+00:00,3
2026-06-08 20:57:33.983785+00:00,3
2026-06-08 21:02:39.377996+00:00,2
2026-06-08 21:07:44.206273+00:00,2
2026-06-08 21:12:46.507811+00:00,2
2026-06-08 21:17:51.852488+00:00,2
2026-06-08 21:22:54.747294+00:00,2
2026-06-08 21:27:57.596824+00:00,2
2026-06-08 21:33:02.242892+00:00,7
2026-06-08 21:38:05.224122+00:00,2
2026-06-08 21:48:11.846482+00:00,2
2026-06-08 21:53:14.544058+00:00,2
2026-06-08 22:03:22.051079+00:00,3
2026-06-08 22:08:26.375183+00:00,3
2026-06-08 22:18:33.229838+00:00,3
2026-06-08 22:33:42.130881+00:00,3
2026-06-08 22:48:51.713008+00:00,3
2026-06-08 23:04:01.256099+00:00,3
2026-06-08 23:19:11.889674+00:00,3
2026-06-08 23:24:14.457784+00:00,3
2026-06-08 23:34:21.506096+00:00,3
2026-06-08 23:49:31.847641+00:00,3
2026-06-08 23:54:34.151474+00:00,3
2026-06-09 00:09:45.401805+00:00,3
2026-06-09 00:19:51.414635+00:00,3
2026-06-09 00:40:05.133540+00:00,-1
2026-06-09 00:50:11.480117+00:00,-1
2026-06-09 00:55:13.936438+00:00,3
2026-06-09 01:05:21.217726+00:00,3
2026-06-09 01:10:25.770606+00:00,3
2026-06-09 01:20:32.636479+00:00,3
2026-06-09 01:35:41.313452+00:00,3
2026-06-09 01:50:50.464061+00:00,3
2026-06-09 01:55:52.810571+00:00,3
2026-06-09 02:06:00.250836+00:00,3
2026-06-09 02:11:04.967116+00:00,3
2026-06-09 02:16:08.721906+00:00,3
2026-06-09 02:21:12.433624+00:00,3
2026-06-09 02:26:14.851085+00:00,3
2026-06-09 02:31:19.154906+00:00,3
2026-06-09 02:36:22.645894+00:00,3
2026-06-09 02:41:25.488044+00:00,3
2026-06-09 02:46:29.191378+00:00,3
2026-06-09 02:51:32.717104+00:00,3
2026-06-09 02:56:35.472549+00:00,3
2026-06-09 03:01:40.582209+00:00,3
2026-06-09 03:06:43.871742+00:00,3
2026-06-09 03:11:48.357033+00:00,3
2026-06-09 03:16:52.238170+00:00,3
2026-06-09 03:32:01.605164+00:00,3
2026-06-09 03:37:05.365627+00:00,3
2026-06-09 03:42:08.301677+00:00,3
2026-06-09 03:47:12.478699+00:00,3
2026-06-09 03:52:16.810444+00:00,3
2026-06-09 03:57:19.308317+00:00,3
2026-06-09 04:02:24.398879+00:00,3
2026-06-09 04:07:28.456370+00:00,3
2026-06-09 04:12:32.999724+00:00,3
2026-06-09 04:17:37.168821+00:00,3
2026-06-09 04:22:41.052077+00:00,3
2026-06-09 04:27:43.480469+00:00,3
2026-06-09 04:32:47.426171+00:00,3
2026-06-09 04:37:51.272024+00:00,3
2026-06-09 04:42:54.182612+00:00,3
2026-06-09 04:47:59.216510+00:00,3
2026-06-09 04:53:02.784773+00:00,3
2026-06-09 05:03:09.258685+00:00,3
2026-06-09 05:08:12.676845+00:00,3
2026-06-09 05:18:20.468521+00:00,7
2026-06-09 05:23:24.105612+00:00,7
2026-06-09 05:33:30.485402+00:00,3
2026-06-09 05:38:34.186728+00:00,3
2026-06-09 05:48:40.047556+00:00,7
2026-06-09 05:53:43.513560+00:00,7
2026-06-09 06:03:50.201815+00:00,3
2026-06-09 06:08:53.761092+00:00,7
2026-06-09 06:19:01.571480+00:00,3
2026-06-09 06:24:05.305563+00:00,3
2026-06-09 06:34:11.324104+00:00,7
2026-06-09 06:39:14.501065+00:00,7
2026-06-09 06:49:20.794159+00:00,7
2026-06-09 06:54:24.425175+00:00,3
2026-06-09 07:04:31.139597+00:00,3
2026-06-09 07:09:34.879681+00:00,3
2026-06-09 07:19:42.753782+00:00,3
2026-06-09 07:34:51.928529+00:00,3
2026-06-09 07:39:55.455713+00:00,3
2026-06-09 07:50:01.532665+00:00,3
2026-06-09 07:55:04.819657+00:00,3
2026-06-09 08:05:12.801158+00:00,3
2026-06-09 08:10:16.274034+00:00,3
2026-06-09 08:20:24.015058+00:00,3
2026-06-09 08:35:33.579680+00:00,3
2026-06-09 08:50:43.046299+00:00,3
2026-06-09 08:55:46.827733+00:00,3
2026-06-09 09:05:53.773010+00:00,3
2026-06-09 09:10:57.136306+00:00,3
2026-06-09 09:16:02.351342+00:00,3
2026-06-09 09:21:04.849023+00:00,3
2026-06-09 09:26:08.383762+00:00,3
2026-06-09 09:31:14.830955+00:00,3
2026-06-09 09:36:17.372770+00:00,3
2026-06-09 09:41:20.212882+00:00,3
2026-06-09 09:46:24.108997+00:00,3
2026-06-09 09:51:26.517401+00:00,3
2026-06-09 09:56:31.329777+00:00,3
2026-06-09 10:01:36.351492+00:00,3
2026-06-09 10:16:47.293769+00:00,3
2026-06-09 10:21:49.837238+00:00,3
2026-06-09 10:31:58.161284+00:00,3
2026-06-09 10:42:02.230723+00:00,3
2026-06-09 10:47:05.926813+00:00,3
2026-06-09 10:52:08.601153+00:00,3
2026-06-09 10:57:11.700813+00:00,3
2026-06-09 11:02:16.297414+00:00,2
2026-06-09 11:07:18.877799+00:00,2
2026-06-09 11:12:22.796342+00:00,2
2026-06-09 11:17:28.512083+00:00,3
2026-06-09 11:22:31.106415+00:00,3
2026-06-09 11:27:34.914838+00:00,3
2026-06-09 11:32:38.810711+00:00,2
2026-06-09 11:47:48.413982+00:00,2
2026-06-09 11:52:50.969973+00:00,2
2026-06-09 11:57:54.797601+00:00,2
2026-06-09 12:02:59.276935+00:00,3
2026-06-09 12:18:09.720257+00:00,3
2026-06-09 12:23:12.310663+00:00,3
2026-06-09 12:33:19.116894+00:00,3
2026-06-09 12:38:21.430532+00:00,3
2026-06-09 12:48:28.434601+00:00,3
2026-06-09 12:53:30.970201+00:00,3
2026-06-09 13:03:40.025778+00:00,3
2026-06-09 13:18:50.858303+00:00,3
2026-06-09 13:23:53.475378+00:00,3
2026-06-09 13:34:01.053937+00:00,3
2026-06-09 13:39:03.564916+00:00,3
2026-06-09 13:49:11.102478+00:00,3
2026-06-09 13:54:13.834951+00:00,3
2026-06-09 14:04:21.890275+00:00,3
2026-06-09 14:09:24.208617+00:00,3
2026-06-09 14:19:34.016260+00:00,3
2026-06-09 14:24:36.805564+00:00,3
2026-06-09 14:34:44.173525+00:00,3
2026-06-09 14:39:46.606859+00:00,3
2026-06-09 14:49:54.952071+00:00,3
2026-06-09 14:54:57.717588+00:00,3
2026-06-09 15:05:05.515105+00:00,3
2026-06-09 15:10:07.819655+00:00,3
2026-06-09 15:20:18.596055+00:00,3
2026-06-09 15:25:21.617044+00:00,3
2026-06-09 16:48:20.200812+00:00,-1
2026-06-09 16:53:22.375982+00:00,-1
2026-06-09 17:03:28.196849+00:00,3
2026-06-09 20:22:09.049121+00:00,-1
2026-06-09 22:24:26.800894+00:00,-1
2026-06-09 22:34:31.716706+00:00,-1
2026-06-09 22:39:33.875222+00:00,3
2026-06-09 22:49:39.217289+00:00,3
2026-06-09 23:04:47.914108+00:00,3
2026-06-09 23:09:50.209089+00:00,3
2026-06-09 23:19:56.855298+00:00,3
2026-06-09 23:24:59.222286+00:00,3
2026-06-10 00:19:34.040169+00:00,-1
2026-06-10 00:24:36.366402+00:00,-1
2026-06-10 00:34:43.195261+00:00,3
2026-06-10 00:39:46.339904+00:00,3
2026-06-10 00:49:53.221427+00:00,3
2026-06-10 00:54:55.627838+00:00,3
2026-06-10 01:05:05.858368+00:00,2
2026-06-10 01:10:08.972683+00:00,2
2026-06-10 01:20:17.816650+00:00,3
2026-06-10 01:25:20.281118+00:00,3
2026-06-10 01:35:27.237483+00:00,3
2026-06-10 01:40:30.087671+00:00,3
2026-06-10 01:50:37.396556+00:00,7
2026-06-10 01:55:40.043220+00:00,7
2026-06-10 02:06:12.655640+00:00,3
2026-06-10 02:11:15.835152+00:00,3
2026-06-10 02:16:19.198796+00:00,3
2026-06-10 02:21:22.595399+00:00,3
2026-06-10 02:26:25.238638+00:00,3
2026-06-10 02:31:29.121359+00:00,3
2026-06-10 02:36:32.799486+00:00,3
2026-06-10 02:41:36.054494+00:00,3
2026-06-10 02:46:39.819601+00:00,3
2026-06-10 03:01:51.980567+00:00,3
2026-06-10 03:17:01.109520+00:00,3
2026-06-10 03:32:10.955566+00:00,3
2026-06-10 03:37:14.738013+00:00,3
2026-06-10 03:42:18.936205+00:00,3
2026-06-10 03:47:22.756223+00:00,3
2026-06-10 04:02:35.187054+00:00,2
2026-06-10 04:07:38.819071+00:00,2
2026-06-10 04:12:41.715486+00:00,2
2026-06-10 04:17:45.622400+00:00,3
2026-06-10 04:22:49.334652+00:00,3
2026-06-10 04:27:51.434517+00:00,3
2026-06-10 04:32:58.126546+00:00,2
2026-06-10 04:38:02.853756+00:00,2
2026-06-10 04:48:09.294096+00:00,3
2026-06-10 04:53:12.689046+00:00,3
2026-06-10 05:03:21.162266+00:00,3
2026-06-10 05:08:24.453379+00:00,3
2026-06-10 05:18:30.374658+00:00,3
2026-06-10 05:23:34.172727+00:00,3
2026-06-10 05:33:39.902229+00:00,3
2026-06-10 05:38:43.297253+00:00,3
2026-06-10 05:53:53.026601+00:00,3
2026-06-10 06:04:01.040805+00:00,3
2026-06-10 06:09:04.785201+00:00,3
2026-06-10 06:19:11.070196+00:00,3
2026-06-10 06:24:14.596664+00:00,3
2026-06-10 06:34:20.707404+00:00,3
2026-06-10 06:39:24.349904+00:00,0
2026-06-10 06:49:30.465401+00:00,2
2026-06-10 06:54:33.879244+00:00,2
2026-06-10 07:04:42.076488+00:00,2
2026-06-10 07:09:45.495536+00:00,2
2026-06-10 07:19:51.350869+00:00,2
2026-06-10 07:24:54.760924+00:00,2
2026-06-10 07:35:00.661980+00:00,2
2026-06-10 07:40:04.205726+00:00,2
2026-06-10 07:50:11.782402+00:00,7
2026-06-10 07:55:15.394363+00:00,7
2026-06-10 08:05:23.437108+00:00,3
2026-06-10 08:10:26.532010+00:00,3
2026-06-10 08:20:33.316506+00:00,3
2026-06-10 08:25:36.771672+00:00,3
2026-06-10 08:35:43.127278+00:00,3
2026-06-10 08:40:46.408783+00:00,3
2026-06-10 08:50:52.449195+00:00,3
2026-06-10 08:55:56.277855+00:00,7
2026-06-10 09:01:00.745673+00:00,3
2026-06-10 09:16:11.707406+00:00,3
2026-06-10 09:21:14.066191+00:00,3
2026-06-10 09:26:17.991175+00:00,3
2026-06-10 09:31:21.731167+00:00,3
2026-06-10 09:46:31.288312+00:00,3
2026-06-10 09:51:33.626861+00:00,3
2026-06-10 09:56:37.612006+00:00,3
2026-06-10 10:01:42.019101+00:00,2
2026-06-10 10:06:46.082021+00:00,2
2026-06-10 10:11:49.675923+00:00,2
2026-06-10 10:16:53.989653+00:00,7
2026-06-10 10:21:56.246234+00:00,3
2026-06-10 10:26:59.781430+00:00,3
2026-06-10 10:32:03.629151+00:00,3
2026-06-10 10:37:06.205129+00:00,3
2026-06-10 10:42:09.730446+00:00,3
2026-06-10 10:47:14.009810+00:00,3
2026-06-10 10:52:16.387972+00:00,3
2026-06-10 10:57:20.275501+00:00,3
2026-06-10 11:02:26.296991+00:00,2
2026-06-10 11:07:30.609104+00:00,2
2026-06-10 11:12:34.226091+00:00,2
2026-06-10 11:17:38.853720+00:00,7
2026-06-10 11:22:41.254751+00:00,7
2026-06-10 11:27:45.028875+00:00,7
2026-06-10 11:32:48.557301+00:00,7
2026-06-10 11:37:51.047542+00:00,7
2026-06-10 11:42:54.344843+00:00,3
2026-06-10 11:47:58.657254+00:00,3
2026-06-10 11:53:01.302782+00:00,3
2026-06-10 12:18:19.371696+00:00,-1
2026-06-10 12:23:21.653812+00:00,-1
2026-06-10 12:33:27.787437+00:00,3
2026-06-10 12:38:30.911310+00:00,3
2026-06-10 12:48:38.819101+00:00,3
2026-06-10 12:53:41.337444+00:00,3
2026-06-10 13:03:49.174179+00:00,1
2026-06-10 13:08:53.790894+00:00,1
2026-06-10 13:19:00.674927+00:00,1
2026-06-10 13:24:03.273125+00:00,1
2026-06-10 13:34:10.237901+00:00,2
2026-06-10 13:39:13.029136+00:00,2
2026-06-10 13:49:19.987180+00:00,2
2026-06-10 13:54:22.392490+00:00,2
2026-06-10 14:04:30.686138+00:00,3
2026-06-10 14:19:41.799104+00:00,3
2026-06-10 14:24:44.521780+00:00,3
2026-06-10 14:34:51.935488+00:00,3
2026-06-10 14:39:54.849214+00:00,3
2026-06-10 14:50:02.081200+00:00,3
2026-06-10 14:55:04.845672+00:00,3
2026-06-10 15:05:13.330074+00:00,3
2026-06-10 15:10:18.639924+00:00,3
2026-06-10 15:20:25.921922+00:00,3
2026-06-10 15:25:28.398368+00:00,3
2026-06-10 16:27:02.273189+00:00,-1
2026-06-10 16:51:33.917372+00:00,-1
2026-06-10 16:56:36.318666+00:00,-1
2026-06-10 17:01:40.731396+00:00,3
2026-06-10 17:06:43.124454+00:00,3
2026-06-10 17:16:49.103510+00:00,3
2026-06-10 17:21:51.375323+00:00,3
2026-06-10 17:26:55.114146+00:00,3
2026-06-10 17:31:59.435127+00:00,3
2026-06-10 17:37:01.949675+00:00,3
2026-06-10 17:42:03.948628+00:00,3
2026-06-10 17:47:07.919484+00:00,3
2026-06-10 17:52:10.315332+00:00,3
2026-06-10 17:57:12.358073+00:00,3
2026-06-10 18:02:17.038765+00:00,3
2026-06-10 18:07:19.331416+00:00,3
2026-06-10 18:17:24.995080+00:00,3
2026-06-10 18:22:27.372720+00:00,3
2026-06-10 18:27:31.291834+00:00,3
2026-06-10 18:32:35.338758+00:00,3
2026-06-10 18:47:43.507051+00:00,3
2026-06-10 18:52:46.894254+00:00,3
2026-06-10 18:57:49.063710+00:00,3
2026-06-10 19:20:33.714048+00:00,-1
2026-06-10 19:25:35.738875+00:00,-1
2026-06-10 19:35:41.498419+00:00,3
2026-06-10 21:11:20.774068+00:00,-1
2026-06-10 21:55:22.508289+00:00,-1
2026-06-10 23:49:18.831062+00:00,-1
2026-06-11 00:05:19.129672+00:00,-1
2026-06-11 00:10:22.554805+00:00,3
2026-06-11 00:20:28.697202+00:00,2
2026-06-11 00:25:32.785954+00:00,2
2026-06-11 00:35:39.247979+00:00,2
2026-06-11 00:40:44.056466+00:00,2
2026-06-11 00:50:51.735571+00:00,7
2026-06-11 00:55:56.006803+00:00,7
2026-06-11 01:06:04.954924+00:00,3
2026-06-11 01:11:07.676330+00:00,3
2026-06-11 01:21:15.784338+00:00,3
2026-06-11 01:26:19.452827+00:00,3
2026-06-11 01:31:23.162086+00:00,3
2026-06-11 01:36:25.893885+00:00,3
2026-06-11 01:41:30.701568+00:00,3
2026-06-11 01:46:34.637417+00:00,7
2026-06-11 01:51:37.151312+00:00,7
2026-06-11 01:56:43.110159+00:00,7
2026-06-11 02:01:47.373792+00:00,3
2026-06-11 02:06:50.273833+00:00,3
2026-06-11 02:11:53.783521+00:00,3
2026-06-11 02:16:57.593624+00:00,3
2026-06-11 02:21:59.902751+00:00,3
2026-06-11 02:27:04.018686+00:00,3
2026-06-11 02:32:07.913162+00:00,3
2026-06-11 02:37:10.692931+00:00,3
2026-06-11 02:42:15.517540+00:00,3
2026-06-11 02:47:19.637788+00:00,3
2026-06-11 02:52:22.199478+00:00,3
2026-06-11 02:57:26.529405+00:00,3
2026-06-11 03:02:30.719370+00:00,3
2026-06-11 03:12:37.225965+00:00,3
2026-06-11 03:17:44.024091+00:00,3
2026-06-11 03:32:55.592165+00:00,3
2026-06-11 03:48:06.706776+00:00,3
2026-06-11 04:33:35.503330+00:00,-1
2026-06-11 04:48:46.024439+00:00,-1
2026-06-11 05:04:37.129389+00:00,3
2026-06-11 05:09:39.866161+00:00,3
2026-06-11 05:19:47.925325+00:00,3
2026-06-11 05:34:57.462291+00:00,3
2026-06-11 09:02:01.939974+00:00,-1
2026-06-11 09:27:16.305531+00:00,-1
2026-06-11 09:32:21.230296+00:00,-1
2026-06-11 09:47:31.875730+00:00,3
2026-06-11 10:07:52.544587+00:00,-1
2026-06-11 10:12:55.229854+00:00,-1
2026-06-11 10:23:02.709645+00:00,3
2026-06-11 10:33:09.322977+00:00,3
2026-06-11 10:48:19.404235+00:00,3
2026-06-11 10:53:22.227687+00:00,3
2026-06-11 11:03:30.827316+00:00,3
2026-06-11 11:33:49.336331+00:00,-1
2026-06-11 11:54:02.045040+00:00,-1
2026-06-11 12:19:18.617002+00:00,-1
2026-06-11 12:34:28.329513+00:00,-1
2026-06-11 12:49:38.296880+00:00,3
2026-06-11 13:09:51.605137+00:00,-1
2026-06-11 13:19:58.094774+00:00,-1
2026-06-11 13:40:12.598796+00:00,-1
2026-06-11 13:50:20.826959+00:00,-1
2026-06-11 14:10:33.865785+00:00,-1
2026-06-11 14:20:40.476900+00:00,-1
2026-06-11 14:25:43.130477+00:00,3
2026-06-11 14:51:00.038989+00:00,-1
2026-06-11 15:06:11.541874+00:00,-1
2026-06-11 15:16:17.512557+00:00,3
2026-06-11 16:08:41.503957+00:00,-1
2026-06-11 16:18:46.418616+00:00,-1
2026-06-11 16:23:49.098083+00:00,2
2026-06-11 16:33:54.061956+00:00,3
2026-06-11 16:38:58.426474+00:00,7
2026-06-11 16:49:03.645726+00:00,2
2026-06-11 16:54:07.528703+00:00,2
2026-06-11 17:04:13.019598+00:00,3
2026-06-11 17:24:24.328372+00:00,-1
2026-06-11 17:34:29.321527+00:00,-1
2026-06-11 17:39:33.231784+00:00,3
2026-06-11 17:49:37.886743+00:00,3
2026-06-11 17:54:41.499135+00:00,3
2026-06-11 18:04:47.704244+00:00,3
2026-06-11 18:19:56.418907+00:00,3
2026-06-11 18:35:04.208674+00:00,3
2026-06-11 18:50:13.365758+00:00,3
2026-06-11 19:05:23.050819+00:00,3
2026-06-11 19:20:31.745123+00:00,3
2026-06-11 19:35:41.036896+00:00,3
2026-06-11 20:05:58.647654+00:00,-1
2026-06-11 20:11:02.210449+00:00,-1
2026-06-11 20:21:07.977532+00:00,3
2026-06-11 20:31:14.354394+00:00,3
2026-06-11 20:46:23.585795+00:00,3
2026-06-11 21:01:32.915082+00:00,3
2026-06-11 21:06:35.250079+00:00,3
2026-06-11 21:26:47.690512+00:00,-1
2026-06-11 21:31:50.336914+00:00,-1
2026-06-11 21:46:59.394652+00:00,3
2026-06-11 22:02:08.010525+00:00,3
2026-06-12 00:50:23.258114+00:00,-1
2026-06-12 00:55:26.568392+00:00,-1
2026-06-12 01:05:33.483259+00:00,3
2026-06-12 01:10:36.869976+00:00,3
2026-06-12 01:25:47.817028+00:00,3
2026-06-12 01:40:57.418913+00:00,3
2026-06-12 01:46:00.420499+00:00,3
2026-06-12 02:01:11.048254+00:00,3
2026-06-12 02:06:15.174918+00:00,3
2026-06-12 02:26:29.841423+00:00,-1
2026-06-12 02:31:33.140007+00:00,-1
2026-06-12 02:46:42.818752+00:00,3
2026-06-12 03:01:53.492687+00:00,3
2026-06-12 03:06:57.697099+00:00,3
2026-06-12 03:17:04.586243+00:00,7
2026-06-12 03:32:15.682747+00:00,3
2026-06-12 03:47:26.954905+00:00,2
2026-06-12 04:07:42.706838+00:00,-1
2026-06-12 04:12:45.241336+00:00,-1
2026-06-12 04:17:48.632877+00:00,3
2026-06-12 04:32:59.781016+00:00,3
2026-06-12 04:53:13.820608+00:00,-1
2026-06-12 05:08:23.770375+00:00,-1
2026-06-12 05:18:29.903439+00:00,3
2026-06-12 05:38:45.704946+00:00,-1
2026-06-12 06:04:00.641777+00:00,-1
2026-06-12 06:09:04.176867+00:00,-1
2026-06-12 06:24:14.617204+00:00,3
2026-06-12 06:34:20.506345+00:00,3
2026-06-12 06:39:24.754150+00:00,3
2026-06-12 06:49:31.067087+00:00,3
2026-06-12 06:54:34.577327+00:00,3
2026-06-12 07:04:41.759690+00:00,3
2026-06-12 07:09:46.399548+00:00,3
2026-06-12 07:19:52.421820+00:00,3
2026-06-12 07:24:57.038615+00:00,3
2026-06-12 07:40:07.089408+00:00,3
2026-06-12 08:05:22.445519+00:00,-1
2026-06-12 08:10:26.018045+00:00,-1
2026-06-12 08:20:32.824547+00:00,2
2026-06-12 08:25:37.551727+00:00,2
2026-06-12 08:40:47.949564+00:00,2
2026-06-12 08:50:53.565441+00:00,1
2026-06-12 09:01:00.676688+00:00,2
2026-06-12 09:06:03.379256+00:00,2
2026-06-12 09:11:06.830948+00:00,2
2026-06-12 09:16:10.618684+00:00,2
2026-06-12 09:21:13.016131+00:00,2
2026-06-12 09:26:19.019745+00:00,2
2026-06-12 09:31:22.744937+00:00,2
2026-06-12 09:36:25.616888+00:00,2
2026-06-12 09:41:30.148055+00:00,2
2026-06-12 09:46:34.305365+00:00,7
2026-06-12 09:51:36.757100+00:00,7
2026-06-12 09:56:40.743061+00:00,7
2026-06-12 10:11:51.793871+00:00,3
2026-06-12 10:16:55.242509+00:00,3
2026-06-12 10:21:57.469730+00:00,3
2026-06-12 10:32:06.003393+00:00,3
2026-06-12 10:47:16.466207+00:00,3
2026-06-12 10:52:18.956216+00:00,3
2026-06-12 11:02:27.470763+00:00,3
2026-06-12 11:07:29.838789+00:00,3
2026-06-12 11:12:33.759819+00:00,3
2026-06-12 11:17:37.760919+00:00,3
2026-06-12 11:37:50.305781+00:00,-1
2026-06-12 11:42:54.611015+00:00,-1
2026-06-12 11:47:58.945657+00:00,3
2026-06-12 12:03:09.306777+00:00,3
2026-06-12 12:18:18.913165+00:00,3
2026-06-12 12:33:29.449799+00:00,3
2026-06-12 12:48:40.515504+00:00,3
2026-06-12 13:18:58.932492+00:00,-1
2026-06-12 13:49:19.256668+00:00,-1
2026-06-12 13:54:21.954838+00:00,-1
2026-06-12 14:04:29.737711+00:00,3
2026-06-12 14:19:39.696873+00:00,3
2026-06-12 14:24:42.152758+00:00,3
2026-06-12 14:34:50.142050+00:00,3
2026-06-12 14:39:52.992282+00:00,3
2026-06-12 14:50:01.011213+00:00,3
2026-06-12 15:10:14.785471+00:00,-1
2026-06-12 15:25:25.104557+00:00,-1
2026-06-12 15:40:35.906618+00:00,3
2026-06-12 15:50:42.998979+00:00,3
2026-06-12 15:55:45.360815+00:00,3
2026-06-12 16:05:54.256697+00:00,3
2026-06-12 16:47:25.096102+00:00,-1
2026-06-12 16:52:27.123372+00:00,-1
2026-06-12 16:57:29.368005+00:00,3
2026-06-12 17:07:36.710074+00:00,3
2026-06-12 17:17:42.643178+00:00,3
2026-06-12 17:32:50.229237+00:00,3
2026-06-12 17:47:57.970480+00:00,3
2026-06-12 17:53:00.073298+00:00,3
2026-06-12 18:03:07.406431+00:00,3
2026-06-12 18:08:09.467854+00:00,3
2026-06-12 18:23:17.930822+00:00,3
2026-06-12 18:33:23.098009+00:00,3
2026-06-12 19:03:38.458986+00:00,-1
2026-06-12 19:18:46.735281+00:00,-1
2026-06-12 19:34:19.875501+00:00,3
2026-06-12 19:39:22.428572+00:00,3
2026-06-12 20:04:35.638115+00:00,-1
2026-06-12 20:09:39.429927+00:00,-1
2026-06-12 20:19:44.253218+00:00,3
2026-06-12 20:34:52.657288+00:00,3
2026-06-12 20:49:59.695996+00:00,3
2026-06-12 21:05:08.896189+00:00,3
2026-06-12 21:20:17.271795+00:00,3
2026-06-12 21:25:20.663064+00:00,3
2026-06-12 21:35:25.607330+00:00,3
2026-06-12 22:21:05.609127+00:00,-1
2026-06-12 22:55:44.500417+00:00,-1
2026-06-12 23:05:52.123012+00:00,-1
2026-06-12 23:10:54.833851+00:00,7
2026-06-12 23:21:02.622319+00:00,3
2026-06-12 23:26:04.954096+00:00,3
2026-06-12 23:31:10.027273+00:00,7
2026-06-12 23:36:12.541259+00:00,7
2026-06-12 23:41:15.576741+00:00,7
2026-06-12 23:46:20.136822+00:00,2
2026-06-12 23:51:23.032028+00:00,2
2026-06-12 23:56:25.647756+00:00,2
2026-06-13 00:01:31.491951+00:00,7
2026-06-13 00:06:33.951189+00:00,7
2026-06-13 00:11:36.638483+00:00,7
2026-06-13 00:16:42.615753+00:00,7
2026-06-13 00:21:46.291722+00:00,7
2026-06-13 00:26:48.743759+00:00,3
2026-06-13 00:31:54.517487+00:00,7
2026-06-13 00:36:57.393431+00:00,7
2026-06-13 00:47:04.269745+00:00,7
2026-06-13 00:52:07.213392+00:00,7
2026-06-13 00:57:09.558100+00:00,7
2026-06-13 01:02:15.506848+00:00,7
2026-06-13 01:07:18.220051+00:00,7
2026-06-13 01:12:21.038882+00:00,3
2026-06-13 01:17:27.155112+00:00,3
2026-06-13 01:22:29.928627+00:00,7
2026-06-13 01:27:32.179112+00:00,7
2026-06-13 01:32:38.101540+00:00,7
2026-06-13 01:37:40.656670+00:00,7
2026-06-13 01:42:43.232775+00:00,3
2026-06-13 01:47:47.779863+00:00,3
2026-06-13 01:52:50.504321+00:00,3
2026-06-13 01:57:53.096100+00:00,3
2026-06-13 02:02:59.007186+00:00,7
2026-06-13 02:08:01.300141+00:00,7
2026-06-13 02:18:09.783662+00:00,3
2026-06-13 02:23:12.444983+00:00,3
2026-06-13 02:33:19.899771+00:00,7
2026-06-13 02:38:22.679417+00:00,3
2026-06-13 02:48:29.545778+00:00,3
2026-06-13 02:53:32.317389+00:00,3
2026-06-13 03:03:40.062463+00:00,3
2026-06-13 03:18:49.741294+00:00,3
2026-06-13 03:23:52.715409+00:00,3
2026-06-13 03:34:00.343541+00:00,3
2026-06-13 03:49:09.896027+00:00,3
2026-06-13 04:04:19.998528+00:00,3
2026-06-13 04:19:29.918337+00:00,3
2026-06-13 04:34:40.060029+00:00,3
2026-06-13 04:49:48.732034+00:00,3
2026-06-13 05:04:58.524023+00:00,1
2026-06-13 05:20:08.702096+00:00,1
2026-06-13 05:35:18.107748+00:00,7
2026-06-13 05:50:26.310389+00:00,2
2026-06-13 06:05:35.858042+00:00,7
2026-06-13 06:10:39.200092+00:00,7
2026-06-13 06:20:46.972297+00:00,7
2026-06-13 06:35:55.949294+00:00,7
2026-06-13 06:40:58.391511+00:00,2
2026-06-13 06:46:02.071817+00:00,7
2026-06-13 06:51:05.089601+00:00,2
2026-06-13 07:01:11.367848+00:00,7
2026-06-13 07:06:15.467889+00:00,7
2026-06-13 07:11:17.806839+00:00,7
2026-06-13 07:16:21.922468+00:00,7
2026-06-13 07:21:26.790649+00:00,7
2026-06-13 07:26:29.544769+00:00,7
2026-06-13 07:31:32.956775+00:00,3
2026-06-13 07:36:37.545652+00:00,7
2026-06-13 07:41:39.747612+00:00,3
2026-06-13 07:46:43.932501+00:00,3
2026-06-13 07:51:47.456836+00:00,3
2026-06-13 07:56:49.741936+00:00,7
2026-06-13 08:01:53.759921+00:00,3
2026-06-13 08:17:03.695369+00:00,7
2026-06-13 08:22:08.619902+00:00,7
2026-06-13 08:32:14.531128+00:00,7
2026-06-13 08:37:18.865801+00:00,7
2026-06-13 08:47:24.935150+00:00,7
2026-06-13 09:02:34.607982+00:00,3
2026-06-13 09:07:38.584659+00:00,3
2026-06-13 09:12:41.127815+00:00,3
2026-06-13 09:17:45.144316+00:00,3
2026-06-13 09:22:50.843956+00:00,3
2026-06-13 09:32:56.575088+00:00,3
2026-06-13 09:38:00.967443+00:00,3
2026-06-13 09:48:06.915633+00:00,3
2026-06-13 10:03:16.670744+00:00,3
2026-06-13 10:08:20.261830+00:00,3
2026-06-13 10:18:25.927371+00:00,3
2026-06-13 10:33:35.285098+00:00,3
2026-06-13 10:48:45.532082+00:00,3
2026-06-13 10:53:49.902783+00:00,3
2026-06-13 11:03:56.865561+00:00,7
2026-06-13 11:09:00.420668+00:00,7
2026-06-13 11:19:06.652210+00:00,2
2026-06-13 11:39:21.070557+00:00,-1
2026-06-13 11:49:27.489778+00:00,-1
2026-06-13 12:04:36.560708+00:00,2
2026-06-13 12:19:46.196362+00:00,7
2026-06-13 12:24:50.542889+00:00,3
2026-06-13 12:34:56.209332+00:00,2
2026-06-13 12:40:00.509446+00:00,3
2026-06-13 12:50:07.838914+00:00,3
2026-06-13 12:55:10.728880+00:00,3
2026-06-13 13:25:30.675898+00:00,-1
2026-06-13 13:35:35.804057+00:00,-1
2026-06-13 13:55:48.910017+00:00,-1
2026-06-13 14:05:54.971337+00:00,-1
2026-06-13 14:16:03.233989+00:00,3
2026-06-13 14:26:10.410065+00:00,3
2026-06-13 14:31:14.079296+00:00,3
2026-06-13 14:36:16.786818+00:00,3
2026-06-13 14:46:25.054337+00:00,3
2026-06-13 14:51:27.640929+00:00,3
2026-06-13 15:06:38.266425+00:00,3
2026-06-13 15:55:44.003230+00:00,-1
2026-06-13 16:05:49.076290+00:00,-1
2026-06-13 16:10:52.824015+00:00,3
2026-06-13 16:26:01.050693+00:00,3
2026-06-13 16:31:03.587094+00:00,3
2026-06-13 16:36:05.604150+00:00,3
2026-06-13 19:16:39.418977+00:00,-1
2026-06-13 19:37:52.125815+00:00,-1
2026-06-13 20:34:30.629554+00:00,-1
2026-06-13 21:19:05.319077+00:00,-1
2026-06-13 23:53:41.285363+00:00,-1
2026-06-14 00:08:51.072178+00:00,-1
2026-06-14 00:23:59.700610+00:00,3
2026-06-15 03:50:45.282437+00:00,-1
2026-06-15 04:05:57.285808+00:00,-1
2026-06-15 04:11:00.508382+00:00,3
2026-06-15 04:16:05.653658+00:00,3
2026-06-15 04:41:22.298818+00:00,-1
2026-06-15 04:46:27.044076+00:00,-1
2026-06-15 04:51:31.108565+00:00,3
2026-06-15 05:11:45.935900+00:00,-1
2026-06-15 05:16:50.685562+00:00,-1
2026-06-15 05:32:00.791872+00:00,3
2026-06-15 05:47:11.522251+00:00,3
2026-06-15 06:07:27.013702+00:00,-1
2026-06-15 06:12:29.830539+00:00,-1
2026-06-15 06:17:34.778680+00:00,3
2026-06-15 06:22:37.811147+00:00,3
2026-06-15 06:37:49.051073+00:00,3
2026-06-15 06:42:52.001916+00:00,3
2026-06-15 06:47:57.131122+00:00,3
2026-06-15 06:53:00.926298+00:00,3
2026-06-15 07:03:09.636533+00:00,3
2026-06-15 07:18:20.526160+00:00,3
2026-06-15 07:33:31.596338+00:00,3
2026-06-15 07:38:34.710434+00:00,3
2026-06-15 07:48:42.702720+00:00,3
2026-06-15 08:03:55.156123+00:00,3
2026-06-15 08:08:58.393476+00:00,3
2026-06-15 08:19:06.705199+00:00,3
2026-06-15 08:34:17.946236+00:00,3
2026-06-15 08:49:28.856844+00:00,3
2026-06-15 09:09:44.815153+00:00,-1
2026-06-15 09:19:52.529330+00:00,-1
2026-06-15 09:35:03.497152+00:00,3
2026-06-15 09:40:06.635484+00:00,3
2026-06-15 09:50:14.552016+00:00,3
2026-06-15 10:05:25.541990+00:00,3
2026-06-15 10:10:28.810613+00:00,3
2026-06-15 10:25:39.711704+00:00,3
2026-06-15 10:35:47.431195+00:00,3
2026-06-15 10:56:02.052722+00:00,-1
2026-06-15 11:01:06.168890+00:00,-1
2026-06-15 11:06:10.310569+00:00,3
2026-06-15 11:11:13.347129+00:00,3
2026-06-15 11:16:17.620924+00:00,3
2026-06-15 11:21:21.868789+00:00,3
2026-06-15 11:26:24.977446+00:00,3
2026-06-15 11:31:29.234104+00:00,3
2026-06-15 11:51:45.218133+00:00,-1
2026-06-15 12:06:58.456537+00:00,-1
2026-06-15 12:27:12.767999+00:00,-1
2026-06-15 12:32:16.441102+00:00,-1
2026-06-15 12:47:27.536516+00:00,3
2026-06-15 13:07:44.558591+00:00,-1
2026-06-15 13:17:51.345734+00:00,-1
2026-06-15 13:33:02.675245+00:00,3
2026-06-15 13:48:13.458763+00:00,3
2026-06-15 14:18:36.620558+00:00,-1
2026-06-15 14:33:48.507463+00:00,-1
2026-06-15 14:48:59.736438+00:00,3
2026-06-15 14:54:03.797902+00:00,3
2026-06-15 15:04:12.483074+00:00,3
2026-06-15 15:09:16.808416+00:00,3
2026-06-15 15:19:24.082361+00:00,3
2026-06-15 15:24:28.126317+00:00,3
2026-06-15 15:34:35.607035+00:00,3
2026-06-15 15:49:48.202003+00:00,3
2026-06-15 15:54:52.563683+00:00,3
2026-06-15 16:05:01.122147+00:00,3
2026-06-15 16:20:12.212812+00:00,3
2026-06-15 16:25:16.331790+00:00,3
2026-06-15 16:35:24.134745+00:00,3
2026-06-15 16:55:39.134157+00:00,-1
2026-06-15 17:05:47.230037+00:00,-1
2026-06-15 17:10:53.836740+00:00,3
2026-06-15 17:31:09.706163+00:00,-1
2026-06-15 17:41:17.090294+00:00,-1
2026-06-15 17:46:21.667131+00:00,3
2026-06-15 18:01:34.937115+00:00,3
2026-06-15 18:16:48.774141+00:00,3
2026-06-15 18:21:52.207086+00:00,3
2026-06-15 18:26:56.688404+00:00,3
2026-06-15 18:32:01.761866+00:00,3
2026-06-15 18:47:13.416469+00:00,3
2026-06-15 19:02:27.229001+00:00,3
2026-06-15 19:17:40.376565+00:00,3
2026-06-15 19:22:43.742306+00:00,3
2026-06-15 19:27:48.074418+00:00,3
2026-06-15 19:32:52.806565+00:00,3
2026-06-15 19:37:56.289270+00:00,3
2026-06-15 19:48:05.860564+00:00,3
2026-06-15 20:03:19.481131+00:00,3
2026-06-15 20:08:22.986567+00:00,3
2026-06-15 20:18:31.304938+00:00,3
2026-06-15 20:33:42.903690+00:00,3
2026-06-15 20:38:45.955938+00:00,3
2026-06-15 21:04:06.960970+00:00,-1
2026-06-15 21:19:19.298051+00:00,-1
2026-06-15 21:24:22.480211+00:00,3
2026-06-15 21:34:31.014041+00:00,3
2026-06-15 21:39:34.274636+00:00,3
2026-06-15 21:49:42.801836+00:00,3
2026-06-15 22:04:56.905781+00:00,3
2026-06-15 22:10:00.693518+00:00,3
2026-06-15 22:20:11.079447+00:00,3
2026-06-15 22:35:23.016857+00:00,3
2026-06-15 22:40:26.302331+00:00,3
2026-06-15 23:05:47.736911+00:00,-1
2026-06-15 23:10:51.215966+00:00,-1
2026-06-15 23:20:59.979603+00:00,3
2026-06-15 23:31:08.240484+00:00,3
2026-06-15 23:46:20.250022+00:00,3
2026-06-15 23:51:23.867310+00:00,3
2026-06-15 23:56:27.215426+00:00,3
2026-06-16 00:01:33.517687+00:00,2
2026-06-16 00:06:37.298863+00:00,2
2026-06-16 00:11:40.781212+00:00,2
2026-06-16 00:16:46.736360+00:00,2
2026-06-16 00:21:49.992561+00:00,2
2026-06-16 00:26:53.695307+00:00,2
2026-06-16 00:31:59.617174+00:00,7
2026-06-16 00:47:11.690160+00:00,2
2026-06-16 00:52:14.576037+00:00,2
2026-06-16 00:57:18.128174+00:00,2
2026-06-16 01:02:25.558428+00:00,3
2026-06-16 01:07:29.440730+00:00,3
2026-06-16 01:12:32.594834+00:00,3
2026-06-16 01:17:38.218962+00:00,3
2026-06-16 01:22:41.536384+00:00,3
2026-06-16 01:27:45.108360+00:00,3
2026-06-16 01:32:50.906014+00:00,3
2026-06-16 01:37:54.318085+00:00,3
2026-06-16 01:42:58.256124+00:00,3
2026-06-16 01:48:04.815733+00:00,3
2026-06-16 01:53:07.909835+00:00,3
2026-06-16 02:03:16.851033+00:00,1
2026-06-16 02:18:29.106799+00:00,1
2026-06-16 02:33:40.099453+00:00,1
2026-06-16 02:38:43.647296+00:00,1
2026-06-16 02:48:51.685365+00:00,2
2026-06-16 03:04:03.876088+00:00,3
2026-06-16 03:09:07.533152+00:00,3
2026-06-16 03:19:15.501799+00:00,3
2026-06-16 03:34:29.026515+00:00,3
2026-06-16 03:39:32.547554+00:00,3
2026-06-16 03:49:41.241899+00:00,3
2026-06-16 03:54:44.361979+00:00,3
2026-06-16 04:04:53.287141+00:00,2
2026-06-16 04:09:57.372140+00:00,2
2026-06-16 04:20:05.898051+00:00,1
2026-06-16 04:25:09.168207+00:00,1
2026-06-16 04:35:18.003973+00:00,1
2026-06-16 04:40:21.526474+00:00,3
2026-06-16 04:50:30.003247+00:00,3
2026-06-16 04:55:33.282877+00:00,3
2026-06-16 05:05:42.167152+00:00,3
2026-06-16 05:10:46.506260+00:00,3
2026-06-16 05:20:55.343375+00:00,3
2026-06-16 05:25:58.472388+00:00,3
2026-06-16 05:34:00.559394+00:00,3
2026-06-16 05:49:11.790591+00:00,3
2026-06-16 06:04:23.505684+00:00,3
2026-06-16 06:19:34.613361+00:00,2
2026-06-16 06:24:38.465070+00:00,2
2026-06-16 06:34:46.062225+00:00,2
2026-06-16 06:39:49.995553+00:00,2
2026-06-16 06:49:56.686066+00:00,2
2026-06-16 06:55:00.590692+00:00,2
2026-06-16 07:05:09.312069+00:00,7
2026-06-16 07:10:13.480553+00:00,2
2026-06-16 07:20:20.574749+00:00,7
2026-06-16 07:35:32.233947+00:00,2
2026-06-16 07:50:42.723135+00:00,7
2026-06-16 07:55:46.597002+00:00,7
2026-06-16 08:05:54.473807+00:00,3
2026-06-16 08:10:58.308728+00:00,3
2026-06-16 08:16:02.273512+00:00,3
2026-06-16 08:26:09.928754+00:00,3
2026-06-16 08:31:14.683098+00:00,3
2026-06-16 08:36:17.844843+00:00,3
2026-06-16 08:46:26.738078+00:00,3
2026-06-16 09:11:47.135189+00:00,-1
2026-06-16 09:21:53.697401+00:00,-1
2026-06-16 09:26:58.310210+00:00,3
2026-06-16 09:32:03.217987+00:00,3
2026-06-16 09:52:17.847522+00:00,-1
2026-06-16 09:57:22.761772+00:00,-1
2026-06-16 10:02:27.551145+00:00,3
2026-06-16 10:07:30.616679+00:00,3
2026-06-16 10:17:39.268310+00:00,3
2026-06-16 10:32:50.944967+00:00,3
2026-06-16 10:48:02.507497+00:00,3
2026-06-16 11:03:14.722837+00:00,3
2026-06-16 11:08:17.925756+00:00,3
2026-06-16 11:18:25.887847+00:00,3
2026-06-16 11:23:28.983974+00:00,3
2026-06-16 11:33:37.392596+00:00,3
2026-06-16 11:48:48.688098+00:00,3
2026-06-16 11:53:52.221797+00:00,3
2026-06-16 12:09:05.053603+00:00,3
2026-06-16 12:19:12.237003+00:00,3
2026-06-16 12:24:15.586955+00:00,3
2026-06-16 12:34:25.133646+00:00,3
2026-06-16 12:39:28.689693+00:00,3
2026-06-16 13:04:48.108941+00:00,-1
2026-06-16 13:09:51.200259+00:00,-1
2026-06-16 13:19:59.173520+00:00,3
2026-06-16 13:35:12.458119+00:00,3
2026-06-16 13:40:15.764527+00:00,3
2026-06-16 13:50:23.728916+00:00,3
2026-06-16 14:05:34.725818+00:00,3
2026-06-16 14:10:37.504823+00:00,3
2026-06-16 14:20:45.798515+00:00,3
2026-06-16 14:25:48.598567+00:00,3
2026-06-16 14:41:00.698449+00:00,3
2026-06-16 14:46:05.593762+00:00,3
2026-06-16 14:51:08.777545+00:00,3
2026-06-16 14:56:11.977466+00:00,3
2026-06-16 15:01:18.578992+00:00,3
2026-06-16 15:06:21.718460+00:00,3
2026-06-16 15:11:24.892648+00:00,3
2026-06-16 15:16:30.071459+00:00,3
2026-06-16 15:21:33.461775+00:00,3
2026-06-16 15:26:36.647979+00:00,3
2026-06-16 15:31:42.957039+00:00,3
2026-06-16 15:36:46.561676+00:00,3
2026-06-16 15:41:50.259012+00:00,3
2026-06-16 15:46:56.007504+00:00,3
2026-06-16 15:51:59.510632+00:00,3
2026-06-16 16:39:50.944314+00:00,-1
2026-06-16 16:52:04.229424+00:00,-1
2026-06-16 16:57:07.082117+00:00,2
2026-06-16 17:02:11.585584+00:00,3
2026-06-16 17:07:15.302821+00:00,3
2026-06-16 17:17:21.764277+00:00,3
2026-06-16 17:22:25.360766+00:00,3
2026-06-16 17:32:32.347572+00:00,3
2026-06-16 17:47:41.757356+00:00,3
2026-06-16 17:52:45.221567+00:00,3
2026-06-16 17:57:48.125037+00:00,3
2026-06-16 18:02:52.242896+00:00,2
2026-06-16 18:10:12.032756+00:00,2
2026-06-16 18:53:14.016715+00:00,-1
2026-06-16 19:33:06.918917+00:00,-1
2026-06-16 19:56:07.346659+00:00,-1
2026-06-16 20:01:11.950935+00:00,-1
2026-06-16 20:09:59.563301+00:00,3
2026-06-16 20:20:06.584919+00:00,3
2026-06-16 20:25:09.424327+00:00,3
2026-06-16 20:35:16.245746+00:00,3
2026-06-16 20:40:18.744579+00:00,3
2026-06-16 20:50:25.375591+00:00,3
2026-06-16 21:05:35.310366+00:00,2
2026-06-16 21:10:38.519337+00:00,2
2026-06-16 21:20:44.924543+00:00,2
2026-06-16 21:25:47.930810+00:00,2
2026-06-16 21:40:57.188773+00:00,1
2026-06-16 21:51:03.444013+00:00,1
2026-06-16 21:56:05.972592+00:00,1
2026-06-16 22:11:16.319664+00:00,3
2026-06-16 22:26:25.483151+00:00,3
2026-06-16 22:31:28.903492+00:00,3
2026-06-16 22:56:46.819191+00:00,-1
2026-06-16 23:01:50.003988+00:00,-1
2026-06-16 23:16:59.802522+00:00,3
2026-06-16 23:32:09.239679+00:00,3
2026-06-16 23:57:24.569956+00:00,-1
2026-06-17 00:06:17.992166+00:00,-1
2026-06-17 00:50:03.506333+00:00,-1
2026-06-17 02:02:17.617556+00:00,-1
2026-06-17 02:07:20.687548+00:00,-1
2026-06-17 02:12:24.324059+00:00,7
2026-06-17 02:17:29.004455+00:00,7
2026-06-17 02:22:32.199852+00:00,7
2026-06-17 02:27:36.373633+00:00,7
2026-06-17 02:32:40.822002+00:00,7
2026-06-17 02:37:44.113497+00:00,7
2026-06-17 02:42:49.670331+00:00,7
2026-06-17 02:47:54.449944+00:00,7
2026-06-17 02:52:57.665930+00:00,7
2026-06-17 03:03:07.155627+00:00,3
2026-06-17 03:08:10.231403+00:00,3
2026-06-17 03:18:18.744561+00:00,3
2026-06-17 03:23:21.720942+00:00,3
2026-06-17 03:33:29.666731+00:00,3
2026-06-17 03:48:41.255497+00:00,3
2026-06-17 04:03:53.881444+00:00,3
2026-06-17 04:08:57.046608+00:00,3
2026-06-17 04:19:05.759774+00:00,3
2026-06-17 04:24:08.864993+00:00,3
2026-06-17 04:34:17.569218+00:00,3
2026-06-17 04:39:20.781208+00:00,3
2026-06-17 04:49:28.668758+00:00,3
2026-06-17 04:54:31.632736+00:00,3
2026-06-17 05:04:40.878032+00:00,1
2026-06-17 05:09:44.098704+00:00,1
2026-06-17 05:19:52.186737+00:00,1
2026-06-17 05:24:55.566945+00:00,1
2026-06-17 05:35:03.406166+00:00,2
2026-06-17 05:40:06.681574+00:00,2
2026-06-17 05:50:16.599700+00:00,2
2026-06-17 05:55:19.845344+00:00,2
2026-06-17 06:05:29.051795+00:00,3
2026-06-17 06:10:32.184418+00:00,3
2026-06-17 06:20:39.678965+00:00,3
2026-06-17 06:25:43.196541+00:00,3
2026-06-17 06:35:51.041946+00:00,3
2026-06-17 06:40:53.764673+00:00,3
2026-06-17 06:51:01.848645+00:00,3
2026-06-17 06:56:05.007717+00:00,3
2026-06-17 07:01:10.405640+00:00,3
2026-06-17 07:06:14.133595+00:00,3
2026-06-17 07:11:17.110660+00:00,3
2026-06-17 07:16:22.464894+00:00,3
2026-06-17 07:21:25.523028+00:00,3
2026-06-17 07:26:28.586168+00:00,3
2026-06-17 07:31:33.801314+00:00,3
2026-06-17 07:36:36.637775+00:00,3
2026-06-17 07:41:40.215858+00:00,3
2026-06-17 07:46:45.912816+00:00,3
2026-06-17 07:51:49.103398+00:00,3
2026-06-17 07:56:52.819212+00:00,3
2026-06-17 08:01:59.316106+00:00,3
2026-06-17 08:07:03.305777+00:00,3
2026-06-17 08:12:06.730437+00:00,3
2026-06-17 08:17:12.052209+00:00,3
2026-06-17 08:22:15.117947+00:00,3
2026-06-17 08:27:18.535136+00:00,3
2026-06-17 08:32:23.843490+00:00,3
2026-06-17 08:37:27.132280+00:00,3
2026-06-17 08:42:30.401120+00:00,3
2026-06-17 08:47:36.265612+00:00,3
2026-06-17 09:02:48.608236+00:00,3
2026-06-17 09:07:52.273758+00:00,3
2026-06-17 09:12:56.201188+00:00,3
2026-06-17 09:18:01.483246+00:00,3
2026-06-17 09:23:04.878144+00:00,3
2026-06-17 09:33:12.985715+00:00,3
2026-06-17 09:38:16.579857+00:00,3
2026-06-17 09:48:24.890898+00:00,3
2026-06-17 10:03:36.408128+00:00,3
2026-06-17 10:08:40.325558+00:00,3
2026-06-17 10:18:49.399807+00:00,3
2026-06-17 10:23:52.352005+00:00,3
2026-06-17 10:34:01.089617+00:00,3
2026-06-17 10:49:12.948513+00:00,3
2026-06-17 10:54:15.918707+00:00,3
2026-06-17 11:04:24.703408+00:00,3
2026-06-17 11:09:28.858695+00:00,3
2026-06-17 11:19:37.645838+00:00,3
2026-06-17 11:24:40.847423+00:00,3
2026-06-17 11:34:49.349017+00:00,3
2026-06-17 11:50:00.735569+00:00,3
2026-06-17 11:55:04.116695+00:00,3
2026-06-17 12:05:13.161334+00:00,3
2026-06-17 12:20:24.708265+00:00,3
2026-06-17 12:25:27.782547+00:00,3
2026-06-17 12:35:35.925407+00:00,3
2026-06-17 12:40:39.144617+00:00,3
2026-06-17 12:50:47.260358+00:00,3
2026-06-17 12:55:50.210738+00:00,3
2026-06-17 13:05:58.120848+00:00,3
2026-06-17 13:11:02.079323+00:00,3
2026-06-17 13:16:06.313879+00:00,3
2026-06-17 13:21:10.507061+00:00,3
2026-06-17 13:26:13.706160+00:00,3
2026-06-17 13:31:17.868767+00:00,3
2026-06-17 13:36:21.877045+00:00,3
2026-06-17 13:41:24.956581+00:00,3
2026-06-17 13:46:29.510556+00:00,3
2026-06-17 13:51:34.581426+00:00,3
2026-06-17 13:56:37.454980+00:00,3
2026-06-17 14:01:42.597693+00:00,7
2026-06-17 14:06:46.973505+00:00,7
2026-06-17 14:11:50.796086+00:00,7
2026-06-17 14:16:56.006242+00:00,3
2026-06-17 14:22:00.483508+00:00,7
2026-06-17 14:27:03.930458+00:00,7
2026-06-17 14:32:08.481827+00:00,3
2026-06-17 14:37:13.088201+00:00,3
2026-06-17 14:42:16.628096+00:00,3
2026-06-17 14:47:21.242828+00:00,3
2026-06-17 14:52:25.562921+00:00,3
2026-06-17 14:57:28.873010+00:00,7
2026-06-17 15:02:34.459790+00:00,3
2026-06-17 15:17:46.291642+00:00,3
2026-06-17 15:22:50.420661+00:00,3
2026-06-17 16:16:45.978517+00:00,-1
2026-06-17 16:34:12.341430+00:00,-1
2026-06-17 16:39:15.344851+00:00,2
2026-06-17 16:49:21.598111+00:00,3
2026-06-17 16:54:24.241937+00:00,3
2026-06-17 17:04:31.647355+00:00,3
2026-06-17 17:09:34.998305+00:00,3
2026-06-17 17:19:41.633841+00:00,3
2026-06-17 17:24:44.404769+00:00,3
2026-06-17 17:34:50.797226+00:00,3
2026-06-17 17:39:53.603305+00:00,3
2026-06-17 17:50:00.320109+00:00,3
2026-06-17 17:55:02.995968+00:00,3
2026-06-17 18:05:11.457872+00:00,3
2026-06-17 18:10:15.849781+00:00,3
2026-06-17 18:20:23.152438+00:00,3
2026-06-17 18:25:25.789210+00:00,3
2026-06-17 18:35:32.367404+00:00,3
2026-06-17 18:40:35.407304+00:00,3
2026-06-17 18:50:42.345718+00:00,3
2026-06-17 18:55:44.880484+00:00,3
2026-06-17 19:05:52.019533+00:00,3
2026-06-17 19:10:55.306763+00:00,3
2026-06-17 19:21:02.310924+00:00,3
2026-06-17 19:26:05.005987+00:00,3
2026-06-17 19:31:09.211798+00:00,3
2026-06-17 19:46:18.714319+00:00,3
2026-06-17 19:51:22.114041+00:00,3
2026-06-17 19:56:24.903920+00:00,3
2026-06-17 20:01:29.629546+00:00,3
2026-06-17 20:06:33.374390+00:00,3
2026-06-17 20:16:40.191547+00:00,3
2026-06-17 20:21:43.414419+00:00,3
2026-06-17 20:31:49.415672+00:00,3
2026-06-17 20:36:53.113758+00:00,3
2026-06-17 20:41:55.704692+00:00,3
2026-06-17 20:46:59.320756+00:00,3
2026-06-17 21:36:44.366429+00:00,-1
2026-06-17 21:41:48.882083+00:00,-1
2026-06-17 21:46:53.679640+00:00,3
2026-06-17 22:02:05.716291+00:00,3
2026-06-17 22:07:09.063256+00:00,3
2026-06-17 22:12:13.518483+00:00,3
2026-06-17 22:17:18.129850+00:00,3
2026-06-17 22:22:21.214260+00:00,3
2026-06-17 22:27:25.712773+00:00,3
2026-06-17 22:32:29.873513+00:00,3
2026-06-17 22:47:42.159781+00:00,3
2026-06-18 09:04:01.730328+00:00,-1
2026-06-18 09:09:10.297656+00:00,-1
2026-06-18 09:19:29.089582+00:00,3
2026-06-18 09:24:37.897450+00:00,3
2026-06-18 09:34:56.211825+00:00,3
2026-06-18 09:40:04.446788+00:00,3
2026-06-18 09:50:24.412672+00:00,3
2026-06-18 09:55:33.361340+00:00,3
2026-06-18 10:05:54.746869+00:00,3
2026-06-18 10:11:03.188173+00:00,3
2026-06-18 10:16:12.817117+00:00,3
2026-06-18 10:31:39.956190+00:00,3
2026-06-18 10:47:02.300523+00:00,3
2026-06-18 11:02:14.832249+00:00,3
2026-06-18 11:17:27.575606+00:00,3
2026-06-18 11:22:32.084982+00:00,3
2026-06-18 11:27:36.152017+00:00,3
2026-06-18 11:32:40.569520+00:00,3
2026-06-18 11:37:45.261107+00:00,3
2026-06-18 11:42:48.728371+00:00,3
2026-06-18 11:47:53.484850+00:00,3
2026-06-18 12:03:05.340250+00:00,3
2026-06-18 12:08:09.625246+00:00,3
2026-06-18 12:18:20.312958+00:00,3
2026-06-18 12:23:25.455837+00:00,3
2026-06-18 12:33:34.256283+00:00,3
2026-06-18 12:48:49.507255+00:00,3
2026-06-18 13:04:01.531030+00:00,2
2026-06-18 13:09:05.501499+00:00,2
2026-06-18 13:19:12.891285+00:00,2
2026-06-18 13:24:16.971094+00:00,2
2026-06-18 13:34:24.390725+00:00,1
2026-06-18 13:39:28.677101+00:00,1
2026-06-18 13:49:36.038251+00:00,1
2026-06-18 13:54:39.995689+00:00,1
2026-06-18 14:04:48.257841+00:00,3
2026-06-18 14:19:59.613791+00:00,3
2026-06-18 14:25:03.505850+00:00,3
2026-06-18 14:35:12.424996+00:00,3
2026-06-18 14:40:17.129899+00:00,3
2026-06-18 14:50:24.539094+00:00,3
2026-06-18 14:55:28.832622+00:00,3
2026-06-18 15:05:37.209617+00:00,3
2026-06-18 15:10:41.100564+00:00,3
2026-06-18 15:20:48.626938+00:00,3
2026-06-18 15:26:11.888465+00:00,3
2026-06-18 16:03:33.713705+00:00,-1
2026-06-18 16:08:36.563877+00:00,-1
2026-06-18 16:18:43.246151+00:00,3
2026-06-18 16:23:45.924296+00:00,3
2026-06-18 16:33:52.287132+00:00,3
2026-06-18 16:38:55.213899+00:00,3
2026-06-18 16:49:02.412151+00:00,3
2026-06-18 16:54:05.072666+00:00,3
2026-06-18 17:04:13.196370+00:00,3
2026-06-18 17:09:16.044460+00:00,3
2026-06-18 17:19:23.214842+00:00,3
2026-06-18 17:34:32.194001+00:00,3
2026-06-18 17:39:35.151892+00:00,3
2026-06-18 17:49:42.152634+00:00,3
2026-06-18 17:54:45.024338+00:00,3
2026-06-18 18:04:53.259543+00:00,3
2026-06-18 18:20:03.439398+00:00,3
2026-06-18 18:35:13.991808+00:00,3
2026-06-18 18:40:16.784552+00:00,3
2026-06-18 18:50:24.032822+00:00,3
2026-06-18 19:05:34.934270+00:00,3
2026-06-18 19:26:44.096518+00:00,-1
2026-06-18 20:04:08.665804+00:00,-1
2026-06-18 20:09:11.395742+00:00,-1
2026-06-18 20:19:19.099406+00:00,3
2026-06-18 20:24:21.674108+00:00,3
2026-06-18 20:34:27.885933+00:00,3
2026-06-18 20:39:30.903276+00:00,3
2026-06-18 20:49:37.209231+00:00,3
2026-06-18 20:54:40.532163+00:00,3
2026-06-18 21:04:47.900368+00:00,3
2026-06-18 21:09:50.928097+00:00,3
2026-06-18 21:19:58.735420+00:00,3
2026-06-18 21:25:01.397201+00:00,3
2026-06-18 21:35:08.800298+00:00,3
2026-06-18 21:40:11.531417+00:00,3
2026-06-18 21:50:18.812341+00:00,3
2026-06-18 22:09:12.767166+00:00,3
2026-06-18 23:12:55.673215+00:00,-1
2026-06-19 01:06:12.090603+00:00,-1
2026-06-19 01:27:25.016966+00:00,-1
2026-06-19 01:32:30.048401+00:00,-1
2026-06-19 01:37:34.462954+00:00,3
2026-06-19 01:42:37.705478+00:00,3
2026-06-19 01:47:42.336035+00:00,3
2026-06-19 02:02:55.446515+00:00,3
2026-06-19 02:07:59.929121+00:00,3
2026-06-19 02:18:08.368135+00:00,3
2026-06-19 02:23:13.716356+00:00,3
2026-06-19 02:33:21.102652+00:00,3
2026-06-19 02:38:25.605890+00:00,3
2026-06-19 02:48:33.027166+00:00,3
2026-06-19 02:53:37.620923+00:00,3
2026-06-19 03:03:45.961448+00:00,2
2026-06-19 03:08:50.293108+00:00,2
2026-06-19 03:18:58.851798+00:00,3
2026-06-19 03:24:02.794584+00:00,3
2026-06-19 03:34:10.647484+00:00,2
2026-06-19 03:39:15.061108+00:00,2
2026-06-19 03:49:22.450502+00:00,3
2026-06-19 03:54:26.437963+00:00,3
2026-06-19 04:04:34.601885+00:00,3
2026-06-19 04:09:38.930206+00:00,3
2026-06-19 04:19:47.065885+00:00,3
2026-06-19 04:24:51.199062+00:00,3
2026-06-19 04:34:58.885008+00:00,3
2026-06-19 04:40:02.703291+00:00,3
2026-06-19 04:50:13.569388+00:00,3
2026-06-19 05:05:26.798885+00:00,3
2026-06-19 05:10:31.299459+00:00,3
2026-06-19 05:20:39.676882+00:00,3
2026-06-19 05:25:44.382026+00:00,3
2026-06-19 05:35:52.637352+00:00,3
2026-06-19 05:40:57.568680+00:00,3
2026-06-19 05:46:01.810477+00:00,3
2026-06-19 05:51:05.000398+00:00,3
2026-06-19 06:01:13.758364+00:00,2
2026-06-19 06:06:17.180637+00:00,2
2026-06-19 06:11:21.873212+00:00,2
2026-06-19 06:16:27.238731+00:00,2
2026-06-19 06:21:30.307989+00:00,2
2026-06-19 06:26:35.135253+00:00,2
2026-06-19 06:31:39.847609+00:00,3
2026-06-19 06:36:43.096905+00:00,3
2026-06-19 06:41:47.288796+00:00,3
2026-06-19 06:46:53.384468+00:00,3
2026-06-19 06:51:56.995943+00:00,3
2026-06-19 06:57:01.553693+00:00,3
2026-06-19 07:02:07.294807+00:00,2
2026-06-19 07:07:10.533378+00:00,2
2026-06-19 07:12:15.168018+00:00,2
2026-06-19 07:17:20.227589+00:00,3
2026-06-19 07:22:23.952264+00:00,3
2026-06-19 07:27:28.186159+00:00,7
2026-06-19 07:32:32.760796+00:00,7
2026-06-19 07:37:37.138807+00:00,2
2026-06-19 07:42:41.781733+00:00,2
2026-06-19 07:47:46.382003+00:00,7
2026-06-19 07:52:49.492137+00:00,7
2026-06-19 07:57:53.936573+00:00,7
2026-06-19 08:02:59.145994+00:00,3
2026-06-19 08:08:02.490541+00:00,3
2026-06-19 08:18:12.038094+00:00,3
2026-06-19 08:23:15.018800+00:00,3
2026-06-19 08:33:23.632909+00:00,3
2026-06-19 08:38:26.767355+00:00,3
2026-06-19 08:48:35.092663+00:00,3
2026-06-19 09:03:47.273168+00:00,3
2026-06-19 09:18:59.828208+00:00,3
2026-06-19 09:24:02.953839+00:00,3
2026-06-19 09:34:11.692959+00:00,3
2026-06-19 09:49:22.819121+00:00,3
2026-06-19 09:54:26.101421+00:00,3
2026-06-19 10:04:35.397044+00:00,3
2026-06-19 10:09:38.697792+00:00,3
2026-06-19 10:19:47.442657+00:00,3
2026-06-19 10:24:50.670913+00:00,3
2026-06-19 10:34:59.105676+00:00,3
2026-06-19 10:40:02.279462+00:00,3
2026-06-19 10:50:12.009950+00:00,3
2026-06-19 11:05:24.343632+00:00,2
2026-06-19 11:10:27.692986+00:00,2
2026-06-19 11:20:37.213209+00:00,1
2026-06-19 11:25:40.454198+00:00,1
2026-06-19 11:35:48.791173+00:00,2
2026-06-19 11:40:51.953424+00:00,2
2026-06-19 11:51:00.242806+00:00,2
2026-06-19 11:56:03.828579+00:00,2
2026-06-19 12:01:09.487960+00:00,7
2026-06-19 12:06:12.690807+00:00,7
2026-06-19 12:11:15.951125+00:00,7
2026-06-19 12:16:21.558559+00:00,2
2026-06-19 12:21:25.096514+00:00,2
2026-06-19 12:26:28.499076+00:00,2
2026-06-19 12:31:33.882980+00:00,2
2026-06-19 12:36:36.594728+00:00,2
2026-06-19 12:41:40.057447+00:00,2
2026-06-19 12:46:45.557180+00:00,3
2026-06-19 12:51:48.872312+00:00,7
2026-06-19 12:56:52.204490+00:00,7
2026-06-19 13:01:58.788555+00:00,7
2026-06-19 13:07:02.153368+00:00,3
2026-06-19 13:12:05.808948+00:00,3
2026-06-19 13:17:11.488065+00:00,7
2026-06-19 13:22:15.314367+00:00,7
2026-06-19 13:27:18.961944+00:00,7
2026-06-19 13:32:24.358068+00:00,7
2026-06-19 13:37:27.479893+00:00,7
2026-06-19 13:42:30.657709+00:00,7
2026-06-19 13:47:36.253863+00:00,3
2026-06-19 13:52:39.642212+00:00,3
2026-06-19 13:57:42.872180+00:00,3
2026-06-19 14:02:48.996668+00:00,3
2026-06-19 14:07:52.177252+00:00,3
2026-06-19 14:12:55.616129+00:00,3
2026-06-19 14:18:01.144205+00:00,3
2026-06-19 14:23:05.067062+00:00,3
2026-06-19 14:33:13.184075+00:00,3
2026-06-19 14:38:16.583785+00:00,3
2026-06-19 14:48:24.965436+00:00,3
2026-06-19 14:53:28.075891+00:00,3
2026-06-19 15:03:37.248393+00:00,3
2026-06-19 15:08:40.896264+00:00,3
2026-06-19 15:18:49.537484+00:00,3
2026-06-19 15:23:56.854605+00:00,3
2026-06-19 15:34:05.281392+00:00,3
2026-06-19 15:39:08.914940+00:00,3
2026-06-19 15:49:17.954211+00:00,3
2026-06-19 15:54:21.238802+00:00,3
2026-06-19 16:04:30.294405+00:00,3
2026-06-19 16:09:33.652844+00:00,3
2026-06-19 16:57:13.196421+00:00,-1
2026-06-19 17:19:07.571538+00:00,-1
2026-06-19 17:34:17.576344+00:00,-1
2026-06-19 17:39:20.573191+00:00,3
2026-06-19 17:49:27.135231+00:00,3
2026-06-19 17:54:29.954549+00:00,3
2026-06-19 18:04:37.184563+00:00,2
2026-06-19 18:09:39.752658+00:00,2
2026-06-19 18:19:46.118891+00:00,3
2026-06-19 18:24:49.131751+00:00,3
2026-06-19 18:34:56.463858+00:00,3
2026-06-19 18:39:59.200409+00:00,3
2026-06-19 18:50:06.444189+00:00,3
2026-06-19 18:55:09.234739+00:00,3
2026-06-19 19:05:17.070789+00:00,3
2026-06-19 19:10:19.717880+00:00,3
2026-06-19 19:20:26.582751+00:00,3
2026-06-19 19:25:29.727127+00:00,3
2026-06-19 19:35:37.193321+00:00,3
2026-06-19 19:40:39.778863+00:00,3
2026-06-19 19:50:46.439820+00:00,3
2026-06-19 19:55:49.033411+00:00,3
2026-06-19 20:05:55.985863+00:00,3
2026-06-19 20:10:58.403898+00:00,3
2026-06-19 20:16:01.317787+00:00,3
2026-06-19 20:21:04.585412+00:00,3
2026-06-19 20:26:07.713021+00:00,3
2026-06-19 20:31:11.650761+00:00,3
2026-06-19 20:36:15.296728+00:00,3
2026-06-19 20:41:17.817454+00:00,3
2026-06-19 20:46:22.225641+00:00,3
2026-06-19 20:51:26.078564+00:00,3
2026-06-19 20:56:28.780714+00:00,3
2026-06-19 21:01:33.145796+00:00,2
2026-06-19 21:06:37.185453+00:00,2
2026-06-19 21:11:40.186157+00:00,2
2026-06-19 21:16:44.238600+00:00,2
2026-06-19 21:21:47.860825+00:00,2
2026-06-19 21:26:50.899630+00:00,2
2026-06-19 21:31:54.623389+00:00,3
2026-06-19 21:36:58.217991+00:00,3
2026-06-19 21:42:01.058838+00:00,3
2026-06-19 21:47:04.946139+00:00,3
2026-06-19 21:52:08.452728+00:00,3
2026-06-19 21:57:10.991599+00:00,3
2026-06-19 22:02:16.838817+00:00,3
2026-06-19 22:07:19.676463+00:00,3
2026-06-19 22:12:22.290638+00:00,3
2026-06-19 22:17:26.137210+00:00,3
2026-06-19 22:22:31.154620+00:00,3
2026-06-19 22:39:43.135182+00:00,3
2026-06-19 23:40:41.753553+00:00,-1
2026-06-19 23:50:50.612867+00:00,-1
2026-06-19 23:55:53.862953+00:00,3
2026-06-20 00:06:02.894711+00:00,3
2026-06-20 00:11:06.213268+00:00,3
2026-06-20 00:16:11.222264+00:00,3
2026-06-20 00:31:22.654685+00:00,3
2026-06-20 00:36:26.558468+00:00,3
2026-06-20 00:46:35.468374+00:00,3
2026-06-20 00:51:38.786754+00:00,3
2026-06-20 00:56:42.044197+00:00,3
2026-06-20 01:01:48.816619+00:00,3
2026-06-20 01:06:52.249926+00:00,3
2026-06-20 01:11:56.037931+00:00,3
2026-06-20 01:17:01.773545+00:00,3
2026-06-20 01:22:04.811449+00:00,3
2026-06-20 01:31:00.361801+00:00,3
2026-06-20 01:32:13.040298+00:00,3
2026-06-20 01:47:25.754329+00:00,3
2026-06-20 02:02:38.350422+00:00,3
2026-06-20 02:07:41.694559+00:00,3
2026-06-20 02:12:45.010859+00:00,3
2026-06-20 02:17:50.292215+00:00,3
2026-06-20 02:22:53.481363+00:00,3
2026-06-20 02:27:57.086349+00:00,3
2026-06-20 02:33:02.865731+00:00,3
2026-06-20 02:48:15.516458+00:00,3
2026-06-20 02:53:19.008444+00:00,3
2026-06-20 03:03:28.864482+00:00,3
2026-06-20 03:08:32.202003+00:00,3
2026-06-20 03:18:40.516996+00:00,3
2026-06-20 03:23:44.058520+00:00,3
2026-06-20 03:33:53.967451+00:00,3
2026-06-20 03:49:06.837555+00:00,3
2026-06-20 03:54:10.145794+00:00,3
2026-06-20 04:04:19.428914+00:00,3
2026-06-20 04:09:22.537163+00:00,3
2026-06-20 04:19:30.698893+00:00,3
2026-06-20 04:24:34.164180+00:00,3
2026-06-20 04:34:42.498212+00:00,2
2026-06-20 04:39:46.345723+00:00,2
2026-06-20 04:49:54.757960+00:00,2
2026-06-20 04:54:58.008397+00:00,2
2026-06-20 05:05:07.493291+00:00,3
2026-06-20 05:10:10.954929+00:00,3
2026-06-20 05:20:19.776862+00:00,3
2026-06-20 05:25:23.094188+00:00,3
2026-06-20 05:35:32.103633+00:00,3
2026-06-20 05:40:36.246427+00:00,3
2026-06-20 05:50:45.252166+00:00,3
2026-06-20 05:55:48.350410+00:00,3
2026-06-20 06:05:58.255752+00:00,3
2026-06-20 06:16:07.153165+00:00,3
2026-06-20 06:21:10.914367+00:00,3
2026-06-20 06:31:18.402538+00:00,3
2026-06-20 06:46:30.132217+00:00,3
2026-06-20 06:51:35.000367+00:00,3
2026-06-20 06:56:38.400801+00:00,3
2026-06-20 07:01:43.645265+00:00,3
2026-06-20 07:06:48.313682+00:00,3
2026-06-20 07:11:51.452756+00:00,3
2026-06-20 07:16:55.936879+00:00,3
2026-06-20 07:32:07.833219+00:00,3
2026-06-20 07:47:20.249120+00:00,3
2026-06-20 07:52:24.773624+00:00,3
2026-06-20 07:57:28.030849+00:00,3
2026-06-20 08:02:33.643449+00:00,3
2026-06-20 08:07:38.001586+00:00,3
2026-06-20 08:12:41.515291+00:00,3
2026-06-20 08:17:45.942930+00:00,3
2026-06-20 08:32:57.113224+00:00,3
2026-06-20 08:38:02.257582+00:00,3
2026-06-20 08:48:09.888398+00:00,3
2026-06-20 08:53:14.102613+00:00,3
2026-06-20 09:03:22.255250+00:00,3
2026-06-20 09:08:26.249582+00:00,3
2026-06-20 09:18:33.837704+00:00,3
2026-06-20 09:33:46.632844+00:00,3
2026-06-20 09:38:50.901177+00:00,3
2026-06-20 09:48:58.834165+00:00,3
2026-06-20 09:54:03.039467+00:00,3
2026-06-20 10:04:11.089652+00:00,2
2026-06-20 10:19:21.599713+00:00,3
2026-06-20 10:34:32.577587+00:00,3
2026-06-20 10:39:36.862507+00:00,3
2026-06-20 10:49:44.751759+00:00,3
2026-06-20 10:54:49.113452+00:00,3
2026-06-20 11:04:57.366722+00:00,3
2026-06-20 11:10:01.298878+00:00,3
2026-06-20 11:20:09.837391+00:00,3
2026-06-20 11:25:13.914141+00:00,3
2026-06-20 11:35:21.023871+00:00,3
2026-06-20 11:40:25.041148+00:00,3
2026-06-20 11:50:32.693926+00:00,3
2026-06-20 11:55:36.719815+00:00,3
2026-06-20 12:05:44.365747+00:00,3
2026-06-20 12:10:48.497491+00:00,3
2026-06-20 12:20:55.595593+00:00,2
2026-06-20 12:25:59.858270+00:00,2
2026-06-20 12:31:04.054812+00:00,3
2026-06-20 12:36:07.216029+00:00,3
2026-06-20 12:41:11.502019+00:00,1
2026-06-20 12:46:17.419104+00:00,1
2026-06-20 12:51:20.631469+00:00,1
2026-06-20 12:56:24.917409+00:00,1
2026-06-20 13:01:31.585549+00:00,3
2026-06-20 13:06:34.913389+00:00,3
2026-06-20 13:11:39.523191+00:00,3
2026-06-20 13:16:45.084071+00:00,3
2026-06-20 13:21:47.964949+00:00,3
2026-06-20 13:26:52.170392+00:00,3
2026-06-20 13:31:57.024055+00:00,3
2026-06-20 13:36:59.990002+00:00,3
2026-06-20 13:42:04.716106+00:00,3
2026-06-20 13:52:13.494041+00:00,3
2026-06-20 13:57:17.978512+00:00,3
2026-06-20 14:02:22.774863+00:00,3
2026-06-20 14:07:25.993977+00:00,3
2026-06-20 14:12:30.228006+00:00,3
2026-06-20 14:17:34.821079+00:00,3
2026-06-20 14:22:38.089666+00:00,3
2026-06-20 14:27:42.676169+00:00,3
2026-06-20 14:32:47.466069+00:00,3
2026-06-20 14:37:50.520851+00:00,3
2026-06-20 14:42:55.075305+00:00,3
2026-06-20 14:48:00.419470+00:00,3
2026-06-20 14:53:03.722747+00:00,3
2026-06-20 15:03:13.979770+00:00,3
2026-06-20 15:08:17.282519+00:00,3
2026-06-20 15:18:25.913429+00:00,3
2026-06-20 15:53:24.226475+00:00,-1
2026-06-20 16:03:33.152225+00:00,-1
2026-06-20 16:08:35.989769+00:00,3
2026-06-20 16:18:44.033442+00:00,3
2026-06-20 16:31:40.827911+00:00,3
2026-06-20 16:33:52.799441+00:00,3
2026-06-20 16:36:43.495018+00:00,3
2026-06-20 16:38:55.304277+00:00,3
2026-06-20 16:41:47.045386+00:00,3
2026-06-20 20:50:47.986553+00:00,-1
2026-06-20 20:51:05.791301+00:00,-1
2026-06-20 20:55:52.300461+00:00,1
2026-06-20 20:56:09.373388+00:00,1
2026-06-20 21:01:13.612626+00:00,3
2026-06-20 21:06:03.504223+00:00,3
2026-06-20 21:06:16.844754+00:00,3
2026-06-20 21:11:06.793066+00:00,3
2026-06-20 21:11:20.317555+00:00,3
2026-06-20 21:16:13.753981+00:00,3
2026-06-20 21:16:23.735028+00:00,3
2026-06-20 21:21:17.053966+00:00,3
2026-06-20 21:21:27.092163+00:00,3
2026-06-20 21:26:20.446927+00:00,3
2026-06-20 21:26:30.788528+00:00,3
2026-06-20 21:31:27.729148+00:00,3
2026-06-20 21:31:34.189188+00:00,3
2026-06-20 21:36:30.785838+00:00,3
2026-06-20 21:36:37.566578+00:00,3
2026-06-20 21:41:34.698838+00:00,3
2026-06-20 21:41:40.952124+00:00,3
2026-06-21 03:40:39.832085+00:00,-1
2026-06-21 03:40:44.558347+00:00,-1
2026-06-21 03:50:47.722619+00:00,3
2026-06-21 03:50:51.848429+00:00,3
2026-06-21 03:55:50.625681+00:00,3
2026-06-21 03:55:56.033886+00:00,3
2026-06-21 04:01:01.863172+00:00,3
2026-06-21 04:06:00.640900+00:00,3
2026-06-21 04:06:05.204436+00:00,3
2026-06-21 04:11:03.618497+00:00,3
2026-06-21 04:11:08.340669+00:00,3
2026-06-21 04:16:08.623804+00:00,3
2026-06-21 04:16:13.357664+00:00,3
2026-06-21 04:31:19.241792+00:00,3
2026-06-21 04:31:25.733064+00:00,3
2026-06-21 04:36:22.698691+00:00,3
2026-06-21 04:36:29.342948+00:00,3
2026-06-21 04:41:25.565280+00:00,3
2026-06-21 04:41:33.097181+00:00,3
2026-06-21 04:46:31.392971+00:00,3
2026-06-21 04:46:38.583869+00:00,3
2026-06-21 04:51:34.797023+00:00,3
2026-06-21 04:51:42.184928+00:00,3
2026-06-21 04:56:38.086525+00:00,3
2026-06-21 04:56:46.427482+00:00,3
2026-06-21 05:01:44.196599+00:00,3
2026-06-21 05:01:52.505373+00:00,3
2026-06-21 05:16:55.606439+00:00,3
2026-06-21 05:17:04.959892+00:00,3
2026-06-21 05:21:58.905518+00:00,3
2026-06-21 05:22:07.999342+00:00,3
2026-06-21 05:27:01.927769+00:00,3
2026-06-21 05:27:11.055273+00:00,3
2026-06-21 05:32:07.855238+00:00,3
2026-06-21 05:32:16.544313+00:00,3
2026-06-21 05:37:11.194321+00:00,3
2026-06-21 05:37:19.699067+00:00,3
2026-06-21 05:47:19.096670+00:00,3
2026-06-21 05:47:28.592532+00:00,3
2026-06-21 05:52:22.302614+00:00,3
2026-06-21 05:52:31.740052+00:00,3
2026-06-21 05:57:25.765344+00:00,3
2026-06-21 05:57:35.672705+00:00,3
2026-06-21 06:02:32.241033+00:00,3
2026-06-21 06:02:41.037944+00:00,3
2026-06-21 06:07:36.291585+00:00,3
2026-06-21 06:07:44.155509+00:00,3
2026-06-21 06:12:39.088617+00:00,3
2026-06-21 06:12:47.512714+00:00,3
2026-06-21 06:17:45.058552+00:00,3
2026-06-21 06:17:52.475398+00:00,3
2026-06-21 06:22:48.551372+00:00,3
2026-06-21 06:22:55.469025+00:00,3
2026-06-21 06:27:51.580812+00:00,3
2026-06-21 06:27:58.814378+00:00,3
2026-06-21 06:32:57.310173+00:00,3
2026-06-21 06:33:04.244132+00:00,3
2026-06-21 06:38:00.512161+00:00,3
2026-06-21 06:38:07.303000+00:00,3
2026-06-21 06:48:08.507306+00:00,3
2026-06-21 06:48:15.760288+00:00,3
2026-06-21 06:53:11.687383+00:00,3
2026-06-21 06:53:18.972378+00:00,3
2026-06-21 07:03:20.497568+00:00,1
2026-06-21 07:03:29.141095+00:00,1
2026-06-21 07:08:24.586748+00:00,1
2026-06-21 07:08:32.256012+00:00,1
2026-06-21 07:18:32.667410+00:00,1
2026-06-21 07:18:41.038682+00:00,1
2026-06-21 07:23:36.399983+00:00,1
2026-06-21 07:23:44.411314+00:00,1
2026-06-21 07:33:45.027194+00:00,7
2026-06-21 07:33:52.207119+00:00,7
2026-06-21 07:38:48.782118+00:00,7
2026-06-21 07:38:55.349715+00:00,7
2026-06-21 07:48:56.962526+00:00,2
2026-06-21 07:49:02.934040+00:00,2
2026-06-21 07:54:00.714892+00:00,2
2026-06-21 07:54:05.942781+00:00,2
2026-06-21 08:04:09.092902+00:00,3
2026-06-21 08:04:14.830041+00:00,3
2026-06-21 08:19:20.852185+00:00,3
2026-06-21 08:19:27.799732+00:00,3
2026-06-21 08:24:24.081092+00:00,3
2026-06-21 08:24:31.390489+00:00,3
2026-06-21 08:34:31.993253+00:00,3
2026-06-21 08:34:40.072563+00:00,3
2026-06-21 08:39:35.188278+00:00,3
2026-06-21 08:39:43.509080+00:00,3
2026-06-21 08:49:42.928738+00:00,3
2026-06-21 08:49:51.749993+00:00,3
2026-06-21 08:54:46.029337+00:00,3
2026-06-21 08:54:55.237060+00:00,3
2026-06-21 09:04:54.338341+00:00,3
2026-06-21 09:05:04.829685+00:00,3
2026-06-21 09:09:58.151339+00:00,3
2026-06-21 09:20:04.643815+00:00,3
2026-06-21 09:20:17.999783+00:00,3
2026-06-21 09:25:07.785927+00:00,3
2026-06-21 09:25:21.194351+00:00,3
2026-06-21 09:35:17.473598+00:00,3
2026-06-21 09:35:29.075537+00:00,3
2026-06-21 09:40:20.816371+00:00,3
2026-06-21 09:40:32.197013+00:00,3
2026-06-21 09:50:28.543551+00:00,3
2026-06-21 09:50:39.716676+00:00,3
2026-06-21 09:55:31.779299+00:00,3
2026-06-21 10:05:41.539758+00:00,1
2026-06-21 10:05:52.342463+00:00,1
2026-06-21 10:10:46.124225+00:00,1
2026-06-21 10:10:55.505975+00:00,1
2026-06-21 10:20:55.665137+00:00,7
2026-06-21 10:21:04.290089+00:00,7
2026-06-21 10:25:59.983636+00:00,2
2026-06-21 10:26:07.638628+00:00,2
2026-06-21 10:31:05.276324+00:00,2
2026-06-21 10:31:10.768903+00:00,2
2026-06-21 10:36:08.975218+00:00,2
2026-06-21 10:36:15.966824+00:00,2
2026-06-21 10:41:12.944557+00:00,2
2026-06-21 10:41:19.743044+00:00,2
2026-06-21 10:46:19.654606+00:00,7
2026-06-21 10:46:24.177498+00:00,7
2026-06-21 10:51:23.280928+00:00,2
2026-06-21 10:51:30.621337+00:00,2
2026-06-21 10:56:26.910559+00:00,2
2026-06-21 10:56:34.251348+00:00,2
2026-06-21 11:01:34.591921+00:00,3
2026-06-21 11:01:39.653258+00:00,3
2026-06-21 11:06:38.456761+00:00,3
2026-06-21 11:06:46.560718+00:00,3
2026-06-21 11:11:42.998359+00:00,3
2026-06-21 11:11:50.691865+00:00,3
2026-06-21 11:16:49.797779+00:00,2
2026-06-21 11:16:54.516838+00:00,2
2026-06-21 11:21:53.696746+00:00,2
2026-06-21 11:22:01.555150+00:00,2
2026-06-21 11:26:57.452022+00:00,2
2026-06-21 11:27:05.155515+00:00,2
2026-06-21 11:32:03.335117+00:00,7
2026-06-21 11:32:09.109308+00:00,7
2026-06-21 11:37:06.310239+00:00,3
2026-06-21 11:37:14.869946+00:00,3
2026-06-21 11:42:09.633455+00:00,3
2026-06-21 11:42:18.723993+00:00,3
2026-06-21 11:47:15.038835+00:00,7
2026-06-21 11:47:22.261922+00:00,7
2026-06-21 11:52:18.212636+00:00,3
2026-06-21 11:52:28.338848+00:00,3
2026-06-21 11:57:21.711561+00:00,3
2026-06-21 11:57:31.819508+00:00,3
2026-06-21 12:02:27.671958+00:00,3
2026-06-21 12:02:36.619876+00:00,3
2026-06-21 12:07:30.946014+00:00,3
2026-06-21 12:07:41.568958+00:00,3
2026-06-21 12:12:34.675377+00:00,3
2026-06-21 12:12:44.735498+00:00,3
2026-06-21 12:17:40.496257+00:00,3
2026-06-21 12:22:43.808081+00:00,3
2026-06-21 12:22:53.022699+00:00,3
2026-06-21 12:27:47.106431+00:00,3
2026-06-21 12:27:56.031220+00:00,3
2026-06-21 12:32:52.630629+00:00,3
2026-06-21 12:32:59.163641+00:00,3
2026-06-21 12:37:56.296100+00:00,3
2026-06-21 12:38:04.314821+00:00,3
2026-06-21 12:42:59.894574+00:00,3
2026-06-21 12:53:08.488300+00:00,3
2026-06-21 12:53:16.894674+00:00,3
2026-06-21 13:03:16.637182+00:00,2
2026-06-21 13:03:25.593893+00:00,2
2026-06-21 13:08:20.295154+00:00,2
2026-06-21 13:08:30.337902+00:00,2
2026-06-21 13:18:29.190561+00:00,1
2026-06-21 13:18:36.853872+00:00,1
2026-06-21 13:23:32.142872+00:00,1
2026-06-21 13:23:41.911947+00:00,1
2026-06-21 13:33:40.666487+00:00,2
2026-06-21 13:33:48.560115+00:00,2
2026-06-21 13:38:43.897341+00:00,2
2026-06-21 13:38:53.148761+00:00,2
2026-06-21 13:48:53.019018+00:00,7
2026-06-21 13:48:59.782349+00:00,7
2026-06-21 13:53:56.073600+00:00,1
2026-06-21 13:54:04.895346+00:00,1
2026-06-21 14:04:05.507656+00:00,3
2026-06-21 14:04:12.945533+00:00,3
2026-06-21 14:09:09.024990+00:00,3
2026-06-21 14:09:17.673606+00:00,3
2026-06-21 14:19:19.396600+00:00,3
2026-06-21 14:19:24.415869+00:00,3
2026-06-21 14:24:22.875183+00:00,3
2026-06-21 14:24:28.911623+00:00,3
2026-06-21 14:34:33.143773+00:00,3
2026-06-21 14:34:36.663915+00:00,3
2026-06-21 14:39:36.962201+00:00,3
2026-06-21 14:39:42.091906+00:00,3
2026-06-21 14:49:47.356937+00:00,3
2026-06-21 14:49:49.784176+00:00,3
2026-06-21 14:54:50.732202+00:00,3
2026-06-21 14:54:55.456295+00:00,3
2026-06-21 15:05:01.183407+00:00,2
2026-06-21 15:05:04.356452+00:00,2
2026-06-21 15:10:05.041491+00:00,2
2026-06-21 15:10:09.359482+00:00,2
2026-06-21 15:20:19.304627+00:00,2
2026-06-21 15:20:20.976897+00:00,2
2026-06-21 15:25:22.793139+00:00,2
2026-06-21 15:25:25.748857+00:00,2
2026-06-21 15:35:33.547067+00:00,1
2026-06-21 15:35:34.102874+00:00,1
2026-06-21 15:40:37.690738+00:00,1
2026-06-21 15:40:38.214756+00:00,1
2026-06-21 15:50:46.542175+00:00,2
2026-06-21 15:50:49.156656+00:00,2
2026-06-21 15:55:49.648970+00:00,2
2026-06-21 15:55:52.505372+00:00,2
2026-06-21 16:05:58.594930+00:00,3
2026-06-21 16:06:00.824739+00:00,3
2026-06-21 16:11:02.072437+00:00,3
2026-06-21 16:11:03.986998+00:00,3
2026-06-21 16:16:07.392383+00:00,7
2026-06-21 16:16:11.059193+00:00,7
2026-06-21 16:21:10.939930+00:00,7
2026-06-21 16:21:14.313776+00:00,7
2026-06-21 16:26:14.428604+00:00,7
2026-06-21 16:26:17.697930+00:00,7
2026-06-21 16:31:20.471542+00:00,7
2026-06-21 16:31:22.358224+00:00,7
2026-06-21 16:36:23.854908+00:00,7
2026-06-21 16:36:25.579753+00:00,7
2026-06-21 16:41:27.694523+00:00,7
2026-06-21 16:41:28.610287+00:00,7
2026-06-21 16:46:33.835920+00:00,7
2026-06-21 16:46:36.161146+00:00,7
2026-06-21 16:51:37.675763+00:00,7
2026-06-21 16:51:39.410706+00:00,7
2026-06-21 16:56:41.628880+00:00,7
2026-06-21 16:56:42.632141+00:00,7
2026-06-21 17:01:48.608172+00:00,3
2026-06-21 17:01:50.602762+00:00,3
2026-06-21 17:06:52.429156+00:00,3
2026-06-21 17:06:53.568967+00:00,3
2026-06-21 17:11:55.556362+00:00,3
2026-06-21 17:11:56.752727+00:00,3
2026-06-21 17:17:01.383585+00:00,3
2026-06-21 17:17:04.909467+00:00,3
2026-06-21 17:22:04.518073+00:00,3
2026-06-21 17:22:07.865537+00:00,3
2026-06-21 17:27:08.070025+00:00,3
2026-06-21 17:27:11.056568+00:00,3
2026-06-21 17:32:13.598180+00:00,3
2026-06-21 17:32:15.607754+00:00,3
2026-06-21 17:37:16.808356+00:00,3
2026-06-21 17:37:18.622931+00:00,3
2026-06-21 17:42:20.417976+00:00,3
2026-06-21 17:42:21.837490+00:00,3
2026-06-21 17:47:26.003769+00:00,3
2026-06-21 17:47:29.321319+00:00,3
2026-06-21 17:52:29.532902+00:00,3
2026-06-21 17:52:32.622735+00:00,3
2026-06-21 17:57:33.215789+00:00,3
2026-06-21 17:57:35.903773+00:00,3
2026-06-21 18:02:40.461899+00:00,2
2026-06-21 18:02:43.758971+00:00,2
2026-06-21 18:07:44.453262+00:00,2
2026-06-21 18:07:46.901529+00:00,2
2026-06-21 18:12:47.984529+00:00,2
2026-06-21 18:12:49.854119+00:00,2
2026-06-21 18:17:55.543976+00:00,1
2026-06-21 18:17:59.590922+00:00,1
2026-06-21 18:22:58.696298+00:00,1
2026-06-21 18:23:02.596932+00:00,1
2026-06-21 18:33:07.939648+00:00,2
2026-06-21 18:33:10.243053+00:00,2
2026-06-21 18:38:11.244172+00:00,2
2026-06-21 18:38:13.223482+00:00,2
2026-06-21 18:48:20.744479+00:00,2
2026-06-21 18:48:22.634453+00:00,2
2026-06-21 18:53:24.462689+00:00,2
2026-06-21 18:53:25.776371+00:00,2
2026-06-21 19:03:33.780258+00:00,1
2026-06-21 19:03:34.590164+00:00,1
2026-06-21 19:08:37.613425+00:00,1
2026-06-21 19:08:37.721654+00:00,1
2026-06-21 19:18:45.635872+00:00,1
2026-06-21 19:18:47.357964+00:00,1
2026-06-21 19:23:49.053907+00:00,1
2026-06-21 19:23:50.590933+00:00,1
2026-06-21 19:33:59.045085+00:00,2
2026-06-21 19:34:00.000188+00:00,2
2026-06-21 19:39:02.213614+00:00,2
2026-06-21 19:39:03.041612+00:00,2
2026-06-21 19:49:10.483445+00:00,2
2026-06-21 19:49:11.778639+00:00,2
2026-06-21 19:54:13.589686+00:00,2
2026-06-21 19:54:14.596475+00:00,2
2026-06-21 20:04:23.903470+00:00,7
2026-06-21 20:04:26.259763+00:00,7
2026-06-21 20:09:28.084128+00:00,2
2026-06-21 20:09:29.485315+00:00,2
2026-06-21 20:19:36.919202+00:00,1
2026-06-21 20:19:39.544280+00:00,1
2026-06-21 20:24:40.372504+00:00,1
2026-06-21 20:24:42.787082+00:00,1
2026-06-21 20:34:48.839125+00:00,1
2026-06-21 20:34:50.112831+00:00,1
2026-06-21 20:39:52.123641+00:00,1
2026-06-21 20:39:53.314765+00:00,1
2026-06-21 20:50:00.827434+00:00,1
2026-06-21 20:50:02.674524+00:00,1
2026-06-21 20:55:04.027391+00:00,1
2026-06-21 20:55:05.754909+00:00,1
2026-06-21 21:05:16.502589+00:00,3
2026-06-21 21:05:16.804801+00:00,3
2026-06-21 21:10:19.526723+00:00,3
2026-06-21 21:10:20.471137+00:00,3
2026-06-21 21:20:28.122568+00:00,3
2026-06-21 21:20:29.531130+00:00,3
2026-06-21 21:25:31.055557+00:00,3
2026-06-21 21:25:32.364928+00:00,3
2026-06-21 21:35:39.390276+00:00,3
2026-06-21 21:35:40.835102+00:00,3
2026-06-21 21:50:50.070644+00:00,3
2026-06-21 21:50:52.444085+00:00,3
2026-06-21 21:55:52.959237+00:00,3
2026-06-21 21:55:55.597966+00:00,3
2026-06-21 22:01:01.055737+00:00,3
2026-06-21 22:06:02.217484+00:00,3
2026-06-21 22:06:04.716056+00:00,3
2026-06-21 22:11:05.696913+00:00,3
2026-06-21 22:11:09.200864+00:00,3
2026-06-21 22:16:11.079892+00:00,3
2026-06-21 22:16:14.156994+00:00,3
2026-06-21 22:21:15.068949+00:00,3
2026-06-21 22:21:17.540030+00:00,3
2026-06-21 22:26:18.721479+00:00,3
2026-06-21 22:26:20.972753+00:00,3
2026-06-21 22:31:25.951452+00:00,3
2026-06-21 22:31:29.257852+00:00,3
2026-06-21 22:36:29.384960+00:00,3
2026-06-21 22:36:32.702270+00:00,3
2026-06-21 22:41:32.585692+00:00,3
2026-06-21 22:41:36.468133+00:00,3
2026-06-21 22:46:38.361223+00:00,3
2026-06-21 22:46:41.913332+00:00,3
2026-06-21 23:01:50.752032+00:00,2
2026-06-21 23:01:55.621878+00:00,2
2026-06-21 23:06:54.215058+00:00,2
2026-06-21 23:06:58.669243+00:00,2
2026-06-21 23:11:57.377162+00:00,2
2026-06-21 23:12:03.079349+00:00,2
2026-06-21 23:17:03.250447+00:00,2
2026-06-21 23:17:08.526091+00:00,2
2026-06-21 23:22:07.581640+00:00,2
2026-06-21 23:22:12.342441+00:00,2
2026-06-21 23:27:11.000101+00:00,2
2026-06-21 23:27:16.451458+00:00,2
2026-06-21 23:32:16.842133+00:00,2
2026-06-21 23:32:22.387779+00:00,2
2026-06-21 23:37:19.939885+00:00,2
2026-06-21 23:37:26.008545+00:00,2
2026-06-21 23:42:23.002271+00:00,2
2026-06-21 23:42:29.766228+00:00,2
2026-06-21 23:47:28.589240+00:00,3
2026-06-21 23:47:35.302069+00:00,3
2026-06-21 23:52:31.739244+00:00,3
2026-06-21 23:52:38.806337+00:00,3
2026-06-21 23:57:34.830994+00:00,3
2026-06-21 23:57:42.525600+00:00,3
2026-06-22 00:02:41.392315+00:00,3
2026-06-22 00:02:49.074203+00:00,3
2026-06-22 00:17:52.197682+00:00,3
2026-06-22 00:18:03.457644+00:00,3
2026-06-22 00:33:03.050108+00:00,3
2026-06-22 00:33:17.192044+00:00,3
2026-06-22 00:48:30.743159+00:00,3
2026-06-22 01:03:44.892260+00:00,1
2026-06-22 01:07:06.249354+00:00,1
2026-06-22 01:12:10.316664+00:00,1
2026-06-22 01:17:17.660124+00:00,1
2026-06-22 01:22:21.126547+00:00,1
2026-06-22 01:27:25.768243+00:00,1
2026-06-22 01:32:31.658725+00:00,2
2026-06-22 01:37:35.080831+00:00,2
2026-06-22 01:42:38.969561+00:00,2
2026-06-22 01:47:44.753704+00:00,1
2026-06-22 01:48:32.310759+00:00,1
2026-06-22 01:53:36.189944+00:00,1
2026-06-22 02:03:45.361909+00:00,3
2026-06-22 02:08:48.655791+00:00,3
2026-06-22 02:18:56.853672+00:00,3
2026-06-22 02:24:01.175885+00:00,3
2026-06-22 02:34:09.761381+00:00,3
2026-06-22 02:39:13.193733+00:00,3
2026-06-22 02:49:22.873909+00:00,3
2026-06-22 02:54:25.980513+00:00,3
2026-06-22 03:04:36.425375+00:00,3
2026-06-22 03:09:39.796460+00:00,3
2026-06-22 03:19:48.187941+00:00,3
2026-06-22 03:24:51.390451+00:00,3
2026-06-22 03:34:59.862709+00:00,3
2026-06-22 03:40:03.030392+00:00,3
2026-06-22 03:50:13.142736+00:00,3
2026-06-22 03:55:16.165355+00:00,3
2026-06-22 04:05:25.542648+00:00,3
2026-06-22 04:10:29.126492+00:00,3
2026-06-22 04:20:39.724349+00:00,3
2026-06-22 04:25:57.807924+00:00,3
2026-06-22 04:31:03.014245+00:00,3
2026-06-22 04:36:06.519489+00:00,3
2026-06-22 04:41:09.566837+00:00,3
2026-06-22 04:46:15.625862+00:00,3
2026-06-22 05:01:28.486462+00:00,2
2026-06-22 05:06:32.239125+00:00,2
2026-06-22 05:11:35.823699+00:00,2
2026-06-22 05:16:41.938865+00:00,2
2026-06-22 05:21:45.845700+00:00,2
2026-06-22 05:26:49.119868+00:00,2
2026-06-22 05:31:55.038216+00:00,1
2026-06-22 05:36:58.459945+00:00,1
2026-06-22 05:42:03.259363+00:00,1
2026-06-22 05:47:08.963702+00:00,7
2026-06-22 05:52:13.333276+00:00,2
2026-06-22 05:57:16.537475+00:00,2
2026-06-22 06:02:23.562887+00:00,3
2026-06-22 06:07:27.140964+00:00,3
2026-06-22 06:12:30.644449+00:00,7
2026-06-22 06:17:36.896053+00:00,7
2026-06-22 06:22:41.671135+00:00,3
2026-06-22 06:27:45.424092+00:00,3
2026-06-22 06:32:51.587262+00:00,7
2026-06-22 06:37:55.213586+00:00,7
2026-06-22 06:42:58.404922+00:00,3
2026-06-22 06:48:04.525701+00:00,7
2026-06-22 06:53:08.765906+00:00,3
2026-06-22 07:03:18.074603+00:00,3
2026-06-22 07:08:22.100960+00:00,3
2026-06-22 07:18:30.694162+00:00,3
2026-06-22 15:37:23.187785+00:00,-1
2026-06-22 15:42:26.491623+00:00,-1
2026-06-22 15:47:32.024280+00:00,3
2026-06-22 15:52:35.092194+00:00,3
2026-06-22 15:57:38.076658+00:00,3
2026-06-22 16:02:45.265948+00:00,3
2026-06-22 16:07:48.128407+00:00,3
2026-06-22 16:12:51.474611+00:00,3
2026-06-22 16:17:57.336971+00:00,3
2026-06-22 16:23:00.465718+00:00,3
2026-06-22 16:33:09.500586+00:00,3
2026-06-22 16:38:13.410740+00:00,3
2026-06-22 16:48:21.608446+00:00,3
2026-06-22 17:03:33.245374+00:00,3
2026-06-22 17:08:36.520175+00:00,3
2026-06-22 17:18:45.811765+00:00,3
2026-06-22 17:23:49.305372+00:00,3
2026-06-22 17:33:58.029141+00:00,3
2026-06-22 17:39:01.617293+00:00,3
2026-06-22 17:49:09.598466+00:00,3
2026-06-22 17:54:12.944625+00:00,3
2026-06-22 18:04:21.936593+00:00,3
2026-06-22 18:09:25.288897+00:00,3
2026-06-22 18:19:33.127108+00:00,3
2026-06-22 18:24:36.247789+00:00,3
2026-06-22 18:34:44.099700+00:00,3
2026-06-22 18:39:47.912437+00:00,3
2026-06-22 18:49:58.172029+00:00,3
2026-06-22 18:55:01.501464+00:00,3
2026-06-22 19:05:12.273252+00:00,3
2026-06-22 19:10:15.562908+00:00,3
2026-06-22 19:20:24.005396+00:00,3
2026-06-22 19:35:34.964947+00:00,3
2026-06-22 19:40:38.710972+00:00,3
2026-06-22 19:55:50.220090+00:00,3
2026-06-22 20:05:58.889451+00:00,2
2026-06-22 20:11:01.938659+00:00,2
2026-06-22 20:16:05.862886+00:00,2
2026-06-22 20:21:10.233433+00:00,2
2026-06-22 20:26:13.625528+00:00,2
2026-06-22 20:31:18.410854+00:00,1
2026-06-22 20:36:22.870616+00:00,1
2026-06-22 20:41:26.726791+00:00,1
2026-06-22 20:46:31.356007+00:00,2
2026-06-22 20:51:35.893575+00:00,2
2026-06-22 20:56:39.362336+00:00,2
2026-06-22 21:01:44.679018+00:00,3
2026-06-22 21:06:49.486643+00:00,3
2026-06-22 21:11:52.935200+00:00,3
2026-06-22 21:16:57.768850+00:00,3
2026-06-22 21:22:02.132657+00:00,3
2026-06-22 21:27:05.713393+00:00,3
2026-06-22 21:51:39.928536+00:00,-1
2026-06-22 21:56:45.655800+00:00,-1
2026-06-22 22:01:51.194844+00:00,3
2026-06-22 22:06:54.762555+00:00,3
2026-06-22 22:11:58.699994+00:00,3
2026-06-22 22:17:03.274608+00:00,3
2026-06-22 22:22:06.400625+00:00,3
2026-06-22 22:27:10.729184+00:00,3
2026-06-22 22:32:15.977868+00:00,3
2026-06-22 22:37:19.089572+00:00,3
2026-06-22 22:42:23.906452+00:00,3
2026-06-22 22:47:28.703782+00:00,3
2026-06-22 22:52:32.159697+00:00,3
2026-06-22 22:57:36.723589+00:00,3
2026-06-22 23:07:46.825037+00:00,3
2026-06-22 23:12:51.903750+00:00,3
2026-06-22 23:17:56.082824+00:00,3
2026-06-22 23:22:59.189861+00:00,3
2026-06-22 23:33:08.419305+00:00,3
2026-06-22 23:38:11.719866+00:00,3
2026-06-22 23:53:23.506146+00:00,3
2026-06-23 00:03:33.200259+00:00,3
2026-06-23 00:08:36.835717+00:00,3
2026-06-23 00:18:45.629750+00:00,3
2026-06-23 00:23:48.980705+00:00,3
2026-06-23 00:33:57.270043+00:00,3
2026-06-23 00:39:02.524886+00:00,3
2026-06-23 00:49:12.264045+00:00,3
2026-06-23 00:54:15.939767+00:00,3
2026-06-23 01:04:26.130891+00:00,2
2026-06-23 01:09:29.691871+00:00,2
2026-06-23 01:19:37.907468+00:00,2
2026-06-23 01:24:41.246770+00:00,2
2026-06-23 01:34:49.941086+00:00,3
2026-06-23 01:39:53.246391+00:00,3
2026-06-23 01:50:01.928944+00:00,3
2026-06-23 01:55:05.152746+00:00,3
2026-06-23 02:05:16.463852+00:00,7
2026-06-23 02:10:19.338715+00:00,7
2026-06-23 02:20:27.461553+00:00,7
2026-06-23 02:25:30.484584+00:00,7
2026-06-23 02:35:38.846800+00:00,3
2026-06-23 02:40:42.060619+00:00,3
2026-06-23 02:50:50.318209+00:00,7
2026-06-23 02:55:53.911419+00:00,7
2026-06-23 03:06:03.516113+00:00,3
2026-06-23 03:11:06.672437+00:00,3
2026-06-23 03:16:13.107380+00:00,7
2026-06-23 03:21:17.175429+00:00,7
2026-06-23 03:26:20.695627+00:00,7
2026-06-23 04:01:54.438874+00:00,-1
2026-06-23 04:06:58.154310+00:00,-1
2026-06-23 04:12:02.337283+00:00,3
2026-06-23 04:17:09.505388+00:00,3
2026-06-23 04:22:12.964438+00:00,3
2026-06-23 04:27:16.163807+00:00,3
2026-06-23 04:32:21.980772+00:00,3
2026-06-23 04:37:25.442384+00:00,3
2026-06-23 04:42:28.758198+00:00,3
2026-06-23 04:47:34.875264+00:00,3
2026-06-23 05:02:48.380624+00:00,3
2026-06-23 05:07:52.387317+00:00,3
2026-06-23 05:12:55.701213+00:00,3
2026-06-23 05:18:01.660383+00:00,3
2026-06-23 05:23:05.743086+00:00,3
2026-06-23 05:33:14.273954+00:00,3
2026-06-23 05:38:17.952667+00:00,3
2026-06-23 05:48:28.129553+00:00,3
2026-06-23 05:53:31.666139+00:00,3
2026-06-23 06:05:03.759241+00:00,3
2026-06-23 06:10:07.605445+00:00,3
2026-06-23 06:20:17.915381+00:00,3
2026-06-23 06:25:21.491705+00:00,3
2026-06-23 06:35:30.085857+00:00,3
2026-06-23 06:40:33.507507+00:00,3
2026-06-23 06:55:45.273284+00:00,3
2026-06-23 07:05:53.641822+00:00,3
2026-06-23 07:10:57.339247+00:00,3
2026-06-23 07:21:06.045332+00:00,3
2026-06-23 07:26:09.230058+00:00,3
2026-06-23 07:31:13.634029+00:00,3
2026-06-23 07:46:26.491289+00:00,3
2026-06-23 07:51:30.902393+00:00,3
2026-06-23 07:56:34.098721+00:00,3
2026-06-23 08:01:39.936392+00:00,3
2026-06-23 08:06:44.682088+00:00,3
2026-06-23 08:11:48.787737+00:00,3
2026-06-23 08:16:54.246267+00:00,3
2026-06-23 08:21:58.752509+00:00,3
2026-06-23 08:27:01.963313+00:00,3
2026-06-23 08:32:06.841799+00:00,3
2026-06-23 08:37:11.166779+00:00,3
2026-06-23 08:42:15.686242+00:00,3
2026-06-23 08:47:20.459380+00:00,3
2026-06-23 08:52:25.041825+00:00,3
2026-06-23 08:57:28.161341+00:00,3
2026-06-23 09:02:33.522956+00:00,3
2026-06-23 09:07:38.012728+00:00,3
2026-06-23 09:12:41.782995+00:00,3
2026-06-23 09:17:46.209722+00:00,3
2026-06-23 09:22:51.002579+00:00,3
2026-06-23 09:27:54.409617+00:00,3
2026-06-23 09:32:59.442407+00:00,3
2026-06-23 09:38:04.118627+00:00,3
2026-06-23 09:48:11.948323+00:00,3
2026-06-23 10:03:24.640411+00:00,3
2026-06-23 10:08:29.030799+00:00,3
2026-06-23 10:18:37.417880+00:00,3
2026-06-23 10:23:41.483446+00:00,3
2026-06-23 10:33:48.877054+00:00,3
2026-06-23 10:38:52.860299+00:00,3
2026-06-23 10:49:00.617319+00:00,3
2026-06-23 11:04:13.045472+00:00,3
2026-06-23 11:09:17.417281+00:00,3
2026-06-23 11:19:25.878209+00:00,3
2026-06-23 11:24:30.062263+00:00,3
2026-06-23 11:34:37.664688+00:00,3
2026-06-23 11:39:41.824949+00:00,3
2026-06-23 11:49:49.551443+00:00,3
2026-06-23 11:54:53.672557+00:00,3
2026-06-23 12:10:05.857365+00:00,3
2026-06-23 12:20:13.350038+00:00,3
2026-06-23 12:25:17.855206+00:00,3
2026-06-23 12:40:29.796508+00:00,3
2026-06-23 12:55:40.794935+00:00,3
2026-06-23 13:10:52.651416+00:00,3
2026-06-23 13:20:59.746513+00:00,3
2026-06-23 13:26:03.841582+00:00,3
2026-06-23 13:36:10.923627+00:00,3
2026-06-23 13:41:15.256661+00:00,3
2026-06-23 13:46:19.810820+00:00,3
2026-06-23 13:51:23.157725+00:00,3
2026-06-23 13:56:27.733408+00:00,3
2026-06-23 14:01:33.491941+00:00,3
2026-06-23 14:11:41.539619+00:00,3
2026-06-23 14:16:46.735683+00:00,3
2026-06-23 14:21:49.777519+00:00,3
2026-06-23 14:26:54.503449+00:00,3
2026-06-23 14:31:59.249839+00:00,3
2026-06-23 14:37:02.630672+00:00,3
2026-06-23 14:42:06.943143+00:00,3
2026-06-23 14:47:11.394062+00:00,3
2026-06-23 14:52:15.937792+00:00,3
2026-06-23 14:57:21.344642+00:00,3
2026-06-23 15:02:28.060052+00:00,3
2026-06-23 15:07:31.300790+00:00,3
2026-06-23 15:12:35.456995+00:00,3
2026-06-23 15:17:40.587323+00:00,3
2026-06-23 15:22:44.309802+00:00,3
2026-06-23 15:27:48.564579+00:00,3
2026-06-23 16:46:26.566756+00:00,-1
2026-06-23 16:51:30.271561+00:00,-1
2026-06-23 16:56:33.147243+00:00,3
2026-06-23 17:06:41.582405+00:00,3
2026-06-23 17:11:44.188842+00:00,3
2026-06-23 17:16:47.538112+00:00,3
2026-06-23 18:02:59.102972+00:00,-1
2026-06-23 18:23:10.862502+00:00,-1
2026-06-23 18:33:18.244588+00:00,-1
2026-06-23 18:38:21.061378+00:00,3
2026-06-23 18:53:31.542527+00:00,3
2026-06-23 19:03:39.557183+00:00,3
2026-06-23 20:05:14.607847+00:00,-1
2026-06-23 21:04:16.844757+00:00,-1
2026-06-23 21:09:20.065116+00:00,-1
2026-06-23 21:19:30.041071+00:00,2
2026-06-23 21:24:33.891766+00:00,2
2026-06-23 21:34:42.966399+00:00,2
2026-06-23 21:39:46.342104+00:00,2
2026-06-23 21:49:54.805794+00:00,2
2026-06-23 21:54:58.152791+00:00,2
2026-06-23 22:05:08.195068+00:00,7
2026-06-23 22:10:11.656899+00:00,7
2026-06-23 22:20:21.457898+00:00,3
2026-06-23 22:25:24.886983+00:00,7
2026-06-23 22:35:32.772953+00:00,3
2026-06-23 22:40:36.383255+00:00,3
2026-06-23 22:50:45.800382+00:00,3
2026-06-23 22:55:49.130131+00:00,7
2026-06-23 23:05:58.925931+00:00,3
2026-06-23 23:11:02.361843+00:00,3
2026-06-23 23:16:08.421315+00:00,3
2026-06-23 23:21:12.053782+00:00,3
2026-06-23 23:31:21.170009+00:00,3
2026-06-23 23:36:24.506113+00:00,3
2026-06-23 23:41:27.844943+00:00,3
2026-06-23 23:46:33.864783+00:00,3
2026-06-23 23:51:37.165258+00:00,3
2026-06-23 23:56:41.132008+00:00,3
2026-06-24 00:01:47.709626+00:00,2
2026-06-24 00:06:51.129301+00:00,2
2026-06-24 00:11:54.445354+00:00,2
2026-06-24 00:17:01.305710+00:00,2
2026-06-24 00:22:04.710350+00:00,2
2026-06-24 00:27:08.396391+00:00,2
2026-06-24 00:32:14.056198+00:00,1
2026-06-24 00:37:17.465353+00:00,1
2026-06-24 00:42:20.553960+00:00,3
2026-06-24 00:47:25.999193+00:00,2
2026-06-24 00:52:29.125670+00:00,2
2026-06-24 00:57:32.528956+00:00,2
2026-06-24 01:02:40.027608+00:00,3
2026-06-24 01:07:43.419519+00:00,3
2026-06-24 01:12:46.698269+00:00,3
2026-06-24 01:17:53.460866+00:00,3
2026-06-24 01:22:56.872672+00:00,3
2026-06-24 01:27:59.874490+00:00,3
2026-06-24 01:33:05.519988+00:00,3
2026-06-24 01:38:08.777592+00:00,3
2026-06-24 01:48:17.222193+00:00,3
2026-06-24 01:53:20.813186+00:00,3
2026-06-24 02:03:29.839586+00:00,3
2026-06-24 02:08:33.181606+00:00,3
2026-06-24 02:18:42.130395+00:00,3
2026-06-24 02:23:45.648232+00:00,3
2026-06-24 02:33:54.193076+00:00,3
2026-06-24 02:38:57.559916+00:00,3
2026-06-24 03:19:28.865957+00:00,-1
2026-06-24 03:24:32.251575+00:00,-1
2026-06-24 03:34:40.680597+00:00,3
2026-06-24 03:39:44.163061+00:00,3
2026-06-24 03:49:52.916201+00:00,3
2026-06-24 03:54:56.686509+00:00,3
2026-06-24 04:05:06.362528+00:00,1
2026-06-24 04:10:09.635286+00:00,1
2026-06-24 04:20:20.479038+00:00,1
2026-06-24 04:25:23.858787+00:00,1
2026-06-24 04:35:32.176649+00:00,1
2026-06-24 04:40:35.380561+00:00,1
2026-06-24 04:50:43.285081+00:00,2
2026-06-24 04:55:46.822795+00:00,2
2026-06-24 05:05:56.300225+00:00,2
2026-06-24 05:10:59.842562+00:00,2
2026-06-24 05:16:03.975752+00:00,7
2026-06-24 05:21:09.376067+00:00,2
2026-06-24 05:26:12.832989+00:00,2
2026-06-24 05:31:17.714008+00:00,2
2026-06-24 05:36:23.009209+00:00,2
2026-06-24 05:41:26.196738+00:00,2
2026-06-24 05:46:31.086327+00:00,7
2026-06-24 05:51:36.061291+00:00,2
2026-06-24 05:56:39.204691+00:00,2
2026-06-24 06:01:45.100757+00:00,3
2026-06-24 06:06:50.119609+00:00,3
2026-06-24 06:11:53.941189+00:00,3
2026-06-24 06:16:58.700164+00:00,7
2026-06-24 06:22:03.595637+00:00,3
2026-06-24 06:27:06.963006+00:00,3
2026-06-24 06:32:11.467856+00:00,3
2026-06-24 06:37:15.675815+00:00,3
2026-06-24 06:42:18.561083+00:00,3
2026-06-24 06:47:23.052128+00:00,3
2026-06-24 06:52:27.414157+00:00,3
2026-06-24 06:57:30.636239+00:00,3
2026-06-24 07:02:35.523531+00:00,3
2026-06-24 07:12:43.166185+00:00,3
2026-06-24 07:17:47.538378+00:00,3
2026-06-24 07:22:52.856868+00:00,3
2026-06-24 07:27:55.851163+00:00,3
2026-06-24 07:33:01.203971+00:00,3
2026-06-24 07:38:05.938665+00:00,3
2026-06-24 07:42:12.486497+00:00,3
2026-06-24 07:47:16.831161+00:00,3
2026-06-24 07:52:21.170559+00:00,3
2026-06-24 07:57:24.316168+00:00,3
2026-06-24 08:02:29.580423+00:00,3
2026-06-24 08:07:34.217479+00:00,3
2026-06-24 08:12:37.581441+00:00,3
2026-06-24 08:17:41.695126+00:00,3
2026-06-24 08:22:46.111671+00:00,3
2026-06-24 08:27:49.652362+00:00,3
2026-06-24 08:32:53.993130+00:00,3
2026-06-24 08:48:05.163632+00:00,3
2026-06-24 08:53:08.874825+00:00,3
2026-06-24 09:03:15.984471+00:00,2
2026-06-24 09:08:20.149209+00:00,2
2026-06-24 09:18:27.886154+00:00,1
2026-06-24 09:23:31.739663+00:00,1
2026-06-24 09:33:38.646813+00:00,1
2026-06-24 09:38:42.703695+00:00,1
2026-06-24 09:48:50.294872+00:00,1
2026-06-24 09:53:54.276823+00:00,1
2026-06-24 10:04:02.100505+00:00,3
2026-06-24 10:09:06.256215+00:00,3
2026-06-24 10:19:13.659142+00:00,3
2026-06-24 10:24:17.816920+00:00,3
2026-06-24 10:34:24.778687+00:00,3
2026-06-24 10:39:28.570308+00:00,3
2026-06-24 10:49:36.345873+00:00,3
2026-06-24 10:54:40.412841+00:00,3
2026-06-24 11:04:48.099685+00:00,3
2026-06-24 11:09:52.254261+00:00,3
2026-06-24 11:19:59.679018+00:00,3
2026-06-24 11:25:03.954853+00:00,3
2026-06-24 11:35:11.429293+00:00,3
2026-06-24 11:40:15.486016+00:00,3
2026-06-24 11:50:23.075201+00:00,3
2026-06-24 11:55:27.026250+00:00,3
2026-06-24 12:05:34.872228+00:00,2
2026-06-24 12:10:38.786173+00:00,2
2026-06-24 12:20:46.111240+00:00,3
2026-06-24 12:25:50.001197+00:00,3
2026-06-24 12:35:57.954312+00:00,3
2026-06-24 12:41:01.944772+00:00,1
2026-06-24 12:46:06.877608+00:00,7
2026-06-24 12:51:09.934331+00:00,1
2026-06-24 12:56:14.037394+00:00,1
2026-06-24 13:01:19.436373+00:00,3
2026-06-24 13:06:22.572372+00:00,3
2026-06-24 13:11:26.798069+00:00,3
2026-06-24 13:16:31.162479+00:00,3
2026-06-24 13:21:34.257973+00:00,3
2026-06-24 13:26:39.307955+00:00,3
2026-06-24 13:31:43.960223+00:00,3
2026-06-24 13:36:48.990689+00:00,3
2026-06-24 13:41:53.765124+00:00,3
2026-06-24 13:46:59.600012+00:00,3
2026-06-24 13:52:03.093595+00:00,3
2026-06-24 13:57:08.979823+00:00,3
2026-06-24 14:02:14.151469+00:00,3
2026-06-24 14:07:21.358016+00:00,3
2026-06-24 14:12:26.064812+00:00,3
2026-06-24 14:17:30.970043+00:00,3
2026-06-24 14:22:34.505125+00:00,3
2026-06-24 14:27:38.913350+00:00,3
2026-06-24 14:32:43.593011+00:00,3
2026-06-24 14:37:47.032597+00:00,3
2026-06-24 14:42:52.057612+00:00,3
2026-06-24 14:47:57.690910+00:00,3
2026-06-24 14:53:01.031291+00:00,3
2026-06-24 15:03:11.080615+00:00,3
2026-06-24 15:08:14.639014+00:00,3
2026-06-24 15:33:34.807742+00:00,-1
2026-06-24 15:38:38.335275+00:00,-1
2026-06-24 15:48:47.754381+00:00,3
2026-06-24 15:53:51.256420+00:00,3
2026-06-24 16:39:34.304073+00:00,-1
2026-06-24 16:49:42.205633+00:00,-1
2026-06-24 16:54:45.303178+00:00,3
2026-06-24 17:09:55.761845+00:00,3
2026-06-24 17:20:02.474729+00:00,3
2026-06-24 17:25:05.698477+00:00,3
2026-06-24 17:35:13.528943+00:00,3
2026-06-24 17:40:16.163819+00:00,3
2026-06-24 17:50:23.363339+00:00,3
2026-06-24 18:10:35.940948+00:00,-1
2026-06-24 18:20:42.495327+00:00,-1
2026-06-24 18:25:45.785760+00:00,3
2026-06-24 18:35:52.861702+00:00,3
2026-06-24 18:40:55.836339+00:00,3
2026-06-24 18:51:03.023231+00:00,3
2026-06-24 18:56:05.687741+00:00,3
2026-06-24 19:01:10.442048+00:00,3
2026-06-24 19:06:14.370534+00:00,3
2026-06-24 19:16:21.412257+00:00,3
2026-06-24 19:21:25.197934+00:00,3
2026-06-24 19:26:28.375354+00:00,3
2026-06-24 19:31:32.365601+00:00,3
2026-06-24 19:36:36.159434+00:00,3
2026-06-24 19:41:38.804184+00:00,3
2026-06-24 19:46:42.703336+00:00,3
2026-06-24 19:51:46.417698+00:00,3
2026-06-24 19:56:49.369552+00:00,3
2026-06-24 20:01:54.760278+00:00,3
2026-06-24 20:06:59.010408+00:00,3
2026-06-24 20:12:03.199085+00:00,3
2026-06-24 20:17:07.095935+00:00,3
2026-06-24 20:22:10.750656+00:00,3
2026-06-24 20:27:13.696364+00:00,3
2026-06-24 20:32:17.249983+00:00,3
2026-06-24 20:37:21.123981+00:00,3
2026-06-24 20:42:23.870344+00:00,3
2026-06-24 20:47:27.715509+00:00,3
2026-06-24 20:52:31.577830+00:00,3
2026-06-24 20:57:34.646595+00:00,3
2026-06-24 21:02:38.963468+00:00,3
2026-06-24 21:07:42.505369+00:00,3
2026-06-24 21:12:45.659298+00:00,3
2026-06-24 21:17:49.753861+00:00,3
2026-06-24 21:22:53.612932+00:00,3
2026-06-24 21:27:56.870641+00:00,3
2026-06-24 21:33:01.192537+00:00,3
2026-06-24 21:38:05.580487+00:00,3
2026-06-24 21:48:12.072812+00:00,3
2026-06-24 21:53:15.345025+00:00,3
2026-06-24 22:03:22.113816+00:00,3
2026-06-24 22:08:25.533274+00:00,3
2026-06-24 22:18:31.742464+00:00,3
2026-06-24 22:23:35.089101+00:00,3
2026-06-24 22:33:41.758270+00:00,3
2026-06-24 22:38:45.125073+00:00,3
2026-06-24 22:48:51.099620+00:00,3
2026-06-24 22:53:54.711548+00:00,3
2026-06-24 23:04:01.820761+00:00,3
2026-06-24 23:09:05.723820+00:00,3
2026-06-24 23:19:12.055988+00:00,3
2026-06-24 23:24:15.522304+00:00,3
2026-06-24 23:34:22.453108+00:00,3
2026-06-24 23:39:26.302700+00:00,3
2026-06-24 23:49:32.619450+00:00,3
2026-06-24 23:54:35.930555+00:00,3
2026-06-25 00:04:42.688178+00:00,2
2026-06-25 00:09:46.493134+00:00,2
2026-06-25 00:19:52.095063+00:00,2
2026-06-25 00:24:55.584933+00:00,2
2026-06-25 00:40:20.482548+00:00,3
2026-06-25 02:03:22.593272+00:00,-1
2026-06-25 02:08:26.119762+00:00,-1
2026-06-25 02:18:33.599701+00:00,3
2026-06-25 02:23:36.846626+00:00,3
2026-06-25 02:33:45.645443+00:00,2
2026-06-25 02:38:48.649898+00:00,2
2026-06-25 02:48:57.984647+00:00,3
2026-06-25 02:54:01.382777+00:00,3
2026-06-25 03:04:10.393463+00:00,3
2026-06-25 03:09:13.731374+00:00,3
2026-06-25 03:19:22.089843+00:00,3
2026-06-25 03:34:34.203999+00:00,3
2026-06-25 03:39:37.593037+00:00,3
2026-06-25 03:49:46.556051+00:00,3
2026-06-25 03:54:50.209423+00:00,3
2026-06-25 04:04:59.213273+00:00,2
2026-06-25 04:10:02.413193+00:00,2
2026-06-25 04:20:12.636275+00:00,3
2026-06-25 04:25:15.980923+00:00,3
2026-06-25 04:35:25.139600+00:00,2
2026-06-25 04:40:28.393212+00:00,2
2026-06-25 04:50:37.199794+00:00,2
2026-06-25 04:55:40.593130+00:00,2
2026-06-25 05:05:49.498868+00:00,2
2026-06-25 05:10:53.550598+00:00,2
2026-06-25 05:21:01.853250+00:00,2
2026-06-25 05:26:05.133787+00:00,2
2026-06-25 05:31:10.160568+00:00,2
2026-06-25 05:36:13.454273+00:00,2
2026-06-25 05:41:16.828997+00:00,3
2026-06-25 05:46:22.105948+00:00,3
2026-06-25 05:51:27.251633+00:00,3
2026-06-25 05:56:30.660811+00:00,3
2026-06-25 06:01:37.045450+00:00,3
2026-06-25 06:06:40.458279+00:00,3
2026-06-25 06:11:43.767727+00:00,3
2026-06-25 06:16:49.460571+00:00,3
2026-06-25 06:21:52.943035+00:00,3
2026-06-25 06:26:56.356778+00:00,3
2026-06-25 06:32:03.811921+00:00,3
2026-06-25 06:37:07.101390+00:00,3
2026-06-25 06:42:10.300729+00:00,3
2026-06-25 09:08:53.627859+00:00,-1
2026-06-25 09:19:01.653645+00:00,-1
2026-06-25 09:24:04.848243+00:00,3
2026-06-25 09:34:13.348068+00:00,3
2026-06-25 09:39:16.648045+00:00,3
2026-06-25 09:54:28.959716+00:00,3
2026-06-25 10:04:37.532965+00:00,3
2026-06-25 10:09:40.753273+00:00,3
2026-06-25 10:19:49.105976+00:00,3
2026-06-25 10:24:52.256273+00:00,3
2026-06-25 10:35:00.717643+00:00,3
2026-06-25 10:40:04.009273+00:00,3
2026-06-25 10:55:18.118790+00:00,3
2026-06-25 11:05:27.027274+00:00,3
2026-06-25 11:10:29.992771+00:00,3
2026-06-25 11:20:38.021887+00:00,3
2026-06-25 11:25:41.703418+00:00,3
2026-06-25 11:35:49.716750+00:00,3
2026-06-25 11:40:53.172897+00:00,3
2026-06-25 11:51:01.909530+00:00,3
2026-06-25 11:56:06.049141+00:00,3
2026-06-25 12:01:10.957134+00:00,3
2026-06-25 12:06:15.276246+00:00,3
2026-06-25 12:11:18.277022+00:00,3
2026-06-25 12:16:23.104468+00:00,3
2026-06-25 12:31:36.653466+00:00,3
2026-06-25 12:36:41.156724+00:00,3
2026-06-25 12:41:44.374911+00:00,3
2026-06-25 12:46:48.962566+00:00,3
2026-06-25 12:51:54.377623+00:00,3
2026-06-25 13:02:03.072760+00:00,3
2026-06-25 13:07:07.835212+00:00,3
2026-06-25 13:12:11.298326+00:00,3
2026-06-25 13:17:15.858055+00:00,3
2026-06-25 13:22:20.827585+00:00,3
2026-06-25 13:27:24.532170+00:00,3
2026-06-25 13:32:29.535766+00:00,3
2026-06-25 13:37:34.426455+00:00,3
2026-06-25 13:42:37.834430+00:00,3
2026-06-25 13:47:42.822779+00:00,3
2026-06-25 13:52:48.445249+00:00,3
2026-06-25 13:57:52.334761+00:00,3
2026-06-25 14:02:57.620860+00:00,3
2026-06-25 14:08:02.314796+00:00,3
2026-06-25 14:18:12.184193+00:00,3
2026-06-25 14:23:16.793690+00:00,3
2026-06-25 14:33:25.304627+00:00,3
2026-06-25 14:38:29.460383+00:00,3
2026-06-25 14:48:37.459897+00:00,3
2026-06-25 14:53:41.692029+00:00,3
2026-06-25 15:03:50.780377+00:00,3
2026-06-25 15:08:55.300108+00:00,3
2026-06-25 15:19:02.608045+00:00,3
2026-06-25 15:24:06.907111+00:00,3
2026-06-25 15:34:14.846265+00:00,3
2026-06-25 16:19:05.066387+00:00,-1
2026-06-25 16:38:41.562436+00:00,-1
2026-06-25 16:48:47.826965+00:00,3
2026-06-25 16:53:51.023021+00:00,3
2026-06-25 17:03:58.468107+00:00,3
2026-06-25 17:09:01.247856+00:00,3
2026-06-25 17:19:08.089843+00:00,3
2026-06-25 17:24:11.100561+00:00,3
2026-06-25 17:34:18.671882+00:00,3
2026-06-25 17:39:21.367558+00:00,3
2026-06-25 17:49:28.987689+00:00,3
2026-06-25 17:54:32.528180+00:00,3
2026-06-25 18:04:39.941364+00:00,3
2026-06-25 18:09:43.303169+00:00,3
2026-06-25 18:19:52.078922+00:00,3
2026-06-25 18:24:54.733421+00:00,3
2026-06-25 18:35:01.712145+00:00,3
2026-06-25 18:40:04.755527+00:00,3
2026-06-25 18:50:12.294009+00:00,3
2026-06-25 18:55:15.434782+00:00,3
2026-06-25 19:05:23.408245+00:00,3
2026-06-25 19:10:26.200332+00:00,3
2026-06-25 19:35:43.448556+00:00,-1
2026-06-25 19:40:46.274174+00:00,-1
2026-06-25 19:50:56.303019+00:00,3
2026-06-25 19:55:59.651617+00:00,3
2026-06-25 20:01:03.586485+00:00,3
2026-06-25 20:06:07.264987+00:00,3
2026-06-25 20:11:10.185701+00:00,3
2026-06-25 20:16:13.831801+00:00,3
2026-06-25 20:21:19.212451+00:00,3
2026-06-25 20:26:21.684926+00:00,3
2026-06-25 20:31:25.508238+00:00,3
2026-06-25 20:36:29.358040+00:00,3
2026-06-25 20:41:32.059723+00:00,3
2026-06-25 20:46:36.412609+00:00,3
2026-06-25 20:51:40.149068+00:00,3
2026-06-25 20:56:43.520973+00:00,3
2026-06-25 21:01:47.845758+00:00,3
2026-06-25 21:06:51.146029+00:00,3
2026-06-25 21:11:53.809663+00:00,3
2026-06-25 21:16:57.600407+00:00,3
2026-06-25 21:22:01.279240+00:00,3
2026-06-25 21:27:04.058478+00:00,3
2026-06-25 21:32:07.931874+00:00,3
2026-06-25 21:37:11.666027+00:00,3
2026-06-25 21:42:14.139911+00:00,3
2026-06-25 21:47:18.042473+00:00,3
2026-06-25 21:52:22.044288+00:00,3
2026-06-25 21:57:25.131847+00:00,3
2026-06-25 22:02:29.273274+00:00,7
2026-06-25 22:07:33.142445+00:00,2
2026-06-25 22:12:35.664288+00:00,2
2026-06-25 22:17:39.327502+00:00,7
2026-06-25 22:22:43.123602+00:00,3
2026-06-25 22:27:46.145326+00:00,3
2026-06-25 22:32:50.091354+00:00,3
2026-06-25 22:37:54.202184+00:00,7
2026-06-25 23:18:03.306868+00:00,-1
2026-06-25 23:23:06.648276+00:00,-1
2026-06-25 23:33:15.834118+00:00,3
2026-06-25 23:38:19.044874+00:00,3
2026-06-25 23:48:27.739783+00:00,3
2026-06-25 23:53:31.170022+00:00,3
2026-06-26 00:03:40.726547+00:00,3
2026-06-26 00:18:52.971761+00:00,3
2026-06-26 00:23:56.230034+00:00,3
2026-06-26 00:34:05.448456+00:00,3
2026-06-26 00:39:08.466301+00:00,3
2026-06-26 00:49:17.016464+00:00,3
2026-06-26 00:54:20.582242+00:00,3
2026-06-26 01:04:29.792664+00:00,3
2026-06-26 01:09:33.005749+00:00,3
2026-06-26 01:19:41.528504+00:00,3
2026-06-26 01:24:44.758956+00:00,3
2026-06-26 01:34:53.869313+00:00,3
2026-06-26 01:39:56.972155+00:00,3
2026-06-26 01:55:09.712950+00:00,3
2026-06-26 02:05:18.904708+00:00,3
2026-06-26 02:10:22.365031+00:00,3
2026-06-26 02:20:31.234399+00:00,3
2026-06-26 02:25:34.365976+00:00,3
2026-06-26 02:35:44.731387+00:00,3
2026-06-26 02:40:48.210770+00:00,3
2026-06-26 02:50:56.961574+00:00,3
2026-06-26 02:56:00.733656+00:00,3
2026-06-26 03:01:06.765914+00:00,3
2026-06-26 03:11:13.753765+00:00,3
2026-06-26 03:16:19.090850+00:00,3
2026-06-26 03:26:26.087855+00:00,3
2026-06-26 03:31:31.557010+00:00,3
2026-06-26 03:36:35.430034+00:00,3
2026-06-26 03:41:39.279342+00:00,3
2026-06-26 03:46:45.120608+00:00,3
2026-06-26 03:51:48.597449+00:00,3
2026-06-26 03:56:52.126970+00:00,3
2026-06-26 04:01:58.956644+00:00,2
2026-06-26 04:07:02.316359+00:00,2
2026-06-26 04:12:05.796921+00:00,2
2026-06-26 04:17:12.114386+00:00,1
2026-06-26 04:22:16.083953+00:00,1
2026-06-26 04:32:24.924542+00:00,7
2026-06-26 04:37:28.981320+00:00,2
2026-06-26 04:42:32.219607+00:00,2
2026-06-26 04:47:38.383839+00:00,1
2026-06-26 04:52:41.757459+00:00,1
2026-06-26 04:57:45.209355+00:00,1
2026-06-26 05:07:54.905523+00:00,3
2026-06-26 05:18:03.014126+00:00,3
2026-06-26 05:23:13.360654+00:00,3
2026-06-26 05:33:21.861058+00:00,3
2026-06-26 05:48:34.025458+00:00,3
2026-06-26 06:03:45.391449+00:00,3
2026-06-26 06:08:47.954088+00:00,3
2026-06-26 06:18:54.736247+00:00,3
2026-06-26 06:23:57.642233+00:00,3
2026-06-26 06:34:04.491151+00:00,3
2026-06-26 06:39:07.826123+00:00,3
2026-06-26 06:49:14.895089+00:00,2
2026-06-26 06:54:18.899945+00:00,2
2026-06-26 07:04:26.364830+00:00,3
2026-06-26 07:09:28.522014+00:00,3
2026-06-26 07:19:35.977000+00:00,3
2026-06-26 07:24:39.236451+00:00,3
2026-06-26 07:34:46.356172+00:00,3
2026-06-26 07:39:49.672598+00:00,3
2026-06-26 07:49:56.489285+00:00,3
2026-06-26 07:55:00.035830+00:00,3
2026-06-26 08:05:11.195651+00:00,3
2026-06-26 08:10:13.862488+00:00,3
2026-06-26 08:20:20.352186+00:00,3
2026-06-26 08:25:23.505832+00:00,3
2026-06-26 08:35:30.404853+00:00,3
2026-06-26 08:40:33.776445+00:00,3
2026-06-26 08:50:40.295207+00:00,3
2026-06-26 08:55:43.782717+00:00,3
2026-06-26 09:05:51.832257+00:00,3
2026-06-26 09:10:54.093827+00:00,3
2026-06-26 09:21:01.202832+00:00,3
2026-06-26 09:26:04.103432+00:00,3
2026-06-26 09:31:07.508256+00:00,3
2026-06-26 09:36:11.103204+00:00,3
2026-06-26 09:41:14.270577+00:00,3
2026-06-26 09:51:21.647319+00:00,3
2026-06-26 09:56:25.354772+00:00,3
2026-06-26 10:01:29.445306+00:00,3
2026-06-26 10:06:33.052398+00:00,3
2026-06-26 10:11:35.378392+00:00,3
2026-06-26 10:21:42.845787+00:00,3
2026-06-26 10:31:48.712543+00:00,3
2026-06-26 10:41:56.928131+00:00,3
2026-06-26 10:47:00.520999+00:00,3
2026-06-26 10:52:03.834504+00:00,3
2026-06-26 10:57:07.525845+00:00,3
2026-06-26 11:02:12.237653+00:00,3
2026-06-26 11:07:16.386631+00:00,3
2026-06-26 11:12:18.725513+00:00,3
2026-06-26 11:17:23.006536+00:00,3
2026-06-26 11:22:26.944514+00:00,3
2026-06-26 11:27:29.712755+00:00,3
2026-06-26 11:42:40.591786+00:00,3
2026-06-26 11:52:47.586673+00:00,3
2026-06-26 11:57:51.440074+00:00,3
2026-06-26 12:02:55.338367+00:00,3
2026-06-26 12:07:58.862628+00:00,3
2026-06-26 12:18:04.784085+00:00,2
2026-06-26 12:23:08.377015+00:00,2
2026-06-26 12:33:14.296452+00:00,2
2026-06-26 12:38:18.017932+00:00,2
2026-06-26 12:48:24.677596+00:00,3
2026-06-26 12:53:27.950652+00:00,3
2026-06-26 13:03:35.416297+00:00,3
2026-06-26 13:08:38.799510+00:00,3
2026-06-26 13:18:45.113960+00:00,3
2026-06-26 13:23:48.858423+00:00,3
2026-06-26 13:38:59.306094+00:00,3
2026-06-26 13:49:07.177692+00:00,3
2026-06-26 13:54:10.590875+00:00,3
2026-06-26 14:04:19.040961+00:00,2
2026-06-26 14:09:22.468249+00:00,2
2026-06-26 14:19:28.471637+00:00,3
2026-06-26 14:24:31.616814+00:00,3
2026-06-26 14:34:38.283436+00:00,2
2026-06-26 14:39:43.178081+00:00,3
2026-06-26 14:54:53.938210+00:00,3
2026-06-26 15:05:01.778489+00:00,3
2026-06-26 15:10:05.339173+00:00,3
2026-06-26 15:20:13.331921+00:00,3
2026-06-26 15:25:17.055236+00:00,3
2026-06-26 16:31:01.347783+00:00,-1
2026-06-26 16:41:20.645250+00:00,-1
2026-06-26 16:46:26.348805+00:00,3
2026-06-26 16:51:29.380527+00:00,3
2026-06-26 16:56:31.608787+00:00,3
2026-06-26 17:01:37.462411+00:00,3
2026-06-26 17:06:40.179858+00:00,3
2026-06-26 17:11:42.192915+00:00,3
2026-06-26 17:16:46.624712+00:00,3
2026-06-26 17:21:48.704188+00:00,3
2026-06-26 17:26:50.783216+00:00,3
2026-06-26 17:31:54.597508+00:00,3
2026-06-26 17:36:57.845478+00:00,3
2026-06-26 17:41:59.995933+00:00,3
2026-06-27 16:21:46.965640+00:00,-1
2026-06-27 16:26:49.305157+00:00,-1
2026-06-27 16:31:52.860969+00:00,3
2026-06-27 16:36:56.036534+00:00,3
2026-06-27 16:41:58.824121+00:00,3
2026-06-27 16:47:02.013763+00:00,3
2026-06-27 16:52:05.837929+00:00,3
2026-06-27 16:57:08.141660+00:00,3
2026-06-27 17:02:13.568082+00:00,3
2026-06-27 17:06:26.412442+00:00,3
2026-06-27 17:11:28.504958+00:00,3
2026-06-27 17:16:33.006458+00:00,3
2026-06-27 17:26:39.441294+00:00,3
2026-06-27 17:31:43.405696+00:00,3
2026-06-27 17:41:49.042620+00:00,3
2026-06-27 17:46:53.234545+00:00,3
2026-06-27 17:51:56.579880+00:00,3
2026-06-27 17:56:59.349957+00:00,3
2026-06-27 18:02:04.434741+00:00,3
2026-06-27 18:07:10.467198+00:00,3
2026-06-27 18:12:12.858115+00:00,3
2026-06-27 18:17:17.304539+00:00,3
2026-06-27 18:22:20.687848+00:00,3
2026-06-27 18:27:23.295331+00:00,3
2026-06-27 18:32:28.057440+00:00,3
2026-06-27 18:37:31.720505+00:00,3
2026-06-27 18:42:33.874847+00:00,3
2026-06-27 18:52:41.104664+00:00,3
2026-06-27 18:57:43.619420+00:00,3
2026-06-27 19:02:47.833209+00:00,7
2026-06-27 19:07:53.775725+00:00,1
2026-06-27 19:12:55.720054+00:00,1
2026-06-27 19:18:00.515686+00:00,2
2026-06-27 19:23:03.872950+00:00,2
2026-06-27 19:33:10.761976+00:00,1
2026-06-27 19:38:14.427500+00:00,1
2026-06-27 19:48:20.606119+00:00,1
2026-06-27 19:53:23.628725+00:00,1
2026-06-27 20:04:52.915095+00:00,3
2026-06-27 20:09:56.154267+00:00,3
2026-06-27 20:20:02.867937+00:00,3
2026-06-27 20:25:06.222376+00:00,3
2026-06-27 20:35:13.704377+00:00,3
2026-06-27 20:40:17.362295+00:00,3
2026-06-27 20:50:24.194197+00:00,3
2026-06-27 20:55:27.125841+00:00,3
2026-06-27 21:05:17.354714+00:00,1
2026-06-27 21:10:20.508333+00:00,1
2026-06-27 21:20:26.744306+00:00,2
2026-06-27 21:25:29.867166+00:00,2
2026-06-27 21:35:36.680392+00:00,2
2026-06-27 21:40:39.939648+00:00,2
2026-06-27 21:50:46.291268+00:00,1
2026-06-27 21:55:49.175001+00:00,1
2026-06-27 22:05:59.868196+00:00,3
2026-06-27 22:11:03.231712+00:00,3
2026-06-27 22:16:07.325157+00:00,3
2026-06-27 22:21:10.236097+00:00,3
2026-06-27 22:26:13.256537+00:00,3
2026-06-27 22:31:18.108818+00:00,3
2026-06-27 22:36:20.402225+00:00,3
2026-06-27 22:41:24.012641+00:00,3
2026-06-27 22:46:28.866320+00:00,3
2026-06-27 22:49:53.028947+00:00,3
2026-06-27 22:51:31.405693+00:00,3
2026-06-27 22:53:56.190440+00:00,3
2026-06-27 22:56:52.376334+00:00,3
2026-06-27 23:01:56.989411+00:00,7
2026-06-27 23:03:53.390965+00:00,2
2026-06-27 23:47:14.295356+00:00,-1
2026-06-27 23:49:33.531134+00:00,-1
2026-06-27 23:50:46.590751+00:00,2
2026-06-27 23:55:50.528767+00:00,2
2026-06-28 00:01:01.202974+00:00,3
2026-06-28 00:06:05.169907+00:00,3
2026-06-28 00:11:08.033138+00:00,3
2026-06-28 00:16:13.006694+00:00,3
2026-06-28 00:21:17.356465+00:00,3
2026-06-28 00:26:20.437465+00:00,3
2026-06-28 00:31:26.000050+00:00,3
2026-06-28 00:36:29.683438+00:00,3
2026-06-28 00:41:32.779038+00:00,3
2026-06-28 00:46:38.287900+00:00,3
2026-06-28 00:51:45.166463+00:00,3
2026-06-28 00:56:48.196536+00:00,3
2026-06-28 01:01:53.853965+00:00,1
2026-06-28 01:06:57.710678+00:00,1
2026-06-28 01:12:00.814311+00:00,1
2026-06-28 01:17:05.682240+00:00,1
2026-06-28 01:22:10.195531+00:00,1
2026-06-28 01:27:13.446238+00:00,1
2026-06-28 01:32:18.980635+00:00,2
2026-06-28 01:37:22.724127+00:00,2
2026-06-28 01:42:25.857047+00:00,2
2026-06-28 01:47:31.670459+00:00,2
2026-06-28 01:52:38.254597+00:00,2
2026-06-28 01:57:41.109103+00:00,2
2026-06-28 02:02:47.178475+00:00,7
2026-06-28 02:07:51.116705+00:00,7
2026-06-28 02:12:54.289238+00:00,7
2026-06-28 02:17:59.881176+00:00,2
2026-06-28 02:23:04.254266+00:00,2
2026-06-28 02:33:11.880244+00:00,7
2026-06-28 02:38:15.692244+00:00,7
2026-06-28 02:48:24.570315+00:00,7
2026-06-28 02:53:31.267654+00:00,2
2026-06-28 03:03:39.651562+00:00,3
2026-06-28 03:18:50.546736+00:00,3
2026-06-28 03:23:54.738134+00:00,3
2026-06-28 03:34:02.506134+00:00,3
2026-06-28 03:39:06.323627+00:00,3
2026-06-28 03:49:13.528309+00:00,3
2026-06-28 03:54:20.200768+00:00,3
2026-06-28 04:04:29.175057+00:00,3
2026-06-28 04:09:33.106064+00:00,3
2026-06-28 04:19:40.717326+00:00,3
2026-06-28 04:24:45.222083+00:00,3
2026-06-28 04:34:52.855738+00:00,3
2026-06-28 04:39:57.148617+00:00,3
2026-06-28 04:50:06.366764+00:00,3
2026-06-28 04:55:13.291066+00:00,3
2026-06-28 05:05:22.039531+00:00,3
2026-06-28 05:10:25.813585+00:00,3
2026-06-28 05:20:33.325895+00:00,3
2026-06-28 05:25:37.733800+00:00,3
2026-06-28 05:35:45.611811+00:00,3
2026-06-28 05:40:49.521689+00:00,3
2026-06-28 05:50:57.323812+00:00,3
2026-06-28 05:56:04.028213+00:00,3
2026-06-28 06:01:08.492682+00:00,3
2026-06-28 06:16:19.999589+00:00,3
2026-06-28 06:21:23.988507+00:00,3
2026-06-28 06:31:32.040133+00:00,3
2026-06-28 06:36:36.210941+00:00,3
2026-06-28 06:41:40.452562+00:00,3
2026-06-28 06:46:44.572179+00:00,3
2026-06-28 06:51:49.036773+00:00,3
2026-06-28 06:56:55.658092+00:00,3
2026-06-28 07:02:00.764578+00:00,3
2026-06-28 07:07:04.743327+00:00,3
2026-06-28 07:12:08.437481+00:00,3
2026-06-28 07:17:13.004365+00:00,3
2026-06-28 07:22:16.947810+00:00,3
2026-06-28 07:27:21.734692+00:00,3
2026-06-28 07:32:25.915317+00:00,3
2026-06-28 07:37:30.335019+00:00,3
2026-06-28 07:42:34.095411+00:00,3
2026-06-28 07:47:38.543869+00:00,3
2026-06-28 07:52:42.746700+00:00,3
2026-06-28 07:57:49.291939+00:00,3
2026-06-28 08:02:54.106364+00:00,7
2026-06-28 08:07:58.871115+00:00,7
2026-06-28 08:18:06.818663+00:00,3
2026-06-28 08:23:10.610287+00:00,3
2026-06-28 08:33:18.720979+00:00,7
2026-06-28 08:38:22.677385+00:00,7
2026-06-28 08:48:30.215623+00:00,7
2026-06-28 08:53:34.139764+00:00,7
2026-06-28 09:03:45.152970+00:00,7
2026-06-28 09:08:49.162195+00:00,3
2026-06-28 09:18:56.919396+00:00,7
2026-06-28 09:24:00.631157+00:00,7
2026-06-28 09:34:08.281989+00:00,3
2026-06-28 09:49:19.486961+00:00,3
2026-06-28 09:54:23.101806+00:00,3
2026-06-28 10:04:34.030434+00:00,3
2026-06-28 10:09:38.000874+00:00,3
2026-06-28 10:19:46.164739+00:00,3
2026-06-28 10:24:49.975571+00:00,3
2026-06-28 10:34:58.341220+00:00,3
2026-06-28 10:40:02.160242+00:00,3
2026-06-28 10:50:11.569558+00:00,3
2026-06-28 11:05:25.915658+00:00,3
2026-06-28 11:10:29.458336+00:00,3
2026-06-28 11:20:37.255034+00:00,3
2026-06-28 11:25:41.411467+00:00,3
2026-06-28 11:35:50.692059+00:00,3
2026-06-28 11:40:55.221704+00:00,3
2026-06-28 11:46:00.755485+00:00,3
2026-06-28 11:51:04.250211+00:00,3
2026-06-28 11:56:08.722704+00:00,3
2026-06-28 12:01:18.763644+00:00,2
2026-06-28 12:06:22.534148+00:00,2
2026-06-28 12:16:33.649717+00:00,1
2026-06-28 12:21:36.993212+00:00,1
2026-06-28 12:26:41.924466+00:00,1
2026-06-28 12:31:48.762250+00:00,2
2026-06-28 12:36:51.863338+00:00,2
2026-06-28 12:41:56.928878+00:00,2
2026-06-28 12:47:03.180151+00:00,1
2026-06-28 12:52:07.137660+00:00,1
2026-06-28 13:02:22.034647+00:00,3
2026-06-28 13:07:25.855870+00:00,3
2026-06-28 13:12:30.691995+00:00,3
2026-06-28 13:17:36.949004+00:00,3
2026-06-28 13:22:40.790159+00:00,3
2026-06-28 13:27:45.377373+00:00,3
2026-06-28 13:32:51.830632+00:00,3
2026-06-28 13:48:03.173121+00:00,3
2026-06-28 13:53:06.510211+00:00,3
2026-06-28 14:03:19.410918+00:00,3
2026-06-28 14:08:22.461740+00:00,3
2026-06-28 14:18:31.312563+00:00,3
2026-06-28 14:23:34.474357+00:00,3
2026-06-28 14:33:43.790687+00:00,3
2026-06-28 14:48:54.804444+00:00,3
2026-06-28 14:53:58.478269+00:00,3
2026-06-28 15:04:11.093147+00:00,3
2026-06-28 15:09:13.843717+00:00,3
2026-06-28 15:19:22.831864+00:00,7
2026-06-28 15:24:25.958714+00:00,7
2026-06-28 15:34:35.019810+00:00,7
2026-06-28 15:39:37.583864+00:00,7
2026-06-28 15:49:46.965870+00:00,3
2026-06-28 15:54:50.058628+00:00,3
2026-06-28 16:05:02.066183+00:00,3
2026-06-28 16:10:05.034981+00:00,3
2026-06-28 16:20:15.457085+00:00,3
2026-06-28 16:25:18.763900+00:00,3
2026-06-28 16:35:28.693595+00:00,3
2026-06-28 16:40:31.570410+00:00,3
2026-06-28 16:50:40.715772+00:00,3
2026-06-28 16:55:44.235747+00:00,3
2026-06-28 17:05:56.642043+00:00,3
2026-06-28 17:10:59.458862+00:00,3
2026-06-28 17:16:04.207975+00:00,3
2026-06-28 17:21:08.379048+00:00,3
2026-06-28 17:26:11.392011+00:00,3
2026-06-28 17:31:17.763305+00:00,3
2026-06-28 17:36:22.118612+00:00,3
2026-06-28 17:41:25.852033+00:00,3
2026-06-28 17:46:31.991218+00:00,3
2026-06-28 17:51:36.497428+00:00,3
2026-06-28 17:56:40.309025+00:00,3
2026-06-28 18:01:47.325860+00:00,3
2026-06-28 18:06:55.947672+00:00,3
2026-06-28 18:11:59.316342+00:00,3
2026-06-28 18:17:05.881934+00:00,3
2026-06-28 18:22:10.732374+00:00,3
2026-06-28 18:27:14.503622+00:00,3
2026-06-28 18:32:21.243554+00:00,3
2026-06-28 18:37:26.378336+00:00,3
2026-06-28 18:42:29.883627+00:00,3
2026-06-28 18:47:37.158191+00:00,3
2026-06-28 18:52:42.492087+00:00,3
2026-06-28 18:57:45.556843+00:00,3
2026-06-28 19:02:51.570683+00:00,3
2026-06-28 19:07:58.438276+00:00,3
2026-06-28 19:18:06.115998+00:00,3
2026-06-28 19:23:10.207315+00:00,3
2026-06-28 19:33:17.645595+00:00,3
2026-06-28 19:38:22.125330+00:00,3
2026-06-28 19:48:29.492742+00:00,3
2026-06-28 19:53:33.657823+00:00,3
2026-06-28 20:03:42.254964+00:00,3
2026-06-28 20:08:48.655566+00:00,3
2026-06-28 20:18:56.222332+00:00,3
2026-06-28 20:24:00.069852+00:00,3
2026-06-28 20:34:07.893769+00:00,3
2026-06-28 20:39:12.220634+00:00,3
2026-06-28 20:49:20.707516+00:00,3
2026-06-28 20:54:25.075676+00:00,3
2026-06-28 21:04:34.662122+00:00,3
2026-06-28 21:09:42.769164+00:00,3
2026-06-28 21:19:51.789356+00:00,2
2026-06-28 21:24:56.253032+00:00,2
2026-06-28 21:35:05.018379+00:00,2
2026-06-28 21:40:10.463135+00:00,2
2026-06-28 21:50:20.480784+00:00,3
2026-06-28 21:55:25.402418+00:00,3
2026-06-28 22:05:36.212768+00:00,3
2026-06-28 22:10:44.426378+00:00,3
2026-06-28 22:20:54.162616+00:00,3
2026-06-28 22:25:58.573152+00:00,3
2026-06-28 22:31:03.970553+00:00,3
2026-06-28 22:36:09.501376+00:00,3
2026-06-28 22:41:14.160778+00:00,3
2026-06-28 22:46:18.361268+00:00,3
2026-06-28 22:51:22.767528+00:00,3
2026-06-28 22:56:27.858220+00:00,3
2026-06-28 23:01:33.626271+00:00,3
2026-06-28 23:06:42.788799+00:00,3
2026-06-28 23:11:51.111004+00:00,3
2026-06-28 23:16:55.433041+00:00,3
2026-06-28 23:21:59.755530+00:00,3
2026-06-28 23:27:03.927336+00:00,3
2026-06-28 23:32:08.180642+00:00,3
2026-06-28 23:37:12.390905+00:00,3
2026-06-28 23:42:16.695944+00:00,3
2026-06-28 23:47:21.072806+00:00,3
2026-06-28 23:52:25.432758+00:00,3
2026-06-28 23:57:29.237101+00:00,3
2026-06-29 00:02:34.669530+00:00,3
2026-06-29 00:07:38.319825+00:00,3
2026-06-29 00:12:46.743707+00:00,3
2026-06-29 00:17:51.134784+00:00,2
2026-06-29 00:22:55.505006+00:00,2
2026-06-29 00:33:03.698292+00:00,3
2026-06-29 00:38:07.294269+00:00,3
2026-06-29 00:48:15.911945+00:00,2
2026-06-29 00:53:20.990034+00:00,2
2026-06-29 01:03:29.742579+00:00,2
2026-06-29 01:08:33.626625+00:00,2
2026-06-29 01:18:44.300270+00:00,3
2026-06-29 01:23:48.360056+00:00,3
2026-06-29 01:33:57.011000+00:00,3
2026-06-29 01:39:00.766966+00:00,7
2026-06-29 01:49:09.100714+00:00,2
2026-06-29 01:54:13.235320+00:00,2
2026-06-29 02:04:22.077762+00:00,3
2026-06-29 02:09:25.875148+00:00,3
2026-06-29 02:19:36.677759+00:00,3
2026-06-29 02:24:40.637342+00:00,3
2026-06-29 02:34:49.054795+00:00,3
2026-06-29 02:39:59.967359+00:00,3
2026-06-29 02:50:09.332388+00:00,3
2026-06-29 02:55:13.460558+00:00,3
2026-06-29 03:05:22.006789+00:00,1
2026-06-29 03:10:25.705423+00:00,1
2026-06-29 03:20:36.322745+00:00,2
2026-06-29 03:25:39.974100+00:00,2
2026-06-29 03:35:47.633519+00:00,2
2026-06-29 03:40:51.869603+00:00,2
2026-06-29 03:51:00.245442+00:00,1
2026-06-29 04:01:09.693417+00:00,3
2026-06-29 04:06:12.689327+00:00,3
2026-06-29 04:11:17.033268+00:00,3
2026-06-29 04:16:25.196046+00:00,3
2026-06-29 04:21:28.042648+00:00,3
2026-06-29 04:26:32.394395+00:00,3
2026-06-29 04:31:37.930546+00:00,3
2026-06-29 04:36:41.163387+00:00,3
2026-06-29 04:41:45.109106+00:00,3
2026-06-29 04:46:50.933505+00:00,3
2026-06-29 04:51:53.905819+00:00,3
2026-06-29 05:02:04.330866+00:00,3
2026-06-29 05:07:07.430871+00:00,3
2026-06-29 05:12:11.333385+00:00,3
2026-06-29 05:17:19.919502+00:00,3
2026-06-29 05:22:23.022325+00:00,3
2026-06-29 05:27:27.866563+00:00,3
2026-06-29 05:32:33.490952+00:00,3
2026-06-29 05:37:36.746496+00:00,3
2026-06-29 05:42:40.827638+00:00,3
2026-06-29 05:47:47.626077+00:00,3
2026-06-29 05:52:50.676306+00:00,3
2026-06-29 05:57:55.417646+00:00,3
2026-06-29 06:03:01.483467+00:00,2
2026-06-29 06:18:16.423480+00:00,2
2026-06-29 06:33:27.916251+00:00,2
2026-06-29 06:38:30.890114+00:00,2
2026-06-29 06:48:40.162701+00:00,3
2026-06-29 07:03:52.907717+00:00,3
2026-06-29 07:08:55.617344+00:00,3
2026-06-29 07:19:06.574349+00:00,3
2026-06-29 07:24:09.670902+00:00,3
2026-06-29 07:34:18.667511+00:00,3
2026-06-29 07:39:21.788800+00:00,3
2026-06-29 07:49:30.848193+00:00,3
2026-06-29 07:54:33.858473+00:00,3
2026-06-29 08:04:43.053432+00:00,3
2026-06-29 08:09:46.110585+00:00,3
2026-06-29 08:19:57.776020+00:00,3
2026-06-29 08:35:10.872330+00:00,3
2026-06-29 08:40:13.488461+00:00,3
2026-06-29 08:50:22.019950+00:00,3
2026-06-29 09:05:34.570741+00:00,3
2026-06-29 09:10:38.255939+00:00,3
2026-06-29 09:20:50.688328+00:00,3
2026-06-29 09:36:03.404482+00:00,3
2026-06-29 09:41:07.266002+00:00,3
2026-06-29 09:46:13.278755+00:00,3
2026-06-29 09:51:18.518182+00:00,3
2026-06-29 09:56:21.944562+00:00,3
2026-06-29 10:01:29.603462+00:00,2
2026-06-29 10:16:43.368492+00:00,2
2026-06-29 10:21:51.178503+00:00,2
2026-06-29 10:32:01.257689+00:00,2
2026-06-29 10:37:06.935318+00:00,2
2026-06-29 10:42:10.437314+00:00,2
2026-06-29 10:47:16.751538+00:00,1
2026-06-29 10:52:22.271413+00:00,1
2026-06-29 10:57:25.540418+00:00,1
2026-06-29 11:02:33.277539+00:00,3
2026-06-29 11:07:37.364189+00:00,3
2026-06-29 11:12:40.868935+00:00,3
2026-06-29 11:17:46.295124+00:00,3
2026-06-29 11:22:54.293554+00:00,3
2026-06-29 11:27:56.970183+00:00,3
2026-06-29 11:33:02.131036+00:00,2
2026-06-29 11:38:06.509034+00:00,2
2026-06-29 11:48:14.125278+00:00,7
2026-06-29 11:53:18.214722+00:00,3
2026-06-29 12:03:26.688012+00:00,3
2026-06-29 12:18:38.658516+00:00,3
2026-06-29 12:23:45.592313+00:00,3
2026-06-29 12:33:52.998452+00:00,3
2026-06-29 12:38:57.036182+00:00,3
2026-06-29 12:49:04.758846+00:00,3
2026-06-29 13:04:17.167946+00:00,2
2026-06-29 13:19:28.881469+00:00,2
2026-06-29 13:34:42.530790+00:00,1
2026-06-29 13:49:55.059581+00:00,1
2026-06-29 13:54:59.776949+00:00,1
2026-06-29 14:05:08.812291+00:00,3
2026-06-29 14:10:12.839252+00:00,3
2026-06-29 14:20:21.788680+00:00,3
2026-06-29 14:25:29.314352+00:00,3
2026-06-29 14:35:38.812161+00:00,3
2026-06-29 14:40:42.963828+00:00,3
2026-06-29 14:50:54.335335+00:00,3
2026-06-29 14:56:00.060252+00:00,3
2026-06-29 15:01:06.086330+00:00,3
2026-06-29 15:06:11.217412+00:00,3
2026-06-29 15:11:17.735558+00:00,3
2026-06-29 15:16:23.199803+00:00,3
2026-06-29 15:21:28.301138+00:00,3
2026-06-29 15:26:36.811739+00:00,3
2026-06-29 15:31:42.472288+00:00,3
2026-06-29 15:36:47.512879+00:00,3
2026-06-29 15:41:51.882973+00:00,3
2026-06-29 15:46:57.654684+00:00,3
2026-06-29 15:52:02.978518+00:00,3
2026-06-29 15:57:08.369497+00:00,3
2026-06-29 16:02:14.357227+00:00,2
2026-06-29 16:07:19.518686+00:00,2
2026-06-29 16:12:24.659881+00:00,2
2026-06-29 16:17:30.326504+00:00,7
2026-06-29 16:32:47.431137+00:00,1
2026-06-29 16:37:53.422907+00:00,1
2026-06-29 16:42:58.080437+00:00,1
2026-06-29 16:48:04.805926+00:00,2
2026-06-29 16:53:09.652965+00:00,2
2026-06-29 17:03:20.283763+00:00,1
2026-06-29 17:08:24.577991+00:00,1
2026-06-29 17:18:32.845330+00:00,2
2026-06-29 17:23:36.706664+00:00,2
2026-06-29 17:33:50.974041+00:00,2
2026-06-29 17:38:54.930492+00:00,2
2026-06-29 17:49:03.973360+00:00,2
2026-06-29 17:54:07.837207+00:00,2
2026-06-29 18:04:16.679843+00:00,3
2026-06-29 18:09:21.023218+00:00,3
2026-06-29 18:19:32.786430+00:00,3
2026-06-29 18:24:36.521757+00:00,3
2026-06-29 18:34:47.350522+00:00,3
2026-06-29 18:39:51.521092+00:00,3
2026-06-29 18:49:59.551220+00:00,3
2026-06-29 18:55:03.929813+00:00,3
2026-06-29 19:05:13.366006+00:00,3
2026-06-29 19:10:17.635568+00:00,3
2026-06-29 19:20:26.406473+00:00,3
2026-06-29 19:25:30.350901+00:00,3
2026-06-29 19:35:41.842894+00:00,3
2026-06-29 19:40:46.501772+00:00,3
2026-06-29 19:50:56.139197+00:00,3
2026-06-29 20:01:07.213165+00:00,3
2026-06-29 20:16:21.760380+00:00,3
2026-06-29 20:36:29.766540+00:00,-1
2026-06-29 20:46:42.306706+00:00,-1
2026-06-29 20:51:45.253670+00:00,3
2026-06-29 20:56:50.016831+00:00,3
2026-06-29 21:01:56.056960+00:00,3
2026-06-29 21:17:08.213360+00:00,3
2026-06-29 21:22:11.073110+00:00,3
2026-06-29 21:27:15.279170+00:00,3
2026-06-29 21:32:20.952813+00:00,3
2026-06-29 21:47:37.776765+00:00,3
2026-06-29 21:52:41.191728+00:00,3
2026-06-29 21:57:46.404807+00:00,3
2026-06-29 22:02:53.541338+00:00,3
2026-06-29 22:07:57.431307+00:00,3
2026-06-29 22:18:09.459337+00:00,3
2026-06-29 22:33:23.190873+00:00,3
2026-06-29 22:38:27.593443+00:00,3
2026-06-29 22:48:41.830667+00:00,3
2026-06-29 22:53:45.350652+00:00,3
2026-06-29 23:03:57.173202+00:00,3
2026-06-29 23:19:11.434715+00:00,3
2026-06-29 23:23:11.466750+00:00,3
2026-06-29 23:33:22.248058+00:00,3
2026-06-29 23:38:27.593932+00:00,3
2026-06-29 23:48:36.791969+00:00,3
2026-06-30 00:03:58.014085+00:00,3
2026-06-30 00:09:03.683654+00:00,3
2026-06-30 00:19:12.732761+00:00,3
2026-06-30 00:24:21.576291+00:00,3
2026-06-30 00:34:30.754411+00:00,3
2026-06-30 00:39:35.434342+00:00,3
2026-06-30 00:49:44.685361+00:00,3
2026-06-30 00:54:49.150007+00:00,3
2026-06-30 01:04:57.754450+00:00,3
2026-06-30 01:10:01.906719+00:00,3
2026-06-30 01:20:11.497522+00:00,3
2026-06-30 01:25:19.129615+00:00,3
2026-06-30 01:35:28.287888+00:00,3
2026-06-30 01:40:32.241637+00:00,3
2026-06-30 01:50:40.086744+00:00,3
2026-06-30 01:55:44.390820+00:00,3
2026-06-30 02:05:53.244310+00:00,2
2026-06-30 02:10:57.153092+00:00,2
2026-06-30 02:16:01.044597+00:00,7
2026-06-30 02:21:05.101941+00:00,7
2026-06-30 02:26:12.041966+00:00,1
2026-06-30 02:31:16.562566+00:00,2
2026-06-30 02:36:20.790114+00:00,2
2026-06-30 02:41:24.722264+00:00,2
2026-06-30 02:46:30.168821+00:00,2
2026-06-30 02:51:34.992953+00:00,2
2026-06-30 02:56:39.460447+00:00,2
2026-06-30 03:01:44.346815+00:00,2
2026-06-30 03:06:48.805718+00:00,2
2026-06-30 03:11:52.727972+00:00,2
2026-06-30 03:16:57.062576+00:00,7
2026-06-30 03:22:00.838855+00:00,7
2026-06-30 03:27:07.726154+00:00,7
2026-06-30 03:32:12.016712+00:00,3
2026-06-30 03:37:16.678305+00:00,3
2026-06-30 03:42:20.452154+00:00,3
2026-06-30 03:47:24.924932+00:00,3
2026-06-30 03:52:28.862550+00:00,3
2026-06-30 03:57:33.594167+00:00,3
2026-06-30 04:02:38.590515+00:00,3
2026-06-30 04:07:42.789993+00:00,3
2026-06-30 04:12:46.727036+00:00,3
2026-06-30 04:17:51.109230+00:00,3
2026-06-30 04:22:55.501682+00:00,3
2026-06-30 04:33:07.629772+00:00,3
2026-06-30 04:38:12.282749+00:00,3
2026-06-30 04:48:21.813420+00:00,3
2026-06-30 04:53:26.101269+00:00,3
2026-06-30 05:03:37.178230+00:00,3
2026-06-30 05:08:41.515514+00:00,3
2026-06-30 05:18:50.678476+00:00,3
2026-06-30 05:23:56.077731+00:00,3
2026-06-30 05:34:09.024463+00:00,3
2026-06-30 05:39:13.826986+00:00,3
2026-06-30 05:49:22.159052+00:00,3
2026-06-30 05:54:25.710712+00:00,3
2026-06-30 06:04:34.939156+00:00,2
2026-06-30 06:09:38.768550+00:00,2
2026-06-30 06:19:46.511879+00:00,3
2026-06-30 06:24:50.363568+00:00,3
2026-06-30 06:35:01.313447+00:00,2
2026-06-30 06:40:05.827779+00:00,2
2026-06-30 06:50:13.917663+00:00,3
2026-06-30 06:55:17.935383+00:00,3
2026-06-30 07:05:26.801297+00:00,3
2026-06-30 07:10:30.594919+00:00,3
2026-06-30 07:20:38.570221+00:00,3
2026-06-30 07:25:42.430306+00:00,3
2026-06-30 07:35:53.029053+00:00,3
2026-06-30 07:40:56.894582+00:00,3
2026-06-30 07:46:01.623058+00:00,3
2026-06-30 07:51:05.054560+00:00,3
2026-06-30 07:56:08.578191+00:00,3
2026-06-30 08:01:14.713914+00:00,3
2026-06-30 08:06:17.385626+00:00,3
2026-06-30 08:11:21.455071+00:00,3
2026-06-30 08:16:26.562710+00:00,3
2026-06-30 08:21:30.750619+00:00,3
2026-06-30 08:26:34.695042+00:00,3
2026-06-30 08:31:42.431245+00:00,3
2026-06-30 08:36:45.317000+00:00,3
2026-06-30 08:41:49.564341+00:00,3
2026-06-30 08:46:55.089447+00:00,3
2026-06-30 08:51:57.962614+00:00,3
2026-06-30 08:57:02.727633+00:00,3
2026-06-30 09:02:09.419860+00:00,3
2026-06-30 09:07:17.206183+00:00,3
2026-06-30 09:12:21.230275+00:00,3
2026-06-30 09:17:27.134759+00:00,3
2026-06-30 09:22:30.245119+00:00,3
2026-06-30 09:27:35.151276+00:00,3
2026-06-30 09:32:43.708422+00:00,3
2026-06-30 09:37:46.845863+00:00,3
2026-06-30 09:42:51.696383+00:00,3
2026-06-30 09:47:57.583527+00:00,3
2026-06-30 09:53:00.751370+00:00,3
2026-06-30 10:03:12.067479+00:00,3
2026-06-30 10:08:15.112230+00:00,3
2026-06-30 10:18:25.635692+00:00,3
2026-06-30 10:33:42.422050+00:00,3
2026-06-30 10:38:45.861501+00:00,3
2026-06-30 10:48:54.934437+00:00,3
2026-06-30 11:04:06.649752+00:00,3
2026-06-30 11:09:09.395169+00:00,3
2026-06-30 11:19:18.465407+00:00,3
2026-06-30 11:24:21.420256+00:00,3
2026-06-30 11:34:32.733892+00:00,3
2026-06-30 11:39:35.341663+00:00,3
2026-06-30 11:49:44.161925+00:00,3
2026-06-30 11:54:47.171939+00:00,3
2026-06-30 12:04:56.635262+00:00,3
2026-06-30 12:09:59.544531+00:00,3
2026-06-30 12:20:08.439510+00:00,3
2026-06-30 12:25:11.476967+00:00,3
2026-06-30 12:35:23.321190+00:00,3
2026-06-30 12:40:26.160770+00:00,3
2026-06-30 12:50:34.729458+00:00,3
2026-06-30 12:55:37.897772+00:00,3
2026-06-30 13:05:48.534183+00:00,3
2026-06-30 13:10:51.658365+00:00,3
2026-06-30 13:21:00.205429+00:00,3
2026-06-30 13:26:03.817098+00:00,3
2026-06-30 13:31:08.631667+00:00,3
2026-06-30 13:36:15.718818+00:00,3
2026-06-30 13:41:18.799870+00:00,3
2026-06-30 13:46:25.344573+00:00,3
2026-06-30 13:51:29.588536+00:00,3
2026-06-30 13:56:32.666530+00:00,3
2026-06-30 14:01:39.746344+00:00,3
2026-06-30 14:06:45.518879+00:00,3
2026-06-30 14:11:48.697493+00:00,3
2026-06-30 14:16:55.027533+00:00,3
2026-06-30 14:21:59.688742+00:00,3
2026-06-30 14:27:03.514564+00:00,3
2026-06-30 14:32:10.149567+00:00,3
2026-06-30 14:37:18.254887+00:00,3
2026-06-30 14:42:21.889866+00:00,3
2026-06-30 14:47:28.467636+00:00,3
2026-06-30 14:52:33.013294+00:00,3
2026-06-30 14:57:37.183243+00:00,3
2026-06-30 15:02:44.563233+00:00,3
2026-06-30 15:07:49.552835+00:00,3
2026-06-30 15:12:52.939593+00:00,3
2026-06-30 15:17:59.487448+00:00,3
2026-06-30 15:23:04.262534+00:00,3
2026-06-30 15:33:13.367918+00:00,3
2026-06-30 15:38:21.673861+00:00,3
2026-06-30 15:48:30.356600+00:00,3
2026-06-30 15:53:34.468310+00:00,3
2026-06-30 16:03:43.200560+00:00,3
2026-06-30 16:09:05.658485+00:00,3
2026-06-30 16:19:25.400563+00:00,3
2026-06-30 16:24:30.495447+00:00,3
2026-06-30 16:35:06.942084+00:00,3
2026-06-30 16:40:13.757842+00:00,3
2026-06-30 16:50:36.669578+00:00,3
2026-06-30 16:55:41.693429+00:00,3
2026-06-30 17:05:50.676202+00:00,3
2026-06-30 17:55:37.517534+00:00,-1
2026-06-30 18:05:44.601392+00:00,-1
2026-06-30 18:10:48.156046+00:00,3
2026-06-30 18:20:56.960786+00:00,3
2026-06-30 18:26:00.504178+00:00,3
2026-06-30 18:31:04.134398+00:00,3
2026-06-30 18:36:06.705244+00:00,3
2026-06-30 18:41:10.192854+00:00,3
2026-06-30 18:46:15.523445+00:00,3
2026-06-30 18:51:18.095880+00:00,3
2026-06-30 18:56:21.724277+00:00,3
2026-06-30 19:01:26.702226+00:00,3
2026-06-30 19:06:29.309227+00:00,3
2026-06-30 19:11:32.721219+00:00,3
2026-06-30 19:16:38.483785+00:00,3
2026-06-30 19:21:43.515612+00:00,3
2026-06-30 19:26:47.167308+00:00,3
2026-06-30 19:31:51.666947+00:00,3
2026-06-30 19:36:54.201750+00:00,3
2026-06-30 19:41:57.584141+00:00,3
2026-06-30 19:47:02.352561+00:00,3
2026-06-30 19:52:04.825410+00:00,3
2026-06-30 19:57:08.707918+00:00,3
2026-06-30 20:02:15.254910+00:00,3
2026-06-30 20:07:18.067923+00:00,3
2026-06-30 20:12:21.845498+00:00,7
2026-06-30 20:17:26.155980+00:00,7
2026-06-30 20:22:31.025972+00:00,3
2026-06-30 20:27:34.852745+00:00,3
2026-06-30 20:32:39.507324+00:00,3
2026-06-30 20:37:42.354727+00:00,3
2026-06-30 20:42:45.924846+00:00,3
2026-06-30 20:47:50.350705+00:00,3
2026-06-30 20:52:52.701715+00:00,3
2026-06-30 20:57:56.632517+00:00,3
2026-06-30 21:03:01.576457+00:00,3
2026-06-30 21:08:04.353371+00:00,3
2026-06-30 21:18:11.851927+00:00,3
2026-06-30 21:23:19.859159+00:00,3
2026-06-30 21:33:27.313873+00:00,3
2026-06-30 21:37:29.288496+00:00,3
2026-06-30 21:42:31.641789+00:00,3
2026-06-30 21:47:36.626099+00:00,3
2026-06-30 21:52:39.543764+00:00,3
2026-06-30 21:57:42.467160+00:00,3
2026-06-30 22:02:47.661550+00:00,3
2026-06-30 22:07:51.129725+00:00,3
2026-06-30 22:12:53.502728+00:00,3
2026-06-30 22:17:57.906731+00:00,3
2026-06-30 22:23:01.351172+00:00,3
2026-06-30 22:33:08.106667+00:00,3
2026-06-30 22:38:14.203684+00:00,3
2026-06-30 22:48:21.012194+00:00,3
2026-06-30 22:53:24.326035+00:00,3
2026-06-30 23:03:30.956288+00:00,3
2026-06-30 23:08:34.757619+00:00,3
2026-06-30 23:18:41.199596+00:00,3
2026-06-30 23:23:44.325094+00:00,3
2026-06-30 23:33:50.353015+00:00,3
2026-06-30 23:38:56.516751+00:00,3
2026-06-30 23:49:02.855987+00:00,3
2026-06-30 23:54:06.030867+00:00,3
2026-07-01 01:33:37.261396+00:00,-1
2026-07-01 01:38:40.950127+00:00,-1
2026-07-01 01:48:49.694180+00:00,3
2026-07-01 01:53:54.151509+00:00,3
2026-07-01 02:04:03.081545+00:00,1
2026-07-01 02:09:06.986035+00:00,1
2026-07-01 02:19:18.125369+00:00,2
2026-07-01 02:24:22.785867+00:00,2
2026-07-01 02:34:31.556387+00:00,2
2026-07-01 02:39:35.789809+00:00,2
2026-07-01 02:49:43.879811+00:00,2
2026-07-01 02:54:48.241867+00:00,2
2026-07-01 03:04:57.517637+00:00,3
2026-07-01 03:10:02.051665+00:00,3
2026-07-01 03:20:15.203276+00:00,3
2026-07-01 03:25:19.228891+00:00,3
2026-07-01 03:41:34.351187+00:00,3
2026-07-01 03:46:38.600012+00:00,3
2026-07-01 03:51:42.774909+00:00,3
2026-07-01 03:56:47.266888+00:00,3
2026-07-01 04:01:52.720400+00:00,3
2026-07-01 04:06:57.040391+00:00,3
2026-07-01 04:12:01.092156+00:00,3
2026-07-01 04:17:13.207164+00:00,7
2026-07-01 04:22:17.419551+00:00,3
2026-07-01 04:27:25.850707+00:00,3
2026-07-01 04:32:30.545991+00:00,3
2026-07-01 04:42:38.921559+00:00,3
2026-07-01 04:47:42.762803+00:00,3
2026-07-01 05:05:26.752438+00:00,3
2026-07-01 05:10:31.212206+00:00,3
2026-07-01 05:20:39.537889+00:00,3
2026-07-01 05:35:51.310234+00:00,3
2026-07-01 05:40:55.731262+00:00,3
2026-07-01 05:46:00.806437+00:00,3
2026-07-01 05:51:04.036417+00:00,3
2026-07-01 05:56:07.906269+00:00,3
2026-07-01 06:01:16.975807+00:00,3
2026-07-01 06:06:19.893974+00:00,3
2026-07-01 06:11:24.408306+00:00,3
2026-07-01 06:16:29.704515+00:00,3
2026-07-01 06:21:32.575514+00:00,3
2026-07-01 06:26:36.552262+00:00,3
2026-07-01 06:31:42.763271+00:00,3
2026-07-01 06:36:45.810110+00:00,3
2026-07-01 06:41:50.394106+00:00,3
2026-07-01 06:46:55.857706+00:00,3
2026-07-01 06:51:59.267157+00:00,3
2026-07-01 06:57:03.507256+00:00,3
2026-07-01 07:02:13.047182+00:00,3
2026-07-01 07:07:16.009816+00:00,3
2026-07-01 07:12:20.483202+00:00,3
2026-07-01 07:17:26.180040+00:00,3
2026-07-01 07:32:38.467735+00:00,3
2026-07-01 07:37:41.941929+00:00,3
2026-07-01 07:42:45.860066+00:00,3
2026-07-01 07:47:51.124835+00:00,3
2026-07-01 07:52:54.847667+00:00,3
2026-07-01 07:57:58.970947+00:00,3
2026-07-01 08:03:08.271225+00:00,3
2026-07-01 08:08:11.610649+00:00,3
2026-07-01 08:18:20.860681+00:00,3
2026-07-01 08:23:24.060853+00:00,3
2026-07-01 08:33:33.407874+00:00,3
2026-07-01 08:38:36.463262+00:00,3
2026-07-01 08:48:45.731097+00:00,3
2026-07-01 08:53:49.550302+00:00,3
2026-07-01 09:04:02.149334+00:00,7
2026-07-01 09:09:04.983994+00:00,2
2026-07-01 09:19:14.631979+00:00,2
2026-07-01 09:24:18.004502+00:00,7
2026-07-01 09:34:27.249118+00:00,7
2026-07-01 09:39:30.350732+00:00,3
2026-07-01 09:49:39.506607+00:00,7
2026-07-01 09:54:42.807459+00:00,7
2026-07-01 10:04:54.622269+00:00,3
2026-07-01 10:09:57.768954+00:00,3
2026-07-01 10:20:06.514404+00:00,3
2026-07-01 10:25:09.345341+00:00,3
2026-07-01 10:35:19.613921+00:00,3
2026-07-01 10:40:22.375116+00:00,3
2026-07-01 10:50:31.675472+00:00,3
2026-07-01 10:55:34.915617+00:00,3
2026-07-01 11:05:46.673777+00:00,3
2026-07-01 11:10:49.285433+00:00,3
2026-07-01 11:20:58.341435+00:00,3
2026-07-01 11:26:01.290316+00:00,3
2026-07-01 11:31:05.611576+00:00,3
2026-07-01 11:36:09.909710+00:00,3
2026-07-01 11:41:12.869021+00:00,3
2026-07-01 11:46:18.215460+00:00,3
2026-07-01 11:51:21.974022+00:00,3
2026-07-01 11:56:26.290850+00:00,3
2026-07-01 12:01:32.162233+00:00,3
2026-07-01 12:06:39.062080+00:00,3
2026-07-01 12:11:41.555507+00:00,3
2026-07-01 12:16:46.948616+00:00,3
2026-07-01 12:21:50.875137+00:00,3
2026-07-01 12:26:54.180531+00:00,3
2026-07-01 12:31:59.115527+00:00,3
2026-07-01 12:37:03.315852+00:00,3
2026-07-01 12:42:06.329081+00:00,3
2026-07-01 12:47:12.226779+00:00,3
2026-07-01 12:52:16.203403+00:00,3
2026-07-01 12:57:19.203818+00:00,3
2026-07-01 13:02:24.739072+00:00,3
2026-07-01 13:07:31.402506+00:00,3
2026-07-01 13:17:40.834735+00:00,3
2026-07-01 13:32:52.315329+00:00,3
2026-07-01 13:37:56.789801+00:00,3
2026-07-01 13:42:59.381094+00:00,3
2026-07-01 13:48:05.224548+00:00,3
2026-07-01 14:03:17.913181+00:00,3
2026-07-01 14:08:24.840782+00:00,3
2026-07-01 14:18:32.749023+00:00,3
2026-07-01 14:33:45.733190+00:00,3
2026-07-01 14:38:50.391825+00:00,3
2026-07-01 14:48:58.592675+00:00,3
2026-07-01 14:54:02.490548+00:00,3
2026-07-01 15:04:10.684915+00:00,3
2026-07-01 15:09:17.686418+00:00,3
2026-07-01 15:19:25.070151+00:00,3
2026-07-01 15:24:28.931288+00:00,3
2026-07-01 15:34:36.495964+00:00,3
2026-07-01 15:39:41.122465+00:00,3
2026-07-01 15:49:48.753854+00:00,3
2026-07-01 15:54:52.645627+00:00,3
2026-07-01 16:05:01.406341+00:00,3
2026-07-01 16:10:08.354146+00:00,3
2026-07-01 16:20:16.444364+00:00,3
2026-07-01 16:25:21.603243+00:00,3
2026-07-01 17:10:31.695516+00:00,-1
2026-07-01 17:20:39.235926+00:00,-1
2026-07-01 17:25:41.695054+00:00,3
2026-07-01 17:35:49.030053+00:00,3
2026-07-01 17:40:51.915656+00:00,3
2026-07-01 17:51:01.436022+00:00,3
2026-07-01 17:56:03.879306+00:00,3
2026-07-01 18:01:08.464084+00:00,3
2026-07-01 18:06:11.672573+00:00,3
2026-07-01 18:11:14.207208+00:00,3
2026-07-01 18:16:18.569628+00:00,3
2026-07-01 18:21:23.575324+00:00,3
2026-07-01 18:31:30.352389+00:00,3
2026-07-01 18:36:33.894226+00:00,3
2026-07-01 18:46:40.724380+00:00,3
2026-07-01 18:51:47.111949+00:00,3
2026-07-01 19:01:54.526898+00:00,3
2026-07-01 19:17:04.860595+00:00,3
2026-07-01 19:32:14.696304+00:00,3
2026-07-01 19:47:24.429711+00:00,3
2026-07-01 19:52:30.113064+00:00,3
2026-07-01 20:02:36.990944+00:00,3
2026-07-01 20:07:40.304156+00:00,3
2026-07-01 20:12:42.999931+00:00,3
2026-07-01 20:17:47.985328+00:00,3
2026-07-01 20:22:51.635254+00:00,3
2026-07-01 20:27:54.181384+00:00,3
2026-07-01 20:32:59.118315+00:00,3
2026-07-01 20:38:02.680275+00:00,3
2026-07-01 20:48:09.218809+00:00,3
2026-07-01 21:03:22.769130+00:00,3
2026-07-01 21:18:32.520204+00:00,3
2026-07-01 21:33:43.601352+00:00,3
2026-07-01 21:48:53.222864+00:00,3
2026-07-01 21:53:59.011522+00:00,3
2026-07-01 22:04:05.688729+00:00,3
2026-07-01 22:09:08.927032+00:00,3
2026-07-01 22:19:15.668564+00:00,3
2026-07-01 22:24:19.443198+00:00,3
2026-07-01 22:34:26.634150+00:00,3
2026-07-01 22:39:29.811970+00:00,3
2026-07-01 22:49:36.549213+00:00,3
2026-07-01 22:54:42.467804+00:00,3
2026-07-01 23:04:49.705362+00:00,3
2026-07-01 23:09:53.029396+00:00,3
2026-07-02 00:11:08.398248+00:00,-1
2026-07-02 00:51:04.636390+00:00,-1
2026-07-02 00:56:11.821635+00:00,-1
2026-07-02 01:01:18.073199+00:00,3
2026-07-02 01:06:22.526053+00:00,3
2026-07-02 01:16:31.132825+00:00,3
2026-07-02 01:21:38.165908+00:00,3
2026-07-02 01:26:41.192208+00:00,3
2026-07-02 01:31:47.152848+00:00,3
2026-07-02 01:46:59.793953+00:00,3
2026-07-02 01:52:04.485229+00:00,3
2026-07-02 01:57:07.246341+00:00,3
2026-07-02 02:02:14.330136+00:00,3
2026-07-02 02:07:18.481581+00:00,3
2026-07-02 02:12:21.966979+00:00,3
2026-07-02 02:17:28.194719+00:00,3
2026-07-02 02:22:35.947018+00:00,3
2026-07-02 02:27:44.256190+00:00,3
2026-07-02 02:32:50.137201+00:00,3
2026-07-02 02:37:54.562589+00:00,3
2026-07-02 02:42:57.721336+00:00,3
2026-07-02 02:48:03.155474+00:00,3
2026-07-02 02:53:07.748906+00:00,3
2026-07-02 03:03:16.030066+00:00,3
2026-07-02 03:08:19.774915+00:00,3
2026-07-02 03:18:27.910194+00:00,3
2026-07-02 03:23:34.965815+00:00,3
2026-07-02 03:33:42.851097+00:00,3
2026-07-02 03:38:46.874220+00:00,3
2026-07-02 03:48:54.877788+00:00,3
2026-07-02 03:53:59.599891+00:00,3
2026-07-02 04:04:08.180188+00:00,3
2026-07-02 04:09:12.229663+00:00,3
2026-07-02 04:19:20.981884+00:00,3
2026-07-02 04:24:28.117366+00:00,3
2026-07-02 04:34:36.109350+00:00,3
2026-07-02 04:39:40.259551+00:00,3
2026-07-02 04:49:48.598432+00:00,3
2026-07-02 04:54:53.042496+00:00,3
2026-07-02 05:05:02.449854+00:00,3
2026-07-02 05:10:06.883018+00:00,3
2026-07-02 05:20:14.666243+00:00,3
2026-07-02 05:25:22.169922+00:00,3
2026-07-02 05:35:30.314669+00:00,3
2026-07-02 05:50:43.526886+00:00,3
2026-07-02 05:55:48.267877+00:00,3
2026-07-02 06:05:58.577882+00:00,3
2026-07-02 06:11:02.803889+00:00,3
2026-07-02 06:16:06.921513+00:00,3
2026-07-02 06:21:10.931777+00:00,3
2026-07-02 06:31:22.448911+00:00,3
2026-07-02 09:03:32.054409+00:00,-1
2026-07-02 09:08:35.623191+00:00,-1
2026-07-02 09:18:46.716214+00:00,3
2026-07-02 09:23:51.778783+00:00,3
2026-07-02 09:34:05.941557+00:00,3
2026-07-02 09:39:10.513246+00:00,3
2026-07-02 09:49:21.386668+00:00,3
2026-07-02 09:54:26.362313+00:00,3
2026-07-02 10:04:37.486496+00:00,3
2026-07-02 10:09:42.517073+00:00,3
2026-07-02 10:19:52.932725+00:00,3
2026-07-02 10:24:57.339294+00:00,3
2026-07-02 10:35:10.675548+00:00,3
2026-07-02 10:50:25.053854+00:00,3
2026-07-02 11:05:41.393787+00:00,3
2026-07-02 11:10:46.988034+00:00,3
2026-07-02 11:20:57.529261+00:00,3
2026-07-02 11:26:02.827296+00:00,3
2026-07-02 11:31:11.888938+00:00,3
2026-07-02 11:36:15.239765+00:00,3
2026-07-02 11:41:19.613974+00:00,3
2026-07-02 11:46:25.371739+00:00,3
2026-07-02 11:51:28.555446+00:00,3
2026-07-02 11:56:32.562041+00:00,3
2026-07-02 12:01:38.956824+00:00,3
2026-07-02 12:06:41.982928+00:00,3
2026-07-02 12:11:46.428944+00:00,3
2026-07-02 12:16:52.038806+00:00,3
2026-07-02 12:21:55.009953+00:00,3
2026-07-02 12:26:59.248574+00:00,3
2026-07-02 12:32:08.290340+00:00,3
2026-07-02 12:47:23.004579+00:00,3
2026-07-02 13:02:35.873456+00:00,3
2026-07-02 13:07:38.922568+00:00,3
2026-07-02 13:17:48.283993+00:00,3
2026-07-02 13:33:03.498183+00:00,3
2026-07-02 13:48:15.405920+00:00,3
2026-07-02 14:03:28.971376+00:00,3
2026-07-02 14:18:42.346972+00:00,3
2026-07-02 14:23:46.059609+00:00,3
2026-07-02 14:34:00.224990+00:00,3
2026-07-02 14:39:03.799382+00:00,3
2026-07-02 14:49:14.273153+00:00,3
2026-07-02 15:04:30.225298+00:00,3
2026-07-02 15:09:33.957563+00:00,3
2026-07-02 15:19:45.084379+00:00,3
2026-07-02 15:24:49.114415+00:00,3
2026-07-02 15:35:04.338323+00:00,3
2026-07-02 15:40:07.849984+00:00,3
2026-07-02 15:50:21.564873+00:00,3
2026-07-02 15:55:25.108162+00:00,3
2026-07-02 16:05:34.747407+00:00,3
2026-07-02 16:20:46.192637+00:00,3
2026-07-02 16:25:49.632090+00:00,3
2026-07-02 16:36:03.124585+00:00,3
2026-07-02 16:41:05.954360+00:00,3
2026-07-02 16:46:10.979761+00:00,3
2026-07-02 17:01:24.875992+00:00,3
2026-07-02 17:06:29.710185+00:00,3
2026-07-02 17:16:39.105658+00:00,3
2026-07-02 17:31:54.434444+00:00,3
2026-07-02 17:37:01.403457+00:00,3
2026-07-02 17:42:04.771456+00:00,3
2026-07-02 17:47:10.221407+00:00,3
2026-07-02 17:52:14.472743+00:00,3
2026-07-02 17:57:17.981707+00:00,3
2026-07-02 18:02:23.464853+00:00,3
2026-07-02 18:17:35.606627+00:00,3
2026-07-02 18:22:39.667722+00:00,3
2026-07-02 18:27:42.847682+00:00,3
2026-07-02 18:32:48.315565+00:00,3
2026-07-02 18:37:56.478473+00:00,3
2026-07-02 18:42:59.357344+00:00,3
2026-07-02 18:48:04.869130+00:00,3
2026-07-02 18:53:09.917394+00:00,3
2026-07-02 19:03:25.040473+00:00,3
2026-07-02 19:08:34.782799+00:00,3
2026-07-02 19:18:43.354849+00:00,3
2026-07-02 19:23:47.406366+00:00,3
2026-07-02 19:33:56.522850+00:00,3
2026-07-02 19:39:01.714286+00:00,3
2026-07-02 19:49:11.734175+00:00,3
2026-07-02 19:54:16.633491+00:00,3
2026-07-02 20:04:29.570872+00:00,3
2026-07-02 20:09:33.978504+00:00,3
2026-07-02 20:19:42.621470+00:00,3
2026-07-02 20:24:46.934517+00:00,3
2026-07-02 20:34:55.960377+00:00,3
2026-07-02 20:40:00.485343+00:00,3
2026-07-02 20:48:55.032172+00:00,3
2026-07-02 20:53:58.355052+00:00,3
2026-07-02 21:04:09.651817+00:00,3
2026-07-02 21:09:12.823722+00:00,3
2026-07-02 21:19:21.821648+00:00,3
2026-07-02 21:24:24.539443+00:00,3
2026-07-02 21:34:33.242810+00:00,3
2026-07-02 21:39:36.356119+00:00,3
2026-07-02 21:49:48.740477+00:00,3
2026-07-02 21:54:51.964158+00:00,3
2026-07-02 22:05:03.493983+00:00,3
2026-07-02 22:10:07.531461+00:00,3
2026-07-02 22:20:20.017017+00:00,3
2026-07-02 22:25:23.434727+00:00,3
2026-07-02 22:35:34.080684+00:00,3
2026-07-02 22:40:38.416452+00:00,3
2026-07-02 22:50:52.422934+00:00,3
2026-07-02 22:55:56.408404+00:00,3
2026-07-02 23:01:03.015902+00:00,3
2026-07-02 23:06:07.851599+00:00,3
2026-07-02 23:11:11.834158+00:00,3
2026-07-02 23:16:18.264550+00:00,3
2026-07-02 23:21:23.254070+00:00,3
2026-07-02 23:26:26.378098+00:00,3
2026-07-02 23:36:46.332674+00:00,3
2026-07-02 23:41:50.698245+00:00,3
2026-07-02 23:46:55.117902+00:00,3
2026-07-02 23:51:59.140757+00:00,3
2026-07-02 23:57:05.915622+00:00,3
2026-07-03 00:02:10.820695+00:00,2
2026-07-03 00:07:14.946992+00:00,2
2026-07-03 00:12:18.945178+00:00,2
2026-07-03 00:17:23.692026+00:00,3
2026-07-03 00:22:27.887965+00:00,3
2026-07-03 00:27:32.379373+00:00,3
2026-07-03 00:32:36.612815+00:00,3
2026-07-03 00:37:41.245506+00:00,3
2026-07-03 00:42:45.775522+00:00,3
2026-07-03 00:47:51.137981+00:00,2
2026-07-03 00:52:55.833124+00:00,2
2026-07-03 01:03:08.695626+00:00,3
2026-07-03 01:18:22.708957+00:00,3
2026-07-03 01:23:27.453809+00:00,3
2026-07-03 01:33:38.026326+00:00,3
2026-07-03 01:38:42.939643+00:00,3
2026-07-03 01:48:53.820885+00:00,3
2026-07-03 01:53:58.421020+00:00,3
2026-07-03 02:04:10.202284+00:00,3
2026-07-03 02:09:14.596876+00:00,3
2026-07-03 02:19:22.606533+00:00,3
2026-07-03 02:34:35.234291+00:00,3
2026-07-03 02:39:39.589744+00:00,3
2026-07-03 02:49:47.999063+00:00,3
2026-07-03 03:05:05.265288+00:00,3
2026-07-03 03:10:10.477157+00:00,3
2026-07-03 03:20:20.035350+00:00,3
2026-07-03 03:25:24.947030+00:00,3
2026-07-03 03:35:34.319203+00:00,3
2026-07-03 03:40:38.854534+00:00,3
2026-07-03 03:50:47.298380+00:00,3
2026-07-03 03:55:51.409159+00:00,3
2026-07-03 04:06:02.555758+00:00,2
2026-07-03 04:11:07.203387+00:00,2
2026-07-03 04:16:11.969182+00:00,7
2026-07-03 04:21:15.309402+00:00,3
2026-07-03 04:26:19.584654+00:00,3
2026-07-03 04:31:24.950505+00:00,2
2026-07-03 04:36:32.828316+00:00,2
2026-07-03 04:41:37.602318+00:00,2
2026-07-03 04:46:43.661490+00:00,2
2026-07-03 04:51:48.097990+00:00,2
2026-07-03 04:56:52.407504+00:00,2
2026-07-03 05:02:02.199584+00:00,3
2026-07-03 05:07:05.467566+00:00,3
2026-07-03 05:12:09.994761+00:00,3
2026-07-03 05:17:15.857891+00:00,3
2026-07-03 05:22:18.852459+00:00,3
2026-07-03 05:27:23.203320+00:00,3
2026-07-03 05:32:29.119110+00:00,3
2026-07-03 05:37:32.329693+00:00,3
2026-07-03 05:50:50.396155+00:00,3
2026-07-03 06:06:02.360116+00:00,3
2026-07-03 06:11:07.078158+00:00,3
2026-07-03 06:16:10.942930+00:00,3
2026-07-03 06:21:15.145228+00:00,3
2026-07-03 06:26:19.126600+00:00,3
2026-07-03 06:31:25.625739+00:00,3
2026-07-03 06:36:29.476785+00:00,3
2026-07-03 06:41:36.471098+00:00,3
2026-07-03 06:46:40.483055+00:00,3
2026-07-03 06:51:44.634458+00:00,3
2026-07-03 06:56:48.872100+00:00,3
2026-07-03 07:01:54.187651+00:00,3
2026-07-03 07:06:58.230077+00:00,3
2026-07-03 07:12:03.094783+00:00,3
2026-07-03 07:17:07.404762+00:00,3
2026-07-03 07:22:11.815677+00:00,3
2026-07-03 07:27:15.985447+00:00,3
2026-07-03 07:32:20.770641+00:00,3
2026-07-03 07:37:24.589199+00:00,3
2026-07-03 07:42:31.634061+00:00,3
2026-07-03 07:47:35.785564+00:00,3
2026-07-03 07:52:39.855351+00:00,3
2026-07-03 07:57:43.996858+00:00,3
2026-07-03 08:02:50.447207+00:00,3
2026-07-03 08:07:54.463127+00:00,3
2026-07-03 08:12:59.132469+00:00,3
2026-07-03 08:18:03.627027+00:00,3
2026-07-03 08:23:09.242103+00:00,3
2026-07-03 08:33:17.450125+00:00,3
2026-07-03 08:38:21.046229+00:00,3
2026-07-03 08:48:32.457996+00:00,3
2026-07-03 08:53:36.882052+00:00,3
2026-07-03 09:03:46.582644+00:00,3
2026-07-03 09:08:50.538031+00:00,3
2026-07-03 09:18:59.577134+00:00,3
2026-07-03 09:24:03.797391+00:00,3
2026-07-03 09:34:12.113069+00:00,3
2026-07-03 09:39:16.015728+00:00,3
2026-07-03 09:49:26.832089+00:00,3
2026-07-03 10:04:39.820747+00:00,2
2026-07-03 10:09:43.404583+00:00,2
2026-07-03 10:19:51.589379+00:00,2
2026-07-03 10:24:55.611139+00:00,2
2026-07-03 10:35:03.939571+00:00,2
2026-07-03 10:40:07.927495+00:00,2
2026-07-03 10:50:20.029216+00:00,2
2026-07-03 10:55:24.168113+00:00,2
2026-07-03 11:05:33.291908+00:00,3
2026-07-03 11:10:37.043121+00:00,3
2026-07-03 11:20:44.608095+00:00,3
2026-07-03 11:25:48.830337+00:00,3
2026-07-03 11:35:57.323142+00:00,3
2026-07-03 11:41:01.284649+00:00,3
2026-07-03 11:46:08.791307+00:00,3
2026-07-03 12:01:21.209302+00:00,3
2026-07-03 12:06:24.625998+00:00,3
2026-07-03 12:16:33.643735+00:00,3
2026-07-03 12:21:36.361496+00:00,3
2026-07-03 12:26:40.635570+00:00,3
2026-07-03 12:31:45.772486+00:00,3
2026-07-03 12:36:48.920588+00:00,3
2026-07-03 12:41:53.153502+00:00,3
2026-07-03 12:47:02.388581+00:00,3
2026-07-03 12:52:05.254057+00:00,3
2026-07-03 12:57:09.890812+00:00,3
2026-07-03 13:02:16.046729+00:00,3
2026-07-03 13:07:18.979752+00:00,3
2026-07-03 13:12:23.302637+00:00,3
2026-07-03 13:17:34.169388+00:00,3
2026-07-03 13:22:37.202990+00:00,3
2026-07-03 13:27:41.723202+00:00,3
2026-07-03 13:32:47.354622+00:00,3
2026-07-03 13:37:50.278097+00:00,3
2026-07-03 13:42:54.508491+00:00,3
2026-07-03 13:48:02.566062+00:00,3
2026-07-03 13:53:05.347559+00:00,3
2026-07-03 14:03:15.400107+00:00,3
2026-07-03 14:08:18.357781+00:00,3
2026-07-03 14:18:27.966937+00:00,3
2026-07-03 14:33:39.578354+00:00,3
2026-07-03 14:38:42.967403+00:00,3
2026-07-03 14:48:55.132390+00:00,3
2026-07-03 14:53:57.980995+00:00,3
2026-07-03 15:04:07.331908+00:00,3
2026-07-03 15:09:10.404500+00:00,3
2026-07-03 15:19:19.631317+00:00,3
2026-07-03 15:24:22.470528+00:00,3
2026-07-03 16:09:21.598275+00:00,-1
2026-07-03 16:18:50.406300+00:00,-1
2026-07-03 16:34:00.262965+00:00,3
2026-07-03 16:39:02.477684+00:00,3
2026-07-03 16:49:10.779619+00:00,3
2026-07-03 16:54:13.254765+00:00,3
2026-07-03 17:04:21.203708+00:00,2
2026-07-03 17:19:33.684575+00:00,2
2026-07-03 17:24:36.095700+00:00,2
2026-07-03 17:34:43.778319+00:00,3
2026-07-03 17:39:46.315331+00:00,3
2026-07-03 17:49:54.510254+00:00,2
2026-07-03 17:54:56.814712+00:00,2
2026-07-03 18:05:04.813535+00:00,3
2026-07-03 18:10:07.556324+00:00,3
2026-07-03 18:20:17.630662+00:00,3
2026-07-03 18:25:19.888503+00:00,3
2026-07-03 18:35:26.985878+00:00,3
2026-07-03 18:50:36.488305+00:00,3
2026-07-03 18:55:38.967019+00:00,3
2026-07-03 19:05:46.313026+00:00,3
2026-07-03 19:10:48.637181+00:00,3
2026-07-03 19:20:58.562448+00:00,3
2026-07-03 19:31:04.691649+00:00,3
2026-07-03 19:36:07.758130+00:00,3
2026-07-03 19:41:10.700195+00:00,3
2026-07-03 19:46:15.332951+00:00,3
2026-07-03 19:51:18.753154+00:00,3
2026-07-03 19:56:20.982552+00:00,3
2026-07-03 20:01:26.824613+00:00,3
2026-07-03 20:06:30.446857+00:00,3
2026-07-03 20:11:33.405139+00:00,3
2026-07-03 20:16:37.802867+00:00,3
2026-07-03 20:21:43.711226+00:00,3
2026-07-03 20:26:45.967038+00:00,3
2026-07-03 20:31:50.860901+00:00,3
2026-07-03 20:36:55.550435+00:00,3
2026-07-03 20:41:58.202118+00:00,3
2026-07-03 20:47:03.556475+00:00,3
2026-07-03 21:02:37.464062+00:00,3
2026-07-03 21:07:44.928669+00:00,3
2026-07-03 21:12:48.662473+00:00,3
2026-07-03 21:20:55.154699+00:00,3
2026-07-03 21:25:58.932895+00:00,3
2026-07-03 21:31:02.998458+00:00,3
2026-07-03 21:36:05.669581+00:00,3
2026-07-03 21:41:08.665133+00:00,3
2026-07-03 21:46:13.404481+00:00,3
2026-07-03 22:01:23.598670+00:00,3
2026-07-03 22:06:26.499743+00:00,3
2026-07-03 22:11:29.829225+00:00,3
2026-07-03 22:16:36.683131+00:00,3
2026-07-03 22:21:39.008214+00:00,3
2026-07-03 22:31:47.080917+00:00,3
2026-07-03 22:36:49.921902+00:00,3
2026-07-03 22:41:52.974518+00:00,3
2026-07-03 22:46:57.941841+00:00,3
2026-07-03 23:34:47.633916+00:00,-1
2026-07-03 23:50:03.064526+00:00,-1
2026-07-03 23:55:06.874756+00:00,3
2026-07-04 00:05:17.748799+00:00,3
2026-07-04 00:10:21.044639+00:00,3
2026-07-04 00:20:31.380013+00:00,3
2026-07-04 00:25:34.444156+00:00,3
2026-07-04 00:35:43.097325+00:00,3
2026-07-04 00:40:46.239548+00:00,3
2026-07-04 00:50:58.100757+00:00,3
2026-07-04 01:01:07.083215+00:00,3
2026-07-04 01:06:11.431814+00:00,3
2026-07-04 01:11:14.864836+00:00,3
2026-07-04 01:16:20.816138+00:00,3
2026-07-04 01:21:26.516947+00:00,3
2026-07-04 01:31:37.800042+00:00,3
2026-07-04 01:46:53.024712+00:00,3
2026-07-04 01:52:01.416568+00:00,3
2026-07-04 01:57:05.178463+00:00,3
2026-07-04 02:02:13.164226+00:00,3
2026-07-04 02:07:17.821804+00:00,3
2026-07-04 02:12:21.773321+00:00,3
2026-07-04 02:17:28.767403+00:00,3
2026-07-04 02:22:34.062429+00:00,3
2026-07-04 02:27:37.793100+00:00,3
2026-07-04 02:32:45.574421+00:00,3
2026-07-04 02:37:50.254693+00:00,3
2026-07-04 02:42:53.959412+00:00,3
2026-07-04 02:48:00.855693+00:00,3
2026-07-04 02:53:08.327743+00:00,3
2026-07-04 03:03:16.735019+00:00,2
2026-07-04 03:18:29.449532+00:00,2
2026-07-04 03:33:42.790276+00:00,2
2026-07-04 03:38:47.020566+00:00,2
2026-07-04 03:48:55.824028+00:00,2
2026-07-04 03:54:03.342448+00:00,2
2026-07-04 04:04:12.138448+00:00,3
2026-07-04 04:09:16.817907+00:00,3
2026-07-04 04:19:25.621548+00:00,3
2026-07-04 04:24:30.402729+00:00,3
2026-07-04 04:34:38.750408+00:00,3
2026-07-04 04:39:43.047973+00:00,3
2026-07-04 04:49:51.510303+00:00,3
2026-07-04 04:54:58.272634+00:00,3
2026-07-04 05:05:08.077748+00:00,3
2026-07-04 05:10:12.656360+00:00,3
2026-07-04 05:20:21.215210+00:00,3
2026-07-04 05:25:25.946072+00:00,3
2026-07-04 05:35:34.663770+00:00,3
2026-07-04 05:40:39.264531+00:00,3
2026-07-04 05:50:48.039330+00:00,3
2026-07-04 05:55:54.871024+00:00,3
2026-07-04 06:06:03.772680+00:00,3
2026-07-04 06:11:07.657815+00:00,3
2026-07-04 06:16:11.740019+00:00,3
2026-07-04 06:21:15.762000+00:00,3
2026-07-04 06:26:20.260254+00:00,3
2026-07-04 06:31:24.796429+00:00,3
2026-07-04 06:46:37.637420+00:00,3
2026-07-04 06:51:41.739892+00:00,3
2026-07-04 06:56:49.233593+00:00,3
2026-07-04 07:01:53.968050+00:00,2
2026-07-04 07:06:58.828870+00:00,2
2026-07-04 07:12:03.369639+00:00,2
2026-07-04 07:17:08.826753+00:00,7
2026-07-04 07:22:13.861934+00:00,2
2026-07-04 07:32:24.413789+00:00,2
2026-07-04 07:37:29.584402+00:00,2
2026-07-04 07:42:33.956730+00:00,2
2026-07-04 07:47:39.660636+00:00,1
2026-07-04 08:02:59.812471+00:00,2
2026-07-04 08:08:04.420682+00:00,2
2026-07-04 08:18:14.680702+00:00,3
2026-07-04 08:23:19.538958+00:00,3
2026-07-04 08:33:31.382900+00:00,7
2026-07-04 08:38:36.861398+00:00,2
2026-07-04 08:48:47.615416+00:00,2
2026-07-04 08:53:52.667994+00:00,2
2026-07-04 09:04:07.676476+00:00,3
2026-07-04 09:09:12.781576+00:00,3
2026-07-04 09:19:23.536291+00:00,3
2026-07-04 09:24:28.527090+00:00,3
2026-07-04 09:34:38.925295+00:00,3
2026-07-04 09:39:43.797825+00:00,3
2026-07-04 09:49:54.171042+00:00,3
2026-07-04 10:05:16.202456+00:00,3
2026-07-04 10:10:21.147679+00:00,3
2026-07-04 10:20:31.046944+00:00,3
2026-07-04 10:25:36.386463+00:00,3
2026-07-04 10:35:46.746965+00:00,3
2026-07-04 10:40:51.970454+00:00,3
2026-07-04 10:51:00.392480+00:00,3
2026-07-04 10:56:03.980334+00:00,3
2026-07-04 11:01:12.720176+00:00,2
2026-07-04 11:06:15.992628+00:00,2
2026-07-04 11:11:20.107744+00:00,2
2026-07-04 11:16:26.005637+00:00,2
2026-07-04 11:31:38.825572+00:00,1
2026-07-04 11:36:41.781243+00:00,1
2026-07-04 11:41:46.335446+00:00,1
2026-07-04 11:46:52.530046+00:00,2
2026-07-04 11:51:55.492982+00:00,2
2026-07-04 11:56:59.974267+00:00,2
2026-07-04 12:02:08.892371+00:00,7
2026-07-04 12:17:21.510591+00:00,2
2026-07-04 12:22:24.588660+00:00,2
2026-07-04 12:27:28.746828+00:00,2
2026-07-04 12:32:34.650052+00:00,2
2026-07-04 12:37:37.762326+00:00,2
2026-07-04 12:42:42.111637+00:00,2
2026-07-04 12:47:47.366789+00:00,2
2026-07-04 12:52:50.433759+00:00,2
2026-07-04 12:57:54.718501+00:00,2
2026-07-04 13:03:03.542119+00:00,2
2026-07-04 13:08:06.218673+00:00,2
2026-07-04 13:18:15.145783+00:00,1
2026-07-04 13:33:28.553732+00:00,2
2026-07-04 13:38:31.817519+00:00,2
2026-07-04 13:48:41.330292+00:00,1
2026-07-04 13:53:44.514917+00:00,1
2026-07-04 14:03:57.291971+00:00,3
2026-07-04 14:19:09.187948+00:00,3
2026-07-04 14:24:12.630032+00:00,3
2026-07-04 14:34:22.978801+00:00,3
2026-07-04 14:39:26.270681+00:00,3
2026-07-04 14:49:37.168910+00:00,3
2026-07-04 14:54:40.867395+00:00,3
2026-07-04 15:52:35.787281+00:00,-1
2026-07-04 15:57:38.967968+00:00,-1
2026-07-04 16:02:43.448018+00:00,3
2026-07-04 16:07:46.832598+00:00,3
2026-07-04 16:12:50.453713+00:00,3
2026-07-04 16:17:53.925365+00:00,3
2026-07-04 16:22:57.805995+00:00,3
2026-07-04 16:33:05.248903+00:00,3
2026-07-04 16:48:15.155219+00:00,3
2026-07-04 16:53:20.702177+00:00,3
2026-07-04 17:03:27.637832+00:00,3
2026-07-04 17:08:30.578558+00:00,3
2026-07-04 17:18:37.680317+00:00,3
2026-07-04 17:33:48.884265+00:00,3
2026-07-04 17:38:52.151966+00:00,3
2026-07-04 17:48:59.063435+00:00,3
2026-07-04 17:54:04.871277+00:00,3
2026-07-04 18:04:11.583879+00:00,3
2026-07-04 18:09:15.300526+00:00,3
2026-07-04 18:19:21.730260+00:00,3
2026-07-04 18:24:25.652036+00:00,3
2026-07-04 18:34:32.635451+00:00,3
2026-07-04 18:39:36.312145+00:00,3
2026-07-04 18:49:42.809830+00:00,3
2026-07-04 18:54:49.086799+00:00,3
2026-07-04 19:04:58.912747+00:00,3
2026-07-04 19:17:40.798952+00:00,3
2026-07-04 19:32:52.277753+00:00,3
2026-07-04 19:37:55.188581+00:00,3
2026-07-04 19:42:58.618301+00:00,3
2026-07-04 19:48:03.610130+00:00,3
2026-07-04 19:53:06.277167+00:00,3
2026-07-04 20:03:16.448425+00:00,3
2026-07-04 21:34:43.332136+00:00,-1
2026-07-04 21:39:46.045426+00:00,-1
2026-07-04 21:49:52.792206+00:00,3
2026-07-04 21:54:55.984511+00:00,3
2026-07-04 22:05:03.023509+00:00,3
2026-07-04 22:10:06.436444+00:00,3
2026-07-04 22:20:13.585750+00:00,3
2026-07-04 22:25:17.400378+00:00,3
2026-07-04 22:35:26.921701+00:00,3
2026-07-04 22:50:37.409492+00:00,3
2026-07-04 22:55:41.525431+00:00,3
2026-07-05 00:19:53.456738+00:00,-1
2026-07-05 01:54:03.640307+00:00,-1
2026-07-05 03:07:21.438657+00:00,-1
2026-07-05 03:12:24.651945+00:00,-1
2026-07-05 03:17:29.388623+00:00,3
2026-07-05 03:22:31.860490+00:00,3
2026-07-05 03:27:37.651104+00:00,3
2026-07-05 03:32:42.175872+00:00,3
2026-07-05 03:37:44.668607+00:00,3
2026-07-05 03:42:48.077013+00:00,3
2026-07-05 03:47:52.416647+00:00,3
2026-07-05 03:52:54.838862+00:00,3
2026-07-05 03:57:58.615939+00:00,3
2026-07-05 04:03:03.609368+00:00,2
2026-07-05 04:08:06.404810+00:00,2
2026-07-05 04:18:13.663551+00:00,2
2026-07-05 04:23:16.143861+00:00,2
2026-07-05 04:33:25.808900+00:00,2
2026-07-05 05:20:52.396343+00:00,-1
2026-07-05 06:16:42.766663+00:00,-1
2026-07-05 06:21:46.891210+00:00,-1
2026-07-05 06:26:49.942840+00:00,3
2026-07-05 06:31:55.768419+00:00,3
2026-07-05 06:36:59.741271+00:00,3
2026-07-05 06:42:02.918180+00:00,3
2026-07-05 06:47:08.258204+00:00,3
2026-07-05 06:52:12.466549+00:00,3
2026-07-05 06:57:15.337530+00:00,3
2026-07-05 07:02:26.095086+00:00,7
2026-07-05 07:06:12.882533+00:00,2
2026-07-05 07:11:15.811208+00:00,2
2026-07-05 07:16:22.170789+00:00,1
2026-07-05 07:21:27.004215+00:00,1
2026-07-05 07:26:29.769477+00:00,1
2026-07-05 07:31:34.702455+00:00,7
2026-07-05 07:36:44.170346+00:00,2
2026-07-05 07:41:47.125860+00:00,2
2026-07-05 07:46:54.712391+00:00,2
2026-07-05 07:51:58.633520+00:00,2
2026-07-05 07:57:01.918205+00:00,2
2026-07-05 08:02:07.605093+00:00,2
2026-07-05 08:07:12.251568+00:00,2
2026-07-05 08:12:15.504997+00:00,2
2026-07-05 08:17:21.135325+00:00,7
2026-07-05 08:22:25.256673+00:00,3
2026-07-05 08:27:28.646082+00:00,3
2026-07-05 08:32:34.162289+00:00,7
2026-07-05 08:47:50.076046+00:00,7
2026-07-05 08:52:54.506604+00:00,2
2026-07-05 08:57:58.046885+00:00,2
2026-07-05 09:03:05.112110+00:00,3
2026-07-05 09:08:09.886791+00:00,3
2026-07-05 09:18:18.283171+00:00,3
2026-07-05 09:23:23.257604+00:00,3
2026-07-05 09:33:32.412480+00:00,3
2026-07-05 09:38:41.215734+00:00,3
2026-07-05 09:48:51.237895+00:00,3
2026-07-05 09:53:56.386331+00:00,3
2026-07-05 10:04:07.199266+00:00,3
2026-07-05 10:09:12.200703+00:00,3
2026-07-05 10:19:21.026649+00:00,3
2026-07-05 10:24:26.449839+00:00,3
2026-07-05 10:34:36.540841+00:00,3
2026-07-05 10:39:44.364422+00:00,3
2026-07-05 10:49:53.329819+00:00,3
2026-07-05 10:54:57.906443+00:00,3
2026-07-05 11:05:06.140203+00:00,2
2026-07-05 11:10:10.664888+00:00,2
2026-07-05 11:20:18.222142+00:00,1
2026-07-05 11:25:22.447141+00:00,1
2026-07-05 11:35:30.641808+00:00,1
2026-07-05 11:40:37.951324+00:00,1
2026-07-05 11:50:47.003907+00:00,2
2026-07-05 11:55:51.178529+00:00,2
2026-07-05 12:06:00.187664+00:00,3
2026-07-05 12:11:04.480046+00:00,3
2026-07-05 12:16:08.216497+00:00,3
2026-07-05 12:31:21.657951+00:00,3
2026-07-05 12:36:26.040790+00:00,3
2026-07-05 12:41:33.617444+00:00,3
2026-07-05 12:46:37.796582+00:00,3
2026-07-05 12:51:42.437915+00:00,3
2026-07-05 12:56:46.642138+00:00,3
2026-07-05 13:01:52.509062+00:00,7
2026-07-05 13:06:56.819932+00:00,2
2026-07-05 13:12:01.353887+00:00,2
2026-07-05 13:17:06.019824+00:00,2
2026-07-05 13:22:10.741845+00:00,2
2026-07-05 13:27:15.067798+00:00,2
2026-07-05 13:32:19.567226+00:00,1
2026-07-05 13:37:23.765180+00:00,1
2026-07-05 13:42:30.818673+00:00,1
2026-07-05 13:47:35.615855+00:00,2
2026-07-05 13:52:40.078874+00:00,2
2026-07-05 13:57:44.722694+00:00,2
2026-07-05 14:02:50.572457+00:00,2
2026-07-05 14:07:54.719873+00:00,7
2026-07-05 14:12:59.204527+00:00,7
2026-07-05 14:18:03.642772+00:00,3
2026-07-05 14:23:07.962361+00:00,3
2026-07-05 14:33:17.464896+00:00,3
2026-07-05 14:38:22.036561+00:00,7
2026-07-05 14:48:34.606059+00:00,7
2026-07-05 14:53:39.217293+00:00,7
2026-07-05 15:03:50.724563+00:00,3
2026-07-05 15:08:55.424970+00:00,3
2026-07-05 15:19:05.156877+00:00,7
2026-07-05 15:24:10.421818+00:00,7
2026-07-05 15:34:20.566195+00:00,7
2026-07-05 15:49:41.019688+00:00,7
2026-07-05 16:04:58.174074+00:00,3
2026-07-05 16:10:02.900704+00:00,3
2026-07-05 16:20:15.711349+00:00,3
2026-07-05 16:25:21.043654+00:00,3
2026-07-05 16:35:31.571286+00:00,3
2026-07-05 16:40:37.029331+00:00,3
2026-07-05 16:50:51.436080+00:00,3
2026-07-05 16:55:56.766223+00:00,3
2026-07-05 17:01:04.327147+00:00,3
2026-07-05 17:06:08.421860+00:00,3
2026-07-05 17:11:13.834472+00:00,3
2026-07-05 17:16:21.282747+00:00,3
2026-07-05 17:21:25.119647+00:00,3
2026-07-05 17:26:31.277239+00:00,3
2026-07-05 17:31:38.341118+00:00,3
2026-07-05 17:36:42.956396+00:00,3
2026-07-05 17:41:48.802686+00:00,3
2026-07-05 17:46:57.533700+00:00,3
2026-07-05 17:52:00.852331+00:00,3
2026-07-05 17:57:05.741327+00:00,3
2026-07-05 18:02:12.980210+00:00,3
2026-07-05 18:07:16.004051+00:00,3
2026-07-05 18:12:20.263491+00:00,3
2026-07-05 18:17:26.260969+00:00,3
2026-07-05 18:22:31.001383+00:00,3
2026-07-05 18:27:36.057302+00:00,3
2026-07-05 18:32:44.198409+00:00,3
2026-07-05 18:37:47.781374+00:00,3
2026-07-05 18:42:52.763688+00:00,3
2026-07-05 18:48:02.582836+00:00,3
2026-07-05 18:53:06.092181+00:00,3
2026-07-05 19:03:17.993895+00:00,7
2026-07-05 19:08:22.338214+00:00,7
2026-07-05 19:18:33.616708+00:00,7
2026-07-05 19:23:38.269109+00:00,7
2026-07-05 19:33:47.562671+00:00,7
2026-07-05 19:49:04.656031+00:00,2
2026-07-05 19:54:07.818224+00:00,7
2026-07-05 20:04:18.427037+00:00,2
2026-07-05 20:09:21.890438+00:00,2
2026-07-05 20:19:32.217603+00:00,2
2026-07-05 20:24:35.646272+00:00,2
2026-07-05 20:34:47.087176+00:00,1
2026-07-05 20:39:50.720278+00:00,1
2026-07-05 20:50:05.961520+00:00,2
2026-07-05 20:55:09.886673+00:00,2
2026-07-05 21:05:22.864328+00:00,3
2026-07-05 21:10:26.873523+00:00,3
2026-07-05 21:20:38.882113+00:00,3
2026-07-05 21:25:42.624642+00:00,3
2026-07-05 21:35:55.379871+00:00,3
2026-07-05 21:40:59.534286+00:00,3
2026-07-05 21:46:05.770506+00:00,3
2026-07-05 22:01:28.008755+00:00,2
2026-07-05 22:06:33.295999+00:00,2
2026-07-05 22:11:37.113908+00:00,2
2026-07-05 22:16:43.921168+00:00,2
2026-07-05 22:32:01.652043+00:00,2
2026-07-05 22:47:18.430445+00:00,3
2026-07-05 23:02:40.029301+00:00,3
2026-07-05 23:17:54.183265+00:00,3
2026-07-05 23:22:58.997794+00:00,3
2026-07-05 23:33:08.761718+00:00,3
2026-07-05 23:38:13.610136+00:00,3
2026-07-05 23:48:24.892182+00:00,3
2026-07-05 23:53:33.786758+00:00,3
2026-07-06 00:03:43.320521+00:00,3
2026-07-06 00:18:19.831855+00:00,3
2026-07-06 00:33:33.997722+00:00,3
2026-07-06 00:38:38.635252+00:00,3
2026-07-06 00:48:47.547552+00:00,3
2026-07-06 01:04:02.623681+00:00,3
2026-07-06 01:09:07.373422+00:00,3
2026-07-06 01:18:23.800759+00:00,3
2026-07-06 01:23:28.084337+00:00,3
2026-07-06 01:33:36.860271+00:00,3
2026-07-06 01:48:51.588229+00:00,3
2026-07-06 01:53:56.050153+00:00,3
2026-07-06 02:04:05.500228+00:00,3
2026-07-06 02:19:21.477727+00:00,3
2026-07-06 02:34:35.575844+00:00,3
2026-07-06 02:39:39.839924+00:00,3
2026-07-06 02:49:48.515889+00:00,3
2026-07-06 02:54:52.940903+00:00,3
2026-07-06 03:05:02.683470+00:00,3
2026-07-06 03:10:06.891255+00:00,3
2026-07-06 03:20:19.631951+00:00,3
2026-07-06 03:25:24.051609+00:00,3
2026-07-06 03:35:32.764833+00:00,3
2026-07-06 03:40:37.108979+00:00,3
2026-07-06 03:50:45.570222+00:00,3
2026-07-06 03:51:41.516484+00:00,3
2026-07-06 03:56:44.554416+00:00,3
2026-07-06 04:01:51.383585+00:00,3
2026-07-06 04:06:55.678507+00:00,3
2026-07-06 04:11:59.089657+00:00,3
2026-07-06 04:17:05.034247+00:00,3
2026-07-06 04:22:09.752622+00:00,3
2026-07-06 04:27:13.197393+00:00,3
2026-07-06 04:32:19.404675+00:00,3
2026-07-06 04:37:24.379493+00:00,3
2026-07-06 04:42:27.825699+00:00,3
2026-07-06 04:47:33.494474+00:00,3
2026-07-06 04:52:41.183816+00:00,3
2026-07-06 04:57:44.646675+00:00,3
2026-07-06 05:02:51.244179+00:00,3
2026-07-06 05:07:55.898822+00:00,3
2026-07-06 05:12:59.267076+00:00,3
2026-07-06 05:18:04.520716+00:00,3
2026-07-06 05:23:09.348189+00:00,3
2026-07-06 05:33:17.740865+00:00,3
2026-07-06 05:38:24.340957+00:00,3
2026-07-06 05:48:33.863631+00:00,3
2026-07-06 05:53:40.860124+00:00,3
2026-07-06 06:03:50.775855+00:00,3
2026-07-06 06:08:55.048670+00:00,3
2026-07-06 06:19:03.408852+00:00,5
2026-07-06 06:24:08.065017+00:00,3
2026-07-06 06:34:16.477099+00:00,3
2026-07-06 06:39:20.627475+00:00,3
2026-07-06 06:48:58.011617+00:00,3
2026-07-06 06:54:01.509157+00:00,3
2026-07-06 07:04:11.470751+00:00,3
2026-07-06 07:09:14.840759+00:00,3
2026-07-06 07:19:24.486684+00:00,3
2026-07-06 07:24:27.405567+00:00,3
2026-07-06 07:34:36.814410+00:00,3
2026-07-06 07:39:39.929246+00:00,3
2026-07-06 07:49:52.080630+00:00,3
2026-07-06 07:54:55.685687+00:00,3
2026-07-06 08:05:05.878363+00:00,1
2026-07-06 08:10:08.909085+00:00,1
2026-07-06 08:20:21.573352+00:00,7
2026-07-06 08:25:25.266524+00:00,1
2026-07-06 08:35:34.657075+00:00,1
2026-07-06 08:40:38.078162+00:00,1
2026-07-06 08:50:50.911025+00:00,1
2026-07-06 08:55:54.270317+00:00,1
2026-07-06 09:06:04.267132+00:00,3
2026-07-06 09:11:07.064655+00:00,3
2026-07-06 09:16:11.980716+00:00,3
2026-07-06 09:21:16.116341+00:00,3
2026-07-06 09:26:19.016564+00:00,3
2026-07-06 09:31:24.359700+00:00,3
2026-07-06 09:36:28.299296+00:00,3
2026-07-06 09:41:31.684608+00:00,3
2026-07-06 09:46:36.924584+00:00,3
2026-07-06 09:51:43.840981+00:00,3
2026-07-06 09:56:46.622621+00:00,3
2026-07-06 10:01:53.014921+00:00,3
2026-07-06 10:06:56.929805+00:00,3
2026-07-06 10:12:00.154555+00:00,3
2026-07-06 10:17:05.874226+00:00,3
2026-07-06 10:22:10.853814+00:00,3
2026-07-06 10:27:13.709217+00:00,3
2026-07-06 10:32:19.502667+00:00,3
2026-07-06 10:37:23.151595+00:00,3
2026-07-06 10:42:26.523509+00:00,3
2026-07-06 10:47:32.033353+00:00,3
2026-07-06 10:52:39.270921+00:00,3
2026-07-06 10:57:42.814759+00:00,3
2026-07-06 11:02:49.646943+00:00,7
2026-07-06 11:07:53.767534+00:00,7
2026-07-06 11:12:57.165666+00:00,7
2026-07-06 11:18:02.911875+00:00,7
2026-07-06 11:23:07.693736+00:00,1
2026-07-06 11:33:15.857660+00:00,2
2026-07-06 11:38:20.289212+00:00,2
2026-07-06 11:48:29.406787+00:00,2
2026-07-06 11:53:36.688797+00:00,2
2026-07-06 12:03:45.997631+00:00,3
2026-07-06 12:08:50.285377+00:00,3
2026-07-06 12:18:58.758637+00:00,3
2026-07-06 12:24:02.970512+00:00,3
2026-07-06 12:34:10.770087+00:00,3
2026-07-06 12:39:14.832513+00:00,3
2026-07-06 12:54:30.306615+00:00,3
2026-07-06 13:35:02.615775+00:00,-1
2026-07-06 13:50:14.847541+00:00,-1
2026-07-06 13:55:21.877082+00:00,3
2026-07-06 14:05:30.691820+00:00,3
2026-07-06 14:10:34.815051+00:00,3
2026-07-06 14:20:43.289306+00:00,3
2026-07-06 14:25:47.933914+00:00,3
2026-07-06 14:35:55.790781+00:00,3
2026-07-06 14:41:00.162552+00:00,3
2026-07-06 14:46:04.800513+00:00,3
2026-07-06 14:51:09.148677+00:00,3
2026-07-06 14:56:15.965847+00:00,3
2026-07-06 15:01:21.920067+00:00,3
2026-07-06 15:06:27.554243+00:00,3
2026-07-06 15:11:32.071897+00:00,3
2026-07-06 15:16:36.941009+00:00,3
2026-07-06 15:21:41.211480+00:00,3
2026-07-06 15:26:45.888009+00:00,3
2026-07-06 15:31:50.609403+00:00,3
2026-07-06 15:36:55.096358+00:00,3
2026-07-06 15:41:59.796989+00:00,3
2026-07-06 15:47:05.003565+00:00,3
2026-07-06 15:52:09.452625+00:00,3
2026-07-06 15:57:16.684324+00:00,3
2026-07-06 16:02:21.406341+00:00,3
2026-07-06 16:17:37.393508+00:00,3
2026-07-06 16:22:42.252456+00:00,3
2026-07-06 16:32:51.430459+00:00,3
2026-07-06 16:48:04.511549+00:00,3
2026-07-06 16:53:09.750478+00:00,3
2026-07-06 17:03:22.091292+00:00,3
2026-07-06 17:08:26.019055+00:00,3
2026-07-06 17:18:34.947165+00:00,3
2026-07-06 17:33:48.566571+00:00,3
2026-07-06 17:38:52.832335+00:00,3
2026-07-06 17:49:00.919089+00:00,3
2026-07-06 17:54:04.813657+00:00,3
2026-07-06 18:04:16.365560+00:00,3
2026-07-06 18:09:23.662138+00:00,3
2026-07-06 18:19:31.998537+00:00,3
2026-07-06 18:24:36.026374+00:00,3
2026-07-06 18:34:43.978217+00:00,3
2026-07-06 18:39:48.299999+00:00,3
2026-07-06 18:49:56.790247+00:00,3
2026-07-06 18:55:00.689526+00:00,3
2026-07-06 19:05:15.653579+00:00,3
2026-07-06 19:10:19.857477+00:00,3
2026-07-06 19:20:28.049774+00:00,3
2026-07-06 19:35:42.642236+00:00,3
2026-07-06 19:40:47.151738+00:00,3
2026-07-06 19:50:55.686781+00:00,3
2026-07-06 19:55:59.632190+00:00,3
2026-07-06 20:01:09.045307+00:00,3
2026-07-06 20:06:12.231267+00:00,3
2026-07-06 20:11:16.540454+00:00,3
2026-07-06 20:16:21.693100+00:00,3
2026-07-06 20:21:24.907151+00:00,3
2026-07-06 20:31:36.005421+00:00,3
2026-07-06 20:46:49.403408+00:00,3
2026-07-06 20:51:52.747866+00:00,3
2026-07-06 20:56:57.469597+00:00,3
2026-07-06 21:02:07.174655+00:00,3
2026-07-06 21:07:18.075345+00:00,3
2026-07-06 21:12:22.559518+00:00,3
2026-07-06 21:17:29.919835+00:00,3
2026-07-06 21:22:33.683008+00:00,3
2026-07-06 21:27:38.167223+00:00,3
2026-07-06 21:32:44.693824+00:00,3
2026-07-06 21:48:00.331038+00:00,3
2026-07-06 21:53:03.640292+00:00,3
2026-07-06 22:03:16.647178+00:00,3
2026-07-06 22:08:19.698001+00:00,3
2026-07-06 22:18:29.676100+00:00,3
2026-07-06 22:33:43.162162+00:00,3
2026-07-06 22:38:46.195055+00:00,3
2026-07-06 22:48:55.588011+00:00,3
2026-07-06 22:53:58.611320+00:00,3
2026-07-06 23:04:11.820958+00:00,3
2026-07-06 23:19:24.816246+00:00,3
2026-07-06 23:24:28.108287+00:00,3
2026-07-06 23:34:38.145835+00:00,3
2026-07-06 23:49:51.515866+00:00,3
2026-07-06 23:54:54.761546+00:00,3
2026-07-07 00:05:08.764080+00:00,3
2026-07-07 00:10:11.987033+00:00,3
2026-07-07 00:20:22.261814+00:00,3
2026-07-07 00:25:25.531053+00:00,3
2026-07-07 00:35:35.074725+00:00,3
2026-07-07 00:40:38.211075+00:00,3
2026-07-07 00:50:47.808789+00:00,3
2026-07-07 01:06:04.336685+00:00,3
2026-07-07 01:11:07.613845+00:00,3
2026-07-07 01:16:12.964744+00:00,3
2026-07-07 01:21:16.837480+00:00,3
2026-07-07 01:26:19.836851+00:00,3
2026-07-07 01:31:25.409413+00:00,3
2026-07-07 01:36:30.564894+00:00,3
2026-07-07 01:41:35.036130+00:00,3
2026-07-07 01:46:41.562980+00:00,3
2026-07-07 02:01:55.500022+00:00,3
2026-07-07 02:07:02.887693+00:00,3
2026-07-07 02:12:05.836823+00:00,3
2026-07-07 02:17:12.208391+00:00,3
2026-07-07 02:22:16.681724+00:00,3
2026-07-07 02:32:25.050040+00:00,3
2026-07-07 02:37:30.176248+00:00,3
2026-07-07 02:42:33.472762+00:00,3
2026-07-07 02:47:39.654267+00:00,3
2026-07-07 02:52:43.873030+00:00,3
2026-07-07 03:02:53.123093+00:00,3
2026-07-07 03:08:00.378751+00:00,3
2026-07-07 03:18:08.646122+00:00,3
2026-07-07 03:23:12.656330+00:00,3
2026-07-07 03:33:21.029696+00:00,3
2026-07-07 03:38:25.581748+00:00,3
2026-07-07 03:53:38.050083+00:00,3
2026-07-07 04:03:46.950492+00:00,3
2026-07-07 04:19:02.287936+00:00,3
2026-07-07 04:24:06.643499+00:00,3
2026-07-07 04:34:15.528462+00:00,3
2026-07-07 04:39:20.702975+00:00,3
2026-07-07 04:49:29.104958+00:00,3
2026-07-07 04:54:33.738363+00:00,3
2026-07-07 05:04:42.906955+00:00,3
2026-07-07 05:09:49.841550+00:00,3
2026-07-07 05:19:58.219217+00:00,3
2026-07-07 05:25:02.839662+00:00,3
2026-07-07 05:35:12.964566+00:00,3
2026-07-07 05:40:18.062787+00:00,3
2026-07-07 05:55:31.244941+00:00,3
2026-07-07 06:11:08.270584+00:00,3
2026-07-07 06:16:12.736696+00:00,3
2026-07-07 06:36:31.345667+00:00,-1
2026-07-07 06:41:36.188783+00:00,-1
2026-07-07 06:46:40.276007+00:00,2
2026-07-07 06:51:45.165634+00:00,2
2026-07-07 06:56:49.788232+00:00,2
2026-07-07 07:01:55.623891+00:00,2
2026-07-07 07:07:00.220799+00:00,2
2026-07-07 07:12:08.035799+00:00,7
2026-07-07 07:17:12.202307+00:00,7
2026-07-07 07:22:16.634602+00:00,7
2026-07-07 07:32:25.176182+00:00,7
2026-07-07 07:37:29.411579+00:00,3
2026-07-07 07:42:34.009532+00:00,3
2026-07-07 07:47:38.324045+00:00,7
2026-07-07 07:52:43.102056+00:00,3
2026-07-07 07:57:46.939232+00:00,3
2026-07-07 08:02:52.515019+00:00,3
2026-07-07 08:07:56.743456+00:00,3
2026-07-07 08:18:08.237202+00:00,3
2026-07-07 08:23:12.768692+00:00,3
2026-07-07 08:33:21.317220+00:00,3
2026-07-07 08:38:26.003799+00:00,3
2026-07-07 08:48:35.749647+00:00,3
2026-07-07 08:53:40.579544+00:00,3
2026-07-07 09:03:49.620130+00:00,2
2026-07-07 09:19:04.374011+00:00,2
2026-07-07 09:24:08.463165+00:00,2
2026-07-07 09:34:16.516889+00:00,3
2026-07-07 09:39:20.542483+00:00,3
2026-07-07 09:49:29.570895+00:00,2
2026-07-07 09:54:33.791124+00:00,2
2026-07-07 10:04:43.093993+00:00,7
2026-07-07 10:09:47.098790+00:00,7
2026-07-07 10:19:58.164408+00:00,2
2026-07-07 10:35:11.758733+00:00,3
2026-07-07 10:40:15.738968+00:00,3
2026-07-07 10:50:24.658914+00:00,3
2026-07-07 10:55:28.896895+00:00,3
2026-07-07 11:05:38.282513+00:00,3
2026-07-07 11:10:42.799141+00:00,3
2026-07-07 11:20:53.733379+00:00,3
2026-07-07 11:31:03.249224+00:00,3
2026-07-07 11:36:06.632171+00:00,3
2026-07-07 11:41:11.159961+00:00,3
2026-07-07 11:46:17.123752+00:00,3
2026-07-07 12:01:32.116903+00:00,7
2026-07-07 12:06:35.752892+00:00,2
2026-07-07 12:11:40.253718+00:00,2
2026-07-07 12:16:48.748845+00:00,2
2026-07-07 12:21:52.199149+00:00,2
2026-07-07 12:26:57.033861+00:00,2
2026-07-07 12:32:03.248206+00:00,1
2026-07-07 12:37:06.608170+00:00,1
2026-07-07 12:42:11.163220+00:00,1
2026-07-07 12:47:17.382794+00:00,1
2026-07-07 12:52:20.617662+00:00,1
2026-07-07 12:57:25.720139+00:00,1
2026-07-07 13:02:32.270653+00:00,3
2026-07-07 13:07:36.610309+00:00,3
2026-07-07 13:12:41.342792+00:00,3
2026-07-07 13:17:49.960810+00:00,3
2026-07-07 13:22:53.839153+00:00,3
2026-07-07 13:27:58.543672+00:00,3
2026-07-07 13:33:05.373926+00:00,7
2026-07-07 13:48:22.397525+00:00,2
2026-07-07 13:53:25.959098+00:00,2
2026-07-07 14:03:38.202379+00:00,3
2026-07-07 14:08:41.624671+00:00,3
2026-07-07 14:18:55.458227+00:00,3
2026-07-07 14:23:58.706158+00:00,3
2026-07-07 14:34:08.678525+00:00,3
2026-07-07 14:39:12.901039+00:00,3
2026-07-07 14:49:24.049822+00:00,3
2026-07-07 14:54:27.493378+00:00,3
2026-07-07 15:04:37.998166+00:00,2
2026-07-07 15:09:41.568090+00:00,2
2026-07-07 15:19:54.185196+00:00,3
2026-07-07 16:18:39.374721+00:00,-1
2026-07-07 16:23:42.870177+00:00,-1
2026-07-07 16:33:51.327703+00:00,3
2026-07-07 16:38:53.882125+00:00,3
2026-07-07 16:49:01.642921+00:00,3
2026-07-07 16:54:04.882192+00:00,3
2026-07-07 18:08:50.633524+00:00,-1
2026-07-07 18:18:56.168543+00:00,-1
2026-07-07 18:23:59.285490+00:00,3
2026-07-07 18:34:06.007013+00:00,3
2026-07-07 19:11:25.186815+00:00,-1
2026-07-07 19:16:29.821335+00:00,-1
2026-07-07 19:21:32.551673+00:00,3
2026-07-07 19:26:36.132753+00:00,3
2026-07-07 19:31:40.740797+00:00,3
2026-07-07 19:36:43.334366+00:00,3
2026-07-07 19:46:54.650187+00:00,3
2026-07-07 20:02:07.338983+00:00,1
2026-07-07 20:07:09.858564+00:00,1
2026-07-07 20:12:13.488612+00:00,1
2026-07-07 20:17:19.023078+00:00,1
2026-07-07 20:32:31.985851+00:00,1
2026-07-07 20:37:34.960123+00:00,1
2026-07-07 20:42:40.762087+00:00,1
2026-07-07 20:47:45.402577+00:00,1
2026-07-07 20:52:48.468814+00:00,1
2026-07-07 20:57:52.307898+00:00,1
2026-07-07 21:02:57.935998+00:00,3
2026-07-07 21:08:00.820713+00:00,3
2026-07-07 21:18:09.199661+00:00,3
2026-07-07 21:23:12.064227+00:00,3
2026-07-07 21:33:20.540484+00:00,3
2026-07-07 21:38:23.252009+00:00,3
2026-07-07 21:48:34.241475+00:00,3
2026-07-07 21:53:37.554458+00:00,3
2026-07-07 23:35:54.631088+00:00,-1
2026-07-07 23:40:57.763869+00:00,-1
2026-07-07 23:46:03.927071+00:00,7
2026-07-07 23:51:07.586001+00:00,1
2026-07-07 23:56:10.813764+00:00,1
2026-07-08 00:06:22.333943+00:00,3
2026-07-08 00:11:26.422121+00:00,3
2026-07-08 00:16:33.275798+00:00,3
2026-07-08 00:21:37.223123+00:00,3
2026-07-08 00:26:40.499431+00:00,3
2026-07-08 00:31:48.039620+00:00,3
2026-07-08 00:36:54.148042+00:00,3
2026-07-08 00:41:57.938922+00:00,3
2026-07-08 00:47:04.847310+00:00,3
2026-07-08 00:52:08.762945+00:00,3
2026-07-08 00:57:12.306527+00:00,3
2026-07-08 01:02:20.637612+00:00,1
2026-07-08 01:07:23.633674+00:00,1
2026-07-08 01:12:27.243844+00:00,1
2026-07-08 01:17:34.562337+00:00,2
2026-07-08 01:22:38.254058+00:00,2
2026-07-08 01:27:41.623787+00:00,2
2026-07-08 01:32:49.527687+00:00,1
2026-07-08 01:37:56.094262+00:00,1
2026-07-08 01:43:00.044971+00:00,1
2026-07-08 01:48:07.102294+00:00,1
2026-07-08 01:53:10.810173+00:00,1
2026-07-08 02:03:21.463084+00:00,3
2026-07-08 02:08:24.576891+00:00,3
2026-07-08 02:33:46.504908+00:00,-1
2026-07-08 02:38:52.013673+00:00,-1
2026-07-08 02:49:01.362309+00:00,3
2026-07-08 02:54:05.010811+00:00,3
2026-07-08 03:04:15.643706+00:00,3
2026-07-08 03:09:18.665864+00:00,3
2026-07-08 03:19:28.031465+00:00,3
2026-07-08 03:24:31.203325+00:00,3
2026-07-08 03:34:41.022540+00:00,3
2026-07-08 03:39:46.243738+00:00,3
2026-07-08 03:49:56.295308+00:00,3
2026-07-08 03:54:59.557280+00:00,3
2026-07-08 04:05:10.011833+00:00,3
2026-07-08 04:10:12.945717+00:00,3
2026-07-08 04:20:21.895051+00:00,3
2026-07-08 04:25:25.220565+00:00,3
2026-07-08 04:35:35.004513+00:00,3
2026-07-08 04:40:44.148040+00:00,3
2026-07-08 04:50:54.174121+00:00,3
2026-07-08 04:55:57.847303+00:00,3
2026-07-08 05:01:02.448398+00:00,3
2026-07-08 05:06:08.235059+00:00,3
2026-07-08 05:11:11.297658+00:00,3
2026-07-08 05:16:16.274111+00:00,3
2026-07-08 05:21:21.698423+00:00,3
2026-07-08 05:26:25.015553+00:00,3
2026-07-08 05:31:29.715342+00:00,3
2026-07-08 05:36:35.277160+00:00,3
2026-07-08 05:41:41.369295+00:00,3
2026-07-08 05:46:46.314787+00:00,3
2026-07-08 05:51:51.959887+00:00,3
2026-07-08 05:56:55.201436+00:00,3
2026-07-08 06:02:00.090040+00:00,3
2026-07-08 06:07:06.261661+00:00,3
2026-07-08 06:12:09.465870+00:00,3
2026-07-08 06:17:14.530036+00:00,3
2026-07-08 06:22:20.510798+00:00,3
2026-07-08 06:27:23.618669+00:00,3
2026-07-08 06:32:28.648919+00:00,3
2026-07-08 06:37:34.705900+00:00,3
2026-07-08 06:42:40.413439+00:00,3
2026-07-08 06:47:45.284800+00:00,3
2026-07-08 06:52:51.035354+00:00,3
2026-07-08 06:57:54.855969+00:00,3
2026-07-08 07:03:00.151820+00:00,3
2026-07-08 07:08:06.771362+00:00,3
2026-07-08 07:18:14.953145+00:00,3
2026-07-08 07:23:20.480528+00:00,3
2026-07-08 07:33:28.878516+00:00,3
2026-07-08 07:38:34.904298+00:00,3
2026-07-08 07:48:45.455374+00:00,3
2026-07-08 07:53:51.707981+00:00,3
2026-07-08 08:04:00.436084+00:00,2
2026-07-08 08:09:06.588861+00:00,2
2026-07-08 08:19:15.795926+00:00,3
2026-07-08 08:24:21.388956+00:00,3
2026-07-08 08:34:29.462883+00:00,3
2026-07-08 08:39:35.361731+00:00,3
2026-07-08 08:49:46.103387+00:00,3
2026-07-08 08:54:51.650953+00:00,3
2026-07-08 09:05:05.079346+00:00,3
2026-07-08 09:10:14.609447+00:00,3
2026-07-08 09:20:27.841836+00:00,3
2026-07-08 09:25:33.284448+00:00,3
2026-07-08 09:35:42.216344+00:00,3
2026-07-08 09:40:47.762396+00:00,3
2026-07-08 09:50:59.056627+00:00,3
2026-07-08 09:56:04.849686+00:00,3
2026-07-08 10:01:10.454484+00:00,3
2026-07-08 10:06:14.039893+00:00,3
2026-07-08 10:11:20.120066+00:00,3
2026-07-08 10:16:25.200683+00:00,3
2026-07-08 10:21:29.526182+00:00,3
2026-07-08 10:26:35.136720+00:00,3
2026-07-08 10:31:40.476471+00:00,3
2026-07-08 10:36:44.219563+00:00,3
2026-07-08 10:41:50.392394+00:00,3
2026-07-08 10:46:57.469910+00:00,3
2026-07-08 10:52:01.316267+00:00,3
2026-07-08 10:57:07.508365+00:00,3
2026-07-08 11:02:13.551547+00:00,3
2026-07-08 11:07:17.326314+00:00,3
2026-07-08 11:12:24.041622+00:00,3
2026-07-08 11:17:28.731107+00:00,3
2026-07-08 11:22:32.386361+00:00,3
2026-07-08 11:27:38.199736+00:00,3
2026-07-08 11:32:49.167840+00:00,3
2026-07-08 11:37:57.619298+00:00,3
2026-07-08 11:48:21.592611+00:00,3
2026-07-08 11:53:26.209534+00:00,3
2026-07-08 12:03:38.160305+00:00,3
2026-07-08 12:08:41.548401+00:00,3
2026-07-08 12:18:51.449890+00:00,3
2026-07-08 12:23:54.918850+00:00,3
2026-07-08 12:34:06.228381+00:00,3
2026-07-08 12:39:10.059519+00:00,3
2026-07-08 12:49:25.389366+00:00,3
2026-07-08 12:54:29.226569+00:00,3
2026-07-08 13:04:41.196309+00:00,3
2026-07-08 13:09:45.256765+00:00,3
2026-07-08 13:19:57.040127+00:00,3
2026-07-08 13:25:01.033090+00:00,3
2026-07-08 13:35:15.861054+00:00,3
2026-07-08 13:40:19.389841+00:00,3
2026-07-08 13:50:33.598085+00:00,3
2026-07-08 13:55:37.328185+00:00,3
2026-07-08 14:05:48.279533+00:00,3
2026-07-08 14:10:52.056570+00:00,3
2026-07-08 14:21:01.983252+00:00,3
2026-07-08 14:26:06.056660+00:00,3
2026-07-08 14:31:12.834430+00:00,3
2026-07-08 14:36:16.613013+00:00,3
2026-07-08 14:41:20.279282+00:00,3
2026-07-08 14:46:27.534704+00:00,3
2026-07-08 14:51:33.659486+00:00,3
2026-07-08 14:56:37.421057+00:00,3
2026-07-08 15:01:45.444828+00:00,3
2026-07-08 15:06:53.982528+00:00,3
2026-07-08 15:11:57.095544+00:00,3
2026-07-08 15:17:04.151408+00:00,3
2026-07-08 15:22:07.380714+00:00,3
2026-07-08 15:27:11.780813+00:00,3
2026-07-08 15:32:19.242629+00:00,3
2026-07-08 15:37:22.652227+00:00,3
2026-07-08 16:19:40.213705+00:00,-1
2026-07-08 16:24:44.946526+00:00,-1
2026-07-08 16:34:53.037687+00:00,3
2026-07-08 16:39:57.752767+00:00,3
2026-07-08 16:50:05.172870+00:00,3
2026-07-08 16:55:09.942097+00:00,3
2026-07-08 17:05:18.072140+00:00,3
2026-07-08 17:10:22.734598+00:00,3
2026-07-08 17:20:28.919352+00:00,3
2026-07-08 17:25:33.907536+00:00,3
2026-07-08 17:35:42.092694+00:00,3
2026-07-08 17:40:46.336028+00:00,3
2026-07-08 18:01:38.303510+00:00,-1
2026-07-08 20:56:55.463090+00:00,-1
2026-07-08 21:02:00.272037+00:00,-1
2026-07-08 21:07:03.356951+00:00,3
2026-07-08 21:12:07.539075+00:00,3
2026-07-08 21:17:13.473865+00:00,3
2026-07-08 21:22:16.642499+00:00,3
2026-07-08 21:27:20.647746+00:00,3
2026-07-08 21:32:25.296146+00:00,3
2026-07-09 00:06:09.734984+00:00,-1
2026-07-09 00:11:13.018220+00:00,-1
2026-07-09 00:16:17.533749+00:00,3
2026-07-09 00:21:24.842429+00:00,3
2026-07-09 00:26:28.959560+00:00,3
2026-07-09 00:31:34.515131+00:00,3
2026-07-09 00:36:40.955850+00:00,3
2026-07-09 00:41:44.600502+00:00,3
2026-07-09 00:46:49.661845+00:00,3
2026-07-09 00:51:55.759639+00:00,3
2026-07-09 00:56:59.544785+00:00,3
2026-07-09 01:02:05.471782+00:00,3
2026-07-09 01:17:24.339879+00:00,3
2026-07-09 01:22:30.115005+00:00,3
2026-07-09 01:34:47.438330+00:00,3
2026-07-09 01:39:53.060014+00:00,3
2026-07-09 01:47:53.930396+00:00,3
2026-07-09 01:52:57.581936+00:00,3
2026-07-09 02:03:08.437475+00:00,3
2026-07-09 02:08:12.009471+00:00,3
2026-07-09 02:18:23.069551+00:00,3
2026-07-09 02:23:26.625542+00:00,3
2026-07-09 02:33:36.844675+00:00,3
2026-07-09 02:38:41.038948+00:00,3
2026-07-09 02:48:54.361090+00:00,3
2026-07-09 02:53:57.636099+00:00,3
2026-07-09 03:04:09.666962+00:00,3
2026-07-09 03:09:13.286968+00:00,3
2026-07-09 03:19:25.511997+00:00,3
2026-07-09 03:24:29.054148+00:00,3
2026-07-09 03:34:39.585437+00:00,3
2026-07-09 03:39:43.432535+00:00,3
2026-07-09 03:49:57.454858+00:00,3
2026-07-09 03:55:01.234665+00:00,3
2026-07-09 04:05:14.059063+00:00,3
2026-07-09 04:10:17.456238+00:00,3
2026-07-09 04:20:27.697058+00:00,2
2026-07-09 04:25:30.597745+00:00,2
2026-07-09 04:35:40.541212+00:00,2
2026-07-09 04:40:44.097567+00:00,2
2026-07-09 04:50:56.658898+00:00,2
2026-07-09 04:55:59.878649+00:00,2
2026-07-09 05:01:06.257057+00:00,2
2026-07-09 05:06:10.412860+00:00,2
2026-07-09 05:11:14.031218+00:00,2
2026-07-09 05:16:20.127241+00:00,2
2026-07-09 05:21:24.804116+00:00,2
2026-07-09 05:26:28.030250+00:00,2
2026-07-09 05:31:34.025909+00:00,3
2026-07-09 05:36:38.666797+00:00,3
2026-07-09 05:41:42.220672+00:00,3
2026-07-09 05:46:47.784044+00:00,2
2026-07-09 05:51:54.992581+00:00,2
2026-07-09 05:56:58.245899+00:00,2
2026-07-09 06:02:05.371243+00:00,3
2026-07-09 06:17:18.563056+00:00,3
2026-07-09 06:22:23.834622+00:00,3
2026-07-09 06:27:27.036633+00:00,3
2026-07-09 06:32:32.918310+00:00,3
2026-07-09 06:37:36.631958+00:00,3
2026-07-09 06:42:39.915107+00:00,3
2026-07-09 09:04:42.226535+00:00,-1
2026-07-09 09:09:47.065991+00:00,-1
2026-07-09 09:19:56.173165+00:00,3
2026-07-09 09:25:00.857216+00:00,3
2026-07-09 09:35:12.028503+00:00,3
2026-07-09 09:50:25.383720+00:00,3
2026-07-09 10:05:45.878811+00:00,3
2026-07-09 10:10:50.527726+00:00,3
2026-07-09 10:20:59.658513+00:00,3
2026-07-09 10:26:04.791715+00:00,3
2026-07-09 10:31:09.299791+00:00,3
2026-07-09 10:36:13.947343+00:00,3
2026-07-09 10:46:24.182478+00:00,3
2026-07-09 10:51:29.121516+00:00,3
2026-07-09 10:56:36.391536+00:00,3
2026-07-09 11:01:42.109756+00:00,3
2026-07-09 11:06:46.436029+00:00,3
2026-07-09 11:11:50.715746+00:00,3
2026-07-09 11:16:55.607049+00:00,3
2026-07-09 11:21:59.938316+00:00,3
2026-07-09 11:27:04.809489+00:00,3
2026-07-09 11:32:09.398567+00:00,3
2026-07-09 11:37:13.852284+00:00,3
2026-07-09 11:42:18.161508+00:00,3
2026-07-09 11:47:22.975360+00:00,3
2026-07-09 11:52:27.285137+00:00,3
2026-07-09 12:02:42.408763+00:00,2
2026-07-09 12:07:47.247734+00:00,2
2026-07-09 12:12:52.371100+00:00,2
2026-07-09 12:17:57.397482+00:00,2
2026-07-09 12:23:01.976144+00:00,2
2026-07-09 12:33:11.620638+00:00,2
2026-07-09 12:38:16.693656+00:00,2
2026-07-09 12:48:26.030291+00:00,3
2026-07-09 12:53:30.558509+00:00,3
2026-07-09 13:03:43.248964+00:00,3
2026-07-09 13:08:47.816949+00:00,3
2026-07-09 13:18:56.664902+00:00,3
2026-07-09 13:24:01.312745+00:00,3
2026-07-09 13:34:10.515251+00:00,3
2026-07-09 13:39:15.646794+00:00,3
2026-07-09 13:49:25.995960+00:00,3
2026-07-09 13:54:30.489240+00:00,3
2026-07-09 14:04:43.127117+00:00,3
2026-07-09 14:09:47.833038+00:00,3
2026-07-09 14:19:56.753547+00:00,3
2026-07-09 14:25:01.069797+00:00,3
2026-07-09 14:35:11.852075+00:00,3
2026-07-09 14:40:16.233347+00:00,3
2026-07-09 14:50:25.524271+00:00,3
2026-07-09 14:55:30.207289+00:00,3
2026-07-09 15:05:42.262034+00:00,3
2026-07-09 15:10:47.207776+00:00,3
2026-07-09 15:21:01.267753+00:00,3
2026-07-09 15:26:05.621439+00:00,3
2026-07-09 15:31:11.316077+00:00,3
2026-07-09 16:25:12.768684+00:00,-1
2026-07-09 16:35:21.538884+00:00,-1
2026-07-09 16:40:24.012986+00:00,3
2026-07-09 19:57:06.091900+00:00,-1
2026-07-09 20:02:11.698990+00:00,-1
2026-07-09 20:07:15.492417+00:00,3
2026-07-09 20:12:19.006985+00:00,3
2026-07-09 20:17:24.136481+00:00,3
2026-07-09 20:22:26.438314+00:00,3
2026-07-09 20:32:35.435612+00:00,3
2026-07-09 20:37:39.086787+00:00,3
2026-07-09 20:47:47.831296+00:00,3
2026-07-09 20:52:50.178717+00:00,3
2026-07-09 20:57:55.895486+00:00,3
2026-07-09 21:03:02.647953+00:00,3
2026-07-09 21:20:54.112383+00:00,3
2026-07-09 21:25:56.869006+00:00,3
2026-07-09 21:31:01.094189+00:00,3
2026-07-09 21:36:04.907763+00:00,3
2026-07-09 21:41:07.272508+00:00,3
2026-07-09 21:46:12.376458+00:00,3
2026-07-09 21:51:15.868636+00:00,3
2026-07-09 22:01:24.344331+00:00,3
2026-07-09 23:16:43.318965+00:00,-1
2026-07-09 23:21:47.418264+00:00,-1
2026-07-09 23:26:50.700540+00:00,3
2026-07-09 23:31:56.425727+00:00,3
2026-07-09 23:37:01.081596+00:00,3
2026-07-09 23:42:04.222550+00:00,3
2026-07-09 23:47:10.202126+00:00,3
2026-07-09 23:52:14.696517+00:00,3
2026-07-09 23:57:18.125245+00:00,3
2026-07-10 00:02:25.391168+00:00,3
2026-07-10 00:07:29.612268+00:00,3
2026-07-10 00:12:32.648220+00:00,3
2026-07-10 00:17:41.718411+00:00,3
2026-07-10 00:32:55.807966+00:00,3
2026-07-10 00:38:00.978604+00:00,3
2026-07-10 00:48:09.778006+00:00,3
2026-07-10 00:53:14.016429+00:00,3
2026-07-10 01:03:23.685795+00:00,3
2026-07-10 01:08:27.994052+00:00,3
2026-07-10 01:18:40.449011+00:00,3
2026-07-10 01:33:53.633230+00:00,3
2026-07-10 01:38:58.339904+00:00,3
2026-07-10 01:49:07.248237+00:00,3
2026-07-10 01:54:11.848994+00:00,3
2026-07-10 02:04:21.427179+00:00,3
2026-07-10 02:19:37.748133+00:00,3
2026-07-10 02:34:50.571891+00:00,3
2026-07-10 02:39:54.836734+00:00,3
2026-07-10 02:50:03.348498+00:00,3
2026-07-10 03:05:17.907182+00:00,3
2026-07-10 03:10:22.876428+00:00,3
2026-07-10 03:20:34.517065+00:00,3
2026-07-10 03:25:38.654059+00:00,3
2026-07-10 03:35:47.194041+00:00,3
2026-07-10 03:40:51.506111+00:00,3
2026-07-10 03:51:00.031336+00:00,3
2026-07-10 04:01:09.855385+00:00,3
2026-07-10 04:06:13.962729+00:00,3
2026-07-10 04:16:23.589918+00:00,3
2026-07-10 04:21:30.402602+00:00,3
2026-07-10 04:31:40.137071+00:00,3
2026-07-10 04:36:43.869697+00:00,3
2026-07-10 04:41:48.491908+00:00,3
2026-07-10 04:46:38.160862+00:00,3
2026-07-10 04:51:41.154865+00:00,3
2026-07-10 05:01:53.193074+00:00,3
2026-07-10 05:06:56.428633+00:00,3
2026-07-10 05:12:00.946274+00:00,3
2026-07-10 05:17:07.087583+00:00,3
2026-07-10 05:22:09.989816+00:00,3
2026-07-10 05:27:14.521013+00:00,3
2026-07-10 05:32:20.757924+00:00,3
2026-07-10 05:47:36.457475+00:00,3
2026-07-10 05:52:39.910765+00:00,3
2026-07-10 05:57:44.621646+00:00,3
2026-07-10 06:02:50.629500+00:00,3
2026-07-10 06:18:03.158898+00:00,3
2026-07-10 06:23:06.327431+00:00,3
2026-07-10 06:33:15.910063+00:00,3
2026-07-10 06:49:20.347463+00:00,3
2026-07-10 06:54:24.481328+00:00,3
2026-07-10 07:04:33.986429+00:00,3
2026-07-10 07:09:38.111746+00:00,3
2026-07-10 07:19:46.771186+00:00,3
2026-07-10 07:24:51.010185+00:00,3
2026-07-10 07:34:58.942017+00:00,3
2026-07-10 07:40:03.093518+00:00,3
2026-07-10 07:50:15.883403+00:00,3
2026-07-10 07:51:06.412339+00:00,3
2026-07-10 07:56:09.458163+00:00,3
2026-07-10 08:01:16.678552+00:00,3
2026-07-10 08:06:20.857029+00:00,3
2026-07-10 08:11:23.995236+00:00,3
2026-07-10 08:16:29.670412+00:00,3
2026-07-10 08:36:45.711678+00:00,-1
2026-07-10 08:41:49.010646+00:00,-1
2026-07-10 08:52:00.789742+00:00,3
2026-07-10 08:57:03.682939+00:00,3
2026-07-10 09:12:16.708564+00:00,3
2026-07-10 09:17:21.757325+00:00,3
2026-07-10 09:32:33.903105+00:00,3
2026-07-10 09:47:45.589347+00:00,3
2026-07-10 09:57:55.763883+00:00,3
2026-07-10 10:03:01.679058+00:00,3
2026-07-10 10:08:06.861359+00:00,3
2026-07-10 10:18:14.745196+00:00,3
2026-07-10 10:23:18.987110+00:00,3
2026-07-10 10:33:26.997001+00:00,3
2026-07-10 10:48:38.869685+00:00,3
2026-07-10 10:53:45.448890+00:00,3
2026-07-10 11:03:54.470412+00:00,3
2026-07-10 11:24:10.622321+00:00,-1
2026-07-10 11:39:21.524759+00:00,-1
2026-07-10 11:49:28.589602+00:00,3
2026-07-10 12:19:54.434048+00:00,-1
2026-07-10 12:24:58.989147+00:00,-1
2026-07-10 12:35:06.882082+00:00,3
2026-07-10 12:40:10.731807+00:00,3
2026-07-10 12:55:25.622656+00:00,3
2026-07-10 13:10:38.017489+00:00,3
2026-07-10 13:20:45.430451+00:00,3
2026-07-10 13:35:57.466429+00:00,3
2026-07-10 13:46:05.057940+00:00,3
2026-07-10 13:51:09.185757+00:00,3
2026-07-10 13:56:17.355559+00:00,3
2026-07-10 14:01:23.666869+00:00,3
2026-07-10 14:06:27.571390+00:00,3
2026-07-10 14:11:31.124187+00:00,3
2026-07-10 14:16:35.519649+00:00,3
2026-07-10 14:21:39.876796+00:00,3
2026-07-10 14:26:44.061682+00:00,3
2026-07-10 14:31:48.607397+00:00,3
2026-07-10 14:36:53.575453+00:00,3
2026-07-10 14:41:57.729986+00:00,3
2026-07-10 14:52:06.958076+00:00,3
2026-07-10 14:57:14.067071+00:00,3
2026-07-10 15:02:19.149642+00:00,3
2026-07-10 15:07:23.769805+00:00,3
2026-07-10 15:12:27.635590+00:00,3
2026-07-10 15:17:32.596978+00:00,3
2026-07-10 15:22:37.136251+00:00,3
2026-07-10 15:27:42.507796+00:00,3
2026-07-10 15:37:51.641246+00:00,3
2026-07-10 15:42:55.477761+00:00,3
2026-07-10 15:53:05.251818+00:00,3
2026-07-10 16:03:16.440217+00:00,2
2026-07-10 16:08:21.032370+00:00,2
2026-07-10 16:18:29.356350+00:00,2
2026-07-10 16:23:33.535652+00:00,2
2026-07-10 16:33:42.065962+00:00,7
2026-07-10 16:38:47.973162+00:00,1
2026-07-10 16:48:55.914967+00:00,1
2026-07-10 16:53:59.907948+00:00,1
2026-07-10 17:04:11.955061+00:00,2
2026-07-10 17:09:16.123943+00:00,2
2026-07-10 17:19:27.074855+00:00,3
2026-07-10 17:24:30.939141+00:00,3
2026-07-10 17:34:39.500008+00:00,3
2026-07-10 17:39:44.019527+00:00,3
2026-07-10 17:49:52.910199+00:00,3
2026-07-10 17:54:56.616592+00:00,3
2026-07-10 18:05:08.225032+00:00,3
2026-07-10 18:10:12.726124+00:00,3
2026-07-10 18:25:24.774959+00:00,3
2026-07-10 18:26:01.083280+00:00,3
2026-07-10 18:31:05.573579+00:00,3
2026-07-10 18:36:10.008123+00:00,3
2026-07-10 18:41:13.906114+00:00,3
2026-07-10 18:46:18.375408+00:00,3
2026-07-10 18:51:23.243243+00:00,3
2026-07-10 18:56:27.777364+00:00,3
2026-07-10 19:01:32.945022+00:00,3
2026-07-10 19:06:37.484569+00:00,3
2026-07-10 19:11:41.786550+00:00,3
2026-07-10 19:16:46.811836+00:00,3
2026-07-10 19:21:51.324630+00:00,3
2026-07-10 19:26:58.342649+00:00,3
2026-07-10 19:32:02.696229+00:00,3
2026-07-10 19:47:15.481330+00:00,3
2026-07-10 19:52:19.543641+00:00,3
2026-07-10 19:57:24.177938+00:00,3
2026-07-10 20:02:29.165515+00:00,1
2026-07-10 20:07:33.572172+00:00,1
2026-07-10 20:12:37.808430+00:00,1
2026-07-10 20:17:42.670003+00:00,1
2026-07-10 20:22:47.167936+00:00,1
2026-07-10 20:32:58.724328+00:00,7
2026-07-10 20:48:12.715270+00:00,2
2026-07-10 20:53:16.609811+00:00,2
2026-07-10 21:03:26.497679+00:00,3
2026-07-10 21:08:31.023713+00:00,3
2026-07-10 21:18:39.350364+00:00,3
2026-07-10 21:23:43.717582+00:00,3
2026-07-10 21:33:54.608615+00:00,3
2026-07-10 21:38:59.196804+00:00,3
2026-07-10 21:49:07.773298+00:00,3
