logged_at,decision_time,contract_ticker,close_ts,spot,strike,offset_pct,p_market,p_market_source,p_yes_model,z_score,vol_60m,vol_60m_model,vol_implied_kalshi,vol_ratio,spread,vol_eff,structure_bias,confirmation_bias,confirmation_score,no_score,obi_score,obi_raw,obi_exchanges,vpin_score,vpin_raw,funding_bias,avg_funding_rate,vol_score,vwap_score,vwap_signal,vwap_total,vwap_stretch_score,vwap_distance_pct,bearish_rejection,bullish_rejection,ema_stretch_score,stoch_bias,stoch_k,stoch_d,stoch_crossover_active,ema_stack_bias,ema_alignment,z_shift,direction_strength,raw_edge,net_edge,decision,side,neutral_gate,pure_edge_gate,contracts_scanned,tau_minutes,gate_blocked,kelly_fraction,bet_fraction,bet_amount,bankroll,composite_trend,composite_rev,composite_p_up,chg_30m,chg_10m,chg_5m,sharp_move_active,stoch_flipped,resolved_yes,would_win,would_pnl,logged_at_parsed,cmf_raw,cmf_score,stoch_k_4h,p_up_v2,bp_5m,bp_1h,chg_1h,chg_2h,chg_3h,body_15m,dir_15m,p_gbdt,smc_4h,smc_1h,choch_1h,choch_4h,supply_pct,demand_pct,in_supply_zone,in_demand_zone,squeeze_1h,kc_pct_1h,kc_bo_1h,adx_1h,rvol_1h,pm_drift_5m,hour_utc,liq_score,liq_bias,ls_long_pct,oi_chg_pct,cvd_4h,cg_futures_delta_4h,cg_futures_ratio_4h,cg_futures_cvd_12h,cg_spot_cb_ratio_4h,cg_liq_ratio_4h,cg_liq_total_4h,hl_ls_ratio,hl_squeeze_idx,hl_liq_ratio_4h,all_liq_ratio_1h,all_liq_ratio_4h,max_pain_nearest,max_pain_dist_pct,opt_pc_ratio,arima_forecast_1h,markov_regime_daily,markov_regime_7state,ob_imbalance,ob_path_ask_usd,ob_path_bid_usd,ob_ask_frac,ob_bid_wall_pct,ob_ask_wall_pct,hmm_vol_state,hmm_r1_prob,hmm_vol_k10,hmm_time_in_state,ou_z_score,ou_halflife_min,ou_tau_drift,hs_pattern_type,hs_bars_since_break,hs_r2,hs_neck_slope,hs_head_height,hs_head_width,flag_signal,flag_bull_bars_ago,flag_bear_bars_ago,flag_bull_tip_y,flag_bear_tip_y,flag_bull_pole_pct,flag_bear_pole_pct,pip_last_slope,pip_up_frac,pip_n_turns,v_hawk,hawk_vol_regime,pc1_rsi,ou_theta,hurst_exponent,autocorr1_15,autocorr1_30,kalman_velocity,kalman_residual,hmm_ms_state,hmm_ms_prob,hmm_of_state,hmm_of_prob,hmm_vd_state,hmm_vd_prob,hmm_pnl_state,hmm_ps_state,hmm_gd_state,hmm_zdrift_state,spot_at_expiry,price_move_pct,miss_pct,loss_margin_pct,loss_category,p_up_v3,pup_v3_hmm_state,eth_p_up_v1,p_eth,week,yw,be,agree
2026-04-08 05:44:34,2026-04-08 05:00,KXETHD-26APR0802-T2239.99,2026-04-08T06:00:00Z,2240.86,2239.99,-0.0386,0.5,real,0.701938,-0.53,0.00042053,0.00018574,,,0.02,0.00018574,0.0,-1.0,0.0,1.0,0.0,-0.0832,2.0,0.0,0.3885,-1.0,0.0001,0.0,0.0,0.0,-1.0,-1.0,0.2999,False,False,0.0,0.0,69.26,66.35,False,1.0,bullish,0.0,0.0,0.176938,0.144438,trade,yes,False,False,46.0,15.38,,0.353875,0.05,25.0,500.0,,,,,,,,,True,True,25.0,2026-04-08 05:44:34+00:00,,,,,,,,,,,,,,,,,,,,,,,,,,,,,,,,,,,,,,,,,,,,,,,,,,,,,,,,,,,,,,,,,,,,,,,,,,,,,,,,,,,,,,,,,,,,,,,,,,,,,,,,,,0.474577041762796,15,2026-W15,0.5,False
2026-04-08 08:24:36,2026-04-08 08:00,KXETHD-26APR0805-T2259.99,2026-04-08T09:00:00Z,2256.16,2259.99,0.1699,0.34,real,0.268808,0.6164,0.00053249,0.00031058,0.00069241,0.4485,0.04,0.00046331,0.0,-1.0,0.0,3.0,0.0,0.037,2.0,0.0,0.7358,-1.0,5.773e-05,0.0,1.0,-1.0,-2.0,-2.0,0.832,False,False,-1.0,-1.0,87.81,79.47,False,1.0,bullish,0.0,0.0,0.096192,0.068286,trade,no,False,False,46.0,35.34,,0.282917,0.05,25.0,500.0,,,,,,,,,False,True,12.88,2026-04-08 08:24:36+00:00,,,,,,,,,,,,,,,,,,,,,,,,,,,,,,,,,,,,,,,,,,,,,,,,,,,,,,,,,,,,,,,,,,,,,,,,,,,,,,,,,,,,,,,,,,,,,,,,,,,,,,,,,,0.4732371106413672,15,2026-W15,0.6599999999999999,True
2026-04-08 18:07:24,2026-04-08 18:00,KXETHD-26APR0815-T2239.99,2026-04-08T19:00:00Z,2229.72,2239.99,0.4604,0.2,real,0.104987,1.2536,0.00058798,0.00034044,0.00075278,0.4522,0.04,0.00050537,1.0,-1.0,0.0,2.0,0.0,-0.088,2.0,0.0,0.4498,-1.0,9.675e-05,0.0,0.0,0.0,0.0,0.0,0.0752,False,False,-1.0,-1.0,81.42,84.61,True,0.0,bullish,0.0,0.0,0.120013,0.099862,trade,no,False,False,46.0,52.57,,0.600064,0.05,25.0,500.0,,,,,,,,,False,True,6.25,2026-04-08 18:07:24+00:00,,,,,,,,,,,,,,,,,,,,,,,,,,,,,,,,,,,,,,,,,,,,,,,,,,,,,,,,,,,,,,,,,,,,,,,,,,,,,,,,,,,,,,,,,,,,,,,,,,,,,,,,,,0.5438969794195829,15,2026-W15,0.8,False
2026-04-09 02:37:39,2026-04-09 02:00,KXETHD-26APR0823-T2179.99,2026-04-09T03:00:00Z,2180.97,2179.99,-0.045,0.48,real,0.573542,-0.1854,0.00056109,0.00051392,,,0.06,0.00051392,1.0,0.0,1.0,1.0,1.0,0.1031,2.0,0.0,0.6438,-1.0,9.141e-05,-1.0,0.0,0.0,-1.0,-1.0,0.269,False,False,-1.0,0.0,65.64,54.79,False,0.0,neutral,0.0,0.0,0.068542,0.03607,trade,yes,False,False,42.0,22.31,,0.131812,0.05,25.0,500.0,,,,,,,,,True,True,27.08,2026-04-09 02:37:39+00:00,,,,,,,,,,,,,,,,,,,,,,,,,,,,,,,,,,,,,,,,,,,,,,,,,,,,,,,,,,,,,,,,,,,,,,,,,,,,,,,,,,,,,,,,,,,,,,,,,,,,,,,,,,0.5578054437837497,15,2026-W15,0.48,True
2026-04-09 10:51:29,2026-04-09 10:00,KXETHD-26APR0907-T2189.99,2026-04-09T11:00:00Z,2193.03,2189.99,-0.1386,0.75,real,0.870779,-1.1301,0.00049792,0.00023195,0.00070698,0.3281,0.1,0.00042196,1.0,-1.0,0.0,2.0,0.0,0.0151,2.0,0.0,0.7616,0.0,8.53e-06,0.0,1.0,-1.0,-2.0,-2.0,0.541,False,False,-1.0,-1.0,81.88,81.15,False,0.0,neutral,0.0,0.0,0.120779,0.092654,trade,yes,False,False,35.0,8.46,,0.483115,0.05,25.0,500.0,,,,,,,,,True,True,8.33,2026-04-09 10:51:29+00:00,,,,,,,,,,,,,,,,,,,,,,,,,,,,,,,,,,,,,,,,,,,,,,,,,,,,,,,,,,,,,,,,,,,,,,,,,,,,,,,,,,,,,,,,,,,,,,,,,,,,,,,,,,0.5018106025023823,15,2026-W15,0.75,True
2026-04-09 11:07:19,2026-04-09 11:00,KXETHD-26APR0908-T2189.99,2026-04-09T12:00:00Z,2192.76,2189.99,-0.1262,0.65,real,0.772365,-0.7467,0.00016276,8.738e-05,0.00045172,0.1934,0.06,0.00023312,1.0,-1.0,0.0,2.0,0.0,-0.0502,2.0,0.0,0.7601,0.0,8.87e-06,0.0,1.0,-1.0,-2.0,-2.0,0.5378,False,False,0.0,-1.0,81.5,81.39,False,0.0,neutral,0.0,0.0,0.122365,0.09144,trade,yes,False,False,36.0,52.64,,0.349614,0.05,25.0,500.0,,,,,,,,,False,False,-25.0,2026-04-09 11:07:19+00:00,,,,,,,,,,,,,,,,,,,,,,,,,,,,,,,,,,,,,,,,,,,,,,,,,,,,,,,,,,,,,,,,,,,,,,,,,,,,,,,,,,,,,,,,,,,,,,,,,,,,,,,,,,0.5252297208840809,15,2026-W15,0.65,True
2026-04-09 13:19:00,2026-04-09 13:00,KXETHD-26APR0910-T2189.99,2026-04-09T14:00:00Z,2178.38,2189.99,0.533,0.21,real,0.091595,1.331,0.0008946,0.0003534,0.00102994,0.3431,0.14,0.00062402,0.0,0.0,1.0,1.0,-1.0,-0.1224,2.0,0.0,0.5246,0.0,2.996e-05,0.0,0.0,0.0,0.0,0.0,-0.1396,False,False,1.0,1.0,13.84,17.09,False,-1.0,neutral,0.0,0.0,0.118405,0.097581,trade,no,False,False,36.0,40.97,,0.563835,0.05,25.0,500.0,,,,,,,,,False,True,6.65,2026-04-09 13:19:00+00:00,,,,,,,,,,,,,,,,,,,,,,,,,,,,,,,,,,,,,,,,,,,,,,,,,,,,,,,,,,,,,,,,,,,,,,,,,,,,,,,,,,,,,,,,,,,,,,,,,,,,,,,,,,0.5478225029006165,15,2026-W15,0.79,False
2026-04-09 13:30:57,2026-04-09 13:00,KXETHD-26APR0910-T2169.99,2026-04-09T14:00:00Z,2178.78,2169.99,-0.4034,0.785,real,0.922902,-1.4249,0.00065036,0.00024384,0.00095084,0.2565,0.17,0.00052664,0.0,0.0,1.0,0.0,0.0,0.0368,2.0,0.0,0.4448,0.0,3.374e-05,0.0,0.0,0.0,0.0,0.0,-0.1204,False,False,1.0,1.0,15.54,14.86,True,-1.0,neutral,0.0,0.0,0.137902,0.111088,trade,yes,False,False,35.0,29.01,,0.641406,0.05,25.0,500.0,,,,,,,,,False,False,-25.0,2026-04-09 13:30:57+00:00,,,,,,,,,,,,,,,,,,,,,,,,,,,,,,,,,,,,,,,,,,,,,,,,,,,,,,,,,,,,,,,,,,,,,,,,,,,,,,,,,,,,,,,,,,,,,,,,,,,,,,,,,,0.5478225029006165,15,2026-W15,0.785,True
2026-04-09 14:13:29,2026-04-09 14:00,KXETHD-26APR0911-T2169.99,2026-04-09T15:00:00Z,2170.46,2169.99,-0.0217,0.43,real,0.516446,-0.0412,0.00077835,0.00077241,,,0.14,0.00077241,0.0,1.0,2.0,0.0,0.0,0.0067,2.0,0.0,0.3569,0.0,4.22e-05,0.0,-1.0,1.0,2.0,2.0,-0.601,False,False,1.0,1.0,21.96,16.45,True,-1.0,bearish,0.0,0.0,0.086446,0.054289,trade,yes,False,False,35.0,46.48,,0.15166,0.05,25.0,500.0,,,,,,,,,True,True,33.14,2026-04-09 14:13:29+00:00,,,,,,,,,,,,,,,,,,,,,,,,,,,,,,,,,,,,,,,,,,,,,,,,,,,,,,,,,,,,,,,,,,,,,,,,,,,,,,,,,,,,,,,,,,,,,,,,,,,,,,,,,,0.49504561871139297,15,2026-W15,0.43,False
2026-04-09 18:00:44,2026-04-09 18:00,KXETHD-26APR0915-T2229.99,2026-04-09T19:00:00Z,2222.77,2229.99,0.3248,0.255,real,0.266626,0.6231,0.00106602,0.00070078,0.00063955,1.0957,0.19,0.00067629,-1.0,-1.0,0.0,3.0,0.0,0.0361,2.0,0.0,0.4533,-1.0,5.4e-05,0.0,1.0,-1.0,-2.0,-2.0,0.9476,False,False,-1.0,-1.0,89.45,90.19,True,1.0,bullish,0.0,0.0,0.044535,0.017903,trade,no,False,False,38.0,59.21,,0.174645,0.05,50.0,1000.0,,,,,,,,,False,True,17.11,2026-04-09 18:00:44+00:00,,,,,,,,,,,,,,,,,,,,,,,,,,,,,,,,,,,,,,,,,,,,,,,,,,,,,,,,,,,,,,,,,,,,,,,,,,,,,,,,,,,,,,,,,,,,,,,,,,,,,,,,,,0.5145675814725047,15,2026-W15,0.745,False
2026-04-09 18:03:52,2026-04-09 18:00,KXETHD-26APR0915-T2209.99,2026-04-09T19:00:00Z,2210.5,2209.99,-0.0231,0.445,real,0.51238,-0.031,0.00103302,0.00099535,,,0.15,0.00099535,-1.0,-1.0,0.0,2.0,0.0,-0.0602,2.0,0.0,0.4723,-1.0,5.4e-05,0.0,0.0,0.0,0.0,0.0,0.4596,False,False,1.0,-1.0,70.58,83.9,True,0.0,bullish,0.0,0.0,0.053969,0.021681,trade,yes,False,False,36.0,56.06,,0.097242,0.048621,48.62,1000.0,,,,,,,,,False,False,-48.62,2026-04-09 18:03:52+00:00,,,,,,,,,,,,,,,,,,,,,,,,,,,,,,,,,,,,,,,,,,,,,,,,,,,,,,,,,,,,,,,,,,,,,,,,,,,,,,,,,,,,,,,,,,,,,,,,,,,,,,,,,,0.5145675814725047,15,2026-W15,0.445,True
2026-04-09 18:18:41,2026-04-09 18:00,KXETHD-26APR0915-T2189.99,2026-04-09T19:00:00Z,2211.95,2189.99,-0.993,0.885,real,0.938947,-1.546,0.0010592,0.00081194,0.00129417,0.6274,0.13,0.00100483,-1.0,-1.0,0.0,1.0,-1.0,-0.1122,2.0,0.0,0.4502,0.0,1.133e-05,0.0,0.0,0.0,0.0,0.0,0.2131,False,False,1.0,0.0,61.33,72.08,True,0.0,bullish,0.0,0.0,0.057381,0.035257,trade,yes,False,False,37.0,41.27,,0.498964,0.05,50.0,1000.0,,,,,,,,,True,True,6.5,2026-04-09 18:18:41+00:00,,,,,,,,,,,,,,,,,,,,,,,,,,,,,,,,,,,,,,,,,,,,,,,,,,,,,,,,,,,,,,,,,,,,,,,,,,,,,,,,,,,,,,,,,,,,,,,,,,,,,,,,,,0.5145675814725047,15,2026-W15,0.885,True
2026-04-09 20:33:36,2026-04-09 20:00,KXETHD-26APR0917-T2209.99,2026-04-09T21:00:00Z,2219.74,2209.99,-0.4393,0.92,real,0.971791,-1.9078,0.00049274,0.00034229,0.00061034,0.5608,0.04,0.00044951,0.0,-1.0,0.0,0.0,0.0,-0.0458,2.0,0.0,0.3882,0.0,3.933e-05,0.0,0.0,0.0,-1.0,-1.0,0.7497,False,False,-1.0,0.0,78.53,75.97,False,1.0,bullish,0.0,0.0,0.034952,0.0148,trade,yes,False,False,20.0,26.36,,0.436896,0.05,50.0,1000.0,0.0,-3.0,0.4157,,,,,,True,True,4.35,2026-04-09 20:33:36+00:00,,,,,,,,,,,,,,,,,,,,,,,,,,,,,,,,,,,,,,,,,,,,,,,,,,,,,,,,,,,,,,,,,,,,,,,,,,,,,,,,,,,,,,,,,,,,,,,,,,,,,,,,,,0.5057699859989637,15,2026-W15,0.92,True
2026-04-09 21:07:25,2026-04-09 21:00,KXETHD-26APR0918-T2229.99,2026-04-09T22:00:00Z,2223.32,2229.99,0.3,0.305,real,0.286137,0.5647,0.00051814,0.0006796,0.00081025,0.8388,0.07,0.00073186,0.0,-1.0,0.0,1.0,0.0,0.0398,2.0,0.0,0.7387,0.0,4.529e-05,0.0,0.0,0.0,-1.0,-1.0,0.788,False,False,-1.0,-1.0,91.01,72.29,False,1.0,bullish,0.0,0.0,0.046352,0.01793,trade,no,False,False,37.0,52.53,,0.151975,0.05,50.0,1000.0,0.0,-7.0,0.467,,,,,,False,True,21.94,2026-04-09 21:07:25+00:00,,,,,,,,,,,,,,,,,,,,,,,,,,,,,,,,,,,,,,,,,,,,,,,,,,,,,,,,,,,,,,,,,,,,,,,,,,,,,,,,,,,,,,,,,,,,,,,,,,,,,,,,,,0.476575493287593,15,2026-W15,0.6950000000000001,True
2026-04-09 22:15:50,2026-04-09 22:00,KXETHD-26APR0919-T2229.99,2026-04-09T23:00:00Z,2221.48,2229.99,0.3829,0.2,real,0.198548,0.8468,0.00065115,0.00067668,0.00068367,0.9898,0.06,0.00067948,0.0,-1.0,0.0,2.0,-1.0,-0.1091,2.0,0.0,0.7555,-1.0,5.267e-05,0.0,0.0,0.0,-1.0,-1.0,0.6591,False,False,-1.0,0.0,71.51,53.36,False,1.0,bullish,0.0,0.0,0.080365,0.057993,trade,no,False,False,37.0,44.12,,0.401826,0.05,50.0,1000.0,0.0,-3.0,0.4157,,,,,,False,True,12.5,2026-04-09 22:15:50+00:00,,,,,,,,,,,,,,,,,,,,,,,,,,,,,,,,,,,,,,,,,,,,,,,,,,,,,,,,,,,,,,,,,,,,,,,,,,,,,,,,,,,,,,,,,,,,,,,,,,,,,,,,,,0.5308610464825431,15,2026-W15,0.8,False
2026-04-09 22:47:31,2026-04-09 22:00,KXETHD-26APR0919-T2209.99,2026-04-09T23:00:00Z,2210.63,2209.99,-0.0291,0.605,real,0.548324,-0.1214,0.00137669,0.00092653,0.00031002,2.9886,0.11,0.00067993,0.0,0.0,1.0,2.0,-1.0,-0.1466,2.0,0.0,0.7122,-1.0,5.7e-05,0.0,0.0,0.0,0.0,0.0,0.0312,False,False,1.0,1.0,1.01,20.96,False,0.0,bullish,0.0,0.0,0.050923,0.019195,trade,yes,False,False,37.0,12.44,,0.128919,0.05,50.0,1000.0,0.0,3.0,0.6364,,,,,,False,False,-50.0,2026-04-09 22:47:31+00:00,,,,,,,,,,,,,,,,,,,,,,,,,,,,,,,,,,,,,,,,,,,,,,,,,,,,,,,,,,,,,,,,,,,,,,,,,,,,,,,,,,,,,,,,,,,,,,,,,,,,,,,,,,0.5308610464825431,15,2026-W15,0.605,True
2026-04-09 23:00:11,2026-04-09 23:00,KXETHD-26APR0920-T2189.99,2026-04-10T00:00:00Z,2198.38,2189.99,-0.3814,0.66,real,0.678643,-0.4639,0.00140982,0.00097684,0.00119831,0.8152,0.18,0.00106543,0.0,0.0,1.0,2.0,-1.0,-0.1812,2.0,1.0,0.8013,-1.0,5.667e-05,-1.0,0.0,0.0,0.0,0.0,-0.4905,False,False,1.0,1.0,0.0,6.55,False,0.0,neutral,0.0,0.0,0.110022,0.079314,trade,yes,False,False,32.0,59.78,,0.323593,0.05,50.0,1000.0,0.0,5.0,0.6406,,,,,,False,False,-50.0,2026-04-09 23:00:11+00:00,,,,,,,,,,,,,,,,,,,,,,,,,,,,,,,,,,,,,,,,,,,,,,,,,,,,,,,,,,,,,,,,,,,,,,,,,,,,,,,,,,,,,,,,,,,,,,,,,,,,,,,,,,0.5329144445617591,15,2026-W15,0.66,True
2026-04-09 23:01:14,2026-04-09 23:00,KXETHD-26APR0920-T2209.99,2026-04-10T00:00:00Z,2198.16,2209.99,0.538,0.19,real,0.219502,0.7739,0.00140982,0.00097622,0.00079755,1.224,0.02,0.00090475,0.0,0.0,1.0,2.0,-1.0,-0.1795,2.0,1.0,0.8013,-1.0,5.667e-05,-1.0,0.0,0.0,0.0,0.0,-0.4905,False,False,1.0,1.0,0.0,6.55,False,0.0,neutral,0.0,0.0,0.124506,0.098733,trade,yes,False,False,37.0,58.73,,0.153711,0.05,50.0,1000.0,0.0,5.0,0.6406,,,,,,False,False,-50.0,2026-04-09 23:01:14+00:00,,,,,,,,,,,,,,,,,,,,,,,,,,,,,,,,,,,,,,,,,,,,,,,,,,,,,,,,,,,,,,,,,,,,,,,,,,,,,,,,,,,,,,,,,,,,,,,,,,,,,,,,,,0.5329144445617591,15,2026-W15,0.19,True
2026-04-10 00:00:09,2026-04-10 00:00,KXETHD-26APR0921-T2169.99,2026-04-10T01:00:00Z,2189.9,2169.99,-0.9091,0.92,real,0.961911,-1.7733,0.00099676,0.00054966,0.00084057,0.6539,0.08,0.00066602,0.0,1.0,2.0,1.0,1.0,0.1125,2.0,0.0,0.6483,-1.0,5.467e-05,0.0,0.0,0.0,0.0,0.0,,False,False,1.0,1.0,10.76,10.66,True,0.0,neutral,0.0,0.0,0.038088,0.017936,trade,yes,False,False,30.0,59.79,,0.476097,0.05,50.0,1000.0,0.0,3.0,0.6364,,,,,,True,True,4.35,2026-04-10 00:00:09+00:00,,,,,,,,,,,,,,,,,,,,,,,,,,,,,,,,,,,,,,,,,,,,,,,,,,,,,,,,,,,,,,,,,,,,,,,,,,,,,,,,,,,,,,,,,,,,,,,,,,,,,,,,,,0.5304663638514563,15,2026-W15,0.92,True
2026-04-10 00:01:13,2026-04-10 00:00,KXETHD-26APR0921-T2189.99,2026-04-10T01:00:00Z,2189.03,2189.99,0.044,0.465,real,0.461588,0.0964,0.00099386,0.00055669,0.00065373,0.8516,0.01,0.0005955,0.0,0.0,1.0,2.0,-1.0,-0.1313,2.0,0.0,0.6624,-1.0,5.467e-05,0.0,0.0,0.0,0.0,0.0,,False,False,1.0,1.0,8.86,10.03,False,0.0,neutral,0.0,0.0,0.113967,0.081553,trade,yes,False,False,36.0,58.75,,0.213023,0.05,50.0,1000.0,0.0,5.0,0.6406,,,,,,True,True,57.53,2026-04-10 00:01:13+00:00,,,,,,,,,,,,,,,,,,,,,,,,,,,,,,,,,,,,,,,,,,,,,,,,,,,,,,,,,,,,,,,,,,,,,,,,,,,,,,,,,,,,,,,,,,,,,,,,,,,,,,,,,,0.5304663638514563,15,2026-W15,0.465,True
2026-04-10 01:01:23,2026-04-10 01:00,KXETHD-26APR0922-T2189.99,2026-04-10T02:00:00Z,2193.8,2189.99,-0.1739,0.61,real,0.646247,-0.3752,0.00060768,0.00046745,0.00081428,0.5741,0.04,0.00060618,0.0,0.0,1.0,1.0,0.0,0.0275,2.0,0.0,0.6173,-1.0,8.2e-05,0.0,0.0,0.0,-1.0,-1.0,0.239,False,False,0.0,1.0,18.7,18.3,False,0.0,neutral,0.0,0.0,0.085911,0.054258,trade,yes,False,False,36.0,58.56,,0.220285,0.05,50.0,1000.0,0.0,2.0,0.5833,,,,,,True,True,31.97,2026-04-10 01:01:23+00:00,,,,,,,,,,,,,,,,,,,,,,,,,,,,,,,,,,,,,,,,,,,,,,,,,,,,,,,,,,,,,,,,,,,,,,,,,,,,,,,,,,,,,,,,,,,,,,,,,,,,,,,,,,0.5413353785975311,15,2026-W15,0.61,True
2026-04-10 01:33:08,2026-04-10 01:00,KXETHD-26APR0922-T2209.99,2026-04-10T02:00:00Z,2193.47,2209.99,0.7533,0.045,real,0.086382,1.3634,0.00079705,0.00120197,0.00085495,1.4059,0.03,0.00106316,0.0,0.0,1.0,1.0,0.0,0.0275,2.0,0.0,0.767,-1.0,6.567e-05,0.0,0.0,0.0,-1.0,-1.0,0.2374,False,False,0.0,1.0,17.37,16.36,True,-1.0,neutral,0.0,0.0,0.054449,0.036441,trade,yes,False,False,36.0,26.81,,0.057014,0.028507,28.51,1000.0,0.0,2.0,0.5833,,,,,,False,False,-28.51,2026-04-10 01:33:08+00:00,,,,,,,,,,,,,,,,,,,,,,,,,,,,,,,,,,,,,,,,,,,,,,,,,,,,,,,,,,,,,,,,,,,,,,,,,,,,,,,,,,,,,,,,,,,,,,,,,,,,,,,,,,0.5413353785975311,15,2026-W15,0.045,True
2026-04-10 02:00:36,2026-04-10 02:00,KXETHD-26APR0923-T2089.99,2026-04-10T03:00:00Z,2194.69,2089.99,-4.7705,0.905,real,0.993783,-2.4996,0.00098452,0.00100305,0.00484108,0.2072,0.19,0.00253826,0.0,-1.0,0.0,2.0,-1.0,-0.3242,2.0,0.0,0.6328,-1.0,9.891e-05,1.0,0.0,0.0,-1.0,-1.0,0.2918,False,False,0.0,0.0,50.77,41.83,False,0.0,neutral,0.0,0.0,0.06,0.038982,trade,yes,False,False,36.0,59.36,,0.631579,0.05,50.0,1000.0,0.0,0.0,0.5116,,,,,,True,True,5.25,2026-04-10 02:00:36+00:00,,,,,,,,,,,,,,,,,,,,,,,,,,,,,,,,,,,,,,,,,,,,,,,,,,,,,,,,,,,,,,,,,,,,,,,,,,,,,,,,,,,,,,,,,,,,,,,,,,,,,,,,,,0.5303902886989916,15,2026-W15,0.905,True
2026-04-10 02:01:39,2026-04-10 02:00,KXETHD-26APR0923-T2149.99,2026-04-10T03:00:00Z,2195.1,2149.99,-2.0551,0.92,real,0.979455,-2.0426,0.00098452,0.0009287,0.00193562,0.4798,0.16,0.00133147,0.0,-1.0,0.0,1.0,0.0,-0.0521,2.0,0.0,0.5951,-1.0,9.891e-05,1.0,0.0,0.0,-1.0,-1.0,0.2918,False,False,0.0,0.0,50.77,41.83,False,0.0,neutral,0.0,0.0,0.035854,0.015702,trade,yes,False,False,36.0,58.3,,0.44817,0.05,50.0,1000.0,0.0,0.0,0.5116,,,,,,True,True,4.35,2026-04-10 02:01:39+00:00,,,,,,,,,,,,,,,,,,,,,,,,,,,,,,,,,,,,,,,,,,,,,,,,,,,,,,,,,,,,,,,,,,,,,,,,,,,,,,,,,,,,,,,,,,,,,,,,,,,,,,,,,,0.5303902886989916,15,2026-W15,0.92,True
2026-04-10 02:42:33,2026-04-10 02:00,KXETHD-26APR0923-T2189.99,2026-04-10T03:00:00Z,2195.75,2189.99,-0.2622,0.92,real,0.976558,-1.9874,0.00056146,0.00022913,0.00044781,0.5117,0.04,0.0003166,0.0,-1.0,0.0,2.0,-1.0,-0.1048,2.0,0.0,0.5976,-1.0,8.493e-05,1.0,0.0,0.0,-1.0,-1.0,0.2988,False,False,0.0,0.0,70.7,62.14,False,0.0,neutral,0.0,0.0,0.033123,0.012971,trade,yes,False,False,36.0,17.41,,0.414033,0.05,50.0,1000.0,0.0,0.0,0.5116,,,,,,False,False,-50.0,2026-04-10 02:42:33+00:00,,,,,,,,,,,,,,,,,,,,,,,,,,,,,,,,,,,,,,,,,,,,,,,,,,,,,,,,,,,,,,,,,,,,,,,,,,,,,,,,,,,,,,,,,,,,,,,,,,,,,,,,,,0.5303902886989916,15,2026-W15,0.92,True
2026-04-10 06:40:47,2026-04-10 06:00,KXETHD-26APR1003-T2189.99,2026-04-10T07:00:00Z,2189.53,2189.99,0.0211,0.455,real,0.452343,0.1197,0.00038803,0.00038592,0.00042565,0.9067,0.01,0.00040181,1.0,-1.0,0.0,1.0,0.0,-0.0482,2.0,0.0,0.7561,-1.0,7.215e-05,0.0,0.0,0.0,0.0,0.0,-0.0829,False,False,1.0,0.0,23.36,44.42,False,-1.0,neutral,0.0,0.0,0.056094,0.023736,trade,yes,False,False,41.0,19.17,,0.102925,0.05,50.0,1000.0,0.0,2.0,0.5833,,,,,,False,False,-50.0,2026-04-10 06:40:47+00:00,,,,,,,,,,,,,,,,,,,,,,,,,,,,,,,,,,,,,,,,,,,,,,,,,,,,,,,,,,,,,,,,,,,,,,,,,,,,,,,,,,,,,,,,,,,,,,,,,,,,,,,,,,0.5403646987385494,15,2026-W15,0.455,True
2026-04-10 07:01:00,2026-04-10 07:00,KXETHD-26APR1004-T2189.99,2026-04-10T08:00:00Z,2187.26,2189.99,0.1248,0.39,real,0.375617,0.317,0.00039661,0.00046615,0.00058136,0.8018,0.08,0.00051223,1.0,0.0,1.0,1.0,0.0,-0.0588,2.0,0.0,0.7835,-1.0,7.425e-05,0.0,0.0,0.0,0.0,0.0,-0.1939,False,False,1.0,1.0,2.35,12.06,False,-1.0,neutral,0.0,0.0,0.102169,0.070516,trade,yes,False,False,41.0,58.95,,0.16749,0.05,50.0,1000.0,0.0,5.0,0.6406,,,,,,False,False,-50.0,2026-04-10 07:01:00+00:00,,,,,,,,,,,,,,,,,,,,,,,,,,,,,,,,,,,,,,,,,,,,,,,,,,,,,,,,,,,,,,,,,,,,,,,,,,,,,,,,,,,,,,,,,,,,,,,,,,,,,,,,,,0.5567485232913307,15,2026-W15,0.39,True
2026-04-10 08:25:32,2026-04-10 08:00,KXETHD-26APR1005-T2189.99,2026-04-10T09:00:00Z,2184.11,2189.99,0.2693,0.13,real,0.024013,1.9771,0.00033663,0.0001151,0.00040694,0.2828,0.1,0.00023183,0.0,0.0,1.0,2.0,-1.0,-0.1782,2.0,0.0,0.6265,-1.0,8.833e-05,0.0,0.0,0.0,1.0,1.0,-0.4191,False,False,1.0,1.0,9.6,6.52,True,-1.0,bearish,0.0,0.0,0.1,0.082963,trade,no,False,False,40.0,34.42,,0.769231,0.05,50.0,1000.0,-2.0,8.0,0.551,,,,,,False,True,7.47,2026-04-10 08:25:32+00:00,,,,,,,,,,,,,,,,,,,,,,,,,,,,,,,,,,,,,,,,,,,,,,,,,,,,,,,,,,,,,,,,,,,,,,,,,,,,,,,,,,,,,,,,,,,,,,,,,,,,,,,,,,0.559063646231395,15,2026-W15,0.87,False
2026-04-10 09:07:49,2026-04-10 09:00,KXETHD-26APR1006-T2189.99,2026-04-10T10:00:00Z,2188.84,2189.99,0.0527,0.395,real,0.446527,0.1344,0.0006189,0.00072195,0.000274,2.6348,0.15,0.00054277,0.0,0.0,1.0,1.0,0.0,-0.0364,2.0,0.0,0.4922,-1.0,8.933e-05,0.0,0.0,0.0,0.0,0.0,-0.03,False,False,-1.0,1.0,48.08,35.67,True,0.0,bearish,0.0,0.0,0.110252,0.078524,trade,yes,False,False,40.0,52.15,,0.182235,0.05,50.0,1000.0,0.0,2.0,0.5833,,,,,,True,True,76.58,2026-04-10 09:07:49+00:00,,,,,,,,,,,,,,,,,,,,,,,,,,,,,,,,,,,,,,,,,,,,,,,,,,,,,,,,,,,,,,,,,,,,,,,,,,,,,,,,,,,,,,,,,,,,,,,,,,,,,,,,,,0.5002709158319391,15,2026-W15,0.395,True
2026-04-10 10:27:58,2026-04-10 10:00,KXETHD-26APR1007-T2189.99,2026-04-10T11:00:00Z,2193.32,2189.99,-0.1517,0.74,real,0.815492,-0.8983,0.00023205,0.00021978,0.00041708,0.5269,0.12,0.0002987,-1.0,-1.0,0.0,3.0,-1.0,-0.1824,2.0,0.0,0.4811,-1.0,9.133e-05,0.0,0.0,0.0,0.0,0.0,0.1886,False,False,0.0,-1.0,82.68,88.21,True,0.0,neutral,0.0,0.0,0.042024,0.013556,trade,yes,False,False,40.0,31.99,,0.161631,0.05,50.0,1000.0,0.0,-1.0,0.4875,,,,,,True,True,17.57,2026-04-10 10:27:58+00:00,,,,,,,,,,,,,,,,,,,,,,,,,,,,,,,,,,,,,,,,,,,,,,,,,,,,,,,,,,,,,,,,,,,,,,,,,,,,,,,,,,,,,,,,,,,,,,,,,,,,,,,,,,0.5033700234566457,15,2026-W15,0.74,True
2026-04-10 11:18:34,2026-04-10 11:00,KXETHD-26APR1008-T2209.99,2026-04-10T12:00:00Z,2213.12,2209.99,-0.1413,0.495,real,0.666218,-0.4295,0.00047231,0.00051186,,,0.01,0.00051186,-1.0,-1.0,0.0,3.0,0.0,-0.0709,2.0,0.0,0.5889,-1.0,8.767e-05,0.0,1.0,-1.0,-2.0,-2.0,1.1182,False,False,-1.0,-1.0,100.0,97.31,False,0.0,bullish,0.0,0.0,0.115584,0.083086,trade,yes,False,False,41.0,41.38,,0.22888,0.05,50.0,1000.0,0.0,-7.0,0.467,,,,,,True,True,51.01,2026-04-10 11:18:34+00:00,,,,,,,,,,,,,,,,,,,,,,,,,,,,,,,,,,,,,,,,,,,,,,,,,,,,,,,,,,,,,,,,,,,,,,,,,,,,,,,,,,,,,,,,,,,,,,,,,,,,,,,,,,0.4722528836786073,15,2026-W15,0.495,False
2026-04-10 12:31:25,2026-04-10 12:00,KXETHD-26APR1009-T2229.99,2026-04-10T13:00:00Z,2221.49,2229.99,0.3829,0.245,real,0.24346,0.6952,0.00080981,0.00102388,0.00103607,0.9882,0.03,0.00102876,-1.0,0.0,1.0,3.0,1.0,0.1389,2.0,1.0,1.0,-1.0,6.974e-05,0.0,1.0,-1.0,-2.0,-2.0,1.1833,False,False,-1.0,-1.0,92.29,88.28,False,1.0,bullish,0.0,0.0,0.056149,0.030426,trade,no,False,False,42.0,28.55,,0.229179,0.05,50.0,1000.0,0.0,-10.0,0.461,,,,,,False,True,16.23,2026-04-10 12:31:25+00:00,,,,,,,,,,,,,,,,,,,,,,,,,,,,,,,,,,,,,,,,,,,,,,,,,,,,,,,,,,,,,,,,,,,,,,,,,,,,,,,,,,,,,,,,,,,,,,,,,,,,,,,,,,0.4679310658042496,15,2026-W15,0.755,True
2026-04-10 13:16:50,2026-04-10 13:00,KXETHD-26APR1010-T2229.99,2026-04-10T14:00:00Z,2218.05,2229.99,0.5381,0.22,real,0.144261,1.0614,0.00092251,0.00057776,0.00105835,0.5459,0.12,0.00076999,-1.0,-1.0,0.0,1.0,0.0,-0.0827,2.0,-1.0,0.8729,-1.0,7.098e-05,-1.0,0.0,0.0,-1.0,-1.0,0.8729,False,False,0.0,0.0,75.29,76.24,False,1.0,bullish,0.0,0.0,0.147667,0.12797,trade,no,False,False,42.0,43.13,,0.671213,0.05,50.0,1000.0,0.0,-5.0,0.4069,,,,,,False,True,14.1,2026-04-10 13:16:50+00:00,,,,,,,,,,,,,,,,,,,,,,,,,,,,,,,,,,,,,,,,,,,,,,,,,,,,,,,,,,,,,,,,,,,,,,,,,,,,,,,,,,,,,,,,,,,,,,,,,,,,,,,,,,0.47178508187036755,15,2026-W15,0.78,True
2026-04-10 14:03:42,2026-04-10 14:00,KXETHD-26APR1011-T2229.99,2026-04-10T15:00:00Z,2224.23,2229.99,0.2588,0.335,real,0.341945,0.4072,0.00075934,0.00087147,0.00080861,1.0777,0.11,0.00084633,-1.0,-1.0,0.0,3.0,0.0,-0.0937,2.0,1.0,0.8855,-1.0,6.059e-05,0.0,1.0,-1.0,-2.0,-2.0,1.0307,False,False,-1.0,-1.0,88.53,80.98,False,1.0,bullish,0.0,0.0,0.053247,0.024081,trade,no,False,False,42.0,56.26,,0.158945,0.05,50.0,1000.0,0.0,-8.0,0.461,,,,,,True,False,-50.0,2026-04-10 14:03:42+00:00,,,,,,,,,,,,,,,,,,,,,,,,,,,,,,,,,,,,,,,,,,,,,,,,,,,,,,,,,,,,,,,,,,,,,,,,,,,,,,,,,,,,,,,,,,,,,,,,,,,,,,,,,,0.47598228263685827,15,2026-W15,0.665,True
2026-04-10 14:30:09,2026-04-10 14:00,KXETHD-26APR1011-T2249.99,2026-04-10T15:00:00Z,2247.34,2249.99,0.1178,0.425,real,0.441424,0.1474,0.00146567,0.00167817,0.00113984,1.4723,0.03,0.00146284,-1.0,-1.0,0.0,4.0,-1.0,-0.1633,2.0,-1.0,0.9114,-1.0,7.422e-05,0.0,1.0,-1.0,-2.0,-2.0,1.6744,False,False,-1.0,-1.0,87.16,91.25,True,1.0,bullish,0.0,0.0,0.043952,0.012442,trade,no,False,False,44.0,29.8,,0.103415,0.05,50.0,1000.0,1.0,-11.0,0.464,,,,,,False,True,36.96,2026-04-10 14:30:09+00:00,,,,,,,,,,,,,,,,,,,,,,,,,,,,,,,,,,,,,,,,,,,,,,,,,,,,,,,,,,,,,,,,,,,,,,,,,,,,,,,,,,,,,,,,,,,,,,,,,,,,,,,,,,0.47598228263685827,15,2026-W15,0.575,True
2026-04-10 17:02:47,2026-04-10 17:00,KXETHD-26APR1014-T2249.99,2026-04-10T18:00:00Z,2244.91,2249.99,0.2261,0.305,real,0.326524,0.4495,0.00066433,0.00071705,0.00058561,1.2245,0.15,0.00066448,-1.0,-1.0,0.0,1.0,-1.0,-0.1061,2.0,0.0,0.3047,0.0,4.964e-05,1.0,0.0,0.0,-1.0,-1.0,0.7833,False,False,-1.0,0.0,64.19,64.37,False,1.0,bullish,0.0,0.0,0.083807,0.056749,trade,no,False,False,43.0,57.18,,0.274778,0.05,50.0,1000.0,0.0,-4.0,0.375,,,,,,False,True,21.94,2026-04-10 17:02:47+00:00,,,,,,,,,,,,,,,,,,,,,,,,,,,,,,,,,,,,,,,,,,,,,,,,,,,,,,,,,,,,,,,,,,,,,,,,,,,,,,,,,,,,,,,,,,,,,,,,,,,,,,,,,,0.47598228263685827,15,2026-W15,0.6950000000000001,True
2026-04-10 18:02:37,2026-04-10 18:00,KXETHD-26APR1015-T2249.99,2026-04-10T19:00:00Z,2246.0,2249.99,0.1778,0.32,real,0.337283,0.4199,0.00058224,0.0005966,0.00050144,1.1898,0.04,0.00055854,0.0,-1.0,0.0,0.0,0.0,0.0072,2.0,0.0,0.3821,0.0,1.681e-05,0.0,0.0,0.0,-1.0,-1.0,0.8151,False,False,-1.0,0.0,67.96,66.52,False,1.0,bullish,0.0,0.0,0.067128,0.038903,trade,no,False,False,43.0,57.35,,0.209774,0.05,50.0,1000.0,1.0,-4.0,0.403,,,,,,True,False,-50.0,2026-04-10 18:02:37+00:00,,,,,,,,,,,,,,,,,,,,,,,,,,,,,,,,,,,,,,,,,,,,,,,,,,,,,,,,,,,,,,,,,,,,,,,,,,,,,,,,,,,,,,,,,,,,,,,,,,,,,,,,,,0.49800566997125806,15,2026-W15,0.6799999999999999,True
2026-04-10 19:01:14,2026-04-10 19:00,KXETHD-26APR1017-T2249.99,2026-04-10T21:00:00Z,2250.76,2249.99,-0.034,0.5,real,0.541594,-0.1045,0.00039729,0.00029916,,,0.02,0.00029916,0.0,-1.0,0.0,1.0,0.0,0.0311,2.0,0.0,0.6367,0.0,-2.7e-07,0.0,0.0,0.0,-1.0,-1.0,0.8188,False,False,0.0,-1.0,91.07,82.74,False,1.0,bullish,0.0,0.0,0.054501,0.022001,trade,yes,False,False,75.0,118.74,,0.109003,0.05,50.0,1000.0,3.0,-5.0,0.513,,,,,,True,True,50.0,2026-04-10 19:01:14+00:00,,,,,,,,,,,,,,,,,,,,,,,,,,,,,,,,,,,,,,,,,,,,,,,,,,,,,,,,,,,,,,,,,,,,,,,,,,,,,,,,,,,,,,,,,,,,,,,,,,,,,,,,,,0.47598228263685827,15,2026-W15,0.5,False
2026-04-10 19:04:22,2026-04-10 19:00,KXETHD-26APR1016-T2249.99,2026-04-10T20:00:00Z,2250.81,2249.99,-0.0366,0.475,real,0.554944,-0.1382,0.00040589,0.00035531,,,0.07,0.00035531,0.0,-1.0,0.0,2.0,0.0,-0.054,2.0,0.0,0.6915,0.0,-1.02e-06,0.0,1.0,-1.0,-2.0,-2.0,0.9177,False,False,-1.0,-1.0,98.73,85.3,False,1.0,bullish,0.0,0.0,0.062059,0.029603,trade,yes,False,False,75.0,55.6,,0.118208,0.05,50.0,1000.0,3.0,-6.0,0.482,,,,,,True,True,55.26,2026-04-10 19:04:22+00:00,,,,,,,,,,,,,,,,,,,,,,,,,,,,,,,,,,,,,,,,,,,,,,,,,,,,,,,,,,,,,,,,,,,,,,,,,,,,,,,,,,,,,,,,,,,,,,,,,,,,,,,,,,0.47598228263685827,15,2026-W15,0.475,False
2026-04-10 21:11:27,2026-04-10 21:00,KXETHD-26APR1018-T2249.99,2026-04-10T22:00:00Z,2249.53,2249.99,0.0205,0.51,real,0.485474,0.0364,0.00063411,0.00080829,,,0.1,0.00080829,0.0,-1.0,0.0,3.0,-1.0,-0.155,2.0,0.0,0.1486,0.0,-1.779e-05,0.0,1.0,-1.0,-2.0,-2.0,0.7756,False,False,0.0,-1.0,42.71,50.49,True,0.0,bullish,0.0,0.0,0.064376,0.031883,trade,yes,False,False,44.0,48.51,,0.13138,0.05,50.0,1000.0,4.0,-3.0,0.5886,,,,,,True,True,48.04,2026-04-10 21:11:27+00:00,,,,,,,,,,,,,,,,,,,,,,,,,,,,,,,,,,,,,,,,,,,,,,,,,,,,,,,,,,,,,,,,,,,,,,,,,,,,,,,,,,,,,,,,,,,,,,,,,,,,,,,,,,0.47178508187036755,15,2026-W15,0.51,False
2026-04-10 21:13:04,2026-04-10 21:00,KXETHD-26APR1018-T2249.99,2026-04-10T22:00:00Z,2248.23,2249.99,0.0783,0.48,real,0.46738,0.0819,0.00063407,0.00080828,0.0022802,0.3545,0.04,0.00139705,0.0,-1.0,0.0,2.0,0.0,-0.0465,2.0,0.0,0.1421,0.0,-1.776e-05,0.0,1.0,-1.0,-2.0,-2.0,0.7697,False,False,0.0,-1.0,42.71,50.49,True,0.0,bullish,0.0,0.0,0.076494,0.044022,trade,yes,False,False,44.0,46.89,,0.147104,0.05,50.0,1000.0,4.0,-3.0,0.5886,,,,,,True,True,54.17,2026-04-10 21:13:04+00:00,,,,,,,,,,,,,,,,,,,,,,,,,,,,,,,,,,,,,,,,,,,,,,,,,,,,,,,,,,,,,,,,,,,,,,,,,,,,,,,,,,,,,,,,,,,,,,,,,,,,,,,,,,0.47178508187036755,15,2026-W15,0.48,False
2026-04-10 22:25:09,2026-04-10 22:00,KXETHD-26APR1019-T2249.99,2026-04-10T23:00:00Z,2248.67,2249.99,0.0585,0.45,real,0.431839,0.1717,0.00057838,0.0004366,0.00078929,0.5531,0.12,0.00057768,0.0,-1.0,0.0,1.0,-1.0,-0.1269,2.0,0.0,0.5017,0.0,-1.643e-05,0.0,0.0,0.0,-1.0,-1.0,0.5733,False,False,1.0,0.0,29.35,57.76,False,0.0,bullish,0.0,0.0,0.070836,0.038511,trade,yes,False,False,43.0,34.81,,0.128792,0.05,50.0,1000.0,3.0,-3.0,0.5886,,,,,,False,False,-50.0,2026-04-10 22:25:09+00:00,,,,,,,,,,,,,,,,,,,,,,,,,,,,,,,,,,,,,,,,,,,,,,,,,,,,,,,,,,,,,,,,,,,,,,,,,,,,,,,,,,,,,,,,,,,,,,,,,,,,,,,,,,0.49335777583847756,15,2026-W15,0.45,False
2026-04-10 23:01:49,2026-04-10 23:00,KXETHD-26APR1020-T2249.99,2026-04-11T00:00:00Z,2241.47,2249.99,0.3803,0.145,real,0.11588,1.1958,0.00058862,0.0003801,0.00047038,0.8081,0.09,0.00041621,0.0,0.0,1.0,1.0,-1.0,-0.1087,2.0,1.0,0.8113,0.0,-1.788e-05,-1.0,0.0,0.0,0.0,0.0,0.2286,False,False,1.0,1.0,17.94,15.52,True,0.0,bullish,0.0,0.0,0.150312,0.126634,trade,yes,False,False,43.0,58.15,,0.175804,0.05,50.0,1000.0,3.0,2.0,0.7447,,,,,,False,False,-50.0,2026-04-10 23:01:49+00:00,,,,,,,,,,,,,,,,,,,,,,,,,,,,,,,,,,,,,,,,,,,,,,,,,,,,,,,,,,,,,,,,,,,,,,,,,,,,,,,,,,,,,,,,,,,,,,,,,,,,,,,,,,0.4743646922918311,15,2026-W15,0.145,False
2026-04-11 00:05:28,2026-04-11 00:00,KXETHD-26APR1021-T2249.99,2026-04-11T01:00:00Z,2240.84,2249.99,0.4084,0.14,real,0.067189,1.4971,0.00028301,0.00027395,0.00051106,0.536,0.08,0.00036879,-1.0,0.0,1.0,1.0,-1.0,-0.1491,2.0,0.0,0.6124,0.0,0.0,0.0,0.0,0.0,0.0,0.0,,False,False,1.0,1.0,15.26,26.14,False,0.0,bullish,0.0,0.0,0.060692,0.037264,trade,yes,False,False,43.0,54.49,,0.070572,0.035286,35.29,1000.0,3.0,2.0,0.7447,,,,,,False,False,-35.29,2026-04-11 00:05:28+00:00,,,,,,,,,,,,,,,,,,,,,,,,,,,,,,,,,,,,,,,,,,,,,,,,,,,,,,,,,,,,,,,,,,,,,,,,,,,,,,,,,,,,,,,,,,,,,,,,,,,,,,,,,,0.5528439245095377,15,2026-W15,0.14,True
2026-04-11 01:00:19,2026-04-11 01:00,KXETHD-26APR1022-T2249.99,2026-04-11T02:00:00Z,2239.43,2249.99,0.4714,0.06,real,0.029506,1.8881,0.00033445,0.00027639,0.00039161,0.7058,0.04,0.00032248,-1.0,1.0,2.0,1.0,-1.0,-0.1626,2.0,0.0,0.4693,0.0,2.98e-06,0.0,-1.0,1.0,2.0,0.0,0.0035,False,True,0.0,1.0,15.38,11.45,True,0.0,bullish,0.0,0.0,0.049312,0.030364,trade,yes,False,False,43.0,59.65,,0.05246,0.02623,26.23,1000.0,3.0,2.0,0.7447,,,,,,False,False,-26.23,2026-04-11 01:00:19+00:00,,,,,,,,,,,,,,,,,,,,,,,,,,,,,,,,,,,,,,,,,,,,,,,,,,,,,,,,,,,,,,,,,,,,,,,,,,,,,,,,,,,,,,,,,,,,,,,,,,,,,,,,,,0.5013213296142079,15,2026-W15,0.06,True
2026-04-11 01:21:24,2026-04-11 01:00,KXETHD-26APR1022-T2229.99,2026-04-11T02:00:00Z,2237.09,2229.99,-0.3173,0.855,real,0.895576,-1.2567,0.00036624,0.00035633,0.00048376,0.7366,0.09,0.0004073,-1.0,1.0,2.0,1.0,-1.0,-0.3552,2.0,0.0,0.0361,0.0,8.15e-06,0.0,-1.0,1.0,2.0,2.0,-0.1379,False,False,1.0,1.0,3.68,11.9,False,0.0,bullish,0.0,0.0,0.115,0.091322,trade,yes,False,False,43.0,38.55,,0.793103,0.05,50.0,1000.0,1.0,4.0,0.7673,,,,,,True,True,8.48,2026-04-11 01:21:24+00:00,,,,,,,,,,,,,,,,,,,,,,,,,,,,,,,,,,,,,,,,,,,,,,,,,,,,,,,,,,,,,,,,,,,,,,,,,,,,,,,,,,,,,,,,,,,,,,,,,,,,,,,,,,0.5013213296142079,15,2026-W15,0.855,True
2026-04-11 02:00:29,2026-04-11 02:00,KXETHD-26APR1023-T2249.99,2026-04-11T03:00:00Z,2245.88,2249.99,0.1828,0.225,real,0.247903,0.6811,0.0004029,0.00037059,0.00031357,1.1818,0.11,0.00034778,-1.0,-1.0,0.0,1.0,-1.0,-0.1248,2.0,0.0,0.1482,0.0,1.911e-05,1.0,0.0,0.0,-1.0,-1.0,0.188,False,False,-1.0,0.0,78.31,61.43,False,0.0,bullish,0.0,0.0,0.15808,0.130874,trade,yes,False,False,43.0,59.47,,0.203974,0.05,50.0,1000.0,3.0,0.0,0.6494,,,,,,False,False,-50.0,2026-04-11 02:00:29+00:00,,,,,,,,,,,,,,,,,,,,,,,,,,,,,,,,,,,,,,,,,,,,,,,,,,,,,,,,,,,,,,,,,,,,,,,,,,,,,,,,,,,,,,,,,,,,,,,,,,,,,,,,,,0.4926698394150429,15,2026-W15,0.225,False
2026-04-11 03:10:11,2026-04-11 03:00,KXETHD-26APR1100-T2249.99,2026-04-11T04:00:00Z,2248.73,2249.99,0.056,0.24,real,0.353431,0.3761,0.0003251,0.00027665,0.0001123,2.4635,0.02,0.00021091,-1.0,-1.0,0.0,1.0,-1.0,-0.1956,2.0,0.0,0.1856,0.0,4.25e-06,0.0,0.0,0.0,-1.0,-1.0,0.274,False,False,0.0,0.0,72.23,75.51,False,1.0,bullish,0.0,0.0,0.263043,0.235275,trade,yes,False,False,44.0,49.78,,0.346109,0.05,50.0,1000.0,3.0,0.0,0.6494,,,,,,False,False,-50.0,2026-04-11 03:10:11+00:00,,,,,,,,,,,,,,,,,,,,,,,,,,,,,,,,,,,,,,,,,,,,,,,,,,,,,,,,,,,,,,,,,,,,,,,,,,,,,,,,,,,,,,,,,,,,,,,,,,,,,,,,,,0.5586334085870868,15,2026-W15,0.24,True
2026-04-11 04:01:08,2026-04-11 04:00,KXETHD-26APR1101-T2249.99,2026-04-11T05:00:00Z,2237.33,2249.99,0.5659,0.055,real,0.035693,1.803,0.00033708,0.00037318,0.00046034,0.8107,0.03,0.00040805,0.0,0.0,1.0,1.0,-1.0,-0.3912,2.0,0.0,0.5086,0.0,-4.27e-06,0.0,0.0,0.0,1.0,1.0,-0.1991,False,False,1.0,1.0,10.14,29.15,False,0.0,bullish,0.0,0.0,0.030258,0.01162,trade,yes,False,False,43.0,58.83,,0.03202,0.01601,16.01,1000.0,1.0,3.0,0.6673,,,,,,False,False,-16.01,2026-04-11 04:01:08+00:00,,,,,,,,,,,,,,,,,,,,,,,,,,,,,,,,,,,,,,,,,,,,,,,,,,,,,,,,,,,,,,,,,,,,,,,,,,,,,,,,,,,,,,,,,,,,,,,,,,,,,,,,,,0.5045522104136303,15,2026-W15,0.055,True
2026-04-11 05:07:48,2026-04-11 05:00,KXETHD-26APR1102-T2249.99,2026-04-11T06:00:00Z,2240.26,2249.99,0.4344,0.1,real,0.041355,1.7352,0.00032496,0.00026428,0.00046834,0.5643,0.04,0.0003459,0.0,0.0,1.0,1.0,-1.0,-0.1708,2.0,-1.0,0.808,0.0,1.093e-05,0.0,0.0,0.0,0.0,0.0,-0.0886,False,False,1.0,1.0,15.01,25.06,False,0.0,bullish,0.0,0.0,0.042078,0.020778,trade,yes,False,False,43.0,52.15,,0.046754,0.023377,23.38,1000.0,3.0,1.0,0.7467,,,,,,False,False,-23.38,2026-04-11 05:07:48+00:00,,,,,,,,,,,,,,,,,,,,,,,,,,,,,,,,,,,,,,,,,,,,,,,,,,,,,,,,,,,,,,,,,,,,,,,,,,,,,,,,,,,,,,,,,,,,,,,,,,,,,,,,,,0.5477228659968788,15,2026-W15,0.1,True
2026-04-11 06:22:15,2026-04-11 06:00,KXETHD-26APR1103-T2229.99,2026-04-11T07:00:00Z,2234.54,2229.99,-0.2036,0.78,real,0.927016,-1.4539,0.00024538,0.00021401,0.0004297,0.498,0.12,0.00022822,0.0,0.0,1.0,0.0,0.0,0.0698,2.0,0.0,0.6725,0.0,3.263e-05,0.0,0.0,0.0,1.0,1.0,-0.3243,False,False,1.0,1.0,13.75,14.78,False,-1.0,neutral,0.0,0.0,0.147016,0.120004,trade,yes,False,False,43.0,37.72,,0.668256,0.05,50.0,1000.0,-1.0,5.0,0.5423,,,,,,True,True,14.1,2026-04-11 06:22:15+00:00,,,,,,,,,,,,,,,,,,,,,,,,,,,,,,,,,,,,,,,,,,,,,,,,,,,,,,,,,,,,,,,,,,,,,,,,,,,,,,,,,,,,,,,,,,,,,,,,,,,,,,,,,,0.5490576146189882,15,2026-W15,0.78,True
2026-04-11 07:01:45,2026-04-11 07:00,KXETHD-26APR1104-T2249.99,2026-04-11T08:00:00Z,2236.64,2249.99,0.597,0.175,real,0.005449,2.5459,0.00016641,0.00011551,0.00083491,0.1384,0.01,0.00030649,0.0,-1.0,0.0,0.0,0.0,0.0092,2.0,0.0,0.6912,0.0,4.281e-05,0.0,0.0,0.0,1.0,1.0,-0.2508,False,False,0.0,0.0,25.75,24.11,False,-1.0,neutral,0.0,0.0,0.145,0.127963,trade,no,False,False,43.0,58.2,,0.828571,0.05,50.0,1000.0,1.0,3.0,0.6673,,,,,,False,True,10.61,2026-04-11 07:01:45+00:00,,,,,,,,,,,,,,,,,,,,,,,,,,,,,,,,,,,,,,,,,,,,,,,,,,,,,,,,,,,,,,,,,,,,,,,,,,,,,,,,,,,,,,,,,,,,,,,,,,,,,,,,,,0.5655076036520027,15,2026-W15,0.825,False
2026-04-11 07:02:49,2026-04-11 07:00,KXETHD-26APR1104-T2229.99,2026-04-11T08:00:00Z,2235.99,2229.99,-0.2685,0.865,real,0.995753,-2.6318,0.00016638,8.141e-05,0.00032245,0.2525,0.07,0.00013515,0.0,-1.0,0.0,1.0,-1.0,-0.1459,2.0,0.0,0.6912,0.0,4.281e-05,0.0,0.0,0.0,1.0,1.0,-0.2508,False,False,0.0,0.0,25.75,24.11,False,-1.0,neutral,0.0,0.0,0.105,0.081826,trade,yes,False,False,43.0,57.14,,0.777778,0.05,50.0,1000.0,1.0,3.0,0.6673,,,,,,True,True,7.8,2026-04-11 07:02:49+00:00,,,,,,,,,,,,,,,,,,,,,,,,,,,,,,,,,,,,,,,,,,,,,,,,,,,,,,,,,,,,,,,,,,,,,,,,,,,,,,,,,,,,,,,,,,,,,,,,,,,,,,,,,,0.5655076036520027,15,2026-W15,0.865,True
2026-04-11 08:01:57,2026-04-11 08:00,KXETHD-26APR1105-T2229.99,2026-04-11T09:00:00Z,2233.49,2229.99,-0.1566,0.625,real,0.799681,-0.8405,0.00019918,0.0001696,0.00064599,0.2625,0.13,0.00024491,-1.0,-1.0,0.0,2.0,-1.0,-0.1636,2.0,0.0,0.372,-1.0,5.286e-05,0.0,0.0,0.0,1.0,1.0,-0.2805,False,False,0.0,0.0,27.89,29.02,False,-1.0,neutral,0.0,0.0,0.159681,0.128275,trade,yes,False,False,42.0,58.01,,0.425817,0.05,50.0,1000.0,-1.0,3.0,0.507,,,,,,True,True,30.0,2026-04-11 08:01:57+00:00,,,,,,,,,,,,,,,,,,,,,,,,,,,,,,,,,,,,,,,,,,,,,,,,,,,,,,,,,,,,,,,,,,,,,,,,,,,,,,,,,,,,,,,,,,,,,,,,,,,,,,,,,,0.5537338879706706,15,2026-W15,0.625,True
2026-04-11 10:00:08,2026-04-11 10:00,KXETHD-26APR1107-T2249.99,2026-04-11T11:00:00Z,2244.94,2249.99,0.2251,0.165,real,0.005016,2.5747,0.0004027,0.00011469,0.00029846,0.3843,0.13,0.00011292,-1.0,-1.0,0.0,2.0,-1.0,-0.2359,2.0,1.0,0.9625,-1.0,8.883e-05,1.0,0.0,0.0,0.0,0.0,0.1614,False,False,-1.0,0.0,76.05,76.38,False,0.0,neutral,0.0,0.0,0.135,0.117963,trade,no,False,False,34.0,59.82,,0.818182,0.05,50.0,1000.0,3.0,-1.0,0.6725,,,,,,False,True,9.88,2026-04-11 10:00:08+00:00,,,,,,,,,,,,,,,,,,,,,,,,,,,,,,,,,,,,,,,,,,,,,,,,,,,,,,,,,,,,,,,,,,,,,,,,,,,,,,,,,,,,,,,,,,,,,,,,,,,,,,,,,,0.504676602657241,15,2026-W15,0.835,False
2026-04-11 11:06:32,2026-04-11 11:00,KXETHD-26APR1108-T2249.99,2026-04-11T12:00:00Z,2243.09,2249.99,0.3078,0.13,real,0.045921,1.6858,0.0004134,0.00044394,0.00037326,1.1894,0.02,0.0002494,-1.0,-1.0,0.0,2.0,-1.0,-0.1606,2.0,0.0,0.6964,-1.0,6.974e-05,0.0,0.0,0.0,0.0,0.0,0.0769,False,False,0.0,0.0,63.71,53.0,False,0.0,bullish,0.0,0.0,0.099079,0.081982,trade,no,False,False,43.0,53.43,,0.76215,0.05,50.0,1000.0,1.0,0.0,0.5951,,,,,,False,True,7.47,2026-04-11 11:06:32+00:00,,,,,,,,,,,,,,,,,,,,,,,,,,,,,,,,,,,,,,,,,,,,,,,,,,,,,,,,,,,,,,,,,,,,,,,,,,,,,,,,,,,,,,,,,,,,,,,,,,,,,,,,,,0.46791103841186577,15,2026-W15,0.87,True
2026-04-11 12:14:57,2026-04-11 12:00,KXETHD-26APR1109-T2249.99,2026-04-11T13:00:00Z,2244.97,2249.99,0.2237,0.245,real,0.082403,1.3891,0.00021678,0.00026597,0.0004824,0.5513,0.09,0.00023973,-1.0,-1.0,0.0,3.0,-1.0,-0.2212,2.0,0.0,0.6852,-1.0,5.197e-05,0.0,0.0,0.0,-1.0,-1.0,0.2238,False,False,-1.0,-1.0,83.85,73.13,False,1.0,bullish,0.0,0.0,0.177597,0.158197,trade,no,False,False,43.0,45.01,,0.724887,0.05,50.0,1000.0,1.0,-3.0,0.4432,,,,,,False,True,16.23,2026-04-11 12:14:57+00:00,,,,,,,,,,,,,,,,,,,,,,,,,,,,,,,,,,,,,,,,,,,,,,,,,,,,,,,,,,,,,,,,,,,,,,,,,,,,,,,,,,,,,,,,,,,,,,,,,,,,,,,,,,0.46791103841186577,15,2026-W15,0.755,True
2026-04-11 13:01:22,2026-04-11 13:00,KXETHD-26APR1110-T2249.99,2026-04-11T14:00:00Z,2244.88,2249.99,0.2277,0.18,real,0.021697,2.0199,9.796e-05,0.00014413,0.00032458,0.4441,0.14,0.00014709,-1.0,-1.0,0.0,1.0,0.0,-0.0101,2.0,-1.0,1.0,0.0,4.02e-05,0.0,0.0,0.0,0.0,0.0,0.1562,False,False,0.0,-1.0,70.81,75.69,True,1.0,bullish,0.0,0.0,0.15,0.132963,trade,no,False,False,43.0,58.59,,0.833333,0.05,50.0,1000.0,1.0,0.0,0.5951,,,,,,False,True,10.98,2026-04-11 13:01:22+00:00,,,,,,,,,,,,,,,,,,,,,,,,,,,,,,,,,,,,,,,,,,,,,,,,,,,,,,,,,,,,,,,,,,,,,,,,,,,,,,,,,,,,,,,,,,,,,,,,,,,,,,,,,,0.5078625445038729,15,2026-W15,0.8200000000000001,False
2026-04-11 13:18:16,2026-04-11 13:00,KXETHD-26APR1110-T2229.99,2026-04-11T14:00:00Z,2236.42,2229.99,-0.2874,0.74,real,0.825082,-0.9349,0.00036919,0.00058361,0.00069278,0.8424,0.12,0.00047673,-1.0,0.0,1.0,1.0,-1.0,-0.1456,2.0,1.0,0.9439,0.0,3.842e-05,0.0,0.0,0.0,0.0,0.0,-0.1731,False,False,1.0,1.0,14.89,40.97,True,0.0,neutral,0.0,0.0,0.085082,0.056614,trade,yes,False,False,43.0,41.7,,0.327238,0.05,50.0,1000.0,-1.0,2.0,0.5116,,,,,,True,True,17.57,2026-04-11 13:18:16+00:00,,,,,,,,,,,,,,,,,,,,,,,,,,,,,,,,,,,,,,,,,,,,,,,,,,,,,,,,,,,,,,,,,,,,,,,,,,,,,,,,,,,,,,,,,,,,,,,,,,,,,,,,,,0.5078625445038729,15,2026-W15,0.74,True
2026-04-11 14:07:53,2026-04-11 14:00,KXETHD-26APR1111-T2249.99,2026-04-11T15:00:00Z,2241.97,2249.99,0.3576,0.135,real,0.004585,2.6057,0.00049318,0.00022838,0.00044846,0.5092,0.11,0.00018985,-1.0,-1.0,0.0,0.0,0.0,-0.0415,2.0,0.0,0.2733,0.0,2.876e-05,-1.0,0.0,0.0,0.0,0.0,-0.0072,False,False,0.0,0.0,47.37,52.42,False,0.0,bullish,0.0,0.0,0.105,0.087963,trade,no,False,False,43.0,52.07,,0.777778,0.05,50.0,1000.0,1.0,0.0,0.5951,,,,,,False,True,7.8,2026-04-11 14:07:53+00:00,,,,,,,,,,,,,,,,,,,,,,,,,,,,,,,,,,,,,,,,,,,,,,,,,,,,,,,,,,,,,,,,,,,,,,,,,,,,,,,,,,,,,,,,,,,,,,,,,,,,,,,,,,0.49540090459626357,15,2026-W15,0.865,True
2026-04-11 15:26:31,2026-04-11 15:00,KXETHD-26APR1112-T2249.99,2026-04-11T16:00:00Z,2247.75,2249.99,0.0997,0.335,real,0.398532,0.2571,0.00059945,0.00094475,0.00040452,2.3355,0.11,0.00067037,-1.0,-1.0,0.0,0.0,0.0,-0.0655,2.0,1.0,1.0,0.0,1.879e-05,0.0,0.0,0.0,-1.0,-1.0,0.2287,False,False,-1.0,0.0,74.3,73.77,False,1.0,bullish,0.0,0.0,0.063532,0.032938,trade,yes,False,False,43.0,33.42,,0.095537,0.047768,47.77,1000.0,5.0,-2.0,0.5524,,,,,,True,True,94.83,2026-04-11 15:26:31+00:00,,,,,,,,,,,,,,,,,,,,,,,,,,,,,,,,,,,,,,,,,,,,,,,,,,,,,,,,,,,,,,,,,,,,,,,,,,,,,,,,,,,,,,,,,,,,,,,,,,,,,,,,,,0.4973842482281803,15,2026-W15,0.335,False
2026-04-11 16:22:08,2026-04-11 16:00,KXETHD-26APR1113-T2249.99,2026-04-11T17:00:00Z,2247.67,2249.99,0.1033,0.33,real,0.208583,0.8113,0.00029866,0.00025265,0.00038149,0.6623,0.02,0.00020684,0.0,-1.0,0.0,1.0,-1.0,-0.1387,2.0,0.0,0.7011,0.0,1.629e-05,1.0,0.0,0.0,-1.0,-1.0,0.1932,False,False,-1.0,0.0,70.34,69.95,False,1.0,bullish,0.0,0.0,0.121417,0.094861,trade,no,False,False,44.0,37.83,,0.367929,0.05,50.0,1000.0,4.0,-1.0,0.6725,,,,,,True,False,-50.0,2026-04-11 16:22:08+00:00,,,,,,,,,,,,,,,,,,,,,,,,,,,,,,,,,,,,,,,,,,,,,,,,,,,,,,,,,,,,,,,,,,,,,,,,,,,,,,,,,,,,,,,,,,,,,,,,,,,,,,,,,,0.464475810389797,15,2026-W15,0.6699999999999999,True
2026-04-11 17:31:58,2026-04-11 17:00,KXETHD-26APR1114-T2269.99,2026-04-11T18:00:00Z,2262.89,2269.99,0.3137,0.085,real,0.138148,1.0887,0.00076326,0.00069741,0.00043137,1.6167,0.01,0.00054372,0.0,-1.0,0.0,2.0,-1.0,-0.2008,2.0,0.0,0.5956,0.0,7.1e-06,1.0,1.0,-1.0,-2.0,-2.0,0.5203,False,False,-1.0,0.0,69.08,60.4,False,1.0,bullish,0.0,0.0,0.053148,0.032704,trade,yes,False,False,44.0,28.0,,0.058085,0.029043,29.04,1000.0,5.0,-6.0,0.482,,,,,,False,False,-29.04,2026-04-11 17:31:58+00:00,,,,,,,,,,,,,,,,,,,,,,,,,,,,,,,,,,,,,,,,,,,,,,,,,,,,,,,,,,,,,,,,,,,,,,,,,,,,,,,,,,,,,,,,,,,,,,,,,,,,,,,,,,0.4955066220584839,15,2026-W15,0.085,False
2026-04-11 18:03:28,2026-04-11 18:00,KXETHD-26APR1115-T2269.99,2026-04-11T19:00:00Z,2260.75,2269.99,0.4088,0.13,real,0.028525,1.9029,0.00050804,0.00030423,0.00048182,0.6314,0.06,0.0002852,0.0,-1.0,0.0,2.0,-1.0,-0.1222,2.0,0.0,0.7146,0.0,5.35e-06,0.0,1.0,-1.0,-2.0,-2.0,0.3546,False,False,-1.0,0.0,58.81,61.77,False,1.0,bullish,0.0,0.0,0.1,0.082963,trade,no,False,False,44.0,56.5,,0.769231,0.05,50.0,1000.0,4.0,-3.0,0.5886,,,,,,True,False,-50.0,2026-04-11 18:03:28+00:00,,,,,,,,,,,,,,,,,,,,,,,,,,,,,,,,,,,,,,,,,,,,,,,,,,,,,,,,,,,,,,,,,,,,,,,,,,,,,,,,,,,,,,,,,,,,,,,,,,,,,,,,,,0.4712043942402377,15,2026-W15,0.87,True
2026-04-11 19:06:24,2026-04-11 19:00,KXETHD-26APR1117-T2349.99,2026-04-11T21:00:00Z,2323.13,2349.99,1.1561,0.1,real,0.216654,0.7835,0.00186346,0.00156342,0.00084173,1.8574,0.06,0.00137672,0.0,0.0,1.0,2.0,1.0,0.1088,2.0,0.0,0.6511,0.0,1.691e-05,1.0,1.0,-1.0,-2.0,-2.0,2.035,False,False,-1.0,-1.0,91.64,85.74,False,1.0,bullish,0.0,0.0,0.116654,0.095354,trade,yes,False,False,75.0,113.55,,0.129615,0.05,50.0,1000.0,6.0,-13.0,0.47,,,,,,False,False,-50.0,2026-04-11 19:06:24+00:00,,,,,,,,,,,,,,,,,,,,,,,,,,,,,,,,,,,,,,,,,,,,,,,,,,,,,,,,,,,,,,,,,,,,,,,,,,,,,,,,,,,,,,,,,,,,,,,,,,,,,,,,,,0.4712043942402377,15,2026-W15,0.1,False
2026-04-11 19:09:33,2026-04-11 19:00,KXETHD-26APR1116-T2329.99,2026-04-11T20:00:00Z,2317.41,2329.99,0.5427,0.235,real,0.294516,0.5402,0.00187646,0.00147408,0.00105509,1.3971,0.11,0.001411,0.0,-1.0,0.0,3.0,-1.0,-0.2947,2.0,-1.0,0.8743,0.0,1.77e-05,1.0,1.0,-1.0,-2.0,-2.0,1.8301,False,False,-1.0,-1.0,86.63,84.07,False,1.0,bullish,0.0,0.0,0.059516,0.031932,trade,yes,False,False,73.0,50.41,,0.077798,0.038899,38.9,1000.0,6.0,-10.0,0.47,,,,,,False,False,-38.9,2026-04-11 19:09:33+00:00,,,,,,,,,,,,,,,,,,,,,,,,,,,,,,,,,,,,,,,,,,,,,,,,,,,,,,,,,,,,,,,,,,,,,,,,,,,,,,,,,,,,,,,,,,,,,,,,,,,,,,,,,,0.4712043942402377,15,2026-W15,0.235,False
2026-04-11 20:24:21,2026-04-11 20:00,KXETHD-26APR1117-T2309.99,2026-04-11T21:00:00Z,2303.28,2309.99,0.2915,0.195,real,0.24192,0.7001,0.00079244,0.00069696,0.00056753,1.2281,0.01,0.00069681,0.0,-1.0,0.0,1.0,-1.0,-0.2354,2.0,0.0,0.4908,0.0,4.349e-05,1.0,0.0,0.0,-1.0,-1.0,1.0468,False,False,0.0,0.0,67.35,73.41,False,1.0,bullish,0.0,0.0,0.04692,0.020932,trade,yes,False,False,25.0,35.59,,0.058286,0.029143,29.14,1000.0,4.0,-4.0,0.5455,,,,,,False,False,-29.14,2026-04-11 20:24:21+00:00,,,,,,,,,,,,,,,,,,,,,,,,,,,,,,,,,,,,,,,,,,,,,,,,,,,,,,,,,,,,,,,,,,,,,,,,,,,,,,,,,,,,,,,,,,,,,,,,,,,,,,,,,,0.5348796470383311,15,2026-W15,0.195,True
2026-04-11 21:04:47,2026-04-11 21:00,KXETHD-26APR1118-T2309.99,2026-04-11T22:00:00Z,2300.11,2309.99,0.4293,0.12,real,0.226035,0.752,0.00090169,0.0010623,0.00049089,2.164,0.14,0.00076704,0.0,-1.0,0.0,1.0,0.0,0.0719,2.0,0.0,0.3697,-1.0,5.816e-05,0.0,0.0,0.0,-1.0,-1.0,0.78,False,False,0.0,0.0,57.51,55.71,False,0.0,bullish,0.0,0.0,0.091035,0.068643,trade,yes,False,False,46.0,55.17,,0.103449,0.05,50.0,1000.0,4.0,-4.0,0.5455,,,,,,False,False,-50.0,2026-04-11 21:04:47+00:00,,,,,,,,,,,,,,,,,,,,,,,,,,,,,,,,,,,,,,,,,,,,,,,,,,,,,,,,,,,,,,,,,,,,,,,,,,,,,,,,,,,,,,,,,,,,,,,,,,,,,,,,,,0.4767512601085869,15,2026-W15,0.12,False
2026-04-11 22:05:23,2026-04-11 22:00,KXETHD-26APR1119-T2309.99,2026-04-11T23:00:00Z,2301.47,2309.99,0.3701,0.235,real,0.168871,0.9586,0.00046769,0.00048361,0.00069222,0.6986,0.01,0.00052169,1.0,-1.0,0.0,1.0,0.0,0.0375,2.0,0.0,0.4979,-1.0,7.075e-05,0.0,0.0,0.0,-1.0,-1.0,0.8562,False,False,0.0,0.0,32.67,47.71,False,1.0,bullish,0.0,0.0,0.081129,0.057015,trade,no,False,False,47.0,54.58,,0.345229,0.05,50.0,1000.0,4.0,-3.0,0.5886,,,,,,False,True,15.36,2026-04-11 22:05:23+00:00,,,,,,,,,,,,,,,,,,,,,,,,,,,,,,,,,,,,,,,,,,,,,,,,,,,,,,,,,,,,,,,,,,,,,,,,,,,,,,,,,,,,,,,,,,,,,,,,,,,,,,,,,,0.5071679473206677,15,2026-W15,0.765,False
2026-04-11 23:15:38,2026-04-11 23:00,KXETHD-26APR1120-T2289.99,2026-04-12T00:00:00Z,2284.77,2289.99,0.2283,0.26,real,0.313637,0.4856,0.00088755,0.00092304,0.00053244,1.7336,0.14,0.00070545,1.0,0.0,1.0,1.0,0.0,-0.0492,2.0,0.0,0.7764,-1.0,7.76e-05,-1.0,0.0,0.0,0.0,0.0,-0.0197,False,False,1.0,1.0,17.85,18.54,False,0.0,bullish,0.0,0.0,0.038637,0.010169,trade,yes,False,False,46.0,44.32,,0.052213,0.026106,26.11,1000.0,2.0,1.0,0.5588,,,,,,False,False,-26.11,2026-04-11 23:15:38+00:00,,,,,,,,,,,,,,,,,,,,,,,,,,,,,,,,,,,,,,,,,,,,,,,,,,,,,,,,,,,,,,,,,,,,,,,,,,,,,,,,,,,,,,,,,,,,,,,,,,,,,,,,,,0.5236539697450873,15,2026-W15,0.26,True
2026-04-12 00:05:45,2026-04-12 00:00,KXETHD-26APR1121-T2289.99,2026-04-12T01:00:00Z,2282.58,2289.99,0.3248,0.24,real,0.215327,0.7881,0.00062295,0.00069321,0.00062362,1.1116,0.08,0.00055892,1.0,0.0,1.0,1.0,0.0,0.023,2.0,0.0,0.5784,-1.0,9.339e-05,0.0,0.0,0.0,0.0,0.0,,False,False,1.0,1.0,14.08,21.75,False,0.0,bullish,0.0,0.0,0.039673,0.013459,trade,no,False,False,46.0,54.2,,0.165303,0.05,50.0,1000.0,2.0,3.0,0.6698,,,,,,False,True,15.79,2026-04-12 00:05:45+00:00,,,,,,,,,,,,,,,,,,,,,,,,,,,,,,,,,,,,,,,,,,,,,,,,,,,,,,,,,,,,,,,,,,,,,,,,,,,,,,,,,,,,,,,,,,,,,,,,,,,,,,,,,,0.5201620403512789,15,2026-W15,0.76,False
2026-04-12 01:09:39,2026-04-12 01:00,KXETHD-26APR1122-T2289.99,2026-04-12T02:00:00Z,2284.3,2289.99,0.2491,0.235,real,0.18067,0.9128,0.00057657,0.00051914,0.00048561,1.069,0.09,0.00038435,1.0,0.0,1.0,2.0,-1.0,-0.1502,2.0,0.0,0.5275,-1.0,8.897e-05,0.0,0.0,0.0,1.0,1.0,-0.1014,False,False,1.0,1.0,14.44,15.16,True,0.0,bullish,0.0,0.0,0.06933,0.044654,trade,no,False,False,45.0,50.3,,0.295021,0.05,50.0,1000.0,2.0,2.0,0.7667,,,,,,False,True,15.36,2026-04-12 01:09:39+00:00,,,,,,,,,,,,,,,,,,,,,,,,,,,,,,,,,,,,,,,,,,,,,,,,,,,,,,,,,,,,,,,,,,,,,,,,,,,,,,,,,,,,,,,,,,,,,,,,,,,,,,,,,,0.55821078441681,15,2026-W15,0.765,False
2026-04-12 01:36:22,2026-04-12 01:00,KXETHD-26APR1122-T2269.99,2026-04-12T02:00:00Z,2255.67,2269.99,0.6348,0.11,real,0.230065,0.7386,0.00124968,0.00182654,0.00106246,1.7192,0.08,0.00176425,1.0,1.0,2.0,2.0,-1.0,-0.4171,2.0,0.0,0.7193,-1.0,8.822e-05,0.0,-1.0,1.0,2.0,2.0,-0.8642,False,False,1.0,1.0,0.0,14.15,True,0.0,neutral,0.0,0.0,0.105065,0.083212,trade,yes,False,False,45.0,23.58,,0.118051,0.05,50.0,1000.0,0.0,11.0,0.557,,,,,,False,False,-50.0,2026-04-12 01:36:22+00:00,,,,,,,,,,,,,,,,,,,,,,,,,,,,,,,,,,,,,,,,,,,,,,,,,,,,,,,,,,,,,,,,,,,,,,,,,,,,,,,,,,,,,,,,,,,,,,,,,,,,,,,,,,0.55821078441681,15,2026-W15,0.11,True
2026-04-12 01:48:06,2026-04-12 01:00,KXETHD-26APR1122-T2229.99,2026-04-12T02:00:00Z,2219.96,2229.99,0.4519,0.2,real,0.294385,0.5406,0.00164648,0.00221821,0.0015558,1.4258,0.1,0.00242202,1.0,1.0,2.0,2.0,-1.0,-0.3865,2.0,0.0,0.7146,-1.0,8.562e-05,0.0,-1.0,1.0,2.0,2.0,-1.8196,False,False,1.0,1.0,0.0,12.79,False,0.0,neutral,0.0,0.0,0.079385,0.053185,trade,yes,False,False,42.0,11.86,,0.099231,0.049616,49.62,1000.0,-1.0,13.0,0.554,,,,,,False,False,-49.62,2026-04-12 01:48:06+00:00,,,,,,,,,,,,,,,,,,,,,,,,,,,,,,,,,,,,,,,,,,,,,,,,,,,,,,,,,,,,,,,,,,,,,,,,,,,,,,,,,,,,,,,,,,,,,,,,,,,,,,,,,,0.55821078441681,15,2026-W15,0.2,True
2026-04-12 02:00:55,2026-04-12 02:00,KXETHD-26APR1123-T2229.99,2026-04-12T03:00:00Z,2219.36,2229.99,0.4789,0.27,real,0.333243,0.431,0.00175881,0.00172834,0.00101476,1.7032,0.08,0.00144291,1.0,1.0,2.0,1.0,0.0,-0.0079,2.0,0.0,0.4634,-1.0,8.02e-05,-1.0,-1.0,1.0,2.0,2.0,-1.4342,False,False,1.0,1.0,10.42,10.68,False,-1.0,neutral,0.0,0.0,0.048243,0.019446,trade,yes,False,False,43.0,59.03,,0.066086,0.033043,33.04,1000.0,-1.0,9.0,0.554,,,,,,False,False,-33.04,2026-04-12 02:00:55+00:00,,,,,,,,,,,,,,,,,,,,,,,,,,,,,,,,,,,,,,,,,,,,,,,,,,,,,,,,,,,,,,,,,,,,,,,,,,,,,,,,,,,,,,,,,,,,,,,,,,,,,,,,,,0.5544478808225947,15,2026-W15,0.27,True
2026-04-12 03:08:07,2026-04-12 03:00,KXETHD-26APR1200-T2229.99,2026-04-12T04:00:00Z,2224.09,2229.99,0.2651,0.315,real,0.221541,0.767,0.00094708,0.00035967,0.00076341,0.4711,0.01,0.00047947,1.0,0.0,1.0,2.0,-1.0,-0.1751,2.0,0.0,0.4926,-1.0,6.414e-05,1.0,0.0,0.0,1.0,1.0,-0.7332,False,False,1.0,1.0,19.55,21.41,False,-1.0,bearish,0.0,0.0,0.108459,0.081987,trade,no,False,False,43.0,51.83,,0.344313,0.05,50.0,1000.0,-1.0,7.0,0.548,,,,,,False,True,22.99,2026-04-12 03:08:07+00:00,,,,,,,,,,,,,,,,,,,,,,,,,,,,,,,,,,,,,,,,,,,,,,,,,,,,,,,,,,,,,,,,,,,,,,,,,,,,,,,,,,,,,,,,,,,,,,,,,,,,,,,,,,0.5794097302570279,15,2026-W15,0.685,False
2026-04-12 22:30:09,2026-04-12 22:00,KXETHD-26APR1219-T2199.99,2026-04-12T23:00:00Z,2188.35,2199.99,0.5319,0.255,real,0.208469,0.8117,0.00126301,0.00118528,0.00147481,0.8037,0.01,0.001197,0.0,0.0,1.0,0.0,0.0,-0.0413,2.0,0.0,0.6158,0.0,3.391e-05,0.0,0.0,0.0,0.0,0.0,-0.1739,False,False,1.0,1.0,13.18,17.64,False,-1.0,bearish,0.0,0.0,0.046531,0.019981,trade,no,False,False,39.0,29.8,,0.182476,0.05,50.0,1000.0,-2.0,3.0,0.5516,-0.3264,,,False,,True,False,-50.0,2026-04-12 22:30:09+00:00,,,,,,,,,,,,,,,,,,,,,,,,,,,,,,,,,,,,,,,,,,,,,,,,,,,,,,,,,,,,,,,,,,,,,,,,,,,,,,,,,,,,,,,,,,,,,,,,,,,,,,,,,,0.5501901155073587,15,2026-W15,0.745,False
2026-04-12 23:08:16,2026-04-12 23:00,KXETHD-26APR1220-T2199.99,2026-04-13T00:00:00Z,2191.48,2199.99,0.3883,0.28,real,0.2241,0.7584,0.00097344,0.00094201,0.00092478,1.0186,0.02,0.00071069,-1.0,-1.0,0.0,0.0,0.0,-0.0937,2.0,0.0,0.4357,0.0,3.176e-05,0.0,0.0,0.0,0.0,0.0,0.0409,False,False,1.0,0.0,30.09,41.63,False,-1.0,bearish,0.0,0.0,0.0559,0.028728,trade,no,False,False,39.0,51.69,,0.199642,0.05,50.0,1000.0,-2.0,0.0,0.4395,0.0397,,,False,,False,True,19.44,2026-04-12 23:08:16+00:00,,,,,,,,,,,,,,,,,,,,,,,,,,,,,,,,,,,,,,,,,,,,,,,,,,,,,,,,,,,,,,,,,,,,,,,,,,,,,,,,,,,,,,,,,,,,,,,,,,,,,,,,,,0.5751077339409778,15,2026-W15,0.72,False
2026-04-13 00:01:03,2026-04-13 00:00,KXETHD-26APR1221-T2179.99,2026-04-13T01:00:00Z,2188.23,2179.99,-0.3766,0.765,real,0.874362,-1.1473,0.00056436,0.00048609,0.00068047,0.7144,0.11,0.00042852,-1.0,0.0,1.0,1.0,-1.0,-0.2525,2.0,0.0,0.4899,0.0,3.052e-05,0.0,0.0,0.0,0.0,0.0,,False,False,1.0,1.0,13.35,15.16,False,-1.0,bearish,0.0,0.0,0.109362,0.081778,trade,yes,False,False,39.0,58.91,,0.465372,0.05,50.0,1000.0,-2.0,2.0,0.5405,0.005,,,False,,True,True,15.36,2026-04-13 00:01:03+00:00,,,,,,,,,,,,,,,,,,,,,,,,,,,,,,,,,,,,,,,,,,,,,,,,,,,,,,,,,,,,,,,,,,,,,,,,,,,,,,,,,,,,,,,,,,,,,,,,,,,,,,,,,,0.5020820500830226,16,2026-W16,0.765,True
2026-04-13 00:04:14,2026-04-13 00:00,KXETHD-26APR1221-T2199.99,2026-04-13T01:00:00Z,2189.25,2199.99,0.4904,0.155,real,0.042431,1.7232,0.00057878,0.00040368,0.00064552,0.6254,0.11,0.00038032,-1.0,0.0,1.0,2.0,-1.0,-0.1657,2.0,0.0,0.4851,-1.0,5.078e-05,0.0,0.0,0.0,0.0,0.0,,False,False,0.0,1.0,19.25,17.13,True,-1.0,bearish,0.0,0.0,0.125,0.107963,trade,no,False,False,38.0,55.72,,0.806452,0.05,50.0,1000.0,-2.0,2.0,0.5405,0.0928,,,False,,True,False,-50.0,2026-04-13 00:04:14+00:00,,,,,,,,,,,,,,,,,,,,,,,,,,,,,,,,,,,,,,,,,,,,,,,,,,,,,,,,,,,,,,,,,,,,,,,,,,,,,,,,,,,,,,,,,,,,,,,,,,,,,,,,,,0.5020820500830226,16,2026-W16,0.845,False
2026-04-13 02:18:07,2026-04-13 02:00,KXETHD-26APR1223-T2199.99,2026-04-13T03:00:00Z,2196.53,2199.99,0.1574,0.385,real,0.362056,0.353,0.00048425,0.00059356,0.00083145,0.7139,0.15,0.00068871,0.0,0.0,1.0,1.0,-1.0,-0.3387,2.0,0.0,0.4066,0.0,3.118e-05,0.0,-1.0,1.0,2.0,2.0,-0.3987,False,False,1.0,0.0,44.88,56.78,False,0.0,bearish,0.0,0.0,0.078293,0.048408,trade,no,False,False,39.0,41.83,,0.203359,0.05,50.0,1000.0,-2.0,0.0,0.4395,,,,,,False,True,31.3,2026-04-13 02:18:07+00:00,,,,,,,,,,,,,,,,,,,,,,,,,,,,,,,,,,,,,,,,,,,,,,,,,,,,,,,,,,,,,,,,,,,,,,,,,,,,,,,,,,,,,,,,,,,,,,,,,,,,,,,,,,0.5383785963448539,16,2026-W16,0.615,False
2026-04-13 03:01:45,2026-04-13 03:00,KXETHD-26APR1300-T2199.99,2026-04-13T04:00:00Z,2192.55,2199.99,0.3395,0.245,real,0.148149,1.0444,0.00046216,0.00027994,0.00064364,0.4349,0.11,0.00042542,0.0,-1.0,0.0,1.0,-1.0,-0.1534,2.0,0.0,0.6285,0.0,3.492e-05,0.0,0.0,0.0,1.0,1.0,-0.438,False,False,1.0,0.0,40.14,38.57,False,0.0,bearish,0.0,0.0,0.129277,0.107114,trade,no,False,False,38.0,58.19,,0.527662,0.05,50.0,1000.0,-2.0,0.0,0.4395,,,,,,False,True,16.23,2026-04-13 03:01:45+00:00,,,,,,,,,,,,,,,,,,,,,,,,,,,,,,,,,,,,,,,,,,,,,,,,,,,,,,,,,,,,,,,,,,,,,,,,,,,,,,,,,,,,,,,,,,,,,,,,,,,,,,,,,,0.520299315031823,16,2026-W16,0.755,False
2026-04-13 04:06:46,2026-04-13 04:00,KXETHD-26APR1301-T2199.99,2026-04-13T05:00:00Z,2193.78,2199.99,0.2832,0.195,real,0.138812,1.0857,0.0003466,0.0002946,0.00045116,0.653,0.19,0.00035722,0.0,-1.0,0.0,2.0,-1.0,-0.1074,2.0,0.0,0.7444,-1.0,7.309e-05,0.0,0.0,0.0,1.0,1.0,-0.4144,False,False,0.0,0.0,22.19,20.33,False,0.0,bearish,0.0,0.0,0.102125,0.081227,trade,no,False,False,38.0,53.19,,0.523717,0.05,50.0,1000.0,-2.0,0.0,0.4395,,,,,,False,True,12.11,2026-04-13 04:06:46+00:00,,,,,,,,,,,,,,,,,,,,,,,,,,,,,,,,,,,,,,,,,,,,,,,,,,,,,,,,,,,,,,,,,,,,,,,,,,,,,,,,,,,,,,,,,,,,,,,,,,,,,,,,,,0.5492897182317789,16,2026-W16,0.8049999999999999,False
2026-04-13 05:03:09,2026-04-13 05:00,KXETHD-26APR1302-T2199.99,2026-04-13T06:00:00Z,2190.83,2199.99,0.418,0.115,real,0.147614,1.0467,0.00043805,0.00057393,0.00046112,1.2446,0.03,0.00052881,0.0,1.0,2.0,2.0,-1.0,-0.1213,2.0,0.0,0.721,-1.0,7.981e-05,0.0,-1.0,1.0,2.0,2.0,-0.5654,False,False,1.0,1.0,9.26,21.25,False,0.0,bearish,0.0,0.0,0.065344,0.04322,trade,yes,False,False,38.0,56.81,,0.073835,0.036918,36.92,1000.0,-2.0,5.0,0.5747,,,,,,False,False,-36.92,2026-04-13 05:03:09+00:00,,,,,,,,,,,,,,,,,,,,,,,,,,,,,,,,,,,,,,,,,,,,,,,,,,,,,,,,,,,,,,,,,,,,,,,,,,,,,,,,,,,,,,,,,,,,,,,,,,,,,,,,,,0.5466728965112008,16,2026-W16,0.115,True
2026-04-13 06:00:27,2026-04-13 06:00,KXETHD-26APR1303-T2199.99,2026-04-13T07:00:00Z,2190.94,2199.99,0.413,0.135,real,0.134144,1.107,0.00039837,0.00048152,0.00048441,0.994,0.07,0.00048268,0.0,-1.0,0.0,1.0,0.0,-0.0275,2.0,0.0,0.5889,-1.0,8.572e-05,0.0,0.0,0.0,1.0,1.0,-0.564,False,False,0.0,0.0,28.47,19.18,False,-1.0,bearish,0.0,0.0,0.038669,0.015494,trade,yes,False,False,38.0,59.5,,0.044704,0.022352,22.35,1000.0,-2.0,4.0,0.5887,,,,,,False,False,-22.35,2026-04-13 06:00:27+00:00,,,,,,,,,,,,,,,,,,,,,,,,,,,,,,,,,,,,,,,,,,,,,,,,,,,,,,,,,,,,,,,,,,,,,,,,,,,,,,,,,,,,,,,,,,,,,,,,,,,,,,,,,,0.5035298177593656,16,2026-W16,0.135,True
2026-04-13 07:01:56,2026-04-13 07:00,KXETHD-26APR1304-T2199.99,2026-04-13T08:00:00Z,2197.55,2199.99,0.1109,0.34,real,0.332457,0.4331,0.00034124,0.00032461,0.00035266,0.9204,0.12,0.00033583,0.0,-1.0,0.0,1.0,0.0,-0.0994,2.0,0.0,0.691,-1.0,8.255e-05,0.0,0.0,0.0,0.0,0.0,-0.178,False,False,0.0,0.0,74.59,84.62,True,0.0,bearish,0.0,0.0,0.075853,0.047247,trade,no,False,False,39.0,58.02,,0.223096,0.05,50.0,1000.0,-2.0,0.0,0.4395,,,,,,False,True,25.76,2026-04-13 07:01:56+00:00,,,,,,,,,,,,,,,,,,,,,,,,,,,,,,,,,,,,,,,,,,,,,,,,,,,,,,,,,,,,,,,,,,,,,,,,,,,,,,,,,,,,,,,,,,,,,,,,,,,,,,,,,,0.5556235572984405,16,2026-W16,0.6599999999999999,False
2026-04-13 08:15:09,2026-04-13 08:00,KXETHD-26APR1305-T2179.99,2026-04-13T09:00:00Z,2184.18,2179.99,-0.1918,0.725,real,0.765135,-0.7229,0.00041138,0.00034132,0.00047975,0.7114,0.13,0.00039669,0.0,1.0,2.0,2.0,-1.0,-0.1283,2.0,0.0,0.42,-1.0,8.335e-05,0.0,-1.0,1.0,2.0,2.0,-0.729,False,False,1.0,1.0,0.0,4.54,False,-1.0,bearish,0.0,0.0,0.062645,0.033689,trade,yes,False,False,38.0,44.81,,0.227801,0.05,50.0,1000.0,-2.0,9.0,0.551,,,,,,True,True,18.97,2026-04-13 08:15:09+00:00,,,,,,,,,,,,,,,,,,,,,,,,,,,,,,,,,,,,,,,,,,,,,,,,,,,,,,,,,,,,,,,,,,,,,,,,,,,,,,,,,,,,,,,,,,,,,,,,,,,,,,,,,,0.5578458988831891,16,2026-W16,0.725,True
2026-04-13 12:02:14,2026-04-13 12:00,KXETHD-26APR1309-T2179.99,2026-04-13T13:00:00Z,2184.99,2179.99,-0.229,0.71,real,0.730298,-0.6137,0.00039207,0.00045596,0.0005453,0.8362,0.04,0.0004917,-1.0,0.0,1.0,2.0,-1.0,-0.1112,2.0,0.0,0.4136,-1.0,7.385e-05,0.0,-1.0,1.0,2.0,2.0,-0.5549,False,False,0.0,0.0,29.78,52.47,False,-1.0,bearish,0.0,0.0,0.046386,0.016973,trade,yes,False,False,38.0,57.72,,0.159951,0.05,50.0,1000.0,-2.0,3.0,0.5516,,,,,,True,True,20.42,2026-04-13 12:02:14+00:00,,,,,,,,,,,,,,,,,,,,,,,,,,,,,,,,,,,,,,,,,,,,,,,,,,,,,,,,,,,,,,,,,,,,,,,,,,,,,,,,,,,,,,,,,,,,,,,,,,,,,,,,,,0.5022492374071741,16,2026-W16,0.71,True
2026-04-13 12:55:13,2026-04-13 12:00,KXETHD-26APR1309-T2199.99,2026-04-13T13:00:00Z,2196.27,2199.99,0.1693,0.15,real,0.155172,1.0145,0.00069487,0.00077795,0.00075089,1.036,0.04,0.00076713,-1.0,0.0,1.0,2.0,0.0,0.0116,2.0,0.0,0.8479,-1.0,7.7e-05,0.0,-1.0,1.0,2.0,0.0,0.0342,False,True,-1.0,-1.0,90.42,40.62,False,0.0,bearish,0.0,0.0,0.099703,0.08136,trade,no,False,False,38.0,4.73,,0.66469,0.05,50.0,1000.0,-2.0,-5.0,0.3095,,,,,,False,True,8.82,2026-04-13 12:55:13+00:00,,,,,,,,,,,,,,,,,,,,,,,,,,,,,,,,,,,,,,,,,,,,,,,,,,,,,,,,,,,,,,,,,,,,,,,,,,,,,,,,,,,,,,,,,,,,,,,,,,,,,,,,,,0.5022492374071741,16,2026-W16,0.85,False
2026-04-13 13:00:33,2026-04-13 13:00,KXETHD-26APR1310-T2199.99,2026-04-13T14:00:00Z,2194.15,2199.99,0.2661,0.34,real,0.347329,0.3925,0.0007664,0.00090666,0.00083595,1.0846,0.04,0.00087837,-1.0,-1.0,0.0,2.0,0.0,0.0168,2.0,1.0,0.8696,-1.0,7.633e-05,0.0,0.0,0.0,0.0,0.0,-0.0308,False,False,-1.0,-1.0,83.54,60.7,False,0.0,bearish,0.0,0.0,0.092128,0.064078,trade,no,False,False,39.0,59.4,,0.270965,0.05,50.0,1000.0,-2.0,-3.0,0.4044,,,,,,True,False,-50.0,2026-04-13 13:00:33+00:00,,,,,,,,,,,,,,,,,,,,,,,,,,,,,,,,,,,,,,,,,,,,,,,,,,,,,,,,,,,,,,,,,,,,,,,,,,,,,,,,,,,,,,,,,,,,,,,,,,,,,,,,,,0.44919886042807383,16,2026-W16,0.6599999999999999,True
2026-04-13 14:20:38,2026-04-13 14:00,KXETHD-26APR1311-T2219.99,2026-04-13T15:00:00Z,2208.92,2219.99,0.5011,0.26,real,0.245267,0.6895,0.00162081,0.00110096,0.00123908,0.8885,0.04,0.00115621,-1.0,-1.0,0.0,2.0,-1.0,-0.3327,2.0,-1.0,0.8097,-1.0,6.805e-05,1.0,0.0,0.0,-1.0,-1.0,0.5332,False,False,-1.0,0.0,79.98,86.45,False,1.0,bearish,0.0,0.0,0.091569,0.066765,trade,no,False,False,40.0,39.32,,0.352188,0.05,50.0,1000.0,0.0,-3.0,0.4157,,,,,,True,False,-50.0,2026-04-13 14:20:38+00:00,,,,,,,,,,,,,,,,,,,,,,,,,,,,,,,,,,,,,,,,,,,,,,,,,,,,,,,,,,,,,,,,,,,,,,,,,,,,,,,,,,,,,,,,,,,,,,,,,,,,,,,,,,0.4508932916654317,16,2026-W16,0.74,True
2026-04-13 15:27:35,2026-04-13 15:00,KXETHD-26APR1312-T2219.99,2026-04-13T16:00:00Z,2213.81,2219.99,0.279,0.31,real,0.302442,0.5174,0.00110877,0.00091905,0.00098758,0.9306,0.04,0.00094646,-1.0,-1.0,0.0,1.0,-1.0,-0.1352,2.0,0.0,0.79,0.0,4.887e-05,1.0,0.0,0.0,0.0,0.0,0.1649,False,False,0.0,0.0,61.11,78.58,True,0.0,bearish,0.0,0.0,0.069404,0.039431,trade,yes,False,False,41.0,32.37,,0.100585,0.05,50.0,1000.0,0.0,2.0,0.5833,,,,,,False,False,-50.0,2026-04-13 15:27:35+00:00,,,,,,,,,,,,,,,,,,,,,,,,,,,,,,,,,,,,,,,,,,,,,,,,,,,,,,,,,,,,,,,,,,,,,,,,,,,,,,,,,,,,,,,,,,,,,,,,,,,,,,,,,,0.5423115780442712,16,2026-W16,0.31,True
2026-04-13 17:11:48,2026-04-13 17:00,KXETHD-26APR1314-T2239.99,2026-04-13T18:00:00Z,2230.51,2239.99,0.4251,0.22,real,0.183279,0.9029,0.00081265,0.00069863,0.00079156,0.8826,0.04,0.0007358,-1.0,-1.0,0.0,3.0,-1.0,-0.1599,2.0,0.0,0.5374,0.0,2.334e-05,1.0,1.0,-1.0,-2.0,-2.0,0.8383,False,False,-1.0,-1.0,89.66,87.73,True,1.0,bearish,0.0,0.0,0.061551,0.037217,trade,no,False,False,41.0,48.16,,0.279778,0.05,50.0,1000.0,0.0,-8.0,0.461,,,,,,False,True,14.1,2026-04-13 17:11:48+00:00,,,,,,,,,,,,,,,,,,,,,,,,,,,,,,,,,,,,,,,,,,,,,,,,,,,,,,,,,,,,,,,,,,,,,,,,,,,,,,,,,,,,,,,,,,,,,,,,,,,,,,,,,,0.5048466158735393,16,2026-W16,0.78,False
2026-04-13 18:07:59,2026-04-13 18:00,KXETHD-26APR1315-T2239.99,2026-04-13T19:00:00Z,2229.55,2239.99,0.4683,0.2,real,0.115202,1.1993,0.00066788,0.00046555,0.00077,0.6046,0.04,0.00058733,-1.0,-1.0,0.0,1.0,-1.0,-0.1533,2.0,0.0,0.6135,0.0,2.175e-05,-1.0,0.0,0.0,-1.0,-1.0,0.5203,False,False,0.0,0.0,60.23,68.11,False,0.0,bearish,0.0,0.0,0.090774,0.068964,trade,no,False,False,41.0,51.98,,0.453871,0.05,50.0,1000.0,0.0,-1.0,0.4875,,,,,,False,True,12.5,2026-04-13 18:07:59+00:00,,,,,,,,,,,,,,,,,,,,,,,,,,,,,,,,,,,,,,,,,,,,,,,,,,,,,,,,,,,,,,,,,,,,,,,,,,,,,,,,,,,,,,,,,,,,,,,,,,,,,,,,,,0.497875089534748,16,2026-W16,0.8,True
2026-04-13 19:01:06,2026-04-13 19:00,KXETHD-26APR1316-T2239.99,2026-04-13T20:00:00Z,2234.29,2239.99,0.2553,0.32,real,0.27506,0.5976,0.00056554,0.00053377,0.00071057,0.7512,0.04,0.00060449,-1.0,-1.0,0.0,3.0,-1.0,-0.157,2.0,0.0,0.7689,0.0,2.341e-05,0.0,1.0,-1.0,-2.0,-2.0,0.9029,False,False,-1.0,-1.0,82.66,79.63,False,1.0,bearish,0.0,0.0,0.067074,0.038848,trade,no,False,False,63.0,58.86,,0.209608,0.05,50.0,1000.0,0.0,-6.0,0.473,,,,,,True,False,-50.0,2026-04-13 19:01:06+00:00,,,,,,,,,,,,,,,,,,,,,,,,,,,,,,,,,,,,,,,,,,,,,,,,,,,,,,,,,,,,,,,,,,,,,,,,,,,,,,,,,,,,,,,,,,,,,,,,,,,,,,,,,,0.47598228263685827,16,2026-W16,0.6799999999999999,True
2026-04-13 19:02:10,2026-04-13 19:00,KXETHD-26APR1317-T2239.99,2026-04-13T21:00:00Z,2234.95,2239.99,0.2255,0.38,real,0.351958,0.38,0.00056823,0.00053629,0.00067926,0.7895,0.04,0.00059348,-1.0,-1.0,0.0,3.0,-1.0,-0.155,2.0,0.0,0.7926,0.0,2.3e-05,0.0,1.0,-1.0,-2.0,-2.0,0.8552,False,False,-1.0,-1.0,80.52,78.91,False,1.0,bearish,0.0,0.0,0.110909,0.082142,trade,no,False,False,63.0,117.78,,0.291867,0.05,50.0,1000.0,0.0,-5.0,0.4069,,,,,,True,False,-50.0,2026-04-13 19:02:10+00:00,,,,,,,,,,,,,,,,,,,,,,,,,,,,,,,,,,,,,,,,,,,,,,,,,,,,,,,,,,,,,,,,,,,,,,,,,,,,,,,,,,,,,,,,,,,,,,,,,,,,,,,,,,0.47598228263685827,16,2026-W16,0.62,True
2026-04-13 21:08:16,2026-04-13 21:00,KXETHD-26APR1318-T2259.99,2026-04-13T22:00:00Z,2254.26,2259.99,0.2542,0.235,real,0.247357,0.6828,0.00070852,0.00061114,0.00048887,1.2501,0.11,0.00056223,-1.0,-1.0,0.0,2.0,-1.0,-0.1992,2.0,0.0,0.4095,0.0,2.853e-05,0.0,1.0,-1.0,-2.0,-2.0,1.304,False,False,0.0,0.0,71.81,71.88,False,1.0,neutral,0.0,0.0,0.058405,0.033227,trade,no,False,False,41.0,51.68,,0.248534,0.05,50.0,1000.0,1.0,-4.0,0.403,,,,,,True,False,-50.0,2026-04-13 21:08:16+00:00,,,,,,,,,,,,,,,,,,,,,,,,,,,,,,,,,,,,,,,,,,,,,,,,,,,,,,,,,,,,,,,,,,,,,,,,,,,,,,,,,,,,,,,,,,,,,,,,,,,,,,,,,,0.47598228263685827,16,2026-W16,0.765,True
2026-04-13 23:09:48,2026-04-13 23:00,KXETHD-26APR1320-T2359.99,2026-04-14T00:00:00Z,2355.29,2359.99,0.1996,0.45,real,0.447491,0.132,0.00221915,0.00157097,0.00224072,0.7011,0.12,0.00183887,-1.0,-1.0,0.0,4.0,-1.0,-0.2845,2.0,0.0,0.7062,-1.0,5.057e-05,1.0,1.0,-1.0,-2.0,-2.0,4.1711,False,False,-1.0,-1.0,92.29,93.42,True,1.0,bullish,0.0,0.0,0.047101,0.015261,trade,no,False,False,48.0,50.15,,0.104669,0.05,50.0,1000.0,6.0,-12.0,0.47,,,,,,True,False,-50.0,2026-04-13 23:09:48+00:00,,,,,,,,,,,,,,,,,,,,,,,,,,,,,,,,,,,,,,,,,,,,,,,,,,,,,,,,,,,,,,,,,,,,,,,,,,,,,,,,,,,,,,,,,,,,,,,,,,,,,,,,,,0.47743555325277237,16,2026-W16,0.55,True
2026-04-13 23:23:32,2026-04-13 23:00,KXETHD-26APR1320-T2379.99,2026-04-14T00:00:00Z,2372.56,2379.99,0.3133,0.435,real,0.433537,0.1674,0.00169784,0.00179847,0.00316686,0.5679,0.11,0.00234583,-1.0,0.0,1.0,3.0,1.0,0.2611,2.0,1.0,0.936,-1.0,5.176e-05,1.0,1.0,-1.0,-2.0,-2.0,4.6507,False,False,-1.0,-1.0,99.5,95.6,False,1.0,bullish,0.0,0.0,0.045861,0.014221,trade,no,False,False,48.0,36.42,,0.105427,0.05,50.0,1000.0,6.0,-12.0,0.47,,,,,,False,True,38.5,2026-04-13 23:23:32+00:00,,,,,,,,,,,,,,,,,,,,,,,,,,,,,,,,,,,,,,,,,,,,,,,,,,,,,,,,,,,,,,,,,,,,,,,,,,,,,,,,,,,,,,,,,,,,,,,,,,,,,,,,,,0.47743555325277237,16,2026-W16,0.565,True
2026-04-14 00:04:43,2026-04-14 00:00,KXETHD-26APR1321-T2379.99,2026-04-14T01:00:00Z,2372.38,2379.99,0.3207,0.355,real,0.337426,0.4195,0.00179128,0.00108819,0.00115866,0.9392,0.17,0.00111638,-1.0,-1.0,0.0,3.0,-1.0,-0.1339,2.0,0.0,0.421,-1.0,7.484e-05,1.0,0.0,0.0,0.0,0.0,,False,False,-1.0,-1.0,83.32,82.39,False,1.0,bullish,0.0,0.0,0.054278,0.024557,trade,no,False,False,49.0,55.23,,0.152894,0.05,50.0,1000.0,5.0,-7.0,0.476,,,,,,False,True,27.52,2026-04-14 00:04:43+00:00,,,,,,,,,,,,,,,,,,,,,,,,,,,,,,,,,,,,,,,,,,,,,,,,,,,,,,,,,,,,,,,,,,,,,,,,,,,,,,,,,,,,,,,,,,,,,,,,,,,,,,,,,,0.48464341824371804,16,2026-W16,0.645,True
2026-04-14 01:22:53,2026-04-14 01:00,KXETHD-26APR1322-T2399.99,2026-04-14T02:00:00Z,2369.56,2399.99,1.2843,0.14,real,0.036397,1.7941,0.00055079,0.00050944,0.00194022,0.2626,0.06,0.00108175,-1.0,-1.0,0.0,1.0,0.0,0.044,2.0,0.0,0.1916,-1.0,5.418e-05,-1.0,0.0,0.0,-1.0,-1.0,0.247,False,False,-1.0,0.0,79.42,76.51,False,1.0,bullish,0.0,0.0,0.11,0.092963,trade,no,False,False,48.0,37.06,,0.785714,0.05,50.0,1000.0,5.0,-6.0,0.482,,,,,,False,True,8.14,2026-04-14 01:22:53+00:00,,,,,,,,,,,,,,,,,,,,,,,,,,,,,,,,,,,,,,,,,,,,,,,,,,,,,,,,,,,,,,,,,,,,,,,,,,,,,,,,,,,,,,,,,,,,,,,,,,,,,,,,,,0.47743555325277237,16,2026-W16,0.86,True
2026-04-14 02:03:01,2026-04-14 02:00,KXETHD-26APR1323-T2379.99,2026-04-14T03:00:00Z,2371.55,2379.99,0.3557,0.205,real,0.184814,0.8972,0.00050657,0.00049338,0.00057113,0.8639,0.13,0.00052448,0.0,-1.0,0.0,1.0,0.0,-0.0508,2.0,0.0,0.2005,-1.0,5.011e-05,0.0,0.0,0.0,-1.0,-1.0,0.2626,False,False,-1.0,0.0,52.27,60.83,False,1.0,bullish,0.0,0.0,0.046982,0.022668,trade,no,False,False,48.0,56.95,,0.229178,0.05,50.0,1000.0,5.0,-6.0,0.482,,,,,,False,True,12.89,2026-04-14 02:03:01+00:00,,,,,,,,,,,,,,,,,,,,,,,,,,,,,,,,,,,,,,,,,,,,,,,,,,,,,,,,,,,,,,,,,,,,,,,,,,,,,,,,,,,,,,,,,,,,,,,,,,,,,,,,,,0.5056163070841067,16,2026-W16,0.795,False
2026-04-14 03:20:50,2026-04-14 03:00,KXETHD-26APR1400-T2379.99,2026-04-14T04:00:00Z,2367.55,2379.99,0.5253,0.08,real,0.07725,1.4238,0.00066301,0.00066823,0.00059606,1.1211,0.1,0.00063936,0.0,-1.0,0.0,0.0,0.0,-0.0283,2.0,0.0,0.3708,0.0,4.409e-05,0.0,0.0,0.0,0.0,0.0,0.1181,False,False,0.0,0.0,59.22,54.57,False,0.0,bullish,0.0,0.0,0.035095,0.014943,trade,yes,False,False,47.0,39.13,,0.038147,0.019073,19.07,1000.0,5.0,-3.0,0.5886,-0.0928,,,False,,False,False,-19.07,2026-04-14 03:20:50+00:00,,,,,,,,,,,,,,,,,,,,,,,,,,,,,,,,,,,,,,,,,,,,,,,,,,,,,,,,,,,,,,,,,,,,,,,,,,,,,,,,,,,,,,,,,,,,,,,,,,,,,,,,,,0.5010712338285095,16,2026-W16,0.08,True
2026-04-14 04:07:16,2026-04-14 04:00,KXETHD-26APR1401-T2369.99,2026-04-14T05:00:00Z,2366.0,2369.99,0.1688,0.225,real,0.214325,0.7915,0.00048778,0.00037745,0.00030762,1.227,0.13,0.00034952,0.0,-1.0,0.0,2.0,-1.0,-0.1681,2.0,0.0,0.5018,-1.0,9.356e-05,0.0,0.0,0.0,0.0,0.0,-0.0415,False,False,1.0,0.0,44.09,53.1,False,0.0,bullish,0.0,0.0,0.045167,0.017961,trade,yes,False,False,50.0,52.67,,0.05828,0.02914,29.14,1000.0,5.0,-3.0,0.5886,0.0072,,,False,,False,False,-29.14,2026-04-14 04:07:16+00:00,,,,,,,,,,,,,,,,,,,,,,,,,,,,,,,,,,,,,,,,,,,,,,,,,,,,,,,,,,,,,,,,,,,,,,,,,,,,,,,,,,,,,,,,,,,,,,,,,,,,,,,,,,0.474577041762796,16,2026-W16,0.225,False
2026-04-14 05:02:20,2026-04-14 05:00,KXETHD-26APR1402-T2369.99,2026-04-14T06:00:00Z,2363.91,2369.99,0.2573,0.195,real,0.131338,1.1201,0.000399,0.00040017,0.00039373,1.0163,0.15,0.00039759,0.0,0.0,1.0,2.0,-1.0,-0.1019,2.0,0.0,0.6067,-1.0,9.399e-05,0.0,0.0,0.0,0.0,0.0,-0.0859,False,False,1.0,1.0,0.0,22.38,False,0.0,bullish,0.0,0.0,0.040391,0.014402,trade,yes,False,False,49.0,57.62,,0.050175,0.025087,25.09,1000.0,5.0,-1.0,0.6725,-0.1365,,,False,,False,False,-25.09,2026-04-14 05:02:20+00:00,,,,,,,,,,,,,,,,,,,,,,,,,,,,,,,,,,,,,,,,,,,,,,,,,,,,,,,,,,,,,,,,,,,,,,,,,,,,,,,,,,,,,,,,,,,,,,,,,,,,,,,,,,0.5226178078361464,16,2026-W16,0.195,True
2026-04-14 06:01:14,2026-04-14 06:00,KXETHD-26APR1403-T2369.99,2026-04-14T07:00:00Z,2361.76,2369.99,0.3485,0.245,real,0.206029,0.8203,0.00056174,0.00065969,0.00065766,1.0031,0.15,0.00065888,0.0,0.0,1.0,1.0,0.0,-0.0048,2.0,0.0,0.4475,-1.0,0.00010346,0.0,0.0,0.0,1.0,1.0,-0.3454,False,False,1.0,1.0,0.0,11.67,False,0.0,bullish,0.0,0.0,0.175506,0.147558,trade,yes,False,False,49.0,58.73,,0.232458,0.05,50.0,1000.0,5.0,2.0,0.7447,-0.4273,,,False,,True,True,154.08,2026-04-14 06:01:14+00:00,,,,,,,,,,,,,,,,,,,,,,,,,,,,,,,,,,,,,,,,,,,,,,,,,,,,,,,,,,,,,,,,,,,,,,,,,,,,,,,,,,,,,,,,,,,,,,,,,,,,,,,,,,0.5024638797174208,16,2026-W16,0.245,True
2026-04-14 07:02:25,2026-04-14 07:00,KXETHD-26APR1404-T2369.99,2026-04-14T08:00:00Z,2374.37,2369.99,-0.1844,0.615,real,0.697497,-0.5172,0.0004177,0.00037862,0.00083225,0.4549,0.01,0.00056007,0.0,-1.0,0.0,4.0,-1.0,-0.1382,2.0,0.0,0.3972,-1.0,0.00010215,0.0,1.0,-1.0,-2.0,-2.0,0.4771,False,False,-1.0,-1.0,100.0,100.0,False,1.0,bullish,0.0,0.0,0.046171,0.014597,trade,yes,False,False,50.0,57.55,,0.119925,0.05,50.0,1000.0,5.0,-7.0,0.476,0.4053,,,False,,True,True,31.3,2026-04-14 07:02:25+00:00,,,,,,,,,,,,,,,,,,,,,,,,,,,,,,,,,,,,,,,,,,,,,,,,,,,,,,,,,,,,,,,,,,,,,,,,,,,,,,,,,,,,,,,,,,,,,,,,,,,,,,,,,,0.4732371106413672,16,2026-W16,0.615,False
2026-04-14 07:06:39,2026-04-14 07:00,KXETHD-26APR1404-T2389.99,2026-04-14T08:00:00Z,2381.47,2389.99,0.358,0.205,real,0.116246,1.194,0.00044492,0.00041726,0.00059398,0.7025,0.11,0.00048794,0.0,-1.0,0.0,4.0,-1.0,-0.1107,2.0,0.0,0.2384,-1.0,0.00010113,0.0,1.0,-1.0,-2.0,-2.0,0.7004,False,False,-1.0,-1.0,94.03,98.01,True,1.0,bullish,0.0,0.0,0.117821,0.09725,trade,no,False,False,51.0,53.32,,0.574735,0.05,50.0,1000.0,5.0,-10.0,0.47,0.6556,,,False,,False,True,12.89,2026-04-14 07:06:39+00:00,,,,,,,,,,,,,,,,,,,,,,,,,,,,,,,,,,,,,,,,,,,,,,,,,,,,,,,,,,,,,,,,,,,,,,,,,,,,,,,,,,,,,,,,,,,,,,,,,,,,,,,,,,0.4732371106413672,16,2026-W16,0.795,True
2026-04-14 08:01:28,2026-04-14 08:00,KXETHD-26APR1405-T2369.99,2026-04-14T09:00:00Z,2378.22,2369.99,-0.3462,0.81,real,0.93538,-1.5171,0.00078713,0.00024867,0.00051647,0.4815,0.08,0.00035579,0.0,-1.0,0.0,3.0,-1.0,-0.1298,2.0,0.0,0.3014,-1.0,9.783e-05,0.0,1.0,-1.0,-2.0,-2.0,0.4609,False,False,0.0,0.0,62.21,61.52,False,1.0,bullish,0.0,0.0,0.134163,0.10839,trade,yes,False,False,50.0,58.49,,0.706119,0.05,50.0,1000.0,4.0,-3.0,0.5886,-0.0669,,,False,,True,True,11.73,2026-04-14 08:01:28+00:00,,,,,,,,,,,,,,,,,,,,,,,,,,,,,,,,,,,,,,,,,,,,,,,,,,,,,,,,,,,,,,,,,,,,,,,,,,,,,,,,,,,,,,,,,,,,,,,,,,,,,,,,,,0.4996929839896664,16,2026-W16,0.81,False
2026-04-14 08:02:32,2026-04-14 08:00,KXETHD-26APR1405-T2389.99,2026-04-14T09:00:00Z,2377.17,2389.99,0.5395,0.145,real,0.021482,2.0241,0.00078713,0.00024867,0.00067102,0.3706,0.01,0.00041761,0.0,-1.0,0.0,2.0,0.0,-0.0306,2.0,0.0,0.3143,-1.0,5.337e-05,0.0,1.0,-1.0,-2.0,-2.0,0.4609,False,False,0.0,0.0,62.21,61.52,False,1.0,bullish,0.0,0.0,0.115,0.097963,trade,no,False,False,50.0,57.42,,0.793103,0.05,50.0,1000.0,4.0,-3.0,0.5886,-0.0669,,,False,,False,True,8.48,2026-04-14 08:02:32+00:00,,,,,,,,,,,,,,,,,,,,,,,,,,,,,,,,,,,,,,,,,,,,,,,,,,,,,,,,,,,,,,,,,,,,,,,,,,,,,,,,,,,,,,,,,,,,,,,,,,,,,,,,,,0.4996929839896664,16,2026-W16,0.855,True
2026-04-14 09:05:48,2026-04-14 09:00,KXETHD-26APR1406-T2389.99,2026-04-14T10:00:00Z,2387.24,2389.99,0.1153,0.4,real,0.352153,0.3795,0.00072445,0.00040666,0.00061816,0.6579,0.12,0.00049126,1.0,0.0,1.0,3.0,1.0,0.1115,2.0,0.0,0.4234,-1.0,8.881e-05,0.0,1.0,-1.0,-2.0,-2.0,0.8617,False,False,-1.0,-1.0,84.42,82.25,False,1.0,bullish,0.0,0.0,0.090367,0.060404,trade,no,False,False,51.0,54.14,,0.225918,0.05,50.0,1000.0,4.0,-9.0,0.47,0.0461,,,False,,False,True,33.33,2026-04-14 09:05:48+00:00,,,,,,,,,,,,,,,,,,,,,,,,,,,,,,,,,,,,,,,,,,,,,,,,,,,,,,,,,,,,,,,,,,,,,,,,,,,,,,,,,,,,,,,,,,,,,,,,,,,,,,,,,,0.4732371106413672,16,2026-W16,0.6,True
2026-04-14 10:16:20,2026-04-14 10:00,KXETHD-26APR1407-T2389.99,2026-04-14T11:00:00Z,2384.51,2389.99,0.2299,0.21,real,0.179917,0.9157,0.00055816,0.00040035,0.00043106,0.9288,0.14,0.00041263,1.0,-1.0,0.0,1.0,0.0,0.0433,2.0,0.0,0.7116,-1.0,9.865e-05,0.0,0.0,0.0,-1.0,-1.0,0.5593,False,False,0.0,0.0,48.3,62.37,False,1.0,bullish,0.0,0.0,0.036407,0.011364,trade,no,False,False,51.0,43.63,,0.173364,0.05,50.0,1000.0,4.0,-5.0,0.513,-0.0876,,,False,,False,True,13.29,2026-04-14 10:16:20+00:00,,,,,,,,,,,,,,,,,,,,,,,,,,,,,,,,,,,,,,,,,,,,,,,,,,,,,,,,,,,,,,,,,,,,,,,,,,,,,,,,,,,,,,,,,,,,,,,,,,,,,,,,,,0.47373755921548893,16,2026-W16,0.79,True
2026-04-14 11:00:31,2026-04-14 11:00,KXETHD-26APR1408-T2369.99,2026-04-14T12:00:00Z,2374.92,2369.99,-0.2075,0.745,real,0.80443,-0.8576,0.00049067,0.00041642,0.000409,1.0182,0.15,0.00041345,0.0,0.0,1.0,1.0,0.0,0.0416,2.0,0.0,0.7231,-1.0,0.00010779,0.0,0.0,0.0,0.0,0.0,0.2013,False,False,1.0,1.0,11.37,7.62,True,0.0,bullish,0.0,0.0,0.078736,0.050438,trade,yes,False,False,51.0,59.44,,0.30877,0.05,50.0,1000.0,4.0,-2.0,0.5524,-0.3581,,,False,,True,True,17.11,2026-04-14 11:00:31+00:00,,,,,,,,,,,,,,,,,,,,,,,,,,,,,,,,,,,,,,,,,,,,,,,,,,,,,,,,,,,,,,,,,,,,,,,,,,,,,,,,,,,,,,,,,,,,,,,,,,,,,,,,,,0.46695272002852617,16,2026-W16,0.745,False
2026-04-14 11:01:35,2026-04-14 11:00,KXETHD-26APR1408-T2389.99,2026-04-14T12:00:00Z,2375.55,2389.99,0.6078,0.135,real,0.025124,1.9579,0.00045365,0.00040902,0.000719,0.5689,0.19,0.00053301,0.0,0.0,1.0,1.0,0.0,0.047,2.0,0.0,0.7166,-1.0,0.0001095,0.0,0.0,0.0,0.0,0.0,0.2013,False,False,1.0,1.0,11.37,7.62,True,0.0,bullish,0.0,0.0,0.105,0.087963,trade,no,False,False,51.0,58.38,,0.777778,0.05,50.0,1000.0,4.0,-2.0,0.5524,-0.3581,,,False,,False,True,7.8,2026-04-14 11:01:35+00:00,,,,,,,,,,,,,,,,,,,,,,,,,,,,,,,,,,,,,,,,,,,,,,,,,,,,,,,,,,,,,,,,,,,,,,,,,,,,,,,,,,,,,,,,,,,,,,,,,,,,,,,,,,0.46695272002852617,16,2026-W16,0.865,True
2026-04-14 12:00:35,2026-04-14 12:00,KXETHD-26APR1409-T2369.99,2026-04-14T13:00:00Z,2374.57,2369.99,-0.193,0.63,real,0.707704,-0.5467,0.00050789,0.00050211,0.0007556,0.6645,0.04,0.00060351,0.0,-1.0,0.0,1.0,0.0,0.0914,2.0,0.0,0.5037,-1.0,0.00012147,0.0,0.0,0.0,0.0,0.0,0.2005,False,False,0.0,0.0,31.49,24.71,False,0.0,bullish,0.0,0.0,0.194771,0.163454,trade,yes,False,False,51.0,59.38,,0.526408,0.05,50.0,1000.0,4.0,-1.0,0.6725,0.3344,,,False,,True,True,29.37,2026-04-14 12:00:35+00:00,,,,,,,,,,,,,,,,,,,,,,,,,,,,,,,,,,,,,,,,,,,,,,,,,,,,,,,,,,,,,,,,,,,,,,,,,,,,,,,,,,,,,,,,,,,,,,,,,,,,,,,,,,0.4879372409161508,16,2026-W16,0.63,False
2026-04-14 13:00:39,2026-04-14 13:00,KXETHD-26APR1410-T2369.99,2026-04-14T14:00:00Z,2374.0,2369.99,-0.1691,0.625,real,0.707946,-0.5474,0.00057363,0.00042056,0.00068959,0.6099,0.03,0.00052817,0.0,-1.0,0.0,1.0,0.0,-0.0406,2.0,0.0,0.3202,-1.0,8.133e-05,0.0,0.0,0.0,0.0,0.0,0.118,False,False,0.0,0.0,30.32,21.01,True,0.0,bullish,0.0,0.0,0.199942,0.168536,trade,yes,False,False,51.0,59.31,,0.533179,0.05,50.0,1000.0,4.0,-1.0,0.6725,0.0944,,,False,,True,True,30.0,2026-04-14 13:00:39+00:00,,,,,,,,,,,,,,,,,,,,,,,,,,,,,,,,,,,,,,,,,,,,,,,,,,,,,,,,,,,,,,,,,,,,,,,,,,,,,,,,,,,,,,,,,,,,,,,,,,,,,,,,,,0.46653366849384886,16,2026-W16,0.625,False
2026-04-14 13:02:46,2026-04-14 13:00,KXETHD-26APR1410-T2389.99,2026-04-14T14:00:00Z,2378.67,2389.99,0.4758,0.245,real,0.087567,1.3559,0.0005437,0.00040907,0.00090941,0.4498,0.03,0.00060921,0.0,-1.0,0.0,1.0,0.0,-0.0444,2.0,0.0,0.3237,-1.0,8.167e-05,0.0,0.0,0.0,0.0,0.0,0.118,False,False,0.0,0.0,30.32,21.01,True,0.0,bullish,0.0,0.0,0.078343,0.053621,trade,no,False,False,51.0,57.18,,0.319765,0.05,50.0,1000.0,4.0,-1.0,0.6725,0.0131,,,False,,True,False,-50.0,2026-04-14 13:02:46+00:00,,,,,,,,,,,,,,,,,,,,,,,,,,,,,,,,,,,,,,,,,,,,,,,,,,,,,,,,,,,,,,,,,,,,,,,,,,,,,,,,,,,,,,,,,,,,,,,,,,,,,,,,,,0.46653366849384886,16,2026-W16,0.755,True
2026-04-14 14:00:53,2026-04-14 14:00,KXETHD-26APR1411-T2389.99,2026-04-14T15:00:00Z,2391.19,2389.99,-0.0501,0.475,real,0.537431,-0.094,0.00092191,0.00082577,,,0.03,0.00082577,0.0,-1.0,0.0,2.0,0.0,0.0387,2.0,0.0,0.7533,-1.0,7.545e-05,0.0,0.0,0.0,-1.0,-1.0,0.5063,False,False,-1.0,-1.0,75.55,81.34,True,1.0,bullish,0.0,0.0,0.092489,0.060033,trade,yes,False,False,52.0,59.07,,0.176169,0.05,50.0,1000.0,4.0,-4.0,0.5455,0.5024,,,False,,False,False,-50.0,2026-04-14 14:00:53+00:00,,,,,,,,,,,,,,,,,,,,,,,,,,,,,,,,,,,,,,,,,,,,,,,,,,,,,,,,,,,,,,,,,,,,,,,,,,,,,,,,,,,,,,,,,,,,,,,,,,,,,,,,,,0.5882586073299638,16,2026-W16,0.475,True
2026-04-14 14:08:19,2026-04-14 14:00,KXETHD-26APR1411-T2409.99,2026-04-14T15:00:00Z,2386.9,2409.99,0.9675,0.14,real,0.036283,1.7955,0.00089904,0.0006538,0.00124033,0.5271,0.04,0.00088841,0.0,-1.0,0.0,3.0,-1.0,-0.1299,2.0,0.0,0.6238,-1.0,7.402e-05,0.0,0.0,0.0,-1.0,-1.0,0.4793,False,False,-1.0,-1.0,74.26,80.91,True,1.0,bullish,0.0,0.0,0.108642,0.091516,trade,no,False,False,52.0,51.63,,0.776016,0.05,50.0,1000.0,4.0,-4.0,0.5455,-0.0506,,,False,,False,True,8.14,2026-04-14 14:08:19+00:00,,,,,,,,,,,,,,,,,,,,,,,,,,,,,,,,,,,,,,,,,,,,,,,,,,,,,,,,,,,,,,,,,,,,,,,,,,,,,,,,,,,,,,,,,,,,,,,,,,,,,,,,,,0.5882586073299638,16,2026-W16,0.86,False
2026-04-14 14:11:31,2026-04-14 14:00,KXETHD-26APR1411-T2369.99,2026-04-14T15:00:00Z,2383.12,2369.99,-0.551,0.75,real,0.810554,-0.8799,0.00101522,0.00100551,0.00117714,0.8542,0.04,0.00107416,0.0,-1.0,0.0,2.0,0.0,-0.0354,2.0,0.0,0.4294,-1.0,7.349e-05,0.0,0.0,0.0,0.0,0.0,0.2423,False,False,0.0,-1.0,53.35,73.94,True,1.0,bullish,0.0,0.0,0.131821,0.103696,trade,yes,False,False,52.0,48.43,,0.527283,0.05,50.0,1000.0,4.0,0.0,0.6494,-0.2458,,,False,,False,False,-50.0,2026-04-14 14:11:31+00:00,,,,,,,,,,,,,,,,,,,,,,,,,,,,,,,,,,,,,,,,,,,,,,,,,,,,,,,,,,,,,,,,,,,,,,,,,,,,,,,,,,,,,,,,,,,,,,,,,,,,,,,,,,0.5882586073299638,16,2026-W16,0.75,True
2026-04-14 15:10:55,2026-04-14 15:00,KXETHD-26APR1412-T2369.99,2026-04-14T16:00:00Z,2341.19,2369.99,1.2303,0.08,real,0.165601,0.9717,0.00185608,0.00194472,0.00124278,1.5648,0.04,0.00166394,0.0,1.0,2.0,2.0,-1.0,-0.2319,2.0,0.0,0.3431,-1.0,6.36e-05,-1.0,-1.0,1.0,2.0,2.0,-1.4265,False,False,1.0,1.0,7.6,7.16,True,-1.0,neutral,0.0,0.0,0.110901,0.090749,trade,yes,False,False,50.0,49.04,,0.120544,0.05,50.0,1000.0,1.0,10.0,0.56,-1.1561,,,False,,False,False,-50.0,2026-04-14 15:10:55+00:00,,,,,,,,,,,,,,,,,,,,,,,,,,,,,,,,,,,,,,,,,,,,,,,,,,,,,,,,,,,,,,,,,,,,,,,,,,,,,,,,,,,,,,,,,,,,,,,,,,,,,,,,,,0.5349353241280633,16,2026-W16,0.08,True
2026-04-14 15:21:28,2026-04-14 15:00,KXETHD-26APR1412-T2349.99,2026-04-14T16:00:00Z,2344.68,2349.99,0.2267,0.37,real,0.402306,0.2474,0.0018685,0.00154349,0.00109976,1.4035,0.04,0.001366,0.0,1.0,2.0,2.0,-1.0,-0.1,2.0,0.0,0.3184,-1.0,6.63e-05,-1.0,-1.0,1.0,2.0,2.0,-1.3459,False,False,1.0,1.0,9.19,6.82,True,-1.0,neutral,0.0,0.0,0.076596,0.045279,trade,yes,False,False,50.0,38.49,,0.121581,0.05,50.0,1000.0,1.0,10.0,0.56,-0.9297,,,False,,True,True,85.14,2026-04-14 15:21:28+00:00,,,,,,,,,,,,,,,,,,,,,,,,,,,,,,,,,,,,,,,,,,,,,,,,,,,,,,,,,,,,,,,,,,,,,,,,,,,,,,,,,,,,,,,,,,,,,,,,,,,,,,,,,,0.5349353241280633,16,2026-W16,0.37,True
2026-04-14 16:00:41,2026-04-14 16:00,KXETHD-26APR1413-T2369.99,2026-04-14T17:00:00Z,2366.63,2369.99,0.1421,0.415,real,0.412204,0.2219,0.00132566,0.00107689,0.00085926,1.2533,0.03,0.00098984,0.0,-1.0,0.0,1.0,0.0,0.0234,2.0,0.0,0.7997,-1.0,6.469e-05,1.0,0.0,0.0,0.0,0.0,-0.0653,False,False,-1.0,0.0,41.64,40.69,False,0.0,bullish,0.0,0.0,0.134277,0.102283,trade,yes,False,False,51.0,59.27,,0.229533,0.05,50.0,1000.0,4.0,0.0,0.6494,1.1031,,,False,,False,False,-50.0,2026-04-14 16:00:41+00:00,,,,,,,,,,,,,,,,,,,,,,,,,,,,,,,,,,,,,,,,,,,,,,,,,,,,,,,,,,,,,,,,,,,,,,,,,,,,,,,,,,,,,,,,,,,,,,,,,,,,,,,,,,0.574115191511805,16,2026-W16,0.415,True
2026-04-14 16:18:40,2026-04-14 16:00,KXETHD-26APR1413-T2349.99,2026-04-14T17:00:00Z,2357.92,2349.99,-0.3365,0.715,real,0.718739,-0.5791,0.00104571,0.00102627,0.00092426,1.1104,0.01,0.00098547,0.0,-1.0,0.0,2.0,-1.0,-0.1118,2.0,0.0,0.6655,-1.0,7.21e-05,1.0,0.0,0.0,1.0,1.0,-0.5423,False,False,1.0,0.0,27.37,34.51,False,-1.0,bullish,0.0,0.0,0.058729,0.029464,trade,yes,False,False,50.0,41.21,,0.206066,0.05,50.0,1000.0,1.0,1.0,0.5882,-0.2611,,,False,,False,False,-50.0,2026-04-14 16:18:40+00:00,,,,,,,,,,,,,,,,,,,,,,,,,,,,,,,,,,,,,,,,,,,,,,,,,,,,,,,,,,,,,,,,,,,,,,,,,,,,,,,,,,,,,,,,,,,,,,,,,,,,,,,,,,0.574115191511805,16,2026-W16,0.715,True
2026-04-14 17:34:31,2026-04-14 17:00,KXETHD-26APR1414-T2329.99,2026-04-14T18:00:00Z,2329.69,2329.99,0.0129,0.47,real,0.486676,0.0334,0.00095265,0.00105176,0.00034052,3.0887,0.04,0.00076727,1.0,1.0,2.0,2.0,-1.0,-0.3887,2.0,0.0,0.4246,-1.0,5.885e-05,0.0,-1.0,1.0,2.0,2.0,-1.6582,False,False,1.0,1.0,0.0,6.64,False,-1.0,neutral,0.0,0.0,0.05878,0.026343,trade,yes,False,False,48.0,25.45,,0.110906,0.05,50.0,1000.0,0.0,11.0,0.557,-0.1826,,,False,,True,True,56.38,2026-04-14 17:34:31+00:00,,,,,,,,,,,,,,,,,,,,,,,,,,,,,,,,,,,,,,,,,,,,,,,,,,,,,,,,,,,,,,,,,,,,,,,,,,,,,,,,,,,,,,,,,,,,,,,,,,,,,,,,,,0.5528399587171949,16,2026-W16,0.47,True
2026-04-14 18:00:19,2026-04-14 18:00,KXETHD-26APR1415-T2349.99,2026-04-14T19:00:00Z,2340.64,2349.99,0.3995,0.23,real,0.222866,0.7626,0.00082181,0.0006626,0.0006988,0.9482,0.04,0.00067708,1.0,-1.0,0.0,1.0,0.0,0.0078,2.0,0.0,0.3191,-1.0,6.055e-05,0.0,0.0,0.0,1.0,1.0,-1.1814,False,False,0.0,0.0,29.61,16.92,True,-1.0,neutral,0.0,0.0,0.098663,0.071266,trade,yes,False,False,49.0,59.64,,0.128134,0.05,50.0,1000.0,0.0,5.0,0.6406,0.2387,,,False,,False,False,-50.0,2026-04-14 18:00:19+00:00,,,,,,,,,,,,,,,,,,,,,,,,,,,,,,,,,,,,,,,,,,,,,,,,,,,,,,,,,,,,,,,,,,,,,,,,,,,,,,,,,,,,,,,,,,,,,,,,,,,,,,,,,,0.5656663183639383,16,2026-W16,0.23,True
2026-04-14 18:10:51,2026-04-14 18:00,KXETHD-26APR1415-T2329.99,2026-04-14T19:00:00Z,2343.54,2329.99,-0.578,0.865,real,0.920612,-1.4092,0.00079728,0.00047837,0.00074988,0.6379,0.03,0.00058698,1.0,-1.0,0.0,1.0,0.0,-0.0202,2.0,0.0,0.324,-1.0,6.241e-05,0.0,0.0,0.0,1.0,1.0,-1.031,False,False,0.0,0.0,37.13,19.43,True,-1.0,neutral,0.0,0.0,0.10379,0.080615,trade,yes,False,False,49.0,49.11,,0.768811,0.05,50.0,1000.0,1.0,4.0,0.7673,0.477,,,False,,False,False,-50.0,2026-04-14 18:10:51+00:00,,,,,,,,,,,,,,,,,,,,,,,,,,,,,,,,,,,,,,,,,,,,,,,,,,,,,,,,,,,,,,,,,,,,,,,,,,,,,,,,,,,,,,,,,,,,,,,,,,,,,,,,,,0.5656663183639383,16,2026-W16,0.865,True
2026-04-14 19:00:48,2026-04-14 19:00,KXETHD-26APR1417-T2349.99,2026-04-14T21:00:00Z,2314.56,2349.99,1.5309,0.055,real,0.103448,1.2621,0.00100115,0.00125727,0.00087084,1.4438,0.01,0.0011027,1.0,1.0,2.0,1.0,0.0,-0.0518,2.0,0.0,0.5913,-1.0,5.247e-05,0.0,-1.0,1.0,2.0,2.0,-2.1884,False,False,1.0,1.0,3.44,5.34,False,-1.0,neutral,0.0,0.0,0.061617,0.042979,trade,yes,False,False,74.0,119.17,,0.065204,0.032602,32.6,1000.0,0.0,11.0,0.557,-1.0084,,,False,,False,False,-32.6,2026-04-14 19:00:48+00:00,,,,,,,,,,,,,,,,,,,,,,,,,,,,,,,,,,,,,,,,,,,,,,,,,,,,,,,,,,,,,,,,,,,,,,,,,,,,,,,,,,,,,,,,,,,,,,,,,,,,,,,,,,0.5763759978738621,16,2026-W16,0.055,True
2026-04-14 19:02:54,2026-04-14 19:00,KXETHD-26APR1416-T2329.99,2026-04-14T20:00:00Z,2319.03,2329.99,0.4727,0.235,real,0.265388,0.6268,0.00101879,0.00108382,0.00086405,1.2543,0.03,0.00099591,1.0,1.0,3.0,1.0,1.0,0.1049,2.0,0.0,0.5711,-1.0,5.247e-05,0.0,-1.0,1.0,2.0,2.0,-2.0267,False,False,1.0,1.0,9.76,7.45,True,-1.0,neutral,0.0,0.0,0.064386,0.036802,trade,yes,False,False,74.0,57.06,,0.084165,0.042083,42.08,1000.0,0.0,11.0,0.557,-0.8449,,,False,,False,False,-42.08,2026-04-14 19:02:54+00:00,,,,,,,,,,,,,,,,,,,,,,,,,,,,,,,,,,,,,,,,,,,,,,,,,,,,,,,,,,,,,,,,,,,,,,,,,,,,,,,,,,,,,,,,,,,,,,,,,,,,,,,,,,0.5763759978738621,16,2026-W16,0.235,True
2026-04-14 19:14:29,2026-04-14 19:00,KXETHD-26APR1417-T2309.99,2026-04-14T21:00:00Z,2319.97,2309.99,-0.43,0.68,real,0.696467,-0.5143,0.00100947,0.0007618,0.0008972,0.8491,0.06,0.00081596,1.0,1.0,2.0,1.0,0.0,0.0238,2.0,0.0,0.5906,-1.0,5.126e-05,0.0,-1.0,1.0,2.0,2.0,-1.8183,False,False,1.0,1.0,18.14,10.24,True,-1.0,neutral,0.0,0.0,0.049613,0.019381,trade,yes,False,False,74.0,105.47,,0.155041,0.05,50.0,1000.0,0.0,8.0,0.557,-0.2916,,,False,,True,True,23.53,2026-04-14 19:14:29+00:00,,,,,,,,,,,,,,,,,,,,,,,,,,,,,,,,,,,,,,,,,,,,,,,,,,,,,,,,,,,,,,,,,,,,,,,,,,,,,,,,,,,,,,,,,,,,,,,,,,,,,,,,,,0.5763759978738621,16,2026-W16,0.68,True
2026-04-14 19:25:00,2026-04-14 19:00,KXETHD-26APR1416-T2309.99,2026-04-14T20:00:00Z,2309.94,2309.99,0.0021,0.51,real,0.498469,0.0038,0.00105795,0.00093001,,,0.02,0.00093001,1.0,1.0,2.0,1.0,-1.0,-0.3832,2.0,0.0,0.4126,0.0,4.902e-05,0.0,-1.0,1.0,2.0,2.0,-2.3236,False,False,1.0,1.0,0.0,7.72,True,-1.0,neutral,0.0,0.0,0.045484,0.012991,trade,yes,False,False,74.0,34.95,,0.092824,0.046412,46.41,1000.0,0.0,11.0,0.557,-0.4819,,,False,,True,True,44.59,2026-04-14 19:25:00+00:00,,,,,,,,,,,,,,,,,,,,,,,,,,,,,,,,,,,,,,,,,,,,,,,,,,,,,,,,,,,,,,,,,,,,,,,,,,,,,,,,,,,,,,,,,,,,,,,,,,,,,,,,,,0.5763759978738621,16,2026-W16,0.51,True
2026-04-14 21:00:01,2026-04-14 20:00,KXETHD-26APR1418-T2309.99,2026-04-14T22:00:00Z,2314.93,2309.99,-0.2133,0.715,real,0.820826,-0.9185,0.00076237,0.00022031,0.00048559,0.4537,0.05,0.00032643,1.0,0.0,1.0,1.0,-1.0,-0.1578,2.0,0.0,0.4529,0.0,4.527e-05,0.0,-1.0,1.0,2.0,2.0,-1.9946,False,False,0.0,0.0,25.68,23.37,True,-1.0,neutral,0.0,0.0,0.137382,0.108118,trade,yes,False,False,47.0,59.95,,0.482043,0.05,50.0,1000.0,0.0,7.0,0.551,0.1609,,,False,,True,True,19.93,2026-04-14 21:00:01+00:00,,,,,,,,,,,,,,,,,,,,,,,,,,,,,,,,,,,,,,,,,,,,,,,,,,,,,,,,,,,,,,,,,,,,,,,,,,,,,,,,,,,,,,,,,,,,,,,,,,,,,,,,,,0.5156660764476834,16,2026-W16,0.715,True
2026-04-14 21:04:14,2026-04-14 21:00,KXETHD-26APR1418-T2329.99,2026-04-14T22:00:00Z,2319.56,2329.99,0.4495,0.24,real,0.124022,1.1551,0.00068155,0.00037526,0.00085084,0.441,0.18,0.00056549,1.0,0.0,1.0,1.0,-1.0,-0.1349,2.0,0.0,0.3972,0.0,4.503e-05,0.0,-1.0,1.0,2.0,2.0,-1.8613,False,False,0.0,0.0,33.24,25.89,True,0.0,neutral,0.0,0.0,0.088129,0.064112,trade,no,False,False,47.0,55.69,,0.367204,0.05,50.0,1000.0,0.0,4.0,0.5504,0.289,,,False,,False,True,15.79,2026-04-14 21:04:14+00:00,,,,,,,,,,,,,,,,,,,,,,,,,,,,,,,,,,,,,,,,,,,,,,,,,,,,,,,,,,,,,,,,,,,,,,,,,,,,,,,,,,,,,,,,,,,,,,,,,,,,,,,,,,0.5156660764476834,16,2026-W16,0.76,False
2026-04-14 22:02:09,2026-04-14 22:00,KXETHD-26APR1419-T2349.99,2026-04-14T23:00:00Z,2324.46,2349.99,1.0982,0.135,real,0.017158,2.1163,0.00061138,0.00036142,0.00130213,0.2776,0.13,0.00073771,0.0,-1.0,0.0,2.0,-1.0,-0.1525,2.0,0.0,0.3686,0.0,3.869e-05,0.0,0.0,0.0,1.0,1.0,-1.4833,False,False,-1.0,-1.0,86.91,64.38,False,0.0,neutral,0.0,0.0,0.105,0.087963,trade,no,False,False,48.0,57.82,,0.777778,0.05,50.0,1000.0,0.0,2.0,0.5833,0.2431,,,False,,False,True,7.8,2026-04-14 22:02:09+00:00,,,,,,,,,,,,,,,,,,,,,,,,,,,,,,,,,,,,,,,,,,,,,,,,,,,,,,,,,,,,,,,,,,,,,,,,,,,,,,,,,,,,,,,,,,,,,,,,,,,,,,,,,,0.5382802356897292,16,2026-W16,0.865,False
2026-04-14 22:06:21,2026-04-14 22:00,KXETHD-26APR1419-T2329.99,2026-04-14T23:00:00Z,2324.71,2329.99,0.2272,0.31,real,0.266365,0.6238,0.00043424,0.00048332,0.00062505,0.7732,0.1,0.00054001,0.0,-1.0,0.0,1.0,0.0,-0.0793,2.0,0.0,0.2847,0.0,3.683e-05,0.0,0.0,0.0,1.0,1.0,-1.5068,False,False,-1.0,-1.0,83.84,63.35,False,0.0,neutral,0.0,0.0,0.081662,0.051689,trade,yes,False,False,48.0,53.61,,0.118351,0.05,50.0,1000.0,0.0,3.0,0.6364,0.2117,,,False,,False,False,-50.0,2026-04-14 22:06:21+00:00,,,,,,,,,,,,,,,,,,,,,,,,,,,,,,,,,,,,,,,,,,,,,,,,,,,,,,,,,,,,,,,,,,,,,,,,,,,,,,,,,,,,,,,,,,,,,,,,,,,,,,,,,,0.5382802356897292,16,2026-W16,0.31,True
2026-04-14 22:30:34,2026-04-14 22:00,KXETHD-26APR1419-T2309.99,2026-04-14T23:00:00Z,2315.07,2309.99,-0.2196,0.73,real,0.670223,-0.4405,0.00070464,0.00097973,0.00066195,1.4801,0.2,0.00085261,0.0,0.0,1.0,1.0,-1.0,-0.1151,2.0,0.0,0.4327,0.0,3.171e-05,0.0,-1.0,1.0,2.0,2.0,-1.8982,False,False,1.0,0.0,36.28,56.55,True,-1.0,neutral,0.0,0.0,0.058316,0.029519,trade,yes,False,False,47.0,29.38,,0.215986,0.05,50.0,1000.0,0.0,5.0,0.6406,-0.4632,,,False,,True,True,18.49,2026-04-14 22:30:34+00:00,,,,,,,,,,,,,,,,,,,,,,,,,,,,,,,,,,,,,,,,,,,,,,,,,,,,,,,,,,,,,,,,,,,,,,,,,,,,,,,,,,,,,,,,,,,,,,,,,,,,,,,,,,0.5382802356897292,16,2026-W16,0.73,True
2026-04-14 23:33:41,2026-04-14 23:00,KXETHD-26APR1420-T2329.99,2026-04-15T00:00:00Z,2321.07,2329.99,0.3843,0.205,real,0.086304,1.3639,0.00039587,0.00038851,0.0009084,0.4277,0.05,0.00059647,0.0,0.0,1.0,1.0,-1.0,-0.1098,2.0,0.0,0.5097,0.0,2.443e-05,0.0,-1.0,1.0,2.0,2.0,-1.5742,False,False,0.0,0.0,39.89,42.88,False,0.0,neutral,0.0,0.0,0.096993,0.075249,trade,no,False,False,47.0,26.27,,0.473138,0.05,50.0,1000.0,0.0,4.0,0.5504,0.0237,,,False,,False,True,12.89,2026-04-14 23:33:41+00:00,,,,,,,,,,,,,,,,,,,,,,,,,,,,,,,,,,,,,,,,,,,,,,,,,,,,,,,,,,,,,,,,,,,,,,,,,,,,,,,,,,,,,,,,,,,,,,,,,,,,,,,,,,0.5275725716672242,16,2026-W16,0.795,False
2026-04-15 00:03:12,2026-04-15 00:00,KXETHD-26APR1421-T2349.99,2026-04-15T01:00:00Z,2330.44,2349.99,0.8388,0.16,real,0.060306,1.5522,0.00048232,0.000674,0.00111496,0.6045,0.08,0.00085038,0.0,-1.0,0.0,2.0,-1.0,-0.1098,2.0,0.0,0.5152,0.0,2.514e-05,0.0,0.0,0.0,0.0,0.0,,False,False,-1.0,-1.0,92.55,72.3,False,0.0,neutral,0.0,0.0,0.129317,0.112235,trade,no,False,False,48.0,56.76,,0.80823,0.05,50.0,1000.0,0.0,-4.0,0.375,0.4778,,,False,,False,True,9.52,2026-04-15 00:03:12+00:00,,,,,,,,,,,,,,,,,,,,,,,,,,,,,,,,,,,,,,,,,,,,,,,,,,,,,,,,,,,,,,,,,,,,,,,,,,,,,,,,,,,,,,,,,,,,,,,,,,,,,,,,,,0.4939340906253172,16,2026-W16,0.84,True
2026-04-15 01:18:34,2026-04-15 01:00,KXETHD-26APR1422-T2349.99,2026-04-15T02:00:00Z,2339.05,2349.99,0.4679,0.19,real,0.090854,1.3355,0.0006873,0.00064044,0.0008265,0.7749,0.02,0.00071487,0.0,-1.0,0.0,1.0,0.0,0.0466,2.0,0.0,0.5032,0.0,9.7e-06,0.0,0.0,0.0,0.0,0.0,0.1381,False,False,-1.0,-1.0,85.5,82.16,False,0.0,neutral,0.0,0.0,0.106499,0.086142,trade,no,False,False,48.0,41.39,,0.560521,0.05,50.0,1000.0,0.0,-2.0,0.4815,0.1812,,,False,,False,True,11.73,2026-04-15 01:18:34+00:00,,,,,,,,,,,,,,,,,,,,,,,,,,,,,,,,,,,,,,,,,,,,,,,,,,,,,,,,,,,,,,,,,,,,,,,,,,,,,,,,,,,,,,,,,,,,,,,,,,,,,,,,,,0.4847978034788946,16,2026-W16,0.81,True
2026-04-15 01:32:27,2026-04-15 01:00,KXETHD-26APR1422-T2329.99,2026-04-15T02:00:00Z,2337.19,2329.99,-0.3081,0.805,real,0.911829,-1.3521,0.0005585,0.00049807,0.00068458,0.7275,0.19,0.00057267,0.0,-1.0,0.0,1.0,-1.0,-0.1435,2.0,0.0,0.2968,0.0,1.16e-05,0.0,0.0,0.0,0.0,0.0,0.0112,False,False,0.0,0.0,76.79,79.96,True,0.0,neutral,0.0,0.0,0.111389,0.085401,trade,yes,False,False,48.0,27.5,,0.571226,0.05,50.0,1000.0,0.0,0.0,0.5116,0.1046,,,False,,True,True,12.11,2026-04-15 01:32:27+00:00,,,,,,,,,,,,,,,,,,,,,,,,,,,,,,,,,,,,,,,,,,,,,,,,,,,,,,,,,,,,,,,,,,,,,,,,,,,,,,,,,,,,,,,,,,,,,,,,,,,,,,,,,,0.4847978034788946,16,2026-W16,0.805,False
2026-04-15 02:01:21,2026-04-15 02:00,KXETHD-26APR1423-T2329.99,2026-04-15T03:00:00Z,2336.47,2329.99,-0.2775,0.745,real,0.804578,-0.8581,0.00053766,0.00056045,0.00055102,1.0171,0.11,0.00055668,0.0,-1.0,0.0,1.0,-1.0,-0.1377,2.0,0.0,0.2616,0.0,1.11e-05,0.0,0.0,0.0,0.0,0.0,-0.0685,False,False,0.0,0.0,70.46,73.29,False,0.0,bullish,0.0,0.0,0.067506,0.039207,trade,yes,False,False,48.0,58.59,,0.264728,0.05,50.0,1000.0,0.0,0.0,0.5116,-0.0813,,,False,,False,False,-50.0,2026-04-15 02:01:21+00:00,,,,,,,,,,,,,,,,,,,,,,,,,,,,,,,,,,,,,,,,,,,,,,,,,,,,,,,,,,,,,,,,,,,,,,,,,,,,,,,,,,,,,,,,,,,,,,,,,,,,,,,,,,0.5493945528045674,16,2026-W16,0.745,True
2026-04-15 03:05:43,2026-04-15 03:00,KXETHD-26APR1500-T2329.99,2026-04-15T04:00:00Z,2323.34,2329.99,0.2861,0.185,real,0.165827,0.9708,0.00059689,0.0005043,0.00043266,1.1656,0.13,0.00047565,-1.0,0.0,1.0,0.0,0.0,0.0102,2.0,0.0,0.3561,0.0,2.771e-05,0.0,0.0,0.0,1.0,1.0,-0.4655,False,False,1.0,1.0,16.03,12.93,True,-1.0,neutral,0.0,0.0,0.081992,0.056438,trade,yes,False,False,48.0,54.24,,0.100604,0.05,50.0,1000.0,0.0,3.0,0.6364,0.1177,0.0396,,False,,False,False,-50.0,2026-04-15 03:05:43+00:00,,,,,,,,,,,,,,,,,,,,,,,,,,,,,,,,,,,,,,,,,,,,,,,,,,,,,,,,,,,,,,,,,,,,,,,,,,,,,,,,,,,,,,,,,,,,,,,,,,,,,,,,,,0.502587298349102,16,2026-W16,0.185,True
2026-04-15 04:02:36,2026-04-15 04:00,KXETHD-26APR1501-T2329.99,2026-04-15T05:00:00Z,2333.25,2329.99,-0.1396,0.73,real,0.765519,-0.7242,0.00037286,0.00035799,0.00030106,1.1891,0.2,0.00033522,-1.0,-1.0,0.0,0.0,0.0,-0.0501,2.0,0.0,0.6601,0.0,3.174e-05,0.0,0.0,0.0,0.0,0.0,-0.0184,False,False,-1.0,0.0,63.0,46.25,False,0.0,neutral,0.0,0.0,0.04435,0.015553,trade,yes,False,False,38.0,57.34,,0.164258,0.05,50.0,1000.0,0.0,0.0,0.5116,0.1507,0.2351,,False,,True,True,18.49,2026-04-15 04:02:36+00:00,,,,,,,,,,,,,,,,,,,,,,,,,,,,,,,,,,,,,,,,,,,,,,,,,,,,,,,,,,,,,,,,,,,,,,,,,,,,,,,,,,,,,,,,,,,,,,,,,,,,,,,,,,0.49591194637418917,16,2026-W16,0.73,False
2026-04-15 05:03:30,2026-04-15 05:00,KXETHD-26APR1502-T2349.99,2026-04-15T06:00:00Z,2337.48,2349.99,0.535,0.175,real,0.078623,1.4144,0.00053095,0.00059451,0.00075987,0.7824,0.19,0.00066065,-1.0,-1.0,0.0,1.0,0.0,-0.0188,2.0,0.0,0.4014,0.0,3.375e-05,0.0,0.0,0.0,0.0,0.0,0.1631,False,False,-1.0,-1.0,83.52,69.85,False,0.0,neutral,0.0,0.0,0.102963,0.083284,trade,no,False,False,38.0,56.46,,0.588361,0.05,50.0,1000.0,0.0,-2.0,0.4815,0.3565,0.1316,,False,,False,True,10.61,2026-04-15 05:03:30+00:00,,,,,,,,,,,,,,,,,,,,,,,,,,,,,,,,,,,,,,,,,,,,,,,,,,,,,,,,,,,,,,,,,,,,,,,,,,,,,,,,,,,,,,,,,,,,,,,,,,,,,,,,,,0.5466826606973503,16,2026-W16,0.825,False
2026-04-15 05:05:36,2026-04-15 05:00,KXETHD-26APR1502-T2329.99,2026-04-15T06:00:00Z,2335.41,2329.99,-0.2321,0.73,real,0.762873,-0.7156,0.00054356,0.00062304,0.00051432,1.2114,0.14,0.00057955,-1.0,-1.0,0.0,0.0,0.0,-0.0288,2.0,0.0,0.4012,0.0,3.375e-05,0.0,0.0,0.0,0.0,0.0,0.0611,False,False,-1.0,0.0,72.44,66.15,False,0.0,neutral,0.0,0.0,0.04176,0.012963,trade,yes,False,False,38.0,54.35,,0.154668,0.05,50.0,1000.0,0.0,0.0,0.5116,0.1201,-0.0107,,False,,False,False,-50.0,2026-04-15 05:05:36+00:00,,,,,,,,,,,,,,,,,,,,,,,,,,,,,,,,,,,,,,,,,,,,,,,,,,,,,,,,,,,,,,,,,,,,,,,,,,,,,,,,,,,,,,,,,,,,,,,,,,,,,,,,,,0.5466826606973503,16,2026-W16,0.73,True
2026-04-15 06:04:55,2026-04-15 06:00,KXETHD-26APR1503-T2309.99,2026-04-15T07:00:00Z,2316.69,2309.99,-0.2891,0.75,real,0.784411,-0.7872,0.00057565,0.00059797,0.00057863,1.0334,0.12,0.00059023,-1.0,1.0,2.0,1.0,-1.0,-0.1794,2.0,0.0,0.3843,0.0,4.244e-05,0.0,-1.0,1.0,2.0,2.0,-0.7071,False,False,1.0,1.0,5.24,12.81,True,-1.0,neutral,0.0,0.0,0.124359,0.096234,trade,yes,False,False,37.0,55.03,,0.497437,0.05,50.0,1000.0,0.0,5.0,0.6406,-0.1552,-0.0212,,False,,True,True,16.67,2026-04-15 06:04:55+00:00,,,,,,,,,,,,,,,,,,,,,,,,,,,,,,,,,,,,,,,,,,,,,,,,,,,,,,,,,,,,,,,,,,,,,,,,,,,,,,,,,,,,,,,,,,,,,,,,,,,,,,,,,,0.5269937787126582,16,2026-W16,0.75,True
2026-04-15 06:17:39,2026-04-15 06:00,KXETHD-26APR1503-T2329.99,2026-04-15T07:00:00Z,2320.32,2329.99,0.4166,0.065,real,0.08489,1.3729,0.0005535,0.00064228,0.00042213,1.5215,0.01,0.00055422,-1.0,1.0,2.0,0.0,0.0,-0.0829,2.0,0.0,0.407,0.0,4.511e-05,0.0,-1.0,1.0,2.0,2.0,-0.5917,False,False,1.0,1.0,16.66,21.81,False,-1.0,neutral,0.0,0.0,0.087904,0.06865,trade,yes,False,False,37.0,42.31,,0.094015,0.047008,47.01,1000.0,0.0,3.0,0.6364,0.0937,-0.0276,,False,,False,False,-47.01,2026-04-15 06:17:39+00:00,,,,,,,,,,,,,,,,,,,,,,,,,,,,,,,,,,,,,,,,,,,,,,,,,,,,,,,,,,,,,,,,,,,,,,,,,,,,,,,,,,,,,,,,,,,,,,,,,,,,,,,,,,0.5269937787126582,16,2026-W16,0.065,True
2026-04-15 07:01:06,2026-04-15 07:00,KXETHD-26APR1504-T2309.99,2026-04-15T08:00:00Z,2319.39,2309.99,-0.4053,0.845,real,0.950643,-1.6511,0.00041951,0.00028854,0.00052148,0.5533,0.05,0.00038172,-1.0,1.0,2.0,1.0,0.0,-0.0656,2.0,0.0,0.2916,-1.0,5.302e-05,0.0,-1.0,1.0,2.0,2.0,-0.6258,False,False,1.0,1.0,10.78,11.58,False,-1.0,neutral,0.0,0.0,0.117248,0.09308,trade,yes,False,False,37.0,58.86,,0.756441,0.05,50.0,1000.0,0.0,3.0,0.6364,-0.0388,-0.0923,,False,,True,True,9.17,2026-04-15 07:01:06+00:00,,,,,,,,,,,,,,,,,,,,,,,,,,,,,,,,,,,,,,,,,,,,,,,,,,,,,,,,,,,,,,,,,,,,,,,,,,,,,,,,,,,,,,,,,,,,,,,,,,,,,,,,,,0.5256272691696668,16,2026-W16,0.845,True
2026-04-15 08:22:51,2026-04-15 08:00,KXETHD-26APR1505-T2329.99,2026-04-15T09:00:00Z,2323.54,2329.99,0.2778,0.21,real,0.158217,1.0018,0.00043768,0.00052545,0.00056471,0.9305,0.04,0.00054115,-1.0,0.0,1.0,1.0,1.0,0.1183,2.0,0.0,0.3422,-1.0,5.824e-05,0.0,0.0,0.0,0.0,0.0,-0.2779,False,False,-1.0,0.0,49.37,36.55,False,0.0,neutral,0.0,0.0,0.059656,0.035714,trade,no,False,False,37.0,37.1,,0.284078,0.05,50.0,1000.0,0.0,0.0,0.5116,0.3482,0.2573,0.1228,False,,False,True,13.29,2026-04-15 08:22:51+00:00,,,,,,,,,,,,,,,,,,,,,,,,,,,,,,,,,,,,,,,,,,,,,,,,,,,,,,,,,,,,,,,,,,,,,,,,,,,,,,,,,,,,,,,,,,,,,,,,,,,,,,,,,,0.4949550000836849,16,2026-W16,0.79,True
2026-04-15 09:03:06,2026-04-15 09:00,KXETHD-26APR1506-T2329.99,2026-04-15T10:00:00Z,2325.45,2329.99,0.1951,0.345,real,0.280468,0.5815,0.00053951,0.00054283,0.00064805,0.8376,0.15,0.00058492,-1.0,-1.0,0.0,2.0,-1.0,-0.1609,2.0,0.0,0.2822,0.0,4.952e-05,0.0,0.0,0.0,0.0,0.0,-0.0085,False,False,-1.0,-1.0,84.91,84.75,False,1.0,neutral,0.0,0.0,0.074992,0.046195,trade,no,False,False,37.0,56.84,,0.21737,0.05,50.0,1000.0,0.0,-1.0,0.4875,0.0236,-0.0438,-0.0438,False,,False,True,26.34,2026-04-15 09:03:06+00:00,,,,,,,,,,,,,,,,,,,,,,,,,,,,,,,,,,,,,,,,,,,,,,,,,,,,,,,,,,,,,,,,,,,,,,,,,,,,,,,,,,,,,,,,,,,,,,,,,,,,,,,,,,0.5226534758374282,16,2026-W16,0.655,False
2026-04-15 10:11:55,2026-04-15 10:00,KXETHD-26APR1507-T2329.99,2026-04-15T11:00:00Z,2323.35,2329.99,0.286,0.255,real,0.189343,0.8803,0.0004107,0.00051173,0.00062538,0.8183,0.25,0.00055719,0.0,-1.0,0.0,0.0,0.0,-0.0252,2.0,0.0,0.1249,0.0,4.822e-05,0.0,0.0,0.0,0.0,0.0,-0.2272,False,False,0.0,0.0,63.74,55.18,False,0.0,neutral,0.0,0.0,0.057682,0.031595,trade,no,False,False,37.0,48.03,,0.226203,0.05,50.0,1000.0,0.0,0.0,0.5116,0.1353,0.1655,0.1655,False,,False,True,17.11,2026-04-15 10:11:55+00:00,,,,,,,,,,,,,,,,,,,,,,,,,,,,,,,,,,,,,,,,,,,,,,,,,,,,,,,,,,,,,,,,,,,,,,,,,,,,,,,,,,,,,,,,,,,,,,,,,,,,,,,,,,0.49276483020042805,16,2026-W16,0.745,True
2026-04-15 10:32:03,2026-04-15 10:00,KXETHD-26APR1507-T2309.99,2026-04-15T11:00:00Z,2313.44,2309.99,-0.149,0.765,real,0.829428,-0.9519,0.00044411,0.00032795,0.00039077,0.8392,0.11,0.00035308,0.0,0.0,1.0,1.0,0.0,-0.0665,2.0,0.0,0.1469,-1.0,5.078e-05,0.0,-1.0,1.0,2.0,2.0,-0.6242,False,False,1.0,0.0,25.27,38.09,False,-1.0,neutral,0.0,0.0,0.12333,0.095746,trade,yes,False,False,37.0,27.9,,0.524809,0.05,50.0,1000.0,0.0,3.0,0.6364,-0.2401,-0.0194,0.0,False,,True,True,15.36,2026-04-15 10:32:03+00:00,,,,,,,,,,,,,,,,,,,,,,,,,,,,,,,,,,,,,,,,,,,,,,,,,,,,,,,,,,,,,,,,,,,,,,,,,,,,,,,,,,,,,,,,,,,,,,,,,,,,,,,,,,0.49276483020042805,16,2026-W16,0.765,False
2026-04-15 11:33:33,2026-04-15 11:00,KXETHD-26APR1508-T2329.99,2026-04-15T12:00:00Z,2326.47,2329.99,0.1511,0.255,real,0.179191,0.9185,0.00090527,0.00040436,0.0004461,0.9064,0.15,0.00042106,0.0,-1.0,0.0,1.0,-1.0,-0.1253,2.0,1.0,0.9929,0.0,4.488e-05,0.0,0.0,0.0,0.0,0.0,-0.0284,False,False,-1.0,0.0,70.12,76.27,True,0.0,neutral,0.0,0.0,0.068098,0.04246,trade,no,False,False,37.0,26.41,,0.267051,0.05,50.0,1000.0,0.0,0.0,0.5116,0.3018,0.0331,0.0331,False,,True,False,-50.0,2026-04-15 11:33:33+00:00,,,,,,,,,,,,,,,,,,,,,,,,,,,,,,,,,,,,,,,,,,,,,,,,,,,,,,,,,,,,,,,,,,,,,,,,,,,,,,,,,,,,,,,,,,,,,,,,,,,,,,,,,,0.4992806836666286,16,2026-W16,0.745,True
2026-04-15 12:04:18,2026-04-15 12:00,KXETHD-26APR1509-T2349.99,2026-04-15T13:00:00Z,2337.73,2349.99,0.5245,0.28,real,0.207284,0.8159,0.00079971,0.00075498,0.00120319,0.6275,0.16,0.00093426,0.0,-1.0,0.0,1.0,0.0,0.0809,2.0,0.0,0.6605,0.0,3.744e-05,0.0,0.0,0.0,-1.0,-1.0,0.5148,False,False,-1.0,-1.0,100.0,81.81,False,1.0,neutral,0.0,0.0,0.099588,0.074238,trade,no,False,False,38.0,55.65,,0.355672,0.05,50.0,1000.0,0.0,-10.0,0.461,0.5751,0.3702,0.3702,False,,False,True,19.44,2026-04-15 12:04:18+00:00,,,,,,,,,,,,,,,,,,,,,,,,,,,,,,,,,,,,,,,,,,,,,,,,,,,,,,,,,,,,,,,,,,,,,,,,,,,,,,,,,,,,,,,,,,,,,,,,,,,,,,,,,,0.4743907480329353,16,2026-W16,0.72,True
2026-04-15 12:19:08,2026-04-15 12:00,KXETHD-26APR1509-T2329.99,2026-04-15T13:00:00Z,2334.03,2329.99,-0.1732,0.6,real,0.657883,-0.4067,0.00073856,0.00049459,0.00107086,0.4619,0.02,0.00072509,0.0,-1.0,0.0,1.0,0.0,0.0566,2.0,0.0,0.6442,0.0,3.535e-05,0.0,0.0,0.0,0.0,0.0,0.2354,False,False,-1.0,-1.0,77.51,77.74,True,1.0,neutral,0.0,0.0,0.068499,0.036699,trade,yes,False,False,38.0,40.83,,0.171247,0.05,50.0,1000.0,0.0,0.0,0.5116,0.1025,-0.0561,-0.0707,False,,True,True,33.33,2026-04-15 12:19:08+00:00,,,,,,,,,,,,,,,,,,,,,,,,,,,,,,,,,,,,,,,,,,,,,,,,,,,,,,,,,,,,,,,,,,,,,,,,,,,,,,,,,,,,,,,,,,,,,,,,,,,,,,,,,,0.4743907480329353,16,2026-W16,0.6,False
2026-04-15 13:00:28,2026-04-15 13:00,KXETHD-26APR1510-T2349.99,2026-04-15T14:00:00Z,2333.4,2349.99,0.7109,0.13,real,0.014251,2.1903,0.00051371,0.00028837,0.00081532,0.3537,0.02,0.00049915,0.0,-1.0,0.0,1.0,0.0,-0.0669,2.0,0.0,0.5911,0.0,2.267e-05,0.0,0.0,0.0,0.0,0.0,0.2924,False,False,-1.0,-1.0,82.55,84.38,True,1.0,bullish,0.0,0.0,0.1,0.082963,trade,no,False,False,39.0,59.49,,0.769231,0.05,50.0,1000.0,0.0,-2.0,0.4815,0.1192,0.0,0.0,False,,False,True,7.47,2026-04-15 13:00:28+00:00,,,,,,,,,,,,,,,,,,,,,,,,,,,,,,,,,,,,,,,,,,,,,,,,,,,,,,,,,,,,,,,,,,,,,,,,,,,,,,,,,,,,,,,,,,,,,,,,,,,,,,,,,,0.5059352755213803,16,2026-W16,0.87,False
2026-04-15 13:01:31,2026-04-15 13:00,KXETHD-26APR1510-T2329.99,2026-04-15T14:00:00Z,2333.55,2329.99,-0.1525,0.62,real,0.708258,-0.5483,0.00050559,0.00028675,0.00065353,0.4388,0.08,0.00043346,0.0,-1.0,0.0,1.0,0.0,-0.001,2.0,0.0,0.5655,0.0,2.267e-05,0.0,0.0,0.0,0.0,0.0,0.2924,False,False,-1.0,-1.0,82.55,84.38,True,1.0,bullish,0.0,0.0,0.072136,0.040644,trade,yes,False,False,39.0,58.44,,0.189832,0.05,50.0,1000.0,0.0,-2.0,0.4815,0.1192,0.0,0.0,False,,False,False,-50.0,2026-04-15 13:01:31+00:00,,,,,,,,,,,,,,,,,,,,,,,,,,,,,,,,,,,,,,,,,,,,,,,,,,,,,,,,,,,,,,,,,,,,,,,,,,,,,,,,,,,,,,,,,,,,,,,,,,,,,,,,,,0.5059352755213803,16,2026-W16,0.62,True
2026-04-15 14:00:12,2026-04-15 14:00,KXETHD-26APR1511-T2329.99,2026-04-15T15:00:00Z,2327.2,2329.99,0.12,0.42,real,0.402757,0.2462,0.00081362,0.00086997,0.00076884,1.1315,0.14,0.00082952,0.0,-1.0,0.0,1.0,-1.0,-0.151,2.0,0.0,0.4255,0.0,1.247e-05,-1.0,0.0,0.0,0.0,0.0,0.0496,False,False,0.0,0.0,47.86,44.02,False,0.0,neutral,0.0,0.0,0.060393,0.029273,trade,no,False,False,36.0,59.74,,0.143793,0.05,50.0,1000.0,-1.0,0.0,0.4549,-0.157,0.277,0.2563,False,,True,False,-50.0,2026-04-15 14:00:12+00:00,,,,,,,,,,,,,,,,,,,,,,,,,,,,,,,,,,,,,,,,,,,,,,,,,,,,,,,,,,,,,,,,,,,,,,,,,,,,,,,,,,,,,,,,,,,,,,,,,,,,,,,,,,0.4529851839066791,16,2026-W16,0.5800000000000001,True
2026-04-15 14:30:07,2026-04-15 14:00,KXETHD-26APR1511-T2349.99,2026-04-15T15:00:00Z,2340.96,2349.99,0.3858,0.24,real,0.254755,0.6596,0.00101904,0.00111642,0.00099858,1.118,0.02,0.00106928,0.0,-1.0,0.0,0.0,0.0,-0.0393,2.0,0.0,0.551,0.0,6.82e-06,-1.0,0.0,0.0,-1.0,-1.0,0.563,False,False,-1.0,0.0,79.6,72.78,False,1.0,neutral,0.0,0.0,0.05464,0.02907,trade,no,False,False,39.0,29.81,,0.227667,0.05,50.0,1000.0,0.0,-5.0,0.4069,0.5159,0.2073,-0.1932,False,,False,True,15.79,2026-04-15 14:30:07+00:00,,,,,,,,,,,,,,,,,,,,,,,,,,,,,,,,,,,,,,,,,,,,,,,,,,,,,,,,,,,,,,,,,,,,,,,,,,,,,,,,,,,,,,,,,,,,,,,,,,,,,,,,,,0.4529851839066791,16,2026-W16,0.76,True
2026-04-15 15:00:58,2026-04-15 15:00,KXETHD-26APR1512-T2349.99,2026-04-15T16:00:00Z,2338.88,2349.99,0.475,0.225,real,0.185558,0.8944,0.00091481,0.00082422,0.00081673,1.0092,0.03,0.00082122,0.0,-1.0,0.0,1.0,-1.0,-0.1279,2.0,0.0,0.5905,0.0,1.1e-07,0.0,0.0,0.0,-1.0,-1.0,0.5467,False,False,-1.0,0.0,74.7,61.72,False,1.0,neutral,0.0,0.0,0.090916,0.067788,trade,no,False,False,39.0,58.98,,0.404069,0.05,50.0,1000.0,0.0,-3.0,0.4157,-0.0547,0.246,0.0004,False,,False,True,14.52,2026-04-15 15:00:58+00:00,,,,,,,,,,,,,,,,,,,,,,,,,,,,,,,,,,,,,,,,,,,,,,,,,,,,,,,,,,,,,,,,,,,,,,,,,,,,,,,,,,,,,,,,,,,,,,,,,,,,,,,,,,0.5039752707517506,16,2026-W16,0.775,False
2026-04-15 15:06:18,2026-04-15 15:00,KXETHD-26APR1512-T2329.99,2026-04-15T16:00:00Z,2338.09,2329.99,-0.3465,0.675,real,0.740789,-0.6458,0.00094189,0.00075967,0.00104424,0.7275,0.03,0.0008735,0.0,-1.0,0.0,0.0,0.0,-0.0669,2.0,0.0,0.4548,0.0,-7.2e-07,0.0,0.0,0.0,-1.0,-1.0,0.4584,False,False,-1.0,0.0,67.89,59.45,False,1.0,neutral,0.0,0.0,0.075118,0.044762,trade,yes,False,False,39.0,53.66,,0.231133,0.05,50.0,1000.0,0.0,0.0,0.5116,-0.0227,-0.0757,-0.1064,False,,True,True,24.07,2026-04-15 15:06:18+00:00,,,,,,,,,,,,,,,,,,,,,,,,,,,,,,,,,,,,,,,,,,,,,,,,,,,,,,,,,,,,,,,,,,,,,,,,,,,,,,,,,,,,,,,,,,,,,,,,,,,,,,,,,,0.5039752707517506,16,2026-W16,0.675,True
2026-04-15 17:00:30,2026-04-15 17:00,KXETHD-26APR1514-T2349.99,2026-04-15T18:00:00Z,2342.03,2349.99,0.3399,0.235,real,0.203855,0.8279,0.00072739,0.0006486,0.00060916,1.0647,0.03,0.00063282,0.0,-1.0,0.0,0.0,0.0,-0.0986,2.0,0.0,0.7224,0.0,-3.255e-05,1.0,0.0,0.0,0.0,0.0,0.2894,False,False,0.0,0.0,58.0,61.16,False,0.0,bullish,0.0,0.0,0.061704,0.036676,trade,no,False,False,39.0,59.46,,0.262571,0.05,50.0,1000.0,-1.0,0.0,0.4549,-0.3603,-0.0488,0.0,False,,False,True,15.36,2026-04-15 17:00:30+00:00,,,,,,,,,,,,,,,,,,,,,,,,,,,,,,,,,,,,,,,,,,,,,,,,,,,,,,,,,,,,,,,,,,,,,,,,,,,,,,,,,,,,,,,,,,,,,,,,,,,,,,,,,,0.4550547868203159,16,2026-W16,0.765,True
2026-04-15 18:43:31,2026-04-15 18:00,KXETHD-26APR1515-T2349.99,2026-04-15T19:00:00Z,2353.81,2349.99,-0.1623,0.745,real,0.800761,-0.8443,0.00059567,0.00045426,0.00060818,0.7469,0.03,0.00051583,0.0,-1.0,0.0,2.0,0.0,0.0488,2.0,0.0,0.762,0.0,-3.568e-05,0.0,1.0,-1.0,-2.0,-2.0,0.6791,False,False,-1.0,-1.0,84.1,80.41,False,1.0,bullish,0.0,0.0,0.038523,0.010225,trade,yes,False,False,39.0,16.43,,0.15107,0.05,50.0,1000.0,1.0,-6.0,0.476,0.12,-0.0752,-0.0238,False,,True,True,17.11,2026-04-15 18:43:31+00:00,,,,,,,,,,,,,,,,,,,,,,,,,,,,,,,,,,,,,,,,,,,,,,,,,,,,,,,,,,,,,,,,,,,,,,,,,,,,,,,,,,,,,,,,,,,,,,,,,,,,,,,,,,0.4441085051036988,16,2026-W16,0.745,False
2026-04-15 19:00:28,2026-04-15 19:00,KXETHD-26APR1516-T2369.99,2026-04-15T20:00:00Z,2359.4,2369.99,0.4489,0.175,real,0.078346,1.4163,0.0005947,0.0003993,0.00062134,0.6426,0.11,0.00048812,0.0,-1.0,0.0,3.0,-1.0,-0.1106,2.0,0.0,0.6444,0.0,-3.752e-05,0.0,1.0,-1.0,-2.0,-2.0,0.9027,False,False,-1.0,-1.0,93.04,90.54,False,1.0,bullish,0.0,0.0,0.108076,0.088705,trade,no,False,False,62.0,59.49,,0.617576,0.05,50.0,1000.0,2.0,-9.0,0.467,0.2875,0.0102,-0.0898,False,,True,False,-50.0,2026-04-15 19:00:28+00:00,,,,,,,,,,,,,,,,,,,,,,,,,,,,,,,,,,,,,,,,,,,,,,,,,,,,,,,,,,,,,,,,,,,,,,,,,,,,,,,,,,,,,,,,,,,,,,,,,,,,,,,,,,0.46322388332524506,16,2026-W16,0.825,True
2026-04-15 21:03:57+00:00,2026-04-15 21:00,KXETHD-26APR1518-T2369.99,2026-04-15T22:00:00Z,2361.28,2369.99,0.369,0.265,real,0.165619,0.9716,0.00077889,0.00048261,0.00078376,0.6158,0.25,0.00060307,0.0,-1.0,0.0,1.0,-1.0,-0.1602,2.0,-1.0,0.887,0.0,-4.616e-05,-1.0,0.0,0.0,-1.0,-1.0,0.7346,False,False,0.0,0.0,49.91,45.81,False,1.0,bullish,0.0,0.0,0.097,0.072215,trade,no,False,False,39.0,56.0,,0.366037,0.05,50.0,1000.0,1.0,-1.0,0.5038,0.1479,0.0512,0.0013,False,,False,True,18.03,2026-04-15 21:03:57+00:00,,,,,,,,,,,,,,,,,,,,,,,,,,,,,,,,,,,,,,,,,,,,,,,,,,,,,,,,,,,,,,,,,,,,,,,,,,,,,,,,,,,,,,,,,,,,,,,,,,,,,,,,,,0.462738967623184,16,2026-W16,0.735,True
2026-04-15 21:09:14+00:00,2026-04-15 21:00,KXETHD-26APR1518-T2349.99,2026-04-15T22:00:00Z,2358.24,2349.99,-0.3497,0.74,real,0.787334,-0.7972,0.00078469,0.00060807,0.00076459,0.7953,0.04,0.00067067,0.0,-1.0,0.0,0.0,0.0,-0.0565,2.0,-1.0,0.8277,0.0,-4.616e-05,-1.0,0.0,0.0,-1.0,-1.0,0.4881,False,False,1.0,0.0,36.66,41.39,False,0.0,bullish,0.0,0.0,0.111059,0.082591,trade,yes,False,False,39.0,50.71,,0.427151,0.05,50.0,1000.0,1.0,0.0,0.5963,-0.0911,-0.2386,-0.0318,False,,True,True,17.57,2026-04-15 21:09:14+00:00,,,,,,,,,,,,,,,,,,,,,,,,,,,,,,,,,,,,,,,,,,,,,,,,,,,,,,,,,,,,,,,,,,,,,,,,,,,,,,,,,,,,,,,,,,,,,,,,,,,,,,,,,,0.462738967623184,16,2026-W16,0.74,False
2026-04-15 22:01:06+00:00,2026-04-15 22:00,KXETHD-26APR1519-T2369.99,2026-04-15T23:00:00Z,2362.49,2369.99,0.3174,0.32,real,0.247459,0.6825,0.00063886,0.00061207,0.00088324,0.693,0.08,0.00072054,1.0,0.0,1.0,0.0,1.0,0.1454,2.0,0.0,0.5719,0.0,-3.976e-05,0.0,0.0,0.0,-1.0,-1.0,0.6276,False,False,-1.0,0.0,34.25,30.73,False,1.0,bullish,0.0,0.0,0.069521,0.041379,trade,no,False,False,39.0,58.85,,0.217253,0.05,50.0,1000.0,1.0,-1.0,0.5038,0.3407,0.1429,-0.0127,False,,False,True,23.53,2026-04-15 22:01:06+00:00,,,,,,,,,,,,,,,,,,,,,,,,,,,,,,,,,,,,,,,,,,,,,,,,,,,,,,,,,,,,,,,,,,,,,,,,,,,,,,,,,,,,,,,,,,,,,,,,,,,,,,,,,,0.4669656680004676,16,2026-W16,0.6799999999999999,True
2026-04-15 23:01:28+00:00,2026-04-15 23:00,KXETHD-26APR1520-T2369.99,2026-04-16T00:00:00Z,2359.33,2369.99,0.4517,0.18,real,0.22057,0.7703,0.00125445,0.0009567,0.00064374,1.4862,0.1,0.00083152,1.0,-1.0,0.0,1.0,-1.0,-0.1591,2.0,-1.0,0.8769,0.0,-3.9e-05,1.0,0.0,0.0,-1.0,-1.0,0.3747,False,False,1.0,0.0,30.88,47.96,False,0.0,bullish,0.0,0.0,0.119274,0.093942,trade,yes,False,False,39.0,58.49,,0.145456,0.05,50.0,1000.0,1.0,0.0,0.5963,-0.3043,-0.5233,-0.4368,False,,False,False,-50.0,2026-04-15 23:01:28+00:00,,,,,,,,,,,,,,,,,,,,,,,,,,,,,,,,,,,,,,,,,,,,,,,,,,,,,,,,,,,,,,,,,,,,,,,,,,,,,,,,,,,,,,,,,,,,,,,,,,,,,,,,,,0.523346570157,16,2026-W16,0.18,True
2026-04-15 23:15:13+00:00,2026-04-15 23:00,KXETHD-26APR1520-T2349.99,2026-04-16T00:00:00Z,2355.51,2349.99,-0.2343,0.745,real,0.706687,-0.5437,0.00111718,0.00092502,0.00053239,1.7375,0.07,0.00076797,1.0,0.0,1.0,1.0,-1.0,-0.1831,2.0,0.0,0.799,0.0,-3.824e-05,1.0,0.0,0.0,0.0,0.0,0.1401,False,False,1.0,1.0,12.53,26.13,False,0.0,bullish,0.0,0.0,0.151465,0.123167,trade,yes,False,False,39.0,44.74,,0.59398,0.05,50.0,1000.0,1.0,2.0,0.7636,-0.7518,-0.2754,-0.2792,False,,True,True,17.11,2026-04-15 23:15:13+00:00,,,,,,,,,,,,,,,,,,,,,,,,,,,,,,,,,,,,,,,,,,,,,,,,,,,,,,,,,,,,,,,,,,,,,,,,,,,,,,,,,,,,,,,,,,,,,,,,,,,,,,,,,,0.523346570157,16,2026-W16,0.745,True
2026-04-16 00:01:47+00:00,2026-04-16 00:00,KXETHD-26APR1521-T2349.99,2026-04-16T01:00:00Z,2360.43,2349.99,-0.4423,0.74,real,0.837855,-0.9857,0.00074904,0.00069078,0.00090336,0.7647,0.12,0.00077581,1.0,-1.0,0.0,1.0,-1.0,-0.1048,2.0,0.0,0.7365,0.0,-2.815e-05,0.0,0.0,0.0,0.0,0.0,,False,False,0.0,0.0,33.51,24.59,True,1.0,bullish,0.0,0.0,0.150551,0.122083,trade,yes,False,False,39.0,58.17,,0.579041,0.05,50.0,1000.0,1.0,0.0,0.5963,0.1681,0.2966,0.0165,False,,True,True,17.57,2026-04-16 00:01:47+00:00,,,,,,,,,,,,,,,,,,,,,,,,,,,,,,,,,,,,,,,,,,,,,,,,,,,,,,,,,,,,,,,,,,,,,,,,,,,,,,,,,,,,,,,,,,,,,,,,,,,,,,,,,,0.48986206682356914,16,2026-W16,0.74,False
2026-04-16 00:32:29+00:00,2026-04-16 00:00,KXETHD-26APR1521-T2369.99,2026-04-16T01:00:00Z,2361.42,2369.99,0.3628,0.045,real,0.097816,1.2941,0.00062782,0.00069572,0.00040764,1.7067,0.01,0.00058049,1.0,0.0,1.0,0.0,0.0,-0.0451,2.0,0.0,0.5941,0.0,-8.8e-06,0.0,0.0,0.0,0.0,0.0,,False,False,-1.0,1.0,35.1,20.62,True,1.0,bullish,0.0,0.0,0.101787,0.083778,trade,yes,False,False,39.0,27.46,,0.106583,0.05,50.0,1000.0,1.0,0.0,0.5963,0.0199,0.3499,0.3047,False,,False,False,-50.0,2026-04-16 00:32:29+00:00,,,,,,,,,,,,,,,,,,,,,,,,,,,,,,,,,,,,,,,,,,,,,,,,,,,,,,,,,,,,,,,,,,,,,,,,,,,,,,,,,,,,,,,,,,,,,,,,,,,,,,,,,,0.48986206682356914,16,2026-W16,0.045,False
2026-04-16 01:01:05+00:00,2026-04-16 01:00,KXETHD-26APR1522-T2349.99,2026-04-16T02:00:00Z,2358.68,2349.99,-0.3685,0.78,real,0.845102,-1.0156,0.00061843,0.00062347,0.00062307,1.0006,0.14,0.00062331,1.0,-1.0,0.0,0.0,0.0,0.0072,2.0,0.0,0.5404,0.0,-1.459e-05,0.0,0.0,0.0,0.0,0.0,0.0864,False,False,0.0,0.0,26.18,31.8,False,0.0,bullish,0.0,0.0,0.116063,0.089051,trade,yes,False,False,39.0,58.87,,0.527558,0.05,50.0,1000.0,1.0,0.0,0.5963,-0.1305,0.0637,0.0637,False,,True,True,14.1,2026-04-16 01:01:05+00:00,,,,,,,,,,,,,,,,,,,,,,,,,,,,,,,,,,,,,,,,,,,,,,,,,,,,,,,,,,,,,,,,,,,,,,,,,,,,,,,,,,,,,,,,,,,,,,,,,,,,,,,,,,0.5304105603488326,16,2026-W16,0.78,True
2026-04-16 01:06:24+00:00,2026-04-16 01:00,KXETHD-26APR1522-T2369.99,2026-04-16T02:00:00Z,2348.48,2369.99,0.9161,0.105,real,0.064911,1.5148,0.00070512,0.00082757,0.00099407,0.8325,0.01,0.00089417,1.0,1.0,2.0,1.0,-1.0,-0.219,2.0,0.0,0.5366,0.0,-1.446e-05,0.0,-1.0,1.0,2.0,2.0,-0.3222,False,False,1.0,1.0,0.73,23.32,False,0.0,neutral,0.0,0.0,0.11128,0.089702,trade,yes,False,False,39.0,53.55,,0.124336,0.05,50.0,1000.0,1.0,4.0,0.7673,-0.5778,-0.4015,-0.3964,False,,False,False,-50.0,2026-04-16 01:06:24+00:00,,,,,,,,,,,,,,,,,,,,,,,,,,,,,,,,,,,,,,,,,,,,,,,,,,,,,,,,,,,,,,,,,,,,,,,,,,,,,,,,,,,,,,,,,,,,,,,,,,,,,,,,,,0.5304105603488326,16,2026-W16,0.105,True
2026-04-16 02:02:31+00:00,2026-04-16 02:00,KXETHD-26APR1523-T2349.99,2026-04-16T03:00:00Z,2356.08,2349.99,-0.2584,0.735,real,0.914434,-1.3686,0.00046074,0.00018462,0.00054359,0.3396,0.17,0.00032821,1.0,0.0,1.0,0.0,1.0,0.1099,2.0,0.0,0.5062,0.0,2.03e-06,0.0,0.0,0.0,0.0,0.0,0.0415,False,False,0.0,0.0,32.96,23.52,True,0.0,bullish,0.0,0.0,0.211558,0.182924,trade,yes,False,False,38.0,57.43,,0.798332,0.05,50.0,1000.0,1.0,0.0,0.5963,0.1408,0.031,0.031,False,,True,True,18.03,2026-04-16 02:02:31+00:00,,,,,,,,,,,,,,,,,,,,,,,,,,,,,,,,,,,,,,,,,,,,,,,,,,,,,,,,,,,,,,,,,,,,,,,,,,,,,,,,,,,,,,,,,,,,,,,,,,,,,,,,,,0.5250088563179358,16,2026-W16,0.735,True
2026-04-16 02:31:06+00:00,2026-04-16 02:00,KXETHD-26APR1523-T2369.99,2026-04-16T03:00:00Z,2361.83,2369.99,0.3455,0.25,real,0.176069,0.9304,0.00038594,0.00051547,0.00095191,0.5415,0.06,0.00069005,1.0,-1.0,0.0,2.0,0.0,-0.07,2.0,0.0,0.4089,0.0,-2.84e-06,0.0,1.0,-1.0,-2.0,-2.0,0.29,False,False,-1.0,-1.0,89.95,64.01,False,0.0,bullish,0.0,0.0,0.071455,0.046188,trade,no,False,False,39.0,28.86,,0.285819,0.05,50.0,1000.0,1.0,-1.0,0.5038,0.2701,0.2837,0.2037,False,,False,True,16.67,2026-04-16 02:31:06+00:00,,,,,,,,,,,,,,,,,,,,,,,,,,,,,,,,,,,,,,,,,,,,,,,,,,,,,,,,,,,,,,,,,,,,,,,,,,,,,,,,,,,,,,,,,,,,,,,,,,,,,,,,,,0.5250088563179358,16,2026-W16,0.75,False
2026-04-16 03:06:03+00:00,2026-04-16 03:00,KXETHD-26APR1600-T2369.99,2026-04-16T04:00:00Z,2361.37,2369.99,0.3649,0.145,real,0.147122,1.0489,0.00066285,0.00072476,0.00046889,1.5457,0.05,0.00062241,1.0,-1.0,0.0,1.0,-1.0,-0.1226,2.0,0.0,0.4837,0.0,-1.046e-05,1.0,0.0,0.0,0.0,0.0,0.0484,False,False,0.0,0.0,57.61,64.93,True,1.0,bullish,0.0,0.0,0.065388,0.04171,trade,yes,False,False,39.0,53.89,,0.076477,0.038238,38.24,1000.0,1.0,0.0,0.5963,-0.1997,0.1193,0.0199,False,,False,False,-38.24,2026-04-16 03:06:03+00:00,,,,,,,,,,,,,,,,,,,,,,,,,,,,,,,,,,,,,,,,,,,,,,,,,,,,,,,,,,,,,,,,,,,,,,,,,,,,,,,,,,,,,,,,,,,,,,,,,,,,,,,,,,0.5007927643562108,16,2026-W16,0.145,True
2026-04-16 04:30:46+00:00,2026-04-16 04:00,KXETHD-26APR1601-T2359.99,2026-04-16T05:00:00Z,2357.29,2359.99,0.1146,0.425,real,0.347534,0.392,0.00032859,0.00032579,0.00112112,0.2906,0.11,0.00064392,1.0,-1.0,0.0,1.0,-1.0,-0.14,2.0,0.0,0.6768,0.0,-1.871e-05,0.0,0.0,0.0,0.0,0.0,-0.0946,False,False,1.0,0.0,31.26,50.48,False,0.0,bullish,0.0,0.0,0.065819,0.034707,trade,no,False,False,41.0,29.18,,0.154868,0.05,50.0,1000.0,0.0,0.0,0.5125,-0.0445,-0.1792,-0.1661,False,,False,True,36.96,2026-04-16 04:30:46+00:00,,,,,,,,,,,,,,,,,,,,,,,,,,,,,,,,,,,,,,,,,,,,,,,,,,,,,,,,,,,,,,,,,,,,,,,,,,,,,,,,,,,,,,,,,,,,,,,,,,,,,,,,,,0.5250943657860626,16,2026-W16,0.575,False
2026-04-16 09:12:37+00:00,2026-04-16 09:00,KXETHD-26APR1606-T2339.99,2026-04-16T10:00:00Z,2342.46,2339.99,-0.1055,0.57,real,0.61572,-0.2943,0.00054037,0.0005635,0.0008699,0.6478,0.22,0.00068606,0.0,0.0,1.0,0.0,0.0,0.022,2.0,0.0,0.3535,0.0,3.846e-05,0.0,-1.0,1.0,2.0,2.0,-0.5421,False,False,0.0,0.0,27.4,23.58,False,-1.0,neutral,0.0,0.0,0.065203,0.033046,trade,yes,False,False,40.0,47.33,,0.151636,0.05,50.0,1000.0,-1.0,3.0,0.5205,0.0611,0.1022,0.1022,False,,False,False,-50.0,2026-04-16 09:12:37+00:00,,,,,,,,,,,,,,,,,,,,,,,,,,,,,,,,,,,,,,,,,,,,,,,,,,,,,,,,,,,,,,,,,,,,,,,,,,,,,,,,,,,,,,,,,,,,,,,,,,,,,,,,,,0.5578368936801723,16,2026-W16,0.57,True
2026-04-16 10:05:30+00:00,2026-04-16 10:00,KXETHD-26APR1607-T2339.99,2026-04-16T11:00:00Z,2331.57,2339.99,0.3612,0.12,real,0.164122,0.9777,0.00053231,0.00071441,0.00041585,1.7179,0.04,0.00059499,0.0,1.0,2.0,1.0,-1.0,-0.1362,2.0,0.0,0.5073,0.0,3.069e-05,0.0,-1.0,1.0,2.0,2.0,-0.9789,False,False,1.0,1.0,0.0,12.95,False,-1.0,neutral,0.0,0.0,0.079926,0.057534,trade,yes,False,False,40.0,54.46,,0.090825,0.045413,45.41,1000.0,-1.0,10.0,0.554,-0.6773,-0.4524,-0.3779,False,,False,False,-45.41,2026-04-16 10:05:30+00:00,,,,,,,,,,,,,,,,,,,,,,,,,,,,,,,,,,,,,,,,,,,,,,,,,,,,,,,,,,,,,,,,,,,,,,,,,,,,,,,,,,,,,,,,,,,,,,,,,,,,,,,,,,0.5633477004573596,16,2026-W16,0.12,True
2026-04-16 11:36:25+00:00,2026-04-16 11:00,KXETHD-26APR1608-T2339.99,2026-04-16T12:00:00Z,2334.51,2339.99,0.2348,0.14,real,0.031664,1.8569,0.00031296,0.00027257,0.00044742,0.6092,0.1,0.00034251,0.0,0.0,1.0,0.0,0.0,-0.0286,2.0,0.0,0.5401,0.0,4.001e-05,0.0,-1.0,1.0,2.0,2.0,-0.7833,False,False,0.0,0.0,25.88,17.14,True,-1.0,neutral,0.0,0.0,0.099297,0.081563,trade,no,False,False,40.0,23.54,,0.709262,0.05,50.0,1000.0,-1.0,5.0,0.5455,0.0064,0.1408,0.0377,False,,False,True,8.14,2026-04-16 11:36:25+00:00,,,,,,,,,,,,,,,,,,,,,,,,,,,,,,,,,,,,,,,,,,,,,,,,,,,,,,,,,,,,,,,,,,,,,,,,,,,,,,,,,,,,,,,,,,,,,,,,,,,,,,,,,,0.5619157314928243,16,2026-W16,0.86,False
2026-04-16 12:00:43+00:00,2026-04-16 12:00,KXETHD-26APR1609-T2339.99,2026-04-16T13:00:00Z,2336.99,2339.99,0.1285,0.375,real,0.292077,0.5473,0.00027535,0.0003195,0.00052375,0.61,0.01,0.0004012,0.0,-1.0,0.0,1.0,-1.0,-0.1741,2.0,-1.0,1.0,0.0,4.152e-05,1.0,0.0,0.0,1.0,1.0,-0.587,False,False,-1.0,0.0,40.48,30.25,False,0.0,neutral,0.0,0.0,0.065024,0.035052,trade,no,False,False,41.0,59.24,,0.173398,0.05,50.0,1000.0,-1.0,3.0,0.5205,0.1741,0.1762,0.1762,False,,True,False,-50.0,2026-04-16 12:00:43+00:00,,,,,,,,,,,,,,,,,,,,,,,,,,,,,,,,,,,,,,,,,,,,,,,,,,,,,,,,,,,,,,,,,,,,,,,,,,,,,,,,,,,,,,,,,,,,,,,,,,,,,,,,,,0.5194202155864727,16,2026-W16,0.625,False
2026-04-16 13:03:07+00:00,2026-04-16 13:00,KXETHD-26APR1610-T2339.99,2026-04-16T14:00:00Z,2340.87,2339.99,-0.0374,0.49,real,0.586144,-0.2176,0.00061839,0.00027163,,,0.04,0.00027163,-1.0,-1.0,0.0,0.0,0.0,-0.0402,2.0,-1.0,1.0,0.0,3.697e-05,1.0,0.0,0.0,1.0,1.0,-0.3518,False,False,0.0,0.0,60.08,52.08,False,0.0,neutral,0.0,0.0,0.055752,0.023259,trade,yes,False,False,41.0,56.84,,0.109317,0.05,50.0,1000.0,-1.0,0.0,0.4591,0.0338,0.0774,0.0774,False,,False,False,-50.0,2026-04-16 13:03:07+00:00,,,,,,,,,,,,,,,,,,,,,,,,,,,,,,,,,,,,,,,,,,,,,,,,,,,,,,,,,,,,,,,,,,,,,,,,,,,,,,,,,,,,,,,,,,,,,,,,,,,,,,,,,,0.5578295030186937,16,2026-W16,0.49,True
2026-04-16 13:19:04+00:00,2026-04-16 13:00,KXETHD-26APR1610-T2359.99,2026-04-16T14:00:00Z,2347.3,2359.99,0.5406,0.155,real,0.047337,1.6712,0.00038806,0.00044731,0.00083048,0.5386,0.01,0.00060058,-1.0,0.0,1.0,1.0,0.0,0.0256,2.0,1.0,0.8992,0.0,3.631e-05,1.0,-1.0,1.0,2.0,0.0,0.0054,False,True,-1.0,-1.0,100.0,74.88,False,0.0,neutral,0.0,0.0,0.125,0.107963,trade,no,False,False,42.0,40.89,,0.806452,0.05,50.0,1000.0,-1.0,-5.0,0.3173,0.4315,0.2728,0.2407,False,,False,True,9.17,2026-04-16 13:19:04+00:00,,,,,,,,,,,,,,,,,,,,,,,,,,,,,,,,,,,,,,,,,,,,,,,,,,,,,,,,,,,,,,,,,,,,,,,,,,,,,,,,,,,,,,,,,,,,,,,,,,,,,,,,,,0.5578295030186937,16,2026-W16,0.845,False
2026-04-16 14:25:34+00:00,2026-04-16 14:00,KXETHD-26APR1611-T2279.99,2026-04-16T15:00:00Z,2287.94,2279.99,-0.3477,0.645,real,0.65094,-0.3879,0.00149328,0.00129854,0.00159748,0.8129,0.05,0.00141812,0.0,1.0,2.0,1.0,-1.0,-0.2728,2.0,0.0,0.391,0.0,3.646e-05,-1.0,-1.0,1.0,2.0,2.0,-1.9199,False,False,1.0,1.0,4.06,18.61,False,-1.0,neutral,0.0,0.0,0.049438,0.01841,trade,yes,False,False,40.0,34.38,,0.139261,0.05,50.0,1000.0,-3.0,14.0,0.548,-0.6361,-0.567,-0.1196,False,,True,True,27.52,2026-04-16 14:25:34+00:00,,,,,,,,,,,,,,,,,,,,,,,,,,,,,,,,,,,,,,,,,,,,,,,,,,,,,,,,,,,,,,,,,,,,,,,,,,,,,,,,,,,,,,,,,,,,,,,,,,,,,,,,,,0.5268310817653723,16,2026-W16,0.645,True
2026-04-16 14:51:20+00:00,2026-04-16 14:00,KXETHD-26APR1611-T2319.99,2026-04-16T15:00:00Z,2312.01,2319.99,0.3451,0.195,real,0.159555,0.9963,0.00154937,0.00090985,0.00136851,0.6648,0.01,0.00109331,0.0,-1.0,0.0,1.0,-1.0,-0.264,2.0,0.0,0.46,0.0,3.994e-05,-1.0,0.0,0.0,1.0,1.0,-0.8349,False,False,0.0,0.0,40.87,27.8,True,-1.0,neutral,0.0,0.0,0.101131,0.080177,trade,no,False,False,39.0,8.58,,0.518621,0.05,50.0,1000.0,-3.0,2.0,0.3741,0.806,0.4806,0.1911,False,,False,True,12.11,2026-04-16 14:51:20+00:00,,,,,,,,,,,,,,,,,,,,,,,,,,,,,,,,,,,,,,,,,,,,,,,,,,,,,,,,,,,,,,,,,,,,,,,,,,,,,,,,,,,,,,,,,,,,,,,,,,,,,,,,,,0.5268310817653723,16,2026-W16,0.8049999999999999,False
2026-04-16 14:59:58+00:00,2026-04-16 14:00,KXETHD-26APR1612-T2319.99,2026-04-16T16:00:00Z,2310.67,2319.99,0.4033,0.285,real,0.309403,0.4975,0.001261,0.00113121,0.00091508,1.2362,0.05,0.00104476,0.0,0.0,1.0,0.0,0.0,-0.08,2.0,0.0,0.443,0.0,3.778e-05,-1.0,-1.0,1.0,2.0,2.0,-0.9602,False,False,1.0,0.0,36.09,26.2,True,-1.0,neutral,0.0,0.0,0.091142,0.065202,trade,no,False,False,40.0,59.95,,0.319795,0.05,50.0,1000.0,-3.0,3.0,0.3571,0.6673,0.0308,-0.0467,False,,True,False,-50.0,2026-04-16 14:59:58+00:00,,,,,,,,,,,,,,,,,,,,,,,,,,,,,,,,,,,,,,,,,,,,,,,,,,,,,,,,,,,,,,,,,,,,,,,,,,,,,,,,,,,,,,,,,,,,,,,,,,,,,,,,,,0.5268310817653723,16,2026-W16,0.7150000000000001,False
2026-04-16 15:15:08+00:00,2026-04-16 15:00,KXETHD-26APR1612-T2339.99,2026-04-16T16:00:00Z,2326.12,2339.99,0.5961,0.21,real,0.18116,0.911,0.00113156,0.00103153,0.00110083,0.937,0.04,0.00105925,0.0,-1.0,0.0,1.0,-1.0,-0.1266,2.0,0.0,0.5628,0.0,3.591e-05,1.0,0.0,0.0,0.0,0.0,-0.2456,False,False,-1.0,0.0,61.25,52.86,False,0.0,bearish,0.0,0.0,0.036978,0.011963,trade,no,False,False,41.0,44.82,,0.176088,0.05,50.0,1000.0,-1.0,-1.0,0.4875,0.8241,0.4921,-0.0932,False,,True,False,-50.0,2026-04-16 15:15:08+00:00,,,,,,,,,,,,,,,,,,,,,,,,,,,,,,,,,,,,,,,,,,,,,,,,,,,,,,,,,,,,,,,,,,,,,,,,,,,,,,,,,,,,,,,,,,,,,,,,,,,,,,,,,,0.48414395710607866,16,2026-W16,0.79,True
2026-04-16 16:52:50+00:00,2026-04-16 16:00,KXETHD-26APR1613-T2319.99,2026-04-16T17:00:00Z,2316.32,2319.99,0.1583,0.14,real,0.288502,0.5578,0.001112,0.00127398,0.00054858,2.3223,0.04,0.00098382,0.0,-1.0,0.0,1.0,-1.0,-0.1064,2.0,0.0,0.7085,0.0,8.75e-06,1.0,0.0,0.0,1.0,1.0,-0.5882,False,False,1.0,0.0,46.11,60.67,False,-1.0,neutral,0.0,0.0,0.13137,0.107942,trade,yes,False,False,39.0,7.12,,0.152756,0.05,50.0,1000.0,0.0,2.0,0.5854,-0.9778,-0.3337,-0.3941,True,,False,False,-50.0,2026-04-16 16:52:50+00:00,,,,,,,,,,,,,,,,,,,,,,,,,,,,,,,,,,,,,,,,,,,,,,,,,,,,,,,,,,,,,,,,,,,,,,,,,,,,,,,,,,,,,,,,,,,,,,,,,,,,,,,,,,0.5395520860028495,16,2026-W16,0.14,True
2026-04-16 17:21:15+00:00,2026-04-16 17:00,KXETHD-26APR1614-T2319.99,2026-04-16T18:00:00Z,2320.84,2319.99,-0.0368,0.485,real,0.52121,-0.0532,0.00125209,0.00111202,,,0.01,0.00111202,-1.0,0.0,1.0,0.0,1.0,0.109,2.0,0.0,0.4608,0.0,2.138e-05,-1.0,0.0,0.0,0.0,0.0,-0.2913,False,False,1.0,0.0,55.08,49.31,False,-1.0,neutral,0.0,0.0,0.048682,0.016198,trade,yes,False,False,40.0,38.69,,0.094528,0.047264,47.26,1000.0,0.0,0.0,0.5125,-0.1321,0.0608,0.2987,False,,True,True,50.18,2026-04-16 17:21:15+00:00,,,,,,,,,,,,,,,,,,,,,,,,,,,,,,,,,,,,,,,,,,,,,,,,,,,,,,,,,,,,,,,,,,,,,,,,,,,,,,,,,,,,,,,,,,,,,,,,,,,,,,,,,,0.5156959143163133,16,2026-W16,0.485,True
2026-04-16 19:02:18+00:00,2026-04-16 19:00,KXETHD-26APR1616-T2339.99,2026-04-16T20:00:00Z,2344.68,2339.99,-0.2002,0.62,real,0.639026,-0.3559,0.00078351,0.0007675,0.00086384,0.8885,0.04,0.00080604,-1.0,-1.0,0.0,1.0,0.0,-0.0053,2.0,0.0,0.5756,0.0,2.689e-05,1.0,0.0,0.0,-1.0,-1.0,0.7952,False,False,-1.0,-1.0,90.16,78.01,False,0.0,neutral,0.0,0.0,0.060427,0.028935,trade,yes,False,False,65.0,57.66,,0.159019,0.05,50.0,1000.0,0.0,-6.0,0.473,0.7583,0.0546,-0.0784,True,,True,True,30.65,2026-04-16 19:02:18+00:00,,,,,,,,,,,,,,,,,,,,,,,,,,,,,,,,,,,,,,,,,,,,,,,,,,,,,,,,,,,,,,,,,,,,,,,,,,,,,,,,,,,,,,,,,,,,,,,,,,,,,,,,,,0.43345434369757385,16,2026-W16,0.62,False
2026-04-16 19:04:24+00:00,2026-04-16 19:00,KXETHD-26APR1617-T2339.99,2026-04-16T21:00:00Z,2343.96,2339.99,-0.1694,0.57,real,0.584554,-0.2136,0.00071807,0.00074187,0.00089434,0.8295,0.04,0.00080286,-1.0,-1.0,0.0,1.0,0.0,-0.098,2.0,0.0,0.5756,0.0,2.689e-05,1.0,0.0,0.0,-1.0,-1.0,0.8347,False,False,-1.0,-1.0,92.63,78.84,False,0.0,neutral,0.0,0.0,0.058013,0.025856,trade,yes,False,False,65.0,115.56,,0.134914,0.05,50.0,1000.0,0.0,-6.0,0.473,0.684,-0.0392,0.0636,True,,True,True,37.72,2026-04-16 19:04:24+00:00,,,,,,,,,,,,,,,,,,,,,,,,,,,,,,,,,,,,,,,,,,,,,,,,,,,,,,,,,,,,,,,,,,,,,,,,,,,,,,,,,,,,,,,,,,,,,,,,,,,,,,,,,,0.43345434369757385,16,2026-W16,0.57,False
2026-04-16 19:38:07+00:00,2026-04-16 19:00,KXETHD-26APR1616-T2359.99,2026-04-16T20:00:00Z,2353.31,2359.99,0.2838,0.245,real,0.236905,0.7163,0.00080419,0.00072081,0.00087844,0.8206,0.03,0.00078387,-1.0,-1.0,0.0,2.0,0.0,-0.025,2.0,0.0,0.4802,0.0,3.297e-05,1.0,1.0,-1.0,-2.0,-2.0,1.1623,False,False,-1.0,-1.0,100.0,88.83,False,0.0,neutral,0.0,0.0,0.037238,0.010716,trade,no,False,False,64.0,21.84,,0.15199,0.05,50.0,1000.0,0.0,-8.0,0.461,0.5373,0.2792,0.0396,False,,True,False,-50.0,2026-04-16 19:38:07+00:00,,,,,,,,,,,,,,,,,,,,,,,,,,,,,,,,,,,,,,,,,,,,,,,,,,,,,,,,,,,,,,,,,,,,,,,,,,,,,,,,,,,,,,,,,,,,,,,,,,,,,,,,,,0.43345434369757385,16,2026-W16,0.755,True
2026-04-16 21:00:14+00:00,2026-04-16 21:00,KXETHD-26APR1618-T2359.99,2026-04-16T22:00:00Z,2350.93,2359.99,0.3853,0.24,real,0.202862,0.8314,0.00087918,0.00052785,0.00070461,0.7491,0.02,0.00059856,-1.0,-1.0,0.0,0.0,0.0,-0.0039,2.0,0.0,0.5194,0.0,2.829e-05,0.0,0.0,0.0,-1.0,-1.0,1.0601,False,False,0.0,0.0,69.04,65.8,False,1.0,bullish,0.0,0.0,0.091245,0.067381,trade,no,False,False,41.0,59.72,,0.380186,0.05,50.0,1000.0,0.0,-3.0,0.4167,0.0886,0.0745,0.0822,False,,False,True,15.79,2026-04-16 21:00:14+00:00,,,,,,,,,,,,,,,,,,,,,,,,,,,,,,,,,,,,,,,,,,,,,,,,,,,,,,,,,,,,,,,,,,,,,,,,,,,,,,,,,,,,,,,,,,,,,,,,,,,,,,,,,,0.49194538725690584,16,2026-W16,0.76,True
2026-04-16 21:58:13+00:00,2026-04-16 21:00,KXETHD-26APR1618-T2339.99,2026-04-16T22:00:00Z,2340.79,2339.99,-0.0341,0.715,real,0.771781,-0.7447,0.0008461,0.00032516,0.00045466,0.7152,0.17,0.00037696,-1.0,-1.0,0.0,0.0,0.0,0.0255,2.0,0.0,0.5158,0.0,3.261e-05,0.0,0.0,0.0,-1.0,-1.0,0.606,False,False,1.0,0.0,35.09,39.88,False,0.0,bullish,0.0,0.0,0.044629,0.015365,trade,yes,False,False,40.0,1.75,,0.156593,0.05,50.0,1000.0,0.0,-1.0,0.4842,-0.0508,-0.0393,-0.0393,False,,True,True,19.93,2026-04-16 21:58:13+00:00,,,,,,,,,,,,,,,,,,,,,,,,,,,,,,,,,,,,,,,,,,,,,,,,,,,,,,,,,,,,,,,,,,,,,,,,,,,,,,,,,,,,,,,,,,,,,,,,,,,,,,,,,,0.49194538725690584,16,2026-W16,0.715,False
2026-04-16 22:06:38+00:00,2026-04-16 22:00,KXETHD-26APR1619-T2359.99,2026-04-16T23:00:00Z,2350.47,2359.99,0.4052,0.21,real,0.203599,0.8288,0.00091193,0.0006558,0.00068675,0.9549,0.06,0.00066818,-1.0,-1.0,0.0,0.0,0.0,-0.0256,2.0,0.0,0.5603,0.0,3.176e-05,0.0,0.0,0.0,-1.0,-1.0,1.0599,False,False,-1.0,0.0,50.57,43.62,False,1.0,bullish,0.0,0.0,0.060639,0.036746,trade,no,False,False,41.0,53.33,,0.288758,0.05,50.0,1000.0,0.0,-3.0,0.4167,0.4024,0.4148,0.0749,False,,False,True,13.29,2026-04-16 22:06:38+00:00,,,,,,,,,,,,,,,,,,,,,,,,,,,,,,,,,,,,,,,,,,,,,,,,,,,,,,,,,,,,,,,,,,,,,,,,,,,,,,,,,,,,,,,,,,,,,,,,,,,,,,,,,,0.4954619605308543,16,2026-W16,0.79,True
2026-04-16 23:03:08+00:00,2026-04-16 23:00,KXETHD-26APR1620-T2339.99,2026-04-17T00:00:00Z,2343.41,2339.99,-0.146,0.635,real,0.719638,-0.5818,0.00041132,0.00028666,0.00056164,0.5104,0.17,0.00039665,0.0,0.0,1.0,0.0,0.0,-0.0327,2.0,1.0,0.8579,0.0,2.788e-05,1.0,0.0,0.0,-1.0,-1.0,0.6602,False,False,0.0,1.0,19.42,20.98,False,0.0,bullish,0.0,0.0,0.095096,0.063872,trade,yes,False,False,40.0,56.81,,0.260537,0.05,50.0,1000.0,0.0,0.0,0.5125,-0.0614,-0.0943,0.0,False,,True,True,28.74,2026-04-16 23:03:08+00:00,,,,,,,,,,,,,,,,,,,,,,,,,,,,,,,,,,,,,,,,,,,,,,,,,,,,,,,,,,,,,,,,,,,,,,,,,,,,,,,,,,,,,,,,,,,,,,,,,,,,,,,,,,0.5045543703435448,16,2026-W16,0.635,True
2026-04-17 00:06:46+00:00,2026-04-17 00:00,KXETHD-26APR1621-T2339.99,2026-04-17T01:00:00Z,2344.9,2339.99,-0.2093,0.69,real,0.777637,-0.7642,0.00054746,0.00043809,0.00057934,0.7562,0.1,0.00049459,0.0,-1.0,0.0,1.0,0.0,-0.0196,2.0,0.0,0.769,-1.0,5.279e-05,0.0,0.0,0.0,0.0,0.0,,False,False,0.0,0.0,42.29,57.3,False,0.0,bullish,0.0,0.0,0.081861,0.051888,trade,yes,False,False,41.0,53.19,,0.264066,0.05,50.0,1000.0,0.0,0.0,0.5125,-0.2573,-0.1252,-0.1244,False,,True,True,22.46,2026-04-17 00:06:46+00:00,,,,,,,,,,,,,,,,,,,,,,,,,,,,,,,,,,,,,,,,,,,,,,,,,,,,,,,,,,,,,,,,,,,,,,,,,,,,,,,,,,,,,,,,,,,,,,,,,,,,,,,,,,0.4952645374004589,16,2026-W16,0.69,False
2026-04-17 01:03:00+00:00,2026-04-17 01:00,KXETHD-26APR1622-T2339.99,2026-04-17T02:00:00Z,2346.19,2339.99,-0.2643,0.745,real,0.898,-1.2702,0.00037029,0.00025055,0.0005322,0.4708,0.21,0.00036321,0.0,-1.0,0.0,1.0,-1.0,-0.2232,2.0,0.0,0.5887,0.0,2.499e-05,0.0,0.0,0.0,0.0,0.0,0.029,False,False,0.0,0.0,41.38,47.66,False,1.0,bullish,0.0,0.0,0.158469,0.130171,trade,yes,False,False,40.0,56.95,,0.621446,0.05,50.0,1000.0,0.0,0.0,0.5125,-0.1515,-0.0217,0.0,False,,False,False,-50.0,2026-04-17 01:03:00+00:00,,,,,,,,,,,,,,,,,,,,,,,,,,,,,,,,,,,,,,,,,,,,,,,,,,,,,,,,,,,,,,,,,,,,,,,,,,,,,,,,,,,,,,,,,,,,,,,,,,,,,,,,,,0.546800015606913,16,2026-W16,0.745,True
2026-04-17 02:11:58+00:00,2026-04-17 02:00,KXETHD-26APR1623-T2339.99,2026-04-17T03:00:00Z,2332.51,2339.99,0.3206,0.15,real,0.161166,0.9897,0.00090768,0.00062919,0.00044585,1.4112,0.04,0.00055585,0.0,0.0,1.0,1.0,-1.0,-0.1509,2.0,0.0,0.417,0.0,3.112e-05,0.0,0.0,0.0,1.0,1.0,-0.3069,False,False,1.0,1.0,16.36,19.72,True,0.0,neutral,0.0,0.0,0.06948,0.045555,trade,yes,False,False,40.0,47.99,,0.081741,0.040871,40.87,1000.0,0.0,2.0,0.5854,0.1468,-0.1767,-0.1767,False,,False,False,-40.87,2026-04-17 02:11:58+00:00,,,,,,,,,,,,,,,,,,,,,,,,,,,,,,,,,,,,,,,,,,,,,,,,,,,,,,,,,,,,,,,,,,,,,,,,,,,,,,,,,,,,,,,,,,,,,,,,,,,,,,,,,,0.5361256729734214,16,2026-W16,0.15,True
2026-04-17 03:02:48+00:00,2026-04-17 03:00,KXETHD-26APR1700-T2319.99,2026-04-17T04:00:00Z,2331.2,2319.99,-0.4811,0.86,real,0.982674,-2.1124,0.00043596,0.00020551,0.00059045,0.3481,0.22,0.00035949,0.0,0.0,1.0,1.0,-1.0,-0.2532,2.0,0.0,0.4273,0.0,3.769e-05,0.0,0.0,0.0,1.0,1.0,-0.3404,False,False,0.0,1.0,17.77,18.55,False,-1.0,neutral,0.0,0.0,0.11,0.086572,trade,yes,False,False,40.0,57.16,,0.785714,0.05,50.0,1000.0,0.0,2.0,0.5854,0.2007,-0.0009,-0.0009,False,,True,True,8.14,2026-04-17 03:02:48+00:00,,,,,,,,,,,,,,,,,,,,,,,,,,,,,,,,,,,,,,,,,,,,,,,,,,,,,,,,,,,,,,,,,,,,,,,,,,,,,,,,,,,,,,,,,,,,,,,,,,,,,,,,,,0.5607948998557555,16,2026-W16,0.86,True
2026-04-17 03:33:33+00:00,2026-04-17 03:00,KXETHD-26APR1700-T2339.99,2026-04-17T04:00:00Z,2330.82,2339.99,0.3936,0.165,real,0.029626,1.8863,0.00034159,0.000211,0.00078481,0.2689,0.15,0.00044053,0.0,0.0,1.0,1.0,-1.0,-0.1942,2.0,0.0,0.5479,0.0,4.09e-05,0.0,0.0,0.0,1.0,1.0,-0.398,False,False,1.0,1.0,8.86,9.79,False,0.0,neutral,0.0,0.0,0.125937,0.10831,trade,no,False,False,40.0,26.41,,0.763255,0.05,50.0,1000.0,0.0,4.0,0.5496,-0.1441,-0.0082,0.0,False,,False,True,9.88,2026-04-17 03:33:33+00:00,,,,,,,,,,,,,,,,,,,,,,,,,,,,,,,,,,,,,,,,,,,,,,,,,,,,,,,,,,,,,,,,,,,,,,,,,,,,,,,,,,,,,,,,,,,,,,,,,,,,,,,,,,0.5607948998557555,16,2026-W16,0.835,False
2026-04-17 04:02:12+00:00,2026-04-17 04:00,KXETHD-26APR1701-T2319.99,2026-04-17T05:00:00Z,2325.65,2319.99,-0.2434,0.765,real,0.823114,-0.9273,0.00039594,0.00039034,0.00044396,0.8792,0.01,0.00041179,0.0,1.0,2.0,1.0,-1.0,-0.2544,2.0,0.0,0.5952,0.0,-3.78e-06,0.0,-1.0,1.0,2.0,2.0,-0.4804,False,False,1.0,1.0,0.24,4.32,True,0.0,bearish,0.0,0.0,0.137916,0.110332,trade,yes,False,False,40.0,57.74,,0.586878,0.05,50.0,1000.0,0.0,5.0,0.6447,-0.0876,-0.0808,-0.0808,False,,True,True,15.36,2026-04-17 04:02:12+00:00,,,,,,,,,,,,,,,,,,,,,,,,,,,,,,,,,,,,,,,,,,,,,,,,,,,,,,,,,,,,,,,,,,,,,,,,,,,,,,,,,,,,,,,,,,,,,,,,,,,,,,,,,,0.5340048857376343,16,2026-W16,0.765,True
2026-04-17 05:04:53+00:00,2026-04-17 05:00,KXETHD-26APR1702-T2319.99,2026-04-17T06:00:00Z,2325.02,2319.99,-0.2162,0.775,real,0.832284,-0.9632,0.00032725,0.00034336,0.00038607,0.8894,0.09,0.00036044,0.0,1.0,2.0,1.0,-1.0,-0.1814,2.0,0.0,0.567,0.0,1.98e-06,0.0,-1.0,1.0,2.0,2.0,-0.4309,False,False,1.0,1.0,17.62,31.1,False,-1.0,bearish,0.0,0.0,0.130478,0.103272,trade,yes,False,False,40.0,55.07,,0.579904,0.05,50.0,1000.0,0.0,3.0,0.6369,-0.1626,-0.2255,-0.0953,False,,False,False,-50.0,2026-04-17 05:04:53+00:00,,,,,,,,,,,,,,,,,,,,,,,,,,,,,,,,,,,,,,,,,,,,,,,,,,,,,,,,,,,,,,,,,,,,,,,,,,,,,,,,,,,,,,,,,,,,,,,,,,,,,,,,,,0.5592066914501078,16,2026-W16,0.775,True
2026-04-17 06:03:17+00:00,2026-04-17 06:00,KXETHD-26APR1703-T2319.99,2026-04-17T07:00:00Z,2320.94,2319.99,-0.041,0.605,real,0.614873,-0.292,0.00035727,0.00023396,0.00020475,1.1426,0.19,0.00022227,0.0,1.0,2.0,0.0,0.0,-0.0845,2.0,0.0,0.4654,0.0,1.119e-05,0.0,-1.0,1.0,2.0,2.0,-0.6345,False,False,1.0,1.0,12.78,16.56,False,-1.0,bearish,0.0,0.0,0.057841,0.026113,trade,yes,False,False,39.0,56.67,,0.146434,0.05,50.0,1000.0,0.0,7.0,0.551,-0.0431,-0.0732,0.0,False,,True,True,32.64,2026-04-17 06:03:17+00:00,,,,,,,,,,,,,,,,,,,,,,,,,,,,,,,,,,,,,,,,,,,,,,,,,,,,,,,,,,,,,,,,,,,,,,,,,,,,,,,,,,,,,,,,,,,,,,,,,,,,,,,,,,0.5114799349212802,16,2026-W16,0.605,True
2026-04-17 07:03:12+00:00,2026-04-17 07:00,KXETHD-26APR1704-T2339.99,2026-04-17T08:00:00Z,2336.09,2339.99,0.1669,0.415,real,0.307842,0.502,0.00031915,0.0002797,0.00103097,0.2713,0.17,0.00058021,0.0,-1.0,0.0,2.0,-1.0,-0.1776,2.0,0.0,0.2219,0.0,1.352e-05,0.0,0.0,0.0,0.0,0.0,-0.1728,False,False,-1.0,-1.0,82.76,77.16,False,0.0,bearish,0.0,0.0,0.124828,0.09541,trade,no,False,False,41.0,56.75,,0.300791,0.05,50.0,1000.0,0.0,-2.0,0.4797,0.2529,0.0,0.0,False,,False,True,35.47,2026-04-17 07:03:12+00:00,,,,,,,,,,,,,,,,,,,,,,,,,,,,,,,,,,,,,,,,,,,,,,,,,,,,,,,,,,,,,,,,,,,,,,,,,,,,,,,,,,,,,,,,,,,,,,,,,,,,,,,,,,0.507618969829377,16,2026-W16,0.585,False
2026-04-17 08:01:32+00:00,2026-04-17 08:00,KXETHD-26APR1705-T2319.99,2026-04-17T09:00:00Z,2334.41,2319.99,-0.6177,0.84,real,0.964131,-1.8008,0.00049933,0.00055988,0.00081514,0.6869,0.24,0.00066198,1.0,-1.0,0.0,0.0,0.0,-0.094,2.0,0.0,0.6152,0.0,-4.22e-05,0.0,0.0,0.0,0.0,0.0,-0.0403,False,False,0.0,0.0,68.84,69.28,False,0.0,neutral,0.0,0.0,0.126533,0.102125,trade,yes,False,False,40.0,58.42,,0.790832,0.05,50.0,1000.0,0.0,0.0,0.5125,-0.1378,0.1124,0.0853,False,,True,True,9.52,2026-04-17 08:01:32+00:00,,,,,,,,,,,,,,,,,,,,,,,,,,,,,,,,,,,,,,,,,,,,,,,,,,,,,,,,,,,,,,,,,,,,,,,,,,,,,,,,,,,,,,,,,,,,,,,,,,,,,,,,,,0.4547828275852241,16,2026-W16,0.84,False
2026-04-17 08:03:40+00:00,2026-04-17 08:00,KXETHD-26APR1705-T2339.99,2026-04-17T09:00:00Z,2334.38,2339.99,0.2404,0.21,real,0.100749,1.2773,0.00049933,0.00034946,0.00039678,0.8808,0.18,0.00036839,1.0,-1.0,0.0,1.0,-1.0,-0.1729,2.0,0.0,0.6153,0.0,-4.22e-05,0.0,0.0,0.0,0.0,0.0,-0.0403,False,False,0.0,0.0,68.84,69.28,False,0.0,neutral,0.0,0.0,0.10361,0.081956,trade,no,False,False,40.0,56.3,,0.493383,0.05,50.0,1000.0,0.0,0.0,0.5125,-0.1378,0.1124,0.0853,False,,True,False,-50.0,2026-04-17 08:03:40+00:00,,,,,,,,,,,,,,,,,,,,,,,,,,,,,,,,,,,,,,,,,,,,,,,,,,,,,,,,,,,,,,,,,,,,,,,,,,,,,,,,,,,,,,,,,,,,,,,,,,,,,,,,,,0.4547828275852241,16,2026-W16,0.79,True
2026-04-17 08:35:27+00:00,2026-04-17 08:00,KXETHD-26APR1705-T2359.99,2026-04-17T09:00:00Z,2354.59,2359.99,0.2292,0.265,real,0.250021,0.6744,0.00065362,0.00086982,0.00073658,1.1809,0.05,0.00081652,1.0,-1.0,0.0,2.0,0.0,0.0744,2.0,0.0,0.6999,0.0,-1.429e-05,0.0,1.0,-1.0,-2.0,-2.0,0.7696,False,False,-1.0,-1.0,100.0,97.35,False,0.0,neutral,0.0,0.0,0.040546,0.013361,trade,no,False,False,41.0,24.5,,0.153005,0.05,50.0,1000.0,0.0,-7.0,0.467,0.8273,0.7065,0.5258,False,,False,True,18.03,2026-04-17 08:35:27+00:00,,,,,,,,,,,,,,,,,,,,,,,,,,,,,,,,,,,,,,,,,,,,,,,,,,,,,,,,,,,,,,,,,,,,,,,,,,,,,,,,,,,,,,,,,,,,,,,,,,,,,,,,,,0.4547828275852241,16,2026-W16,0.735,True
2026-04-17 09:04:06+00:00,2026-04-17 09:00,KXETHD-26APR1706-T2359.99,2026-04-17T10:00:00Z,2351.4,2359.99,0.3652,0.215,real,0.168215,0.9612,0.0008419,0.00070069,0.000618,1.1338,0.13,0.00066762,1.0,-1.0,0.0,3.0,-1.0,-0.147,2.0,0.0,0.7758,0.0,-3.632e-05,0.0,1.0,-1.0,-2.0,-2.0,0.7958,False,False,-1.0,-1.0,94.27,93.43,False,0.0,neutral,0.0,0.0,0.06677,0.042932,trade,no,False,False,41.0,55.85,,0.310558,0.05,50.0,1000.0,0.0,-7.0,0.467,0.2171,-0.0548,-0.0891,False,,False,True,13.69,2026-04-17 09:04:06+00:00,,,,,,,,,,,,,,,,,,,,,,,,,,,,,,,,,,,,,,,,,,,,,,,,,,,,,,,,,,,,,,,,,,,,,,,,,,,,,,,,,,,,,,,,,,,,,,,,,,,,,,,,,,0.46879735817808904,16,2026-W16,0.785,True
2026-04-17 10:11:00+00:00,2026-04-17 10:00,KXETHD-26APR1707-T2359.99,2026-04-17T11:00:00Z,2356.31,2359.99,0.1561,0.36,real,0.317651,0.4743,0.00114254,0.00051812,0.00062204,0.8329,0.08,0.00055969,1.0,0.0,1.0,1.0,-1.0,-0.1937,2.0,0.0,0.0,1.0,-6.52e-05,1.0,0.0,0.0,-1.0,-1.0,0.6487,False,False,-1.0,0.0,64.21,61.55,False,1.0,bullish,0.0,0.0,0.098209,0.069681,trade,no,False,False,41.0,48.95,,0.272802,0.05,50.0,1000.0,0.0,-3.0,0.4167,0.3296,0.0,0.0,False,,False,True,28.12,2026-04-17 10:11:00+00:00,,,,,,,,,,,,,,,,,,,,,,,,,,,,,,,,,,,,,,,,,,,,,,,,,,,,,,,,,,,,,,,,,,,,,,,,,,,,,,,,,,,,,,,,,,,,,,,,,,,,,,,,,,0.505295674488898,16,2026-W16,0.64,False
2026-04-17 10:46:58+00:00,2026-04-17 10:00,KXETHD-26APR1707-T2339.99,2026-04-17T11:00:00Z,2340.15,2339.99,-0.0069,0.485,real,0.510586,-0.0265,0.00081748,0.00078286,,,0.03,0.00078286,1.0,0.0,1.0,1.0,-1.0,-0.1683,2.0,-1.0,0.9023,1.0,-7.428e-05,1.0,0.0,0.0,0.0,0.0,-0.0092,False,False,1.0,0.0,27.41,27.06,False,0.0,bullish,0.0,0.0,0.053076,0.020592,trade,yes,False,False,41.0,13.0,,0.103061,0.05,50.0,1000.0,0.0,0.0,0.5125,-0.4503,0.0,0.0,False,,True,True,53.09,2026-04-17 10:46:58+00:00,,,,,,,,,,,,,,,,,,,,,,,,,,,,,,,,,,,,,,,,,,,,,,,,,,,,,,,,,,,,,,,,,,,,,,,,,,,,,,,,,,,,,,,,,,,,,,,,,,,,,,,,,,0.505295674488898,16,2026-W16,0.485,True
2026-04-17 11:01:47+00:00,2026-04-17 11:00,KXETHD-26APR1708-T2359.99,2026-04-17T12:00:00Z,2344.91,2359.99,0.6431,0.17,real,0.035819,1.8014,0.00075229,0.00043594,0.00088086,0.4949,0.2,0.00061391,1.0,0.0,1.0,1.0,-1.0,-0.1711,2.0,-1.0,0.8993,1.0,-7.368e-05,-1.0,0.0,0.0,0.0,0.0,-0.0583,False,False,1.0,0.0,24.84,25.7,False,0.0,bullish,0.0,0.0,0.116643,0.098107,trade,no,False,False,41.0,58.17,,0.686134,0.05,50.0,1000.0,0.0,0.0,0.5125,0.2006,0.0,0.0,False,,False,True,10.24,2026-04-17 11:01:47+00:00,,,,,,,,,,,,,,,,,,,,,,,,,,,,,,,,,,,,,,,,,,,,,,,,,,,,,,,,,,,,,,,,,,,,,,,,,,,,,,,,,,,,,,,,,,,,,,,,,,,,,,,,,,0.4635380961451582,16,2026-W16,0.83,True
2026-04-17 11:02:50+00:00,2026-04-17 11:00,KXETHD-26APR1708-T2339.99,2026-04-17T12:00:00Z,2345.92,2339.99,-0.2529,0.67,real,0.784376,-0.7871,0.00075229,0.00042589,0.00076179,0.5591,0.2,0.00056025,1.0,0.0,1.0,1.0,-1.0,-0.1962,2.0,0.0,0.9031,1.0,-7.368e-05,-1.0,0.0,0.0,0.0,0.0,-0.0583,False,False,1.0,0.0,24.84,25.7,False,0.0,bullish,0.0,0.0,0.138434,0.107957,trade,yes,False,False,41.0,57.11,,0.419498,0.05,50.0,1000.0,0.0,0.0,0.5125,0.0996,0.0,0.0,False,,True,True,24.63,2026-04-17 11:02:50+00:00,,,,,,,,,,,,,,,,,,,,,,,,,,,,,,,,,,,,,,,,,,,,,,,,,,,,,,,,,,,,,,,,,,,,,,,,,,,,,,,,,,,,,,,,,,,,,,,,,,,,,,,,,,0.4635380961451582,16,2026-W16,0.67,False
2026-04-17 12:00:01+00:00,2026-04-17 11:00,KXETHD-26APR1709-T2359.99,2026-04-17T13:00:00Z,2355.72,2359.99,0.1811,0.39,real,0.333698,0.4297,0.00038909,0.00028151,0.00083681,0.3364,0.04,0.00050363,1.0,-1.0,0.0,0.0,0.0,-0.0887,2.0,0.0,0.7072,0.0,-3.707e-05,-1.0,0.0,0.0,0.0,0.0,0.3363,False,False,-1.0,0.0,41.75,42.08,False,1.0,bullish,0.0,0.0,0.044827,0.014005,trade,no,False,False,42.0,59.92,,0.114942,0.05,50.0,1000.0,0.0,0.0,0.5125,0.0042,-0.0008,-0.0174,False,,True,False,-50.0,2026-04-17 12:00:01+00:00,,,,,,,,,,,,,,,,,,,,,,,,,,,,,,,,,,,,,,,,,,,,,,,,,,,,,,,,,,,,,,,,,,,,,,,,,,,,,,,,,,,,,,,,,,,,,,,,,,,,,,,,,,0.4644643053448157,16,2026-W16,0.61,True
2026-04-17 13:03:33+00:00,2026-04-17 13:00,KXETHD-26APR1710-T2359.99,2026-04-17T14:00:00Z,2370.07,2359.99,-0.4252,0.635,real,0.664759,-0.4255,0.0012648,0.00131984,0.00164411,0.8028,0.05,0.00144955,1.0,-1.0,0.0,0.0,0.0,-0.0139,2.0,0.0,0.6408,0.0,-4.863e-05,1.0,0.0,0.0,-1.0,-1.0,0.7127,False,False,-1.0,0.0,70.06,66.01,False,1.0,bullish,0.0,0.0,0.069719,0.038495,trade,yes,False,False,44.0,56.39,,0.19101,0.05,50.0,1000.0,3.0,-4.0,0.5448,0.2019,-0.4624,-0.3338,False,,True,True,28.74,2026-04-17 13:03:33+00:00,,,,,,,,,,,,,,,,,,,,,,,,,,,,,,,,,,,,,,,,,,,,,,,,,,,,,,,,,,,,,,,,,,,,,,,,,,,,,,,,,,,,,,,,,,,,,,,,,,,,,,,,,,0.46537155111448925,16,2026-W16,0.635,False
2026-04-17 13:24:48+00:00,2026-04-17 13:00,KXETHD-26APR1710-T2419.99,2026-04-17T14:00:00Z,2426.44,2419.99,-0.2657,0.59,real,0.588892,-0.2247,0.00158238,0.00136941,0.00197191,0.6945,0.04,0.00161041,1.0,0.0,1.0,2.0,0.0,-0.0035,2.0,0.0,0.1569,1.0,-5.08e-05,1.0,1.0,-1.0,-2.0,-2.0,2.4049,False,False,-1.0,-1.0,97.97,90.49,False,1.0,bullish,0.0,0.0,0.060068,0.028135,trade,yes,False,False,47.0,35.15,,0.146507,0.05,50.0,1000.0,4.0,-15.0,0.47,2.0536,0.846,0.5499,True,,True,True,34.75,2026-04-17 13:24:48+00:00,,,,,,,,,,,,,,,,,,,,,,,,,,,,,,,,,,,,,,,,,,,,,,,,,,,,,,,,,,,,,,,,,,,,,,,,,,,,,,,,,,,,,,,,,,,,,,,,,,,,,,,,,,0.46537155111448925,16,2026-W16,0.59,False
2026-04-17 13:33:17+00:00,2026-04-17 13:00,KXETHD-26APR1710-T2379.99,2026-04-17T14:00:00Z,2398.11,2379.99,-0.7557,0.735,real,0.717597,-0.5757,0.00172009,0.00210642,0.0023389,0.9006,0.01,0.00219941,1.0,0.0,1.0,1.0,-1.0,-0.2363,2.0,-1.0,0.8124,1.0,-5.195e-05,1.0,0.0,0.0,-1.0,-1.0,0.953,False,False,-1.0,0.0,67.09,78.03,True,1.0,bullish,0.0,0.0,0.04208,0.013446,trade,yes,False,False,46.0,26.67,,0.158794,0.05,50.0,1000.0,3.0,-4.0,0.5448,1.2331,-1.2039,-0.0342,True,,True,True,18.03,2026-04-17 13:33:17+00:00,,,,,,,,,,,,,,,,,,,,,,,,,,,,,,,,,,,,,,,,,,,,,,,,,,,,,,,,,,,,,,,,,,,,,,,,,,,,,,,,,,,,,,,,,,,,,,,,,,,,,,,,,,0.46537155111448925,16,2026-W16,0.735,False
2026-04-17 14:03:09+00:00,2026-04-17 14:00,KXETHD-26APR1711-T2439.99,2026-04-17T15:00:00Z,2440.1,2439.99,-0.0045,0.475,real,0.501285,-0.0032,0.00189089,0.00183565,,,0.03,0.00183565,1.0,-1.0,0.0,2.0,0.0,-0.0386,2.0,-1.0,0.8674,0.0,-4.841e-05,1.0,1.0,-1.0,-2.0,-2.0,2.2687,False,False,-1.0,-1.0,91.74,91.96,True,1.0,bullish,0.0,0.0,0.074276,0.041819,trade,yes,False,False,48.0,56.81,,0.141477,0.05,50.0,1000.0,6.0,-12.0,0.47,1.8029,0.0287,0.2074,True,,True,True,55.26,2026-04-17 14:03:09+00:00,,,,,,,,,,,,,,,,,,,,,,,,,,,,,,,,,,,,,,,,,,,,,,,,,,,,,,,,,,,,,,,,,,,,,,,,,,,,,,,,,,,,,,,,,,,,,,,,,,,,,,,,,,0.48287738560767346,16,2026-W16,0.475,False
2026-04-17 14:09:31+00:00,2026-04-17 14:00,KXETHD-26APR1711-T2419.99,2026-04-17T15:00:00Z,2435.29,2419.99,-0.6283,0.705,real,0.709486,-0.5519,0.00180338,0.0015821,0.00164699,0.9606,0.05,0.00160805,1.0,-1.0,0.0,3.0,-1.0,-0.1007,2.0,-1.0,0.8429,0.0,-4.866e-05,1.0,1.0,-1.0,-2.0,-2.0,1.9707,False,False,-1.0,-1.0,86.08,90.08,True,1.0,bullish,0.0,0.0,0.044365,0.014807,trade,yes,False,False,48.0,50.44,,0.150389,0.05,50.0,1000.0,6.0,-10.0,0.47,1.0519,-0.0411,-0.3007,True,,True,True,20.92,2026-04-17 14:09:31+00:00,,,,,,,,,,,,,,,,,,,,,,,,,,,,,,,,,,,,,,,,,,,,,,,,,,,,,,,,,,,,,,,,,,,,,,,,,,,,,,,,,,,,,,,,,,,,,,,,,,,,,,,,,,0.48287738560767346,16,2026-W16,0.705,False
2026-04-17 15:42:57+00:00,2026-04-17 15:00,KXETHD-26APR1712-T2439.99,2026-04-17T16:00:00Z,2440.79,2439.99,-0.0327,0.47,real,0.528394,-0.0712,0.00132244,0.00103161,,,0.02,0.00103161,1.0,0.0,1.0,3.0,-1.0,-0.1108,2.0,0.0,0.6357,1.0,-5.271e-05,1.0,1.0,-1.0,-2.0,-2.0,1.5762,False,False,0.0,-1.0,83.03,88.08,True,1.0,bullish,0.0,0.0,0.04339,0.010953,trade,yes,False,False,47.0,17.01,,0.081868,0.040934,40.93,1000.0,6.0,-9.0,0.47,-0.414,-0.2209,-0.39,False,,True,True,46.16,2026-04-17 15:42:57+00:00,,,,,,,,,,,,,,,,,,,,,,,,,,,,,,,,,,,,,,,,,,,,,,,,,,,,,,,,,,,,,,,,,,,,,,,,,,,,,,,,,,,,,,,,,,,,,,,,,,,,,,,,,,0.5189689453099049,16,2026-W16,0.47,True
2026-04-17 16:03:07+00:00,2026-04-17 16:00,KXETHD-26APR1713-T2459.99,2026-04-17T17:00:00Z,2447.07,2459.99,0.5278,0.24,real,0.206292,0.8194,0.00088628,0.00076131,0.00098867,0.77,0.02,0.00085225,1.0,0.0,1.0,3.0,-1.0,-0.1889,2.0,0.0,0.4705,1.0,-5.2e-05,-1.0,1.0,-1.0,-2.0,-2.0,1.8049,False,False,-1.0,-1.0,88.77,86.01,False,1.0,bullish,0.0,0.0,0.039507,0.013286,trade,no,False,False,47.0,56.83,,0.164611,0.05,50.0,1000.0,5.0,-10.0,0.47,0.0405,0.1799,0.1314,False,,False,True,15.79,2026-04-17 16:03:07+00:00,,,,,,,,,,,,,,,,,,,,,,,,,,,,,,,,,,,,,,,,,,,,,,,,,,,,,,,,,,,,,,,,,,,,,,,,,,,,,,,,,,,,,,,,,,,,,,,,,,,,,,,,,,0.4803912407697159,16,2026-W16,0.76,True
2026-04-17 17:04:39+00:00,2026-04-17 17:00,KXETHD-26APR1714-T2459.99,2026-04-17T18:00:00Z,2452.7,2459.99,0.2974,0.325,real,0.280174,0.5823,0.00087966,0.00055619,0.00088,0.632,0.03,0.00068572,1.0,0.0,1.0,2.0,-1.0,-0.1337,2.0,0.0,0.5945,1.0,-8.463e-05,1.0,1.0,-1.0,-2.0,-2.0,1.7672,False,False,0.0,0.0,74.67,84.95,True,1.0,bullish,0.0,0.0,0.054601,0.025791,trade,no,False,False,47.0,55.3,,0.168002,0.05,50.0,1000.0,5.0,-8.0,0.47,-0.2097,-0.0412,0.011,False,,False,True,24.07,2026-04-17 17:04:39+00:00,,,,,,,,,,,,,,,,,,,,,,,,,,,,,,,,,,,,,,,,,,,,,,,,,,,,,,,,,,,,,,,,,,,,,,,,,,,,,,,,,,,,,,,,,,,,,,,,,,,,,,,,,,0.5132395701537437,16,2026-W16,0.675,False
2026-04-17 17:07:51+00:00,2026-04-17 17:00,KXETHD-26APR1714-T2439.99,2026-04-17T18:00:00Z,2448.7,2439.99,-0.3556,0.73,real,0.780884,-0.7752,0.00087762,0.00052424,0.0008054,0.6509,0.04,0.0006367,1.0,0.0,1.0,1.0,0.0,-0.0581,2.0,0.0,0.5828,1.0,-8.463e-05,1.0,1.0,-1.0,-2.0,-2.0,1.6288,False,False,0.0,0.0,68.59,82.93,True,1.0,bullish,0.0,0.0,0.047692,0.018895,trade,yes,False,False,47.0,52.11,,0.176636,0.05,50.0,1000.0,5.0,-7.0,0.476,-0.6507,-0.1738,-0.06,False,,True,True,18.49,2026-04-17 17:07:51+00:00,,,,,,,,,,,,,,,,,,,,,,,,,,,,,,,,,,,,,,,,,,,,,,,,,,,,,,,,,,,,,,,,,,,,,,,,,,,,,,,,,,,,,,,,,,,,,,,,,,,,,,,,,,0.5132395701537437,16,2026-W16,0.73,True
2026-04-17 17:25:55+00:00,2026-04-17 17:00,KXETHD-26APR1714-T2419.99,2026-04-17T18:00:00Z,2428.95,2419.99,-0.369,0.715,real,0.658861,-0.4094,0.00124386,0.00164527,0.00111559,1.4748,0.03,0.0014334,1.0,1.0,2.0,0.0,0.0,-0.0531,2.0,0.0,0.5763,1.0,-7.328e-05,1.0,0.0,0.0,0.0,0.0,0.7679,False,False,1.0,1.0,7.97,45.16,False,0.0,bullish,0.0,0.0,0.158476,0.129212,trade,yes,False,False,46.0,34.04,,0.556056,0.05,50.0,1000.0,3.0,1.0,0.7467,-0.9871,-0.3248,-0.5962,False,,True,True,19.93,2026-04-17 17:25:55+00:00,,,,,,,,,,,,,,,,,,,,,,,,,,,,,,,,,,,,,,,,,,,,,,,,,,,,,,,,,,,,,,,,,,,,,,,,,,,,,,,,,,,,,,,,,,,,,,,,,,,,,,,,,,0.5132395701537437,16,2026-W16,0.715,True
2026-04-17 18:02:02+00:00,2026-04-17 18:00,KXETHD-26APR1715-T2439.99,2026-04-17T19:00:00Z,2439.41,2439.99,0.0238,0.475,real,0.480518,0.0489,0.00126801,0.00073529,0.00049933,1.4726,0.03,0.00064091,1.0,0.0,1.0,1.0,-1.0,-0.115,2.0,0.0,0.7025,1.0,-6.408e-05,-1.0,0.0,0.0,-1.0,-1.0,1.1486,False,False,1.0,0.0,34.7,33.71,False,0.0,bullish,0.0,0.0,0.106265,0.073809,trade,yes,False,False,46.0,57.9,,0.202409,0.05,50.0,1000.0,5.0,-3.0,0.5854,0.1195,-0.1413,-0.1413,False,,False,False,-50.0,2026-04-17 18:02:02+00:00,,,,,,,,,,,,,,,,,,,,,,,,,,,,,,,,,,,,,,,,,,,,,,,,,,,,,,,,,,,,,,,,,,,,,,,,,,,,,,,,,,,,,,,,,,,,,,,,,,,,,,,,,,0.6264425544637495,16,2026-W16,0.475,True
2026-04-17 18:07:22+00:00,2026-04-17 18:00,KXETHD-26APR1715-T2419.99,2026-04-17T19:00:00Z,2430.18,2419.99,-0.4193,0.765,real,0.796913,-0.8306,0.00127061,0.00062801,0.00080209,0.783,0.03,0.00069764,1.0,1.0,2.0,1.0,-1.0,-0.2644,2.0,0.0,0.7629,1.0,-6.364e-05,-1.0,0.0,0.0,-1.0,-1.0,0.8215,False,False,1.0,1.0,15.41,27.28,False,0.0,bullish,0.0,0.0,0.138873,0.111289,trade,yes,False,False,46.0,52.56,,0.590951,0.05,50.0,1000.0,5.0,0.0,0.6517,-0.1574,-0.4617,-0.2668,False,,True,True,15.36,2026-04-17 18:07:22+00:00,,,,,,,,,,,,,,,,,,,,,,,,,,,,,,,,,,,,,,,,,,,,,,,,,,,,,,,,,,,,,,,,,,,,,,,,,,,,,,,,,,,,,,,,,,,,,,,,,,,,,,,,,,0.6264425544637495,16,2026-W16,0.765,True
2026-04-17 19:00:35+00:00,2026-04-17 19:00,KXETHD-26APR1717-T2429.99,2026-04-17T21:00:00Z,2422.06,2429.99,0.3273,0.355,real,0.351901,0.3802,0.00084807,0.00088879,0.0008042,1.1052,0.05,0.00085496,1.0,0.0,1.0,1.0,-1.0,-0.2301,2.0,0.0,0.5148,0.0,-3.343e-05,0.0,0.0,0.0,0.0,0.0,0.3662,False,False,1.0,1.0,6.9,11.04,False,0.0,bullish,0.0,0.0,0.168041,0.137013,trade,yes,False,False,79.0,119.36,,0.260528,0.05,50.0,1000.0,3.0,4.0,0.6693,-0.0888,-0.3907,-0.0562,False,,False,False,-50.0,2026-04-17 19:00:35+00:00,,,,,,,,,,,,,,,,,,,,,,,,,,,,,,,,,,,,,,,,,,,,,,,,,,,,,,,,,,,,,,,,,,,,,,,,,,,,,,,,,,,,,,,,,,,,,,,,,,,,,,,,,,0.48629306616244294,16,2026-W16,0.355,False
2026-04-17 19:01:39+00:00,2026-04-17 19:00,KXETHD-26APR1716-T2439.99,2026-04-17T20:00:00Z,2423.81,2439.99,0.6674,0.135,real,0.1407,1.0772,0.00086272,0.00093856,0.00078973,1.1885,0.03,0.00087903,1.0,1.0,2.0,0.0,1.0,0.1176,2.0,0.0,0.5109,0.0,-3.343e-05,0.0,0.0,0.0,0.0,0.0,0.497,False,False,1.0,1.0,13.47,13.23,True,0.0,bullish,0.0,0.0,0.214543,0.191369,trade,yes,False,False,79.0,58.3,,0.248027,0.05,50.0,1000.0,3.0,2.0,0.7551,0.0417,0.0756,0.057,False,,False,False,-50.0,2026-04-17 19:01:39+00:00,,,,,,,,,,,,,,,,,,,,,,,,,,,,,,,,,,,,,,,,,,,,,,,,,,,,,,,,,,,,,,,,,,,,,,,,,,,,,,,,,,,,,,,,,,,,,,,,,,,,,,,,,,0.48629306616244294,16,2026-W16,0.135,False
2026-04-17 19:08:02+00:00,2026-04-17 19:00,KXETHD-26APR1716-T2419.99,2026-04-17T20:00:00Z,2421.3,2419.99,-0.0542,0.565,real,0.547344,-0.119,0.00090767,0.00083861,0.00045933,1.8257,0.01,0.0006869,1.0,0.0,1.0,0.0,0.0,-0.0002,2.0,0.0,0.5019,0.0,-3.309e-05,0.0,0.0,0.0,0.0,0.0,0.4396,False,False,1.0,1.0,10.62,12.28,False,0.0,bullish,0.0,0.0,0.22591,0.193705,trade,yes,False,False,79.0,51.93,,0.519332,0.05,50.0,1000.0,3.0,2.0,0.7551,-0.1723,0.074,-0.1196,False,,True,True,38.5,2026-04-17 19:08:02+00:00,,,,,,,,,,,,,,,,,,,,,,,,,,,,,,,,,,,,,,,,,,,,,,,,,,,,,,,,,,,,,,,,,,,,,,,,,,,,,,,,,,,,,,,,,,,,,,,,,,,,,,,,,,0.48629306616244294,16,2026-W16,0.565,False
2026-04-17 21:00:27+00:00,2026-04-17 21:00,KXETHD-26APR1718-T2419.99,2026-04-17T22:00:00Z,2427.99,2419.99,-0.3294,0.795,real,0.839264,-0.9914,0.00071058,0.00050994,0.0005192,0.9822,0.05,0.00051364,1.0,-1.0,0.0,1.0,-1.0,-0.1121,2.0,0.0,0.4953,0.0,-1.613e-05,0.0,0.0,0.0,0.0,0.0,0.5657,False,False,0.0,0.0,35.49,28.77,True,0.0,bullish,0.0,0.0,0.131228,0.104819,trade,yes,False,False,7.0,59.51,,0.640134,0.05,50.0,1000.0,3.0,-1.0,0.6761,0.1399,0.1379,-0.0066,False,,True,True,12.89,2026-04-17 21:00:27+00:00,,,,,,,,,,,,,,,,,,,,,,,,,,,,,,,,,,,,,,,,,,,,,,,,,,,,,,,,,,,,,,,,,,,,,,,,,,,,,,,,,,,,,,,,,,,,,,,,,,,,,,,,,,0.5150417238216022,16,2026-W16,0.795,True
2026-04-17 21:05:45+00:00,2026-04-17 21:00,KXETHD-26APR1718-T2439.99,2026-04-17T22:00:00Z,2431.23,2439.99,0.3602,0.14,real,0.142134,1.0708,0.00072924,0.00060347,0.00045199,1.3351,0.2,0.00054288,1.0,-1.0,0.0,0.0,0.0,-0.0193,2.0,0.0,0.4867,0.0,-1.582e-05,0.0,0.0,0.0,0.0,0.0,0.706,False,False,-1.0,0.0,48.13,32.98,True,1.0,bullish,0.0,0.0,0.129621,0.106193,trade,yes,False,False,45.0,54.21,,0.150722,0.05,50.0,1000.0,5.0,-1.0,0.6761,0.4959,0.1422,0.1488,False,,False,False,-50.0,2026-04-17 21:05:45+00:00,,,,,,,,,,,,,,,,,,,,,,,,,,,,,,,,,,,,,,,,,,,,,,,,,,,,,,,,,,,,,,,,,,,,,,,,,,,,,,,,,,,,,,,,,,,,,,,,,,,,,,,,,,0.5150417238216022,16,2026-W16,0.14,True
2026-04-17 22:01:57+00:00,2026-04-17 22:00,KXETHD-26APR1719-T2419.99,2026-04-17T23:00:00Z,2429.48,2419.99,-0.3908,0.845,real,0.901087,-1.2878,0.00063566,0.0004545,0.00050639,0.8975,0.01,0.00047526,1.0,-1.0,0.0,1.0,-1.0,-0.2233,2.0,-1.0,0.9637,0.0,-5.26e-06,0.0,0.0,0.0,0.0,0.0,0.6209,False,False,0.0,0.0,61.96,58.69,False,1.0,bullish,0.0,0.0,0.114472,0.090304,trade,yes,False,False,45.0,58.0,,0.738528,0.05,50.0,1000.0,5.0,-1.0,0.6761,0.1026,0.0391,-0.0383,False,,True,True,9.17,2026-04-17 22:01:57+00:00,,,,,,,,,,,,,,,,,,,,,,,,,,,,,,,,,,,,,,,,,,,,,,,,,,,,,,,,,,,,,,,,,,,,,,,,,,,,,,,,,,,,,,,,,,,,,,,,,,,,,,,,,,0.47673601933674903,16,2026-W16,0.845,False
2026-04-17 22:07:16+00:00,2026-04-17 22:00,KXETHD-26APR1719-T2439.99,2026-04-17T23:00:00Z,2431.5,2439.99,0.3493,0.165,real,0.11703,1.19,0.00058703,0.00047227,0.00049321,0.9576,0.15,0.00048065,1.0,-1.0,0.0,0.0,0.0,0.0552,2.0,-1.0,0.9091,0.0,-4.4e-06,0.0,0.0,0.0,0.0,0.0,0.7061,False,False,-1.0,0.0,74.3,62.8,False,1.0,bullish,0.0,0.0,0.066734,0.04209,trade,yes,False,False,45.0,52.68,,0.079921,0.039961,39.96,1000.0,5.0,-1.0,0.6761,0.1326,0.0527,0.0774,False,,False,False,-39.96,2026-04-17 22:07:16+00:00,,,,,,,,,,,,,,,,,,,,,,,,,,,,,,,,,,,,,,,,,,,,,,,,,,,,,,,,,,,,,,,,,,,,,,,,,,,,,,,,,,,,,,,,,,,,,,,,,,,,,,,,,,0.47673601933674903,16,2026-W16,0.165,False
2026-04-17 23:00:33+00:00,2026-04-17 23:00,KXETHD-26APR1720-T2439.99,2026-04-18T00:00:00Z,2433.17,2439.99,0.2804,0.17,real,0.231887,0.7326,0.00071687,0.0007302,0.00038084,1.9174,0.14,0.00059046,1.0,-1.0,0.0,1.0,0.0,0.0414,2.0,1.0,0.8767,0.0,-8.29e-06,0.0,0.0,0.0,-1.0,-1.0,0.7077,False,False,0.0,-1.0,60.17,76.25,True,1.0,bullish,0.0,0.0,0.22134,0.196463,trade,yes,False,False,42.0,59.4,,0.266675,0.05,50.0,1000.0,5.0,-1.0,0.6761,0.0,-0.1269,-0.215,False,,False,False,-50.0,2026-04-17 23:00:33+00:00,,,,,,,,,,,,,,,,,,,,,,,,,,,,,,,,,,,,,,,,,,,,,,,,,,,,,,,,,,,,,,,,,,,,,,,,,,,,,,,,,,,,,,,,,,,,,,,,,,,,,,,,,,0.553004123253664,16,2026-W16,0.17,True
2026-04-17 23:05:52+00:00,2026-04-17 23:00,KXETHD-26APR1720-T2419.99,2026-04-18T00:00:00Z,2433.38,2419.99,-0.5502,0.84,real,0.892997,-1.2426,0.00072826,0.00069492,0.00075436,0.9212,0.2,0.0007187,1.0,-1.0,0.0,2.0,-1.0,-0.15,2.0,0.0,0.8098,0.0,-9.24e-06,0.0,0.0,0.0,-1.0,-1.0,0.6801,False,False,0.0,-1.0,57.55,75.38,True,0.0,bullish,0.0,0.0,0.115382,0.090974,trade,yes,False,False,46.0,54.09,,0.721141,0.05,50.0,1000.0,5.0,-1.0,0.6761,-0.4197,-0.2412,-0.0045,False,,True,True,9.52,2026-04-17 23:05:52+00:00,,,,,,,,,,,,,,,,,,,,,,,,,,,,,,,,,,,,,,,,,,,,,,,,,,,,,,,,,,,,,,,,,,,,,,,,,,,,,,,,,,,,,,,,,,,,,,,,,,,,,,,,,,0.553004123253664,16,2026-W16,0.84,True
2026-04-18 00:01:02+00:00,2026-04-18 00:00,KXETHD-26APR1721-T2399.99,2026-04-18T01:00:00Z,2421.01,2399.99,-0.8684,0.84,real,0.980417,-2.0624,0.00063681,0.00044645,0.0011426,0.3907,0.02,0.00072491,1.0,0.0,1.0,1.0,-1.0,-0.1107,2.0,0.0,0.6994,0.0,-8.53e-06,-1.0,0.0,0.0,0.0,0.0,,False,False,1.0,1.0,6.09,14.11,False,0.0,bullish,0.0,0.0,0.13,0.105592,trade,yes,False,False,45.0,58.92,,0.8125,0.05,50.0,1000.0,2.0,4.0,0.5562,-0.1359,-0.1206,-0.1507,False,,True,True,9.52,2026-04-18 00:01:02+00:00,,,,,,,,,,,,,,,,,,,,,,,,,,,,,,,,,,,,,,,,,,,,,,,,,,,,,,,,,,,,,,,,,,,,,,,,,,,,,,,,,,,,,,,,,,,,,,,,,,,,,,,,,,0.5235676922145521,16,2026-W16,0.84,True
2026-04-18 00:06:20+00:00,2026-04-18 00:00,KXETHD-26APR1721-T2419.99,2026-04-18T01:00:00Z,2421.56,2419.99,-0.0648,0.63,real,0.588299,-0.2232,0.00071374,0.00069188,0.0002667,2.5943,0.24,0.00052181,1.0,0.0,1.0,0.0,0.0,0.0277,2.0,0.0,0.6997,0.0,2.321e-05,-1.0,0.0,0.0,0.0,0.0,,False,False,1.0,1.0,18.39,18.21,True,0.0,bullish,0.0,0.0,0.199247,0.16793,trade,yes,False,False,45.0,53.61,,0.538506,0.05,50.0,1000.0,2.0,2.0,0.7667,0.0302,-0.019,-0.0854,False,,True,True,29.37,2026-04-18 00:06:20+00:00,,,,,,,,,,,,,,,,,,,,,,,,,,,,,,,,,,,,,,,,,,,,,,,,,,,,,,,,,,,,,,,,,,,,,,,,,,,,,,,,,,,,,,,,,,,,,,,,,,,,,,,,,,0.5235676922145521,16,2026-W16,0.63,True
2026-04-18 01:00:28+00:00,2026-04-18 01:00,KXETHD-26APR1722-T2419.99,2026-04-18T02:00:00Z,2420.62,2419.99,-0.0259,0.545,real,0.53008,-0.0755,0.00087744,0.00077709,0.00029683,2.618,0.07,0.00058498,0.0,-1.0,0.0,0.0,0.0,0.061,2.0,0.0,0.5163,0.0,2.891e-05,1.0,0.0,0.0,-1.0,-1.0,0.2165,False,False,0.0,0.0,36.53,28.95,True,0.0,bullish,0.0,0.0,0.134656,0.102298,trade,yes,False,False,43.0,59.47,,0.295947,0.05,50.0,1000.0,2.0,0.0,0.6522,-0.0264,0.1029,-0.0442,False,,True,True,41.74,2026-04-18 01:00:28+00:00,,,,,,,,,,,,,,,,,,,,,,,,,,,,,,,,,,,,,,,,,,,,,,,,,,,,,,,,,,,,,,,,,,,,,,,,,,,,,,,,,,,,,,,,,,,,,,,,,,,,,,,,,,0.5391956923673346,16,2026-W16,0.545,True
2026-04-18 02:00:55+00:00,2026-04-18 02:00,KXETHD-26APR1723-T2419.99,2026-04-18T03:00:00Z,2421.32,2419.99,-0.055,0.61,real,0.601018,-0.256,0.00044033,0.00044234,0.00025625,1.7262,0.24,0.00036791,0.0,-1.0,0.0,0.0,0.0,-0.0777,2.0,0.0,0.3386,0.0,3.505e-05,0.0,0.0,0.0,0.0,0.0,0.0631,False,False,1.0,0.0,31.36,30.5,False,0.0,bullish,0.0,0.0,0.131265,0.099612,trade,yes,False,False,45.0,59.04,,0.336577,0.05,50.0,1000.0,2.0,0.0,0.6522,-0.2433,-0.0281,-0.0141,False,,True,True,31.97,2026-04-18 02:00:55+00:00,,,,,,,,,,,,,,,,,,,,,,,,,,,,,,,,,,,,,,,,,,,,,,,,,,,,,,,,,,,,,,,,,,,,,,,,,,,,,,,,,,,,,,,,,,,,,,,,,,,,,,,,,,0.5289554256516378,16,2026-W16,0.61,True
2026-04-18 03:01:23+00:00,2026-04-18 03:00,KXETHD-26APR1800-T2419.99,2026-04-18T04:00:00Z,2418.39,2419.99,0.0663,0.415,real,0.39207,0.2739,0.00037069,0.0004245,0.00040346,1.0522,0.23,0.00041609,-1.0,-1.0,0.0,0.0,0.0,-0.0383,2.0,0.0,0.3536,0.0,4.411e-05,0.0,0.0,0.0,0.0,0.0,-0.0211,False,False,1.0,0.0,42.42,54.49,False,-1.0,bullish,0.0,0.0,0.260119,0.228125,trade,yes,False,False,44.0,58.57,,0.444649,0.05,50.0,1000.0,2.0,2.0,0.7667,-0.2163,-0.0748,-0.1112,False,,False,False,-50.0,2026-04-18 03:01:23+00:00,,,,,,,,,,,,,,,,,,,,,,,,,,,,,,,,,,,,,,,,,,,,,,,,,,,,,,,,,,,,,,,,,,,,,,,,,,,,,,,,,,,,,,,,,,,,,,,,,,,,,,,,,,0.6003860389561704,16,2026-W16,0.415,True
2026-04-18 04:01:56+00:00,2026-04-18 04:00,KXETHD-26APR1801-T2409.99,2026-04-18T05:00:00Z,2405.18,2409.99,0.2,0.325,real,0.359351,0.3602,0.00066397,0.00105983,0.00057824,1.8329,0.25,0.00086719,0.0,1.0,2.0,2.0,-1.0,-0.2781,2.0,0.0,0.793,-1.0,6.673e-05,0.0,-1.0,1.0,2.0,2.0,-0.5408,False,False,1.0,1.0,0.39,13.62,False,-1.0,neutral,0.0,0.0,0.074171,0.043815,trade,yes,False,False,42.0,58.01,,0.109884,0.05,50.0,1000.0,0.0,10.0,0.557,-0.5799,-0.7102,0.0042,False,,False,False,-50.0,2026-04-18 04:01:56+00:00,,,,,,,,,,,,,,,,,,,,,,,,,,,,,,,,,,,,,,,,,,,,,,,,,,,,,,,,,,,,,,,,,,,,,,,,,,,,,,,,,,,,,,,,,,,,,,,,,,,,,,,,,,0.5699993693865947,16,2026-W16,0.325,True
2026-04-18 04:07:15+00:00,2026-04-18 04:00,KXETHD-26APR1801-T2429.99,2026-04-18T05:00:00Z,2409.45,2429.99,0.8525,0.055,real,0.080108,1.4043,0.00073468,0.0011644,0.00073171,1.5913,0.09,0.00099132,0.0,0.0,1.0,1.0,0.0,-0.0542,2.0,0.0,0.7443,-1.0,6.744e-05,0.0,0.0,0.0,1.0,1.0,-0.2375,False,False,1.0,1.0,29.01,23.16,True,-1.0,neutral,0.0,0.0,0.107151,0.088513,trade,yes,False,False,42.0,52.7,,0.113387,0.05,50.0,1000.0,1.0,3.0,0.6837,-0.305,0.2105,0.0789,False,,False,False,-50.0,2026-04-18 04:07:15+00:00,,,,,,,,,,,,,,,,,,,,,,,,,,,,,,,,,,,,,,,,,,,,,,,,,,,,,,,,,,,,,,,,,,,,,,,,,,,,,,,,,,,,,,,,,,,,,,,,,,,,,,,,,,0.5699993693865947,16,2026-W16,0.055,True
2026-04-18 05:00:23+00:00,2026-04-18 05:00,KXETHD-26APR1802-T2409.99,2026-04-18T06:00:00Z,2408.81,2409.99,0.049,0.405,real,0.41124,0.2244,0.00048295,0.00038563,0.0002642,1.4596,0.07,0.00033706,0.0,-1.0,0.0,1.0,0.0,0.0575,2.0,0.0,0.7954,-1.0,7.606e-05,0.0,0.0,0.0,1.0,1.0,-0.2757,False,False,0.0,0.0,28.42,27.46,True,-1.0,neutral,0.0,0.0,0.269197,0.237329,trade,yes,False,False,35.0,59.57,,0.452432,0.05,50.0,1000.0,1.0,2.0,0.7636,0.2394,-0.0046,-0.0419,False,,False,False,-50.0,2026-04-18 05:00:23+00:00,,,,,,,,,,,,,,,,,,,,,,,,,,,,,,,,,,,,,,,,,,,,,,,,,,,,,,,,,,,,,,,,,,,,,,,,,,,,,,,,,,,,,,,,,,,,,,,,,,,,,,,,,,0.5865064410726107,16,2026-W16,0.405,True
2026-04-18 06:00:49+00:00,2026-04-18 06:00,KXETHD-26APR1803-T2409.99,2026-04-18T07:00:00Z,2409.75,2409.99,0.01,0.46,real,0.460475,0.0992,0.00030446,0.00017387,0.00012962,1.3414,0.08,0.00015617,0.0,-1.0,0.0,2.0,-1.0,-0.1093,2.0,0.0,0.7634,-1.0,7.566e-05,0.0,0.0,0.0,0.0,0.0,-0.1956,False,False,0.0,0.0,36.4,32.77,False,-1.0,bullish,0.0,0.0,0.256941,0.224553,trade,yes,False,False,10.0,59.13,,0.475817,0.05,50.0,1000.0,1.0,2.0,0.7636,-0.0382,0.0386,0.0195,False,,True,True,58.7,2026-04-18 06:00:49+00:00,,,,,,,,,,,,,,,,,,,,,,,,,,,,,,,,,,,,,,,,,,,,,,,,,,,,,,,,,,,,,,,,,,,,,,,,,,,,,,,,,,,,,,,,,,,,,,,,,,,,,,,,,,0.5345008514478021,16,2026-W16,0.46,True
2026-04-18 07:03:25+00:00,2026-04-18 07:00,KXETHD-26APR1804-T2409.99,2026-04-18T08:00:00Z,2410.59,2409.99,-0.025,0.575,real,0.596724,-0.2449,0.00034969,0.000216,0.00017615,1.2262,0.21,0.00020006,-1.0,-1.0,0.0,2.0,-1.0,-0.1223,2.0,0.0,0.6339,-1.0,7.016e-05,0.0,0.0,0.0,0.0,0.0,-0.1337,False,False,0.0,0.0,51.81,54.53,False,0.0,bullish,0.0,0.0,0.097458,0.065352,trade,yes,False,False,41.0,56.54,,0.229313,0.05,50.0,1000.0,1.0,0.0,0.5963,-0.0141,0.0008,0.0,False,,False,False,-50.0,2026-04-18 07:03:25+00:00,,,,,,,,,,,,,,,,,,,,,,,,,,,,,,,,,,,,,,,,,,,,,,,,,,,,,,,,,,,,,,,,,,,,,,,,,,,,,,,,,,,,,,,,,,,,,,,,,,,,,,,,,,0.5660524321493174,16,2026-W16,0.575,True
2026-04-18 08:00:43+00:00,2026-04-18 08:00,KXETHD-26APR1805-T2409.99,2026-04-18T09:00:00Z,2404.72,2409.99,0.2192,0.145,real,0.017769,2.1022,0.00016923,0.00015247,0.00026889,0.567,0.11,0.00019903,-1.0,1.0,2.0,1.0,0.0,0.0306,2.0,0.0,0.5442,-1.0,6.912e-05,0.0,-1.0,1.0,2.0,2.0,-0.4106,False,False,1.0,1.0,0.0,21.29,False,-1.0,neutral,0.0,0.0,0.115,0.097963,trade,no,False,False,41.0,59.23,,0.793103,0.05,50.0,1000.0,0.0,7.0,0.551,-0.1811,-0.0512,-0.0512,False,,False,True,8.48,2026-04-18 08:00:43+00:00,,,,,,,,,,,,,,,,,,,,,,,,,,,,,,,,,,,,,,,,,,,,,,,,,,,,,,,,,,,,,,,,,,,,,,,,,,,,,,,,,,,,,,,,,,,,,,,,,,,,,,,,,,0.5738801154695298,16,2026-W16,0.855,False
2026-04-18 08:16:38+00:00,2026-04-18 08:00,KXETHD-26APR1805-T2389.99,2026-04-18T09:00:00Z,2388.96,2389.99,0.043,0.39,real,0.451247,0.1225,0.00052815,0.00080928,0.00023365,3.4637,0.2,0.00057903,-1.0,1.0,2.0,2.0,-1.0,-0.1162,2.0,0.0,0.6746,-1.0,9.306e-05,0.0,-1.0,1.0,2.0,2.0,-0.9636,False,False,1.0,1.0,4.2,11.53,False,-1.0,neutral,0.0,0.0,0.10332,0.071667,trade,yes,False,False,41.0,43.31,,0.169377,0.05,50.0,1000.0,0.0,10.0,0.557,-0.6761,-0.6232,-0.5554,False,,False,False,-50.0,2026-04-18 08:16:38+00:00,,,,,,,,,,,,,,,,,,,,,,,,,,,,,,,,,,,,,,,,,,,,,,,,,,,,,,,,,,,,,,,,,,,,,,,,,,,,,,,,,,,,,,,,,,,,,,,,,,,,,,,,,,0.5738801154695298,16,2026-W16,0.39,True
2026-04-18 09:01:14+00:00,2026-04-18 09:00,KXETHD-26APR1806-T2369.99,2026-04-18T10:00:00Z,2380.47,2369.99,-0.4401,0.74,real,0.79757,-0.833,0.000986,0.00065547,0.00089483,0.7325,0.2,0.00075121,-1.0,1.0,2.0,1.0,1.0,0.1768,2.0,0.0,0.497,-1.0,9.995e-05,-1.0,-1.0,1.0,2.0,2.0,-1.125,False,False,1.0,0.0,29.63,24.64,False,-1.0,neutral,0.0,0.0,0.073251,0.044783,trade,yes,False,False,41.0,58.71,,0.281733,0.05,50.0,1000.0,-1.0,5.0,0.5455,-0.1129,0.1316,0.0294,False,,True,True,17.57,2026-04-18 09:01:14+00:00,,,,,,,,,,,,,,,,,,,,,,,,,,,,,,,,,,,,,,,,,,,,,,,,,,,,,,,,,,,,,,,,,,,,,,,,,,,,,,,,,,,,,,,,,,,,,,,,,,,,,,,,,,0.5854671419879667,16,2026-W16,0.74,True
2026-04-18 09:17:10+00:00,2026-04-18 09:00,KXETHD-26APR1806-T2389.99,2026-04-18T10:00:00Z,2372.58,2389.99,0.7337,0.07,real,0.15577,1.012,0.00106872,0.00119956,0.00075739,1.5838,0.1,0.00102269,-1.0,1.0,2.0,2.0,-1.0,-0.2182,2.0,0.0,0.6684,-1.0,0.00010148,-1.0,-1.0,1.0,2.0,2.0,-1.4124,False,False,1.0,1.0,10.52,21.58,False,-1.0,neutral,0.0,0.0,0.105455,0.085898,trade,yes,False,False,40.0,42.78,,0.113393,0.05,50.0,1000.0,-1.0,8.0,0.554,-0.1742,-0.3511,-0.259,False,,False,False,-50.0,2026-04-18 09:17:10+00:00,,,,,,,,,,,,,,,,,,,,,,,,,,,,,,,,,,,,,,,,,,,,,,,,,,,,,,,,,,,,,,,,,,,,,,,,,,,,,,,,,,,,,,,,,,,,,,,,,,,,,,,,,,0.5854671419879667,16,2026-W16,0.07,True
2026-04-18 10:04:58+00:00,2026-04-18 10:00,KXETHD-26APR1807-T2369.99,2026-04-18T11:00:00Z,2367.98,2369.99,0.0849,0.39,real,0.440532,0.1496,0.00094201,0.00100144,0.00040963,2.4448,0.18,0.00076472,-1.0,1.0,2.0,2.0,-1.0,-0.1663,2.0,-1.0,0.8235,-1.0,0.00010733,-1.0,-1.0,1.0,2.0,2.0,-1.6054,False,False,1.0,1.0,0.0,14.3,False,-1.0,bearish,0.0,0.0,0.089476,0.057823,trade,yes,False,False,40.0,54.99,,0.146682,0.05,50.0,1000.0,-1.0,11.0,0.554,-0.5248,-0.3635,-0.3635,False,,False,False,-50.0,2026-04-18 10:04:58+00:00,,,,,,,,,,,,,,,,,,,,,,,,,,,,,,,,,,,,,,,,,,,,,,,,,,,,,,,,,,,,,,,,,,,,,,,,,,,,,,,,,,,,,,,,,,,,,,,,,,,,,,,,,,0.5635128379330531,16,2026-W16,0.39,True
2026-04-18 11:02:13+00:00,2026-04-18 11:00,KXETHD-26APR1808-T2349.99,2026-04-18T12:00:00Z,2358.93,2349.99,-0.3788,0.785,real,0.899526,-1.2789,0.00083642,0.00028558,0.00063283,0.4513,0.21,0.00042448,-1.0,1.0,2.0,1.0,0.0,-0.0204,2.0,0.0,0.6322,-1.0,0.00010733,-1.0,-1.0,1.0,2.0,2.0,-1.6435,False,False,1.0,1.0,10.13,10.72,False,-1.0,bearish,0.0,0.0,0.121411,0.094597,trade,yes,False,False,39.0,57.74,,0.564703,0.05,50.0,1000.0,-1.0,10.0,0.554,-0.0711,-0.0644,0.0,False,,True,True,13.69,2026-04-18 11:02:13+00:00,,,,,,,,,,,,,,,,,,,,,,,,,,,,,,,,,,,,,,,,,,,,,,,,,,,,,,,,,,,,,,,,,,,,,,,,,,,,,,,,,,,,,,,,,,,,,,,,,,,,,,,,,,0.5846436471543119,16,2026-W16,0.785,True
2026-04-18 12:20:41+00:00,2026-04-18 12:00,KXETHD-26APR1809-T2349.99,2026-04-18T13:00:00Z,2359.14,2349.99,-0.3877,0.84,real,0.91608,-1.3792,0.00063161,0.0003987,0.00062338,0.6396,0.24,0.00048857,-1.0,-1.0,0.0,1.0,0.0,0.0303,2.0,0.0,0.763,-1.0,0.0001,0.0,0.0,0.0,1.0,1.0,-1.2966,False,False,-1.0,0.0,45.95,34.78,False,0.0,bearish,0.0,0.0,0.105743,0.081335,trade,yes,False,False,39.0,39.26,,0.660893,0.05,50.0,1000.0,-1.0,4.0,0.6481,0.4963,0.1387,0.1255,False,,True,True,9.52,2026-04-18 12:20:41+00:00,,,,,,,,,,,,,,,,,,,,,,,,,,,,,,,,,,,,,,,,,,,,,,,,,,,,,,,,,,,,,,,,,,,,,,,,,,,,,,,,,,,,,,,,,,,,,,,,,,,,,,,,,,0.5700905014627731,16,2026-W16,0.84,True
2026-04-18 13:00:57+00:00,2026-04-18 13:00,KXETHD-26APR1810-T2349.99,2026-04-18T14:00:00Z,2357.32,2349.99,-0.3108,0.72,real,0.815622,-0.8988,0.00046168,0.00035324,0.00069524,0.5081,0.2,0.00049004,-1.0,0.0,1.0,1.0,0.0,-0.0447,2.0,0.0,0.7246,-1.0,0.0001,0.0,-1.0,1.0,2.0,2.0,-1.4347,False,False,0.0,0.0,35.87,34.25,False,-1.0,bearish,0.0,0.0,0.164552,0.13544,trade,yes,False,False,40.0,59.01,,0.587684,0.05,50.0,1000.0,-1.0,4.0,0.6481,0.087,-0.0555,0.0,False,,True,True,19.44,2026-04-18 13:00:57+00:00,,,,,,,,,,,,,,,,,,,,,,,,,,,,,,,,,,,,,,,,,,,,,,,,,,,,,,,,,,,,,,,,,,,,,,,,,,,,,,,,,,,,,,,,,,,,,,,,,,,,,,,,,,0.5901160471958188,16,2026-W16,0.72,True
2026-04-18 14:01:20+00:00,2026-04-18 14:00,KXETHD-26APR1811-T2349.99,2026-04-18T15:00:00Z,2357.66,2349.99,-0.3253,0.72,real,0.768548,-0.7341,0.00051054,0.00056351,0.00073021,0.7717,0.18,0.00063019,-1.0,-1.0,0.0,1.0,0.0,-0.0987,2.0,0.0,0.31,-1.0,0.0001,0.0,0.0,0.0,1.0,1.0,-1.2687,False,False,0.0,0.0,68.56,54.37,False,0.0,bearish,0.0,0.0,0.048914,0.019802,trade,yes,False,False,39.0,58.6,,0.174694,0.05,50.0,1000.0,-1.0,3.0,0.5205,0.1611,-0.0195,-0.0238,False,,True,True,19.44,2026-04-18 14:01:20+00:00,,,,,,,,,,,,,,,,,,,,,,,,,,,,,,,,,,,,,,,,,,,,,,,,,,,,,,,,,,,,,,,,,,,,,,,,,,,,,,,,,,,,,,,,,,,,,,,,,,,,,,,,,,0.525567973646143,16,2026-W16,0.72,True
2026-04-18 14:04:31+00:00,2026-04-18 14:00,KXETHD-26APR1811-T2369.99,2026-04-18T15:00:00Z,2356.07,2369.99,0.5909,0.16,real,0.057742,1.574,0.00051258,0.00038029,0.00079575,0.4779,0.24,0.00054647,-1.0,-1.0,0.0,1.0,0.0,-0.0404,2.0,0.0,0.3381,-1.0,0.0001,0.0,0.0,0.0,1.0,1.0,-1.1407,False,False,0.0,0.0,73.54,56.03,False,0.0,bearish,0.0,0.0,0.111071,0.092813,trade,no,False,False,39.0,55.43,,0.694193,0.05,50.0,1000.0,-1.0,3.0,0.5205,0.2126,0.017,0.0365,False,,False,True,9.52,2026-04-18 14:04:31+00:00,,,,,,,,,,,,,,,,,,,,,,,,,,,,,,,,,,,,,,,,,,,,,,,,,,,,,,,,,,,,,,,,,,,,,,,,,,,,,,,,,,,,,,,,,,,,,,,,,,,,,,,,,,0.525567973646143,16,2026-W16,0.84,False
2026-04-18 15:04:57+00:00,2026-04-18 15:00,KXETHD-26APR1812-T2369.99,2026-04-18T16:00:00Z,2364.64,2369.99,0.2264,0.32,real,0.311394,0.4919,0.00053588,0.00068837,0.00065199,1.0558,0.1,0.00067382,-1.0,-1.0,0.0,3.0,-1.0,-0.1064,2.0,0.0,0.768,-1.0,9.7e-05,0.0,0.0,0.0,1.0,1.0,-0.7267,False,False,-1.0,-1.0,73.92,76.19,True,0.0,bearish,0.0,0.0,0.086748,0.059228,trade,no,False,False,40.0,55.0,,0.271086,0.05,50.0,1000.0,-1.0,1.0,0.4254,0.4147,-0.0152,-0.0427,False,,False,True,23.53,2026-04-18 15:04:57+00:00,,,,,,,,,,,,,,,,,,,,,,,,,,,,,,,,,,,,,,,,,,,,,,,,,,,,,,,,,,,,,,,,,,,,,,,,,,,,,,,,,,,,,,,,,,,,,,,,,,,,,,,,,,0.5589456497255471,16,2026-W16,0.6799999999999999,False
2026-04-18 16:32:39+00:00,2026-04-18 16:00,KXETHD-26APR1813-T2369.99,2026-04-18T17:00:00Z,2367.55,2369.99,0.103,0.515,real,0.414029,0.2172,0.00067855,0.00090662,,,0.03,0.00090662,-1.0,-1.0,0.0,1.0,0.0,0.0637,2.0,0.0,0.7685,0.0,1.197e-05,-1.0,0.0,0.0,0.0,0.0,-0.4046,False,False,-1.0,-1.0,80.78,84.87,True,0.0,bearish,0.0,0.0,0.269882,0.241929,trade,no,False,False,40.0,27.31,,0.524042,0.05,50.0,1000.0,-1.0,-2.0,0.3182,0.3449,-0.0983,-0.0549,False,,False,True,53.09,2026-04-18 16:32:39+00:00,,,,,,,,,,,,,,,,,,,,,,,,,,,,,,,,,,,,,,,,,,,,,,,,,,,,,,,,,,,,,,,,,,,,,,,,,,,,,,,,,,,,,,,,,,,,,,,,,,,,,,,,,,0.5571809481975292,16,2026-W16,0.485,False
2026-04-18 17:00:05+00:00,2026-04-18 17:00,KXETHD-26APR1814-T2369.99,2026-04-18T18:00:00Z,2361.71,2369.99,0.3506,0.205,real,0.185225,0.8956,0.00075075,0.00063602,0.00054899,1.1585,0.03,0.00060121,-1.0,-1.0,0.0,0.0,0.0,-0.0896,2.0,0.0,0.7767,0.0,1.041e-05,0.0,0.0,0.0,1.0,1.0,-0.7678,False,False,1.0,0.0,41.6,52.93,False,-1.0,bearish,0.0,0.0,0.065757,0.042367,trade,no,False,False,4.0,59.89,,0.320767,0.05,50.0,1000.0,-1.0,1.0,0.4254,-0.4309,0.0479,0.0479,False,,False,True,12.89,2026-04-18 17:00:05+00:00,,,,,,,,,,,,,,,,,,,,,,,,,,,,,,,,,,,,,,,,,,,,,,,,,,,,,,,,,,,,,,,,,,,,,,,,,,,,,,,,,,,,,,,,,,,,,,,,,,,,,,,,,,0.527419516268252,16,2026-W16,0.795,False
2026-04-18 18:03:16+00:00,2026-04-18 18:00,KXETHD-26APR1815-T2349.99,2026-04-18T19:00:00Z,2358.45,2349.99,-0.3589,0.795,real,0.858639,-1.0742,0.00054369,0.00041885,0.00057951,0.7228,0.23,0.00048311,-1.0,0.0,1.0,1.0,-1.0,-0.1173,2.0,0.0,0.6003,0.0,-6.31e-06,0.0,0.0,0.0,1.0,1.0,-0.5855,False,False,1.0,1.0,18.25,35.17,False,-1.0,bearish,0.0,0.0,0.132085,0.105677,trade,yes,False,False,39.0,56.7,,0.644317,0.05,50.0,1000.0,-1.0,4.0,0.6481,-0.264,-0.2779,-0.24,False,,False,False,-50.0,2026-04-18 18:03:16+00:00,,,,,,,,,,,,,,,,,,,,,,,,,,,,,,,,,,,,,,,,,,,,,,,,,,,,,,,,,,,,,,,,,,,,,,,,,,,,,,,,,,,,,,,,,,,,,,,,,,,,,,,,,,0.5983081610249749,16,2026-W16,0.795,True
2026-04-18 18:09:33+00:00,2026-04-18 18:00,KXETHD-26APR1815-T2369.99,2026-04-18T19:00:00Z,2363.44,2369.99,0.2772,0.225,real,0.193637,0.8646,0.0005649,0.00055074,0.00051618,1.067,0.15,0.00053691,-1.0,-1.0,0.0,0.0,0.0,0.0358,2.0,0.0,0.6652,0.0,-8.22e-06,0.0,0.0,0.0,1.0,1.0,-0.4389,False,False,0.0,0.0,35.14,40.8,False,-1.0,bearish,0.0,0.0,0.058296,0.033572,trade,no,False,False,39.0,50.4,,0.259092,0.05,50.0,1000.0,-1.0,0.0,0.4591,-0.162,-0.0973,0.143,False,,False,True,14.52,2026-04-18 18:09:33+00:00,,,,,,,,,,,,,,,,,,,,,,,,,,,,,,,,,,,,,,,,,,,,,,,,,,,,,,,,,,,,,,,,,,,,,,,,,,,,,,,,,,,,,,,,,,,,,,,,,,,,,,,,,,0.5983081610249749,16,2026-W16,0.775,False
2026-04-18 19:00:06+00:00,2026-04-18 19:00,KXETHD-26APR1816-T2349.99,2026-04-18T20:00:00Z,2347.65,2349.99,0.0996,0.415,real,0.426296,0.1858,0.00088076,0.00097454,0.00059937,1.6259,0.03,0.00082448,-1.0,1.0,2.0,0.0,0.0,0.0914,2.0,-1.0,0.8295,0.0,-2.051e-05,-1.0,-1.0,1.0,2.0,2.0,-0.7897,False,False,1.0,1.0,15.24,12.19,True,-1.0,bearish,0.0,0.0,0.065046,0.033052,trade,yes,False,False,26.0,59.87,,0.111189,0.05,50.0,1000.0,-1.0,8.0,0.554,-0.5352,-0.2081,-0.1669,False,,True,True,70.48,2026-04-18 19:00:06+00:00,,,,,,,,,,,,,,,,,,,,,,,,,,,,,,,,,,,,,,,,,,,,,,,,,,,,,,,,,,,,,,,,,,,,,,,,,,,,,,,,,,,,,,,,,,,,,,,,,,,,,,,,,,0.5769890877380898,16,2026-W16,0.415,True
2026-04-18 19:16:56+00:00,2026-04-18 19:00,KXETHD-26APR1817-T2349.99,2026-04-18T21:00:00Z,2355.83,2349.99,-0.2477,0.64,real,0.694974,-0.51,0.00087402,0.00041358,0.00068176,0.6066,0.14,0.00052085,-1.0,-1.0,0.0,0.0,0.0,-0.0679,2.0,1.0,0.853,0.0,-2.467e-05,-1.0,0.0,0.0,1.0,1.0,-0.3926,False,False,0.0,0.0,42.86,33.65,False,-1.0,bearish,0.0,0.0,0.054974,0.023846,trade,yes,False,False,60.0,103.02,,0.152705,0.05,50.0,1000.0,-1.0,2.0,0.5,0.2145,0.0234,0.0,False,,True,True,28.12,2026-04-18 19:16:56+00:00,,,,,,,,,,,,,,,,,,,,,,,,,,,,,,,,,,,,,,,,,,,,,,,,,,,,,,,,,,,,,,,,,,,,,,,,,,,,,,,,,,,,,,,,,,,,,,,,,,,,,,,,,,0.5769890877380898,16,2026-W16,0.64,True
2026-04-18 21:14:51+00:00,2026-04-18 21:00,KXETHD-26APR1818-T2349.99,2026-04-18T22:00:00Z,2353.6,2349.99,-0.1533,0.745,real,0.782933,-0.7821,0.00037781,0.00034843,0.00034681,1.0047,0.15,0.00034778,-1.0,-1.0,0.0,0.0,0.0,0.0291,2.0,0.0,0.608,0.0,-3.991e-05,0.0,0.0,0.0,1.0,1.0,-0.3594,False,False,0.0,0.0,54.67,46.16,False,0.0,bearish,0.0,0.0,0.047027,0.018729,trade,yes,False,False,38.0,45.1,,0.184422,0.05,50.0,1000.0,0.0,0.0,0.5125,0.2129,-0.0849,-0.0488,False,,True,True,17.11,2026-04-18 21:14:51+00:00,,,,,,,,,,,,,,,,,,,,,,,,,,,,,,,,,,,,,,,,,,,,,,,,,,,,,,,,,,,,,,,,,,,,,,,,,,,,,,,,,,,,,,,,,,,,,,,,,,,,,,,,,,0.5566039011914655,16,2026-W16,0.745,True
2026-04-18 22:01:04+00:00,2026-04-18 22:00,KXETHD-26APR1819-T2349.99,2026-04-18T23:00:00Z,2355.2,2349.99,-0.2214,0.805,real,0.930024,-1.476,0.00031233,0.00020516,0.00033603,0.6105,0.21,0.00025751,-1.0,0.0,1.0,1.0,1.0,0.1727,2.0,0.0,0.6839,0.0,-3.943e-05,0.0,0.0,0.0,0.0,0.0,-0.1694,False,False,0.0,-1.0,89.67,68.62,False,0.0,bearish,0.0,0.0,0.119549,0.093561,trade,yes,False,False,38.0,58.89,,0.613072,0.05,50.0,1000.0,0.0,-1.0,0.4842,0.16,0.0234,0.0,False,,True,True,12.11,2026-04-18 22:01:04+00:00,,,,,,,,,,,,,,,,,,,,,,,,,,,,,,,,,,,,,,,,,,,,,,,,,,,,,,,,,,,,,,,,,,,,,,,,,,,,,,,,,,,,,,,,,,,,,,,,,,,,,,,,,,0.5118956057889373,16,2026-W16,0.805,True
2026-04-18 23:55:12+00:00,2026-04-18 23:00,KXETHD-26APR1820-T2349.99,2026-04-19T00:00:00Z,2351.49,2349.99,-0.0638,0.845,real,0.959937,-1.75,0.00020935,0.00013978,0.00028857,0.4844,0.17,0.0001993,-1.0,-1.0,0.0,1.0,-1.0,-0.2855,2.0,0.0,0.4859,0.0,-2.502e-05,1.0,0.0,0.0,0.0,0.0,-0.1308,False,False,1.0,0.0,28.69,46.3,False,-1.0,bearish,0.0,0.0,0.117568,0.0934,trade,yes,False,False,38.0,4.75,,0.758503,0.05,50.0,1000.0,0.0,0.0,0.5125,-0.1686,-0.0264,-0.0264,False,,True,True,9.17,2026-04-18 23:55:12+00:00,,,,,,,,,,,,,,,,,,,,,,,,,,,,,,,,,,,,,,,,,,,,,,,,,,,,,,,,,,,,,,,,,,,,,,,,,,,,,,,,,,,,,,,,,,,,,,,,,,,,,,,,,,0.5724057699876854,16,2026-W16,0.845,True
2026-04-19 00:01:33+00:00,2026-04-19 00:00,KXETHD-26APR1821-T2349.99,2026-04-19T01:00:00Z,2351.67,2349.99,-0.0716,0.63,real,0.751371,-0.6788,0.00020771,0.00015013,0.00028243,0.5316,0.14,0.00020305,-1.0,0.0,1.0,0.0,0.0,-0.0367,2.0,0.0,0.4181,0.0,-2.411e-05,0.0,0.0,0.0,0.0,0.0,,False,False,1.0,1.0,15.88,24.55,False,-1.0,bearish,0.0,0.0,0.140429,0.109112,trade,yes,False,False,38.0,58.4,,0.379538,0.05,50.0,1000.0,0.0,1.0,0.5245,-0.2127,-0.051,-0.0247,False,,False,False,-50.0,2026-04-19 00:01:33+00:00,,,,,,,,,,,,,,,,,,,,,,,,,,,,,,,,,,,,,,,,,,,,,,,,,,,,,,,,,,,,,,,,,,,,,,,,,,,,,,,,,,,,,,,,,,,,,,,,,,,,,,,,,,0.5600404207859335,16,2026-W16,0.63,True
2026-04-19 01:01:52+00:00,2026-04-19 01:00,KXETHD-26APR1822-T2349.99,2026-04-19T02:00:00Z,2353.19,2349.99,-0.136,0.61,real,0.688819,-0.4925,0.00041519,0.00046263,0.00063954,0.7234,0.18,0.00053339,-1.0,-1.0,0.0,0.0,0.0,0.0704,2.0,0.0,0.385,0.0,5.21e-06,0.0,0.0,0.0,-1.0,-1.0,0.1106,False,False,0.0,0.0,56.9,28.61,True,0.0,bearish,0.0,0.0,0.089807,0.058154,trade,yes,False,False,38.0,58.07,,0.230274,0.05,50.0,1000.0,0.0,0.0,0.5125,0.2129,0.1588,0.1588,False,,False,False,-50.0,2026-04-19 01:01:52+00:00,,,,,,,,,,,,,,,,,,,,,,,,,,,,,,,,,,,,,,,,,,,,,,,,,,,,,,,,,,,,,,,,,,,,,,,,,,,,,,,,,,,,,,,,,,,,,,,,,,,,,,,,,,0.5686917104526285,16,2026-W16,0.61,True
2026-04-19 02:06:23+00:00,2026-04-19 02:00,KXETHD-26APR1823-T2349.99,2026-04-19T03:00:00Z,2347.22,2349.99,0.1181,0.25,real,0.212858,0.7965,0.00041964,0.00033675,0.00023904,1.4087,0.2,0.00029767,-1.0,-1.0,0.0,0.0,0.0,-0.0179,2.0,0.0,0.6688,0.0,-1.12e-06,0.0,0.0,0.0,0.0,0.0,-0.0436,False,False,0.0,0.0,29.12,24.45,True,-1.0,bearish,0.0,0.0,0.091462,0.067124,trade,no,False,False,38.0,53.56,,0.365848,0.05,50.0,1000.0,-2.0,0.0,0.4192,0.1199,-0.1094,-0.0532,False,,False,True,16.67,2026-04-19 02:06:23+00:00,,,,,,,,,,,,,,,,,,,,,,,,,,,,,,,,,,,,,,,,,,,,,,,,,,,,,,,,,,,,,,,,,,,,,,,,,,,,,,,,,,,,,,,,,,,,,,,,,,,,,,,,,,0.61854444238539,16,2026-W16,0.75,False
2026-04-19 03:08:55+00:00,2026-04-19 03:00,KXETHD-26APR1900-T2329.99,2026-04-19T04:00:00Z,2334.05,2329.99,-0.174,0.67,real,0.69651,-0.5144,0.00078838,0.00057089,0.00055416,1.0302,0.08,0.0005642,-1.0,0.0,1.0,1.0,-1.0,-0.2627,2.0,0.0,0.7643,0.0,4.17e-06,0.0,-1.0,1.0,2.0,2.0,-0.35,False,False,1.0,0.0,23.12,38.25,False,-1.0,bearish,0.0,0.0,0.056156,0.025679,trade,yes,False,False,38.0,51.03,,0.17017,0.05,50.0,1000.0,-2.0,3.0,0.5346,0.0077,-0.1952,-0.0936,False,,True,True,24.63,2026-04-19 03:08:55+00:00,,,,,,,,,,,,,,,,,,,,,,,,,,,,,,,,,,,,,,,,,,,,,,,,,,,,,,,,,,,,,,,,,,,,,,,,,,,,,,,,,,,,,,,,,,,,,,,,,,,,,,,,,,0.5575816812829585,16,2026-W16,0.67,True
2026-04-19 03:19:30+00:00,2026-04-19 03:00,KXETHD-26APR1900-T2349.99,2026-04-19T04:00:00Z,2340.84,2349.99,0.3908,0.145,real,0.043195,1.7148,0.0007917,0.00039789,0.00057955,0.6866,0.19,0.00047055,-1.0,-1.0,0.0,0.0,0.0,-0.0845,2.0,0.0,0.6953,0.0,5.76e-06,0.0,0.0,0.0,1.0,1.0,-0.2227,False,False,0.0,0.0,35.41,32.39,False,-1.0,bearish,0.0,0.0,0.115,0.097963,trade,no,False,False,38.0,40.45,,0.793103,0.05,50.0,1000.0,-2.0,0.0,0.4192,-0.0982,0.1267,0.0449,False,,False,True,8.48,2026-04-19 03:19:30+00:00,,,,,,,,,,,,,,,,,,,,,,,,,,,,,,,,,,,,,,,,,,,,,,,,,,,,,,,,,,,,,,,,,,,,,,,,,,,,,,,,,,,,,,,,,,,,,,,,,,,,,,,,,,0.5575816812829585,16,2026-W16,0.855,False
2026-04-19 04:06:04+00:00,2026-04-19 04:00,KXETHD-26APR1901-T2349.99,2026-04-19T05:00:00Z,2343.8,2349.99,0.2643,0.205,real,0.012072,2.2548,0.00015881,9.988e-05,0.00043635,0.2289,0.25,0.00023447,-1.0,-1.0,0.0,0.0,0.0,-0.0165,2.0,-1.0,0.8222,0.0,1.388e-05,0.0,0.0,0.0,1.0,1.0,-0.1453,False,False,0.0,0.0,46.67,47.59,False,-1.0,bearish,0.0,0.0,0.175,0.157963,trade,no,False,False,38.0,53.89,,0.853659,0.05,50.0,1000.0,-2.0,0.0,0.4192,-0.0312,-0.0307,0.0056,False,,False,True,12.89,2026-04-19 04:06:04+00:00,,,,,,,,,,,,,,,,,,,,,,,,,,,,,,,,,,,,,,,,,,,,,,,,,,,,,,,,,,,,,,,,,,,,,,,,,,,,,,,,,,,,,,,,,,,,,,,,,,,,,,,,,,0.6001692157704757,16,2026-W16,0.795,False
2026-04-19 05:03:14+00:00,2026-04-19 05:00,KXETHD-26APR1902-T2329.99,2026-04-19T06:00:00Z,2333.13,2329.99,-0.1344,0.22,real,0.620935,-0.3079,0.00080585,0.0006905,,,0.04,0.0006905,-1.0,0.0,1.0,0.0,1.0,0.263,2.0,0.0,0.5337,0.0,1.758e-05,-1.0,0.0,0.0,1.0,1.0,-0.307,False,False,1.0,0.0,39.73,29.45,True,-1.0,bearish,0.0,0.0,0.36514,0.338128,trade,yes,False,False,37.0,56.72,,0.468128,0.05,50.0,1000.0,-2.0,1.0,0.463,-0.1767,0.0017,0.0017,False,,True,True,177.27,2026-04-19 05:03:14+00:00,,,,,,,,,,,,,,,,,,,,,,,,,,,,,,,,,,,,,,,,,,,,,,,,,,,,,,,,,,,,,,,,,,,,,,,,,,,,,,,,,,,,,,,,,,,,,,,,,,,,,,,,,,0.5528218367862644,16,2026-W16,0.22,True
2026-04-19 06:16:21+00:00,2026-04-19 06:00,KXETHD-26APR1903-T2329.99,2026-04-19T07:00:00Z,2327.23,2329.99,0.1185,0.265,real,0.382041,0.3001,0.00056335,0.00080592,0.00028571,2.8208,0.13,0.00059784,-1.0,1.0,2.0,0.0,0.0,0.0393,2.0,0.0,0.5729,0.0,2.851e-05,0.0,-1.0,1.0,2.0,2.0,-0.5862,False,False,1.0,1.0,11.49,32.09,False,-1.0,bearish,0.0,0.0,0.166744,0.138109,trade,yes,False,False,37.0,43.6,,0.226862,0.05,50.0,1000.0,-2.0,11.0,0.551,-0.4623,-0.1893,-0.2124,False,,False,False,-50.0,2026-04-19 06:16:21+00:00,,,,,,,,,,,,,,,,,,,,,,,,,,,,,,,,,,,,,,,,,,,,,,,,,,,,,,,,,,,,,,,,,,,,,,,,,,,,,,,,,,,,,,,,,,,,,,,,,,,,,,,,,,0.5995118055241094,16,2026-W16,0.265,True
2026-04-19 07:06:03+00:00,2026-04-19 07:00,KXETHD-26APR1904-T2329.99,2026-04-19T08:00:00Z,2326.27,2329.99,0.1599,0.31,real,0.174777,0.9355,0.00053308,0.00016901,0.00043894,0.385,0.16,0.00027698,-1.0,1.0,2.0,0.0,1.0,0.1873,2.0,0.0,0.4343,0.0,2.766e-05,-1.0,-1.0,1.0,2.0,2.0,-0.3297,False,False,0.0,0.0,31.47,32.61,False,-1.0,bearish,0.0,0.0,0.111953,0.085835,trade,no,False,False,37.0,53.9,,0.361138,0.05,50.0,1000.0,-2.0,3.0,0.5346,-0.0155,0.0,0.0,False,,False,True,22.46,2026-04-19 07:06:03+00:00,,,,,,,,,,,,,,,,,,,,,,,,,,,,,,,,,,,,,,,,,,,,,,,,,,,,,,,,,,,,,,,,,,,,,,,,,,,,,,,,,,,,,,,,,,,,,,,,,,,,,,,,,,0.5921244359914667,16,2026-W16,0.69,False
2026-04-19 07:40:57+00:00,2026-04-19 07:00,KXETHD-26APR1904-T2309.99,2026-04-19T08:00:00Z,2310.73,2309.99,-0.0322,0.5,real,0.531997,-0.0803,0.00086897,0.00079276,,,0.16,0.00079276,-1.0,1.0,2.0,1.0,-1.0,-0.1319,2.0,0.0,0.4743,0.0,2.628e-05,-1.0,-1.0,1.0,2.0,2.0,-0.9185,False,False,1.0,1.0,23.97,15.71,True,-1.0,bearish,0.0,0.0,0.079612,0.047112,trade,yes,False,False,37.0,19.01,,0.159224,0.05,50.0,1000.0,-3.0,9.0,0.548,-0.5606,0.1957,0.1157,False,,True,True,50.0,2026-04-19 07:40:57+00:00,,,,,,,,,,,,,,,,,,,,,,,,,,,,,,,,,,,,,,,,,,,,,,,,,,,,,,,,,,,,,,,,,,,,,,,,,,,,,,,,,,,,,,,,,,,,,,,,,,,,,,,,,,0.5921244359914667,16,2026-W16,0.5,True
2026-04-19 08:26:30+00:00,2026-04-19 08:00,KXETHD-26APR1905-T2309.99,2026-04-19T09:00:00Z,2318.72,2309.99,-0.3766,0.825,real,0.953434,-1.6791,0.00064636,0.00030553,0.00069803,0.4377,0.13,0.00046253,-1.0,-1.0,0.0,0.0,0.0,0.0447,2.0,1.0,0.83,0.0,5.33e-06,-1.0,0.0,0.0,1.0,1.0,-0.4636,False,False,0.0,0.0,50.18,49.83,False,-1.0,bearish,0.0,0.0,0.136297,0.111191,trade,yes,False,False,37.0,33.44,,0.778839,0.05,50.0,1000.0,-2.0,3.0,0.5346,-0.0134,0.0,0.0,False,,True,True,10.61,2026-04-19 08:26:30+00:00,,,,,,,,,,,,,,,,,,,,,,,,,,,,,,,,,,,,,,,,,,,,,,,,,,,,,,,,,,,,,,,,,,,,,,,,,,,,,,,,,,,,,,,,,,,,,,,,,,,,,,,,,,0.5933533444851369,16,2026-W16,0.825,True
2026-04-19 09:18:26+00:00,2026-04-19 09:00,KXETHD-26APR1906-T2309.99,2026-04-19T10:00:00Z,2316.52,2309.99,-0.2819,0.84,real,0.956224,-1.7085,0.0003467,0.00021511,0.00044057,0.4883,0.16,0.00030529,-1.0,-1.0,0.0,0.0,0.0,-0.0665,2.0,0.0,0.4619,0.0,-5.39e-06,0.0,0.0,0.0,1.0,1.0,-0.444,False,False,0.0,0.0,51.16,52.06,False,-1.0,bearish,0.0,0.0,0.124864,0.100456,trade,yes,False,False,37.0,41.53,,0.780399,0.05,50.0,1000.0,-2.0,2.0,0.5405,-0.0686,-0.0591,0.0,False,,True,True,9.52,2026-04-19 09:18:26+00:00,,,,,,,,,,,,,,,,,,,,,,,,,,,,,,,,,,,,,,,,,,,,,,,,,,,,,,,,,,,,,,,,,,,,,,,,,,,,,,,,,,,,,,,,,,,,,,,,,,,,,,,,,,0.5710393619355842,16,2026-W16,0.84,True
2026-04-19 10:14:30+00:00,2026-04-19 10:00,KXETHD-26APR1907-T2309.99,2026-04-19T11:00:00Z,2310.89,2309.99,-0.0388,0.595,real,0.59742,-0.2467,0.00039294,0.00030324,0.0002393,1.2672,0.17,0.00027766,-1.0,0.0,1.0,0.0,0.0,-0.0629,2.0,0.0,0.4508,0.0,7.29e-06,0.0,-1.0,1.0,2.0,2.0,-0.8148,False,False,1.0,0.0,33.23,36.32,False,-1.0,bearish,0.0,0.0,0.042636,0.010768,trade,yes,False,False,36.0,45.46,,0.105274,0.05,50.0,1000.0,-3.0,7.0,0.542,-0.0753,-0.055,-0.0853,False,,True,True,34.03,2026-04-19 10:14:30+00:00,,,,,,,,,,,,,,,,,,,,,,,,,,,,,,,,,,,,,,,,,,,,,,,,,,,,,,,,,,,,,,,,,,,,,,,,,,,,,,,,,,,,,,,,,,,,,,,,,,,,,,,,,,0.5508024924230862,16,2026-W16,0.595,True
2026-04-19 11:07:21+00:00,2026-04-19 11:00,KXETHD-26APR1908-T2309.99,2026-04-19T12:00:00Z,2320.6,2309.99,-0.457,0.865,real,0.998772,-3.0286,0.00016024,3.205e-05,0.00057257,0.056,0.15,0.00024826,-1.0,0.0,1.0,0.0,0.0,-0.0972,2.0,0.0,0.4292,0.0,2.061e-05,0.0,-1.0,1.0,2.0,2.0,-0.6926,False,False,0.0,0.0,31.44,44.24,False,-1.0,bearish,0.0,0.0,0.105,0.081826,trade,yes,False,False,37.0,52.61,,0.777778,0.05,50.0,1000.0,-3.0,4.0,0.5546,0.0,0.0,0.0,False,,True,True,7.8,2026-04-19 11:07:21+00:00,,,,,,,,,,,,,,,,,,,,,,,,,,,,,,,,,,,,,,,,,,,,,,,,,,,,,,,,,,,,,,,,,,,,,,,,,,,,,,,,,,,,,,,,,,,,,,,,,,,,,,,,,,0.49001057557931393,16,2026-W16,0.865,False
2026-04-19 11:24:16+00:00,2026-04-19 11:00,KXETHD-26APR1908-T2329.99,2026-04-19T12:00:00Z,2326.58,2329.99,0.1468,0.37,real,0.346667,0.3943,0.00069614,0.00063477,0.00073993,0.8579,0.12,0.00067683,-1.0,-1.0,0.0,2.0,-1.0,-0.3727,2.0,0.0,0.3154,0.0,2.142e-05,0.0,0.0,0.0,0.0,0.0,-0.0641,False,False,-1.0,-1.0,89.39,78.79,False,0.0,bearish,0.0,0.0,0.05131,0.021111,trade,no,False,False,37.0,35.68,,0.138676,0.05,50.0,1000.0,-2.0,-4.0,0.4693,0.6312,-0.0949,-0.0949,False,,True,False,-50.0,2026-04-19 11:24:16+00:00,,,,,,,,,,,,,,,,,,,,,,,,,,,,,,,,,,,,,,,,,,,,,,,,,,,,,,,,,,,,,,,,,,,,,,,,,,,,,,,,,,,,,,,,,,,,,,,,,,,,,,,,,,0.49001057557931393,16,2026-W16,0.63,True
2026-04-19 12:09:47+00:00,2026-04-19 12:00,KXETHD-26APR1909-T2329.99,2026-04-19T13:00:00Z,2332.96,2329.99,-0.1273,0.665,real,0.757953,-0.6997,0.00029745,0.00028228,0.000422,0.6689,0.15,0.00033817,-1.0,-1.0,0.0,1.0,0.0,-0.0427,2.0,0.0,0.3092,0.0,9.46e-06,0.0,0.0,0.0,0.0,0.0,0.1436,False,False,-1.0,-1.0,100.0,96.14,False,0.0,bearish,0.0,0.0,0.066356,0.035762,trade,yes,False,False,37.0,50.18,,0.198077,0.05,50.0,1000.0,-2.0,-6.0,0.467,0.2085,0.0747,0.0,False,,True,True,25.19,2026-04-19 12:09:47+00:00,,,,,,,,,,,,,,,,,,,,,,,,,,,,,,,,,,,,,,,,,,,,,,,,,,,,,,,,,,,,,,,,,,,,,,,,,,,,,,,,,,,,,,,,,,,,,,,,,,,,,,,,,,0.4967397746026538,16,2026-W16,0.665,False
2026-04-19 13:20:39+00:00,2026-04-19 13:00,KXETHD-26APR1910-T2349.99,2026-04-19T14:00:00Z,2341.75,2349.99,0.3517,0.295,real,0.270204,0.6122,0.00077954,0.00083168,0.00103923,0.8003,0.19,0.0009147,-1.0,-1.0,0.0,3.0,-1.0,-0.1682,2.0,-1.0,0.8576,0.0,-1.432e-05,0.0,1.0,-1.0,-2.0,-2.0,0.6436,False,False,-1.0,-1.0,100.0,91.11,False,0.0,bearish,0.0,0.0,0.051475,0.02358,trade,no,False,False,38.0,39.31,,0.174492,0.05,50.0,1000.0,0.0,-7.0,0.467,0.749,0.3087,0.3241,False,,False,True,20.92,2026-04-19 13:20:39+00:00,,,,,,,,,,,,,,,,,,,,,,,,,,,,,,,,,,,,,,,,,,,,,,,,,,,,,,,,,,,,,,,,,,,,,,,,,,,,,,,,,,,,,,,,,,,,,,,,,,,,,,,,,,0.48785673647518163,16,2026-W16,0.7050000000000001,True
2026-04-19 14:00:49+00:00,2026-04-19 14:00,KXETHD-26APR1911-T2349.99,2026-04-19T15:00:00Z,2340.61,2349.99,0.4008,0.23,real,0.125554,1.1477,0.00058553,0.00042993,0.00070402,0.6107,0.16,0.00053957,-1.0,-1.0,0.0,1.0,-1.0,-0.1964,2.0,-1.0,0.8387,0.0,-2.087e-05,0.0,0.0,0.0,-1.0,-1.0,0.5128,False,False,-1.0,0.0,77.07,77.35,False,0.0,bearish,0.0,0.0,0.114652,0.092509,trade,no,False,False,38.0,59.14,,0.498488,0.05,50.0,1000.0,0.0,-2.0,0.4797,-0.0863,0.0535,0.0535,False,,False,True,14.94,2026-04-19 14:00:49+00:00,,,,,,,,,,,,,,,,,,,,,,,,,,,,,,,,,,,,,,,,,,,,,,,,,,,,,,,,,,,,,,,,,,,,,,,,,,,,,,,,,,,,,,,,,,,,,,,,,,,,,,,,,,0.47329470545508817,16,2026-W16,0.77,True
2026-04-19 14:02:57+00:00,2026-04-19 14:00,KXETHD-26APR1911-T2329.99,2026-04-19T15:00:00Z,2338.7,2329.99,-0.3724,0.715,real,0.858018,-1.0715,0.00057864,0.00033509,0.0008698,0.3853,0.21,0.00054898,-1.0,-1.0,0.0,0.0,0.0,-0.0228,2.0,-1.0,0.8608,0.0,-2.087e-05,0.0,0.0,0.0,-1.0,-1.0,0.4779,False,False,-1.0,0.0,75.01,76.66,False,0.0,bearish,0.0,0.0,0.133927,0.104663,trade,yes,False,False,38.0,57.01,,0.469919,0.05,50.0,1000.0,0.0,-1.0,0.4842,-0.1183,0.0214,0.0214,False,,True,True,19.93,2026-04-19 14:02:57+00:00,,,,,,,,,,,,,,,,,,,,,,,,,,,,,,,,,,,,,,,,,,,,,,,,,,,,,,,,,,,,,,,,,,,,,,,,,,,,,,,,,,,,,,,,,,,,,,,,,,,,,,,,,,0.47329470545508817,16,2026-W16,0.715,False
2026-04-19 15:06:23+00:00,2026-04-19 15:00,KXETHD-26APR1912-T2329.99,2026-04-19T16:00:00Z,2337.81,2329.99,-0.3347,0.705,real,0.741573,-0.6482,0.00053629,0.00071334,0.00084996,0.8393,0.09,0.00076799,-1.0,-1.0,0.0,0.0,0.0,-0.0872,2.0,0.0,0.6268,0.0,-2.65e-05,0.0,0.0,0.0,-1.0,-1.0,0.4788,False,False,0.0,0.0,55.48,59.42,False,1.0,bearish,0.0,0.0,0.046602,0.017044,trade,yes,False,False,38.0,53.57,,0.157974,0.05,50.0,1000.0,0.0,0.0,0.5125,0.0377,-0.1546,-0.1546,False,,True,True,20.92,2026-04-19 15:06:23+00:00,,,,,,,,,,,,,,,,,,,,,,,,,,,,,,,,,,,,,,,,,,,,,,,,,,,,,,,,,,,,,,,,,,,,,,,,,,,,,,,,,,,,,,,,,,,,,,,,,,,,,,,,,,0.5573600114240469,16,2026-W16,0.705,True
2026-04-19 16:03:35+00:00,2026-04-19 16:00,KXETHD-26APR1913-T2329.99,2026-04-19T17:00:00Z,2327.5,2329.99,0.107,0.385,real,0.353238,0.3766,0.00078199,0.00050481,0.00048732,1.0359,0.15,0.00049781,-1.0,0.0,1.0,1.0,-1.0,-0.189,2.0,0.0,0.0122,1.0,-8.949e-05,0.0,0.0,0.0,0.0,0.0,0.0737,False,False,1.0,0.0,33.89,31.18,False,0.0,bearish,0.0,0.0,0.089223,0.059642,trade,no,False,False,37.0,56.37,,0.231747,0.05,50.0,1000.0,-2.0,0.0,0.4192,-0.3118,0.0309,0.0309,False,,False,True,31.3,2026-04-19 16:03:35+00:00,,,,,,,,,,,,,,,,,,,,,,,,,,,,,,,,,,,,,,,,,,,,,,,,,,,,,,,,,,,,,,,,,,,,,,,,,,,,,,,,,,,,,,,,,,,,,,,,,,,,,,,,,,0.5761029900868507,16,2026-W16,0.615,False
2026-04-19 16:55:26+00:00,2026-04-19 16:00,KXETHD-26APR1913-T2309.99,2026-04-19T17:00:00Z,2307.53,2309.99,0.1067,0.715,real,0.299067,0.5271,0.00065783,0.00088054,,,0.01,0.00088054,-1.0,1.0,2.0,0.0,0.0,0.0362,2.0,0.0,0.3908,0.0,-2.89e-06,0.0,-1.0,1.0,2.0,2.0,-0.7678,False,False,1.0,1.0,3.36,11.34,False,-1.0,bearish,0.0,0.0,0.372804,0.342047,trade,no,False,False,36.0,4.53,,0.521404,0.05,50.0,1000.0,-3.0,11.0,0.548,-0.6944,-0.6242,-0.6675,False,,True,False,-50.0,2026-04-19 16:55:26+00:00,,,,,,,,,,,,,,,,,,,,,,,,,,,,,,,,,,,,,,,,,,,,,,,,,,,,,,,,,,,,,,,,,,,,,,,,,,,,,,,,,,,,,,,,,,,,,,,,,,,,,,,,,,0.5761029900868507,16,2026-W16,0.28500000000000003,False
2026-04-19 17:02:50+00:00,2026-04-19 17:00,KXETHD-26APR1914-T2309.99,2026-04-19T18:00:00Z,2310.08,2309.99,-0.0041,0.46,real,0.502065,-0.0052,0.00073648,0.00103758,,,0.06,0.00103758,-1.0,0.0,1.0,0.0,0.0,-0.08,2.0,0.0,0.5369,0.0,4.9e-07,0.0,0.0,0.0,1.0,1.0,-0.6766,False,False,1.0,1.0,7.58,13.07,True,-1.0,bearish,0.0,0.0,0.084053,0.051665,trade,yes,False,False,37.0,57.12,,0.155653,0.05,50.0,1000.0,-3.0,7.0,0.542,-0.5292,-0.6003,0.0017,False,,False,False,-50.0,2026-04-19 17:02:50+00:00,,,,,,,,,,,,,,,,,,,,,,,,,,,,,,,,,,,,,,,,,,,,,,,,,,,,,,,,,,,,,,,,,,,,,,,,,,,,,,,,,,,,,,,,,,,,,,,,,,,,,,,,,,0.6006879252228333,16,2026-W16,0.46,True
2026-04-19 18:04:12+00:00,2026-04-19 18:00,KXETHD-26APR1915-T2289.99,2026-04-19T19:00:00Z,2298.37,2289.99,-0.3646,0.725,real,0.731121,-0.6162,0.00091028,0.00102946,0.00081829,1.2581,0.13,0.00094499,-1.0,1.0,2.0,0.0,0.0,0.0155,2.0,1.0,1.0,0.0,8.9e-07,-1.0,-1.0,1.0,2.0,2.0,-0.9764,False,False,1.0,1.0,11.62,18.93,False,-1.0,bearish,0.0,0.0,0.044383,0.015427,trade,yes,False,False,36.0,55.75,,0.161392,0.05,50.0,1000.0,-3.0,8.0,0.548,-0.898,-0.0448,0.0405,False,,True,True,18.97,2026-04-19 18:04:12+00:00,,,,,,,,,,,,,,,,,,,,,,,,,,,,,,,,,,,,,,,,,,,,,,,,,,,,,,,,,,,,,,,,,,,,,,,,,,,,,,,,,,,,,,,,,,,,,,,,,,,,,,,,,,0.5580571807681473,16,2026-W16,0.725,True
2026-04-19 18:28:31+00:00,2026-04-19 18:00,KXETHD-26APR1915-T2309.99,2026-04-19T19:00:00Z,2299.32,2309.99,0.4641,0.205,real,0.135474,1.1009,0.00080026,0.00058193,0.0010022,0.5807,0.07,0.00075004,-1.0,1.0,2.0,0.0,0.0,-0.0254,2.0,0.0,0.3684,0.0,6.85e-06,-1.0,-1.0,1.0,2.0,2.0,-1.0941,False,False,1.0,1.0,3.77,5.78,False,-1.0,bearish,0.0,0.0,0.041524,0.016951,trade,no,False,False,36.0,31.45,,0.202556,0.05,50.0,1000.0,-4.0,12.0,0.548,-0.3036,-0.1455,-0.1572,False,,False,True,12.89,2026-04-19 18:28:31+00:00,,,,,,,,,,,,,,,,,,,,,,,,,,,,,,,,,,,,,,,,,,,,,,,,,,,,,,,,,,,,,,,,,,,,,,,,,,,,,,,,,,,,,,,,,,,,,,,,,,,,,,,,,,0.5580571807681473,16,2026-W16,0.795,False
2026-04-19 19:01:18+00:00,2026-04-19 19:00,KXETHD-26APR1916-T2309.99,2026-04-19T20:00:00Z,2301.72,2309.99,0.3594,0.255,real,0.27523,0.5971,0.00072572,0.00083362,0.00071103,1.1724,0.15,0.00078459,-1.0,0.0,1.0,0.0,1.0,0.1302,2.0,0.0,0.4899,0.0,2.323e-05,-1.0,0.0,0.0,1.0,1.0,-0.6344,False,False,0.0,0.0,29.51,15.29,True,-1.0,bearish,0.0,0.0,0.075713,0.050412,trade,no,False,False,57.0,58.65,,0.296912,0.05,50.0,1000.0,-3.0,2.0,0.3741,0.2094,0.216,0.3292,False,,False,True,17.11,2026-04-19 19:01:18+00:00,,,,,,,,,,,,,,,,,,,,,,,,,,,,,,,,,,,,,,,,,,,,,,,,,,,,,,,,,,,,,,,,,,,,,,,,,,,,,,,,,,,,,,,,,,,,,,,,,,,,,,,,,,0.5821896551639095,16,2026-W16,0.745,False
2026-04-19 19:02:22+00:00,2026-04-19 19:00,KXETHD-26APR1917-T2309.99,2026-04-19T21:00:00Z,2301.86,2309.99,0.3532,0.315,real,0.336415,0.4223,0.00072559,0.00083342,0.00067501,1.2347,0.03,0.00077006,-1.0,-1.0,0.0,0.0,0.0,-0.0731,2.0,0.0,0.4745,0.0,2.323e-05,-1.0,0.0,0.0,1.0,1.0,-0.6353,False,False,0.0,0.0,29.47,15.28,True,-1.0,bearish,0.0,0.0,0.086344,0.058998,trade,no,False,False,57.0,117.6,,0.274107,0.05,50.0,1000.0,-3.0,2.0,0.3741,0.2086,0.2749,0.3283,False,,False,True,22.99,2026-04-19 19:02:22+00:00,,,,,,,,,,,,,,,,,,,,,,,,,,,,,,,,,,,,,,,,,,,,,,,,,,,,,,,,,,,,,,,,,,,,,,,,,,,,,,,,,,,,,,,,,,,,,,,,,,,,,,,,,,0.5821896551639095,16,2026-W16,0.685,False
2026-04-19 21:17:39+00:00,2026-04-19 21:00,KXETHD-26APR1918-T2289.99,2026-04-19T22:00:00Z,2282.95,2289.99,0.3082,0.315,real,0.241329,0.702,0.00110316,0.00068246,0.00098222,0.6948,0.01,0.00080236,-1.0,0.0,1.0,1.0,1.0,0.103,2.0,0.0,0.7776,-1.0,6.67e-05,-1.0,0.0,0.0,1.0,1.0,-0.8249,False,False,1.0,0.0,33.03,24.05,False,-1.0,bearish,0.0,0.0,0.057592,0.029211,trade,no,False,False,35.0,42.3,,0.182831,0.05,50.0,1000.0,-4.0,8.0,0.548,0.0938,0.0342,0.0368,False,,False,True,22.99,2026-04-19 21:17:39+00:00,,,,,,,,,,,,,,,,,,,,,,,,,,,,,,,,,,,,,,,,,,,,,,,,,,,,,,,,,,,,,,,,,,,,,,,,,,,,,,,,,,,,,,,,,,,,,,,,,,,,,,,,,,0.5927044369195836,16,2026-W16,0.685,False
2026-04-19 22:08:32+00:00,2026-04-19 22:00,KXETHD-26APR1919-T2269.99,2026-04-19T23:00:00Z,2270.11,2269.99,-0.0052,0.475,real,0.501168,-0.0029,0.00159374,0.0024644,,,0.15,0.0024644,-1.0,1.0,2.0,1.0,0.0,-0.0785,2.0,1.0,0.8342,-1.0,6.6e-05,0.0,-1.0,1.0,2.0,2.0,-1.1099,False,False,1.0,1.0,35.47,30.58,True,-1.0,bearish,0.0,0.0,0.044786,0.01233,trade,yes,False,False,35.0,51.43,,0.085308,0.042654,42.65,1000.0,-4.0,7.0,0.542,-0.8364,-0.239,0.3962,False,,True,True,47.14,2026-04-19 22:08:32+00:00,,,,,,,,,,,,,,,,,,,,,,,,,,,,,,,,,,,,,,,,,,,,,,,,,,,,,,,,,,,,,,,,,,,,,,,,,,,,,,,,,,,,,,,,,,,,,,,,,,,,,,,,,,0.5559346603101921,16,2026-W16,0.475,True
2026-04-19 23:53:21+00:00,2026-04-19 23:00,KXETHD-26APR1920-T2269.99,2026-04-20T00:00:00Z,2270.34,2269.99,-0.0153,0.225,real,0.5514,-0.1292,0.00074186,0.00049911,,,0.19,0.00049911,-1.0,0.0,1.0,1.0,1.0,0.2667,2.0,0.0,0.4579,-1.0,6.013e-05,-1.0,0.0,0.0,1.0,1.0,-0.9836,False,False,0.0,0.0,37.0,30.1,False,-1.0,bearish,0.0,0.0,0.296127,0.268921,trade,yes,False,False,34.0,6.61,,0.3821,0.05,50.0,1000.0,-4.0,5.0,0.4808,0.173,0.1209,0.1514,False,,False,False,-50.0,2026-04-19 23:53:21+00:00,,,,,,,,,,,,,,,,,,,,,,,,,,,,,,,,,,,,,,,,,,,,,,,,,,,,,,,,,,,,,,,,,,,,,,,,,,,,,,,,,,,,,,,,,,,,,,,,,,,,,,,,,,0.5808794034242754,16,2026-W16,0.225,True
2026-04-20 00:00:45+00:00,2026-04-20 00:00,KXETHD-26APR1921-T2269.99,2026-04-20T01:00:00Z,2264.53,2269.99,0.2411,0.305,real,0.245766,0.6879,0.00070918,0.00058862,0.00061349,0.9595,0.17,0.00059857,-1.0,-1.0,0.0,2.0,-1.0,-0.1471,2.0,0.0,0.5054,-1.0,6.009e-05,0.0,0.0,0.0,0.0,0.0,,False,False,1.0,0.0,23.95,25.7,False,-1.0,bearish,0.0,0.0,0.04287,0.01433,trade,no,False,False,34.0,59.2,,0.140556,0.05,50.0,1000.0,-4.0,8.0,0.548,-0.1792,-0.1836,-0.1875,False,,True,False,-50.0,2026-04-20 00:00:45+00:00,,,,,,,,,,,,,,,,,,,,,,,,,,,,,,,,,,,,,,,,,,,,,,,,,,,,,,,,,,,,,,,,,,,,,,,,,,,,,,,,,,,,,,,,,,,,,,,,,,,,,,,,,,0.5173863055329253,17,2026-W17,0.6950000000000001,False
2026-04-20 00:36:47+00:00,2026-04-20 00:00,KXETHD-26APR1921-T2289.99,2026-04-20T01:00:00Z,2277.06,2289.99,0.5678,0.21,real,0.124886,1.1509,0.00076089,0.00073083,0.00145833,0.5011,0.14,0.00102183,-1.0,0.0,1.0,0.0,1.0,0.1042,2.0,-1.0,0.9826,0.0,3.856e-05,0.0,0.0,0.0,0.0,0.0,,False,False,-1.0,0.0,62.84,58.86,False,0.0,bearish,0.0,0.0,0.1476,0.128505,trade,no,False,False,35.0,23.18,,0.702857,0.05,50.0,1000.0,-4.0,0.0,0.3156,0.2435,0.1267,-0.1251,False,,False,True,13.29,2026-04-20 00:36:47+00:00,,,,,,,,,,,,,,,,,,,,,,,,,,,,,,,,,,,,,,,,,,,,,,,,,,,,,,,,,,,,,,,,,,,,,,,,,,,,,,,,,,,,,,,,,,,,,,,,,,,,,,,,,,0.5173863055329253,17,2026-W17,0.79,False
2026-04-20 01:02:12+00:00,2026-04-20 01:00,KXETHD-26APR1922-T2289.99,2026-04-20T02:00:00Z,2283.19,2289.99,0.2976,0.235,real,0.183456,0.9023,0.00075109,0.00058964,0.00054129,1.0893,0.15,0.0005703,-1.0,-1.0,0.0,0.0,0.0,-0.0285,2.0,-1.0,0.8614,0.0,3.18e-05,1.0,0.0,0.0,0.0,0.0,0.078,False,False,-1.0,0.0,75.06,71.12,False,0.0,bearish,0.0,0.0,0.135831,0.114578,trade,no,False,False,35.0,57.74,,0.578005,0.05,50.0,1000.0,-4.0,0.0,0.3156,0.1106,-0.0053,-0.0289,False,,False,True,15.36,2026-04-20 01:02:12+00:00,,,,,,,,,,,,,,,,,,,,,,,,,,,,,,,,,,,,,,,,,,,,,,,,,,,,,,,,,,,,,,,,,,,,,,,,,,,,,,,,,,,,,,,,,,,,,,,,,,,,,,,,,,0.5155617486837107,17,2026-W17,0.765,False
2026-04-20 02:00:28+00:00,2026-04-20 02:00,KXETHD-26APR1923-T2289.99,2026-04-20T03:00:00Z,2287.07,2289.99,0.1276,0.52,real,0.390942,0.2769,0.00075251,0.00064926,,,0.04,0.00064926,-1.0,-1.0,0.0,0.0,0.0,-0.0725,2.0,0.0,0.7416,0.0,8.4e-06,1.0,0.0,0.0,-1.0,-1.0,0.2519,False,False,-1.0,0.0,76.48,82.3,True,0.0,bearish,0.0,0.0,0.26566,0.237385,trade,no,False,False,35.0,59.48,,0.510885,0.05,50.0,1000.0,-3.0,0.0,0.3156,-0.0131,-0.304,-0.1769,False,,False,True,54.17,2026-04-20 02:00:28+00:00,,,,,,,,,,,,,,,,,,,,,,,,,,,,,,,,,,,,,,,,,,,,,,,,,,,,,,,,,,,,,,,,,,,,,,,,,,,,,,,,,,,,,,,,,,,,,,,,,,,,,,,,,,0.5526507748969921,17,2026-W17,0.48,False
2026-04-20 03:15:42+00:00,2026-04-20 03:00,KXETHD-26APR2000-T2289.99,2026-04-20T04:00:00Z,2283.75,2289.99,0.2731,0.305,real,0.150341,1.035,0.00044284,0.00033279,0.00080362,0.4141,0.05,0.00052113,-1.0,-1.0,0.0,0.0,0.0,-0.0328,2.0,0.0,0.6679,0.0,4.48e-06,0.0,0.0,0.0,0.0,0.0,0.1283,False,False,-1.0,0.0,66.42,62.53,False,0.0,bearish,0.0,0.0,0.227051,0.20702,trade,no,False,False,35.0,44.26,,0.744429,0.05,50.0,1000.0,-3.0,0.0,0.3156,0.1927,0.2024,0.1496,False,,False,True,21.94,2026-04-20 03:15:42+00:00,,,,,,,,,,,,,,,,,,,,,,,,,,,,,,,,,,,,,,,,,,,,,,,,,,,,,,,,,,,,,,,,,,,,,,,,,,,,,,,,,,,,,,,,,,,,,,,,,,,,,,,,,,0.4990109206570857,17,2026-W17,0.6950000000000001,True
2026-04-20 05:09:57+00:00,2026-04-20 05:00,KXETHD-26APR2002-T2279.99,2026-04-20T06:00:00Z,2274.63,2279.99,0.2355,0.2,real,0.195868,0.8565,0.00037852,0.00050702,0.00039517,1.2831,0.16,0.00046228,-1.0,-1.0,0.0,1.0,-1.0,-0.2343,2.0,0.0,0.5508,0.0,-1.3e-06,0.0,0.0,0.0,0.0,0.0,-0.1025,False,False,1.0,0.0,25.19,39.3,False,0.0,bearish,0.0,0.0,0.092606,0.070895,trade,no,False,False,37.0,50.01,,0.463028,0.05,50.0,1000.0,-4.0,0.0,0.3156,-0.1096,-0.3334,0.0,False,,False,True,12.5,2026-04-20 05:09:57+00:00,,,,,,,,,,,,,,,,,,,,,,,,,,,,,,,,,,,,,,,,,,,,,,,,,,,,,,,,,,,,,,,,,,,,,,,,,,,,,,,,,,,,,,,,,,,,,,,,,,,,,,,,,,0.5605142281147337,17,2026-W17,0.8,False
2026-04-20 06:04:02+00:00,2026-04-20 06:00,KXETHD-26APR2003-T2299.99,2026-04-20T07:00:00Z,2276.15,2299.99,1.0475,0.165,real,0.014821,2.1748,0.00053764,0.00045145,0.00143057,0.3156,0.15,0.0008431,-1.0,-1.0,0.0,1.0,-1.0,-0.1284,2.0,0.0,0.5773,0.0,9.07e-06,0.0,0.0,0.0,0.0,0.0,-0.1867,False,False,0.0,0.0,45.93,30.92,False,0.0,bearish,0.0,0.0,0.135,0.117963,trade,no,False,False,38.0,55.92,,0.818182,0.026827,26.83,1000.0,-4.0,0.0,0.3156,0.3452,0.2122,0.1677,False,,False,True,5.3,2026-04-20 06:04:02+00:00,,,,,,,,,,,,,,,,,,,,,,,,,,,,,,,,,,,,,,,,,,,,,,,,,,,,,,,,,,,,,,,,,,,,,,,,,,,,,,,,,,,,,,,,,,,,,,,,,,,,,,,,,,0.5156864488260259,17,2026-W17,0.835,False
2026-04-20 06:09:19+00:00,2026-04-20 06:00,KXETHD-26APR2003-T2279.99,2026-04-20T07:00:00Z,2274.41,2279.99,0.2455,0.345,real,0.263389,0.6329,0.00056224,0.00050426,0.00086394,0.5837,0.01,0.00064813,-1.0,-1.0,0.0,1.0,-1.0,-0.2346,2.0,0.0,0.58,0.0,1.028e-05,0.0,0.0,0.0,1.0,1.0,-0.2726,False,False,0.0,0.0,37.08,27.97,False,-1.0,bearish,0.0,0.0,0.190415,0.166266,trade,no,False,False,38.0,50.64,,0.551927,0.05,50.0,1000.0,-4.0,0.0,0.3156,0.185,0.0814,-0.1182,False,,True,False,-50.0,2026-04-20 06:09:19+00:00,,,,,,,,,,,,,,,,,,,,,,,,,,,,,,,,,,,,,,,,,,,,,,,,,,,,,,,,,,,,,,,,,,,,,,,,,,,,,,,,,,,,,,,,,,,,,,,,,,,,,,,,,,0.5156864488260259,17,2026-W17,0.655,False
2026-04-20 07:46:45+00:00,2026-04-20 07:00,KXETHD-26APR2004-T2299.99,2026-04-20T08:00:00Z,2301.21,2299.99,-0.0529,0.46,real,0.547192,-0.1186,0.00134167,0.00122733,,,0.1,0.00122733,-1.0,-1.0,0.0,1.0,-1.0,-0.2731,2.0,0.0,0.648,0.0,8.89e-06,0.0,0.0,0.0,-1.0,-1.0,0.3797,False,False,-1.0,0.0,45.18,56.67,False,1.0,bearish,0.0,0.0,0.097108,0.06472,trade,yes,False,False,39.0,13.2,,0.17983,0.036865,36.86,1000.0,0.0,0.0,0.5125,0.3024,-0.2126,-0.1192,False,,False,False,-36.86,2026-04-20 07:46:45+00:00,,,,,,,,,,,,,,,,,,,,,,,,,,,,,,,,,,,,,,,,,,,,,,,,,,,,,,,,,,,,,,,,,,,,,,,,,,,,,,,,,,,,,,,,,,,,,,,,,,,,,,,,,,0.49506400790157534,17,2026-W17,0.46,False
2026-04-20 08:33:22+00:00,2026-04-20 08:00,KXETHD-26APR2005-T2299.99,2026-04-20T09:00:00Z,2300.44,2299.99,-0.0194,0.48,real,0.514792,-0.0371,0.001106,0.00101442,,,0.1,0.00101442,0.0,-1.0,0.0,0.0,0.0,-0.0288,2.0,0.0,0.6574,0.0,-2.071e-05,1.0,0.0,0.0,-1.0,-1.0,0.4829,False,False,-1.0,0.0,50.54,50.38,False,1.0,bearish,0.0,0.0,0.044782,0.01231,trade,yes,False,False,39.0,26.59,,0.086118,0.042709,42.71,1000.0,0.0,0.0,0.5125,0.0561,-0.1277,0.1581,False,,False,False,-42.71,2026-04-20 08:33:22+00:00,,,,,,,,,,,,,,,,,,,,,,,,,,,,,,,,,,,,,,,,,,,,,,,,,,,,,,,,,,,,,,,,,,,,,,,,,,,,,,,,,,,,,,,,,,,,,,,,,,,,,,,,,,0.49791967717008245,17,2026-W17,0.48,False
2026-04-20 09:04:01+00:00,2026-04-20 09:00,KXETHD-26APR2006-T2299.99,2026-04-20T10:00:00Z,2294.49,2299.99,0.2398,0.305,real,0.253428,0.6637,0.00074716,0.00053864,0.00062771,0.8581,0.15,0.00057427,0.0,-1.0,0.0,1.0,-1.0,-0.186,2.0,0.0,0.214,0.0,-1.744e-05,1.0,0.0,0.0,0.0,0.0,0.3109,False,False,0.0,0.0,43.06,43.97,False,1.0,bearish,0.0,0.0,0.043482,0.014963,trade,no,False,False,38.0,55.94,,0.142563,0.05,50.0,1000.0,0.0,0.0,0.5125,-0.1409,0.1142,0.0418,False,,True,False,-50.0,2026-04-20 09:04:01+00:00,,,,,,,,,,,,,,,,,,,,,,,,,,,,,,,,,,,,,,,,,,,,,,,,,,,,,,,,,,,,,,,,,,,,,,,,,,,,,,,,,,,,,,,,,,,,,,,,,,,,,,,,,,0.46923809094332103,17,2026-W17,0.6950000000000001,True
2026-04-20 10:03:12+00:00,2026-04-20 10:00,KXETHD-26APR2007-T2319.99,2026-04-20T11:00:00Z,2312.2,2319.99,0.3371,0.245,real,0.161682,0.9876,0.00072313,0.00046602,0.00064704,0.7202,0.15,0.00053843,1.0,-1.0,0.0,1.0,-1.0,-0.136,2.0,-1.0,0.8817,0.0,-5.87e-06,1.0,0.0,0.0,-1.0,-1.0,0.7292,False,False,-1.0,0.0,51.89,59.87,False,1.0,bearish,0.0,0.0,0.093094,0.069076,trade,no,False,False,39.0,56.76,,0.379977,0.047252,47.25,1000.0,0.0,-2.0,0.4797,0.2293,-0.2235,-0.0355,False,,False,True,15.33,2026-04-20 10:03:12+00:00,,,,,,,,,,,,,,,,,,,,,,,,,,,,,,,,,,,,,,,,,,,,,,,,,,,,,,,,,,,,,,,,,,,,,,,,,,,,,,,,,,,,,,,,,,,,,,,,,,,,,,,,,,0.4694932574135059,17,2026-W17,0.755,True
2026-04-20 11:03:27+00:00,2026-04-20 11:00,KXETHD-26APR2008-T2299.99,2026-04-20T12:00:00Z,2305.51,2299.99,-0.2395,0.655,real,0.691053,-0.4988,0.00075859,0.00062522,0.00079969,0.7818,0.21,0.00069501,1.0,0.0,1.0,0.0,1.0,0.1162,2.0,0.0,0.5111,0.0,-8.57e-06,0.0,0.0,0.0,-1.0,-1.0,0.454,False,False,1.0,0.0,47.04,52.45,False,0.0,bearish,0.0,0.0,0.044829,0.01401,trade,yes,False,False,38.0,56.51,,0.129938,0.012637,12.64,1000.0,0.0,0.0,0.5125,-0.3182,-0.2245,-0.2245,False,,True,True,6.66,2026-04-20 11:03:27+00:00,,,,,,,,,,,,,,,,,,,,,,,,,,,,,,,,,,,,,,,,,,,,,,,,,,,,,,,,,,,,,,,,,,,,,,,,,,,,,,,,,,,,,,,,,,,,,,,,,,,,,,,,,,0.47443969487511944,17,2026-W17,0.655,False
2026-04-20 12:05:49+00:00,2026-04-20 12:00,KXETHD-26APR2009-T2319.99,2026-04-20T13:00:00Z,2308.93,2319.99,0.4792,0.215,real,0.172619,0.9439,0.00078853,0.00081692,0.00082325,0.9923,0.05,0.00081945,1.0,-1.0,0.0,0.0,0.0,-0.0329,2.0,0.0,0.1777,0.0,1.362e-05,0.0,0.0,0.0,-1.0,-1.0,0.6982,False,False,0.0,0.0,61.89,64.81,False,1.0,bearish,0.0,0.0,0.050359,0.025731,trade,no,False,False,39.0,54.14,,0.234226,0.040893,40.89,1000.0,0.0,-1.0,0.4842,0.0706,-0.1656,0.1114,False,,False,True,11.2,2026-04-20 12:05:49+00:00,,,,,,,,,,,,,,,,,,,,,,,,,,,,,,,,,,,,,,,,,,,,,,,,,,,,,,,,,,,,,,,,,,,,,,,,,,,,,,,,,,,,,,,,,,,,,,,,,,,,,,,,,,0.46475843428979563,17,2026-W17,0.785,True
2026-04-20 13:04:01+00:00,2026-04-20 13:00,KXETHD-26APR2010-T2319.99,2026-04-20T14:00:00Z,2316.2,2319.99,0.1638,0.395,real,0.363555,0.349,0.00082643,0.00069635,0.00082168,0.8475,0.05,0.00074648,1.0,0.0,1.0,0.0,1.0,0.1245,2.0,0.0,0.6953,0.0,1.824e-05,0.0,0.0,0.0,-1.0,-1.0,0.8365,False,False,0.0,0.0,66.74,66.1,False,1.0,bearish,0.0,0.0,0.043274,0.012313,trade,no,False,False,40.0,55.94,,0.109555,0.05,50.0,1000.0,0.0,-1.0,0.4842,-0.1229,-0.0669,-0.1634,False,,False,True,32.64,2026-04-20 13:04:01+00:00,,,,,,,,,,,,,,,,,,,,,,,,,,,,,,,,,,,,,,,,,,,,,,,,,,,,,,,,,,,,,,,,,,,,,,,,,,,,,,,,,,,,,,,,,,,,,,,,,,,,,,,,,,0.5000538313672798,17,2026-W17,0.605,False
2026-04-20 14:05:27+00:00,2026-04-20 14:00,KXETHD-26APR2011-T2319.99,2026-04-20T15:00:00Z,2307.53,2319.99,0.5399,0.29,real,0.238137,0.7123,0.00128549,0.00115293,0.00131796,0.8748,0.04,0.00121894,1.0,-1.0,0.0,1.0,-1.0,-0.1776,2.0,0.0,0.5722,0.0,2.68e-05,0.0,0.0,0.0,0.0,0.0,0.1905,False,False,1.0,0.0,26.37,41.2,False,0.0,bearish,0.0,0.0,0.044033,0.01605,trade,no,False,False,40.0,54.51,,0.151838,0.05,50.0,1000.0,0.0,0.0,0.5125,-0.296,0.0889,0.0,False,,False,True,20.42,2026-04-20 14:05:27+00:00,,,,,,,,,,,,,,,,,,,,,,,,,,,,,,,,,,,,,,,,,,,,,,,,,,,,,,,,,,,,,,,,,,,,,,,,,,,,,,,,,,,,,,,,,,,,,,,,,,,,,,,,,,0.537806937204038,17,2026-W17,0.71,False
2026-04-20 14:13:55+00:00,2026-04-20 14:00,KXETHD-26APR2011-T2299.99,2026-04-20T15:00:00Z,2300.7,2299.99,-0.0307,0.51,real,0.512729,-0.0319,0.00127578,0.00115992,0.00180499,0.6426,0.04,0.00141795,1.0,0.0,1.0,1.0,-1.0,-0.1522,2.0,0.0,0.6639,0.0,3.168e-05,0.0,0.0,0.0,0.0,0.0,-0.2267,False,False,1.0,1.0,11.92,36.39,False,0.0,bearish,0.0,0.0,0.071016,0.038523,trade,yes,False,False,40.0,46.04,,0.144931,0.020443,20.44,1000.0,0.0,2.0,0.5854,-0.5066,-0.322,-0.0126,False,,False,False,-20.44,2026-04-20 14:13:55+00:00,,,,,,,,,,,,,,,,,,,,,,,,,,,,,,,,,,,,,,,,,,,,,,,,,,,,,,,,,,,,,,,,,,,,,,,,,,,,,,,,,,,,,,,,,,,,,,,,,,,,,,,,,,0.537806937204038,17,2026-W17,0.51,True
2026-04-20 15:06:57+00:00,2026-04-20 15:00,KXETHD-26APR2012-T2299.99,2026-04-20T16:00:00Z,2283.46,2299.99,0.7239,0.205,real,0.219249,0.7747,0.00162671,0.00151515,0.00120261,1.2599,0.05,0.00139014,1.0,1.0,2.0,0.0,0.0,-0.0386,2.0,0.0,0.2278,0.0,4.612e-05,-1.0,-1.0,1.0,2.0,2.0,-0.9289,False,False,1.0,1.0,10.96,16.04,False,0.0,bearish,0.0,0.0,0.053411,0.029409,trade,no,False,False,39.0,52.99,,0.260543,0.05,50.0,1000.0,0.0,4.0,0.5496,-0.9908,-0.0438,-0.2689,True,,True,False,-50.0,2026-04-20 15:06:57+00:00,,,,,,,,,,,,,,,,,,,,,,,,,,,,,,,,,,,,,,,,,,,,,,,,,,,,,,,,,,,,,,,,,,,,,,,,,,,,,,,,,,,,,,,,,,,,,,,,,,,,,,,,,,0.4736159798987367,17,2026-W17,0.795,True
2026-04-20 16:02:15+00:00,2026-04-20 16:00,KXETHD-26APR2013-T2319.99,2026-04-20T17:00:00Z,2311.39,2319.99,0.3722,0.31,real,0.261262,0.6395,0.00126388,0.00085999,0.00098637,0.8719,0.04,0.00091054,0.0,-1.0,0.0,1.0,0.0,-0.0319,2.0,1.0,0.9522,-1.0,5.23e-05,1.0,0.0,0.0,0.0,0.0,0.2088,False,False,-1.0,0.0,69.43,71.32,False,1.0,bearish,0.0,0.0,0.05552,0.02724,trade,no,False,False,40.0,57.71,,0.179098,0.040274,40.27,1000.0,0.0,0.0,0.5125,0.0251,0.1898,-0.0355,False,,False,True,18.09,2026-04-20 16:02:15+00:00,,,,,,,,,,,,,,,,,,,,,,,,,,,,,,,,,,,,,,,,,,,,,,,,,,,,,,,,,,,,,,,,,,,,,,,,,,,,,,,,,,,,,,,,,,,,,,,,,,,,,,,,,,0.5298831388044936,17,2026-W17,0.69,False
2026-04-20 16:03:18+00:00,2026-04-20 16:00,KXETHD-26APR2013-T2299.99,2026-04-20T17:00:00Z,2311.39,2299.99,-0.4932,0.75,real,0.807825,-0.8699,0.00120978,0.00084917,0.00097411,0.8717,0.02,0.00089915,0.0,-1.0,0.0,1.0,0.0,-0.0153,2.0,1.0,0.9522,-1.0,6.807e-05,1.0,0.0,0.0,0.0,0.0,0.2088,False,False,-1.0,0.0,69.43,71.32,False,1.0,bearish,0.0,0.0,0.049601,0.021476,trade,yes,False,False,40.0,56.62,,0.198405,0.05,50.0,1000.0,0.0,0.0,0.5125,0.0251,0.0688,-0.0355,False,,False,False,-50.0,2026-04-20 16:03:18+00:00,,,,,,,,,,,,,,,,,,,,,,,,,,,,,,,,,,,,,,,,,,,,,,,,,,,,,,,,,,,,,,,,,,,,,,,,,,,,,,,,,,,,,,,,,,,,,,,,,,,,,,,,,,0.5298831388044936,17,2026-W17,0.75,True
2026-04-20 17:19:48+00:00,2026-04-20 17:00,KXETHD-26APR2014-T2319.99,2026-04-20T18:00:00Z,2320.22,2319.99,-0.01,0.395,real,0.507828,-0.0196,0.00099342,0.00081445,,,0.05,0.00081445,0.0,0.0,1.0,1.0,1.0,0.1221,2.0,0.0,,-1.0,6.628e-05,0.0,0.0,0.0,0.0,0.0,,False,False,0.0,0.0,,,False,0.0,bearish,0.0,0.0,0.097828,0.0661,trade,yes,False,False,40.0,39.03,,0.1617,0.05,50.0,1000.0,0.0,0.0,0.509,0.0,0.0,0.0,False,,False,False,-50.0,2026-04-20 17:19:48+00:00,,,,,,,,,,,,,,,,,,,,,,,,,,,,,,,,,,,,,,,,,,,,,,,,,,,,,,,,,,,,,,,,,,,,,,,,,,,,,,,,,,,,,,,,,,,,,,,,,,,,,,,,,,0.46123526287155353,17,2026-W17,0.395,False
2026-04-20 18:22:12+00:00,2026-04-20 18:00,KXETHD-26APR2015-T2339.99,2026-04-20T19:00:00Z,2332.13,2339.99,0.337,0.275,real,0.266902,0.6222,0.00087436,0.00076188,0.00093379,0.8159,0.03,0.00083065,0.0,-1.0,0.0,3.0,0.0,0.0693,1.0,0.0,0.5889,-1.0,7.434e-05,0.0,1.0,-1.0,-2.0,-2.0,0.9766,False,False,-1.0,-1.0,93.17,95.78,True,1.0,bearish,0.0,0.0,0.048205,0.02093,trade,no,False,False,40.0,36.32,,0.175292,0.02253,22.53,1000.0,0.0,-9.0,0.461,0.493,0.0618,0.0438,False,,False,True,8.55,2026-04-20 18:22:12+00:00,,,,,,,,,,,,,,,,,,,,,,,,,,,,,,,,,,,,,,,,,,,,,,,,,,,,,,,,,,,,,,,,,,,,,,,,,,,,,,,,,,,,,,,,,,,,,,,,,,,,,,,,,,0.4617076356838515,17,2026-W17,0.725,True
2026-04-20 19:13:28+00:00,2026-04-20 19:00,KXETHD-26APR2016-T2339.99,2026-04-20T20:00:00Z,2334.17,2339.99,0.2493,0.325,real,0.290604,0.5516,0.00082325,0.00057253,0.00081287,0.7043,0.03,0.00066866,0.0,-1.0,0.0,1.0,0.0,-0.0077,2.0,0.0,0.5564,0.0,-2.226e-05,1.0,1.0,-1.0,-2.0,-2.0,0.8598,False,False,-1.0,0.0,78.59,82.85,False,1.0,bearish,0.0,0.0,0.095426,0.068045,trade,no,False,False,63.0,45.58,,0.293617,0.05,50.0,1000.0,0.0,-5.0,0.4068,-0.0642,0.0909,0.0051,False,,False,True,24.07,2026-04-20 19:13:28+00:00,,,,,,,,,,,,,,,,,,,,,,,,,,,,,,,,,,,,,,,,,,,,,,,,,,,,,,,,,,,,,,,,,,,,,,,,,,,,,,,,,,,,,,,,,,,,,,,,,,,,,,,,,,0.4891148024965362,17,2026-W17,0.675,True
2026-04-20 19:15:26+00:00,2026-04-20 19:00,KXETHD-26APR2017-T2339.99,2026-04-20T21:00:00Z,2333.87,2339.99,0.2622,0.305,real,0.319466,0.4692,0.00082437,0.00057606,0.00050301,1.1452,0.05,0.00054684,0.0,-1.0,0.0,0.0,0.0,0.0907,2.0,0.0,0.5987,0.0,-2.226e-05,1.0,0.0,0.0,-1.0,-1.0,0.8268,False,False,-1.0,0.0,76.89,78.76,False,1.0,bearish,0.0,0.0,0.070499,0.042933,trade,no,False,False,63.0,104.14,,0.231144,0.05,50.0,1000.0,0.0,-4.0,0.375,-0.0959,0.0446,-0.0266,False,,False,True,21.94,2026-04-20 19:15:26+00:00,,,,,,,,,,,,,,,,,,,,,,,,,,,,,,,,,,,,,,,,,,,,,,,,,,,,,,,,,,,,,,,,,,,,,,,,,,,,,,,,,,,,,,,,,,,,,,,,,,,,,,,,,,0.4891148024965362,17,2026-W17,0.6950000000000001,True
2026-04-20 21:41:02+00:00,2026-04-20 21:00,KXETHD-26APR2018-T2319.99,2026-04-20T22:00:00Z,2319.58,2319.99,0.0178,0.53,real,0.475343,0.0618,0.00104976,0.00072056,,,0.16,0.00072056,0.0,0.0,1.0,1.0,-1.0,-0.1398,2.0,-1.0,0.8787,0.0,1.467e-05,1.0,0.0,0.0,0.0,0.0,0.0926,False,False,1.0,1.0,9.59,15.25,False,0.0,bearish,0.0,0.0,0.056403,0.023966,trade,yes,False,False,39.0,18.92,,0.120006,0.05,50.0,1000.0,0.0,3.0,0.6369,-0.124,0.0004,-0.0439,False,,True,True,44.34,2026-04-20 21:41:02+00:00,,,,,,,,,,,,,,,,,,,,,,,,,,,,,,,,,,,,,,,,,,,,,,,,,,,,,,,,,,,,,,,,,,,,,,,,,,,,,,,,,,,,,,,,,,,,,,,,,,,,,,,,,,0.5291049077007747,17,2026-W17,0.53,True
2026-04-20 22:15:55+00:00,2026-04-20 22:00,KXETHD-26APR2019-T2319.99,2026-04-20T23:00:00Z,2324.49,2319.99,-0.1938,0.61,real,0.674454,-0.4522,0.0006662,0.00058479,0.00104655,0.5588,0.12,0.0007695,0.0,-1.0,0.0,1.0,-1.0,-0.1386,2.0,0.0,0.7818,0.0,1.469e-05,-1.0,0.0,0.0,0.0,0.0,0.285,False,False,0.0,0.0,25.8,22.39,False,0.0,bearish,0.0,0.0,0.073432,0.041779,trade,yes,False,False,40.0,44.02,,0.188287,0.05,50.0,1000.0,0.0,0.0,0.5125,0.3033,-0.0142,0.0,False,,True,True,31.97,2026-04-20 22:15:55+00:00,,,,,,,,,,,,,,,,,,,,,,,,,,,,,,,,,,,,,,,,,,,,,,,,,,,,,,,,,,,,,,,,,,,,,,,,,,,,,,,,,,,,,,,,,,,,,,,,,,,,,,,,,,0.5148586474165769,17,2026-W17,0.61,True
2026-04-20 23:15:14+00:00,2026-04-20 23:00,KXETHD-26APR2020-T2319.99,2026-04-21T00:00:00Z,2311.76,2319.99,0.356,0.2,real,0.136415,1.0966,0.00066184,0.00045688,0.00063127,0.7237,0.14,0.00052663,0.0,0.0,1.0,1.0,-1.0,-0.203,2.0,0.0,0.647,0.0,8.28e-06,0.0,0.0,0.0,0.0,0.0,-0.3141,False,False,1.0,1.0,1.32,5.9,False,0.0,bearish,0.0,0.0,0.040581,0.0162,trade,no,False,False,39.0,44.73,,0.202903,0.05,50.0,1000.0,0.0,4.0,0.5496,-0.3954,-0.0743,0.0195,False,,False,True,12.5,2026-04-20 23:15:14+00:00,,,,,,,,,,,,,,,,,,,,,,,,,,,,,,,,,,,,,,,,,,,,,,,,,,,,,,,,,,,,,,,,,,,,,,,,,,,,,,,,,,,,,,,,,,,,,,,,,,,,,,,,,,0.5447203196005221,17,2026-W17,0.8,False
2026-04-21 00:03:44+00:00,2026-04-21 00:00,KXETHD-26APR2021-T2319.99,2026-04-21T01:00:00Z,2316.78,2319.99,0.1384,0.425,real,0.335936,0.4236,0.00042349,0.00030475,0.00097536,0.3124,0.15,0.00057299,1.0,0.0,1.0,0.0,1.0,0.2879,2.0,0.0,0.723,0.0,9.7e-06,0.0,0.0,0.0,0.0,0.0,,False,False,0.0,0.0,23.42,19.03,False,0.0,bearish,0.0,0.0,0.235298,0.209538,trade,no,False,False,39.0,56.21,,0.553643,0.035906,35.91,1000.0,0.0,0.0,0.5125,0.2922,0.0894,0.1314,False,,True,False,-35.91,2026-04-21 00:03:44+00:00,,,,,,,,,,,,,,,,,,,,,,,,,,,,,,,,,,,,,,,,,,,,,,,,,,,,,,,,,,,,,,,,,,,,,,,,,,,,,,,,,,,,,,,,,,,,,,,,,,,,,,,,,,0.5164731503960005,17,2026-W17,0.575,False
2026-04-21 01:00:04+00:00,2026-04-21 01:00,KXETHD-26APR2022-T2319.99,2026-04-21T02:00:00Z,2322.33,2319.99,-0.1009,0.575,real,0.589717,-0.2268,0.00054499,0.00080169,0.00069002,1.1618,0.15,0.00075702,1.0,-1.0,0.0,0.0,0.0,-0.0121,2.0,0.0,0.5658,0.0,5.05e-06,0.0,0.0,0.0,-1.0,-1.0,0.0791,False,False,-1.0,0.0,59.28,53.95,False,0.0,bearish,0.0,0.0,0.176295,0.144189,trade,yes,False,False,30.0,59.87,,0.414813,0.043256,43.26,1000.0,0.0,0.0,0.5125,0.1174,-0.17,0.0,False,,False,False,-43.26,2026-04-21 01:00:04+00:00,,,,,,,,,,,,,,,,,,,,,,,,,,,,,,,,,,,,,,,,,,,,,,,,,,,,,,,,,,,,,,,,,,,,,,,,,,,,,,,,,,,,,,,,,,,,,,,,,,,,,,,,,,0.541146338506456,17,2026-W17,0.575,True
2026-04-21 02:03:14+00:00,2026-04-21 02:00,KXETHD-26APR2023-T2319.99,2026-04-21T03:00:00Z,2311.4,2319.99,0.3715,0.165,real,0.126713,1.1421,0.00056727,0.00060847,0.00050546,1.2038,0.07,0.00056726,1.0,1.0,2.0,1.0,-1.0,-0.2292,2.0,1.0,1.0,0.0,7.68e-06,0.0,-1.0,1.0,2.0,0.0,0.0113,False,True,1.0,1.0,19.53,42.43,False,0.0,bearish,0.0,0.0,0.091303,0.066658,trade,yes,False,False,40.0,56.71,,0.109344,0.031173,31.17,1000.0,0.0,2.0,0.5854,-0.4008,-0.2379,-0.0869,False,,False,False,-31.17,2026-04-21 02:03:14+00:00,,,,,,,,,,,,,,,,,,,,,,,,,,,,,,,,,,,,,,,,,,,,,,,,,,,,,,,,,,,,,,,,,,,,,,,,,,,,,,,,,,,,,,,,,,,,,,,,,,,,,,,,,,0.5282137744106802,17,2026-W17,0.165,True
2026-04-21 04:01:07+00:00,2026-04-21 04:00,KXETHD-26APR2101-T2309.99,2026-04-21T05:00:00Z,2312.88,2309.99,-0.1248,0.675,real,0.650754,-0.3874,0.00072204,0.00068247,0.00035877,1.9023,0.15,0.00055299,1.0,-1.0,0.0,1.0,-1.0,-0.2276,2.0,-1.0,0.8627,0.0,3.742e-05,0.0,0.0,0.0,0.0,0.0,0.0849,False,False,-1.0,0.0,46.17,36.61,True,0.0,bearish,0.0,0.0,0.093398,0.063042,trade,yes,False,False,41.0,58.83,,0.287379,0.05,50.0,1000.0,0.0,0.0,0.5125,0.1208,0.0,0.0,False,,True,True,24.07,2026-04-21 04:01:07+00:00,,,,,,,,,,,,,,,,,,,,,,,,,,,,,,,,,,,,,,,,,,,,,,,,,,,,,,,,,,,,,,,,,,,,,,,,,,,,,,,,,,,,,,,,,,,,,,,,,,,,,,,,,,0.5049758066773218,17,2026-W17,0.675,True
2026-04-21 06:03:10+00:00,2026-04-21 06:00,KXETHD-26APR2103-T2309.99,2026-04-21T07:00:00Z,2312.77,2309.99,-0.1204,0.71,real,0.801636,-0.8475,0.00038907,0.00022101,0.00028879,0.7653,0.1,0.00024813,1.0,-1.0,0.0,1.0,-1.0,-0.1173,2.0,0.0,0.7558,0.0,4.315e-05,0.0,0.0,0.0,-1.0,-1.0,0.1911,False,False,0.0,0.0,73.28,75.41,False,0.0,bearish,0.0,0.0,0.058398,0.028985,trade,yes,False,False,41.0,56.79,,0.201373,0.05,50.0,1000.0,0.0,0.0,0.5125,0.0246,0.0436,0.0,False,,True,True,20.42,2026-04-21 06:03:10+00:00,,,,,,,,,,,,,,,,,,,,,,,,,,,,,,,,,,,,,,,,,,,,,,,,,,,,,,,,,,,,,,,,,,,,,,,,,,,,,,,,,,,,,,,,,,,,,,,,,,,,,,,,,,0.4956858642526118,17,2026-W17,0.71,False
2026-04-21 08:02:03+00:00,2026-04-21 08:00,KXETHD-26APR2105-T2329.99,2026-04-21T09:00:00Z,2319.98,2329.99,0.4314,0.15,real,0.089719,1.3425,0.00055666,0.00047222,0.00054584,0.8651,0.24,0.00050167,1.0,-1.0,0.0,1.0,-1.0,-0.1448,2.0,0.0,0.6496,0.0,-2.255e-05,0.0,0.0,0.0,-1.0,-1.0,0.3385,False,False,0.0,0.0,64.05,66.66,False,0.0,bearish,0.0,0.0,0.111834,0.094265,trade,no,False,False,42.0,57.9,,0.745562,0.05,50.0,1000.0,0.0,0.0,0.5125,-0.1012,-0.0655,0.0293,False,,False,True,8.82,2026-04-21 08:02:03+00:00,,,,,,,,,,,,,,,,,,,,,,,,,,,,,,,,,,,,,,,,,,,,,,,,,,,,,,,,,,,,,,,,,,,,,,,,,,,,,,,,,,,,,,,,,,,,,,,,,,,,,,,,,,0.4869453065593612,17,2026-W17,0.85,True
2026-04-21 09:01:24+00:00,2026-04-21 09:00,KXETHD-26APR2106-T2329.99,2026-04-21T10:00:00Z,2325.29,2329.99,0.2022,0.29,real,0.353476,0.376,0.00077871,0.00107533,0.00047711,2.2539,0.12,0.00083604,1.0,-1.0,0.0,0.0,0.0,-0.0667,2.0,0.0,0.6198,0.0,-1.018e-05,0.0,0.0,0.0,-1.0,-1.0,0.3843,False,False,0.0,0.0,45.82,63.88,True,0.0,bearish,0.0,0.0,0.114806,0.08969,trade,no,False,False,42.0,58.55,,0.395881,0.05,50.0,1000.0,0.0,0.0,0.5125,-0.1024,-0.2522,0.0,False,,False,True,20.42,2026-04-21 09:01:24+00:00,,,,,,,,,,,,,,,,,,,,,,,,,,,,,,,,,,,,,,,,,,,,,,,,,,,,,,,,,,,,,,,,,,,,,,,,,,,,,,,,,,,,,,,,,,,,,,,,,,,,,,,,,,0.4578186642496729,17,2026-W17,0.71,True
2026-04-21 10:01:45+00:00,2026-04-21 10:00,KXETHD-26APR2107-T2329.99,2026-04-21T11:00:00Z,2327.19,2329.99,0.1204,0.42,real,0.340126,0.4121,0.00047839,0.00023849,0.00078108,0.3053,0.24,0.00045552,1.0,-1.0,0.0,2.0,-1.0,-0.1691,2.0,0.0,0.4953,0.0,-3.94e-06,0.0,1.0,-1.0,-2.0,-2.0,0.6412,False,False,-1.0,0.0,57.96,58.51,False,1.0,bearish,0.0,0.0,0.25918,0.234733,trade,no,False,False,42.0,58.2,,0.617096,0.040914,40.91,1000.0,1.0,-1.0,0.5038,0.2969,0.0555,0.0555,False,,True,False,-40.91,2026-04-21 10:01:45+00:00,,,,,,,,,,,,,,,,,,,,,,,,,,,,,,,,,,,,,,,,,,,,,,,,,,,,,,,,,,,,,,,,,,,,,,,,,,,,,,,,,,,,,,,,,,,,,,,,,,,,,,,,,,0.46342998224660337,17,2026-W17,0.5800000000000001,True
2026-04-21 11:01:06+00:00,2026-04-21 11:00,KXETHD-26APR2108-T2329.99,2026-04-21T12:00:00Z,2331.33,2329.99,-0.0575,0.555,real,0.574115,-0.1869,0.00043746,0.00043494,0.00054241,0.8019,0.15,0.00047793,1.0,-1.0,0.0,3.0,-1.0,-0.2217,2.0,0.0,0.6932,0.0,-1.865e-05,0.0,1.0,-1.0,-2.0,-2.0,0.7633,False,False,0.0,-1.0,71.66,79.4,True,1.0,bearish,0.0,0.0,0.237135,0.204847,trade,yes,False,False,42.0,58.85,,0.532887,0.036132,36.13,1000.0,3.0,-3.0,0.5854,0.094,-0.2175,-0.1247,False,,False,False,-36.13,2026-04-21 11:01:06+00:00,,,,,,,,,,,,,,,,,,,,,,,,,,,,,,,,,,,,,,,,,,,,,,,,,,,,,,,,,,,,,,,,,,,,,,,,,,,,,,,,,,,,,,,,,,,,,,,,,,,,,,,,,,0.5168046415464421,17,2026-W17,0.555,True
2026-04-21 12:01:26+00:00,2026-04-21 12:00,KXETHD-26APR2109-T2329.99,2026-04-21T13:00:00Z,2321.32,2329.99,0.3737,0.225,real,0.124708,1.1518,0.0005912,0.00040965,0.00064545,0.6347,0.01,0.00050397,1.0,-1.0,0.0,0.0,0.0,-0.0283,2.0,0.0,0.7019,0.0,-1.635e-05,0.0,0.0,0.0,-1.0,-1.0,0.2952,False,False,1.0,0.0,25.96,29.36,False,0.0,bearish,0.0,0.0,0.058091,0.033357,trade,no,False,False,42.0,58.51,,0.258181,0.05,50.0,1000.0,1.0,0.0,0.5963,-0.2476,-0.1506,0.0177,False,,False,True,14.52,2026-04-21 12:01:26+00:00,,,,,,,,,,,,,,,,,,,,,,,,,,,,,,,,,,,,,,,,,,,,,,,,,,,,,,,,,,,,,,,,,,,,,,,,,,,,,,,,,,,,,,,,,,,,,,,,,,,,,,,,,,0.5307063398976815,17,2026-W17,0.775,False
2026-04-21 12:16:16+00:00,2026-04-21 12:00,KXETHD-26APR2109-T2309.99,2026-04-21T13:00:00Z,2317.33,2309.99,-0.3168,0.745,real,0.838172,-0.987,0.00056263,0.00058086,0.00072861,0.7972,0.05,0.00063996,1.0,0.0,1.0,0.0,0.0,-0.0673,2.0,0.0,0.7476,0.0,-1.567e-05,0.0,0.0,0.0,0.0,0.0,0.2229,False,False,1.0,1.0,19.73,19.4,True,0.0,bearish,0.0,0.0,0.047135,0.018837,trade,yes,False,False,42.0,43.69,,0.184842,0.048058,48.06,1000.0,1.0,1.0,0.5882,-0.2207,-0.0121,0.0142,False,,True,True,16.45,2026-04-21 12:16:16+00:00,,,,,,,,,,,,,,,,,,,,,,,,,,,,,,,,,,,,,,,,,,,,,,,,,,,,,,,,,,,,,,,,,,,,,,,,,,,,,,,,,,,,,,,,,,,,,,,,,,,,,,,,,,0.5307063398976815,17,2026-W17,0.745,True
2026-04-21 13:05:03+00:00,2026-04-21 13:00,KXETHD-26APR2110-T2309.99,2026-04-21T14:00:00Z,2304.97,2309.99,0.2177,0.375,real,0.358325,0.3629,0.00074543,0.00085083,0.00092101,0.9238,0.01,0.0008789,0.0,-1.0,0.0,0.0,0.0,0.0432,2.0,1.0,0.9101,0.0,-1.056e-05,-1.0,0.0,0.0,0.0,0.0,-0.2474,False,False,1.0,0.0,24.78,24.47,True,0.0,bearish,0.0,0.0,0.117461,0.089076,trade,no,False,False,42.0,54.9,,0.313229,0.05,50.0,1000.0,0.0,1.0,0.5245,-0.4263,-0.1412,-0.1594,False,,True,False,-50.0,2026-04-21 13:05:03+00:00,,,,,,,,,,,,,,,,,,,,,,,,,,,,,,,,,,,,,,,,,,,,,,,,,,,,,,,,,,,,,,,,,,,,,,,,,,,,,,,,,,,,,,,,,,,,,,,,,,,,,,,,,,0.5293744908015243,17,2026-W17,0.625,False
2026-04-21 14:00:12+00:00,2026-04-21 14:00,KXETHD-26APR2111-T2309.99,2026-04-21T15:00:00Z,2313.58,2309.99,-0.1553,0.565,real,0.615859,-0.2946,0.00066544,0.0006775,0.00122847,0.5515,0.03,0.00089789,0.0,-1.0,0.0,0.0,0.0,-0.0591,2.0,0.0,0.5724,0.0,-4.18e-06,0.0,0.0,0.0,0.0,0.0,0.0751,False,False,0.0,0.0,42.09,43.19,False,-1.0,bearish,0.0,0.0,0.227135,0.194931,trade,yes,False,False,43.0,59.74,,0.522149,0.045851,45.85,1000.0,0.0,0.0,0.5125,0.3385,0.1074,-0.0916,False,,False,False,-45.85,2026-04-21 14:00:12+00:00,,,,,,,,,,,,,,,,,,,,,,,,,,,,,,,,,,,,,,,,,,,,,,,,,,,,,,,,,,,,,,,,,,,,,,,,,,,,,,,,,,,,,,,,,,,,,,,,,,,,,,,,,,0.5577082400736624,17,2026-W17,0.565,True
2026-04-21 14:22:32+00:00,2026-04-21 14:00,KXETHD-26APR2111-T2329.99,2026-04-21T15:00:00Z,2317.98,2329.99,0.5183,0.2,real,0.217287,0.7814,0.00102747,0.00128995,0.00100419,1.2846,0.04,0.00117564,0.0,-1.0,0.0,0.0,0.0,-0.0277,2.0,0.0,0.6139,0.0,1.25e-06,0.0,0.0,0.0,0.0,0.0,0.278,False,False,-1.0,0.0,57.09,44.37,False,0.0,bearish,0.0,0.0,0.166848,0.140648,trade,yes,False,False,43.0,37.41,,0.20856,0.021257,21.26,1000.0,1.0,0.0,0.5963,0.169,0.366,-0.19,False,,False,False,-21.26,2026-04-21 14:22:32+00:00,,,,,,,,,,,,,,,,,,,,,,,,,,,,,,,,,,,,,,,,,,,,,,,,,,,,,,,,,,,,,,,,,,,,,,,,,,,,,,,,,,,,,,,,,,,,,,,,,,,,,,,,,,0.5577082400736624,17,2026-W17,0.2,True
2026-04-21 15:19:59+00:00,2026-04-21 15:00,KXETHD-26APR2112-T2309.99,2026-04-21T16:00:00Z,2310.49,2309.99,-0.0215,0.535,real,0.516112,-0.0404,0.00120939,0.00126589,0.0003868,3.2727,0.03,0.00091426,0.0,-1.0,0.0,1.0,-1.0,-0.2049,2.0,0.0,0.6182,0.0,9.17e-06,-1.0,0.0,0.0,0.0,0.0,0.0349,False,False,0.0,0.0,55.29,37.83,False,0.0,bearish,0.0,0.0,0.233398,0.200984,trade,yes,False,False,42.0,39.96,,0.501932,0.05,50.0,1000.0,0.0,0.0,0.5125,-0.1119,0.1886,0.1738,False,,False,False,-50.0,2026-04-21 15:19:59+00:00,,,,,,,,,,,,,,,,,,,,,,,,,,,,,,,,,,,,,,,,,,,,,,,,,,,,,,,,,,,,,,,,,,,,,,,,,,,,,,,,,,,,,,,,,,,,,,,,,,,,,,,,,,0.5194204097668619,17,2026-W17,0.535,True
2026-04-21 16:27:41+00:00,2026-04-21 16:00,KXETHD-26APR2113-T2329.99,2026-04-21T17:00:00Z,2316.48,2329.99,0.5832,0.11,real,0.208672,1.26,0.00086433,0.00079757,0.00083452,0.9557,0.04,0.00081235,0.0,-1.0,0.0,0.0,0.0,-0.0334,2.0,0.0,0.5179,0.0,-8.03e-06,1.0,0.0,0.0,-1.0,-1.0,0.2679,False,False,-1.0,0.0,70.55,63.77,False,0.0,bearish,0.0,0.0,0.098672,0.076819,trade,yes,False,False,42.0,32.27,,0.110867,0.05,50.0,1000.0,1.0,0.0,0.5963,0.3874,0.0466,0.1184,False,,False,False,-50.0,2026-04-21 16:27:41+00:00,,,,,,,,,,,,,,,,,,,,,,,,,,,,,,,,,,,,,,,,,,,,,,,,,,,,,,,,,,,,,,,,,,,,,,,,,,,,,,,,,,,,,,,,,,,,,,,,,,,,,,,,,,0.5252793988585326,17,2026-W17,0.11,True
2026-04-21 17:11:58+00:00,2026-04-21 17:00,KXETHD-26APR2114-T2309.99,2026-04-21T18:00:00Z,2300.96,2309.99,0.3923,0.235,real,0.169133,0.7002,0.00085387,0.00082378,0.00078222,1.0531,0.03,0.00080715,0.0,-1.0,0.0,1.0,-1.0,-0.1038,2.0,0.0,0.7055,0.0,6.43e-06,-1.0,0.0,0.0,1.0,1.0,-0.4571,False,False,1.0,0.0,26.37,44.99,False,-1.0,bearish,0.0,0.0,0.065867,0.04103,trade,no,False,False,42.0,47.99,,0.280284,0.05,50.0,1000.0,0.0,0.0,0.5125,-0.7357,-0.3297,-0.1766,False,,False,True,15.36,2026-04-21 17:11:58+00:00,,,,,,,,,,,,,,,,,,,,,,,,,,,,,,,,,,,,,,,,,,,,,,,,,,,,,,,,,,,,,,,,,,,,,,,,,,,,,,,,,,,,,,,,,,,,,,,,,,,,,,,,,,0.5205404122813367,17,2026-W17,0.765,False
2026-04-21 17:31:21+00:00,2026-04-21 17:00,KXETHD-26APR2114-T2289.99,2026-04-21T18:00:00Z,2296.32,2289.99,-0.2757,0.73,real,0.792135,-0.5292,0.00089674,0.00106413,0.00084238,1.2632,0.04,0.00097542,0.0,1.0,2.0,0.0,0.0,-0.0327,2.0,0.0,0.4487,0.0,1.613e-05,-1.0,-1.0,1.0,2.0,2.0,-0.6492,False,False,1.0,1.0,22.45,18.5,True,-1.0,bearish,0.0,0.0,0.062135,0.033338,trade,yes,False,False,41.0,28.61,,0.230129,0.01538,15.38,1000.0,0.0,4.0,0.5496,-0.5693,0.2831,-0.0884,False,,True,True,5.69,2026-04-21 17:31:21+00:00,,,,,,,,,,,,,,,,,,,,,,,,,,,,,,,,,,,,,,,,,,,,,,,,,,,,,,,,,,,,,,,,,,,,,,,,,,,,,,,,,,,,,,,,,,,,,,,,,,,,,,,,,,0.5205404122813367,17,2026-W17,0.73,True
2026-04-21 18:01:59+00:00,2026-04-21 18:00,KXETHD-26APR2115-T2309.99,2026-04-21T19:00:00Z,2307.63,2309.99,0.1023,0.44,real,0.388495,0.1931,0.0010346,0.00078689,0.00088936,0.8848,0.04,0.00082788,0.0,-1.0,0.0,0.0,0.0,-0.0937,2.0,0.0,0.4669,0.0,1.687e-05,-1.0,0.0,0.0,0.0,0.0,-0.2417,False,False,0.0,0.0,48.4,55.05,False,-1.0,bearish,0.0,0.0,0.051505,0.019875,trade,no,False,False,42.0,57.96,,0.117057,0.027765,27.77,1000.0,0.0,0.0,0.5125,0.4372,-0.3029,0.0,False,,True,False,-27.77,2026-04-21 18:01:59+00:00,,,,,,,,,,,,,,,,,,,,,,,,,,,,,,,,,,,,,,,,,,,,,,,,,,,,,,,,,,,,,,,,,,,,,,,,,,,,,,,,,,,,,,,,,,,,,,,,,,,,,,,,,,0.49576432640902335,17,2026-W17,0.56,True
2026-04-21 19:00:02+00:00,2026-04-21 19:00,KXETHD-26APR2116-T2309.99,2026-04-21T20:00:00Z,2313.57,2309.99,-0.1548,0.6,real,0.870166,-0.3709,0.00053182,0.00065652,0.00078994,0.8311,0.04,0.00070989,0.0,-1.0,0.0,1.0,-1.0,-0.1781,2.0,0.0,0.3212,0.0,2.026e-05,0.0,0.0,0.0,0.0,0.0,0.0721,False,False,-1.0,0.0,66.42,62.31,False,0.0,bearish,0.0,0.0,0.270166,0.238366,trade,yes,False,False,65.0,59.92,,0.675414,0.05,50.0,1000.0,0.0,0.0,0.5125,0.3108,0.2364,0.166,False,,False,False,-50.0,2026-04-21 19:00:02+00:00,,,,,,,,,,,,,,,,,,,,,,,,,,,,,,,,,,,,,,,,,,,,,,,,,,,,,,,,,,,,,,,,,,,,,,,,,,,,,,,,,,,,,,,,,,,,,,,,,,,,,,,,,,0.5306868236834175,17,2026-W17,0.6,True
2026-04-21 19:08:29+00:00,2026-04-21 19:00,KXETHD-26APR2117-T2329.99,2026-04-21T21:00:00Z,2319.65,2329.99,0.4457,0.285,real,0.081165,0.6052,0.00059824,0.00076646,0.00074151,1.0336,0.05,0.00075648,0.0,-1.0,0.0,1.0,0.0,-0.057,2.0,1.0,0.8621,0.0,1.932e-05,0.0,0.0,0.0,-1.0,-1.0,0.3489,False,False,-1.0,-1.0,84.45,68.32,False,0.0,bearish,0.0,0.0,0.203835,0.183615,trade,no,False,False,66.0,111.47,,0.715212,0.023839,23.84,1000.0,1.0,-1.0,0.5038,0.3685,0.2994,-0.0573,False,,False,True,9.5,2026-04-21 19:08:29+00:00,,,,,,,,,,,,,,,,,,,,,,,,,,,,,,,,,,,,,,,,,,,,,,,,,,,,,,,,,,,,,,,,,,,,,,,,,,,,,,,,,,,,,,,,,,,,,,,,,,,,,,,,,,0.5306868236834175,17,2026-W17,0.7150000000000001,False
2026-04-21 19:09:32+00:00,2026-04-21 19:00,KXETHD-26APR2116-T2329.99,2026-04-21T20:00:00Z,2319.4,2329.99,0.4566,0.215,real,0.079411,0.9167,0.00059707,0.00072612,0.00081314,0.893,0.03,0.00076093,0.0,-1.0,0.0,1.0,0.0,-0.0651,2.0,1.0,0.8621,0.0,1.811e-05,0.0,0.0,0.0,-1.0,-1.0,0.3489,False,False,-1.0,-1.0,84.45,68.32,False,0.0,bearish,0.0,0.0,0.135589,0.115471,trade,no,False,False,66.0,50.4,,0.630644,0.023839,23.84,1000.0,1.0,-1.0,0.5038,0.3685,0.2994,-0.0664,False,,False,True,6.53,2026-04-21 19:09:32+00:00,,,,,,,,,,,,,,,,,,,,,,,,,,,,,,,,,,,,,,,,,,,,,,,,,,,,,,,,,,,,,,,,,,,,,,,,,,,,,,,,,,,,,,,,,,,,,,,,,,,,,,,,,,0.5306868236834175,17,2026-W17,0.785,False
2026-04-21 21:00:28+00:00,2026-04-21 21:00,KXETHD-26APR2118-T2329.99,2026-04-21T22:00:00Z,2316.94,2329.99,0.5632,0.205,real,0.162464,0.9198,0.00125044,0.00084503,0.00088392,0.956,0.01,0.00086058,-1.0,-1.0,0.0,1.0,-1.0,-0.1765,2.0,0.0,0.7253,0.0,1.06e-05,1.0,0.0,0.0,0.0,0.0,0.2625,False,False,-1.0,0.0,67.88,71.53,False,0.0,bearish,0.0,0.0,0.042536,0.018011,trade,no,False,False,43.0,59.47,,0.207491,0.039231,39.23,1000.0,0.0,0.0,0.5125,-0.0457,0.1968,-0.0759,False,,False,True,10.12,2026-04-21 21:00:28+00:00,,,,,,,,,,,,,,,,,,,,,,,,,,,,,,,,,,,,,,,,,,,,,,,,,,,,,,,,,,,,,,,,,,,,,,,,,,,,,,,,,,,,,,,,,,,,,,,,,,,,,,,,,,0.5005360003311055,17,2026-W17,0.795,False
2026-04-21 21:09:58+00:00,2026-04-21 21:00,KXETHD-26APR2118-T2309.99,2026-04-21T22:00:00Z,2312.85,2309.99,-0.1237,0.685,real,0.768398,-0.3705,0.00072098,0.00061374,0.00036343,1.6887,0.03,0.00051361,-1.0,-1.0,0.0,1.0,-1.0,-0.118,2.0,0.0,0.6288,0.0,1.046e-05,1.0,0.0,0.0,0.0,0.0,0.0671,False,False,0.0,0.0,57.18,67.97,False,0.0,bearish,0.0,0.0,0.083398,0.053294,trade,yes,False,False,42.0,49.99,,0.264756,0.02008,20.08,1000.0,0.0,0.0,0.5125,-0.2937,-0.2704,-0.1947,False,,True,True,9.23,2026-04-21 21:09:58+00:00,,,,,,,,,,,,,,,,,,,,,,,,,,,,,,,,,,,,,,,,,,,,,,,,,,,,,,,,,,,,,,,,,,,,,,,,,,,,,,,,,,,,,,,,,,,,,,,,,,,,,,,,,,0.5005360003311055,17,2026-W17,0.685,True
2026-04-21 22:03:48+00:00,2026-04-21 22:00,KXETHD-26APR2119-T2309.99,2026-04-21T23:00:00Z,2312.36,2309.99,-0.1025,0.58,real,0.847458,-0.4142,0.00029799,0.00027271,0.00067785,0.4023,0.2,0.00043477,-1.0,-1.0,0.0,0.0,0.0,0.0802,2.0,0.0,0.5699,0.0,9.08e-06,0.0,0.0,0.0,0.0,0.0,0.1505,False,False,0.0,0.0,61.45,59.19,False,0.0,bearish,0.0,0.0,0.267458,0.235406,trade,yes,False,False,41.0,56.15,,0.636804,0.05,50.0,1000.0,0.0,0.0,0.5125,0.0614,0.1186,0.1186,False,,True,True,36.21,2026-04-21 22:03:48+00:00,,,,,,,,,,,,,,,,,,,,,,,,,,,,,,,,,,,,,,,,,,,,,,,,,,,,,,,,,,,,,,,,,,,,,,,,,,,,,,,,,,,,,,,,,,,,,,,,,,,,,,,,,,0.4967537303076951,17,2026-W17,0.58,False
2026-04-21 23:00:46+00:00,2026-04-21 23:00,KXETHD-26APR2120-T2309.99,2026-04-22T00:00:00Z,2312.6,2309.99,-0.1127,0.635,real,0.768398,-0.3479,0.00076079,0.00064064,0.00042466,1.5086,0.17,0.00055425,-1.0,-1.0,0.0,0.0,0.0,0.0618,2.0,0.0,0.3657,0.0,1.209e-05,0.0,0.0,0.0,0.0,0.0,0.0295,False,False,0.0,0.0,63.39,58.99,False,-1.0,bearish,0.0,0.0,0.133398,0.102174,trade,yes,False,False,42.0,59.19,,0.365475,0.05,50.0,1000.0,0.0,0.0,0.5125,0.183,0.1205,0.1205,False,,True,True,28.74,2026-04-21 23:00:46+00:00,,,,,,,,,,,,,,,,,,,,,,,,,,,,,,,,,,,,,,,,,,,,,,,,,,,,,,,,,,,,,,,,,,,,,,,,,,,,,,,,,,,,,,,,,,,,,,,,,,,,,,,,,,0.4630077091098082,17,2026-W17,0.635,False
2026-04-22 01:14:00+00:00,2026-04-22 01:00,KXETHD-26APR2122-T2329.99,2026-04-22T02:00:00Z,2326.2,2329.99,0.163,0.29,real,0.124422,0.9053,0.00028458,0.00029254,0.00043413,0.6738,0.06,0.00034917,-1.0,-1.0,0.0,0.0,0.0,0.069,2.0,0.0,0.205,0.0,7.43e-06,0.0,0.0,0.0,1.0,1.0,-0.0682,False,False,0.0,0.0,79.28,84.33,False,1.0,bearish,0.0,0.0,0.165578,0.142952,trade,no,False,False,42.0,45.95,,0.570957,0.05,50.0,1000.0,1.0,-2.0,0.567,-0.1109,-0.1186,-0.0606,False,,False,True,20.42,2026-04-22 01:14:00+00:00,,,,,,,,,,,,,,,,,,,,,,,,,,,,,,,,,,,,,,,,,,,,,,,,,,,,,,,,,,,,,,,,,,,,,,,,,,,,,,,,,,,,,,,,,,,,,,,,,,,,,,,,,,0.5227282361779126,17,2026-W17,0.71,False
2026-04-22 02:11:23+00:00,2026-04-22 02:00,KXETHD-26APR2123-T2329.99,2026-04-22T03:00:00Z,2334.76,2329.99,-0.2041,0.555,real,0.694175,-0.2092,0.0008733,0.00112534,0.00212009,0.5308,0.05,0.00152324,-1.0,0.0,1.0,2.0,1.0,0.107,2.0,0.0,0.2619,0.0,2.732e-05,0.0,1.0,-1.0,-2.0,-2.0,0.441,False,False,-1.0,-1.0,100.0,76.27,False,1.0,bearish,0.0,0.0,0.139175,0.106887,trade,yes,False,False,42.0,48.57,,0.312752,0.05,50.0,1000.0,3.0,-9.0,0.47,0.6104,0.4324,0.4471,False,,True,True,40.09,2026-04-22 02:11:23+00:00,,,,,,,,,,,,,,,,,,,,,,,,,,,,,,,,,,,,,,,,,,,,,,,,,,,,,,,,,,,,,,,,,,,,,,,,,,,,,,,,,,,,,,,,,,,,,,,,,,,,,,,,,,0.45961073507548555,17,2026-W17,0.555,False
2026-04-22 03:03:28+00:00,2026-04-22 03:00,KXETHD-26APR2200-T2369.99,2026-04-22T04:00:00Z,2374.22,2369.99,-0.1782,0.585,real,0.688215,-0.2188,0.00157317,0.00141547,0.00110544,1.2805,0.19,0.00129146,-1.0,-1.0,0.0,2.0,0.0,-0.0205,2.0,0.0,0.4787,0.0,3.332e-05,1.0,1.0,-1.0,-2.0,-2.0,0.8594,False,False,-1.0,-1.0,97.14,95.58,True,1.0,neutral,0.0,0.0,0.103215,0.071221,trade,yes,False,False,46.0,56.48,,0.248711,0.05,50.0,1000.0,4.0,-10.0,0.47,0.9633,0.3215,-0.0455,False,,False,False,-50.0,2026-04-22 03:03:28+00:00,,,,,,,,,,,,,,,,,,,,,,,,,,,,,,,,,,,,,,,,,,,,,,,,,,,,,,,,,,,,,,,,,,,,,,,,,,,,,,,,,,,,,,,,,,,,,,,,,,,,,,,,,,0.48076337641949607,17,2026-W17,0.585,False
2026-04-22 04:01:55+00:00,2026-04-22 04:00,KXETHD-26APR2201-T2359.99,2026-04-22T05:00:00Z,2366.06,2359.99,-0.2564,0.67,real,0.757746,-0.4995,0.00087629,0.00082793,0.00076607,1.0808,0.04,0.00080319,-1.0,-1.0,0.0,0.0,0.0,-0.0284,2.0,-1.0,0.9001,0.0,4.142e-05,-1.0,0.0,0.0,-1.0,-1.0,0.4151,False,False,-1.0,0.0,79.12,74.86,False,1.0,bullish,0.0,0.0,0.087746,0.057269,trade,yes,False,False,42.0,58.03,,0.265898,0.049632,49.63,1000.0,4.0,-4.0,0.5448,0.1605,-0.008,-0.0765,False,,True,True,24.44,2026-04-22 04:01:55+00:00,,,,,,,,,,,,,,,,,,,,,,,,,,,,,,,,,,,,,,,,,,,,,,,,,,,,,,,,,,,,,,,,,,,,,,,,,,,,,,,,,,,,,,,,,,,,,,,,,,,,,,,,,,0.4716754276584382,17,2026-W17,0.67,False
2026-04-22 05:10:32+00:00,2026-04-22 05:00,KXETHD-26APR2202-T2379.99,2026-04-22T06:00:00Z,2367.21,2379.99,0.5399,0.15,real,0.04303,1.6382,0.00053073,0.00043508,0.00073915,0.5886,0.16,0.00055671,-1.0,-1.0,0.0,2.0,0.0,0.0648,2.0,0.0,0.5703,-1.0,5.257e-05,0.0,0.0,0.0,-1.0,-1.0,0.5354,False,False,-1.0,-1.0,83.37,79.47,False,1.0,bullish,0.0,0.0,0.12,0.102963,trade,no,False,False,42.0,49.41,,0.8,0.021162,21.16,1000.0,4.0,-7.0,0.476,-0.0021,0.2591,0.1904,False,,True,False,-21.16,2026-04-22 05:10:32+00:00,,,,,,,,,,,,,,,,,,,,,,,,,,,,,,,,,,,,,,,,,,,,,,,,,,,,,,,,,,,,,,,,,,,,,,,,,,,,,,,,,,,,,,,,,,,,,,,,,,,,,,,,,,0.4760586549257835,17,2026-W17,0.85,True
2026-04-22 06:34:31+00:00,2026-04-22 06:00,KXETHD-26APR2203-T2399.99,2026-04-22T07:00:00Z,2392.13,2399.99,0.3287,0.265,real,0.208393,0.9945,0.00086616,0.00049458,0.00103622,0.4773,0.01,0.00071123,-1.0,-1.0,0.0,1.0,-1.0,-0.1212,2.0,0.0,0.1738,0.0,3.75e-05,1.0,0.0,0.0,-1.0,-1.0,0.7896,False,False,-1.0,0.0,66.07,63.96,False,1.0,bullish,0.0,0.0,0.056607,0.030059,trade,no,False,False,44.0,25.44,,0.213611,0.04638,46.38,1000.0,6.0,-7.0,0.476,0.0013,0.01,0.0895,False,,False,True,16.72,2026-04-22 06:34:31+00:00,,,,,,,,,,,,,,,,,,,,,,,,,,,,,,,,,,,,,,,,,,,,,,,,,,,,,,,,,,,,,,,,,,,,,,,,,,,,,,,,,,,,,,,,,,,,,,,,,,,,,,,,,,0.48319936405401875,17,2026-W17,0.735,True
2026-04-22 07:03:12+00:00,2026-04-22 07:00,KXETHD-26APR2204-T2399.99,2026-04-22T08:00:00Z,2393.29,2399.99,0.2801,0.315,real,0.101281,0.8556,0.00030163,0.00027227,0.00077065,0.3533,0.25,0.00047162,-1.0,-1.0,0.0,1.0,-1.0,-0.2211,2.0,0.0,0.1148,0.0,3.507e-05,0.0,0.0,0.0,-1.0,-1.0,0.7095,False,False,0.0,0.0,62.95,63.78,False,1.0,bullish,0.0,0.0,0.213719,0.192347,trade,no,False,False,43.0,56.75,,0.678473,0.05,50.0,1000.0,6.0,-5.0,0.5143,-0.0727,-0.0568,-0.0568,False,,False,True,22.99,2026-04-22 07:03:12+00:00,,,,,,,,,,,,,,,,,,,,,,,,,,,,,,,,,,,,,,,,,,,,,,,,,,,,,,,,,,,,,,,,,,,,,,,,,,,,,,,,,,,,,,,,,,,,,,,,,,,,,,,,,,0.474904646730685,17,2026-W17,0.685,True
2026-04-22 08:03:39+00:00,2026-04-22 08:00,KXETHD-26APR2205-T2399.99,2026-04-22T09:00:00Z,2391.5,2399.99,0.3551,0.28,real,0.08385,0.7973,0.00058996,0.00053296,0.00081048,0.6576,0.24,0.00064397,0.0,-1.0,0.0,0.0,0.0,0.0153,2.0,0.0,0.2883,0.0,3.446e-05,0.0,0.0,0.0,-1.0,-1.0,0.7694,False,False,-1.0,0.0,63.81,61.82,False,1.0,bullish,0.0,0.0,0.19615,0.175772,trade,no,False,False,43.0,56.3,,0.700534,0.023352,23.35,1000.0,4.0,-4.0,0.5448,0.2223,0.051,0.1816,False,,False,True,9.08,2026-04-22 08:03:39+00:00,,,,,,,,,,,,,,,,,,,,,,,,,,,,,,,,,,,,,,,,,,,,,,,,,,,,,,,,,,,,,,,,,,,,,,,,,,,,,,,,,,,,,,,,,,,,,,,,,,,,,,,,,,0.4739213689223758,17,2026-W17,0.72,True
2026-04-22 09:02:02+00:00,2026-04-22 09:00,KXETHD-26APR2206-T2399.99,2026-04-22T10:00:00Z,2388.57,2399.99,0.4781,0.14,real,0.023236,1.412,0.00044377,0.00049387,0.00058007,0.8514,0.2,0.00052835,0.0,1.0,2.0,1.0,1.0,0.1912,2.0,0.0,0.4244,-1.0,6.271e-05,0.0,0.0,0.0,-1.0,-1.0,0.5394,False,False,0.0,1.0,18.47,26.94,False,1.0,bullish,0.0,0.0,0.11,0.092963,trade,no,False,False,43.0,57.92,,0.785714,0.05,50.0,1000.0,4.0,0.0,0.6517,0.0993,0.0846,-0.0389,False,,False,True,8.14,2026-04-22 09:02:02+00:00,,,,,,,,,,,,,,,,,,,,,,,,,,,,,,,,,,,,,,,,,,,,,,,,,,,,,,,,,,,,,,,,,,,,,,,,,,,,,,,,,,,,,,,,,,,,,,,,,,,,,,,,,,0.4983750555145578,17,2026-W17,0.86,True
2026-04-22 10:01:22+00:00,2026-04-22 10:00,KXETHD-26APR2207-T2399.99,2026-04-22T11:00:00Z,2389.0,2399.99,0.46,0.245,real,0.033598,1.0345,0.00048146,0.00057095,0.00086868,0.6573,0.21,0.00069004,0.0,-1.0,0.0,2.0,-1.0,-0.1576,2.0,0.0,0.3599,-1.0,5.315e-05,0.0,0.0,0.0,-1.0,-1.0,0.5536,False,False,0.0,0.0,43.98,48.77,False,0.0,bullish,0.0,0.0,0.215,0.197963,trade,no,False,False,43.0,58.58,,0.877551,0.030302,30.3,1000.0,4.0,-1.0,0.6761,-0.1788,-0.0715,0.1538,False,,False,True,9.83,2026-04-22 10:01:22+00:00,,,,,,,,,,,,,,,,,,,,,,,,,,,,,,,,,,,,,,,,,,,,,,,,,,,,,,,,,,,,,,,,,,,,,,,,,,,,,,,,,,,,,,,,,,,,,,,,,,,,,,,,,,0.48372520312119793,17,2026-W17,0.755,True
2026-04-22 11:03:57+00:00,2026-04-22 11:00,KXETHD-26APR2208-T2399.99,2026-04-22T12:00:00Z,2392.35,2399.99,0.3196,0.165,real,0.045513,1.4736,0.00037998,0.00028229,0.0004377,0.6449,0.25,0.00034445,0.0,-1.0,0.0,1.0,0.0,-0.0568,2.0,0.0,0.4254,0.0,4.763e-05,0.0,0.0,0.0,-1.0,-1.0,0.6826,False,False,0.0,-1.0,89.43,71.95,False,1.0,bullish,0.0,0.0,0.119487,0.101446,trade,no,False,False,43.0,55.99,,0.724163,0.05,50.0,1000.0,4.0,-4.0,0.5448,0.0096,0.0744,0.0744,False,,False,True,9.88,2026-04-22 11:03:57+00:00,,,,,,,,,,,,,,,,,,,,,,,,,,,,,,,,,,,,,,,,,,,,,,,,,,,,,,,,,,,,,,,,,,,,,,,,,,,,,,,,,,,,,,,,,,,,,,,,,,,,,,,,,,0.46860025273657624,17,2026-W17,0.835,True
2026-04-22 12:03:19+00:00,2026-04-22 12:00,KXETHD-26APR2209-T2399.99,2026-04-22T13:00:00Z,2400.66,2399.99,-0.0278,0.52,real,0.582609,-0.0727,0.00045393,0.00062373,0.00073684,0.8465,0.04,0.00066897,0.0,-1.0,0.0,2.0,0.0,-0.0944,2.0,0.0,0.3225,0.0,4.208e-05,0.0,1.0,-1.0,-2.0,-2.0,0.8295,False,False,-1.0,-1.0,82.71,77.81,False,1.0,bullish,0.0,0.0,0.062609,0.030137,trade,yes,False,False,44.0,56.63,,0.130435,0.05,50.0,1000.0,4.0,-8.0,0.47,0.1566,-0.1224,0.0363,False,,True,True,46.15,2026-04-22 12:03:19+00:00,,,,,,,,,,,,,,,,,,,,,,,,,,,,,,,,,,,,,,,,,,,,,,,,,,,,,,,,,,,,,,,,,,,,,,,,,,,,,,,,,,,,,,,,,,,,,,,,,,,,,,,,,,0.4695823449346866,17,2026-W17,0.52,False
2026-04-22 13:00:43+00:00,2026-04-22 13:00,KXETHD-26APR2210-T2419.99,2026-04-22T14:00:00Z,2407.06,2419.99,0.5373,0.21,real,0.043853,1.22,0.00060507,0.00067596,0.00086338,0.7829,0.04,0.00075093,0.0,-1.0,0.0,3.0,-1.0,-0.2208,2.0,0.0,0.3877,0.0,3.082e-05,0.0,1.0,-1.0,-2.0,-2.0,1.0009,False,False,-1.0,-1.0,81.93,80.75,False,1.0,bullish,0.0,0.0,0.166147,0.148212,trade,no,False,False,45.0,59.24,,0.791176,0.04861,48.61,1000.0,4.0,-8.0,0.47,0.2148,0.0,0.0,False,,False,True,12.92,2026-04-22 13:00:43+00:00,,,,,,,,,,,,,,,,,,,,,,,,,,,,,,,,,,,,,,,,,,,,,,,,,,,,,,,,,,,,,,,,,,,,,,,,,,,,,,,,,,,,,,,,,,,,,,,,,,,,,,,,,,0.46983312858139203,17,2026-W17,0.79,True
2026-04-22 13:01:46+00:00,2026-04-22 13:00,KXETHD-26APR2210-T2399.99,2026-04-22T14:00:00Z,2405.71,2399.99,-0.2376,0.635,real,0.694175,-0.4757,0.00061807,0.00058526,0.00090368,0.6476,0.03,0.00071263,0.0,-1.0,0.0,3.0,-1.0,-0.131,2.0,0.0,0.3881,0.0,3.082e-05,0.0,1.0,-1.0,-2.0,-2.0,1.122,False,False,-1.0,-1.0,96.63,85.65,False,1.0,bullish,0.0,0.0,0.059175,0.027951,trade,yes,False,False,45.0,58.18,,0.162123,0.05,50.0,1000.0,4.0,-11.0,0.47,0.335,0.1199,0.1199,False,,True,True,28.74,2026-04-22 13:01:46+00:00,,,,,,,,,,,,,,,,,,,,,,,,,,,,,,,,,,,,,,,,,,,,,,,,,,,,,,,,,,,,,,,,,,,,,,,,,,,,,,,,,,,,,,,,,,,,,,,,,,,,,,,,,,0.46983312858139203,17,2026-W17,0.635,False
2026-04-22 14:01:22+00:00,2026-04-22 14:00,KXETHD-26APR2211-T2439.99,2026-04-22T15:00:00Z,2419.08,2439.99,0.8646,0.14,real,0.031906,1.4161,0.00083609,0.00074485,0.00104121,0.7154,0.04,0.00086339,0.0,0.0,1.0,2.0,1.0,0.1319,2.0,0.0,0.7231,0.0,1.612e-05,1.0,1.0,-1.0,-2.0,-2.0,1.3707,False,False,-1.0,-1.0,84.01,82.55,False,1.0,bullish,0.0,0.0,0.108094,0.090932,trade,no,False,False,46.0,58.57,,0.772099,0.040372,40.37,1000.0,4.0,-10.0,0.47,0.0704,0.1334,0.1135,False,,False,True,6.57,2026-04-22 14:01:22+00:00,,,,,,,,,,,,,,,,,,,,,,,,,,,,,,,,,,,,,,,,,,,,,,,,,,,,,,,,,,,,,,,,,,,,,,,,,,,,,,,,,,,,,,,,,,,,,,,,,,,,,,,,,,0.5057553505556106,17,2026-W17,0.86,False
2026-04-22 14:02:26+00:00,2026-04-22 14:00,KXETHD-26APR2211-T2419.99,2026-04-22T15:00:00Z,2420.64,2419.99,-0.0269,0.51,real,0.746479,-0.0384,0.00084084,0.00072937,0.00141268,0.5163,0.02,0.00100269,0.0,0.0,1.0,2.0,1.0,0.1848,2.0,0.0,0.6816,0.0,1.612e-05,1.0,1.0,-1.0,-2.0,-2.0,1.566,False,False,-1.0,-1.0,98.11,87.26,False,1.0,bullish,0.0,0.0,0.236479,0.203986,trade,yes,False,False,46.0,57.51,,0.48261,0.05,50.0,1000.0,4.0,-13.0,0.47,0.5081,0.3319,0.2879,False,,False,False,-50.0,2026-04-22 14:02:26+00:00,,,,,,,,,,,,,,,,,,,,,,,,,,,,,,,,,,,,,,,,,,,,,,,,,,,,,,,,,,,,,,,,,,,,,,,,,,,,,,,,,,,,,,,,,,,,,,,,,,,,,,,,,,0.5057553505556106,17,2026-W17,0.51,True
2026-04-22 14:49:22+00:00,2026-04-22 14:00,KXETHD-26APR2211-T2399.99,2026-04-22T15:00:00Z,2398.56,2399.99,0.0597,0.41,real,0.526354,0.1662,0.0010602,0.00130238,0.00080634,1.6152,0.04,0.00110395,0.0,-1.0,0.0,1.0,-1.0,-0.117,2.0,0.0,0.727,0.0,3.43e-06,1.0,0.0,0.0,-1.0,-1.0,0.5732,False,False,1.0,0.0,27.62,39.53,False,0.0,bullish,0.0,0.0,0.116354,0.084421,trade,yes,False,False,44.0,10.57,,0.19721,0.017915,17.92,1000.0,5.0,-1.0,0.6761,-0.5422,-0.2204,0.1031,False,,True,True,25.79,2026-04-22 14:49:22+00:00,,,,,,,,,,,,,,,,,,,,,,,,,,,,,,,,,,,,,,,,,,,,,,,,,,,,,,,,,,,,,,,,,,,,,,,,,,,,,,,,,,,,,,,,,,,,,,,,,,,,,,,,,,0.5057553505556106,17,2026-W17,0.41,True
2026-04-22 15:01:09+00:00,2026-04-22 15:00,KXETHD-26APR2212-T2399.99,2026-04-22T16:00:00Z,2400.9,2399.99,-0.0377,0.52,real,0.754941,-0.0507,0.0011331,0.00110488,0.00098165,1.1255,0.04,0.00105559,0.0,-1.0,0.0,0.0,0.0,-0.0402,2.0,0.0,0.4437,0.0,2.65e-06,-1.0,0.0,0.0,-1.0,-1.0,0.5612,False,False,1.0,0.0,30.19,32.08,False,0.0,bullish,0.0,0.0,0.234941,0.202469,trade,yes,False,False,44.0,58.8,,0.48946,0.05,50.0,1000.0,5.0,-1.0,0.6761,-0.0745,-0.0937,-0.0662,False,,True,True,46.15,2026-04-22 15:01:09+00:00,,,,,,,,,,,,,,,,,,,,,,,,,,,,,,,,,,,,,,,,,,,,,,,,,,,,,,,,,,,,,,,,,,,,,,,,,,,,,,,,,,,,,,,,,,,,,,,,,,,,,,,,,,0.4955303648225974,17,2026-W17,0.52,False
2026-04-22 15:20:19+00:00,2026-04-22 15:00,KXETHD-26APR2212-T2419.99,2026-04-22T16:00:00Z,2398.87,2419.99,0.8803,0.065,real,0.124476,1.8604,0.00108649,0.0007427,0.00091951,0.8077,0.03,0.00081342,0.0,-1.0,0.0,0.0,0.0,-0.0743,2.0,-1.0,0.9309,0.0,1.89e-06,-1.0,0.0,0.0,-1.0,-1.0,0.4629,False,False,1.0,0.0,26.36,32.59,False,0.0,bullish,0.0,0.0,0.059476,0.040222,trade,yes,False,False,44.0,39.63,,0.063611,0.031805,31.81,1000.0,5.0,0.0,0.6517,-0.0175,-0.1062,-0.0042,False,,False,False,-31.81,2026-04-22 15:20:19+00:00,,,,,,,,,,,,,,,,,,,,,,,,,,,,,,,,,,,,,,,,,,,,,,,,,,,,,,,,,,,,,,,,,,,,,,,,,,,,,,,,,,,,,,,,,,,,,,,,,,,,,,,,,,0.4955303648225974,17,2026-W17,0.065,False
2026-04-22 16:28:47+00:00,2026-04-22 16:00,KXETHD-26APR2213-T2399.99,2026-04-22T17:00:00Z,2395.89,2399.99,0.1712,0.37,real,0.266978,0.3908,0.00090523,0.00080454,0.00092307,0.8716,0.04,0.00085195,0.0,0.0,1.0,0.0,0.0,-0.0207,2.0,0.0,0.1089,0.0,0.0,-1.0,0.0,0.0,0.0,0.0,-0.1177,False,False,1.0,1.0,9.66,32.22,False,0.0,bullish,0.0,0.0,0.103022,0.074323,trade,no,False,False,44.0,31.17,,0.278439,0.05,50.0,1000.0,1.0,4.0,0.7673,-0.5556,-0.4695,-0.1469,False,,False,True,29.37,2026-04-22 16:28:47+00:00,,,,,,,,,,,,,,,,,,,,,,,,,,,,,,,,,,,,,,,,,,,,,,,,,,,,,,,,,,,,,,,,,,,,,,,,,,,,,,,,,,,,,,,,,,,,,,,,,,,,,,,,,,0.5403199256113239,17,2026-W17,0.63,False
2026-04-22 17:04:59+00:00,2026-04-22 17:00,KXETHD-26APR2214-T2399.99,2026-04-22T18:00:00Z,2392.9,2399.99,0.2965,0.3,real,0.212309,0.4993,0.00091364,0.00107925,0.00076146,1.4173,0.04,0.00095213,0.0,0.0,1.0,1.0,0.0,0.0783,2.0,0.0,0.5783,-1.0,5.008e-05,-1.0,0.0,0.0,0.0,0.0,-0.1944,False,False,1.0,1.0,20.23,11.47,True,0.0,bullish,0.0,0.0,0.102691,0.076605,trade,no,False,False,44.0,54.95,,0.342304,0.015976,15.98,1000.0,1.0,0.0,0.5963,0.051,0.259,0.2111,False,,False,True,6.85,2026-04-22 17:04:59+00:00,,,,,,,,,,,,,,,,,,,,,,,,,,,,,,,,,,,,,,,,,,,,,,,,,,,,,,,,,,,,,,,,,,,,,,,,,,,,,,,,,,,,,,,,,,,,,,,,,,,,,,,,,,0.5054550809531769,17,2026-W17,0.7,False
2026-04-22 18:01:06+00:00,2026-04-22 18:00,KXETHD-26APR2215-T2399.99,2026-04-22T19:00:00Z,2400.91,2399.99,-0.0385,0.575,real,0.626794,-0.1464,0.00069733,0.00057465,0.00026528,2.1662,0.15,0.0004509,0.0,0.0,1.0,0.0,1.0,0.1161,2.0,0.0,0.5172,0.0,4.899e-05,0.0,0.0,0.0,0.0,0.0,0.213,False,False,-1.0,0.0,65.03,55.07,False,0.0,bullish,0.0,0.0,0.051794,0.019688,trade,yes,False,False,44.0,58.84,,0.121869,0.05,50.0,1000.0,4.0,0.0,0.6517,0.3671,0.1605,0.0,False,,False,False,-50.0,2026-04-22 18:01:06+00:00,,,,,,,,,,,,,,,,,,,,,,,,,,,,,,,,,,,,,,,,,,,,,,,,,,,,,,,,,,,,,,,,,,,,,,,,,,,,,,,,,,,,,,,,,,,,,,,,,,,,,,,,,,0.5202751851608571,17,2026-W17,0.575,True
2026-04-22 19:00:20+00:00,2026-04-22 19:00,KXETHD-26APR2216-T2399.99,2026-04-22T20:00:00Z,2395.23,2399.99,0.1989,0.33,real,0.188349,0.5751,0.00058738,0.00059133,0.00058496,1.0109,0.12,0.00058878,1.0,-1.0,0.0,1.0,-1.0,-0.2469,2.0,0.0,0.4943,0.0,4.551e-05,0.0,0.0,0.0,0.0,0.0,-0.0615,False,False,0.0,0.0,50.21,51.09,False,0.0,bullish,0.0,0.0,0.141651,0.11595,trade,no,False,False,69.0,59.61,,0.429245,0.05,50.0,1000.0,3.0,0.0,0.6517,0.0079,-0.196,-0.0833,False,,False,True,24.63,2026-04-22 19:00:20+00:00,,,,,,,,,,,,,,,,,,,,,,,,,,,,,,,,,,,,,,,,,,,,,,,,,,,,,,,,,,,,,,,,,,,,,,,,,,,,,,,,,,,,,,,,,,,,,,,,,,,,,,,,,,0.46982152493754614,17,2026-W17,0.6699999999999999,True
2026-04-22 19:03:32+00:00,2026-04-22 19:00,KXETHD-26APR2217-T2379.99,2026-04-22T21:00:00Z,2394.41,2379.99,-0.6021,0.75,real,0.888283,-0.8121,0.00067077,0.00081425,0.00082979,0.9813,0.04,0.00082046,1.0,-1.0,0.0,0.0,0.0,-0.0581,2.0,0.0,0.4519,0.0,4.741e-05,0.0,0.0,0.0,0.0,0.0,-0.2778,False,False,1.0,0.0,31.57,44.87,False,0.0,bullish,0.0,0.0,0.138283,0.110158,trade,yes,False,False,69.0,116.42,,0.553134,0.014452,14.45,1000.0,1.0,0.0,0.5963,-0.2093,-0.358,-0.2172,False,,True,True,4.82,2026-04-22 19:03:32+00:00,,,,,,,,,,,,,,,,,,,,,,,,,,,,,,,,,,,,,,,,,,,,,,,,,,,,,,,,,,,,,,,,,,,,,,,,,,,,,,,,,,,,,,,,,,,,,,,,,,,,,,,,,,0.46982152493754614,17,2026-W17,0.75,False
2026-04-22 19:18:19+00:00,2026-04-22 19:00,KXETHD-26APR2217-T2419.99,2026-04-22T21:00:00Z,2397.79,2419.99,0.9259,0.13,real,0.01,1.8635,0.00064371,0.0005348,0.00081166,0.6589,0.02,0.00064554,1.0,-1.0,0.0,1.0,0.0,-0.0647,2.0,0.0,0.3961,-1.0,5.042e-05,0.0,0.0,0.0,0.0,0.0,-0.1854,False,False,0.0,0.0,39.08,41.02,False,-1.0,bullish,0.0,0.0,0.1,0.082963,trade,no,False,False,68.0,101.63,,0.769231,0.05,50.0,1000.0,3.0,0.0,0.6517,-0.1812,0.1137,0.0622,False,,False,True,7.47,2026-04-22 19:18:19+00:00,,,,,,,,,,,,,,,,,,,,,,,,,,,,,,,,,,,,,,,,,,,,,,,,,,,,,,,,,,,,,,,,,,,,,,,,,,,,,,,,,,,,,,,,,,,,,,,,,,,,,,,,,,0.46982152493754614,17,2026-W17,0.87,True
2026-04-22 21:01:46+00:00,2026-04-22 21:00,KXETHD-26APR2218-T2399.99,2026-04-22T22:00:00Z,2392.96,2399.99,0.2937,0.265,real,0.124948,0.9548,0.00044906,0.00039081,0.00061217,0.6384,0.01,0.00047935,1.0,0.0,1.0,0.0,0.0,-0.0998,2.0,1.0,0.8344,0.0,4.758e-05,0.0,0.0,0.0,1.0,1.0,-0.369,False,False,1.0,1.0,10.62,19.01,False,-1.0,bullish,0.0,0.0,0.140052,0.117399,trade,no,False,False,43.0,58.2,,0.528499,0.05,50.0,1000.0,1.0,3.0,0.6837,-0.1653,-0.0936,0.0071,False,,True,False,-50.0,2026-04-22 21:01:46+00:00,,,,,,,,,,,,,,,,,,,,,,,,,,,,,,,,,,,,,,,,,,,,,,,,,,,,,,,,,,,,,,,,,,,,,,,,,,,,,,,,,,,,,,,,,,,,,,,,,,,,,,,,,,0.45876272442942473,17,2026-W17,0.735,True
2026-04-22 22:02:45+00:00,2026-04-22 22:00,KXETHD-26APR2219-T2419.99,2026-04-22T23:00:00Z,2403.97,2419.99,0.6664,0.155,real,0.01,2.261,0.00031308,0.00027506,0.00086492,0.318,0.25,0.000511,1.0,-1.0,0.0,1.0,0.0,0.04,2.0,1.0,0.9828,0.0,4.822e-05,0.0,0.0,0.0,0.0,0.0,0.0857,False,False,-1.0,-1.0,80.96,84.22,True,1.0,bullish,0.0,0.0,0.125,0.107963,trade,no,False,False,44.0,57.21,,0.806452,0.046341,46.34,1000.0,3.0,-2.0,0.5517,0.239,-0.0129,0.047,False,,False,True,8.5,2026-04-22 22:02:45+00:00,,,,,,,,,,,,,,,,,,,,,,,,,,,,,,,,,,,,,,,,,,,,,,,,,,,,,,,,,,,,,,,,,,,,,,,,,,,,,,,,,,,,,,,,,,,,,,,,,,,,,,,,,,0.5006685040494067,17,2026-W17,0.845,False
2026-04-22 22:17:29+00:00,2026-04-22 22:00,KXETHD-26APR2219-T2399.99,2026-04-22T23:00:00Z,2400.74,2399.99,-0.0311,0.465,real,0.516854,-0.1171,0.00042559,0.00053589,,,0.01,0.00053589,1.0,-1.0,0.0,1.0,0.0,-0.0678,2.0,1.0,0.9361,0.0,4.722e-05,0.0,0.0,0.0,0.0,0.0,-0.0262,False,False,0.0,-1.0,64.99,78.53,True,1.0,bullish,0.0,0.0,0.051854,0.01944,trade,yes,False,False,44.0,42.47,,0.096923,0.027128,27.13,1000.0,3.0,0.0,0.6517,-0.1527,-0.0974,-0.163,False,,True,True,31.21,2026-04-22 22:17:29+00:00,,,,,,,,,,,,,,,,,,,,,,,,,,,,,,,,,,,,,,,,,,,,,,,,,,,,,,,,,,,,,,,,,,,,,,,,,,,,,,,,,,,,,,,,,,,,,,,,,,,,,,,,,,0.5006685040494067,17,2026-W17,0.465,True
2026-04-22 23:02:50+00:00,2026-04-22 23:00,KXETHD-26APR2220-T2399.99,2026-04-23T00:00:00Z,2396.32,2399.99,0.1533,0.43,real,0.182314,0.4001,0.00048233,0.00034486,0.00114908,0.3001,0.16,0.00066655,1.0,-1.0,0.0,1.0,-1.0,-0.2998,2.0,-1.0,0.8389,0.0,4.599e-05,0.0,0.0,0.0,0.0,0.0,-0.1472,False,False,0.0,0.0,45.35,41.86,False,0.0,bullish,0.0,0.0,0.247686,0.222251,trade,no,False,False,44.0,57.13,,0.576014,0.049519,49.52,1000.0,3.0,0.0,0.6517,-0.055,0.1282,0.0067,False,,False,True,37.36,2026-04-22 23:02:50+00:00,,,,,,,,,,,,,,,,,,,,,,,,,,,,,,,,,,,,,,,,,,,,,,,,,,,,,,,,,,,,,,,,,,,,,,,,,,,,,,,,,,,,,,,,,,,,,,,,,,,,,,,,,,0.6038358867423136,17,2026-W17,0.5700000000000001,False
2026-04-23 00:20:02+00:00,2026-04-23 00:00,KXETHD-26APR2221-T2359.99,2026-04-23T01:00:00Z,2372.75,2359.99,-0.5376,0.645,real,0.870968,-0.4103,0.00154454,0.00223728,0.00229456,0.975,0.01,0.00226018,1.0,0.0,1.0,0.0,1.0,0.2555,2.0,1.0,0.8947,0.0,4.861e-05,0.0,0.0,0.0,0.0,0.0,,False,False,1.0,0.0,46.43,17.15,True,-1.0,neutral,0.0,0.0,0.225968,0.194939,trade,yes,False,False,43.0,39.91,,0.636529,0.044004,44.0,1000.0,0.0,0.0,0.5125,-0.264,0.3222,0.7738,False,,True,True,24.22,2026-04-23 00:20:02+00:00,,,,,,,,,,,,,,,,,,,,,,,,,,,,,,,,,,,,,,,,,,,,,,,,,,,,,,,,,,,,,,,,,,,,,,,,,,,,,,,,,,,,,,,,,,,,,,,,,,,,,,,,,,0.5366733527197953,17,2026-W17,0.645,True
2026-04-23 00:25:21+00:00,2026-04-23 00:00,KXETHD-26APR2221-T2379.99,2026-04-23T01:00:00Z,2367.28,2379.99,0.5367,0.17,real,0.284692,0.5716,0.0014707,0.002248,0.00095355,2.3575,0.06,0.00173022,1.0,-1.0,0.0,1.0,0.0,0.0459,2.0,1.0,0.9789,-1.0,6.89e-05,0.0,0.0,0.0,0.0,0.0,,False,False,1.0,0.0,36.76,13.93,True,-1.0,neutral,0.0,0.0,0.099692,0.074815,trade,yes,False,False,43.0,34.61,,0.12011,0.023893,23.89,1000.0,0.0,2.0,0.5854,-0.4785,0.5224,-0.0924,True,,False,False,-23.89,2026-04-23 00:25:21+00:00,,,,,,,,,,,,,,,,,,,,,,,,,,,,,,,,,,,,,,,,,,,,,,,,,,,,,,,,,,,,,,,,,,,,,,,,,,,,,,,,,,,,,,,,,,,,,,,,,,,,,,,,,,0.5366733527197953,17,2026-W17,0.17,True
2026-04-23 01:04:43+00:00,2026-04-23 01:00,KXETHD-26APR2222-T2359.99,2026-04-23T02:00:00Z,2369.42,2359.99,-0.3979,0.75,real,0.888283,-0.8134,0.00152163,0.00077844,0.00079546,0.9786,0.08,0.00078524,1.0,-1.0,0.0,1.0,0.0,-0.0489,2.0,0.0,0.5819,-1.0,5.889e-05,-1.0,0.0,0.0,0.0,0.0,0.3067,False,False,1.0,0.0,40.86,44.28,False,-1.0,neutral,0.0,0.0,0.123283,0.095158,trade,yes,False,False,43.0,55.23,,0.493134,0.036086,36.09,1000.0,0.0,1.0,0.5245,0.0156,-0.1155,-0.1307,False,,True,True,12.03,2026-04-23 01:04:43+00:00,,,,,,,,,,,,,,,,,,,,,,,,,,,,,,,,,,,,,,,,,,,,,,,,,,,,,,,,,,,,,,,,,,,,,,,,,,,,,,,,,,,,,,,,,,,,,,,,,,,,,,,,,,0.5491138089103647,17,2026-W17,0.75,True
2026-04-23 01:17:28+00:00,2026-04-23 01:00,KXETHD-26APR2222-T2379.99,2026-04-23T02:00:00Z,2366.55,2379.99,0.5678,0.15,real,0.255215,1.3539,0.00117914,0.00084821,0.00083807,1.0121,0.04,0.00084415,1.0,-1.0,0.0,1.0,0.0,-0.0902,2.0,0.0,0.5651,-1.0,6.182e-05,-1.0,0.0,0.0,0.0,0.0,0.0696,False,False,1.0,0.0,33.19,38.41,False,-1.0,neutral,0.0,0.0,0.090215,0.06629,trade,yes,False,False,43.0,42.48,,0.106136,0.019995,19.99,1000.0,0.0,2.0,0.5854,-0.3994,-0.325,-0.1465,False,,False,False,-19.99,2026-04-23 01:17:28+00:00,,,,,,,,,,,,,,,,,,,,,,,,,,,,,,,,,,,,,,,,,,,,,,,,,,,,,,,,,,,,,,,,,,,,,,,,,,,,,,,,,,,,,,,,,,,,,,,,,,,,,,,,,,0.5491138089103647,17,2026-W17,0.15,True
2026-04-23 02:01:08+00:00,2026-04-23 02:00,KXETHD-26APR2223-T2359.99,2026-04-23T03:00:00Z,2367.06,2359.99,-0.2987,0.69,real,0.89911,-0.7957,0.00064471,0.00055067,0.00078676,0.6999,0.12,0.0006451,1.0,-1.0,0.0,1.0,0.0,-0.0734,2.0,0.0,0.6121,-1.0,7.406e-05,0.0,0.0,0.0,0.0,0.0,0.159,False,False,0.0,0.0,41.12,40.15,False,-1.0,neutral,0.0,0.0,0.19411,0.164137,trade,yes,False,False,42.0,58.81,,0.626161,0.05,50.0,1000.0,0.0,1.0,0.5245,0.1019,-0.0557,0.038,False,,False,False,-50.0,2026-04-23 02:01:08+00:00,,,,,,,,,,,,,,,,,,,,,,,,,,,,,,,,,,,,,,,,,,,,,,,,,,,,,,,,,,,,,,,,,,,,,,,,,,,,,,,,,,,,,,,,,,,,,,,,,,,,,,,,,,0.5717222746979185,17,2026-W17,0.69,True
2026-04-23 02:04:19+00:00,2026-04-23 02:00,KXETHD-26APR2223-T2379.99,2026-04-23T03:00:00Z,2363.45,2379.99,0.6998,0.155,real,0.051963,1.8788,0.00063623,0.00047733,0.0009209,0.5183,0.21,0.00065476,1.0,-1.0,0.0,1.0,0.0,-0.0214,2.0,0.0,0.5232,-1.0,7.623e-05,0.0,0.0,0.0,0.0,0.0,-0.0138,False,False,1.0,0.0,33.66,37.67,False,-1.0,neutral,0.0,0.0,0.118037,0.100545,trade,no,False,False,42.0,55.63,,0.76153,0.05,50.0,1000.0,0.0,1.0,0.5245,-0.0698,-0.1336,-0.1715,False,,False,True,9.17,2026-04-23 02:04:19+00:00,,,,,,,,,,,,,,,,,,,,,,,,,,,,,,,,,,,,,,,,,,,,,,,,,,,,,,,,,,,,,,,,,,,,,,,,,,,,,,,,,,,,,,,,,,,,,,,,,,,,,,,,,,0.5717222746979185,17,2026-W17,0.845,False
2026-04-23 03:02:48+00:00,2026-04-23 03:00,KXETHD-26APR2300-T2359.99,2026-04-23T04:00:00Z,2351.9,2359.99,0.3441,0.2,real,0.279491,0.9697,0.00081282,0.00056982,0.00053992,1.0554,0.16,0.00055786,1.0,0.0,1.0,1.0,0.0,-0.052,2.0,0.0,0.4493,-1.0,8.403e-05,-1.0,0.0,0.0,1.0,1.0,-0.415,False,False,1.0,1.0,18.19,15.8,True,-1.0,neutral,0.0,0.0,0.064491,0.038291,trade,yes,False,False,42.0,57.16,,0.080614,0.038327,38.33,1000.0,0.0,7.0,0.551,-0.2262,-0.0408,-0.0315,False,,False,False,-38.33,2026-04-23 03:02:48+00:00,,,,,,,,,,,,,,,,,,,,,,,,,,,,,,,,,,,,,,,,,,,,,,,,,,,,,,,,,,,,,,,,,,,,,,,,,,,,,,,,,,,,,,,,,,,,,,,,,,,,,,,,,,0.5740211747997422,17,2026-W17,0.2,True
2026-04-23 03:13:29+00:00,2026-04-23 03:00,KXETHD-26APR2300-T2339.99,2026-04-23T04:00:00Z,2344.67,2339.99,-0.1996,0.67,real,0.746479,-0.5634,0.00082674,0.00049829,0.00066628,0.7479,0.14,0.00056548,1.0,0.0,1.0,2.0,-1.0,-0.2372,2.0,0.0,0.5336,-1.0,8.428e-05,-1.0,0.0,0.0,1.0,1.0,-0.7069,False,False,1.0,1.0,0.0,9.74,True,-1.0,neutral,0.0,0.0,0.061479,0.031002,trade,yes,False,False,41.0,46.47,,0.1863,0.022545,22.54,1000.0,0.0,10.0,0.557,-0.121,-0.3024,-0.1848,False,,True,True,11.1,2026-04-23 03:13:29+00:00,,,,,,,,,,,,,,,,,,,,,,,,,,,,,,,,,,,,,,,,,,,,,,,,,,,,,,,,,,,,,,,,,,,,,,,,,,,,,,,,,,,,,,,,,,,,,,,,,,,,,,,,,,0.5740211747997422,17,2026-W17,0.67,True
2026-04-23 04:09:48+00:00,2026-04-23 04:00,KXETHD-26APR2301-T2349.99,2026-04-23T05:00:00Z,2341.73,2349.99,0.3527,0.1,real,0.287983,1.1494,0.00064851,0.00059959,0.00038795,1.5455,0.1,0.00051493,1.0,0.0,1.0,2.0,-1.0,-0.1532,2.0,0.0,0.5988,-1.0,8.58e-05,0.0,0.0,0.0,1.0,1.0,-0.7728,False,False,1.0,1.0,15.84,14.4,False,-1.0,bearish,0.0,0.0,0.172983,0.151683,trade,yes,False,False,38.0,50.14,,0.192204,0.05,50.0,1000.0,0.0,8.0,0.557,0.2871,-0.0739,0.1121,False,,False,False,-50.0,2026-04-23 04:09:48+00:00,,,,,,,,,,,,,,,,,,,,,,,,,,,,,,,,,,,,,,,,,,,,,,,,,,,,,,,,,,,,,,,,,,,,,,,,,,,,,,,,,,,,,,,,,,,,,,,,,,,,,,,,,,0.5554981203830877,17,2026-W17,0.1,True
2026-04-23 09:03:22+00:00,2026-04-23 09:00,KXETHD-26APR2306-T2349.99,2026-04-23T10:00:00Z,2339.36,2349.99,0.4545,0.18,real,0.018028,1.6386,0.0004694,0.00036771,0.00065852,0.5584,0.18,0.00048403,-1.0,0.0,1.0,0.0,0.0,0.0222,2.0,-1.0,0.8101,0.0,3.993e-05,0.0,0.0,0.0,1.0,1.0,-0.7091,False,False,1.0,1.0,8.42,10.01,True,-1.0,bearish,0.0,0.0,0.15,0.132963,trade,no,False,False,38.0,56.58,,0.833333,0.05,50.0,1000.0,-1.0,9.0,0.554,0.0591,-0.0222,-0.0974,False,,False,True,10.98,2026-04-23 09:03:22+00:00,,,,,,,,,,,,,,,,,,,,,,,,,,,,,,,,,,,,,,,,,,,,,,,,,,,,,,,,,,,,,,,,,,,,,,,,,,,,,,,,,,,,,,,,,,,,,,,,,,,,,,,,,,0.5556789720685634,17,2026-W17,0.8200000000000001,False
2026-04-23 09:11:53+00:00,2026-04-23 09:00,KXETHD-26APR2306-T2329.99,2026-04-23T10:00:00Z,2320.3,2329.99,0.4175,0.185,real,0.05904,0.6828,0.00065121,0.00091136,0.00067033,1.3596,0.13,0.00081495,-1.0,1.0,2.0,1.0,-1.0,-0.1878,2.0,0.0,0.5468,0.0,4.068e-05,0.0,-1.0,1.0,2.0,2.0,-1.4015,False,False,1.0,1.0,14.09,11.89,True,-1.0,bearish,0.0,0.0,0.12596,0.107072,trade,no,False,False,38.0,48.07,,0.680866,0.05,50.0,1000.0,-1.0,9.0,0.554,-0.6768,-0.8771,-0.353,False,,False,True,11.35,2026-04-23 09:11:53+00:00,,,,,,,,,,,,,,,,,,,,,,,,,,,,,,,,,,,,,,,,,,,,,,,,,,,,,,,,,,,,,,,,,,,,,,,,,,,,,,,,,,,,,,,,,,,,,,,,,,,,,,,,,,0.5556789720685634,17,2026-W17,0.815,False
2026-04-23 10:15:34+00:00,2026-04-23 10:00,KXETHD-26APR2307-T2309.99,2026-04-23T11:00:00Z,2310.34,2309.99,-0.0152,0.53,real,0.746479,-0.0309,0.00074763,0.00093657,0.00030322,3.0888,0.14,0.00068323,-1.0,1.0,2.0,2.0,-1.0,-0.1393,2.0,0.0,0.5827,-1.0,6.104e-05,0.0,-1.0,1.0,2.0,2.0,-1.6717,False,False,1.0,1.0,7.84,5.84,True,-1.0,bearish,0.0,0.0,0.201479,0.169042,trade,yes,False,False,37.0,44.38,,0.428678,0.013209,13.21,1000.0,-3.0,11.0,0.548,-0.5924,-0.1361,0.0351,False,,True,True,11.71,2026-04-23 10:15:34+00:00,,,,,,,,,,,,,,,,,,,,,,,,,,,,,,,,,,,,,,,,,,,,,,,,,,,,,,,,,,,,,,,,,,,,,,,,,,,,,,,,,,,,,,,,,,,,,,,,,,,,,,,,,,0.555391810529353,17,2026-W17,0.53,True
2026-04-23 11:01:13+00:00,2026-04-23 11:00,KXETHD-26APR2308-T2309.99,2026-04-23T12:00:00Z,2315.61,2309.99,-0.2425,0.605,real,0.776471,-0.4702,0.00063087,0.00042747,0.00118982,0.3593,0.01,0.00073241,-1.0,1.0,2.0,1.0,0.0,-0.0106,2.0,0.0,0.5384,-1.0,6.751e-05,0.0,-1.0,1.0,2.0,2.0,-1.5309,False,False,1.0,1.0,13.28,13.1,False,-1.0,bearish,0.0,0.0,0.156471,0.124742,trade,yes,False,False,36.0,58.73,,0.396128,0.05,50.0,1000.0,-3.0,9.0,0.548,-0.0817,-0.0086,0.0,False,,True,True,32.64,2026-04-23 11:01:13+00:00,,,,,,,,,,,,,,,,,,,,,,,,,,,,,,,,,,,,,,,,,,,,,,,,,,,,,,,,,,,,,,,,,,,,,,,,,,,,,,,,,,,,,,,,,,,,,,,,,,,,,,,,,,0.5213526307672953,17,2026-W17,0.605,True
2026-04-23 11:44:41+00:00,2026-04-23 11:00,KXETHD-26APR2308-T2329.99,2026-04-23T12:00:00Z,2326.24,2329.99,0.1614,0.25,real,0.13109,0.6717,0.00055694,0.00061595,0.00061167,1.007,0.16,0.00061424,-1.0,-1.0,0.0,1.0,0.0,-0.0156,2.0,0.0,0.5531,-1.0,6.928e-05,0.0,0.0,0.0,1.0,1.0,-1.0302,False,False,-1.0,0.0,45.64,34.02,False,0.0,bearish,0.0,0.0,0.13391,0.111727,trade,no,False,False,37.0,15.27,,0.535638,0.029149,29.15,1000.0,-1.0,3.0,0.5205,0.3831,0.264,0.0254,False,,False,True,9.72,2026-04-23 11:44:41+00:00,,,,,,,,,,,,,,,,,,,,,,,,,,,,,,,,,,,,,,,,,,,,,,,,,,,,,,,,,,,,,,,,,,,,,,,,,,,,,,,,,,,,,,,,,,,,,,,,,,,,,,,,,,0.5213526307672953,17,2026-W17,0.75,False
2026-04-23 12:14:21+00:00,2026-04-23 12:00,KXETHD-26APR2309-T2329.99,2026-04-23T13:00:00Z,2335.72,2329.99,-0.2452,0.655,real,0.888283,-0.633,0.00052045,0.00053195,0.00091146,0.5836,0.03,0.00068375,-1.0,-1.0,0.0,2.0,0.0,-0.0774,2.0,0.0,0.4048,-1.0,6.657e-05,0.0,0.0,0.0,0.0,0.0,-0.575,False,False,-1.0,-1.0,81.17,66.73,False,0.0,bearish,0.0,0.0,0.218283,0.187465,trade,yes,False,False,38.0,45.59,,0.632705,0.05,50.0,1000.0,-1.0,0.0,0.4591,0.4328,0.1596,0.1364,False,,False,False,-50.0,2026-04-23 12:14:21+00:00,,,,,,,,,,,,,,,,,,,,,,,,,,,,,,,,,,,,,,,,,,,,,,,,,,,,,,,,,,,,,,,,,,,,,,,,,,,,,,,,,,,,,,,,,,,,,,,,,,,,,,,,,,0.5329442586429161,17,2026-W17,0.655,True
2026-04-23 13:03:11+00:00,2026-04-23 13:00,KXETHD-26APR2310-T2349.99,2026-04-23T14:00:00Z,2331.01,2349.99,0.8144,0.15,real,0.01,2.0466,0.000434,0.00035118,0.00103859,0.3381,0.02,0.00062614,-1.0,-1.0,0.0,3.0,-1.0,-0.1931,2.0,0.0,0.5638,-1.0,5.971e-05,0.0,0.0,0.0,1.0,1.0,-0.7368,False,False,-1.0,-1.0,82.68,81.19,False,0.0,bearish,0.0,0.0,0.12,0.102963,trade,no,False,False,39.0,56.78,,0.8,0.042626,42.63,1000.0,-1.0,0.0,0.4591,-0.0433,0.1742,0.064,False,,False,True,7.52,2026-04-23 13:03:11+00:00,,,,,,,,,,,,,,,,,,,,,,,,,,,,,,,,,,,,,,,,,,,,,,,,,,,,,,,,,,,,,,,,,,,,,,,,,,,,,,,,,,,,,,,,,,,,,,,,,,,,,,,,,,0.5168127820758365,17,2026-W17,0.85,False
2026-04-23 13:04:14+00:00,2026-04-23 13:00,KXETHD-26APR2310-T2329.99,2026-04-23T14:00:00Z,2333.04,2329.99,-0.1306,0.575,real,0.754941,-0.3589,0.00043108,0.0003506,0.00092555,0.3788,0.03,0.00058058,-1.0,-1.0,0.0,2.0,0.0,-0.0639,2.0,0.0,0.5638,-1.0,5.971e-05,0.0,0.0,0.0,1.0,1.0,-0.7368,False,False,-1.0,-1.0,82.68,81.19,False,0.0,bearish,0.0,0.0,0.164941,0.132834,trade,yes,False,False,39.0,55.72,,0.388096,0.05,50.0,1000.0,-1.0,0.0,0.4591,-0.0433,0.1742,0.064,False,,False,False,-50.0,2026-04-23 13:04:14+00:00,,,,,,,,,,,,,,,,,,,,,,,,,,,,,,,,,,,,,,,,,,,,,,,,,,,,,,,,,,,,,,,,,,,,,,,,,,,,,,,,,,,,,,,,,,,,,,,,,,,,,,,,,,0.5168127820758365,17,2026-W17,0.575,True
2026-04-23 14:00:43+00:00,2026-04-23 14:00,KXETHD-26APR2311-T2329.99,2026-04-23T15:00:00Z,2320.33,2329.99,0.4165,0.245,real,0.066808,0.8546,0.00058222,0.00073243,0.00078252,0.936,0.05,0.00075247,-1.0,0.0,1.0,1.0,-1.0,-0.1146,2.0,0.0,0.4371,0.0,4.878e-05,0.0,-1.0,1.0,2.0,2.0,-0.882,False,False,1.0,0.0,35.18,41.39,False,-1.0,bearish,0.0,0.0,0.178192,0.158827,trade,no,False,False,38.0,59.21,,0.727313,0.022985,22.98,1000.0,-1.0,1.0,0.4254,-0.194,0.0832,0.1831,False,,True,False,-22.98,2026-04-23 14:00:43+00:00,,,,,,,,,,,,,,,,,,,,,,,,,,,,,,,,,,,,,,,,,,,,,,,,,,,,,,,,,,,,,,,,,,,,,,,,,,,,,,,,,,,,,,,,,,,,,,,,,,,,,,,,,,0.5225638443425881,17,2026-W17,0.755,False
2026-04-23 14:02:52+00:00,2026-04-23 14:00,KXETHD-26APR2311-T2309.99,2026-04-23T15:00:00Z,2320.0,2309.99,-0.4315,0.735,real,0.870968,-0.8859,0.00057928,0.00067433,0.00091138,0.7399,0.03,0.00076914,-1.0,0.0,1.0,1.0,-1.0,-0.1228,2.0,0.0,0.391,0.0,4.878e-05,0.0,-1.0,1.0,2.0,2.0,-0.9256,False,False,1.0,0.0,28.6,39.19,False,-1.0,bearish,0.0,0.0,0.135968,0.107333,trade,yes,False,False,38.0,57.09,,0.513086,0.043752,43.75,1000.0,-1.0,3.0,0.5205,-0.2666,0.0224,0.1222,False,,True,True,15.77,2026-04-23 14:02:52+00:00,,,,,,,,,,,,,,,,,,,,,,,,,,,,,,,,,,,,,,,,,,,,,,,,,,,,,,,,,,,,,,,,,,,,,,,,,,,,,,,,,,,,,,,,,,,,,,,,,,,,,,,,,,0.5225638443425881,17,2026-W17,0.735,True
2026-04-23 15:03:41+00:00,2026-04-23 15:00,KXETHD-26APR2312-T2329.99,2026-04-23T16:00:00Z,2330.05,2329.99,-0.0025,0.495,real,0.694175,-0.0052,0.00078522,0.00076881,,,0.03,0.00076881,-1.0,-1.0,0.0,1.0,0.0,0.0013,2.0,0.0,0.2663,0.0,3.902e-05,0.0,0.0,0.0,0.0,0.0,-0.3228,False,False,0.0,-1.0,67.12,78.0,True,0.0,bearish,0.0,0.0,0.199175,0.166677,trade,yes,False,False,38.0,56.26,,0.394405,0.017654,17.65,1000.0,-1.0,0.0,0.4591,-0.0429,0.0258,-0.2044,False,,True,True,18.01,2026-04-23 15:03:41+00:00,,,,,,,,,,,,,,,,,,,,,,,,,,,,,,,,,,,,,,,,,,,,,,,,,,,,,,,,,,,,,,,,,,,,,,,,,,,,,,,,,,,,,,,,,,,,,,,,,,,,,,,,,,0.5189423220543208,17,2026-W17,0.495,True
2026-04-23 16:12:36+00:00,2026-04-23 16:00,KXETHD-26APR2313-T2329.99,2026-04-23T17:00:00Z,2333.62,2329.99,-0.1555,0.65,real,0.754941,-0.3584,0.00090345,0.00075239,0.00058741,1.2809,0.02,0.0006864,-1.0,-1.0,0.0,1.0,-1.0,-0.1324,2.0,1.0,1.0,0.0,-2.87e-05,0.0,0.0,0.0,0.0,0.0,0.0657,False,False,-1.0,0.0,69.66,73.5,True,0.0,bearish,0.0,0.0,0.104941,0.074016,trade,yes,False,False,38.0,47.27,,0.299831,0.05,50.0,1000.0,-1.0,0.0,0.4591,-0.0659,0.0664,0.0291,False,,False,False,-50.0,2026-04-23 16:12:36+00:00,,,,,,,,,,,,,,,,,,,,,,,,,,,,,,,,,,,,,,,,,,,,,,,,,,,,,,,,,,,,,,,,,,,,,,,,,,,,,,,,,,,,,,,,,,,,,,,,,,,,,,,,,,0.5244158361799688,17,2026-W17,0.65,True
2026-04-23 18:15:50+00:00,2026-04-23 18:00,KXETHD-26APR2315-T2309.99,2026-04-23T19:00:00Z,2315.13,2309.99,-0.222,0.665,real,0.801282,-0.386,0.00135976,0.00105039,0.00078766,1.3336,0.03,0.0009453,-1.0,-1.0,0.0,1.0,-1.0,-0.1373,2.0,0.0,0.6637,0.0,-3.9e-05,-1.0,0.0,0.0,1.0,1.0,-0.5876,False,False,0.0,0.0,50.57,47.7,False,-1.0,bearish,0.0,0.0,0.136282,0.105688,trade,yes,False,False,37.0,43.85,,0.406812,0.05,50.0,1000.0,-2.0,1.0,0.463,0.9759,0.0181,-0.0699,True,,False,False,-50.0,2026-04-23 18:15:50+00:00,,,,,,,,,,,,,,,,,,,,,,,,,,,,,,,,,,,,,,,,,,,,,,,,,,,,,,,,,,,,,,,,,,,,,,,,,,,,,,,,,,,,,,,,,,,,,,,,,,,,,,,,,,0.5285531007427755,17,2026-W17,0.665,True
2026-04-23 19:00:01+00:00,2026-04-23 18:00,KXETHD-26APR2317-T2309.99,2026-04-23T21:00:00Z,2306.69,2309.99,0.1428,0.415,real,0.31787,0.2502,0.00051627,0.00053999,0.00060821,0.8878,0.03,0.00056727,-1.0,-1.0,0.0,1.0,-1.0,-0.1379,2.0,0.0,0.6272,0.0,-3.82e-06,-1.0,0.0,0.0,1.0,1.0,-0.806,False,False,1.0,0.0,38.95,44.53,False,-1.0,bearish,0.0,0.0,0.09713,0.066952,trade,no,False,False,58.0,119.49,,0.234049,0.05,50.0,1000.0,-4.0,1.0,0.3631,-0.1878,-0.3254,-0.2232,False,,True,False,-50.0,2026-04-23 19:00:01+00:00,,,,,,,,,,,,,,,,,,,,,,,,,,,,,,,,,,,,,,,,,,,,,,,,,,,,,,,,,,,,,,,,,,,,,,,,,,,,,,,,,,,,,,,,,,,,,,,,,,,,,,,,,,0.5285531007427755,17,2026-W17,0.585,False
2026-04-23 21:05:00+00:00,2026-04-23 21:00,KXETHD-26APR2318-T2329.99,2026-04-23T22:00:00Z,2325.55,2329.99,0.1908,0.285,real,0.17642,0.7027,0.00051238,0.00051837,0.00046869,1.106,0.07,0.0004985,-1.0,-1.0,0.0,1.0,0.0,0.0424,2.0,1.0,0.9581,0.0,1.689e-05,1.0,0.0,0.0,0.0,0.0,0.091,False,False,-1.0,-1.0,90.62,92.35,True,0.0,bearish,0.0,0.0,0.10858,0.08341,trade,no,False,False,37.0,51.24,,0.380983,0.046758,46.76,1000.0,0.0,-3.0,0.4167,0.2346,0.0065,-0.0155,False,,False,True,18.64,2026-04-23 21:05:00+00:00,,,,,,,,,,,,,,,,,,,,,,,,,,,,,,,,,,,,,,,,,,,,,,,,,,,,,,,,,,,,,,,,,,,,,,,,,,,,,,,,,,,,,,,,,,,,,,,,,,,,,,,,,,0.5147345005075422,17,2026-W17,0.7150000000000001,False
2026-04-23 22:00:08+00:00,2026-04-23 22:00,KXETHD-26APR2319-T2329.99,2026-04-23T23:00:00Z,2323.84,2329.99,0.2645,0.21,real,0.13555,0.9204,0.00044388,0.00053137,0.0004235,1.2547,0.14,0.00048822,-1.0,-1.0,0.0,1.0,-1.0,-0.2328,2.0,0.0,0.6415,0.0,2.366e-05,0.0,0.0,0.0,0.0,0.0,0.098,False,False,0.0,0.0,78.95,85.11,True,0.0,bearish,0.0,0.0,0.07445,0.051248,trade,no,False,False,29.0,59.82,,0.354524,0.05,50.0,1000.0,0.0,-1.0,0.4842,0.0551,-0.1937,-0.225,False,,True,False,-50.0,2026-04-23 22:00:08+00:00,,,,,,,,,,,,,,,,,,,,,,,,,,,,,,,,,,,,,,,,,,,,,,,,,,,,,,,,,,,,,,,,,,,,,,,,,,,,,,,,,,,,,,,,,,,,,,,,,,,,,,,,,,0.5094809210400273,17,2026-W17,0.79,False
2026-04-23 23:01:47+00:00,2026-04-23 23:00,KXETHD-26APR2320-T2349.99,2026-04-24T00:00:00Z,2332.94,2349.99,0.7309,0.155,real,0.016436,1.5643,0.00060834,0.0005841,0.00094055,0.621,0.25,0.00072668,-1.0,-1.0,0.0,1.0,-1.0,-0.1353,2.0,0.0,0.7286,0.0,2.023e-05,0.0,0.0,0.0,-1.0,-1.0,0.434,False,False,0.0,0.0,77.01,80.01,True,1.0,bearish,0.0,0.0,0.125,0.107963,trade,no,False,False,38.0,58.16,,0.806452,0.05,50.0,1000.0,0.0,0.0,0.5125,-0.0493,-0.2051,-0.2051,False,,False,True,9.17,2026-04-23 23:01:47+00:00,,,,,,,,,,,,,,,,,,,,,,,,,,,,,,,,,,,,,,,,,,,,,,,,,,,,,,,,,,,,,,,,,,,,,,,,,,,,,,,,,,,,,,,,,,,,,,,,,,,,,,,,,,0.5035848923986225,17,2026-W17,0.845,False
2026-04-23 23:02:51+00:00,2026-04-23 23:00,KXETHD-26APR2320-T2329.99,2026-04-24T00:00:00Z,2332.53,2329.99,-0.1089,0.625,real,0.694175,-0.3231,0.00060834,0.00058406,0.00045273,1.2901,0.17,0.00053153,-1.0,-1.0,0.0,0.0,0.0,-0.0589,2.0,0.0,0.7286,0.0,2.023e-05,0.0,0.0,0.0,-1.0,-1.0,0.434,False,False,0.0,0.0,77.01,80.01,True,1.0,bearish,0.0,0.0,0.069175,0.037769,trade,yes,False,False,38.0,57.1,,0.184466,0.017486,17.49,1000.0,0.0,0.0,0.5125,-0.054,-0.2051,-0.2051,False,,True,True,10.49,2026-04-23 23:02:51+00:00,,,,,,,,,,,,,,,,,,,,,,,,,,,,,,,,,,,,,,,,,,,,,,,,,,,,,,,,,,,,,,,,,,,,,,,,,,,,,,,,,,,,,,,,,,,,,,,,,,,,,,,,,,0.5035848923986225,17,2026-W17,0.625,True
2026-04-24 00:00:16+00:00,2026-04-24 00:00,KXETHD-26APR2321-T2329.99,2026-04-24T01:00:00Z,2331.75,2329.99,-0.0756,0.625,real,0.746479,-0.6304,0.00033368,0.00017589,0.0003074,0.5722,0.13,0.00022849,-1.0,-1.0,0.0,1.0,-1.0,-0.1119,2.0,0.0,0.6157,0.0,1.661e-05,0.0,0.0,0.0,0.0,0.0,,False,False,0.0,0.0,57.02,60.28,False,1.0,bearish,0.0,0.0,0.121479,0.090073,trade,yes,False,False,33.0,59.68,,0.323944,0.05,50.0,1000.0,0.0,0.0,0.5125,0.0747,-0.0026,-0.0026,False,,True,True,30.0,2026-04-24 00:00:16+00:00,,,,,,,,,,,,,,,,,,,,,,,,,,,,,,,,,,,,,,,,,,,,,,,,,,,,,,,,,,,,,,,,,,,,,,,,,,,,,,,,,,,,,,,,,,,,,,,,,,,,,,,,,,0.5042302005823036,17,2026-W17,0.625,True
2026-04-24 01:06:10+00:00,2026-04-24 01:00,KXETHD-26APR2322-T2329.99,2026-04-24T02:00:00Z,2327.58,2329.99,0.1034,0.365,real,0.280526,0.4496,0.0005082,0.00049594,0.00040826,1.2148,0.23,0.00046087,-1.0,0.0,1.0,1.0,-1.0,-0.2347,2.0,0.0,0.5986,0.0,-4.63e-06,0.0,-1.0,1.0,2.0,2.0,-0.2059,False,False,1.0,0.0,29.71,52.3,False,0.0,bearish,0.0,0.0,0.084474,0.055346,trade,no,False,False,37.0,53.78,,0.231436,0.05,50.0,1000.0,0.0,0.0,0.5125,-0.3655,-0.2297,-0.0129,False,,True,False,-50.0,2026-04-24 01:06:10+00:00,,,,,,,,,,,,,,,,,,,,,,,,,,,,,,,,,,,,,,,,,,,,,,,,,,,,,,,,,,,,,,,,,,,,,,,,,,,,,,,,,,,,,,,,,,,,,,,,,,,,,,,,,,0.492599194440001,17,2026-W17,0.635,True
2026-04-24 02:01:25+00:00,2026-04-24 02:00,KXETHD-26APR2323-T2329.99,2026-04-24T03:00:00Z,2332.9,2329.99,-0.1247,0.62,real,0.661538,-0.372,0.00063244,0.00060535,0.00053383,1.134,0.2,0.00057674,-1.0,-1.0,0.0,1.0,-1.0,-0.1322,2.0,0.0,0.5112,0.0,7.13e-06,0.0,0.0,0.0,0.0,0.0,0.0971,False,False,-1.0,0.0,74.48,58.78,False,1.0,bearish,0.0,0.0,0.041538,0.010046,trade,yes,False,False,38.0,58.53,,0.109312,0.05,50.0,1000.0,0.0,-2.0,0.4797,0.5534,0.0004,0.033,False,,False,False,-50.0,2026-04-24 02:01:25+00:00,,,,,,,,,,,,,,,,,,,,,,,,,,,,,,,,,,,,,,,,,,,,,,,,,,,,,,,,,,,,,,,,,,,,,,,,,,,,,,,,,,,,,,,,,,,,,,,,,,,,,,,,,,0.5478180063011644,17,2026-W17,0.62,True
2026-04-24 03:01:58+00:00,2026-04-24 03:00,KXETHD-26APR2400-T2329.99,2026-04-24T04:00:00Z,2320.45,2329.99,0.4111,0.21,real,0.138061,0.8122,0.00059686,0.00087071,0.00066808,1.3033,0.22,0.00078966,-1.0,1.0,2.0,0.0,0.0,0.0552,2.0,0.0,0.6285,0.0,1.218e-05,0.0,-1.0,1.0,2.0,2.0,-0.3672,False,False,1.0,1.0,18.13,28.25,False,0.0,bearish,0.0,0.0,0.071939,0.048609,trade,no,False,False,37.0,57.98,,0.342568,0.05,50.0,1000.0,0.0,2.0,0.5854,-0.2935,-0.1824,0.0022,False,,False,True,13.29,2026-04-24 03:01:58+00:00,,,,,,,,,,,,,,,,,,,,,,,,,,,,,,,,,,,,,,,,,,,,,,,,,,,,,,,,,,,,,,,,,,,,,,,,,,,,,,,,,,,,,,,,,,,,,,,,,,,,,,,,,,0.5375339309270006,17,2026-W17,0.79,False
2026-04-24 05:23:28+00:00,2026-04-24 05:00,KXETHD-26APR2402-T2299.99,2026-04-24T06:00:00Z,2301.06,2299.99,-0.0467,0.645,real,0.754941,-0.3766,0.00036454,0.0002687,0.00020794,1.2922,0.05,0.0002444,-1.0,1.0,2.0,0.0,0.0,0.0545,2.0,0.0,0.4525,0.0,2.616e-05,0.0,-1.0,1.0,2.0,2.0,-0.5441,False,False,1.0,1.0,10.74,12.57,False,-1.0,bearish,0.0,0.0,0.109941,0.078912,trade,yes,False,False,39.0,36.44,,0.309692,0.05,50.0,1000.0,-2.0,5.0,0.5895,-0.1123,0.0326,-0.0291,False,,True,True,27.52,2026-04-24 05:23:28+00:00,,,,,,,,,,,,,,,,,,,,,,,,,,,,,,,,,,,,,,,,,,,,,,,,,,,,,,,,,,,,,,,,,,,,,,,,,,,,,,,,,,,,,,,,,,,,,,,,,,,,,,,,,,0.5248051654849595,17,2026-W17,0.645,True
2026-04-24 06:00:10+00:00,2026-04-24 06:00,KXETHD-26APR2403-T2319.99,2026-04-24T07:00:00Z,2315.61,2319.99,0.189,0.33,real,0.248387,0.5467,0.00051388,0.00060945,0.00055508,1.098,0.06,0.0005877,0.0,-1.0,0.0,0.0,0.0,-0.0499,2.0,0.0,0.6843,0.0,3.224e-05,0.0,0.0,0.0,0.0,0.0,0.0169,False,False,-1.0,0.0,52.83,43.19,False,0.0,bearish,0.0,0.0,0.081613,0.053545,trade,no,False,False,33.0,59.79,,0.247313,0.027646,27.65,1000.0,0.0,0.0,0.5125,0.4384,0.1089,0.1089,False,,False,True,13.62,2026-04-24 06:00:10+00:00,,,,,,,,,,,,,,,,,,,,,,,,,,,,,,,,,,,,,,,,,,,,,,,,,,,,,,,,,,,,,,,,,,,,,,,,,,,,,,,,,,,,,,,,,,,,,,,,,,,,,,,,,,0.5454056766370159,17,2026-W17,0.6699999999999999,False
2026-04-24 07:03:52+00:00,2026-04-24 07:00,KXETHD-26APR2404-T2319.99,2026-04-24T08:00:00Z,2311.26,2319.99,0.3778,0.205,real,0.043744,1.7074,0.00039804,0.00017768,0.00061107,0.2908,0.25,0.00035103,0.0,-1.0,0.0,0.0,0.0,0.009,2.0,0.0,0.6971,0.0,3.41e-05,0.0,0.0,0.0,1.0,1.0,-0.2555,False,False,0.0,0.0,55.39,54.15,False,-1.0,bearish,0.0,0.0,0.161256,0.143328,trade,no,False,False,39.0,56.09,,0.786615,0.05,50.0,1000.0,-2.0,0.0,0.4192,-0.0169,-0.0281,-0.0333,False,,False,True,12.89,2026-04-24 07:03:52+00:00,,,,,,,,,,,,,,,,,,,,,,,,,,,,,,,,,,,,,,,,,,,,,,,,,,,,,,,,,,,,,,,,,,,,,,,,,,,,,,,,,,,,,,,,,,,,,,,,,,,,,,,,,,0.521173533076282,17,2026-W17,0.795,False
2026-04-24 08:00:12+00:00,2026-04-24 08:00,KXETHD-26APR2405-T2319.99,2026-04-24T09:00:00Z,2312.44,2319.99,0.3267,0.19,real,0.064373,1.466,0.00039165,0.00031079,0.00048066,0.6466,0.06,0.00037874,0.0,-1.0,0.0,1.0,-1.0,-0.1123,2.0,0.0,0.1464,0.0,3.514e-05,0.0,0.0,0.0,1.0,1.0,-0.2454,False,False,1.0,0.0,55.51,62.99,False,-1.0,bearish,0.0,0.0,0.125627,0.106411,trade,no,False,False,26.0,59.73,,0.661196,0.05,50.0,1000.0,-2.0,0.0,0.4192,-0.1712,-0.1548,-0.016,False,,False,True,11.73,2026-04-24 08:00:12+00:00,,,,,,,,,,,,,,,,,,,,,,,,,,,,,,,,,,,,,,,,,,,,,,,,,,,,,,,,,,,,,,,,,,,,,,,,,,,,,,,,,,,,,,,,,,,,,,,,,,,,,,,,,,0.5071282307266644,17,2026-W17,0.81,False
2026-04-24 09:01:53+00:00,2026-04-24 09:00,KXETHD-26APR2406-T2319.99,2026-04-24T10:00:00Z,2315.61,2319.99,0.1892,0.245,real,0.17376,1.0703,0.00048966,0.00032848,0.00035937,0.9141,0.23,0.00034084,0.0,-1.0,0.0,0.0,0.0,-0.0957,2.0,0.0,0.2793,0.0,3.983e-05,0.0,0.0,0.0,0.0,0.0,0.0172,False,False,0.0,0.0,60.86,65.65,False,0.0,bearish,0.0,0.0,0.07124,0.046191,trade,no,False,False,39.0,58.06,,0.290777,0.05,50.0,1000.0,0.0,0.0,0.5125,-0.0035,0.0471,-0.0613,False,,False,True,16.23,2026-04-24 09:01:53+00:00,,,,,,,,,,,,,,,,,,,,,,,,,,,,,,,,,,,,,,,,,,,,,,,,,,,,,,,,,,,,,,,,,,,,,,,,,,,,,,,,,,,,,,,,,,,,,,,,,,,,,,,,,,0.5446828144615194,17,2026-W17,0.755,False
2026-04-24 10:35:16+00:00,2026-04-24 10:00,KXETHD-26APR2407-T2319.99,2026-04-24T11:00:00Z,2315.31,2319.99,0.2021,0.2,real,0.123745,0.8001,0.00055245,0.00079175,0.00048271,1.6402,0.08,0.00066813,0.0,-1.0,0.0,1.0,-1.0,-0.1528,2.0,-1.0,0.9921,0.0,3.92e-05,0.0,0.0,0.0,0.0,0.0,0.0487,False,False,-1.0,0.0,62.31,44.79,True,0.0,bearish,0.0,0.0,0.076255,0.053665,trade,no,False,False,39.0,24.69,,0.381275,0.033753,33.75,1000.0,0.0,0.0,0.5125,0.3733,0.0035,0.0035,False,,False,True,8.44,2026-04-24 10:35:16+00:00,,,,,,,,,,,,,,,,,,,,,,,,,,,,,,,,,,,,,,,,,,,,,,,,,,,,,,,,,,,,,,,,,,,,,,,,,,,,,,,,,,,,,,,,,,,,,,,,,,,,,,,,,,0.5002755469957446,17,2026-W17,0.8,False
2026-04-24 11:12:24+00:00,2026-04-24 11:00,KXETHD-26APR2408-T2339.99,2026-04-24T12:00:00Z,2328.17,2339.99,0.5079,0.185,real,0.071718,1.0177,0.00062977,0.0006567,0.00081941,0.8014,0.03,0.00072178,0.0,-1.0,0.0,2.0,0.0,-0.071,2.0,0.0,0.7778,0.0,2.703e-05,0.0,1.0,-1.0,-2.0,-2.0,0.5203,False,False,-1.0,-1.0,88.54,76.32,False,0.0,bearish,0.0,0.0,0.113282,0.093622,trade,no,False,False,40.0,47.56,,0.612336,0.016328,16.33,1000.0,0.0,-5.0,0.4068,0.5592,0.3186,-0.124,False,,False,True,3.71,2026-04-24 11:12:24+00:00,,,,,,,,,,,,,,,,,,,,,,,,,,,,,,,,,,,,,,,,,,,,,,,,,,,,,,,,,,,,,,,,,,,,,,,,,,,,,,,,,,,,,,,,,,,,,,,,,,,,,,,,,,0.4713762846137787,17,2026-W17,0.815,True
2026-04-24 12:00:09+00:00,2026-04-24 12:00,KXETHD-26APR2409-T2339.99,2026-04-24T13:00:00Z,2329.54,2339.99,0.4486,0.19,real,0.036467,1.7598,0.00049307,0.00028176,0.00065937,0.4273,0.02,0.00043281,0.0,-1.0,0.0,2.0,-1.0,-0.1389,2.0,0.0,0.5986,0.0,5.17e-06,0.0,0.0,0.0,-1.0,-1.0,0.5935,False,False,-1.0,-1.0,93.44,95.63,True,0.0,bearish,0.0,0.0,0.153533,0.136073,trade,no,False,False,40.0,59.8,,0.808067,0.05,50.0,1000.0,0.0,-7.0,0.467,-0.036,0.0,0.0,False,,False,True,11.73,2026-04-24 12:00:09+00:00,,,,,,,,,,,,,,,,,,,,,,,,,,,,,,,,,,,,,,,,,,,,,,,,,,,,,,,,,,,,,,,,,,,,,,,,,,,,,,,,,,,,,,,,,,,,,,,,,,,,,,,,,,0.5009337409708133,17,2026-W17,0.81,False
2026-04-24 13:00:32+00:00,2026-04-24 13:00,KXETHD-26APR2410-T2339.99,2026-04-24T14:00:00Z,2326.73,2339.99,0.5698,0.165,real,0.01,1.7662,0.00033155,0.00041079,0.00075672,0.5429,0.05,0.00054916,0.0,-1.0,0.0,0.0,0.0,0.078,2.0,1.0,0.8841,0.0,-1.033e-05,0.0,0.0,0.0,0.0,0.0,0.2409,False,False,1.0,0.0,66.51,72.57,False,0.0,bearish,0.0,0.0,0.135,0.117963,trade,no,False,False,40.0,59.42,,0.818182,0.05,50.0,1000.0,0.0,0.0,0.5125,-0.2422,-0.1852,-0.1852,False,,False,True,9.88,2026-04-24 13:00:32+00:00,,,,,,,,,,,,,,,,,,,,,,,,,,,,,,,,,,,,,,,,,,,,,,,,,,,,,,,,,,,,,,,,,,,,,,,,,,,,,,,,,,,,,,,,,,,,,,,,,,,,,,,,,,0.5178517307966615,17,2026-W17,0.835,False
2026-04-24 13:01:35+00:00,2026-04-24 13:00,KXETHD-26APR2410-T2319.99,2026-04-24T14:00:00Z,2328.7,2319.99,-0.3739,0.73,real,0.801282,-1.1389,0.00033155,0.00041079,0.00080022,0.5133,0.04,0.00056656,0.0,-1.0,0.0,0.0,0.0,0.0673,2.0,1.0,0.8841,0.0,-1.033e-05,0.0,0.0,0.0,0.0,0.0,0.2409,False,False,1.0,0.0,66.51,72.57,False,0.0,bearish,0.0,0.0,0.071282,0.042485,trade,yes,False,False,40.0,58.36,,0.264008,0.022456,22.46,1000.0,0.0,0.0,0.5125,-0.2422,-0.1852,-0.1852,False,,False,False,-22.46,2026-04-24 13:01:35+00:00,,,,,,,,,,,,,,,,,,,,,,,,,,,,,,,,,,,,,,,,,,,,,,,,,,,,,,,,,,,,,,,,,,,,,,,,,,,,,,,,,,,,,,,,,,,,,,,,,,,,,,,,,,0.5178517307966615,17,2026-W17,0.73,True
2026-04-24 14:00:01+00:00,2026-04-24 13:00,KXETHD-26APR2411-T2319.99,2026-04-24T15:00:00Z,2317.53,2319.99,0.106,0.385,real,0.259708,0.2006,0.00070628,0.0009242,0.00046819,1.974,0.05,0.0007418,0.0,0.0,1.0,0.0,1.0,0.1997,2.0,1.0,0.8902,0.0,3.9e-05,0.0,0.0,0.0,0.0,0.0,-0.0116,False,False,1.0,0.0,23.71,38.0,False,0.0,bearish,0.0,0.0,0.125292,0.096834,trade,no,False,False,40.0,59.95,,0.325435,0.034819,34.82,1000.0,0.0,0.0,0.5125,-0.2961,0.0713,0.1357,False,,False,True,21.8,2026-04-24 14:00:01+00:00,,,,,,,,,,,,,,,,,,,,,,,,,,,,,,,,,,,,,,,,,,,,,,,,,,,,,,,,,,,,,,,,,,,,,,,,,,,,,,,,,,,,,,,,,,,,,,,,,,,,,,,,,,0.5252484262716065,17,2026-W17,0.615,False
2026-04-24 15:00:35+00:00,2026-04-24 15:00,KXETHD-26APR2412-T2319.99,2026-04-24T16:00:00Z,2313.68,2319.99,0.2727,0.315,real,0.214884,0.7412,0.00062366,0.00055651,0.00073357,0.7586,0.05,0.00062733,0.0,-1.0,0.0,0.0,0.0,0.0352,2.0,0.0,0.7448,0.0,1.29e-06,0.0,0.0,0.0,0.0,0.0,-0.1216,False,False,1.0,0.0,32.31,33.58,False,-1.0,bearish,0.0,0.0,0.100116,0.073306,trade,no,False,False,40.0,59.38,,0.317828,0.035604,35.6,1000.0,0.0,0.0,0.5125,0.3536,-0.035,-0.035,False,,True,False,-35.6,2026-04-24 15:00:35+00:00,,,,,,,,,,,,,,,,,,,,,,,,,,,,,,,,,,,,,,,,,,,,,,,,,,,,,,,,,,,,,,,,,,,,,,,,,,,,,,,,,,,,,,,,,,,,,,,,,,,,,,,,,,0.501403853547799,17,2026-W17,0.685,False
2026-04-24 15:05:55+00:00,2026-04-24 15:00,KXETHD-26APR2412-T2299.99,2026-04-24T16:00:00Z,2307.9,2299.99,-0.3426,0.7,real,0.757746,-0.7838,0.00061091,0.00048561,0.00089029,0.5454,0.04,0.00064747,0.0,0.0,1.0,0.0,0.0,0.0643,2.0,0.0,0.7455,0.0,2.16e-06,0.0,0.0,0.0,0.0,0.0,-0.3172,False,False,1.0,1.0,15.49,27.97,False,-1.0,bearish,0.0,0.0,0.057746,0.028046,trade,yes,False,False,40.0,54.04,,0.192488,0.019578,19.58,1000.0,-2.0,3.0,0.5346,-0.1164,-0.2316,-0.1967,False,,True,True,8.39,2026-04-24 15:05:55+00:00,,,,,,,,,,,,,,,,,,,,,,,,,,,,,,,,,,,,,,,,,,,,,,,,,,,,,,,,,,,,,,,,,,,,,,,,,,,,,,,,,,,,,,,,,,,,,,,,,,,,,,,,,,0.501403853547799,17,2026-W17,0.7,True
2026-04-24 16:01:11+00:00,2026-04-24 16:00,KXETHD-26APR2413-T2319.99,2026-04-24T17:00:00Z,2322.75,2319.99,-0.1189,0.535,real,0.598361,-0.1593,0.00101158,0.00075476,0.00176665,0.4272,0.05,0.00115951,0.0,-1.0,0.0,0.0,0.0,0.0571,2.0,-1.0,0.8606,0.0,1.453e-05,1.0,0.0,0.0,0.0,0.0,0.3072,False,False,-1.0,0.0,71.05,74.99,False,1.0,bearish,0.0,0.0,0.063361,0.030946,trade,yes,False,False,40.0,58.75,,0.136259,0.05,50.0,1000.0,0.0,0.0,0.5125,0.2136,-0.0551,0.0414,False,,False,False,-50.0,2026-04-24 16:01:11+00:00,,,,,,,,,,,,,,,,,,,,,,,,,,,,,,,,,,,,,,,,,,,,,,,,,,,,,,,,,,,,,,,,,,,,,,,,,,,,,,,,,,,,,,,,,,,,,,,,,,,,,,,,,,0.5289061661667003,17,2026-W17,0.535,True
2026-04-24 17:00:53+00:00,2026-04-24 17:00,KXETHD-26APR2414-T2319.99,2026-04-24T18:00:00Z,2316.72,2319.99,0.1413,0.405,real,0.201795,0.3797,0.00061031,0.00055137,0.00076392,0.7218,0.03,0.00063639,0.0,-1.0,0.0,2.0,-1.0,-0.1541,2.0,0.0,0.7903,-1.0,5.37e-05,0.0,0.0,0.0,0.0,0.0,-0.1763,False,False,1.0,0.0,39.32,36.51,False,0.0,bearish,0.0,0.0,0.218205,0.192572,trade,no,False,False,40.0,59.07,,0.538778,0.05,50.0,1000.0,0.0,0.0,0.5125,-0.2462,-0.0406,0.0,False,,False,True,34.03,2026-04-24 17:00:53+00:00,,,,,,,,,,,,,,,,,,,,,,,,,,,,,,,,,,,,,,,,,,,,,,,,,,,,,,,,,,,,,,,,,,,,,,,,,,,,,,,,,,,,,,,,,,,,,,,,,,,,,,,,,,0.5002755469957446,17,2026-W17,0.595,False
2026-04-24 18:10:51+00:00,2026-04-24 18:00,KXETHD-26APR2415-T2319.99,2026-04-24T19:00:00Z,2320.29,2319.99,-0.0129,0.52,real,0.582609,-0.0658,0.00051703,0.0003677,0.00036638,1.0036,0.04,0.00036717,-1.0,-1.0,0.0,2.0,-1.0,-0.1381,2.0,0.0,0.4706,-1.0,6.187e-05,0.0,0.0,0.0,0.0,0.0,0.0362,False,False,0.0,0.0,57.59,54.71,False,0.0,bearish,0.0,0.0,0.047609,0.015137,trade,yes,False,False,40.0,49.1,,0.099185,0.049592,49.59,1000.0,0.0,0.0,0.5125,0.2352,0.0,0.0,False,,True,True,45.78,2026-04-24 18:10:51+00:00,,,,,,,,,,,,,,,,,,,,,,,,,,,,,,,,,,,,,,,,,,,,,,,,,,,,,,,,,,,,,,,,,,,,,,,,,,,,,,,,,,,,,,,,,,,,,,,,,,,,,,,,,,0.5031209566038863,17,2026-W17,0.52,True
2026-04-24 19:00:54+00:00,2026-04-24 19:00,KXETHD-26APR2416-T2319.99,2026-04-24T20:00:00Z,2322.93,2319.99,-0.1265,0.63,real,0.754941,-0.57,0.00035072,0.00030285,0.00049645,0.61,0.04,0.00038029,-1.0,-1.0,0.0,2.0,-1.0,-0.1329,2.0,0.0,0.5296,-1.0,6.967e-05,0.0,0.0,0.0,0.0,0.0,0.0422,False,False,-1.0,0.0,44.12,42.74,False,1.0,bearish,0.0,0.0,0.109941,0.078624,trade,yes,False,False,69.0,59.04,,0.297137,0.05,50.0,1000.0,0.0,0.0,0.5125,0.104,-0.0198,0.0,False,,True,True,29.37,2026-04-24 19:00:54+00:00,,,,,,,,,,,,,,,,,,,,,,,,,,,,,,,,,,,,,,,,,,,,,,,,,,,,,,,,,,,,,,,,,,,,,,,,,,,,,,,,,,,,,,,,,,,,,,,,,,,,,,,,,,0.49683519420978434,17,2026-W17,0.63,False
2026-04-24 21:01:01+00:00,2026-04-24 21:00,KXETHD-26APR2418-T2339.99,2026-04-24T22:00:00Z,2326.3,2339.99,0.5887,0.145,real,0.015385,1.9917,0.00029528,0.00027992,0.00072256,0.3874,0.05,0.00045698,-1.0,-1.0,0.0,2.0,0.0,0.0607,2.0,1.0,0.8523,-1.0,8.036e-05,1.0,0.0,0.0,-1.0,-1.0,0.3952,False,False,-1.0,-1.0,100.0,97.05,False,1.0,bearish,0.0,0.0,0.115,0.097963,trade,no,False,False,40.0,58.93,,0.793103,0.032245,32.25,1000.0,0.0,-7.0,0.467,0.3894,0.1644,0.0868,False,,False,True,5.47,2026-04-24 21:01:01+00:00,,,,,,,,,,,,,,,,,,,,,,,,,,,,,,,,,,,,,,,,,,,,,,,,,,,,,,,,,,,,,,,,,,,,,,,,,,,,,,,,,,,,,,,,,,,,,,,,,,,,,,,,,,0.5317907906222183,17,2026-W17,0.855,False
2026-04-24 21:14:51+00:00,2026-04-24 21:00,KXETHD-26APR2418-T2319.99,2026-04-24T22:00:00Z,2316.43,2319.99,0.1535,0.505,real,0.249736,0.2415,0.00068037,0.00102795,,,0.01,0.00102795,-1.0,-1.0,0.0,3.0,-1.0,-0.2302,2.0,-1.0,0.9093,-1.0,8.068e-05,1.0,0.0,0.0,0.0,0.0,-0.1308,False,False,1.0,-1.0,25.91,72.35,True,0.0,bearish,0.0,0.0,0.270264,0.24269,trade,no,False,False,40.0,45.1,,0.535177,0.05,50.0,1000.0,0.0,1.0,0.5245,-0.355,-0.3832,-0.4565,False,,False,True,51.01,2026-04-24 21:14:51+00:00,,,,,,,,,,,,,,,,,,,,,,,,,,,,,,,,,,,,,,,,,,,,,,,,,,,,,,,,,,,,,,,,,,,,,,,,,,,,,,,,,,,,,,,,,,,,,,,,,,,,,,,,,,0.5317907906222183,17,2026-W17,0.495,False
2026-04-24 22:14:18+00:00,2026-04-24 22:00,KXETHD-26APR2419-T2319.99,2026-04-24T23:00:00Z,2315.43,2319.99,0.1969,0.235,real,0.057928,1.5015,0.00028419,0.00020656,0.00040294,0.5126,0.07,0.00028511,-1.0,0.0,1.0,1.0,0.0,0.0247,2.0,0.0,0.7474,-1.0,8.449e-05,-1.0,0.0,0.0,0.0,0.0,-0.1412,False,False,0.0,1.0,19.97,19.04,True,0.0,bearish,0.0,0.0,0.192072,0.174196,trade,no,False,False,39.0,45.65,,0.817328,0.05,50.0,1000.0,0.0,1.0,0.5245,0.0385,0.0307,0.0,False,,False,True,15.36,2026-04-24 22:14:18+00:00,,,,,,,,,,,,,,,,,,,,,,,,,,,,,,,,,,,,,,,,,,,,,,,,,,,,,,,,,,,,,,,,,,,,,,,,,,,,,,,,,,,,,,,,,,,,,,,,,,,,,,,,,,0.5233540429620779,17,2026-W17,0.765,False
2026-04-24 23:01:00+00:00,2026-04-24 23:00,KXETHD-26APR2420-T2319.99,2026-04-25T00:00:00Z,2313.1,2319.99,0.2979,0.195,real,0.067875,1.5569,0.00040423,0.00024526,0.0004507,0.5442,0.21,0.00032744,-1.0,-1.0,0.0,1.0,0.0,-0.0657,2.0,0.0,0.7452,-1.0,7.905e-05,-1.0,0.0,0.0,0.0,0.0,-0.2656,False,False,0.0,0.0,25.35,19.79,True,-1.0,bearish,0.0,0.0,0.142125,0.12362,trade,no,False,False,39.0,58.96,,0.728847,0.05,50.0,1000.0,0.0,0.0,0.5125,-0.0216,0.0,0.0,False,,False,True,12.11,2026-04-24 23:01:00+00:00,,,,,,,,,,,,,,,,,,,,,,,,,,,,,,,,,,,,,,,,,,,,,,,,,,,,,,,,,,,,,,,,,,,,,,,,,,,,,,,,,,,,,,,,,,,,,,,,,,,,,,,,,,0.5156019591121577,17,2026-W17,0.8049999999999999,False
2026-04-25 00:00:20+00:00,2026-04-25 00:00,KXETHD-26APR2421-T2319.99,2026-04-25T01:00:00Z,2315.58,2319.99,0.1904,0.175,real,0.024613,1.9921,0.00020481,0.00012737,0.00026358,0.4832,0.05,0.00018185,-1.0,-1.0,0.0,2.0,-1.0,-0.1407,2.0,0.0,0.5613,-1.0,7.717e-05,0.0,0.0,0.0,0.0,0.0,,False,False,0.0,0.0,36.25,35.69,False,0.0,bearish,0.0,0.0,0.145,0.127963,trade,no,False,False,33.0,59.62,,0.828571,0.05,50.0,1000.0,0.0,0.0,0.5125,0.0147,0.0436,0.0,False,,False,True,10.61,2026-04-25 00:00:20+00:00,,,,,,,,,,,,,,,,,,,,,,,,,,,,,,,,,,,,,,,,,,,,,,,,,,,,,,,,,,,,,,,,,,,,,,,,,,,,,,,,,,,,,,,,,,,,,,,,,,,,,,,,,,0.5339292432791449,17,2026-W17,0.825,False
2026-04-25 01:05:02+00:00,2026-04-25 01:00,KXETHD-26APR2422-T2319.99,2026-04-25T02:00:00Z,2317.32,2319.99,0.1151,0.21,real,0.081329,1.4449,0.00020257,0.00013492,0.0001924,0.7012,0.1,0.00015791,0.0,-1.0,0.0,2.0,0.0,0.0514,2.0,0.0,0.7769,-1.0,7.878e-05,1.0,0.0,0.0,-1.0,-1.0,0.0675,False,False,0.0,-1.0,88.56,72.97,False,0.0,bearish,0.0,0.0,0.143671,0.124335,trade,no,False,False,39.0,54.93,,0.684145,0.05,50.0,1000.0,0.0,-1.0,0.4842,0.1583,0.0,0.0,False,,False,True,13.29,2026-04-25 01:05:02+00:00,,,,,,,,,,,,,,,,,,,,,,,,,,,,,,,,,,,,,,,,,,,,,,,,,,,,,,,,,,,,,,,,,,,,,,,,,,,,,,,,,,,,,,,,,,,,,,,,,,,,,,,,,,0.504638021412163,17,2026-W17,0.79,False
2026-04-25 02:04:26+00:00,2026-04-25 02:00,KXETHD-26APR2423-T2319.99,2026-04-25T03:00:00Z,2315.65,2319.99,0.1874,0.245,real,0.021384,1.3348,0.000189,0.00021869,0.00036397,0.6008,0.25,0.0002768,0.0,-1.0,0.0,1.0,0.0,-0.0204,2.0,-1.0,0.9299,-1.0,6.716e-05,0.0,0.0,0.0,0.0,0.0,0.0367,False,False,0.0,0.0,65.35,83.37,False,0.0,bearish,0.0,0.0,0.215,0.197963,trade,no,False,False,39.0,55.51,,0.877551,0.05,50.0,1000.0,0.0,0.0,0.5125,-0.0919,-0.0919,-0.0897,False,,False,True,16.23,2026-04-25 02:04:26+00:00,,,,,,,,,,,,,,,,,,,,,,,,,,,,,,,,,,,,,,,,,,,,,,,,,,,,,,,,,,,,,,,,,,,,,,,,,,,,,,,,,,,,,,,,,,,,,,,,,,,,,,,,,,0.5058637864737117,17,2026-W17,0.755,False
2026-04-25 03:28:23+00:00,2026-04-25 03:00,KXETHD-26APR2500-T2319.99,2026-04-25T04:00:00Z,2317.17,2319.99,0.1215,0.3,real,0.030995,1.506,0.00015595,0.00012392,0.00041232,0.3006,0.2,0.00023928,0.0,-1.0,0.0,2.0,-1.0,-0.1067,2.0,1.0,0.8064,-1.0,5.403e-05,0.0,0.0,0.0,-1.0,-1.0,0.1139,False,False,0.0,0.0,79.09,77.79,False,1.0,bearish,0.0,0.0,0.27,0.252963,trade,no,False,False,39.0,31.56,,0.9,0.05,50.0,1000.0,0.0,-1.0,0.4842,0.0276,0.0155,0.0155,False,,False,True,21.43,2026-04-25 03:28:23+00:00,,,,,,,,,,,,,,,,,,,,,,,,,,,,,,,,,,,,,,,,,,,,,,,,,,,,,,,,,,,,,,,,,,,,,,,,,,,,,,,,,,,,,,,,,,,,,,,,,,,,,,,,,,0.5036141232619965,17,2026-W17,0.7,False
2026-04-25 04:37:23+00:00,2026-04-25 04:00,KXETHD-26APR2501-T2319.99,2026-04-25T05:00:00Z,2316.81,2319.99,0.1374,0.14,real,0.028458,2.6953,0.00016537,8.448e-05,0.00026758,0.3157,0.22,0.00015772,0.0,-1.0,0.0,3.0,-1.0,-0.1576,2.0,0.0,0.5912,0.0,4.559e-05,0.0,1.0,-1.0,-2.0,-2.0,0.139,False,False,0.0,-1.0,86.29,78.09,False,1.0,bearish,0.0,0.0,0.11,0.092963,trade,no,False,False,39.0,22.57,,0.785714,0.05,50.0,1000.0,0.0,-3.0,0.4167,-0.0147,0.0,0.0,False,,False,True,8.14,2026-04-25 04:37:23+00:00,,,,,,,,,,,,,,,,,,,,,,,,,,,,,,,,,,,,,,,,,,,,,,,,,,,,,,,,,,,,,,,,,,,,,,,,,,,,,,,,,,,,,,,,,,,,,,,,,,,,,,,,,,0.5022675478956328,17,2026-W17,0.86,False
2026-04-25 05:00:43+00:00,2026-04-25 05:00,KXETHD-26APR2502-T2319.99,2026-04-25T06:00:00Z,2317.05,2319.99,0.1268,0.195,real,0.029786,1.4946,0.00015806,0.00017834,0.00019157,0.9309,0.21,0.00018363,0.0,-1.0,0.0,1.0,-1.0,-0.1693,2.0,0.0,0.6352,0.0,4.47e-05,0.0,0.0,0.0,0.0,0.0,0.0591,False,False,0.0,0.0,47.26,60.27,True,0.0,bearish,0.0,0.0,0.165,0.147963,trade,no,False,False,39.0,59.24,,0.846154,0.05,50.0,1000.0,0.0,0.0,0.5125,-0.0798,-0.0798,0.0,False,,False,True,12.11,2026-04-25 05:00:43+00:00,,,,,,,,,,,,,,,,,,,,,,,,,,,,,,,,,,,,,,,,,,,,,,,,,,,,,,,,,,,,,,,,,,,,,,,,,,,,,,,,,,,,,,,,,,,,,,,,,,,,,,,,,,0.5292179187217263,17,2026-W17,0.8049999999999999,False
2026-04-25 06:05:39+00:00,2026-04-25 06:00,KXETHD-26APR2503-T2319.99,2026-04-25T07:00:00Z,2317.07,2319.99,0.1259,0.285,real,0.01,1.5167,0.00011126,0.0001123,0.00030048,0.3737,0.25,0.00018757,0.0,-1.0,0.0,1.0,-1.0,-0.1996,2.0,0.0,0.5968,0.0,4.8e-05,0.0,0.0,0.0,0.0,0.0,-0.0318,False,False,0.0,0.0,31.41,36.0,False,0.0,bearish,0.0,0.0,0.255,0.237963,trade,no,False,False,39.0,54.3,,0.894737,0.05,50.0,1000.0,0.0,0.0,0.5125,-0.0432,0.0259,0.0,False,,False,True,19.93,2026-04-25 06:05:39+00:00,,,,,,,,,,,,,,,,,,,,,,,,,,,,,,,,,,,,,,,,,,,,,,,,,,,,,,,,,,,,,,,,,,,,,,,,,,,,,,,,,,,,,,,,,,,,,,,,,,,,,,,,,,0.5140593214959889,17,2026-W17,0.7150000000000001,False
2026-04-25 07:07:11+00:00,2026-04-25 07:00,KXETHD-26APR2504-T2319.99,2026-04-25T08:00:00Z,2315.67,2319.99,0.1866,0.13,real,0.01,3.3541,0.00015201,6.066e-05,0.00022787,0.2662,0.14,0.00012754,0.0,-1.0,0.0,1.0,0.0,-0.0934,2.0,0.0,0.5895,-1.0,5.059e-05,0.0,0.0,0.0,0.0,0.0,-0.048,False,False,0.0,0.0,27.02,36.18,False,-1.0,bearish,0.0,0.0,0.1,0.082963,trade,no,False,False,39.0,52.76,,0.769231,0.05,50.0,1000.0,0.0,0.0,0.5125,-0.0764,0.0,0.0,False,,False,True,7.47,2026-04-25 07:07:11+00:00,,,,,,,,,,,,,,,,,,,,,,,,,,,,,,,,,,,,,,,,,,,,,,,,,,,,,,,,,,,,,,,,,,,,,,,,,,,,,,,,,,,,,,,,,,,,,,,,,,,,,,,,,,0.4993739542252429,17,2026-W17,0.87,True
2026-04-25 09:43:44+00:00,2026-04-25 09:00,KXETHD-26APR2506-T2319.99,2026-04-25T10:00:00Z,2320.95,2319.99,-0.0415,0.53,real,0.598361,-0.2574,0.00013782,0.00019925,0.00136972,0.1455,0.24,0.00066743,0.0,-1.0,0.0,2.0,0.0,-0.0945,2.0,0.0,0.7036,0.0,2.498e-05,0.0,1.0,-1.0,-2.0,-2.0,0.1913,False,False,0.0,-1.0,100.0,90.43,False,1.0,bearish,0.0,0.0,0.068361,0.035924,trade,yes,False,False,39.0,16.23,,0.145448,0.05,50.0,1000.0,0.0,-6.0,0.473,0.05,0.107,0.107,False,,True,True,44.34,2026-04-25 09:43:44+00:00,,,,,,,,,,,,,,,,,,,,,,,,,,,,,,,,,,,,,,,,,,,,,,,,,,,,,,,,,,,,,,,,,,,,,,,,,,,,,,,,,,,,,,,,,,,,,,,,,,,,,,,,,,0.47210465616368913,17,2026-W17,0.53,False
2026-04-25 10:25:07+00:00,2026-04-25 10:00,KXETHD-26APR2507-T2319.99,2026-04-25T11:00:00Z,2321.64,2319.99,-0.0712,0.575,real,0.661538,-0.5837,0.00012957,8.14e-05,0.00063836,0.1275,0.01,0.00030418,0.0,-1.0,0.0,2.0,0.0,-0.0451,2.0,-1.0,0.9047,0.0,2.179e-05,0.0,1.0,-1.0,-2.0,-2.0,0.1567,False,False,0.0,-1.0,88.62,89.36,True,1.0,bearish,0.0,0.0,0.086538,0.054432,trade,yes,False,False,39.0,34.84,,0.20362,0.05,50.0,1000.0,0.0,-2.0,0.4797,-0.0233,0.0233,0.0,False,,True,True,36.96,2026-04-25 10:25:07+00:00,,,,,,,,,,,,,,,,,,,,,,,,,,,,,,,,,,,,,,,,,,,,,,,,,,,,,,,,,,,,,,,,,,,,,,,,,,,,,,,,,,,,,,,,,,,,,,,,,,,,,,,,,,0.4813506861509063,17,2026-W17,0.575,False
2026-04-25 12:07:57+00:00,2026-04-25 12:00,KXETHD-26APR2509-T2319.99,2026-04-25T13:00:00Z,2317.36,2319.99,0.1135,0.235,real,0.164974,1.0246,0.00023508,0.00023124,0.00021783,1.0616,0.01,0.00022588,0.0,1.0,2.0,0.0,0.0,-0.0188,2.0,0.0,0.3343,0.0,1.853e-05,0.0,-1.0,1.0,2.0,2.0,-0.244,False,False,1.0,1.0,0.0,3.97,True,0.0,bearish,0.0,0.0,0.070026,0.045383,trade,no,False,False,39.0,52.0,,0.297982,0.05,50.0,1000.0,0.0,9.0,0.557,-0.133,-0.0406,-0.0851,False,,False,True,15.36,2026-04-25 12:07:57+00:00,,,,,,,,,,,,,,,,,,,,,,,,,,,,,,,,,,,,,,,,,,,,,,,,,,,,,,,,,,,,,,,,,,,,,,,,,,,,,,,,,,,,,,,,,,,,,,,,,,,,,,,,,,0.542264940256818,17,2026-W17,0.765,False
2026-04-25 13:04:13+00:00,2026-04-25 13:00,KXETHD-26APR2510-T2319.99,2026-04-25T14:00:00Z,2314.97,2319.99,0.217,0.175,real,0.036131,1.8478,0.00021931,0.00022937,0.00031068,0.7383,0.15,0.00026189,1.0,0.0,1.0,0.0,0.0,-0.0435,2.0,0.0,0.3035,0.0,2.195e-05,0.0,0.0,0.0,1.0,1.0,-0.1762,False,False,0.0,1.0,16.9,14.12,True,-1.0,bearish,0.0,0.0,0.138869,0.121431,trade,no,False,False,39.0,55.74,,0.793537,0.05,50.0,1000.0,0.0,3.0,0.6369,-0.0531,-0.054,0.0,False,,False,True,10.61,2026-04-25 13:04:13+00:00,,,,,,,,,,,,,,,,,,,,,,,,,,,,,,,,,,,,,,,,,,,,,,,,,,,,,,,,,,,,,,,,,,,,,,,,,,,,,,,,,,,,,,,,,,,,,,,,,,,,,,,,,,0.5117411910318527,17,2026-W17,0.825,False
2026-04-25 14:05:45+00:00,2026-04-25 14:00,KXETHD-26APR2511-T2319.99,2026-04-25T15:00:00Z,2316.46,2319.99,0.1524,0.22,real,0.050587,1.6691,0.00019191,0.0001657,0.00026794,0.6184,0.12,0.0002066,1.0,-1.0,0.0,1.0,-1.0,-0.1699,2.0,0.0,0.3341,0.0,2.325e-05,0.0,0.0,0.0,0.0,0.0,-0.0848,False,False,0.0,0.0,59.28,55.55,False,0.0,bearish,0.0,0.0,0.169413,0.151051,trade,no,False,False,39.0,54.2,,0.770057,0.05,50.0,1000.0,0.0,0.0,0.5125,0.0389,-0.0125,0.0,False,,False,True,14.1,2026-04-25 14:05:45+00:00,,,,,,,,,,,,,,,,,,,,,,,,,,,,,,,,,,,,,,,,,,,,,,,,,,,,,,,,,,,,,,,,,,,,,,,,,,,,,,,,,,,,,,,,,,,,,,,,,,,,,,,,,,0.510201053417979,17,2026-W17,0.78,False
2026-04-25 15:02:03+00:00,2026-04-25 15:00,KXETHD-26APR2512-T2319.99,2026-04-25T16:00:00Z,2315.98,2319.99,0.1733,0.18,real,0.017302,2.3884,0.00014656,9.892e-05,0.0002486,0.3979,0.22,0.00015879,0.0,-1.0,0.0,1.0,0.0,-0.0483,2.0,0.0,0.2455,0.0,2.609e-05,0.0,0.0,0.0,0.0,0.0,-0.0936,False,False,0.0,-1.0,80.49,86.99,True,0.0,bearish,0.0,0.0,0.15,0.132963,trade,no,False,False,39.0,57.9,,0.833333,0.05,50.0,1000.0,0.0,-1.0,0.4842,-0.0479,0.0,0.0,False,,False,True,10.98,2026-04-25 15:02:03+00:00,,,,,,,,,,,,,,,,,,,,,,,,,,,,,,,,,,,,,,,,,,,,,,,,,,,,,,,,,,,,,,,,,,,,,,,,,,,,,,,,,,,,,,,,,,,,,,,,,,,,,,,,,,0.5510602970344782,17,2026-W17,0.8200000000000001,False
2026-04-25 16:01:30+00:00,2026-04-25 16:00,KXETHD-26APR2513-T2319.99,2026-04-25T17:00:00Z,2309.3,2319.99,0.4628,0.165,real,0.023793,1.416,0.0004182,0.00063209,0.00062002,1.0195,0.23,0.00062726,1.0,1.0,2.0,0.0,1.0,0.1157,2.0,0.0,0.5778,0.0,2.67e-05,0.0,-1.0,1.0,2.0,2.0,-0.3848,False,False,1.0,0.0,37.58,52.87,True,-1.0,bearish,0.0,0.0,0.135,0.117963,trade,no,False,False,39.0,58.45,,0.818182,0.014406,14.41,1000.0,0.0,2.0,0.5854,-0.3589,-0.0009,0.2174,False,,False,True,2.85,2026-04-25 16:01:30+00:00,,,,,,,,,,,,,,,,,,,,,,,,,,,,,,,,,,,,,,,,,,,,,,,,,,,,,,,,,,,,,,,,,,,,,,,,,,,,,,,,,,,,,,,,,,,,,,,,,,,,,,,,,,0.5440103092039877,17,2026-W17,0.835,False
2026-04-25 21:09:03+00:00,2026-04-25 21:00,KXETHD-26APR2518-T2319.99,2026-04-25T22:00:00Z,2315.51,2319.99,0.1934,0.13,real,0.017302,3.586,0.00013504,4.953e-05,0.00024062,0.2058,0.14,0.00012597,-1.0,0.0,1.0,1.0,1.0,0.1463,2.0,0.0,0.6778,-1.0,0.0001,1.0,0.0,0.0,1.0,1.0,-0.1808,False,False,0.0,0.0,63.45,63.5,False,0.0,bearish,0.0,0.0,0.1,0.082963,trade,no,False,False,39.0,50.83,,0.769231,0.05,50.0,1000.0,0.0,0.0,0.5125,-0.0376,0.0,0.0,False,,False,True,7.47,2026-04-25 21:09:03+00:00,,,,,,,,,,,,,,,,,,,,,,,,,,,,,,,,,,,,,,,,,,,,,,,,,,,,,,,,,,,,,,,,,,,,,,,,,,,,,,,,,,,,,,,,,,,,,,,,,,,,,,,,,,0.47167472556099416,17,2026-W17,0.87,True
2026-04-25 22:02:34+00:00,2026-04-25 22:00,KXETHD-26APR2519-T2319.99,2026-04-25T23:00:00Z,2316.45,2319.99,0.1528,0.255,real,0.068545,2.1725,0.00026873,5.375e-05,0.00030588,0.1757,0.23,0.0001546,-1.0,0.0,1.0,2.0,1.0,0.1778,2.0,0.0,0.7097,-1.0,0.0001,0.0,0.0,0.0,0.0,0.0,0.0347,False,False,0.0,-1.0,93.16,93.16,False,0.0,bearish,0.0,0.0,0.201455,0.182907,trade,no,False,False,41.0,57.38,,0.790019,0.05,50.0,1000.0,0.0,-5.0,0.4068,0.0,0.0,0.0,False,,False,True,17.11,2026-04-25 22:02:34+00:00,,,,,,,,,,,,,,,,,,,,,,,,,,,,,,,,,,,,,,,,,,,,,,,,,,,,,,,,,,,,,,,,,,,,,,,,,,,,,,,,,,,,,,,,,,,,,,,,,,,,,,,,,,0.45484302623633466,17,2026-W17,0.745,True
2026-04-25 23:38:12+00:00,2026-04-25 23:00,KXETHD-26APR2520-T2319.99,2026-04-26T00:00:00Z,2320.04,2319.99,-0.002,0.435,real,0.582609,-0.0436,0.00024744,0.00012913,,,0.07,0.00012913,-1.0,-1.0,0.0,2.0,0.0,-0.0374,2.0,0.0,0.485,-1.0,9.028e-05,0.0,0.0,0.0,0.0,0.0,0.157,False,False,0.0,-1.0,89.1,88.3,False,1.0,bearish,0.0,0.0,0.132609,0.100404,trade,yes,False,False,39.0,21.74,,0.234706,0.05,50.0,1000.0,0.0,-6.0,0.473,0.025,0.0332,0.0332,False,,False,False,-50.0,2026-04-25 23:38:12+00:00,,,,,,,,,,,,,,,,,,,,,,,,,,,,,,,,,,,,,,,,,,,,,,,,,,,,,,,,,,,,,,,,,,,,,,,,,,,,,,,,,,,,,,,,,,,,,,,,,,,,,,,,,,0.4564030409157209,17,2026-W17,0.435,False
2026-04-26 00:10:02+00:00,2026-04-26 00:00,KXETHD-26APR2521-T2319.99,2026-04-26T01:00:00Z,2317.63,2319.99,0.102,0.225,real,0.023522,1.1376,0.00011297,0.00015082,0.00019102,0.7895,0.05,0.0001669,-1.0,-1.0,0.0,1.0,0.0,-0.0692,2.0,0.0,0.3413,0.0,3.409e-05,0.0,0.0,0.0,0.0,0.0,,False,False,0.0,-1.0,63.33,81.02,True,0.0,bearish,0.0,0.0,0.195,0.177963,trade,no,False,False,40.0,49.9,,0.866667,0.05,50.0,1000.0,0.0,-2.0,0.4797,-0.0966,-0.1121,-0.0255,False,,False,True,14.52,2026-04-26 00:10:02+00:00,,,,,,,,,,,,,,,,,,,,,,,,,,,,,,,,,,,,,,,,,,,,,,,,,,,,,,,,,,,,,,,,,,,,,,,,,,,,,,,,,,,,,,,,,,,,,,,,,,,,,,,,,,0.507413819255694,17,2026-W17,0.775,False
2026-04-26 01:02:51+00:00,2026-04-26 01:00,KXETHD-26APR2522-T2319.99,2026-04-26T02:00:00Z,2315.61,2319.99,0.1891,0.22,real,0.077841,0.9923,0.00029421,0.00040169,0.00032379,1.2406,0.22,0.00037053,0.0,-1.0,0.0,0.0,0.0,-0.0089,2.0,0.0,0.7477,0.0,3.465e-05,0.0,0.0,0.0,0.0,0.0,0.0221,False,False,0.0,0.0,28.88,37.34,False,0.0,bearish,0.0,0.0,0.142159,0.122134,trade,no,False,False,40.0,57.09,,0.646176,0.045945,45.94,1000.0,0.0,0.0,0.5125,-0.0078,-0.0786,0.0912,False,,False,True,12.96,2026-04-26 01:02:51+00:00,,,,,,,,,,,,,,,,,,,,,,,,,,,,,,,,,,,,,,,,,,,,,,,,,,,,,,,,,,,,,,,,,,,,,,,,,,,,,,,,,,,,,,,,,,,,,,,,,,,,,,,,,,0.5292179187217263,17,2026-W17,0.78,False
2026-04-26 02:03:42+00:00,2026-04-26 02:00,KXETHD-26APR2523-T2319.99,2026-04-26T03:00:00Z,2315.18,2319.99,0.2078,0.145,real,0.015385,1.6955,0.00018137,0.00022573,0.0002616,0.8629,0.17,0.00024008,0.0,-1.0,0.0,0.0,0.0,-0.0642,2.0,1.0,0.8126,0.0,3.904e-05,0.0,0.0,0.0,0.0,0.0,0.0066,False,False,0.0,0.0,29.55,32.35,False,0.0,bearish,0.0,0.0,0.115,0.097963,trade,no,False,False,41.0,56.25,,0.793103,0.05,50.0,1000.0,0.0,0.0,0.5125,-0.0527,-0.0155,0.057,False,,False,True,8.48,2026-04-26 02:03:42+00:00,,,,,,,,,,,,,,,,,,,,,,,,,,,,,,,,,,,,,,,,,,,,,,,,,,,,,,,,,,,,,,,,,,,,,,,,,,,,,,,,,,,,,,,,,,,,,,,,,,,,,,,,,,0.5054725848774889,17,2026-W17,0.855,False
2026-04-26 03:13:49+00:00,2026-04-26 03:00,KXETHD-26APR2600-T2319.99,2026-04-26T04:00:00Z,2315.76,2319.99,0.1828,0.13,real,0.031739,1.4807,0.00019686,0.00028598,0.00023875,1.1979,0.12,0.00026709,0.0,-1.0,0.0,0.0,0.0,-0.045,2.0,1.0,0.9353,0.0,3.571e-05,1.0,0.0,0.0,1.0,1.0,-0.0789,False,False,0.0,0.0,35.62,44.86,False,0.0,bearish,0.0,0.0,0.098261,0.081109,trade,no,False,False,40.0,46.13,,0.755851,0.05,50.0,1000.0,0.0,0.0,0.5125,-0.0319,-0.0483,0.0648,False,,False,True,7.47,2026-04-26 03:13:49+00:00,,,,,,,,,,,,,,,,,,,,,,,,,,,,,,,,,,,,,,,,,,,,,,,,,,,,,,,,,,,,,,,,,,,,,,,,,,,,,,,,,,,,,,,,,,,,,,,,,,,,,,,,,,0.5707686024049886,17,2026-W17,0.87,False
2026-04-26 04:02:38+00:00,2026-04-26 04:00,KXETHD-26APR2601-T2319.99,2026-04-26T05:00:00Z,2310.26,2319.99,0.421,0.155,real,0.012575,1.9864,0.000382,0.00024821,0.00054656,0.4541,0.25,0.00036755,0.0,1.0,2.0,1.0,-1.0,-0.3505,2.0,-1.0,1.0,0.0,4.49e-05,0.0,-1.0,1.0,2.0,2.0,-0.2357,False,False,1.0,1.0,12.59,10.9,True,-1.0,bearish,0.0,0.0,0.125,0.107963,trade,no,False,False,40.0,57.33,,0.806452,0.05,50.0,1000.0,0.0,4.0,0.5496,-0.266,0.0,0.0,False,,False,True,9.17,2026-04-26 04:02:38+00:00,,,,,,,,,,,,,,,,,,,,,,,,,,,,,,,,,,,,,,,,,,,,,,,,,,,,,,,,,,,,,,,,,,,,,,,,,,,,,,,,,,,,,,,,,,,,,,,,,,,,,,,,,,0.4590364667074444,17,2026-W17,0.845,True
2026-04-26 07:12:33+00:00,2026-04-26 07:00,KXETHD-26APR2604-T2339.99,2026-04-26T08:00:00Z,2330.12,2339.99,0.4234,0.135,real,0.01,3.0306,0.00023624,0.00012543,0.00055639,0.2254,0.21,0.00029781,1.0,-1.0,0.0,0.0,0.0,-0.0096,2.0,0.0,0.7693,0.0,2.128e-05,0.0,0.0,0.0,-1.0,-1.0,0.2016,False,False,0.0,0.0,76.36,82.51,True,1.0,bearish,0.0,0.0,0.105,0.087963,trade,no,False,False,41.0,47.4,,0.777778,0.05,50.0,1000.0,1.0,-1.0,0.5038,-0.1976,0.0,0.0,False,,False,True,7.8,2026-04-26 07:12:33+00:00,,,,,,,,,,,,,,,,,,,,,,,,,,,,,,,,,,,,,,,,,,,,,,,,,,,,,,,,,,,,,,,,,,,,,,,,,,,,,,,,,,,,,,,,,,,,,,,,,,,,,,,,,,0.4625737976344331,17,2026-W17,0.865,True
2026-04-26 08:01:20+00:00,2026-04-26 08:00,KXETHD-26APR2605-T2339.99,2026-04-26T09:00:00Z,2333.41,2339.99,0.2819,0.175,real,0.02807,1.5116,0.00015203,0.00022037,0.00039348,0.56,0.17,0.00028961,1.0,0.0,1.0,1.0,1.0,0.1465,2.0,1.0,0.9583,0.0,1.897e-05,0.0,0.0,0.0,-1.0,-1.0,0.3677,False,False,-1.0,-1.0,90.73,87.54,False,1.0,bearish,0.0,0.0,0.145,0.127963,trade,no,False,False,41.0,58.61,,0.828571,0.05,50.0,1000.0,3.0,-9.0,0.47,0.0974,0.0965,0.0425,False,,False,True,10.61,2026-04-26 08:01:20+00:00,,,,,,,,,,,,,,,,,,,,,,,,,,,,,,,,,,,,,,,,,,,,,,,,,,,,,,,,,,,,,,,,,,,,,,,,,,,,,,,,,,,,,,,,,,,,,,,,,,,,,,,,,,0.4652852046358379,17,2026-W17,0.825,True
2026-04-26 09:04:08+00:00,2026-04-26 09:00,KXETHD-26APR2606-T2339.99,2026-04-26T10:00:00Z,2332.29,2339.99,0.33,0.16,real,0.02164,1.395,0.00030962,0.00033162,0.00044351,0.7477,0.24,0.00037637,1.0,-1.0,0.0,0.0,0.0,0.0535,2.0,1.0,0.9054,0.0,-1.91e-06,0.0,0.0,0.0,-1.0,-1.0,0.2544,False,False,0.0,0.0,22.75,48.54,False,0.0,bearish,0.0,0.0,0.13,0.112963,trade,no,False,False,40.0,55.81,,0.8125,0.05,50.0,1000.0,3.0,0.0,0.6517,-0.1221,-0.0982,-0.0982,False,,False,True,9.52,2026-04-26 09:04:08+00:00,,,,,,,,,,,,,,,,,,,,,,,,,,,,,,,,,,,,,,,,,,,,,,,,,,,,,,,,,,,,,,,,,,,,,,,,,,,,,,,,,,,,,,,,,,,,,,,,,,,,,,,,,,0.45853709307153556,17,2026-W17,0.84,True
2026-04-26 10:01:20+00:00,2026-04-26 10:00,KXETHD-26APR2607-T2339.99,2026-04-26T11:00:00Z,2333.85,2339.99,0.2629,0.16,real,0.045614,2.1101,0.00017568,0.00012651,0.00034484,0.3668,0.2,0.00021384,1.0,-1.0,0.0,1.0,0.0,0.0472,2.0,0.0,0.7866,0.0,5.26e-06,0.0,1.0,-1.0,-2.0,-2.0,0.4607,False,False,0.0,0.0,78.73,71.01,False,1.0,neutral,0.0,0.0,0.114386,0.096339,trade,no,False,False,40.0,58.63,,0.714912,0.05,50.0,1000.0,4.0,-5.0,0.5143,0.0844,0.0668,0.0,False,,False,True,9.52,2026-04-26 10:01:20+00:00,,,,,,,,,,,,,,,,,,,,,,,,,,,,,,,,,,,,,,,,,,,,,,,,,,,,,,,,,,,,,,,,,,,,,,,,,,,,,,,,,,,,,,,,,,,,,,,,,,,,,,,,,,0.4652852046358379,17,2026-W17,0.84,True
2026-04-26 11:01:42+00:00,2026-04-26 11:00,KXETHD-26APR2608-T2339.99,2026-04-26T12:00:00Z,2334.15,2339.99,0.25,0.14,real,0.025067,1.6348,0.00022046,0.00023692,0.00030278,0.7825,0.18,0.00026326,1.0,-1.0,0.0,0.0,0.0,0.0472,2.0,0.0,0.7687,0.0,4.5e-06,0.0,0.0,0.0,-1.0,-1.0,0.3998,False,False,0.0,0.0,61.12,51.02,False,1.0,neutral,0.0,0.0,0.11,0.092963,trade,no,False,False,40.0,58.26,,0.785714,0.05,50.0,1000.0,4.0,-2.0,0.5517,-0.113,0.0407,0.072,False,,False,True,8.14,2026-04-26 11:01:42+00:00,,,,,,,,,,,,,,,,,,,,,,,,,,,,,,,,,,,,,,,,,,,,,,,,,,,,,,,,,,,,,,,,,,,,,,,,,,,,,,,,,,,,,,,,,,,,,,,,,,,,,,,,,,0.43563150703308284,17,2026-W17,0.86,True
2026-04-26 12:06:21+00:00,2026-04-26 12:00,KXETHD-26APR2609-T2339.99,2026-04-26T13:00:00Z,2335.5,2339.99,0.1923,0.165,real,0.063473,2.8888,8.626e-05,1.961e-05,0.0002694,0.0728,0.13,0.00011953,1.0,-1.0,0.0,2.0,0.0,0.026,2.0,0.0,0.8083,0.0,3.54e-06,0.0,1.0,-1.0,-2.0,-2.0,0.5306,False,False,0.0,-1.0,99.6,98.67,True,1.0,bullish,0.0,0.0,0.101527,0.082366,trade,no,False,False,41.0,53.6,,0.615315,0.05,50.0,1000.0,4.0,-9.0,0.47,-0.0013,0.0,0.0,False,,False,True,9.88,2026-04-26 12:06:21+00:00,,,,,,,,,,,,,,,,,,,,,,,,,,,,,,,,,,,,,,,,,,,,,,,,,,,,,,,,,,,,,,,,,,,,,,,,,,,,,,,,,,,,,,,,,,,,,,,,,,,,,,,,,,0.5120867122090685,17,2026-W17,0.835,False
2026-04-26 13:10:59+00:00,2026-04-26 13:00,KXETHD-26APR2610-T2339.99,2026-04-26T14:00:00Z,2332.29,2339.99,0.3303,0.09,real,0.157332,1.4494,0.00058559,0.00041081,0.00035149,1.1688,0.04,0.00038708,1.0,-1.0,0.0,0.0,0.0,-0.068,2.0,0.0,0.5527,0.0,9.36e-06,0.0,0.0,0.0,-1.0,-1.0,0.3119,False,False,0.0,0.0,57.07,34.23,False,0.0,bullish,0.0,0.0,0.067332,0.046599,trade,yes,False,False,40.0,48.96,,0.073991,0.036996,37.0,1000.0,3.0,-2.0,0.5517,0.0459,0.048,0.048,False,,False,False,-37.0,2026-04-26 13:10:59+00:00,,,,,,,,,,,,,,,,,,,,,,,,,,,,,,,,,,,,,,,,,,,,,,,,,,,,,,,,,,,,,,,,,,,,,,,,,,,,,,,,,,,,,,,,,,,,,,,,,,,,,,,,,,0.4442085533618054,17,2026-W17,0.09,False
2026-04-26 14:03:58+00:00,2026-04-26 14:00,KXETHD-26APR2611-T2339.99,2026-04-26T15:00:00Z,2334.78,2339.99,0.223,0.16,real,0.048402,1.5964,0.00020782,0.00020936,0.00029934,0.6994,0.12,0.00024536,1.0,-1.0,0.0,1.0,0.0,-0.0241,2.0,0.0,0.5571,0.0,1.066e-05,0.0,0.0,0.0,-1.0,-1.0,0.3871,False,False,0.0,-1.0,75.18,82.54,True,1.0,bullish,0.0,0.0,0.111598,0.093374,trade,no,False,False,40.0,55.99,,0.697486,0.05,50.0,1000.0,4.0,-3.0,0.5854,0.0772,-0.0771,-0.0771,False,,True,False,-50.0,2026-04-26 14:03:58+00:00,,,,,,,,,,,,,,,,,,,,,,,,,,,,,,,,,,,,,,,,,,,,,,,,,,,,,,,,,,,,,,,,,,,,,,,,,,,,,,,,,,,,,,,,,,,,,,,,,,,,,,,,,,0.46587026836629747,17,2026-W17,0.84,True
2026-04-26 17:05:11+00:00,2026-04-26 17:00,KXETHD-26APR2614-T2339.99,2026-04-26T18:00:00Z,2342.88,2339.99,-0.1234,0.46,real,0.626794,-0.5293,0.00036064,0.00041475,,,0.16,0.00041475,1.0,-1.0,0.0,1.0,-1.0,-0.1469,2.0,0.0,0.457,0.0,3.623e-05,-1.0,0.0,0.0,0.0,0.0,0.0968,False,False,1.0,0.0,39.32,58.83,False,0.0,bullish,0.0,0.0,0.166794,0.134406,trade,yes,False,False,40.0,54.77,,0.308878,0.029834,29.83,1000.0,1.0,0.0,0.5963,-0.2917,-0.2131,-0.1557,False,,True,True,35.02,2026-04-26 17:05:11+00:00,,,,,,,,,,,,,,,,,,,,,,,,,,,,,,,,,,,,,,,,,,,,,,,,,,,,,,,,,,,,,,,,,,,,,,,,,,,,,,,,,,,,,,,,,,,,,,,,,,,,,,,,,,0.44134063077124525,17,2026-W17,0.46,False
2026-04-26 18:12:57+00:00,2026-04-26 18:00,KXETHD-26APR2615-T2359.99,2026-04-26T19:00:00Z,2362.11,2359.99,-0.0897,0.305,real,0.694175,-0.1016,0.00074145,0.00111031,,,0.01,0.00111031,1.0,-1.0,0.0,2.0,0.0,-0.0574,2.0,0.0,0.7992,0.0,4.182e-05,0.0,1.0,-1.0,-2.0,-2.0,0.9917,False,False,-1.0,-1.0,94.86,82.95,False,1.0,bullish,0.0,0.0,0.389175,0.359337,trade,yes,False,False,42.0,47.0,,0.559964,0.05,50.0,1000.0,3.0,-14.0,0.47,0.8528,0.6592,0.4745,False,,True,True,113.93,2026-04-26 18:12:57+00:00,,,,,,,,,,,,,,,,,,,,,,,,,,,,,,,,,,,,,,,,,,,,,,,,,,,,,,,,,,,,,,,,,,,,,,,,,,,,,,,,,,,,,,,,,,,,,,,,,,,,,,,,,,0.46494809134198917,17,2026-W17,0.305,False
2026-04-26 19:02:35+00:00,2026-04-26 19:00,KXETHD-26APR2617-T2379.99,2026-04-26T21:00:00Z,2361.97,2379.99,0.7628,0.18,real,0.02201,1.4985,0.00080581,0.00051568,0.00076628,0.673,0.08,0.00061592,1.0,-1.0,0.0,1.0,0.0,-0.0563,2.0,-1.0,0.8923,0.0,2.681e-05,1.0,1.0,-1.0,-2.0,-2.0,0.5128,False,False,-1.0,0.0,72.72,71.6,False,1.0,bullish,0.0,0.0,0.15,0.132963,trade,no,False,False,67.0,117.36,,0.833333,0.05,50.0,1000.0,3.0,-6.0,0.482,-0.1172,0.0169,-0.0495,False,,False,True,10.98,2026-04-26 19:02:35+00:00,,,,,,,,,,,,,,,,,,,,,,,,,,,,,,,,,,,,,,,,,,,,,,,,,,,,,,,,,,,,,,,,,,,,,,,,,,,,,,,,,,,,,,,,,,,,,,,,,,,,,,,,,,0.46468551962533783,17,2026-W17,0.8200000000000001,True
2026-04-26 21:01:38+00:00,2026-04-26 21:00,KXETHD-26APR2618-T2359.99,2026-04-26T22:00:00Z,2365.63,2359.99,-0.2384,0.65,real,0.801282,-0.6757,0.00047603,0.00037698,0.00081104,0.4648,0.14,0.00055061,1.0,-1.0,0.0,1.0,-1.0,-0.1166,2.0,1.0,0.9876,0.0,2.096e-05,0.0,0.0,0.0,-1.0,-1.0,0.3492,False,False,1.0,0.0,60.0,69.05,True,0.0,bullish,0.0,0.0,0.151282,0.120357,trade,yes,False,False,42.0,58.31,,0.432234,0.04461,44.61,1000.0,3.0,-2.0,0.5517,-0.2486,-0.1609,-0.0491,False,,True,True,24.02,2026-04-26 21:01:38+00:00,,,,,,,,,,,,,,,,,,,,,,,,,,,,,,,,,,,,,,,,,,,,,,,,,,,,,,,,,,,,,,,,,,,,,,,,,,,,,,,,,,,,,,,,,,,,,,,,,,,,,,,,,,0.47398717218276926,17,2026-W17,0.65,False
2026-04-26 21:05:54+00:00,2026-04-26 21:00,KXETHD-26APR2618-T2379.99,2026-04-26T22:00:00Z,2366.52,2379.99,0.5693,0.165,real,0.015385,1.5287,0.00043345,0.00038663,0.00079273,0.4877,0.25,0.00054907,1.0,-1.0,0.0,0.0,0.0,-0.0815,2.0,0.0,0.7656,0.0,2.074e-05,0.0,0.0,0.0,-1.0,-1.0,0.4079,False,False,0.0,0.0,64.82,70.66,True,0.0,bullish,0.0,0.0,0.135,0.117963,trade,no,False,False,42.0,54.05,,0.818182,0.05,50.0,1000.0,3.0,-4.0,0.5448,-0.2484,0.0093,0.0643,False,,False,True,9.88,2026-04-26 21:05:54+00:00,,,,,,,,,,,,,,,,,,,,,,,,,,,,,,,,,,,,,,,,,,,,,,,,,,,,,,,,,,,,,,,,,,,,,,,,,,,,,,,,,,,,,,,,,,,,,,,,,,,,,,,,,,0.47398717218276926,17,2026-W17,0.835,True
2026-04-26 22:04:17+00:00,2026-04-26 22:00,KXETHD-26APR2619-T2379.99,2026-04-26T23:00:00Z,2365.62,2379.99,0.6075,0.155,real,0.054876,1.2091,0.00072687,0.00068323,0.00079964,0.8544,0.13,0.00072979,1.0,-1.0,0.0,0.0,0.0,0.0969,2.0,1.0,0.9452,0.0,2.691e-05,1.0,0.0,0.0,-1.0,-1.0,0.3252,False,False,0.0,0.0,56.96,45.73,False,1.0,bullish,0.0,0.0,0.100124,0.081494,trade,no,False,False,43.0,55.65,,0.645963,0.02243,22.43,1000.0,2.0,-4.0,0.5128,0.3629,0.3088,-0.0173,False,,False,True,4.11,2026-04-26 22:04:17+00:00,,,,,,,,,,,,,,,,,,,,,,,,,,,,,,,,,,,,,,,,,,,,,,,,,,,,,,,,,,,,,,,,,,,,,,,,,,,,,,,,,,,,,,,,,,,,,,,,,,,,,,,,,,0.46886512119216056,17,2026-W17,0.845,True
2026-04-26 22:34:50+00:00,2026-04-26 22:00,KXETHD-26APR2619-T2359.99,2026-04-26T23:00:00Z,2356.6,2359.99,0.1437,0.4,real,0.119953,0.2661,0.0008122,0.00090751,0.00113101,0.8024,0.08,0.0009969,1.0,-1.0,0.0,1.0,-1.0,-0.1409,2.0,0.0,0.4967,0.0,2.192e-05,1.0,0.0,0.0,0.0,0.0,-0.0895,False,False,1.0,0.0,24.37,60.93,False,0.0,bullish,0.0,0.0,0.280047,0.257658,trade,no,False,False,43.0,25.13,,0.700119,0.05,50.0,1000.0,0.0,0.0,0.5125,-0.337,-0.6726,-0.6726,True,,True,False,-50.0,2026-04-26 22:34:50+00:00,,,,,,,,,,,,,,,,,,,,,,,,,,,,,,,,,,,,,,,,,,,,,,,,,,,,,,,,,,,,,,,,,,,,,,,,,,,,,,,,,,,,,,,,,,,,,,,,,,,,,,,,,,0.46886512119216056,17,2026-W17,0.6,True
2026-04-27 00:00:49+00:00,2026-04-27 00:00,KXETHD-26APR2621-T2379.99,2026-04-27T01:00:00Z,2372.35,2379.99,0.3218,0.205,real,0.094675,0.8667,0.00064098,0.00061844,0.00050717,1.2194,0.01,0.00057393,1.0,-1.0,0.0,1.0,-1.0,-0.2758,2.0,0.0,0.4825,0.0,8.64e-06,0.0,0.0,0.0,0.0,0.0,,False,False,-1.0,0.0,65.75,69.69,False,1.0,bullish,0.0,0.0,0.110325,0.089325,trade,no,False,False,43.0,59.13,,0.538169,0.05,50.0,1000.0,3.0,-4.0,0.5448,0.0097,-0.264,-0.0152,True,,True,False,-50.0,2026-04-27 00:00:49+00:00,,,,,,,,,,,,,,,,,,,,,,,,,,,,,,,,,,,,,,,,,,,,,,,,,,,,,,,,,,,,,,,,,,,,,,,,,,,,,,,,,,,,,,,,,,,,,,,,,,,,,,,,,,0.4511485208833105,18,2026-W18,0.795,True
2026-04-27 00:14:36+00:00,2026-04-27 00:00,KXETHD-26APR2621-T2359.99,2026-04-27T01:00:00Z,2368.04,2359.99,-0.34,0.61,real,0.746479,-0.4728,0.00072648,0.00073054,0.00181065,0.4035,0.18,0.00116257,1.0,-1.0,0.0,0.0,0.0,0.0286,2.0,0.0,0.4706,0.0,-2.75e-05,0.0,0.0,0.0,0.0,0.0,,False,False,0.0,0.0,58.99,67.44,False,1.0,bullish,0.0,0.0,0.136479,0.104826,trade,yes,False,False,42.0,45.35,,0.349946,0.014792,14.79,1000.0,3.0,0.0,0.6517,-0.2179,-0.2381,-0.2158,False,,True,True,9.46,2026-04-27 00:14:36+00:00,,,,,,,,,,,,,,,,,,,,,,,,,,,,,,,,,,,,,,,,,,,,,,,,,,,,,,,,,,,,,,,,,,,,,,,,,,,,,,,,,,,,,,,,,,,,,,,,,,,,,,,,,,0.4511485208833105,18,2026-W18,0.61,False
2026-04-27 01:16:13+00:00,2026-04-27 01:00,KXETHD-26APR2622-T2399.99,2026-04-27T02:00:00Z,2386.75,2399.99,0.5546,0.235,real,0.083307,0.7759,0.00112456,0.00118081,0.00115751,1.0201,0.01,0.00117149,1.0,-1.0,0.0,1.0,-1.0,-0.3531,2.0,0.0,0.7681,0.0,-2.24e-06,1.0,0.0,0.0,0.0,0.0,0.0668,False,False,-1.0,0.0,63.31,77.43,True,1.0,bullish,0.0,0.0,0.151693,0.131347,trade,no,False,False,44.0,43.73,,0.645501,0.017244,17.24,1000.0,5.0,-3.0,0.5854,0.5494,-0.5003,-0.1498,False,,False,True,5.3,2026-04-27 01:16:13+00:00,,,,,,,,,,,,,,,,,,,,,,,,,,,,,,,,,,,,,,,,,,,,,,,,,,,,,,,,,,,,,,,,,,,,,,,,,,,,,,,,,,,,,,,,,,,,,,,,,,,,,,,,,,0.4658029426146182,18,2026-W18,0.765,True
2026-04-27 02:01:51+00:00,2026-04-27 02:00,KXETHD-26APR2623-T2399.99,2026-04-27T03:00:00Z,2393.56,2399.99,0.2685,0.275,real,0.145409,0.4983,0.00086443,0.00088645,0.00058845,1.5064,0.09,0.00076725,1.0,-1.0,0.0,0.0,0.0,-0.0397,2.0,1.0,0.9465,0.0,5.19e-06,1.0,0.0,0.0,-1.0,-1.0,0.2907,False,False,-1.0,0.0,75.89,72.04,False,1.0,bullish,0.0,0.0,0.129591,0.105892,trade,no,False,False,44.0,58.1,,0.47124,0.023076,23.08,1000.0,5.0,-6.0,0.482,0.4872,-0.1861,-0.1861,False,,False,True,8.75,2026-04-27 02:01:51+00:00,,,,,,,,,,,,,,,,,,,,,,,,,,,,,,,,,,,,,,,,,,,,,,,,,,,,,,,,,,,,,,,,,,,,,,,,,,,,,,,,,,,,,,,,,,,,,,,,,,,,,,,,,,0.4658029426146182,18,2026-W18,0.725,True
2026-04-27 03:00:14+00:00,2026-04-27 03:00,KXETHD-26APR2700-T2399.99,2026-04-27T04:00:00Z,2393.14,2399.99,0.2864,0.165,real,0.051707,0.7622,0.00046706,0.00062633,0.00037993,1.6486,0.13,0.00052777,1.0,-1.0,0.0,1.0,0.0,-0.0458,2.0,1.0,0.8106,0.0,-3e-06,0.0,0.0,0.0,-1.0,-1.0,0.2399,False,False,0.0,-1.0,72.36,75.6,True,1.0,bullish,0.0,0.0,0.113293,0.094861,trade,no,False,False,36.0,59.71,,0.686625,0.05,50.0,1000.0,5.0,-4.0,0.5448,-0.0556,0.0155,-0.187,False,,False,True,9.88,2026-04-27 03:00:14+00:00,,,,,,,,,,,,,,,,,,,,,,,,,,,,,,,,,,,,,,,,,,,,,,,,,,,,,,,,,,,,,,,,,,,,,,,,,,,,,,,,,,,,,,,,,,,,,,,,,,,,,,,,,,0.46555242114680884,18,2026-W18,0.835,True
2026-04-27 04:00:47+00:00,2026-04-27 04:00,KXETHD-26APR2701-T2399.99,2026-04-27T05:00:00Z,2396.15,2399.99,0.1603,0.255,real,0.170279,0.7781,0.00042545,0.00027406,0.00031598,0.8673,0.13,0.00029083,1.0,-1.0,0.0,1.0,-1.0,-0.193,2.0,0.0,0.5722,0.0,-2.85e-06,0.0,0.0,0.0,-1.0,-1.0,0.3776,False,False,0.0,0.0,77.79,83.55,True,1.0,bullish,0.0,0.0,0.084721,0.059831,trade,no,False,False,43.0,59.17,,0.33224,0.05,50.0,1000.0,4.0,-7.0,0.476,-0.0709,-0.045,-0.0159,False,,False,True,17.11,2026-04-27 04:00:47+00:00,,,,,,,,,,,,,,,,,,,,,,,,,,,,,,,,,,,,,,,,,,,,,,,,,,,,,,,,,,,,,,,,,,,,,,,,,,,,,,,,,,,,,,,,,,,,,,,,,,,,,,,,,,0.4901532081146215,18,2026-W18,0.745,True
2026-04-27 05:02:21+00:00,2026-04-27 05:00,KXETHD-26APR2702-T2379.99,2026-04-27T06:00:00Z,2379.49,2379.99,0.0212,0.445,real,0.504673,0.0976,0.00036596,0.00038342,0.00020167,1.9012,0.13,0.00031072,1.0,0.0,1.0,0.0,0.0,-0.021,2.0,-1.0,0.8679,0.0,9.3e-06,-1.0,0.0,0.0,1.0,1.0,-0.3539,False,False,1.0,1.0,0.0,15.74,False,0.0,bullish,0.0,0.0,0.059673,0.027385,trade,yes,False,False,43.0,57.6,,0.107519,0.031584,31.58,1000.0,1.0,2.0,0.7636,-0.3964,-0.1289,-0.1289,False,,False,False,-31.58,2026-04-27 05:02:21+00:00,,,,,,,,,,,,,,,,,,,,,,,,,,,,,,,,,,,,,,,,,,,,,,,,,,,,,,,,,,,,,,,,,,,,,,,,,,,,,,,,,,,,,,,,,,,,,,,,,,,,,,,,,,0.5877469705097005,18,2026-W18,0.445,True
2026-04-27 06:18:47+00:00,2026-04-27 06:00,KXETHD-26APR2703-T2319.99,2026-04-27T07:00:00Z,2325.92,2319.99,-0.2551,0.71,real,0.757746,-0.5678,0.00092993,0.00068895,0.00071941,0.9577,0.1,0.00070113,1.0,1.0,2.0,0.0,0.0,0.0797,2.0,0.0,0.7317,0.0,3.175e-05,-1.0,-1.0,1.0,2.0,2.0,-2.238,False,False,1.0,1.0,7.43,4.42,True,-1.0,neutral,0.0,0.0,0.047746,0.018333,trade,yes,False,False,40.0,41.17,,0.164643,0.05,50.0,1000.0,-1.0,11.0,0.554,0.1664,0.2632,0.0848,False,,True,True,20.42,2026-04-27 06:18:47+00:00,,,,,,,,,,,,,,,,,,,,,,,,,,,,,,,,,,,,,,,,,,,,,,,,,,,,,,,,,,,,,,,,,,,,,,,,,,,,,,,,,,,,,,,,,,,,,,,,,,,,,,,,,,0.5547433955623132,18,2026-W18,0.71,True
2026-04-27 07:19:09+00:00,2026-04-27 07:00,KXETHD-26APR2704-T2319.99,2026-04-27T08:00:00Z,2316.19,2319.99,0.1639,0.305,real,0.207392,0.6048,0.00069342,0.0003715,0.00050269,0.739,0.15,0.00042398,1.0,1.0,2.0,1.0,-1.0,-0.266,2.0,0.0,0.7174,0.0,3.096e-05,0.0,-1.0,1.0,2.0,2.0,-2.2648,False,False,1.0,1.0,7.09,8.44,False,-1.0,bearish,0.0,0.0,0.097608,0.071102,trade,no,False,False,40.0,40.79,,0.320028,0.05,50.0,1000.0,-3.0,11.0,0.548,-0.2882,-0.0862,0.0,False,,False,True,21.94,2026-04-27 07:19:09+00:00,,,,,,,,,,,,,,,,,,,,,,,,,,,,,,,,,,,,,,,,,,,,,,,,,,,,,,,,,,,,,,,,,,,,,,,,,,,,,,,,,,,,,,,,,,,,,,,,,,,,,,,,,,0.5702935721361441,18,2026-W18,0.6950000000000001,False
2026-04-27 08:00:32+00:00,2026-04-27 08:00,KXETHD-26APR2705-T2319.99,2026-04-27T09:00:00Z,2317.1,2319.99,0.1249,0.38,real,0.173086,0.3284,0.00037663,0.0004683,0.00053004,0.8835,0.1,0.000493,1.0,1.0,2.0,1.0,-1.0,-0.165,2.0,0.0,0.7179,0.0,2.554e-05,0.0,-1.0,1.0,2.0,2.0,-2.3846,False,False,1.0,1.0,3.81,6.39,True,-1.0,bearish,0.0,0.0,0.206914,0.181895,trade,no,False,False,40.0,59.42,,0.544512,0.05,50.0,1000.0,-2.0,11.0,0.551,-0.1333,-0.1884,-0.1884,False,,False,True,30.65,2026-04-27 08:00:32+00:00,,,,,,,,,,,,,,,,,,,,,,,,,,,,,,,,,,,,,,,,,,,,,,,,,,,,,,,,,,,,,,,,,,,,,,,,,,,,,,,,,,,,,,,,,,,,,,,,,,,,,,,,,,0.566462029890593,18,2026-W18,0.62,False
2026-04-27 09:08:26+00:00,2026-04-27 09:00,KXETHD-26APR2706-T2319.99,2026-04-27T10:00:00Z,2320.33,2319.99,-0.0147,0.545,real,0.626794,-0.0423,0.00047,0.00068729,0.00018126,3.7917,0.21,0.00048488,1.0,-1.0,0.0,0.0,0.0,-0.0732,2.0,0.0,0.6589,0.0,3.907e-05,0.0,0.0,0.0,1.0,1.0,-2.1872,False,False,-1.0,0.0,48.18,27.67,False,0.0,bearish,0.0,0.0,0.081794,0.049436,trade,yes,False,False,40.0,51.53,,0.179768,0.05,50.0,1000.0,-2.0,7.0,0.545,0.3323,0.0868,0.0,False,,True,True,41.74,2026-04-27 09:08:26+00:00,,,,,,,,,,,,,,,,,,,,,,,,,,,,,,,,,,,,,,,,,,,,,,,,,,,,,,,,,,,,,,,,,,,,,,,,,,,,,,,,,,,,,,,,,,,,,,,,,,,,,,,,,,0.5256470802576418,18,2026-W18,0.545,True
2026-04-27 10:01:30+00:00,2026-04-27 10:00,KXETHD-26APR2707-T2319.99,2026-04-27T11:00:00Z,2322.46,2319.99,-0.1065,0.605,real,0.870968,-0.5131,0.00022999,0.00014324,0.00052344,0.2737,0.21,0.00029532,1.0,-1.0,0.0,1.0,0.0,-0.0364,2.0,0.0,0.6408,0.0,1.444e-05,0.0,0.0,0.0,1.0,1.0,-1.967,False,False,-1.0,-1.0,94.39,87.45,False,0.0,bearish,0.0,0.0,0.265968,0.234239,trade,yes,False,False,40.0,58.45,,0.673336,0.05,50.0,1000.0,0.0,2.0,0.5854,0.2104,0.0,0.0,False,,True,True,32.64,2026-04-27 10:01:30+00:00,,,,,,,,,,,,,,,,,,,,,,,,,,,,,,,,,,,,,,,,,,,,,,,,,,,,,,,,,,,,,,,,,,,,,,,,,,,,,,,,,,,,,,,,,,,,,,,,,,,,,,,,,,0.5238883719098292,18,2026-W18,0.605,True
2026-04-27 11:02:03+00:00,2026-04-27 11:00,KXETHD-26APR2708-T2319.99,2026-04-27T12:00:00Z,2320.93,2319.99,-0.0403,0.54,real,0.870968,-0.1919,0.00013877,0.00014853,0.00052796,0.2813,0.24,0.0003003,0.0,-1.0,0.0,2.0,-1.0,-0.1183,2.0,0.0,0.632,0.0,-4.75e-06,0.0,0.0,0.0,1.0,1.0,-2.0366,False,False,0.0,-1.0,86.18,85.58,False,0.0,bearish,0.0,0.0,0.330968,0.29858,trade,yes,False,False,40.0,57.9,,0.719495,0.05,50.0,1000.0,0.0,3.0,0.6369,0.0112,0.0504,0.0,False,,True,True,42.59,2026-04-27 11:02:03+00:00,,,,,,,,,,,,,,,,,,,,,,,,,,,,,,,,,,,,,,,,,,,,,,,,,,,,,,,,,,,,,,,,,,,,,,,,,,,,,,,,,,,,,,,,,,,,,,,,,,,,,,,,,,0.5338509359535951,18,2026-W18,0.54,True
2026-04-27 12:03:35+00:00,2026-04-27 12:00,KXETHD-26APR2709-T2319.99,2026-04-27T13:00:00Z,2316.98,2319.99,0.1297,0.365,real,0.089156,0.4843,0.00033652,0.00037392,0.00050041,0.7472,0.01,0.00042452,0.0,-1.0,0.0,1.0,-1.0,-0.2202,2.0,0.0,0.598,0.0,-1.831e-05,0.0,0.0,0.0,1.0,1.0,-2.1667,False,False,1.0,0.0,46.0,67.07,True,-1.0,bearish,0.0,0.0,0.275844,0.25516,trade,no,False,False,40.0,56.37,,0.755738,0.05,50.0,1000.0,-3.0,6.0,0.536,-0.2295,-0.091,-0.091,False,,False,True,28.74,2026-04-27 12:03:35+00:00,,,,,,,,,,,,,,,,,,,,,,,,,,,,,,,,,,,,,,,,,,,,,,,,,,,,,,,,,,,,,,,,,,,,,,,,,,,,,,,,,,,,,,,,,,,,,,,,,,,,,,,,,,0.549009118202268,18,2026-W18,0.635,False
2026-04-27 13:01:01+00:00,2026-04-27 13:00,KXETHD-26APR2710-T2319.99,2026-04-27T14:00:00Z,2314.54,2319.99,0.2356,0.335,real,0.068174,0.8948,0.00037428,0.00020024,0.00071947,0.2783,0.03,0.00040793,-1.0,0.0,1.0,0.0,0.0,-0.0575,2.0,0.0,0.5455,0.0,-1.625e-05,0.0,0.0,0.0,1.0,1.0,-2.2415,False,False,1.0,1.0,12.07,4.02,False,-1.0,bearish,0.0,0.0,0.266826,0.247379,trade,no,False,False,40.0,58.92,,0.796494,0.05,50.0,1000.0,-3.0,7.0,0.542,-0.0522,0.0532,0.0532,False,,False,True,25.19,2026-04-27 13:01:01+00:00,,,,,,,,,,,,,,,,,,,,,,,,,,,,,,,,,,,,,,,,,,,,,,,,,,,,,,,,,,,,,,,,,,,,,,,,,,,,,,,,,,,,,,,,,,,,,,,,,,,,,,,,,,0.5718575958887434,18,2026-W18,0.665,False
2026-04-27 14:00:40+00:00,2026-04-27 14:00,KXETHD-26APR2711-T2319.99,2026-04-27T15:00:00Z,2313.36,2319.99,0.2864,0.34,real,0.117159,0.4611,0.00070312,0.00099806,0.00090071,1.1081,0.04,0.00095912,-1.0,-1.0,0.0,0.0,0.0,-0.0674,2.0,0.0,0.2838,0.0,3.38e-06,-1.0,0.0,0.0,1.0,1.0,-2.2098,False,False,0.0,0.0,46.25,42.95,False,-1.0,bearish,0.0,0.0,0.222841,0.200601,trade,no,False,False,40.0,59.27,,0.655415,0.027929,27.93,1000.0,-3.0,6.0,0.536,-0.0899,0.2154,0.1633,False,,False,True,14.39,2026-04-27 14:00:40+00:00,,,,,,,,,,,,,,,,,,,,,,,,,,,,,,,,,,,,,,,,,,,,,,,,,,,,,,,,,,,,,,,,,,,,,,,,,,,,,,,,,,,,,,,,,,,,,,,,,,,,,,,,,,0.5519766098478006,18,2026-W18,0.6599999999999999,False
2026-04-27 15:00:14+00:00,2026-04-27 15:00,KXETHD-26APR2712-T2319.99,2026-04-27T16:00:00Z,2315.09,2319.99,0.2115,0.34,real,0.223449,0.2857,0.00097385,0.00129178,0.00066293,1.9486,0.04,0.00104024,-1.0,0.0,1.0,0.0,0.0,-0.0835,2.0,0.0,0.3638,0.0,1.104e-05,0.0,-1.0,1.0,2.0,2.0,-1.6391,False,False,0.0,0.0,49.45,63.02,True,-1.0,bearish,0.0,0.0,0.116551,0.089405,trade,no,False,False,40.0,59.73,,0.342797,0.05,50.0,1000.0,-3.0,4.0,0.5546,0.1366,-0.4936,-0.1302,True,,False,True,25.76,2026-04-27 15:00:14+00:00,,,,,,,,,,,,,,,,,,,,,,,,,,,,,,,,,,,,,,,,,,,,,,,,,,,,,,,,,,,,,,,,,,,,,,,,,,,,,,,,,,,,,,,,,,,,,,,,,,,,,,,,,,0.561963113582147,18,2026-W18,0.6599999999999999,False
2026-04-27 15:07:41+00:00,2026-04-27 15:00,KXETHD-26APR2712-T2299.99,2026-04-27T16:00:00Z,2297.53,2299.99,0.1072,0.41,real,0.32521,0.103,0.00130114,0.00178719,0.00065153,2.7431,0.02,0.00133293,-1.0,1.0,2.0,0.0,0.0,-0.0878,2.0,-1.0,0.8208,0.0,1.149e-05,0.0,-1.0,1.0,2.0,2.0,-2.3316,False,False,1.0,1.0,6.58,48.73,True,-1.0,bearish,0.0,0.0,0.08479,0.054429,trade,no,False,False,39.0,52.26,,0.206806,0.05,50.0,1000.0,-4.0,11.0,0.548,-1.2145,-0.7385,-0.5275,False,,False,True,34.75,2026-04-27 15:07:41+00:00,,,,,,,,,,,,,,,,,,,,,,,,,,,,,,,,,,,,,,,,,,,,,,,,,,,,,,,,,,,,,,,,,,,,,,,,,,,,,,,,,,,,,,,,,,,,,,,,,,,,,,,,,,0.561963113582147,18,2026-W18,0.5900000000000001,False
2026-04-27 16:04:16+00:00,2026-04-27 16:00,KXETHD-26APR2713-T2279.99,2026-04-27T17:00:00Z,2273.23,2279.99,0.2974,0.365,real,0.319544,0.4825,0.00104113,0.00050401,0.00115294,0.4372,0.03,0.00076358,-1.0,1.0,2.0,1.0,-1.0,-0.1803,2.0,0.0,0.0,0.0,1.275e-05,0.0,-1.0,1.0,2.0,2.0,-1.9102,False,False,1.0,1.0,12.29,18.84,False,-1.0,bearish,0.0,0.0,0.045456,0.015236,trade,no,False,False,38.0,55.69,,0.124537,0.05,50.0,1000.0,-6.0,11.0,0.548,-0.4329,-0.1731,-0.0655,False,,False,True,28.74,2026-04-27 16:04:16+00:00,,,,,,,,,,,,,,,,,,,,,,,,,,,,,,,,,,,,,,,,,,,,,,,,,,,,,,,,,,,,,,,,,,,,,,,,,,,,,,,,,,,,,,,,,,,,,,,,,,,,,,,,,,0.5605899583684362,18,2026-W18,0.635,False
2026-04-27 17:01:47+00:00,2026-04-27 17:00,KXETHD-26APR2714-T2279.99,2026-04-27T18:00:00Z,2280.37,2279.99,-0.0167,0.54,real,0.694175,-0.058,0.00044584,0.00053897,0.00021832,2.4687,0.02,0.00041071,0.0,0.0,1.0,0.0,0.0,0.0824,2.0,0.0,0.6051,0.0,-1.003e-05,1.0,-1.0,1.0,2.0,2.0,-1.3358,False,False,0.0,0.0,23.96,20.26,True,-1.0,bearish,0.0,0.0,0.154175,0.121787,trade,yes,False,False,38.0,58.15,,0.335163,0.05,50.0,1000.0,-4.0,7.0,0.542,0.0452,0.0786,0.0786,False,,True,True,42.59,2026-04-27 17:01:47+00:00,,,,,,,,,,,,,,,,,,,,,,,,,,,,,,,,,,,,,,,,,,,,,,,,,,,,,,,,,,,,,,,,,,,,,,,,,,,,,,,,,,,,,,,,,,,,,,,,,,,,,,,,,,0.5239659628079779,18,2026-W18,0.54,True
2026-04-27 18:01:32+00:00,2026-04-27 18:00,KXETHD-26APR2715-T2299.99,2026-04-27T19:00:00Z,2289.08,2299.99,0.4767,0.15,real,0.026334,1.8127,0.00044419,0.00028082,0.00060031,0.4678,0.04,0.00040861,0.0,0.0,1.0,0.0,1.0,0.1183,2.0,0.0,0.6057,0.0,-2.343e-05,0.0,0.0,0.0,1.0,1.0,-0.5762,False,False,0.0,0.0,37.45,39.46,False,0.0,bearish,0.0,0.0,0.12,0.102963,trade,no,False,False,38.0,58.41,,0.8,0.05,50.0,1000.0,-3.0,1.0,0.3631,-0.1684,-0.1008,0.0,False,,False,True,8.82,2026-04-27 18:01:32+00:00,,,,,,,,,,,,,,,,,,,,,,,,,,,,,,,,,,,,,,,,,,,,,,,,,,,,,,,,,,,,,,,,,,,,,,,,,,,,,,,,,,,,,,,,,,,,,,,,,,,,,,,,,,0.5335265966282754,18,2026-W18,0.85,False
2026-04-27 19:00:09+00:00,2026-04-27 19:00,KXETHD-26APR2717-T2299.99,2026-04-27T21:00:00Z,2288.58,2299.99,0.4985,0.22,real,0.017302,1.3716,0.00038351,0.00033417,0.00058835,0.568,0.04,0.00043584,0.0,-1.0,0.0,1.0,0.0,0.0767,2.0,0.0,0.5928,0.0,-3.921e-05,0.0,0.0,0.0,0.0,0.0,-0.0175,False,False,0.0,-1.0,84.72,85.66,True,0.0,bearish,0.0,0.0,0.19,0.172963,trade,no,False,False,61.0,119.8,,0.863636,0.05,50.0,1000.0,-3.0,-1.0,0.3789,0.1492,-0.0205,-0.076,False,,False,True,14.1,2026-04-27 19:00:09+00:00,,,,,,,,,,,,,,,,,,,,,,,,,,,,,,,,,,,,,,,,,,,,,,,,,,,,,,,,,,,,,,,,,,,,,,,,,,,,,,,,,,,,,,,,,,,,,,,,,,,,,,,,,,0.5134642428878022,18,2026-W18,0.78,False
2026-04-27 19:01:12+00:00,2026-04-27 19:00,KXETHD-26APR2716-T2299.99,2026-04-27T20:00:00Z,2289.27,2299.99,0.4682,0.135,real,0.018388,1.905,0.00038583,0.00033323,0.00055251,0.6031,0.01,0.00042094,0.0,1.0,2.0,1.0,1.0,0.154,2.0,0.0,0.5928,0.0,-4.013e-05,0.0,-1.0,1.0,2.0,0.0,0.0148,False,True,0.0,-1.0,88.34,86.87,False,0.0,bearish,0.0,0.0,0.105,0.087963,trade,no,False,False,61.0,58.73,,0.777778,0.05,50.0,1000.0,-3.0,-1.0,0.3789,0.1816,-0.0061,-0.0437,False,,False,True,7.8,2026-04-27 19:01:12+00:00,,,,,,,,,,,,,,,,,,,,,,,,,,,,,,,,,,,,,,,,,,,,,,,,,,,,,,,,,,,,,,,,,,,,,,,,,,,,,,,,,,,,,,,,,,,,,,,,,,,,,,,,,,0.5134642428878022,18,2026-W18,0.865,False
2026-04-27 19:31:02+00:00,2026-04-27 19:00,KXETHD-26APR2716-T2279.99,2026-04-27T20:00:00Z,2276.84,2279.99,0.1382,0.32,real,0.227056,0.4506,0.00048571,0.00058406,0.00054936,1.0632,0.04,0.00057018,0.0,0.0,1.0,0.0,0.0,-0.0014,2.0,0.0,0.4872,0.0,-4.265e-05,0.0,0.0,0.0,1.0,1.0,-0.4906,False,False,1.0,1.0,12.1,49.38,True,-1.0,bearish,0.0,0.0,0.092944,0.065659,trade,no,False,False,60.0,28.91,,0.290451,0.05,50.0,1000.0,-4.0,3.0,0.3571,-0.5433,-0.4876,-0.33,False,,True,False,-50.0,2026-04-27 19:31:02+00:00,,,,,,,,,,,,,,,,,,,,,,,,,,,,,,,,,,,,,,,,,,,,,,,,,,,,,,,,,,,,,,,,,,,,,,,,,,,,,,,,,,,,,,,,,,,,,,,,,,,,,,,,,,0.5134642428878022,18,2026-W18,0.6799999999999999,False
2026-04-27 21:00:45+00:00,2026-04-27 21:00,KXETHD-26APR2718-T2299.99,2026-04-27T22:00:00Z,2290.68,2299.99,0.4065,0.14,real,0.012088,1.6146,0.00029293,0.00029443,0.00048801,0.6033,0.04,0.00038871,0.0,-1.0,0.0,0.0,0.0,0.0201,2.0,0.0,0.4596,0.0,-3.933e-05,1.0,0.0,0.0,0.0,0.0,0.2457,False,False,0.0,0.0,73.52,83.55,True,0.0,bearish,0.0,0.0,0.11,0.092963,trade,no,False,False,38.0,59.21,,0.785714,0.05,25.0,500.0,-3.0,0.0,0.3156,-0.1073,-0.0925,-0.0746,False,,False,True,4.07,2026-04-27 21:00:45+00:00,,,,,,,,,,,,,,,,,,,,,,,,,,,,,,,,,,,,,,,,,,,,,,,,,,,,,,,,,,,,,,,,,,,,,,,,,,,,,,,,,,,,,,,,,,,,,,,,,,,,,,,,,,0.5195143745245554,18,2026-W18,0.86,False
2026-04-27 22:43:51+00:00,2026-04-27 22:00,KXETHD-26APR2719-T2299.99,2026-04-27T23:00:00Z,2292.35,2299.99,0.3332,0.16,real,0.012088,1.9962,0.00028416,0.00025668,0.00083383,0.3078,0.01,0.0004945,0.0,-1.0,0.0,1.0,0.0,0.0606,2.0,0.0,0.4265,0.0,-3.447e-05,0.0,0.0,0.0,0.0,0.0,0.342,False,False,0.0,-1.0,84.99,74.48,False,0.0,bearish,0.0,0.0,0.13,0.112963,trade,no,False,False,38.0,16.1,,0.8125,0.05,25.0,500.0,-1.0,-2.0,0.3182,0.1521,0.0035,0.0323,False,,False,True,4.76,2026-04-27 22:43:51+00:00,,,,,,,,,,,,,,,,,,,,,,,,,,,,,,,,,,,,,,,,,,,,,,,,,,,,,,,,,,,,,,,,,,,,,,,,,,,,,,,,,,,,,,,,,,,,,,,,,,,,,,,,,,0.5232641349632788,18,2026-W18,0.84,False
2026-04-27 23:18:56+00:00,2026-04-27 23:00,KXETHD-26APR2720-T2299.99,2026-04-28T00:00:00Z,2293.71,2299.99,0.274,0.19,real,0.01,1.7307,0.00023856,0.00020999,0.00048662,0.4315,0.01,0.00032478,0.0,0.0,1.0,0.0,1.0,0.1768,2.0,0.0,0.3958,0.0,-3.489e-05,0.0,0.0,0.0,0.0,0.0,0.3561,False,False,0.0,0.0,69.98,78.42,True,0.0,bearish,0.0,0.0,0.16,0.142963,trade,no,False,False,38.0,41.01,,0.842105,0.05,25.0,500.0,-1.0,-1.0,0.4875,0.0022,-0.0558,0.0,False,,True,False,-25.0,2026-04-27 23:18:56+00:00,,,,,,,,,,,,,,,,,,,,,,,,,,,,,,,,,,,,,,,,,,,,,,,,,,,,,,,,,,,,,,,,,,,,,,,,,,,,,,,,,,,,,,,,,,,,,,,,,,,,,,,,,,0.5051217932204396,18,2026-W18,0.81,False
2026-04-28 00:06:46+00:00,2026-04-28 00:00,KXETHD-26APR2721-T2299.99,2026-04-28T01:00:00Z,2301.65,2299.99,-0.0723,0.61,real,0.661538,-0.1939,0.00059118,0.00090461,0.00035525,2.5464,0.07,0.00075264,0.0,0.0,1.0,0.0,1.0,0.1208,2.0,0.0,0.6212,0.0,2.077e-05,0.0,0.0,0.0,0.0,0.0,,False,False,-1.0,0.0,63.99,81.37,True,0.0,bearish,0.0,0.0,0.051538,0.019885,trade,yes,False,False,39.0,53.19,,0.13215,0.016639,8.32,500.0,0.0,-1.0,0.4842,0.1589,-0.3474,-0.1558,False,,True,True,5.32,2026-04-28 00:06:46+00:00,,,,,,,,,,,,,,,,,,,,,,,,,,,,,,,,,,,,,,,,,,,,,,,,,,,,,,,,,,,,,,,,,,,,,,,,,,,,,,,,,,,,,,,,,,,,,,,,,,,,,,,,,,0.5031604805623372,18,2026-W18,0.61,True
2026-04-28 02:16:30+00:00,2026-04-28 02:00,KXETHD-26APR2723-T2299.99,2026-04-28T03:00:00Z,2297.23,2299.99,0.12,0.29,real,0.24986,0.7789,0.0003917,0.00024499,0.00032883,0.745,0.07,0.0003074,0.0,0.0,1.0,0.0,0.0,0.0517,2.0,0.0,0.6013,0.0,-1.015e-05,0.0,-1.0,1.0,2.0,2.0,-0.3186,False,False,1.0,0.0,30.46,37.22,False,0.0,bearish,0.0,0.0,0.04014,0.01202,trade,no,False,False,39.0,43.46,,0.138415,0.05,25.0,500.0,0.0,0.0,0.5125,-0.0579,-0.0413,-0.0796,False,,False,True,10.21,2026-04-28 02:16:30+00:00,,,,,,,,,,,,,,,,,,,,,,,,,,,,,,,,,,,,,,,,,,,,,,,,,,,,,,,,,,,,,,,,,,,,,,,,,,,,,,,,,,,,,,,,,,,,,,,,,,,,,,,,,,0.5463709028673458,18,2026-W18,0.71,False
2026-04-28 05:17:00+00:00,2026-04-28 05:00,KXETHD-26APR2802-T2299.99,2026-04-28T06:00:00Z,2289.32,2299.99,0.4662,0.18,real,0.079716,1.4581,0.00064843,0.00043796,0.00077535,0.5649,0.01,0.00057945,-1.0,-1.0,0.0,0.0,0.0,0.027,2.0,0.0,0.3672,0.0,-1e-07,0.0,0.0,0.0,0.0,0.0,-0.2241,False,False,0.0,0.0,43.94,46.97,False,0.0,bearish,0.0,0.0,0.100284,0.080149,trade,no,False,False,38.0,42.95,,0.557136,0.05,25.0,500.0,-2.0,0.0,0.4192,-0.0083,-0.1487,-0.1487,False,,False,True,5.49,2026-04-28 05:17:00+00:00,,,,,,,,,,,,,,,,,,,,,,,,,,,,,,,,,,,,,,,,,,,,,,,,,,,,,,,,,,,,,,,,,,,,,,,,,,,,,,,,,,,,,,,,,,,,,,,,,,,,,,,,,,0.529970204468715,18,2026-W18,0.8200000000000001,False
2026-04-28 15:51:19+00:00,2026-04-28 15:00,KXETHD-26APR2812-T2279.99,2026-04-28T16:00:00Z,2277.69,2279.99,0.1009,0.4,real,0.274069,0.4705,0.0004594,0.00031662,0.00135739,0.2333,0.02,0.00079447,0.0,-1.0,0.0,0.0,0.0,0.0133,2.0,0.0,0.36,0.0,3.856e-05,-1.0,0.0,0.0,0.0,0.0,0.0664,False,False,-1.0,0.0,74.05,65.72,False,0.0,bearish,0.0,0.0,0.125931,0.097004,trade,no,False,False,37.0,8.6,,0.314827,0.036774,18.39,500.0,-1.0,0.0,0.4591,0.1627,0.0914,0.1279,False,,False,True,12.26,2026-04-28 15:51:19+00:00,,,,,,,,,,,,,,,,,,,,,,,,,,,,,,,,,,,,,,,,,,,,,,,,,,,,,,,,,,,,,,,,,,,,,,,,,,,,,,,,,,,,,,,,,,,,,,,,,,,,,,,,,,0.504944129656457,18,2026-W18,0.6,False
2026-04-28 15:51:20+00:00,2026-04-28 15:00,KXETHD-26APR2812-T2279.99,2026-04-28T16:00:00Z,2277.69,2279.99,0.1009,0.4,real,0.274069,0.4705,0.0004594,0.00031662,0.00135741,0.2333,0.02,0.00079448,0.0,-1.0,0.0,0.0,0.0,0.0333,2.0,0.0,0.36,0.0,3.856e-05,-1.0,0.0,0.0,0.0,0.0,0.0664,False,False,-1.0,0.0,74.05,65.72,False,0.0,bearish,0.0,0.0,0.125931,0.097004,trade,no,False,False,37.0,8.6,,0.314827,0.036774,18.39,500.0,-1.0,0.0,0.4591,0.1627,0.0914,0.1279,False,,False,True,12.26,2026-04-28 15:51:20+00:00,,,,,,,,,,,,,,,,,,,,,,,,,,,,,,,,,,,,,,,,,,,,,,,,,,,,,,,,,,,,,,,,,,,,,,,,,,,,,,,,,,,,,,,,,,,,,,,,,,,,,,,,,,0.504944129656457,18,2026-W18,0.6,False
2026-04-28 19:01:37+00:00,2026-04-28 19:00,KXETHD-26APR2817-T2299.99,2026-04-28T21:00:00Z,2295.31,2299.99,0.2037,0.35,real,0.287942,0.3997,0.00048332,0.00053728,0.00048554,1.1066,0.05,0.00055723,-1.0,-1.0,0.0,2.0,0.0,-0.0301,2.0,1.0,0.9973,0.0,-2.375e-05,1.0,1.0,-1.0,-2.0,-2.0,0.7229,False,False,-1.0,-1.0,100.0,95.73,False,1.0,bearish,0.0,0.0,0.062058,0.032706,trade,no,False,False,60.0,118.34,,0.177308,0.015299,7.65,500.0,1.0,-10.0,0.464,0.1425,0.3563,0.0549,False,,False,True,4.12,2026-04-28 19:01:37+00:00,,,,,,,,,,,,,,,,,,,,,,,,,,,,,,,,,,,,,,,,,,,,,,,,,,,,,,,,,,,,,,,,,,,,,,,,,,,,,,,,,,,,,,,,,,,,,,,,,,,,,,,,,,0.4541964292723433,18,2026-W18,0.65,True
2026-04-28 19:02:41+00:00,2026-04-28 19:00,KXETHD-26APR2816-T2299.99,2026-04-28T20:00:00Z,2295.22,2299.99,0.2078,0.27,real,0.167049,0.6252,0.00049113,0.0005485,0.00044755,1.2256,0.03,0.00052222,-1.0,-1.0,0.0,2.0,0.0,0.067,2.0,1.0,0.9973,0.0,-2.375e-05,1.0,1.0,-1.0,-2.0,-2.0,0.6465,False,False,-1.0,-1.0,92.42,93.2,True,1.0,bearish,0.0,0.0,0.102951,0.078211,trade,no,False,False,60.0,57.27,,0.3813,0.026697,13.35,500.0,1.0,-10.0,0.464,0.0667,0.2804,-0.0209,False,,True,False,-13.35,2026-04-28 19:02:41+00:00,,,,,,,,,,,,,,,,,,,,,,,,,,,,,,,,,,,,,,,,,,,,,,,,,,,,,,,,,,,,,,,,,,,,,,,,,,,,,,,,,,,,,,,,,,,,,,,,,,,,,,,,,,0.4541964292723433,18,2026-W18,0.73,True
2026-04-28 21:00:27+00:00,2026-04-28 21:00,KXETHD-26APR2818-T2299.99,2026-04-28T22:00:00Z,2295.44,2299.99,0.1982,0.3,real,0.027238,0.9977,0.00022346,0.00022864,0.00048937,0.4672,0.01,0.00033843,-1.0,-1.0,0.0,0.0,0.0,0.0951,2.0,-1.0,0.8757,0.0,-7.9e-06,0.0,0.0,0.0,-1.0,-1.0,0.5376,False,False,0.0,0.0,44.53,61.47,False,0.0,bearish,0.0,0.0,0.27,0.252963,trade,no,False,False,38.0,59.51,,0.9,0.05,25.0,500.0,0.0,-3.0,0.4167,-0.1227,-0.1131,-0.064,False,,False,True,10.71,2026-04-28 21:00:27+00:00,,,,,,,,,,,,,,,,,,,,,,,,,,,,,,,,,,,,,,,,,,,,,,,,,,,,,,,,,,,,,,,,,,,,,,,,,,,,,,,,,,,,,,,,,,,,,,,,,,,,,,,,,,0.5063983711213479,18,2026-W18,0.7,False
2026-04-29 01:30:24+00:00,2026-04-29 01:00,KXETHD-26APR2822-T2279.99,2026-04-29T02:00:00Z,2280.47,2279.99,-0.0209,0.55,real,0.598361,-0.0534,0.00042481,0.00040637,0.00030587,1.3286,0.08,0.00085709,-1.0,1.0,2.0,0.0,0.0,-0.0301,2.0,0.0,0.7947,0.0,3.972e-05,0.0,-1.0,1.0,2.0,2.0,-0.2739,False,False,1.0,1.0,0.0,9.1,False,0.0,bearish,0.0,0.0,0.048361,0.016036,trade,yes,False,False,38.0,29.53,,0.107468,0.023106,11.55,500.0,-2.0,6.0,0.539,-0.4869,-0.0596,-0.0688,False,,True,True,9.45,2026-04-29 01:30:24+00:00,,,,,,,,,,,,,,,,,,,,,,,,,,,,,,,,,,,,,,,,,,,,,,,,,,,,,,,,,,,,,,,,,,,,,,,,,,,,,,,,,,,,,,,,,,,,,,,,,,,,,,,,,,0.49989900692506317,18,2026-W18,0.55,False
2026-04-29 02:11:58+00:00,2026-04-29 02:00,KXETHD-26APR2823-T2299.99,2026-04-29T03:00:00Z,2292.73,2299.99,0.3166,0.2,real,0.05142,1.2603,0.00049542,0.0004248,0.00054218,0.7835,0.01,0.00047642,-1.0,-1.0,0.0,1.0,0.0,0.0216,2.0,0.0,0.6272,0.0,4.697e-05,0.0,0.0,0.0,-1.0,-1.0,0.2679,False,False,-1.0,-1.0,83.29,67.34,False,1.0,bearish,0.0,0.0,0.14858,0.130165,trade,no,False,False,38.0,47.99,,0.742899,0.025981,12.99,500.0,0.0,-2.0,0.4797,0.3422,-0.0148,-0.0148,False,,False,True,3.25,2026-04-29 02:11:58+00:00,,,,,,,,,,,,,,,,,,,,,,,,,,,,,,,,,,,,,,,,,,,,,,,,,,,,,,,,,,,,,,,,,,,,,,,,,,,,,,,,,,,,,,,,,,,,,,,,,,,,,,,,,,0.5306272378144138,18,2026-W18,0.8,False
2026-04-29 03:21:17+00:00,2026-04-29 03:00,KXETHD-26APR2900-T2299.99,2026-04-29T04:00:00Z,2300.67,2299.99,-0.0297,0.5,real,0.582609,-0.0671,0.00065281,0.00077482,,,0.01,0.00077482,-1.0,-1.0,0.0,3.0,0.0,-0.0533,2.0,0.0,0.7662,-1.0,6.178e-05,0.0,1.0,-1.0,-2.0,-2.0,0.5957,False,False,-1.0,-1.0,100.0,73.92,False,1.0,bearish,0.0,0.0,0.067609,0.035109,trade,yes,False,False,39.0,38.67,,0.135217,0.05,25.0,500.0,0.0,-12.0,0.461,0.5506,0.4049,0.362,False,,True,True,25.0,2026-04-29 03:21:17+00:00,,,,,,,,,,,,,,,,,,,,,,,,,,,,,,,,,,,,,,,,,,,,,,,,,,,,,,,,,,,,,,,,,,,,,,,,,,,,,,,,,,,,,,,,,,,,,,,,,,,,,,,,,,0.47374542491285376,18,2026-W18,0.5,False
2026-04-29 05:03:28+00:00,2026-04-29 05:00,KXETHD-26APR2902-T2329.99,2026-04-29T06:00:00Z,2324.12,2329.99,0.2527,0.26,real,0.214525,0.4445,0.00091808,0.00100345,0.00052205,1.9221,0.02,0.0008213,0.0,-1.0,0.0,0.0,0.0,-0.0254,2.0,0.0,0.603,0.0,4.106e-05,1.0,0.0,0.0,-1.0,-1.0,0.8596,False,False,-1.0,0.0,66.05,79.29,True,1.0,bearish,0.0,0.0,0.045475,0.018679,trade,no,False,False,43.0,56.48,,0.174902,0.05,25.0,500.0,1.0,-3.0,0.4432,-0.135,-0.4692,-0.3356,False,,False,True,8.78,2026-04-29 05:03:28+00:00,,,,,,,,,,,,,,,,,,,,,,,,,,,,,,,,,,,,,,,,,,,,,,,,,,,,,,,,,,,,,,,,,,,,,,,,,,,,,,,,,,,,,,,,,,,,,,,,,,,,,,,,,,0.47641989283393,18,2026-W18,0.74,True
2026-04-29 06:34:21+00:00,2026-04-29 06:00,KXETHD-26APR2903-T2329.99,2026-04-29T07:00:00Z,2326.67,2329.99,0.1427,0.25,real,0.198316,0.8335,0.00056695,0.00032741,0.00041789,0.7835,0.01,0.00036757,0.0,-1.0,0.0,1.0,0.0,0.0041,2.0,0.0,0.4969,0.0,2.744e-05,0.0,1.0,-1.0,-2.0,-2.0,1.1217,False,False,-1.0,0.0,77.7,81.97,True,1.0,bearish,0.0,0.0,0.051684,0.025555,trade,no,False,False,43.0,25.61,,0.206735,0.05,20.0,400.0,1.0,-6.0,0.476,0.1065,0.0,0.0,False,,False,True,6.67,2026-04-29 06:34:21+00:00,,,,,,,,,,,,,,,,,,,,,,,,,,,,,,,,,,,,,,,,,,,,,,,,,,,,,,,,,,,,,,,,,,,,,,,,,,,,,,,,,,,,,,,,,,,,,,,,,,,,,,,,,,0.4907481671203867,18,2026-W18,0.75,True
2026-04-29 07:02:55+00:00,2026-04-29 07:00,KXETHD-26APR2904-T2329.99,2026-04-29T08:00:00Z,2324.66,2329.99,0.2293,0.25,real,0.128911,0.7178,0.00063569,0.00051641,0.00044967,1.1484,0.03,0.00050303,1.0,-1.0,0.0,0.0,0.0,0.033,2.0,0.0,0.3692,0.0,2.705e-05,0.0,0.0,0.0,-1.0,-1.0,0.7596,False,False,1.0,0.0,40.29,54.99,False,0.0,bearish,0.0,0.0,0.121089,0.098228,trade,no,False,False,42.0,57.04,,0.484355,0.05,25.0,500.0,1.0,-1.0,0.5038,-0.3428,0.0017,0.0,False,,False,True,8.33,2026-04-29 07:02:55+00:00,,,,,,,,,,,,,,,,,,,,,,,,,,,,,,,,,,,,,,,,,,,,,,,,,,,,,,,,,,,,,,,,,,,,,,,,,,,,,,,,,,,,,,,,,,,,,,,,,,,,,,,,,,0.4781138718055969,18,2026-W18,0.75,True
2026-04-29 08:02:34+00:00,2026-04-29 08:00,KXETHD-26APR2905-T2329.99,2026-04-29T09:00:00Z,2324.05,2329.99,0.2556,0.24,real,0.069215,0.578,0.00040238,0.00053011,0.00047724,1.1108,0.24,0.0006942,1.0,0.0,1.0,0.0,0.0,0.0413,2.0,0.0,0.3144,0.0,3.04e-05,0.0,0.0,0.0,-1.0,-1.0,0.7938,False,False,1.0,1.0,6.74,33.45,False,0.0,neutral,0.0,0.0,0.170785,0.151275,trade,no,False,False,42.0,57.37,,0.711604,0.05,25.0,500.0,1.0,1.0,0.5882,-0.237,-0.2421,-0.2421,False,,False,True,7.89,2026-04-29 08:02:34+00:00,,,,,,,,,,,,,,,,,,,,,,,,,,,,,,,,,,,,,,,,,,,,,,,,,,,,,,,,,,,,,,,,,,,,,,,,,,,,,,,,,,,,,,,,,,,,,,,,,,,,,,,,,,0.4885775739245775,18,2026-W18,0.76,True
2026-04-29 09:02:05+00:00,2026-04-29 09:00,KXETHD-26APR2906-T2329.99,2026-04-29T10:00:00Z,2324.9,2329.99,0.2188,0.16,real,0.01,0.9945,0.0001481,0.00023602,0.0002889,0.817,0.25,0.00034392,1.0,-1.0,0.0,1.0,0.0,-0.0081,2.0,0.0,0.5443,-1.0,8.058e-05,0.0,0.0,0.0,-1.0,-1.0,0.829,False,False,0.0,0.0,21.15,16.53,True,1.0,neutral,0.0,0.0,0.13,0.112963,trade,no,False,False,42.0,57.86,,0.8125,0.048946,24.47,500.0,1.0,-1.0,0.5038,0.087,0.099,-0.0172,False,,True,False,-24.47,2026-04-29 09:02:05+00:00,,,,,,,,,,,,,,,,,,,,,,,,,,,,,,,,,,,,,,,,,,,,,,,,,,,,,,,,,,,,,,,,,,,,,,,,,,,,,,,,,,,,,,,,,,,,,,,,,,,,,,,,,,0.47660191613999875,18,2026-W18,0.84,True
2026-04-29 10:17:40+00:00,2026-04-29 10:00,KXETHD-26APR2907-T2349.99,2026-04-29T11:00:00Z,2345.74,2349.99,0.1812,0.24,real,0.105267,0.7394,0.00058229,0.00041331,0.00039425,1.0483,0.01,0.00040934,1.0,0.0,1.0,3.0,1.0,0.421,2.0,0.0,0.5275,-1.0,6.333e-05,0.0,1.0,-1.0,-2.0,-2.0,1.4836,False,False,-1.0,-1.0,82.87,83.23,True,1.0,bullish,0.0,0.0,0.149733,0.128984,trade,no,False,False,44.0,42.28,,0.623887,0.035132,17.57,500.0,1.0,-10.0,0.464,0.2689,-0.0013,0.0,False,,False,True,5.55,2026-04-29 10:17:40+00:00,,,,,,,,,,,,,,,,,,,,,,,,,,,,,,,,,,,,,,,,,,,,,,,,,,,,,,,,,,,,,,,,,,,,,,,,,,,,,,,,,,,,,,,,,,,,,,,,,,,,,,,,,,0.4735534795000847,18,2026-W18,0.76,True
2026-04-29 14:01:34+00:00,2026-04-29 14:00,KXETHD-26APR2911-T2309.99,2026-04-29T15:00:00Z,2297.87,2309.99,0.5273,0.21,real,0.103408,1.0109,0.0008387,0.00076941,0.00085346,0.9015,0.01,0.00081048,1.0,-1.0,0.0,1.0,0.0,0.0992,2.0,0.0,0.1147,-1.0,5.728e-05,-1.0,0.0,0.0,1.0,1.0,-0.4777,False,False,1.0,0.0,23.1,17.96,True,0.0,neutral,0.0,0.0,0.121592,0.100951,trade,no,False,False,42.0,58.39,,0.57901,0.048652,24.33,500.0,1.0,3.0,0.6837,-0.1406,0.1005,-0.1406,False,,False,True,6.47,2026-04-29 14:01:34+00:00,,,,,,,,,,,,,,,,,,,,,,,,,,,,,,,,,,,,,,,,,,,,,,,,,,,,,,,,,,,,,,,,,,,,,,,,,,,,,,,,,,,,,,,,,,,,,,,,,,,,,,,,,,0.5272544362011752,18,2026-W18,0.79,False
2026-04-29 14:05:50+00:00,2026-04-29 14:00,KXETHD-26APR2911-T2289.99,2026-04-29T15:00:00Z,2295.4,2289.99,-0.2355,0.7,real,0.801282,-0.4804,0.00083452,0.00073779,0.0006112,1.2071,0.05,0.00072521,1.0,0.0,1.0,1.0,0.0,-0.0422,2.0,0.0,0.1146,-1.0,5.704e-05,-1.0,0.0,0.0,1.0,1.0,-0.5864,False,False,1.0,1.0,17.39,16.06,True,0.0,neutral,0.0,0.0,0.086282,0.056582,trade,yes,False,False,42.0,54.13,,0.287607,0.032824,16.41,500.0,1.0,5.0,0.7108,0.0017,-0.1078,-0.1078,False,,True,True,7.03,2026-04-29 14:05:50+00:00,,,,,,,,,,,,,,,,,,,,,,,,,,,,,,,,,,,,,,,,,,,,,,,,,,,,,,,,,,,,,,,,,,,,,,,,,,,,,,,,,,,,,,,,,,,,,,,,,,,,,,,,,,0.5272544362011752,18,2026-W18,0.7,True
2026-04-29 15:12:50+00:00,2026-04-29 15:00,KXETHD-26APR2912-T2289.99,2026-04-29T16:00:00Z,2284.15,2289.99,0.2556,0.32,real,0.261109,0.4248,0.00089166,0.00078772,0.0007953,0.9905,0.02,0.00081085,1.0,1.0,2.0,2.0,-1.0,-0.1217,2.0,0.0,0.5636,-1.0,6.375e-05,0.0,-1.0,1.0,2.0,2.0,-1.2453,False,False,1.0,1.0,0.0,17.15,False,-1.0,bearish,0.0,0.0,0.073891,0.045903,trade,no,False,False,41.0,47.11,,0.230909,0.05,25.0,500.0,1.0,11.0,0.56,-0.7357,-0.6792,-0.3846,True,,False,True,11.76,2026-04-29 15:12:50+00:00,,,,,,,,,,,,,,,,,,,,,,,,,,,,,,,,,,,,,,,,,,,,,,,,,,,,,,,,,,,,,,,,,,,,,,,,,,,,,,,,,,,,,,,,,,,,,,,,,,,,,,,,,,0.5409387575431248,18,2026-W18,0.6799999999999999,False
2026-04-29 15:52:51+00:00,2026-04-29 15:00,KXETHD-26APR2912-T2269.99,2026-04-29T16:00:00Z,2267.07,2269.99,0.1289,0.39,real,0.216013,0.2895,0.00077855,0.00074448,0.0017336,0.4294,0.05,0.00134881,1.0,1.0,2.0,1.0,0.0,-0.0716,2.0,0.0,0.1559,-1.0,6.992e-05,0.0,-1.0,1.0,2.0,2.0,-1.7631,False,False,1.0,1.0,5.31,6.3,False,-1.0,bearish,0.0,0.0,0.188987,0.162745,trade,no,False,False,39.0,7.08,,0.484582,0.05,25.0,500.0,-2.0,13.0,0.551,-0.7916,-0.2514,-0.1162,False,,True,False,-25.0,2026-04-29 15:52:51+00:00,,,,,,,,,,,,,,,,,,,,,,,,,,,,,,,,,,,,,,,,,,,,,,,,,,,,,,,,,,,,,,,,,,,,,,,,,,,,,,,,,,,,,,,,,,,,,,,,,,,,,,,,,,0.5409387575431248,18,2026-W18,0.61,False
2026-04-29 16:23:16+00:00,2026-04-29 16:00,KXETHD-26APR2913-T2269.99,2026-04-29T17:00:00Z,2274.44,2269.99,-0.1958,0.69,real,0.757746,-0.4741,0.00073532,0.00054692,0.00065249,0.8382,0.05,0.00063184,1.0,0.0,1.0,1.0,0.0,0.0794,2.0,0.0,0.768,-1.0,8.756e-05,-1.0,-1.0,1.0,2.0,2.0,-1.4092,False,False,1.0,0.0,20.33,20.52,False,-1.0,bearish,0.0,0.0,0.052746,0.022773,trade,yes,False,False,40.0,36.68,,0.17015,0.039251,19.63,500.0,-3.0,6.0,0.536,0.4141,-0.1475,-0.0637,False,,False,False,-19.63,2026-04-29 16:23:16+00:00,,,,,,,,,,,,,,,,,,,,,,,,,,,,,,,,,,,,,,,,,,,,,,,,,,,,,,,,,,,,,,,,,,,,,,,,,,,,,,,,,,,,,,,,,,,,,,,,,,,,,,,,,,0.5549954215315264,18,2026-W18,0.69,True
2026-04-29 17:14:56+00:00,2026-04-29 17:00,KXETHD-26APR2914-T2269.99,2026-04-29T18:00:00Z,2267.66,2269.99,0.1026,0.38,real,0.249257,0.3014,0.00056717,0.00051626,0.00050026,1.032,0.04,0.00055103,1.0,1.0,2.0,1.0,1.0,0.1017,2.0,0.0,0.6271,-1.0,9.064e-05,-1.0,0.0,0.0,1.0,1.0,-1.2753,False,False,1.0,1.0,12.86,9.38,True,-1.0,bearish,0.0,0.0,0.145743,0.118186,trade,no,False,False,40.0,45.01,,0.383534,0.05,25.0,500.0,-3.0,9.0,0.548,0.0657,-0.0643,0.0132,False,,True,False,-25.0,2026-04-29 17:14:56+00:00,,,,,,,,,,,,,,,,,,,,,,,,,,,,,,,,,,,,,,,,,,,,,,,,,,,,,,,,,,,,,,,,,,,,,,,,,,,,,,,,,,,,,,,,,,,,,,,,,,,,,,,,,,0.4968486834578936,18,2026-W18,0.62,True
2026-04-29 18:02:39+00:00,2026-04-29 18:00,KXETHD-26APR2915-T2269.99,2026-04-29T19:00:00Z,2277.17,2269.99,-0.3154,0.69,real,0.746479,-0.5159,0.00079573,0.00097253,0.00084162,1.1555,0.04,0.00096297,0.0,0.0,1.0,1.0,1.0,0.191,2.0,0.0,0.5481,-1.0,8.405e-05,0.0,0.0,0.0,1.0,1.0,-0.6436,False,False,-1.0,0.0,36.97,34.18,False,0.0,bearish,0.0,0.0,0.041479,0.011506,trade,yes,False,False,41.0,57.29,,0.133803,0.05,25.0,500.0,-1.0,3.0,0.5205,0.1468,0.1112,0.2372,False,,False,False,-25.0,2026-04-29 18:02:39+00:00,,,,,,,,,,,,,,,,,,,,,,,,,,,,,,,,,,,,,,,,,,,,,,,,,,,,,,,,,,,,,,,,,,,,,,,,,,,,,,,,,,,,,,,,,,,,,,,,,,,,,,,,,,0.5308103251481632,18,2026-W18,0.69,True
2026-04-29 19:10:27+00:00,2026-04-29 19:00,KXETHD-26APR2916-T2229.99,2026-04-29T20:00:00Z,2226.22,2229.99,0.1693,0.37,real,0.335487,0.2009,0.00142747,0.00114571,0.00072438,1.5816,0.04,0.00103167,1.0,1.0,3.0,1.0,1.0,0.1491,2.0,0.0,0.7246,-1.0,6.126e-05,-1.0,-1.0,1.0,2.0,2.0,-1.2461,False,False,1.0,1.0,14.17,16.27,False,-1.0,bearish,0.0,0.0,0.049513,0.019269,trade,no,False,False,60.0,49.51,,0.13382,0.05,25.0,500.0,-6.0,10.0,0.548,-0.0556,-0.4459,-0.0806,False,,True,False,-25.0,2026-04-29 19:10:27+00:00,,,,,,,,,,,,,,,,,,,,,,,,,,,,,,,,,,,,,,,,,,,,,,,,,,,,,,,,,,,,,,,,,,,,,,,,,,,,,,,,,,,,,,,,,,,,,,,,,,,,,,,,,,0.555521267037013,18,2026-W18,0.63,False
2026-04-29 19:24:12+00:00,2026-04-29 19:00,KXETHD-26APR2917-T2249.99,2026-04-29T21:00:00Z,2233.16,2249.99,0.7536,0.14,real,0.053312,0.8152,0.00110461,0.0009273,0.00071023,1.3056,0.05,0.00087145,1.0,-1.0,0.0,2.0,-1.0,-0.1291,2.0,0.0,0.7272,-1.0,6.177e-05,-1.0,0.0,0.0,1.0,1.0,-1.0598,False,False,1.0,0.0,20.07,23.56,False,-1.0,bearish,0.0,0.0,0.101688,0.084108,trade,no,False,False,60.0,95.74,,0.72634,0.05,25.0,500.0,-6.0,8.0,0.548,0.0945,-0.135,0.0,False,,False,True,4.07,2026-04-29 19:24:12+00:00,,,,,,,,,,,,,,,,,,,,,,,,,,,,,,,,,,,,,,,,,,,,,,,,,,,,,,,,,,,,,,,,,,,,,,,,,,,,,,,,,,,,,,,,,,,,,,,,,,,,,,,,,,0.555521267037013,18,2026-W18,0.86,False
2026-04-29 21:04:00+00:00,2026-04-29 21:00,KXETHD-26APR2918-T2249.99,2026-04-29T22:00:00Z,2241.51,2249.99,0.3781,0.2,real,0.112549,0.7891,0.00065912,0.00055059,0.00059957,0.9183,0.18,0.0006951,0.0,-1.0,0.0,1.0,-1.0,-0.1232,2.0,0.0,0.5141,0.0,4.169e-05,0.0,0.0,0.0,1.0,1.0,-0.6874,False,False,0.0,0.0,29.3,33.51,False,-1.0,bearish,0.0,0.0,0.087451,0.06546,trade,no,False,False,39.0,55.95,,0.437257,0.05,25.0,500.0,-5.0,3.0,0.3571,0.0509,-0.2924,-0.1226,False,,True,False,-25.0,2026-04-29 21:04:00+00:00,,,,,,,,,,,,,,,,,,,,,,,,,,,,,,,,,,,,,,,,,,,,,,,,,,,,,,,,,,,,,,,,,,,,,,,,,,,,,,,,,,,,,,,,,,,,,,,,,,,,,,,,,,0.5209822648379192,18,2026-W18,0.8,False
2026-04-30 00:53:19+00:00,2026-04-30 00:00,KXETHD-26APR2921-T2269.99,2026-04-30T01:00:00Z,2273.18,2269.99,-0.1402,0.63,real,0.746479,-0.4724,0.0006555,0.00078216,0.00164111,0.4766,0.01,0.00115295,0.0,-1.0,0.0,1.0,0.0,0.0602,2.0,0.0,0.7177,0.0,2.237e-05,0.0,0.0,0.0,0.0,0.0,,False,False,-1.0,-1.0,97.24,80.41,False,0.0,bearish,0.0,0.0,0.116479,0.085162,trade,yes,False,False,39.0,6.63,,0.314808,0.05,25.0,500.0,-1.0,-6.0,0.47,0.9066,0.3253,-0.033,True,,True,True,14.68,2026-04-30 00:53:19+00:00,,,,,,,,,,,,,,,,,,,,,,,,,,,,,,,,,,,,,,,,,,,,,,,,,,,,,,,,,,,,,,,,,,,,,,,,,,,,,,,,,,,,,,,,,,,,,,,,,,,,,,,,,,0.5024310588484896,18,2026-W18,0.63,True
2026-04-30 01:08:13+00:00,2026-04-30 01:00,KXETHD-26APR2922-T2269.99,2026-04-30T02:00:00Z,2267.61,2269.99,0.1051,0.45,real,0.376779,0.1522,0.0007764,0.00081097,0.00116256,0.6976,0.04,0.00126293,0.0,-1.0,0.0,2.0,-1.0,-0.2396,2.0,-1.0,0.8986,0.0,1.504e-05,1.0,0.0,0.0,0.0,0.0,0.0763,False,False,-1.0,-1.0,72.01,83.94,True,0.0,bearish,0.0,0.0,0.073221,0.041784,trade,no,False,False,40.0,51.72,,0.162713,0.05,25.0,500.0,-1.0,-2.0,0.3182,0.1386,-0.1729,-0.3163,False,,False,True,20.45,2026-04-30 01:08:13+00:00,,,,,,,,,,,,,,,,,,,,,,,,,,,,,,,,,,,,,,,,,,,,,,,,,,,,,,,,,,,,,,,,,,,,,,,,,,,,,,,,,,,,,,,,,,,,,,,,,,,,,,,,,,0.5170959969876233,18,2026-W18,0.55,False
2026-04-30 02:04:48+00:00,2026-04-30 02:00,KXETHD-26APR2923-T2269.99,2026-04-30T03:00:00Z,2270.48,2269.99,-0.0217,0.56,real,0.626794,-0.0528,0.00065072,0.0007297,0.000194,3.7614,0.12,0.0007297,0.0,-1.0,0.0,1.0,-1.0,-0.2188,2.0,0.0,0.7452,0.0,1.454e-05,0.0,0.0,0.0,0.0,0.0,0.1322,False,False,0.0,0.0,76.47,76.62,True,0.0,bearish,0.0,0.0,0.066794,0.034546,trade,yes,False,False,40.0,55.14,,0.151805,0.049081,24.54,500.0,-1.0,0.0,0.4591,-0.1574,-0.0541,0.1384,False,,False,False,-24.54,2026-04-30 02:04:48+00:00,,,,,,,,,,,,,,,,,,,,,,,,,,,,,,,,,,,,,,,,,,,,,,,,,,,,,,,,,,,,,,,,,,,,,,,,,,,,,,,,,,,,,,,,,,,,,,,,,,,,,,,,,,0.5570787057080265,18,2026-W18,0.56,True
2026-04-30 04:04:19+00:00,2026-04-30 04:00,KXETHD-26APR3001-T2259.99,2026-04-30T05:00:00Z,2250.95,2259.99,0.4016,0.27,real,0.051202,0.9877,0.00040575,0.00048014,0.00087683,0.5476,0.01,0.00064764,-1.0,-1.0,0.0,0.0,0.0,-0.0003,2.0,0.0,0.5177,0.0,1.415e-05,0.0,0.0,0.0,0.0,0.0,-0.3428,False,False,0.0,0.0,40.1,43.22,False,-1.0,bearish,0.0,0.0,0.218798,0.200397,trade,no,False,False,36.0,55.62,,0.810363,0.044462,22.23,500.0,0.0,0.0,0.5125,0.1943,-0.1427,-0.1427,False,,False,True,8.22,2026-04-30 04:04:19+00:00,,,,,,,,,,,,,,,,,,,,,,,,,,,,,,,,,,,,,,,,,,,,,,,,,,,,,,,,,,,,,,,,,,,,,,,,,,,,,,,,,,,,,,,,,,,,,,,,,,,,,,,,,,0.5553427448310799,18,2026-W18,0.73,False
2026-04-30 04:42:57+00:00,2026-04-30 04:00,KXETHD-26APR3001-T2239.99,2026-04-30T05:00:00Z,2236.37,2239.99,0.1618,0.4,real,0.356306,0.3434,0.00069325,0.00081587,0.00154781,0.5271,0.01,0.00114191,-1.0,1.0,2.0,0.0,0.0,0.0769,2.0,0.0,0.541,0.0,1.249e-05,0.0,-1.0,1.0,2.0,2.0,-1.0118,False,False,1.0,1.0,3.06,20.8,False,-1.0,bearish,0.0,0.0,0.043694,0.012639,trade,no,False,False,35.0,17.0,,0.109234,0.05,25.0,500.0,-4.0,7.0,0.542,-0.5382,-0.2349,0.0152,False,,False,True,16.67,2026-04-30 04:42:57+00:00,,,,,,,,,,,,,,,,,,,,,,,,,,,,,,,,,,,,,,,,,,,,,,,,,,,,,,,,,,,,,,,,,,,,,,,,,,,,,,,,,,,,,,,,,,,,,,,,,,,,,,,,,,0.5553427448310799,18,2026-W18,0.6,False
2026-04-30 09:06:11+00:00,2026-04-30 09:00,KXETHD-26APR3006-T2259.99,2026-04-30T10:00:00Z,2257.52,2259.99,0.1094,0.34,real,0.175764,0.3921,0.00035513,0.00039691,0.00036139,1.0983,0.14,0.00050018,0.0,-1.0,0.0,2.0,-1.0,-0.1669,2.0,0.0,0.6627,0.0,-4.01e-05,0.0,0.0,0.0,0.0,0.0,0.1009,False,False,0.0,-1.0,82.83,86.27,True,1.0,bearish,0.0,0.0,0.164236,0.139095,trade,no,False,False,36.0,53.76,,0.483047,0.046893,23.45,500.0,0.0,-2.0,0.4797,0.054,-0.0199,0.0656,False,,True,False,-23.45,2026-04-30 09:06:11+00:00,,,,,,,,,,,,,,,,,,,,,,,,,,,,,,,,,,,,,,,,,,,,,,,,,,,,,,,,,,,,,,,,,,,,,,,,,,,,,,,,,,,,,,,,,,,,,,,,,,,,,,,,,,0.5024310588484896,18,2026-W18,0.6599999999999999,False
2026-04-30 10:17:28+00:00,2026-04-30 10:00,KXETHD-26APR3007-T2259.99,2026-04-30T11:00:00Z,2260.64,2259.99,-0.0287,0.56,real,0.598361,-0.1629,0.00044033,0.00035574,0.00029169,1.2196,0.14,0.00035574,0.0,0.0,1.0,0.0,0.0,-0.0806,2.0,0.0,0.6417,1.0,-5.173e-05,0.0,0.0,0.0,0.0,0.0,0.186,False,False,0.0,0.0,63.03,66.78,False,1.0,bearish,0.0,0.0,0.053361,0.021113,trade,yes,False,False,37.0,42.48,,0.121274,0.020759,10.38,500.0,0.0,0.0,0.5125,-0.1219,-0.1568,-0.144,False,,True,True,8.16,2026-04-30 10:17:28+00:00,,,,,,,,,,,,,,,,,,,,,,,,,,,,,,,,,,,,,,,,,,,,,,,,,,,,,,,,,,,,,,,,,,,,,,,,,,,,,,,,,,,,,,,,,,,,,,,,,,,,,,,,,,0.5051829913627152,18,2026-W18,0.56,True
2026-04-30 11:42:33+00:00,2026-04-30 11:00,KXETHD-26APR3008-T2259.99,2026-04-30T12:00:00Z,2257.36,2259.99,0.1165,0.44,real,0.194313,0.3488,0.00047661,0.0004808,0.00184942,0.26,0.02,0.00117722,0.0,0.0,1.0,0.0,0.0,-0.0251,2.0,0.0,0.4468,0.0,-4.935e-05,0.0,0.0,0.0,0.0,0.0,0.0783,False,False,1.0,1.0,15.32,59.48,True,0.0,bearish,0.0,0.0,0.245687,0.219728,trade,no,False,False,37.0,17.39,,0.558379,0.05,25.0,500.0,0.0,1.0,0.5245,-0.6032,-0.3626,-0.3058,False,,False,True,19.64,2026-04-30 11:42:33+00:00,,,,,,,,,,,,,,,,,,,,,,,,,,,,,,,,,,,,,,,,,,,,,,,,,,,,,,,,,,,,,,,,,,,,,,,,,,,,,,,,,,,,,,,,,,,,,,,,,,,,,,,,,,0.5070507930549093,18,2026-W18,0.56,False
2026-04-30 14:00:02+00:00,2026-04-30 14:00,KXETHD-26APR3011-T2279.99,2026-04-30T15:00:00Z,2262.75,2279.99,0.762,0.13,real,0.017506,1.2925,0.00072755,0.00088778,0.00087085,1.0194,0.03,0.00090348,0.0,-1.0,0.0,0.0,0.0,-0.0776,2.0,0.0,0.6055,0.0,-2.722e-05,0.0,0.0,0.0,0.0,0.0,0.2087,False,False,1.0,0.0,43.06,61.43,True,0.0,bearish,0.0,0.0,0.1,0.082963,trade,no,False,False,37.0,59.88,,0.769231,0.044996,22.5,500.0,0.0,0.0,0.5125,0.19,-0.4665,-0.1153,False,,False,True,3.36,2026-04-30 14:00:02+00:00,,,,,,,,,,,,,,,,,,,,,,,,,,,,,,,,,,,,,,,,,,,,,,,,,,,,,,,,,,,,,,,,,,,,,,,,,,,,,,,,,,,,,,,,,,,,,,,,,,,,,,,,,,0.5015802187139069,18,2026-W18,0.87,False
2026-04-30 14:30:54+00:00,2026-04-30 14:00,KXETHD-26APR3011-T2259.99,2026-04-30T15:00:00Z,2256.0,2259.99,0.177,0.39,real,0.27603,0.303,0.00105651,0.00123929,0.00117494,1.0548,0.03,0.00128957,0.0,-1.0,0.0,0.0,0.0,-0.0949,2.0,-1.0,1.0,0.0,-2.709e-05,0.0,0.0,0.0,0.0,0.0,0.1664,False,False,1.0,0.0,45.42,40.4,False,0.0,bearish,0.0,0.0,0.11397,0.084981,trade,no,False,False,37.0,29.05,,0.292231,0.022512,11.26,500.0,0.0,0.0,0.5125,-0.242,0.2312,0.0,False,,True,False,-11.26,2026-04-30 14:30:54+00:00,,,,,,,,,,,,,,,,,,,,,,,,,,,,,,,,,,,,,,,,,,,,,,,,,,,,,,,,,,,,,,,,,,,,,,,,,,,,,,,,,,,,,,,,,,,,,,,,,,,,,,,,,,0.5015802187139069,18,2026-W18,0.61,False
2026-04-30 15:03:56+00:00,2026-04-30 15:00,KXETHD-26APR3012-T2259.99,2026-04-30T16:00:00Z,2261.32,2259.99,-0.0589,0.53,real,0.582609,-0.0701,0.00113552,0.0008334,0.0010464,0.7964,0.03,0.00133774,0.0,-1.0,0.0,0.0,0.0,0.0106,2.0,0.0,0.6005,0.0,-2.069e-05,1.0,0.0,0.0,-1.0,-1.0,0.473,False,False,-1.0,0.0,72.27,56.85,False,1.0,bearish,0.0,0.0,0.052609,0.020172,trade,yes,False,False,37.0,56.01,,0.111933,0.042211,21.11,500.0,0.0,-2.0,0.4797,0.015,-0.1327,0.1061,False,,True,True,18.72,2026-04-30 15:03:56+00:00,,,,,,,,,,,,,,,,,,,,,,,,,,,,,,,,,,,,,,,,,,,,,,,,,,,,,,,,,,,,,,,,,,,,,,,,,,,,,,,,,,,,,,,,,,,,,,,,,,,,,,,,,,0.48216655122142277,18,2026-W18,0.53,False
2026-04-30 16:38:02+00:00,2026-04-30 16:00,KXETHD-26APR3013-T2259.99,2026-04-30T17:00:00Z,2260.87,2259.99,-0.0389,0.51,real,0.626794,-0.3165,0.00045181,0.00031242,0.00331277,0.0943,0.02,0.00031242,0.0,-1.0,0.0,0.0,0.0,-0.0731,2.0,1.0,0.8138,0.0,1.64e-05,0.0,0.0,0.0,0.0,0.0,0.2831,False,False,0.0,0.0,55.39,56.99,False,0.0,bearish,0.0,0.0,0.116794,0.084301,trade,yes,False,False,37.0,21.91,,0.238356,0.047734,28.64,600.0,0.0,0.0,0.5125,-0.1681,0.0903,0.0903,False,,False,False,-28.64,2026-04-30 16:38:02+00:00,,,,,,,,,,,,,,,,,,,,,,,,,,,,,,,,,,,,,,,,,,,,,,,,,,,,,,,,,,,,,,,,,,,,,,,,,,,,,,,,,,,,,,,,,,,,,,,,,,,,,,,,,,0.5221782713390246,18,2026-W18,0.51,True
2026-04-30 17:00:17+00:00,2026-04-30 17:00,KXETHD-26APR3014-T2259.99,2026-04-30T18:00:00Z,2255.97,2259.99,0.1781,0.35,real,0.15044,0.7502,0.0003365,0.00022837,0.00059775,0.3821,0.03,0.00040397,0.0,-1.0,0.0,1.0,-1.0,-0.183,2.0,-1.0,0.978,0.0,2.191e-05,-1.0,0.0,0.0,0.0,0.0,0.041,False,False,1.0,0.0,39.52,42.18,False,0.0,bearish,0.0,0.0,0.19956,0.175613,trade,no,False,False,37.0,59.68,,0.570171,0.05,30.0,600.0,0.0,0.0,0.5125,-0.1026,-0.1079,0.0,False,,False,True,16.15,2026-04-30 17:00:17+00:00,,,,,,,,,,,,,,,,,,,,,,,,,,,,,,,,,,,,,,,,,,,,,,,,,,,,,,,,,,,,,,,,,,,,,,,,,,,,,,,,,,,,,,,,,,,,,,,,,,,,,,,,,,0.515962589001683,18,2026-W18,0.65,False
2026-04-30 18:35:37+00:00,2026-04-30 18:00,KXETHD-26APR3015-T2259.99,2026-04-30T19:00:00Z,2255.66,2259.99,0.192,0.24,real,0.167351,0.9204,0.00046386,0.00044478,0.00055058,0.8078,0.03,0.00050297,0.0,0.0,1.0,1.0,-1.0,-0.118,2.0,0.0,0.5074,0.0,4.349e-05,0.0,0.0,0.0,0.0,0.0,-0.0607,False,False,1.0,1.0,11.68,15.42,False,0.0,bearish,0.0,0.0,0.072649,0.047895,trade,no,False,False,36.0,24.33,,0.302705,0.05,30.0,600.0,0.0,1.0,0.5245,-0.2556,-0.2061,-0.0669,False,,False,True,9.47,2026-04-30 18:35:37+00:00,,,,,,,,,,,,,,,,,,,,,,,,,,,,,,,,,,,,,,,,,,,,,,,,,,,,,,,,,,,,,,,,,,,,,,,,,,,,,,,,,,,,,,,,,,,,,,,,,,,,,,,,,,0.5033880416396219,18,2026-W18,0.76,False
2026-04-30 19:11:35+00:00,2026-04-30 19:00,KXETHD-26APR3017-T2259.99,2026-04-30T21:00:00Z,2263.42,2259.99,-0.1516,0.66,real,0.754941,-0.4097,0.00051516,0.00044455,0.00035333,1.2582,0.03,0.00042349,0.0,-1.0,0.0,1.0,-1.0,-0.2057,2.0,0.0,0.3085,0.0,4.251e-05,0.0,0.0,0.0,-1.0,-1.0,0.2102,False,False,-1.0,0.0,69.75,48.72,False,0.0,bearish,0.0,0.0,0.094941,0.064233,trade,yes,False,False,57.0,108.37,,0.279237,0.05,30.0,600.0,0.0,0.0,0.5125,0.3019,0.0725,0.0433,False,,True,True,15.45,2026-04-30 19:11:35+00:00,,,,,,,,,,,,,,,,,,,,,,,,,,,,,,,,,,,,,,,,,,,,,,,,,,,,,,,,,,,,,,,,,,,,,,,,,,,,,,,,,,,,,,,,,,,,,,,,,,,,,,,,,,0.5067115334846772,18,2026-W18,0.66,True
2026-04-30 19:12:39+00:00,2026-04-30 19:00,KXETHD-26APR3016-T2259.99,2026-04-30T20:00:00Z,2263.08,2259.99,-0.1365,0.68,real,0.746479,-0.5089,0.00051951,0.00045348,0.00042481,1.0675,0.04,0.00046476,0.0,-1.0,0.0,2.0,-1.0,-0.117,2.0,0.0,0.3084,0.0,4.247e-05,0.0,0.0,0.0,-1.0,-1.0,0.2797,False,False,-1.0,-1.0,81.57,52.66,False,0.0,bearish,0.0,0.0,0.066479,0.036247,trade,yes,False,False,57.0,47.29,,0.207746,0.05,30.0,600.0,0.0,-1.0,0.4842,0.2888,0.1167,0.1127,False,,True,True,14.12,2026-04-30 19:12:39+00:00,,,,,,,,,,,,,,,,,,,,,,,,,,,,,,,,,,,,,,,,,,,,,,,,,,,,,,,,,,,,,,,,,,,,,,,,,,,,,,,,,,,,,,,,,,,,,,,,,,,,,,,,,,0.5067115334846772,18,2026-W18,0.68,True
2026-04-30 21:29:03+00:00,2026-04-30 21:00,KXETHD-26APR3018-T2259.99,2026-04-30T22:00:00Z,2257.7,2259.99,0.1013,0.38,real,0.22484,0.4699,0.00038856,0.00043458,0.00059602,0.7291,0.01,0.00050984,0.0,-1.0,0.0,1.0,-1.0,-0.1229,2.0,0.0,0.3343,0.0,1.807e-05,0.0,0.0,0.0,0.0,0.0,0.0575,False,False,1.0,0.0,38.06,67.61,True,0.0,bearish,0.0,0.0,0.15516,0.12796,trade,no,False,False,36.0,30.9,,0.408317,0.05,30.0,600.0,0.0,0.0,0.5125,-0.2555,-0.1727,0.0549,False,,False,True,18.39,2026-04-30 21:29:03+00:00,,,,,,,,,,,,,,,,,,,,,,,,,,,,,,,,,,,,,,,,,,,,,,,,,,,,,,,,,,,,,,,,,,,,,,,,,,,,,,,,,,,,,,,,,,,,,,,,,,,,,,,,,,0.5240360822711935,18,2026-W18,0.62,False
2026-04-30 22:03:21+00:00,2026-04-30 22:00,KXETHD-26APR3019-T2259.99,2026-04-30T23:00:00Z,2256.79,2259.99,0.1417,0.21,real,0.166803,0.8804,0.00038204,0.00031411,0.00023345,1.3455,0.13,0.00031444,0.0,-1.0,0.0,0.0,0.0,0.058,2.0,0.0,0.6335,0.0,1.986e-05,0.0,0.0,0.0,0.0,0.0,-0.0247,False,False,1.0,0.0,25.74,25.76,False,-1.0,bearish,0.0,0.0,0.043197,0.018468,trade,no,False,False,36.0,56.6,,0.205698,0.05,30.0,600.0,0.0,0.0,0.5125,-0.0208,0.1157,0.0718,False,,False,True,7.97,2026-04-30 22:03:21+00:00,,,,,,,,,,,,,,,,,,,,,,,,,,,,,,,,,,,,,,,,,,,,,,,,,,,,,,,,,,,,,,,,,,,,,,,,,,,,,,,,,,,,,,,,,,,,,,,,,,,,,,,,,,0.5315105825785403,18,2026-W18,0.79,False
2026-04-30 23:06:34+00:00,2026-04-30 23:00,KXETHD-26APR3020-T2259.99,2026-05-01T00:00:00Z,2255.79,2259.99,0.1861,0.24,real,0.13562,1.0594,0.0003526,0.0003429,0.00036023,0.9519,0.01,0.00035317,0.0,0.0,1.0,0.0,0.0,0.0036,2.0,0.0,0.5795,0.0,1.894e-05,0.0,0.0,0.0,0.0,0.0,-0.0712,False,False,0.0,1.0,29.15,13.75,True,-1.0,bearish,0.0,0.0,0.10438,0.081174,trade,no,False,False,36.0,53.39,,0.434918,0.05,30.0,600.0,0.0,0.0,0.5125,0.0607,0.1033,0.1127,False,,False,True,9.47,2026-04-30 23:06:34+00:00,,,,,,,,,,,,,,,,,,,,,,,,,,,,,,,,,,,,,,,,,,,,,,,,,,,,,,,,,,,,,,,,,,,,,,,,,,,,,,,,,,,,,,,,,,,,,,,,,,,,,,,,,,0.5036575863233931,18,2026-W18,0.76,False
2026-05-01 00:04:04+00:00,2026-05-01 00:00,KXETHD-26APR3021-T2259.99,2026-05-01T01:00:00Z,2261.61,2259.99,-0.0715,0.43,real,0.626794,-0.436,0.00034796,0.00036581,,,0.01,0.00036581,0.0,-1.0,0.0,2.0,-1.0,-0.1556,2.0,0.0,0.6842,-1.0,5.643e-05,0.0,0.0,0.0,0.0,0.0,,False,False,-1.0,0.0,78.0,53.56,False,0.0,bearish,0.0,0.0,0.181794,0.149637,trade,yes,False,False,37.0,55.89,,0.318937,0.05,30.0,600.0,0.0,0.0,0.5125,0.2143,0.1722,0.1722,False,,False,False,-30.0,2026-05-01 00:04:04+00:00,,,,,,,,,,,,,,,,,,,,,,,,,,,,,,,,,,,,,,,,,,,,,,,,,,,,,,,,,,,,,,,,,,,,,,,,,,,,,,,,,,,,,,,,,,,,,,,,,,,,,,,,,,0.5109709238532985,18,2026-W18,0.43,True
2026-05-01 01:03:36+00:00,2026-05-01 01:00,KXETHD-26APR3022-T2259.99,2026-05-01T02:00:00Z,2260.31,2259.99,-0.014,0.55,real,0.626794,-0.0801,0.00037756,0.0003877,0.00014834,2.6135,0.14,0.0003877,0.0,-1.0,0.0,1.0,-1.0,-0.1516,2.0,0.0,0.6721,0.0,1.548e-05,0.0,0.0,0.0,0.0,0.0,-0.0608,False,False,0.0,0.0,55.28,61.42,True,0.0,bearish,0.0,0.0,0.076794,0.044469,trade,yes,False,False,37.0,56.35,,0.170654,0.05,30.0,600.0,0.0,0.0,0.5125,-0.1233,-0.0385,-0.0385,False,,True,True,24.55,2026-05-01 01:03:36+00:00,,,,,,,,,,,,,,,,,,,,,,,,,,,,,,,,,,,,,,,,,,,,,,,,,,,,,,,,,,,,,,,,,,,,,,,,,,,,,,,,,,,,,,,,,,,,,,,,,,,,,,,,,,0.4779087956583345,18,2026-W18,0.55,False
2026-05-01 03:21:54+00:00,2026-05-01 03:00,KXETHD-26MAY0100-T2299.99,2026-05-01T04:00:00Z,2287.71,2299.99,0.5369,0.17,real,0.046693,0.8871,0.00067116,0.00101168,0.00090968,1.1121,0.01,0.0009785,0.0,0.0,1.0,2.0,1.0,0.155,2.0,-1.0,0.9254,0.0,-5.9e-06,0.0,1.0,-1.0,-2.0,-2.0,0.7729,False,False,-1.0,-1.0,88.52,87.63,False,1.0,bearish,0.0,0.0,0.123307,0.105191,trade,no,False,False,38.0,38.06,,0.725333,0.05,30.0,600.0,1.0,-11.0,0.464,0.946,0.8268,0.8579,True,,False,True,6.14,2026-05-01 03:21:54+00:00,,,,,,,,,,,,,,,,,,,,,,,,,,,,,,,,,,,,,,,,,,,,,,,,,,,,,,,,,,,,,,,,,,,,,,,,,,,,,,,,,,,,,,,,,,,,,,,,,,,,,,,,,,0.47374542491285376,18,2026-W18,0.83,True
2026-05-01 04:07:42+00:00,2026-05-01 04:00,KXETHD-26MAY0101-T2289.99,2026-05-01T05:00:00Z,2282.76,2289.99,0.3167,0.22,real,0.079038,1.0451,0.00084807,0.00048549,0.00056643,0.8571,0.06,0.00055069,0.0,-1.0,0.0,2.0,-1.0,-0.118,2.0,-1.0,0.8106,0.0,-7.31e-06,1.0,1.0,-1.0,-2.0,-2.0,0.4607,False,False,-1.0,0.0,68.57,72.32,False,1.0,bearish,0.0,0.0,0.140962,0.120867,trade,no,False,False,42.0,52.25,,0.640736,0.05,30.0,600.0,1.0,-2.0,0.567,-0.2159,-0.1203,-0.0648,False,,False,True,8.46,2026-05-01 04:07:42+00:00,,,,,,,,,,,,,,,,,,,,,,,,,,,,,,,,,,,,,,,,,,,,,,,,,,,,,,,,,,,,,,,,,,,,,,,,,,,,,,,,,,,,,,,,,,,,,,,,,,,,,,,,,,0.49017691607781466,18,2026-W18,0.78,True
2026-05-01 05:06:21+00:00,2026-05-01 05:00,KXETHD-26MAY0102-T2289.99,2026-05-01T06:00:00Z,2283.75,2289.99,0.2732,0.13,real,0.029243,1.0593,0.0003796,0.00046314,0.00033081,1.4,0.03,0.00041874,0.0,0.0,1.0,1.0,1.0,0.163,2.0,0.0,0.6481,0.0,1.24e-06,0.0,1.0,-1.0,-2.0,-2.0,0.5184,False,False,-1.0,0.0,72.12,59.87,False,1.0,bearish,0.0,0.0,0.1,0.082963,trade,no,False,False,40.0,53.6,,0.769231,0.05,30.0,600.0,1.0,-5.0,0.4406,0.2685,0.2685,0.2654,False,,False,True,4.48,2026-05-01 05:06:21+00:00,,,,,,,,,,,,,,,,,,,,,,,,,,,,,,,,,,,,,,,,,,,,,,,,,,,,,,,,,,,,,,,,,,,,,,,,,,,,,,,,,,,,,,,,,,,,,,,,,,,,,,,,,,0.47641989283393,18,2026-W18,0.87,True
2026-05-01 06:08:18+00:00,2026-05-01 06:00,KXETHD-26MAY0103-T2289.99,2026-05-01T07:00:00Z,2283.45,2289.99,0.2862,0.14,real,0.01,1.8367,0.00023238,0.00018556,0.00036886,0.5031,0.08,0.00028547,1.0,-1.0,0.0,1.0,0.0,-0.0663,2.0,0.0,0.562,0.0,5.6e-07,0.0,1.0,-1.0,-2.0,-2.0,0.4799,False,False,0.0,0.0,69.55,68.28,False,1.0,bearish,0.0,0.0,0.11,0.092963,trade,no,False,False,40.0,51.43,,0.785714,0.05,30.0,600.0,1.0,-2.0,0.567,0.1143,0.0127,0.049,False,,False,True,4.88,2026-05-01 06:08:18+00:00,,,,,,,,,,,,,,,,,,,,,,,,,,,,,,,,,,,,,,,,,,,,,,,,,,,,,,,,,,,,,,,,,,,,,,,,,,,,,,,,,,,,,,,,,,,,,,,,,,,,,,,,,,0.49017691607781466,18,2026-W18,0.86,True
2026-05-01 08:12:00+00:00,2026-05-01 08:00,KXETHD-26MAY0105-T2289.99,2026-05-01T09:00:00Z,2281.67,2289.99,0.3646,0.17,real,0.015385,1.6717,0.0003005,0.00021526,0.00055086,0.3908,0.12,0.00041371,1.0,-1.0,0.0,1.0,-1.0,-0.1549,2.0,0.0,0.7659,0.0,4.708e-05,0.0,0.0,0.0,-1.0,-1.0,0.2379,False,False,0.0,0.0,49.9,43.73,False,1.0,bearish,0.0,0.0,0.14,0.122963,trade,no,False,False,40.0,47.95,,0.823529,0.05,30.0,600.0,1.0,0.0,0.5963,0.1454,-0.0338,0.0,False,,False,True,6.14,2026-05-01 08:12:00+00:00,,,,,,,,,,,,,,,,,,,,,,,,,,,,,,,,,,,,,,,,,,,,,,,,,,,,,,,,,,,,,,,,,,,,,,,,,,,,,,,,,,,,,,,,,,,,,,,,,,,,,,,,,,0.4758497357561369,18,2026-W18,0.83,True
2026-05-01 09:08:15+00:00,2026-05-01 09:00,KXETHD-26MAY0106-T2289.99,2026-05-01T10:00:00Z,2283.94,2289.99,0.2647,0.19,real,0.051642,1.0894,0.00042288,0.0004295,0.0004188,1.0256,0.05,0.00044405,1.0,-1.0,0.0,2.0,0.0,-0.0748,2.0,0.0,0.3057,0.0,1.93e-06,0.0,1.0,-1.0,-2.0,-2.0,0.4411,False,False,0.0,-1.0,80.31,81.36,False,1.0,bearish,0.0,0.0,0.138358,0.11993,trade,no,False,False,40.0,51.71,,0.7282,0.05,30.0,600.0,1.0,-2.0,0.567,0.0302,-0.0083,-0.0944,False,,False,True,7.04,2026-05-01 09:08:15+00:00,,,,,,,,,,,,,,,,,,,,,,,,,,,,,,,,,,,,,,,,,,,,,,,,,,,,,,,,,,,,,,,,,,,,,,,,,,,,,,,,,,,,,,,,,,,,,,,,,,,,,,,,,,0.48776511190246913,18,2026-W18,0.81,True
2026-05-01 11:21:10+00:00,2026-05-01 11:00,KXETHD-26MAY0108-T2289.99,2026-05-01T12:00:00Z,2286.58,2289.99,0.1493,0.18,real,0.075022,1.1424,0.0002344,0.00023792,0.0002617,0.9091,0.01,0.00024964,0.0,-1.0,0.0,2.0,0.0,0.0249,2.0,0.0,0.0419,0.0,-8.6e-06,0.0,1.0,-1.0,-2.0,-2.0,0.4944,False,False,-1.0,-1.0,85.12,68.08,False,1.0,neutral,0.0,0.0,0.104978,0.08512,trade,no,False,False,40.0,38.78,,0.583209,0.05,30.0,600.0,1.0,-5.0,0.4406,0.2539,0.1489,0.0674,False,,False,True,6.59,2026-05-01 11:21:10+00:00,,,,,,,,,,,,,,,,,,,,,,,,,,,,,,,,,,,,,,,,,,,,,,,,,,,,,,,,,,,,,,,,,,,,,,,,,,,,,,,,,,,,,,,,,,,,,,,,,,,,,,,,,,0.47403197660690394,18,2026-W18,0.8200000000000001,True
2026-05-01 12:01:33+00:00,2026-05-01 12:00,KXETHD-26MAY0109-T2289.99,2026-05-01T13:00:00Z,2285.91,2289.99,0.1783,0.28,real,0.102555,0.7953,0.00054445,0.00035442,0.00040001,0.886,0.03,0.00038573,1.0,-1.0,0.0,1.0,0.0,0.0492,2.0,1.0,0.8486,0.0,-1.393e-05,0.0,1.0,-1.0,-2.0,-2.0,0.4323,False,False,0.0,0.0,61.87,57.48,False,1.0,neutral,0.0,0.0,0.177445,0.156003,trade,no,False,False,40.0,58.39,,0.633734,0.05,30.0,600.0,0.0,-2.0,0.4797,0.0643,0.0954,0.0954,False,,True,False,-30.0,2026-05-01 12:01:33+00:00,,,,,,,,,,,,,,,,,,,,,,,,,,,,,,,,,,,,,,,,,,,,,,,,,,,,,,,,,,,,,,,,,,,,,,,,,,,,,,,,,,,,,,,,,,,,,,,,,,,,,,,,,,0.47254010823253856,18,2026-W18,0.72,True
2026-05-01 12:26:00+00:00,2026-05-01 12:00,KXETHD-26MAY0109-T2309.99,2026-05-01T13:00:00Z,2303.7,2309.99,0.2731,0.18,real,0.06706,0.6669,0.00061411,0.00062964,0.00051131,1.2314,0.05,0.00060502,1.0,-1.0,0.0,2.0,0.0,0.087,2.0,0.0,0.5426,0.0,-1.849e-05,0.0,1.0,-1.0,-2.0,-2.0,1.0863,False,False,-1.0,-1.0,99.34,76.89,False,1.0,neutral,0.0,0.0,0.11294,0.093561,trade,no,False,False,41.0,33.95,,0.627447,0.05,30.0,600.0,0.0,-12.0,0.461,0.8883,0.5283,0.227,False,,False,True,6.59,2026-05-01 12:26:00+00:00,,,,,,,,,,,,,,,,,,,,,,,,,,,,,,,,,,,,,,,,,,,,,,,,,,,,,,,,,,,,,,,,,,,,,,,,,,,,,,,,,,,,,,,,,,,,,,,,,,,,,,,,,,0.47254010823253856,18,2026-W18,0.8200000000000001,True
2026-05-01 13:00:01+00:00,2026-05-01 12:00,KXETHD-26MAY0110-T2309.99,2026-05-01T14:00:00Z,2301.41,2309.99,0.373,0.24,real,0.034976,0.8516,0.00053555,0.0003609,0.00068077,0.5301,0.05,0.0005228,1.0,-1.0,0.0,2.0,-1.0,-0.3184,2.0,0.0,0.7839,0.0,-1.614e-05,0.0,1.0,-1.0,-2.0,-2.0,0.8556,False,False,-1.0,0.0,73.44,75.76,False,1.0,neutral,0.0,0.0,0.205024,0.187661,trade,no,False,False,42.0,59.95,,0.854267,0.05,30.0,600.0,0.0,-7.0,0.467,-0.1245,-0.1032,-0.0898,False,,True,False,-30.0,2026-05-01 13:00:01+00:00,,,,,,,,,,,,,,,,,,,,,,,,,,,,,,,,,,,,,,,,,,,,,,,,,,,,,,,,,,,,,,,,,,,,,,,,,,,,,,,,,,,,,,,,,,,,,,,,,,,,,,,,,,0.47660191613999875,18,2026-W18,0.76,True
2026-05-01 14:00:37+00:00,2026-05-01 14:00,KXETHD-26MAY0111-T2329.99,2026-05-01T15:00:00Z,2320.83,2329.99,0.3946,0.25,real,0.076119,0.4949,0.0008396,0.00102415,0.00075798,1.3512,0.05,0.0009566,1.0,-1.0,0.0,2.0,0.0,0.0188,2.0,0.0,0.4826,0.0,-2.276e-05,1.0,1.0,-1.0,-2.0,-2.0,1.5403,False,False,-1.0,-1.0,97.42,86.49,False,1.0,bullish,0.0,0.0,0.173881,0.153958,trade,no,False,False,43.0,59.33,,0.695525,0.05,30.0,600.0,3.0,-13.0,0.47,0.6143,0.3747,-0.0078,False,,False,True,10.0,2026-05-01 14:00:37+00:00,,,,,,,,,,,,,,,,,,,,,,,,,,,,,,,,,,,,,,,,,,,,,,,,,,,,,,,,,,,,,,,,,,,,,,,,,,,,,,,,,,,,,,,,,,,,,,,,,,,,,,,,,,0.516000499942086,18,2026-W18,0.75,False
2026-05-01 14:31:30+00:00,2026-05-01 14:00,KXETHD-26MAY0111-T2309.99,2026-05-01T15:00:00Z,2307.22,2309.99,0.1201,0.36,real,0.137457,0.3096,0.00088799,0.00069832,0.00062785,1.1122,0.05,0.00072689,1.0,-1.0,0.0,2.0,-1.0,-0.1107,2.0,0.0,0.7512,0.0,-2.805e-05,1.0,1.0,-1.0,-2.0,-2.0,0.7934,False,False,1.0,0.0,56.81,71.2,True,0.0,bullish,0.0,0.0,0.222543,0.199243,trade,no,False,False,42.0,28.45,,0.618174,0.05,30.0,600.0,0.0,-1.0,0.4842,-0.5954,-0.3782,-0.1415,True,,False,True,16.88,2026-05-01 14:31:30+00:00,,,,,,,,,,,,,,,,,,,,,,,,,,,,,,,,,,,,,,,,,,,,,,,,,,,,,,,,,,,,,,,,,,,,,,,,,,,,,,,,,,,,,,,,,,,,,,,,,,,,,,,,,,0.516000499942086,18,2026-W18,0.64,False
2026-05-01 15:01:18+00:00,2026-05-01 15:00,KXETHD-26MAY0112-T2309.99,2026-05-01T16:00:00Z,2307.09,2309.99,0.1256,0.35,real,0.11872,0.2507,0.00074599,0.0008419,0.0004256,1.9782,0.05,0.000711,1.0,-1.0,0.0,1.0,-1.0,-0.1691,2.0,0.0,0.0,0.0,-2.235e-05,-1.0,0.0,0.0,-1.0,-1.0,0.601,False,False,0.0,0.0,57.55,61.13,False,0.0,bullish,0.0,0.0,0.23128,0.208956,trade,no,False,False,42.0,58.63,,0.6608,0.05,30.0,600.0,0.0,-1.0,0.4842,0.013,0.0672,-0.1994,False,,False,True,16.15,2026-05-01 15:01:18+00:00,,,,,,,,,,,,,,,,,,,,,,,,,,,,,,,,,,,,,,,,,,,,,,,,,,,,,,,,,,,,,,,,,,,,,,,,,,,,,,,,,,,,,,,,,,,,,,,,,,,,,,,,,,0.5227032976016185,18,2026-W18,0.65,False
2026-05-01 16:14:05+00:00,2026-05-01 16:00,KXETHD-26MAY0113-T2309.99,2026-05-01T17:00:00Z,2306.26,2309.99,0.1616,0.33,real,0.116538,0.3495,0.00074517,0.00080834,0.00054184,1.4919,0.05,0.00074141,1.0,-1.0,0.0,0.0,0.0,-0.0444,2.0,0.0,0.2766,0.0,-2.704e-05,-1.0,0.0,0.0,-1.0,-1.0,0.5286,False,False,0.0,0.0,32.8,42.67,False,0.0,bullish,0.0,0.0,0.213462,0.191256,trade,no,False,False,42.0,45.87,,0.646856,0.05,30.0,600.0,0.0,-1.0,0.4842,-0.3032,-0.1933,-0.0377,False,,False,True,14.78,2026-05-01 16:14:05+00:00,,,,,,,,,,,,,,,,,,,,,,,,,,,,,,,,,,,,,,,,,,,,,,,,,,,,,,,,,,,,,,,,,,,,,,,,,,,,,,,,,,,,,,,,,,,,,,,,,,,,,,,,,,0.505281686817701,18,2026-W18,0.6699999999999999,False
2026-05-01 17:00:06+00:00,2026-05-01 17:00,KXETHD-26MAY0114-T2309.99,2026-05-01T18:00:00Z,2301.45,2309.99,0.371,0.15,real,0.046852,1.1425,0.00050811,0.00048986,0.00046183,1.0607,0.05,0.00049878,1.0,0.0,1.0,0.0,1.0,0.1242,2.0,1.0,0.8199,0.0,1.681e-05,-1.0,0.0,0.0,0.0,0.0,0.2205,False,False,0.0,0.0,25.59,20.56,True,0.0,bullish,0.0,0.0,0.103148,0.085022,trade,no,False,False,41.0,59.86,,0.687654,0.05,30.0,600.0,0.0,0.0,0.5125,0.0399,0.2601,-0.0004,False,,True,False,-30.0,2026-05-01 17:00:06+00:00,,,,,,,,,,,,,,,,,,,,,,,,,,,,,,,,,,,,,,,,,,,,,,,,,,,,,,,,,,,,,,,,,,,,,,,,,,,,,,,,,,,,,,,,,,,,,,,,,,,,,,,,,,0.4870065872123546,18,2026-W18,0.85,True
2026-05-01 18:17:41+00:00,2026-05-01 18:00,KXETHD-26MAY0115-T2309.99,2026-05-01T19:00:00Z,2307.5,2309.99,0.108,0.37,real,0.092785,0.4328,0.00041373,0.00029843,0.00050002,0.5968,0.04,0.00041668,1.0,-1.0,0.0,1.0,-1.0,-0.2103,2.0,0.0,0.4577,0.0,2.703e-05,0.0,0.0,0.0,0.0,0.0,0.2376,False,False,0.0,0.0,53.2,68.36,False,0.0,bullish,0.0,0.0,0.277215,0.256323,trade,no,False,False,41.0,42.29,,0.74923,0.05,30.0,600.0,0.0,0.0,0.5125,-0.1009,-0.1026,-0.0741,False,,False,True,17.62,2026-05-01 18:17:41+00:00,,,,,,,,,,,,,,,,,,,,,,,,,,,,,,,,,,,,,,,,,,,,,,,,,,,,,,,,,,,,,,,,,,,,,,,,,,,,,,,,,,,,,,,,,,,,,,,,,,,,,,,,,,0.5181131000508915,18,2026-W18,0.63,False
2026-05-01 19:00:57+00:00,2026-05-01 19:00,KXETHD-26MAY0116-T2309.99,2026-05-01T20:00:00Z,2303.97,2309.99,0.2612,0.21,real,0.011686,1.4228,0.00025126,0.00021702,0.00042117,0.5153,0.04,0.00031409,1.0,-1.0,0.0,0.0,0.0,-0.0684,2.0,0.0,0.4978,0.0,2.713e-05,0.0,0.0,0.0,0.0,0.0,0.095,False,False,1.0,0.0,34.57,34.64,False,0.0,bullish,0.0,0.0,0.18,0.162963,trade,no,False,False,68.0,59.0,,0.857143,0.05,30.0,600.0,0.0,0.0,0.5125,-0.2213,-0.0676,-0.0481,False,,False,True,7.97,2026-05-01 19:00:57+00:00,,,,,,,,,,,,,,,,,,,,,,,,,,,,,,,,,,,,,,,,,,,,,,,,,,,,,,,,,,,,,,,,,,,,,,,,,,,,,,,,,,,,,,,,,,,,,,,,,,,,,,,,,,0.47103171198812827,18,2026-W18,0.79,True
2026-05-01 20:21:14+00:00,2026-05-01 20:00,KXETHD-26MAY0117-T2299.99,2026-05-01T21:00:00Z,2300.03,2299.99,-0.0017,0.44,real,0.516854,-0.0135,0.00023656,0.00023826,,,0.03,0.00023826,1.0,0.0,1.0,0.0,0.0,-0.0288,2.0,0.0,0.7931,0.0,4.225e-05,1.0,0.0,0.0,0.0,0.0,-0.1083,False,False,1.0,1.0,12.71,33.86,False,0.0,bullish,0.0,0.0,0.076854,0.044606,trade,yes,False,False,26.0,38.72,,0.137239,0.05,30.0,600.0,0.0,2.0,0.5854,-0.1471,-0.1076,-0.1076,False,,False,False,-30.0,2026-05-01 20:21:14+00:00,,,,,,,,,,,,,,,,,,,,,,,,,,,,,,,,,,,,,,,,,,,,,,,,,,,,,,,,,,,,,,,,,,,,,,,,,,,,,,,,,,,,,,,,,,,,,,,,,,,,,,,,,,0.5428792894267085,18,2026-W18,0.44,True
2026-05-01 21:02:22+00:00,2026-05-01 21:00,KXETHD-26MAY0118-T2289.99,2026-05-01T22:00:00Z,2285.73,2289.99,0.1862,0.29,real,0.196923,0.3246,0.00067054,0.00096343,0.00044296,2.175,0.18,0.00089903,1.0,1.0,2.0,1.0,-1.0,-0.2388,2.0,-1.0,0.9513,0.0,4.696e-05,0.0,-1.0,1.0,2.0,2.0,-0.8204,False,False,1.0,1.0,11.79,10.97,True,0.0,neutral,0.0,0.0,0.093077,0.067007,trade,no,False,False,40.0,57.6,,0.320957,0.05,30.0,600.0,0.0,7.0,0.551,-0.7182,-0.0359,0.0,False,,True,False,-30.0,2026-05-01 21:02:22+00:00,,,,,,,,,,,,,,,,,,,,,,,,,,,,,,,,,,,,,,,,,,,,,,,,,,,,,,,,,,,,,,,,,,,,,,,,,,,,,,,,,,,,,,,,,,,,,,,,,,,,,,,,,,0.5264541208845389,18,2026-W18,0.71,False
2026-05-02 03:05:22+00:00,2026-05-02 03:00,KXETHD-26MAY0200-T2309.99,2026-05-02T04:00:00Z,2304.59,2309.99,0.2345,0.14,real,0.035717,1.3002,0.0003021,0.00038063,0.00029342,1.2972,0.05,0.00035854,0.0,-1.0,0.0,1.0,0.0,-0.0118,2.0,0.0,0.2698,0.0,3.3e-06,1.0,0.0,0.0,0.0,0.0,0.0458,False,False,-1.0,-1.0,81.04,85.32,True,0.0,bullish,0.0,0.0,0.104283,0.086873,trade,no,False,False,41.0,54.59,,0.744882,0.05,30.0,600.0,0.0,-2.0,0.4797,0.3151,0.0369,0.0612,False,,False,True,4.88,2026-05-02 03:05:22+00:00,,,,,,,,,,,,,,,,,,,,,,,,,,,,,,,,,,,,,,,,,,,,,,,,,,,,,,,,,,,,,,,,,,,,,,,,,,,,,,,,,,,,,,,,,,,,,,,,,,,,,,,,,,0.46902570752284795,18,2026-W18,0.86,True
2026-05-02 13:32:01+00:00,2026-05-02 13:00,KXETHD-26MAY0210-T2309.99,2026-05-02T14:00:00Z,2307.44,2309.99,0.1105,0.2,real,0.128829,1.0992,0.00021862,0.00022823,0.00024817,0.9197,0.06,0.00025002,0.0,-1.0,0.0,0.0,0.0,0.0224,2.0,0.0,0.3555,0.0,1.433e-05,0.0,0.0,0.0,-1.0,-1.0,0.1493,False,False,0.0,0.0,65.52,74.08,False,1.0,bullish,0.0,0.0,0.071171,0.048315,trade,no,False,False,41.0,27.94,,0.355854,0.05,30.0,600.0,0.0,-4.0,0.375,0.0919,-0.071,0.0,False,,False,True,7.5,2026-05-02 13:32:01+00:00,,,,,,,,,,,,,,,,,,,,,,,,,,,,,,,,,,,,,,,,,,,,,,,,,,,,,,,,,,,,,,,,,,,,,,,,,,,,,,,,,,,,,,,,,,,,,,,,,,,,,,,,,,0.458163430718723,18,2026-W18,0.8,True
2026-05-02 14:08:05+00:00,2026-05-02 14:00,KXETHD-26MAY0211-T2309.99,2026-05-02T15:00:00Z,2307.56,2309.99,0.1055,0.28,real,0.133629,1.346,0.00022022,0.00011075,0.00025112,0.441,0.05,0.00018123,0.0,-1.0,0.0,0.0,0.0,0.0403,2.0,0.0,0.2512,0.0,1.668e-05,0.0,0.0,0.0,-1.0,-1.0,0.1771,False,False,0.0,0.0,76.59,68.79,False,1.0,bullish,0.0,0.0,0.146371,0.123267,trade,no,False,False,41.0,51.87,,0.522754,0.05,30.0,600.0,0.0,-4.0,0.375,0.049,0.0169,0.0,False,,False,True,11.67,2026-05-02 14:08:05+00:00,,,,,,,,,,,,,,,,,,,,,,,,,,,,,,,,,,,,,,,,,,,,,,,,,,,,,,,,,,,,,,,,,,,,,,,,,,,,,,,,,,,,,,,,,,,,,,,,,,,,,,,,,,0.5029708250644392,18,2026-W18,0.72,False
2026-05-02 15:04:19+00:00,2026-05-02 15:00,KXETHD-26MAY0212-T2309.99,2026-05-02T16:00:00Z,2306.42,2309.99,0.1548,0.14,real,0.034165,1.2941,0.00016654,0.00019401,0.00019203,1.0103,0.1,0.00021093,0.0,-1.0,0.0,1.0,-1.0,-0.1744,2.0,-1.0,1.0,0.0,1.911e-05,0.0,0.0,0.0,0.0,0.0,0.0406,False,False,0.0,0.0,49.76,52.82,False,0.0,bullish,0.0,0.0,0.105835,0.088525,trade,no,False,False,42.0,55.62,,0.755962,0.05,30.0,600.0,0.0,0.0,0.5125,0.0113,-0.0641,-0.0433,False,,False,True,4.88,2026-05-02 15:04:19+00:00,,,,,,,,,,,,,,,,,,,,,,,,,,,,,,,,,,,,,,,,,,,,,,,,,,,,,,,,,,,,,,,,,,,,,,,,,,,,,,,,,,,,,,,,,,,,,,,,,,,,,,,,,,0.458163430718723,18,2026-W18,0.86,True
2026-05-02 16:10:54+00:00,2026-05-02 16:00,KXETHD-26MAY0213-T2309.99,2026-05-02T17:00:00Z,2311.53,2309.99,-0.0668,0.6,real,0.661538,-0.4119,0.00019123,0.00023127,0.00037649,0.6143,0.05,0.0003405,0.0,-1.0,0.0,1.0,0.0,0.0557,2.0,0.0,0.7817,0.0,3.688e-05,1.0,0.0,0.0,-1.0,-1.0,0.2188,False,False,-1.0,-1.0,88.34,76.84,False,1.0,bullish,0.0,0.0,0.061538,0.029738,trade,yes,False,False,41.0,49.06,,0.153846,0.05,30.0,600.0,3.0,-8.0,0.5143,0.1191,0.0485,0.0485,False,,False,False,-30.0,2026-05-02 16:10:54+00:00,,,,,,,,,,,,,,,,,,,,,,,,,,,,,,,,,,,,,,,,,,,,,,,,,,,,,,,,,,,,,,,,,,,,,,,,,,,,,,,,,,,,,,,,,,,,,,,,,,,,,,,,,,0.47523767004211176,18,2026-W18,0.6,False
2026-05-02 17:30:58+00:00,2026-05-02 17:00,KXETHD-26MAY0214-T2309.99,2026-05-02T18:00:00Z,2307.15,2309.99,0.123,0.14,real,0.0371,1.8736,0.00014079,0.00019171,0.00021143,0.9067,0.02,0.00020318,0.0,-1.0,0.0,0.0,0.0,-0.0957,2.0,0.0,0.002,0.0,-1.04e-06,0.0,0.0,0.0,0.0,0.0,0.078,False,False,0.0,0.0,27.01,35.84,False,0.0,bullish,0.0,0.0,0.1029,0.0854,trade,no,False,False,41.0,28.98,,0.735002,0.05,30.0,600.0,0.0,0.0,0.5125,-0.0771,-0.087,-0.087,False,,False,True,4.88,2026-05-02 17:30:58+00:00,,,,,,,,,,,,,,,,,,,,,,,,,,,,,,,,,,,,,,,,,,,,,,,,,,,,,,,,,,,,,,,,,,,,,,,,,,,,,,,,,,,,,,,,,,,,,,,,,,,,,,,,,,0.5127492715244865,18,2026-W18,0.86,False
2026-05-02 18:05:44+00:00,2026-05-02 18:00,KXETHD-26MAY0215-T2309.99,2026-05-02T19:00:00Z,2304.95,2309.99,0.2187,0.18,real,0.017302,2.0813,0.00015272,0.00017067,0.00032412,0.5266,0.02,0.00023758,0.0,0.0,1.0,0.0,0.0,0.0329,2.0,0.0,0.1046,0.0,5.12e-06,0.0,0.0,0.0,0.0,0.0,-0.0157,False,False,1.0,1.0,0.0,9.98,False,0.0,bullish,0.0,0.0,0.15,0.132963,trade,no,False,False,41.0,54.23,,0.833333,0.05,30.0,600.0,0.0,4.0,0.5496,-0.091,-0.0152,-0.0139,False,,False,True,6.59,2026-05-02 18:05:44+00:00,,,,,,,,,,,,,,,,,,,,,,,,,,,,,,,,,,,,,,,,,,,,,,,,,,,,,,,,,,,,,,,,,,,,,,,,,,,,,,,,,,,,,,,,,,,,,,,,,,,,,,,,,,0.4648213438256344,18,2026-W18,0.8200000000000001,True
2026-05-02 21:03:42+00:00,2026-05-02 21:00,KXETHD-26MAY0218-T2309.99,2026-05-02T22:00:00Z,2311.69,2309.99,-0.0737,0.55,real,0.626794,-0.8481,0.00016298,0.00019319,0.00078231,0.2469,0.1,0.00019319,1.0,-1.0,0.0,2.0,-1.0,-0.1492,2.0,-1.0,0.9071,0.0,6.99e-06,0.0,0.0,0.0,-1.0,-1.0,0.1738,False,False,0.0,-1.0,82.94,76.29,False,1.0,bullish,0.0,0.0,0.076794,0.044469,trade,yes,False,False,42.0,56.25,,0.170654,0.05,30.0,600.0,2.0,-4.0,0.5128,0.0784,0.0684,-0.0026,False,,True,True,24.55,2026-05-02 21:03:42+00:00,,,,,,,,,,,,,,,,,,,,,,,,,,,,,,,,,,,,,,,,,,,,,,,,,,,,,,,,,,,,,,,,,,,,,,,,,,,,,,,,,,,,,,,,,,,,,,,,,,,,,,,,,,0.47513527657646826,18,2026-W18,0.55,False
2026-05-02 21:51:07+00:00,2026-05-02 21:00,KXETHD-26MAY0218-T2329.99,2026-05-02T22:00:00Z,2326.0,2329.99,0.1717,0.28,real,0.23114,0.3408,0.00113949,0.00183796,0.00099069,1.8552,0.06,0.00156857,1.0,-1.0,0.0,0.0,0.0,-0.0481,2.0,-1.0,0.9105,0.0,1.041e-05,0.0,0.0,0.0,0.0,0.0,0.0997,False,False,-1.0,0.0,54.93,69.81,True,1.0,bullish,0.0,0.0,0.04886,0.02142,trade,no,False,False,42.0,8.83,,0.174501,0.05,30.0,600.0,3.0,-6.0,0.5143,0.6119,-0.1806,-0.1798,False,,False,True,11.67,2026-05-02 21:51:07+00:00,,,,,,,,,,,,,,,,,,,,,,,,,,,,,,,,,,,,,,,,,,,,,,,,,,,,,,,,,,,,,,,,,,,,,,,,,,,,,,,,,,,,,,,,,,,,,,,,,,,,,,,,,,0.47513527657646826,18,2026-W18,0.72,True
2026-05-02 22:03:47+00:00,2026-05-02 22:00,KXETHD-26MAY0219-T2329.99,2026-05-02T23:00:00Z,2323.66,2329.99,0.2724,0.2,real,0.161411,0.5805,0.00115353,0.00102045,0.00043115,2.3668,0.09,0.00082253,1.0,-1.0,0.0,0.0,0.0,0.014,2.0,0.0,0.5789,0.0,1.259e-05,1.0,0.0,0.0,0.0,0.0,0.0692,False,False,-1.0,0.0,51.67,57.35,False,1.0,bullish,0.0,0.0,0.038589,0.014114,trade,no,False,False,43.0,56.18,,0.192946,0.05,30.0,600.0,3.0,-4.0,0.5448,0.4947,-0.0816,-0.046,False,,False,True,7.5,2026-05-02 22:03:47+00:00,,,,,,,,,,,,,,,,,,,,,,,,,,,,,,,,,,,,,,,,,,,,,,,,,,,,,,,,,,,,,,,,,,,,,,,,,,,,,,,,,,,,,,,,,,,,,,,,,,,,,,,,,,0.47523767004211176,18,2026-W18,0.8,True
2026-05-03 01:18:36+00:00,2026-05-03 01:00,KXETHD-26MAY0222-T2309.99,2026-05-03T02:00:00Z,2307.18,2309.99,0.1218,0.46,real,0.170181,0.1996,0.00035188,0.00028182,0.00188536,0.1495,0.01,0.00103131,1.0,0.0,1.0,1.0,0.0,0.0605,2.0,0.0,0.049,-1.0,7.535e-05,0.0,0.0,0.0,1.0,1.0,-0.2429,False,False,1.0,1.0,10.79,10.19,True,0.0,neutral,0.0,0.0,0.304819,0.280642,trade,no,False,False,42.0,41.36,,0.662649,0.05,30.0,600.0,0.0,6.0,0.6447,-0.1945,0.0979,0.0,False,,False,True,25.56,2026-05-03 01:18:36+00:00,,,,,,,,,,,,,,,,,,,,,,,,,,,,,,,,,,,,,,,,,,,,,,,,,,,,,,,,,,,,,,,,,,,,,,,,,,,,,,,,,,,,,,,,,,,,,,,,,,,,,,,,,,0.5785644271578226,18,2026-W18,0.54,False
2026-05-03 02:07:35+00:00,2026-05-03 02:00,KXETHD-26MAY0223-T2309.99,2026-05-03T03:00:00Z,2305.46,2309.99,0.1967,0.2,real,0.080679,1.1145,0.00034503,0.00022112,0.00032257,0.6855,0.09,0.00028998,1.0,0.0,1.0,1.0,0.0,0.0186,2.0,0.0,0.0266,-1.0,7.974e-05,0.0,0.0,0.0,1.0,1.0,-0.2339,False,False,1.0,1.0,9.53,4.27,True,0.0,neutral,0.0,0.0,0.134321,0.115026,trade,no,False,False,43.0,52.37,,0.671606,0.05,30.0,600.0,0.0,9.0,0.6447,0.0343,0.049,0.0338,False,,False,True,7.5,2026-05-03 02:07:35+00:00,,,,,,,,,,,,,,,,,,,,,,,,,,,,,,,,,,,,,,,,,,,,,,,,,,,,,,,,,,,,,,,,,,,,,,,,,,,,,,,,,,,,,,,,,,,,,,,,,,,,,,,,,,0.5554029991812722,18,2026-W18,0.8,False
2026-05-03 04:01:20+00:00,2026-05-03 04:00,KXETHD-26MAY0301-T2299.99,2026-05-03T05:00:00Z,2301.73,2299.99,-0.0754,0.74,real,0.801282,-0.5869,0.00021917,0.00021361,0.00015322,1.3942,0.22,0.00024698,1.0,1.0,2.0,1.0,1.0,0.1893,2.0,-1.0,0.9861,-1.0,7.599e-05,-1.0,0.0,0.0,1.0,1.0,-0.1904,False,False,0.0,1.0,18.38,9.8,True,-1.0,neutral,0.0,0.0,0.046282,0.017814,trade,yes,False,False,40.0,58.61,,0.178008,0.05,30.0,600.0,0.0,5.0,0.6447,0.0687,0.0348,0.0348,False,,True,True,10.54,2026-05-03 04:01:20+00:00,,,,,,,,,,,,,,,,,,,,,,,,,,,,,,,,,,,,,,,,,,,,,,,,,,,,,,,,,,,,,,,,,,,,,,,,,,,,,,,,,,,,,,,,,,,,,,,,,,,,,,,,,,0.581719735957929,18,2026-W18,0.74,True
2026-05-03 06:05:43+00:00,2026-05-03 06:00,KXETHD-26MAY0303-T2299.99,2026-05-03T07:00:00Z,2302.49,2299.99,-0.1086,0.73,real,0.89911,-0.9547,0.00011173,5.68e-05,0.00024084,0.2358,0.22,0.00022734,1.0,-1.0,0.0,2.0,-1.0,-0.1919,2.0,-1.0,0.9953,-1.0,6.798e-05,0.0,0.0,0.0,1.0,1.0,-0.1671,False,False,0.0,0.0,68.4,73.0,False,-1.0,neutral,0.0,0.0,0.15411,0.125313,trade,yes,False,False,38.0,54.23,,0.570777,0.05,30.0,600.0,0.0,3.0,0.6369,-0.0074,-0.0178,-0.0178,False,,True,True,11.1,2026-05-03 06:05:43+00:00,,,,,,,,,,,,,,,,,,,,,,,,,,,,,,,,,,,,,,,,,,,,,,,,,,,,,,,,,,,,,,,,,,,,,,,,,,,,,,,,,,,,,,,,,,,,,,,,,,,,,,,,,,0.5286138753681462,18,2026-W18,0.73,True
2026-05-03 09:04:59+00:00,2026-05-03 09:00,KXETHD-26MAY0306-T2319.99,2026-05-03T10:00:00Z,2307.6,2319.99,0.5368,0.02,real,0.01,3.0836,0.00017323,0.00013753,0.00035157,0.3912,0.23,0.00034435,0.0,-1.0,0.0,0.0,0.0,-0.0832,2.0,-1.0,0.8853,0.0,3.656e-05,0.0,0.0,0.0,0.0,0.0,0.1381,False,False,0.0,0.0,71.55,72.78,False,0.0,bullish,0.0,0.0,0.105,0.087963,trade,no,False,False,39.0,54.97,,0.777778,0.05,30.0,600.0,0.0,0.0,0.5125,-0.0234,-0.0485,0.0,False,,False,True,0.61,2026-05-03 09:04:59+00:00,,,,,,,,,,,,,,,,,,,,,,,,,,,,,,,,,,,,,,,,,,,,,,,,,,,,,,,,,,,,,,,,,,,,,,,,,,,,,,,,,,,,,,,,,,,,,,,,,,,,,,,,,,0.46982713561932027,18,2026-W18,0.98,True
2026-05-03 10:02:23+00:00,2026-05-03 10:00,KXETHD-26MAY0307-T2319.99,2026-05-03T11:00:00Z,2315.5,2319.99,0.1941,0.16,real,0.089539,0.9801,0.00044795,0.00030701,0.00025698,1.1947,0.2,0.0003431,0.0,-1.0,0.0,0.0,0.0,-0.001,2.0,1.0,0.8891,0.0,3.002e-05,0.0,0.0,0.0,-1.0,-1.0,0.469,False,False,-1.0,0.0,78.03,80.56,False,1.0,bullish,0.0,0.0,0.170461,0.149755,trade,no,False,False,40.0,57.56,,0.655619,0.05,30.0,600.0,0.0,-3.0,0.4167,0.1487,0.0216,0.0311,False,,False,True,5.71,2026-05-03 10:02:23+00:00,,,,,,,,,,,,,,,,,,,,,,,,,,,,,,,,,,,,,,,,,,,,,,,,,,,,,,,,,,,,,,,,,,,,,,,,,,,,,,,,,,,,,,,,,,,,,,,,,,,,,,,,,,0.4713875279053088,18,2026-W18,0.84,True
2026-05-03 18:01:26+00:00,2026-05-03 18:00,KXETHD-26MAY0315-T2339.99,2026-05-03T19:00:00Z,2331.45,2339.99,0.3661,0.1,real,0.017302,1.5959,0.00030088,0.0003295,0.00037278,0.8839,0.13,0.00039387,-1.0,-1.0,0.0,1.0,-1.0,-0.1129,2.0,0.0,0.4702,0.0,6.5e-06,0.0,0.0,0.0,-1.0,-1.0,0.3301,False,False,0.0,0.0,79.78,77.62,True,1.0,bullish,0.0,0.0,0.135,0.117963,trade,no,False,False,41.0,58.52,,0.818182,0.05,30.0,600.0,3.0,-5.0,0.5143,-0.0339,0.0558,0.0875,False,,False,True,3.33,2026-05-03 18:01:26+00:00,,,,,,,,,,,,,,,,,,,,,,,,,,,,,,,,,,,,,,,,,,,,,,,,,,,,,,,,,,,,,,,,,,,,,,,,,,,,,,,,,,,,,,,,,,,,,,,,,,,,,,,,,,0.4622637153436337,18,2026-W18,0.9,True
2026-05-03 19:00:11+00:00,2026-05-03 19:00,KXETHD-26MAY0317-T2339.99,2026-05-03T21:00:00Z,2330.82,2339.99,0.3935,0.21,real,0.015385,1.9239,0.00020756,9.233e-05,0.00044497,0.2075,0.03,0.00024541,-1.0,-1.0,0.0,1.0,-1.0,-0.1824,2.0,0.0,0.5189,0.0,7.94e-06,0.0,0.0,0.0,-1.0,-1.0,0.2499,False,False,0.0,0.0,64.73,62.95,False,1.0,bullish,0.0,0.0,0.195,0.177963,trade,no,False,False,61.0,119.77,,0.866667,0.05,30.0,600.0,3.0,-2.0,0.5517,-0.0802,0.0,0.0,False,,False,True,7.97,2026-05-03 19:00:11+00:00,,,,,,,,,,,,,,,,,,,,,,,,,,,,,,,,,,,,,,,,,,,,,,,,,,,,,,,,,,,,,,,,,,,,,,,,,,,,,,,,,,,,,,,,,,,,,,,,,,,,,,,,,,0.4455951052942984,18,2026-W18,0.79,True
2026-05-03 21:01:06+00:00,2026-05-03 21:00,KXETHD-26MAY0318-T2339.99,2026-05-03T22:00:00Z,2328.4,2339.99,0.4978,0.08,real,0.033064,1.4023,0.0006064,0.00068837,0.00046069,1.4942,0.17,0.00067883,-1.0,0.0,1.0,1.0,-1.0,-0.1468,2.0,0.0,0.1579,0.0,1.067e-05,-1.0,0.0,0.0,0.0,0.0,0.0425,False,False,1.0,1.0,14.04,26.52,False,0.0,bullish,0.0,0.0,0.131936,0.114698,trade,no,False,False,40.0,58.85,,0.79961,0.05,30.0,600.0,0.0,1.0,0.5245,-0.1953,0.0,0.0,False,,False,True,2.61,2026-05-03 21:01:06+00:00,,,,,,,,,,,,,,,,,,,,,,,,,,,,,,,,,,,,,,,,,,,,,,,,,,,,,,,,,,,,,,,,,,,,,,,,,,,,,,,,,,,,,,,,,,,,,,,,,,,,,,,,,,0.534445737762596,18,2026-W18,0.92,False
2026-05-03 22:02:39+00:00,2026-05-03 22:00,KXETHD-26MAY0319-T2339.99,2026-05-03T23:00:00Z,2330.8,2339.99,0.3943,0.12,real,0.06328,1.0137,0.00067721,0.00074608,0.00044249,1.6861,0.12,0.00067484,-1.0,-1.0,0.0,0.0,0.0,0.0733,2.0,0.0,0.267,0.0,9.62e-06,0.0,0.0,0.0,0.0,0.0,-0.0193,False,False,0.0,0.0,44.95,24.68,True,0.0,bullish,0.0,0.0,0.11672,0.09757,trade,no,False,False,41.0,57.3,,0.648442,0.05,30.0,600.0,0.0,0.0,0.5125,-0.0905,0.3945,0.2786,False,,True,False,-30.0,2026-05-03 22:02:39+00:00,,,,,,,,,,,,,,,,,,,,,,,,,,,,,,,,,,,,,,,,,,,,,,,,,,,,,,,,,,,,,,,,,,,,,,,,,,,,,,,,,,,,,,,,,,,,,,,,,,,,,,,,,,0.4733249342506846,18,2026-W18,0.88,True
2026-05-03 22:14:22+00:00,2026-05-03 22:00,KXETHD-26MAY0319-T2359.99,2026-05-03T23:00:00Z,2347.15,2359.99,0.547,0.16,real,0.134518,0.5713,0.00111378,0.00154282,0.00081274,1.8983,0.08,0.00130982,-1.0,0.0,1.0,2.0,1.0,0.1649,2.0,0.0,0.5447,0.0,9.56e-06,0.0,1.0,-1.0,-2.0,-2.0,0.8555,False,False,-1.0,-1.0,95.65,41.58,True,1.0,bullish,0.0,0.0,0.065482,0.042332,trade,no,False,False,42.0,45.55,,0.32741,0.05,30.0,600.0,5.0,-11.0,0.5143,1.4337,0.5284,0.6348,False,,False,True,5.71,2026-05-03 22:14:22+00:00,,,,,,,,,,,,,,,,,,,,,,,,,,,,,,,,,,,,,,,,,,,,,,,,,,,,,,,,,,,,,,,,,,,,,,,,,,,,,,,,,,,,,,,,,,,,,,,,,,,,,,,,,,0.4733249342506846,18,2026-W18,0.84,True
2026-05-03 23:10:50+00:00,2026-05-03 23:00,KXETHD-26MAY0320-T2339.99,2026-05-04T00:00:00Z,2340.2,2339.99,-0.009,0.51,real,0.626794,-0.0149,0.00120299,0.00086571,0.00051383,1.6848,0.04,0.00086571,-1.0,-1.0,0.0,1.0,0.0,0.0089,2.0,0.0,0.7544,0.0,1.283e-05,1.0,1.0,-1.0,-2.0,-2.0,0.391,False,False,0.0,0.0,61.42,67.14,False,1.0,bullish,0.0,0.0,0.116794,0.084301,trade,yes,False,False,42.0,49.12,,0.238356,0.05,30.0,600.0,4.0,0.0,0.6517,0.1819,-0.0815,-0.2786,False,,False,False,-30.0,2026-05-03 23:10:50+00:00,,,,,,,,,,,,,,,,,,,,,,,,,,,,,,,,,,,,,,,,,,,,,,,,,,,,,,,,,,,,,,,,,,,,,,,,,,,,,,,,,,,,,,,,,,,,,,,,,,,,,,,,,,0.5458265475747246,18,2026-W18,0.51,True
2026-05-04 00:00:11+00:00,2026-05-04 00:00,KXETHD-26MAY0321-T2339.99,2026-05-04T01:00:00Z,2321.36,2339.99,0.8025,0.06,real,0.013542,1.8,0.00067711,0.00038662,0.00066494,0.5814,0.24,0.00068374,0.0,0.0,1.0,1.0,-1.0,-0.1906,2.0,0.0,0.5578,0.0,1.796e-05,0.0,0.0,0.0,0.0,0.0,,False,False,1.0,1.0,16.76,21.37,False,0.0,neutral,0.0,0.0,0.15,0.132963,trade,no,False,False,31.0,59.77,,0.833333,0.05,30.0,600.0,0.0,2.0,0.5854,-0.141,-0.0452,-0.0667,False,,False,True,1.91,2026-05-04 00:00:11+00:00,,,,,,,,,,,,,,,,,,,,,,,,,,,,,,,,,,,,,,,,,,,,,,,,,,,,,,,,,,,,,,,,,,,,,,,,,,,,,,,,,,,,,,,,,,,,,,,,,,,,,,,,,,0.5384877708076179,19,2026-W19,0.94,False
2026-05-04 00:12:06+00:00,2026-05-04 00:00,KXETHD-26MAY0321-T2319.99,2026-05-04T01:00:00Z,2316.44,2319.99,0.1534,0.41,real,0.204325,0.2936,0.00069816,0.00067935,0.00097398,0.6975,0.01,0.0008205,-1.0,0.0,1.0,0.0,0.0,0.0474,2.0,0.0,0.481,0.0,4.198e-05,0.0,0.0,0.0,0.0,0.0,,False,False,1.0,1.0,4.26,17.2,False,0.0,neutral,0.0,0.0,0.210675,0.184294,trade,no,False,False,40.0,47.81,,0.50765,0.05,30.0,600.0,0.0,7.0,0.6447,-0.4729,-0.1134,-0.1151,False,,False,True,20.85,2026-05-04 00:12:06+00:00,,,,,,,,,,,,,,,,,,,,,,,,,,,,,,,,,,,,,,,,,,,,,,,,,,,,,,,,,,,,,,,,,,,,,,,,,,,,,,,,,,,,,,,,,,,,,,,,,,,,,,,,,,0.5384877708076179,19,2026-W19,0.5900000000000001,False
2026-05-04 01:17:01+00:00,2026-05-04 01:00,KXETHD-26MAY0322-T2319.99,2026-05-04T02:00:00Z,2316.75,2319.99,0.1398,0.25,real,0.275873,0.6421,0.00056206,0.00038769,0.00031604,1.2267,0.1,0.00039521,0.0,0.0,1.0,2.0,-1.0,-0.1546,2.0,-1.0,0.9654,-1.0,6.685e-05,0.0,0.0,0.0,0.0,0.0,0.0661,False,False,0.0,1.0,15.05,16.39,False,-1.0,neutral,0.0,0.0,0.039127,0.01063,trade,no,False,False,40.0,42.95,,0.130423,0.05,30.0,600.0,0.0,4.0,0.5496,0.2319,0.0553,0.0579,False,,True,False,-30.0,2026-05-04 01:17:01+00:00,,,,,,,,,,,,,,,,,,,,,,,,,,,,,,,,,,,,,,,,,,,,,,,,,,,,,,,,,,,,,,,,,,,,,,,,,,,,,,,,,,,,,,,,,,,,,,,,,,,,,,,,,,0.4743386167180631,19,2026-W19,0.75,True
2026-05-04 01:34:01+00:00,2026-05-04 01:00,KXETHD-26MAY0322-T2339.99,2026-05-04T02:00:00Z,2334.8,2339.99,0.2223,0.17,real,0.148769,0.4359,0.00088919,0.00125586,0.00045707,2.7477,0.14,0.0010005,0.0,-1.0,0.0,3.0,-1.0,-0.1292,2.0,1.0,0.8492,-1.0,6.379e-05,0.0,1.0,-1.0,-2.0,-2.0,0.8302,False,False,-1.0,0.0,54.52,28.96,True,0.0,neutral,0.0,0.0,0.106231,0.08312,trade,no,False,False,40.0,25.93,,0.442628,0.05,30.0,600.0,1.0,-2.0,0.567,0.8239,0.8962,0.6609,True,,True,False,-30.0,2026-05-04 01:34:01+00:00,,,,,,,,,,,,,,,,,,,,,,,,,,,,,,,,,,,,,,,,,,,,,,,,,,,,,,,,,,,,,,,,,,,,,,,,,,,,,,,,,,,,,,,,,,,,,,,,,,,,,,,,,,0.4743386167180631,19,2026-W19,0.83,True
2026-05-04 02:01:40+00:00,2026-05-04 02:00,KXETHD-26MAY0323-T2359.99,2026-05-04T03:00:00Z,2348.68,2359.99,0.4814,0.17,real,0.158855,0.5147,0.00123711,0.00156221,0.0006593,2.3695,0.18,0.00132845,0.0,-1.0,0.0,3.0,-1.0,-0.1584,2.0,0.0,0.5115,-1.0,5.934e-05,0.0,1.0,-1.0,-2.0,-2.0,0.8493,False,False,-1.0,0.0,75.02,70.91,False,1.0,neutral,0.0,0.0,0.116145,0.092524,trade,no,False,False,43.0,58.29,,0.446711,0.05,30.0,600.0,4.0,-3.0,0.5854,0.6556,0.2565,0.2612,True,,True,False,-30.0,2026-05-04 02:01:40+00:00,,,,,,,,,,,,,,,,,,,,,,,,,,,,,,,,,,,,,,,,,,,,,,,,,,,,,,,,,,,,,,,,,,,,,,,,,,,,,,,,,,,,,,,,,,,,,,,,,,,,,,,,,,0.47374542491285376,19,2026-W19,0.83,True
2026-05-04 03:03:24+00:00,2026-05-04 03:00,KXETHD-26MAY0400-T2379.99,2026-05-04T04:00:00Z,2372.74,2379.99,0.3056,0.23,real,0.221455,0.4533,0.00095467,0.00091728,0.00054919,1.6702,0.1,0.00082884,1.0,-1.0,0.0,2.0,-1.0,-0.2111,2.0,0.0,0.1786,0.0,2.526e-05,1.0,0.0,0.0,-1.0,-1.0,0.9998,False,False,-1.0,-1.0,82.27,87.95,True,1.0,bullish,0.0,0.0,0.058545,0.031476,trade,no,False,False,44.0,56.55,,0.209089,0.05,30.0,600.0,5.0,-7.0,0.5143,0.1769,-0.4801,-0.2484,False,,True,False,-30.0,2026-05-04 03:03:24+00:00,,,,,,,,,,,,,,,,,,,,,,,,,,,,,,,,,,,,,,,,,,,,,,,,,,,,,,,,,,,,,,,,,,,,,,,,,,,,,,,,,,,,,,,,,,,,,,,,,,,,,,,,,,0.47539637227665654,19,2026-W19,0.77,True
2026-05-04 04:20:03+00:00,2026-05-04 04:00,KXETHD-26MAY0401-T2399.99,2026-05-04T05:00:00Z,2394.75,2399.99,0.2187,0.26,real,0.286984,0.3515,0.00075254,0.00085453,0.00053745,1.59,0.16,0.00084804,1.0,-1.0,0.0,2.0,0.0,0.0814,2.0,-1.0,0.8578,0.0,-9.33e-06,1.0,1.0,-1.0,-2.0,-2.0,1.3779,False,False,-1.0,-1.0,98.0,95.92,False,1.0,bullish,0.0,0.0,0.053016,0.023693,trade,no,False,False,44.0,39.9,,0.155931,0.05,30.0,600.0,4.0,-11.0,0.5143,0.7404,0.3142,0.3058,False,,False,True,10.54,2026-05-04 04:20:03+00:00,,,,,,,,,,,,,,,,,,,,,,,,,,,,,,,,,,,,,,,,,,,,,,,,,,,,,,,,,,,,,,,,,,,,,,,,,,,,,,,,,,,,,,,,,,,,,,,,,,,,,,,,,,0.47720745873688936,19,2026-W19,0.74,True
2026-05-04 05:27:08+00:00,2026-05-04 05:00,KXETHD-26MAY0402-T2379.99,2026-05-04T06:00:00Z,2377.3,2379.99,0.113,0.43,real,0.195322,0.2398,0.00051658,0.00056723,0.00111788,0.5074,0.01,0.00082222,1.0,-1.0,0.0,0.0,0.0,0.0701,2.0,0.0,0.2954,0.0,-2.652e-05,0.0,0.0,0.0,0.0,0.0,0.4595,False,False,1.0,0.0,56.09,75.14,False,0.0,bullish,0.0,0.0,0.239678,0.213676,trade,no,False,False,44.0,32.81,,0.550984,0.05,30.0,600.0,2.0,0.0,0.6522,-0.5822,-0.272,-0.1752,False,,False,True,22.63,2026-05-04 05:27:08+00:00,,,,,,,,,,,,,,,,,,,,,,,,,,,,,,,,,,,,,,,,,,,,,,,,,,,,,,,,,,,,,,,,,,,,,,,,,,,,,,,,,,,,,,,,,,,,,,,,,,,,,,,,,,0.48757994402524246,19,2026-W19,0.5700000000000001,True
2026-05-04 06:01:08+00:00,2026-05-04 06:00,KXETHD-26MAY0403-T2379.99,2026-05-04T07:00:00Z,2377.23,2379.99,0.116,0.25,real,0.189955,0.4873,0.00045362,0.00034007,0.00022422,1.5167,0.15,0.00033736,1.0,-1.0,0.0,0.0,0.0,-0.0544,2.0,0.0,0.3186,0.0,-2.64e-05,0.0,0.0,0.0,-1.0,-1.0,0.5771,False,False,1.0,0.0,20.68,32.56,False,0.0,bullish,0.0,0.0,0.135045,0.109274,trade,no,False,False,44.0,58.81,,0.415522,0.05,30.0,600.0,4.0,-1.0,0.6761,0.0858,0.0257,0.0985,False,,False,True,10.0,2026-05-04 06:01:08+00:00,,,,,,,,,,,,,,,,,,,,,,,,,,,,,,,,,,,,,,,,,,,,,,,,,,,,,,,,,,,,,,,,,,,,,,,,,,,,,,,,,,,,,,,,,,,,,,,,,,,,,,,,,,0.48560803799034025,19,2026-W19,0.75,True
2026-05-04 06:27:45+00:00,2026-05-04 06:00,KXETHD-26MAY0403-T2359.99,2026-05-04T07:00:00Z,2356.25,2359.99,0.1588,0.25,real,0.253392,0.4241,0.00048429,0.00066139,0.00041453,1.5955,0.17,0.00065928,1.0,0.0,1.0,0.0,0.0,-0.0337,2.0,0.0,0.2238,0.0,-2.317e-05,0.0,0.0,0.0,0.0,0.0,-0.2954,False,False,1.0,1.0,6.23,10.58,False,0.0,bullish,0.0,0.0,0.081608,0.053365,trade,no,False,False,42.0,32.2,,0.243605,0.05,30.0,600.0,2.0,2.0,0.7667,-0.7689,-0.4736,-0.4535,False,,True,False,-30.0,2026-05-04 06:27:45+00:00,,,,,,,,,,,,,,,,,,,,,,,,,,,,,,,,,,,,,,,,,,,,,,,,,,,,,,,,,,,,,,,,,,,,,,,,,,,,,,,,,,,,,,,,,,,,,,,,,,,,,,,,,,0.48560803799034025,19,2026-W19,0.75,True
2026-05-04 07:01:48+00:00,2026-05-04 07:00,KXETHD-26MAY0404-T2379.99,2026-05-04T08:00:00Z,2369.04,2379.99,0.4623,0.1,real,0.044948,1.5332,0.00056416,0.00033357,0.00047193,0.7068,0.09,0.00042878,1.0,-1.0,0.0,1.0,-1.0,-0.2716,2.0,0.0,0.6385,0.0,-1.492e-05,0.0,0.0,0.0,0.0,0.0,0.2753,False,False,0.0,0.0,37.34,33.0,False,0.0,bullish,0.0,0.0,0.100052,0.082047,trade,no,False,False,42.0,58.15,,0.690013,0.05,30.0,600.0,2.0,0.0,0.6522,0.319,0.0565,0.0,False,,False,True,3.33,2026-05-04 07:01:48+00:00,,,,,,,,,,,,,,,,,,,,,,,,,,,,,,,,,,,,,,,,,,,,,,,,,,,,,,,,,,,,,,,,,,,,,,,,,,,,,,,,,,,,,,,,,,,,,,,,,,,,,,,,,,0.5101388338620532,19,2026-W19,0.9,False
2026-05-04 08:08:51+00:00,2026-05-04 08:00,KXETHD-26MAY0405-T2359.99,2026-05-04T09:00:00Z,2360.08,2359.99,-0.0038,0.53,real,0.598361,-0.0086,0.00061241,0.00082772,6.989e-05,11.8437,0.05,0.00066452,1.0,0.0,1.0,1.0,0.0,-0.0547,2.0,0.0,0.7377,-1.0,9.815e-05,0.0,0.0,0.0,0.0,0.0,-0.182,False,False,1.0,1.0,13.37,24.57,False,0.0,bullish,0.0,0.0,0.053361,0.020924,trade,yes,False,False,42.0,51.11,,0.113533,0.05,30.0,600.0,2.0,2.0,0.7667,-0.2949,-0.3979,-0.0415,False,,True,True,26.6,2026-05-04 08:08:51+00:00,,,,,,,,,,,,,,,,,,,,,,,,,,,,,,,,,,,,,,,,,,,,,,,,,,,,,,,,,,,,,,,,,,,,,,,,,,,,,,,,,,,,,,,,,,,,,,,,,,,,,,,,,,0.537219781804835,19,2026-W19,0.53,True
2026-05-04 09:04:09+00:00,2026-05-04 09:00,KXETHD-26MAY0406-T2359.99,2026-05-04T10:00:00Z,2360.61,2359.99,-0.0262,0.56,real,0.626794,-0.0359,0.00018422,7.129e-05,0.00023246,0.3067,0.11,0.00116278,1.0,-1.0,0.0,2.0,-1.0,-0.2159,2.0,0.0,0.7289,-1.0,9.6e-05,0.0,0.0,0.0,0.0,0.0,-0.2002,False,False,1.0,0.0,20.03,18.86,True,0.0,bullish,0.0,0.0,0.051794,0.019546,trade,yes,False,False,43.0,55.8,,0.117714,0.05,30.0,600.0,1.0,1.0,0.5882,-0.0352,0.0,0.0,False,,True,True,23.57,2026-05-04 09:04:09+00:00,,,,,,,,,,,,,,,,,,,,,,,,,,,,,,,,,,,,,,,,,,,,,,,,,,,,,,,,,,,,,,,,,,,,,,,,,,,,,,,,,,,,,,,,,,,,,,,,,,,,,,,,,,0.4818724786713645,19,2026-W19,0.56,False
2026-05-04 09:09:28+00:00,2026-05-04 09:00,KXETHD-26MAY0417-T2339.99,2026-05-04T21:00:00Z,2358.87,2339.99,-0.8005,0.69,real,0.984645,-1.3183,0.00014125,3.655e-05,0.00060858,0.0601,0.01,0.0002725,1.0,-1.0,0.0,2.0,-1.0,-0.1713,1.0,0.0,0.7073,-1.0,9.6e-05,0.0,0.0,0.0,0.0,0.0,-0.2002,False,False,1.0,0.0,20.03,18.86,True,0.0,bullish,0.0,0.0,0.279645,0.249672,trade,yes,False,False,67.0,709.45,,0.90208,0.05,30.0,600.0,1.0,1.0,0.5882,-0.0102,0.0,0.0,False,,True,True,13.48,2026-05-04 09:09:28+00:00,,,,,,,,,,,,,,,,,,,,,,,,,,,,,,,,,,,,,,,,,,,,,,,,,,,,,,,,,,,,,,,,,,,,,,,,,,,,,,,,,,,,,,,,,,,,,,,,,,,,,,,,,,0.4818724786713645,19,2026-W19,0.69,False
2026-05-04 10:05:45+00:00,2026-05-04 10:00,KXETHD-26MAY0407-T2339.99,2026-05-04T11:00:00Z,2339.99,2339.99,-0.0001,0.52,real,0.626794,-0.0,0.00087888,0.0013086,1.45e-06,904.3545,0.15,0.0013086,1.0,1.0,2.0,1.0,1.0,0.1139,2.0,0.0,0.6215,-1.0,8.867e-05,0.0,0.0,0.0,1.0,1.0,-1.0348,False,False,1.0,1.0,0.0,49.59,False,0.0,neutral,0.0,0.0,0.091794,0.059322,trade,yes,False,False,42.0,54.18,,0.191238,0.05,30.0,600.0,0.0,9.0,0.6447,-1.0736,-1.1409,-1.2281,True,,False,False,-30.0,2026-05-04 10:05:45+00:00,,,,,,,,,,,,,,,,,,,,,,,,,,,,,,,,,,,,,,,,,,,,,,,,,,,,,,,,,,,,,,,,,,,,,,,,,,,,,,,,,,,,,,,,,,,,,,,,,,,,,,,,,,0.5354429031560802,19,2026-W19,0.52,True
2026-05-04 10:11:06+00:00,2026-05-04 10:00,KXETHD-26MAY0407-T2319.99,2026-05-04T11:00:00Z,2325.25,2319.99,-0.2261,0.69,real,0.801282,-0.2165,0.00098547,0.00140787,0.00065304,2.1559,0.1,0.00120605,1.0,1.0,2.0,1.0,0.0,0.0867,2.0,0.0,0.6138,-1.0,9.067e-05,0.0,-1.0,1.0,2.0,2.0,-1.6392,False,False,1.0,1.0,2.3,50.36,False,0.0,neutral,0.0,0.0,0.096282,0.066309,trade,yes,False,False,42.0,48.85,,0.310587,0.05,30.0,600.0,0.0,12.0,0.6447,-1.8172,-1.8479,-0.248,True,,True,True,13.48,2026-05-04 10:11:06+00:00,,,,,,,,,,,,,,,,,,,,,,,,,,,,,,,,,,,,,,,,,,,,,,,,,,,,,,,,,,,,,,,,,,,,,,,,,,,,,,,,,,,,,,,,,,,,,,,,,,,,,,,,,,0.5354429031560802,19,2026-W19,0.69,True
2026-05-04 11:09:41+00:00,2026-05-04 11:00,KXETHD-26MAY0408-T2339.99,2026-05-04T12:00:00Z,2340.27,2339.99,-0.0121,0.53,real,0.694175,-0.0303,0.00120724,0.0007185,0.0002272,3.1624,0.03,0.00061298,1.0,-1.0,0.0,2.0,-1.0,-0.3609,2.0,0.0,0.5403,-1.0,8.444e-05,0.0,0.0,0.0,1.0,1.0,-0.9544,False,False,1.0,0.0,45.37,45.14,False,0.0,neutral,0.0,0.0,0.149175,0.116738,trade,yes,False,False,41.0,50.27,,0.317393,0.05,30.0,600.0,0.0,2.0,0.5854,-0.1413,0.0843,0.0616,False,,False,False,-30.0,2026-05-04 11:09:41+00:00,,,,,,,,,,,,,,,,,,,,,,,,,,,,,,,,,,,,,,,,,,,,,,,,,,,,,,,,,,,,,,,,,,,,,,,,,,,,,,,,,,,,,,,,,,,,,,,,,,,,,,,,,,0.525348561016571,19,2026-W19,0.53,True
2026-05-04 12:01:46+00:00,2026-05-04 12:00,KXETHD-26MAY0409-T2339.99,2026-05-04T13:00:00Z,2333.51,2339.99,0.2776,0.26,real,0.077863,0.7297,0.00042801,0.00042494,0.00056508,0.752,0.03,0.00049823,1.0,-1.0,0.0,1.0,0.0,-0.0443,2.0,0.0,0.6248,-1.0,6.295e-05,0.0,0.0,0.0,1.0,1.0,-1.1751,False,False,1.0,0.0,35.14,37.96,False,-1.0,neutral,0.0,0.0,0.212137,0.193013,trade,no,False,False,41.0,58.16,,0.771408,0.05,30.0,600.0,0.0,2.0,0.5854,-0.0753,-0.0497,-0.1493,False,,False,True,10.54,2026-05-04 12:01:46+00:00,,,,,,,,,,,,,,,,,,,,,,,,,,,,,,,,,,,,,,,,,,,,,,,,,,,,,,,,,,,,,,,,,,,,,,,,,,,,,,,,,,,,,,,,,,,,,,,,,,,,,,,,,,0.5259961849364878,19,2026-W19,0.74,False
2026-05-04 13:00:14+00:00,2026-05-04 13:00,KXETHD-26MAY0410-T2339.99,2026-05-04T14:00:00Z,2331.78,2339.99,0.352,0.19,real,0.129424,0.9258,0.00051908,0.00051388,0.000518,0.992,0.04,0.00053389,0.0,-1.0,0.0,1.0,-1.0,-0.1703,2.0,0.0,0.561,0.0,3.997e-05,0.0,0.0,0.0,1.0,1.0,-1.1857,False,False,1.0,0.0,34.3,40.21,False,-1.0,neutral,0.0,0.0,0.080576,0.057689,trade,no,False,False,41.0,59.72,,0.383695,0.05,30.0,600.0,0.0,2.0,0.5854,-0.3225,-0.2842,-0.2842,False,,False,True,7.04,2026-05-04 13:00:14+00:00,,,,,,,,,,,,,,,,,,,,,,,,,,,,,,,,,,,,,,,,,,,,,,,,,,,,,,,,,,,,,,,,,,,,,,,,,,,,,,,,,,,,,,,,,,,,,,,,,,,,,,,,,,0.5210387156795053,19,2026-W19,0.81,False
2026-05-04 13:01:18+00:00,2026-05-04 13:00,KXETHD-26MAY0410-T2319.99,2026-05-04T14:00:00Z,2327.5,2319.99,-0.3226,0.69,real,0.801282,-0.3871,0.0007313,0.00104253,0.00085092,1.2252,0.04,0.00100916,0.0,-1.0,0.0,0.0,0.0,-0.073,2.0,0.0,0.6227,0.0,3.997e-05,0.0,0.0,0.0,1.0,1.0,-1.3278,False,False,1.0,0.0,27.59,37.97,False,-1.0,neutral,0.0,0.0,0.111282,0.081309,trade,yes,False,False,41.0,58.65,,0.358974,0.05,30.0,600.0,0.0,3.0,0.6369,-0.4801,-0.4418,-0.4418,False,,True,True,13.48,2026-05-04 13:01:18+00:00,,,,,,,,,,,,,,,,,,,,,,,,,,,,,,,,,,,,,,,,,,,,,,,,,,,,,,,,,,,,,,,,,,,,,,,,,,,,,,,,,,,,,,,,,,,,,,,,,,,,,,,,,,0.5210387156795053,19,2026-W19,0.69,True
2026-05-04 13:49:39+00:00,2026-05-04 13:00,KXETHD-26MAY0410-T2339.99,2026-05-04T14:00:00Z,2340.72,2339.99,-0.0311,0.51,real,0.626794,-0.1298,0.00080964,0.00074742,0.0038688,0.1932,0.03,0.00074742,0.0,0.0,1.0,1.0,1.0,0.1245,2.0,0.0,0.6761,0.0,3.127e-05,0.0,0.0,0.0,1.0,1.0,-1.0931,False,False,-1.0,-1.0,84.16,67.95,False,0.0,neutral,0.0,0.0,0.116794,0.084301,trade,yes,False,False,40.0,10.31,,0.238356,0.05,30.0,600.0,0.0,0.0,0.5125,0.0402,0.1531,0.1531,False,,False,False,-30.0,2026-05-04 13:49:39+00:00,0.247,1.0,,,,,,,,,,,bullish,bullish,False,False,8.276,5.579,False,False,,,,,,,,,,,,,,,,,,,,,,,,,,,,,,,,,,,,,,,,,,,,,,,,,,,,,,,,,,,,,,,,,,,,,,,,,,,,,,,,,,,,,,0.5210387156795053,19,2026-W19,0.51,True
2026-05-04 14:09:53+00:00,2026-05-04 14:00,KXETHD-26MAY0411-T2319.99,2026-05-04T15:00:00Z,2328.43,2319.99,-0.3624,0.75,real,0.870968,-0.6343,0.00063428,0.00069024,0.00076077,0.9073,0.04,0.00074907,0.0,1.0,2.0,0.0,0.0,-0.0149,2.0,0.0,0.6698,0.0,2.687e-05,0.0,-1.0,1.0,2.0,2.0,-1.6056,False,False,1.0,1.0,10.19,50.32,False,-1.0,neutral,0.0,0.0,0.120968,0.092843,trade,yes,False,False,41.0,50.07,,0.483871,0.05,30.0,600.0,0.0,6.0,0.6447,-0.3991,-0.362,-0.1762,False,,True,True,10.0,2026-05-04 14:09:53+00:00,0.3213,1.0,,,,,,,,,,,bullish,bullish,False,False,8.847,5.08,False,False,,,,,,,,,,,,,,,,,,,,,,,,,,,,,,,,,,,,,,,,,,,,,,,,,,,,,,,,,,,,,,,,,,,,,,,,,,,,,,,,,,,,,,0.4755082946464224,19,2026-W19,0.75,False
2026-05-04 14:15:13+00:00,2026-05-04 14:00,KXETHD-26MAY0411-T2339.99,2026-05-04T15:00:00Z,2340.37,2339.99,-0.0163,0.56,real,0.685455,-0.0345,0.00079094,0.00103598,0.00016187,6.4002,0.03,0.00070806,0.0,-1.0,0.0,1.0,-1.0,-0.1442,2.0,0.0,0.648,0.0,2.562e-05,0.0,0.0,0.0,1.0,1.0,-1.0624,False,False,-1.0,0.0,79.74,74.65,False,0.0,neutral,0.0,0.0,0.125455,0.093207,trade,yes,False,False,41.0,44.74,,0.285126,0.05,30.0,600.0,0.0,1.0,0.5245,0.1471,0.3308,0.3738,False,,True,True,23.57,2026-05-04 14:15:13+00:00,0.3213,1.0,,,,,,,,,,,bullish,bullish,False,False,8.292,5.565,False,False,,,,,,,,,,,,,,,,,,,,,,,,,,,,,,,,,,,,,,,,,,,,,,,,,,,,,,,,,,,,,,,,,,,,,,,,,,,,,,,,,,,,,,0.4755082946464224,19,2026-W19,0.56,False
2026-05-04 14:38:38+00:00,2026-05-04 14:00,KXETHD-26MAY0411-T2359.99,2026-05-04T15:00:00Z,2356.21,2359.99,0.1604,0.35,real,0.305266,0.3187,0.00085351,0.00098351,0.00090092,1.0917,0.04,0.00100854,0.0,-1.0,0.0,1.0,0.0,-0.053,2.0,0.0,0.704,0.0,2.032e-05,0.0,0.0,0.0,0.0,0.0,-0.4298,False,False,-1.0,-1.0,96.53,88.25,False,0.0,neutral,0.0,0.0,0.064734,0.034888,trade,no,False,False,41.0,21.32,,0.174956,0.05,30.0,600.0,1.0,-3.0,0.4432,1.0872,0.3343,0.3257,True,,True,False,-30.0,2026-05-04 14:38:38+00:00,0.3213,1.0,,,,,,,,,,,bullish,bullish,False,False,7.564,6.199,False,False,,,,,,,,,,,,,,,,,,,,,,,,,,,,,,,,,,,,,,,,,,,,,,,,,,,,,,,,,,,,,,,,,,,,,,,,,,,,,,,,,,,,,,0.4755082946464224,19,2026-W19,0.65,True
2026-05-04 15:00:00+00:00,2026-05-04 14:00,KXETHD-26MAY0412-T2379.99,2026-05-04T16:00:00Z,2371.49,2379.99,0.3583,0.31,real,0.160626,0.3137,0.00109993,0.00125622,0.00093154,1.3485,0.05,0.0011873,0.0,-1.0,0.0,2.0,-1.0,-0.1681,2.0,0.0,0.1858,0.0,1.532e-05,0.0,0.0,0.0,0.0,0.0,0.3493,False,False,-1.0,-1.0,90.37,86.78,False,0.0,neutral,0.0,0.0,0.174374,0.149936,trade,no,False,False,43.0,59.94,,0.52052,0.05,30.0,600.0,2.0,-8.0,0.4014,1.2249,0.3181,-0.1299,True,,False,True,13.48,2026-05-04 15:00:00+00:00,0.3213,1.0,,,,,,,,,,,bullish,bullish,False,False,6.871,6.804,False,False,,,,,,,,,,,,,,,,,,,,,,,,,,,,,,,,,,,,,,,,,,,,,,,,,,,,,,,,,,,,,,,,,,,,,,,,,,,,,,,,,,,,,,0.5375692386631027,19,2026-W19,0.69,False
2026-05-04 15:03:14+00:00,2026-05-04 15:00,KXETHD-26MAY0412-T2359.99,2026-05-04T16:00:00Z,2371.28,2359.99,-0.4759,0.74,real,0.870968,-0.6655,0.00110857,0.0011819,0.00098457,1.2004,0.03,0.001133,0.0,-1.0,0.0,1.0,0.0,-0.0529,2.0,0.0,0.1965,0.0,1.511e-05,1.0,0.0,0.0,0.0,0.0,0.1828,False,False,-1.0,-1.0,83.19,84.39,True,0.0,neutral,0.0,0.0,0.130968,0.1025,trade,yes,False,False,43.0,56.72,,0.503722,0.05,30.0,600.0,2.0,-4.0,0.5128,0.9687,-0.3019,-0.1621,True,,False,False,-30.0,2026-05-04 15:03:14+00:00,0.3888,1.0,,,,,,,,,,,bullish,bullish,False,False,6.88,6.795,False,False,,,,,,,,,,,,,,,,,,,,,,,,,,,,,,,,,,,,,,,,,,,,,,,,,,,,,,,,,,,,,,,,,,,,,,,,,,,,,,,,,,,,,,0.5375692386631027,19,2026-W19,0.74,True
2026-05-04 15:29:55+00:00,2026-05-04 15:00,KXETHD-26MAY0412-T2339.99,2026-05-04T16:00:00Z,2348.34,2339.99,-0.3555,0.72,real,0.801282,-0.3499,0.00146954,0.00188776,0.00111612,1.6914,0.02,0.00160286,0.0,-1.0,0.0,1.0,-1.0,-0.1176,2.0,0.0,0.7018,0.0,8.23e-06,1.0,0.0,0.0,1.0,1.0,-0.8407,False,False,1.0,0.0,39.86,67.55,True,0.0,neutral,0.0,0.0,0.081282,0.05217,trade,yes,False,False,43.0,29.97,,0.290293,0.05,30.0,600.0,1.0,2.0,0.7636,-1.1402,0.0119,0.0119,False,,True,True,11.67,2026-05-04 15:29:55+00:00,0.3888,1.0,,,,,,,,,,,bullish,bullish,False,False,7.924,5.885,False,False,,,,,,,,,,,,,,,,,,,,,,,,,,,,,,,,,,,,,,,,,,,,,,,,,,,,,,,,,,,,,,,,,,,,,,,,,,,,,,,,,,,,,,0.5375692386631027,19,2026-W19,0.72,True
2026-05-04 16:03:08+00:00,2026-05-04 16:00,KXETHD-26MAY0413-T2339.99,2026-05-04T17:00:00Z,2349.99,2339.99,-0.4254,0.71,real,0.754941,-0.4099,0.00151672,0.00153901,0.00102193,1.506,0.04,0.00137961,0.0,-1.0,0.0,0.0,0.0,0.0711,2.0,0.0,0.6818,0.0,8.35e-06,-1.0,0.0,0.0,1.0,1.0,-0.7502,False,False,1.0,0.0,41.3,43.1,False,0.0,neutral,0.0,0.0,0.044941,0.015528,trade,yes,False,False,42.0,56.82,,0.154968,0.05,30.0,600.0,0.0,1.0,0.5245,0.1894,0.1313,-0.0472,False,,True,True,12.25,2026-05-04 16:03:08+00:00,0.2886,1.0,,,,,,,,,,,bullish,bullish,False,False,7.849,5.951,False,False,,,,,,,,,,,,,,,,,,,,,,,,,,,,,,,,,,,,,,,,,,,,,,,,,,,,,,,,,,,,,,,,,,,,,,,,,,,,,,,,,,,,,,0.49871344564867287,19,2026-W19,0.71,False
2026-05-04 16:22:23+00:00,2026-05-04 16:00,KXETHD-26MAY0413-T2359.99,2026-05-04T17:00:00Z,2360.31,2359.99,-0.0136,0.53,real,0.626794,-0.023,0.0012112,0.00109493,0.00029391,3.7253,0.03,0.00089225,0.0,-1.0,0.0,1.0,-1.0,-0.1302,2.0,0.0,0.7927,0.0,2.963e-05,-1.0,0.0,0.0,0.0,0.0,-0.1339,False,False,-1.0,0.0,62.43,43.84,False,0.0,bullish,0.0,0.0,0.096794,0.064357,trade,yes,False,False,42.0,37.56,,0.205945,0.05,30.0,600.0,1.0,0.0,0.5963,0.6143,0.8293,0.6512,True,,False,False,-30.0,2026-05-04 16:22:23+00:00,0.2886,1.0,,,,,,,,,,,bullish,bullish,False,False,7.377,6.362,False,False,,,,,,,,,,,,,,,,,,,,,,,,,,,,,,,,,,,,,,,,,,,,,,,,,,,,,,,,,,,,,,,,,,,,,,,,,,,,,,,,,,,,,,0.49871344564867287,19,2026-W19,0.53,False
2026-05-04 17:03:01+00:00,2026-05-04 17:00,KXETHD-26MAY0414-T2359.99,2026-05-04T18:00:00Z,2358.61,2359.99,0.0587,0.5,real,0.591283,0.0747,0.00088268,0.00068806,,,0.03,0.00123955,-1.0,-1.0,0.0,0.0,0.0,-0.0149,2.0,1.0,0.8937,0.0,9.86e-06,1.0,0.0,0.0,0.0,0.0,-0.0223,False,False,-1.0,0.0,58.99,58.95,False,0.0,bullish,0.0,0.0,0.106283,0.073799,trade,yes,False,False,42.0,56.94,,0.206375,0.05,30.0,600.0,1.0,0.0,0.5963,0.059,0.0836,0.2742,False,,True,True,30.0,2026-05-04 17:03:01+00:00,0.2634,1.0,,,,,,,,,,,bullish,bullish,False,False,7.455,6.295,False,False,,,,,,,,,,,,,,,,,,,,,,,,,,,,,,,,,,,,,,,,,,,,,,,,,,,,,,,,,,,,,,,,,,,,,,,,,,,,,,,,,,,,,,0.46902570752284795,19,2026-W19,0.5,False
2026-05-04 17:25:04+00:00,2026-05-04 17:00,KXETHD-26MAY0414-T2379.99,2026-05-04T18:00:00Z,2369.17,2379.99,0.4568,0.17,real,0.070662,1.0949,0.00063668,0.00052549,0.0008086,0.6499,0.02,0.00065244,-1.0,-1.0,0.0,0.0,0.0,-0.0758,2.0,1.0,0.9345,0.0,1.01e-05,1.0,0.0,0.0,-1.0,-1.0,0.5212,False,False,-1.0,0.0,79.36,67.37,False,0.0,bullish,0.0,0.0,0.109338,0.089742,trade,no,False,False,42.0,34.89,,0.607436,0.05,30.0,600.0,1.0,-3.0,0.4432,0.6268,0.2038,0.1031,False,,False,True,6.14,2026-05-04 17:25:04+00:00,0.2634,1.0,,,,,,,,,,,bullish,bullish,False,False,6.975,6.712,False,False,,,,,,,,,,,,,,,,,,,,,,,,,,,,,,,,,,,,,,,,,,,,,,,,,,,,,,,,,,,,,,,,,,,,,,,,,,,,,,,,,,,,,,0.46902570752284795,19,2026-W19,0.83,True
2026-05-04 18:02:22+00:00,2026-05-04 18:00,KXETHD-26MAY0415-T2359.99,2026-05-04T19:00:00Z,2368.49,2359.99,-0.359,0.75,real,0.942797,-0.6694,0.00060762,0.00080306,0.00070272,1.1428,0.01,0.0007696,-1.0,-1.0,0.0,2.0,-1.0,-0.1462,2.0,0.0,0.4895,0.0,3.79e-06,1.0,0.0,0.0,-1.0,-1.0,0.5432,False,False,-1.0,-1.0,74.08,77.89,True,0.0,bullish,0.0,0.0,0.192797,0.164672,trade,yes,False,False,43.0,57.59,,0.771186,0.05,30.0,600.0,2.0,-1.0,0.5303,0.0828,-0.3734,-0.2236,False,,True,True,10.0,2026-05-04 18:02:22+00:00,0.2768,1.0,,,,,,,,,,,bullish,bullish,False,False,7.006,6.686,False,False,,,,,,,,,,,,,,,,,,,,,,,,,,,,,,,,,,,,,,,,,,,,,,,,,,,,,,,,,,,,,,,,,,,,,,,,,,,,,,,,,,,,,,0.5376399567826569,19,2026-W19,0.75,True
2026-05-04 18:03:26+00:00,2026-05-04 18:00,KXETHD-26MAY0415-T2379.99,2026-05-04T19:00:00Z,2371.09,2379.99,0.3754,0.26,real,0.150169,0.6757,0.00059853,0.00080717,0.00077473,1.0419,0.01,0.00080176,-1.0,-1.0,0.0,1.0,0.0,-0.0727,2.0,0.0,0.4602,0.0,3.79e-06,1.0,0.0,0.0,-1.0,-1.0,0.5947,False,False,-1.0,-1.0,76.99,78.86,True,0.0,bullish,0.0,0.0,0.114831,0.090897,trade,no,False,False,43.0,56.52,,0.433323,0.05,30.0,600.0,2.0,-2.0,0.4583,0.158,-0.3712,-0.1706,False,,False,True,10.54,2026-05-04 18:03:26+00:00,0.2768,1.0,,,,,,,,,,,bullish,bullish,False,False,6.889,6.788,False,False,,,,,,,,,,,,,,,,,,,,,,,,,,,,,,,,,,,,,,,,,,,,,,,,,,,,,,,,,,,,,,,,,,,,,,,,,,,,,,,,,,,,,,0.5376399567826569,19,2026-W19,0.74,False
2026-05-04 19:00:11+00:00,2026-05-04 19:00,KXETHD-26MAY0416-T2359.99,2026-05-04T20:00:00Z,2361.29,2359.99,-0.0549,0.57,real,0.801282,-0.2342,0.00046874,0.0002883,0.00040274,0.7158,0.04,0.00039909,-1.0,-1.0,0.0,0.0,0.0,0.0819,2.0,0.0,0.6747,0.0,1.482e-05,0.0,0.0,0.0,0.0,0.0,0.1493,False,False,1.0,0.0,51.73,56.61,False,0.0,bullish,0.0,0.0,0.231282,0.199125,trade,yes,False,False,66.0,59.76,,0.537865,0.05,30.0,600.0,2.0,0.0,0.6522,-0.1617,-0.0775,0.0,False,,False,False,-30.0,2026-05-04 19:00:11+00:00,0.201,1.0,,,,,,,,,,,bullish,bullish,False,False,7.333,6.401,False,False,,,,,,,,,,,,,,,,,,,,,,,,,,,,,,,,,,,,,,,,,,,,,,,,,,,,,,,,,,,,,,,,,,,,,,,,,,,,,,,,,,,,,,0.5177069785528916,19,2026-W19,0.57,True
2026-05-04 21:25:10+00:00,2026-05-04 21:00,KXETHD-26MAY0418-T2359.99,2026-05-04T22:00:00Z,2360.52,2359.99,-0.0226,0.56,real,0.757746,-0.1126,0.00041001,0.00043205,0.00025401,1.7009,0.01,0.00037014,-1.0,0.0,1.0,0.0,1.0,0.2224,2.0,0.0,0.5471,0.0,4.698e-05,0.0,0.0,0.0,0.0,0.0,0.2494,False,False,-1.0,0.0,50.43,27.58,False,0.0,neutral,0.0,0.0,0.197746,0.165498,trade,yes,False,False,42.0,34.78,,0.449424,0.05,30.0,600.0,1.0,0.0,0.5963,0.4741,0.1285,0.1638,False,,True,True,23.57,2026-05-04 21:25:10+00:00,0.1967,1.0,,,,,,,,,,,bullish,bullish,False,False,7.367,6.371,False,False,,,,,,,,,,,,,,,,,,,,,,,,,,,,,,,,,,,,,,,,,,,,,,,,,,,,,,,,,,,,,,,,,,,,,,,,,,,,,,,,,,,,,,0.5019753136031458,19,2026-W19,0.56,True
2026-05-04 22:03:52+00:00,2026-05-04 22:00,KXETHD-26MAY0419-T2359.99,2026-05-04T23:00:00Z,2363.59,2359.99,-0.1522,0.74,real,0.888283,-0.6638,0.00041177,0.00034202,0.00031607,1.0821,0.09,0.00036467,-1.0,0.0,1.0,1.0,1.0,0.1443,2.0,0.0,0.5946,0.0,4.528e-05,0.0,0.0,0.0,-1.0,-1.0,0.4323,False,False,-1.0,-1.0,99.35,77.98,False,1.0,neutral,0.0,0.0,0.148283,0.119815,trade,yes,False,False,43.0,56.07,,0.570321,0.05,30.0,600.0,1.0,-2.0,0.5612,0.1444,0.1041,0.1643,False,,False,False,-30.0,2026-05-04 22:03:52+00:00,0.2181,1.0,,,,,,,,,,,bullish,bullish,False,False,7.228,6.492,False,False,,,,,,,,,,,,,,,,,,,,,,,,,,,,,,,,,,,,,,,,,,,,,,,,,,,,,,,,,,,,,,,,,,,,,,,,,,,,,,,,,,,,,,0.513690368384382,19,2026-W19,0.74,True
2026-05-05 01:09:00+00:00,2026-05-05 01:00,KXETHD-26MAY0422-T2359.99,2026-05-05T02:00:00Z,2358.93,2359.99,0.0449,0.45,real,0.454169,0.2353,0.00043652,0.00041149,0.00050023,0.8226,0.09,0.00035147,-1.0,-1.0,0.0,1.0,-1.0,-0.1272,2.0,0.0,0.4892,0.0,1.929e-05,0.0,0.0,0.0,-1.0,-1.0,0.2305,False,False,-1.0,0.0,69.04,60.24,False,0.0,neutral,0.0,0.0,0.049169,0.017301,trade,yes,False,False,43.0,50.96,,0.082637,0.041318,24.79,600.0,1.0,0.0,0.6103,0.2013,0.0004,0.0984,False,,True,True,30.3,2026-05-05 01:09:00+00:00,0.2069,1.0,,,,,,,,,,,bullish,bullish,False,False,7.44,6.308,False,False,,,,,,,,,,,,,,,,,,,,,,,,,,,,,,,,,,,,,,,,,,,,,,,,,,,,,,,,,,,,,,,,,,,,,,,,,,,,,,,,,,,,,,0.49840489647999836,19,2026-W19,0.45,False
2026-05-05 02:03:15+00:00,2026-05-05 02:00,KXETHD-26MAY0423-T2359.99,2026-05-05T03:00:00Z,2361.27,2359.99,-0.0544,0.64,real,0.694175,-0.2867,0.00027391,0.00019141,0.00020146,0.9501,0.19,0.00037039,-1.0,-1.0,0.0,1.0,0.0,0.0455,2.0,0.0,0.6514,0.0,4.37e-06,0.0,0.0,0.0,-1.0,-1.0,0.1333,False,False,0.0,-1.0,82.45,87.43,True,1.0,bullish,0.0,0.0,0.054175,0.023047,trade,yes,False,False,42.0,56.71,,0.150485,0.05,30.0,600.0,1.0,-1.0,0.4964,-0.0381,-0.055,-0.055,False,,True,True,16.88,2026-05-05 02:03:15+00:00,0.2244,1.0,,,,,,,,,,,bullish,bullish,False,False,7.333,6.401,False,False,,,,,,,,,,,,,,,,,,,,,,,,,,,,,,,,,,,,,,,,,,,,,,,,,,,,,,,,,,,,,,,,,,,,,,,,,,,,,,,,,,,,,,0.4740612021251785,19,2026-W19,0.64,False
2026-05-05 02:39:31+00:00,2026-05-05 02:00,KXETHD-26MAY0423-T2379.99,2026-05-05T03:00:00Z,2374.43,2379.99,0.234,0.25,real,0.215796,0.5773,0.00088107,0.0009013,0.00076657,1.1757,0.06,0.00089562,-1.0,0.0,1.0,2.0,1.0,0.1294,2.0,0.0,0.6866,0.0,1.25e-05,0.0,1.0,-1.0,-2.0,-2.0,0.5913,False,False,-1.0,-1.0,100.0,88.53,False,1.0,bullish,0.0,0.0,0.064204,0.037358,trade,no,False,False,42.0,20.43,,0.229299,0.05,30.0,600.0,2.0,-10.0,0.3935,0.252,0.3041,0.313,False,,False,True,10.0,2026-05-05 02:39:31+00:00,0.2244,1.0,,,,,,,,,,,bullish,bullish,False,False,6.738,6.919,False,False,,,,,,,,,,,,,,,,,,,,,,,,,,,,,,,,,,,,,,,,,,,,,,,,,,,,,,,,,,,,,,,,,,,,,,,,,,,,,,,,,,,,,,0.4740612021251785,19,2026-W19,0.75,True
2026-05-05 03:29:33+00:00,2026-05-05 03:00,KXETHD-26MAY0500-T2379.99,2026-05-05T04:00:00Z,2376.73,2379.99,0.1371,0.28,real,0.255844,0.5178,0.00071643,0.00053535,0.00042646,1.2553,0.06,0.00052172,0.0,-1.0,0.0,2.0,0.0,-0.0464,2.0,0.0,0.728,0.0,2.15e-06,0.0,1.0,-1.0,-2.0,-2.0,0.5073,False,False,-1.0,-1.0,94.58,83.3,False,1.0,bullish,0.0,0.0,0.054156,0.025829,trade,no,False,False,42.0,30.39,,0.174698,0.05,30.0,600.0,2.0,-8.0,0.3935,0.4171,0.0986,-0.0736,False,,True,False,-30.0,2026-05-05 03:29:33+00:00,0.2005,1.0,,,,,,,,,,,bullish,bullish,False,False,6.635,7.009,False,False,,,,,,,,,,,,,,,,,,,,,,,,,,,,,,,,,,,,,,,,,,,,,,,,,,,,,,,,,,,,,,,,,,,,,,,,,,,,,,,,,,,,,,0.46646042172613134,19,2026-W19,0.72,True
2026-05-05 06:18:17+00:00,2026-05-05 06:00,KXETHD-26MAY0503-T2369.99,2026-05-05T07:00:00Z,2375.21,2369.99,-0.2196,0.75,real,0.801282,-0.9022,0.00047105,0.00047496,0.00050497,0.9406,0.02,0.00049674,0.0,-1.0,0.0,0.0,0.0,-0.0132,2.0,0.0,0.6674,0.0,-2.162e-05,-1.0,0.0,0.0,0.0,0.0,0.0339,False,False,1.0,0.0,41.18,49.34,False,0.0,bullish,0.0,0.0,0.051282,0.023157,trade,yes,False,False,40.0,41.67,,0.205128,0.05,30.0,600.0,1.0,0.0,0.6103,-0.1463,-0.1257,-0.0774,False,,True,True,10.0,2026-05-05 06:18:17+00:00,0.0039,0.0,,,,,,,,,,,bullish,bullish,False,False,6.704,6.95,False,False,True,,,24.04,0.6043,,6.0,,,,,,,,,,,,,,,,,,,,,,,,,,,,,,,,,,,,,,,,,,,,,,,,,,,,,,,,,,,,,,,,,,,,,,,,,,,,,,,0.47523767004211176,19,2026-W19,0.75,False
2026-05-05 08:01:01+00:00,2026-05-05 08:00,KXETHD-26MAY0505-T2369.99,2026-05-05T09:00:00Z,2380.67,2369.99,-0.4488,0.7,real,0.942797,-0.9868,0.00040893,0.00041224,0.00111726,0.369,0.01,0.0007068,1.0,-1.0,0.0,1.0,-1.0,-0.3186,2.0,0.0,0.6472,0.0,-7.27e-06,0.0,0.0,0.0,-1.0,-1.0,0.2575,False,False,0.0,0.0,56.39,64.82,True,1.0,bullish,0.0,0.0,0.242797,0.213097,trade,yes,False,False,42.0,58.93,,0.809322,0.05,30.0,600.0,3.0,-2.0,0.5613,-0.0957,-0.0965,-0.0965,False,,True,True,12.86,2026-05-05 08:01:01+00:00,-0.4284,-1.0,,,,,,,,,,,bullish,bullish,False,False,6.459,7.163,False,False,True,,,24.06,0.1532,,8.0,,,,,,,,,,,,,,,,,,,,,,,,,,,,,,,,,,,,,,,,,,,,,,,,,,,,,,,,,,,,,,,,,,,,,,,,,,,,,,,0.4871318778079121,19,2026-W19,0.7,False
2026-05-05 09:01:36+00:00,2026-05-05 09:00,KXETHD-26MAY0506-T2369.99,2026-05-05T10:00:00Z,2374.51,2369.99,-0.1904,0.75,real,0.870968,-1.0901,0.00043463,0.00028953,0.0003699,0.7827,0.04,0.00033657,1.0,-1.0,0.0,0.0,0.0,0.015,2.0,0.0,0.4528,0.0,5.94e-06,0.0,0.0,0.0,0.0,0.0,0.0513,False,False,1.0,0.0,39.65,33.54,False,0.0,bullish,0.0,0.0,0.120968,0.092843,trade,yes,False,False,40.0,58.35,,0.483871,0.05,30.0,600.0,1.0,0.0,0.6103,-0.1559,0.0,0.0,False,,False,False,-30.0,2026-05-05 09:01:36+00:00,-0.2906,-1.0,,,,,,,,,,,bullish,bullish,False,False,6.735,6.922,False,False,True,,,24.2,0.0,,9.0,,,,,,,,,,,,,,,,,,,,,,,,,,,,,,,,,,,,,,,,,,,,,,,,,,,,,,,,,,,,,,,,,,,,,,,,,,,,,,,0.5232213378843806,19,2026-W19,0.75,True
2026-05-05 10:08:45+00:00,2026-05-05 10:00,KXETHD-26MAY0507-T2369.99,2026-05-05T11:00:00Z,2370.51,2369.99,-0.022,0.57,real,0.626794,-0.1454,0.00038623,0.00031602,0.00017468,1.8092,0.03,0.00027871,1.0,1.0,2.0,0.0,1.0,0.2578,2.0,0.0,0.5835,0.0,3.217e-05,0.0,0.0,0.0,1.0,1.0,-0.2738,False,False,1.0,1.0,6.11,13.32,False,0.0,bullish,0.0,0.0,0.056794,0.024637,trade,yes,False,False,41.0,51.2,,0.13208,0.05,30.0,600.0,0.0,5.0,0.6447,0.0152,-0.1185,0.0,False,,True,True,22.63,2026-05-05 10:08:45+00:00,-0.2509,-1.0,,,,,,,,,,,bullish,bullish,False,False,6.915,6.765,False,False,True,,,22.95,0.0,,10.0,,,,,,,,,,,,,,,,,,,,,,,,,,,,,,,,,,,,,,,,,,,,,,,,,,,,,,,,,,,,,,,,,,,,,,,,,,,,,,,0.507259897316308,19,2026-W19,0.57,True
2026-05-05 11:00:54+00:00,2026-05-05 11:00,KXETHD-26MAY0508-T2369.99,2026-05-05T12:00:00Z,2376.5,2369.99,-0.274,0.7,real,0.801282,-0.8201,0.00029768,0.00025291,0.00068083,0.3715,0.17,0.00064019,1.0,-1.0,0.0,1.0,-1.0,-0.1777,2.0,0.0,0.5641,0.0,3.966e-05,0.0,0.0,0.0,0.0,0.0,0.0096,False,False,0.0,0.0,38.75,42.6,False,0.0,bullish,0.0,0.0,0.101282,0.071582,trade,yes,False,False,40.0,59.05,,0.337607,0.05,30.0,600.0,1.0,0.0,0.6103,-0.0215,-0.1001,-0.1001,False,,True,True,12.86,2026-05-05 11:00:54+00:00,-0.2405,-1.0,,,,,,,,,,,bullish,bullish,False,False,6.645,7.0,False,False,True,,,22.5,0.0,,11.0,,,,,,,,,,,,,,,,,,,,,,,,,,,,,,,,,,,,,,,,,,,,,,,,,,,,,,,,,,,,,,,,,,,,,,,,,,,,,,,0.4766320575191872,19,2026-W19,0.7,False
2026-05-05 13:02:00+00:00,2026-05-05 13:00,KXETHD-26MAY0510-T2389.99,2026-05-05T14:00:00Z,2394.72,2389.99,-0.1974,0.68,real,0.870968,-0.4576,0.00053483,0.00071918,0.00055485,1.2962,0.03,0.00067509,1.0,0.0,1.0,3.0,1.0,0.2306,2.0,0.0,0.5026,-1.0,6.255e-05,0.0,1.0,-1.0,-2.0,-2.0,0.8332,False,False,-1.0,-1.0,100.0,100.0,False,1.0,bullish,0.0,0.0,0.175968,0.145736,trade,yes,False,False,41.0,57.96,,0.549899,0.05,30.0,600.0,4.0,-10.0,0.5144,0.2654,0.2197,0.2197,False,,False,False,-30.0,2026-05-05 13:02:00+00:00,-0.3041,-1.0,,,,,,,,,,,bullish,bullish,False,False,5.834,7.708,False,False,False,,,23.97,0.2709,,13.0,,,,,,,,,,,,,,,,,,,,,,,,,,,,,,,,,,,,,,,,,,,,,,,,,,,,,,,,,,,,,,,,,,,,,,,,,,,,,,,0.49844483514038407,19,2026-W19,0.68,False
2026-05-05 14:04:53+00:00,2026-05-05 14:00,KXETHD-26MAY0511-T2389.99,2026-05-05T15:00:00Z,2391.72,2389.99,-0.0722,0.56,real,0.661538,-0.1201,0.00099151,0.00103412,0.00064448,1.6046,0.03,0.00096476,1.0,-1.0,0.0,0.0,0.0,-0.0584,2.0,1.0,0.9238,0.0,4.735e-05,-1.0,0.0,0.0,-1.0,-1.0,0.2925,False,False,1.0,0.0,49.49,54.46,False,0.0,bullish,0.0,0.0,0.101538,0.06929,trade,yes,False,False,41.0,55.07,,0.230769,0.05,30.0,600.0,3.0,0.0,0.65,-0.2863,-0.3425,0.0457,False,,False,False,-30.0,2026-05-05 14:04:53+00:00,-0.3407,-1.0,,,,,,,,,,,bullish,bullish,False,False,5.967,7.592,False,False,False,,,24.71,0.0002,,14.0,,,,,,,,,,,,,,,,,,,,,,,,,,,,,,,,,,,,,,,,,,,,,,,,,,,,,,,,,,,,,,,,,,,,,,,,,,,,,,,0.539391077473881,19,2026-W19,0.56,True
2026-05-05 14:18:41+00:00,2026-05-05 14:00,KXETHD-26MAY0511-T2369.99,2026-05-05T15:00:00Z,2379.55,2369.99,-0.4017,0.69,real,0.801282,-0.5488,0.00112178,0.00114751,0.00126356,0.9082,0.03,0.00124081,1.0,0.0,1.0,0.0,0.0,0.08,2.0,-1.0,0.9168,0.0,4.794e-05,-1.0,0.0,0.0,0.0,0.0,-0.0779,False,False,1.0,1.0,18.19,32.71,False,0.0,bullish,0.0,0.0,0.111282,0.081309,trade,yes,False,False,41.0,41.27,,0.358974,0.05,30.0,600.0,1.0,1.0,0.5882,-0.6766,-0.5287,-0.3461,False,,True,True,13.48,2026-05-05 14:18:41+00:00,-0.3407,-1.0,,,,,,,,,,,bullish,bullish,False,False,6.509,7.119,False,False,False,,,24.01,0.2184,-0.24,14.0,,,,,,,,,,,,,,,,,,,,,,,,,,,,,,,,,,,,,,,,,,,,,,,,,,,,,,,,,,,,,,,,,,,,,,,,,,,,,,,0.539391077473881,19,2026-W19,0.69,True
2026-05-05 18:13:47+00:00,2026-05-05 18:00,KXETHD-26MAY0515-T2369.99,2026-05-05T19:00:00Z,2370.9,2369.99,-0.0383,0.59,real,0.661538,-0.1462,0.00025503,0.0003651,0.00024759,1.4746,0.05,0.00035675,1.0,-1.0,0.0,1.0,0.0,-0.0952,2.0,1.0,1.0,-1.0,9.931e-05,0.0,0.0,0.0,1.0,1.0,-0.4338,False,False,-1.0,0.0,37.24,20.24,True,0.0,neutral,0.0,0.0,0.056538,0.024605,trade,yes,False,False,40.0,46.18,,0.137899,0.05,30.0,600.0,0.0,0.0,0.5174,0.3272,0.278,0.1026,False,,True,True,20.85,2026-05-05 18:13:47+00:00,-0.4258,-1.0,,,,,,,,,,,bullish,bearish,True,False,6.897,6.78,False,False,True,,,18.25,1.587,,18.0,,,,,,,,,,,,,,,,,,,,,,,,,,,,,,,,,,,,,,,,,,,,,,,,,,,,,,,,,,,,,,,,,,,,,,,,,,,,,,,0.5154367975398018,19,2026-W19,0.59,True
2026-05-05 19:04:57+00:00,2026-05-05 19:00,KXETHD-26MAY0516-T2369.99,2026-05-05T20:00:00Z,2372.12,2369.99,-0.0896,0.61,real,0.666667,-0.3838,0.00036928,0.00028977,0.0004329,0.6694,0.03,0.00037503,1.0,-1.0,0.0,2.0,-1.0,-0.1594,2.0,1.0,0.8051,-1.0,0.00010387,1.0,0.0,0.0,0.0,0.0,-0.2918,False,False,-1.0,0.0,45.7,41.36,False,0.0,neutral,0.0,0.0,0.041667,0.010014,trade,yes,False,False,62.0,55.0,,0.106838,0.05,30.0,600.0,0.0,0.0,0.5174,0.0865,0.0055,0.024,False,,True,True,19.18,2026-05-05 19:04:57+00:00,-0.2226,-1.0,,,,,,,,,,,bullish,bearish,True,False,6.843,6.828,False,False,True,,,17.23,0.0014,,19.0,,,,,,,,,,,,,,,,,,,,,,,,,,,,,,,,,,,,,,,,,,,,,,,,,,,,,,,,,,,,,,,,,,,,,,,,,,,,,,,0.5296262356659863,19,2026-W19,0.61,True
2026-05-05 20:14:03+00:00,2026-05-05 20:00,KXETHD-26MAY0517-T2389.99,2026-05-05T21:00:00Z,2380.57,2389.99,0.3955,0.15,real,0.059539,0.9343,0.00052062,0.00074704,0.00056212,1.329,0.01,0.00067777,0.0,1.0,2.0,2.0,1.0,0.1995,2.0,0.0,0.7565,-1.0,6.233e-05,0.0,-1.0,1.0,2.0,0.0,0.0531,False,True,-1.0,-1.0,97.6,75.59,False,0.0,neutral,0.0,0.0,0.110461,0.092482,trade,no,False,False,22.0,45.9,,0.712651,0.05,30.0,600.0,2.0,-3.0,0.3571,0.2641,0.1923,0.2333,False,,False,True,5.29,2026-05-05 20:14:03+00:00,-0.0529,-1.0,,,,,,,,,,,bullish,bearish,True,False,6.463,7.159,False,False,True,,,16.92,0.3545,0.09,20.0,,,,,,,,,,,,,,,,,,,,,,,,,,,,,,,,,,,,,,,,,,,,,,,,,,,,,,,,,,,,,,,,,,,,,,,,,,,,,,,0.4693813527419889,19,2026-W19,0.85,True
2026-05-05 22:56:41+00:00,2026-05-05 22:00,KXETHD-26MAY0519-T2369.99,2026-05-05T23:00:00Z,2370.72,2369.99,-0.0306,0.54,real,0.598361,-0.0996,0.00116267,0.00157142,0.00168339,0.9335,0.12,0.00157142,0.0,0.0,1.0,1.0,0.0,0.0246,2.0,1.0,0.9781,-1.0,6.086e-05,-1.0,0.0,0.0,0.0,0.0,-0.2771,False,False,0.0,1.0,48.96,34.69,True,-1.0,neutral,0.0,0.0,0.043361,0.010973,trade,yes,False,False,39.0,3.27,,0.094262,0.047131,28.28,600.0,0.0,0.0,0.5174,-0.2596,0.6816,0.4057,False,,False,False,-28.28,2026-05-05 22:56:41+00:00,-0.0203,0.0,,,,,,,,,,,bullish,bearish,True,False,6.906,6.773,False,False,True,,,16.0,1.4921,,22.0,,,,,,,,,,,,,,,,,,,,,,,,,,,,,,,,,,,,,,,,,,,,,,,,,,,,,,,,,,,,,,,,,,,,,,,,,,,,,,,0.5207463478464442,19,2026-W19,0.54,True
2026-05-06 00:03:11+00:00,2026-05-06 00:00,KXETHD-26MAY0521-T2369.99,2026-05-06T01:00:00Z,2360.77,2369.99,0.3904,0.16,real,0.067311,1.1516,0.00056488,0.00055731,0.00052005,1.0716,0.1,0.00059091,-1.0,-1.0,0.0,1.0,0.0,0.002,2.0,1.0,1.0,-1.0,8.727e-05,-1.0,0.0,0.0,0.0,0.0,,False,False,0.0,0.0,22.51,17.13,True,-1.0,neutral,0.0,0.0,0.157689,0.139219,trade,no,False,False,39.0,56.78,,0.750901,0.05,30.0,600.0,-1.0,2.0,0.4946,0.0962,-0.025,0.0305,False,,False,True,5.71,2026-05-06 00:03:11+00:00,-0.0294,0.0,,,,,,,,,,,bullish,bearish,True,False,7.356,6.381,False,False,True,,,14.59,0.0215,,0.0,,,,,,,,,,,,,,,,,,,,,,,,,,,,,,,,,,,,,,,,,,,,,,,,,,,,,,,,,,,,,,,,,,,,,,,,,,,,,,,0.5314353549539275,19,2026-W19,0.84,False
2026-05-06 01:08:31+00:00,2026-05-06 01:00,KXETHD-26MAY0522-T2369.99,2026-05-06T02:00:00Z,2366.04,2369.99,0.167,0.36,real,0.20276,0.4494,0.00070128,0.00064884,0.00064934,0.9992,0.03,0.0006815,-1.0,-1.0,0.0,1.0,0.0,-0.018,2.0,0.0,0.7844,-1.0,6.088e-05,1.0,0.0,0.0,-1.0,-1.0,0.1823,False,False,-1.0,0.0,44.6,37.38,False,0.0,neutral,0.0,0.0,0.18724,0.161565,trade,no,False,False,40.0,51.39,,0.499307,0.05,30.0,600.0,-1.0,0.0,0.4552,0.2189,0.0461,0.0533,False,,True,False,-30.0,2026-05-06 01:08:31+00:00,0.0575,1.0,,,,,,,,,,,bullish,bearish,True,False,7.117,6.589,False,False,True,,,13.75,0.013,,1.0,,,,,,,,,,,,,,,,,,,,,,,,,,,,,,,,,,,,,,,,,,,,,,,,,,,,,,,,,,,,,,,,,,,,,,,,,,,,,,,0.5186058126934047,19,2026-W19,0.64,False
2026-05-06 02:31:35+00:00,2026-05-06 02:00,KXETHD-26MAY0523-T2369.99,2026-05-06T03:00:00Z,2361.61,2369.99,0.3547,0.14,real,0.069953,1.3036,0.00043673,0.00039732,0.00061545,0.6456,0.12,0.00055439,-1.0,-1.0,0.0,0.0,0.0,0.014,2.0,-1.0,0.997,0.0,2.785e-05,1.0,0.0,0.0,1.0,1.0,-0.24,False,False,1.0,0.0,31.59,52.55,False,-1.0,neutral,0.0,0.0,0.130047,0.110493,trade,no,False,False,40.0,28.36,,0.650234,0.05,30.0,600.0,-1.0,2.0,0.4946,-0.4418,-0.3679,-0.1805,False,,False,True,4.88,2026-05-06 02:31:35+00:00,0.0598,1.0,,,,,,,,,,,bullish,bearish,True,False,7.318,6.414,False,False,True,,,13.27,0.2396,-0.4,2.0,,,,,,,,,,,,,,,,,,,,,,,,,,,,,,,,,,,,,,,,,,,,,,,,,,,,,,,,,,,,,,,,,,,,,,,,,,,,,,,0.49686563415512547,19,2026-W19,0.86,True
2026-05-06 03:02:36+00:00,2026-05-06 03:00,KXETHD-26MAY0600-T2369.99,2026-05-06T04:00:00Z,2370.22,2369.99,-0.0097,0.39,real,0.598361,-0.0371,0.000422,0.00045195,,,0.01,0.00045195,-1.0,0.0,1.0,0.0,1.0,0.17,2.0,-1.0,0.9419,0.0,2.949e-05,0.0,0.0,0.0,0.0,0.0,0.1293,False,False,0.0,0.0,72.29,64.0,False,0.0,neutral,0.0,0.0,0.208361,0.176708,trade,yes,False,False,41.0,57.35,,0.341575,0.05,30.0,600.0,0.0,0.0,0.5174,0.2945,0.2305,-0.0181,False,,True,True,46.92,2026-05-06 03:02:36+00:00,0.0627,1.0,,,,,,,,,,,bullish,bearish,True,False,6.928,6.754,False,False,True,,,12.34,0.0003,,3.0,,,,,,,,,,,,,,,,,,,,,,,,,,,,,,,,,,,,,,,,,,,,,,,,,,,,,,,,,,,,,,,,,,,,,,,,,,,,,,,0.4991283531580108,19,2026-W19,0.39,False
2026-05-06 04:03:23+00:00,2026-05-06 04:00,KXETHD-26MAY0601-T2389.99,2026-05-06T05:00:00Z,2376.5,2389.99,0.5678,0.08,real,0.040664,1.8307,0.00060013,0.00033167,0.00053579,0.619,0.14,0.00048954,-1.0,-1.0,0.0,1.0,0.0,-0.0551,2.0,0.0,0.782,0.0,4.796e-05,0.0,0.0,0.0,-1.0,-1.0,0.3833,False,False,-1.0,-1.0,83.75,80.53,True,0.0,neutral,0.0,0.0,0.109336,0.091605,trade,no,False,False,41.0,56.56,,0.728907,0.05,30.0,600.0,0.0,-2.0,0.4718,0.0606,0.0362,0.0724,False,,False,True,2.61,2026-05-06 04:03:23+00:00,0.103,1.0,,,,,,,,,,,bullish,bearish,True,False,6.646,7.0,False,False,True,,,12.84,0.004,,4.0,,,,,,,,,,,,,,,,,,,,,,,,,,,,,,,,,,,,,,,,,,,,,,,,,,,,,,,,,,,,,,,,,,,,,,,,,,,,,,,0.5297850807200609,19,2026-W19,0.92,False
2026-05-06 04:05:31+00:00,2026-05-06 04:00,KXETHD-26MAY0601-T2369.99,2026-05-06T05:00:00Z,2376.17,2369.99,-0.2599,0.71,real,0.757746,-0.9808,0.00057956,0.00027716,0.00063741,0.4348,0.01,0.00042814,-1.0,-1.0,0.0,1.0,0.0,-0.0571,2.0,0.0,0.7811,0.0,4.796e-05,0.0,0.0,0.0,-1.0,-1.0,0.3508,False,False,-1.0,-1.0,80.82,79.55,True,0.0,neutral,0.0,0.0,0.047746,0.018333,trade,yes,False,False,40.0,54.44,,0.164643,0.05,30.0,600.0,0.0,-2.0,0.4718,-0.1681,0.04,0.04,False,,False,False,-30.0,2026-05-06 04:05:31+00:00,0.103,1.0,,,,,,,,,,,bullish,bearish,True,False,6.66,6.987,False,False,True,,,12.84,0.004,,4.0,,,,,,,,,,,,,,,,,,,,,,,,,,,,,,,,,,,,,,,,,,,,,,,,,,,,,,,,,,,,,,,,,,,,,,,,,,,,,,,0.5297850807200609,19,2026-W19,0.71,True
2026-05-06 05:04:15+00:00,2026-05-06 05:00,KXETHD-26MAY0602-T2369.99,2026-05-06T06:00:00Z,2364.49,2369.99,0.2326,0.24,real,0.186023,0.512,0.00062645,0.00086136,0.00044065,1.9548,0.18,0.00079981,-1.0,-1.0,0.0,0.0,0.0,-0.0291,2.0,0.0,0.7624,0.0,4.228e-05,0.0,0.0,0.0,0.0,0.0,-0.1027,False,False,1.0,0.0,22.46,33.59,False,-1.0,neutral,0.0,0.0,0.143977,0.118378,trade,no,False,False,40.0,55.7,,0.436295,0.05,30.0,600.0,-1.0,0.0,0.4552,-0.2968,-0.0642,-0.0824,False,,False,True,9.47,2026-05-06 05:04:15+00:00,0.124,1.0,,,,,,,,,,,bullish,bearish,True,False,7.187,6.528,False,False,True,,,11.5,0.0002,,5.0,,,,,,,,,,,,,,,,,,,,,,,,,,,,,,,,,,,,,,,,,,,,,,,,,,,,,,,,,,,,,,,,,,,,,,,,,,,,,,,0.5403396709998679,19,2026-W19,0.76,False
2026-05-06 06:02:48+00:00,2026-05-06 06:00,KXETHD-26MAY0603-T2369.99,2026-05-06T07:00:00Z,2365.6,2369.99,0.1854,0.23,real,0.171706,0.6805,0.0004944,0.00041829,0.00033165,1.2612,0.2,0.00047378,-1.0,-1.0,0.0,1.0,0.0,-0.0133,2.0,-1.0,0.9821,-1.0,5.669e-05,0.0,0.0,0.0,0.0,0.0,0.0347,False,False,0.0,0.0,42.47,33.26,True,-1.0,neutral,0.0,0.0,0.173294,0.149043,trade,no,False,False,41.0,57.15,,0.525132,0.05,30.0,600.0,-1.0,0.0,0.4552,0.0245,0.2211,0.0736,False,,True,False,-30.0,2026-05-06 06:02:48+00:00,0.1289,1.0,,,,,,,,,,,bullish,bearish,True,False,7.137,6.572,False,False,True,,,11.25,0.0032,,6.0,,,,,,,,,,,,,,,,,,,,,,,,,,,,,,,,,,,,,,,,,,,,,,,,,,,,,,,,,,,,,,,,,,,,,,,,,,,,,,,0.5038459011932841,19,2026-W19,0.77,False
2026-05-06 07:10:02+00:00,2026-05-06 07:00,KXETHD-26MAY0604-T2369.99,2026-05-06T08:00:00Z,2371.2,2369.99,-0.0511,0.53,real,0.746479,-0.1465,0.00027546,0.00031377,0.00096083,0.3266,0.01,0.00064959,-1.0,-1.0,0.0,1.0,0.0,-0.0604,2.0,-1.0,0.8754,-1.0,6.227e-05,0.0,0.0,0.0,-1.0,-1.0,0.2728,False,False,-1.0,0.0,71.7,63.0,False,0.0,neutral,0.0,0.0,0.201479,0.169042,trade,yes,False,False,41.0,49.91,,0.428678,0.05,30.0,600.0,-1.0,0.0,0.4552,0.1216,0.0734,0.0612,False,,True,True,26.6,2026-05-06 07:10:02+00:00,0.1709,1.0,,,,,,,,,,,bullish,bearish,True,False,6.884,6.792,False,False,True,,,10.17,0.0123,,7.0,,,,,,,,,,,,,,,,,,,,,,,,,,,,,,,,,,,,,,,,,,,,,,,,,,,,,,,,,,,,,,,,,,,,,,,,,,,,,,,0.5083922464252827,19,2026-W19,0.53,True
2026-05-06 08:35:11+00:00,2026-05-06 08:00,KXETHD-26MAY0605-T2389.99,2026-05-06T09:00:00Z,2384.24,2389.99,0.241,0.15,real,0.070893,1.041,0.00039431,0.0004822,0.00046683,1.0329,0.07,0.0005052,0.0,0.0,1.0,2.0,1.0,0.1223,2.0,0.0,0.7046,0.0,4.225e-05,0.0,1.0,-1.0,-2.0,-2.0,0.6568,False,False,-1.0,-1.0,89.39,86.8,False,1.0,neutral,0.0,0.0,0.114107,0.094496,trade,no,False,False,40.0,24.75,,0.616793,0.05,30.0,600.0,1.0,-8.0,0.4343,0.2074,0.2888,0.167,False,,True,False,-30.0,2026-05-06 08:35:11+00:00,0.1721,1.0,,,,,,,,,,,bullish,bearish,True,False,6.299,7.302,False,False,True,,,10.71,1.1574,0.13,8.0,,,,,,,,,,,,,,,,,,,,,,,,,,,,,,,,,,,,,,,,,,,,,,,,,,,,,,,,,,,,,,,,,,,,,,,,,,,,,,,0.46411236114011734,19,2026-W19,0.85,True
2026-05-06 09:05:01+00:00,2026-05-06 09:00,KXETHD-26MAY0606-T2389.99,2026-05-06T10:00:00Z,2391.27,2389.99,-0.0536,0.57,real,0.626794,-0.1147,0.00066895,0.00075884,0.00040998,1.8509,0.04,0.00068548,0.0,-1.0,0.0,2.0,0.0,0.0601,2.0,0.0,0.5877,0.0,3.669e-05,0.0,1.0,-1.0,-2.0,-2.0,1.039,False,False,-1.0,-1.0,89.73,91.36,True,1.0,bullish,0.0,0.0,0.056794,0.024637,trade,yes,False,False,41.0,54.93,,0.13208,0.05,30.0,600.0,4.0,-9.0,0.5144,0.328,-0.1269,-0.0957,False,,True,True,22.63,2026-05-06 09:05:01+00:00,0.1296,1.0,,,,,,,,,,,bullish,bullish,True,False,5.987,7.575,False,False,True,,,12.22,0.0506,,9.0,,,,,,,,,,,,,,,,,,,,,,,,,,,,,,,,,,,,,,,,,,,,,,,,,,,,,,,,,,,,,,,,,,,,,,,,,,,,,,,0.4779307350860627,19,2026-W19,0.57,False
2026-05-06 09:46:37+00:00,2026-05-06 09:00,KXETHD-26MAY0606-T2409.99,2026-05-06T10:00:00Z,2410.84,2409.99,-0.0352,0.58,real,0.757746,-0.085,0.00088784,0.00101271,0.00047772,2.1199,0.06,0.00091463,0.0,-1.0,0.0,3.0,-1.0,-0.1473,2.0,0.0,0.5948,0.0,3.667e-05,0.0,1.0,-1.0,-2.0,-2.0,1.0597,False,False,-1.0,-1.0,85.08,88.58,True,1.0,bullish,0.0,0.0,0.177746,0.145694,trade,yes,False,False,41.0,13.33,,0.423206,0.05,30.0,600.0,5.0,-10.0,0.5144,0.7369,0.4459,-0.1603,False,,True,True,21.72,2026-05-06 09:46:37+00:00,0.1296,1.0,,,,,,,,,,,bullish,bullish,False,False,5.126,8.325,False,False,True,,,13.25,5.9534,,9.0,,,,,,,,,,,,,,,,,,,,,,,,,,,,,,,,,,,,,,,,,,,,,,,,,,,,,,,,,,,,,,,,,,,,,,,,,,,,,,,0.4779307350860627,19,2026-W19,0.58,False
2026-05-06 10:04:47+00:00,2026-05-06 10:00,KXETHD-26MAY0607-T2409.99,2026-05-06T11:00:00Z,2411.05,2409.99,-0.0441,0.62,real,0.754941,-0.1208,0.00074973,0.00054099,0.00019452,2.7812,0.15,0.00053486,0.0,-1.0,0.0,2.0,0.0,-0.0639,2.0,-1.0,0.8122,0.0,4.012e-05,1.0,1.0,-1.0,-2.0,-2.0,1.0871,False,False,-1.0,-1.0,86.73,91.58,True,1.0,bullish,0.0,0.0,0.134941,0.103449,trade,yes,False,False,43.0,55.15,,0.355107,0.05,30.0,600.0,5.0,-8.0,0.5144,0.5449,0.0963,-0.0298,False,,True,True,18.39,2026-05-06 10:04:47+00:00,0.2654,1.0,,,,,,,,,,,bullish,bullish,False,False,5.117,8.333,False,False,False,,,15.06,0.0008,,10.0,,,,,,,,,,,,,,,,,,,,,,,,,,,,,,,,,,,,,,,,,,,,,,,,,,,,,,,,,,,,,,,,,,,,,,,,,,,,,,,0.46858622865028626,19,2026-W19,0.62,False
2026-05-06 11:04:24+00:00,2026-05-06 11:00,KXETHD-26MAY0608-T2409.99,2026-05-06T12:00:00Z,2411.54,2409.99,-0.0643,0.68,real,0.757746,-0.2411,0.00048229,0.00044241,0.00018459,2.3966,0.19,0.00042628,0.0,-1.0,0.0,2.0,0.0,0.0539,2.0,1.0,0.9416,0.0,4.427e-05,1.0,1.0,-1.0,-2.0,-2.0,0.9211,False,False,-1.0,-1.0,85.53,85.02,False,1.0,bullish,0.0,0.0,0.077746,0.047514,trade,yes,False,False,43.0,55.55,,0.242958,0.05,30.0,600.0,5.0,-8.0,0.5144,-0.0464,-0.1023,-0.0299,False,,True,True,14.12,2026-05-06 11:04:24+00:00,0.2897,1.0,,,,,,,,,,,bullish,bullish,False,False,5.096,8.352,False,False,False,,,16.82,0.0005,,11.0,,,,,,,,,,,,,,,,,,,,,,,,,,,,,,,,,,,,,,,,,,,,,,,,,,,,,,,,,,,,,,,,,,,,,,,,,,,,,,,0.4688119824139091,19,2026-W19,0.68,False
2026-05-06 13:01:29+00:00,2026-05-06 13:00,KXETHD-26MAY0610-T2389.99,2026-05-06T14:00:00Z,2395.74,2389.99,-0.2399,0.67,real,0.757746,-0.4205,0.00070992,0.00093894,0.00071412,1.3148,0.04,0.00088948,0.0,0.0,1.0,0.0,0.0,0.0279,2.0,0.0,0.2951,0.0,3.882e-05,-1.0,0.0,0.0,0.0,0.0,0.064,False,False,1.0,1.0,0.0,35.19,False,0.0,bullish,0.0,0.0,0.087746,0.057269,trade,yes,False,False,42.0,58.46,,0.265898,0.05,30.0,600.0,2.0,2.0,0.7667,-0.5748,-0.6107,-0.3772,False,,False,False,-30.0,2026-05-06 13:01:29+00:00,0.2497,1.0,,,,,,,,,,,bullish,bullish,False,False,5.789,7.747,False,False,False,,,18.94,0.0097,,13.0,,,,,,,,,,,,,,,,,,,,,,,,,,,,,,,,,,,,,,,,,,,,,,,,,,,,,,,,,,,,,,,,,,,,,,,,,,,,,,,0.5342496689444249,19,2026-W19,0.67,True
2026-05-06 13:37:44+00:00,2026-05-06 13:00,KXETHD-26MAY0610-T2369.99,2026-05-06T14:00:00Z,2378.88,2369.99,-0.3735,0.75,real,0.801282,-0.6269,0.00097971,0.00095629,0.0011775,0.8121,0.04,0.00109216,0.0,0.0,1.0,0.0,0.0,-0.0482,2.0,0.0,0.713,0.0,4.594e-05,-1.0,0.0,0.0,1.0,1.0,-0.6485,False,False,1.0,1.0,2.87,5.74,False,0.0,neutral,0.0,0.0,0.051282,0.023157,trade,yes,False,False,42.0,22.2,,0.205128,0.05,30.0,600.0,1.0,9.0,0.7143,-0.3427,-0.1406,-0.3089,False,,False,False,-30.0,2026-05-06 13:37:44+00:00,0.2497,1.0,,,,,,,,,,,bullish,bullish,False,False,6.539,7.093,False,False,False,,,17.69,2.2616,-0.13,13.0,,,,,,,,,,,,,,,,,,,,,,,,,,,,,,,,,,,,,,,,,,,,,,,,,,,,,,,,,,,,,,,,,,,,,,,,,,,,,,,0.5342496689444249,19,2026-W19,0.75,True
2026-05-06 14:05:37+00:00,2026-05-06 14:00,KXETHD-26MAY0611-T2349.99,2026-05-06T15:00:00Z,2359.72,2349.99,-0.4125,0.74,real,0.870968,-0.5555,0.00101608,0.00102449,0.00087171,1.1753,0.05,0.00100959,1.0,1.0,2.0,2.0,-1.0,-0.1137,2.0,0.0,0.7915,-1.0,5.168e-05,-1.0,-1.0,1.0,2.0,2.0,-1.4156,False,False,1.0,1.0,0.33,3.92,True,0.0,neutral,0.0,0.0,0.115968,0.0875,trade,yes,False,False,40.0,54.34,,0.44603,0.05,30.0,600.0,-1.0,10.0,0.5376,-1.0503,-0.4204,-0.3144,False,,True,True,10.54,2026-05-06 14:05:37+00:00,0.1037,1.0,,,,,,,,,,,bullish,bullish,False,False,7.404,6.339,False,False,False,,,16.42,0.123,,14.0,,,,,,,,,,,,,,,,,,,,,,,,,,,,,,,,,,,,,,,,,,,,,,,,,,,,,,,,,,,,,,,,,,,,,,,,,,,,,,,0.5366426813895229,19,2026-W19,0.74,True
2026-05-06 14:46:20+00:00,2026-05-06 14:00,KXETHD-26MAY0611-T2369.99,2026-05-06T15:00:00Z,2370.85,2369.99,-0.0364,0.52,real,0.626794,-0.0293,0.00098773,0.00084599,0.00196624,0.4303,0.03,0.00365475,1.0,-1.0,0.0,1.0,0.0,-0.0615,2.0,0.0,0.5942,-1.0,6.282e-05,-1.0,0.0,0.0,1.0,1.0,-0.7876,False,False,0.0,0.0,36.08,30.12,False,0.0,neutral,0.0,0.0,0.091794,0.059322,trade,yes,False,False,40.0,13.61,,0.191238,0.05,30.0,600.0,0.0,2.0,0.5909,0.5085,0.1956,0.2583,False,,False,False,-30.0,2026-05-06 14:46:20+00:00,0.1037,1.0,,,,,,,,,,,bullish,bullish,False,False,6.9,6.779,False,False,False,,,17.04,1.5143,,14.0,,,,,,,,,,,,,,,,,,,,,,,,,,,,,,,,,,,,,,,,,,,,,,,,,,,,,,,,,,,,,,,,,,,,,,,,,,,,,,,0.5366426813895229,19,2026-W19,0.52,True
2026-05-06 15:17:23+00:00,2026-05-06 15:00,KXETHD-26MAY0612-T2369.99,2026-05-06T16:00:00Z,2362.1,2369.99,0.3341,0.27,real,0.133221,0.6409,0.00077503,0.00074454,0.00083411,0.8926,0.02,0.00079752,1.0,0.0,1.0,1.0,0.0,0.0927,2.0,0.0,0.4537,-1.0,6.953e-05,-1.0,0.0,0.0,1.0,1.0,-1.0829,False,False,1.0,1.0,26.18,19.86,True,-1.0,bearish,0.0,0.0,0.161779,0.139481,trade,no,False,False,40.0,42.57,,0.577781,0.05,30.0,600.0,-2.0,2.0,0.5,-0.1896,0.1021,0.1123,False,,False,True,11.1,2026-05-06 15:17:23+00:00,0.0409,0.0,,,,,,,,,,,bullish,bullish,False,False,7.296,6.433,False,False,False,,,16.92,0.3599,,15.0,,,,,,,,,,,,,,,,,,,,,,,,,,,,,,,,,,,,,,,,,,,,,,,,,,,,,,,,,,,,,,,,,,,,,,,,,,,,,,,0.550545794829768,19,2026-W19,0.73,False
2026-05-06 16:32:10+00:00,2026-05-06 16:00,KXETHD-26MAY0613-T2349.99,2026-05-06T17:00:00Z,2351.12,2349.99,-0.0482,0.54,real,0.626794,-0.0844,0.00058271,0.00070076,0.00091119,0.7691,0.03,0.00100421,1.0,1.0,2.0,1.0,0.0,0.0863,2.0,0.0,0.6383,-1.0,8.924e-05,0.0,-1.0,1.0,2.0,2.0,-1.5077,False,False,1.0,1.0,13.69,19.54,False,-1.0,bearish,0.0,0.0,0.071794,0.039406,trade,yes,False,False,39.0,27.78,,0.156074,0.05,30.0,600.0,-1.0,10.0,0.5376,-0.2595,-0.1689,-0.306,False,,True,True,25.56,2026-05-06 16:32:10+00:00,0.0233,0.0,,,,,,,,,,,bullish,bearish,True,False,2.515,5.996,False,False,False,,,16.9,1.2162,,16.0,,,,,,,,,,,,,,,,,,,,,,,,,,,,,,,,,,,,,,,,,,,,,,,,,,,,,,,,,,,,,,,,,,,,,,,,,,,,,,,0.5471639527038348,19,2026-W19,0.54,True
2026-05-06 17:16:47+00:00,2026-05-06 17:00,KXETHD-26MAY0614-T2349.99,2026-05-06T18:00:00Z,2354.67,2349.99,-0.1987,0.64,real,0.754941,-0.4241,0.0006402,0.00060306,0.00084463,0.714,0.05,0.00077605,0.0,-1.0,0.0,1.0,0.0,-0.0775,2.0,0.0,0.6795,-1.0,0.00011036,-1.0,0.0,0.0,1.0,1.0,-1.4165,False,False,1.0,0.0,32.48,37.27,False,-1.0,bearish,0.0,0.0,0.099941,0.068813,trade,yes,False,False,39.0,43.16,,0.277613,0.05,30.0,600.0,-1.0,5.0,0.5376,-0.1887,-0.2204,-0.2703,False,,False,False,-30.0,2026-05-06 17:16:47+00:00,0.0105,0.0,,,,,,,,,,,bullish,bearish,True,False,2.361,6.138,False,False,False,,,16.93,0.017,-0.21,17.0,,,,,,,,,,,,,,,,,,,,,,,,,,,,,,,,,,,,,,,,,,,,,,,,,,,,,,,,,,,,,,,,,,,,,,,,,,,,,,,0.556885978284358,19,2026-W19,0.64,True
2026-05-06 18:12:51+00:00,2026-05-06 18:00,KXETHD-26MAY0615-T2349.99,2026-05-06T19:00:00Z,2339.89,2349.99,0.4318,0.16,real,0.060095,0.8511,0.00055218,0.00069958,0.00063125,1.1082,0.02,0.00068291,0.0,1.0,2.0,1.0,0.0,0.0965,2.0,0.0,0.5422,-1.0,0.00011767,0.0,-1.0,1.0,2.0,2.0,-1.9335,False,False,1.0,1.0,6.06,7.35,False,-1.0,bearish,0.0,0.0,0.124905,0.10689,trade,no,False,False,39.0,47.11,,0.734733,0.05,30.0,600.0,-3.0,11.0,0.4799,-0.4364,-0.4131,-0.4131,False,,False,True,5.71,2026-05-06 18:12:51+00:00,-0.0069,0.0,,,,,,,,,,,bullish,bearish,False,False,3.008,5.545,False,False,False,,,17.73,0.7416,-0.42,18.0,,,,,,,,,,,,,,,,,,,,,,,,,,,,,,,,,,,,,,,,,,,,,,,,,,,,,,,,,,,,,,,,,,,,,,,,,,,,,,,0.5538451288683461,19,2026-W19,0.84,False
2026-05-06 19:01:53+00:00,2026-05-06 19:00,KXETHD-26MAY0617-T2349.99,2026-05-06T21:00:00Z,2345.33,2349.99,0.1986,0.37,real,0.231728,0.3756,0.00061705,0.00048244,0.00055038,0.8765,0.02,0.00052862,0.0,-1.0,0.0,1.0,0.0,0.004,2.0,0.0,0.7865,-1.0,0.00012031,0.0,0.0,0.0,1.0,1.0,-1.6715,False,False,1.0,0.0,25.97,27.97,False,-1.0,bearish,0.0,0.0,0.163272,0.136389,trade,no,False,False,60.0,118.05,,0.429663,0.05,30.0,600.0,-3.0,6.0,0.4799,-0.0196,0.0537,-0.1162,False,,False,True,17.62,2026-05-06 19:01:53+00:00,0.0119,0.0,,,,,,,,,,,bullish,bearish,True,False,2.768,5.764,False,False,False,,,18.3,0.0334,,19.0,,,,,,,,,,,,,,,,,,,,,,,,,,,,,,,,,,,,,,,,,,,,,,,,,,,,,,,,,,,,,,,,,,,,,,,,,,,,,,,0.5558641020792825,19,2026-W19,0.63,False
2026-05-06 19:02:58+00:00,2026-05-06 19:00,KXETHD-26MAY0616-T2349.99,2026-05-06T20:00:00Z,2345.68,2349.99,0.1835,0.31,real,0.23542,0.5571,0.00061753,0.00045376,0.00048995,0.9261,0.01,0.00047398,0.0,-1.0,0.0,2.0,-1.0,-0.1716,2.0,0.0,0.7857,-1.0,0.0001205,0.0,0.0,0.0,1.0,1.0,-1.6562,False,False,1.0,0.0,27.31,28.41,False,-1.0,bearish,0.0,0.0,0.09458,0.067552,trade,no,False,False,60.0,56.97,,0.300255,0.05,30.0,600.0,-3.0,6.0,0.4799,0.1028,0.0175,-0.0656,False,,False,True,13.48,2026-05-06 19:02:58+00:00,0.0119,0.0,,,,,,,,,,,bullish,bearish,True,False,2.753,5.778,False,False,False,,,18.3,0.0339,,19.0,,,,,,,,,,,,,,,,,,,,,,,,,,,,,,,,,,,,,,,,,,,,,,,,,,,,,,,,,,,,,,,,,,,,,,,,,,,,,,,0.5558641020792825,19,2026-W19,0.69,False
2026-05-06 22:26:06+00:00,2026-05-06 22:00,KXETHD-26MAY0619-T2349.99,2026-05-06T23:00:00Z,2346.64,2349.99,0.1426,0.26,real,0.169705,0.7614,0.00039637,0.00030962,0.00038073,0.8132,0.03,0.00034967,0.0,0.0,1.0,1.0,0.0,-0.0139,2.0,0.0,0.5788,-1.0,9.513e-05,0.0,-1.0,1.0,2.0,2.0,-1.5304,False,False,1.0,0.0,26.2,55.07,False,-1.0,bearish,0.0,0.0,0.120295,0.096141,trade,no,False,False,39.0,33.84,,0.437436,0.05,30.0,600.0,-3.0,5.0,0.4799,-0.3329,-0.1039,-0.0626,False,,False,True,10.54,2026-05-06 22:26:06+00:00,-0.0079,0.0,,,,,,,,,,,bullish,bearish,True,False,2.711,5.817,False,False,False,,,18.39,0.1564,-0.47,22.0,,,,,,,,,,,,,,,,,,,,,,,,,,,,,,,,,,,,,,,,,,,,,,,,,,,,,,,,,,,,,,,,,,,,,,,,,,,,,,,0.5378003844029161,19,2026-W19,0.74,False
2026-05-06 23:01:24+00:00,2026-05-06 23:00,KXETHD-26MAY0620-T2349.99,2026-05-07T00:00:00Z,2345.33,2349.99,0.1985,0.17,real,0.155996,0.6554,0.00043139,0.00055592,0.00027164,2.0466,0.11,0.0004708,0.0,1.0,2.0,1.0,0.0,0.0877,2.0,1.0,0.8359,-1.0,9.174e-05,0.0,-1.0,1.0,2.0,2.0,-1.3897,False,False,1.0,1.0,3.26,25.81,False,-1.0,bearish,0.0,0.0,0.084004,0.060526,trade,no,False,False,39.0,58.56,,0.373352,0.05,30.0,600.0,-3.0,7.0,0.4799,-0.1409,-0.0072,-0.2004,False,,True,False,-30.0,2026-05-06 23:01:24+00:00,-0.0407,0.0,,,,,,,,,,,bullish,bearish,False,False,2.768,5.764,False,False,False,,,18.64,0.0018,,23.0,,,,,,,,,,,,,,,,,,,,,,,,,,,,,,,,,,,,,,,,,,,,,,,,,,,,,,,,,,,,,,,,,,,,,,,,,,,,,,,0.5291596264739725,19,2026-W19,0.83,False
2026-05-07 00:00:10+00:00,2026-05-07 00:00,KXETHD-26MAY0621-T2349.99,2026-05-07T01:00:00Z,2350.7,2349.99,-0.03,0.54,real,0.598361,-0.096,0.00042726,0.000303,0.00038695,0.7831,0.05,0.00059514,-1.0,-1.0,0.0,1.0,0.0,-0.0633,2.0,0.0,0.6173,-1.0,9.009e-05,0.0,0.0,0.0,0.0,0.0,,False,False,0.0,0.0,66.24,63.73,False,0.0,bearish,0.0,0.0,0.043361,0.010973,trade,yes,False,False,35.0,59.79,,0.094262,0.047131,28.28,600.0,-2.0,2.0,0.5,0.0566,0.106,-0.0251,False,,False,False,-28.28,2026-05-07 00:00:10+00:00,-0.136,-1.0,,,,,,,,,,,bullish,bearish,True,False,2.534,5.979,False,False,False,,,19.23,0.084,,0.0,,,,,,,,,,,,,,,,,,,,,,,,,,,,,,,,,,,,,,,,,,,,,,,,,,,,,,,,,,,,,,,,,,,,,,,,,,,,,,,0.6057216196728016,19,2026-W19,0.54,True
2026-05-07 00:22:03+00:00,2026-05-07 00:00,KXETHD-26MAY0621-T2349.99,2026-05-07T01:00:00Z,2347.07,2349.99,0.1245,0.26,real,0.154073,0.817,0.00030257,0.00035619,0.00031406,1.1341,0.07,0.0003637,-1.0,-1.0,0.0,2.0,-1.0,-0.1122,2.0,0.0,0.7086,-1.0,7.045e-05,0.0,0.0,0.0,0.0,0.0,,False,False,0.0,0.0,49.77,61.04,False,-1.0,bearish,0.0,0.0,0.155927,0.132546,trade,no,False,False,38.0,37.9,,0.528567,0.05,30.0,600.0,-2.0,2.0,0.5,-0.0349,-0.1679,0.0021,False,,False,True,10.54,2026-05-07 00:22:03+00:00,,0.0,,,,,,,,,,,bullish,bearish,True,False,2.692,5.834,False,False,False,,,19.14,0.2036,,0.0,,,,,,,,,,,,,,,,,,,,,,,,,,,,,,,,,,,,,,,,,,,,,,,,,,,,,,,,,,,,,,,,,,,,,,,,,,,,,,,0.6057216196728016,19,2026-W19,0.74,False
2026-05-07 01:00:41+00:00,2026-05-07 01:00,KXETHD-26MAY0622-T2349.99,2026-05-07T02:00:00Z,2329.78,2349.99,0.8676,0.04,real,0.010138,1.4762,0.00064551,0.00091509,0.0006412,1.4272,0.24,0.00100057,-1.0,1.0,2.0,1.0,0.0,-0.0511,2.0,0.0,0.4688,-1.0,5.704e-05,0.0,-1.0,1.0,2.0,2.0,-0.4191,False,False,1.0,1.0,2.64,1.68,True,-1.0,bearish,0.0,0.0,0.13,0.112963,trade,no,False,False,39.0,59.22,,0.8125,0.05,30.0,600.0,-3.0,9.0,0.4799,-0.6397,-0.3516,-0.1149,False,,False,True,1.25,2026-05-07 01:00:41+00:00,,0.0,,,,,,,,,,,bullish,bearish,False,False,3.455,5.135,False,False,False,,,20.59,0.0006,,1.0,,,,,,,,,,,,,,,,,,,,,,,,,,,,,,,,,,,,,,,,,,,,,,,,,,,,,,,,,,,,,,,,,,,,,,,,,,,,,,,0.5660080450550162,19,2026-W19,0.96,False
2026-05-07 01:08:14+00:00,2026-05-07 01:00,KXETHD-26MAY0622-T2309.99,2026-05-07T02:00:00Z,2325.3,2309.99,-0.6583,0.74,real,0.801282,-0.7589,0.0008457,0.00119332,0.00142764,0.8359,0.02,0.0013155,-1.0,1.0,3.0,1.0,1.0,0.2087,2.0,0.0,0.5416,-1.0,6.331e-05,0.0,-1.0,1.0,2.0,2.0,-0.4797,False,False,1.0,1.0,21.07,7.82,True,-1.0,bearish,0.0,0.0,0.046282,0.017814,trade,yes,False,False,39.0,51.71,,0.178008,0.05,30.0,600.0,-3.0,5.0,0.4799,-0.8453,-0.326,-0.0765,False,,True,True,10.54,2026-05-07 01:08:14+00:00,,0.0,,,,,,,,,,,bullish,bearish,False,False,3.654,4.952,False,False,False,,,21.22,0.131,,1.0,,,,,,,,,,,,,,,,,,,,,,,,,,,,,,,,,,,,,,,,,,,,,,,,,,,,,,,,,,,,,,,,,,,,,,,,,,,,,,,0.5660080450550162,19,2026-W19,0.74,True
2026-05-07 01:37:36+00:00,2026-05-07 01:00,KXETHD-26MAY0622-T2329.99,2026-05-07T02:00:00Z,2331.47,2329.99,-0.0633,0.6,real,0.661538,-0.2081,0.00097187,0.00073149,0.00052884,1.3832,0.07,0.00076636,-1.0,0.0,1.0,1.0,1.0,0.2275,2.0,0.0,0.5732,-1.0,5.47e-05,0.0,0.0,0.0,0.0,0.0,-0.0971,False,False,1.0,0.0,38.24,37.52,False,-1.0,bearish,0.0,0.0,0.046538,0.014738,trade,yes,False,False,38.0,22.35,,0.116346,0.05,30.0,600.0,-3.0,4.0,0.5492,0.2457,-0.0009,-0.0926,False,,False,False,-30.0,2026-05-07 01:37:36+00:00,,0.0,,,,,,,,,,,bullish,bearish,False,False,3.38,5.204,False,False,False,,,21.22,0.9639,0.05,1.0,,,,,,,,,,,,,,,,,,,,,,,,,,,,,,,,,,,,,,,,,,,,,,,,,,,,,,,,,,,,,,,,,,,,,,,,,,,,,,,0.5660080450550162,19,2026-W19,0.6,True
2026-05-07 02:05:42+00:00,2026-05-07 02:00,KXETHD-26MAY0623-T2329.99,2026-05-07T03:00:00Z,2322.45,2329.99,0.3248,0.29,real,0.237923,0.8548,0.00078137,0.00047732,0.00079568,0.5999,0.01,0.00061325,-1.0,0.0,1.0,0.0,1.0,0.2745,2.0,0.0,0.4872,0.0,4.992e-05,0.0,0.0,0.0,1.0,1.0,-0.2934,False,False,1.0,0.0,25.97,37.9,False,-1.0,bearish,0.0,0.0,0.057077,0.029385,trade,no,False,False,39.0,54.24,,0.193482,0.05,30.0,600.0,-3.0,5.0,0.4799,-0.1992,-0.1628,-0.0821,False,,False,True,12.25,2026-05-07 02:05:42+00:00,,0.0,,,,,,,,,,,bullish,bearish,False,False,3.781,4.836,False,False,False,,,22.67,0.0205,,2.0,,,,,,,,,,,,,,,,,,,,,,,,,,,,,,,,,,,,,,,,,,,,,,,,,,,,,,,,,,,,,,,,,,,,,,,,,,,,,,,0.5587981411289535,19,2026-W19,0.71,False
2026-05-07 03:02:05+00:00,2026-05-07 03:00,KXETHD-26MAY0700-T2329.99,2026-05-07T04:00:00Z,2320.24,2329.99,0.4204,0.05,real,0.047282,1.3032,0.00055142,0.00045429,0.00033527,1.355,0.24,0.00050376,-1.0,0.0,1.0,1.0,0.0,-0.083,2.0,0.0,0.6866,-1.0,7.356e-05,0.0,0.0,0.0,1.0,1.0,-0.3152,False,False,0.0,1.0,18.68,15.71,False,-1.0,bearish,0.0,0.0,0.137718,0.120531,trade,no,False,False,39.0,57.86,,0.810105,0.05,30.0,600.0,-3.0,7.0,0.4799,0.1285,0.1043,-0.0572,False,,False,True,1.58,2026-05-07 03:02:05+00:00,,0.0,,,,,,,,,,,bullish,bearish,False,False,3.88,4.745,False,False,False,,,24.11,0.0022,,3.0,,,,,,,,,,,,,,,,,,,,,,,,,,,,,,,,,,,,,,,,,,,,,,,,,,,,,,,,,,,,,,,,,,,,,,,,,,,,,,,0.5455622853188702,19,2026-W19,0.95,False
2026-05-07 04:03:08+00:00,2026-05-07 04:00,KXETHD-26MAY0701-T2329.99,2026-05-07T05:00:00Z,2322.45,2329.99,0.3247,0.11,real,0.142602,1.0314,0.00053852,0.00043053,0.00035068,1.2277,0.25,0.00049645,-1.0,-1.0,0.0,1.0,0.0,-0.0079,2.0,0.0,0.4639,-1.0,7.254e-05,0.0,0.0,0.0,1.0,1.0,-0.21,False,False,0.0,0.0,35.64,26.31,False,0.0,bearish,0.0,0.0,0.107398,0.084605,trade,no,False,False,37.0,56.81,,0.457012,0.05,30.0,600.0,-3.0,2.0,0.3741,0.1625,-0.0899,-0.0228,False,,False,True,3.71,2026-05-07 04:03:08+00:00,,0.0,,,,,,,,,,,bullish,bearish,False,False,3.781,4.836,False,False,False,,,25.44,0.211,,4.0,,,,,,,,,,,,,,,,,,,,,,,,,,,,,,,,,,,,,,,,,,,,,,,,,,,,,,,,,,,,,,,,,,,,,,,,,,,,,,,0.5249120971242832,19,2026-W19,0.89,False
2026-05-07 10:11:26+00:00,2026-05-07 10:00,KXETHD-26MAY0707-T2329.99,2026-05-07T11:00:00Z,2327.55,2329.99,0.1047,0.28,real,0.329044,0.4838,0.00042855,0.00035313,0.00025782,1.3697,0.2,0.00040864,-1.0,0.0,1.0,0.0,0.0,0.017,2.0,0.0,0.5831,0.0,3.696e-05,0.0,0.0,0.0,0.0,0.0,-0.127,False,False,1.0,1.0,0.0,18.27,False,-1.0,bearish,0.0,0.0,0.050956,0.020502,trade,no,False,False,37.0,48.52,,0.134094,0.05,30.0,600.0,-3.0,2.0,0.3741,-0.0077,-0.1094,-0.1115,False,,False,True,11.67,2026-05-07 10:11:26+00:00,,0.0,,,,,,,,,,,bullish,bearish,False,False,3.553,5.044,False,False,False,,,26.14,0.0057,,10.0,,,,,,,,,,,,,,,,,,,,,,,,,,,,,,,,,,,,,,,,,,,,,,,,,,,,,,,,,,,,,,,,,,,,,,,,,,,,,,,0.5297528564946669,19,2026-W19,0.72,False
2026-05-07 13:00:17+00:00,2026-05-07 12:00,KXETHD-26MAY0710-T2329.99,2026-05-07T14:00:00Z,2332.87,2329.99,-0.1236,0.59,real,0.746479,-0.3758,0.00026319,0.00024012,0.00070379,0.3412,0.04,0.00050726,-1.0,-1.0,0.0,2.0,0.0,0.0895,2.0,0.0,0.5938,-1.0,5.621e-05,0.0,0.0,0.0,0.0,0.0,0.1085,False,False,0.0,-1.0,87.38,85.68,False,0.0,bearish,0.0,0.0,0.141479,0.109546,trade,yes,False,False,38.0,59.66,,0.34507,0.05,30.0,600.0,-2.0,-1.0,0.4902,0.0159,0.0682,0.0909,False,,False,False,-30.0,2026-05-07 13:00:17+00:00,,0.0,,,,,,,,,,,bullish,bearish,False,False,3.317,5.261,False,False,True,,,27.43,0.7279,,13.0,,,,,,,,,,,,,,,,,,,,,,,,,,,,,,,,,,,,,,,,,,,,,,,,,,,,,,,,,,,,,,,,,,,,,,,,,,,,,,,0.556885978284358,19,2026-W19,0.59,True
2026-05-07 14:00:19+00:00,2026-05-07 14:00,KXETHD-26MAY0711-T2329.99,2026-05-07T15:00:00Z,2314.21,2329.99,0.682,0.11,real,0.023898,1.2486,0.00067573,0.00075633,0.00071784,1.0536,0.04,0.00076646,-1.0,1.0,3.0,1.0,1.0,0.1353,2.0,0.0,0.7448,-1.0,5.832e-05,-1.0,-1.0,1.0,2.0,2.0,-0.6907,False,False,1.0,1.0,25.81,13.56,True,-1.0,bearish,0.0,0.0,0.1,0.082963,trade,no,False,False,37.0,59.6,,0.769231,0.05,30.0,600.0,-3.0,5.0,0.4799,-0.5933,0.2183,0.2183,False,,False,True,3.71,2026-05-07 14:00:19+00:00,,0.0,,,,,,,,,,,bullish,bearish,False,False,4.151,4.497,False,False,False,,,29.6,0.0017,,14.0,,,,,,,,,,,,,,,,,,,,,,,,,,,,,,,,,,,,,,,,,,,,,,,,,,,,,,,,,,,,,,,,,,,,,,,,,,,,,,,0.5541555096182418,19,2026-W19,0.89,False
2026-05-07 14:31:36+00:00,2026-05-07 14:00,KXETHD-26MAY0711-T2309.99,2026-05-07T15:00:00Z,2303.89,2309.99,0.2649,0.21,real,0.129531,0.7105,0.00068185,0.00062083,0.00061619,1.0075,0.05,0.00064761,-1.0,1.0,2.0,1.0,0.0,0.0022,2.0,0.0,0.5454,-1.0,6.536e-05,-1.0,-1.0,1.0,2.0,2.0,-1.1086,False,False,1.0,1.0,0.0,16.74,False,-1.0,bearish,0.0,0.0,0.120469,0.09837,trade,no,False,False,37.0,28.34,,0.512632,0.05,30.0,600.0,-4.0,10.0,0.4799,-0.4314,-0.409,-0.3952,False,,False,True,7.97,2026-05-07 14:31:36+00:00,,0.0,,,,,,,,,,,bearish,bearish,False,True,4.617,4.069,False,False,False,,,29.8,0.1514,,14.0,,,,,,,,,,,,,,,,,,,,,,,,,,,,,,,,,,,,,,,,,,,,,,,,,,,,,,,,,,,,,,,,,,,,,,,,,,,,,,,0.5541555096182418,19,2026-W19,0.79,False
2026-05-07 14:59:59+00:00,2026-05-07 14:00,KXETHD-26MAY0712-T2309.99,2026-05-07T16:00:00Z,2298.86,2309.99,0.4841,0.17,real,0.106232,0.7914,0.00084306,0.00073235,0.00065358,1.1205,0.05,0.00072959,-1.0,1.0,3.0,1.0,1.0,0.201,2.0,0.0,0.6981,-1.0,6.634e-05,-1.0,-1.0,1.0,2.0,2.0,-0.956,False,False,1.0,1.0,13.4,13.86,False,-1.0,bearish,0.0,0.0,0.103768,0.082964,trade,no,False,False,36.0,59.97,,0.532143,0.05,30.0,600.0,-4.0,10.0,0.4799,-0.5973,-0.0387,-0.1734,False,,False,True,6.14,2026-05-07 14:59:59+00:00,,0.0,,,,,,,,,,,bearish,bearish,False,False,4.846,3.859,False,False,False,,,30.26,2.4385,,14.0,,,,,,,,,,,,,,,,,,,,,,,,,,,,,,,,,,,,,,,,,,,,,,,,,,,,,,,,,,,,,,,,,,,,,,,,,,,,,,,0.5541555096182418,19,2026-W19,0.83,False
2026-05-07 15:27:28+00:00,2026-05-07 15:00,KXETHD-26MAY0712-T2289.99,2026-05-07T16:00:00Z,2286.82,2289.99,0.1387,0.37,real,0.268145,0.2831,0.00089856,0.00082301,0.00073289,1.123,0.05,0.0008591,-1.0,1.0,2.0,1.0,0.0,0.014,2.0,0.0,0.7467,-1.0,6.922e-05,-1.0,-1.0,1.0,2.0,2.0,-1.3513,False,False,1.0,1.0,0.0,14.1,True,-1.0,bearish,0.0,0.0,0.141855,0.113621,trade,no,False,False,36.0,32.49,,0.359126,0.05,30.0,600.0,-4.0,12.0,0.4799,-0.5968,-0.4947,-0.1362,False,,True,False,-30.0,2026-05-07 15:27:28+00:00,,0.0,,,,,,,,,,,bearish,bearish,False,False,5.398,3.353,False,False,False,,,31.95,0.0751,,15.0,,,,,,,,,,,,,,,,,,,,,,,,,,,,,,,,,,,,,,,,,,,,,,,,,,,,,,,,,,,,,,,,,,,,,,,,,,,,,,,0.5532427219968987,19,2026-W19,0.63,False
2026-05-07 16:05:30+00:00,2026-05-07 16:00,KXETHD-26MAY0713-T2289.99,2026-05-07T17:00:00Z,2290.19,2289.99,-0.0089,0.52,real,0.6,-0.0335,0.00068442,0.00039182,0.0002405,1.6292,0.04,0.00039182,-1.0,1.0,2.0,1.0,0.0,-0.0652,2.0,0.0,0.7402,-1.0,8.698e-05,0.0,-1.0,1.0,2.0,2.0,-1.0153,False,False,1.0,1.0,15.74,15.79,True,-1.0,bearish,0.0,0.0,0.065,0.032528,trade,yes,False,False,36.0,54.41,,0.135417,0.05,30.0,600.0,-4.0,9.0,0.4799,-0.1262,-0.0706,0.0209,False,,True,True,27.69,2026-05-07 16:05:30+00:00,,0.0,,,,,,,,,,,bearish,bearish,False,False,1.728,3.496,False,False,False,,,33.51,0.0,,16.0,,,,,,,,,,,,,,,,,,,,,,,,,,,,,,,,,,,,,,,,,,,,,,,,,,,,,,,,,,,,,,,,,,,,,,,,,,,,,,,0.5538451288683461,19,2026-W19,0.52,True
2026-05-07 17:03:50+00:00,2026-05-07 17:00,KXETHD-26MAY0714-T2289.99,2026-05-07T18:00:00Z,2292.69,2289.99,-0.1177,0.66,real,0.757746,-0.4478,0.00049066,0.00040429,0.00038128,1.0603,0.04,0.00041807,-1.0,0.0,1.0,2.0,-1.0,-0.142,2.0,0.0,0.1067,-1.0,9.401e-05,1.0,0.0,0.0,1.0,1.0,-0.9228,False,False,1.0,1.0,15.04,15.37,False,-1.0,bearish,0.0,0.0,0.082746,0.052038,trade,yes,False,False,36.0,56.09,,0.243372,0.05,30.0,600.0,-4.0,11.0,0.4799,-0.0903,-0.1312,-0.1312,False,,True,True,15.45,2026-05-07 17:03:50+00:00,,0.0,,,,,,,,,,,bearish,bearish,False,False,1.617,3.601,False,False,False,,,34.96,0.0757,,17.0,,,,,,,,,,,,,,,,,,,,,,,,,,,,,,,,,,,,,,,,,,,,,,,,,,,,,,,,,,,,,,,,,,,,,,,,,,,,,,,0.5363597190528635,19,2026-W19,0.66,True
2026-05-07 18:00:47+00:00,2026-05-07 18:00,KXETHD-26MAY0715-T2309.99,2026-05-07T19:00:00Z,2300.79,2309.99,0.3999,0.23,real,0.128145,0.8645,0.00106424,0.00068981,0.00070226,0.9823,0.03,0.00071454,-1.0,-1.0,0.0,2.0,0.0,-0.0952,2.0,0.0,0.6012,-1.0,9.767e-05,1.0,0.0,0.0,0.0,0.0,-0.3683,False,False,-1.0,-1.0,87.71,63.63,False,0.0,bearish,0.0,0.0,0.131855,0.109831,trade,no,False,False,37.0,59.17,,0.538185,0.05,30.0,600.0,-3.0,-1.0,0.3854,0.454,0.4211,0.2658,False,,False,True,8.96,2026-05-07 18:00:47+00:00,,0.0,,,,,,,,,,,bearish,bearish,False,False,1.26,3.94,False,False,False,,,36.74,0.0606,,18.0,,,,,,,,,,,,,,,,,,,,,,,,,,,,,,,,,,,,,,,,,,,,,,,,,,,,,,,,,,,,,,,,,,,,,,,,,,,,,,,0.5268015905652715,19,2026-W19,0.77,False
2026-05-07 19:01:44+00:00,2026-05-07 19:00,KXETHD-26MAY0717-T2309.99,2026-05-07T21:00:00Z,2295.82,2309.99,0.6172,0.14,real,0.064637,0.919,0.00065552,0.00083452,0.00052381,1.5932,0.05,0.00073308,-1.0,-1.0,0.0,2.0,0.0,0.0192,2.0,0.0,0.5626,-1.0,0.0001,0.0,0.0,0.0,1.0,1.0,-0.4394,False,False,0.0,-1.0,71.92,73.24,True,0.0,bearish,0.0,0.0,0.115363,0.09706,trade,no,False,False,57.0,118.21,,0.699167,0.05,30.0,600.0,-3.0,0.0,0.3176,-0.2683,0.2352,-0.1087,False,,False,True,4.88,2026-05-07 19:01:44+00:00,,0.0,,,,,,,,,,,bearish,bearish,False,False,1.479,3.732,False,False,False,,,37.51,0.0,,19.0,,,,,,,,,,,,,,,,,,,,,,,,,,,,,,,,,,,,,,,,,,,,,,,,,,,,,,,,,,,,,,,,,,,,,,,,,,,,,,,0.5272467940988078,19,2026-W19,0.86,False
2026-05-07 19:02:49+00:00,2026-05-07 19:00,KXETHD-26MAY0716-T2289.99,2026-05-07T20:00:00Z,2293.78,2289.99,-0.1654,0.68,real,0.746479,-0.3188,0.00068752,0.00090192,0.00046823,1.9262,0.03,0.00074671,-1.0,-1.0,0.0,2.0,0.0,-0.093,2.0,0.0,0.5481,-1.0,0.0001,0.0,0.0,0.0,1.0,1.0,-0.5957,False,False,1.0,-1.0,56.11,67.97,True,-1.0,bearish,0.0,0.0,0.051479,0.021247,trade,yes,False,False,57.0,57.13,,0.160871,0.05,30.0,600.0,-4.0,5.0,0.4799,-0.4073,0.0716,-0.2718,False,,True,True,14.12,2026-05-07 19:02:49+00:00,,0.0,,,,,,,,,,,bearish,bearish,False,False,1.569,3.647,False,False,False,,,37.51,0.1472,,19.0,,,,,,,,,,,,,,,,,,,,,,,,,,,,,,,,,,,,,,,,,,,,,,,,,,,,,,,,,,,,,,,,,,,,,,,,,,,,,,,0.5272467940988078,19,2026-W19,0.68,True
2026-05-07 21:05:04+00:00,2026-05-07 21:00,KXETHD-26MAY0718-T2289.99,2026-05-07T22:00:00Z,2290.03,2289.99,-0.0016,0.56,real,0.661538,-0.011,0.00034552,0.00023188,1.415e-05,16.3834,0.14,0.00023188,-1.0,0.0,1.0,2.0,-1.0,-0.1463,2.0,0.0,0.4081,-1.0,0.0001,0.0,0.0,0.0,1.0,1.0,-0.4799,False,False,1.0,1.0,0.2,14.37,False,-1.0,bearish,0.0,0.0,0.086538,0.05429,trade,yes,False,False,35.0,54.89,,0.196678,0.05,30.0,600.0,-4.0,6.0,0.4799,-0.178,0.0,0.0,False,,False,False,-30.0,2026-05-07 21:05:04+00:00,,0.0,,,,,,,,,,,bearish,bearish,False,False,1.736,3.488,False,False,False,,,39.09,0.0,,21.0,,,,,,,,,,,,,,,,,,,,,,,,,,,,,,,,,,,,,,,,,,,,,,,,,,,,,,,,,,,,,,,,,,,,,,,,,,,,,,,0.541176598925337,19,2026-W19,0.56,True
2026-05-07 22:04:32+00:00,2026-05-07 22:00,KXETHD-26MAY0719-T2289.99,2026-05-07T23:00:00Z,2285.86,2289.99,0.1806,0.22,real,0.218812,0.5654,0.0005202,0.00049228,0.000314,1.5678,0.13,0.0004661,-1.0,0.0,1.0,2.0,-1.0,-0.1207,2.0,0.0,0.4782,-1.0,0.0001,0.0,0.0,0.0,1.0,1.0,-0.5136,False,False,1.0,1.0,16.52,34.88,False,-1.0,bearish,0.0,0.0,0.081188,0.054829,trade,no,False,False,35.0,55.39,,0.28487,0.05,30.0,600.0,-4.0,5.0,0.4799,-0.3362,-0.2357,-0.2466,False,,False,True,8.46,2026-05-07 22:04:32+00:00,,0.0,,,,,,,,,,,bearish,bearish,False,False,1.921,3.313,False,False,False,,,40.28,0.0,,22.0,,,,,,,,,,,,,,,,,,,,,,,,,,,,,,,,,,,,,,,,,,,,,,,,,,,,,,,,,,,,,,,,,,,,,,,,,,,,,,,0.556885978284358,19,2026-W19,0.78,False
2026-05-07 23:18:29+00:00,2026-05-07 23:00,KXETHD-26MAY0720-T2289.99,2026-05-08T00:00:00Z,2287.68,2289.99,0.1011,0.36,real,0.180646,0.5141,0.00024347,0.00019274,0.00043789,0.4401,0.08,0.00036347,-1.0,-1.0,0.0,2.0,-1.0,-0.1615,2.0,0.0,0.5865,-1.0,0.0001,-1.0,0.0,0.0,0.0,0.0,-0.2653,False,False,0.0,0.0,43.37,39.54,False,0.0,bearish,0.0,0.0,0.234354,0.20968,trade,no,False,False,35.0,41.48,,0.585886,0.05,30.0,600.0,-4.0,2.0,0.3741,0.2139,0.0144,0.0,False,,True,False,-30.0,2026-05-07 23:18:29+00:00,,0.0,,,,,,,,,,,bearish,bearish,False,False,1.84,3.389,False,False,False,,,41.22,0.0014,,23.0,,,,,,,,,,,,,,,,,,,,,,,,,,,,,,,,,,,,,,,,,,,,,,,,,,,,,,,,,,,,,,,,,,,,,,,,,,,,,,,0.5227426095208287,19,2026-W19,0.64,False
2026-05-08 00:38:55+00:00,2026-05-08 00:00,KXETHD-26MAY0721-T2289.99,2026-05-08T01:00:00Z,2287.53,2289.99,0.1075,0.31,real,0.264006,0.6457,0.00042155,0.00045152,0.0004725,0.9556,0.03,0.00047744,-1.0,0.0,1.0,1.0,1.0,0.288,2.0,0.0,0.5868,-1.0,0.0001,0.0,0.0,0.0,0.0,0.0,,False,False,0.0,0.0,58.17,75.36,True,-1.0,bearish,0.0,0.0,0.075994,0.047904,trade,no,False,False,35.0,21.02,,0.233827,0.05,30.0,600.0,-4.0,2.0,0.3741,-0.1845,-0.2388,-0.0821,False,,False,True,13.48,2026-05-08 00:38:55+00:00,,0.0,,,,,,,,,,,bearish,bearish,False,False,1.846,3.383,False,False,False,,,41.39,0.0423,-0.23,0.0,,,,,,,,,,,,,,,,,,,,,,,,,,,,,,,,,,,,,,,,,,,,,,,,,,,,,,,,,,,,,,,,,,,,,,,,,,,,,,,0.5474358924870895,19,2026-W19,0.69,False
2026-05-08 01:03:25+00:00,2026-05-08 01:00,KXETHD-26MAY0722-T2289.99,2026-05-08T02:00:00Z,2287.63,2289.99,0.1033,0.34,real,0.190298,0.3036,0.00042427,0.00047299,0.00033306,1.4201,0.18,0.00059535,0.0,-1.0,0.0,1.0,0.0,0.0245,2.0,0.0,0.4863,-1.0,0.0001,0.0,0.0,0.0,0.0,0.0,-0.0182,False,False,0.0,0.0,51.15,41.27,False,-1.0,bearish,0.0,0.0,0.254702,0.229582,trade,no,False,False,36.0,56.51,,0.59233,0.05,30.0,600.0,-4.0,2.0,0.3741,-0.1222,0.133,0.1764,False,,False,True,15.45,2026-05-08 01:03:25+00:00,,0.0,,,,,,,,,,,bearish,bearish,False,False,1.842,3.387,False,False,False,,,42.6,0.0028,,1.0,,,,,,,,,,,,,,,,,,,,,,,,,,,,,,,,,,,,,,,,,,,,,,,,,,,,,,,,,,,,,,,,,,,,,,,,,,,,,,,0.5570792366314742,19,2026-W19,0.6599999999999999,False
2026-05-08 02:00:50+00:00,2026-05-08 01:00,KXETHD-26MAY0723-T2289.99,2026-05-08T03:00:00Z,2283.93,2289.99,0.2652,0.19,real,0.080304,1.145,0.00039116,0.00031123,0.00039242,0.7931,0.13,0.00039589,-1.0,-1.0,0.0,2.0,-1.0,-0.1233,2.0,0.0,0.5306,-1.0,0.0001,0.0,0.0,0.0,0.0,0.0,-0.0546,False,False,0.0,0.0,27.91,31.13,False,-1.0,bearish,0.0,0.0,0.189696,0.170423,trade,no,False,False,35.0,59.11,,0.743906,0.05,30.0,600.0,-4.0,3.0,0.359,-0.0582,-0.0569,0.0407,False,,False,True,7.04,2026-05-08 02:00:50+00:00,,0.0,,,,,,,,,,,bearish,bearish,False,False,2.007,3.231,False,False,False,,,42.74,0.4823,,2.0,,,,,,,,,,,,,,,,,,,,,,,,,,,,,,,,,,,,,,,,,,,,,,,,,,,,,,,,,,,,,,,,,,,,,,,,,,,,,,,0.5563267071915378,19,2026-W19,0.81,False
2026-05-08 02:18:32+00:00,2026-05-08 02:00,KXETHD-26MAY0723-T2269.99,2026-05-08T03:00:00Z,2273.73,2269.99,-0.1645,0.69,real,0.757746,-0.4718,0.00064039,0.00072182,0.00051586,1.3993,0.01,0.00064548,-1.0,1.0,3.0,1.0,1.0,0.1236,2.0,0.0,0.2881,-1.0,0.0001,0.0,-1.0,1.0,2.0,2.0,-0.3827,False,False,1.0,1.0,8.26,22.9,False,-1.0,bearish,0.0,0.0,0.052746,0.022773,trade,yes,False,False,36.0,41.42,,0.17015,0.05,30.0,600.0,-4.0,12.0,0.4799,-0.6579,-0.3204,-0.372,False,,True,True,13.48,2026-05-08 02:18:32+00:00,,0.0,,,,,,,,,,,bearish,bearish,False,False,2.465,2.797,False,False,False,,,43.96,0.0814,-0.22,2.0,,,,,,,,,,,,,,,,,,,,,,,,,,,,,,,,,,,,,,,,,,,,,,,,,,,,,,,,,,,,,,,,,,,,,,,,,,,,,,,0.5563267071915378,19,2026-W19,0.69,True
2026-05-08 03:04:02+00:00,2026-05-08 03:00,KXETHD-26MAY0800-T2269.99,2026-05-08T04:00:00Z,2274.57,2269.99,-0.2016,0.7,real,0.757746,-0.5278,0.00062905,0.00065171,0.00051464,1.2664,0.02,0.00060873,-1.0,1.0,3.0,1.0,1.0,0.1416,2.0,0.0,0.2646,-1.0,9.3e-05,0.0,-1.0,1.0,2.0,2.0,-0.2581,False,False,1.0,1.0,18.39,33.36,False,-1.0,bearish,0.0,0.0,0.042746,0.013046,trade,yes,False,False,35.0,55.9,,0.142488,0.05,30.0,600.0,-4.0,8.0,0.4799,-0.3502,-0.3388,-0.2396,False,,True,True,12.86,2026-05-08 03:04:02+00:00,,0.0,,,,,,,,,,,bearish,bearish,False,False,2.427,2.833,False,False,False,,,45.1,0.0039,,3.0,,,,,,,,,,,,,,,,,,,,,,,,,,,,,,,,,,,,,,,,,,,,,,,,,,,,,,,,,,,,,,,,,,,,,,,,,,,,,,,0.5332343722823242,19,2026-W19,0.7,True
2026-05-08 11:02:25+00:00,2026-05-08 11:00,KXETHD-26MAY0808-T2299.99,2026-05-08T12:00:00Z,2289.12,2299.99,0.4749,0.11,real,0.01,1.4338,0.0003475,0.00040949,0.00050928,0.8041,0.14,0.00051866,0.0,0.0,1.0,2.0,1.0,0.168,2.0,0.0,0.4953,0.0,4.537e-05,0.0,1.0,-1.0,-2.0,-2.0,0.5337,False,False,0.0,-1.0,82.19,86.64,True,1.0,bearish,0.0,0.0,0.15,0.132963,trade,no,False,False,38.0,57.53,,0.833333,0.05,30.0,600.0,-3.0,-6.0,0.2059,0.1689,-0.0044,0.0494,False,,False,True,3.71,2026-05-08 11:02:25+00:00,,0.0,,,,,,,,,,,bearish,bearish,False,False,1.776,3.45,False,False,True,,,44.92,0.0119,,11.0,,,,,,,,,,,,,,,,,,,,,,,,,,,,,,,,,,,,,,,,,,,,,,,,,,,,,,,,,,,,,,,,,,,,,,,,,,,,,,,0.44888226992192654,19,2026-W19,0.89,True
2026-05-08 12:00:01+00:00,2026-05-08 11:00,KXETHD-26MAY0809-T2299.99,2026-05-08T13:00:00Z,2295.49,2299.99,0.1962,0.3,real,0.149792,0.57,0.00040144,0.00043273,0.00048278,0.8963,0.05,0.00048281,0.0,-1.0,0.0,2.0,0.0,0.0412,2.0,-1.0,0.9282,0.0,4.451e-05,0.0,1.0,-1.0,-2.0,-2.0,0.7553,False,False,-1.0,-1.0,91.44,84.81,False,1.0,bearish,0.0,0.0,0.175208,0.151293,trade,no,False,False,38.0,59.94,,0.539101,0.05,30.0,600.0,-2.0,-10.0,0.3182,0.0741,0.068,0.0144,False,,False,True,12.86,2026-05-08 12:00:01+00:00,,0.0,,,,,,,,,,,bearish,bearish,False,False,1.494,3.718,False,False,True,,,44.05,0.8129,,12.0,,,,,,,,,,,,,,,,,,,,,,,,,,,,,,,,,,,,,,,,,,,,,,,,,,,,,,,,,,,,,,,,,,,,,,,,,,,,,,,0.5220051987054274,19,2026-W19,0.7,False
2026-05-08 13:07:22+00:00,2026-05-08 13:00,KXETHD-26MAY0810-T2279.99,2026-05-08T14:00:00Z,2280.66,2279.99,-0.0293,0.52,real,0.757746,-0.0346,0.00039136,0.00041115,0.00080634,0.5099,0.03,0.00153732,0.0,0.0,1.0,2.0,-1.0,-0.149,2.0,0.0,0.4373,-1.0,0.00014135,0.0,0.0,0.0,0.0,0.0,0.0652,False,False,1.0,1.0,0.0,19.96,False,0.0,bearish,0.0,0.0,0.222746,0.190274,trade,yes,False,False,38.0,52.59,,0.464055,0.05,30.0,600.0,-3.0,4.0,0.5492,-0.5121,-0.2161,-0.203,False,,False,False,-30.0,2026-05-08 13:07:22+00:00,,0.0,,,,,,,,,,,bearish,bearish,False,False,2.153,3.092,False,False,True,,,41.96,0.0033,-0.19,13.0,,,,,,,,,,,,,,,,,,,,,,,,,,,,,,,,,,,,,,,,,,,,,,,,,,,,,,,,,,,,,,,,,,,,,,,,,,,,,,,0.5297528564946669,19,2026-W19,0.52,True
2026-05-08 14:02:18+00:00,2026-05-08 14:00,KXETHD-26MAY0811-T2279.99,2026-05-08T15:00:00Z,2275.99,2279.99,0.1758,0.39,real,0.237322,0.4977,0.00061804,0.00046147,0.00082828,0.5571,0.04,0.00068358,0.0,0.0,1.0,2.0,-1.0,-0.1219,2.0,-1.0,1.0,-1.0,0.00014262,-1.0,0.0,0.0,0.0,0.0,-0.0975,False,False,1.0,1.0,14.9,13.12,False,-1.0,bearish,0.0,0.0,0.187678,0.160576,trade,no,False,False,38.0,57.64,,0.457752,0.05,30.0,600.0,-4.0,3.0,0.359,-0.0185,-0.0198,-0.0553,False,,True,False,-30.0,2026-05-08 14:02:18+00:00,,0.0,,,,,,,,,,,bearish,bearish,False,False,2.363,2.893,False,False,True,,,42.34,0.002,,14.0,,,,,,,,,,,,,,,,,,,,,,,,,,,,,,,,,,,,,,,,,,,,,,,,,,,,,,,,,,,,,,,,,,,,,,,,,,,,,,,0.5033212127535999,19,2026-W19,0.61,False
2026-05-08 15:25:19+00:00,2026-05-08 15:00,KXETHD-26MAY0812-T2279.99,2026-05-08T16:00:00Z,2275.21,2279.99,0.2101,0.28,real,0.132851,0.5732,0.00084633,0.00068608,0.00061207,1.1209,0.03,0.00067646,1.0,0.0,1.0,1.0,0.0,-0.0077,2.0,-1.0,0.8612,-1.0,0.00014164,0.0,0.0,0.0,0.0,0.0,-0.0944,False,False,1.0,1.0,16.57,34.13,False,0.0,bearish,0.0,0.0,0.177149,0.154871,trade,no,False,False,37.0,34.63,,0.600504,0.05,30.0,600.0,-4.0,3.0,0.359,-0.4549,-0.2533,-0.2039,False,,True,False,-30.0,2026-05-08 15:25:19+00:00,,0.0,,,,,,,,,,,bearish,bearish,False,False,2.398,2.86,False,False,True,,,41.39,0.3729,,15.0,,,,,,,,,,,,,,,,,,,,,,,,,,,,,,,,,,,,,,,,,,,,,,,,,,,,,,,,,,,,,,,,,,,,,,,,,,,,,,,0.47373215614443587,19,2026-W19,0.72,True
2026-05-08 16:12:14+00:00,2026-05-08 16:00,KXETHD-26MAY0813-T2299.99,2026-05-08T17:00:00Z,2290.41,2299.99,0.4182,0.15,real,0.037007,0.9528,0.00059648,0.00065176,0.00058289,1.1182,0.02,0.00063405,1.0,-1.0,0.0,2.0,0.0,-0.0289,2.0,-1.0,1.0,-1.0,0.00011901,1.0,0.0,0.0,-1.0,-1.0,0.536,False,False,-1.0,-1.0,90.38,72.48,False,1.0,bearish,0.0,0.0,0.13,0.112963,trade,no,False,False,39.0,47.71,,0.8125,0.05,30.0,600.0,-2.0,-3.0,0.3869,0.1893,-0.0981,0.0349,False,,False,True,5.29,2026-05-08 16:12:14+00:00,,0.0,,,,,,,,,,,bearish,bearish,False,False,1.718,3.505,False,False,True,,,39.8,0.8084,,16.0,,,,,,,,,,,,,,,,,,,,,,,,,,,,,,,,,,,,,,,,,,,,,,,,,,,,,,,,,,,,,,,,,,,,,,,,,,,,,,,0.5079330107893189,19,2026-W19,0.85,False
2026-05-08 17:01:00+00:00,2026-05-08 16:00,KXETHD-26MAY0814-T2299.99,2026-05-08T18:00:00Z,2290.68,2299.99,0.4065,0.12,real,0.020337,1.2387,0.00046212,0.00033221,0.00044968,0.7388,0.04,0.00039496,1.0,-1.0,0.0,2.0,0.0,-0.0176,2.0,0.0,0.7208,-1.0,0.00014352,1.0,0.0,0.0,-1.0,-1.0,0.4255,False,False,0.0,-1.0,83.25,85.02,True,1.0,bearish,0.0,0.0,0.11,0.092963,trade,no,False,False,39.0,58.94,,0.785714,0.05,30.0,600.0,-2.0,-1.0,0.4902,0.0725,-0.0079,-0.0794,False,,True,False,-30.0,2026-05-08 17:01:00+00:00,,0.0,,,,,,,,,,,bearish,bearish,False,False,1.707,3.516,False,False,True,,,39.8,1.994,,17.0,,,,,,,,,,,,,,,,,,,,,,,,,,,,,,,,,,,,,,,,,,,,,,,,,,,,,,,,,,,,,,,,,,,,,,,,,,,,,,,0.4721326390142343,19,2026-W19,0.88,True
2026-05-08 18:03:46+00:00,2026-05-08 18:00,KXETHD-26MAY0815-T2319.99,2026-05-08T19:00:00Z,2310.63,2319.99,0.4052,0.18,real,0.081955,0.5551,0.00093774,0.00119256,0.00058942,2.0233,0.04,0.00097196,1.0,-1.0,0.0,4.0,-1.0,-0.116,2.0,0.0,0.4,-1.0,0.00014116,1.0,1.0,-1.0,-2.0,-2.0,1.0786,False,False,-1.0,-1.0,85.21,78.57,False,1.0,bearish,0.0,0.0,0.133045,0.113672,trade,no,False,False,40.0,56.19,,0.665226,0.05,30.0,600.0,0.0,-7.0,0.4058,-0.0502,-0.1608,0.1722,False,,False,True,6.59,2026-05-08 18:03:46+00:00,,0.0,,,,,,,,,,,bearish,bearish,False,False,0.829,4.349,False,False,True,,,35.25,0.0024,,18.0,,,,,,,,,,,,,,,,,,,,,,,,,,,,,,,,,,,,,,,,,,,,,,,,,,,,,,,,,,,,,,,,,,,,,,,,,,,,,,,0.46395326296017847,19,2026-W19,0.8200000000000001,True
2026-05-08 19:00:33+00:00,2026-05-08 19:00,KXETHD-26MAY0817-T2329.99,2026-05-08T21:00:00Z,2312.97,2329.99,0.7357,0.12,real,0.01,1.2027,0.00056905,0.00046758,0.00057089,0.819,0.17,0.00060621,1.0,-1.0,0.0,2.0,0.0,0.0708,2.0,0.0,0.3461,-1.0,0.00013942,0.0,1.0,-1.0,-2.0,-2.0,1.1957,False,False,0.0,0.0,77.1,84.91,False,1.0,bearish,0.0,0.0,0.175,0.157963,trade,no,False,False,67.0,119.41,,0.853659,0.05,30.0,600.0,0.0,-5.0,0.4058,-0.2737,-0.2548,-0.1424,False,,False,True,4.09,2026-05-08 19:00:33+00:00,,0.0,,,,,,,,,,,bearish,bearish,False,False,0.726,4.446,False,False,True,,,34.05,0.0006,,19.0,,,,,,,,,,,,,,,,,,,,,,,,,,,,,,,,,,,,,,,,,,,,,,,,,,,,,,,,,,,,,,,,,,,,,,,,,,,,,,,0.4646476619969608,19,2026-W19,0.88,True
2026-05-08 19:01:36+00:00,2026-05-08 19:00,KXETHD-26MAY0816-T2319.99,2026-05-08T20:00:00Z,2312.84,2319.99,0.3093,0.15,real,0.059828,0.9226,0.00056686,0.00046678,0.0003901,1.1966,0.11,0.00047636,1.0,-1.0,0.0,2.0,0.0,0.0208,2.0,0.0,0.348,-1.0,0.00013942,0.0,1.0,-1.0,-2.0,-2.0,1.1929,False,False,0.0,0.0,76.93,84.85,False,1.0,bearish,0.0,0.0,0.160172,0.142174,trade,no,False,False,69.0,58.34,,0.781325,0.05,30.0,600.0,0.0,-5.0,0.4058,-0.2763,-0.2574,-0.145,False,,False,True,5.29,2026-05-08 19:01:36+00:00,,0.0,,,,,,,,,,,bearish,bearish,False,False,0.732,4.44,False,False,True,,,34.05,0.0033,,19.0,,,,,,,,,,,,,,,,,,,,,,,,,,,,,,,,,,,,,,,,,,,,,,,,,,,,,,,,,,,,,,,,,,,,,,,,,,,,,,,0.4646476619969608,19,2026-W19,0.85,True
2026-05-08 22:03:41+00:00,2026-05-08 22:00,KXETHD-26MAY0819-T2319.99,2026-05-08T23:00:00Z,2316.56,2319.99,0.148,0.19,real,0.064252,0.5273,0.00036624,0.00042369,0.00022459,1.8865,0.13,0.00037392,1.0,-1.0,0.0,3.0,0.0,0.0,2.0,0.0,0.5428,-1.0,8.1e-05,0.0,1.0,-1.0,-2.0,-2.0,1.0149,False,False,-1.0,-1.0,88.97,64.88,False,1.0,bearish,0.0,0.0,0.205748,0.18747,trade,no,False,False,40.0,56.27,,0.806856,0.05,30.0,600.0,0.0,-7.0,0.4058,0.3567,0.2707,0.2079,False,,False,True,7.04,2026-05-08 22:03:41+00:00,,0.0,,,,,,,,,,,bearish,bearish,False,False,0.57,4.594,False,False,False,,,28.08,0.1242,,22.0,,,,,,,,,,,,,,,,,,,,,,,,,,,,,,,,,,,,,,,,,,,,,,,,,,,,,,,,,,,,,,,,,,,,,,,,,,,,,,,0.47282848181066905,19,2026-W19,0.81,True
2026-05-08 23:02:33+00:00,2026-05-08 23:00,KXETHD-26MAY0820-T2319.99,2026-05-09T00:00:00Z,2310.47,2319.99,0.4119,0.04,real,0.01,1.782,0.00027928,0.00026224,0.00030989,0.8462,0.21,0.00036243,1.0,-1.0,0.0,2.0,-1.0,-0.1079,2.0,0.0,0.5949,-1.0,8.367e-05,0.0,0.0,0.0,-1.0,-1.0,0.6488,False,False,1.0,0.0,44.29,51.19,False,0.0,bearish,0.0,0.0,0.115,0.097963,trade,no,False,False,40.0,57.4,,0.793103,0.05,30.0,600.0,0.0,-1.0,0.483,-0.1344,-0.1051,-0.0312,False,,False,True,1.25,2026-05-08 23:02:33+00:00,,0.0,,,,,,,,,,,bearish,bearish,False,False,0.835,4.343,False,False,False,,,26.42,0.0085,,23.0,,,,,,,,,,,,,,,,,,,,,,,,,,,,,,,,,,,,,,,,,,,,,,,,,,,,,,,,,,,,,,,,,,,,,,,,,,,,,,,0.4869535085540419,19,2026-W19,0.96,True
2026-05-09 02:04:42+00:00,2026-05-09 02:00,KXETHD-26MAY0823-T2319.99,2026-05-09T03:00:00Z,2316.31,2319.99,0.1587,0.23,real,0.145042,0.8673,0.00044161,0.00040609,0.00028876,1.4063,0.01,0.00036177,1.0,-1.0,0.0,3.0,-1.0,-0.1935,2.0,1.0,0.9417,-1.0,0.0001,1.0,0.0,0.0,-1.0,-1.0,0.1796,False,False,-1.0,-1.0,86.42,83.41,False,1.0,bearish,0.0,0.0,0.064885,0.040235,trade,no,False,False,40.0,55.25,,0.282107,0.05,30.0,600.0,0.0,-4.0,0.3778,0.0298,-0.0721,0.0782,False,,False,True,8.96,2026-05-09 02:04:42+00:00,,0.0,,,,,,,,,,,bearish,bearish,False,False,0.581,4.584,False,False,False,,,22.01,0.0416,,2.0,,,,,,,,,,,,,,,,,,,,,,,,,,,,,,,,,,,,,,,,,,,,,,,,,,,,,,,,,,,,,,,,,,,,,,,,,,,,,,,0.45289503452188806,19,2026-W19,0.77,True
2026-05-09 03:04:39+00:00,2026-05-09 03:00,KXETHD-26MAY0900-T2319.99,2026-05-09T04:00:00Z,2316.18,2319.99,0.1643,0.17,real,0.061847,1.3702,0.00034728,0.00021633,0.00023144,0.9347,0.07,0.00023701,1.0,-1.0,0.0,1.0,0.0,0.008,2.0,0.0,0.6375,-1.0,9.6e-05,0.0,0.0,0.0,-1.0,-1.0,0.1861,False,False,0.0,0.0,78.03,81.35,False,1.0,bearish,0.0,0.0,0.106099,0.086912,trade,no,False,False,40.0,55.29,,0.624115,0.05,30.0,600.0,0.0,-4.0,0.3778,-0.1254,-0.0362,0.0,False,,False,True,6.14,2026-05-09 03:04:39+00:00,,0.0,,,,,,,,,,,bearish,bearish,False,False,0.587,4.578,False,False,False,,,21.3,0.0,,3.0,,,,,,,,,,,,,,,,,,,,,,,,,,,,,,,,,,,,,,,,,,,,,,,,,,,,,,,,,,,,,,,,,,,,,,,,,,,,,,,0.4626726963866389,19,2026-W19,0.83,True
2026-05-09 05:03:59+00:00,2026-05-09 05:00,KXETHD-26MAY0902-T2309.99,2026-05-09T06:00:00Z,2312.18,2309.99,-0.0947,0.62,real,0.743923,-0.4533,0.00050577,0.00039586,0.00041442,0.9552,0.01,0.00041071,1.0,0.0,1.0,1.0,0.0,-0.0941,2.0,0.0,0.696,-1.0,8.381e-05,0.0,0.0,0.0,0.0,0.0,-0.0976,False,False,1.0,1.0,3.44,15.5,False,0.0,bearish,0.0,0.0,0.108923,0.077431,trade,yes,False,False,42.0,55.96,,0.286638,0.05,50.0,1000.0,0.0,2.0,0.5909,-0.2287,-0.0251,-0.0065,False,,True,True,30.65,2026-05-09 05:03:59+00:00,,0.0,,,,,,,,,,,bearish,bearish,False,False,0.761,4.413,False,False,False,,,20.22,0.0037,,5.0,,,,,,,,,,,,,,,,,,,,,,,,,,,,,,,,,,,,,,,,,,,,,,,,,,,,,,,,,,,,,,,,,,,,,,,,,,,,,,,0.46972593416824066,19,2026-W19,0.62,False
2026-05-09 07:08:57+00:00,2026-05-09 07:00,KXETHD-26MAY0904-T2309.99,2026-05-09T08:00:00Z,2312.53,2309.99,-0.1099,0.71,real,0.792297,-0.6486,0.00031149,0.00034852,0.00027826,1.2525,0.08,0.00034913,1.0,0.0,1.0,2.0,-1.0,-0.2012,2.0,0.0,0.6082,-1.0,8.138e-05,0.0,0.0,0.0,0.0,0.0,-0.0657,False,False,1.0,1.0,9.48,21.15,False,0.0,bearish,0.0,0.0,0.067297,0.037884,trade,yes,False,False,42.0,50.98,,0.232057,0.05,50.0,1000.0,0.0,4.0,0.55,-0.2304,-0.0475,-0.0933,False,,True,True,20.42,2026-05-09 07:08:57+00:00,,0.0,,,,,,,,,,,bearish,bearish,False,False,0.745,4.428,False,False,False,,,19.42,0.211,,7.0,,,,,,,,,,,,,,,,,,,,,,,,,,,,,,,,,,,,,,,,,,,,,,,,,,,,,,,,,,,,,,,,,,,,,,,,,,,,,,,0.46972593416824066,19,2026-W19,0.71,False
2026-05-09 09:18:13+00:00,2026-05-09 09:00,KXETHD-26MAY0906-T2309.99,2026-05-09T10:00:00Z,2311.73,2309.99,-0.0753,0.73,real,0.823407,-0.5088,0.00023545,0.00031394,0.00019018,1.6507,0.14,0.00030139,1.0,0.0,1.0,2.0,-1.0,-0.273,2.0,0.0,0.6849,-1.0,8.296e-05,0.0,0.0,0.0,1.0,1.0,-0.1101,False,False,1.0,1.0,0.0,30.1,False,0.0,bearish,0.0,0.0,0.078407,0.04961,trade,yes,False,False,41.0,41.74,,0.290396,0.05,50.0,1000.0,1.0,4.0,0.7673,-0.2128,-0.1891,-0.1464,False,,True,True,18.49,2026-05-09 09:18:13+00:00,,0.0,,,,,,,,,,,bearish,bearish,False,False,0.78,4.395,False,False,True,,,18.22,0.0632,,9.0,,,,,,,,,,,,,,,,,,,,,,,,,,,,,,,,,,,,,,,,,,,,,,,,,,,,,,,,,,,,,,,,,,,,,,,,,,,,,,,0.506397533230247,19,2026-W19,0.73,True
2026-05-09 11:00:08+00:00,2026-05-09 11:00,KXETHD-26MAY0908-T2309.99,2026-05-09T12:00:00Z,2312.42,2309.99,-0.105,0.73,real,0.94441,-1.3708,0.00021641,8.166e-05,0.00022173,0.3683,0.1,0.00016521,0.0,-1.0,0.0,2.0,-1.0,-0.1144,2.0,-1.0,0.8147,-1.0,0.00010167,0.0,0.0,0.0,0.0,0.0,-0.0035,False,False,0.0,0.0,38.03,38.03,False,0.0,bearish,0.0,0.0,0.19941,0.170613,trade,yes,False,False,35.0,59.81,,0.738556,0.05,50.0,1000.0,1.0,0.0,0.6103,0.1008,0.0,0.0,False,,True,True,18.49,2026-05-09 11:00:08+00:00,,0.0,,,,,,,,,,,bearish,bearish,False,False,0.75,4.423,False,False,True,,,16.31,0.0,,11.0,,,,,,,,,,,,,,,,,,,,,,,,,,,,,,,,,,,,,,,,,,,,,,,,,,,,,,,,,,,,,,,,,,,,,,,,,,,,,,,0.5176640050741831,19,2026-W19,0.73,True
2026-05-09 18:45:04+00:00,2026-05-09 18:00,KXETHD-26MAY0915-T2329.99,2026-05-09T19:00:00Z,2331.24,2329.99,-0.0538,0.69,real,0.762804,-0.401,0.00047558,0.00040431,0.00028107,1.4384,0.06,0.00037775,-1.0,-1.0,0.0,1.0,0.0,-0.043,2.0,0.0,0.5293,0.0,2.205e-05,1.0,1.0,-1.0,-2.0,-2.0,0.6372,False,False,0.0,0.0,77.62,85.21,True,1.0,bullish,0.0,0.0,0.072804,0.042831,trade,yes,False,False,43.0,14.9,,0.234851,0.05,50.0,1000.0,4.0,-6.0,0.5144,0.076,-0.1028,-0.0322,False,,False,False,-50.0,2026-05-09 18:45:04+00:00,,0.0,,,,,,,,,,,bearish,bullish,False,False,3.389,5.195,False,False,True,,,14.45,0.5452,,18.0,,,,,,,,,,,,,,,,,,,,,,,,,,,,,,,,,,,,,,,,,,,,,,,,,,,,,,,,,,,,,,,,,,,,,,,,,,,,,,,0.4534977387796851,19,2026-W19,0.69,False
2026-05-09 19:01:10+00:00,2026-05-09 19:00,KXETHD-26MAY0917-T2329.99,2026-05-09T21:00:00Z,2330.6,2329.99,-0.026,0.51,real,0.564281,-0.1329,0.00042259,0.00023623,0.00095214,0.2481,0.04,0.00023623,-1.0,-1.0,0.0,0.0,0.0,-0.0334,2.0,0.0,0.6055,0.0,2.324e-05,0.0,0.0,0.0,-1.0,-1.0,0.5976,False,False,0.0,0.0,69.42,75.33,False,1.0,bullish,0.0,0.0,0.054281,0.021788,trade,yes,False,False,66.0,118.8,,0.110777,0.05,50.0,1000.0,4.0,-5.0,0.5144,-0.2414,0.018,0.0395,False,,False,False,-50.0,2026-05-09 19:01:10+00:00,,0.0,,,,,,,,,,,bearish,bullish,False,False,3.418,5.168,False,False,True,,,14.85,0.0123,,19.0,,,,,,,,,,,,,,,,,,,,,,,,,,,,,,,,,,,,,,,,,,,,,,,,,,,,,,,,,,,,,,,,,,,,,,,,,,,,,,,0.4586381064924224,19,2026-W19,0.51,False
2026-05-09 19:08:41+00:00,2026-05-09 19:00,KXETHD-26MAY0916-T2329.99,2026-05-09T20:00:00Z,2330.86,2329.99,-0.0374,0.54,real,0.657823,-0.142,0.00041531,0.00026718,0.00051984,0.514,0.02,0.00043776,-1.0,-1.0,0.0,0.0,0.0,-0.0445,2.0,0.0,0.6088,0.0,2.348e-05,0.0,0.0,0.0,-1.0,-1.0,0.4918,False,False,0.0,0.0,58.92,71.83,False,0.0,bullish,0.0,0.0,0.117823,0.085435,trade,yes,False,False,66.0,51.28,,0.256136,0.05,50.0,1000.0,4.0,0.0,0.65,-0.245,-0.073,-0.0549,False,,True,True,42.59,2026-05-09 19:08:41+00:00,,0.0,,,,,,,,,,,bearish,bullish,False,False,3.406,5.179,False,False,True,,,14.64,0.0366,,19.0,,,,,,,,,,,,,,,,,,,,,,,,,,,,,,,,,,,,,,,,,,,,,,,,,,,,,,,,,,,,,,,,,,,,,,,,,,,,,,,0.4586381064924224,19,2026-W19,0.54,False
2026-05-09 19:51:18+00:00,2026-05-09 19:00,KXETHD-26MAY0916-T2329.99,2026-05-09T20:00:00Z,2330.62,2329.99,-0.0269,0.58,real,0.712326,-0.1608,0.00022603,0.00015597,0.00045221,0.3449,0.11,0.00067597,-1.0,-1.0,0.0,0.0,0.0,0.0623,2.0,0.0,0.5531,0.0,2.59e-05,0.0,0.0,0.0,-1.0,-1.0,0.4445,False,False,0.0,0.0,34.59,42.71,False,0.0,bullish,0.0,0.0,0.132326,0.100274,trade,yes,False,False,65.0,8.66,,0.315062,0.05,50.0,1000.0,4.0,0.0,0.65,-0.0468,-0.0597,0.0,False,,True,True,36.21,2026-05-09 19:51:18+00:00,,0.0,,,,,,,,,,,bearish,bullish,False,False,3.417,5.169,False,False,True,,,14.48,0.0533,,19.0,,,,,,,,,,,,,,,,,,,,,,,,,,,,,,,,,,,,,,,,,,,,,,,,,,,,,,,,,,,,,,,,,,,,,,,,,,,,,,,0.4586381064924224,19,2026-W19,0.58,False
2026-05-09 19:52:21+00:00,2026-05-09 19:00,KXETHD-26MAY0917-T2329.99,2026-05-09T21:00:00Z,2330.59,2329.99,-0.0256,0.5,real,0.58067,-0.1085,0.0003058,0.00037725,,,0.02,0.00037725,-1.0,-1.0,0.0,0.0,0.0,0.0465,2.0,0.0,0.472,0.0,2.59e-05,0.0,0.0,0.0,-1.0,-1.0,0.595,False,False,0.0,0.0,56.15,49.89,False,1.0,bullish,0.0,0.0,0.08067,0.04817,trade,yes,False,False,65.0,67.61,,0.16134,0.05,50.0,1000.0,4.0,-4.0,0.5473,0.1031,0.15,0.15,False,,False,False,-50.0,2026-05-09 19:52:21+00:00,,0.0,,,,,,,,,,,bearish,bullish,False,False,3.419,5.168,False,False,True,,,14.48,0.0544,,19.0,,,,,,,,,,,,,,,,,,,,,,,,,,,,,,,,,,,,,,,,,,,,,,,,,,,,,,,,,,,,,,,,,,,,,,,,,,,,,,,0.4586381064924224,19,2026-W19,0.5,False
2026-05-10 00:19:27+00:00,2026-05-10 00:00,KXETHD-26MAY0921-T2329.99,2026-05-10T01:00:00Z,2326.68,2329.99,0.1424,0.23,real,0.217698,0.9164,0.00029012,0.00027781,0.00030266,0.9179,0.01,0.0002905,0.0,-1.0,0.0,1.0,0.0,-0.05,2.0,0.0,0.4462,-1.0,9.704e-05,0.0,0.0,0.0,0.0,0.0,,False,False,0.0,0.0,31.13,24.1,False,0.0,bullish,0.0,0.0,0.056194,0.031142,trade,no,False,False,42.0,40.51,,0.244322,0.05,50.0,1000.0,2.0,0.0,0.651,0.1037,0.1054,-0.0339,False,,False,True,14.94,2026-05-10 00:19:27+00:00,,0.0,,,,,,,,,,,bearish,bullish,False,False,3.592,5.009,False,False,False,,,13.94,0.3566,,0.0,,,,,,,,,,,,,,,,,,,,,,,,,,,,,,,,,,,,,,,,,,,,,,,,,,,,,,,,,,,,,,,,,,,,,,,,,,,,,,,0.5279775900955956,19,2026-W19,0.77,False
2026-05-10 03:11:33+00:00,2026-05-10 03:00,KXETHD-26MAY1000-T2329.99,2026-05-10T04:00:00Z,2327.27,2329.99,0.1167,0.37,real,0.254715,0.6621,0.00024449,0.00026987,0.00050529,0.5341,0.01,0.00037242,0.0,-1.0,0.0,3.0,-1.0,-0.1288,2.0,0.0,0.5774,-1.0,0.00010333,0.0,0.0,0.0,-1.0,-1.0,0.1636,False,False,-1.0,-1.0,84.94,76.05,False,0.0,bullish,0.0,0.0,0.130863,0.103126,trade,no,False,False,42.0,48.39,,0.353683,0.05,50.0,1000.0,2.0,-1.0,0.5373,0.1028,0.0653,-0.0704,False,,False,True,29.37,2026-05-10 03:11:33+00:00,,0.0,,,,,,,,,,,bearish,bullish,False,False,3.566,5.033,False,False,False,,,11.88,0.0095,,3.0,,,,,,,,,,,,,,,,,,,,,,,,,,,,,,,,,,,,,,,,,,,,,,,,,,,,,,,,,,,,,,,,,,,,,,,,,,,,,,,0.4582326950333496,19,2026-W19,0.63,True
2026-05-10 15:17:35+00:00,2026-05-10 15:00,KXETHD-26MAY1012-T2339.99,2026-05-10T16:00:00Z,2334.58,2339.99,0.2317,0.22,real,0.192019,0.8977,0.00053406,0.00046501,0.00046041,1.01,0.02,0.00047148,1.0,-1.0,0.0,2.0,0.0,0.0095,2.0,1.0,0.8197,-1.0,8.075e-05,1.0,1.0,-1.0,-2.0,-2.0,0.2923,False,False,-1.0,0.0,78.41,77.56,False,1.0,bullish,0.0,0.0,0.046735,0.021707,trade,no,False,False,40.0,42.37,,0.21243,0.05,50.0,1000.0,3.0,-2.0,0.5613,0.2921,-0.0895,0.0004,False,,True,False,-50.0,2026-05-10 15:17:35+00:00,,0.0,,,,,,,,,,,bearish,bullish,False,False,3.242,5.33,False,False,True,,,13.96,0.0252,,15.0,,,,,,,,,,,,,,,,,,,,,,,,,,,,,,,,,,,,,,,,,,,,,,,,,,,,,,,,,,,,,,,,,,,,,,,,,,,,,,,0.47236364220479177,19,2026-W19,0.78,True
2026-05-10 16:06:10+00:00,2026-05-10 16:00,KXETHD-26MAY1013-T2339.99,2026-05-10T17:00:00Z,2345.31,2339.99,-0.2266,0.74,real,0.802327,-0.8322,0.00056109,0.00045213,0.00048088,0.9402,0.05,0.00048913,1.0,-1.0,0.0,2.0,0.0,-0.0984,2.0,-1.0,0.9296,0.0,3.087e-05,1.0,1.0,-1.0,-2.0,-2.0,0.6339,False,False,-1.0,-1.0,86.11,87.39,True,1.0,bullish,0.0,0.0,0.062327,0.033859,trade,yes,False,False,41.0,53.78,,0.23972,0.05,50.0,1000.0,3.0,-9.0,0.5144,0.344,0.0315,0.0,False,,True,True,17.57,2026-05-10 16:06:10+00:00,,0.0,,,,,,,,,,,bullish,bullish,False,True,2.77,0.986,False,False,False,,,17.76,0.0,,16.0,,,,,,,,,,,,,,,,,,,,,,,,,,,,,,,,,,,,,,,,,,,,,,,,,,,,,,,,,,,,,,,,,,,,,,,,,,,,,,,0.4687198915201207,19,2026-W19,0.74,False
2026-05-10 17:51:48+00:00,2026-05-10 17:00,KXETHD-26MAY1014-T2359.99,2026-05-10T18:00:00Z,2362.65,2359.99,-0.1125,0.61,real,0.718313,-0.358,0.00064031,0.00060625,0.00141109,0.4296,0.03,0.00101949,1.0,-1.0,0.0,2.0,0.0,0.0079,2.0,1.0,0.9775,0.0,3.689e-05,1.0,1.0,-1.0,-2.0,-2.0,0.803,False,False,-1.0,-1.0,100.0,91.71,False,1.0,bullish,0.0,0.0,0.108313,0.07666,trade,yes,False,False,41.0,8.16,,0.277726,0.05,50.0,1000.0,4.0,-14.0,0.5144,0.4682,0.3863,0.2763,False,,True,True,31.97,2026-05-10 17:51:48+00:00,,0.0,,,,,,,,,,,bullish,bullish,False,True,2.015,1.712,False,False,False,,,20.74,1.2926,0.51,17.0,,,,,,,,,,,,,,,,,,,,,,,,,,,,,,,,,,,,,,,,,,,,,,,,,,,,,,,,,,,,,,,,,,,,,,,,,,,,,,,0.46592827297270184,19,2026-W19,0.61,False
2026-05-10 18:05:19+00:00,2026-05-10 18:00,KXETHD-26MAY1015-T2359.99,2026-05-10T19:00:00Z,2365.55,2359.99,-0.2349,0.71,real,0.762379,-0.7133,0.00066648,0.00057362,0.00057489,0.9978,0.02,0.00058684,1.0,-1.0,0.0,2.0,0.0,-0.0866,2.0,0.0,0.401,0.0,3.604e-05,1.0,1.0,-1.0,-2.0,-2.0,0.7515,False,False,-1.0,-1.0,96.28,90.56,False,1.0,bullish,0.0,0.0,0.052379,0.022966,trade,yes,False,False,43.0,54.64,,0.180617,0.05,50.0,1000.0,5.0,-12.0,0.5144,0.4684,0.0761,0.1151,False,,False,False,-50.0,2026-05-10 18:05:19+00:00,,0.0,,,,,,,,,,,bullish,bullish,False,True,1.89,1.833,False,False,False,,,23.84,0.0134,,18.0,,,,,,,,,,,,,,,,,,,,,,,,,,,,,,,,,,,,,,,,,,,,,,,,,,,,,,,,,,,,,,,,,,,,,,,,,,,,,,,0.486834245631181,19,2026-W19,0.71,False
2026-05-11 00:10:54+00:00,2026-05-11 00:00,KXETHD-26MAY1021-T2379.99,2026-05-11T01:00:00Z,2368.9,2379.99,0.4681,0.2,real,0.168021,1.0886,0.00065896,0.00067581,0.00079225,0.853,0.01,0.0007292,0.0,-1.0,0.0,2.0,0.0,0.0871,2.0,-1.0,0.8116,-1.0,0.00012129,-1.0,0.0,0.0,0.0,0.0,,False,False,0.0,-1.0,80.33,85.61,True,1.0,bullish,0.0,0.0,0.062626,0.039331,trade,no,False,False,43.0,49.05,,0.313131,0.05,50.0,1000.0,3.0,-4.0,0.5473,-0.4108,-0.0527,-0.2048,False,,False,True,12.5,2026-05-11 00:10:54+00:00,,0.0,,,,,,,,,,,bullish,bullish,False,True,1.746,6.702,False,False,False,,,24.09,0.0826,0.05,0.0,,,,,,,,,,,,,,,,,,,,,,,,,,,,,,,,,,,,,,,,,,,,,,,,,,,,,,,,,,,,,,,,,,,,,,,,,,,,,,,0.5116164830898172,20,2026-W20,0.8,False
2026-05-11 01:46:15+00:00,2026-05-11 01:00,KXETHD-26MAY1022-T2359.99,2026-05-11T02:00:00Z,2356.11,2359.99,0.1648,0.22,real,0.18873,0.8922,0.00085754,0.00040143,0.00057621,0.6967,0.05,0.00049868,0.0,-1.0,0.0,2.0,-1.0,-0.1445,2.0,0.0,0.4649,-1.0,0.000153,-1.0,0.0,0.0,0.0,0.0,0.004,False,False,0.0,0.0,41.3,49.8,False,1.0,bullish,0.0,0.0,0.048169,0.023207,trade,no,False,False,41.0,13.69,,0.218949,0.05,50.0,1000.0,1.0,0.0,0.6103,0.151,0.0191,0.0191,False,,False,True,14.1,2026-05-11 01:46:15+00:00,,0.0,,,,,,,,,,,bullish,bullish,False,True,2.298,6.195,False,False,False,,,21.59,0.2648,,1.0,,,,,,,,,,,,,,,,,,,,,,,,,,,,,,,,,,,,,,,,,,,,,,,,,,,,,,,,,,,,,,,,,,,,,,,,,,,,,,,0.49609658887813707,20,2026-W20,0.78,True
2026-05-11 05:04:40+00:00,2026-05-11 05:00,KXETHD-26MAY1102-T2339.99,2026-05-11T06:00:00Z,2334.15,2339.99,0.25,0.21,real,0.183848,0.89,0.00025449,0.00028335,0.00041658,0.6802,0.04,0.00041028,0.0,-1.0,0.0,1.0,0.0,0.0287,2.0,0.0,0.7075,-1.0,9.033e-05,0.0,0.0,0.0,1.0,1.0,-0.4171,False,False,0.0,0.0,34.82,34.75,False,-1.0,neutral,0.0,0.0,0.03885,0.01392,trade,no,False,False,41.0,55.26,,0.184999,0.05,50.0,1000.0,0.0,0.0,0.5174,0.0673,-0.0711,-0.0711,False,,False,True,13.29,2026-05-11 05:04:40+00:00,,0.0,,,,,,,,,,,bullish,bullish,False,True,1.524,5.313,False,False,False,,,19.33,0.0045,,5.0,,,,,,,,,,,,,,,,,,,,,,,,,,,,,,,,,,,,,,,,,,,,,,,,,,,,,,,,,,,,,,,,,,,,,,,,,,,,,,,0.5278098468417897,20,2026-W20,0.79,False
2026-05-11 06:05:16+00:00,2026-05-11 06:00,KXETHD-26MAY1103-T2339.99,2026-05-11T07:00:00Z,2333.78,2339.99,0.2661,0.2,real,0.180055,0.9612,0.00032202,0.00022906,0.00042705,0.5364,0.01,0.00037393,1.0,-1.0,0.0,2.0,-1.0,-0.2244,2.0,0.0,0.6971,-1.0,8.5e-05,0.0,0.0,0.0,1.0,1.0,-0.3788,False,False,0.0,0.0,52.37,52.33,False,-1.0,neutral,0.0,0.0,0.044446,0.020251,trade,no,False,False,41.0,54.69,,0.222231,0.05,50.0,1000.0,0.0,0.0,0.5174,-0.2262,-0.0925,-0.0514,False,,False,True,12.5,2026-05-11 06:05:16+00:00,,0.0,,,,,,,,,,,bullish,bullish,False,True,1.54,5.298,False,False,True,,,18.46,1.9899,,6.0,,,,,,,,,,,,,,,,,,,,,,,,,,,,,,,,,,,,,,,,,,,,,,,,,,,,,,,,,,,,,,,,,,,,,,,,,,,,,,,0.569403694067567,20,2026-W20,0.8,False
2026-05-11 10:14:13+00:00,2026-05-11 10:00,KXETHD-26MAY1107-T2339.99,2026-05-11T11:00:00Z,2336.77,2339.99,0.1377,0.3,real,0.255426,0.601,0.00041797,0.00043929,0.00038816,1.1317,0.04,0.00049804,1.0,0.0,1.0,2.0,1.0,0.1092,2.0,0.0,0.5697,-1.0,5.398e-05,0.0,0.0,0.0,0.0,0.0,-0.1735,False,False,0.0,-1.0,89.5,72.53,False,0.0,neutral,0.0,0.0,0.044841,0.016538,trade,no,False,False,40.0,45.73,,0.149471,0.05,50.0,1000.0,0.0,-1.0,0.483,0.0325,0.0749,0.0749,False,,False,True,21.43,2026-05-11 10:14:13+00:00,,0.0,,,,,,,,,,,bullish,bullish,False,True,1.41,5.419,False,False,True,,,15.88,0.0041,,10.0,,,,,,,,,,,,,,,,,,,,,,,,,,,,,,,,,,,,,,,,,,,,,,,,,,,,,,,,,,,,,,,,,,,,,,,,,,,,,,,0.5364036774645704,20,2026-W20,0.7,False
2026-05-11 13:37:02+00:00,2026-05-11 13:00,KXETHD-26MAY1110-T2319.99,2026-05-11T14:00:00Z,2315.89,2319.99,0.1771,0.27,real,0.161662,0.7032,0.00041985,0.0004951,0.00060329,0.8207,0.02,0.00057143,0.0,1.0,2.0,1.0,0.0,0.0902,2.0,0.0,0.4503,-1.0,5.887e-05,0.0,-1.0,1.0,2.0,2.0,-0.8759,False,False,1.0,1.0,0.0,4.05,False,-1.0,neutral,0.0,0.0,0.061408,0.034852,trade,no,False,False,40.0,22.92,,0.227436,0.05,50.0,1000.0,-2.0,10.0,0.5918,-0.6341,-0.5296,-0.3571,False,,True,False,-50.0,2026-05-11 13:37:02+00:00,,0.0,,,,,,,,,,,bullish,bearish,False,True,2.324,4.566,False,False,False,,,15.55,0.7137,,13.0,,,,,,,,,,,,,,,,,,,,,,,,,,,,,,,,,,,,,,,,,,,,,,,,,,,,,,,,,,,,,,,,,,,,,,,,,,,,,,,0.556885978284358,20,2026-W20,0.73,False
2026-05-11 15:05:30+00:00,2026-05-11 15:00,KXETHD-26MAY1112-T2319.99,2026-05-11T16:00:00Z,2313.93,2319.99,0.2618,0.29,real,0.314191,0.6863,0.00071734,0.00055932,0.00064022,0.8736,0.01,0.00061457,0.0,0.0,1.0,1.0,0.0,0.0916,2.0,0.0,0.4303,-1.0,5.999e-05,-1.0,-1.0,1.0,2.0,2.0,-0.7006,False,False,1.0,0.0,30.18,31.64,False,-1.0,bearish,0.0,0.0,0.045803,0.017884,trade,no,False,False,39.0,54.46,,0.157942,0.05,50.0,1000.0,-2.0,4.0,0.6202,0.2212,-0.0406,-0.0561,False,,True,False,-50.0,2026-05-11 15:05:30+00:00,,0.0,,,,,,,,,,,bullish,bearish,False,True,2.411,4.486,False,False,True,,,17.47,0.0029,-0.02,15.0,,,,,,,,,,,,,,,,,,,,,,,,,,,,,,,,,,,,,,,,,,,,,,,,,,,,,,,,,,,,,,,,,,,,,,,,,,,,,,,0.4901834624359375,20,2026-W20,0.71,True
2026-05-11 15:28:43+00:00,2026-05-11 15:00,KXETHD-26MAY1112-T2339.99,2026-05-11T16:00:00Z,2332.02,2339.99,0.3418,0.2,real,0.072256,0.894,0.00077506,0.00084603,0.00072573,1.1658,0.04,0.00081337,0.0,0.0,1.0,3.0,-1.0,-0.1021,2.0,0.0,0.4851,-1.0,6.06e-05,-1.0,-1.0,1.0,2.0,0.0,0.1464,False,True,-1.0,-1.0,86.89,58.01,False,0.0,neutral,0.0,0.0,0.058036,0.034509,trade,no,False,False,40.0,31.2,,0.290178,0.05,50.0,1000.0,0.0,-2.0,0.4718,0.8658,0.4388,0.5543,False,,False,True,12.5,2026-05-11 15:28:43+00:00,,0.0,,,,,,,,,,,bullish,bearish,False,True,1.617,5.226,False,False,True,,,16.92,0.1286,,15.0,,,,,,,,,,,,,,,,,,,,,,,,,,,,,,,,,,,,,,,,,,,,,,,,,,,,,,,,,,,,,,,,,,,,,,,,,,,,,,,0.4901834624359375,20,2026-W20,0.8,True
2026-05-11 16:00:18+00:00,2026-05-11 16:00,KXETHD-26MAY1113-T2339.99,2026-05-11T17:00:00Z,2332.0,2339.99,0.3426,0.21,real,0.137899,0.8612,0.00082928,0.00067785,0.00054905,1.2346,0.05,0.00067646,0.0,-1.0,0.0,2.0,0.0,0.084,2.0,0.0,0.656,-1.0,6.015e-05,0.0,0.0,0.0,0.0,0.0,0.1595,False,False,-1.0,-1.0,91.69,83.7,False,0.0,neutral,0.0,0.0,0.042783,0.018035,trade,no,False,False,40.0,59.66,,0.203729,0.05,50.0,1000.0,0.0,-3.0,0.4098,0.0562,0.2191,0.0,False,,False,True,13.29,2026-05-11 16:00:18+00:00,,0.0,,,,,,,,,,,bullish,bearish,False,True,1.617,5.226,False,False,False,,,17.22,0.0,,16.0,,,,,,,,,,,,,,,,,,,,,,,,,,,,,,,,,,,,,,,,,,,,,,,,,,,,,,,,,,,,,,,,,,,,,,,,,,,,,,,0.5157288466973835,20,2026-W20,0.79,False
2026-05-11 19:05:11+00:00,2026-05-11 19:00,KXETHD-26MAY1117-T2339.99,2026-05-11T21:00:00Z,2333.72,2339.99,0.2688,0.31,real,0.27184,0.6331,0.00043527,0.00044803,0.00050539,0.8865,0.01,0.00052087,-1.0,-1.0,0.0,0.0,0.0,-0.0192,2.0,1.0,0.9059,0.0,4.325e-05,1.0,0.0,0.0,0.0,0.0,0.107,False,False,1.0,0.0,50.03,62.45,False,0.0,bullish,0.0,0.0,0.044373,0.015718,trade,no,False,False,62.0,114.77,,0.143137,0.05,50.0,1000.0,1.0,0.0,0.6103,-0.2563,-0.1582,-0.042,False,,False,True,22.46,2026-05-11 19:05:11+00:00,,0.0,,,,,,,,,,,bullish,bearish,False,True,1.543,5.295,False,False,True,,,17.01,0.0026,,19.0,,,,,,,,,,,,,,,,,,,,,,,,,,,,,,,,,,,,,,,,,,,,,,,,,,,,,,,,,,,,,,,,,,,,,,,,,,,,,,,0.460698967770984,20,2026-W20,0.69,True
2026-05-11 21:17:00+00:00,2026-05-11 21:00,KXETHD-26MAY1118-T2339.99,2026-05-11T22:00:00Z,2340.3,2339.99,-0.0134,0.46,real,0.645996,-0.0452,0.00034657,0.00040497,,,0.01,0.00053855,-1.0,-1.0,0.0,1.0,0.0,-0.0022,2.0,0.0,0.5832,-1.0,5.541e-05,0.0,0.0,0.0,-1.0,-1.0,0.3639,False,False,0.0,0.0,57.94,49.03,False,1.0,bullish,0.0,0.0,0.170996,0.138608,trade,yes,False,False,41.0,42.94,,0.316659,0.05,50.0,1000.0,0.0,-2.0,0.4718,0.1125,0.0641,0.1193,False,,True,True,58.7,2026-05-11 21:17:00+00:00,,0.0,,,,,,,,,,,bullish,bearish,False,True,1.257,5.562,False,False,True,,,16.96,0.0734,,21.0,,,,,,,,,,,,,,,,,,,,,,,,,,,,,,,,,,,,,,,,,,,,,,,,,,,,,,,,,,,,,,,,,,,,,,,,,,,,,,,0.4545993149360113,20,2026-W20,0.46,False
2026-05-12 02:02:07+00:00,2026-05-12 02:00,KXETHD-26MAY1123-T2319.99,2026-05-12T03:00:00Z,2313.44,2319.99,0.2832,0.3,real,0.167611,0.6482,0.00092232,0.00074844,0.00070924,1.0553,0.04,0.00075493,0.0,-1.0,0.0,2.0,-1.0,-0.126,2.0,-1.0,0.9196,-1.0,5.757e-05,-1.0,0.0,0.0,0.0,0.0,0.0078,False,False,1.0,0.0,34.44,29.99,False,-1.0,neutral,0.0,0.0,0.076558,0.049411,trade,no,False,False,39.0,57.83,,0.255192,0.05,50.0,1000.0,-4.0,2.0,0.3741,-0.4622,-0.1166,0.0545,False,,False,True,21.43,2026-05-12 02:02:07+00:00,,0.0,,,,,,,,,,,bearish,bearish,False,True,2.433,4.465,False,False,True,,,21.29,0.2276,,2.0,,,,,,,,,,,,,,,,,,,,,,,,,,,,,,,,,,,,,,,,,,,,,,,,,,,,,,,,,,,,,,,,,,,,,,,,,,,,,,,0.5275562432994129,20,2026-W20,0.7,False
2026-05-12 03:04:30+00:00,2026-05-12 03:00,KXETHD-26MAY1200-T2319.99,2026-05-12T04:00:00Z,2314.74,2319.99,0.2269,0.23,real,0.178483,0.8012,0.00054653,0.00043421,0.00041187,1.0542,0.05,0.00049975,0.0,-1.0,0.0,1.0,0.0,-0.0887,2.0,0.0,0.7907,-1.0,6.823e-05,0.0,0.0,0.0,0.0,0.0,0.1078,False,False,0.0,0.0,41.35,37.72,False,-1.0,bearish,0.0,0.0,0.040372,0.014615,trade,no,False,False,41.0,55.45,,0.175531,0.05,50.0,1000.0,-2.0,1.0,0.4655,0.0553,0.0566,0.0,False,,False,True,14.94,2026-05-12 03:04:30+00:00,,0.0,,,,,,,,,,,bullish,bearish,False,True,2.375,4.519,False,False,True,,,23.32,0.0,,3.0,,,,,,,,,,,,,,,,,,,,,,,,,,,,,,,,,,,,,,,,,,,,,,,,,,,,,,,,,,,,,,,,,,,,,,,,,,,,,,,0.5375522011971013,20,2026-W20,0.77,False
2026-05-12 05:01:43+00:00,2026-05-12 05:00,KXETHD-26MAY1202-T2319.99,2026-05-12T06:00:00Z,2311.02,2319.99,0.3882,0.28,real,0.023859,1.5256,0.00026617,0.00027347,0.00087108,0.3139,0.01,0.0004894,0.0,-1.0,0.0,2.0,-1.0,-0.1734,2.0,0.0,0.6951,-1.0,0.00012667,0.0,0.0,0.0,0.0,0.0,-0.0047,False,False,0.0,0.0,51.83,55.95,False,-1.0,bearish,0.0,0.0,0.241999,0.22444,trade,no,False,False,39.0,58.24,,0.864284,0.05,50.0,1000.0,-3.0,0.0,0.3176,-0.0346,-0.0933,-0.0933,False,,False,True,19.44,2026-05-12 05:01:43+00:00,,0.0,,,,,,,,,,,bearish,bearish,False,True,2.54,4.365,False,False,True,,,27.14,0.0002,,5.0,,,,,,,,,,,,,,,,,,,,,,,,,,,,,,,,,,,,,,,,,,,,,,,,,,,,,,,,,,,,,,,,,,,,,,,,,,,,,,,0.5449195641772602,20,2026-W20,0.72,False
2026-05-12 09:26:18+00:00,2026-05-12 09:00,KXETHD-26MAY1206-T2279.99,2026-05-12T10:00:00Z,2283.85,2279.99,-0.1691,0.72,real,0.782508,-0.796,0.00046957,0.00036196,0.00050065,0.723,0.06,0.00048233,0.0,1.0,2.0,2.0,-1.0,-0.1957,2.0,0.0,0.0944,-1.0,0.00011237,-1.0,-1.0,1.0,2.0,2.0,-0.8907,False,False,1.0,1.0,7.59,12.72,False,-1.0,bearish,0.0,0.0,0.047508,0.018396,trade,yes,False,False,38.0,33.63,,0.16967,0.05,50.0,1000.0,-5.0,12.0,0.4799,-0.1491,-0.0556,-0.0013,False,,True,True,19.44,2026-05-12 09:26:18+00:00,,0.0,,,,,,,,,,,bearish,bearish,False,False,3.76,3.227,False,False,False,,,36.25,0.2066,,9.0,,,,,,,,,,,,,,,,,,,,,,,,,,,,,,,,,,,,,,,,,,,,,,,,,,,,,,,,,,,,,,,,,,,,,,,,,,,,,,,0.5455622853188702,20,2026-W20,0.72,True
2026-05-12 13:10:27+00:00,2026-05-12 13:00,KXETHD-26MAY1210-T2299.99,2026-05-12T14:00:00Z,2290.46,2299.99,0.416,0.19,real,0.053685,1.3645,0.00059083,0.00047601,0.0006721,0.7082,0.01,0.00056896,0.0,-1.0,0.0,3.0,-1.0,-0.1617,2.0,0.0,0.7355,-1.0,7.591e-05,0.0,0.0,0.0,0.0,0.0,-0.0995,False,False,-1.0,-1.0,81.98,71.63,False,0.0,bearish,0.0,0.0,0.126267,0.10709,trade,no,False,False,38.0,49.51,,0.664565,0.05,50.0,1000.0,-3.0,-2.0,0.3953,-0.1129,0.1057,0.0065,False,,False,True,11.73,2026-05-12 13:10:27+00:00,,0.0,,,,,,,,,,,bearish,bearish,False,False,3.46,3.507,False,False,False,,,42.23,0.0502,,13.0,,,,,,,,,,,,,,,,,,,,,,,,,,,,,,,,,,,,,,,,,,,,,,,,,,,,,,,,,,,,,,,,,,,,,,,,,,,,,,,0.6007557798400773,20,2026-W20,0.81,False
2026-05-12 13:47:49+00:00,2026-05-12 13:00,KXETHD-26MAY1210-T2279.99,2026-05-12T14:00:00Z,2276.95,2279.99,0.1335,0.32,real,0.256034,0.511,0.00054856,0.00069465,0.00081868,0.8485,0.04,0.00074933,0.0,-1.0,0.0,1.0,0.0,-0.0828,2.0,0.0,0.6944,-1.0,7.57e-05,0.0,0.0,0.0,1.0,1.0,-0.5296,False,False,1.0,0.0,26.6,31.4,False,-1.0,bearish,0.0,0.0,0.040372,0.011272,trade,no,False,False,37.0,12.13,,0.126163,0.05,50.0,1000.0,-4.0,5.0,0.4799,-0.3878,0.1132,0.0044,False,,False,True,23.53,2026-05-12 13:47:49+00:00,,0.0,,,,,,,,,,,bearish,bearish,False,False,4.074,2.934,False,False,False,,,42.47,0.4264,,13.0,,,,,,,,,,,,,,,,,,,,,,,,,,,,,,,,,,,,,,,,,,,,,,,,,,,,,,,,,,,,,,,,,,,,,,,,,,,,,,,0.6007557798400773,20,2026-W20,0.6799999999999999,False
2026-05-12 14:01:30+00:00,2026-05-12 14:00,KXETHD-26MAY1211-T2279.99,2026-05-12T15:00:00Z,2272.2,2279.99,0.3427,0.3,real,0.254039,0.6084,0.00072026,0.00088465,0.00085345,1.0366,0.05,0.0008757,0.0,1.0,2.0,2.0,-1.0,-0.1452,2.0,0.0,0.6686,-1.0,7.618e-05,0.0,-1.0,1.0,2.0,2.0,-0.8116,False,False,1.0,1.0,10.84,12.29,False,-1.0,bearish,0.0,0.0,0.047077,0.01885,trade,no,False,False,38.0,58.42,,0.156923,0.05,50.0,1000.0,-4.0,10.0,0.4799,-0.4738,-0.1871,0.0145,False,,False,True,21.43,2026-05-12 14:01:30+00:00,,0.0,,,,,,,,,,,bearish,bearish,False,False,4.292,2.731,False,False,False,,,44.09,0.1873,,14.0,,,,,,,,,,,,,,,,,,,,,,,,,,,,,,,,,,,,,,,,,,,,,,,,,,,,,,,,,,,,,,,,,,,,,,,,,,,,,,,0.5524447872540232,20,2026-W20,0.7,False
2026-05-12 15:06:24+00:00,2026-05-12 15:00,KXETHD-26MAY1212-T2279.99,2026-05-12T16:00:00Z,2269.9,2279.99,0.4446,0.21,real,0.12417,1.0633,0.00076035,0.00061777,0.00075181,0.8217,0.03,0.00067877,0.0,1.0,2.0,2.0,-1.0,-0.139,2.0,0.0,0.1146,-1.0,7.879e-05,-1.0,-1.0,1.0,2.0,2.0,-0.8563,False,False,1.0,1.0,15.68,27.93,False,-1.0,bearish,0.0,0.0,0.085272,0.06263,trade,no,False,False,37.0,53.55,,0.406055,0.05,50.0,1000.0,-4.0,10.0,0.4799,0.0198,-0.0229,-0.0269,False,,False,True,13.29,2026-05-12 15:06:24+00:00,,0.0,,,,,,,,,,,bearish,bearish,False,False,4.398,2.633,False,False,False,,,45.79,0.0017,,15.0,,,,,,,,,,,,,,,,,,,,,,,,,,,,,,,,,,,,,,,,,,,,,,,,,,,,,,,,,,,,,,,,,,,,,,,,,,,,,,,0.5538451288683461,20,2026-W20,0.79,False
2026-05-12 16:51:10+00:00,2026-05-12 16:00,KXETHD-26MAY1213-T2259.99,2026-05-12T17:00:00Z,2257.05,2259.99,0.1305,0.33,real,0.269171,0.5149,0.00072891,0.00079374,0.00101087,0.7852,0.05,0.00086367,0.0,1.0,2.0,2.0,-1.0,-0.1112,2.0,0.0,0.3596,-1.0,8.596e-05,-1.0,-1.0,1.0,2.0,2.0,-0.855,False,False,1.0,1.0,17.9,22.52,False,-1.0,bearish,0.0,0.0,0.064575,0.035927,trade,no,False,False,36.0,8.59,,0.195681,0.05,50.0,1000.0,-4.0,9.0,0.4799,-0.4187,-0.1351,0.0765,True,,True,False,-50.0,2026-05-12 16:51:10+00:00,,0.0,,,,,,,,,,,bearish,bearish,False,False,4.992,2.078,False,False,False,,,47.64,1.4102,,16.0,,,,,,,,,,,,,,,,,,,,,,,,,,,,,,,,,,,,,,,,,,,,,,,,,,,,,,,,,,,,,,,,,,,,,,,,,,,,,,,0.5532427219968987,20,2026-W20,0.6699999999999999,False
2026-05-12 17:28:18+00:00,2026-05-12 17:00,KXETHD-26MAY1214-T2279.99,2026-05-12T18:00:00Z,2273.91,2279.99,0.2673,0.21,real,0.113426,0.8145,0.00057953,0.00051713,0.00058826,0.8791,0.03,0.00058244,0.0,-1.0,0.0,2.0,-1.0,-0.221,2.0,1.0,0.9175,-1.0,8.787e-05,1.0,0.0,0.0,0.0,0.0,-0.2564,False,False,-1.0,0.0,77.99,53.86,False,0.0,bearish,0.0,0.0,0.039148,0.014231,trade,no,False,False,37.0,31.67,,0.186417,0.05,50.0,1000.0,-4.0,0.0,0.3176,0.4204,-0.0242,0.0,False,,False,True,13.29,2026-05-12 17:28:18+00:00,,0.0,,,,,,,,,,,bearish,bearish,False,False,4.213,2.804,False,False,False,,,48.39,1.8412,0.01,17.0,,,,,,,,,,,,,,,,,,,,,,,,,,,,,,,,,,,,,,,,,,,,,,,,,,,,,,,,,,,,,,,,,,,,,,,,,,,,,,,0.5145761182660828,20,2026-W20,0.79,False
2026-05-12 18:10:22+00:00,2026-05-12 18:00,KXETHD-26MAY1215-T2279.99,2026-05-12T19:00:00Z,2275.93,2279.99,0.1783,0.32,real,0.179162,0.6191,0.00038888,0.00034754,0.0005409,0.6425,0.06,0.00048643,0.0,-1.0,0.0,2.0,0.0,-0.0681,2.0,-1.0,0.9052,-1.0,8.827e-05,1.0,0.0,0.0,0.0,0.0,-0.134,False,False,-1.0,-1.0,89.65,89.27,False,0.0,bearish,0.0,0.0,0.086438,0.058907,trade,no,False,False,38.0,49.57,,0.270119,0.05,50.0,1000.0,-4.0,-1.0,0.3854,0.0444,-0.0294,-0.0531,False,,False,True,23.53,2026-05-12 18:10:22+00:00,,0.0,,,,,,,,,,,bearish,bearish,False,False,4.121,2.891,False,False,False,,,48.34,0.4952,,18.0,,,,,,,,,,,,,,,,,,,,,,,,,,,,,,,,,,,,,,,,,,,,,,,,,,,,,,,,,,,,,,,,,,,,,,,,,,,,,,,0.503329457388327,20,2026-W20,0.6799999999999999,False
2026-05-13 00:15:23+00:00,2026-05-13 00:00,KXETHD-26MAY1221-T2279.99,2026-05-13T01:00:00Z,2277.13,2279.99,0.1257,0.36,real,0.229599,0.6681,0.00029155,0.00024973,0.00052475,0.4759,0.03,0.00041403,0.0,0.0,1.0,2.0,-1.0,-0.1133,2.0,0.0,0.5935,-1.0,5.539e-05,0.0,0.0,0.0,0.0,0.0,,False,False,1.0,1.0,18.95,13.23,True,0.0,bearish,0.0,0.0,0.127546,0.100056,trade,no,False,False,38.0,44.57,,0.354294,0.05,50.0,1000.0,-3.0,2.0,0.3741,-0.0013,0.0765,0.0004,False,,True,False,-50.0,2026-05-13 00:15:23+00:00,,0.0,,,,,,,,,,,bearish,bearish,False,False,4.066,2.942,False,False,False,,,43.01,0.0031,0.26,0.0,,,,,,,,,,,,,,,,,,,,,,,,,,,,,,,,,,,,,,,,,,,,,,,,,,,,,,,,,,,,,,,,,,,,,,,,,,,,,,,0.5054330687163529,20,2026-W20,0.64,False
2026-05-13 05:08:18+00:00,2026-05-13 05:00,KXETHD-26MAY1302-T2309.99,2026-05-13T06:00:00Z,2305.89,2309.99,0.1778,0.25,real,0.194516,0.7537,0.00040041,0.00035129,0.00036634,0.9589,0.01,0.00043136,1.0,-1.0,0.0,3.0,0.0,0.0572,2.0,0.0,0.7071,-1.0,7.726e-05,0.0,1.0,-1.0,-2.0,-2.0,0.4828,False,False,-1.0,-1.0,83.61,89.83,True,1.0,bearish,0.0,0.0,0.045903,0.019532,trade,no,False,False,41.0,51.66,,0.183613,0.05,50.0,1000.0,0.0,-6.0,0.4058,-0.0087,-0.1473,0.0,False,,False,True,16.67,2026-05-13 05:08:18+00:00,,0.0,,,,,,,,,,,bearish,bearish,False,False,2.768,4.152,False,False,False,,,31.54,0.0284,,5.0,,,,,,,,,,,,,,,,,,,,,,,,,,,,,,,,,,,,,,,,,,,,,,,,,,,,,,,,,,,,,,,,,,,,,,,,,,,,,,,0.5021468262040079,20,2026-W20,0.75,False
2026-05-13 06:01:21+00:00,2026-05-13 06:00,KXETHD-26MAY1303-T2309.99,2026-05-13T07:00:00Z,2297.6,2309.99,0.5392,0.26,real,0.049074,1.7091,0.000323,0.00037309,0.00109192,0.3417,0.03,0.00060444,1.0,-1.0,0.0,1.0,0.0,0.0183,2.0,0.0,0.6577,-1.0,7.801e-05,0.0,0.0,0.0,0.0,0.0,0.0962,False,False,1.0,0.0,25.6,28.12,False,0.0,bearish,0.0,0.0,0.230253,0.213233,trade,no,False,False,41.0,58.6,,0.88559,0.05,50.0,1000.0,0.0,0.0,0.5174,-0.1942,-0.1213,-0.0609,False,,False,True,17.57,2026-05-13 06:01:21+00:00,,0.0,,,,,,,,,,,bearish,bearish,False,False,3.139,3.807,False,False,False,,,29.06,0.0,,6.0,,,,,,,,,,,,,,,,,,,,,,,,,,,,,,,,,,,,,,,,,,,,,,,,,,,,,,,,,,,,,,,,,,,,,,,,,,,,,,,0.47054500326777104,20,2026-W20,0.74,True
2026-05-13 07:02:16+00:00,2026-05-13 07:00,KXETHD-26MAY1304-T2309.99,2026-05-13T08:00:00Z,2301.14,2309.99,0.3845,0.33,real,0.118176,1.1668,0.00028853,0.00029872,0.00114864,0.2601,0.02,0.00056982,1.0,-1.0,0.0,2.0,-1.0,-0.1235,2.0,1.0,1.0,-1.0,7.951e-05,0.0,0.0,0.0,-1.0,-1.0,0.2419,False,False,0.0,0.0,45.29,55.34,False,0.0,bearish,0.0,0.0,0.224054,0.202424,trade,no,False,False,41.0,57.68,,0.678952,0.05,50.0,1000.0,0.0,-2.0,0.4718,-0.0061,0.0113,-0.0174,False,,False,True,24.63,2026-05-13 07:02:16+00:00,,0.0,,,,,,,,,,,bearish,bearish,False,False,2.98,3.955,False,False,False,,,27.04,0.0,,7.0,,,,,,,,,,,,,,,,,,,,,,,,,,,,,,,,,,,,,,,,,,,,,,,,,,,,,,,,,,,,,,,,,,,,,,,,,,,,,,,0.4803223214207712,20,2026-W20,0.6699999999999999,True
2026-05-13 08:02:17+00:00,2026-05-13 08:00,KXETHD-26MAY1305-T2309.99,2026-05-13T09:00:00Z,2301.73,2309.99,0.3587,0.3,real,0.130458,1.1564,0.00027929,0.00030541,0.00089936,0.3396,0.05,0.00053664,1.0,-1.0,0.0,2.0,-1.0,-0.1451,2.0,0.0,0.6777,-1.0,0.0001109,0.0,0.0,0.0,-1.0,-1.0,0.2743,False,False,0.0,0.0,52.45,40.14,False,1.0,bearish,0.0,0.0,0.189918,0.168061,trade,no,False,False,41.0,57.64,,0.63306,0.05,50.0,1000.0,0.0,0.0,0.5174,0.1897,0.0691,0.1304,False,,True,False,-50.0,2026-05-13 08:02:17+00:00,,0.0,,,,,,,,,,,bearish,bearish,False,False,2.954,3.979,False,False,False,,,25.15,0.0035,,8.0,,,,,,,,,,,,,,,,,,,,,,,,,,,,,,,,,,,,,,,,,,,,,,,,,,,,,,,,,,,,,,,,,,,,,,,,,,,,,,,0.4521764935361633,20,2026-W20,0.7,True
2026-05-13 11:04:17+00:00,2026-05-13 11:00,KXETHD-26MAY1308-T2309.99,2026-05-13T12:00:00Z,2305.43,2309.99,0.1978,0.31,real,0.229855,0.8188,0.00039185,0.00031353,0.00053407,0.5871,0.09,0.00047563,1.0,-1.0,0.0,1.0,0.0,0.0431,2.0,0.0,0.7021,-1.0,0.000113,-1.0,0.0,0.0,0.0,0.0,0.1593,False,False,1.0,0.0,35.37,41.45,False,0.0,bearish,0.0,0.0,0.113983,0.087952,trade,no,False,False,41.0,55.68,,0.367688,0.05,50.0,1000.0,0.0,0.0,0.5174,-0.0792,-0.0459,-0.0459,False,,False,True,22.46,2026-05-13 11:04:17+00:00,,0.0,,,,,,,,,,,bearish,bearish,False,False,2.789,4.133,False,False,False,,,24.94,0.0,,11.0,,,,,,,,,,,,,,,,,,,,,,,,,,,,,,,,,,,,,,,,,,,,,,,,,,,,,,,,,,,,,,,,,,,,,,,,,,,,,,,0.5223246092062691,20,2026-W20,0.69,False
2026-05-13 12:01:27+00:00,2026-05-13 12:00,KXETHD-26MAY1309-T2309.99,2026-05-13T13:00:00Z,2301.54,2309.99,0.3671,0.15,real,0.094092,1.6777,0.00041234,0.00029705,0.00046223,0.6427,0.02,0.00041993,0.0,0.0,1.0,1.0,0.0,0.0239,2.0,0.0,0.4221,-1.0,0.00016533,0.0,0.0,0.0,0.0,0.0,-0.1107,False,False,1.0,1.0,9.95,14.51,False,0.0,bearish,0.0,0.0,0.110789,0.093152,trade,no,False,False,41.0,58.5,,0.738593,0.05,50.0,1000.0,0.0,3.0,0.642,-0.0278,0.0022,0.0126,False,,False,True,8.82,2026-05-13 12:01:27+00:00,,0.0,,,,,,,,,,,bearish,bearish,False,False,2.962,3.971,False,False,False,,,22.68,0.047,,12.0,,,,,,,,,,,,,,,,,,,,,,,,,,,,,,,,,,,,,,,,,,,,,,,,,,,,,,,,,,,,,,,,,,,,,,,,,,,,,,,0.5311965856731256,20,2026-W20,0.85,False
2026-05-13 13:15:45+00:00,2026-05-13 13:00,KXETHD-26MAY1310-T2289.99,2026-05-13T14:00:00Z,2284.12,2289.99,0.2569,0.31,real,0.334102,0.6828,0.00103964,0.00059482,0.00077863,0.7639,0.03,0.00067313,0.0,-1.0,0.0,1.0,0.0,0.0985,2.0,0.0,0.6306,-1.0,0.00016633,-1.0,0.0,0.0,1.0,1.0,-0.6244,False,False,1.0,0.0,27.61,28.27,False,0.0,bearish,0.0,0.0,0.061297,0.033217,trade,no,False,False,41.0,44.18,,0.197732,0.05,50.0,1000.0,0.0,3.0,0.642,0.2729,-0.077,-0.0844,False,,False,True,22.46,2026-05-13 13:15:45+00:00,,0.0,,,,,,,,,,,bearish,bearish,False,False,3.748,3.239,False,False,False,,,24.53,0.0112,-0.06,13.0,,,,,,,,,,,,,,,,,,,,,,,,,,,,,,,,,,,,,,,,,,,,,,,,,,,,,,,,,,,,,,,,,,,,,,,,,,,,,,,0.5328064065289999,20,2026-W20,0.69,False
2026-05-13 14:36:51+00:00,2026-05-13 14:00,KXETHD-26MAY1311-T2269.99,2026-05-13T15:00:00Z,2264.67,2269.99,0.235,0.28,real,0.222462,0.6855,0.00101027,0.00053399,0.0008378,0.6374,0.05,0.00065956,0.0,-1.0,0.0,2.0,-1.0,-0.1434,2.0,0.0,0.6029,-1.0,0.00016149,-1.0,0.0,0.0,1.0,1.0,-0.9553,False,False,1.0,0.0,28.71,26.3,False,-1.0,bearish,0.0,0.0,0.053408,0.02614,trade,no,False,False,39.0,23.1,,0.190742,0.05,50.0,1000.0,-5.0,3.0,0.359,0.2206,-0.0582,0.0,False,,False,True,19.44,2026-05-13 14:36:51+00:00,,0.0,,,,,,,,,,,bearish,bearish,False,False,4.639,2.408,False,False,False,,,26.17,1.8023,-0.05,14.0,,,,,,,,,,,,,,,,,,,,,,,,,,,,,,,,,,,,,,,,,,,,,,,,,,,,,,,,,,,,,,,,,,,,,,,,,,,,,,,0.5313016013394155,20,2026-W20,0.72,False
2026-05-13 15:00:31+00:00,2026-05-13 15:00,KXETHD-26MAY1312-T2269.99,2026-05-13T16:00:00Z,2267.01,2269.99,0.1313,0.39,real,0.326515,0.399,0.00048902,0.00027771,0.00060959,0.4556,0.04,0.00046382,0.0,0.0,1.0,2.0,-1.0,-0.1352,2.0,0.0,0.5651,-1.0,0.00015972,1.0,-1.0,1.0,2.0,2.0,-1.1072,False,False,1.0,0.0,21.12,23.0,False,-1.0,bearish,0.0,0.0,0.063779,0.033393,trade,no,False,False,40.0,59.42,,0.163536,0.05,50.0,1000.0,-5.0,6.0,0.4799,-0.1857,0.0,0.0,False,,False,True,31.97,2026-05-13 15:00:31+00:00,,0.0,,,,,,,,,,,bearish,bearish,False,False,4.531,2.509,False,False,False,,,27.17,0.0,,15.0,,,,,,,,,,,,,,,,,,,,,,,,,,,,,,,,,,,,,,,,,,,,,,,,,,,,,,,,,,,,,,,,,,,,,,,,,,,,,,,0.5565879514316384,20,2026-W20,0.61,False
2026-05-13 19:40:07+00:00,2026-05-13 19:00,KXETHD-26MAY1317-T2249.99,2026-05-13T21:00:00Z,2256.57,2249.99,-0.2918,0.71,real,0.783378,-0.7004,0.0003988,0.00038749,0.00059087,0.6558,0.02,0.00050747,-1.0,-1.0,0.0,1.0,0.0,0.0301,2.0,0.0,0.5792,-1.0,0.00016168,0.0,0.0,0.0,1.0,1.0,-0.7041,False,False,0.0,0.0,59.96,59.55,False,-1.0,bearish,0.0,0.0,0.058378,0.028965,trade,yes,False,False,61.0,79.85,,0.201303,0.05,50.0,1000.0,-2.0,1.0,0.4655,0.0368,0.1704,0.1379,False,,True,True,20.42,2026-05-13 19:40:07+00:00,,0.0,,,,,,,,,,,bearish,bearish,False,False,2.0,2.058,False,False,False,,,30.42,1.6447,,19.0,,,,,,,,,,,,,,,,,,,,,,,,,,,,,,,,,,,,,,,,,,,,,,,,,,,,,,,,,,,,,,,,,,,,,,,,,,,,,,,0.5257699618993741,20,2026-W20,0.71,True
2026-05-14 01:01:46+00:00,2026-05-14 01:00,KXETHD-26MAY1322-T2269.99,2026-05-14T02:00:00Z,2266.32,2269.99,0.162,0.26,real,0.140981,0.8435,0.00041416,0.00022975,0.0003299,0.6964,0.09,0.00037004,0.0,-1.0,0.0,2.0,0.0,0.055,2.0,0.0,0.5264,-1.0,8.085e-05,0.0,0.0,0.0,0.0,0.0,0.0588,False,False,-1.0,-1.0,91.04,93.19,True,0.0,bearish,0.0,0.0,0.088257,0.063299,trade,no,False,False,39.0,58.15,,0.339449,0.05,50.0,1000.0,0.0,-5.0,0.4058,0.0459,-0.0075,-0.0075,False,,False,True,17.57,2026-05-14 01:01:46+00:00,,0.0,,,,,,,,,,,bearish,bearish,False,False,1.562,2.479,False,False,False,,,29.41,0.0005,,1.0,,,,,,,,,,,,,,,,,,,,,,,,,,,,,,,,,,,,,,,,,,,,,,,,,,,,,,,,,,,,,,,,,,,,,,,,,,,,,,,0.5052934787755485,20,2026-W20,0.74,False
2026-05-14 02:03:10+00:00,2026-05-14 02:00,KXETHD-26MAY1323-T2269.99,2026-05-14T03:00:00Z,2265.73,2269.99,0.188,0.26,real,0.190907,0.8604,0.00026105,0.00031664,0.00038735,0.8174,0.05,0.00042592,0.0,0.0,1.0,1.0,1.0,0.2474,2.0,0.0,0.7486,-1.0,8.016e-05,0.0,0.0,0.0,0.0,0.0,0.021,False,False,0.0,0.0,76.91,73.93,False,0.0,bearish,0.0,0.0,0.081001,0.055714,trade,no,False,False,39.0,56.78,,0.311542,0.05,50.0,1000.0,0.0,-1.0,0.483,0.1202,0.0181,-0.0582,False,,False,True,17.57,2026-05-14 02:03:10+00:00,,0.0,,,,,,,,,,,bearish,bearish,False,False,1.588,2.454,False,False,False,,,28.77,0.0011,,2.0,,,,,,,,,,,,,,,,,,,,,,,,,,,,,,,,,,,,,,,,,,,,,,,,,,,,,,,,,,,,,,,,,,,,,,,,,,,,,,,0.551171553316896,20,2026-W20,0.74,False
2026-05-14 02:53:19+00:00,2026-05-14 02:00,KXETHD-26MAY1323-T2249.99,2026-05-14T03:00:00Z,2247.52,2249.99,0.11,0.31,real,0.190552,0.638,0.00039589,0.00051913,0.00086202,0.6022,0.18,0.00079754,0.0,1.0,2.0,1.0,0.0,0.0535,2.0,0.0,0.6059,-1.0,8.002e-05,0.0,-1.0,1.0,2.0,2.0,-0.3197,False,False,1.0,1.0,0.0,29.53,False,-1.0,bearish,0.0,0.0,0.078513,0.05106,trade,no,False,False,38.0,6.61,,0.253269,0.05,50.0,1000.0,-3.0,6.0,0.4799,-0.5494,-0.4438,-0.3411,False,,True,False,-50.0,2026-05-14 02:53:19+00:00,,0.0,,,,,,,,,,,bearish,bearish,False,False,2.411,1.663,False,False,False,,,29.32,0.0363,,2.0,,,,,,,,,,,,,,,,,,,,,,,,,,,,,,,,,,,,,,,,,,,,,,,,,,,,,,,,,,,,,,,,,,,,,,,,,,,,,,,0.551171553316896,20,2026-W20,0.69,False
2026-05-14 03:20:18+00:00,2026-05-14 03:00,KXETHD-26MAY1400-T2249.99,2026-05-14T04:00:00Z,2245.87,2249.99,0.1833,0.43,real,0.385747,0.4154,0.00053373,0.00069519,0.00164932,0.4215,0.01,0.00092135,0.0,1.0,2.0,1.0,1.0,0.1228,2.0,0.0,0.293,-1.0,8.497e-05,0.0,0.0,0.0,0.0,0.0,-0.0742,False,False,1.0,1.0,15.32,14.25,True,-1.0,bearish,0.0,0.0,0.096891,0.06634,trade,no,False,False,38.0,39.65,,0.225327,0.05,50.0,1000.0,-4.0,4.0,0.5492,-0.2507,-0.0142,-0.0876,False,,False,True,37.72,2026-05-14 03:20:18+00:00,,0.0,,,,,,,,,,,bearish,bearish,False,False,2.486,1.591,False,False,False,,,29.97,1.6499,,3.0,,,,,,,,,,,,,,,,,,,,,,,,,,,,,,,,,,,,,,,,,,,,,,,,,,,,,,,,,,,,,,,,,,,,,,,,,,,,,,,0.531168197272792,20,2026-W20,0.5700000000000001,False
2026-05-14 04:25:47+00:00,2026-05-14 04:00,KXETHD-26MAY1401-T2259.99,2026-05-14T05:00:00Z,2250.88,2259.99,0.4047,0.13,real,0.030238,1.6331,0.00061922,0.00045856,0.00061361,0.7473,0.04,0.00055687,0.0,-1.0,0.0,1.0,0.0,-0.0968,2.0,0.0,0.3788,-1.0,8.52e-05,-1.0,0.0,0.0,0.0,0.0,0.1014,False,False,0.0,0.0,42.33,26.54,True,0.0,bearish,0.0,0.0,0.09871,0.081588,trade,no,False,False,36.0,34.14,,0.759304,0.05,50.0,1000.0,-3.0,0.0,0.3176,0.3539,0.104,-0.0599,False,,False,True,7.47,2026-05-14 04:25:47+00:00,,0.0,,,,,,,,,,,bearish,bearish,False,False,2.258,1.81,False,False,False,,,30.74,0.4775,,4.0,,,,,,,,,,,,,,,,,,,,,,,,,,,,,,,,,,,,,,,,,,,,,,,,,,,,,,,,,,,,,,,,,,,,,,,,,,,,,,,0.5059241611075714,20,2026-W20,0.87,False
2026-05-14 09:19:29+00:00,2026-05-14 09:00,KXETHD-26MAY1406-T2259.99,2026-05-14T10:00:00Z,2262.45,2259.99,-0.1087,0.74,real,0.838373,-0.6459,0.00028329,0.00029195,0.00026567,1.0989,0.08,0.00038916,0.0,0.0,1.0,1.0,-1.0,-0.1361,2.0,0.0,0.0,0.0,2.238e-05,0.0,0.0,0.0,0.0,0.0,0.1358,False,False,1.0,1.0,3.14,19.95,False,0.0,bearish,0.0,0.0,0.098373,0.069905,trade,yes,False,False,36.0,40.47,,0.378359,0.05,50.0,1000.0,0.0,2.0,0.5909,-0.1821,-0.0631,-0.0631,False,,False,False,-50.0,2026-05-14 09:19:29+00:00,,0.0,,,,,,,,,,,bearish,bearish,False,False,1.735,2.312,False,False,True,,,24.5,0.0187,,9.0,,,,,,,,,,,,,,,,,,,,,,,,,,,,,,,,,,,,,,,,,,,,,,,,,,,,,,,,,,,,,,,,,,,,,,,,,,,,,,,0.5314723121991876,20,2026-W20,0.74,True
2026-05-14 13:20:11+00:00,2026-05-14 13:00,KXETHD-26MAY1410-T2259.99,2026-05-14T14:00:00Z,2256.25,2259.99,0.1659,0.36,real,0.329279,0.62,0.00051529,0.0005252,0.00073337,0.7161,0.02,0.00062357,0.0,-1.0,0.0,2.0,0.0,0.0297,2.0,0.0,0.5224,-1.0,6.781e-05,0.0,0.0,0.0,0.0,0.0,-0.1313,False,False,0.0,-1.0,50.94,70.25,True,-1.0,bearish,0.0,0.0,0.095508,0.066891,trade,no,False,False,37.0,39.77,,0.265301,0.05,50.0,1000.0,0.0,0.0,0.5174,-0.1711,-0.2514,-0.3003,False,,False,True,28.12,2026-05-14 13:20:11+00:00,,0.0,,,,,,,,,,,bearish,bearish,False,False,2.015,2.043,False,False,True,,,24.74,0.0524,,13.0,,,,,,,,,,,,,,,,,,,,,,,,,,,,,,,,,,,,,,,,,,,,,,,,,,,,,,,,,,,,,,,,,,,,,,,,,,,,,,,0.5325242904376963,20,2026-W20,0.64,False
2026-05-14 16:33:39+00:00,2026-05-14 16:00,KXETHD-26MAY1413-T2299.99,2026-05-14T17:00:00Z,2304.98,2299.99,-0.2166,0.73,real,0.776058,-0.7006,0.00073096,0.00043767,0.00069015,0.6342,0.03,0.00055893,0.0,-1.0,0.0,2.0,0.0,-0.0611,2.0,0.0,0.4941,0.0,-1.195e-05,1.0,1.0,-1.0,-2.0,-2.0,1.306,False,False,-1.0,-1.0,89.93,91.33,True,1.0,bearish,0.0,0.0,0.046058,0.017261,trade,yes,False,False,40.0,26.28,,0.170585,0.05,50.0,1000.0,3.0,-8.0,0.5144,0.3202,-0.0078,0.0,False,,True,True,18.49,2026-05-14 16:33:39+00:00,,0.0,,,,,,,,,,,bearish,bullish,True,False,2.809,2.223,False,False,False,,,23.68,0.6155,,16.0,,,,,,,,,,,,,,,,,,,,,,,,,,,,,,,,,,,,,,,,,,,,,,,,,,,,,,,,,,,,,,,,,,,,,,,,,,,,,,,0.4587413498288554,20,2026-W20,0.73,False
2026-05-14 19:03:04+00:00,2026-05-14 19:00,KXETHD-26MAY1417-T2299.99,2026-05-14T21:00:00Z,2310.11,2299.99,-0.4382,0.74,real,0.840554,-0.8754,0.00052059,0.00037314,0.00063144,0.5909,0.02,0.00050438,1.0,0.0,1.0,0.0,1.0,0.1459,2.0,-1.0,0.8196,0.0,1.166e-05,1.0,0.0,0.0,-1.0,-1.0,1.0482,False,False,0.0,0.0,73.79,72.79,False,1.0,neutral,0.0,0.0,0.100554,0.072086,trade,yes,False,False,62.0,116.89,,0.386745,0.05,50.0,1000.0,3.0,-5.0,0.5144,-0.0433,0.1313,0.0281,False,,False,False,-50.0,2026-05-14 19:03:04+00:00,,0.0,,,,,,,,,,,bearish,bullish,True,False,2.58,2.44,False,False,False,,,26.07,0.0021,,19.0,,,,,,,,,,,,,,,,,,,,,,,,,,,,,,,,,,,,,,,,,,,,,,,,,,,,,,,,,,,,,,,,,,,,,,,,,,,,,,,0.5230785417992138,20,2026-W20,0.74,True
2026-05-14 19:21:46+00:00,2026-05-14 19:00,KXETHD-26MAY1416-T2299.99,2026-05-14T20:00:00Z,2305.31,2299.99,-0.2306,0.75,real,0.826443,-0.7184,0.00041606,0.00050226,0.00055394,0.9067,0.02,0.00056529,1.0,-1.0,0.0,0.0,0.0,0.0168,2.0,0.0,0.6858,0.0,1.281e-05,1.0,0.0,0.0,-1.0,-1.0,0.7831,False,False,1.0,0.0,47.42,59.45,False,0.0,bearish,0.0,0.0,0.076443,0.048318,trade,yes,False,False,61.0,38.18,,0.305772,0.05,50.0,1000.0,3.0,-3.0,0.5868,-0.1429,-0.1044,0.1059,False,,False,False,-50.0,2026-05-14 19:21:46+00:00,,0.0,,,,,,,,,,,bearish,bullish,True,False,2.794,2.236,False,False,False,,,26.06,0.4247,,19.0,,,,,,,,,,,,,,,,,,,,,,,,,,,,,,,,,,,,,,,,,,,,,,,,,,,,,,,,,,,,,,,,,,,,,,,,,,,,,,,0.5230785417992138,20,2026-W20,0.75,True
2026-05-14 21:31:38+00:00,2026-05-14 21:00,KXETHD-26MAY1418-T2299.99,2026-05-14T22:00:00Z,2295.94,2299.99,0.1765,0.24,real,0.228501,0.8607,0.00041421,0.00042689,0.00046906,0.9101,0.03,0.0005065,1.0,0.0,1.0,1.0,0.0,0.0163,2.0,0.0,0.4386,-1.0,5.18e-05,-1.0,0.0,0.0,0.0,0.0,0.1957,False,False,0.0,1.0,18.33,20.44,False,0.0,neutral,0.0,0.0,0.051477,0.025768,trade,no,False,False,38.0,28.32,,0.214487,0.05,50.0,1000.0,1.0,2.0,0.7636,-0.2184,0.0825,0.0,False,,False,True,15.79,2026-05-14 21:31:38+00:00,,0.0,,,,,,,,,,,bearish,bullish,True,False,3.214,1.838,False,False,False,,,24.16,0.0629,0.12,21.0,,,,,,,,,,,,,,,,,,,,,,,,,,,,,,,,,,,,,,,,,,,,,,,,,,,,,,,,,,,,,,,,,,,,,,,,,,,,,,,0.4818081613008049,20,2026-W20,0.76,True
2026-05-14 22:50:33+00:00,2026-05-14 22:00,KXETHD-26MAY1419-T2299.99,2026-05-14T23:00:00Z,2300.09,2299.99,-0.0044,0.51,real,0.663972,-0.034,0.00037739,0.00034883,0.00057261,0.6092,0.11,0.00050277,1.0,-1.0,0.0,2.0,0.0,0.0236,2.0,0.0,0.4674,-1.0,6.022e-05,0.0,0.0,0.0,0.0,0.0,0.4527,False,False,-1.0,-1.0,84.35,60.6,False,1.0,neutral,0.0,0.0,0.138972,0.106479,trade,yes,False,False,38.0,9.4,,0.283616,0.05,50.0,1000.0,1.0,-1.0,0.4964,0.1903,0.0822,0.0448,False,,False,False,-50.0,2026-05-14 22:50:33+00:00,,0.0,,,,,,,,,,,bearish,bullish,True,False,3.027,2.015,False,False,False,,,23.58,0.0494,,22.0,,,,,,,,,,,,,,,,,,,,,,,,,,,,,,,,,,,,,,,,,,,,,,,,,,,,,,,,,,,,,,,,,,,,,,,,,,,,,,,0.5056670365550939,20,2026-W20,0.51,True
2026-05-14 23:29:32+00:00,2026-05-14 23:00,KXETHD-26MAY1420-T2299.99,2026-05-15T00:00:00Z,2295.24,2299.99,0.2068,0.21,real,0.132726,1.1582,0.00036747,0.00030153,0.00046451,0.6491,0.01,0.00042556,1.0,-1.0,0.0,1.0,0.0,0.0186,2.0,0.0,0.4741,-1.0,6.213e-05,0.0,0.0,0.0,0.0,0.0,0.2233,False,False,0.0,0.0,53.27,52.12,False,0.0,bullish,0.0,0.0,0.099134,0.077234,trade,no,False,False,38.0,30.41,,0.472067,0.05,50.0,1000.0,1.0,0.0,0.6103,-0.1262,0.1182,0.137,False,,False,True,13.29,2026-05-14 23:29:32+00:00,,0.0,,,,,,,,,,,bearish,bullish,True,False,3.245,1.808,False,False,False,,,22.4,0.1392,0.11,23.0,,,,,,,,,,,,,,,,,,,,,,,,,,,,,,,,,,,,,,,,,,,,,,,,,,,,,,,,,,,,,,,,,,,,,,,,,,,,,,,0.5376753775314639,20,2026-W20,0.79,False
2026-05-15 01:01:21+00:00,2026-05-15 01:00,KXETHD-26MAY1422-T2299.99,2026-05-15T02:00:00Z,2292.6,2299.99,0.3225,0.25,real,0.243351,0.895,0.00068338,0.00068965,0.00062375,1.1057,0.01,0.00069125,1.0,-1.0,0.0,1.0,0.0,-0.0838,2.0,0.0,0.5515,-1.0,6.965e-05,0.0,0.0,0.0,0.0,0.0,0.0553,False,False,0.0,0.0,56.62,41.18,False,0.0,neutral,0.0,0.0,0.06488,0.03932,trade,no,False,False,38.0,58.57,,0.259518,0.05,50.0,1000.0,1.0,0.0,0.6103,-0.0575,0.0135,0.1472,False,,False,True,16.67,2026-05-15 01:01:21+00:00,,0.0,,,,,,,,,,,bearish,bullish,True,False,3.364,1.694,False,False,False,,,19.37,0.011,,1.0,,,,,,,,,,,,,,,,,,,,,,,,,,,,,,,,,,,,,,,,,,,,,,,,,,,,,,,,,,,,,,,,,,,,,,,,,,,,,,,0.5428375029389568,20,2026-W20,0.75,False
2026-05-15 02:25:13+00:00,2026-05-15 02:00,KXETHD-26MAY1423-T2259.99,2026-05-15T03:00:00Z,2267.07,2259.99,-0.3125,0.74,real,0.874679,-0.7977,0.0006685,0.00057647,0.00082536,0.6984,0.01,0.00066564,1.0,0.0,1.0,1.0,0.0,-0.0047,2.0,0.0,0.5864,-1.0,8.567e-05,0.0,0.0,0.0,1.0,1.0,-0.6302,False,False,1.0,1.0,9.11,6.39,True,-1.0,neutral,0.0,0.0,0.119679,0.091211,trade,yes,False,False,37.0,34.74,,0.460303,0.05,50.0,1000.0,1.0,7.0,0.7143,-0.418,0.056,0.0874,False,,True,True,17.57,2026-05-15 02:25:13+00:00,,0.0,,,,,,,,,,,bearish,bullish,True,False,4.528,0.588,False,False,False,,,19.8,0.651,,2.0,,,,,,,,,,,,,,,,,,,,,,,,,,,,,,,,,,,,,,,,,,,,,,,,,,,,,,,,,,,,,,,,,,,,,,,,,,,,,,,0.5339741920962972,20,2026-W20,0.74,True
2026-05-15 03:08:10+00:00,2026-05-15 03:00,KXETHD-26MAY1500-T2279.99,2026-05-15T04:00:00Z,2272.34,2279.99,0.3367,0.24,real,0.231571,0.8224,0.00071746,0.00065307,0.00066135,0.9875,0.01,0.00067615,1.0,-1.0,0.0,2.0,-1.0,-0.1278,2.0,0.0,0.1346,-1.0,8.775e-05,1.0,0.0,0.0,0.0,0.0,-0.2794,False,False,1.0,0.0,27.19,30.19,False,-1.0,bearish,0.0,0.0,0.042702,0.016616,trade,no,False,False,38.0,51.79,,0.177924,0.05,50.0,1000.0,1.0,1.0,0.5882,0.1388,-0.2082,-0.1485,False,,False,True,15.79,2026-05-15 03:08:10+00:00,,0.0,,,,,,,,,,,bearish,bullish,True,False,4.286,0.818,False,False,False,,,19.94,0.0034,,3.0,,,,,,,,,,,,,,,,,,,,,,,,,,,,,,,,,,,,,,,,,,,,,,,,,,,,,,,,,,,,,,,,,,,,,,,,,,,,,,,0.5206794599947351,20,2026-W20,0.76,False
2026-05-15 04:45:14+00:00,2026-05-15 04:00,KXETHD-26MAY1501-T2269.99,2026-05-15T05:00:00Z,2267.49,2269.99,0.1103,0.27,real,0.164753,0.7717,0.00039681,0.00028898,0.00046868,0.6166,0.09,0.00044309,1.0,-1.0,0.0,1.0,0.0,-0.0619,2.0,0.0,0.252,-1.0,8.995e-05,0.0,0.0,0.0,1.0,1.0,-0.4087,False,False,1.0,0.0,27.98,23.35,False,-1.0,bearish,0.0,0.0,0.07671,0.050794,trade,no,False,False,39.0,14.72,,0.284109,0.05,50.0,1000.0,0.0,4.0,0.55,-0.1347,0.0,0.0,False,,False,True,18.49,2026-05-15 04:45:14+00:00,,0.0,,,,,,,,,,,bearish,bullish,True,False,4.509,0.606,False,False,False,,,20.13,0.2135,,4.0,,,,,,,,,,,,,,,,,,,,,,,,,,,,,,,,,,,,,,,,,,,,,,,,,,,,,,,,,,,,,,,,,,,,,,,,,,,,,,,0.5569512959732515,20,2026-W20,0.73,False
2026-05-15 05:03:39+00:00,2026-05-15 05:00,KXETHD-26MAY1502-T2269.99,2026-05-15T06:00:00Z,2262.8,2269.99,0.318,0.21,real,0.251483,1.0226,0.00038705,0.00029416,0.0005247,0.5606,0.19,0.00049261,1.0,1.0,2.0,2.0,-1.0,-0.1797,2.0,0.0,0.2869,-1.0,9.047e-05,0.0,-1.0,1.0,2.0,2.0,-0.6235,False,False,1.0,1.0,7.85,11.39,False,-1.0,bearish,0.0,0.0,0.054454,0.030259,trade,no,False,False,39.0,56.29,,0.259304,0.05,50.0,1000.0,0.0,10.0,0.6447,-0.1636,-0.0799,-0.0543,False,,False,True,13.29,2026-05-15 05:03:39+00:00,,0.0,,,,,,,,,,,bearish,bullish,True,False,4.725,0.4,False,False,False,,,20.83,0.0621,,5.0,,,,,,,,,,,,,,,,,,,,,,,,,,,,,,,,,,,,,,,,,,,,,,,,,,,,,,,,,,,,,,,,,,,,,,,,,,,,,,,0.5525594652252263,20,2026-W20,0.79,False
2026-05-15 08:29:32+00:00,2026-05-15 08:00,KXETHD-26MAY1505-T2249.99,2026-05-15T09:00:00Z,2254.43,2249.99,-0.1968,0.71,real,0.839369,-0.7455,0.00036805,0.000388,0.00064546,0.6011,0.03,0.0005208,0.0,0.0,1.0,2.0,-1.0,-0.1211,2.0,0.0,0.2668,-1.0,5.875e-05,0.0,-1.0,1.0,2.0,2.0,-0.7969,False,False,1.0,0.0,46.31,67.01,True,-1.0,bearish,0.0,0.0,0.114369,0.084956,trade,yes,False,False,39.0,30.43,,0.394375,0.05,50.0,1000.0,0.0,2.0,0.5909,-0.5525,-0.1329,-0.1329,False,,True,True,20.42,2026-05-15 08:29:32+00:00,,0.0,,,,,,,,,,,bearish,bearish,True,False,5.114,1.964,False,False,False,,,23.46,0.2301,,8.0,,,,,,,,,,,,,,,,,,,,,,,,,,,,,,,,,,,,,,,,,,,,,,,,,,,,,,,,,,,,,,,,,,,,,,,,,,,,,,,0.5295565792011953,20,2026-W20,0.71,True
2026-05-15 13:00:58+00:00,2026-05-15 13:00,KXETHD-26MAY1510-T2249.99,2026-05-15T14:00:00Z,2251.74,2249.99,-0.0776,0.55,real,0.67788,-0.2344,0.00054213,0.00025351,0.00080389,0.3153,0.04,0.00056717,0.0,1.0,2.0,1.0,0.0,0.0219,2.0,0.0,0.3394,-1.0,7.947e-05,0.0,-1.0,1.0,2.0,2.0,-0.6545,False,False,0.0,1.0,18.83,22.42,False,-1.0,bearish,0.0,0.0,0.11288,0.080555,trade,yes,False,False,39.0,58.98,,0.250843,0.05,50.0,1000.0,0.0,2.0,0.5909,-0.0572,0.0053,0.024,False,,False,False,-50.0,2026-05-15 13:00:58+00:00,,0.0,,,,,,,,,,,bearish,bearish,True,False,5.24,1.847,False,False,False,,,23.81,0.0,,13.0,,,,,,,,,,,,,,,,,,,,,,,,,,,,,,,,,,,,,,,,,,,,,,,,,,,,,,,,,,,,,,,,,,,,,,,,,,,,,,,0.5528587612983874,20,2026-W20,0.55,True
2026-05-15 14:49:16+00:00,2026-05-15 14:00,KXETHD-26MAY1511-T2209.99,2026-05-15T15:00:00Z,2207.76,2209.99,0.1011,0.44,real,0.189805,0.1249,0.00127673,0.00083198,0.00205056,0.4057,0.09,0.00229555,0.0,1.0,2.0,1.0,0.0,0.079,2.0,0.0,0.5833,-1.0,9.434e-05,-1.0,-1.0,1.0,2.0,2.0,-1.2972,False,False,1.0,1.0,5.65,10.81,False,-1.0,bearish,0.0,0.0,0.063579,0.032148,trade,no,False,False,36.0,10.66,,0.144498,0.05,50.0,1000.0,-6.0,12.0,0.4799,-0.6168,-0.2956,-0.2155,False,,True,False,-50.0,2026-05-15 14:49:16+00:00,,0.0,,,,,,,,,,,bearish,bearish,False,False,7.336,6.655,False,False,False,,,27.52,2.587,,14.0,,,,,,,,,,,,,,,,,,,,,,,,,,,,,,,,,,,,,,,,,,,,,,,,,,,,,,,,,,,,,,,,,,,,,,,,,,,,,,,0.5422428895365319,20,2026-W20,0.56,False
2026-05-15 16:22:45+00:00,2026-05-15 16:00,KXETHD-26MAY1513-T2229.99,2026-05-15T17:00:00Z,2225.47,2229.99,0.2032,0.26,real,0.173778,0.7062,0.00058107,0.00047937,0.00051727,0.9267,0.07,0.00056097,0.0,-1.0,0.0,1.0,0.0,-0.0678,2.0,0.0,0.6759,-1.0,9.142e-05,1.0,0.0,0.0,0.0,0.0,0.0742,False,False,-1.0,0.0,42.79,37.57,False,0.0,bearish,0.0,0.0,0.04923,0.022586,trade,no,False,False,37.0,37.19,,0.189347,0.05,50.0,1000.0,-5.0,0.0,0.3176,0.2138,0.2034,0.1615,False,,False,True,17.57,2026-05-15 16:22:45+00:00,,0.0,,,,,,,,,,,bearish,bearish,False,False,1.46,7.397,False,False,False,,,30.59,0.293,,16.0,,,,,,,,,,,,,,,,,,,,,,,,,,,,,,,,,,,,,,,,,,,,,,,,,,,,,,,,,,,,,,,,,,,,,,,,,,,,,,,0.5238606910897997,20,2026-W20,0.74,False
2026-05-15 17:22:30+00:00,2026-05-15 17:00,KXETHD-26MAY1514-T2229.99,2026-05-15T18:00:00Z,2225.26,2229.99,0.2127,0.26,real,0.167877,0.7344,0.00065053,0.00050283,0.00053973,0.9316,0.02,0.00056289,0.0,-1.0,0.0,1.0,0.0,-0.0467,2.0,-1.0,0.9023,-1.0,7.914e-05,0.0,0.0,0.0,0.0,0.0,-0.0135,False,False,0.0,0.0,71.86,65.88,False,0.0,bearish,0.0,0.0,0.057311,0.030998,trade,no,False,False,37.0,37.45,,0.220426,0.05,50.0,1000.0,-5.0,0.0,0.3176,0.1256,-0.1866,-0.0548,False,,False,True,17.57,2026-05-15 17:22:30+00:00,,0.0,,,,,,,,,,,bearish,bearish,False,False,1.469,7.389,False,False,False,,,30.97,2.1154,,17.0,,,,,,,,,,,,,,,,,,,,,,,,,,,,,,,,,,,,,,,,,,,,,,,,,,,,,,,,,,,,,,,,,,,,,,,,,,,,,,,0.5180632734102486,20,2026-W20,0.74,False
2026-05-15 19:02:28+00:00,2026-05-15 19:00,KXETHD-26MAY1516-T2229.99,2026-05-15T20:00:00Z,2225.1,2229.99,0.2199,0.27,real,0.124946,0.7458,0.00049485,0.00043674,0.00047282,0.9237,0.03,0.00051118,0.0,-1.0,0.0,1.0,0.0,0.013,2.0,0.0,0.7878,-1.0,5.263e-05,1.0,0.0,0.0,0.0,0.0,0.0982,False,False,0.0,0.0,61.23,70.22,False,-1.0,bearish,0.0,0.0,0.080818,0.055081,trade,no,False,False,63.0,57.46,,0.299327,0.05,50.0,1000.0,-5.0,0.0,0.3176,0.0243,-0.0956,-0.0642,False,,False,True,18.49,2026-05-15 19:02:28+00:00,,0.0,,,,,,,,,,,bearish,bearish,False,False,1.476,7.382,False,False,False,,,32.33,0.2435,,19.0,,,,,,,,,,,,,,,,,,,,,,,,,,,,,,,,,,,,,,,,,,,,,,,,,,,,,,,,,,,,,,,,,,,,,,,,,,,,,,,0.5214244122086399,20,2026-W20,0.73,False
2026-05-16 00:46:21+00:00,2026-05-16 00:00,KXETHD-26MAY1521-T2229.99,2026-05-16T01:00:00Z,2226.32,2229.99,0.1647,0.28,real,0.136922,1.1562,0.00030809,0.0003393,0.00076546,0.4433,0.01,0.00050772,0.0,-1.0,0.0,1.0,0.0,0.0364,2.0,0.0,0.6781,-1.0,6.231e-05,0.0,0.0,0.0,0.0,0.0,,False,False,0.0,0.0,73.35,83.57,True,0.0,bearish,0.0,0.0,0.16865,0.146723,trade,no,False,False,37.0,13.6,,0.60232,0.05,50.0,1000.0,-3.0,0.0,0.3176,-0.0256,-0.1838,-0.1502,False,,False,True,19.44,2026-05-16 00:46:21+00:00,,0.0,,,,,,,,,,,bearish,bearish,False,False,1.421,7.433,False,False,False,,,35.47,1.1666,,0.0,,,,,,,,,,,,,,,,,,,,,,,,,,,,,,,,,,,,,,,,,,,,,,,,,,,,,,,,,,,,,,,,,,,,,,,,,,,,,,,0.5042951831553847,20,2026-W20,0.72,False
2026-05-16 01:08:56+00:00,2026-05-16 01:00,KXETHD-26MAY1522-T2229.99,2026-05-16T02:00:00Z,2226.89,2229.99,0.1392,0.24,real,0.17203,0.7631,0.00035262,0.00028411,0.00027564,1.0307,0.02,0.00037518,0.0,-1.0,0.0,2.0,0.0,-0.0984,2.0,0.0,0.64,-1.0,6.62e-05,0.0,0.0,0.0,0.0,0.0,-0.002,False,False,0.0,-1.0,81.69,77.71,False,0.0,bearish,0.0,0.0,0.043064,0.016993,trade,no,False,False,37.0,51.02,,0.179432,0.05,50.0,1000.0,-3.0,-2.0,0.3953,-0.1085,0.0921,0.0678,False,,False,True,15.79,2026-05-16 01:08:56+00:00,,0.0,,,,,,,,,,,bearish,bearish,False,False,1.395,7.457,False,False,False,,,35.39,0.0144,0.1,1.0,,,,,,,,,,,,,,,,,,,,,,,,,,,,,,,,,,,,,,,,,,,,,,,,,,,,,,,,,,,,,,,,,,,,,,,,,,,,,,,0.4989250849534134,20,2026-W20,0.76,True
2026-05-16 02:25:56+00:00,2026-05-16 02:00,KXETHD-26MAY1523-T2229.99,2026-05-16T03:00:00Z,2227.25,2229.99,0.1232,0.32,real,0.252596,0.8547,0.00031159,0.00020532,0.00045138,0.4549,0.01,0.00036325,0.0,-1.0,0.0,2.0,0.0,0.0502,2.0,0.0,0.7107,-1.0,7.058e-05,0.0,0.0,0.0,0.0,0.0,0.0098,False,False,0.0,-1.0,71.7,85.84,True,0.0,bearish,0.0,0.0,0.128035,0.102177,trade,no,False,False,37.0,34.01,,0.400111,0.05,50.0,1000.0,-1.0,-1.0,0.4819,-0.0022,-0.0605,-0.0843,False,,False,True,23.53,2026-05-16 02:25:56+00:00,,0.0,,,,,,,,,,,bearish,bearish,False,False,1.379,7.471,False,False,False,,,35.25,0.3311,,2.0,,,,,,,,,,,,,,,,,,,,,,,,,,,,,,,,,,,,,,,,,,,,,,,,,,,,,,,,,,,,,,,,,,,,,,,,,,,,,,,0.49815356807578187,20,2026-W20,0.6799999999999999,True
2026-05-16 04:04:59+00:00,2026-05-16 04:00,KXETHD-26MAY1601-T2229.99,2026-05-16T05:00:00Z,2226.6,2229.99,0.1524,0.23,real,0.135872,0.9244,0.00021258,0.00027291,0.00027803,0.9816,0.03,0.00037038,0.0,-1.0,0.0,1.0,0.0,-0.036,2.0,0.0,0.6058,-1.0,6.125e-05,0.0,0.0,0.0,0.0,0.0,-0.0071,False,False,0.0,0.0,59.94,67.56,True,0.0,bearish,0.0,0.0,0.076294,0.052189,trade,no,False,False,37.0,54.97,,0.331714,0.05,50.0,1000.0,-2.0,0.0,0.4121,-0.108,0.0355,0.0355,False,,False,True,14.94,2026-05-16 04:04:59+00:00,,0.0,,,,,,,,,,,bearish,bearish,False,False,1.408,7.444,False,False,False,,,34.79,0.0678,,4.0,,,,,,,,,,,,,,,,,,,,,,,,,,,,,,,,,,,,,,,,,,,,,,,,,,,,,,,,,,,,,,,,,,,,,,,,,,,,,,,0.540379017453893,20,2026-W20,0.77,False
2026-05-16 05:04:30+00:00,2026-05-16 05:00,KXETHD-26MAY1602-T2229.99,2026-05-16T06:00:00Z,2224.48,2229.99,0.2475,0.15,real,0.029735,1.4961,0.00044918,0.00026081,0.00032035,0.8141,0.02,0.00036988,0.0,-1.0,0.0,2.0,-1.0,-0.1177,2.0,0.0,0.6916,-1.0,6.698e-05,0.0,0.0,0.0,0.0,0.0,-0.0609,False,False,0.0,0.0,49.95,27.27,True,0.0,bearish,0.0,0.0,0.107232,0.089366,trade,no,False,False,37.0,55.44,,0.71488,0.05,50.0,1000.0,-3.0,0.0,0.3176,0.2473,0.0895,0.0895,False,,False,True,8.82,2026-05-16 05:04:30+00:00,,0.0,,,,,,,,,,,bearish,bearish,False,False,1.504,7.356,False,False,False,,,35.63,0.001,,5.0,,,,,,,,,,,,,,,,,,,,,,,,,,,,,,,,,,,,,,,,,,,,,,,,,,,,,,,,,,,,,,,,,,,,,,,,,,,,,,,0.5042537818089549,20,2026-W20,0.85,False
2026-05-17 06:06:49+00:00,2026-05-17 06:00,KXETHD-26MAY1703-T2189.99,2026-05-17T07:00:00Z,2185.69,2189.99,0.1969,0.2,real,0.120583,0.9211,0.00028948,0.00027983,0.00032064,0.8727,0.04,0.00038549,-1.0,0.0,1.0,1.0,1.0,0.2262,2.0,0.0,0.7346,-1.0,7.107e-05,0.0,0.0,0.0,-1.0,-1.0,0.2845,False,False,0.0,0.0,66.95,69.27,False,1.0,bearish,0.0,0.0,0.049297,0.025338,trade,no,False,False,40.0,53.14,,0.246485,0.05,50.0,1000.0,-3.0,0.0,0.3176,-0.0667,-0.0014,0.0476,False,,False,True,12.5,2026-05-17 06:06:49+00:00,,0.0,,,,,,,,,,,bearish,bearish,False,False,3.306,5.712,False,False,True,,,39.78,0.0165,,6.0,,,,,,,,,,,,,,,,,,,,,,,,,,,,,,,,,,,,,,,,,,,,,,,,,,,,,,,,,,,,,,,,,,,,,,,,,,,,,,,0.5049075179636315,20,2026-W20,0.8,False
2026-05-17 11:28:06+00:00,2026-05-17 11:00,KXETHD-26MAY1708-T2189.99,2026-05-17T12:00:00Z,2187.74,2189.99,0.1031,0.43,real,0.452261,0.3813,0.00028917,0.00033187,0.00103506,0.3206,0.01,0.00057,0.0,0.0,1.0,0.0,1.0,0.2053,2.0,0.0,0.4837,0.0,2.861e-05,0.0,0.0,0.0,-1.0,-1.0,0.4087,False,False,0.0,0.0,52.17,58.3,False,0.0,bearish,0.0,0.0,0.058929,0.027592,trade,no,False,False,40.0,31.85,,0.137043,0.05,50.0,1000.0,0.0,0.0,0.5174,-0.0917,0.0,0.0,False,,True,False,-50.0,2026-05-17 11:28:06+00:00,,0.0,,,,,,,,,,,bearish,bearish,False,False,3.209,5.8,False,False,False,,,30.8,0.1343,,11.0,,,,,,,,,,,,,,,,,,,,,,,,,,,,,,,,,,,,,,,,,,,,,,,,,,,,,,,,,,,,,,,,,,,,,,,,,,,,,,,0.46625219323002715,20,2026-W20,0.5700000000000001,True
2026-05-17 12:08:52+00:00,2026-05-17 12:00,KXETHD-26MAY1709-T2189.99,2026-05-17T13:00:00Z,2191.21,2189.99,-0.0555,0.57,real,0.636762,-0.2141,0.00039419,0.0002859,0.00044044,0.6491,0.03,0.00043202,0.0,-1.0,0.0,2.0,0.0,-0.0371,2.0,0.0,0.6263,-1.0,5.61e-05,0.0,1.0,-1.0,-2.0,-2.0,0.4679,False,False,0.0,0.0,62.33,52.49,False,1.0,bearish,0.0,0.0,0.051762,0.019605,trade,yes,False,False,40.0,51.08,,0.120377,0.05,50.0,1000.0,0.0,-2.0,0.4718,0.1805,0.0114,0.0119,False,,True,True,37.72,2026-05-17 12:08:52+00:00,,0.0,,,,,,,,,,,bearish,bearish,False,False,3.046,5.95,False,False,False,,,28.68,0.3433,,12.0,,,,,,,,,,,,,,,,,,,,,,,,,,,,,,,,,,,,,,,,,,,,,,,,,,,,,,,,,,,,,,,,,,,,,,,,,,,,,,,0.45831067950219645,20,2026-W20,0.57,False
2026-05-17 13:09:58+00:00,2026-05-17 13:00,KXETHD-26MAY1710-T2189.99,2026-05-17T14:00:00Z,2192.52,2189.99,-0.1156,0.67,real,0.740346,-0.4823,0.00023698,0.00027299,0.00037189,0.7341,0.06,0.00040379,0.0,-1.0,0.0,2.0,0.0,0.0792,2.0,-1.0,0.8073,-1.0,6.08e-05,0.0,1.0,-1.0,-2.0,-2.0,0.4921,False,False,0.0,0.0,58.55,70.76,True,1.0,bearish,0.0,0.0,0.055346,0.024869,trade,yes,False,False,40.0,49.96,,0.167714,0.05,50.0,1000.0,0.0,-2.0,0.4718,-0.1952,-0.0374,-0.0314,False,,True,True,24.63,2026-05-17 13:09:58+00:00,,0.0,,,,,,,,,,,bearish,bearish,False,False,2.984,6.006,False,False,False,,,27.79,0.1541,,13.0,,,,,,,,,,,,,,,,,,,,,,,,,,,,,,,,,,,,,,,,,,,,,,,,,,,,,,,,,,,,,,,,,,,,,,,,,,,,,,,0.49981501869408784,20,2026-W20,0.67,False
2026-05-17 15:02:01+00:00,2026-05-17 15:00,KXETHD-26MAY1712-T2189.99,2026-05-17T16:00:00Z,2184.4,2189.99,0.2558,0.2,real,0.114834,1.2458,0.00053273,0.00025348,0.00039891,0.6354,0.08,0.00039632,0.0,0.0,1.0,1.0,0.0,-0.0513,2.0,0.0,0.5184,-1.0,7.572e-05,-1.0,-1.0,1.0,2.0,0.0,0.0136,False,True,0.0,0.0,37.45,34.1,False,0.0,bearish,0.0,0.0,0.106932,0.086023,trade,no,False,False,40.0,57.92,,0.534658,0.05,50.0,1000.0,0.0,0.0,0.5174,-0.1466,0.0453,0.0453,False,,False,True,12.5,2026-05-17 15:02:01+00:00,,0.0,,,,,,,,,,,bearish,bearish,False,False,3.367,5.657,False,False,False,,,25.33,0.0021,,15.0,,,,,,,,,,,,,,,,,,,,,,,,,,,,,,,,,,,,,,,,,,,,,,,,,,,,,,,,,,,,,,,,,,,,,,,,,,,,,,,0.5247017793293717,20,2026-W20,0.8,False
2026-05-17 16:10:40+00:00,2026-05-17 16:00,KXETHD-26MAY1713-T2189.99,2026-05-17T17:00:00Z,2185.14,2189.99,0.2221,0.21,real,0.139798,1.2288,0.00025383,0.00024691,0.00039205,0.6298,0.01,0.00037837,0.0,-1.0,0.0,1.0,0.0,-0.0014,2.0,0.0,0.822,-1.0,0.00010149,0.0,0.0,0.0,0.0,0.0,0.0031,False,False,0.0,0.0,40.97,39.2,False,0.0,bearish,0.0,0.0,0.107773,0.086349,trade,no,False,False,40.0,49.25,,0.513206,0.05,50.0,1000.0,1.0,0.0,0.6103,0.0581,-0.0311,-0.0626,False,,False,True,13.29,2026-05-17 16:10:40+00:00,,0.0,,,,,,,,,,,bearish,bearish,False,False,3.332,5.688,False,False,False,,,24.47,0.0012,,16.0,,,,,,,,,,,,,,,,,,,,,,,,,,,,,,,,,,,,,,,,,,,,,,,,,,,,,,,,,,,,,,,,,,,,,,,,,,,,,,,0.5381742169976583,20,2026-W20,0.79,False
2026-05-17 19:06:45+00:00,2026-05-17 19:00,KXETHD-26MAY1717-T2189.99,2026-05-17T21:00:00Z,2187.5,2189.99,0.1138,0.38,real,0.359871,0.3824,0.00039756,0.00030737,0.00034984,0.8786,0.02,0.00041102,0.0,-1.0,0.0,2.0,0.0,0.036,2.0,0.0,0.7749,-1.0,0.00010504,0.0,0.0,0.0,0.0,0.0,0.0336,False,False,-1.0,-1.0,88.22,83.08,False,0.0,bearish,0.0,0.0,0.041545,0.010872,trade,no,False,False,62.0,113.2,,0.109329,0.05,50.0,1000.0,1.0,-2.0,0.5612,0.1309,0.0041,0.0041,False,,False,True,30.65,2026-05-17 19:06:45+00:00,,0.0,,,,,,,,,,,bearish,bearish,False,False,3.221,5.79,False,False,True,,,22.91,0.0052,,19.0,,,,,,,,,,,,,,,,,,,,,,,,,,,,,,,,,,,,,,,,,,,,,,,,,,,,,,,,,,,,,,,,,,,,,,,,,,,,,,,0.47630648564286937,20,2026-W20,0.62,True
2026-05-18 03:15:34+00:00,2026-05-18 03:00,KXETHD-26MAY1800-T2129.99,2026-05-18T04:00:00Z,2117.11,2129.99,0.6085,0.16,real,0.037703,1.5545,0.00040566,0.00049023,0.00091563,0.5354,0.01,0.00063671,-1.0,-1.0,0.0,2.0,-1.0,-0.1842,2.0,0.0,0.7055,-1.0,6.953e-05,0.0,0.0,0.0,0.0,0.0,0.1372,False,False,0.0,0.0,56.27,45.52,False,0.0,bearish,0.0,0.0,0.120107,0.102426,trade,no,False,False,37.0,44.39,,0.75067,0.05,50.0,1000.0,-6.0,4.0,0.5492,0.1384,-0.0387,-0.1314,False,,False,True,9.52,2026-05-18 03:15:34+00:00,,0.0,,,,,,,,,,,bearish,bearish,False,False,6.653,2.658,False,False,False,,,34.09,0.0013,0.03,3.0,,,,,,,,,,,,,,,,,,,,,,,,,,,,,,,,,,,,,,,,,,,,,,,,,,,,,,,,,,,,,,,,,,,,,,,,,,,,,,,0.5260494440375005,21,2026-W21,0.84,False
2026-05-18 13:07:05+00:00,2026-05-18 13:00,KXETHD-26MAY1810-T2149.99,2026-05-18T14:00:00Z,2145.23,2149.99,0.2219,0.35,real,0.261878,0.4678,0.0007665,0.00063272,0.00079141,0.7995,0.03,0.00070857,0.0,-1.0,0.0,1.0,0.0,-0.0185,2.0,0.0,0.5431,0.0,4.138e-05,1.0,1.0,-1.0,-2.0,-2.0,1.0173,False,False,-1.0,0.0,76.47,88.2,True,1.0,bearish,0.0,0.0,0.042076,0.012159,trade,no,False,False,39.0,52.86,,0.120217,0.05,50.0,1000.0,0.0,-3.0,0.4098,-0.1503,-0.2385,-0.0722,False,,False,True,26.92,2026-05-18 13:07:05+00:00,,0.0,,,,,,,,,,,bearish,bearish,False,False,5.255,3.934,False,False,False,,,37.11,0.2177,,13.0,,,,,,,,,,,,,,,,,,,,,,,,,,,,,,,,,,,,,,,,,,,,,,,,,,,,,,,,,,,,,,,,,,,,,,,,,,,,,,,0.5370835838422064,21,2026-W21,0.65,False
2026-05-18 14:06:59+00:00,2026-05-18 14:00,KXETHD-26MAY1811-T2129.99,2026-05-18T15:00:00Z,2124.61,2129.99,0.2535,0.39,real,0.247089,0.3668,0.00124665,0.00114524,0.00124513,0.9198,0.03,0.00112882,-1.0,0.0,1.0,0.0,1.0,0.1384,2.0,1.0,0.9651,0.0,3.83e-05,-1.0,0.0,0.0,0.0,0.0,-0.0208,False,False,1.0,0.0,34.9,38.43,False,0.0,bearish,0.0,0.0,0.056462,0.025902,trade,no,False,False,38.0,52.98,,0.144775,0.05,50.0,1000.0,-3.0,0.0,0.3176,-0.0263,-0.2878,-0.1132,False,,False,True,31.97,2026-05-18 14:06:59+00:00,,0.0,,,,,,,,,,,bearish,bearish,False,False,6.276,3.001,False,False,False,,,36.03,0.6677,,14.0,,,,,,,,,,,,,,,,,,,,,,,,,,,,,,,,,,,,,,,,,,,,,,,,,,,,,,,,,,,,,,,,,,,,,,,,,,,,,,,0.5395300069190813,21,2026-W21,0.61,False
2026-05-18 16:05:09+00:00,2026-05-18 16:00,KXETHD-26MAY1813-T2109.99,2026-05-18T17:00:00Z,2101.62,2109.99,0.3984,0.23,real,0.17824,0.8273,0.00084485,0.00057574,0.00072713,0.7918,0.02,0.00064935,1.0,1.0,2.0,1.0,0.0,0.0091,2.0,0.0,0.7229,-1.0,8.569e-05,0.0,-1.0,1.0,2.0,2.0,-1.0296,False,False,1.0,1.0,14.06,18.87,False,-1.0,bearish,0.0,0.0,0.046307,0.02081,trade,no,False,False,37.0,54.79,,0.201334,0.05,50.0,1000.0,-4.0,6.0,0.4799,-0.0162,-0.0884,-0.214,False,,False,True,14.94,2026-05-18 16:05:09+00:00,,0.0,,,,,,,,,,,bearish,bearish,False,False,1.582,1.94,False,False,False,,,36.43,0.0025,,16.0,,,,,,,,,,,,,,,,,,,,,,,,,,,,,,,,,,,,,,,,,,,,,,,,,,,,,,,,,,,,,,,,,,,,,,,,,,,,,,,0.5370879785036533,21,2026-W21,0.77,False
2026-05-18 17:31:02+00:00,2026-05-18 17:00,KXETHD-26MAY1814-T2109.99,2026-05-18T18:00:00Z,2104.54,2109.99,0.2589,0.2,real,0.106514,0.9551,0.00053618,0.00038364,0.00057134,0.6715,0.03,0.00050344,1.0,-1.0,0.0,1.0,0.0,0.0214,2.0,-1.0,0.842,-1.0,9.654e-05,0.0,0.0,0.0,1.0,1.0,-0.772,False,False,0.0,0.0,43.01,35.13,False,0.0,bearish,0.0,0.0,0.059508,0.036056,trade,no,False,False,36.0,28.92,,0.297542,0.05,50.0,1000.0,-4.0,1.0,0.3711,0.4004,0.0218,0.0,False,,False,True,12.5,2026-05-18 17:31:02+00:00,,0.0,,,,,,,,,,,bearish,bearish,False,False,1.441,2.077,False,False,False,,,36.75,0.1231,0.02,17.0,,,,,,,,,,,,,,,,,,,,,,,,,,,,,,,,,,,,,,,,,,,,,,,,,,,,,,,,,,,,,,,,,,,,,,,,,,,,,,,0.5262924435329029,21,2026-W21,0.8,False
2026-05-18 18:03:17+00:00,2026-05-18 18:00,KXETHD-26MAY1815-T2109.99,2026-05-18T19:00:00Z,2103.18,2109.99,0.3237,0.22,real,0.12468,0.825,0.0005603,0.00057763,0.0005559,1.0391,0.04,0.00061939,1.0,-1.0,0.0,2.0,-1.0,-0.1133,2.0,0.0,0.7187,-1.0,0.0001,0.0,0.0,0.0,1.0,1.0,-0.7056,False,False,0.0,0.0,77.15,60.94,False,0.0,bearish,0.0,0.0,0.048379,0.023428,trade,no,False,False,37.0,56.67,,0.219906,0.05,50.0,1000.0,-4.0,1.0,0.3711,0.0674,0.0,0.0,False,,False,True,14.1,2026-05-18 18:03:17+00:00,,0.0,,,,,,,,,,,bearish,bearish,False,False,1.507,2.013,False,False,True,,,36.74,0.0,,18.0,,,,,,,,,,,,,,,,,,,,,,,,,,,,,,,,,,,,,,,,,,,,,,,,,,,,,,,,,,,,,,,,,,,,,,,,,,,,,,,0.5530255408939927,21,2026-W21,0.78,False
2026-05-18 23:52:33+00:00,2026-05-18 23:00,KXETHD-26MAY1820-T2129.99,2026-05-19T00:00:00Z,2127.68,2129.99,0.1085,0.2,real,0.063584,1.0184,0.00038357,0.00036607,0.0004742,0.772,0.02,0.00046651,0.0,-1.0,0.0,1.0,0.0,0.0944,2.0,0.0,0.6741,-1.0,8.171e-05,0.0,0.0,0.0,0.0,0.0,0.5256,False,False,1.0,0.0,51.0,60.79,False,0.0,bearish,0.0,0.0,0.083604,0.061405,trade,no,False,False,37.0,7.38,,0.418021,0.05,50.0,1000.0,0.0,-1.0,0.483,-0.1908,-0.1861,-0.1861,False,,False,True,12.5,2026-05-18 23:52:33+00:00,,0.0,,,,,,,,,,,bearish,bearish,False,False,6.123,3.142,False,False,True,,,29.6,0.2053,,23.0,,,,,,,,,,,,,,,,,,,,,,,,,,,,,,,,,,,,,,,,,,,,,,,,,,,,,,,,,,,,,,,,,,,,,,,,,,,,,,,0.5005087834041777,21,2026-W21,0.8,False
2026-05-19 12:21:22+00:00,2026-05-19 12:00,KXETHD-26MAY1909-T2119.99,2026-05-19T13:00:00Z,2113.34,2119.99,0.3147,0.16,real,0.060161,1.4042,0.00034904,0.00029008,0.00050887,0.57,0.03,0.00042902,0.0,-1.0,0.0,2.0,-1.0,-0.2133,2.0,0.0,0.3675,-1.0,9.682e-05,0.0,0.0,0.0,1.0,1.0,-0.7821,False,False,0.0,0.0,21.89,17.65,True,-1.0,bearish,0.0,0.0,0.099218,0.080222,trade,no,False,False,39.0,38.56,,0.620111,0.05,50.0,1000.0,0.0,5.0,0.6447,0.1184,0.0005,-0.0846,False,,False,True,9.52,2026-05-19 12:21:22+00:00,,0.0,,,,,,,,,,,bearish,bullish,True,False,6.843,2.484,False,False,False,,,22.71,0.239,0.04,12.0,,,,,,,,,,,,,,,,,,,,,,,,,,,,,,,,,,,,,,,,,,,,,,,,,,,,,,,,,,,,,,,,,,,,,,,,,,,,,,,0.5214245062503916,21,2026-W21,0.84,False
2026-05-19 13:06:43+00:00,2026-05-19 13:00,KXETHD-26MAY1910-T2119.99,2026-05-19T14:00:00Z,2113.01,2119.99,0.3305,0.25,real,0.193516,0.9291,0.00040193,0.00049257,0.00067053,0.7346,0.01,0.00057948,-1.0,-1.0,0.0,3.0,-1.0,-0.1851,2.0,0.0,0.2187,-1.0,9.72e-05,0.0,0.0,0.0,1.0,1.0,-0.6596,False,False,0.0,-1.0,57.44,62.51,True,-1.0,bearish,0.0,0.0,0.08524,0.060607,trade,no,False,False,40.0,53.23,,0.34096,0.05,50.0,1000.0,0.0,1.0,0.5223,-0.1077,-0.1567,-0.1605,False,,False,True,16.67,2026-05-19 13:06:43+00:00,,0.0,,,,,,,,,,,bearish,bullish,True,False,6.86,2.469,False,False,True,,,23.41,0.0207,,13.0,,,,,,,,,,,,,,,,,,,,,,,,,,,,,,,,,,,,,,,,,,,,,,,,,,,,,,,,,,,,,,,,,,,,,,,,,,,,,,,0.5157274313659028,21,2026-W21,0.75,False
2026-05-19 18:06:37+00:00,2026-05-19 18:00,KXETHD-26MAY1915-T2119.99,2026-05-19T19:00:00Z,2114.28,2119.99,0.2701,0.25,real,0.249235,0.8471,0.00059005,0.00051543,0.00054751,0.9414,0.03,0.00057357,-1.0,-1.0,0.0,1.0,0.0,0.0591,2.0,0.0,0.7315,-1.0,8.786e-05,-1.0,0.0,0.0,0.0,0.0,-0.092,False,False,0.0,0.0,74.56,72.71,False,0.0,bearish,0.0,0.0,0.053487,0.027434,trade,no,False,False,39.0,53.34,,0.213948,0.05,50.0,1000.0,1.0,0.0,0.6103,0.1177,0.0936,0.0865,False,,False,True,16.67,2026-05-19 18:06:37+00:00,,0.0,,,,,,,,,,,bearish,bullish,True,False,6.795,2.528,False,False,True,,,21.89,0.2237,,18.0,,,,,,,,,,,,,,,,,,,,,,,,,,,,,,,,,,,,,,,,,,,,,,,,,,,,,,,,,,,,,,,,,,,,,,,,,,,,,,,0.5169108551357986,21,2026-W21,0.75,False
2026-05-19 19:00:31+00:00,2026-05-19 19:00,KXETHD-26MAY1916-T2119.99,2026-05-19T20:00:00Z,2114.13,2119.99,0.2773,0.24,real,0.238709,0.9146,0.00042281,0.00043085,0.00050869,0.847,0.04,0.00051685,-1.0,-1.0,0.0,2.0,-1.0,-0.2122,2.0,0.0,0.6842,-1.0,9.582e-05,1.0,0.0,0.0,0.0,0.0,-0.1217,False,False,0.0,0.0,44.43,48.25,False,0.0,bearish,0.0,0.0,0.059972,0.034638,trade,no,False,False,61.0,59.4,,0.249881,0.05,50.0,1000.0,1.0,0.0,0.6103,0.1231,-0.0524,-0.0647,False,,False,True,15.79,2026-05-19 19:00:31+00:00,,0.0,,,,,,,,,,,bearish,bullish,True,False,6.803,2.521,False,False,True,,,21.64,0.0,,19.0,,,,,,,,,,,,,,,,,,,,,,,,,,,,,,,,,,,,,,,,,,,,,,,,,,,,,,,,,,,,,,,,,,,,,,,,,,,,,,,0.5240720794563205,21,2026-W21,0.76,False
2026-05-19 21:00:46+00:00,2026-05-19 21:00,KXETHD-26MAY1918-T2119.99,2026-05-19T22:00:00Z,2116.77,2119.99,0.1521,0.32,real,0.240725,0.7525,0.00023501,0.000258,0.00042247,0.6107,0.01,0.00038614,-1.0,-1.0,0.0,1.0,0.0,-0.0818,2.0,-1.0,0.8067,-1.0,0.00011951,0.0,0.0,0.0,0.0,0.0,0.0016,False,False,0.0,0.0,51.33,54.37,False,0.0,bearish,0.0,0.0,0.106192,0.079425,trade,no,False,False,39.0,59.18,,0.33185,0.05,50.0,1000.0,0.0,0.0,0.5174,0.0747,-0.0208,-0.0812,False,,False,True,23.53,2026-05-19 21:00:46+00:00,,0.0,,,,,,,,,,,bearish,bullish,True,False,6.67,2.642,False,False,True,,,19.53,0.4064,,21.0,,,,,,,,,,,,,,,,,,,,,,,,,,,,,,,,,,,,,,,,,,,,,,,,,,,,,,,,,,,,,,,,,,,,,,,,,,,,,,,0.5044913771197096,21,2026-W21,0.6799999999999999,False
2026-05-20 13:05:07+00:00,2026-05-20 13:00,KXETHD-26MAY2010-T2139.99,2026-05-20T14:00:00Z,2132.73,2139.99,0.3402,0.22,real,0.109071,1.239,0.00028598,0.00036749,0.00059405,0.6186,0.01,0.00048713,1.0,-1.0,0.0,2.0,-1.0,-0.1812,2.0,0.0,0.5318,-1.0,0.00015493,0.0,0.0,0.0,-1.0,-1.0,0.4476,False,False,-1.0,0.0,61.01,64.22,False,1.0,bearish,0.0,0.0,0.127051,0.10615,trade,no,False,False,40.0,54.83,,0.577507,0.05,50.0,1000.0,0.0,-2.0,0.4718,0.0558,-0.0351,-0.0351,False,,False,True,14.1,2026-05-20 13:05:07+00:00,,0.0,,,,,,,,,,,bearish,bullish,True,False,5.871,3.371,False,False,False,,,18.38,0.009,,13.0,,,,,,,,,,,,,,,,,,,,,,,,,,,,,,,,,,,,,,,,,,,,,,,,,,,,,,,,,,,,,,,,,,,,,,,,,,,,,,,0.5284186033876314,21,2026-W21,0.78,False
2026-05-20 15:00:54+00:00,2026-05-20 15:00,KXETHD-26MAY2012-T2139.99,2026-05-20T16:00:00Z,2134.06,2139.99,0.2779,0.29,real,0.186705,0.5929,0.00121379,0.0007243,0.00065266,1.1098,0.04,0.00072514,1.0,-1.0,0.0,3.0,-1.0,-0.12,2.0,0.0,0.6596,-1.0,0.0001666,1.0,0.0,0.0,-1.0,-1.0,0.3675,False,False,-1.0,-1.0,84.33,80.55,False,1.0,bearish,0.0,0.0,0.047919,0.020075,trade,no,False,False,41.0,59.05,,0.165237,0.05,50.0,1000.0,0.0,-4.0,0.3778,0.2515,0.1223,-0.0809,False,,False,True,20.42,2026-05-20 15:00:54+00:00,,0.0,,,,,,,,,,,bearish,bullish,True,False,5.805,3.431,False,False,False,,,16.6,0.0,,15.0,,,,,,,,,,,,,,,,,,,,,,,,,,,,,,,,,,,,,,,,,,,,,,,,,,,,,,,,,,,,,,,,,,,,,,,,,,,,,,,0.47327008016806443,21,2026-W21,0.71,True
2026-05-20 18:15:17+00:00,2026-05-20 18:00,KXETHD-26MAY2015-T2139.99,2026-05-20T19:00:00Z,2136.12,2139.99,0.1811,0.28,real,0.257357,0.7738,0.0004822,0.00035663,0.0004646,0.7676,0.04,0.00046039,1.0,0.0,1.0,1.0,1.0,0.1191,2.0,0.0,0.6944,-1.0,0.00016165,1.0,0.0,0.0,0.0,0.0,0.1737,False,False,0.0,0.0,59.47,61.83,False,0.0,neutral,0.0,0.0,0.065594,0.038803,trade,no,False,False,40.0,44.65,,0.234263,0.05,50.0,1000.0,1.0,0.0,0.6103,-0.335,-0.0131,0.0,False,,False,True,19.44,2026-05-20 18:15:17+00:00,,0.0,,,,,,,,,,,bearish,bullish,True,False,5.703,3.524,False,False,True,,,18.07,0.0188,-0.08,18.0,,,,,,,,,,,,,,,,,,,,,,,,,,,,,,,,,,,,,,,,,,,,,,,,,,,,,,,,,,,,,,,,,,,,,,,,,,,,,,,0.5274936927627809,21,2026-W21,0.72,False
2026-05-20 19:01:01+00:00,2026-05-20 19:00,KXETHD-26MAY2017-T2139.99,2026-05-20T21:00:00Z,2129.91,2139.99,0.4733,0.19,real,0.056907,1.5668,0.00028963,0.00019253,0.00049325,0.3903,0.03,0.00036364,1.0,-1.0,0.0,1.0,0.0,0.0465,2.0,0.0,0.7558,-1.0,0.00016933,0.0,0.0,0.0,0.0,0.0,-0.1371,False,False,1.0,0.0,33.24,36.36,False,0.0,neutral,0.0,0.0,0.14676,0.128864,trade,no,False,False,62.0,118.91,,0.772419,0.05,50.0,1000.0,-1.0,0.0,0.4552,-0.1251,-0.0263,0.0,False,,False,True,11.73,2026-05-20 19:01:01+00:00,,0.0,,,,,,,,,,,bearish,bullish,True,False,6.012,3.243,False,False,True,,,18.35,0.0,,19.0,,,,,,,,,,,,,,,,,,,,,,,,,,,,,,,,,,,,,,,,,,,,,,,,,,,,,,,,,,,,,,,,,,,,,,,,,,,,,,,0.47079623000727766,21,2026-W21,0.81,True
2026-05-20 19:34:26+00:00,2026-05-20 19:00,KXETHD-26MAY2016-T2139.99,2026-05-20T20:00:00Z,2135.91,2139.99,0.1911,0.2,real,0.158983,1.0058,0.0004008,0.00035112,0.0004491,0.7818,0.02,0.00044736,1.0,-1.0,0.0,1.0,0.0,-0.0031,2.0,0.0,0.75,-1.0,0.00017605,0.0,0.0,0.0,0.0,0.0,0.1505,False,False,-1.0,0.0,58.95,47.55,False,1.0,neutral,0.0,0.0,0.057273,0.033708,trade,no,False,False,62.0,25.51,,0.286363,0.05,50.0,1000.0,1.0,0.0,0.6103,0.3642,0.0983,0.0936,False,,False,True,12.5,2026-05-20 19:34:26+00:00,,0.0,,,,,,,,,,,bearish,bullish,True,False,5.714,3.515,False,False,True,,,18.01,0.0727,0.05,19.0,,,,,,,,,,,,,,,,,,,,,,,,,,,,,,,,,,,,,,,,,,,,,,,,,,,,,,,,,,,,,,,,,,,,,,,,,,,,,,,0.47079623000727766,21,2026-W21,0.8,True
2026-05-20 21:13:30+00:00,2026-05-20 21:00,KXETHD-26MAY2018-T2139.99,2026-05-20T22:00:00Z,2136.2,2139.99,0.1775,0.23,real,0.223206,0.8907,0.00055964,0.00027643,0.00035211,0.7851,0.03,0.00038429,1.0,-1.0,0.0,1.0,0.0,0.0002,2.0,0.0,0.4616,-1.0,7.991e-05,0.0,0.0,0.0,0.0,0.0,0.0759,False,False,0.0,0.0,45.91,37.74,False,1.0,bullish,0.0,0.0,0.045553,0.020023,trade,no,False,False,40.0,46.46,,0.198057,0.05,50.0,1000.0,2.0,0.0,0.651,0.0276,0.0988,0.0051,False,,False,True,14.94,2026-05-20 21:13:30+00:00,,0.0,,,,,,,,,,,bearish,bullish,True,False,5.699,3.528,False,False,True,,,17.99,0.0353,0.08,21.0,,,,,,,,,,,,,,,,,,,,,,,,,,,,,,,,,,,,,,,,,,,,,,,,,,,,,,,,,,,,,,,,,,,,,,,,,,,,,,,0.525509061085309,21,2026-W21,0.77,False
2026-05-21 03:01:11+00:00,2026-05-21 03:00,KXETHD-26MAY2100-T2139.99,2026-05-21T04:00:00Z,2140.59,2139.99,-0.0282,0.56,real,0.645331,-0.1669,0.00026411,0.00015917,0.00024376,0.653,0.01,0.00029005,1.0,0.0,1.0,1.0,1.0,0.1077,2.0,0.0,0.3679,-1.0,7.507e-05,0.0,0.0,0.0,0.0,0.0,-0.0813,False,False,0.0,0.0,53.23,56.66,False,1.0,bullish,0.0,0.0,0.070331,0.038083,trade,yes,False,False,40.0,58.75,,0.159842,0.05,50.0,1000.0,1.0,0.0,0.6103,-0.1016,-0.0774,0.0,False,,True,True,39.29,2026-05-21 03:01:11+00:00,,0.0,,0.6094,0.5,,,,,1.0,-1.0,0.7476,bearish,bullish,True,False,5.482,3.726,False,False,True,,,18.48,0.0,,3.0,-2.0,-1.0,71.51,0.0114,,,,,,,,,,,,,,,,,,,-0.1748,0.0,0.0,0.011092,-0.06568,0.0045,,,,,,,,,,,,,,,,,,,,,,,,,,,,,,,,,,,,,,,,,,,,,,,,,,,0.47327008016806443,21,2026-W21,0.56,False
2026-05-21 09:05:40+00:00,2026-05-21 09:00,KXETHD-26MAY2106-T2139.99,2026-05-21T10:00:00Z,2135.34,2139.99,0.2176,0.15,real,0.064912,1.561,0.00062129,0.00012426,0.00028464,0.4366,0.05,0.00027791,1.0,-1.0,0.0,1.0,0.0,0.0579,2.0,0.0,0.7285,-1.0,0.00012669,0.0,0.0,0.0,0.0,0.0,-0.0462,False,False,0.0,0.0,58.28,58.28,False,0.0,bullish,0.0,0.0,0.10464,0.086609,trade,no,False,False,40.0,54.28,,0.697602,0.05,50.0,1000.0,0.0,0.0,0.5174,0.0,0.0,0.0,False,,False,True,8.82,2026-05-21 09:05:40+00:00,,0.0,,0.5184,0.5,,,,,0.0,1.0,0.7777,bearish,bullish,True,False,5.742,3.489,False,False,True,,,16.72,0.0,,9.0,-2.0,-1.0,72.1,-0.0099,,,,,,,,,,,,,,,,,,,-0.2876,1722514.08,0.0,0.008542,-0.06338,0.00447,,,,,,,,,,,,,,,,,,,,,,,,,,,,,,,,,,,,,,,,,,,,,,,,,,,0.5284186033876314,21,2026-W21,0.85,False
2026-05-21 13:01:21+00:00,2026-05-21 13:00,KXETHD-26MAY2110-T2119.99,2026-05-21T14:00:00Z,2116.59,2119.99,0.1607,0.37,real,0.323833,0.5578,0.00025754,0.00028342,0.0006329,0.4478,0.02,0.00044827,-1.0,-1.0,0.0,1.0,0.0,-0.0192,2.0,0.0,0.4343,-1.0,9.544e-05,0.0,0.0,0.0,1.0,1.0,-0.5967,False,False,0.0,0.0,36.46,30.05,False,-1.0,bearish,0.0,0.0,0.089576,0.060451,trade,no,False,False,40.0,58.44,,0.242098,0.05,50.0,1000.0,0.0,4.0,0.55,0.1906,-0.0156,-0.083,False,,False,True,29.37,2026-05-21 13:01:21+00:00,,0.0,,0.5401,0.0,,,,,0.0682,-1.0,0.6964,bearish,bearish,False,False,6.679,2.634,False,False,True,,,15.63,0.0,,13.0,,,,,,,,,,,,,,,,,,,,,,,-1.0,6197580.35,0.0,0.002627,-0.05508,0.00409,,,,,,,,,,,,,,,,,,,,,,,,,,,,,,,,,,,,,,,,,,,,,,,,,,,0.5263886353764252,21,2026-W21,0.63,False
2026-05-21 14:15:48+00:00,2026-05-21 14:00,KXETHD-26MAY2111-T2119.99,2026-05-21T15:00:00Z,2116.53,2119.99,0.1633,0.33,real,0.248584,0.4944,0.00077181,0.00053929,0.00055816,0.9662,0.04,0.00059127,0.0,-1.0,0.0,2.0,0.0,-0.0713,2.0,0.0,0.5646,-1.0,9.281e-05,1.0,0.0,0.0,0.0,0.0,-0.3089,False,False,-1.0,-1.0,84.56,85.54,True,0.0,bearish,0.0,0.0,0.047386,0.018194,trade,no,False,False,40.0,44.16,,0.143593,0.05,50.0,1000.0,0.0,-1.0,0.483,0.5008,-0.1205,0.0156,False,,True,False,-50.0,2026-05-21 14:15:48+00:00,,0.0,,0.4268,0.5548,,,,,0.104,1.0,0.7233,bearish,bearish,False,False,6.682,2.631,False,False,True,,,16.39,0.0035,,14.0,-2.0,-0.7974,74.83,0.1572,,,,,,,,,,,,,,,,,,,-1.0,5776722.32,0.0,0.001663,-0.00497,0.00444,,,,,,,,,,,,,,,,,,,,,,,,,,,,,,,,,,,,,,,,,,,,,,,,,,,0.5138490451815759,21,2026-W21,0.6699999999999999,False
2026-05-21 18:20:18+00:00,2026-05-21 18:00,KXETHD-26MAY2115-T2139.99,2026-05-21T19:00:00Z,2140.85,2139.99,-0.0403,0.56,real,0.657102,-0.1015,0.00086662,0.00063422,0.00042443,1.4943,0.03,0.00063128,-1.0,-1.0,0.0,0.0,0.0,-0.0602,2.0,0.0,0.5137,0.0,4.998e-05,1.0,0.0,0.0,-1.0,-1.0,0.4193,False,False,0.0,0.0,62.66,71.77,False,1.0,neutral,0.0,0.0,0.097102,0.064854,trade,yes,False,False,41.0,39.66,,0.220686,0.05,50.0,1000.0,1.0,0.0,0.6103,-0.259,-0.1073,0.0346,False,,False,False,-50.0,2026-05-21 18:20:18+00:00,,0.0,,0.6588,0.9712,,,,,0.8223,-1.0,0.7566,bearish,bullish,False,False,5.47,3.737,False,False,True,,,14.67,1.2325,,18.0,-2.0,-1.0,71.08,-0.195,,,,,,,,,,,,,,,,,,,-1.0,7173106.36,0.0,0.001664,-0.06579,0.00435,,,,,,,,,,,,,,,,,,,,,,,,,,,,,,,,,,,,,,,,,,,,,,,,,,,0.539040673929054,21,2026-W21,0.56,True
2026-05-21 19:25:21+00:00,2026-05-21 19:00,KXETHD-26MAY2117-T2139.99,2026-05-21T21:00:00Z,2131.66,2139.99,0.391,0.27,real,0.171131,0.9468,0.00063644,0.00037742,0.00065463,0.5765,0.03,0.00050441,-1.0,-1.0,0.0,1.0,0.0,-0.0577,2.0,0.0,0.7938,-1.0,5.723e-05,-1.0,0.0,0.0,0.0,0.0,0.1247,False,False,0.0,0.0,38.24,28.56,False,0.0,neutral,0.0,0.0,0.113328,0.089079,trade,no,False,False,63.0,94.6,,0.419733,0.05,50.0,1000.0,1.0,0.0,0.6103,0.5645,0.0488,-0.0117,False,,False,True,18.49,2026-05-21 19:25:21+00:00,,0.0,,0.4984,0.569,,,,,1.0,1.0,0.715,bearish,bullish,False,False,5.925,3.322,False,False,True,,,14.26,0.0032,0.0,19.0,0.0,1.0,72.43,-0.0903,,,,,,,,,,,,,,,,,,,-1.0,8814442.55,0.0,0.001416,-0.06176,0.00432,,,,,,,,,,,,,,,,,,,,,,,,,,,,,,,,,,,,,,,,,,,,,,,,,,,0.47007488514436147,21,2026-W21,0.73,True
2026-05-21 19:26:25+00:00,2026-05-21 19:00,KXETHD-26MAY2116-T2139.99,2026-05-21T20:00:00Z,2131.48,2139.99,0.3991,0.14,real,0.067963,1.6626,0.00063581,0.00037633,0.00063673,0.591,0.01,0.00049253,-1.0,-1.0,0.0,2.0,-1.0,-0.1487,2.0,-1.0,0.8426,-1.0,5.723e-05,-1.0,0.0,0.0,0.0,0.0,0.1256,False,False,0.0,0.0,38.24,28.56,False,0.0,neutral,0.0,0.0,0.101985,0.084425,trade,no,False,False,63.0,33.53,,0.728465,0.05,50.0,1000.0,1.0,0.0,0.6103,0.5115,0.0488,-0.0117,False,,True,False,-50.0,2026-05-21 19:26:25+00:00,,0.0,,0.5915,0.569,,,,,1.0,1.0,0.7462,bearish,bullish,False,False,5.933,3.314,False,False,True,,,14.26,0.0032,-0.04,19.0,0.0,1.0,72.43,-0.0903,,,,,,,,,,,,,,,,,,,-1.0,8796506.42,0.0,0.001416,-0.06169,0.0044,,,,,,,,,,,,,,,,,,,,,,,,,,,,,,,,,,,,,,,,,,,,,,,,,,,0.47007488514436147,21,2026-W21,0.86,True
2026-05-21 21:14:10+00:00,2026-05-21 21:00,KXETHD-26MAY2118-T2139.99,2026-05-21T22:00:00Z,2135.84,2139.99,0.1941,0.22,real,0.184372,0.9489,0.00032252,0.00024551,0.00037115,0.6615,0.01,0.00035957,0.0,0.0,1.0,1.0,1.0,0.1075,2.0,0.0,0.6943,-1.0,0.00011503,0.0,0.0,0.0,0.0,0.0,0.3105,False,False,0.0,0.0,52.44,50.57,False,1.0,bullish,0.0,0.0,0.0611,0.036745,trade,no,False,False,40.0,45.79,,0.277728,0.05,50.0,1000.0,0.0,0.0,0.5174,0.08,-0.0505,-0.0187,False,,False,True,14.1,2026-05-21 21:14:10+00:00,,0.0,,0.52,0.0286,,,,,0.4474,1.0,0.7649,bearish,bullish,False,False,5.717,3.512,False,False,True,,,14.16,0.0433,-0.03,21.0,0.0,1.0,71.68,-0.0734,,,,,,,,,,,,,,,,,,,-0.328,1915419.65,0.0,0.010109,-0.0636,0.00429,,,,,,,,,,,,,,,,,,,,,,,,,,,,,,,,,,,,,,,,,,,,,,,,,,,0.5123534214593979,21,2026-W21,0.78,False
2026-05-22 02:04:40+00:00,2026-05-22 02:00,KXETHD-26MAY2123-T2139.99,2026-05-22T03:00:00Z,2136.27,2139.99,0.1743,0.27,real,0.168962,0.6303,0.00049543,0.00045433,0.00038223,1.1886,0.02,0.00048901,0.0,-1.0,0.0,3.0,0.0,0.0359,2.0,0.0,0.4801,-1.0,0.0001277,0.0,1.0,-1.0,-2.0,-2.0,0.3869,False,False,-1.0,-1.0,100.0,78.98,False,1.0,neutral,0.0,0.0,0.041742,0.014411,trade,no,False,False,40.0,55.28,,0.154602,0.05,50.0,1000.0,0.0,-4.0,0.3778,0.3642,0.1719,0.1719,False,,False,True,18.49,2026-05-22 02:04:40+00:00,,0.0,,0.3714,0.5,,,,,0.6598,1.0,0.7541,bearish,bullish,False,False,5.696,3.531,False,False,True,,,10.5,0.0036,,2.0,0.0,1.0,72.18,0.0669,,,,,,,,,,,,,,,,,,,-0.2327,1694782.12,0.0,0.008984,-0.06379,0.00436,,,,,,,,,,,,,,,,,,,,,,,,,,,,,,,,,,,,,,,,,,,,,,,,,,,0.49000539909613494,21,2026-W21,0.73,True
2026-05-22 16:29:15+00:00,2026-05-22 16:00,KXETHD-26MAY2213-T2119.99,2026-05-22T17:00:00Z,2117.44,2119.99,0.1205,0.35,real,0.21802,0.4774,0.00045362,0.0003271,0.0005642,0.5798,0.03,0.0004554,-1.0,-1.0,0.0,1.0,0.0,-0.0354,2.0,0.0,0.6204,-1.0,8.794e-05,1.0,0.0,0.0,1.0,1.0,-0.2658,False,False,0.0,0.0,31.01,32.84,False,-1.0,bearish,0.0,0.0,0.069598,0.040473,trade,no,False,False,39.0,30.71,,0.19885,0.05,50.0,1000.0,0.0,0.0,0.5174,-0.0156,0.0571,0.0057,False,,True,False,-50.0,2026-05-22 16:29:15+00:00,,0.0,,0.3815,0.3407,,,,,0.178,1.0,0.7392,bearish,bullish,False,False,6.636,2.673,False,False,True,,,14.44,0.7955,,16.0,0.0,1.0,74.15,0.0157,,,,,,,,,,,,,,,,,,,-0.078,759281.66,0.0,0.011749,-0.00466,0.00468,,,,,,,,,,,,,,,,,,,,,,,,,,,,,,,,,,,,,,,,,,,,,,,,,,,0.5245709717604145,21,2026-W21,0.65,False
2026-05-22 22:02:14+00:00,2026-05-22 22:00,KXETHD-26MAY2219-T2079.99,2026-05-22T23:00:00Z,2076.32,2079.99,0.1766,0.31,real,0.198167,0.5097,0.0003871,0.00035037,0.00046831,0.7481,0.05,0.00045562,-1.0,-1.0,0.0,2.0,-1.0,-0.2184,2.0,0.0,0.5095,-1.0,9.951e-05,0.0,0.0,0.0,1.0,1.0,-1.0285,False,False,-1.0,0.0,40.24,33.6,False,0.0,bearish,0.0,0.0,0.043153,0.014458,trade,no,False,False,37.0,57.72,,0.139204,0.05,50.0,1000.0,-5.0,1.0,0.3711,0.2565,0.0346,0.0043,False,,False,True,22.46,2026-05-22 22:02:14+00:00,,0.0,,0.3675,0.5,,,,,1.0,1.0,0.3383,bearish,bearish,False,False,2.125,4.352,False,False,False,,,27.18,0.0016,,22.0,0.0,1.0,77.05,-0.0602,,,,,,,,,,,,,,,,,,,-0.0993,1474121.66,0.0,0.008683,-0.03676,0.00437,,,,,,,,,,,,,,,,,,,,,,,,,,,,,,,,,,,,,,,,,,,2073.12,-0.1541,-0.3303,0.0,win,,,,0.5394679898434513,21,2026-W21,0.69,False
2026-05-23 00:44:29+00:00,2026-05-23 00:00,KXETHD-26MAY2221-T2059.99,2026-05-23T01:00:00Z,2057.74,2059.99,0.1092,0.38,real,0.176661,0.2833,0.0009843,0.000809,0.00090789,0.8911,0.04,0.00084398,-1.0,0.0,1.0,2.0,-1.0,-0.1642,2.0,0.0,0.3632,-1.0,9.81e-05,0.0,0.0,0.0,0.0,0.0,,False,False,1.0,1.0,17.45,34.42,False,-1.0,bearish,0.0,0.0,0.054925,0.024567,trade,no,False,False,36.0,15.47,,0.144539,0.05,50.0,1000.0,-5.0,8.0,0.4799,-0.404,-0.3481,-0.1378,False,,True,False,-50.0,2026-05-23 00:44:29+00:00,,0.0,,0.2595,0.0929,,,,,0.106,1.0,0.3652,bearish,bearish,False,False,3.047,3.488,False,False,False,,,32.65,4.1661,,0.0,-2.0,-1.0,77.02,0.1919,,,,,,,,,,,,,,,,,,,-0.0953,758136.04,0.0,0.009534,-0.02806,0.01859,,,,,,,,,,,,,,,,,,,,,,,,,,,,,,,,,,,,,,,,,,,2065.86,0.3946,0.285,0.285,clear_loss,,,,0.5727480877811056,21,2026-W21,0.62,False
2026-05-23 17:07:41+00:00,2026-05-23 17:00,KXETHD-26MAY2314-T2059.99,2026-05-23T18:00:00Z,2057.68,2059.99,0.1124,0.38,real,0.271187,0.3833,0.00032277,0.00030395,0.00050906,0.5971,0.03,0.00044092,-1.0,-1.0,0.0,0.0,0.0,-0.0081,2.0,0.0,0.7608,0.0,3.351e-05,0.0,0.0,0.0,-1.0,-1.0,0.9748,False,False,0.0,0.0,72.29,76.27,False,1.0,bearish,0.0,0.0,0.045865,0.015291,trade,no,False,False,36.0,52.23,,0.120698,0.05,50.0,1000.0,0.0,-4.0,0.3778,0.0471,-0.0854,-0.1149,False,,True,False,-50.0,2026-05-23 17:07:41+00:00,,0.0,,0.4106,0.0,,,,,0.0,1.0,0.2618,bearish,bearish,False,False,3.051,3.485,False,False,False,,,44.86,0.0058,,17.0,0.0,1.0,72.37,0.3295,,,,,,,,,,,,,,,,,,,0.1696,450475.08,0.0,0.003363,-0.02803,0.02057,,,,,,,,,,,,,,,,,,,,,,,,,,,,,,,,,,,,,,,,,,,2064.31,0.3222,0.2097,0.2097,marginal,,,,0.45318692009713396,21,2026-W21,0.62,True
2026-05-23 22:16:43+00:00,2026-05-23 22:00,KXETHD-26MAY2319-T2119.99,2026-05-23T23:00:00Z,2112.34,2119.99,0.3622,0.21,real,0.17694,0.9343,0.00098607,0.00050596,0.00068183,0.7421,0.02,0.0005885,-1.0,-1.0,0.0,1.0,0.0,-0.0269,2.0,0.0,0.685,-1.0,8.022e-05,-1.0,0.0,0.0,-1.0,-1.0,0.7412,False,False,0.0,0.0,57.13,57.98,False,1.0,bearish,0.0,0.0,0.049247,0.024803,trade,no,False,False,40.0,43.24,,0.234511,0.05,50.0,1000.0,2.0,-3.0,0.3571,0.1595,-0.0633,-0.0633,False,,False,True,13.29,2026-05-23 22:16:43+00:00,,0.0,,0.5052,0.0,,,,,0.5791,-1.0,0.397,bearish,bullish,False,False,6.893,5.982,False,False,False,,,41.25,0.1312,-0.03,22.0,0.0,1.0,71.03,0.018,,,,,,,,,,,,,,,,,,,-1.0,6104124.59,0.0,0.003031,-0.05318,0.00443,,,,,,,,,,,,,,,,,,,,,,,,,,,,,,,,,,,,,,,,,,,2116.61,0.2021,-0.1594,0.0,win,,,,0.4750417751807822,21,2026-W21,0.79,True
2026-05-24 01:46:35+00:00,2026-05-24 01:00,KXETHD-26MAY2322-T2119.99,2026-05-24T02:00:00Z,2117.68,2119.99,0.109,0.27,real,0.264973,0.7816,0.00039318,0.00033872,0.00048654,0.6962,0.05,0.00045408,0.0,-1.0,0.0,2.0,0.0,0.0368,2.0,0.0,0.7058,-1.0,7.024e-05,0.0,0.0,0.0,-1.0,-1.0,0.0761,False,False,-1.0,-1.0,92.23,92.48,True,1.0,bearish,0.0,0.0,0.044927,0.017718,trade,no,False,False,39.0,13.36,,0.166398,0.05,50.0,1000.0,3.0,-3.0,0.5868,0.0712,-0.0678,0.0,False,,True,False,-50.0,2026-05-24 01:46:35+00:00,,0.0,,0.6471,0.5,,,,,0.072,1.0,0.2322,bearish,bullish,False,False,6.624,6.22,False,False,False,,,41.78,0.9177,,1.0,0.0,1.0,70.13,-0.1042,,,,,,,,,,,,,,,,,,,-0.1157,715660.18,0.0,0.009255,-0.05557,0.00486,,,,,,,,,,,,,,,,,,,,,,,,,,,,,,,,,,,,,,,,,,,2121.91,0.1997,0.0906,0.0906,marginal,,,,0.47540045870484315,21,2026-W21,0.73,True
2026-05-24 02:23:40+00:00,2026-05-24 02:00,KXETHD-26MAY2323-T2119.99,2026-05-24T03:00:00Z,2117.58,2119.99,0.1138,0.29,real,0.241013,0.7131,0.00029037,0.0002162,0.00034113,0.6338,0.05,0.00034829,0.0,0.0,1.0,2.0,1.0,0.2687,2.0,0.0,0.6491,-1.0,7.064e-05,0.0,0.0,0.0,-1.0,-1.0,0.0808,False,False,0.0,-1.0,91.51,92.03,True,1.0,neutral,0.0,0.0,0.065579,0.038395,trade,no,False,False,39.0,36.27,,0.226136,0.05,50.0,1000.0,3.0,-4.0,0.5473,0.0726,-0.0217,0.0,False,,True,False,-50.0,2026-05-24 02:23:40+00:00,,0.0,,0.5099,0.4321,,,,,0.8046,1.0,0.0572,bearish,bullish,False,False,6.629,6.215,False,False,False,,,42.0,0.6628,,2.0,0.0,1.0,70.0,0.0528,,,,,,,,,,,,,,,,,,,-0.1078,695816.64,0.0,0.009468,-0.05553,0.00492,,,,,,,,,,,,,,,,,,,,,,,,,,,,,,,,,,,,,,,,,,,2123.37,0.2734,0.1594,0.1594,marginal,,,,0.47540045870484315,21,2026-W21,0.71,True
2026-05-24 03:39:03+00:00,2026-05-24 03:00,KXETHD-26MAY2400-T2119.99,2026-05-24T04:00:00Z,2116.91,2119.99,0.1456,0.25,real,0.173907,0.9774,0.0003215,0.00031996,0.00047194,0.678,0.01,0.00042842,0.0,0.0,1.0,1.0,1.0,0.1944,2.0,0.0,0.4815,-1.0,7.242e-05,0.0,0.0,0.0,1.0,1.0,-0.0996,False,False,1.0,0.0,51.74,73.18,True,0.0,neutral,0.0,0.0,0.098227,0.074215,trade,no,False,False,39.0,20.88,,0.392907,0.05,50.0,1000.0,1.0,0.0,0.6103,-0.192,-0.1403,-0.1126,False,,False,True,16.67,2026-05-24 03:39:03+00:00,,0.0,,0.5208,0.0,,,,,0.0247,-1.0,0.0776,bearish,bullish,False,False,6.663,6.185,False,False,False,,,42.28,0.9082,,3.0,-2.0,-1.0,69.43,0.034,,,,,,,,,,,,,,,,,,,-0.1141,1057116.47,0.0,0.008863,-0.05523,0.00496,,,,,,,,,,,,,,,,,,,,,,,,,,,,,,,,,,,,,,,,,,,2119.54,0.1242,-0.0212,0.0,win,,,,0.49061791696289125,21,2026-W21,0.75,True
2026-05-24 04:40:22+00:00,2026-05-24 04:00,KXETHD-26MAY2401-T2119.99,2026-05-24T05:00:00Z,2117.85,2119.99,0.1011,0.3,real,0.177152,1.0086,0.00019924,0.00016396,0.00043572,0.3763,0.03,0.0003331,0.0,-1.0,0.0,2.0,-1.0,-0.1147,2.0,0.0,0.5204,-1.0,0.00010278,0.0,0.0,0.0,0.0,0.0,-0.0368,False,False,0.0,0.0,41.8,43.07,False,1.0,bullish,0.0,0.0,0.153034,0.129258,trade,no,False,False,44.0,19.56,,0.510112,0.05,50.0,1000.0,1.0,0.0,0.6103,-0.0033,0.0,0.0,False,,False,True,21.43,2026-05-24 04:40:22+00:00,,0.0,,0.5443,0.5,,,,,0.9846,-1.0,0.0407,bearish,bullish,False,False,6.615,6.227,False,False,False,,,42.53,0.1516,,4.0,0.0,1.0,69.18,0.0719,,,,,,,,,,,,,,,,,,,-0.0941,481636.75,0.0,0.009735,-0.05565,0.00468,,,,,,,,,,,,,,,,,,,,,,,,,,,,,,,,,,,,,,,,,,,2121.1,0.1535,0.0524,0.0,win,,,,0.47277939210971426,21,2026-W21,0.7,True
2026-05-24 05:01:32+00:00,2026-05-24 05:00,KXETHD-26MAY2402-T2119.99,2026-05-24T06:00:00Z,2117.55,2119.99,0.1153,0.35,real,0.249742,0.8806,0.00015737,5.141e-05,0.00039149,0.1313,0.01,0.0002519,0.0,0.0,1.0,1.0,1.0,0.1451,2.0,0.0,0.5515,-1.0,0.00010192,0.0,0.0,0.0,0.0,0.0,-0.0477,False,False,0.0,0.0,38.96,39.91,False,0.0,bullish,0.0,0.0,0.160368,0.134611,trade,no,False,False,44.0,58.4,,0.458195,0.05,50.0,1000.0,1.0,0.0,0.6103,-0.0108,0.0,0.0,False,,False,True,26.92,2026-05-24 05:01:32+00:00,,0.0,,0.6092,0.5,,,,,1.0,-1.0,0.036,bearish,bullish,False,False,6.63,6.214,False,False,False,,,42.76,0.0,,5.0,-2.0,-1.0,69.13,0.0016,,,,,,,,,,,,,,,,,,,-0.1119,698338.13,0.0,0.009722,-0.05551,0.00476,,,,,,,,,,,,,,,,,,,,,,,,,,,,,,,,,,,,,,,,,,,2115.58,-0.093,-0.208,0.0,win,,,,0.512521221059996,21,2026-W21,0.65,False
2026-05-24 06:18:39+00:00,2026-05-24 06:00,KXETHD-26MAY2403-T2119.99,2026-05-24T07:00:00Z,2117.8,2119.99,0.1035,0.35,real,0.297476,0.5529,0.0004327,0.00031278,0.00041783,0.7486,0.05,0.00042816,-1.0,-1.0,0.0,1.0,0.0,0.0361,2.0,0.0,0.725,-1.0,0.00011302,-1.0,0.0,0.0,0.0,0.0,0.0909,False,False,-1.0,0.0,71.19,52.78,False,1.0,bullish,0.0,0.0,0.071255,0.042181,trade,no,False,False,45.0,41.26,,0.203585,0.05,50.0,1000.0,3.0,0.0,0.65,0.3252,0.0415,0.0,False,,True,False,-50.0,2026-05-24 06:18:39+00:00,,0.0,,0.5209,0.5,,,,,0.969,1.0,0.2635,bearish,bullish,False,False,6.618,6.225,False,False,False,,,41.78,0.0538,,6.0,0.0,1.0,68.64,0.0972,,,,,,,,,,,,,,,,,,,-1.0,5302517.38,0.0,0.002219,-0.05562,0.00471,,,,,,,,,,,,,,,,,,,,,,,,,,,,,,,,,,,,,,,,,,,2128.84,0.5213,0.4175,0.4175,clear_loss,,,,0.4755910637624651,21,2026-W21,0.65,True
2026-05-24 08:10:02+00:00,2026-05-24 08:00,KXETHD-26MAY2405-T2119.99,2026-05-24T09:00:00Z,2117.61,2119.99,0.1123,0.29,real,0.276226,0.7046,0.00021007,0.00021059,0.00028722,0.7332,0.05,0.00033171,1.0,-1.0,0.0,1.0,0.0,-0.0473,2.0,0.0,0.5692,-1.0,0.00016119,0.0,0.0,0.0,0.0,0.0,0.0059,False,False,0.0,0.0,48.1,50.18,False,0.0,bullish,0.0,0.0,0.057542,0.030053,trade,no,False,False,44.0,49.89,,0.198422,0.05,50.0,1000.0,0.0,0.0,0.5174,-0.1149,0.0694,0.0,False,,False,True,20.42,2026-05-24 08:10:02+00:00,,0.0,,0.544,0.5,,,,,1.0,-1.0,0.0444,bearish,bullish,False,False,6.627,6.216,False,False,False,,,42.08,0.0006,,8.0,-2.0,-1.0,68.13,0.1113,,,,,,,,,,,,,,,,,,,-0.1797,949831.75,0.0,0.009398,-0.05554,0.0043,,,,,,,,,,,,,,,,,,,,,,,,,,,,,,,,,,,,,,,,,,,2120.59,0.1407,0.0283,0.0,win,,,,0.47277939210971426,21,2026-W21,0.71,True
2026-05-24 09:03:51+00:00,2026-05-24 09:00,KXETHD-26MAY2406-T2119.99,2026-05-24T10:00:00Z,2117.24,2119.99,0.1299,0.26,real,0.153892,1.0653,9.443e-05,3.102e-05,0.00026948,0.1151,0.15,0.00023932,0.0,-1.0,0.0,1.0,0.0,-0.09,2.0,0.0,0.4762,-1.0,0.00015681,0.0,0.0,0.0,0.0,0.0,-0.0163,False,False,0.0,0.0,44.9,46.02,False,0.0,bullish,0.0,0.0,0.129563,0.106624,trade,no,False,False,44.0,56.06,,0.498321,0.05,50.0,1000.0,0.0,0.0,0.5174,-0.0222,0.0,0.0,False,,True,False,-50.0,2026-05-24 09:03:51+00:00,,0.0,,0.5181,0.5,,,,,1.0,-1.0,0.0393,bearish,bullish,False,False,6.646,6.2,False,False,False,,,42.08,0.0,,9.0,-2.0,-1.0,68.17,-0.0234,,,,,,,,,,,,,,,,,,,-0.13,825869.39,0.0,0.010156,-0.05537,0.00455,,,,,,,,,,,,,,,,,,,,,,,,,,,,,,,,,,,,,,,,,,,2121.57,0.2045,0.0745,0.0745,near_miss,,,,0.4738931514299523,21,2026-W21,0.74,True
2026-05-24 10:22:03+00:00,2026-05-24 10:00,KXETHD-26MAY2407-T2119.99,2026-05-24T11:00:00Z,2117.26,2119.99,0.1292,0.25,real,0.216545,1.141,0.00019736,0.00010805,0.00031099,0.3474,0.03,0.00027033,0.0,0.0,1.0,2.0,-1.0,-0.1314,2.0,0.0,0.5835,-1.0,0.00015726,0.0,0.0,0.0,0.0,0.0,-0.0514,False,False,0.0,1.0,4.22,21.66,False,0.0,bullish,0.0,0.0,0.122598,0.099816,trade,no,False,False,45.0,37.88,,0.490393,0.05,50.0,1000.0,0.0,2.0,0.5909,-0.1253,-0.0354,0.0,False,,False,True,16.67,2026-05-24 10:22:03+00:00,,0.0,,0.6395,0.0,,,,,1.0,-1.0,0.036,bearish,bullish,False,False,6.645,6.201,False,False,False,,,42.23,0.0792,,10.0,-2.0,-1.0,68.25,0.0796,,,,,,,,,,,,,,,,,,,-1.0,5234750.58,0.0,0.002312,-0.05538,0.00501,,,,,,,,,,,,,,,,,,,,,,,,,,,,,,,,,,,,,,,,,,,2120.85,0.1696,0.0406,0.0,win,,,,0.4997096942195014,21,2026-W21,0.75,True
2026-05-24 11:03:57+00:00,2026-05-24 11:00,KXETHD-26MAY2408-T2119.99,2026-05-24T12:00:00Z,2120.43,2119.99,-0.0209,0.58,real,0.651472,-0.1681,0.00033695,0.00011803,0.00013856,0.8518,0.03,0.00024465,0.0,1.0,2.0,1.0,1.0,0.1193,2.0,0.0,0.2848,-1.0,0.00015649,0.0,0.0,0.0,0.0,0.0,-0.0261,False,False,0.0,1.0,11.14,11.14,False,0.0,bullish,0.0,0.0,0.056472,0.02442,trade,yes,False,False,45.0,55.97,,0.134457,0.05,50.0,1000.0,0.0,2.0,0.5909,-0.1144,0.0,0.0,False,,True,True,36.21,2026-05-24 11:03:57+00:00,,0.0,,0.5875,0.5,,,,,0.0,1.0,0.0278,bearish,bullish,False,False,6.485,6.341,False,False,False,,,43.09,0.0,,11.0,-1.0,0.2135,68.42,0.1308,,,,,,,,,,,,,,,,,,,-1.0,4015402.03,0.0,0.001897,-0.0568,0.00496,,,,,,,,,,,,,,,,,,,,,,,,,,,,,,,,,,,,,,,,,,,2126.52,0.2872,0.308,0.0,win,,,,0.44916701477998305,21,2026-W21,0.58,False
2026-05-24 12:20:38+00:00,2026-05-24 12:00,KXETHD-26MAY2409-T2119.99,2026-05-24T13:00:00Z,2117.82,2119.99,0.1024,0.31,real,0.225837,0.9024,0.00014108,9.084e-05,0.0003293,0.2758,0.03,0.00026608,0.0,-1.0,0.0,2.0,-1.0,-0.2243,2.0,0.0,0.2444,-1.0,6.797e-05,0.0,0.0,0.0,0.0,0.0,0.1151,False,False,0.0,0.0,37.81,45.46,False,0.0,bullish,0.0,0.0,0.126728,0.10125,trade,no,False,False,44.0,39.29,,0.408799,0.05,50.0,1000.0,2.0,0.0,0.651,-0.0673,0.0,0.0,False,,False,True,22.46,2026-05-24 12:20:38+00:00,,0.0,,0.6075,0.5,,,,,0.966,-1.0,0.0456,bearish,bullish,False,False,6.617,6.226,False,False,False,,,43.5,0.091,,12.0,-2.0,-1.0,68.29,0.042,,,,,,,,,,,,,,,,,,,-0.1201,636656.2,0.0,0.009244,-0.05563,0.00445,,,,,,,,,,,,,,,,,,,,,,,,,,,,,,,,,,,,,,,,,,,2119.53,0.0807,-0.0217,0.0,win,,,,0.4982300585663502,21,2026-W21,0.69,True
2026-05-24 13:10:14+00:00,2026-05-24 13:00,KXETHD-26MAY2410-T2119.99,2026-05-24T14:00:00Z,2116.66,2119.99,0.1573,0.26,real,0.275742,0.7553,0.00036136,0.00034821,0.00034646,1.005,0.08,0.00043393,1.0,0.0,1.0,2.0,-1.0,-0.1082,2.0,0.0,0.3517,-1.0,6.641e-05,0.0,0.0,0.0,1.0,1.0,-0.1178,False,False,1.0,1.0,6.23,7.36,True,0.0,bullish,0.0,0.0,0.040276,0.013275,trade,no,False,False,45.0,49.7,,0.154907,0.05,50.0,1000.0,0.0,4.0,0.55,0.0042,-0.0245,-0.1014,False,,False,True,17.57,2026-05-24 13:10:14+00:00,,0.0,,0.5635,0.0,,,,,0.3333,1.0,0.0717,bearish,bullish,False,False,6.675,6.174,False,False,False,,,43.36,0.0013,0.05,13.0,-2.0,-1.0,68.17,-0.0013,,,,,,,,,,,,,,,,,,,-1.0,5526641.91,0.0,0.002473,-0.05512,0.00431,,,,,,,,,,,,,,,,,,,,,,,,,,,,,,,,,,,,,,,,,,,2111.21,-0.2575,-0.4142,0.0,win,,,,0.5693884103797255,21,2026-W21,0.74,False
2026-05-24 15:02:19+00:00,2026-05-24 15:00,KXETHD-26MAY2412-T2099.99,2026-05-24T16:00:00Z,2095.49,2099.99,0.2148,0.3,real,0.341012,0.6427,0.00123363,0.00038329,0.00053902,0.7111,0.11,0.00052355,1.0,-1.0,0.0,1.0,0.0,0.0043,2.0,0.0,0.6218,-1.0,6.864e-05,-1.0,0.0,0.0,1.0,1.0,-0.3896,False,False,1.0,0.0,36.19,35.79,False,-1.0,neutral,0.0,0.0,0.03945,0.010963,trade,no,False,False,44.0,57.63,,0.131499,0.05,50.0,1000.0,0.0,2.0,0.5909,0.0238,-0.0305,-0.0305,False,,False,True,21.43,2026-05-24 15:02:19+00:00,,0.0,,0.5921,0.5,,,,,0.7754,1.0,0.3815,bearish,bearish,True,False,7.753,5.226,False,False,True,,,37.36,0.0027,,15.0,0.0,0.9987,69.2,0.1725,,,,,,,,,,,,,,,,,,,-1.0,4954290.11,0.0,0.000446,-0.04557,0.00428,,,,,,,,,,,,,,,,,,,,,,,,,,,,,,,,,,,,,,,,,,,2096.21,0.0344,-0.18,0.0,win,,,,0.527370223082458,21,2026-W21,0.7,False
2026-05-24 16:27:17+00:00,2026-05-24 16:00,KXETHD-26MAY2413-T2099.99,2026-05-24T17:00:00Z,2097.79,2099.99,0.1051,0.42,real,0.33015,0.3064,0.0006068,0.00073292,0.00091015,0.8053,0.02,0.00078912,1.0,-1.0,0.0,2.0,-1.0,-0.1688,2.0,-1.0,0.8811,-1.0,9.351e-05,0.0,0.0,0.0,0.0,0.0,-0.1261,False,False,0.0,0.0,50.95,48.31,False,0.0,bearish,0.0,0.0,0.065427,0.034407,trade,no,False,False,44.0,32.65,,0.155778,0.05,50.0,1000.0,0.0,0.0,0.5174,0.2314,-0.3557,-0.2123,False,,True,False,-50.0,2026-05-24 16:27:17+00:00,,0.0,,0.447,0.0,,,,,0.8498,1.0,0.667,bearish,bearish,True,False,7.635,5.33,False,False,True,,,34.72,0.0611,,16.0,0.0,1.0,69.43,-0.2075,,,,,,,,,,,,,,,,,,,-1.0,5712914.91,0.0,0.001286,-0.04661,0.00436,,,,,,,,,,,,,,,,,,,,,,,,,,,,,,,,,,,,,,,,,,,2103.27,0.2612,0.1562,0.1562,marginal,,,,0.5125077643115719,21,2026-W21,0.5800000000000001,False
2026-05-24 18:32:02+00:00,2026-05-24 18:00,KXETHD-26MAY2415-T2099.99,2026-05-24T19:00:00Z,2095.86,2099.99,0.1971,0.31,real,0.129367,1.1197,0.00021574,0.00016781,0.00075242,0.223,0.01,0.00039661,0.0,-1.0,0.0,1.0,0.0,-0.0244,2.0,0.0,0.6685,-1.0,7.668e-05,0.0,0.0,0.0,-1.0,-1.0,0.2385,False,False,0.0,0.0,73.87,69.68,False,0.0,neutral,0.0,0.0,0.193989,0.17181,trade,no,False,False,43.0,27.86,,0.62577,0.05,50.0,1000.0,0.0,0.0,0.5174,0.0837,0.0,0.0,False,,False,True,22.46,2026-05-24 18:32:02+00:00,,0.0,,0.4961,0.5,,,,,1.0,1.0,0.1901,bearish,bearish,True,False,7.734,5.243,False,False,False,,,30.03,0.0027,,18.0,-2.0,-1.0,69.68,0.0414,,,,,,,,,,,,,,,,,,,-0.0562,1652019.24,0.0,0.007401,-0.04574,0.00419,,,,,,,,,,,,,,,,,,,,,,,,,,,,,,,,,,,,,,,,,,,2101.17,0.2534,0.0562,0.0,win,,,,0.5373867787776062,21,2026-W21,0.69,False
2026-05-24 21:03:55+00:00,2026-05-24 21:00,KXETHD-26MAY2418-T2099.99,2026-05-24T22:00:00Z,2093.49,2099.99,0.3105,0.2,real,0.160816,1.2293,0.0004554,0.00040754,0.00049219,0.828,0.05,0.00049552,0.0,0.0,1.0,1.0,0.0,-0.0283,2.0,1.0,0.8007,-1.0,6.746e-05,0.0,0.0,0.0,0.0,0.0,-0.1602,False,False,0.0,1.0,19.94,8.93,True,-1.0,bearish,0.0,0.0,0.096333,0.074829,trade,no,False,False,43.0,56.03,,0.481667,0.05,50.0,1000.0,0.0,2.0,0.5909,-0.0053,0.1243,0.1243,False,,False,True,12.5,2026-05-24 21:03:55+00:00,,0.0,,0.5941,0.5,,,,,0.8512,-1.0,0.4209,bearish,bearish,True,False,7.856,5.136,False,False,False,,,26.07,0.0008,,21.0,-2.0,-1.0,69.7,0.1343,,,,,,,,,,,,,,,,,,,-0.266,2201904.31,0.0,0.006444,-0.04466,0.01935,,,,,,,,,,,,,,,,,,,,,,,,,,,,,,,,,,,,,,,,,,,2075.78,-0.846,-1.1529,0.0,win,,,,0.5841141859125838,21,2026-W21,0.8,False
2026-05-24 23:02:20+00:00,2026-05-24 23:00,KXETHD-26MAY2420-T2099.99,2026-05-25T00:00:00Z,2091.6,2099.99,0.4012,0.21,real,0.173604,0.972,0.00079237,0.00064431,0.00065423,0.9848,0.15,0.00071422,0.0,-1.0,0.0,3.0,-1.0,-0.2539,2.0,0.0,0.542,-1.0,6.239e-05,0.0,1.0,-1.0,-2.0,0.0,-0.0419,True,False,-1.0,0.0,79.16,73.24,False,0.0,bearish,0.0,0.0,0.05787,0.033841,trade,no,False,False,43.0,57.59,,0.27557,0.05,50.0,1000.0,0.0,0.0,0.5174,-0.1716,-0.0067,0.0449,False,,False,True,13.29,2026-05-24 23:02:20+00:00,,0.0,,0.5127,0.0,,,,,0.1014,1.0,0.6495,bearish,bearish,False,False,7.953,5.05,False,False,False,,,28.95,0.0444,,23.0,0.0,0.9997,70.62,-0.0478,,,,,,,,,,,,,,,,,,,-0.7121,3455214.94,0.0,0.006874,-0.04379,0.00442,,,,,,,,,,,,,,,,,,,,,,,,,,,,,,,,,,,,,,,,,,,2101.02,0.4504,0.049,0.0,win,,,,0.49452157254631757,21,2026-W21,0.79,True
2026-05-25 02:05:36+00:00,2026-05-25 02:00,KXETHD-26MAY2423-T2099.99,2026-05-25T03:00:00Z,2097.04,2099.99,0.1405,0.39,real,0.381891,0.3669,0.00036088,0.0005304,0.00068184,0.7779,0.03,0.00061785,0.0,0.0,1.0,1.0,0.0,-0.0549,2.0,0.0,0.284,-1.0,8.252e-05,0.0,-1.0,1.0,2.0,2.0,-0.332,False,False,1.0,0.0,23.06,40.33,False,0.0,neutral,0.0,0.0,0.043203,0.012346,trade,no,False,False,43.0,54.34,,0.110777,0.05,50.0,1000.0,0.0,0.0,0.5174,-0.4712,-0.2822,0.0,False,,False,True,31.97,2026-05-25 02:05:36+00:00,,0.0,,0.5265,0.5,,,,,0.9274,-1.0,0.5401,bearish,bearish,False,False,7.673,5.297,False,False,False,,,27.69,0.0,,2.0,-2.0,-1.0,70.71,-0.0469,,,,,,,,,,,,,,,,,,,-0.2742,462712.74,0.0,0.010741,-0.04628,0.00491,,,,,,,,,,,,,,,,,,,,,,,,,,,,,,,,,,,,,,,,,,,2097.66,0.0296,-0.111,0.0,win,,,,0.5031102865197219,22,2026-W22,0.61,False
2026-05-25 03:02:24+00:00,2026-05-25 03:00,KXETHD-26MAY2500-T2099.99,2026-05-25T04:00:00Z,2096.05,2099.99,0.1882,0.3,real,0.22664,0.7947,0.00079565,0.00021888,0.00047254,0.4632,0.12,0.00041027,0.0,-1.0,0.0,1.0,0.0,0.0704,2.0,0.0,0.4143,-1.0,8.114e-05,0.0,0.0,0.0,1.0,1.0,-0.1997,False,False,1.0,0.0,23.09,26.0,False,0.0,bearish,0.0,0.0,0.098992,0.07275,trade,no,False,False,43.0,57.54,,0.329975,0.05,50.0,1000.0,0.0,0.0,0.5174,-0.0453,0.0,0.0,False,,False,True,21.43,2026-05-25 03:02:24+00:00,,0.0,,0.5178,0.5,,,,,0.0,1.0,0.0717,bearish,bearish,False,False,7.724,5.252,False,False,False,,,26.37,0.0,,3.0,-2.0,-1.0,71.45,0.0554,,,,,,,,,,,,,,,,,,,-0.2425,1630621.06,0.0,0.008739,-0.04582,0.00435,,,,,,,,,,,,,,,,,,,,,,,,,,,,,,,,,,,,,,,,,,,2096.49,0.021,-0.1667,0.0,win,,,,0.4993580659031806,22,2026-W22,0.7,True
2026-05-25 04:02:00+00:00,2026-05-25 04:00,KXETHD-26MAY2501-T2099.99,2026-05-25T05:00:00Z,2094.26,2099.99,0.2738,0.22,real,0.171035,1.0173,0.00030078,0.00027994,0.00046518,0.6018,0.08,0.00042032,0.0,0.0,1.0,1.0,0.0,0.0231,2.0,0.0,0.7666,-1.0,8.775e-05,0.0,0.0,0.0,1.0,1.0,-0.2432,False,False,0.0,1.0,17.02,17.63,False,0.0,bearish,0.0,0.0,0.077285,0.053721,trade,no,False,False,38.0,57.93,,0.351295,0.05,50.0,1000.0,0.0,1.0,0.5223,0.1184,0.0401,0.0,False,,True,False,-50.0,2026-05-25 04:02:00+00:00,,0.0,,0.5268,0.2125,,,,,0.1522,-1.0,0.0707,bearish,bearish,False,False,7.816,5.171,False,False,False,,,25.87,0.0,,4.0,-2.0,-1.0,71.41,0.0214,,,,,,,,,,,,,,,,,,,-0.2596,2600662.03,0.0,0.007202,-0.04501,0.00441,,,,,,,,,,,,,,,,,,,,,,,,,,,,,,,,,,,,,,,,,,,2105.35,0.5295,0.2552,0.2552,marginal,,,,0.48403927711393957,22,2026-W22,0.78,True
2026-05-25 10:09:34+00:00,2026-05-25 10:00,KXETHD-26MAY2507-T2119.99,2026-05-25T11:00:00Z,2115.51,2119.99,0.2116,0.21,real,0.175968,1.0568,0.00040279,0.00017864,0.00036927,0.4838,0.09,0.00033543,0.0,-1.0,0.0,0.0,0.0,-0.0881,2.0,1.0,0.9646,0.0,1.236e-05,0.0,0.0,0.0,-1.0,-1.0,0.3096,False,False,0.0,0.0,50.88,67.75,False,0.0,bullish,0.0,0.0,0.058881,0.034901,trade,no,False,False,39.0,50.38,,0.280386,0.05,50.0,1000.0,0.0,-2.0,0.4718,-0.1312,-0.1157,-0.0033,False,,False,True,13.29,2026-05-25 10:09:34+00:00,,0.0,,0.5501,0.0,,,,,0.3134,-1.0,0.0237,bearish,bearish,False,False,6.733,6.124,False,False,False,,,17.47,0.0208,,10.0,-2.0,-1.0,70.1,-0.0187,,,,,,,,,,,,,,,,,,,-0.3577,1504763.09,0.0,0.008325,-0.0546,0.00413,,,,,,,,,,,,,,,,,,,,,,,,,,,,,,,,,,,,,,,,,,,2115.79,0.0132,-0.1981,0.0,win,,,,0.4663689659878184,22,2026-W22,0.79,True
2026-05-25 13:03:13+00:00,2026-05-25 13:00,KXETHD-26MAY2510-T2119.99,2026-05-25T14:00:00Z,2115.8,2119.99,0.198,0.27,real,0.206599,0.7592,0.00026185,0.00036692,0.00042863,0.856,0.05,0.00045522,1.0,-1.0,0.0,2.0,-1.0,-0.1037,2.0,-1.0,1.0,-1.0,9.095e-05,1.0,0.0,0.0,-1.0,-1.0,0.2907,False,False,0.0,0.0,74.21,56.89,False,1.0,bullish,0.0,0.0,0.064646,0.038223,trade,no,False,False,40.0,56.7,,0.239431,0.05,50.0,1000.0,0.0,-2.0,0.4718,0.1101,0.1172,0.0,False,,False,True,18.49,2026-05-25 13:03:13+00:00,,0.0,,0.4764,0.5,,,,,0.4762,1.0,0.2522,bearish,bearish,False,False,6.718,6.136,False,False,False,,,15.44,0.0,,13.0,0.0,1.0,69.11,0.1225,,,,,,,,,,,,,,,,,,,-1.0,5805004.68,0.0,0.003866,-0.05473,0.00416,,,,,,,,,,,,,,,,,,,,,,,,,,,,,,,,,,,,,,,,,,,2116.31,0.0241,-0.1736,0.0,win,,,,0.49741138763999104,22,2026-W22,0.73,True
2026-05-25 14:01:16+00:00,2026-05-25 14:00,KXETHD-26MAY2511-T2119.99,2026-05-25T15:00:00Z,2114.18,2119.99,0.2746,0.16,real,0.052377,1.6665,0.00022057,0.00014891,0.00036007,0.4136,0.1,0.00031597,1.0,-1.0,0.0,1.0,0.0,-0.0121,2.0,0.0,0.7509,-1.0,9.352e-05,0.0,0.0,0.0,0.0,0.0,0.1644,False,False,0.0,0.0,45.64,43.26,False,0.0,bullish,0.0,0.0,0.126302,0.109023,trade,no,False,False,39.0,58.66,,0.789387,0.05,50.0,1000.0,0.0,0.0,0.5174,0.0317,-0.017,0.0033,False,,True,False,-50.0,2026-05-25 14:01:16+00:00,,0.0,,0.5176,0.3488,,,,,0.7282,1.0,0.0344,bearish,bearish,False,False,6.8,6.064,False,False,False,,,14.81,0.0,,14.0,-2.0,-0.951,68.94,0.0366,,,,,,,,,,,,,,,,,,,-0.2877,2582922.57,0.0,0.007741,-0.05401,0.00419,,,,,,,,,,,,,,,,,,,,,,,,,,,,,,,,,,,,,,,,,,,2128.64,0.684,0.408,0.408,clear_loss,,,,0.45029011010674963,22,2026-W22,0.84,True
2026-05-25 19:31:42+00:00,2026-05-25 19:00,KXETHD-26MAY2516-T2119.99,2026-05-25T20:00:00Z,2122.41,2119.99,-0.1139,0.74,real,0.86374,-0.8427,0.00025813,0.00021677,0.00033352,0.65,0.03,0.00033501,1.0,0.0,1.0,2.0,-1.0,-0.1824,2.0,0.0,0.3441,-1.0,0.00011658,0.0,0.0,0.0,0.0,0.0,0.0999,False,False,1.0,1.0,7.03,9.63,False,0.0,bullish,0.0,0.0,0.10874,0.080272,trade,yes,False,False,60.0,28.21,,0.418229,0.05,50.0,1000.0,0.0,4.0,0.55,-0.0597,-0.0066,0.0,False,,False,False,-50.0,2026-05-25 19:31:42+00:00,,0.0,,0.6005,0.5,,,,,1.0,-1.0,0.0407,bearish,bullish,True,False,6.386,6.428,False,False,False,,,19.59,0.1976,,19.0,-2.0,-1.0,67.59,0.0255,,,,,,,,,,,,,,,,,,,-0.0487,0.0,412144.15,0.009529,-0.05767,0.00466,,,,,,,,,,,,,,,,,,,,,,,,,,,,,,,,,,,,,,,,,,,2121.11,-0.0613,0.0528,0.0528,near_miss,,,,0.5310201163261716,22,2026-W22,0.74,True
2026-05-26 00:43:08+00:00,2026-05-26 00:00,KXETHD-26MAY2521-T2099.99,2026-05-26T01:00:00Z,2096.22,2099.99,0.1797,0.29,real,0.091878,0.6916,0.00041551,0.00056445,0.00079246,0.7123,0.01,0.00063397,1.0,0.0,1.0,1.0,0.0,-0.0348,2.0,0.0,0.3247,-1.0,5.288e-05,1.0,0.0,0.0,0.0,0.0,,False,False,1.0,1.0,1.01,35.41,False,-1.0,neutral,0.0,0.0,0.098653,0.072822,trade,no,False,False,38.0,16.77,,0.340184,0.05,50.0,1000.0,0.0,11.0,0.6447,-0.5856,-0.3557,-0.0948,False,,False,True,20.42,2026-05-26 00:43:08+00:00,,0.0,,0.2619,0.1344,,,,,0.8049,-1.0,0.3187,bearish,bullish,True,False,7.715,5.26,False,False,False,,,16.71,2.1627,,0.0,-2.0,-1.0,69.39,0.0797,,,,,,,,,,,,,,,,,,,-0.1937,1313418.57,0.0,0.009566,-0.0459,0.00483,,,,,,,,,,,,,,,,,,,,,,,,,,,,,,,,,,,,,,,,,,,2095.39,-0.0396,-0.219,0.0,win,,,,0.543146277263819,22,2026-W22,0.71,False
2026-05-26 03:14:44+00:00,2026-05-26 03:00,KXETHD-26MAY2600-T2079.99,2026-05-26T04:00:00Z,2084.0,2079.99,-0.1924,0.75,real,0.905946,-1.154,0.00027687,0.00011892,0.0004245,0.2801,0.03,0.00029536,-1.0,1.0,2.0,0.0,0.0,-0.0931,2.0,0.0,0.8643,0.0,4.955e-05,-1.0,-1.0,1.0,2.0,2.0,-0.471,False,False,1.0,1.0,11.56,11.22,True,-1.0,bearish,0.0,0.0,0.155946,0.127821,trade,yes,False,False,38.0,45.22,,0.623785,0.05,50.0,1000.0,0.0,7.0,0.6447,0.0311,-0.0172,-0.0172,False,,True,True,16.67,2026-05-26 03:14:44+00:00,,0.0,,0.5644,0.5,,,,,0.8424,1.0,0.0397,bearish,bullish,True,False,8.347,4.704,False,False,False,,,20.99,0.0004,,3.0,-2.0,-1.0,71.13,-0.0733,,,,,,,,,,,,,,,,,,,-1.0,4961545.46,0.0,0.001617,-0.04031,0.00457,,,,,,,,,,,,,,,,,,,,,,,,,,,,,,,,,,,,,,,,,,,2092.53,0.4093,0.6029,0.0,win,,,,0.562584239608753,22,2026-W22,0.75,True
2026-05-26 06:18:49+00:00,2026-05-26 06:00,KXETHD-26MAY2603-T2099.99,2026-05-26T07:00:00Z,2097.77,2099.99,0.1056,0.33,real,0.248537,0.554,0.00034857,0.00030134,0.00037426,0.8052,0.02,0.00039098,-1.0,-1.0,0.0,1.0,0.0,-0.0672,2.0,0.0,0.5391,0.0,4.432e-05,0.0,0.0,0.0,0.0,0.0,0.0833,False,False,0.0,-1.0,84.8,86.12,False,0.0,bearish,0.0,0.0,0.048722,0.019571,trade,no,False,False,38.0,41.13,,0.147643,0.05,50.0,1000.0,0.0,-2.0,0.4718,0.0,-0.0014,0.0071,False,,False,True,24.63,2026-05-26 06:18:49+00:00,,0.0,,0.4502,0.5,,,,,0.0122,1.0,0.1852,bearish,bullish,True,False,7.636,5.33,False,False,False,,,21.53,0.029,,6.0,-1.0,-0.3241,72.01,0.0699,,,,,,,,,,,,,,,,,,,-0.1289,546495.6,0.0,0.009981,-0.04661,0.00449,,,,,,,,,,,,,,,,,,,,,,,,,,,,,,,,,,,,,,,,,,,2101.48,0.1769,0.071,0.0,win,,,,0.5046264008347934,22,2026-W22,0.6699999999999999,False
2026-05-26 07:06:25+00:00,2026-05-26 07:00,KXETHD-26MAY2604-T2099.99,2026-05-26T08:00:00Z,2097.38,2099.99,0.1246,0.26,real,0.141205,0.797,0.0003262,0.00020354,0.0002646,0.7692,0.06,0.0003141,-1.0,-1.0,0.0,2.0,-1.0,-0.1184,2.0,0.0,0.507,0.0,4.055e-05,0.0,0.0,0.0,0.0,0.0,0.1463,False,False,0.0,-1.0,90.51,88.32,False,0.0,bearish,0.0,0.0,0.063048,0.036977,trade,no,False,False,39.0,53.53,,0.242493,0.05,50.0,1000.0,0.0,-4.0,0.3778,0.0752,0.0752,0.0,False,,False,True,17.57,2026-05-26 07:06:25+00:00,,0.0,,0.3905,0.5,,,,,1.0,1.0,0.1071,bearish,bullish,True,False,7.656,5.312,False,False,False,,,21.28,0.0,,7.0,-2.0,-1.0,72.09,0.0846,,,,,,,,,,,,,,,,,,,-1.0,5041631.3,0.0,0.002225,-0.04643,0.00468,,,,,,,,,,,,,,,,,,,,,,,,,,,,,,,,,,,,,,,,,,,2095.68,-0.0811,-0.2052,0.0,win,,,,0.5421283864226997,22,2026-W22,0.74,False
2026-05-26 08:39:25+00:00,2026-05-26 08:00,KXETHD-26MAY2605-T2099.99,2026-05-26T09:00:00Z,2096.68,2099.99,0.158,0.21,real,0.161965,1.0157,0.00048351,0.00038529,0.00043213,0.8916,0.02,0.00045138,-1.0,-1.0,0.0,0.0,0.0,-0.0859,2.0,0.0,0.7952,0.0,6.85e-06,0.0,0.0,0.0,0.0,0.0,0.0492,False,False,0.0,0.0,67.61,64.51,False,0.0,bearish,0.0,0.0,0.053723,0.029493,trade,no,False,False,38.0,20.54,,0.255825,0.05,50.0,1000.0,0.0,0.0,0.5174,0.1164,0.0324,0.0925,False,,False,True,13.29,2026-05-26 08:39:25+00:00,,0.0,,0.5117,0.0,,,,,0.1709,-1.0,0.3189,bearish,bullish,True,False,7.692,5.28,False,False,False,,,21.8,0.0506,0.09,8.0,-2.0,-0.6404,72.08,-0.0136,,,,,,,,,,,,,,,,,,,-0.2352,524617.49,0.0,0.010297,-0.04611,0.00451,,,,,,,,,,,,,,,,,,,,,,,,,,,,,,,,,,,,,,,,,,,2097.53,0.0405,-0.1171,0.0,win,,,,0.5148590611006819,22,2026-W22,0.79,False
2026-05-26 12:30:10+00:00,2026-05-26 12:00,KXETHD-26MAY2609-T2119.99,2026-05-26T13:00:00Z,2114.27,2119.99,0.2706,0.23,real,0.238815,0.901,0.00058813,0.00053775,0.00067027,0.8023,0.03,0.00059741,-1.0,0.0,1.0,1.0,1.0,0.1437,2.0,0.0,0.5922,-1.0,7.075e-05,-1.0,0.0,0.0,0.0,0.0,0.1372,False,False,1.0,0.0,47.45,50.51,False,0.0,neutral,0.0,0.0,0.050879,0.025586,trade,no,False,False,39.0,29.78,,0.221211,0.05,50.0,1000.0,0.0,0.0,0.5174,-0.3163,-0.0288,0.0128,False,,True,False,-50.0,2026-05-26 12:30:10+00:00,,0.0,,0.5757,0.453,,,,,0.8682,-1.0,0.5905,bearish,bullish,True,False,6.796,6.068,False,False,False,,,22.35,0.7452,,12.0,-1.0,-0.0652,69.37,0.0419,,,,,,,,,,,,,,,,,,,-0.1592,1249152.88,0.0,0.005538,-0.05405,0.01974,,,,,,,,,,,,,,,,,,,,,,,,,,,,,,,,,,,,,,,,,,,2126.26,0.5671,0.2958,0.2958,clear_loss,,,,0.47065022147939606,22,2026-W22,0.77,True
2026-05-26 13:22:52+00:00,2026-05-26 13:00,KXETHD-26MAY2610-T2119.99,2026-05-26T14:00:00Z,2113.99,2119.99,0.2836,0.24,real,0.209996,0.8604,0.00046067,0.0004566,0.00065846,0.6934,0.01,0.00054051,0.0,-1.0,0.0,1.0,0.0,0.0131,2.0,-1.0,0.8261,-1.0,7.833e-05,1.0,0.0,0.0,0.0,0.0,0.2516,False,False,1.0,0.0,53.65,64.69,False,0.0,bullish,0.0,0.0,0.057233,0.031777,trade,no,False,False,40.0,37.08,,0.238469,0.05,50.0,1000.0,0.0,0.0,0.5174,-0.1481,-0.2271,-0.2059,False,,True,False,-50.0,2026-05-26 13:22:52+00:00,,0.0,,0.5215,0.0,,,,,0.8624,-1.0,0.4811,bearish,bullish,True,False,6.81,6.056,False,False,False,,,21.91,0.3174,,13.0,-2.0,-1.0,69.44,0.392,,,,,,,,,,,,,,,,,,,-1.0,7129367.69,0.0,0.004729,-0.05392,0.00469,,,,,,,,,,,,,,,,,,,,,,,,,,,,,,,,,,,,,,,,,,,2124.5,0.4972,0.2127,0.2127,marginal,,,,0.49819036760569513,22,2026-W22,0.76,True
2026-05-26 14:11:34+00:00,2026-05-26 14:00,KXETHD-26MAY2611-T2139.99,2026-05-26T15:00:00Z,2126.98,2139.99,0.6116,0.19,real,0.091206,1.2692,0.00069392,0.00067663,0.0009987,0.6775,0.03,0.00075087,0.0,-1.0,0.0,1.0,0.0,0.0218,2.0,0.0,0.7726,-1.0,8.469e-05,-1.0,0.0,0.0,-1.0,-1.0,0.5193,False,False,-1.0,0.0,78.38,60.04,False,1.0,bullish,0.0,0.0,0.106921,0.086589,trade,no,False,False,40.0,48.37,,0.562743,0.05,50.0,1000.0,2.0,-5.0,0.3935,0.6551,0.2344,0.1274,False,,False,True,11.73,2026-05-26 14:11:34+00:00,,0.0,,0.4535,0.4035,,,,,0.601,1.0,0.3808,bearish,bullish,True,False,6.157,6.63,False,False,False,,,22.04,0.1415,,14.0,-1.0,0.577,69.55,0.0701,,,,,,,,,,,,,,,,,,,-1.0,5770136.24,0.0,0.004469,-0.0597,0.00462,,,,,,,,,,,,,,,,,,,,,,,,,,,,,,,,,,,,,,,,,,,2111.07,-0.748,-1.3514,0.0,win,,,,0.5360603183051679,22,2026-W22,0.81,False
2026-05-27 00:03:36+00:00,2026-05-27 00:00,KXETHD-26MAY2621-T2079.99,2026-05-27T01:00:00Z,2073.89,2079.99,0.294,0.18,real,0.057333,1.3903,0.00019483,0.0002416,0.00042742,0.5652,0.2,0.00041383,0.0,0.0,1.0,1.0,1.0,0.109,2.0,0.0,0.3703,-1.0,8.084e-05,0.0,0.0,0.0,0.0,0.0,,False,False,0.0,0.0,51.39,60.09,False,-1.0,bearish,0.0,0.0,0.118316,0.099264,trade,no,False,False,37.0,56.31,,0.657311,0.05,50.0,1000.0,-2.0,0.0,0.4121,-0.0684,-0.1209,0.0,False,,True,False,-50.0,2026-05-27 00:03:36+00:00,,0.0,,0.4257,0.0,,,,,1.0,-1.0,0.1186,bearish,bearish,True,False,2.285,4.239,False,False,False,,,22.73,0.0,,0.0,0.0,0.97,75.33,0.0254,,,,,,,,,,,,,,,,,,,0.1365,1818020.63,0.0,0.004193,-0.03057,0.01934,,,,,,,,,,,,,,,,,,,,,,,,,,,,,,,,,,,,,,,,,,,2083.16,0.447,0.1524,0.1524,marginal,,,,0.49573080681905524,22,2026-W22,0.8200000000000001,True
2026-05-27 01:12:00+00:00,2026-05-27 01:00,KXETHD-26MAY2622-T2079.99,2026-05-27T02:00:00Z,2077.64,2079.99,0.1129,0.3,real,0.210399,0.5746,0.00040342,0.00026581,0.00031085,0.8551,0.08,0.00037326,0.0,0.0,1.0,3.0,1.0,0.1427,2.0,0.0,0.4912,-1.0,6.789e-05,0.0,1.0,-1.0,-2.0,0.0,-0.0215,True,False,0.0,-1.0,80.27,90.83,True,0.0,bearish,0.0,0.0,0.0476,0.019391,trade,no,False,False,38.0,47.94,,0.158666,0.05,50.0,1000.0,-2.0,-2.0,0.375,-0.037,-0.0951,-0.0274,False,,False,True,21.43,2026-05-27 01:12:00+00:00,,0.0,,0.4089,0.3386,,,,,0.9014,1.0,0.1133,bearish,bearish,True,False,2.101,4.412,False,False,False,,,21.64,1.163,,1.0,0.0,0.8966,75.53,0.0139,,,,,,,,,,,,,,,,,,,-1.0,3757935.09,0.0,0.002794,-0.03232,0.01991,,,,,,,,,,,,,,,,,,,,,,,,,,,,,,,,,,,,,,,,,,,2076.66,-0.0472,-0.1601,0.0,win,,,,0.5390801712437664,22,2026-W22,0.7,False
2026-05-27 03:30:47+00:00,2026-05-27 03:00,KXETHD-26MAY2700-T2079.99,2026-05-27T04:00:00Z,2074.0,2079.99,0.2889,0.13,real,0.049967,1.6999,0.0005284,0.00028618,0.0004742,0.6035,0.06,0.00041342,0.0,-1.0,0.0,1.0,0.0,0.0939,2.0,0.0,0.7727,-1.0,6.336e-05,0.0,0.0,0.0,0.0,0.0,0.0672,False,False,0.0,0.0,49.89,51.67,False,0.0,bearish,0.0,0.0,0.099386,0.082309,trade,no,False,False,37.0,29.17,,0.76451,0.05,50.0,1000.0,-2.0,0.0,0.4121,0.2622,0.0029,0.0,False,,False,True,7.47,2026-05-27 03:30:47+00:00,,0.0,,0.5218,0.5,,,,,0.9104,-1.0,0.1186,bearish,bearish,True,False,2.28,4.244,False,False,False,,,21.11,0.0502,,3.0,0.0,1.0,75.39,-0.0344,,,,,,,,,,,,,,,,,,,0.1712,2071578.44,0.0,0.004331,-0.03062,0.01929,,,,,,,,,,,,,,,,,,,,,,,,,,,,,,,,,,,,,,,,,,,2071.27,-0.1316,-0.4192,0.0,win,,,,0.514200385307422,22,2026-W22,0.87,False
2026-05-27 04:06:17+00:00,2026-05-27 04:00,KXETHD-26MAY2701-T2069.99,2026-05-27T05:00:00Z,2066.27,2069.99,0.1802,0.37,real,0.317816,0.6551,0.00031781,0.0002748,0.00074041,0.3711,0.06,0.00049352,0.0,0.0,1.0,1.0,0.0,-0.0802,2.0,0.0,0.5457,-1.0,7.377e-05,0.0,0.0,0.0,1.0,1.0,-0.2625,False,False,1.0,1.0,3.08,18.68,False,-1.0,bearish,0.0,0.0,0.11698,0.08875,trade,no,False,False,40.0,53.66,,0.316162,0.05,50.0,1000.0,-3.0,4.0,0.5492,-0.3347,-0.11,-0.0782,False,,False,True,29.37,2026-05-27 04:06:17+00:00,,0.0,,0.5719,0.2087,,,,,0.5587,-1.0,0.277,bearish,bearish,True,False,2.663,3.886,False,False,False,,,20.71,0.0053,,4.0,-2.0,-1.0,75.39,0.241,,,,,,,,,,,,,,,,,,,-1.0,3765787.19,0.0,0.002775,-0.02699,0.02068,,,,,,,,,,,,,,,,,,,,,,,,,,,,,,,,,,,,,,,,,,,2072.76,0.3141,0.1338,0.0,win,,,,0.5264843612388911,22,2026-W22,0.63,False
2026-05-27 11:30:00+00:00,2026-05-27 11:00,KXETHD-26MAY2708-T2089.99,2026-05-27T12:00:00Z,2080.69,2089.99,0.4469,0.17,real,0.037115,1.7918,0.0003416,0.00048223,0.00085407,0.5646,0.01,0.00059836,0.0,-1.0,0.0,0.0,0.0,-0.0728,2.0,1.0,0.8243,0.0,4.674e-05,0.0,0.0,0.0,-1.0,-1.0,0.4218,False,False,0.0,0.0,33.88,24.97,True,1.0,bearish,0.0,0.0,0.133314,0.11584,trade,no,False,False,40.0,29.94,,0.784201,0.05,50.0,1000.0,0.0,0.0,0.5174,0.0701,0.1104,0.0,False,,False,True,10.24,2026-05-27 11:30:00+00:00,,0.0,,0.5027,0.5,,,,,0.8369,1.0,0.5554,bearish,bearish,True,False,1.951,4.552,False,False,True,,,15.94,0.5218,,11.0,0.0,1.0,74.4,-0.0077,,,,,,,,,,,,,,,,,,,-0.9625,1288142.45,0.0,0.001805,-0.03373,0.01985,,,,,,,,,,,,,,,,,,,,,,,,,,,,,,,,,,,,,,,,,,,2080.1,-0.0284,-0.4732,0.0,win,,,,0.5071600145610146,22,2026-W22,0.83,False
2026-05-27 14:00:18+00:00,2026-05-27 14:00,KXETHD-26MAY2711-T2069.99,2026-05-27T15:00:00Z,2062.82,2069.99,0.3473,0.34,real,0.17526,0.4633,0.00102101,0.00109544,0.00108854,1.0063,0.05,0.00105343,0.0,-1.0,0.0,2.0,-1.0,-0.1259,2.0,0.0,0.4235,-1.0,0.00015097,-1.0,0.0,0.0,0.0,0.0,0.2381,False,False,1.0,0.0,35.6,19.71,True,-1.0,bearish,0.0,0.0,0.06635,0.037437,trade,no,False,False,40.0,59.64,,0.195148,0.05,50.0,1000.0,-4.0,0.0,0.3176,0.1278,0.4419,0.3055,False,,False,True,25.76,2026-05-27 14:00:18+00:00,,0.0,,0.3191,0.296,,,,,0.793,1.0,0.5596,bearish,bearish,False,False,2.834,3.726,False,False,True,,,15.54,0.0065,,14.0,-1.0,0.1633,74.44,0.7737,,,,,,,,,,,,,,,,,,,-1.0,4947707.79,0.0,0.002396,-0.00466,0.01851,,,,,,,,,,,,,,,,,,,,,,,,,,,,,,,,,,,,,,,,,,,2062.77,-0.0024,-0.3488,0.0,win,,,,0.5364459428650736,22,2026-W22,0.6599999999999999,False
2026-05-27 15:03:58+00:00,2026-05-27 15:00,KXETHD-26MAY2712-T2069.99,2026-05-27T16:00:00Z,2061.2,2069.99,0.4263,0.21,real,0.071348,1.0141,0.00096352,0.00074137,0.00070504,1.0515,0.05,0.00073769,1.0,-1.0,0.0,2.0,-1.0,-0.2095,2.0,0.0,0.5747,-1.0,0.00016438,0.0,0.0,0.0,0.0,0.0,0.1172,False,False,0.0,0.0,28.64,22.73,False,0.0,bearish,0.0,0.0,0.090302,0.067926,trade,no,False,False,39.0,55.97,,0.430011,0.05,50.0,1000.0,-4.0,0.0,0.3176,0.464,0.2723,0.0678,False,,False,True,13.29,2026-05-27 15:03:58+00:00,,0.0,,0.3257,0.5385,,,,,0.7815,1.0,0.4581,bearish,bearish,False,False,2.915,3.65,False,False,True,,,15.54,0.0275,,15.0,0.0,1.0,74.34,0.0035,,,,,,,,,,,,,,,,,,,-0.3893,2501108.25,0.0,0.00466,-0.00502,0.01882,,,,,,,,,,,,,,,,,,,,,,,,,,,,,,,,,,,,,,,,,,,2068.54,0.3561,-0.07,0.0,win,,,,0.5356570514594898,22,2026-W22,0.79,False
2026-05-27 18:12:19+00:00,2026-05-27 18:00,KXETHD-26MAY2715-T2049.99,2026-05-27T19:00:00Z,2044.62,2049.99,0.2628,0.24,real,0.171993,0.7726,0.00064464,0.00056575,0.00053839,1.0508,0.01,0.0005859,0.0,0.0,1.0,1.0,0.0,-0.036,2.0,0.0,0.4684,-1.0,0.000175,-1.0,0.0,0.0,1.0,1.0,-0.5221,False,False,1.0,1.0,17.6,15.17,False,-1.0,bearish,0.0,0.0,0.045276,0.019299,trade,no,False,False,39.0,47.64,,0.188649,0.05,50.0,1000.0,-3.0,6.0,0.4799,-0.3067,0.0,0.0,False,,True,False,-50.0,2026-05-27 18:12:19+00:00,,0.0,,0.4311,0.5,,,,,0.2566,-1.0,0.3916,bearish,bearish,False,False,3.75,2.868,False,False,True,,,15.62,0.0406,,18.0,-2.0,-0.8259,74.63,-0.3918,,,,,,,,,,,,,,,,,,,-1.0,6643479.14,0.0,0.002773,-0.02182,0.00513,,,,,,,,,,,,,,,,,,,,,,,,,,,,,,,,,,,,,,,,,,,2056.56,0.584,0.3205,0.3205,clear_loss,,,,0.5278289059260386,22,2026-W22,0.76,False
2026-05-28 00:16:25+00:00,2026-05-28 00:00,KXETHD-26MAY2721-T2029.99,2026-05-28T01:00:00Z,2020.93,2029.99,0.4481,0.14,real,0.041848,1.5734,0.00068793,0.00048575,0.00062745,0.7742,0.05,0.00056683,0.0,0.0,1.0,1.0,0.0,-0.0375,2.0,0.0,0.6705,-1.0,8.967e-05,0.0,0.0,0.0,0.0,0.0,,False,False,1.0,1.0,14.97,16.37,False,-1.0,bearish,0.0,0.0,0.100713,0.083071,trade,no,False,False,37.0,43.51,,0.719376,0.05,50.0,1000.0,-4.0,8.0,0.4799,-0.0889,-0.1155,-0.1155,False,,False,True,8.14,2026-05-28 00:16:25+00:00,,0.0,,0.4379,0.0,,,,,0.5055,-1.0,0.4877,bearish,bearish,False,False,1.786,1.73,False,False,False,,,22.71,0.1628,,0.0,-2.0,-1.0,77.33,-0.0547,,,,,,,,,,,,,,,,,,,-0.5656,2400614.81,0.0,0.003236,-0.01036,0.01834,,,,,,,,,,,,,,,,,,,,,,,,,,,,,,,,,,,,,,,,,,,2025.62,0.2321,-0.2153,0.0,win,,,,0.5610645289689363,22,2026-W22,0.86,False
2026-05-28 09:00:39+00:00,2026-05-28 09:00,KXETHD-26MAY2806-T1989.99,2026-05-28T10:00:00Z,1985.35,1989.99,0.2338,0.2,real,0.076804,1.0611,0.00037182,0.00022206,0.00036033,0.6163,0.15,0.00037605,0.0,-1.0,0.0,1.0,0.0,0.0232,2.0,0.0,0.5253,-1.0,5.198e-05,0.0,0.0,0.0,0.0,0.0,-0.2283,False,False,0.0,0.0,65.46,66.55,False,0.0,bearish,0.0,0.0,0.08665,0.064615,trade,no,False,False,35.0,59.29,,0.433252,0.05,50.0,1000.0,-4.0,3.0,0.359,0.1148,-0.0362,-0.0362,False,,True,False,-50.0,2026-05-28 09:00:39+00:00,,0.0,,0.3572,0.0,,,,,1.0,-1.0,0.1133,bearish,bearish,False,False,2.0,4.414,False,False,False,,,38.74,0.0,,9.0,0.0,1.0,78.04,0.0069,,,,,,,,,,,,,,,,,,,0.1552,920215.33,0.0,0.004163,-0.0178,0.02098,,,,,,,,,,,,,,,,,,,,,,,,,,,,,,,,,,,,,,,,,,,1994.46,0.4589,0.2246,0.2246,marginal,,,,0.5159072821323807,22,2026-W22,0.8,False
2026-05-28 11:17:07+00:00,2026-05-28 11:00,KXETHD-26MAY2808-T1989.99,2026-05-28T12:00:00Z,1986.84,1989.99,0.1586,0.35,real,0.225968,0.4671,0.00049819,0.00039593,0.00062851,0.6299,0.2,0.00076246,0.0,-1.0,0.0,1.0,-1.0,-0.1284,2.0,0.0,0.671,0.0,4.337e-05,0.0,0.0,0.0,0.0,0.0,-0.1063,False,False,0.0,0.0,37.15,35.11,False,0.0,bearish,0.0,0.0,0.049895,0.020192,trade,no,False,False,36.0,42.82,,0.142557,0.05,50.0,1000.0,-4.0,0.0,0.3176,-0.216,0.0487,0.1207,False,,False,True,26.92,2026-05-28 11:17:07+00:00,,0.0,,0.3878,0.5405,,,,,0.5597,-1.0,0.5115,bearish,bearish,False,False,1.923,4.485,False,False,False,,,39.0,2.3745,-0.12,11.0,-2.0,-1.0,77.19,-0.3477,,,,,,,,,,,,,,,,,,,-1.0,5194796.66,0.0,0.004343,-0.01854,0.00662,,,,,,,,,,,,,,,,,,,,,,,,,,,,,,,,,,,,,,,,,,,1990.13,0.1656,0.007,0.0,win,,,,0.5225902040277857,22,2026-W22,0.65,False
2026-05-28 12:05:22+00:00,2026-05-28 12:00,KXETHD-26MAY2809-T1989.99,2026-05-28T13:00:00Z,1985.4,1989.99,0.2311,0.23,real,0.101081,1.0381,0.00032912,0.00035257,0.00042323,0.833,0.03,0.00044294,0.0,0.0,1.0,1.0,0.0,-0.0496,2.0,0.0,0.633,-1.0,5.305e-05,0.0,0.0,0.0,0.0,0.0,-0.2122,False,False,0.0,1.0,13.89,16.93,True,-1.0,bearish,0.0,0.0,0.106172,0.083577,trade,no,False,False,36.0,54.5,,0.461617,0.05,50.0,1000.0,-4.0,1.0,0.3711,0.081,-0.0558,-0.0774,False,,False,True,14.94,2026-05-28 12:05:22+00:00,,0.0,,0.4062,0.0,,,,,1.0,1.0,0.3022,bearish,bearish,False,False,1.997,4.416,False,False,False,,,39.33,0.1119,,12.0,-2.0,-1.0,77.02,0.0294,,,,,,,,,,,,,,,,,,,-1.0,5977684.92,0.0,0.002399,-0.01783,0.00735,,,,,,,,,,,,,,,,,,,,,,,,,,,,,,,,,,,,,,,,,,,1992.56,0.3606,0.1291,0.0,win,,,,0.5130407136083945,22,2026-W22,0.77,False
2026-05-28 13:08:40+00:00,2026-05-28 13:00,KXETHD-26MAY2810-T1989.99,2026-05-28T14:00:00Z,1984.26,1989.99,0.2886,0.23,real,0.11318,0.8968,0.00054443,0.00054586,0.00054461,1.0023,0.05,0.00059032,-1.0,-1.0,0.0,2.0,-1.0,-0.1109,2.0,0.0,0.5704,-1.0,5.975e-05,0.0,0.0,0.0,0.0,0.0,-0.2392,False,False,0.0,0.0,34.67,54.52,False,-1.0,bearish,0.0,0.0,0.076329,0.052225,trade,no,False,False,36.0,51.29,,0.331867,0.05,50.0,1000.0,-4.0,0.0,0.3176,-0.0875,-0.2239,-0.2364,False,,False,True,14.94,2026-05-28 13:08:40+00:00,,0.0,,0.3772,0.5,,,,,1.0,1.0,0.4969,bearish,bearish,False,False,2.055,4.362,False,False,False,,,40.1,0.0014,,13.0,0.0,1.0,76.97,0.0708,,,,,,,,,,,,,,,,,,,-1.0,6376240.22,0.0,0.00245,-0.01727,0.00793,,,,,,,,,,,,,,,,,,,,,,,,,,,,,,,,,,,,,,,,,,,1982.74,-0.0766,-0.3643,0.0,win,,,,0.5492981685259116,22,2026-W22,0.77,False
2026-05-28 14:38:54+00:00,2026-05-28 14:00,KXETHD-26MAY2811-T1989.99,2026-05-28T15:00:00Z,1984.57,1989.99,0.2732,0.22,real,0.228223,0.872,0.00127365,0.00083379,0.00077024,1.0825,0.05,0.00081192,-1.0,-1.0,0.0,1.0,0.0,-0.0585,2.0,0.0,0.6431,-1.0,6.439e-05,0.0,0.0,0.0,0.0,0.0,-0.1786,False,False,0.0,0.0,56.3,68.0,False,0.0,bearish,0.0,0.0,0.036373,0.010879,trade,no,False,False,35.0,21.05,,0.165331,0.05,50.0,1000.0,-4.0,0.0,0.3176,0.5814,-0.0794,-0.1407,False,,True,False,-50.0,2026-05-28 14:38:54+00:00,,0.0,,0.5506,0.0,,,,,0.1685,-1.0,0.5174,bearish,bearish,False,False,2.04,4.376,False,False,False,,,39.92,0.4635,-0.16,14.0,-2.0,-1.0,76.44,-0.2861,,,,,,,,,,,,,,,,,,,-0.3523,2324567.09,0.0,0.009404,-0.01742,0.00408,,,,,,,,,,,,,,,,,,,,,,,,,,,,,,,,,,,,,,,,,,,1992.16,0.3825,0.109,0.109,marginal,,,,0.49199015682575037,22,2026-W22,0.78,True
2026-05-28 15:33:05+00:00,2026-05-28 15:00,KXETHD-26MAY2812-T1989.99,2026-05-28T16:00:00Z,1984.69,1989.99,0.267,0.2,real,0.184816,0.945,0.00082948,0.00063816,0.0006117,1.0433,0.2,0.00071678,-1.0,-1.0,0.0,1.0,0.0,0.0179,2.0,0.0,0.7535,-1.0,6.239e-05,0.0,0.0,0.0,0.0,0.0,-0.1558,False,False,0.0,0.0,54.11,58.13,False,-1.0,bearish,0.0,0.0,0.040217,0.015819,trade,no,False,False,36.0,26.82,,0.201083,0.05,50.0,1000.0,-4.0,0.0,0.3176,-0.3776,0.0,0.0,False,,False,True,12.5,2026-05-28 15:33:05+00:00,,0.0,,0.5191,0.5,,,,,0.6306,-1.0,0.3916,bearish,bearish,False,False,2.034,4.382,False,False,False,,,39.5,0.2083,,15.0,-2.0,-0.7201,75.77,0.0855,,,,,,,,,,,,,,,,,,,-1.0,12632696.33,0.0,0.00271,-0.00891,0.00467,,,,,,,,,,,,,,,,,,,,,,,,,,,,,,,,,,,,,,,,,,,1989.87,0.261,-0.006,0.0,win,,,,0.4987918141625961,22,2026-W22,0.8,True
2026-05-29 02:17:57+00:00,2026-05-29 02:00,KXETHD-26MAY2823-T2009.99,2026-05-29T03:00:00Z,2006.08,2009.99,0.1951,0.2,real,0.233507,0.9707,0.00053551,0.00039995,0.00035737,1.1191,0.05,0.00045563,1.0,0.0,1.0,1.0,0.0,-0.0482,2.0,0.0,0.3379,-1.0,8.933e-05,0.0,0.0,0.0,1.0,1.0,-0.14,False,False,1.0,1.0,14.86,29.07,False,0.0,bearish,0.0,0.0,0.036751,0.012189,trade,no,False,False,36.0,41.99,,0.183755,0.05,50.0,1000.0,0.0,3.0,0.642,-0.0647,-0.0592,-0.0692,False,,False,True,12.5,2026-05-29 02:17:57+00:00,,0.0,,0.5961,0.5,,,,,0.0129,-1.0,0.2864,bearish,bearish,False,False,2.54,5.401,False,False,False,,,22.25,0.1453,,2.0,-2.0,-1.0,73.66,0.0857,,,,,,,,,,,,,,,,,,,-0.3639,1334218.3,0.0,0.016002,-0.02795,0.00445,,,,,,,,,,,,,,,,,,,,,,,,,,,,,,,,,,,,,,,,,,,2000.75,-0.2657,-0.4597,0.0,win,,,,0.5448065407712441,22,2026-W22,0.8,False
2026-05-29 07:34:05+00:00,2026-05-29 07:00,KXETHD-26MAY2904-T2009.99,2026-05-29T08:00:00Z,2007.1,2009.99,0.1439,0.33,real,0.296635,0.5959,0.00034598,0.00047219,0.00064288,0.7345,0.04,0.00056497,1.0,0.0,1.0,2.0,1.0,0.1052,2.0,0.0,0.6075,-1.0,6.576e-05,0.0,1.0,-1.0,-2.0,0.0,-0.0178,True,False,1.0,0.0,49.52,72.68,True,0.0,bearish,0.0,0.0,0.065234,0.036607,trade,no,False,False,41.0,25.86,,0.197678,0.05,50.0,1000.0,0.0,0.0,0.5174,-0.3786,-0.3905,-0.2897,False,,False,True,24.63,2026-05-29 07:34:05+00:00,,0.0,,0.5246,0.1852,,,,,0.876,-1.0,0.5401,bearish,bearish,False,False,2.488,5.45,False,False,True,,,19.17,4.3305,,7.0,-2.0,-1.0,73.56,-0.0096,,,,,,,,,,,,,,,,,,,-0.0147,638841.0,0.0,0.006503,-0.02845,0.01259,,,,,,,,,,,,,,,,,,,,,,,,,,,,,,,,,,,,,,,,,,,2006.92,-0.009,-0.1527,0.0,win,,,,0.5467931217362084,22,2026-W22,0.6699999999999999,False
2026-05-29 08:21:21+00:00,2026-05-29 08:00,KXETHD-26MAY2905-T2009.99,2026-05-29T09:00:00Z,2006.9,2009.99,0.1539,0.25,real,0.234835,0.7763,0.00054862,0.00042026,0.00036698,1.1452,0.05,0.00046888,1.0,0.0,1.0,1.0,0.0,0.0426,2.0,0.0,0.6122,-1.0,5.104e-05,-1.0,0.0,0.0,0.0,0.0,-0.0413,False,False,0.0,1.0,32.26,22.03,True,0.0,bearish,0.0,0.0,0.043059,0.01657,trade,no,False,False,42.0,38.6,,0.172234,0.05,50.0,1000.0,0.0,0.0,0.5174,0.1161,0.0139,0.0797,False,,False,True,16.67,2026-05-29 08:21:21+00:00,,0.0,,0.5213,0.5,,,,,0.1028,1.0,0.2894,bearish,bearish,False,False,2.498,5.44,False,False,True,,,19.11,0.0452,,8.0,0.0,1.0,74.14,-0.0681,,,,,,,,,,,,,,,,,,,-1.0,4123809.14,0.0,0.004768,-0.02835,0.01204,,,,,,,,,,,,,,,,,,,,,,,,,,,,,,,,,,,,,,,,,,,2008.31,0.0703,-0.0836,0.0,win,,,,0.5224182412514332,22,2026-W22,0.75,False
2026-05-29 10:34:47+00:00,2026-05-29 10:00,KXETHD-26MAY2907-T2009.99,2026-05-29T11:00:00Z,2007.77,2009.99,0.1108,0.2,real,0.116173,1.2322,0.00026183,0.000126,0.00026224,0.4805,0.01,0.00026339,0.0,-1.0,0.0,1.0,0.0,0.0213,2.0,0.0,0.7324,-1.0,5.586e-05,0.0,0.0,0.0,0.0,0.0,0.0593,False,False,0.0,0.0,50.63,55.3,False,0.0,bearish,0.0,0.0,0.104647,0.083609,trade,no,False,False,41.0,25.15,,0.523234,0.05,50.0,1000.0,0.0,0.0,0.5174,-0.0864,-0.0442,-0.0338,False,,False,True,12.5,2026-05-29 10:34:47+00:00,,0.0,,0.5151,0.5,,,,,1.0,-1.0,0.0393,bearish,bearish,False,False,2.454,5.481,False,False,True,,,17.02,0.088,,10.0,-2.0,-1.0,73.94,-0.0294,,,,,,,,,,,,,,,,,,,0.1579,623973.2,0.0,0.007186,-0.02877,0.01176,,,,,,,,,,,,,,,,,,,,,,,,,,,,,,,,,,,,,,,,,,,2010.18,0.12,0.0095,0.0,win,,,,0.5088249196629052,22,2026-W22,0.8,False
2026-05-29 11:00:40+00:00,2026-05-29 11:00,KXETHD-26MAY2908-T2009.99,2026-05-29T12:00:00Z,2007.1,2009.99,0.1442,0.34,real,0.257941,0.6992,0.00021267,0.00025892,0.00045368,0.5707,0.04,0.00039352,0.0,-1.0,0.0,1.0,0.0,0.0975,2.0,0.0,0.6854,-1.0,6.058e-05,0.0,0.0,0.0,0.0,0.0,-0.0245,False,False,0.0,0.0,34.64,48.46,False,0.0,bearish,0.0,0.0,0.109694,0.082285,trade,no,False,False,41.0,59.28,,0.322628,0.05,50.0,1000.0,0.0,0.0,0.5174,-0.0835,-0.0522,-0.091,False,,False,True,25.76,2026-05-29 11:00:40+00:00,,0.0,,0.5198,0.5,,,,,1.0,1.0,0.1034,bearish,bearish,False,False,2.488,5.449,False,False,True,,,16.19,0.0131,,11.0,0.0,0.983,73.89,0.0116,,,,,,,,,,,,,,,,,,,0.1191,593769.76,0.0,0.007005,-0.02845,0.01217,,,,,,,,,,,,,,,,,,,,,,,,,,,,,,,,,,,,,,,,,,,2007.63,0.0264,-0.1174,0.0,win,,,,0.5192410183136921,22,2026-W22,0.6599999999999999,False
2026-06-01 02:04:49+00:00,2026-06-01 02:00,KXETHD-26MAY3123-T1999.99,2026-06-01T03:00:00Z,1994.59,1999.99,0.2708,0.3,real,0.242765,0.6535,0.00054728,0.00046181,0.00069456,0.6649,0.01,0.00055734,-1.0,1.0,3.0,1.0,1.0,0.1217,2.0,0.0,0.7129,-1.0,0.0001,0.0,-1.0,1.0,2.0,2.0,-0.8869,False,False,1.0,1.0,0.0,1.01,False,-1.0,bearish,0.0,0.0,0.06111,0.033382,trade,no,False,False,39.0,55.13,,0.203699,0.05,50.0,1000.0,-4.0,10.0,0.4799,-0.6354,-0.2853,-0.1043,False,,True,False,-50.0,2026-06-01 02:04:49+00:00,,0.0,,0.4825,0.0,,,,,0.8717,-1.0,0.2234,bearish,bearish,False,True,3.131,4.857,False,False,False,,,22.15,0.0178,,2.0,-2.0,-1.0,75.32,0.4036,,,,,,,,,,,,,,,,,,,-1.0,6380250.43,0.0,0.004122,-0.02235,0.00487,,,,,,,,,,,,,,,,,,,,,,,,,,,,,,,,,,,,,,,,,,,2010.74,0.8097,0.5375,0.5375,clear_loss,,,,0.49809610810789995,23,2026-W23,0.7,True
2026-06-01 05:21:44+00:00,2026-06-01 05:00,KXETHD-26JUN0102-T1999.99,2026-06-01T06:00:00Z,1997.1,1999.99,0.1448,0.32,real,0.219459,0.5379,0.00050136,0.0003827,0.00050048,0.7647,0.02,0.00047297,-1.0,-1.0,0.0,1.0,0.0,-0.0536,2.0,0.0,0.5853,-1.0,9.767e-05,-1.0,0.0,0.0,1.0,1.0,-0.4296,False,False,1.0,0.0,31.33,32.4,False,-1.0,bearish,0.0,0.0,0.055759,0.027149,trade,no,False,False,38.0,38.2,,0.174246,0.05,50.0,1000.0,-3.0,0.0,0.3176,0.037,0.051,0.028,False,,False,True,23.53,2026-06-01 05:21:44+00:00,,0.0,,0.4067,0.5,,,,,0.1687,-1.0,0.2864,bearish,bearish,False,True,3.001,4.976,False,False,True,,,24.33,0.0058,0.05,5.0,-2.0,-0.6941,75.51,0.0456,,,,,,,,,,,,,,,,,,,-0.1465,1205236.44,0.0,0.010903,-0.00466,0.00492,,,,,,,,,,,,,,,,,,,,,,,,,,,,,,,,,,,,,,,,,,,1994.75,-0.1177,-0.262,0.0,win,,,,0.5366024923425938,23,2026-W23,0.6799999999999999,False
2026-06-01 13:01:03+00:00,2026-06-01 13:00,KXETHD-26JUN0110-T1999.99,2026-06-01T14:00:00Z,1987.2,1999.99,0.6436,0.14,real,0.031327,1.5523,0.00078966,0.00056686,0.00077372,0.7326,0.03,0.00064103,-1.0,-1.0,0.0,3.0,-1.0,-0.1478,2.0,0.0,0.5397,-1.0,8.375e-05,1.0,0.0,0.0,0.0,0.0,-0.3367,False,False,-1.0,-1.0,80.08,86.19,True,0.0,bearish,0.0,0.0,0.101755,0.08418,trade,no,False,False,38.0,58.9,,0.726821,0.05,50.0,1000.0,-2.0,-2.0,0.375,0.076,-0.0296,0.0649,False,,False,True,8.14,2026-06-01 13:01:03+00:00,,0.0,,0.3785,0.6232,,,,,0.582,-1.0,0.4943,bearish,bearish,False,False,3.514,4.503,False,False,False,,,34.1,0.0,,13.0,-1.0,-0.2259,75.46,-0.05,,,,,,,,,,,,,,,,,,,-1.0,3338634.54,0.0,0.002224,-0.01872,0.01902,,,,,,,,,,,,,,,,,,,,,,,,,,,,,,,,,,,,,,,,,,,1969.93,-0.8691,-1.503,0.0,win,,,,0.5407282222095477,23,2026-W23,0.86,False
2026-06-01 13:20:15+00:00,2026-06-01 13:00,KXETHD-26JUN0110-T1979.99,2026-06-01T14:00:00Z,1975.85,1979.99,0.2093,0.4,real,0.25659,0.3061,0.0007651,0.00084494,0.00131054,0.6447,0.02,0.00093502,-1.0,-1.0,0.0,1.0,0.0,0.0491,2.0,0.0,0.0867,-1.0,8.173e-05,1.0,0.0,0.0,0.0,0.0,-0.4726,False,False,1.0,0.0,41.08,49.97,False,-1.0,bearish,0.0,0.0,0.06142,0.030743,trade,no,False,False,38.0,39.67,,0.153549,0.05,50.0,1000.0,-5.0,2.0,0.3741,-0.5952,-0.0651,0.1883,False,,False,True,33.33,2026-06-01 13:20:15+00:00,,0.0,,0.364,0.6656,,,,,0.8,-1.0,0.3934,bearish,bearish,False,False,4.108,3.954,False,False,True,,,34.1,1.9934,,13.0,0.0,1.0,75.32,0.1473,,,,,,,,,,,,,,,,,,,0.0303,1514207.81,0.0,0.005072,-0.01308,0.01981,,,,,,,,,,,,,,,,,,,,,,,,,,,,,,,,,,,,,,,,,,,1969.93,-0.2996,-0.5081,0.0,win,,,,0.5407282222095477,23,2026-W23,0.6,False
2026-06-01 14:44:01+00:00,2026-06-01 14:00,KXETHD-26JUN0111-T1959.99,2026-06-01T15:00:00Z,1964.66,1959.99,-0.2376,0.68,real,0.754074,-0.838,0.00109217,0.00045955,0.00127562,0.3603,0.05,0.00071184,-1.0,-1.0,0.0,1.0,0.0,-0.0643,2.0,0.0,0.5231,-1.0,9.752e-05,-1.0,0.0,0.0,1.0,1.0,-0.5663,False,False,1.0,0.0,25.58,27.61,False,-1.0,bearish,0.0,0.0,0.059074,0.028842,trade,yes,False,False,37.0,15.9,,0.184606,0.05,50.0,1000.0,-6.0,4.0,0.5492,-0.0868,-0.0249,-0.0061,False,,True,True,23.53,2026-06-01 14:44:01+00:00,,0.0,,0.4401,0.0,,,,,0.1247,-1.0,0.6588,bearish,bearish,False,False,4.702,3.407,False,False,False,,,35.66,0.3976,,14.0,-2.0,-1.0,75.73,0.5019,,,,,,,,,,,,,,,,,,,-1.0,5580028.39,0.0,0.002358,-0.00746,0.00419,,,,,,,,,,,,,,,,,,,,,,,,,,,,,,,,,,,,,,,,,,,1969.56,0.2494,0.4883,0.0,win,,,,0.5394153475880892,23,2026-W23,0.68,True
2026-06-01 17:00:42+00:00,2026-06-01 17:00,KXETHD-26JUN0114-T1979.99,2026-06-01T18:00:00Z,1975.4,1979.99,0.2324,0.32,real,0.147336,0.5672,0.0006473,0.00069419,0.00064486,1.0765,0.04,0.00069961,-1.0,-1.0,0.0,3.0,-1.0,-0.1842,2.0,0.0,0.6036,-1.0,9.933e-05,0.0,0.0,0.0,0.0,0.0,0.0872,False,False,-1.0,-1.0,90.27,73.38,False,0.0,bearish,0.0,0.0,0.081446,0.053731,trade,no,False,False,38.0,59.25,,0.254519,0.05,50.0,1000.0,-1.0,-2.0,0.3134,0.5264,0.2214,0.1392,False,,True,False,-50.0,2026-06-01 17:00:42+00:00,,0.0,,0.3154,0.7508,,,,,0.8752,1.0,0.5276,bearish,bearish,False,False,4.132,3.932,False,False,False,,,38.05,0.0642,,17.0,0.0,0.9918,75.92,0.0803,,,,,,,,,,,,,,,,,,,-1.0,4879790.09,0.0,0.002774,-0.01286,0.02005,,,,,,,,,,,,,,,,,,,,,,,,,,,,,,,,,,,,,,,,,,,1990.83,0.7811,0.5475,0.5475,clear_loss,,,,0.49679288698016544,23,2026-W23,0.6799999999999999,True
2026-06-01 19:00:19+00:00,2026-06-01 19:00,KXETHD-26JUN0117-T1999.99,2026-06-01T21:00:00Z,1990.53,1999.99,0.4754,0.23,real,0.269148,0.8771,0.00052598,0.00055298,0.00058695,0.9421,0.01,0.00058864,-1.0,-1.0,0.0,3.0,0.0,-0.0677,2.0,0.0,0.4441,-1.0,9.933e-05,0.0,1.0,-1.0,-2.0,-2.0,0.8434,False,False,-1.0,-1.0,90.19,90.52,True,1.0,bearish,0.0,0.0,0.040234,0.014471,trade,no,False,False,59.0,119.62,,0.174932,0.05,50.0,1000.0,0.0,-9.0,0.4058,0.1015,-0.002,-0.0922,False,,True,False,-50.0,2026-06-01 19:00:19+00:00,,0.0,,0.6032,0.0,,,,,0.0577,1.0,0.4004,bearish,bearish,False,False,3.341,4.662,False,False,True,,,32.93,0.0,,19.0,0.0,0.9914,75.14,-0.046,,,,,,,,,,,,,,,,,,,-0.8385,2842908.36,0.0,0.005289,-0.02036,0.01983,,,,,,,,,,,,,,,,,,,,,,,,,,,,,,,,,,,,,,,,,,,2006.33,0.7938,0.317,0.317,marginal,,,,0.4642648575889245,23,2026-W23,0.77,True
2026-06-01 21:09:05+00:00,2026-06-01 21:00,KXETHD-26JUN0118-T1999.99,2026-06-01T22:00:00Z,1997.48,1999.99,0.1257,0.53,real,0.35059,0.2524,0.00053944,0.00070845,,,0.01,0.00069801,-1.0,-1.0,0.0,1.0,0.0,0.0866,2.0,0.0,0.6344,-1.0,0.0001,0.0,0.0,0.0,-1.0,-1.0,1.0948,False,False,1.0,0.0,63.88,81.35,True,0.0,bearish,0.0,0.0,0.15474,0.123329,trade,no,False,False,39.0,50.87,,0.291962,0.05,50.0,1000.0,0.0,-3.0,0.4098,-0.3527,-0.2757,-0.3751,False,,False,True,56.38,2026-06-01 21:09:05+00:00,,0.0,,0.4477,0.7019,,,,,0.8498,-1.0,0.3364,bearish,bearish,False,False,2.981,1.309,False,False,True,,,28.38,0.0765,,21.0,0.0,0.9983,74.0,-0.3338,,,,,,,,,,,,,,,,,,,-1.0,6283226.72,0.0,0.002664,-0.02377,0.00449,,,,,,,,,,,,,,,,,,,,,,,,,,,,,,,,,,,,,,,,,,,1991.2,-0.3144,-0.4395,0.0,win,,,,0.4925101583432441,23,2026-W23,0.47,True
2026-06-01 22:34:45+00:00,2026-06-01 22:00,KXETHD-26JUN0119-T1999.99,2026-06-01T23:00:00Z,1994.31,1999.99,0.2849,0.22,real,0.184593,0.8835,0.0007354,0.00079573,0.00073408,1.084,0.01,0.00076379,0.0,0.0,1.0,1.0,1.0,0.1956,2.0,0.0,0.6488,-1.0,0.0001,0.0,0.0,0.0,-1.0,-1.0,0.9007,False,False,0.0,0.0,47.44,42.12,True,0.0,bearish,0.0,0.0,0.047292,0.022291,trade,no,False,False,38.0,25.18,,0.214966,0.05,50.0,1000.0,0.0,-3.0,0.4098,0.5265,0.0882,-0.1425,False,,True,False,-50.0,2026-06-01 22:34:45+00:00,,0.0,,0.4942,0.4249,,,,,0.7339,1.0,0.4292,bearish,bearish,False,False,3.145,1.152,False,False,True,,,27.71,0.0927,,22.0,0.0,0.9944,73.9,0.7562,,,,,,,,,,,,,,,,,,,-0.1863,1884134.78,0.0,0.005137,-0.02222,0.02141,,,,,,,,,,,,,,,,,,,,,,,,,,,,,,,,,,,,,,,,,,,2005.27,0.5496,0.264,0.264,clear_loss,,,,0.464167147003944,23,2026-W23,0.78,True
2026-06-01 23:32:36+00:00,2026-06-01 23:00,KXETHD-26JUN0120-T1999.99,2026-06-02T00:00:00Z,1996.45,1999.99,0.1774,0.37,real,0.313495,0.483,0.00067944,0.00050173,0.00102164,0.4911,0.01,0.00064986,0.0,-1.0,0.0,1.0,0.0,0.057,2.0,0.0,0.5057,-1.0,0.0001,0.0,0.0,0.0,-1.0,-1.0,1.0022,False,False,0.0,0.0,58.66,64.6,False,0.0,bearish,0.0,0.0,0.070671,0.040989,trade,no,False,False,38.0,27.32,,0.191002,0.05,50.0,1000.0,0.0,-3.0,0.4098,-0.2086,-0.1598,-0.064,False,,True,False,-50.0,2026-06-01 23:32:36+00:00,,0.0,,0.4988,0.0,,,,,0.4899,-1.0,0.384,bearish,bearish,False,False,3.034,1.258,False,False,True,,,26.69,0.9075,,23.0,-1.0,-0.528,73.46,-0.0452,,,,,,,,,,,,,,,,,,,0.0099,1114063.3,0.0,0.006335,-0.02327,0.02031,,,,,,,,,,,,,,,,,,,,,,,,,,,,,,,,,,,,,,,,,,,2004.14,0.3852,0.2075,0.2075,clear_loss,,,,0.4635868426133249,23,2026-W23,0.63,True
2026-06-02 00:25:26+00:00,2026-06-02 00:00,KXETHD-26JUN0121-T1999.99,2026-06-02T01:00:00Z,1996.95,1999.99,0.1524,0.41,real,0.494391,0.4642,0.00055135,0.00042467,0.00114003,0.3725,0.03,0.00066518,0.0,0.0,1.0,1.0,1.0,0.1997,2.0,0.0,0.5634,-1.0,0.0001,0.0,0.0,0.0,0.0,0.0,,False,False,1.0,0.0,56.8,71.79,False,0.0,bearish,0.0,0.0,0.059088,0.028144,trade,no,False,False,38.0,34.47,,0.144116,0.05,50.0,1000.0,1.0,-2.0,0.5612,-0.2943,-0.2669,-0.1084,False,,False,True,34.75,2026-06-02 00:25:26+00:00,,0.0,,0.7283,0.0,,,,,0.1449,1.0,0.46,bearish,bearish,False,False,3.009,1.283,False,False,True,,,25.54,0.1424,,0.0,-2.0,-1.0,73.01,0.1364,,,,,,,,,,,,,,,,,,,-0.1882,1554776.91,0.0,0.007533,-0.02351,0.02006,,,,,,,,,,,,,,,,,,,,,,,,,,,,,,,,,,,,,,,,,,,1997.49,0.027,-0.125,0.0,win,,,,0.5226574770232999,23,2026-W23,0.5900000000000001,False
2026-06-02 01:05:37+00:00,2026-06-02 01:00,KXETHD-26JUN0122-T1999.99,2026-06-02T02:00:00Z,1992.57,1999.99,0.3723,0.2,real,0.214031,1.0059,0.00048251,0.00054998,0.00059929,0.9177,0.04,0.00059692,1.0,0.0,1.0,1.0,0.0,0.0616,2.0,0.0,0.5983,-1.0,0.0001,0.0,-1.0,1.0,2.0,2.0,-0.2897,False,False,1.0,0.0,37.65,46.7,False,0.0,bearish,0.0,0.0,0.043503,0.019262,trade,no,False,False,38.0,54.29,,0.217513,0.05,50.0,1000.0,1.0,0.0,0.6103,-0.3707,-0.287,-0.1612,False,,False,True,12.5,2026-06-02 01:05:37+00:00,,0.0,,0.6133,0.1367,,,,,0.1865,-1.0,0.4564,bearish,bearish,False,False,3.235,1.066,False,False,True,,,25.11,0.0164,,1.0,-2.0,-1.0,72.76,-0.042,,,,,,,,,,,,,,,,,,,-0.4905,3540538.87,0.0,0.005781,-0.02136,0.00409,,,,,,,,,,,,,,,,,,,,,,,,,,,,,,,,,,,,,,,,,,,1979.61,-0.6504,-1.019,0.0,win,,,,0.5421845528290828,23,2026-W23,0.8,False
2026-06-02 02:27:49+00:00,2026-06-02 02:00,KXETHD-26JUN0123-T1979.99,2026-06-02T03:00:00Z,1982.89,1979.99,-0.1464,0.43,real,0.576753,-0.2459,0.0011082,0.001293,,,0.01,0.00105101,0.0,-1.0,0.0,3.0,-1.0,-0.1135,2.0,0.0,0.634,-1.0,0.0001,0.0,1.0,-1.0,-2.0,-2.0,0.5243,False,False,0.0,0.0,50.2,21.18,True,0.0,bearish,0.0,0.0,0.131753,0.099596,trade,yes,False,False,38.0,32.13,,0.231145,0.05,50.0,1000.0,-2.0,-1.0,0.4902,0.122,0.8723,0.4094,True,,True,True,66.28,2026-06-02 02:27:49+00:00,,0.0,,0.4621,0.9461,,,,,0.6214,-1.0,0.4157,bearish,bearish,False,False,3.739,4.295,False,False,True,,,27.26,10.8279,,2.0,0.0,0.9385,74.76,0.1022,,,,,,,,,,,,,,,,,,,-1.0,6003422.53,0.0,0.000964,-0.01659,0.0046,,,,,,,,,,,,,,,,,,,,,,,,,,,,,,,,,,,,,,,,,,,1996.64,0.6934,0.8409,0.0,win,,,,0.5002781668434509,23,2026-W23,0.43,True
2026-06-02 03:23:08+00:00,2026-06-02 03:00,KXETHD-26JUN0200-T1999.99,2026-06-02T04:00:00Z,1996.29,1999.99,0.1852,0.35,real,0.286526,0.4387,0.00081307,0.00074532,0.00079146,0.9417,0.02,0.00075555,0.0,-1.0,0.0,3.0,0.0,-0.0249,2.0,0.0,0.7124,-1.0,0.0001,1.0,1.0,-1.0,-2.0,-2.0,1.0477,False,False,-1.0,-1.0,81.12,77.83,False,0.0,bearish,0.0,0.0,0.043562,0.013685,trade,no,False,False,39.0,36.82,,0.124464,0.05,50.0,1000.0,0.0,-2.0,0.4718,0.409,-0.0035,-0.0655,False,,True,False,-50.0,2026-06-02 03:23:08+00:00,,0.0,,0.4503,0.1417,,,,,0.4142,1.0,0.4357,bearish,bearish,False,False,3.043,4.938,False,False,True,,,27.69,0.2579,,3.0,0.0,0.6726,73.15,0.2421,,,,,,,,,,,,,,,,,,,-1.0,5516342.59,0.0,0.001754,-0.02319,0.0037,,,,,,,,,,,,,,,,,,,,,,,,,,,,,,,,,,,,,,,,,,,2003.58,0.3652,0.1795,0.1795,marginal,,,,0.48332130809685014,23,2026-W23,0.65,True
2026-06-02 05:04:42+00:00,2026-06-02 05:00,KXETHD-26JUN0202-T1989.99,2026-06-02T06:00:00Z,1990.0,1989.99,-0.0006,0.44,real,0.505981,-0.0014,0.00063329,0.00063422,,,0.03,0.0006569,1.0,0.0,1.0,1.0,1.0,0.1004,2.0,0.0,0.6935,-1.0,9.911e-05,0.0,0.0,0.0,-1.0,-1.0,0.6796,False,False,1.0,0.0,69.91,78.79,False,0.0,bearish,0.0,0.0,0.050981,0.018733,trade,yes,False,False,41.0,55.26,,0.091038,0.045519,45.52,1000.0,1.0,-1.0,0.4964,-0.4767,-0.2866,-0.1252,False,,False,False,-45.52,2026-06-02 05:04:42+00:00,,0.0,,0.5073,0.0,,,,,1.0,-1.0,0.2923,bearish,bearish,False,False,3.368,4.637,False,False,True,,,27.44,0.001,,5.0,-2.0,-1.0,71.99,-0.0968,,,,,,,,,,,,,,,,,,,-1.0,5281389.68,0.0,0.001594,-0.0201,0.00382,,,,,,,,,,,,,,,,,,,,,,,,,,,,,,,,,,,,,,,,,,,1984.74,-0.2643,-0.2638,0.2638,marginal,,,,0.5165056821424998,23,2026-W23,0.44,True
2026-06-02 06:04:35+00:00,2026-06-02 06:00,KXETHD-26JUN0203-T1989.99,2026-06-02T07:00:00Z,1983.01,1989.99,0.3518,0.23,real,0.263137,0.8899,0.00073651,0.00059495,0.00063885,0.9313,0.03,0.00063143,1.0,0.0,1.0,1.0,0.0,0.0939,2.0,0.0,0.6584,-1.0,9.857e-05,0.0,0.0,0.0,0.0,0.0,0.2392,False,False,1.0,1.0,2.79,21.91,False,0.0,bearish,0.0,0.0,0.044167,0.018576,trade,no,False,False,40.0,55.36,,0.192031,0.05,50.0,1000.0,0.0,2.0,0.5909,-0.2397,-0.1167,0.006,False,,False,True,14.94,2026-06-02 06:04:35+00:00,,0.0,,0.6011,0.0,,,,,0.7407,-1.0,0.3555,bearish,bearish,False,False,3.733,4.301,False,False,True,,,28.39,0.0205,,6.0,-2.0,-1.0,72.12,0.0448,,,,,,,,,,,,,,,,,,,-0.4406,2895300.79,0.0,0.007117,-0.01665,0.00426,,,,,,,,,,,,,,,,,,,,,,,,,,,,,,,,,,,,,,,,,,,1985.53,0.1271,-0.2241,0.0,win,,,,0.5361510163723686,23,2026-W23,0.77,False
2026-06-02 09:12:53+00:00,2026-06-02 09:00,KXETHD-26JUN0206-T1969.99,2026-06-02T10:00:00Z,1969.68,1969.99,0.0157,0.51,real,0.604803,0.0394,0.0007396,0.00068894,,,0.01,0.00068979,0.0,0.0,1.0,1.0,0.0,-0.0901,2.0,0.0,0.7353,-1.0,0.0001,0.0,0.0,0.0,0.0,0.0,-0.45,False,False,1.0,1.0,0.0,17.61,False,-1.0,bearish,0.0,0.0,0.079803,0.04731,trade,yes,False,False,39.0,47.02,,0.162864,0.05,50.0,1000.0,-2.0,6.0,0.5918,-0.5538,-0.1555,-0.2368,False,,True,True,48.04,2026-06-02 09:12:53+00:00,,0.0,,0.6199,1.0,,,,,0.6192,-1.0,0.2935,bearish,bearish,False,False,4.435,3.653,False,False,True,,,31.55,0.0391,,9.0,-2.0,-0.9886,73.4,-0.0185,,,,,,,,,,,,,,,,,,,-0.2766,6233.21,0.0,0.012438,-0.00999,0.004,,,,,,,,,,,,,,,,,,,,,,,,,,,,,,,,,,,,,,,,,,,1976.14,0.328,0.3122,0.0,win,,,,0.5319180996297153,23,2026-W23,0.51,True
2026-06-02 14:05:18+00:00,2026-06-02 14:00,KXETHD-26JUN0211-T1969.99,2026-06-02T15:00:00Z,1966.71,1969.99,0.1668,0.38,real,0.332157,0.3733,0.00060255,0.00069742,0.00073813,0.9449,0.02,0.00071908,0.0,0.0,1.0,1.0,0.0,-0.0771,2.0,0.0,0.5446,-1.0,0.0001,-1.0,0.0,0.0,0.0,0.0,-0.4309,False,False,1.0,1.0,4.32,21.41,False,-1.0,bearish,0.0,0.0,0.045039,0.014446,trade,no,False,False,40.0,54.61,,0.118524,0.05,50.0,1000.0,-4.0,5.0,0.4799,-0.4214,-0.1707,-0.068,False,,False,True,30.65,2026-06-02 14:05:18+00:00,,0.0,,0.4758,0.1448,,,,,0.5394,-1.0,0.219,bearish,bearish,False,False,4.592,3.508,False,False,True,,,34.76,0.1397,,14.0,-2.0,-0.9997,74.96,0.0713,,,,,,,,,,,,,,,,,,,-1.0,4694515.46,0.0,0.001307,-0.00432,0.02099,,,,,,,,,,,,,,,,,,,,,,,,,,,,,,,,,,,,,,,,,,,1939.67,-1.3749,-1.5391,0.0,win,,,,0.5375066827010958,23,2026-W23,0.62,False
2026-06-02 17:22:41+00:00,2026-06-02 17:00,KXETHD-26JUN0214-T1929.99,2026-06-02T18:00:00Z,1924.88,1929.99,0.2653,0.28,real,0.27771,0.7372,0.00074356,0.00048499,0.00074467,0.6513,0.01,0.00058868,0.0,0.0,1.0,1.0,1.0,0.1299,2.0,0.0,0.6239,-1.0,0.0001,1.0,0.0,0.0,1.0,1.0,-0.9156,False,False,0.0,0.0,40.44,37.41,False,-1.0,bearish,0.0,0.0,0.055438,0.028249,trade,no,False,False,37.0,37.26,,0.197994,0.05,50.0,1000.0,-2.0,4.0,0.6202,0.1004,0.0182,0.0166,False,,False,True,19.44,2026-06-02 17:22:41+00:00,,0.0,,0.5587,0.4267,,,,,0.4562,1.0,0.6411,bearish,bearish,False,False,2.832,,False,False,False,,,43.02,0.5331,0.12,17.0,0.0,1.0,75.9,0.0536,,,,,,,,,,,,,,,,,,,-0.2189,2549097.39,0.0,0.008653,-0.0389,0.00449,,,,,,,,,,,,,,,,,,,,,,,,,,,,,,,,,,,,,,,,,,,1922.69,-0.1138,-0.3782,0.0,win,,,,0.5224527812836164,23,2026-W23,0.72,False
2026-06-02 18:01:09+00:00,2026-06-02 18:00,KXETHD-26JUN0215-T1929.99,2026-06-02T19:00:00Z,1923.3,1929.99,0.3479,0.21,real,0.219772,0.944,0.00071609,0.00042381,0.00056161,0.7546,0.04,0.00052146,-1.0,-1.0,0.0,1.0,0.0,-0.0678,2.0,0.0,0.6987,-1.0,0.0001,1.0,0.0,0.0,1.0,1.0,-0.904,False,False,1.0,0.0,58.62,52.77,False,-1.0,bearish,0.0,0.0,0.043541,0.018828,trade,no,False,False,37.0,58.8,,0.207337,0.05,50.0,1000.0,-2.0,3.0,0.5667,-0.2801,0.0057,0.0073,False,,False,True,13.29,2026-06-02 18:01:09+00:00,,0.0,,0.5679,1.0,,,,,0.5842,-1.0,0.3121,bearish,bearish,False,False,2.917,,False,False,False,,,45.65,0.0,,18.0,-2.0,-1.0,75.99,0.2261,,,,,,,,,,,,,,,,,,,-0.67,3214694.1,0.0,0.007711,-0.03811,0.00459,,,,,,,,,,,,,,,,,,,,,,,,,,,,,,,,,,,,,,,,,,,1913.62,-0.5033,-0.8482,0.0,win,,,,0.5284459620143565,23,2026-W23,0.79,False
2026-06-03 00:32:23+00:00,2026-06-03 00:00,KXETHD-26JUN0221-T1869.99,2026-06-03T01:00:00Z,1863.08,1869.99,0.3708,0.27,real,0.112547,0.7583,0.0011033,0.0008909,0.00115062,0.7743,0.02,0.00092982,-1.0,-1.0,0.0,1.0,0.0,-0.0503,2.0,0.0,0.5536,-1.0,6.065e-05,-1.0,0.0,0.0,0.0,0.0,,False,False,1.0,0.0,30.21,34.83,False,-1.0,bearish,0.0,0.0,0.087137,0.061678,trade,no,False,False,34.0,27.56,,0.322731,0.05,50.0,1000.0,-4.0,4.0,0.5492,-0.0703,-0.371,-0.3133,False,,False,True,18.49,2026-06-03 00:32:23+00:00,,0.0,,0.3246,0.0997,,,,,0.4717,-1.0,0.6113,bearish,bearish,False,False,2.669,,False,False,False,,,58.03,2.3397,0.01,0.0,0.0,0.9197,76.36,-0.3636,,,,,,,,,,,,,,,,,,,-0.1607,1511946.36,0.0,0.004312,-0.03386,0.02035,,,,,,,,,,,,,,,,,,,,,,,,,,,,,,,,,,,,,,,,,,,1865.93,0.153,-0.2171,0.0,win,,,,0.5242310217809926,23,2026-W23,0.73,False
2026-06-03 01:04:38+00:00,2026-06-03 01:00,KXETHD-26JUN0222-T1869.99,2026-06-03T02:00:00Z,1863.92,1869.99,0.3255,0.3,real,0.157122,0.614,0.0010244,0.0007225,0.00083314,0.8672,0.04,0.00077346,-1.0,-1.0,0.0,2.0,-1.0,-0.1049,2.0,0.0,0.517,-1.0,5.813e-05,0.0,0.0,0.0,0.0,0.0,-0.1295,False,False,1.0,0.0,35.22,39.9,False,-1.0,bearish,0.0,0.0,0.070673,0.043301,trade,no,False,False,34.0,55.31,,0.235576,0.05,50.0,1000.0,-4.0,3.0,0.359,-0.3133,-0.2962,-0.2664,False,,False,True,21.43,2026-06-03 01:04:38+00:00,,0.0,,0.3474,0.0,,,,,0.4766,-1.0,0.344,bearish,bearish,False,False,2.623,,False,False,False,,,59.78,0.6327,,1.0,-2.0,-1.0,76.26,0.1097,,,,,,,,,,,,,,,,,,,-0.3217,2784551.94,0.0,0.007411,-0.0343,0.00461,,,,,,,,,,,,,,,,,,,,,,,,,,,,,,,,,,,,,,,,,,,1864.08,0.0086,-0.316,0.0,win,,,,0.5536156724224899,23,2026-W23,0.7,False
2026-06-03 09:38:06+00:00,2026-06-03 09:00,KXETHD-26JUN0306-T1869.99,2026-06-03T10:00:00Z,1872.26,1869.99,-0.1214,0.7,real,0.765725,-0.6302,0.00039401,0.0003854,0.00049559,0.7777,0.04,0.00049083,-1.0,-1.0,0.0,1.0,0.0,-0.0888,2.0,0.0,0.4241,-1.0,6.051e-05,0.0,0.0,0.0,-1.0,-1.0,0.8511,False,False,1.0,0.0,47.05,63.64,False,0.0,bearish,0.0,0.0,0.050725,0.021025,trade,yes,False,False,35.0,21.84,,0.169085,0.05,50.0,1000.0,-2.0,-1.0,0.4902,-0.1793,-0.1735,-0.1501,False,,True,True,21.43,2026-06-03 09:38:06+00:00,,0.0,,0.5377,0.5,,,,,0.657,-1.0,0.1799,bearish,bearish,False,False,2.166,,False,False,False,,,60.86,0.2887,,9.0,-2.0,-1.0,73.77,0.4729,,,,,,,,,,,,,,,,,,,-1.0,5253577.37,0.0,0.000877,-0.0386,0.00503,,,,,,,,,,,,,,,,,,,,,,,,,,,,,,,,,,,,,,,,,,,1876.73,0.2387,0.3604,0.0,win,,,,0.49774891182827674,23,2026-W23,0.7,False
2026-06-03 12:05:01+00:00,2026-06-03 12:00,KXETHD-26JUN0309-T1869.99,2026-06-03T13:00:00Z,1875.72,1869.99,-0.3054,0.74,real,0.818744,-0.8815,0.00050383,0.00045744,0.00064165,0.7129,0.01,0.00055749,-1.0,-1.0,0.0,1.0,0.0,0.0165,2.0,0.0,0.6933,-1.0,0.00016649,0.0,0.0,0.0,0.0,0.0,0.7389,False,False,1.0,0.0,23.76,38.86,False,0.0,bearish,0.0,0.0,0.063744,0.035276,trade,yes,False,False,35.0,54.91,,0.245171,0.05,50.0,1000.0,-2.0,-1.0,0.4902,-0.3216,-0.1427,-0.1751,False,,True,True,17.57,2026-06-03 12:05:01+00:00,,0.0,,0.5116,0.1542,,,,,0.726,-1.0,0.3843,bearish,bearish,False,False,1.977,,False,False,False,,,57.2,0.0931,,12.0,-2.0,-1.0,73.58,0.0121,,,,,,,,,,,,,,,,,,,-1.0,4282602.39,0.0,0.001,-0.04037,0.01934,,,,,,,,,,,,,,,,,,,,,,,,,,,,,,,,,,,,,,,,,,,1877.39,0.089,0.3957,0.0,win,,,,0.5074960790809905,23,2026-W23,0.74,True
2026-06-03 14:02:13+00:00,2026-06-03 14:00,KXETHD-26JUN0311-T1869.99,2026-06-03T15:00:00Z,1860.45,1869.99,0.5127,0.22,real,0.267092,0.9236,0.00096349,0.00102209,0.00087179,1.1724,0.05,0.00095906,-1.0,0.0,1.0,1.0,0.0,-0.0847,2.0,0.0,0.793,-1.0,0.0001756,-1.0,0.0,0.0,0.0,0.0,-0.0875,False,False,1.0,1.0,6.28,11.52,True,0.0,bearish,0.0,0.0,0.040985,0.015698,trade,no,False,False,35.0,57.71,,0.186297,0.05,50.0,1000.0,-2.0,4.0,0.6202,-0.7,-0.3406,-0.3081,False,,False,True,14.1,2026-06-03 14:02:13+00:00,,0.0,,0.6187,0.5,,,,,0.6068,1.0,0.4097,bearish,bearish,False,False,2.814,,False,False,True,,,56.26,0.0043,,14.0,-2.0,-0.6466,72.85,0.3966,,,,,,,,,,,,,,,,,,,-1.0,5672822.23,0.0,0.017968,-0.0053,0.01911,,,,,,,,,,,,,,,,,,,,,,,,,,,,,,,,,,,,,,,,,,,1859.45,-0.0538,-0.5636,0.0,win,,,,0.5390628197465457,23,2026-W23,0.78,False
2026-06-03 17:32:44+00:00,2026-06-03 17:00,KXETHD-26JUN0314-T1829.99,2026-06-03T18:00:00Z,1827.79,1829.99,0.1206,0.46,real,0.279476,0.1467,0.00101118,0.00093791,0.00230137,0.4075,0.03,0.00145873,-1.0,-1.0,0.0,2.0,-1.0,-0.1815,2.0,0.0,0.483,-1.0,0.0001723,-1.0,0.0,0.0,1.0,1.0,-1.3327,False,False,0.0,0.0,33.55,25.37,True,-1.0,bearish,0.0,0.0,0.067604,0.035915,trade,no,False,False,32.0,27.18,,0.146966,0.05,50.0,1000.0,-5.0,3.0,0.359,-0.0753,0.2147,0.3135,False,,False,True,42.59,2026-06-03 17:32:44+00:00,,0.0,,0.3308,1.0,,,,,1.0,1.0,0.7581,bearish,bearish,False,False,4.652,,False,False,True,,,58.04,0.6592,0.18,17.0,0.0,1.0,75.03,0.1563,,,,,,,,,,,,,,,,,,,-0.2374,371746.2,0.0,0.011926,-0.0152,0.00574,,,,,,,,,,,,,,,,,,,,,,,,,,,,,,,,,,,,,,,,,,,1825.19,-0.1422,-0.2623,0.0,win,,,,0.5478740016349458,23,2026-W23,0.54,False
2026-06-03 19:07:45+00:00,2026-06-03 19:00,KXETHD-26JUN0316-T1829.99,2026-06-03T20:00:00Z,1827.23,1829.99,0.1513,0.34,real,0.211849,0.4109,0.00074425,0.00047843,0.00050727,0.9432,0.02,0.00055348,-1.0,-1.0,0.0,2.0,-1.0,-0.1422,2.0,0.0,0.4219,-1.0,0.00017367,1.0,0.0,0.0,1.0,1.0,-0.8965,False,False,-1.0,0.0,60.41,49.53,False,0.0,bearish,0.0,0.0,0.042478,0.012848,trade,no,False,False,52.0,52.18,,0.124935,0.05,50.0,1000.0,-5.0,1.0,0.3711,0.4478,-0.0218,0.0082,False,,False,True,25.76,2026-06-03 19:07:45+00:00,,0.0,,0.3486,0.559,,,,,0.2655,1.0,0.4729,bearish,bearish,False,False,4.684,,False,False,False,,,59.14,0.0825,,19.0,-2.0,-1.0,75.42,-0.1328,,,,,,,,,,,,,,,,,,,-1.0,13223099.22,0.0,0.000499,-0.0149,0.00508,,,,,,,,,,,,,,,,,,,,,,,,,,,,,,,,,,,,,,,,,,,1800.37,-1.47,-1.6186,0.0,win,,,,0.5511501276681131,23,2026-W23,0.6599999999999999,False
2026-06-03 22:05:26+00:00,2026-06-03 22:00,KXETHD-26JUN0319-T1849.99,2026-06-03T23:00:00Z,1842.01,1849.99,0.4334,0.35,real,0.195371,0.3912,0.00231631,0.0018475,0.00152041,1.2151,0.04,0.00162764,-1.0,-1.0,0.0,3.0,-1.0,-0.1642,2.0,0.0,0.6796,-1.0,0.00013827,1.0,0.0,0.0,0.0,0.0,0.5106,False,False,-1.0,-1.0,90.43,93.56,True,0.0,bearish,0.0,0.0,0.051034,0.021363,trade,no,False,False,35.0,54.5,,0.145811,0.05,50.0,1000.0,-2.0,-6.0,0.3182,1.4736,-0.2322,-0.1884,False,,False,True,26.92,2026-06-03 22:05:26+00:00,,0.0,,0.3202,0.0,,,,,0.9471,1.0,0.7683,bearish,bearish,False,False,3.844,,False,False,False,,,58.18,0.018,,22.0,-2.0,-0.8353,74.81,0.5215,,,,,,,,,,,,,,,,,,,-1.0,13641722.54,0.0,0.000454,-0.00558,0.00587,,,,,,,,,,,,,,,,,,,,,,,,,,,,,,,,,,,,,,,,,,,1829.0,-0.7063,-1.1346,0.0,win,,,,0.5158735601001293,23,2026-W23,0.65,False
2026-06-04 02:33:11+00:00,2026-06-04 02:00,KXETHD-26JUN0323-T1769.99,2026-06-04T03:00:00Z,1766.25,1769.99,0.2118,0.47,real,0.414663,0.2104,0.00282974,0.00242929,0.00543998,0.4466,0.11,0.00180219,-1.0,-1.0,0.0,1.0,0.0,0.0888,2.0,0.0,0.4251,-1.0,0.00012306,-1.0,0.0,0.0,1.0,1.0,-0.6773,False,False,1.0,0.0,44.78,38.36,False,-1.0,bearish,0.0,0.0,0.070127,0.038329,trade,no,False,False,30.0,26.7,,0.149206,0.05,50.0,1000.0,-5.0,2.0,0.3741,2.087,0.0544,-0.0153,True,,False,True,44.34,2026-06-04 02:33:11+00:00,,0.0,,0.4907,0.1744,,,,,0.7437,1.0,0.7395,bearish,bearish,False,False,8.298,,False,False,False,,,57.74,3.6637,,2.0,0.0,0.68,73.44,-0.262,,,,,,,,,,,,,,,,,,,-1.0,3729873.07,0.0,0.000828,-0.00452,0.00713,,,,,,,,,,,,,,,,,,,,,,,,,,,,,,,,,,,,,,,,,,,1771.35,0.2887,0.0768,0.0,win,,,,0.534455048755396,23,2026-W23,0.53,False
2026-06-04 10:03:34+00:00,2026-06-04 10:00,KXETHD-26JUN0407-T1769.99,2026-06-04T11:00:00Z,1760.58,1769.99,0.5346,0.25,real,0.161266,0.7047,0.00145691,0.00114978,0.00105276,1.0922,0.04,0.00109521,-1.0,-1.0,0.0,2.0,-1.0,-0.1509,2.0,0.0,0.401,-1.0,0.0001026,0.0,0.0,0.0,0.0,0.0,-0.7052,False,False,-1.0,0.0,39.09,29.23,False,-1.0,bearish,0.0,0.0,0.04186,0.015322,trade,no,False,False,34.0,56.37,,0.167438,0.05,50.0,1000.0,-4.0,1.0,0.3711,1.0951,0.4413,0.1225,False,,False,True,16.67,2026-06-04 10:03:34+00:00,,0.0,,0.388,1.0,,,,,0.9853,1.0,0.6164,bearish,bearish,False,False,8.647,,False,False,True,,,54.05,0.0,,10.0,0.0,1.0,71.58,-0.1802,,,,,,,,,,,,,,,,,,,-1.0,2860304.53,0.0,0.003589,-0.03441,0.00563,,,,,,,,,,,,,,,,,,,,,,,,,,,,,,,,,,,,,,,,,,,1735.39,-1.4308,-1.9548,0.0,win,,,,0.5460554494800195,23,2026-W23,0.75,False
2026-06-04 12:20:46+00:00,2026-06-04 12:00,KXETHD-26JUN0409-T1749.99,2026-06-04T13:00:00Z,1746.73,1749.99,0.1866,0.41,real,0.233587,0.2343,0.00131496,0.00133096,0.00130948,1.0164,0.02,0.00127174,-1.0,0.0,1.0,1.0,1.0,0.2117,2.0,0.0,0.6718,-1.0,0.00018868,0.0,0.0,0.0,1.0,1.0,-1.2028,False,False,-1.0,0.0,44.87,39.24,False,0.0,bearish,0.0,0.0,0.055378,0.024357,trade,no,False,False,34.0,39.16,,0.135068,0.05,50.0,1000.0,-4.0,1.0,0.3711,0.0771,0.2346,0.21,False,,True,False,-50.0,2026-06-04 12:20:46+00:00,,0.0,,0.3111,1.0,,,,,0.3195,-1.0,0.7249,bearish,bearish,False,False,9.508,,False,False,False,,,54.6,0.5461,-0.02,12.0,0.0,1.0,72.24,-0.07,,,,,,,,,,,,,,,,,,,-1.0,5483103.3,0.0,0.001426,-0.02675,0.00638,,,,,,,,,,,,,,,,,,,,,,,,,,,,,,,,,,,,,,,,,,,1776.13,1.6831,1.4937,1.4937,clear_loss,,,,0.5168610378497438,23,2026-W23,0.5900000000000001,False
2026-06-04 12:27:55+00:00,2026-06-04 12:00,KXETHD-26JUN0409-T1769.99,2026-06-04T13:00:00Z,1763.82,1769.99,0.3501,0.32,real,0.277198,0.4605,0.00137055,0.00147602,0.00132054,1.1177,0.02,0.00134098,-1.0,-1.0,0.0,1.0,0.0,0.0595,2.0,0.0,0.7021,-1.0,0.00018771,0.0,0.0,0.0,0.0,0.0,-0.47,False,False,-1.0,0.0,73.81,48.88,False,0.0,bearish,0.0,0.0,0.042912,0.01389,trade,no,False,False,35.0,32.02,,0.134099,0.05,50.0,1000.0,-4.0,0.0,0.3176,0.9323,0.9519,0.4743,True,,True,False,-50.0,2026-06-04 12:27:55+00:00,,0.0,,0.3322,0.9873,,,,,0.3195,-1.0,0.7182,bearish,bearish,False,False,8.447,,False,False,True,,,54.02,0.7001,,12.0,0.0,0.9917,72.31,-0.07,,,,,,,,,,,,,,,,,,,-1.0,5921586.98,0.0,0.017483,-0.03618,0.00618,,,,,,,,,,,,,,,,,,,,,,,,,,,,,,,,,,,,,,,,,,,1776.13,0.6979,0.3469,0.3469,clear_loss,,,,0.5168610378497438,23,2026-W23,0.6799999999999999,False
2026-06-04 13:00:04+00:00,2026-06-04 13:00,KXETHD-26JUN0410-T1789.99,2026-06-04T14:00:00Z,1775.98,1789.99,0.7886,0.23,real,0.119386,0.8605,0.00153965,0.00153849,0.00137427,1.1195,0.05,0.00140465,0.0,0.0,1.0,2.0,1.0,0.2063,2.0,0.0,0.6005,-1.0,0.00019256,0.0,0.0,0.0,0.0,0.0,0.138,False,False,-1.0,-1.0,87.03,88.13,True,0.0,bearish,0.0,0.0,0.06727,0.042733,trade,no,False,False,36.0,59.85,,0.29248,0.05,50.0,1000.0,-2.0,-2.0,0.375,0.3153,-0.2578,-0.1928,False,,False,True,14.94,2026-06-04 13:00:04+00:00,,0.0,,0.3754,0.0243,,,,,0.1433,-1.0,0.7297,bearish,bearish,False,False,7.704,,False,False,True,,,52.09,0.0,,13.0,0.0,0.9013,72.7,-0.7325,,,,,,,,,,,,,,,,,,,-1.0,4283221.17,0.0,0.016883,-0.04278,0.01915,,,,,,,,,,,,,,,,,,,,,,,,,,,,,,,,,,,,,,,,,,,1786.33,0.5828,-0.2045,0.0,win,,,,0.489340619100549,23,2026-W23,0.77,True
2026-06-04 13:21:27+00:00,2026-06-04 13:00,KXETHD-26JUN0410-T1769.99,2026-06-04T14:00:00Z,1758.34,1769.99,0.6626,0.22,real,0.165685,1.0432,0.00143731,0.00092121,0.00137918,0.6679,0.03,0.00102092,0.0,0.0,1.0,1.0,1.0,0.21,2.0,0.0,0.471,-1.0,0.00018397,0.0,0.0,0.0,0.0,0.0,-0.6981,False,False,1.0,0.0,56.98,76.79,True,-1.0,bearish,0.0,0.0,0.075249,0.051583,trade,no,False,False,36.0,38.46,,0.342039,0.05,50.0,1000.0,-4.0,1.0,0.3711,-1.1111,-0.8181,-0.6215,True,,True,False,-50.0,2026-06-04 13:21:27+00:00,,0.0,,0.5942,0.0,,,,,0.2724,-1.0,0.3572,bearish,bearish,False,False,8.785,,False,False,True,,,52.09,0.5483,,13.0,-2.0,-1.0,71.86,0.0636,,,,,,,,,,,,,,,,,,,-1.0,12466111.12,0.0,0.000133,-0.03318,0.00617,,,,,,,,,,,,,,,,,,,,,,,,,,,,,,,,,,,,,,,,,,,1786.33,1.5918,0.9232,0.9232,clear_loss,,,,0.489340619100549,23,2026-W23,0.78,True
2026-06-04 14:04:04+00:00,2026-06-04 14:00,KXETHD-26JUN0411-T1789.99,2026-06-04T15:00:00Z,1782.93,1789.99,0.3959,0.32,real,0.210849,0.4823,0.00153284,0.00127425,0.00113029,1.1274,0.04,0.0011914,0.0,0.0,1.0,2.0,1.0,0.2473,2.0,0.0,0.4653,-1.0,0.00017357,1.0,0.0,0.0,0.0,0.0,0.878,False,False,-1.0,-1.0,93.65,89.82,False,0.0,bearish,0.0,0.0,0.050323,0.021536,trade,no,False,False,36.0,55.87,,0.15726,0.05,50.0,1000.0,-1.0,-5.0,0.3113,0.2043,0.362,-0.0314,True,,False,True,23.53,2026-06-04 14:04:04+00:00,,0.0,,0.3323,1.0,,,,,0.7288,1.0,0.764,bearish,bearish,False,False,7.285,,False,False,True,,,50.41,0.0959,,14.0,0.0,0.7732,71.7,-0.0358,,,,,,,,,,,,,,,,,,,-1.0,5674369.48,0.0,0.000758,-0.04651,0.00609,,,,,,,,,,,,,,,,,,,,,,,,,,,,,,,,,,,,,,,,,,,1775.47,-0.4184,-0.8112,0.0,win,,,,0.5247085809509492,23,2026-W23,0.6799999999999999,False
2026-06-04 14:54:13+00:00,2026-06-04 14:00,KXETHD-26JUN0411-T1769.99,2026-06-04T15:00:00Z,1767.47,1769.99,0.1425,0.31,real,0.228887,0.5322,0.00134928,0.00111694,0.00120084,0.9301,0.05,0.00111856,0.0,0.0,1.0,1.0,1.0,0.1604,2.0,0.0,0.4041,-1.0,0.00016348,1.0,0.0,0.0,0.0,0.0,0.0619,False,False,1.0,0.0,58.6,67.95,False,0.0,bearish,0.0,0.0,0.042099,0.01337,trade,no,False,False,34.0,5.72,,0.135803,0.05,50.0,1000.0,-4.0,0.0,0.3176,-0.6428,-0.079,0.2019,False,,True,False,-50.0,2026-06-04 14:54:13+00:00,,0.0,,0.4167,0.0711,,,,,0.8067,-1.0,0.4826,bearish,bearish,False,False,8.223,,False,False,True,,,50.19,1.7363,,14.0,-2.0,-0.9993,71.49,0.2665,,,,,,,,,,,,,,,,,,,-0.173,830146.36,0.0,0.01088,-0.00595,0.00572,,,,,,,,,,,,,,,,,,,,,,,,,,,,,,,,,,,,,,,,,,,1775.47,0.4526,0.3096,0.3096,clear_loss,,,,0.5247085809509492,23,2026-W23,0.69,False
2026-06-04 15:07:38+00:00,2026-06-04 15:00,KXETHD-26JUN0412-T1789.99,2026-06-04T16:00:00Z,1785.5,1789.99,0.2515,0.41,real,0.280041,0.2321,0.0014236,0.0014894,0.00152641,0.9758,0.01,0.00138555,0.0,-1.0,0.0,2.0,0.0,0.0852,2.0,0.0,0.434,-1.0,0.00016435,0.0,0.0,0.0,-1.0,-1.0,1.118,False,False,-1.0,-1.0,93.24,73.6,False,1.0,bearish,0.0,0.0,0.053077,0.02201,trade,no,False,False,36.0,52.29,,0.129456,0.05,50.0,1000.0,-1.0,-5.0,0.3113,1.0506,0.952,0.9657,True,,False,True,34.75,2026-06-04 15:07:38+00:00,,0.0,,0.318,0.0,,,,,0.2233,1.0,0.6297,bearish,bearish,False,False,7.13,,False,False,True,,,48.69,0.3404,,15.0,0.0,0.9995,71.51,0.2292,,,,,,,,,,,,,,,,,,,-1.0,5873192.25,0.0,0.001556,-0.04789,0.00731,,,,,,,,,,,,,,,,,,,,,,,,,,,,,,,,,,,,,,,,,,,1777.53,-0.4464,-0.6961,0.0,win,,,,0.49029607749691556,23,2026-W23,0.5900000000000001,True
2026-06-04 21:35:48+00:00,2026-06-04 21:00,KXETHD-26JUN0418-T1769.99,2026-06-04T22:00:00Z,1764.48,1769.99,0.3121,0.32,real,0.224334,0.7562,0.00077204,0.00078033,0.00135662,0.5752,0.01,0.00091196,0.0,0.0,1.0,1.0,1.0,0.138,2.0,0.0,0.433,-1.0,7.23e-05,0.0,0.0,0.0,0.0,0.0,0.0491,False,False,1.0,0.0,34.96,47.2,False,0.0,bearish,0.0,0.0,0.110324,0.083725,trade,no,False,False,35.0,24.11,,0.344764,0.05,50.0,1000.0,-1.0,0.0,0.4552,-0.5727,-0.1986,-0.0333,False,,False,True,23.53,2026-06-04 21:35:48+00:00,,0.0,,0.4994,0.2203,,,,,1.0,-1.0,0.3925,bearish,bearish,False,False,8.406,,False,False,True,,,41.63,0.9378,,21.0,-2.0,-1.0,71.54,0.0482,,,,,,,,,,,,,,,,,,,-1.0,4437496.03,0.0,0.000671,-0.00625,0.00553,,,,,,,,,,,,,,,,,,,,,,,,,,,,,,,,,,,,,,,,,,,1759.57,-0.2783,-0.5887,0.0,win,,,,0.5309531182881561,23,2026-W23,0.6799999999999999,False
2026-06-04 22:09:57+00:00,2026-06-04 22:00,KXETHD-26JUN0419-T1769.99,2026-06-04T23:00:00Z,1755.5,1769.99,0.8256,0.2,real,0.140593,0.9304,0.00118858,0.00150904,0.00138171,1.0922,0.02,0.0013585,0.0,1.0,2.0,1.0,1.0,0.1339,2.0,0.0,0.4734,-1.0,6.918e-05,0.0,0.0,0.0,0.0,0.0,-0.5186,False,False,1.0,1.0,15.22,20.55,False,-1.0,bearish,0.0,0.0,0.046442,0.022344,trade,no,False,False,35.0,49.99,,0.232212,0.05,50.0,1000.0,-4.0,3.0,0.359,-0.2778,-0.1504,-0.2478,False,,False,True,12.5,2026-06-04 22:09:57+00:00,,0.0,,0.4415,0.3884,,,,,0.9934,-1.0,0.7654,bearish,bearish,False,False,8.961,,False,False,True,,,40.64,0.9254,-0.15,22.0,-2.0,-0.9466,71.69,-0.0131,,,,,,,,,,,,,,,,,,,-1.0,5287925.71,0.0,0.016796,-0.00313,0.00603,,,,,,,,,,,,,,,,,,,,,,,,,,,,,,,,,,,,,,,,,,,1770.0,0.826,0.0006,0.0,win,,,,0.5320948814221964,23,2026-W23,0.8,False
2026-06-04 23:33:49+00:00,2026-06-04 23:00,KXETHD-26JUN0420-T1769.99,2026-06-05T00:00:00Z,1763.33,1769.99,0.3778,0.23,real,0.204543,0.8713,0.00110605,0.00090414,0.00099862,0.9054,0.03,0.00092047,0.0,-1.0,0.0,1.0,0.0,-0.0845,2.0,0.0,0.5518,-1.0,6.784e-05,0.0,0.0,0.0,0.0,0.0,-0.2165,False,False,0.0,0.0,38.49,41.73,False,-1.0,bearish,0.0,0.0,0.050689,0.025388,trade,no,False,False,34.0,26.13,,0.220389,0.05,50.0,1000.0,-1.0,0.0,0.4552,-0.2887,0.3891,0.1225,False,,False,True,14.94,2026-06-04 23:33:49+00:00,,0.0,,0.5183,0.5434,,,,,0.7188,-1.0,0.3205,bearish,bearish,False,False,8.477,,False,False,True,,,39.55,0.6638,0.04,23.0,0.0,1.0,72.01,-0.027,,,,,,,,,,,,,,,,,,,-0.6069,2441716.97,0.0,0.006553,-0.00649,0.00596,,,,,,,,,,,,,,,,,,,,,,,,,,,,,,,,,,,,,,,,,,,1767.19,0.2189,-0.1582,0.0,win,,,,0.5090553021318571,23,2026-W23,0.77,False
2026-06-05 02:24:27+00:00,2026-06-05 02:00,KXETHD-26JUN0423-T1749.99,2026-06-05T03:00:00Z,1739.0,1749.99,0.6318,0.2,real,0.151549,1.012,0.00114477,0.00103825,0.00125636,0.8264,0.01,0.00104482,0.0,1.0,2.0,1.0,0.0,-0.0346,2.0,0.0,0.5104,-1.0,7.879e-05,-1.0,-1.0,1.0,2.0,2.0,-0.8443,False,False,1.0,1.0,2.71,12.02,False,-1.0,bearish,0.0,0.0,0.060083,0.03666,trade,no,False,False,34.0,35.47,,0.300417,0.05,50.0,1000.0,-4.0,10.0,0.4799,-0.855,-0.4647,-0.1951,False,,False,True,12.5,2026-06-05 02:24:27+00:00,,0.0,,0.4929,0.1283,,,,,0.5696,-1.0,0.2279,bearish,bearish,False,False,9.995,,False,False,True,,,37.98,1.1023,-0.18,2.0,-2.0,-1.0,72.34,-0.2954,,,,,,,,,,,,,,,,,,,-1.0,5121359.7,0.0,0.016879,-0.02243,0.00594,,,,,,,,,,,,,,,,,,,,,,,,,,,,,,,,,,,,,,,,,,,1731.71,-0.4192,-1.0446,0.0,win,,,,0.5582388667318583,23,2026-W23,0.8,False
2026-06-05 03:07:05+00:00,2026-06-05 03:00,KXETHD-26JUN0500-T1729.99,2026-06-05T04:00:00Z,1724.05,1729.99,0.3448,0.35,real,0.322164,0.4561,0.00123026,0.00102981,0.00122865,0.8382,0.01,0.00103795,0.0,1.0,2.0,2.0,-1.0,-0.2049,2.0,0.0,0.3815,-1.0,7.6e-05,0.0,-1.0,1.0,2.0,2.0,-1.5423,False,False,1.0,1.0,0.53,7.8,False,-1.0,bearish,0.0,0.0,0.042168,0.012253,trade,no,False,False,33.0,52.85,,0.120479,0.05,50.0,1000.0,-4.0,11.0,0.4799,-0.9445,-0.5098,-0.1372,True,,False,True,26.92,2026-06-05 03:07:05+00:00,,0.0,,0.4927,0.3873,,,,,0.6417,-1.0,0.2111,bearish,bearish,False,False,10.949,,False,False,True,,,38.57,0.1747,,3.0,-2.0,-1.0,72.68,0.5568,,,,,,,,,,,,,,,,,,,-1.0,4696930.14,0.0,0.016927,-0.01395,0.00505,,,,,,,,,,,,,,,,,,,,,,,,,,,,,,,,,,,,,,,,,,,1729.12,0.2941,-0.0503,0.0,win,,,,0.558644437707925,23,2026-W23,0.65,False
2026-06-05 04:04:48+00:00,2026-06-05 04:00,KXETHD-26JUN0501-T1729.99,2026-06-05T05:00:00Z,1722.14,1729.99,0.4558,0.28,real,0.224119,0.7078,0.00104416,0.00091116,0.0010507,0.8672,0.03,0.0009404,0.0,0.0,1.0,1.0,0.0,0.0683,2.0,0.0,0.4088,-1.0,0.00015429,-1.0,0.0,0.0,1.0,1.0,-0.5589,False,False,1.0,1.0,9.9,13.23,False,-1.0,bearish,0.0,0.0,0.058601,0.031534,trade,no,False,False,38.0,55.14,,0.209289,0.05,50.0,1000.0,-4.0,10.0,0.4799,-0.7013,-0.4703,-0.2533,False,,True,False,-50.0,2026-06-05 04:04:48+00:00,,0.0,,0.4799,0.0245,,,,,0.3718,-1.0,0.316,bearish,bearish,False,False,11.072,,False,False,True,,,39.0,1.4279,,4.0,-2.0,-1.0,73.24,0.1205,,,,,,,,,,,,,,,,,,,-1.0,5128989.91,0.0,0.017156,-0.00544,0.00658,,,,,,,,,,,,,,,,,,,,,,,,,,,,,,,,,,,,,,,,,,,1746.98,1.4424,0.9821,0.9821,clear_loss,,,,0.5355951602309976,23,2026-W23,0.72,False
2026-06-05 05:36:05+00:00,2026-06-05 05:00,KXETHD-26JUN0502-T1729.99,2026-06-05T06:00:00Z,1720.6,1729.99,0.5455,0.2,real,0.130275,0.8905,0.00125371,0.00132922,0.00132352,1.0043,0.04,0.00125089,0.0,0.0,1.0,1.0,0.0,0.019,2.0,0.0,0.4954,-1.0,0.00016206,0.0,0.0,0.0,1.0,1.0,-0.7288,False,False,1.0,1.0,7.79,31.74,False,-1.0,bearish,0.0,0.0,0.040724,0.01635,trade,no,False,False,38.0,23.85,,0.203618,0.05,50.0,1000.0,-4.0,10.0,0.4799,-0.9814,-0.4816,-0.8479,False,,False,True,12.5,2026-06-05 05:36:05+00:00,,0.0,,0.4073,0.0,,,,,0.3886,1.0,0.7275,bearish,bearish,False,False,11.171,,False,False,True,,,38.18,0.7611,,5.0,-2.0,-1.0,73.82,0.4502,,,,,,,,,,,,,,,,,,,-1.0,5037054.78,0.0,0.016897,-0.00655,0.00597,,,,,,,,,,,,,,,,,,,,,,,,,,,,,,,,,,,,,,,,,,,1678.45,-2.4497,-2.9792,0.0,win,,,,0.5594483395091977,23,2026-W23,0.8,False
2026-06-05 06:18:44+00:00,2026-06-05 06:00,KXETHD-26JUN0503-T1669.99,2026-06-05T07:00:00Z,1660.03,1669.99,0.6001,0.42,real,0.380754,0.3136,0.00216575,0.00233218,0.00461701,0.5051,0.01,0.00256199,0.0,1.0,2.0,1.0,0.0,0.0171,2.0,0.0,0.3198,-1.0,0.00014172,0.0,-1.0,1.0,2.0,2.0,-3.9009,False,False,1.0,1.0,2.6,5.37,True,-1.0,bearish,0.0,0.0,0.055544,0.02433,trade,no,False,False,36.0,41.19,,0.132249,0.05,50.0,1000.0,-4.0,12.0,0.4799,-2.0913,-1.5321,-0.8525,True,,False,True,36.21,2026-06-05 06:18:44+00:00,,0.0,,0.5134,0.2026,,,,,0.3946,-1.0,0.573,bearish,bearish,False,False,15.228,,False,False,False,,,40.79,7.4708,,6.0,0.0,0.9936,74.12,0.036,,,,,,,,,,,,,,,,,,,-1.0,10298335.18,0.0,8.9e-05,-0.00604,0.00555,,,,,,,,,,,,,,,,,,,,,,,,,,,,,,,,,,,,,,,,,,,1658.06,-0.1187,-0.7144,0.0,win,,,,0.5546065531813752,23,2026-W23,0.5800000000000001,False
2026-06-05 09:03:10+00:00,2026-06-05 09:00,KXETHD-26JUN0506-T1669.99,2026-06-05T10:00:00Z,1667.4,1669.99,0.1551,0.45,real,0.466079,0.2301,0.00092933,0.00088521,0.00163702,0.5407,0.11,0.00089389,-1.0,0.0,1.0,2.0,-1.0,-0.1409,2.0,0.0,0.4912,-1.0,7.072e-05,0.0,-1.0,1.0,2.0,2.0,-3.3247,False,False,1.0,0.0,45.66,40.28,False,-1.0,bearish,0.0,0.0,0.044701,0.012828,trade,no,False,False,35.0,56.76,,0.099335,0.049667,49.67,1000.0,-4.0,4.0,0.5492,-0.7842,-0.062,0.0,False,,True,False,-49.67,2026-06-05 09:03:10+00:00,,0.0,,0.5576,0.5,,,,,0.7017,-1.0,0.4566,bearish,bearish,False,False,3.697,,False,False,False,,,45.87,0.0,,9.0,-2.0,-1.0,72.3,0.2129,,,,,,,,,,,,,,,,,,,-1.0,4379547.3,0.0,0.000934,-0.04042,0.00734,,,,,,,,,,,,,,,,,,,,,,,,,,,,,,,,,,,,,,,,,,,1682.44,0.902,0.7455,0.7455,clear_loss,,,,0.5147838360674085,23,2026-W23,0.55,False
2026-06-05 10:03:25+00:00,2026-06-05 10:00,KXETHD-26JUN0507-T1689.99,2026-06-05T11:00:00Z,1680.97,1689.99,0.5367,0.22,real,0.168311,0.8669,0.00138374,0.00074234,0.00092208,0.8051,0.03,0.00082136,-1.0,-1.0,0.0,3.0,-1.0,-0.1901,2.0,0.0,0.54,-1.0,7.449e-05,0.0,0.0,0.0,1.0,1.0,-1.9224,False,False,-1.0,-1.0,87.81,86.48,False,0.0,bearish,0.0,0.0,0.047106,0.022096,trade,no,False,False,35.0,56.52,,0.21412,0.05,50.0,1000.0,-2.0,1.0,0.4655,-0.1685,0.0095,0.0178,False,,False,True,14.1,2026-06-05 10:03:25+00:00,,0.0,,0.4626,1.0,,,,,0.7188,1.0,0.5413,bearish,bearish,False,False,2.86,,False,False,False,,,45.51,0.042,,10.0,0.0,0.9997,72.23,0.1453,,,,,,,,,,,,,,,,,,,-1.0,2889783.21,0.0,0.004593,-0.04817,0.00578,,,,,,,,,,,,,,,,,,,,,,,,,,,,,,,,,,,,,,,,,,,1676.86,-0.2445,-0.7769,0.0,win,,,,0.517295795720123,23,2026-W23,0.78,False
2026-06-05 11:46:07+00:00,2026-06-05 11:00,KXETHD-26JUN0508-T1669.99,2026-06-05T12:00:00Z,1664.4,1669.99,0.3356,0.22,real,0.091229,0.7593,0.00101913,0.00106602,0.0011674,0.9132,0.08,0.0010993,-1.0,0.0,1.0,2.0,-1.0,-0.1244,2.0,0.0,0.5121,-1.0,9.911e-05,0.0,0.0,0.0,1.0,1.0,-2.7958,False,False,1.0,1.0,19.88,35.07,False,-1.0,bearish,0.0,0.0,0.043959,0.018805,trade,no,False,False,34.0,13.82,,0.199813,0.05,50.0,1000.0,-4.0,3.0,0.359,-0.2388,-0.4735,-0.3474,False,,False,True,14.1,2026-06-05 11:46:07+00:00,,0.0,,0.283,0.0,,,,,1.0,-1.0,0.546,bearish,bearish,False,False,3.883,,False,False,False,,,46.15,2.6635,,11.0,-2.0,-1.0,72.04,-0.0097,,,,,,,,,,,,,,,,,,,-0.4744,1685418.45,0.0,0.00685,-0.03869,0.00616,,,,,,,,,,,,,,,,,,,,,,,,,,,,,,,,,,,,,,,,,,,1664.37,-0.0018,-0.3365,0.0,win,,,,0.514652710937942,23,2026-W23,0.78,False
2026-06-05 22:22:10+00:00,2026-06-05 22:00,KXETHD-26JUN0519-T1609.99,2026-06-05T23:00:00Z,1601.25,1609.99,0.5461,0.3,real,0.224603,0.7711,0.00124316,0.00118861,0.00169044,0.7031,0.01,0.00124961,-1.0,0.0,1.0,0.0,1.0,0.1454,2.0,0.0,0.4087,0.0,-2.631e-05,0.0,0.0,0.0,0.0,0.0,-0.1846,False,False,1.0,0.0,75.63,78.14,False,0.0,bearish,0.0,0.0,0.076838,0.049703,trade,no,False,False,32.0,37.74,,0.256126,0.05,50.0,1000.0,-4.0,0.0,0.3176,-1.01,0.2815,0.107,True,,False,True,21.43,2026-06-05 22:22:10+00:00,,0.0,,0.519,1.0,,,,,0.7862,-1.0,0.7198,bearish,bearish,False,False,3.942,,False,False,False,,,58.24,3.0495,0.17,22.0,-2.0,-0.9257,72.01,0.0293,,,,,,,,,,,,,,,,,,,-1.0,4548544.57,0.0,0.014901,-0.05698,0.00633,,,,,,,,,,,,,,,,,,,,,,,,,,,,,,,,,,,,,,,,,,,1598.45,-0.1749,-0.7168,0.0,win,,,,0.5287878881108882,23,2026-W23,0.7,False
2026-06-05 23:06:08+00:00,2026-06-05 23:00,KXETHD-26JUN0520-T1609.99,2026-06-06T00:00:00Z,1598.14,1609.99,0.7417,0.25,real,0.126424,0.872,0.00125581,0.00124447,0.0014939,0.833,0.03,0.00125602,-1.0,0.0,1.0,0.0,1.0,0.1692,2.0,0.0,0.2895,0.0,-1.387e-05,0.0,0.0,0.0,0.0,0.0,-0.2243,False,False,1.0,0.0,67.39,72.18,False,0.0,bearish,0.0,0.0,0.07285,0.047646,trade,no,False,False,32.0,53.79,,0.2914,0.05,50.0,1000.0,-4.0,0.0,0.3176,0.1028,-0.0713,-0.2367,False,,False,True,16.67,2026-06-05 23:06:08+00:00,,0.0,,0.393,0.2382,,,,,0.1755,-1.0,0.7367,bearish,bearish,False,False,4.144,,False,False,False,,,57.97,0.3487,,23.0,0.0,1.0,72.12,0.0164,,,,,,,,,,,,,,,,,,,-1.0,10684333.78,0.0,0.000123,-0.05515,0.0066,,,,,,,,,,,,,,,,,,,,,,,,,,,,,,,,,,,,,,,,,,,1587.56,-0.662,-1.3932,0.0,win,,,,0.5248619977353371,23,2026-W23,0.75,False
2026-06-06 00:04:24+00:00,2026-06-06 00:00,KXETHD-26JUN0521-T1609.99,2026-06-06T01:00:00Z,1595.04,1609.99,0.9373,0.27,real,0.180131,0.7868,0.00172152,0.00162191,0.00204303,0.7939,0.02,0.00159118,-1.0,-1.0,0.0,0.0,0.0,-0.0829,2.0,0.0,0.5421,0.0,-1.259e-05,-1.0,0.0,0.0,0.0,0.0,,False,False,-1.0,0.0,64.46,40.18,True,0.0,bearish,0.0,0.0,0.078355,0.05251,trade,no,False,False,32.0,55.52,,0.290203,0.05,50.0,1000.0,-4.0,0.0,0.3176,2.3355,0.9635,0.9284,True,,False,True,18.49,2026-06-06 00:04:24+00:00,,0.0,,0.3354,1.0,,,,,1.0,1.0,0.7519,bearish,bearish,False,False,4.347,,False,False,False,,,58.49,0.2923,,0.0,0.0,1.0,72.17,0.2064,,,,,,,,,,,,,,,,,,,-1.0,10678913.28,0.0,0.000157,-0.0251,0.00728,,,,,,,,,,,,,,,,,,,,,,,,,,,,,,,,,,,,,,,,,,,1595.26,0.0138,-0.9149,0.0,win,,,,0.5249806614509607,23,2026-W23,0.73,False
2026-06-06 01:15:56+00:00,2026-06-06 01:00,KXETHD-26JUN0522-T1589.99,2026-06-06T02:00:00Z,1586.53,1589.99,0.2183,0.4,real,0.329615,0.345,0.00092463,0.00090461,0.00129769,0.6971,0.03,0.0010359,-1.0,0.0,1.0,0.0,0.0,0.0873,2.0,0.0,0.5086,0.0,-3.298e-05,0.0,-1.0,1.0,2.0,2.0,-0.4792,False,False,1.0,0.0,51.78,51.17,False,-1.0,bearish,0.0,0.0,0.042129,0.011043,trade,no,False,False,31.0,44.0,,0.105324,0.05,50.0,1000.0,-4.0,0.0,0.3176,-0.5479,-0.5821,-0.5086,False,,False,True,33.33,2026-06-06 01:15:56+00:00,,0.0,,0.4618,0.0282,,,,,0.7862,-1.0,0.3822,bearish,bearish,False,False,4.907,,False,False,False,,,58.59,0.1596,,1.0,-2.0,-1.0,71.99,0.1986,,,,,,,,,,,,,,,,,,,-1.0,4091820.73,0.0,0.015059,-0.01987,0.00643,,,,,,,,,,,,,,,,,,,,,,,,,,,,,,,,,,,,,,,,,,,1585.82,-0.0448,-0.2623,0.0,win,,,,0.5538751317574363,23,2026-W23,0.6,False
2026-06-06 03:18:13+00:00,2026-06-06 03:00,KXETHD-26JUN0600-T1569.99,2026-06-06T04:00:00Z,1570.02,1569.99,-0.0019,0.5,real,0.654305,-0.0034,0.00102519,0.00081291,,,0.02,0.00086315,-1.0,1.0,2.0,0.0,0.0,-0.0326,2.0,0.0,0.3686,0.0,-2.426e-05,0.0,-1.0,1.0,2.0,2.0,-1.0131,False,False,1.0,1.0,0.0,14.3,False,-1.0,bearish,0.0,0.0,0.154305,0.121805,trade,yes,False,False,30.0,41.7,,0.30861,0.05,50.0,1000.0,-4.0,4.0,0.5492,-0.9277,-0.2113,-0.1433,False,,False,False,-50.0,2026-06-06 03:18:13+00:00,,0.0,,0.653,0.316,,,,,0.8664,-1.0,0.3154,bearish,bearish,False,False,6.009,,False,False,False,,,59.34,0.272,,3.0,-2.0,-0.8926,71.95,0.0824,,,,,,,,,,,,,,,,,,,-1.0,3897159.61,0.0,0.000915,-0.00957,0.0066,,,,,,,,,,,,,,,,,,,,,,,,,,,,,,,,,,,,,,,,,,,1564.33,-0.3624,-0.3605,0.3605,clear_loss,,,,0.5624383847694654,23,2026-W23,0.5,True
2026-06-06 06:42:19+00:00,2026-06-06 06:00,KXETHD-26JUN0603-T1569.99,2026-06-06T07:00:00Z,1570.13,1569.99,-0.009,0.52,real,0.629393,-0.0206,0.00120428,0.00110449,0.00042779,2.5819,0.04,0.00104163,-1.0,0.0,1.0,1.0,0.0,-0.0934,2.0,0.0,0.521,1.0,-5.06e-05,1.0,0.0,0.0,-1.0,-1.0,1.7557,False,False,-1.0,-1.0,88.54,87.98,False,0.0,bearish,0.0,0.0,0.124393,0.091921,trade,yes,False,False,35.0,17.58,,0.259152,0.05,50.0,1000.0,-2.0,-4.0,0.4523,0.0579,-0.1417,-0.3058,False,,False,False,-50.0,2026-06-06 06:42:19+00:00,,0.0,,0.6216,0.5,,,,,0.2894,-1.0,0.99,bearish,bearish,False,False,6.002,,False,False,True,,,61.46,0.1951,,6.0,-1.0,0.0462,70.01,0.0071,,,,,,,,,,,,,,,,,,,-1.0,4280342.91,0.0,0.001806,-0.04467,0.00618,,,,,,,,,,,,,,,,,,,,,,,,,,,,,,,,,,,,,,,,,,,1557.75,-0.7885,-0.7796,0.7796,clear_loss,,,,0.5758561795305815,23,2026-W23,0.52,True
2026-06-06 14:12:44+00:00,2026-06-06 14:00,KXETHD-26JUN0611-T1569.99,2026-06-06T15:00:00Z,1561.22,1569.99,0.5617,0.22,real,0.142418,0.8424,0.00102188,0.00105635,0.00105569,1.0006,0.03,0.00105181,0.0,-1.0,0.0,1.0,0.0,0.0116,2.0,0.0,0.2306,-1.0,9.599e-05,0.0,0.0,0.0,0.0,0.0,0.755,False,False,0.0,0.0,67.13,62.93,False,-1.0,bearish,0.0,0.0,0.04769,0.022706,trade,no,False,False,34.0,47.2,,0.21677,0.05,50.0,1000.0,-4.0,-1.0,0.3854,0.1115,0.2967,-0.0557,False,,False,True,14.1,2026-06-06 14:12:44+00:00,,0.0,,0.4102,0.5976,,,,,0.8251,-1.0,0.5397,bearish,bearish,False,False,6.607,,False,False,True,,,59.05,0.1828,0.02,14.0,0.0,0.9799,69.78,0.0089,,,,,,,,,,,,,,,,,,,-1.0,2963820.25,0.0,0.003716,-0.03921,0.00637,,,,,,,,,,,,,,,,,,,,,,,,,,,,,,,,,,,,,,,,,,,1560.04,-0.0756,-0.6338,0.0,win,,,,0.5354054817451832,23,2026-W23,0.78,False
2026-06-06 19:08:35+00:00,2026-06-06 19:00,KXETHD-26JUN0617-T1569.99,2026-06-06T21:00:00Z,1561.67,1569.99,0.5327,0.28,real,0.215514,0.6466,0.00100305,0.0009062,0.00086376,1.0491,0.04,0.0009269,0.0,0.0,1.0,1.0,0.0,-0.0413,2.0,0.0,0.5861,-1.0,7.693e-05,0.0,-1.0,1.0,2.0,0.0,0.001,False,True,-1.0,0.0,74.15,59.86,False,0.0,bearish,0.0,0.0,0.045086,0.017505,trade,no,False,False,54.0,111.36,,0.161022,0.05,50.0,1000.0,-3.0,0.0,0.3176,0.1071,0.2601,0.2749,False,,False,True,19.44,2026-06-06 19:08:35+00:00,,0.0,,0.444,0.0355,,,,,0.1517,1.0,0.4903,bearish,bearish,False,False,6.576,,False,False,True,,,58.19,0.0246,0.14,19.0,-1.0,0.1478,70.31,0.0044,,,,,,,,,,,,,,,,,,,-1.0,11340345.14,0.0,7.2e-05,-0.03949,0.00608,,,,,,,,,,,,,,,,,,,,,,,,,,,,,,,,,,,,,,,,,,,1558.65,-0.1934,-0.7223,0.0,win,,,,0.5553234637469887,23,2026-W23,0.72,False
2026-06-07 04:32:58+00:00,2026-06-07 04:00,KXETHD-26JUN0701-T1589.99,2026-06-07T05:00:00Z,1586.77,1589.99,0.2028,0.3,real,0.305244,0.7217,0.00063702,0.00059741,0.0007442,0.8027,0.03,0.00071144,0.0,0.0,1.0,0.0,1.0,0.1998,2.0,1.0,0.8056,0.0,-1.565e-05,0.0,0.0,0.0,0.0,0.0,0.1349,False,False,1.0,0.0,30.39,53.84,False,0.0,bearish,0.0,0.0,0.051512,0.02344,trade,no,False,False,41.0,26.96,,0.171708,0.05,50.0,1000.0,0.0,0.0,0.5174,-0.2844,0.0586,0.1002,False,,True,False,-50.0,2026-06-07 04:32:58+00:00,,0.0,,0.5841,0.5,,,,,0.3882,-1.0,0.5076,bearish,bullish,True,False,4.89,,False,False,True,,,42.97,0.7965,0.0,4.0,-2.0,-1.0,69.58,-0.0132,,,,,,,,,,,,,,,,,,,-1.0,3317249.17,0.0,0.000975,-0.05468,0.02031,,,,,,,,,,,,,,,,,,,,,,,,,,,,,,,,,,,,,,,,,,,1597.26,0.6611,0.4572,0.4572,clear_loss,,,,0.4321440293713711,23,2026-W23,0.7,True
2026-06-07 06:20:34+00:00,2026-06-07 06:00,KXETHD-26JUN0703-T1609.99,2026-06-07T07:00:00Z,1603.94,1609.99,0.3773,0.25,real,0.184222,0.9391,0.00093017,0.00078066,0.00088984,0.8773,0.01,0.0008409,0.0,-1.0,0.0,2.0,0.0,-0.0708,2.0,0.0,0.3427,0.0,-1.605e-05,0.0,1.0,-1.0,-2.0,-2.0,0.8953,False,False,-1.0,-1.0,82.08,77.48,True,1.0,bearish,0.0,0.0,0.073391,0.048212,trade,no,False,False,41.0,39.36,,0.293564,0.05,50.0,1000.0,1.0,-7.0,0.4343,0.0349,0.2912,0.2912,False,,True,False,-50.0,2026-06-07 06:20:34+00:00,,0.0,,0.5214,1.0,,,,,0.7984,-1.0,0.3545,bearish,bullish,True,False,3.768,,False,False,False,,,36.95,0.1841,,6.0,-2.0,-0.9554,70.24,0.0417,,,,,,,,,,,,,,,,,,,-0.4996,1389137.56,0.0,0.003062,-0.0648,0.01874,,,,,,,,,,,,,,,,,,,,,,,,,,,,,,,,,,,,,,,,,,,1608.78,0.3018,-0.0752,0.0752,near_miss,,,,0.44084988245050816,23,2026-W23,0.75,True
2026-06-07 11:08:23+00:00,2026-06-07 11:00,KXETHD-26JUN0708-T1629.99,2026-06-07T12:00:00Z,1623.63,1629.99,0.3916,0.22,real,0.188012,0.9414,0.00055758,0.00059413,0.00070507,0.8427,0.02,0.00068846,0.0,0.0,1.0,0.0,1.0,0.2615,2.0,0.0,0.6382,0.0,5.94e-06,0.0,0.0,0.0,-1.0,-1.0,0.9127,False,False,1.0,0.0,32.63,41.17,False,0.0,bearish,0.0,0.0,0.042843,0.017639,trade,no,False,False,42.0,51.54,,0.194742,0.05,50.0,1000.0,1.0,-1.0,0.4964,-0.5856,-0.214,-0.214,False,,False,True,14.1,2026-06-07 11:08:23+00:00,,0.0,,0.5302,0.0,,,,,0.8306,-1.0,0.2475,bearish,bullish,False,False,2.509,,False,False,False,,,34.28,0.0327,,11.0,-2.0,-0.9896,69.65,-0.146,,,,,,,,,,,,,,,,,,,-0.6485,961973.1,0.0,0.003863,-0.07614,0.00808,,,,,,,,,,,,,,,,,,,,,,,,,,,,,,,,,,,,,,,,,,,1629.54,0.364,-0.0276,0.0,win,,,,0.4680115221203273,23,2026-W23,0.78,True
2026-06-07 12:08:04+00:00,2026-06-07 12:00,KXETHD-26JUN0709-T1629.99,2026-06-07T13:00:00Z,1626.23,1629.99,0.2314,0.37,real,0.282896,0.5469,0.00038174,0.00042011,0.00096733,0.4343,0.01,0.00063794,1.0,0.0,1.0,1.0,1.0,0.2024,2.0,0.0,0.5529,0.0,5.36e-06,0.0,1.0,-1.0,-2.0,-2.0,1.2935,False,False,0.0,0.0,25.86,39.35,False,0.0,bearish,0.0,0.0,0.079665,0.050242,trade,no,False,False,42.0,51.86,,0.21531,0.05,50.0,1000.0,0.0,-1.0,0.483,-0.1434,-0.0693,-0.0693,False,,False,True,29.37,2026-06-07 12:08:04+00:00,,0.0,,0.4891,0.5278,,,,,0.5967,-1.0,0.397,bearish,bullish,False,False,2.346,,False,False,False,,,33.65,0.0437,,12.0,-2.0,-1.0,70.11,0.0273,,,,,,,,,,,,,,,,,,,-0.0005,1150695.85,0.0,0.004648,-0.07762,0.00793,,,,,,,,,,,,,,,,,,,,,,,,,,,,,,,,,,,,,,,,,,,1617.95,-0.5092,-0.7387,0.0,win,,,,0.5070993036618523,23,2026-W23,0.63,False
2026-06-07 12:33:47+00:00,2026-06-07 12:00,KXETHD-26JUN0709-T1609.99,2026-06-07T13:00:00Z,1610.22,1609.99,-0.0145,0.5,real,0.546226,-0.0279,0.00120995,0.00121192,,,0.01,0.00110675,1.0,0.0,1.0,1.0,-1.0,-0.1043,2.0,0.0,0.5898,0.0,6.35e-06,0.0,0.0,0.0,0.0,0.0,0.072,False,False,1.0,1.0,0.0,2.29,False,0.0,bearish,0.0,0.0,0.046226,0.013726,trade,yes,False,False,42.0,26.14,,0.092451,0.046226,46.23,1000.0,0.0,6.0,0.6447,-1.2495,-0.0664,-0.1971,True,,True,True,46.23,2026-06-07 12:33:47+00:00,,0.0,,0.5352,0.4216,,,,,0.6434,-1.0,0.4465,bearish,bullish,False,False,3.363,,False,False,False,,,32.66,0.8198,,12.0,-2.0,-1.0,69.7,0.2228,,,,,,,,,,,,,,,,,,,-0.0633,0.0,0.0,0.004695,-0.06845,0.00787,,,,,,,,,,,,,,,,,,,,,,,,,,,,,,,,,,,,,,,,,,,1617.95,0.4801,0.4944,0.0,win,,,,0.5070993036618523,23,2026-W23,0.5,True
2026-06-09 02:39:54+00:00,2026-06-09 02:00,KXETHD-26JUN0823-T1659.99,2026-06-09T03:00:00Z,1655.72,1659.99,0.258,0.3,real,0.135654,0.5923,0.00070242,0.00095031,0.001098,0.8655,0.02,0.00097207,1.0,1.0,2.0,1.0,-1.0,-0.1192,2.0,0.0,0.7534,0.0,-4.132e-05,0.0,-1.0,1.0,2.0,2.0,-0.9122,False,False,1.0,1.0,2.57,10.32,False,-1.0,neutral,0.0,0.0,0.056108,0.028199,trade,no,False,False,41.0,20.02,,0.187025,0.05,50.0,1000.0,0.0,10.0,0.6447,-0.7886,-0.4847,-0.3824,False,,True,False,-50.0,2026-06-09 02:39:54+00:00,,0.0,,0.3058,0.0,,0.0,0.0,0.0,0.3168,-1.0,0.3095,bearish,bullish,False,False,4.428,,False,False,True,,,27.41,0.0928,,2.0,-2.0,-0.9569,68.61,-0.0857,,,,,,,,,,,,,,,,,,,-0.2813,1488443.8,0.0,0.006619,-0.00714,0.00754,,,,,,,,,,,,,,,,,,,,,,,,,,,,,,,,,,,,,,,,,,,1668.78,0.7888,0.5295,0.5295,clear_loss,,,,0.5482951351885261,24,2026-W24,0.7,False
2026-06-09 04:28:59+00:00,2026-06-09 04:00,KXETHD-26JUN0901-T1669.99,2026-06-09T05:00:00Z,1665.53,1669.99,0.2677,0.22,real,0.078625,0.8739,0.00061005,0.00058805,0.00062236,0.9449,0.03,0.00065466,1.0,-1.0,0.0,1.0,0.0,-0.0996,2.0,0.0,0.6269,0.0,-2.765e-05,0.0,0.0,0.0,1.0,1.0,-0.2713,False,False,0.0,-1.0,64.91,70.61,True,-1.0,neutral,0.0,0.0,0.05694,0.032387,trade,no,False,False,39.0,30.95,,0.258818,0.05,50.0,1000.0,0.0,2.0,0.5909,-0.0096,-0.0767,-0.1443,False,,True,False,-50.0,2026-06-09 04:28:59+00:00,,0.0,,0.2944,1.0,,0.0,0.0,0.0,0.5257,1.0,0.659,bearish,bullish,False,False,3.813,,False,False,True,,,25.19,0.0387,-0.14,4.0,-2.0,-0.6783,68.66,-0.0075,,,,,,,,,,,,,,,,,,,-0.0041,1746311.18,0.0,0.00441,-0.00732,0.00811,,,,,,,,,,,,,,,,,,,,,,,,,,,,,,,,,,,,,,,,,,,1688.88,1.402,1.1311,1.1311,clear_loss,,,,0.4583937588273015,24,2026-W24,0.78,True
2026-06-09 08:05:48+00:00,2026-06-09 08:00,KXETHD-26JUN0905-T1669.99,2026-06-09T09:00:00Z,1673.82,1669.99,-0.229,0.72,real,0.793885,-0.5568,0.00074053,0.00069464,0.0005346,1.2994,0.12,0.00073634,-1.0,0.0,1.0,0.0,0.0,-0.0614,2.0,0.0,0.431,0.0,-1.28e-05,-1.0,0.0,0.0,0.0,0.0,-0.1238,False,False,1.0,1.0,3.26,32.53,False,-1.0,neutral,0.0,0.0,0.073885,0.044773,trade,yes,False,False,40.0,54.12,,0.263874,0.05,50.0,1000.0,0.0,2.0,0.5909,-0.2709,-0.287,-0.316,False,,True,True,19.44,2026-06-09 08:05:48+00:00,,0.0,,0.6038,0.0604,,0.0,0.0,0.0,0.5791,-1.0,0.3099,bearish,bullish,False,False,3.299,,False,False,True,,,25.47,0.2812,,8.0,-2.0,-1.0,67.32,0.0111,,,,,,,,,,,,,,,,,,,-1.0,4269791.81,0.0,0.000618,-0.00758,0.00711,,,,,,,,,,,,,,,,,,,,,,,,,,,,,,,,,,,,,,,,,,,1674.56,0.0442,0.2737,0.0,win,,,,0.5320995784263878,24,2026-W24,0.72,True
2026-06-09 09:11:00+00:00,2026-06-09 09:00,KXETHD-26JUN0906-T1669.99,2026-06-09T10:00:00Z,1674.15,1669.99,-0.2483,0.75,real,0.797044,-0.7825,0.00059031,0.00052834,0.00052707,1.0024,0.03,0.00059778,-1.0,-1.0,0.0,1.0,-1.0,-0.1238,2.0,0.0,0.2908,0.0,1.961e-05,0.0,0.0,0.0,0.0,0.0,0.0142,False,False,0.0,0.0,29.17,29.65,False,-1.0,neutral,0.0,0.0,0.047044,0.018919,trade,yes,False,False,40.0,48.92,,0.188176,0.05,50.0,1000.0,0.0,0.0,0.5174,-0.1185,0.1403,0.0,False,,False,False,-50.0,2026-06-09 09:11:00+00:00,,0.0,,0.5194,1.0,,0.0,0.0,0.0,0.8495,-1.0,0.6837,bearish,bullish,False,False,3.279,,False,False,True,,,24.3,0.0047,,9.0,0.0,0.9671,67.93,0.2009,,,,,,,,,,,,,,,,,,,-1.0,4577150.85,0.0,0.001448,-0.00767,0.0069,,,,,,,,,,,,,,,,,,,,,,,,,,,,,,,,,,,,,,,,,,,1669.28,-0.2909,-0.0425,0.0425,near_miss,,,,0.530404334277557,24,2026-W24,0.75,True
2026-06-09 10:27:28+00:00,2026-06-09 10:00,KXETHD-26JUN0907-T1669.99,2026-06-09T11:00:00Z,1672.66,1669.99,-0.1596,0.73,real,0.800864,-0.6217,0.00067141,0.00044667,0.00045749,0.9763,0.04,0.00053683,-1.0,1.0,2.0,0.0,1.0,0.1129,2.0,0.0,0.5964,0.0,1.418e-05,0.0,0.0,0.0,0.0,0.0,-0.3372,False,False,1.0,1.0,18.21,15.43,True,-1.0,neutral,0.0,0.0,0.070864,0.042067,trade,yes,False,False,39.0,32.47,,0.262458,0.05,50.0,1000.0,0.0,2.0,0.5909,0.0791,-0.0712,0.0,False,,True,True,18.49,2026-06-09 10:27:28+00:00,,0.0,,0.5882,0.5,,0.0,0.0,0.0,0.1923,1.0,0.3815,bearish,bullish,False,False,3.371,,False,False,True,,,22.91,0.2435,,10.0,-2.0,-0.9002,68.33,0.1061,,,,,,,,,,,,,,,,,,,0.202,0.0,779480.07,0.004256,-0.10322,0.00732,,,,,,,,,,,,,,,,,,,,,,,,,,,,,,,,,,,,,,,,,,,1674.93,0.1357,0.2958,0.0,win,,,,0.5320995784263878,24,2026-W24,0.73,True
2026-06-09 12:43:56+00:00,2026-06-09 12:00,KXETHD-26JUN0909-T1669.99,2026-06-09T13:00:00Z,1673.22,1669.99,-0.1928,0.75,real,0.791166,-0.7945,0.00091889,0.00066902,0.00071559,0.9349,0.03,0.00072311,-1.0,-1.0,0.0,0.0,0.0,-0.0938,2.0,1.0,0.8969,0.0,2.219e-05,0.0,0.0,0.0,0.0,0.0,-0.0588,False,False,0.0,0.0,58.43,75.82,False,0.0,neutral,0.0,0.0,0.041166,0.013041,trade,yes,False,False,40.0,15.99,,0.164664,0.05,50.0,1000.0,0.0,0.0,0.5174,-0.1061,-0.1448,-0.0483,False,,True,True,16.67,2026-06-09 12:43:56+00:00,,0.0,,0.5064,0.2944,,0.0,0.0,0.0,0.7468,-1.0,0.6518,bearish,bullish,False,False,3.336,,False,False,True,,,20.97,2.5474,,12.0,-2.0,-0.8732,67.94,-0.0023,,,,,,,,,,,,,,,,,,,-1.0,4527380.62,0.0,0.001249,-0.04376,0.00811,,,,,,,,,,,,,,,,,,,,,,,,,,,,,,,,,,,,,,,,,,,1676.85,0.2169,0.4108,0.0,win,,,,0.4890867246419837,24,2026-W24,0.75,False
2026-06-10 02:10:50+00:00,2026-06-10 02:00,KXETHD-26JUN0923-T1629.99,2026-06-10T03:00:00Z,1635.47,1629.99,-0.335,0.75,real,0.800162,-0.7937,0.00089648,0.0007805,0.00071001,1.0993,0.04,0.00079391,-1.0,-1.0,0.0,0.0,0.0,-0.0569,2.0,0.0,0.5192,0.0,3.143e-05,0.0,0.0,0.0,0.0,0.0,-0.0999,False,False,1.0,0.0,44.84,36.4,False,-1.0,bearish,0.0,0.0,0.050162,0.022037,trade,yes,False,False,38.0,49.1,,0.20065,0.05,50.0,1000.0,0.0,0.0,0.5174,0.0434,-0.1165,-0.0421,False,,False,False,-50.0,2026-06-10 02:10:50+00:00,,0.0,,0.5194,0.5,,0.0,0.0,0.0,0.4011,1.0,0.662,bearish,bearish,False,False,5.721,,False,False,False,,,21.34,0.4945,,2.0,-2.0,-1.0,68.77,0.0924,,,,,,,,,,,,,,,,,,,-1.0,4261647.67,0.0,0.00101,-0.02169,0.00791,,,,,,,,,,,,,,,,,,,,,,,,,,,,,,,,,,,,,,,,,,,1624.96,-0.6426,-0.3086,0.3086,clear_loss,,,,0.5539938705214393,24,2026-W24,0.75,True
2026-06-10 03:02:57+00:00,2026-06-10 03:00,KXETHD-26JUN1000-T1629.99,2026-06-10T04:00:00Z,1625.2,1629.99,0.2949,0.27,real,0.264139,0.838,0.00079376,0.00041888,0.00063654,0.6581,0.01,0.00055412,-1.0,0.0,1.0,0.0,0.0,-0.0014,2.0,0.0,0.6035,0.0,3.968e-05,0.0,0.0,0.0,1.0,1.0,-0.6658,False,False,1.0,1.0,6.88,6.83,True,-1.0,bearish,0.0,0.0,0.057144,0.030416,trade,no,False,False,37.0,56.98,,0.211644,0.05,50.0,1000.0,-2.0,8.0,0.5918,-0.3196,0.0369,0.0,False,,False,True,18.49,2026-06-10 03:02:57+00:00,,0.0,,0.5821,1.0,,0.0,0.0,0.0,0.0469,1.0,0.5375,bearish,bearish,False,False,6.39,,False,False,False,,,22.56,0.0045,,3.0,-2.0,-1.0,69.5,0.0046,,,,,,,,,,,,,,,,,,,-0.3866,2023528.46,0.0,0.006054,-0.0155,0.00734,,,,,,,,,,,,,,,,,,,,,,,,,,,,,,,,,,,,,,,,,,,1630.0,0.2953,0.0006,0.0,win,,,,0.5321557900648036,24,2026-W24,0.73,False
2026-06-10 04:05:00+00:00,2026-06-10 04:00,KXETHD-26JUN1001-T1629.99,2026-06-10T05:00:00Z,1627.05,1629.99,0.1806,0.36,real,0.314607,0.5317,0.00056886,0.00038739,0.00067925,0.5703,0.01,0.00054512,-1.0,0.0,1.0,2.0,-1.0,-0.1041,2.0,0.0,0.4158,-1.0,0.00016045,0.0,0.0,0.0,1.0,1.0,-0.4374,False,False,1.0,1.0,18.0,23.6,False,-1.0,bearish,0.0,0.0,0.074147,0.044857,trade,no,False,False,37.0,54.93,,0.205963,0.05,50.0,1000.0,-2.0,2.0,0.5,-0.2623,-0.1785,-0.1485,False,,False,True,28.12,2026-06-10 04:05:00+00:00,,0.0,,0.5195,0.0,,0.0,0.0,0.0,0.3235,1.0,0.2381,bearish,bearish,False,False,6.268,,False,False,False,,,23.14,0.0024,,4.0,-2.0,-1.0,69.79,-0.001,,,,,,,,,,,,,,,,,,,-0.1706,851235.09,0.0,0.005769,-0.01663,0.00696,,,,,,,,,,,,,,,,,,,,,,,,,,,,,,,,,,,,,,,,,,,1625.82,-0.0756,-0.2558,0.0,win,,,,0.5382129077300949,24,2026-W24,0.64,False
2026-06-10 05:03:04+00:00,2026-06-10 05:00,KXETHD-26JUN1002-T1629.99,2026-06-10T06:00:00Z,1624.32,1629.99,0.3493,0.24,real,0.27969,0.8859,0.00064459,0.00052019,0.00065493,0.7943,0.02,0.00062158,-1.0,0.0,1.0,1.0,0.0,-0.0339,2.0,0.0,0.0182,-1.0,0.00016137,0.0,0.0,0.0,1.0,1.0,-0.5771,False,False,1.0,1.0,10.91,9.12,True,-1.0,bearish,0.0,0.0,0.050456,0.024703,trade,no,False,False,37.0,56.82,,0.210233,0.05,50.0,1000.0,-2.0,4.0,0.6202,-0.2633,-0.0135,-0.0695,False,,False,True,15.79,2026-06-10 05:03:04+00:00,,0.0,,0.6187,1.0,,0.0,0.0,0.0,1.0,1.0,0.6012,bearish,bearish,False,False,6.447,,False,False,False,,,23.9,0.0,,5.0,-2.0,-1.0,69.74,0.0367,,,,,,,,,,,,,,,,,,,-0.6638,1646986.01,0.0,0.00679,-0.01497,0.00749,,,,,,,,,,,,,,,,,,,,,,,,,,,,,,,,,,,,,,,,,,,1627.49,0.1952,-0.1534,0.0,win,,,,0.5293685090401737,24,2026-W24,0.76,False
2026-06-10 06:10:56+00:00,2026-06-10 06:00,KXETHD-26JUN1003-T1629.99,2026-06-10T07:00:00Z,1626.9,1629.99,0.1897,0.34,real,0.259389,0.4787,0.00067454,0.0005921,0.00065655,0.9018,0.03,0.0006734,-1.0,-1.0,0.0,1.0,0.0,0.0837,2.0,0.0,0.3077,-1.0,0.00016718,0.0,0.0,0.0,0.0,0.0,-0.3017,False,False,-1.0,0.0,62.43,55.8,False,0.0,bearish,0.0,0.0,0.050682,0.021289,trade,no,False,False,37.0,48.98,,0.149064,0.05,50.0,1000.0,-2.0,0.0,0.4121,0.1599,0.0731,0.0283,False,,True,False,-50.0,2026-06-10 06:10:56+00:00,,0.0,,0.4339,1.0,,0.0,0.0,0.0,0.4006,1.0,0.5176,bearish,bearish,False,False,6.278,,False,False,False,,,25.05,0.067,0.04,6.0,0.0,0.9356,69.74,0.0308,,,,,,,,,,,,,,,,,,,-0.3073,1108622.4,0.0,0.00658,-0.01654,0.00744,,,,,,,,,,,,,,,,,,,,,,,,,,,,,,,,,,,,,,,,,,,1631.42,0.2778,0.0877,0.0877,near_miss,,,,0.5109136074823298,24,2026-W24,0.6599999999999999,False
2026-06-10 08:35:33+00:00,2026-06-10 08:00,KXETHD-26JUN1005-T1629.99,2026-06-10T09:00:00Z,1626.93,1629.99,0.1884,0.32,real,0.275673,0.5246,0.00070116,0.00070494,0.00081515,0.8648,0.06,0.00078981,0.0,0.0,1.0,1.0,1.0,0.2376,2.0,0.0,0.5524,-1.0,0.00019143,0.0,0.0,0.0,1.0,1.0,-0.3945,False,False,1.0,0.0,39.71,58.44,False,0.0,bearish,0.0,0.0,0.040009,0.010898,trade,no,False,False,37.0,24.37,,0.125029,0.05,50.0,1000.0,-2.0,0.0,0.4121,-0.5086,-0.4423,-0.3734,False,,False,True,23.53,2026-06-10 08:35:33+00:00,,0.0,,0.4717,0.0,,0.0,0.0,0.0,0.5228,-1.0,0.2993,bearish,bearish,False,False,6.277,,False,False,True,,,24.02,0.2665,,8.0,-2.0,-1.0,68.55,-0.1291,,,,,,,,,,,,,,,,,,,-0.2225,871938.54,0.0,0.007242,-0.00783,0.00689,,,,,,,,,,,,,,,,,,,,,,,,,,,,,,,,,,,,,,,,,,,1621.9,-0.3092,-0.4963,0.0,win,,,,0.5459511660864702,24,2026-W24,0.6799999999999999,False
2026-06-10 10:31:42+00:00,2026-06-10 10:00,KXETHD-26JUN1007-T1629.99,2026-06-10T11:00:00Z,1625.01,1629.99,0.3067,0.22,real,0.149836,0.8213,0.00074528,0.00081368,0.00074631,1.0903,0.07,0.00083531,0.0,-1.0,0.0,1.0,0.0,-0.0861,2.0,0.0,0.5065,-1.0,0.00016365,0.0,0.0,0.0,0.0,0.0,-0.3608,False,False,-1.0,0.0,54.11,43.91,False,0.0,bearish,0.0,0.0,0.04133,0.016058,trade,no,False,False,37.0,28.23,,0.187865,0.05,50.0,1000.0,-2.0,0.0,0.4121,0.2749,0.3894,0.2929,False,,False,True,14.1,2026-06-10 10:31:42+00:00,,0.0,,0.4146,0.5,,0.0,0.0,0.0,0.5134,1.0,0.4776,bearish,bearish,False,False,6.402,,False,False,True,,,25.87,0.0215,,10.0,0.0,0.9032,70.25,0.0641,,,,,,,,,,,,,,,,,,,-0.0876,1384231.01,0.0,0.004966,-0.00734,0.0083,,,,,,,,,,,,,,,,,,,,,,,,,,,,,,,,,,,,,,,,,,,1627.48,0.152,-0.154,0.0,win,,,,0.5097669456866988,24,2026-W24,0.78,False
2026-06-10 12:07:24+00:00,2026-06-10 12:00,KXETHD-26JUN1009-T1629.99,2026-06-10T13:00:00Z,1621.82,1629.99,0.5035,0.21,real,0.090836,1.0011,0.00098151,0.00078139,0.00085967,0.9089,0.03,0.00082444,-1.0,-1.0,0.0,2.0,-1.0,-0.2263,2.0,0.0,0.4005,-1.0,5.857e-05,-1.0,0.0,0.0,1.0,1.0,-0.5076,False,False,0.0,0.0,69.54,54.34,False,0.0,bearish,0.0,0.0,0.082232,0.059431,trade,no,False,False,37.0,52.49,,0.391581,0.05,50.0,1000.0,-3.0,0.0,0.3176,0.2243,0.1494,0.3378,False,,True,False,-50.0,2026-06-10 12:07:24+00:00,,0.0,,0.369,1.0,,0.0,0.0,0.0,0.2767,-1.0,0.4544,bearish,bearish,False,False,6.611,,False,False,True,,,27.13,0.039,,12.0,-1.0,-0.4519,69.19,-0.0268,,,,,,,,,,,,,,,,,,,-1.0,1370387.51,0.0,0.003329,-0.00773,0.00733,,,,,,,,,,,,,,,,,,,,,,,,,,,,,,,,,,,,,,,,,,,1635.74,0.8583,0.3528,0.3528,clear_loss,,,,0.4996632319457332,24,2026-W24,0.79,True
2026-06-10 17:47:11+00:00,2026-06-10 17:00,KXETHD-26JUN1014-T1629.99,2026-06-10T18:00:00Z,1626.38,1629.99,0.2217,0.3,real,0.090839,0.468,0.00128531,0.00119583,0.00118288,1.0109,0.03,0.00114264,0.0,0.0,1.0,1.0,0.0,-0.0218,2.0,1.0,0.8617,-1.0,9.544e-05,-1.0,0.0,0.0,1.0,1.0,-0.7801,False,False,1.0,1.0,3.74,3.85,False,0.0,bearish,0.0,0.0,0.054403,0.026433,trade,no,False,False,37.0,12.75,,0.181343,0.05,50.0,1000.0,-3.0,6.0,0.4799,-1.0088,-0.2114,0.0591,False,,True,False,-50.0,2026-06-10 17:47:11+00:00,,0.0,,0.1928,0.763,,0.0,0.0,0.0,0.22,-1.0,0.2918,bearish,bullish,True,False,6.312,,False,False,True,,,20.48,2.8304,,17.0,-2.0,-0.9977,69.8,-0.8334,,,,,,,,,,,,,,,,,,,-0.3246,998701.74,0.0,0.007013,-0.00795,0.00838,,,,,,,,,,,,,,,,,,,,,,,,,,,,,,,,,,,,,,,,,,,1634.05,0.4716,0.2491,0.2491,clear_loss,,,,0.5211628707007154,24,2026-W24,0.7,False
2026-06-11 00:01:59+00:00,2026-06-11 00:00,KXETHD-26JUN1021-T1629.99,2026-06-11T01:00:00Z,1622.74,1629.99,0.4469,0.26,real,0.054788,1.1648,0.0007022,0.00049511,0.00091063,0.5437,0.03,0.00066177,0.0,-1.0,0.0,1.0,-1.0,-0.1686,2.0,0.0,0.6946,0.0,1.358e-05,0.0,0.0,0.0,0.0,0.0,,False,False,0.0,0.0,59.38,59.39,False,0.0,bearish,0.0,0.0,0.15469,0.133095,trade,no,False,False,39.0,57.94,,0.594963,0.05,50.0,1000.0,-4.0,0.0,0.3176,0.0667,0.0,0.0,False,,False,True,17.57,2026-06-11 00:01:59+00:00,,0.0,,0.3317,0.5,,0.0,0.0,0.0,1.0,-1.0,0.548,bearish,bearish,True,False,6.551,,False,False,True,,,15.64,0.0,,0.0,-2.0,-1.0,71.74,-0.1064,,,,,,,,,,,,,,,,,,,-1.0,5292160.12,0.0,0.016436,-0.01401,0.00713,,,,,,,,,,,,,,,,,,,,,,,,,,,,,,,,,,,,,,,,,,,1628.6,0.3611,-0.0853,0.0,win,,,,0.4996632319457332,24,2026-W24,0.74,True
2026-06-25 18:18:51+00:00,2026-06-25 18:00,KXETHD-26JUN2515-T1569.99,2026-06-25T19:00:00Z,1566.24,1569.99,0.2392,0.4,real,0.342629,0.3033,0.0011419,0.00139974,0.00147195,0.9509,0.02,0.00133639,0.0,0.0,1.0,1.0,1.0,0.2107,2.0,0.0,0.3981,-1.0,9.978e-05,1.0,0.0,0.0,0.0,0.0,-0.5967,False,False,0.0,0.0,59.97,56.77,False,0.0,bearish,0.0,0.0,0.04192,0.01083,trade,no,False,False,35.0,41.04,,0.104799,0.01572,31.44,2000.0,-7.0,1.0,0.3711,0.1748,-0.1869,0.1397,False,,False,True,20.96,2026-06-25 18:18:51+00:00,,0.0,,0.4594,0.0,,0.0,0.0,0.0,0.7698,-1.0,0.7129,bearish,bearish,True,False,4.199,,False,False,False,,,27.94,0.1065,,18.0,0.0,1.0,72.35,-0.0903,,,,,,,,,,,,,,,,,,,-1.0,904066.02,0.0,0.016134,-0.00689,0.01836,,,,,,,,,,,,,,,,,,,,,,,,,,,,,,,,,,,,,,,,,,,1566.4,0.0102,-0.2287,0.0,win,,,,0.5254087056732513,26,2026-W26,0.6,False
2026-06-25 19:01:00+00:00,2026-06-25 19:00,KXETHD-26JUN2516-T1569.99,2026-06-25T20:00:00Z,1564.06,1569.99,0.3792,0.31,real,0.202202,0.5205,0.00097303,0.00106173,0.00099442,1.0677,0.04,0.00102974,0.0,-1.0,0.0,1.0,0.0,-0.0629,2.0,0.0,0.5452,-1.0,0.00011481,-1.0,0.0,0.0,0.0,0.0,-0.5745,False,False,0.0,0.0,30.0,36.97,False,-1.0,bearish,0.0,0.0,0.0451,0.016469,trade,no,False,False,55.0,58.93,,0.145483,0.021822,43.64,2000.0,-7.0,1.0,0.3711,-0.1632,0.0703,0.0415,False,,False,True,19.61,2026-06-25 19:01:00+00:00,,0.0,,0.377,1.0,,0.0,0.0,0.0,0.6119,1.0,0.5483,bearish,bearish,True,False,4.345,,False,False,False,,,28.81,0.0296,,19.0,0.0,0.8709,72.37,0.6456,,,,,,,,,,,,,,,,,,,-1.0,9288188.47,0.0,0.000274,-0.04096,0.01914,,,,,,,,,,,,,,,,,,,,,,,,,,,,,,,,,,,,,,,,,,,1562.61,-0.0927,-0.4701,0.0,win,,,,0.5325030242732812,26,2026-W26,0.69,False
2026-06-25 19:05:18+00:00,2026-06-25 19:00,KXETHD-26JUN2517-T1569.99,2026-06-25T21:00:00Z,1559.9,1569.99,0.6466,0.27,real,0.165552,0.6538,0.00089843,0.00103353,0.00098248,1.052,0.03,0.00100093,0.0,0.0,1.0,1.0,0.0,0.0265,2.0,0.0,0.5274,-1.0,0.00011858,-1.0,0.0,0.0,1.0,1.0,-0.7746,False,False,1.0,1.0,17.86,32.92,False,-1.0,bearish,0.0,0.0,0.048448,0.021375,trade,no,False,False,56.0,114.59,,0.179436,0.026915,53.83,2000.0,-7.0,2.0,0.3741,-0.0013,-0.1744,-0.2158,False,,False,True,19.91,2026-06-25 19:05:18+00:00,,0.0,,0.3752,0.0,,0.0,0.0,0.0,0.6119,1.0,0.5353,bearish,bearish,True,False,4.622,,False,False,False,,,28.81,0.0327,,19.0,-2.0,-1.0,72.4,-0.125,,,,,,,,,,,,,,,,,,,-1.0,10798372.32,0.0,0.000273,-0.00752,0.01929,,,,,,,,,,,,,,,,,,,,,,,,,,,,,,,,,,,,,,,,,,,1559.37,-0.034,-0.6764,0.0,win,,,,0.5325030242732812,26,2026-W26,0.73,False
2026-06-25 23:48:15+00:00,2026-06-25 23:00,KXETHD-26JUN2520-T1569.99,2026-06-26T00:00:00Z,1567.02,1569.99,0.1893,0.21,real,0.143041,0.9844,0.00055893,0.00060347,0.00068675,0.8787,0.01,0.00066958,1.0,-1.0,0.0,1.0,0.0,0.0599,2.0,0.0,0.5702,-1.0,0.00010019,0.0,0.0,0.0,0.0,0.0,0.0082,False,False,1.0,0.0,48.81,62.95,True,0.0,bearish,0.0,0.0,0.066564,0.042964,trade,no,False,False,34.0,11.66,,0.316973,0.047546,95.09,2000.0,-4.0,0.0,0.3176,-0.4571,-0.4451,-0.23,False,,False,True,25.28,2026-06-25 23:48:15+00:00,,0.0,,0.4672,0.0,,0.0,0.0,0.0,0.9814,-1.0,0.423,bearish,bearish,True,False,4.147,,False,False,False,,,29.09,0.3322,,23.0,-2.0,-1.0,72.6,0.1318,,,,,,,,,,,,,,,,,,,0.0624,937990.65,0.0,0.003966,-0.04277,0.01977,,,,,,,,,,,,,,,,,,,,,,,,,,,,,,,,,,,,,,,,,,,1568.99,0.1257,-0.0637,0.0,win,,,,0.5160647525982973,26,2026-W26,0.79,False
2026-06-26 00:00:59+00:00,2026-06-26 00:00,KXETHD-26JUN2521-T1569.99,2026-06-26T01:00:00Z,1566.74,1569.99,0.2076,0.37,real,0.185238,0.4417,0.00061164,0.0007238,0.00081414,0.889,0.05,0.00080479,1.0,-1.0,0.0,1.0,0.0,0.0163,2.0,0.0,0.5759,-1.0,9.708e-05,0.0,0.0,0.0,0.0,0.0,,False,False,1.0,0.0,44.38,47.8,False,0.0,bearish,0.0,0.0,0.087802,0.058623,trade,no,False,False,34.0,58.92,,0.237302,0.035595,71.19,2000.0,-3.0,0.0,0.3176,-0.6182,0.0472,0.1999,False,,False,True,41.81,2026-06-26 00:00:59+00:00,,0.0,,0.325,0.9833,,0.0,0.0,0.0,0.6412,-1.0,0.3555,bearish,bearish,True,False,4.166,,False,False,False,,,29.01,0.0002,,0.0,-2.0,-1.0,72.57,0.1318,,,,,,,,,,,,,,,,,,,0.0135,693584.39,0.0,0.004287,-0.0426,0.01995,,,,,,,,,,,,,,,,,,,,,,,,,,,,,,,,,,,,,,,,,,,1565.53,-0.0772,-0.2841,0.0,win,,,,0.5479386404109825,26,2026-W26,0.63,False
2026-06-26 01:01:00+00:00,2026-06-26 01:00,KXETHD-26JUN2522-T1569.99,2026-06-26T02:00:00Z,1562.8,1569.99,0.46,0.2,real,0.08312,1.0849,0.00049187,0.00056705,0.00071047,0.7981,0.02,0.00065611,0.0,1.0,2.0,1.0,0.0,-0.0686,2.0,0.0,0.5577,-1.0,9.443e-05,0.0,-1.0,1.0,2.0,2.0,-0.2395,False,False,1.0,1.0,2.9,11.34,False,-1.0,bearish,0.0,0.0,0.088853,0.066938,trade,no,False,False,34.0,58.91,,0.444266,0.05,100.0,2000.0,-5.0,2.0,0.3741,-0.1913,-0.1206,0.0339,False,,False,True,25.0,2026-06-26 01:01:00+00:00,,0.0,,0.3823,1.0,,0.0,0.0,0.0,0.863,-1.0,0.4021,bearish,bearish,True,False,4.429,,False,False,False,,,28.91,0.0,,1.0,-2.0,-1.0,72.58,0.0514,,,,,,,,,,,,,,,,,,,-0.5409,1771341.68,0.0,0.003254,-0.04019,0.0206,,,,,,,,,,,,,,,,,,,,,,,,,,,,,,,,,,,,,,,,,,,1560.54,-0.1446,-0.6019,0.0,win,,,,0.538403863947802,26,2026-W26,0.8,False
2026-06-26 02:09:37+00:00,2026-06-26 02:00,KXETHD-26JUN2523-T1549.99,2026-06-26T03:00:00Z,1555.24,1549.99,-0.3375,0.67,real,0.808351,-0.6594,0.00091455,0.00078256,0.00108396,0.7219,0.01,0.00086089,0.0,1.0,2.0,1.0,0.0,0.0488,2.0,1.0,0.8998,-1.0,9.85e-05,-1.0,-1.0,1.0,2.0,2.0,-0.4257,False,False,1.0,1.0,4.2,9.98,True,-1.0,bearish,0.0,0.0,0.123351,0.092874,trade,yes,False,False,34.0,50.26,,0.373791,0.05,100.0,2000.0,-7.0,4.0,0.5492,-0.2115,-0.1687,-0.1366,False,,False,False,-100.0,2026-06-26 02:09:37+00:00,,0.0,,0.5841,0.0,,0.0,0.0,0.0,0.3222,1.0,0.4582,bearish,bearish,True,False,4.936,,False,False,False,,,29.62,0.1361,,2.0,-2.0,-1.0,72.48,0.0746,,,,,,,,,,,,,,,,,,,-1.0,2313450.8,0.0,0.001554,-0.03552,0.08482,,,,,,,,,,,,,,,,,,,,,,,,,,,,,,,,,,,,,,,,,,,1523.58,-2.0357,-1.7039,1.7039,clear_loss,,,,0.5668698259422564,26,2026-W26,0.67,True
2026-06-26 05:02:22+00:00,2026-06-26 05:00,KXETHD-26JUN2602-T1549.99,2026-06-26T06:00:00Z,1548.11,1549.99,0.1217,0.44,real,0.272326,0.1924,0.0006891,0.00084171,0.00106183,0.7927,0.01,0.00090544,0.0,-1.0,0.0,0.0,0.0,-0.0645,2.0,0.0,0.433,0.0,4.791e-05,0.0,0.0,0.0,0.0,0.0,-0.3988,False,False,0.0,0.0,70.87,71.08,False,-1.0,bearish,0.0,0.0,0.048383,0.016705,trade,no,False,False,33.0,57.55,,0.109961,0.016494,32.99,2000.0,-4.0,0.0,0.3176,-0.336,-0.1329,0.0,False,,True,False,-32.99,2026-06-26 05:02:22+00:00,,0.0,,0.3397,0.5,,0.0,0.0,0.0,0.8232,-1.0,0.4291,bearish,bearish,False,False,5.42,,False,False,False,,,35.51,0.0,,5.0,-2.0,-1.0,71.02,-0.1321,,,,,,,,,,,,,,,,,,,-0.0013,110277.25,0.0,0.006147,-0.00666,0.01996,,,,,,,,,,,,,,,,,,,,,,,,,,,,,,,,,,,,,,,,,,,1555.13,0.4535,0.3316,0.3316,clear_loss,,,,0.5182018758053276,26,2026-W26,0.56,False
2026-06-26 06:03:13+00:00,2026-06-26 06:00,KXETHD-26JUN2603-T1549.99,2026-06-26T07:00:00Z,1545.8,1549.99,0.2711,0.34,real,0.19021,0.5149,0.0007036,0.00068487,0.00087179,0.7856,0.01,0.00075901,-1.0,-1.0,0.0,2.0,-1.0,-0.1416,2.0,0.0,0.473,-1.0,5.461e-05,0.0,0.0,0.0,0.0,0.0,-0.4156,False,False,1.0,0.0,70.22,80.13,True,-1.0,bearish,0.0,0.0,0.076522,0.047938,trade,no,False,False,34.0,56.7,,0.225065,0.03376,67.52,2000.0,-6.0,0.0,0.3176,-0.5103,-0.4572,-0.4572,False,,True,False,-67.52,2026-06-26 06:03:13+00:00,,0.0,,0.3586,0.5,,0.0,0.0,0.0,0.2434,-1.0,0.2993,bearish,bearish,False,False,5.577,,False,False,False,,,36.78,0.0815,,6.0,-2.0,-0.9551,70.81,-0.0636,,,,,,,,,,,,,,,,,,,-1.0,4665808.67,0.0,0.000513,-0.00719,0.02148,,,,,,,,,,,,,,,,,,,,,,,,,,,,,,,,,,,,,,,,,,,1571.04,1.6328,1.3581,1.3581,clear_loss,,,,0.49463012701091846,26,2026-W26,0.6599999999999999,True
2026-06-26 06:39:22+00:00,2026-06-26 06:00,KXETHD-26JUN2603-T1569.99,2026-06-26T07:00:00Z,1564.46,1569.99,0.3537,0.26,real,0.227194,0.8294,0.00126405,0.00098754,0.00121067,0.8157,0.03,0.00102067,-1.0,-1.0,0.0,3.0,-1.0,-0.1319,2.0,0.0,0.3254,-1.0,6.349e-05,0.0,0.0,0.0,-1.0,-1.0,0.8971,False,False,-1.0,-1.0,100.0,86.61,False,0.0,bearish,0.0,0.0,0.060066,0.033869,trade,no,False,False,34.0,20.55,,0.231023,0.034653,69.31,2000.0,-3.0,-6.0,0.2059,1.5514,0.5713,0.4464,True,,False,True,24.35,2026-06-26 06:39:22+00:00,,0.0,,0.5792,1.0,,0.0,0.0,0.0,0.9392,1.0,0.4683,bearish,bearish,False,False,4.318,,False,False,False,,,36.07,0.4575,,6.0,0.0,1.0,70.78,0.0631,,,,,,,,,,,,,,,,,,,0.0704,1124083.34,0.0,0.003285,-0.00594,0.00876,,,,,,,,,,,,,,,,,,,,,,,,,,,,,,,,,,,,,,,,,,,1571.04,0.4206,0.0669,0.0,win,,,,0.49463012701091846,26,2026-W26,0.74,True
2026-06-26 07:01:13+00:00,2026-06-26 07:00,KXETHD-26JUN2604-T1569.99,2026-06-26T08:00:00Z,1568.41,1569.99,0.1007,0.42,real,0.322952,0.1452,0.00137019,0.00096021,0.00065037,1.4764,0.03,0.00090421,-1.0,-1.0,0.0,2.0,0.0,-0.0884,2.0,0.0,0.5149,-1.0,6.547e-05,0.0,0.0,0.0,-1.0,-1.0,1.0561,False,False,-1.0,-1.0,93.29,96.1,True,0.0,bearish,0.0,0.0,0.052835,0.02157,trade,no,False,False,35.0,58.71,,0.125797,0.018869,37.74,2000.0,-3.0,-8.0,0.2059,0.7833,-0.1373,0.0777,True,,True,False,-37.74,2026-06-26 07:01:13+00:00,,0.0,,0.2198,1.0,,0.0,0.0,0.0,0.0896,1.0,0.4669,bearish,bearish,False,False,4.055,,False,False,True,,,35.52,0.0,,7.0,0.0,0.9768,71.13,-0.0971,,,,,,,,,,,,,,,,,,,-1.0,4953990.71,0.0,0.001298,-0.00697,0.00843,,,,,,,,,,,,,,,,,,,,,,,,,,,,,,,,,,,,,,,,,,,1582.06,0.8703,0.7688,0.7688,clear_loss,,,,0.47154588376080797,26,2026-W26,0.5800000000000001,True
2026-06-26 10:41:52+00:00,2026-06-26 10:00,KXETHD-26JUN2607-T1549.99,2026-06-26T11:00:00Z,1546.85,1549.99,0.2029,0.27,real,0.138375,0.7404,0.00109528,0.000725,0.0007783,0.9315,0.02,0.00076688,0.0,0.0,1.0,1.0,0.0,-0.0044,2.0,0.0,0.5031,-1.0,9.418e-05,0.0,0.0,0.0,0.0,0.0,-0.4629,False,False,1.0,1.0,5.84,10.15,True,-1.0,bearish,0.0,0.0,0.075976,0.05003,trade,no,False,False,33.0,18.06,,0.281393,0.042209,84.42,2000.0,-6.0,6.0,0.4799,-0.3867,-0.4047,-0.4047,False,,False,True,31.22,2026-06-26 10:41:52+00:00,,0.0,,0.3642,0.0,,0.0,0.0,0.0,0.0,1.0,0.3472,bearish,bearish,False,False,5.505,,False,False,True,,,34.52,0.6189,,10.0,-2.0,-1.0,69.79,0.0313,,,,,,,,,,,,,,,,,,,0.0734,1282684.27,0.0,0.003782,-0.00753,0.02272,,,,,,,,,,,,,,,,,,,,,,,,,,,,,,,,,,,,,,,,,,,1547.13,0.0181,-0.1845,0.0,win,,,,0.5276130238489426,26,2026-W26,0.73,False
2026-06-26 11:00:39+00:00,2026-06-26 11:00,KXETHD-26JUN2608-T1549.99,2026-06-26T12:00:00Z,1545.36,1549.99,0.2997,0.27,real,0.231033,0.6939,0.00060182,0.00059624,0.00063426,0.9401,0.04,0.0006668,0.0,0.0,1.0,1.0,0.0,0.0638,2.0,0.0,0.5368,-1.0,9.379e-05,0.0,0.0,0.0,0.0,0.0,-0.4299,False,False,1.0,1.0,7.64,7.52,True,-1.0,bearish,0.0,0.0,0.04373,0.016475,trade,no,False,False,33.0,59.27,,0.161964,0.024295,48.59,2000.0,-4.0,5.0,0.4799,-0.3719,-0.0336,0.0,False,,False,True,17.97,2026-06-26 11:00:39+00:00,,0.0,,0.4834,0.5,,0.0,0.0,0.0,1.0,-1.0,0.4737,bearish,bearish,False,False,5.607,,False,False,True,,,34.69,0.0,,11.0,-2.0,-0.9993,69.85,-0.0225,,,,,,,,,,,,,,,,,,,-0.288,1475964.69,0.0,0.004829,-0.00745,0.01983,,,,,,,,,,,,,,,,,,,,,,,,,,,,,,,,,,,,,,,,,,,1546.68,0.0854,-0.2135,0.0,win,,,,0.5406168880853618,26,2026-W26,0.73,False
2026-06-26 12:07:03+00:00,2026-06-26 12:00,KXETHD-26JUN2609-T1549.99,2026-06-26T13:00:00Z,1544.26,1549.99,0.3712,0.29,real,0.167213,0.7301,0.00083206,0.00077959,0.00092072,0.8467,0.02,0.00083074,0.0,0.0,1.0,1.0,1.0,0.1126,2.0,0.0,0.5248,-1.0,0.0002559,0.0,0.0,0.0,0.0,0.0,-0.5055,False,False,1.0,0.0,20.3,12.71,True,-1.0,bearish,0.0,0.0,0.086464,0.060117,trade,no,False,False,34.0,52.88,,0.298152,0.044723,89.45,2000.0,-5.0,1.0,0.3711,-0.0872,0.1392,0.1793,False,,False,True,36.54,2026-06-26 12:07:03+00:00,,0.0,,0.4071,1.0,,0.0,0.0,0.0,0.1302,-1.0,0.5494,bearish,bearish,False,False,5.683,,False,False,True,,,35.32,0.1033,,12.0,0.0,1.0,70.31,0.1068,,,,,,,,,,,,,,,,,,,-1.0,4113957.34,0.0,0.015635,-0.00742,0.01732,,,,,,,,,,,,,,,,,,,,,,,,,,,,,,,,,,,,,,,,,,,1537.63,-0.4293,-0.7974,0.0,win,,,,0.5435284111060776,26,2026-W26,0.71,False
2026-06-26 13:12:57+00:00,2026-06-26 13:00,KXETHD-26JUN2610-T1549.99,2026-06-26T14:00:00Z,1537.38,1549.99,0.8205,0.21,real,0.133653,0.9658,0.00158353,0.00166117,0.00147833,1.1237,0.01,0.00146942,0.0,-1.0,0.0,2.0,-1.0,-0.1841,2.0,0.0,0.4804,-1.0,0.00024943,0.0,0.0,0.0,1.0,1.0,-0.9246,False,False,1.0,0.0,32.18,21.26,True,-1.0,bearish,0.0,0.0,0.065018,0.04134,trade,no,False,False,34.0,46.98,,0.309608,0.046441,92.88,2000.0,-5.0,1.0,0.3711,0.4141,0.1372,0.4266,False,,True,False,-92.88,2026-06-26 13:12:57+00:00,,0.0,,0.443,0.0,,0.0,0.0,0.0,0.4022,1.0,0.7109,bearish,bearish,False,False,6.156,,False,False,True,,,36.54,0.0629,0.04,13.0,-2.0,-1.0,71.05,0.1603,,,,,,,,,,,,,,,,,,,-1.0,9210019.14,0.0,1.5e-05,-0.00626,0.01992,,,,,,,,,,,,,,,,,,,,,,,,,,,,,,,,,,,,,,,,,,,1568.58,2.0294,1.1994,1.1994,clear_loss,,,,0.4955806482437537,26,2026-W26,0.79,True
2026-06-27 17:31:14,2026-06-27 17:00,KXETHD-26JUN2714-T1589.99,2026-06-27T18:00:00Z,1590.09,1589.99,-0.0065,0.5,real,0.604333,-0.0134,0.00094088,0.00097066,,,0.02,0.00090963,0.0,-1.0,0.0,1.0,0.0,0.0672,2.0,-1.0,0.8547,-1.0,0.00012285,1.0,0.0,0.0,0.0,0.0,0.1297,False,False,1.0,0.0,27.58,30.53,False,0.0,neutral,0.0,0.0,0.089333,0.056833,trade,yes,False,False,41.0,28.71,,0.178666,0.0268,53.6,2000.0,0.0,2.0,0.5909,-0.3769,-0.1266,-0.1266,False,,True,True,53.6,2026-06-27 17:31:14+00:00,,0.0,,0.5992,0.1544,,0.0,0.0,0.0,0.4369,-1.0,0.5065,bullish,bullish,False,True,2.636,,False,False,False,,,15.29,0.2107,,17.0,0.0,0.9637,67.78,-1.0826,,,,,,,,,,,,,,,,,,,-1.0,3597385.58,0.0,0.001411,-0.00737,0.02069,,,,,,,,,,,,,,,,,,,,,,,,,,,,,,,,,,,,,,,,,,,1591.37,0.0805,0.0868,0.0,win,,,,0.5554965054978989,26,2026-W26,0.5,True
2026-06-27 18:21:00,2026-06-27 18:00,KXETHD-26JUN2715-T1589.99,2026-06-27T19:00:00Z,1590.25,1589.99,-0.0161,0.52,real,0.588413,-0.0398,0.00037854,0.00062892,0.00051489,1.2215,0.03,0.00095309,1.0,0.0,1.0,2.0,-1.0,-0.1079,2.0,0.0,0.7575,-1.0,0.00013965,-1.0,0.0,0.0,0.0,0.0,0.051,False,False,1.0,1.0,23.06,19.4,True,0.0,bullish,0.0,0.0,0.053413,0.020941,trade,yes,False,False,40.0,38.94,,0.111278,0.016692,33.38,2000.0,0.0,0.0,0.5174,-0.0351,0.0779,-0.0013,False,,True,True,30.81,2026-06-27 18:21:00+00:00,,0.0,,0.5728,0.0,,0.0,0.0,0.0,0.209,1.0,0.662,bullish,bullish,False,True,2.626,,False,False,False,,,14.69,0.0038,,18.0,-1.0,-0.427,67.69,0.0257,,,,,,,,,,,,,,,,,,,0.1146,0.0,0.0,0.005593,-0.00742,0.01808,,,,,,,,,,,,,,,,,,,,,,,,,,,,,,,,,,,,,,,,,,,1593.3,0.1918,0.2082,0.0,win,,,,0.4938533764468512,26,2026-W26,0.52,False
2026-06-27 19:21:03,2026-06-27 19:00,KXETHD-26JUN2716-T1589.99,2026-06-27T20:00:00Z,1587.7,1589.99,0.1439,0.33,real,0.382453,0.5753,0.0002591,0.00041327,0.00052422,0.7883,0.03,0.00052738,1.0,0.0,1.0,1.0,0.0,-0.025,2.0,0.0,0.7525,-1.0,0.00015156,0.0,0.0,0.0,0.0,0.0,-0.0797,False,False,1.0,1.0,17.46,24.83,False,0.0,bullish,0.0,0.0,0.043497,0.014188,trade,no,False,False,63.0,38.89,,0.131809,0.019771,39.54,2000.0,0.0,2.0,0.5909,-0.1199,-0.2213,-0.1512,False,,False,True,19.47,2026-06-27 19:21:03+00:00,,0.0,,0.6088,0.0,,0.0,0.0,0.0,0.6543,1.0,0.3344,bullish,bullish,False,True,2.791,,False,False,False,,,14.36,0.0778,,19.0,-2.0,-1.0,67.73,0.0083,,,,,,,,,,,,,,,,,,,-1.0,10962927.16,0.0,0.000103,-0.05524,0.0216,,,,,,,,,,,,,,,,,,,,,,,,,,,,,,,,,,,,,,,,,,,1578.1,-0.6046,-0.7478,0.0,win,,,,0.5557063671086921,26,2026-W26,0.6699999999999999,False
2026-06-27 19:24:16,2026-06-27 19:00,KXETHD-26JUN2717-T1589.99,2026-06-27T21:00:00Z,1587.35,1589.99,0.1661,0.37,real,0.344419,0.4254,0.00024266,0.00039919,0.00051125,0.7808,0.04,0.00052478,1.0,0.0,1.0,2.0,-1.0,-0.1385,2.0,0.0,0.7629,-1.0,0.00015156,0.0,0.0,0.0,0.0,0.0,-0.0808,False,False,1.0,1.0,17.46,24.83,False,0.0,bullish,0.0,0.0,0.047902,0.017617,trade,no,False,False,63.0,95.66,,0.129465,0.01942,38.84,2000.0,0.0,2.0,0.5909,-0.1199,-0.1863,0.0,False,,False,True,22.81,2026-06-27 19:24:16+00:00,,0.0,,0.51,0.0,,0.0,0.0,0.0,0.6543,1.0,0.3344,bullish,bullish,False,True,2.813,,False,False,False,,,14.36,0.0778,,19.0,-2.0,-1.0,67.73,0.0083,,,,,,,,,,,,,,,,,,,-1.0,10755346.32,0.0,0.000104,-0.05503,0.01931,,,,,,,,,,,,,,,,,,,,,,,,,,,,,,,,,,,,,,,,,,,1580.3,-0.4441,-0.6094,0.0,win,,,,0.5557063671086921,26,2026-W26,0.63,False
2026-06-27 22:03:36,2026-06-27 22:00,KXETHD-26JUN2719-T1569.99,2026-06-27T23:00:00Z,1572.34,1569.99,-0.1494,0.64,real,0.755771,-0.3702,0.0005375,0.00057659,0.00055566,1.0377,0.04,0.00064052,1.0,1.0,3.0,0.0,1.0,0.1901,2.0,0.0,0.4658,0.0,3.988e-05,0.0,-1.0,1.0,2.0,2.0,-0.9831,False,False,1.0,1.0,3.67,9.47,False,-1.0,bearish,0.0,0.0,0.115771,0.084643,trade,yes,False,False,40.0,56.33,,0.321587,0.05,100.0,2000.0,0.0,10.0,0.6447,-0.7086,-0.17,-0.132,False,,True,True,56.25,2026-06-27 22:03:36+00:00,,0.0,,0.6265,0.4084,,0.0,0.0,0.0,0.507,-1.0,0.3095,bullish,bullish,False,True,3.795,,False,False,False,,,15.73,0.0227,,22.0,-2.0,-1.0,68.27,-0.0291,,,,,,,,,,,,,,,,,,,-1.0,2861552.35,0.0,0.001926,-0.0084,0.01886,,,,,,,,,,,,,,,,,,,,,,,,,,,,,,,,,,,,,,,,,,,1578.94,0.4198,0.5701,0.0,win,,,,0.528576852896573,26,2026-W26,0.64,True
2026-06-28 01:00:32,2026-06-28 01:00,KXETHD-26JUN2722-T1569.99,2026-06-28T02:00:00Z,1572.52,1569.99,-0.161,0.74,real,0.78197,-0.5604,0.00034534,0.00042158,0.00032517,1.2965,0.05,0.00049115,0.0,0.0,1.0,0.0,1.0,0.1686,2.0,1.0,0.8246,0.0,3.895e-05,0.0,0.0,0.0,1.0,1.0,-0.0659,False,False,0.0,0.0,65.23,59.21,False,-1.0,bearish,0.0,0.0,0.04197,0.013502,trade,yes,False,False,39.0,59.36,,0.161425,0.024214,48.43,2000.0,0.0,2.0,0.5909,-0.1541,0.026,0.0413,False,,True,True,17.02,2026-06-28 01:00:32+00:00,,0.0,,0.5865,1.0,,0.0,0.0,0.0,0.6466,-1.0,0.382,bullish,bullish,False,True,3.783,,False,False,False,,,18.64,0.0,,1.0,-2.0,-1.0,69.04,0.0624,,,,,,,,,,,,,,,,,,,0.2469,0.0,714564.2,0.004364,-0.00804,0.01875,,,,,,,,,,,,,,,,,,,,,,,,,,,,,,,,,,,,,,,,,,,1575.21,0.1711,0.3325,0.0,win,,,,0.5373070782851498,26,2026-W26,0.74,True
2026-06-28 03:01:42,2026-06-28 03:00,KXETHD-26JUN2800-T1569.99,2026-06-28T04:00:00Z,1571.14,1569.99,-0.073,0.63,real,0.682688,-0.2807,0.00050559,0.00035855,0.00028825,1.2439,0.04,0.0004484,0.0,0.0,1.0,0.0,1.0,0.2053,2.0,0.0,0.6897,0.0,3.82e-05,-1.0,0.0,0.0,1.0,1.0,-0.1885,False,False,1.0,0.0,21.73,22.99,False,-1.0,bearish,0.0,0.0,0.052688,0.021371,trade,yes,False,False,39.0,58.21,,0.1424,0.02136,42.72,2000.0,0.0,2.0,0.5909,-0.0235,0.0,0.0,False,,True,True,25.09,2026-06-28 03:01:42+00:00,,0.0,,0.5771,0.5,,0.0,0.0,0.0,1.0,-1.0,0.3374,bullish,bullish,False,True,3.875,,False,False,False,,,19.57,0.0,,3.0,-2.0,-1.0,69.52,0.0392,,,,,,,,,,,,,,,,,,,0.1748,0.0,195049.28,0.004935,-0.00805,0.01964,,,,,,,,,,,,,,,,,,,,,,,,,,,,,,,,,,,,,,,,,,,1573.89,0.175,0.2484,0.0,win,,,,0.5330290649023293,26,2026-W26,0.63,True
2026-06-28 05:07:07,2026-06-28 05:00,KXETHD-26JUN2802-T1569.99,2026-06-28T06:00:00Z,1568.33,1569.99,0.1058,0.39,real,0.34397,0.4486,0.00042149,0.00031861,0.00052107,0.6115,0.03,0.00047715,1.0,-1.0,0.0,2.0,-1.0,-0.1534,2.0,0.0,0.4739,-1.0,7.304e-05,0.0,0.0,0.0,0.0,0.0,0.0705,False,False,0.0,0.0,61.22,52.45,False,0.0,bearish,0.0,0.0,0.074732,0.044621,trade,no,False,False,40.0,52.75,,0.191621,0.028743,57.49,2000.0,0.0,0.0,0.5174,-0.0089,0.0,0.0,False,,False,True,36.76,2026-06-28 05:07:07+00:00,,0.0,,0.5187,0.5,,0.0,0.0,0.0,0.6293,1.0,0.3289,bullish,bullish,False,True,4.06,,False,False,False,,,19.48,0.0,,5.0,-2.0,-1.0,69.63,0.0217,,,,,,,,,,,,,,,,,,,-1.0,3482068.61,0.0,0.00131,-0.00723,0.01892,,,,,,,,,,,,,,,,,,,,,,,,,,,,,,,,,,,,,,,,,,,1570.73,0.153,0.0471,0.0,win,,,,0.5947332931326824,26,2026-W26,0.61,False
2026-06-28 06:05:27,2026-06-28 06:00,KXETHD-26JUN2803-T1569.99,2026-06-28T07:00:00Z,1566.97,1569.99,0.1924,0.26,real,0.259372,0.7754,0.00059303,0.00040327,0.00040481,0.9962,0.03,0.0004939,0.0,-1.0,0.0,1.0,0.0,0.0192,2.0,1.0,0.9598,-1.0,7.765e-05,-1.0,0.0,0.0,0.0,0.0,-0.0204,False,False,0.0,0.0,49.48,44.89,False,-1.0,bearish,0.0,0.0,0.04819,0.021504,trade,no,False,False,39.0,54.48,,0.185346,0.041703,83.41,2000.0,0.0,2.0,0.5909,0.1205,-0.0146,0.007,False,,False,True,29.31,2026-06-28 06:05:27+00:00,,0.0,,0.5518,1.0,,0.0,0.0,0.0,0.3636,1.0,0.3984,bullish,bullish,False,True,4.15,,False,False,False,,,21.0,0.0654,,6.0,0.0,1.0,69.61,0.1013,,,,,,,,,,,,,,,,,,,0.1515,1062765.32,0.0,0.003532,-0.00789,0.0198,,,,,,,,,,,,,,,,,,,,,,,,,,,,,,,,,,,,,,,,,,,1568.47,0.0957,-0.0968,0.0,win,,,,0.5936142462899024,26,2026-W26,0.74,False
2026-06-28 07:01:01,2026-06-28 07:00,KXETHD-26JUN2804-T1569.99,2026-06-28T08:00:00Z,1566.43,1569.99,0.2274,0.23,real,0.241588,0.9109,0.00056577,0.00037542,0.00040067,0.937,0.04,0.00047788,0.0,-1.0,0.0,2.0,-1.0,-0.1821,2.0,0.0,0.6099,-1.0,7.969e-05,0.0,0.0,0.0,1.0,1.0,-0.1589,False,False,0.0,0.0,35.43,32.27,False,-1.0,bearish,0.0,0.0,0.052572,0.027356,trade,no,False,False,39.0,58.89,,0.228574,0.051429,102.86,2000.0,0.0,2.0,0.5909,0.1449,0.0727,0.0727,False,,True,False,-102.86,2026-06-28 07:01:01+00:00,,0.0,,0.5831,0.7353,,0.0,0.0,0.0,0.7353,1.0,0.2958,bullish,bullish,False,True,4.187,,False,False,False,,,21.86,0.0042,,7.0,-2.0,-0.6579,69.51,-0.0792,,,,,,,,,,,,,,,,,,,0.1689,1168769.51,0.0,0.003556,-0.00777,0.02016,,,,,,,,,,,,,,,,,,,,,,,,,,,,,,,,,,,,,,,,,,,1574.94,0.5433,0.3153,0.3153,clear_loss,,,,0.4950106970219649,26,2026-W26,0.77,True
2026-06-28 16:39:07,2026-06-28 16:00,KXETHD-26JUN2813-T1569.99,2026-06-28T17:00:00Z,1567.89,1569.99,0.1339,0.38,real,0.230194,0.294,0.00077199,0.00103062,0.00096003,1.0735,0.02,0.00099752,0.0,0.0,1.0,1.0,0.0,-0.0318,2.0,0.0,0.3541,-1.0,0.00016327,-1.0,0.0,0.0,1.0,1.0,-0.321,False,False,1.0,1.0,14.9,20.52,False,0.0,bearish,0.0,0.0,0.044069,0.013453,trade,no,False,False,39.0,20.81,,0.115971,0.017396,34.79,2000.0,0.0,4.0,0.55,-0.5464,-0.2566,0.1613,False,,True,False,-34.79,2026-06-28 16:39:07+00:00,,0.0,,0.3284,0.0,,0.0,0.0,0.0,0.9823,-1.0,0.5076,bullish,bullish,False,True,4.089,,False,False,True,,,13.95,0.138,,16.0,-2.0,-0.9994,69.12,0.0639,,,,,,,,,,,,,,,,,,,0.2353,388173.0,0.0,0.003792,-0.00806,0.01984,,,,,,,,,,,,,,,,,,,,,,,,,,,,,,,,,,,,,,,,,,,1572.71,0.3074,0.1732,0.1732,marginal,,,,0.5689655601697496,26,2026-W26,0.62,False
2026-06-28 18:30:26,2026-06-28 18:00,KXETHD-26JUN2815-T1569.99,2026-06-28T19:00:00Z,1567.84,1569.99,0.1369,0.35,real,0.233663,0.4295,0.00061408,0.00065444,0.00065377,1.001,0.01,0.00069817,0.0,-1.0,0.0,1.0,0.0,-0.0254,2.0,0.0,0.4814,-1.0,0.00017723,0.0,0.0,0.0,1.0,1.0,-0.3335,False,False,1.0,0.0,29.36,35.38,False,-1.0,bearish,0.0,0.0,0.052575,0.022947,trade,no,False,False,39.0,29.49,,0.150213,0.022532,45.06,2000.0,-1.0,0.0,0.4552,-0.0821,-0.1387,-0.152,False,,False,True,24.26,2026-06-28 18:30:26+00:00,,0.0,,0.3831,0.0,,0.0,0.0,0.0,1.0,-1.0,0.5697,bullish,bullish,False,True,4.093,,False,False,True,,,15.46,0.01,,18.0,-2.0,-1.0,69.66,-0.0405,,,,,,,,,,,,,,,,,,,0.073,553295.61,0.0,0.004554,-0.00754,0.01987,,,,,,,,,,,,,,,,,,,,,,,,,,,,,,,,,,,,,,,,,,,1571.94,0.2615,0.1242,0.0,win,,,,0.5494521842250549,26,2026-W26,0.65,False
2026-06-29 05:17:22,2026-06-29 05:00,KXETHD-26JUN2902-T1569.99,2026-06-29T06:00:00Z,1567.66,1569.99,0.1485,0.5,real,0.423588,0.2521,0.00099134,0.00083819,,,0.01,0.00083561,-1.0,0.0,1.0,0.0,1.0,0.1304,2.0,0.0,0.5115,0.0,1.727e-05,0.0,0.0,0.0,0.0,0.0,-0.1569,False,False,1.0,0.0,39.47,50.43,False,0.0,bearish,0.0,0.0,0.094928,0.063059,trade,no,False,False,40.0,42.56,,0.189856,0.028478,56.96,2000.0,-2.0,1.0,0.4655,-0.6665,0.0875,0.213,False,,True,False,-56.96,2026-06-29 05:17:22+00:00,,0.0,,0.5237,0.6755,,0.0,0.0,0.0,0.7825,-1.0,0.362,bullish,bearish,False,True,4.105,,False,False,True,,,30.9,0.1261,0.24,5.0,-2.0,-1.0,69.59,-0.1638,,,,,,,,,,,,,,,,,,,-1.0,3526203.95,0.0,0.001345,-0.00735,0.01999,,,,,,,,,,,,,,,,,,,,,,,,,,,,,,,,,,,,,,,,,,,1583.32,0.9989,0.849,0.849,clear_loss,,,,0.4533986738796271,27,2026-W27,0.5,True
2026-06-29 08:26:59,2026-06-29 08:00,KXETHD-26JUN2905-T1569.99,2026-06-29T09:00:00Z,1571.87,1569.99,-0.1194,0.68,real,0.76806,-0.4547,0.00035944,0.00039497,0.00044492,0.8877,0.03,0.0004974,-1.0,0.0,1.0,0.0,1.0,0.176,2.0,0.0,0.5711,0.0,2.486e-05,0.0,0.0,0.0,0.0,0.0,0.233,False,False,1.0,0.0,45.61,62.41,False,0.0,bearish,0.0,0.0,0.08806,0.057828,trade,yes,False,False,40.0,32.94,,0.275187,0.041278,82.56,2000.0,-1.0,0.0,0.4552,-0.4495,-0.3594,-0.2925,False,,True,True,38.85,2026-06-29 08:26:59+00:00,,0.0,,0.6094,0.0,,0.0,0.0,0.0,0.1642,-1.0,0.1867,bullish,bearish,False,True,3.826,,False,False,True,,,32.52,0.052,,8.0,-2.0,-0.9843,68.96,-0.0309,,,,,,,,,,,,,,,,,,,-1.0,3137583.27,0.0,0.001815,-0.04572,0.01981,,,,,,,,,,,,,,,,,,,,,,,,,,,,,,,,,,,,,,,,,,,1575.34,0.2208,0.3408,0.0,win,,,,0.5114438187214779,27,2026-W27,0.68,True
2026-06-29 09:24:28,2026-06-29 09:00,KXETHD-26JUN2906-T1569.99,2026-06-29T10:00:00Z,1573.84,1569.99,-0.2444,0.67,real,0.797579,-0.7783,0.0005931,0.00045504,0.00093414,0.4871,0.01,0.00062852,-1.0,-1.0,0.0,1.0,0.0,-0.0016,2.0,0.0,0.5497,-1.0,6.775e-05,0.0,0.0,0.0,0.0,0.0,0.3015,False,False,0.0,0.0,31.33,29.47,False,0.0,bearish,0.0,0.0,0.112579,0.082102,trade,yes,False,False,40.0,35.45,,0.341149,0.05,100.0,2000.0,0.0,0.0,0.5174,0.0324,0.0324,-0.1065,False,,True,True,49.25,2026-06-29 09:24:28+00:00,,0.0,,0.5218,0.5303,,0.0,0.0,0.0,0.0,1.0,0.635,bullish,bearish,False,True,3.696,,False,False,True,,,33.73,0.0044,,9.0,0.0,0.9657,69.67,-0.0005,,,,,,,,,,,,,,,,,,,-1.0,2594837.8,0.0,0.001815,-0.00906,0.01853,,,,,,,,,,,,,,,,,,,,,,,,,,,,,,,,,,,,,,,,,,,1575.85,0.1277,0.3733,0.0,win,,,,0.5357304780046401,27,2026-W27,0.67,True
2026-06-29 11:12:11,2026-06-29 11:00,KXETHD-26JUN2908-T1569.99,2026-06-29T12:00:00Z,1572.8,1569.99,-0.1786,0.65,real,0.725923,-0.5374,0.00034922,0.00043368,0.00067151,0.6458,0.03,0.00057318,-1.0,0.0,1.0,1.0,1.0,0.1594,2.0,0.0,0.6618,-1.0,5.423e-05,0.0,0.0,0.0,0.0,0.0,0.1768,False,False,1.0,0.0,30.75,49.66,False,0.0,bearish,0.0,0.0,0.060923,0.029998,trade,yes,False,False,40.0,47.72,,0.174066,0.02611,52.22,2000.0,-1.0,0.0,0.4552,-0.3247,-0.1154,-0.1154,False,,True,True,28.12,2026-06-29 11:12:11+00:00,,0.0,,0.5252,0.5,,0.0,0.0,0.0,0.7798,-1.0,0.3916,bullish,bearish,False,True,3.765,,False,False,True,,,33.59,0.0197,,11.0,-2.0,-1.0,69.46,-0.0446,,,,,,,,,,,,,,,,,,,-1.0,2809693.26,0.0,0.001826,-0.00847,0.0192,,,,,,,,,,,,,,,,,,,,,,,,,,,,,,,,,,,,,,,,,,,1574.96,0.1373,0.3166,0.0,win,,,,0.5168114243783574,27,2026-W27,0.65,True
2026-06-29 12:51:42,2026-06-29 12:00,KXETHD-26JUN2909-T1569.99,2026-06-29T13:00:00Z,1572.38,1569.99,-0.1518,0.5,real,0.681319,-0.4639,0.00146885,0.00121959,,,0.04,0.00105954,-1.0,1.0,2.0,1.0,1.0,0.2434,2.0,1.0,0.886,-1.0,0.00013424,-1.0,0.0,0.0,0.0,0.0,-0.2411,False,False,1.0,1.0,17.48,40.72,False,0.0,bearish,0.0,0.0,0.166319,0.133819,trade,yes,False,False,39.0,8.19,,0.332637,0.049896,99.79,2000.0,0.0,2.0,0.5909,-1.2931,-0.1777,-0.2537,True,,True,True,99.79,2026-06-29 12:51:42+00:00,,0.0,,0.503,0.2038,,0.0,0.0,0.0,0.8343,-1.0,0.5865,bullish,bearish,False,True,3.793,,False,False,True,,,32.22,1.1963,,12.0,-2.0,-0.9828,69.45,-0.5133,,,,,,,,,,,,,,,,,,,0.232,0.0,0.0,0.003896,-0.00951,0.01884,,,,,,,,,,,,,,,,,,,,,,,,,,,,,,,,,,,,,,,,,,,1577.55,0.3288,0.4815,0.0,win,,,,0.5001100130289896,27,2026-W27,0.5,True
2026-06-29 13:50:22,2026-06-29 13:00,KXETHD-26JUN2910-T1569.99,2026-06-29T14:00:00Z,1563.76,1569.99,0.3984,0.2,real,0.059054,0.9393,0.0012525,0.00146555,0.00152902,0.9585,0.03,0.00136981,-1.0,1.0,2.0,1.0,1.0,0.1,2.0,0.0,0.6376,-1.0,0.00012821,1.0,0.0,0.0,1.0,1.0,-0.6411,False,False,1.0,1.0,6.68,14.87,False,0.0,bearish,0.0,0.0,0.080982,0.058642,trade,no,False,False,39.0,9.55,,0.40491,0.05,100.0,2000.0,-1.0,6.0,0.5376,-1.2026,-0.3676,-0.2083,True,,False,True,25.0,2026-06-29 13:50:22+00:00,,0.0,,0.2,0.4283,,0.0,0.0,0.0,0.2681,-1.0,0.8001,bullish,bearish,False,True,4.364,,False,False,True,,,30.85,0.173,,13.0,-2.0,-0.8378,69.57,-0.3789,,,,,,,,,,,,,,,,,,,-0.3917,1792602.13,0.0,0.003719,-0.00779,0.0187,,,,,,,,,,,,,,,,,,,,,,,,,,,,,,,,,,,,,,,,,,,1569.77,0.3843,-0.014,0.0,win,,,,0.5095827481330006,27,2026-W27,0.8,False
2026-06-29 23:23:30,2026-06-29 23:00,KXETHD-26JUN2920-T1609.99,2026-06-30T00:00:00Z,1606.78,1609.99,0.1999,0.26,real,0.247691,0.8267,0.00032889,0.00034737,0.00051451,0.6752,0.02,0.00047662,1.0,1.0,2.0,1.0,1.0,0.1283,2.0,0.0,0.654,-1.0,0.00012378,0.0,0.0,0.0,0.0,0.0,0.8939,False,False,1.0,1.0,0.0,0.88,False,0.0,bullish,0.0,0.0,0.050003,0.02339,trade,no,False,False,41.0,36.41,,0.192318,0.028848,57.7,2000.0,3.0,3.0,0.7837,-0.285,-0.2213,-0.1204,False,,True,False,-57.7,2026-06-29 23:23:30+00:00,,0.0,,0.6393,0.0,,0.0,0.0,0.0,0.3291,-1.0,0.1971,bullish,bullish,False,False,4.526,1.679,False,False,False,,,28.66,0.0258,,23.0,-2.0,-1.0,66.39,-0.0159,,,,,,,,,,,,,,,,,,,0.1284,1151963.56,0.0,0.004361,-0.026,0.02441,,,,,,,,,,,,,,,,,,,,,,,,,,,,,,,,,,,,,,,,,,,1611.95,0.3218,0.1217,0.1217,marginal,,,,0.5063875313217171,27,2026-W27,0.74,False
2026-06-30 00:20:34,2026-06-30 00:00,KXETHD-26JUN2921-T1609.99,2026-06-30T01:00:00Z,1607.41,1609.99,0.1604,0.36,real,0.35321,0.5219,0.00049234,0.00056093,0.0007128,0.7869,0.01,0.00064421,1.0,0.0,1.0,1.0,0.0,-0.0754,2.0,0.0,0.5647,-1.0,0.00013993,0.0,0.0,0.0,0.0,0.0,,False,False,1.0,1.0,6.31,19.77,False,0.0,bullish,0.0,0.0,0.055446,0.02562,trade,no,False,False,41.0,39.36,,0.154016,0.023102,46.2,2000.0,2.0,4.0,0.5561,-0.1477,-0.1061,-0.2133,False,,False,True,25.99,2026-06-30 00:20:34+00:00,,0.0,,0.6043,0.0,,0.0,0.0,0.0,0.0633,1.0,0.635,bullish,bullish,False,False,4.485,1.718,False,False,False,,,28.31,0.139,,0.0,-2.0,-0.968,66.78,0.0104,,,,,,,,,,,,,,,,,,,0.0881,865419.1,0.0,0.003931,-0.02638,0.02152,,,,,,,,,,,,,,,,,,,,,,,,,,,,,,,,,,,,,,,,,,,1594.68,-0.792,-0.9509,0.0,win,,,,0.5580754728582704,27,2026-W27,0.64,False
2026-06-30 02:56:30,2026-06-30 02:00,KXETHD-26JUN2923-T1589.99,2026-06-30T03:00:00Z,1590.23,1589.99,-0.0153,0.49,real,0.579843,-0.1423,0.00050573,0.00051912,,,0.02,0.0006322,1.0,-1.0,0.0,2.0,-1.0,-0.1612,2.0,0.0,0.601,-1.0,0.00014675,0.0,0.0,0.0,1.0,1.0,-0.2422,False,False,0.0,0.0,20.72,20.89,False,0.0,neutral,0.0,0.0,0.074843,0.04235,trade,yes,False,False,40.0,3.42,,0.146751,0.022013,44.03,2000.0,-1.0,2.0,0.4946,0.0013,-0.022,-0.022,False,,False,False,-44.03,2026-06-30 02:56:30+00:00,,0.0,,0.5236,0.0,,0.0,0.0,0.0,0.6906,1.0,0.4913,bullish,bullish,False,False,5.613,0.656,False,False,False,,,23.7,0.6583,0.09,2.0,-2.0,-1.0,69.53,-0.0191,,,,,,,,,,,,,,,,,,,0.1315,0.0,0.0,0.00486,-0.00649,0.0206,,,,,,,,,,,,,,,,,,,,,,,,,,,,,,,,,,,,,,,,,,,1590.56,0.0208,0.0358,0.0358,marginal,,,,0.559947991022662,27,2026-W27,0.49,True
2026-06-30 03:32:10,2026-06-30 03:00,KXETHD-26JUN3000-T1589.99,2026-06-30T04:00:00Z,1588.03,1589.99,0.1237,0.35,real,0.384674,0.5128,0.00045126,0.00043108,0.00060907,0.7078,0.01,0.00054481,1.0,0.0,1.0,1.0,0.0,-0.0796,2.0,0.0,0.5098,-1.0,0.00014419,0.0,0.0,0.0,1.0,1.0,-0.3052,False,False,0.0,1.0,17.84,19.11,False,-1.0,neutral,0.0,0.0,0.045421,0.015594,trade,no,False,False,40.0,27.73,,0.129774,0.019466,38.93,2000.0,-1.0,3.0,0.5333,-0.0126,-0.2357,-0.0383,False,,False,True,20.96,2026-06-30 03:32:10+00:00,,0.0,,0.5869,0.0435,,0.0,0.0,0.0,0.1501,-1.0,0.4077,bullish,bullish,False,False,5.76,0.518,False,False,False,,,22.28,0.05,,3.0,-2.0,-1.0,69.67,0.054,,,,,,,,,,,,,,,,,,,0.1569,662821.57,0.0,0.00385,-0.0061,0.0195,,,,,,,,,,,,,,,,,,,,,,,,,,,,,,,,,,,,,,,,,,,1587.39,-0.0403,-0.1635,0.0,win,,,,0.534808596203089,27,2026-W27,0.65,False
2026-06-30 04:30:35,2026-06-30 04:00,KXETHD-26JUN3001-T1589.99,2026-06-30T05:00:00Z,1585.42,1589.99,0.288,0.22,real,0.191428,0.9281,0.000755,0.0006177,0.00068766,0.8983,0.04,0.00068111,1.0,0.0,1.0,2.0,-1.0,-0.2624,2.0,0.0,0.6619,-1.0,9.437e-05,0.0,-1.0,1.0,2.0,2.0,-0.4959,False,False,0.0,0.0,40.22,41.17,False,-1.0,neutral,0.0,0.0,0.055422,0.030798,trade,no,False,False,40.0,29.33,,0.251919,0.037788,75.58,2000.0,0.0,1.0,0.5223,0.0258,0.1931,0.1931,False,,False,True,21.32,2026-06-30 04:30:35+00:00,,0.0,,0.5221,1.0,,0.0,0.0,0.0,0.15,-1.0,0.582,bullish,bullish,False,False,5.934,0.355,False,False,False,,,21.47,0.0417,0.11,4.0,-2.0,-1.0,70.55,-0.3487,,,,,,,,,,,,,,,,,,,-0.0406,1113921.52,0.0,0.003962,-0.00698,0.01866,,,,,,,,,,,,,,,,,,,,,,,,,,,,,,,,,,,,,,,,,,,1587.78,0.1489,-0.139,0.0,win,,,,0.5241191877516734,27,2026-W27,0.78,False
2026-06-30 05:09:15,2026-06-30 05:00,KXETHD-26JUN3002-T1589.99,2026-06-30T06:00:00Z,1587.33,1589.99,0.1677,0.32,real,0.290936,0.5365,0.00073564,0.00043054,0.00050331,0.8554,0.01,0.00052233,1.0,0.0,1.0,2.0,-1.0,-0.2339,2.0,0.0,0.5928,-1.0,8.955e-05,0.0,-1.0,1.0,2.0,2.0,-0.4161,False,False,0.0,0.0,57.53,46.85,False,-1.0,neutral,0.0,0.0,0.04017,0.011063,trade,no,False,False,40.0,50.64,,0.125531,0.01883,37.66,2000.0,0.0,0.0,0.5174,-0.0924,0.0731,-0.0447,False,,False,True,17.72,2026-06-30 05:09:15+00:00,,0.0,,0.4944,0.974,,0.0,0.0,0.0,0.4454,-1.0,0.397,bullish,bullish,False,False,5.807,0.474,False,False,False,,,20.57,0.004,0.0,5.0,0.0,1.0,71.07,0.0295,,,,,,,,,,,,,,,,,,,0.2139,1026729.86,0.0,0.003384,-0.00678,0.01995,,,,,,,,,,,,,,,,,,,,,,,,,,,,,,,,,,,,,,,,,,,1591.43,0.2583,0.0906,0.0,win,,,,0.5142742999294821,27,2026-W27,0.6799999999999999,False
2026-06-30 06:08:48,2026-06-30 06:00,KXETHD-26JUN3003-T1589.99,2026-06-30T07:00:00Z,1587.65,1589.99,0.1476,0.32,real,0.347306,0.627,0.00032004,0.00030343,0.0004413,0.6876,0.01,0.00043311,1.0,-1.0,0.0,1.0,0.0,-0.0169,2.0,0.0,0.5588,-1.0,8.154e-05,0.0,0.0,0.0,1.0,1.0,-0.1918,False,False,-1.0,0.0,73.9,70.61,False,0.0,neutral,0.0,0.0,0.048525,0.019681,trade,no,False,False,40.0,51.08,,0.151642,0.022746,45.49,2000.0,1.0,2.0,0.7636,0.2507,0.0057,0.0,False,,True,False,-45.49,2026-06-30 06:08:48+00:00,,0.0,,0.6241,0.5,,0.0,0.0,0.0,0.8516,1.0,0.2433,bullish,bullish,False,False,5.786,0.494,False,False,False,,,19.75,0.0009,,6.0,0.0,1.0,71.31,0.1038,,,,,,,,,,,,,,,,,,,0.3169,789497.64,0.0,0.003285,-0.00638,0.01975,,,,,,,,,,,,,,,,,,,,,,,,,,,,,,,,,,,,,,,,,,,1593.47,0.3666,0.2189,0.2189,marginal,,,,0.5164303585812197,27,2026-W27,0.6799999999999999,False
2026-06-30 08:16:44,2026-06-30 08:00,KXETHD-26JUN3005-T1589.99,2026-06-30T09:00:00Z,1585.91,1589.99,0.2571,0.27,real,0.211459,1.0747,0.00032716,0.00030719,0.00063763,0.4818,0.02,0.00047839,1.0,-1.0,0.0,0.0,0.0,-0.029,2.0,0.0,0.4709,0.0,3.946e-05,0.0,0.0,0.0,1.0,1.0,-0.3629,False,False,1.0,0.0,24.74,45.77,False,-1.0,neutral,0.0,0.0,0.111559,0.087225,trade,no,False,False,40.0,43.18,,0.413181,0.05,100.0,2000.0,1.0,2.0,0.7636,-0.2932,-0.3145,-0.2306,False,,False,True,36.99,2026-06-30 08:16:44+00:00,,0.0,,0.6439,0.0,,0.0,0.0,0.0,0.7421,-1.0,0.2105,bullish,bullish,False,False,5.901,0.385,False,False,False,,,17.65,0.1761,,8.0,-2.0,-1.0,71.19,-0.0139,,,,,,,,,,,,,,,,,,,0.1598,998633.68,0.0,0.003135,-0.00607,0.01834,,,,,,,,,,,,,,,,,,,,,,,,,,,,,,,,,,,,,,,,,,,1584.15,-0.111,-0.3673,0.0,win,,,,0.5676095338314636,27,2026-W27,0.73,False
2026-06-30 09:05:35,2026-06-30 09:00,KXETHD-26JUN3006-T1589.99,2026-06-30T10:00:00Z,1583.8,1589.99,0.3909,0.22,real,0.198541,1.0795,0.00071303,0.00050578,0.00068558,0.7377,0.01,0.00058378,1.0,1.0,2.0,1.0,1.0,0.1225,2.0,0.0,0.4261,-1.0,9.692e-05,0.0,-1.0,1.0,2.0,2.0,-0.442,False,False,0.0,0.0,38.88,26.29,False,-1.0,neutral,0.0,0.0,0.084199,0.060984,trade,no,False,False,40.0,54.31,,0.382725,0.05,100.0,2000.0,0.0,3.0,0.642,-0.0176,0.0587,0.1275,False,,False,True,28.21,2026-06-30 09:05:35+00:00,,0.0,,0.592,1.0,,0.0,0.0,0.0,0.4888,1.0,0.659,bullish,bullish,False,False,6.043,0.252,False,False,False,,,18.3,0.0043,,9.0,-1.0,0.3865,71.75,0.1945,,,,,,,,,,,,,,,,,,,-0.636,1425981.42,0.0,0.003273,-0.00624,0.0197,,,,,,,,,,,,,,,,,,,,,,,,,,,,,,,,,,,,,,,,,,,1583.84,0.0025,-0.3868,0.0,win,,,,0.5706187994486565,27,2026-W27,0.78,False
2026-06-30 12:03:10,2026-06-30 12:00,KXETHD-26JUN3009-T1569.99,2026-06-30T13:00:00Z,1574.07,1569.99,-0.259,0.68,real,0.814405,-0.801,0.00056501,0.00053046,0.00073619,0.7205,0.01,0.0006321,0.0,1.0,2.0,1.0,0.0,-0.0164,2.0,0.0,0.6642,-1.0,9.158e-05,-1.0,-1.0,1.0,2.0,2.0,-0.818,False,False,1.0,1.0,0.0,0.36,False,-1.0,bearish,0.0,0.0,0.119405,0.089173,trade,yes,False,False,40.0,56.71,,0.373141,0.05,100.0,2000.0,-1.0,10.0,0.5376,-0.2069,-0.2618,-0.0444,False,,False,False,-100.0,2026-06-30 12:03:10+00:00,,0.0,,0.5371,0.0,,0.0,0.0,0.0,0.0239,1.0,0.4051,bullish,bearish,True,False,6.698,,False,False,False,,,18.98,0.0,,12.0,-2.0,-0.9993,72.02,-0.0732,,,,,,,,,,,,,,,,,,,-1.0,3250948.45,0.0,0.001391,-0.00623,0.02092,,,,,,,,,,,,,,,,,,,,,,,,,,,,,,,,,,,,,,,,,,,1552.29,-1.3837,-1.1274,1.1274,clear_loss,,,,0.5837592108345999,27,2026-W27,0.68,True
2026-06-30 16:16:57,2026-06-30 16:00,KXETHD-26JUN3013-T1569.99,2026-06-30T17:00:00Z,1563.34,1569.99,0.4251,0.27,real,0.204644,0.6653,0.00102734,0.00129436,0.00106041,1.2206,0.02,0.00116286,-1.0,-1.0,0.0,1.0,0.0,0.0123,2.0,0.0,0.4687,-1.0,0.00015003,1.0,0.0,0.0,0.0,0.0,-0.3023,False,False,1.0,0.0,53.55,55.52,False,-1.0,bearish,0.0,0.0,0.042173,0.014858,trade,no,False,False,39.0,42.62,,0.156196,0.035144,70.29,2000.0,-3.0,0.0,0.3176,-0.5837,-0.2975,-0.2956,False,,False,True,26.0,2026-06-30 16:16:57+00:00,,0.0,,0.4365,0.0,,0.0,0.0,0.0,0.1389,1.0,0.4726,bullish,bearish,False,False,7.43,,False,False,False,,,24.15,0.0367,,16.0,-2.0,-1.0,72.94,0.0573,,,,,,,,,,,,,,,,,,,-0.3682,1834093.64,0.0,0.004357,-0.04052,0.02025,,,,,,,,,,,,,,,,,,,,,,,,,,,,,,,,,,,,,,,,,,,1573.33,0.639,0.2127,0.0,win,,,,0.4812595522190177,27,2026-W27,0.73,True
2026-06-30 21:13:21,2026-06-30 21:00,KXETHD-26JUN3018-T1569.99,2026-06-30T22:00:00Z,1570.54,1569.99,-0.0353,0.5,real,0.649317,-0.0979,0.00043619,0.00050557,,,0.04,0.00062854,-1.0,-1.0,0.0,1.0,0.0,0.0148,2.0,0.0,0.5243,-1.0,0.00016116,0.0,0.0,0.0,0.0,0.0,0.2632,False,False,1.0,0.0,27.72,38.99,False,0.0,bearish,0.0,0.0,0.134317,0.101817,trade,yes,False,False,39.0,46.54,,0.268633,0.040295,80.59,2000.0,0.0,0.0,0.5174,-0.1175,-0.1637,-0.1314,False,,False,False,-80.59,2026-06-30 21:13:21+00:00,,0.0,,0.6124,0.5,,0.0,0.0,0.0,0.378,1.0,0.5863,bullish,bearish,False,False,6.937,,False,False,False,,,23.92,0.0267,,21.0,-2.0,-1.0,71.83,0.0033,,,,,,,,,,,,,,,,,,,0.0166,0.0,0.0,0.005453,-0.012,0.01208,,,,,,,,,,,,,,,,,,,,,,,,,,,,,,,,,,,,,,,,,,,1573.51,0.1891,0.2242,0.2242,marginal,,,,0.5129084186345175,27,2026-W27,0.5,True
2026-06-30 23:00:38,2026-06-30 23:00,KXETHD-26JUN3020-T1569.99,2026-07-01T00:00:00Z,1565.62,1569.99,0.2789,0.2,real,0.194472,0.9857,0.00044111,0.00038376,0.00042975,0.893,0.02,0.0004828,-1.0,0.0,1.0,1.0,0.0,0.0793,2.0,0.0,0.6699,-1.0,0.00015918,0.0,0.0,0.0,0.0,0.0,-0.0286,False,False,1.0,1.0,8.55,9.34,False,-1.0,bearish,0.0,0.0,0.046689,0.022603,trade,no,False,False,39.0,59.29,,0.233446,0.035017,70.03,2000.0,-3.0,4.0,0.5492,-0.0472,-0.0115,-0.03,False,,False,True,17.51,2026-06-30 23:00:38+00:00,,0.0,,0.5494,0.0,,0.0,0.0,0.0,1.0,-1.0,0.3491,bullish,bearish,False,False,7.274,,False,False,False,,,24.89,0.0017,,23.0,-2.0,-1.0,71.76,-0.3059,,,,,,,,,,,,,,,,,,,-0.0872,1616861.6,0.0,0.003999,-0.02172,0.01142,,,,,,,,,,,,,,,,,,,,,,,,,,,,,,,,,,,,,,,,,,,1572.09,0.4133,0.1338,0.0,win,,,,0.5270942555052545,27,2026-W27,0.8,False
2026-07-01 03:06:55,2026-07-01 03:00,KXETHD-26JUL0100-T1589.99,2026-07-01T04:00:00Z,1584.22,1589.99,0.3645,0.27,real,0.186934,0.7653,0.00061887,0.00074075,0.00081578,0.908,0.02,0.00077768,-1.0,-1.0,0.0,4.0,-1.0,-0.1494,2.0,0.0,0.4915,-1.0,0.00013425,0.0,1.0,-1.0,-2.0,-2.0,0.6499,False,False,-1.0,-1.0,95.78,95.51,True,1.0,bearish,0.0,0.0,0.076157,0.050218,trade,no,False,False,40.0,52.98,,0.282062,0.042309,84.62,2000.0,2.0,-7.0,0.3935,0.2355,0.0914,0.1748,False,,True,False,-84.62,2026-07-01 03:06:55+00:00,,0.0,,0.4106,0.0,,0.0,0.0,0.0,0.62,-1.0,0.4257,bullish,bullish,True,False,6.015,,False,False,True,,,26.17,0.0642,,3.0,0.0,1.0,70.51,0.1401,,,,,,,,,,,,,,,,,,,-0.1045,1644496.28,0.0,0.005043,-0.00695,0.01183,,,,,,,,,,,,,,,,,,,,,,,,,,,,,,,,,,,,,,,,,,,1596.52,0.7764,0.4107,0.4107,clear_loss,,,,0.4670756116602161,27,2026-W27,0.73,True
2026-07-01 10:25:57,2026-07-01 10:00,KXETHD-26JUL0107-T1569.99,2026-07-01T11:00:00Z,1572.86,1569.99,-0.1827,0.72,real,0.793812,-0.669,0.00046359,0.00039077,0.00053847,0.7257,0.02,0.00050987,1.0,-1.0,0.0,2.0,-1.0,-0.1516,2.0,0.0,0.6225,-1.0,9.894e-05,0.0,0.0,0.0,1.0,1.0,-0.6174,False,False,1.0,0.0,47.19,59.65,True,0.0,bearish,0.0,0.0,0.058812,0.0297,trade,yes,False,False,39.0,33.95,,0.210044,0.031507,63.01,2000.0,0.0,1.0,0.5223,-0.3308,0.0667,0.0,False,,True,True,24.5,2026-07-01 10:25:57+00:00,,0.0,,0.5599,0.5,,0.0,0.0,0.0,0.943,-1.0,0.3555,bullish,bullish,True,False,6.78,,False,False,True,,,24.72,0.1942,,10.0,-2.0,-0.6163,70.42,0.1194,,,,,,,,,,,,,,,,,,,0.2203,0.0,421926.35,0.004541,-0.00784,0.01133,,,,,,,,,,,,,,,,,,,,,,,,,,,,,,,,,,,,,,,,,,,1572.95,0.0057,0.1885,0.0,win,,,,0.516916155934269,27,2026-W27,0.72,True
2026-07-01 11:14:55,2026-07-01 11:00,KXETHD-26JUL0108-T1569.99,2026-07-01T12:00:00Z,1572.9,1569.99,-0.1851,0.73,real,0.788137,-0.726,0.0003256,0.00032668,0.00045068,0.7249,0.02,0.00045287,1.0,-1.0,0.0,2.0,-1.0,-0.1015,2.0,0.0,0.5162,-1.0,0.00011754,0.0,0.0,0.0,1.0,1.0,-0.6832,False,False,0.0,0.0,38.08,30.65,False,-1.0,bearish,0.0,0.0,0.043137,0.01434,trade,yes,False,False,39.0,44.99,,0.159767,0.023965,47.93,2000.0,0.0,1.0,0.5223,0.138,0.1049,0.0883,False,,False,False,-47.93,2026-07-01 11:14:55+00:00,,0.0,,0.5295,1.0,,0.0,0.0,0.0,1.0,1.0,0.3483,bullish,bullish,True,False,6.777,,False,False,True,,,25.67,0.0869,,11.0,-2.0,-0.7705,70.41,-0.021,,,,,,,,,,,,,,,,,,,0.4101,0.0,699887.73,0.002859,-0.0068,0.01977,,,,,,,,,,,,,,,,,,,,,,,,,,,,,,,,,,,,,,,,,,,1569.77,-0.199,-0.014,0.014,near_miss,,,,0.5370685786342361,27,2026-W27,0.73,True
2026-07-01 12:42:09,2026-07-01 12:00,KXETHD-26JUL0109-T1569.99,2026-07-01T13:00:00Z,1566.82,1569.99,0.2022,0.2,real,0.077648,0.9907,0.0005464,0.00049536,0.00056938,0.87,0.01,0.0005758,1.0,0.0,1.0,1.0,0.0,-0.0702,2.0,0.0,0.7211,-1.0,8.806e-05,0.0,0.0,0.0,1.0,1.0,-1.081,False,False,1.0,1.0,6.86,12.59,True,-1.0,bearish,0.0,0.0,0.074202,0.051504,trade,no,False,False,39.0,17.78,,0.37101,0.05,100.0,2000.0,-2.0,6.0,0.5918,0.0077,-0.1802,0.0402,False,,False,True,25.0,2026-07-01 12:42:09+00:00,,0.0,,0.3334,0.8265,,0.0,0.0,0.0,1.0,1.0,0.6401,bullish,bullish,True,False,7.192,,False,False,True,,,26.91,0.0648,-0.15,12.0,-2.0,-1.0,70.78,0.0221,,,,,,,,,,,,,,,,,,,0.2025,1016378.39,0.0,0.004151,-0.00765,0.01862,,,,,,,,,,,,,,,,,,,,,,,,,,,,,,,,,,,,,,,,,,,1568.97,0.1372,-0.065,0.0,win,,,,0.5277757162334326,27,2026-W27,0.8,False
2026-07-02 01:03:07,2026-07-02 01:00,KXETHD-26JUL0122-T1609.99,2026-07-02T02:00:00Z,1603.29,1609.99,0.418,0.21,real,0.25386,0.9806,0.00065553,0.00074213,0.0006863,1.0813,0.01,0.00074258,1.0,0.0,1.0,1.0,0.0,0.0323,2.0,0.0,0.5974,-1.0,9.67e-05,0.0,0.0,0.0,0.0,0.0,0.0398,False,False,1.0,1.0,12.87,9.0,True,0.0,neutral,0.0,0.0,0.039529,0.01463,trade,no,False,False,41.0,56.8,,0.188232,0.028235,56.47,2000.0,1.0,3.0,0.6837,0.0237,-0.0661,0.0424,False,,True,False,-56.47,2026-07-02 01:03:07+00:00,,0.0,,0.6662,0.3191,,0.0,0.0,0.0,0.6202,1.0,0.662,bullish,bullish,False,False,4.753,2.091,False,False,False,,,22.68,0.038,,1.0,0.0,0.9921,66.46,-0.2624,,,,,,,,,,,,,,,,,,,-0.7348,2439175.79,0.0,0.005897,-0.0071,0.00661,,,,,,,,,,,,,,,,,,,,,,,,,,,,,,,,,,,,,,,,,,,1618.95,0.9767,0.5565,0.5565,clear_loss,,,,0.5013652596835059,27,2026-W27,0.79,False
2026-07-02 09:29:06,2026-07-02 09:00,KXETHD-26JUL0206-T1629.99,2026-07-02T10:00:00Z,1627.09,1629.99,0.1785,0.23,real,0.161636,0.7933,0.00062299,0.00048126,0.00043478,1.1069,0.01,0.00053277,0.0,0.0,1.0,2.0,1.0,0.1884,2.0,0.0,0.6709,-1.0,8.097e-05,0.0,0.0,0.0,0.0,0.0,0.0837,False,False,-1.0,-1.0,100.0,75.8,False,1.0,bullish,0.0,0.0,0.066848,0.042291,trade,no,False,False,42.0,30.81,,0.290644,0.043597,87.19,2000.0,4.0,-2.0,0.5613,0.2812,0.3312,0.1992,False,,True,False,-87.19,2026-07-02 09:29:06+00:00,,0.0,,0.2593,0.5722,,0.0,0.0,0.0,0.3719,-1.0,0.2731,bullish,bullish,False,False,3.221,1.165,False,False,True,,,22.6,0.0469,,9.0,0.0,0.9712,66.71,0.071,,,,,,,,,,,,,,,,,,,-0.0828,612039.1,0.0,0.006358,-0.00671,0.0069,,,,,,,,,,,,,,,,,,,,,,,,,,,,,,,,,,,,,,,,,,,1645.03,1.1026,0.9227,0.9227,clear_loss,,,,0.45186982344206783,27,2026-W27,0.77,True
2026-07-02 10:04:08,2026-07-02 10:00,KXETHD-26JUL0207-T1649.99,2026-07-02T11:00:00Z,1641.67,1649.99,0.5067,0.21,real,0.178272,0.9307,0.00123235,0.00088619,0.00083927,1.0559,0.03,0.00086574,0.0,-1.0,0.0,1.0,0.0,0.0575,2.0,0.0,0.536,-1.0,5.835e-05,0.0,0.0,0.0,-1.0,-1.0,0.6872,False,False,-1.0,0.0,77.22,81.29,False,1.0,bullish,0.0,0.0,0.046252,0.021667,trade,no,False,False,44.0,55.77,,0.22025,0.033037,66.07,2000.0,6.0,-5.0,0.5144,0.4311,0.0987,-0.1495,False,,False,True,17.56,2026-07-02 10:04:08+00:00,,0.0,,0.521,0.6908,,0.0,0.0,0.0,0.3439,1.0,0.5426,bullish,bullish,False,False,2.304,2.043,False,False,True,,,24.48,0.0055,,10.0,-2.0,-1.0,66.2,1.8156,,,,,,,,,,,,,,,,,,,-1.0,4874296.76,0.0,0.016778,-0.00634,0.01908,,,,,,,,,,,,,,,,,,,,,,,,,,,,,,,,,,,,,,,,,,,1647.13,0.3326,-0.1733,0.0,win,,,,0.4595159907392094,27,2026-W27,0.79,True
2026-07-02 12:05:03,2026-07-02 12:00,KXETHD-26JUL0209-T1649.99,2026-07-02T13:00:00Z,1646.16,1649.99,0.233,0.36,real,0.332556,0.4486,0.00084837,0.00082923,0.00087634,0.9462,0.01,0.0008335,0.0,0.0,1.0,2.0,1.0,0.1529,2.0,0.0,0.7162,-1.0,6.368e-05,1.0,0.0,0.0,-1.0,-1.0,0.8224,False,False,-1.0,-1.0,79.76,81.43,True,1.0,bullish,0.0,0.0,0.041239,0.011039,trade,no,False,False,44.0,54.87,,0.114554,0.017183,34.37,2000.0,6.0,-6.0,0.5144,0.1385,0.1282,-0.1672,False,,True,False,-34.37,2026-07-02 12:05:03+00:00,,0.0,,0.538,0.1209,,0.0,0.0,0.0,0.595,1.0,0.5491,bullish,bullish,False,False,2.026,2.31,False,False,False,,,26.47,0.0146,,12.0,0.0,0.8572,65.03,-0.0674,,,,,,,,,,,,,,,,,,,-1.0,5139122.01,0.0,0.001191,-0.00687,0.00677,,,,,,,,,,,,,,,,,,,,,,,,,,,,,,,,,,,,,,,,,,,1662.87,1.0151,0.7806,0.7806,clear_loss,,,,0.46961636713302896,27,2026-W27,0.64,True
2026-07-02 13:48:19,2026-07-02 13:00,KXETHD-26JUL0210-T1709.99,2026-07-02T14:00:00Z,1710.24,1709.99,-0.0148,0.5,real,0.770504,-0.0174,0.00221032,0.00264985,,,0.04,0.00188912,0.0,-1.0,0.0,3.0,0.0,-0.0476,2.0,0.0,0.7019,-1.0,5.94e-05,1.0,1.0,-1.0,-2.0,-2.0,3.6375,False,False,-1.0,-1.0,98.36,91.08,False,1.0,bullish,0.0,0.0,0.255504,0.223004,trade,yes,False,False,47.0,11.61,,0.511009,0.05,100.0,2000.0,7.0,-15.0,0.5144,2.3472,0.5206,0.1023,True,,False,False,-100.0,2026-07-02 13:48:19+00:00,,0.0,,0.7652,0.6977,,0.0,0.0,0.0,0.8196,1.0,0.6332,bullish,bullish,False,False,1.123,5.971,False,False,False,,,29.53,0.9491,,13.0,1.0,0.8093,62.81,2.3811,,,,,,,,,,,,,,,,,,,-1.0,5064498.42,0.0,0.001726,-0.00675,0.0074,,,,,,,,,,,,,,,,,,,,,,,,,,,,,,,,,,,,,,,,,,,1709.18,-0.062,-0.0474,0.0474,marginal,,,,0.4603485185847379,27,2026-W27,0.5,False
2026-07-02 21:00:52,2026-07-02 21:00,KXETHD-26JUL0218-T1709.99,2026-07-02T22:00:00Z,1702.91,1709.99,0.416,0.21,real,0.177527,0.9312,0.00047096,0.00055371,0.00066981,0.8267,0.04,0.00063047,0.0,0.0,1.0,1.0,1.0,0.1039,2.0,0.0,0.5734,-1.0,0.00011848,0.0,0.0,0.0,-1.0,-1.0,1.1805,False,False,-1.0,0.0,78.88,53.95,True,1.0,bullish,0.0,0.0,0.047123,0.022579,trade,no,False,False,47.0,59.06,,0.224397,0.03366,84.15,2500.0,6.0,-6.0,0.5144,0.4899,0.3184,0.2305,False,,False,True,22.37,2026-07-02 21:00:52+00:00,,0.0,,0.5155,1.0,,0.0,0.0,0.0,1.0,1.0,0.518,bullish,bullish,False,False,1.559,3.04,False,False,False,,,42.57,0.0018,,21.0,1.0,1.0,60.8,-0.0379,,,,,,,,,,,,,,,,,,,-1.0,4315521.75,0.0,0.017548,-0.00694,0.01943,,,,,,,,,,,,,,,,,,,,,,,,,,,,,,,,,,,,,,,,,,,1698.33,-0.269,-0.6819,0.0,win,,,,0.4846706536046859,27,2026-W27,0.79,True
2026-07-03 01:24:59,2026-07-03 01:00,KXETHD-26JUL0222-T1709.99,2026-07-03T02:00:00Z,1708.14,1709.99,0.1085,0.48,real,0.445941,0.1045,0.00098018,0.00104954,0.00366013,0.2867,0.01,0.00175741,0.0,-1.0,0.0,2.0,0.0,-0.0783,2.0,1.0,0.8005,-1.0,0.00012742,0.0,1.0,-1.0,-2.0,-2.0,0.455,False,False,-1.0,0.0,70.72,66.78,False,1.0,bullish,0.0,0.0,0.051669,0.019528,trade,no,False,False,47.0,34.91,,0.107643,0.016146,40.37,2500.0,6.0,-5.0,0.5144,0.7134,-0.2763,0.1651,False,,True,False,-40.37,2026-07-03 01:24:59+00:00,,0.0,,0.4245,0.0754,,0.0,0.0,0.0,0.8261,1.0,0.6186,bullish,bullish,False,False,1.248,3.337,False,False,False,,,45.37,0.3202,0.29,1.0,0.0,0.1211,61.18,-0.5177,,,,,,,,,,,,,,,,,,,-1.0,5122669.2,0.0,0.001548,-0.00644,0.00793,,,,,,,,,,,,,,,,,,,,,,,,,,,,,,,,,,,,,,,,,,,1712.65,0.264,0.1556,0.1556,marginal,,,,0.45195227067061716,27,2026-W27,0.52,True
2026-07-03 06:03:51,2026-07-03 06:00,KXETHD-26JUL0303-T1719.99,2026-07-03T07:00:00Z,1714.08,1719.99,0.3446,0.22,real,0.182481,0.9258,0.00072264,0.00052211,0.00059508,0.8774,0.03,0.00059085,1.0,-1.0,0.0,2.0,0.0,-0.0002,2.0,0.0,0.4093,-1.0,0.00015899,0.0,1.0,-1.0,-2.0,-2.0,0.6634,False,False,-1.0,0.0,73.44,70.42,False,1.0,bullish,0.0,0.0,0.051412,0.0266,trade,no,False,False,44.0,56.03,,0.23369,0.035053,87.63,2500.0,6.0,-2.0,0.5613,0.0933,0.1096,0.1096,False,,False,True,24.72,2026-07-03 06:03:51+00:00,,0.0,,0.5479,0.5,,0.0,0.0,0.0,1.0,-1.0,0.5694,bullish,bullish,False,False,0.896,3.673,False,False,False,0.8272,0.0,50.64,0.0009,,6.0,1.0,1.0,61.2,-0.0213,-6343.79,75625375.31,1.06184,120848925.2,1.036144,0.5624,4568979.27,0.9866,0.0487,1.0,0.0148,1.6096,1650.0,-3.7387,1.3256,-1.34e-05,,,-0.449,1776548.61,0.0,0.007187,-0.00686,0.0067,0.0,0.0221,,20.0,-0.1317,335.3,0.00027,ihs,85.0,-1.3996,1.6e-05,0.01695,22.0,,,,,,,,6.9e-05,1.0,0.0,,,,2.579487,0.7567,-0.073175,-0.01685,7.8e-05,-0.002085,6.0,1.0,1.0,1.0,2.0,1.0,,,,,1715.88,0.105,-0.239,0.0,win,,,,0.48578214593310054,27,2026-W27,0.78,True
2026-07-03 07:07:28,2026-07-03 07:00,KXETHD-26JUL0304-T1719.99,2026-07-03T08:00:00Z,1714.16,1719.99,0.3402,0.21,real,0.172842,0.9985,0.00061948,0.00048336,0.00058143,0.8313,0.01,0.00055902,1.0,-1.0,0.0,1.0,0.0,0.0031,2.0,0.0,0.4111,-1.0,0.00014852,0.0,0.0,0.0,-1.0,-1.0,0.6281,False,False,0.0,0.0,68.77,65.56,False,1.0,bullish,0.0,0.0,0.049162,0.024714,trade,no,False,False,44.0,52.46,,0.234106,0.035116,87.79,2500.0,6.0,-1.0,0.674,-0.1559,0.0431,0.0262,False,,False,True,23.34,2026-07-03 07:07:28+00:00,,0.0,,0.6314,1.0,,0.0,0.0,0.0,1.0,1.0,0.5803,bullish,bullish,False,False,0.892,3.677,False,False,True,0.7874,0.0,51.74,0.0148,,7.0,0.0,0.3632,60.88,0.0212,1085.25,75625375.31,1.06184,120848925.2,1.036144,0.5624,4568979.27,0.9876,0.0513,1.0,0.2244,0.7384,1650.0,-3.7429,1.3132,-1.33e-05,,,-0.4833,1906407.61,0.0,0.00733,-0.00744,0.00705,0.0,0.0185,,20.0,0.0802,209.2,-0.000221,ihs,86.0,-1.3996,1.6e-05,0.01695,22.0,,,,,,,,0.000134,0.8953,2.0,,,,2.612748,0.7534,-0.070755,-0.016297,-0.000288,-0.00075,6.0,1.0,1.0,1.0,2.0,1.0,,,,,1720.08,0.3454,0.0052,0.0,win,,,,0.4656369027457267,27,2026-W27,0.79,True
2026-07-03 18:32:34,2026-07-03 18:00,KXETHD-26JUL0315-T1739.99,2026-07-03T19:00:00Z,1736.93,1739.99,0.1762,0.23,real,0.194988,0.8679,0.00030923,0.00036726,0.00045561,0.8061,0.01,0.00046164,1.0,0.0,1.0,1.0,1.0,0.1247,2.0,0.0,0.7817,-1.0,0.00019775,1.0,0.0,0.0,0.0,0.0,0.2268,False,False,0.0,0.0,70.83,59.34,False,1.0,bullish,0.0,0.0,0.049532,0.024179,trade,no,False,False,45.0,27.36,,0.215356,0.032303,80.76,2500.0,6.0,0.0,0.65,0.0138,-0.0075,0.0783,False,,False,True,24.12,2026-07-03 18:32:34+00:00,,0.0,,0.52,1.0,,0.0,0.0,0.0,0.3353,1.0,0.3329,bullish,bullish,False,False,10.126,4.94,False,False,False,0.6219,0.0,58.04,0.0153,0.11,18.0,1.0,1.0,61.13,0.0078,-6715.92,-132051936.26,0.936718,187663543.25,0.963707,0.6472,8641355.76,0.9811,0.0448,0.0,0.0198,0.2543,1700.0,-2.1261,1.5892,-1.27e-05,,,-0.036,615884.93,0.0,0.007557,-0.01111,0.0074,0.0,0.0178,,20.0,-0.5583,741.8,0.000137,ihs,97.0,-1.3996,1.6e-05,0.01695,22.0,,,,,,,,0.000506,0.9365,1.0,,,,2.896229,0.6123,-0.403648,-0.074012,0.000238,-0.001392,6.0,1.0,1.0,1.0,2.0,1.0,,,,4.0,1739.13,0.1267,-0.0494,0.0,win,,,,0.46988568857647867,27,2026-W27,0.77,True
2026-07-03 19:10:00,2026-07-03 19:00,KXETHD-26JUL0316-T1739.99,2026-07-03T20:00:00Z,1736.94,1739.99,0.1755,0.28,real,0.245644,0.7309,0.00019296,0.00026925,0.00042573,0.6324,0.04,0.00040409,1.0,-1.0,0.0,2.0,0.0,-0.0179,2.0,0.0,0.753,-1.0,0.00019731,0.0,0.0,0.0,0.0,0.0,0.2601,False,False,0.0,-1.0,81.31,81.31,False,1.0,bullish,0.0,0.0,0.046527,0.019,trade,no,False,False,76.0,49.91,,0.166169,0.024925,62.31,2500.0,6.0,-1.0,0.674,0.0328,0.0035,0.0121,False,,True,False,-62.31,2026-07-03 19:10:00+00:00,,0.0,,0.6019,0.9535,,0.0,0.0,0.0,0.8068,1.0,0.2101,bullish,bullish,False,False,10.125,4.94,False,False,False,0.6405,0.0,57.89,0.0195,-0.01,19.0,1.0,1.0,61.16,-0.1125,110.36,-132051936.26,0.936718,187663543.25,0.963707,0.6472,8641355.76,0.9805,0.0448,1.0,0.1847,0.992,1700.0,-2.1269,1.5892,-1.27e-05,,,-1.0,4575833.8,0.0,0.004523,-0.0124,0.00688,0.0,0.0179,,20.0,-0.6906,772.0,0.000297,ihs,98.0,-1.3996,1.6e-05,0.01695,22.0,,,,,,,,0.000516,0.9903,1.0,,,,2.930605,0.601,-0.218316,-0.072294,-8.4e-05,-0.000764,6.0,1.0,1.0,1.0,2.0,1.0,,,,4.0,1745.89,0.5153,0.3391,0.3391,clear_loss,,,,0.4726615521525611,27,2026-W27,0.72,True
2026-07-04 06:06:47,2026-07-04 06:00,KXETHD-26JUL0403-T1759.99,2026-07-04T07:00:00Z,1756.67,1759.99,0.1889,0.24,real,0.203585,0.8975,0.00039311,0.00033689,0.00036678,0.9185,0.01,0.00042444,1.0,-1.0,0.0,2.0,-1.0,-0.1037,2.0,0.0,0.3441,-1.0,0.00010128,0.0,0.0,0.0,0.0,0.0,0.1852,False,False,0.0,0.0,51.89,58.12,False,1.0,bullish,0.0,0.0,0.053421,0.027797,trade,no,False,False,41.0,53.08,,0.222588,0.033388,83.47,2500.0,5.0,0.0,0.65,-0.0376,0.0273,0.0,False,,False,True,26.36,2026-07-04 06:06:47+00:00,,0.0,,0.6207,1.0,,0.0,0.0,0.0,1.0,-1.0,0.123,bullish,bullish,False,False,8.888,6.008,False,False,False,0.5829,0.0,56.91,0.0009,,6.0,1.0,1.0,61.53,-0.0219,10324.25,-2278336.77,0.997235,257031004.73,0.969189,3.9624,2176022.87,0.9733,0.0177,0.0,1.5631,0.2813,1700.0,-3.2261,1.6601,-1.23e-05,,,-0.1559,1211353.7,0.0,0.007601,-0.00726,0.0075,0.0,0.0182,,20.0,0.2803,201.6,-0.000374,ihs,109.0,-1.3996,1.6e-05,0.01695,22.0,,,,,,,,0.00114,0.9039,2.0,,,,2.482171,0.5132,-0.127796,-0.040807,-0.000344,0.000465,6.0,1.0,1.0,1.0,2.0,1.0,,,,,1755.36,-0.0746,-0.2631,0.0,win,,,,0.4929071700283364,27,2026-W27,0.76,True
2026-07-04 08:14:21,2026-07-04 08:00,KXETHD-26JUL0405-T1759.99,2026-07-04T09:00:00Z,1757.37,1759.99,0.1493,0.32,real,0.255951,0.6699,0.00030953,0.00029868,0.00047249,0.6322,0.04,0.00043403,0.0,-1.0,0.0,1.0,0.0,-0.0624,2.0,0.0,0.4623,-1.0,9.074e-05,0.0,0.0,0.0,-1.0,-1.0,0.3056,False,False,0.0,0.0,53.37,43.49,False,1.0,bullish,0.0,0.0,0.080562,0.052814,trade,no,False,False,41.0,45.58,,0.251756,0.037763,94.41,2500.0,4.0,0.0,0.65,0.168,0.0,0.0,False,,True,False,-94.41,2026-07-04 08:14:21+00:00,,0.0,,0.5186,0.5,,0.0,0.0,0.0,0.8369,1.0,0.0638,bullish,bullish,False,False,8.845,6.045,False,False,False,0.6397,0.0,55.73,0.0028,0.1,8.0,1.0,1.0,61.1,-0.0507,-10376.75,-2278336.77,0.997235,257031004.73,0.969189,3.9624,2176022.87,0.9721,0.0176,0.0,1.4432,0.3053,1700.0,-3.2643,1.6599,-1.22e-05,,,0.0241,553304.14,0.0,0.005204,-0.01171,0.01971,0.0,0.0185,,20.0,0.3573,134.0,-0.000516,ihs,111.0,-1.3996,1.6e-05,0.01695,22.0,,,,,,,,0.001113,0.9126,2.0,,,,2.29755,0.5548,-0.030994,-0.03389,6.1e-05,-0.000208,6.0,1.0,1.0,1.0,2.0,1.0,,,,4.0,1764.12,0.3841,0.2347,0.2347,marginal,,,,0.4921897504032839,27,2026-W27,0.6799999999999999,True
2026-07-04 09:25:38,2026-07-04 09:00,KXETHD-26JUL0406-T1759.99,2026-07-04T10:00:00Z,1757.97,1759.99,0.1147,0.24,real,0.204705,0.7156,0.00038348,0.00025461,0.00027718,0.9186,0.04,0.00035994,0.0,-1.0,0.0,3.0,0.0,-0.0146,2.0,0.0,0.7255,-1.0,8.345e-05,0.0,1.0,-1.0,-2.0,-2.0,0.5863,False,False,-1.0,-1.0,100.0,100.0,False,1.0,bullish,0.0,0.0,0.047061,0.021161,trade,no,False,False,42.0,34.28,,0.196088,0.029413,73.53,2500.0,5.0,-6.0,0.5144,0.0,0.0,0.0,False,,False,True,23.22,2026-07-04 09:25:38+00:00,,0.0,,0.312,0.5,,0.0,0.0,0.0,0.0,1.0,0.0586,bullish,bullish,False,False,8.808,6.078,False,False,False,0.7842,0.0,55.77,0.0,,9.0,-1.0,-1.0,61.06,-0.0586,-9900.78,-22411945.22,0.969947,125591672.56,1.10504,0.2843,1431909.16,0.9733,0.0161,1.0,0.0311,0.2373,1700.0,-3.2978,0.6348,-1.21e-05,,,-1.0,11582906.43,0.0,0.000985,-0.01092,0.01936,0.0,0.0178,,20.0,0.275,140.3,-0.000275,ihs,112.0,-1.3996,1.6e-05,0.01695,22.0,,,,,,,,0.001174,0.9098,2.0,,,,2.226477,0.5639,-0.036061,-0.007247,-0.000117,-0.001134,6.0,1.0,1.0,1.0,2.0,1.0,,,,,1757.93,-0.0023,-0.117,0.0,win,,,,0.5247333613762508,27,2026-W27,0.76,False
2026-07-04 10:21:01,2026-07-04 10:00,KXETHD-26JUL0407-T1759.99,2026-07-04T11:00:00Z,1757.66,1759.99,0.1328,0.27,real,0.239924,0.7525,0.00040127,0.00025552,0.00034709,0.7362,0.03,0.0003719,0.0,-1.0,0.0,1.0,0.0,0.0548,2.0,0.0,0.7006,-1.0,0.00011037,0.0,0.0,0.0,-1.0,-1.0,0.3414,False,False,0.0,0.0,62.12,53.65,False,1.0,bullish,0.0,0.0,0.049848,0.02283,trade,no,False,False,41.0,38.92,,0.184621,0.027693,69.23,2500.0,4.0,0.0,0.65,0.1417,0.0586,0.0341,False,,False,True,25.61,2026-07-04 10:21:01+00:00,,0.0,,0.5606,1.0,,0.0,0.0,0.0,0.994,1.0,0.0876,bullish,bullish,False,False,8.827,6.061,False,False,False,0.6214,0.0,55.32,0.0237,-0.04,10.0,1.0,1.0,61.03,0.0823,-12004.62,-22411945.22,0.969947,125591672.56,1.10504,0.2843,1431909.16,0.9721,0.0172,1.0,7.525,0.7577,1700.0,-3.2803,0.6256,-1.22e-05,,,0.1377,614808.18,0.0,0.00383,-0.01123,0.01954,0.0,0.0183,,20.0,0.4135,215.0,-0.000283,ihs,113.0,-1.3996,1.6e-05,0.01695,22.0,,,,,,,,0.00107,0.8944,2.0,,,,2.200465,0.671,-0.039999,-0.045267,-3e-06,0.001274,6.0,1.0,1.0,1.0,2.0,1.0,,,,4.0,1758.25,0.0336,-0.0989,0.0,win,,,,0.4841907678839945,27,2026-W27,0.73,True
2026-07-04 11:08:34,2026-07-04 11:00,KXETHD-26JUL0408-T1759.99,2026-07-04T12:00:00Z,1756.12,1759.99,0.2204,0.17,real,0.079812,1.5721,0.0002204,0.00019069,0.00032208,0.5921,0.01,0.00032578,0.0,0.0,1.0,1.0,0.0,-0.0037,2.0,1.0,0.8481,-1.0,0.00012126,0.0,0.0,0.0,0.0,0.0,0.1698,False,False,1.0,1.0,15.96,33.43,False,0.0,bullish,0.0,0.0,0.113135,0.094381,trade,no,False,False,41.0,51.34,,0.665502,0.05,125.0,2500.0,4.0,1.0,0.7532,-0.1194,-0.0955,-0.0319,False,,False,True,25.6,2026-07-04 11:08:34+00:00,,0.0,,0.709,0.4036,,0.0,0.0,0.0,1.0,1.0,0.0476,bullish,bullish,False,False,8.923,5.978,False,False,False,0.5046,0.0,54.86,0.1897,-0.04,11.0,-1.0,-1.0,61.01,0.0757,-1579.76,-22411945.22,0.969947,125591672.56,1.10504,0.2843,1431909.16,0.9706,0.0162,1.0,0.8605,0.6972,1700.0,-3.1956,0.6177,-1.22e-05,,,-0.0141,977406.3,0.0,0.004291,-0.01171,0.02043,0.0,0.0193,,20.0,0.2396,198.1,-0.000228,ihs,114.0,-1.3996,1.6e-05,0.01695,22.0,,,,,,,,0.000992,0.8906,2.0,,,,2.195126,0.7711,-0.029232,-0.070572,-0.000333,-0.000121,6.0,1.0,2.0,1.0,2.0,1.0,,,,2.0,1758.08,0.1116,-0.1085,0.0,win,,,,0.47925889608707367,27,2026-W27,0.83,True
2026-07-04 13:02:15,2026-07-04 13:00,KXETHD-26JUL0410-T1759.99,2026-07-04T14:00:00Z,1762.41,1759.99,-0.1375,0.68,real,0.736012,-0.6274,0.00030991,0.00033578,0.00038746,0.8666,0.01,0.00042476,0.0,-1.0,0.0,3.0,-1.0,-0.1019,2.0,0.0,0.7504,0.0,4.244e-05,0.0,1.0,-1.0,-2.0,-2.0,0.6113,False,False,-1.0,-1.0,83.55,83.55,True,1.0,bullish,0.0,0.0,0.056012,0.02578,trade,yes,False,False,42.0,57.67,,0.175037,0.026256,65.64,2500.0,4.0,-8.0,0.5144,0.03,0.0,0.0,False,,True,True,30.89,2026-07-04 13:02:15+00:00,,0.0,,0.5049,0.5,,0.0,0.0,0.0,0.0,1.0,0.1265,bullish,bullish,False,False,8.534,6.314,False,False,True,0.7717,0.0,54.61,0.0,,13.0,1.0,1.0,60.92,0.1678,4180.76,-20547233.35,0.961713,-105202526.68,1.024803,0.7706,1137932.73,0.9693,0.0177,1.0,0.154,0.6782,1700.0,-3.5414,0.5908,-1.2e-05,,,-1.0,5152111.54,0.0,0.002643,-0.0073,0.00746,0.0,0.0176,,20.0,0.4381,280.3,-0.000339,ihs,116.0,-1.3996,1.6e-05,0.01695,22.0,,,,,,,,0.000409,0.8843,2.0,,,,1.970548,0.6316,-0.033412,-0.054239,-0.000163,-0.00093,6.0,1.0,3.0,1.0,2.0,1.0,,,,,1764.17,0.0999,0.2375,0.0,win,,,,0.49632557082202655,27,2026-W27,0.68,False
