logged_at,decision_time,contract_ticker,close_ts,spot,strike,offset_pct,p_market,p_market_source,p_yes_model,z_score,vol_60m,vol_60m_model,vol_implied_kalshi,vol_ratio,spread,vol_eff,structure_bias,confirmation_bias,confirmation_score,no_score,obi_score,obi_raw,obi_exchanges,vpin_score,vpin_raw,funding_bias,avg_funding_rate,vol_score,vwap_score,vwap_signal,vwap_total,vwap_stretch_score,vwap_distance_pct,bearish_rejection,bullish_rejection,ema_stretch_score,stoch_bias,stoch_k,stoch_d,stoch_crossover_active,ema_stack_bias,ema_alignment,z_shift,direction_strength,raw_edge,net_edge,decision,side,neutral_gate,pure_edge_gate,contracts_scanned,tau_minutes,gate_blocked,kelly_fraction,bet_fraction,bet_amount,bankroll,composite_trend,composite_rev,composite_p_up,chg_30m,chg_10m,chg_5m,sharp_move_active,stoch_flipped,resolved_yes,would_win,would_pnl,logged_at_parsed,cmf_raw,cmf_score,stoch_k_4h,p_up_v2,bp_5m,bp_1h,chg_1h,chg_2h,chg_3h,body_15m,dir_15m,p_gbdt,smc_4h,smc_1h,choch_1h,choch_4h,supply_pct,demand_pct,in_supply_zone,in_demand_zone,squeeze_1h,kc_pct_1h,kc_bo_1h,adx_1h,rvol_1h,pm_drift_5m,hour_utc,liq_score,liq_bias,ls_long_pct,oi_chg_pct,cvd_4h,cg_futures_delta_4h,cg_futures_ratio_4h,cg_futures_cvd_12h,cg_spot_cb_ratio_4h,cg_liq_ratio_4h,cg_liq_total_4h,hl_ls_ratio,hl_squeeze_idx,hl_liq_ratio_4h,all_liq_ratio_1h,all_liq_ratio_4h,max_pain_nearest,max_pain_dist_pct,opt_pc_ratio,arima_forecast_1h,markov_regime_daily,markov_regime_7state,ob_imbalance,ob_path_ask_usd,ob_path_bid_usd,ob_ask_frac,ob_bid_wall_pct,ob_ask_wall_pct,hmm_vol_state,hmm_r1_prob,hmm_vol_k10,hmm_time_in_state,ou_z_score,ou_halflife_min,ou_tau_drift,hs_pattern_type,hs_bars_since_break,hs_r2,hs_neck_slope,hs_head_height,hs_head_width,flag_signal,flag_bull_bars_ago,flag_bear_bars_ago,flag_bull_tip_y,flag_bear_tip_y,flag_bull_pole_pct,flag_bear_pole_pct,pip_last_slope,pip_up_frac,pip_n_turns,v_hawk,hawk_vol_regime,pc1_rsi,ou_theta,hurst_exponent,autocorr1_15,autocorr1_30,kalman_velocity,kalman_residual,hmm_ms_state,hmm_ms_prob,hmm_of_state,hmm_of_prob,hmm_vd_state,hmm_vd_prob,hmm_pnl_state,hmm_ps_state,hmm_gd_state,hmm_zdrift_state,spot_at_expiry,price_move_pct,miss_pct,loss_margin_pct,loss_category,p_up_v3,pup_v3_hmm_state,eth_p_up_v1,p_eth,week,yw,be,agree,macro_bull,macro_sideways,macro_bear,garch_ratio,macd_hist_1h_recon,donch_1h_recon,hmm_ms_state_recon,hmm_vd_state_recon,hmm_of_state_recon
2026-04-08 05:44:34,2026-04-08 05:00,KXETHD-26APR0802-T2239.99,2026-04-08T06:00:00Z,2240.86,2239.99,-0.0386,0.5,real,0.701938,-0.53,0.00042053,0.00018574,,,0.02,0.00018574,0.0,-1.0,0.0,1.0,0.0,-0.0832,2.0,0.0,0.3885,-1.0,0.0001,0.0,0.0,0.0,-1.0,-1.0,0.2999,False,False,0.0,0.0,69.26,66.35,False,1.0,bullish,0.0,0.0,0.176938,0.144438,trade,yes,False,False,46.0,15.38,,0.353875,0.05,25.0,500.0,,,,,,,,,True,True,25.0,2026-04-08 05:44:34+00:00,,,,,,,,,,,,,,,,,,,,,,,,,,,,,,,,,,,,,,,,,,,,,,,,,,,,,,,,,,,,,,,,,,,,,,,,,,,,,,,,,,,,,,,,,,,,,,,,,,,,,,,,,,0.474577041762796,15,2026-W15,0.5,False,1.1762924251484953e-53,1.0,1.1249931703138979e-59,1.0998650261015712,11.993441188976046,0.8507687953966592,6,5,
2026-04-08 18:07:24,2026-04-08 18:00,KXETHD-26APR0815-T2239.99,2026-04-08T19:00:00Z,2229.72,2239.99,0.4604,0.2,real,0.104987,1.2536,0.00058798,0.00034044,0.00075278,0.4522,0.04,0.00050537,1.0,-1.0,0.0,2.0,0.0,-0.088,2.0,0.0,0.4498,-1.0,9.675e-05,0.0,0.0,0.0,0.0,0.0,0.0752,False,False,-1.0,-1.0,81.42,84.61,True,0.0,bullish,0.0,0.0,0.120013,0.099862,trade,no,False,False,46.0,52.57,,0.600064,0.05,25.0,500.0,,,,,,,,,False,True,6.25,2026-04-08 18:07:24+00:00,,,,,,,,,,,,,,,,,,,,,,,,,,,,,,,,,,,,,,,,,,,,,,,,,,,,,,,,,,,,,,,,,,,,,,,,,,,,,,,,,,,,,,,,,,,,,,,,,,,,,,,,,,0.5438969794195829,15,2026-W15,0.8,False,1.1907107694158133e-48,1.0,6.745519657899129e-57,1.0977414211673027,-8.225126484541775,0.1655859194071348,6,5,
2026-04-09 13:19:00,2026-04-09 13:00,KXETHD-26APR0910-T2189.99,2026-04-09T14:00:00Z,2178.38,2189.99,0.533,0.21,real,0.091595,1.331,0.0008946,0.0003534,0.00102994,0.3431,0.14,0.00062402,0.0,0.0,1.0,1.0,-1.0,-0.1224,2.0,0.0,0.5246,0.0,2.996e-05,0.0,0.0,0.0,0.0,0.0,-0.1396,False,False,1.0,1.0,13.84,17.09,False,-1.0,neutral,0.0,0.0,0.118405,0.097581,trade,no,False,False,36.0,40.97,,0.563835,0.05,25.0,500.0,,,,,,,,,False,True,6.65,2026-04-09 13:19:00+00:00,,,,,,,,,,,,,,,,,,,,,,,,,,,,,,,,,,,,,,,,,,,,,,,,,,,,,,,,,,,,,,,,,,,,,,,,,,,,,,,,,,,,,,,,,,,,,,,,,,,,,,,,,,0.5478225029006165,15,2026-W15,0.79,False,6.444263168623416e-17,0.9952771534773885,0.00472284652263777,0.8044737695375037,-2.382827102263608,0.053055555555557826,6,2,
2026-04-09 14:13:29,2026-04-09 14:00,KXETHD-26APR0911-T2169.99,2026-04-09T15:00:00Z,2170.46,2169.99,-0.0217,0.43,real,0.516446,-0.0412,0.00077835,0.00077241,,,0.14,0.00077241,0.0,1.0,2.0,0.0,0.0,0.0067,2.0,0.0,0.3569,0.0,4.22e-05,0.0,-1.0,1.0,2.0,2.0,-0.601,False,False,1.0,1.0,21.96,16.45,True,-1.0,bearish,0.0,0.0,0.086446,0.054289,trade,yes,False,False,35.0,46.48,,0.15166,0.05,25.0,500.0,,,,,,,,,True,True,33.14,2026-04-09 14:13:29+00:00,,,,,,,,,,,,,,,,,,,,,,,,,,,,,,,,,,,,,,,,,,,,,,,,,,,,,,,,,,,,,,,,,,,,,,,,,,,,,,,,,,,,,,,,,,,,,,,,,,,,,,,,,,0.4950456187113929,15,2026-W15,0.43,False,3.180622914589774e-05,0.19537711355015486,0.8045910802207007,0.9172943980710027,-1.8798703250774045,0.33019755409219004,6,2,
2026-04-09 18:00:44,2026-04-09 18:00,KXETHD-26APR0915-T2229.99,2026-04-09T19:00:00Z,2222.77,2229.99,0.3248,0.255,real,0.266626,0.6231,0.00106602,0.00070078,0.00063955,1.0957,0.19,0.00067629,-1.0,-1.0,0.0,3.0,0.0,0.0361,2.0,0.0,0.4533,-1.0,5.4e-05,0.0,1.0,-1.0,-2.0,-2.0,0.9476,False,False,-1.0,-1.0,89.45,90.19,True,1.0,bullish,0.0,0.0,0.044535,0.017903,trade,no,False,False,38.0,59.21,,0.174645,0.05,50.0,1000.0,,,,,,,,,False,True,17.11,2026-04-09 18:00:44+00:00,,,,,,,,,,,,,,,,,,,,,,,,,,,,,,,,,,,,,,,,,,,,,,,,,,,,,,,,,,,,,,,,,,,,,,,,,,,,,,,,,,,,,,,,,,,,,,,,,,,,,,,,,,0.5145675814725047,15,2026-W15,0.745,False,1.2873496575507378e-05,0.0008196627765068459,0.9991674637269303,1.2050834290170882,3.607149823111815,0.690657634772791,6,2,
2026-04-09 22:15:50,2026-04-09 22:00,KXETHD-26APR0919-T2229.99,2026-04-09T23:00:00Z,2221.48,2229.99,0.3829,0.2,real,0.198548,0.8468,0.00065115,0.00067668,0.00068367,0.9898,0.06,0.00067948,0.0,-1.0,0.0,2.0,-1.0,-0.1091,2.0,0.0,0.7555,-1.0,5.267e-05,0.0,0.0,0.0,-1.0,-1.0,0.6591,False,False,-1.0,0.0,71.51,53.36,False,1.0,bullish,0.0,0.0,0.080365,0.057993,trade,no,False,False,37.0,44.12,,0.401826,0.05,50.0,1000.0,0.0,-3.0,0.4157,,,,,,False,True,12.5,2026-04-09 22:15:50+00:00,,,,,,,,,,,,,,,,,,,,,,,,,,,,,,,,,,,,,,,,,,,,,,,,,,,,,,,,,,,,,,,,,,,,,,,,,,,,,,,,,,,,,,,,,,,,,,,,,,,,,,,,,,0.5308610464825431,15,2026-W15,0.8,False,9.574418102616173e-06,0.0007801764964770001,0.999210249085402,0.86827414922102,1.989058574990203,0.46404701544134463,6,2,
2026-04-10 08:25:32,2026-04-10 08:00,KXETHD-26APR1005-T2189.99,2026-04-10T09:00:00Z,2184.11,2189.99,0.2693,0.13,real,0.024013,1.9771,0.00033663,0.0001151,0.00040694,0.2828,0.1,0.00023183,0.0,0.0,1.0,2.0,-1.0,-0.1782,2.0,0.0,0.6265,-1.0,8.833e-05,0.0,0.0,0.0,1.0,1.0,-0.4191,False,False,1.0,1.0,9.6,6.52,True,-1.0,bearish,0.0,0.0,0.1,0.082963,trade,no,False,False,40.0,34.42,,0.769231,0.05,50.0,1000.0,-2.0,8.0,0.551,,,,,,False,True,7.47,2026-04-10 08:25:32+00:00,,,,,,,,,,,,,,,,,,,,,,,,,,,,,,,,,,,,,,,,,,,,,,,,,,,,,,,,,,,,,,,,,,,,,,,,,,,,,,,,,,,,,,,,,,,,,,,,,,,,,,,,,,0.559063646231395,15,2026-W15,0.87,False,6.771949745333468e-06,0.0005190746217929094,0.9994741534284394,0.8260019501065454,-2.1725683366218798,0.279211799953906,6,2,
2026-04-10 11:18:34,2026-04-10 11:00,KXETHD-26APR1008-T2209.99,2026-04-10T12:00:00Z,2213.12,2209.99,-0.1413,0.495,real,0.666218,-0.4295,0.00047231,0.00051186,,,0.01,0.00051186,-1.0,-1.0,0.0,3.0,0.0,-0.0709,2.0,0.0,0.5889,-1.0,8.767e-05,0.0,1.0,-1.0,-2.0,-2.0,1.1182,False,False,-1.0,-1.0,100.0,97.31,False,0.0,bullish,0.0,0.0,0.115584,0.083086,trade,yes,False,False,41.0,41.38,,0.22888,0.05,50.0,1000.0,0.0,-7.0,0.467,,,,,,True,True,51.01,2026-04-10 11:18:34+00:00,,,,,,,,,,,,,,,,,,,,,,,,,,,,,,,,,,,,,,,,,,,,,,,,,,,,,,,,,,,,,,,,,,,,,,,,,,,,,,,,,,,,,,,,,,,,,,,,,,,,,,,,,,0.4722528836786073,15,2026-W15,0.495,False,9.814721466858008e-06,0.04397950380075548,0.9560106814777504,0.838910449670007,1.4934698624404759,0.6418290854572679,3,2,
2026-04-10 19:01:14,2026-04-10 19:00,KXETHD-26APR1017-T2249.99,2026-04-10T21:00:00Z,2250.76,2249.99,-0.034,0.5,real,0.541594,-0.1045,0.00039729,0.00029916,,,0.02,0.00029916,0.0,-1.0,0.0,1.0,0.0,0.0311,2.0,0.0,0.6367,0.0,-2.7e-07,0.0,0.0,0.0,-1.0,-1.0,0.8188,False,False,0.0,-1.0,91.07,82.74,False,1.0,bullish,0.0,0.0,0.054501,0.022001,trade,yes,False,False,75.0,118.74,,0.109003,0.05,50.0,1000.0,3.0,-5.0,0.513,,,,,,True,True,50.0,2026-04-10 19:01:14+00:00,,,,,,,,,,,,,,,,,,,,,,,,,,,,,,,,,,,,,,,,,,,,,,,,,,,,,,,,,,,,,,,,,,,,,,,,,,,,,,,,,,,,,,,,,,,,,,,,,,,,,,,,,,0.4759822826368582,15,2026-W15,0.5,False,8.720172029142562e-05,0.00026495248102977465,0.9996478457986975,0.9354089275951849,5.304009448364672,0.9084498329828022,3,1,
2026-04-10 19:04:22,2026-04-10 19:00,KXETHD-26APR1016-T2249.99,2026-04-10T20:00:00Z,2250.81,2249.99,-0.0366,0.475,real,0.554944,-0.1382,0.00040589,0.00035531,,,0.07,0.00035531,0.0,-1.0,0.0,2.0,0.0,-0.054,2.0,0.0,0.6915,0.0,-1.02e-06,0.0,1.0,-1.0,-2.0,-2.0,0.9177,False,False,-1.0,-1.0,98.73,85.3,False,1.0,bullish,0.0,0.0,0.062059,0.029603,trade,yes,False,False,75.0,55.6,,0.118208,0.05,50.0,1000.0,3.0,-6.0,0.482,,,,,,True,True,55.26,2026-04-10 19:04:22+00:00,,,,,,,,,,,,,,,,,,,,,,,,,,,,,,,,,,,,,,,,,,,,,,,,,,,,,,,,,,,,,,,,,,,,,,,,,,,,,,,,,,,,,,,,,,,,,,,,,,,,,,,,,,0.4759822826368582,15,2026-W15,0.475,False,8.720172029142562e-05,0.00026495248102977465,0.9996478457986975,0.9354089275951849,5.304009448364672,0.9084498329828022,3,1,
2026-04-10 21:11:27,2026-04-10 21:00,KXETHD-26APR1018-T2249.99,2026-04-10T22:00:00Z,2249.53,2249.99,0.0205,0.51,real,0.485474,0.0364,0.00063411,0.00080829,,,0.1,0.00080829,0.0,-1.0,0.0,3.0,-1.0,-0.155,2.0,0.0,0.1486,0.0,-1.779e-05,0.0,1.0,-1.0,-2.0,-2.0,0.7756,False,False,0.0,-1.0,42.71,50.49,True,0.0,bullish,0.0,0.0,0.064376,0.031883,trade,yes,False,False,44.0,48.51,,0.13138,0.05,50.0,1000.0,4.0,-3.0,0.5886,,,,,,True,True,48.04,2026-04-10 21:11:27+00:00,,,,,,,,,,,,,,,,,,,,,,,,,,,,,,,,,,,,,,,,,,,,,,,,,,,,,,,,,,,,,,,,,,,,,,,,,,,,,,,,,,,,,,,,,,,,,,,,,,,,,,,,,,0.4717850818703675,15,2026-W15,0.51,False,5.2225092421818905e-05,0.00014537764732099694,0.9998023972602774,0.8358624426696791,4.436735726189692,0.9402449585549928,3,1,
2026-04-10 21:13:04,2026-04-10 21:00,KXETHD-26APR1018-T2249.99,2026-04-10T22:00:00Z,2248.23,2249.99,0.0783,0.48,real,0.46738,0.0819,0.00063407,0.00080828,0.0022802,0.3545,0.04,0.00139705,0.0,-1.0,0.0,2.0,0.0,-0.0465,2.0,0.0,0.1421,0.0,-1.776e-05,0.0,1.0,-1.0,-2.0,-2.0,0.7697,False,False,0.0,-1.0,42.71,50.49,True,0.0,bullish,0.0,0.0,0.076494,0.044022,trade,yes,False,False,44.0,46.89,,0.147104,0.05,50.0,1000.0,4.0,-3.0,0.5886,,,,,,True,True,54.17,2026-04-10 21:13:04+00:00,,,,,,,,,,,,,,,,,,,,,,,,,,,,,,,,,,,,,,,,,,,,,,,,,,,,,,,,,,,,,,,,,,,,,,,,,,,,,,,,,,,,,,,,,,,,,,,,,,,,,,,,,,0.4717850818703675,15,2026-W15,0.48,False,5.2225092421818905e-05,0.00014537764732099694,0.9998023972602774,0.8358624426696791,4.436735726189692,0.9402449585549928,3,1,
2026-04-10 22:25:09,2026-04-10 22:00,KXETHD-26APR1019-T2249.99,2026-04-10T23:00:00Z,2248.67,2249.99,0.0585,0.45,real,0.431839,0.1717,0.00057838,0.0004366,0.00078929,0.5531,0.12,0.00057768,0.0,-1.0,0.0,1.0,-1.0,-0.1269,2.0,0.0,0.5017,0.0,-1.643e-05,0.0,0.0,0.0,-1.0,-1.0,0.5733,False,False,1.0,0.0,29.35,57.76,False,0.0,bullish,0.0,0.0,0.070836,0.038511,trade,yes,False,False,43.0,34.81,,0.128792,0.05,50.0,1000.0,3.0,-3.0,0.5886,,,,,,False,False,-50.0,2026-04-10 22:25:09+00:00,,,,,,,,,,,,,,,,,,,,,,,,,,,,,,,,,,,,,,,,,,,,,,,,,,,,,,,,,,,,,,,,,,,,,,,,,,,,,,,,,,,,,,,,,,,,,,,,,,,,,,,,,,0.4933577758384775,15,2026-W15,0.45,False,2.5237103399547573e-05,0.00010116689114435204,0.9998735960054747,0.805344603807548,2.9554143113729285,0.7895583323023657,3,1,
2026-04-10 23:01:49,2026-04-10 23:00,KXETHD-26APR1020-T2249.99,2026-04-11T00:00:00Z,2241.47,2249.99,0.3803,0.145,real,0.11588,1.1958,0.00058862,0.0003801,0.00047038,0.8081,0.09,0.00041621,0.0,0.0,1.0,1.0,-1.0,-0.1087,2.0,1.0,0.8113,0.0,-1.788e-05,-1.0,0.0,0.0,0.0,0.0,0.2286,False,False,1.0,1.0,17.94,15.52,True,0.0,bullish,0.0,0.0,0.150312,0.126634,trade,yes,False,False,43.0,58.15,,0.175804,0.05,50.0,1000.0,3.0,2.0,0.7447,,,,,,False,False,-50.0,2026-04-10 23:01:49+00:00,,,,,,,,,,,,,,,,,,,,,,,,,,,,,,,,,,,,,,,,,,,,,,,,,,,,,,,,,,,,,,,,,,,,,,,,,,,,,,,,,,,,,,,,,,,,,,,,,,,,,,,,,,0.4743646922918311,15,2026-W15,0.145,False,4.324622789144256e-06,9.445547383750559e-05,0.9999012199033698,0.8577120845642168,1.983435419600223,0.8318693554373413,5,1,
2026-04-11 02:00:29,2026-04-11 02:00,KXETHD-26APR1023-T2249.99,2026-04-11T03:00:00Z,2245.88,2249.99,0.1828,0.225,real,0.247903,0.6811,0.0004029,0.00037059,0.00031357,1.1818,0.11,0.00034778,-1.0,-1.0,0.0,1.0,-1.0,-0.1248,2.0,0.0,0.1482,0.0,1.911e-05,1.0,0.0,0.0,-1.0,-1.0,0.188,False,False,-1.0,0.0,78.31,61.43,False,0.0,bullish,0.0,0.0,0.15808,0.130874,trade,yes,False,False,43.0,59.47,,0.203974,0.05,50.0,1000.0,3.0,0.0,0.6494,,,,,,False,False,-50.0,2026-04-11 02:00:29+00:00,,,,,,,,,,,,,,,,,,,,,,,,,,,,,,,,,,,,,,,,,,,,,,,,,,,,,,,,,,,,,,,,,,,,,,,,,,,,,,,,,,,,,,,,,,,,,,,,,,,,,,,,,,0.4926698394150429,15,2026-W15,0.225,False,2.5426409276498025e-06,8.177733051416936e-05,0.999915680028578,0.8115889282307434,-0.09270752233601343,0.8613138686131381,5,1,
2026-04-11 07:01:45,2026-04-11 07:00,KXETHD-26APR1104-T2249.99,2026-04-11T08:00:00Z,2236.64,2249.99,0.597,0.175,real,0.005449,2.5459,0.00016641,0.00011551,0.00083491,0.1384,0.01,0.00030649,0.0,-1.0,0.0,0.0,0.0,0.0092,2.0,0.0,0.6912,0.0,4.281e-05,0.0,0.0,0.0,1.0,1.0,-0.2508,False,False,0.0,0.0,25.75,24.11,False,-1.0,neutral,0.0,0.0,0.145,0.127963,trade,no,False,False,43.0,58.2,,0.828571,0.05,50.0,1000.0,1.0,3.0,0.6673,,,,,,False,True,10.61,2026-04-11 07:01:45+00:00,,,,,,,,,,,,,,,,,,,,,,,,,,,,,,,,,,,,,,,,,,,,,,,,,,,,,,,,,,,,,,,,,,,,,,,,,,,,,,,,,,,,,,,,,,,,,,,,,,,,,,,,,,0.5655076036520027,15,2026-W15,0.825,False,4.834819385862569e-06,9.887944280401371e-05,0.9998962857378059,0.807068619770267,-2.9954360038944525,0.47337278106509045,5,1,
2026-04-11 10:00:08,2026-04-11 10:00,KXETHD-26APR1107-T2249.99,2026-04-11T11:00:00Z,2244.94,2249.99,0.2251,0.165,real,0.005016,2.5747,0.0004027,0.00011469,0.00029846,0.3843,0.13,0.00011292,-1.0,-1.0,0.0,2.0,-1.0,-0.2359,2.0,1.0,0.9625,-1.0,8.883e-05,1.0,0.0,0.0,0.0,0.0,0.1614,False,False,-1.0,0.0,76.05,76.38,False,0.0,neutral,0.0,0.0,0.135,0.117963,trade,no,False,False,34.0,59.82,,0.818182,0.05,50.0,1000.0,3.0,-1.0,0.6725,,,,,,False,True,9.88,2026-04-11 10:00:08+00:00,,,,,,,,,,,,,,,,,,,,,,,,,,,,,,,,,,,,,,,,,,,,,,,,,,,,,,,,,,,,,,,,,,,,,,,,,,,,,,,,,,,,,,,,,,,,,,,,,,,,,,,,,,0.504676602657241,15,2026-W15,0.835,False,4.677771142923706e-05,8.450305911831829e-05,0.999868719229441,0.7373811201022384,-2.2054603340524226,0.4646680942184107,5,0,
2026-04-11 13:01:22,2026-04-11 13:00,KXETHD-26APR1110-T2249.99,2026-04-11T14:00:00Z,2244.88,2249.99,0.2277,0.18,real,0.021697,2.0199,9.796e-05,0.00014413,0.00032458,0.4441,0.14,0.00014709,-1.0,-1.0,0.0,1.0,0.0,-0.0101,2.0,-1.0,1.0,0.0,4.02e-05,0.0,0.0,0.0,0.0,0.0,0.1562,False,False,0.0,-1.0,70.81,75.69,True,1.0,bullish,0.0,0.0,0.15,0.132963,trade,no,False,False,43.0,58.59,,0.833333,0.05,50.0,1000.0,1.0,0.0,0.5951,,,,,,False,True,10.98,2026-04-11 13:01:22+00:00,,,,,,,,,,,,,,,,,,,,,,,,,,,,,,,,,,,,,,,,,,,,,,,,,,,,,,,,,,,,,,,,,,,,,,,,,,,,,,,,,,,,,,,,,,,,,,,,,,,,,,,,,,0.5078625445038729,15,2026-W15,0.8200000000000001,False,0.006734956005577637,9.54038419915899e-05,0.9931696401524364,0.5849012570163182,-1.3377463879642137,0.4024822695035455,5,0,
2026-04-11 15:26:31,2026-04-11 15:00,KXETHD-26APR1112-T2249.99,2026-04-11T16:00:00Z,2247.75,2249.99,0.0997,0.335,real,0.398532,0.2571,0.00059945,0.00094475,0.00040452,2.3355,0.11,0.00067037,-1.0,-1.0,0.0,0.0,0.0,-0.0655,2.0,1.0,1.0,0.0,1.879e-05,0.0,0.0,0.0,-1.0,-1.0,0.2287,False,False,-1.0,0.0,74.3,73.77,False,1.0,bullish,0.0,0.0,0.063532,0.032938,trade,yes,False,False,43.0,33.42,,0.095537,0.047768,47.77,1000.0,5.0,-2.0,0.5524,,,,,,True,True,94.83,2026-04-11 15:26:31+00:00,,,,,,,,,,,,,,,,,,,,,,,,,,,,,,,,,,,,,,,,,,,,,,,,,,,,,,,,,,,,,,,,,,,,,,,,,,,,,,,,,,,,,,,,,,,,,,,,,,,,,,,,,,0.4973842482281803,15,2026-W15,0.335,False,0.9639613398684461,0.00023347353060784498,0.035805186600932466,0.4220562039069701,-0.7834467704963659,0.6737588652482313,5,0,
2026-04-11 17:31:58,2026-04-11 17:00,KXETHD-26APR1114-T2269.99,2026-04-11T18:00:00Z,2262.89,2269.99,0.3137,0.085,real,0.138148,1.0887,0.00076326,0.00069741,0.00043137,1.6167,0.01,0.00054372,0.0,-1.0,0.0,2.0,-1.0,-0.2008,2.0,0.0,0.5956,0.0,7.1e-06,1.0,1.0,-1.0,-2.0,-2.0,0.5203,False,False,-1.0,0.0,69.08,60.4,False,1.0,bullish,0.0,0.0,0.053148,0.032704,trade,yes,False,False,44.0,28.0,,0.058085,0.029043,29.04,1000.0,5.0,-6.0,0.482,,,,,,False,False,-29.04,2026-04-11 17:31:58+00:00,,,,,,,,,,,,,,,,,,,,,,,,,,,,,,,,,,,,,,,,,,,,,,,,,,,,,,,,,,,,,,,,,,,,,,,,,,,,,,,,,,,,,,,,,,,,,,,,,,,,,,,,,,0.4955066220584839,15,2026-W15,0.085,False,0.9999857897577283,6.003838933398057e-07,1.3609858368788799e-05,0.40554002610693224,0.7267828696238938,0.6584821428571469,5,6,
2026-04-11 19:06:24,2026-04-11 19:00,KXETHD-26APR1117-T2349.99,2026-04-11T21:00:00Z,2323.13,2349.99,1.1561,0.1,real,0.216654,0.7835,0.00186346,0.00156342,0.00084173,1.8574,0.06,0.00137672,0.0,0.0,1.0,2.0,1.0,0.1088,2.0,0.0,0.6511,0.0,1.691e-05,1.0,1.0,-1.0,-2.0,-2.0,2.035,False,False,-1.0,-1.0,91.64,85.74,False,1.0,bullish,0.0,0.0,0.116654,0.095354,trade,yes,False,False,75.0,113.55,,0.129615,0.05,50.0,1000.0,6.0,-13.0,0.47,,,,,,False,False,-50.0,2026-04-11 19:06:24+00:00,,,,,,,,,,,,,,,,,,,,,,,,,,,,,,,,,,,,,,,,,,,,,,,,,,,,,,,,,,,,,,,,,,,,,,,,,,,,,,,,,,,,,,,,,,,,,,,,,,,,,,,,,,0.4712043942402377,15,2026-W15,0.1,False,1.7849972449460436e-05,6.337200282116599e-05,0.999918778024724,1.218182966529217,6.062163387450223,0.844448901815266,3,1,
2026-04-11 19:09:33,2026-04-11 19:00,KXETHD-26APR1116-T2329.99,2026-04-11T20:00:00Z,2317.41,2329.99,0.5427,0.235,real,0.294516,0.5402,0.00187646,0.00147408,0.00105509,1.3971,0.11,0.001411,0.0,-1.0,0.0,3.0,-1.0,-0.2947,2.0,-1.0,0.8743,0.0,1.77e-05,1.0,1.0,-1.0,-2.0,-2.0,1.8301,False,False,-1.0,-1.0,86.63,84.07,False,1.0,bullish,0.0,0.0,0.059516,0.031932,trade,yes,False,False,73.0,50.41,,0.077798,0.038899,38.9,1000.0,6.0,-10.0,0.47,,,,,,False,False,-38.9,2026-04-11 19:09:33+00:00,,,,,,,,,,,,,,,,,,,,,,,,,,,,,,,,,,,,,,,,,,,,,,,,,,,,,,,,,,,,,,,,,,,,,,,,,,,,,,,,,,,,,,,,,,,,,,,,,,,,,,,,,,0.4712043942402377,15,2026-W15,0.235,False,1.7849972449460436e-05,6.337200282116599e-05,0.999918778024724,1.218182966529217,6.062163387450223,0.844448901815266,3,1,
2026-04-11 21:04:47,2026-04-11 21:00,KXETHD-26APR1118-T2309.99,2026-04-11T22:00:00Z,2300.11,2309.99,0.4293,0.12,real,0.226035,0.752,0.00090169,0.0010623,0.00049089,2.164,0.14,0.00076704,0.0,-1.0,0.0,1.0,0.0,0.0719,2.0,0.0,0.3697,-1.0,5.816e-05,0.0,0.0,0.0,-1.0,-1.0,0.78,False,False,0.0,0.0,57.51,55.71,False,0.0,bullish,0.0,0.0,0.091035,0.068643,trade,yes,False,False,46.0,55.17,,0.103449,0.05,50.0,1000.0,4.0,-4.0,0.5455,,,,,,False,False,-50.0,2026-04-11 21:04:47+00:00,,,,,,,,,,,,,,,,,,,,,,,,,,,,,,,,,,,,,,,,,,,,,,,,,,,,,,,,,,,,,,,,,,,,,,,,,,,,,,,,,,,,,,,,,,,,,,,,,,,,,,,,,,0.4767512601085869,15,2026-W15,0.12,False,2.6725991415465795e-05,0.0001511066990281792,0.9998221673095444,1.0112449832833492,5.774670185529978,0.6992277605054668,3,1,
2026-04-11 22:05:23,2026-04-11 22:00,KXETHD-26APR1119-T2309.99,2026-04-11T23:00:00Z,2301.47,2309.99,0.3701,0.235,real,0.168871,0.9586,0.00046769,0.00048361,0.00069222,0.6986,0.01,0.00052169,1.0,-1.0,0.0,1.0,0.0,0.0375,2.0,0.0,0.4979,-1.0,7.075e-05,0.0,0.0,0.0,-1.0,-1.0,0.8562,False,False,0.0,0.0,32.67,47.71,False,1.0,bullish,0.0,0.0,0.081129,0.057015,trade,no,False,False,47.0,54.58,,0.345229,0.05,50.0,1000.0,4.0,-3.0,0.5886,,,,,,False,True,15.36,2026-04-11 22:05:23+00:00,,,,,,,,,,,,,,,,,,,,,,,,,,,,,,,,,,,,,,,,,,,,,,,,,,,,,,,,,,,,,,,,,,,,,,,,,,,,,,,,,,,,,,,,,,,,,,,,,,,,,,,,,,0.5071679473206677,15,2026-W15,0.765,False,1.1646870960224254e-05,9.394691295777818e-05,0.9998944062160864,0.8692319567260393,5.0287744294967265,0.67656202988667,3,1,
2026-04-12 00:05:45,2026-04-12 00:00,KXETHD-26APR1121-T2289.99,2026-04-12T01:00:00Z,2282.58,2289.99,0.3248,0.24,real,0.215327,0.7881,0.00062295,0.00069321,0.00062362,1.1116,0.08,0.00055892,1.0,0.0,1.0,1.0,0.0,0.023,2.0,0.0,0.5784,-1.0,9.339e-05,0.0,0.0,0.0,0.0,0.0,,False,False,1.0,1.0,14.08,21.75,False,0.0,bullish,0.0,0.0,0.039673,0.013459,trade,no,False,False,46.0,54.2,,0.165303,0.05,50.0,1000.0,2.0,3.0,0.6698,,,,,,False,True,15.79,2026-04-12 00:05:45+00:00,,,,,,,,,,,,,,,,,,,,,,,,,,,,,,,,,,,,,,,,,,,,,,,,,,,,,,,,,,,,,,,,,,,,,,,,,,,,,,,,,,,,,,,,,,,,,,,,,,,,,,,,,,0.5201620403512789,15,2026-W15,0.76,False,3.5401099163477596e-05,0.00014113651245972484,0.9998234623883863,0.7201892943411639,2.095701010970238,0.5497944037709351,3,1,
2026-04-12 01:09:39,2026-04-12 01:00,KXETHD-26APR1122-T2289.99,2026-04-12T02:00:00Z,2284.3,2289.99,0.2491,0.235,real,0.18067,0.9128,0.00057657,0.00051914,0.00048561,1.069,0.09,0.00038435,1.0,0.0,1.0,2.0,-1.0,-0.1502,2.0,0.0,0.5275,-1.0,8.897e-05,0.0,0.0,0.0,1.0,1.0,-0.1014,False,False,1.0,1.0,14.44,15.16,True,0.0,bullish,0.0,0.0,0.06933,0.044654,trade,no,False,False,45.0,50.3,,0.295021,0.05,50.0,1000.0,2.0,2.0,0.7667,,,,,,False,True,15.36,2026-04-12 01:09:39+00:00,,,,,,,,,,,,,,,,,,,,,,,,,,,,,,,,,,,,,,,,,,,,,,,,,,,,,,,,,,,,,,,,,,,,,,,,,,,,,,,,,,,,,,,,,,,,,,,,,,,,,,,,,,0.55821078441681,15,2026-W15,0.765,False,6.389162050265075e-13,0.970640378722451,0.02935962127691616,0.5166353962558665,-3.080969310924381,0.09109159347553239,3,4,
2026-04-12 03:08:07,2026-04-12 03:00,KXETHD-26APR1200-T2229.99,2026-04-12T04:00:00Z,2224.09,2229.99,0.2651,0.315,real,0.221541,0.767,0.00094708,0.00035967,0.00076341,0.4711,0.01,0.00047947,1.0,0.0,1.0,2.0,-1.0,-0.1751,2.0,0.0,0.4926,-1.0,6.414e-05,1.0,0.0,0.0,1.0,1.0,-0.7332,False,False,1.0,1.0,19.55,21.41,False,-1.0,bearish,0.0,0.0,0.108459,0.081987,trade,no,False,False,43.0,51.83,,0.344313,0.05,50.0,1000.0,-1.0,7.0,0.548,,,,,,False,True,22.99,2026-04-12 03:08:07+00:00,,,,,,,,,,,,,,,,,,,,,,,,,,,,,,,,,,,,,,,,,,,,,,,,,,,,,,,,,,,,,,,,,,,,,,,,,,,,,,,,,,,,,,,,,,,,,,,,,,,,,,,,,,0.5794097302570279,15,2026-W15,0.685,False,3.0442137186340337e-16,0.9999905401341868,9.459865814754426e-06,1.261709335190715,-8.3779142972111,0.04352476550929706,3,7,
2026-04-12 22:30:09,2026-04-12 22:00,KXETHD-26APR1219-T2199.99,2026-04-12T23:00:00Z,2188.35,2199.99,0.5319,0.255,real,0.208469,0.8117,0.00126301,0.00118528,0.00147481,0.8037,0.01,0.001197,0.0,0.0,1.0,0.0,0.0,-0.0413,2.0,0.0,0.6158,0.0,3.391e-05,0.0,0.0,0.0,0.0,0.0,-0.1739,False,False,1.0,1.0,13.18,17.64,False,-1.0,bearish,0.0,0.0,0.046531,0.019981,trade,no,False,False,39.0,29.8,,0.182476,0.05,50.0,1000.0,-2.0,3.0,0.5516,-0.3264,,,False,,True,False,-50.0,2026-04-12 22:30:09+00:00,,,,,,,,,,,,,,,,,,,,,,,,,,,,,,,,,,,,,,,,,,,,,,,,,,,,,,,,,,,,,,,,,,,,,,,,,,,,,,,,,,,,,,,,,,,,,,,,,,,,,,,,,,0.5501901155073587,15,2026-W15,0.745,False,6.0553678900849715e-30,0.9999999852861664,1.4713827726078093e-08,0.8178526448326392,2.1775171821028483,0.4844255663430423,4,3,
2026-04-12 23:08:16,2026-04-12 23:00,KXETHD-26APR1220-T2199.99,2026-04-13T00:00:00Z,2191.48,2199.99,0.3883,0.28,real,0.2241,0.7584,0.00097344,0.00094201,0.00092478,1.0186,0.02,0.00071069,-1.0,-1.0,0.0,0.0,0.0,-0.0937,2.0,0.0,0.4357,0.0,3.176e-05,0.0,0.0,0.0,0.0,0.0,0.0409,False,False,1.0,0.0,30.09,41.63,False,-1.0,bearish,0.0,0.0,0.0559,0.028728,trade,no,False,False,39.0,51.69,,0.199642,0.05,50.0,1000.0,-2.0,0.0,0.4395,0.0397,,,False,,False,True,19.44,2026-04-12 23:08:16+00:00,,,,,,,,,,,,,,,,,,,,,,,,,,,,,,,,,,,,,,,,,,,,,,,,,,,,,,,,,,,,,,,,,,,,,,,,,,,,,,,,,,,,,,,,,,,,,,,,,,,,,,,,,,0.5751077339409778,15,2026-W15,0.72,False,1.4478404067205477e-30,0.9999999918174751,8.182528765845223e-09,0.821548785627279,1.286416949502831,0.26764314247669685,4,3,
2026-04-13 00:04:14,2026-04-13 00:00,KXETHD-26APR1221-T2199.99,2026-04-13T01:00:00Z,2189.25,2199.99,0.4904,0.155,real,0.042431,1.7232,0.00057878,0.00040368,0.00064552,0.6254,0.11,0.00038032,-1.0,0.0,1.0,2.0,-1.0,-0.1657,2.0,0.0,0.4851,-1.0,5.078e-05,0.0,0.0,0.0,0.0,0.0,,False,False,0.0,1.0,19.25,17.13,True,-1.0,bearish,0.0,0.0,0.125,0.107963,trade,no,False,False,38.0,55.72,,0.806452,0.05,50.0,1000.0,-2.0,2.0,0.5405,0.0928,,,False,,True,False,-50.0,2026-04-13 00:04:14+00:00,,,,,,,,,,,,,,,,,,,,,,,,,,,,,,,,,,,,,,,,,,,,,,,,,,,,,,,,,,,,,,,,,,,,,,,,,,,,,,,,,,,,,,,,,,,,,,,,,,,,,,,,,,0.5020820500830226,16,2026-W16,0.845,False,5.22619151349533e-26,0.9999999201006663,7.98993452008796e-08,0.834472827236408,1.8076403400824717,0.6296049711495767,4,3,
2026-04-13 02:18:07,2026-04-13 02:00,KXETHD-26APR1223-T2199.99,2026-04-13T03:00:00Z,2196.53,2199.99,0.1574,0.385,real,0.362056,0.353,0.00048425,0.00059356,0.00083145,0.7139,0.15,0.00068871,0.0,0.0,1.0,1.0,-1.0,-0.3387,2.0,0.0,0.4066,0.0,3.118e-05,0.0,-1.0,1.0,2.0,2.0,-0.3987,False,False,1.0,0.0,44.88,56.78,False,0.0,bearish,0.0,0.0,0.078293,0.048408,trade,no,False,False,39.0,41.83,,0.203359,0.05,50.0,1000.0,-2.0,0.0,0.4395,,,,,,False,True,31.3,2026-04-13 02:18:07+00:00,,,,,,,,,,,,,,,,,,,,,,,,,,,,,,,,,,,,,,,,,,,,,,,,,,,,,,,,,,,,,,,,,,,,,,,,,,,,,,,,,,,,,,,,,,,,,,,,,,,,,,,,,,0.5383785963448539,16,2026-W16,0.615,False,0.003565694184208581,0.0008802921280060883,0.9955540136877877,0.8897398093638923,1.6289515284051568,0.4255319148936146,0,0,
2026-04-13 03:01:45,2026-04-13 03:00,KXETHD-26APR1300-T2199.99,2026-04-13T04:00:00Z,2192.55,2199.99,0.3395,0.245,real,0.148149,1.0444,0.00046216,0.00027994,0.00064364,0.4349,0.11,0.00042542,0.0,-1.0,0.0,1.0,-1.0,-0.1534,2.0,0.0,0.6285,0.0,3.492e-05,0.0,0.0,0.0,1.0,1.0,-0.438,False,False,1.0,0.0,40.14,38.57,False,0.0,bearish,0.0,0.0,0.129277,0.107114,trade,no,False,False,38.0,58.19,,0.527662,0.05,50.0,1000.0,-2.0,0.0,0.4395,,,,,,False,True,16.23,2026-04-13 03:01:45+00:00,,,,,,,,,,,,,,,,,,,,,,,,,,,,,,,,,,,,,,,,,,,,,,,,,,,,,,,,,,,,,,,,,,,,,,,,,,,,,,,,,,,,,,,,,,,,,,,,,,,,,,,,,,0.520299315031823,16,2026-W16,0.755,False,0.011917050452399314,9.465525341526088e-05,0.987988294294196,0.8476339229773703,1.3647744813223888,0.41890315052508414,0,0,
2026-04-13 04:06:46,2026-04-13 04:00,KXETHD-26APR1301-T2199.99,2026-04-13T05:00:00Z,2193.78,2199.99,0.2832,0.195,real,0.138812,1.0857,0.0003466,0.0002946,0.00045116,0.653,0.19,0.00035722,0.0,-1.0,0.0,2.0,-1.0,-0.1074,2.0,0.0,0.7444,-1.0,7.309e-05,0.0,0.0,0.0,1.0,1.0,-0.4144,False,False,0.0,0.0,22.19,20.33,False,0.0,bearish,0.0,0.0,0.102125,0.081227,trade,no,False,False,38.0,53.19,,0.523717,0.05,50.0,1000.0,-2.0,0.0,0.4395,,,,,,False,True,12.11,2026-04-13 04:06:46+00:00,,,,,,,,,,,,,,,,,,,,,,,,,,,,,,,,,,,,,,,,,,,,,,,,,,,,,,,,,,,,,,,,,,,,,,,,,,,,,,,,,,,,,,,,,,,,,,,,,,,,,,,,,,0.5492897182317789,16,2026-W16,0.8049999999999999,False,0.012929242430446216,8.576506873211646e-05,0.986984992500819,0.7425023065660351,0.9604943536747914,0.3321377331420366,0,0,
2026-04-13 07:01:56,2026-04-13 07:00,KXETHD-26APR1304-T2199.99,2026-04-13T08:00:00Z,2197.55,2199.99,0.1109,0.34,real,0.332457,0.4331,0.00034124,0.00032461,0.00035266,0.9204,0.12,0.00033583,0.0,-1.0,0.0,1.0,0.0,-0.0994,2.0,0.0,0.691,-1.0,8.255e-05,0.0,0.0,0.0,0.0,0.0,-0.178,False,False,0.0,0.0,74.59,84.62,True,0.0,bearish,0.0,0.0,0.075853,0.047247,trade,no,False,False,39.0,58.02,,0.223096,0.05,50.0,1000.0,-2.0,0.0,0.4395,,,,,,False,True,25.76,2026-04-13 07:01:56+00:00,,,,,,,,,,,,,,,,,,,,,,,,,,,,,,,,,,,,,,,,,,,,,,,,,,,,,,,,,,,,,,,,,,,,,,,,,,,,,,,,,,,,,,,,,,,,,,,,,,,,,,,,,,0.5556235572984405,16,2026-W16,0.6599999999999999,False,0.002897824021265405,6.225342281209175e-05,0.9970399225559197,0.6901563351937915,0.7392851294618321,0.26111908177904575,0,0,
2026-04-13 12:55:13,2026-04-13 12:00,KXETHD-26APR1309-T2199.99,2026-04-13T13:00:00Z,2196.27,2199.99,0.1693,0.15,real,0.155172,1.0145,0.00069487,0.00077795,0.00075089,1.036,0.04,0.00076713,-1.0,0.0,1.0,2.0,0.0,0.0116,2.0,0.0,0.8479,-1.0,7.7e-05,0.0,-1.0,1.0,2.0,0.0,0.0342,False,True,-1.0,-1.0,90.42,40.62,False,0.0,bearish,0.0,0.0,0.099703,0.08136,trade,no,False,False,38.0,4.73,,0.66469,0.05,50.0,1000.0,-2.0,-5.0,0.3095,,,,,,False,True,8.82,2026-04-13 12:55:13+00:00,,,,,,,,,,,,,,,,,,,,,,,,,,,,,,,,,,,,,,,,,,,,,,,,,,,,,,,,,,,,,,,,,,,,,,,,,,,,,,,,,,,,,,,,,,,,,,,,,,,,,,,,,,0.5022492374071741,16,2026-W16,0.85,False,0.014706646999005165,0.00011899264186318594,0.9851743603591219,0.7332335387895147,0.9982612828800441,0.39434595112602117,0,0,
2026-04-13 17:11:48,2026-04-13 17:00,KXETHD-26APR1314-T2239.99,2026-04-13T18:00:00Z,2230.51,2239.99,0.4251,0.22,real,0.183279,0.9029,0.00081265,0.00069863,0.00079156,0.8826,0.04,0.0007358,-1.0,-1.0,0.0,3.0,-1.0,-0.1599,2.0,0.0,0.5374,0.0,2.334e-05,1.0,1.0,-1.0,-2.0,-2.0,0.8383,False,False,-1.0,-1.0,89.66,87.73,True,1.0,bearish,0.0,0.0,0.061551,0.037217,trade,no,False,False,41.0,48.16,,0.279778,0.05,50.0,1000.0,0.0,-8.0,0.461,,,,,,False,True,14.1,2026-04-13 17:11:48+00:00,,,,,,,,,,,,,,,,,,,,,,,,,,,,,,,,,,,,,,,,,,,,,,,,,,,,,,,,,,,,,,,,,,,,,,,,,,,,,,,,,,,,,,,,,,,,,,,,,,,,,,,,,,0.5048466158735393,16,2026-W16,0.78,False,3.269307266492839e-05,0.0002473584259888107,0.999719948501349,1.2292295838673133,5.389240766201974,0.7414893617021302,0,1,
2026-04-14 02:03:01,2026-04-14 02:00,KXETHD-26APR1323-T2379.99,2026-04-14T03:00:00Z,2371.55,2379.99,0.3557,0.205,real,0.184814,0.8972,0.00050657,0.00049338,0.00057113,0.8639,0.13,0.00052448,0.0,-1.0,0.0,1.0,0.0,-0.0508,2.0,0.0,0.2005,-1.0,5.011e-05,0.0,0.0,0.0,-1.0,-1.0,0.2626,False,False,-1.0,0.0,52.27,60.83,False,1.0,bullish,0.0,0.0,0.046982,0.022668,trade,no,False,False,48.0,56.95,,0.229178,0.05,50.0,1000.0,5.0,-6.0,0.482,,,,,,False,True,12.89,2026-04-14 02:03:01+00:00,,,,,,,,,,,,,,,,,,,,,,,,,,,,,,,,,,,,,,,,,,,,,,,,,,,,,,,,,,,,,,,,,,,,,,,,,,,,,,,,,,,,,,,,,,,,,,,,,,,,,,,,,,0.5056163070841067,16,2026-W16,0.795,False,6.987576345179295e-76,1.0,4.4814267455351924e-83,1.1578956522223294,16.60620178458222,0.862857400559214,7,5,
2026-04-14 04:07:16,2026-04-14 04:00,KXETHD-26APR1401-T2369.99,2026-04-14T05:00:00Z,2366.0,2369.99,0.1688,0.225,real,0.214325,0.7915,0.00048778,0.00037745,0.00030762,1.227,0.13,0.00034952,0.0,-1.0,0.0,2.0,-1.0,-0.1681,2.0,0.0,0.5018,-1.0,9.356e-05,0.0,0.0,0.0,0.0,0.0,-0.0415,False,False,1.0,0.0,44.09,53.1,False,0.0,bullish,0.0,0.0,0.045167,0.017961,trade,yes,False,False,50.0,52.67,,0.05828,0.02914,29.14,1000.0,5.0,-3.0,0.5886,0.0072,,,False,,False,False,-29.14,2026-04-14 04:07:16+00:00,,,,,,,,,,,,,,,,,,,,,,,,,,,,,,,,,,,,,,,,,,,,,,,,,,,,,,,,,,,,,,,,,,,,,,,,,,,,,,,,,,,,,,,,,,,,,,,,,,,,,,,,,,0.474577041762796,16,2026-W16,0.225,False,2.6305468597569697e-78,1.0,2.3669251506857896e-85,0.7618094210707708,12.3113126464768,0.8575358528005785,7,5,
2026-04-14 07:02:25,2026-04-14 07:00,KXETHD-26APR1404-T2369.99,2026-04-14T08:00:00Z,2374.37,2369.99,-0.1844,0.615,real,0.697497,-0.5172,0.0004177,0.00037862,0.00083225,0.4549,0.01,0.00056007,0.0,-1.0,0.0,4.0,-1.0,-0.1382,2.0,0.0,0.3972,-1.0,0.00010215,0.0,1.0,-1.0,-2.0,-2.0,0.4771,False,False,-1.0,-1.0,100.0,100.0,False,1.0,bullish,0.0,0.0,0.046171,0.014597,trade,yes,False,False,50.0,57.55,,0.119925,0.05,50.0,1000.0,5.0,-7.0,0.476,0.4053,,,False,,True,True,31.3,2026-04-14 07:02:25+00:00,,,,,,,,,,,,,,,,,,,,,,,,,,,,,,,,,,,,,,,,,,,,,,,,,,,,,,,,,,,,,,,,,,,,,,,,,,,,,,,,,,,,,,,,,,,,,,,,,,,,,,,,,,0.4732371106413672,16,2026-W16,0.615,False,8.982499192275835e-88,1.0,1.725082644581817e-95,0.706136340485304,6.259134100494379,0.9020474429512049,7,5,
2026-04-14 08:01:28,2026-04-14 08:00,KXETHD-26APR1405-T2369.99,2026-04-14T09:00:00Z,2378.22,2369.99,-0.3462,0.81,real,0.93538,-1.5171,0.00078713,0.00024867,0.00051647,0.4815,0.08,0.00035579,0.0,-1.0,0.0,3.0,-1.0,-0.1298,2.0,0.0,0.3014,-1.0,9.783e-05,0.0,1.0,-1.0,-2.0,-2.0,0.4609,False,False,0.0,0.0,62.21,61.52,False,1.0,bullish,0.0,0.0,0.134163,0.10839,trade,yes,False,False,50.0,58.49,,0.706119,0.05,50.0,1000.0,4.0,-3.0,0.5886,-0.0669,,,False,,True,True,11.73,2026-04-14 08:01:28+00:00,,,,,,,,,,,,,,,,,,,,,,,,,,,,,,,,,,,,,,,,,,,,,,,,,,,,,,,,,,,,,,,,,,,,,,,,,,,,,,,,,,,,,,,,,,,,,,,,,,,,,,,,,,0.4996929839896664,16,2026-W16,0.81,False,3.200128255048485e-100,1.0,2.950121684721728e-107,0.5908413387315549,5.307825731233407,0.9525728312722903,7,5,
2026-04-14 11:00:31,2026-04-14 11:00,KXETHD-26APR1408-T2369.99,2026-04-14T12:00:00Z,2374.92,2369.99,-0.2075,0.745,real,0.80443,-0.8576,0.00049067,0.00041642,0.000409,1.0182,0.15,0.00041345,0.0,0.0,1.0,1.0,0.0,0.0416,2.0,0.0,0.7231,-1.0,0.00010779,0.0,0.0,0.0,0.0,0.0,0.2013,False,False,1.0,1.0,11.37,7.62,True,0.0,bullish,0.0,0.0,0.078736,0.050438,trade,yes,False,False,51.0,59.44,,0.30877,0.05,50.0,1000.0,4.0,-2.0,0.5524,-0.3581,,,False,,True,True,17.11,2026-04-14 11:00:31+00:00,,,,,,,,,,,,,,,,,,,,,,,,,,,,,,,,,,,,,,,,,,,,,,,,,,,,,,,,,,,,,,,,,,,,,,,,,,,,,,,,,,,,,,,,,,,,,,,,,,,,,,,,,,0.4669527200285261,16,2026-W16,0.745,False,1.5169086655151888e-87,1.0,1.2161072018805435e-95,0.550531364247673,0.2549388630988929,0.8911163122010782,7,5,
2026-04-14 12:00:35,2026-04-14 12:00,KXETHD-26APR1409-T2369.99,2026-04-14T13:00:00Z,2374.57,2369.99,-0.193,0.63,real,0.707704,-0.5467,0.00050789,0.00050211,0.0007556,0.6645,0.04,0.00060351,0.0,-1.0,0.0,1.0,0.0,0.0914,2.0,0.0,0.5037,-1.0,0.00012147,0.0,0.0,0.0,0.0,0.0,0.2005,False,False,0.0,0.0,31.49,24.71,False,0.0,bullish,0.0,0.0,0.194771,0.163454,trade,yes,False,False,51.0,59.38,,0.526408,0.05,50.0,1000.0,4.0,-1.0,0.6725,0.3344,,,False,,True,True,29.37,2026-04-14 12:00:35+00:00,,,,,,,,,,,,,,,,,,,,,,,,,,,,,,,,,,,,,,,,,,,,,,,,,,,,,,,,,,,,,,,,,,,,,,,,,,,,,,,,,,,,,,,,,,,,,,,,,,,,,,,,,,0.4879372409161508,16,2026-W16,0.63,False,5.556664148934808e-83,1.0,2.649157436238532e-91,0.47745181239650814,-1.3659513493485989,0.8698297516048021,7,5,
2026-04-14 13:00:39,2026-04-14 13:00,KXETHD-26APR1410-T2369.99,2026-04-14T14:00:00Z,2374.0,2369.99,-0.1691,0.625,real,0.707946,-0.5474,0.00057363,0.00042056,0.00068959,0.6099,0.03,0.00052817,0.0,-1.0,0.0,1.0,0.0,-0.0406,2.0,0.0,0.3202,-1.0,8.133e-05,0.0,0.0,0.0,0.0,0.0,0.118,False,False,0.0,0.0,30.32,21.01,True,0.0,bullish,0.0,0.0,0.199942,0.168536,trade,yes,False,False,51.0,59.31,,0.533179,0.05,50.0,1000.0,4.0,-1.0,0.6725,0.0944,,,False,,True,True,30.0,2026-04-14 13:00:39+00:00,,,,,,,,,,,,,,,,,,,,,,,,,,,,,,,,,,,,,,,,,,,,,,,,,,,,,,,,,,,,,,,,,,,,,,,,,,,,,,,,,,,,,,,,,,,,,,,,,,,,,,,,,,0.4665336684938488,16,2026-W16,0.625,False,4.0866845378441697e-76,1.0,1.0731958796934294e-83,0.46890624537370273,-1.6295989588292557,0.9612615126988554,7,5,
2026-04-14 14:08:19,2026-04-14 14:00,KXETHD-26APR1411-T2409.99,2026-04-14T15:00:00Z,2386.9,2409.99,0.9675,0.14,real,0.036283,1.7955,0.00089904,0.0006538,0.00124033,0.5271,0.04,0.00088841,0.0,-1.0,0.0,3.0,-1.0,-0.1299,2.0,0.0,0.6238,-1.0,7.402e-05,0.0,0.0,0.0,-1.0,-1.0,0.4793,False,False,-1.0,-1.0,74.26,80.91,True,1.0,bullish,0.0,0.0,0.108642,0.091516,trade,no,False,False,52.0,51.63,,0.776016,0.05,50.0,1000.0,4.0,-4.0,0.5455,-0.0506,,,False,,False,True,8.14,2026-04-14 14:08:19+00:00,,,,,,,,,,,,,,,,,,,,,,,,,,,,,,,,,,,,,,,,,,,,,,,,,,,,,,,,,,,,,,,,,,,,,,,,,,,,,,,,,,,,,,,,,,,,,,,,,,,,,,,,,,0.5882586073299638,16,2026-W16,0.86,False,3.7702914623537415e-47,1.0,1.2183887263101446e-55,0.6074393364273859,-4.53343124775008,0.6652941176470605,7,5,
2026-04-14 21:04:14,2026-04-14 21:00,KXETHD-26APR1418-T2329.99,2026-04-14T22:00:00Z,2319.56,2329.99,0.4495,0.24,real,0.124022,1.1551,0.00068155,0.00037526,0.00085084,0.441,0.18,0.00056549,1.0,0.0,1.0,1.0,-1.0,-0.1349,2.0,0.0,0.3972,0.0,4.503e-05,0.0,-1.0,1.0,2.0,2.0,-1.8613,False,False,0.0,0.0,33.24,25.89,True,0.0,neutral,0.0,0.0,0.088129,0.064112,trade,no,False,False,47.0,55.69,,0.367204,0.05,50.0,1000.0,0.0,4.0,0.5504,0.289,,,False,,False,True,15.79,2026-04-14 21:04:14+00:00,,,,,,,,,,,,,,,,,,,,,,,,,,,,,,,,,,,,,,,,,,,,,,,,,,,,,,,,,,,,,,,,,,,,,,,,,,,,,,,,,,,,,,,,,,,,,,,,,,,,,,,,,,0.5156660764476834,16,2026-W16,0.76,False,7.372406849083467e-31,1.0,3.7749432054672748e-31,0.6097107761409608,-11.99816945485199,0.185289571779254,7,5,
2026-04-14 22:02:09,2026-04-14 22:00,KXETHD-26APR1419-T2349.99,2026-04-14T23:00:00Z,2324.46,2349.99,1.0982,0.135,real,0.017158,2.1163,0.00061138,0.00036142,0.00130213,0.2776,0.13,0.00073771,0.0,-1.0,0.0,2.0,-1.0,-0.1525,2.0,0.0,0.3686,0.0,3.869e-05,0.0,0.0,0.0,1.0,1.0,-1.4833,False,False,-1.0,-1.0,86.91,64.38,False,0.0,neutral,0.0,0.0,0.105,0.087963,trade,no,False,False,48.0,57.82,,0.777778,0.05,50.0,1000.0,0.0,2.0,0.5833,0.2431,,,False,,False,True,7.8,2026-04-14 22:02:09+00:00,,,,,,,,,,,,,,,,,,,,,,,,,,,,,,,,,,,,,,,,,,,,,,,,,,,,,,,,,,,,,,,,,,,,,,,,,,,,,,,,,,,,,,,,,,,,,,,,,,,,,,,,,,0.5382802356897292,16,2026-W16,0.865,False,2.5338864923315295e-11,0.9698876669094503,0.030112333065226676,0.6006873102794726,-11.588530771262349,0.0875534139467236,4,2,
2026-04-14 23:33:41,2026-04-14 23:00,KXETHD-26APR1420-T2329.99,2026-04-15T00:00:00Z,2321.07,2329.99,0.3843,0.205,real,0.086304,1.3639,0.00039587,0.00038851,0.0009084,0.4277,0.05,0.00059647,0.0,0.0,1.0,1.0,-1.0,-0.1098,2.0,0.0,0.5097,0.0,2.443e-05,0.0,-1.0,1.0,2.0,2.0,-1.5742,False,False,0.0,0.0,39.89,42.88,False,0.0,neutral,0.0,0.0,0.096993,0.075249,trade,no,False,False,47.0,26.27,,0.473138,0.05,50.0,1000.0,0.0,4.0,0.5504,0.0237,,,False,,False,True,12.89,2026-04-14 23:33:41+00:00,,,,,,,,,,,,,,,,,,,,,,,,,,,,,,,,,,,,,,,,,,,,,,,,,,,,,,,,,,,,,,,,,,,,,,,,,,,,,,,,,,,,,,,,,,,,,,,,,,,,,,,,,,0.5275725716672242,16,2026-W16,0.795,False,4.120252514804433e-12,0.9403335194772335,0.05966648051867395,0.5993015898658303,-10.44927418525438,0.14928629875443317,4,2,
2026-04-15 01:32:27,2026-04-15 01:00,KXETHD-26APR1422-T2329.99,2026-04-15T02:00:00Z,2337.19,2329.99,-0.3081,0.805,real,0.911829,-1.3521,0.0005585,0.00049807,0.00068458,0.7275,0.19,0.00057267,0.0,-1.0,0.0,1.0,-1.0,-0.1435,2.0,0.0,0.2968,0.0,1.16e-05,0.0,0.0,0.0,0.0,0.0,0.0112,False,False,0.0,0.0,76.79,79.96,True,0.0,neutral,0.0,0.0,0.111389,0.085401,trade,yes,False,False,48.0,27.5,,0.571226,0.05,50.0,1000.0,0.0,0.0,0.5116,0.1046,,,False,,True,True,12.11,2026-04-15 01:32:27+00:00,,,,,,,,,,,,,,,,,,,,,,,,,,,,,,,,,,,,,,,,,,,,,,,,,,,,,,,,,,,,,,,,,,,,,,,,,,,,,,,,,,,,,,,,,,,,,,,,,,,,,,,,,,0.4847978034788946,16,2026-W16,0.805,False,1.0613349002254135e-10,0.8662638360307785,0.1337361638630727,0.6277266006679172,-6.956034847378991,0.2644785889626348,4,2,
2026-04-15 04:02:36,2026-04-15 04:00,KXETHD-26APR1501-T2329.99,2026-04-15T05:00:00Z,2333.25,2329.99,-0.1396,0.73,real,0.765519,-0.7242,0.00037286,0.00035799,0.00030106,1.1891,0.2,0.00033522,-1.0,-1.0,0.0,0.0,0.0,-0.0501,2.0,0.0,0.6601,0.0,3.174e-05,0.0,0.0,0.0,0.0,0.0,-0.0184,False,False,-1.0,0.0,63.0,46.25,False,0.0,neutral,0.0,0.0,0.04435,0.015553,trade,yes,False,False,38.0,57.34,,0.164258,0.05,50.0,1000.0,0.0,0.0,0.5116,0.1507,0.2351,,False,,True,True,18.49,2026-04-15 04:02:36+00:00,,,,,,,,,,,,,,,,,,,,,,,,,,,,,,,,,,,,,,,,,,,,,,,,,,,,,,,,,,,,,,,,,,,,,,,,,,,,,,,,,,,,,,,,,,,,,,,,,,,,,,,,,,0.4959119463741891,16,2026-W16,0.73,False,2.4058036438256185e-11,0.9835535064573536,0.016446493518561502,0.5625432590152667,-4.452864281208622,0.25284116737885265,4,2,
2026-04-15 05:03:30,2026-04-15 05:00,KXETHD-26APR1502-T2349.99,2026-04-15T06:00:00Z,2337.48,2349.99,0.535,0.175,real,0.078623,1.4144,0.00053095,0.00059451,0.00075987,0.7824,0.19,0.00066065,-1.0,-1.0,0.0,1.0,0.0,-0.0188,2.0,0.0,0.4014,0.0,3.375e-05,0.0,0.0,0.0,0.0,0.0,0.1631,False,False,-1.0,-1.0,83.52,69.85,False,0.0,neutral,0.0,0.0,0.102963,0.083284,trade,no,False,False,38.0,56.46,,0.588361,0.05,50.0,1000.0,0.0,-2.0,0.4815,0.3565,0.1316,,False,,False,True,10.61,2026-04-15 05:03:30+00:00,,,,,,,,,,,,,,,,,,,,,,,,,,,,,,,,,,,,,,,,,,,,,,,,,,,,,,,,,,,,,,,,,,,,,,,,,,,,,,,,,,,,,,,,,,,,,,,,,,,,,,,,,,0.5466826606973503,16,2026-W16,0.825,False,8.57957045826295e-12,0.9862553583328049,0.013744641658594448,0.500139214661033,-4.38828696032266,0.14019456314210477,4,2,
2026-04-15 09:03:06,2026-04-15 09:00,KXETHD-26APR1506-T2329.99,2026-04-15T10:00:00Z,2325.45,2329.99,0.1951,0.345,real,0.280468,0.5815,0.00053951,0.00054283,0.00064805,0.8376,0.15,0.00058492,-1.0,-1.0,0.0,2.0,-1.0,-0.1609,2.0,0.0,0.2822,0.0,4.952e-05,0.0,0.0,0.0,0.0,0.0,-0.0085,False,False,-1.0,-1.0,84.91,84.75,False,1.0,neutral,0.0,0.0,0.074992,0.046195,trade,no,False,False,37.0,56.84,,0.21737,0.05,50.0,1000.0,0.0,-1.0,0.4875,0.0236,-0.0438,-0.0438,False,,False,True,26.34,2026-04-15 09:03:06+00:00,,,,,,,,,,,,,,,,,,,,,,,,,,,,,,,,,,,,,,,,,,,,,,,,,,,,,,,,,,,,,,,,,,,,,,,,,,,,,,,,,,,,,,,,,,,,,,,,,,,,,,,,,,0.5226534758374282,16,2026-W16,0.655,False,3.45111641313228e-17,0.9990845785780855,0.0009154214218863165,0.5901240052707162,-2.8122603281442196,0.14246749704518688,4,2,
2026-04-15 10:32:03,2026-04-15 10:00,KXETHD-26APR1507-T2309.99,2026-04-15T11:00:00Z,2313.44,2309.99,-0.149,0.765,real,0.829428,-0.9519,0.00044411,0.00032795,0.00039077,0.8392,0.11,0.00035308,0.0,0.0,1.0,1.0,0.0,-0.0665,2.0,0.0,0.1469,-1.0,5.078e-05,0.0,-1.0,1.0,2.0,2.0,-0.6242,False,False,1.0,0.0,25.27,38.09,False,-1.0,neutral,0.0,0.0,0.12333,0.095746,trade,yes,False,False,37.0,27.9,,0.524809,0.05,50.0,1000.0,0.0,3.0,0.6364,-0.2401,-0.0194,0.0,False,,True,True,15.36,2026-04-15 10:32:03+00:00,,,,,,,,,,,,,,,,,,,,,,,,,,,,,,,,,,,,,,,,,,,,,,,,,,,,,,,,,,,,,,,,,,,,,,,,,,,,,,,,,,,,,,,,,,,,,,,,,,,,,,,,,,0.492764830200428,16,2026-W16,0.765,False,1.671336682856843e-13,0.9951410668113779,0.004858933188428941,0.5781585017072361,-2.103074594604962,0.3384754990925612,4,2,
2026-04-15 12:19:08,2026-04-15 12:00,KXETHD-26APR1509-T2329.99,2026-04-15T13:00:00Z,2334.03,2329.99,-0.1732,0.6,real,0.657883,-0.4067,0.00073856,0.00049459,0.00107086,0.4619,0.02,0.00072509,0.0,-1.0,0.0,1.0,0.0,0.0566,2.0,0.0,0.6442,0.0,3.535e-05,0.0,0.0,0.0,0.0,0.0,0.2354,False,False,-1.0,-1.0,77.51,77.74,True,1.0,neutral,0.0,0.0,0.068499,0.036699,trade,yes,False,False,38.0,40.83,,0.171247,0.05,50.0,1000.0,0.0,0.0,0.5116,0.1025,-0.0561,-0.0707,False,,True,True,33.33,2026-04-15 12:19:08+00:00,,,,,,,,,,,,,,,,,,,,,,,,,,,,,,,,,,,,,,,,,,,,,,,,,,,,,,,,,,,,,,,,,,,,,,,,,,,,,,,,,,,,,,,,,,,,,,,,,,,,,,,,,,0.4743907480329353,16,2026-W16,0.6,False,3.901195852783411e-12,0.9916986872128299,0.00830131278329728,0.4992481939915367,-0.5178906610440164,0.7684452387030853,4,2,
2026-04-15 13:00:28,2026-04-15 13:00,KXETHD-26APR1510-T2349.99,2026-04-15T14:00:00Z,2333.4,2349.99,0.7109,0.13,real,0.014251,2.1903,0.00051371,0.00028837,0.00081532,0.3537,0.02,0.00049915,0.0,-1.0,0.0,1.0,0.0,-0.0669,2.0,0.0,0.5911,0.0,2.267e-05,0.0,0.0,0.0,0.0,0.0,0.2924,False,False,-1.0,-1.0,82.55,84.38,True,1.0,bullish,0.0,0.0,0.1,0.082963,trade,no,False,False,39.0,59.49,,0.769231,0.05,50.0,1000.0,0.0,-2.0,0.4815,0.1192,0.0,0.0,False,,False,True,7.47,2026-04-15 13:00:28+00:00,,,,,,,,,,,,,,,,,,,,,,,,,,,,,,,,,,,,,,,,,,,,,,,,,,,,,,,,,,,,,,,,,,,,,,,,,,,,,,,,,,,,,,,,,,,,,,,,,,,,,,,,,,0.5059352755213803,16,2026-W16,0.87,False,1.1789214714098273e-15,0.9974945985652207,0.0025054014347664177,0.46136769532712774,-0.41235924229689624,0.6040336992596327,4,2,
2026-04-15 15:00:58,2026-04-15 15:00,KXETHD-26APR1512-T2349.99,2026-04-15T16:00:00Z,2338.88,2349.99,0.475,0.225,real,0.185558,0.8944,0.00091481,0.00082422,0.00081673,1.0092,0.03,0.00082122,0.0,-1.0,0.0,1.0,-1.0,-0.1279,2.0,0.0,0.5905,0.0,1.1e-07,0.0,0.0,0.0,-1.0,-1.0,0.5467,False,False,-1.0,0.0,74.7,61.72,False,1.0,neutral,0.0,0.0,0.090916,0.067788,trade,no,False,False,39.0,58.98,,0.404069,0.05,50.0,1000.0,0.0,-3.0,0.4157,-0.0547,0.246,0.0004,False,,False,True,14.52,2026-04-15 15:00:58+00:00,,,,,,,,,,,,,,,,,,,,,,,,,,,,,,,,,,,,,,,,,,,,,,,,,,,,,,,,,,,,,,,,,,,,,,,,,,,,,,,,,,,,,,,,,,,,,,,,,,,,,,,,,,0.5039752707517506,16,2026-W16,0.775,False,4.0653340204859717e-07,0.08827870365025994,0.911720889816331,0.5248923147106587,0.2890280206714211,0.5799803729146271,4,2,
2026-04-15 18:43:31,2026-04-15 18:00,KXETHD-26APR1515-T2349.99,2026-04-15T19:00:00Z,2353.81,2349.99,-0.1623,0.745,real,0.800761,-0.8443,0.00059567,0.00045426,0.00060818,0.7469,0.03,0.00051583,0.0,-1.0,0.0,2.0,0.0,0.0488,2.0,0.0,0.762,0.0,-3.568e-05,0.0,1.0,-1.0,-2.0,-2.0,0.6791,False,False,-1.0,-1.0,84.1,80.41,False,1.0,bullish,0.0,0.0,0.038523,0.010225,trade,yes,False,False,39.0,16.43,,0.15107,0.05,50.0,1000.0,1.0,-6.0,0.476,0.12,-0.0752,-0.0238,False,,True,True,17.11,2026-04-15 18:43:31+00:00,,,,,,,,,,,,,,,,,,,,,,,,,,,,,,,,,,,,,,,,,,,,,,,,,,,,,,,,,,,,,,,,,,,,,,,,,,,,,,,,,,,,,,,,,,,,,,,,,,,,,,,,,,0.4441085051036988,16,2026-W16,0.745,False,0.8397287698356849,0.001794306257621766,0.15847692390666557,0.5615301522746499,2.523944853135756,0.9591758135952266,0,0,
2026-04-15 21:09:14+00:00,2026-04-15 21:00,KXETHD-26APR1518-T2349.99,2026-04-15T22:00:00Z,2358.24,2349.99,-0.3497,0.74,real,0.787334,-0.7972,0.00078469,0.00060807,0.00076459,0.7953,0.04,0.00067067,0.0,-1.0,0.0,0.0,0.0,-0.0565,2.0,-1.0,0.8277,0.0,-4.616e-05,-1.0,0.0,0.0,-1.0,-1.0,0.4881,False,False,1.0,0.0,36.66,41.39,False,0.0,bullish,0.0,0.0,0.111059,0.082591,trade,yes,False,False,39.0,50.71,,0.427151,0.05,50.0,1000.0,1.0,0.0,0.5963,-0.0911,-0.2386,-0.0318,False,,True,True,17.57,2026-04-15 21:09:14+00:00,,,,,,,,,,,,,,,,,,,,,,,,,,,,,,,,,,,,,,,,,,,,,,,,,,,,,,,,,,,,,,,,,,,,,,,,,,,,,,,,,,,,,,,,,,,,,,,,,,,,,,,,,,0.462738967623184,16,2026-W16,0.74,False,0.8733565955942906,6.764043472905028e-05,0.1265757639709976,0.6273942007839901,3.7204027263204074,0.6736842105263153,0,0,
2026-04-16 00:01:47+00:00,2026-04-16 00:00,KXETHD-26APR1521-T2349.99,2026-04-16T01:00:00Z,2360.43,2349.99,-0.4423,0.74,real,0.837855,-0.9857,0.00074904,0.00069078,0.00090336,0.7647,0.12,0.00077581,1.0,-1.0,0.0,1.0,-1.0,-0.1048,2.0,0.0,0.7365,0.0,-2.815e-05,0.0,0.0,0.0,0.0,0.0,,False,False,0.0,0.0,33.51,24.59,True,1.0,bullish,0.0,0.0,0.150551,0.122083,trade,yes,False,False,39.0,58.17,,0.579041,0.05,50.0,1000.0,1.0,0.0,0.5963,0.1681,0.2966,0.0165,False,,True,True,17.57,2026-04-16 00:01:47+00:00,,,,,,,,,,,,,,,,,,,,,,,,,,,,,,,,,,,,,,,,,,,,,,,,,,,,,,,,,,,,,,,,,,,,,,,,,,,,,,,,,,,,,,,,,,,,,,,,,,,,,,,,,,0.4898620668235691,16,2026-W16,0.74,False,0.9754164555805981,4.054185588542785e-05,0.024543002563530723,0.42519034753238805,2.141779780056284,0.6825211176088343,1,0,
2026-04-16 00:32:29+00:00,2026-04-16 00:00,KXETHD-26APR1521-T2369.99,2026-04-16T01:00:00Z,2361.42,2369.99,0.3628,0.045,real,0.097816,1.2941,0.00062782,0.00069572,0.00040764,1.7067,0.01,0.00058049,1.0,0.0,1.0,0.0,0.0,-0.0451,2.0,0.0,0.5941,0.0,-8.8e-06,0.0,0.0,0.0,0.0,0.0,,False,False,-1.0,1.0,35.1,20.62,True,1.0,bullish,0.0,0.0,0.101787,0.083778,trade,yes,False,False,39.0,27.46,,0.106583,0.05,50.0,1000.0,1.0,0.0,0.5963,0.0199,0.3499,0.3047,False,,False,False,-50.0,2026-04-16 00:32:29+00:00,,,,,,,,,,,,,,,,,,,,,,,,,,,,,,,,,,,,,,,,,,,,,,,,,,,,,,,,,,,,,,,,,,,,,,,,,,,,,,,,,,,,,,,,,,,,,,,,,,,,,,,,,,0.4898620668235691,16,2026-W16,0.045,False,0.9754164555805981,4.054185588542785e-05,0.024543002563530723,0.42519034753238805,2.141779780056284,0.6825211176088343,1,0,
2026-04-16 02:31:06+00:00,2026-04-16 02:00,KXETHD-26APR1523-T2369.99,2026-04-16T03:00:00Z,2361.83,2369.99,0.3455,0.25,real,0.176069,0.9304,0.00038594,0.00051547,0.00095191,0.5415,0.06,0.00069005,1.0,-1.0,0.0,2.0,0.0,-0.07,2.0,0.0,0.4089,0.0,-2.84e-06,0.0,1.0,-1.0,-2.0,-2.0,0.29,False,False,-1.0,-1.0,89.95,64.01,False,0.0,bullish,0.0,0.0,0.071455,0.046188,trade,no,False,False,39.0,28.86,,0.285819,0.05,50.0,1000.0,1.0,-1.0,0.5038,0.2701,0.2837,0.2037,False,,False,True,16.67,2026-04-16 02:31:06+00:00,,,,,,,,,,,,,,,,,,,,,,,,,,,,,,,,,,,,,,,,,,,,,,,,,,,,,,,,,,,,,,,,,,,,,,,,,,,,,,,,,,,,,,,,,,,,,,,,,,,,,,,,,,0.5250088563179358,16,2026-W16,0.75,False,0.9970920730648343,1.811078195966317e-05,0.0028898161531776736,0.4406284894423311,0.5772319063191409,0.625860948667968,1,0,
2026-04-16 04:30:46+00:00,2026-04-16 04:00,KXETHD-26APR1601-T2359.99,2026-04-16T05:00:00Z,2357.29,2359.99,0.1146,0.425,real,0.347534,0.392,0.00032859,0.00032579,0.00112112,0.2906,0.11,0.00064392,1.0,-1.0,0.0,1.0,-1.0,-0.14,2.0,0.0,0.6768,0.0,-1.871e-05,0.0,0.0,0.0,0.0,0.0,-0.0946,False,False,1.0,0.0,31.26,50.48,False,0.0,bullish,0.0,0.0,0.065819,0.034707,trade,no,False,False,41.0,29.18,,0.154868,0.05,50.0,1000.0,0.0,0.0,0.5125,-0.0445,-0.1792,-0.1661,False,,False,True,36.96,2026-04-16 04:30:46+00:00,,,,,,,,,,,,,,,,,,,,,,,,,,,,,,,,,,,,,,,,,,,,,,,,,,,,,,,,,,,,,,,,,,,,,,,,,,,,,,,,,,,,,,,,,,,,,,,,,,,,,,,,,,0.5250943657860626,16,2026-W16,0.575,False,0.9943167127844421,2.661410926388849e-05,0.0056566731062902935,0.33047080708106696,-0.3735169954566411,0.5717418117034413,1,0,
2026-04-16 11:36:25+00:00,2026-04-16 11:00,KXETHD-26APR1608-T2339.99,2026-04-16T12:00:00Z,2334.51,2339.99,0.2348,0.14,real,0.031664,1.8569,0.00031296,0.00027257,0.00044742,0.6092,0.1,0.00034251,0.0,0.0,1.0,0.0,0.0,-0.0286,2.0,0.0,0.5401,0.0,4.001e-05,0.0,-1.0,1.0,2.0,2.0,-0.7833,False,False,0.0,0.0,25.88,17.14,True,-1.0,neutral,0.0,0.0,0.099297,0.081563,trade,no,False,False,40.0,23.54,,0.709262,0.05,50.0,1000.0,-1.0,5.0,0.5455,0.0064,0.1408,0.0377,False,,False,True,8.14,2026-04-16 11:36:25+00:00,,,,,,,,,,,,,,,,,,,,,,,,,,,,,,,,,,,,,,,,,,,,,,,,,,,,,,,,,,,,,,,,,,,,,,,,,,,,,,,,,,,,,,,,,,,,,,,,,,,,,,,,,,0.5619157314928243,16,2026-W16,0.86,False,0.9918777963554237,2.570991383506422e-05,0.00809649373074542,0.2936722334852957,-3.776533453844163,0.1076648841354719,5,6,
2026-04-16 12:00:43+00:00,2026-04-16 12:00,KXETHD-26APR1609-T2339.99,2026-04-16T13:00:00Z,2336.99,2339.99,0.1285,0.375,real,0.292077,0.5473,0.00027535,0.0003195,0.00052375,0.61,0.01,0.0004012,0.0,-1.0,0.0,1.0,-1.0,-0.1741,2.0,-1.0,1.0,0.0,4.152e-05,1.0,0.0,0.0,1.0,1.0,-0.587,False,False,-1.0,0.0,40.48,30.25,False,0.0,neutral,0.0,0.0,0.065024,0.035052,trade,no,False,False,41.0,59.24,,0.173398,0.05,50.0,1000.0,-1.0,3.0,0.5205,0.1741,0.1762,0.1762,False,,True,False,-50.0,2026-04-16 12:00:43+00:00,,,,,,,,,,,,,,,,,,,,,,,,,,,,,,,,,,,,,,,,,,,,,,,,,,,,,,,,,,,,,,,,,,,,,,,,,,,,,,,,,,,,,,,,,,,,,,,,,,,,,,,,,,0.5194202155864727,16,2026-W16,0.625,False,0.9915333920734567,2.5528825201109515e-05,0.008441079101319143,0.26025752597355334,-3.4420178015948064,0.16541889483065528,5,6,
2026-04-16 13:19:04+00:00,2026-04-16 13:00,KXETHD-26APR1610-T2359.99,2026-04-16T14:00:00Z,2347.3,2359.99,0.5406,0.155,real,0.047337,1.6712,0.00038806,0.00044731,0.00083048,0.5386,0.01,0.00060058,-1.0,0.0,1.0,1.0,0.0,0.0256,2.0,1.0,0.8992,0.0,3.631e-05,1.0,-1.0,1.0,2.0,0.0,0.0054,False,True,-1.0,-1.0,100.0,74.88,False,0.0,neutral,0.0,0.0,0.125,0.107963,trade,no,False,False,42.0,40.89,,0.806452,0.05,50.0,1000.0,-1.0,-5.0,0.3173,0.4315,0.2728,0.2407,False,,False,True,9.17,2026-04-16 13:19:04+00:00,,,,,,,,,,,,,,,,,,,,,,,,,,,,,,,,,,,,,,,,,,,,,,,,,,,,,,,,,,,,,,,,,,,,,,,,,,,,,,,,,,,,,,,,,,,,,,,,,,,,,,,,,,0.5578295030186937,16,2026-W16,0.845,False,0.24188028915138832,0.0001654198620637494,0.7579542909865589,0.42669952193789534,-5.176556357047775,0.13648180242634192,5,0,
2026-04-16 14:51:20+00:00,2026-04-16 14:00,KXETHD-26APR1611-T2319.99,2026-04-16T15:00:00Z,2312.01,2319.99,0.3451,0.195,real,0.159555,0.9963,0.00154937,0.00090985,0.00136851,0.6648,0.01,0.00109331,0.0,-1.0,0.0,1.0,-1.0,-0.264,2.0,0.0,0.46,0.0,3.994e-05,-1.0,0.0,0.0,1.0,1.0,-0.8349,False,False,0.0,0.0,40.87,27.8,True,-1.0,neutral,0.0,0.0,0.101131,0.080177,trade,no,False,False,39.0,8.58,,0.518621,0.05,50.0,1000.0,-3.0,2.0,0.3741,0.806,0.4806,0.1911,False,,False,True,12.11,2026-04-16 14:51:20+00:00,,,,,,,,,,,,,,,,,,,,,,,,,,,,,,,,,,,,,,,,,,,,,,,,,,,,,,,,,,,,,,,,,,,,,,,,,,,,,,,,,,,,,,,,,,,,,,,,,,,,,,,,,,0.5268310817653723,16,2026-W16,0.8049999999999999,False,0.003728500507905542,8.971432779475635e-05,0.9961817851642967,1.039351261301269,-5.75383712041985,0.23679435483871142,5,0,
2026-04-16 14:59:58+00:00,2026-04-16 14:00,KXETHD-26APR1612-T2319.99,2026-04-16T16:00:00Z,2310.67,2319.99,0.4033,0.285,real,0.309403,0.4975,0.001261,0.00113121,0.00091508,1.2362,0.05,0.00104476,0.0,0.0,1.0,0.0,0.0,-0.08,2.0,0.0,0.443,0.0,3.778e-05,-1.0,-1.0,1.0,2.0,2.0,-0.9602,False,False,1.0,0.0,36.09,26.2,True,-1.0,neutral,0.0,0.0,0.091142,0.065202,trade,no,False,False,40.0,59.95,,0.319795,0.05,50.0,1000.0,-3.0,3.0,0.3571,0.6673,0.0308,-0.0467,False,,True,False,-50.0,2026-04-16 14:59:58+00:00,,,,,,,,,,,,,,,,,,,,,,,,,,,,,,,,,,,,,,,,,,,,,,,,,,,,,,,,,,,,,,,,,,,,,,,,,,,,,,,,,,,,,,,,,,,,,,,,,,,,,,,,,,0.5268310817653723,16,2026-W16,0.7150000000000001,False,0.003728500507905542,8.971432779475635e-05,0.9961817851642967,1.039351261301269,-5.75383712041985,0.23679435483871142,5,0,
2026-04-16 19:02:18+00:00,2026-04-16 19:00,KXETHD-26APR1616-T2339.99,2026-04-16T20:00:00Z,2344.68,2339.99,-0.2002,0.62,real,0.639026,-0.3559,0.00078351,0.0007675,0.00086384,0.8885,0.04,0.00080604,-1.0,-1.0,0.0,1.0,0.0,-0.0053,2.0,0.0,0.5756,0.0,2.689e-05,1.0,0.0,0.0,-1.0,-1.0,0.7952,False,False,-1.0,-1.0,90.16,78.01,False,0.0,neutral,0.0,0.0,0.060427,0.028935,trade,yes,False,False,65.0,57.66,,0.159019,0.05,50.0,1000.0,0.0,-6.0,0.473,0.7583,0.0546,-0.0784,True,,True,True,30.65,2026-04-16 19:02:18+00:00,,,,,,,,,,,,,,,,,,,,,,,,,,,,,,,,,,,,,,,,,,,,,,,,,,,,,,,,,,,,,,,,,,,,,,,,,,,,,,,,,,,,,,,,,,,,,,,,,,,,,,,,,,0.4334543436975738,16,2026-W16,0.62,False,1.3275369491088381e-06,0.000846339887892041,0.9991523325751478,0.910449240109555,0.7599006312664378,0.8996846191169338,5,2,
2026-04-16 19:04:24+00:00,2026-04-16 19:00,KXETHD-26APR1617-T2339.99,2026-04-16T21:00:00Z,2343.96,2339.99,-0.1694,0.57,real,0.584554,-0.2136,0.00071807,0.00074187,0.00089434,0.8295,0.04,0.00080286,-1.0,-1.0,0.0,1.0,0.0,-0.098,2.0,0.0,0.5756,0.0,2.689e-05,1.0,0.0,0.0,-1.0,-1.0,0.8347,False,False,-1.0,-1.0,92.63,78.84,False,0.0,neutral,0.0,0.0,0.058013,0.025856,trade,yes,False,False,65.0,115.56,,0.134914,0.05,50.0,1000.0,0.0,-6.0,0.473,0.684,-0.0392,0.0636,True,,True,True,37.72,2026-04-16 19:04:24+00:00,,,,,,,,,,,,,,,,,,,,,,,,,,,,,,,,,,,,,,,,,,,,,,,,,,,,,,,,,,,,,,,,,,,,,,,,,,,,,,,,,,,,,,,,,,,,,,,,,,,,,,,,,,0.4334543436975738,16,2026-W16,0.57,False,1.3275369491088381e-06,0.000846339887892041,0.9991523325751478,0.910449240109555,0.7599006312664378,0.8996846191169338,5,2,
2026-04-16 21:58:13+00:00,2026-04-16 21:00,KXETHD-26APR1618-T2339.99,2026-04-16T22:00:00Z,2340.79,2339.99,-0.0341,0.715,real,0.771781,-0.7447,0.0008461,0.00032516,0.00045466,0.7152,0.17,0.00037696,-1.0,-1.0,0.0,0.0,0.0,0.0255,2.0,0.0,0.5158,0.0,3.261e-05,0.0,0.0,0.0,-1.0,-1.0,0.606,False,False,1.0,0.0,35.09,39.88,False,0.0,bullish,0.0,0.0,0.044629,0.015365,trade,yes,False,False,40.0,1.75,,0.156593,0.05,50.0,1000.0,0.0,-1.0,0.4842,-0.0508,-0.0393,-0.0393,False,,True,True,19.93,2026-04-16 21:58:13+00:00,,,,,,,,,,,,,,,,,,,,,,,,,,,,,,,,,,,,,,,,,,,,,,,,,,,,,,,,,,,,,,,,,,,,,,,,,,,,,,,,,,,,,,,,,,,,,,,,,,,,,,,,,,0.4919453872569058,16,2026-W16,0.715,False,8.691960593484487e-07,0.0006726825329425977,0.9993264482710236,0.7347071398948916,1.5291172841237315,0.6695778748180523,5,2,
2026-04-17 00:06:46+00:00,2026-04-17 00:00,KXETHD-26APR1621-T2339.99,2026-04-17T01:00:00Z,2344.9,2339.99,-0.2093,0.69,real,0.777637,-0.7642,0.00054746,0.00043809,0.00057934,0.7562,0.1,0.00049459,0.0,-1.0,0.0,1.0,0.0,-0.0196,2.0,0.0,0.769,-1.0,5.279e-05,0.0,0.0,0.0,0.0,0.0,,False,False,0.0,0.0,42.29,57.3,False,0.0,bullish,0.0,0.0,0.081861,0.051888,trade,yes,False,False,41.0,53.19,,0.264066,0.05,50.0,1000.0,0.0,0.0,0.5125,-0.2573,-0.1252,-0.1244,False,,True,True,22.46,2026-04-17 00:06:46+00:00,,,,,,,,,,,,,,,,,,,,,,,,,,,,,,,,,,,,,,,,,,,,,,,,,,,,,,,,,,,,,,,,,,,,,,,,,,,,,,,,,,,,,,,,,,,,,,,,,,,,,,,,,,0.4952645374004589,16,2026-W16,0.69,False,1.406282260417991e-06,0.0003498475455976113,0.9996487461721457,0.5245248485421802,1.7045827487095204,0.7640178003814377,5,2,
2026-04-17 03:33:33+00:00,2026-04-17 03:00,KXETHD-26APR1700-T2339.99,2026-04-17T04:00:00Z,2330.82,2339.99,0.3936,0.165,real,0.029626,1.8863,0.00034159,0.000211,0.00078481,0.2689,0.15,0.00044053,0.0,0.0,1.0,1.0,-1.0,-0.1942,2.0,0.0,0.5479,0.0,4.09e-05,0.0,0.0,0.0,1.0,1.0,-0.398,False,False,1.0,1.0,8.86,9.79,False,0.0,neutral,0.0,0.0,0.125937,0.10831,trade,no,False,False,40.0,26.41,,0.763255,0.05,50.0,1000.0,0.0,4.0,0.5496,-0.1441,-0.0082,0.0,False,,False,True,9.88,2026-04-17 03:33:33+00:00,,,,,,,,,,,,,,,,,,,,,,,,,,,,,,,,,,,,,,,,,,,,,,,,,,,,,,,,,,,,,,,,,,,,,,,,,,,,,,,,,,,,,,,,,,,,,,,,,,,,,,,,,,0.5607948998557555,16,2026-W16,0.835,False,6.960440413718742e-08,0.000469328826479145,0.9995306015691122,0.47378146472428867,-0.5581780968439155,0.5347743165925029,3,2,
2026-04-17 07:03:12+00:00,2026-04-17 07:00,KXETHD-26APR1704-T2339.99,2026-04-17T08:00:00Z,2336.09,2339.99,0.1669,0.415,real,0.307842,0.502,0.00031915,0.0002797,0.00103097,0.2713,0.17,0.00058021,0.0,-1.0,0.0,2.0,-1.0,-0.1776,2.0,0.0,0.2219,0.0,1.352e-05,0.0,0.0,0.0,0.0,0.0,-0.1728,False,False,-1.0,-1.0,82.76,77.16,False,0.0,bearish,0.0,0.0,0.124828,0.09541,trade,no,False,False,41.0,56.75,,0.300791,0.05,50.0,1000.0,0.0,-2.0,0.4797,0.2529,0.0,0.0,False,,False,True,35.47,2026-04-17 07:03:12+00:00,,,,,,,,,,,,,,,,,,,,,,,,,,,,,,,,,,,,,,,,,,,,,,,,,,,,,,,,,,,,,,,,,,,,,,,,,,,,,,,,,,,,,,,,,,,,,,,,,,,,,,,,,,0.507618969829377,16,2026-W16,0.585,False,1.5552869085678732e-06,0.0004737102513149278,0.9995247344617589,0.5675319367781128,-0.9760693296428822,0.5879211697393539,3,2,
2026-04-17 08:01:32+00:00,2026-04-17 08:00,KXETHD-26APR1705-T2319.99,2026-04-17T09:00:00Z,2334.41,2319.99,-0.6177,0.84,real,0.964131,-1.8008,0.00049933,0.00055988,0.00081514,0.6869,0.24,0.00066198,1.0,-1.0,0.0,0.0,0.0,-0.094,2.0,0.0,0.6152,0.0,-4.22e-05,0.0,0.0,0.0,0.0,0.0,-0.0403,False,False,0.0,0.0,68.84,69.28,False,0.0,neutral,0.0,0.0,0.126533,0.102125,trade,yes,False,False,40.0,58.42,,0.790832,0.05,50.0,1000.0,0.0,0.0,0.5125,-0.1378,0.1124,0.0853,False,,True,True,9.52,2026-04-17 08:01:32+00:00,,,,,,,,,,,,,,,,,,,,,,,,,,,,,,,,,,,,,,,,,,,,,,,,,,,,,,,,,,,,,,,,,,,,,,,,,,,,,,,,,,,,,,,,,,,,,,,,,,,,,,,,,,0.4547828275852241,16,2026-W16,0.84,False,2.520290521088662e-06,0.0034893988475269934,0.996508080861973,0.5215771949706113,0.8961778869026782,0.9006993006993015,3,2,
2026-04-17 10:11:00+00:00,2026-04-17 10:00,KXETHD-26APR1707-T2359.99,2026-04-17T11:00:00Z,2356.31,2359.99,0.1561,0.36,real,0.317651,0.4743,0.00114254,0.00051812,0.00062204,0.8329,0.08,0.00055969,1.0,0.0,1.0,1.0,-1.0,-0.1937,2.0,0.0,0.0,1.0,-6.52e-05,1.0,0.0,0.0,-1.0,-1.0,0.6487,False,False,-1.0,0.0,64.21,61.55,False,1.0,bullish,0.0,0.0,0.098209,0.069681,trade,no,False,False,41.0,48.95,,0.272802,0.05,50.0,1000.0,0.0,-3.0,0.4167,0.3296,0.0,0.0,False,,False,True,28.12,2026-04-17 10:11:00+00:00,,,,,,,,,,,,,,,,,,,,,,,,,,,,,,,,,,,,,,,,,,,,,,,,,,,,,,,,,,,,,,,,,,,,,,,,,,,,,,,,,,,,,,,,,,,,,,,,,,,,,,,,,,0.505295674488898,16,2026-W16,0.64,False,1.1262756575662087e-06,0.006881242611195273,0.9931176311131503,0.7232963506238881,1.8335509426551182,0.497755163124815,3,2,
2026-04-17 11:02:50+00:00,2026-04-17 11:00,KXETHD-26APR1708-T2339.99,2026-04-17T12:00:00Z,2345.92,2339.99,-0.2529,0.67,real,0.784376,-0.7871,0.00075229,0.00042589,0.00076179,0.5591,0.2,0.00056025,1.0,0.0,1.0,1.0,-1.0,-0.1962,2.0,0.0,0.9031,1.0,-7.368e-05,-1.0,0.0,0.0,0.0,0.0,-0.0583,False,False,1.0,0.0,24.84,25.7,False,0.0,bullish,0.0,0.0,0.138434,0.107957,trade,yes,False,False,41.0,57.11,,0.419498,0.05,50.0,1000.0,0.0,0.0,0.5125,0.0996,0.0,0.0,False,,True,True,24.63,2026-04-17 11:02:50+00:00,,,,,,,,,,,,,,,,,,,,,,,,,,,,,,,,,,,,,,,,,,,,,,,,,,,,,,,,,,,,,,,,,,,,,,,,,,,,,,,,,,,,,,,,,,,,,,,,,,,,,,,,,,0.4635380961451582,16,2026-W16,0.67,False,1.624623561830174e-06,0.015742492287085387,0.9842558830893421,0.7936952914214768,2.225074168328349,0.6600030520372329,3,2,
2026-04-17 13:03:33+00:00,2026-04-17 13:00,KXETHD-26APR1710-T2359.99,2026-04-17T14:00:00Z,2370.07,2359.99,-0.4252,0.635,real,0.664759,-0.4255,0.0012648,0.00131984,0.00164411,0.8028,0.05,0.00144955,1.0,-1.0,0.0,0.0,0.0,-0.0139,2.0,0.0,0.6408,0.0,-4.863e-05,1.0,0.0,0.0,-1.0,-1.0,0.7127,False,False,-1.0,0.0,70.06,66.01,False,1.0,bullish,0.0,0.0,0.069719,0.038495,trade,yes,False,False,44.0,56.39,,0.19101,0.05,50.0,1000.0,3.0,-4.0,0.5448,0.2019,-0.4624,-0.3338,False,,True,True,28.74,2026-04-17 13:03:33+00:00,,,,,,,,,,,,,,,,,,,,,,,,,,,,,,,,,,,,,,,,,,,,,,,,,,,,,,,,,,,,,,,,,,,,,,,,,,,,,,,,,,,,,,,,,,,,,,,,,,,,,,,,,,0.4653715511144892,16,2026-W16,0.635,False,6.355708870561245e-33,1.0,4.0287590263616874e-24,0.6498899998830451,8.163075396879936,0.9638824310860187,7,7,
2026-04-17 13:24:48+00:00,2026-04-17 13:00,KXETHD-26APR1710-T2419.99,2026-04-17T14:00:00Z,2426.44,2419.99,-0.2657,0.59,real,0.588892,-0.2247,0.00158238,0.00136941,0.00197191,0.6945,0.04,0.00161041,1.0,0.0,1.0,2.0,0.0,-0.0035,2.0,0.0,0.1569,1.0,-5.08e-05,1.0,1.0,-1.0,-2.0,-2.0,2.4049,False,False,-1.0,-1.0,97.97,90.49,False,1.0,bullish,0.0,0.0,0.060068,0.028135,trade,yes,False,False,47.0,35.15,,0.146507,0.05,50.0,1000.0,4.0,-15.0,0.47,2.0536,0.846,0.5499,True,,True,True,34.75,2026-04-17 13:24:48+00:00,,,,,,,,,,,,,,,,,,,,,,,,,,,,,,,,,,,,,,,,,,,,,,,,,,,,,,,,,,,,,,,,,,,,,,,,,,,,,,,,,,,,,,,,,,,,,,,,,,,,,,,,,,0.4653715511144892,16,2026-W16,0.59,False,6.355708870561245e-33,1.0,4.0287590263616874e-24,0.6498899998830451,8.163075396879936,0.9638824310860187,7,7,
2026-04-17 13:33:17+00:00,2026-04-17 13:00,KXETHD-26APR1710-T2379.99,2026-04-17T14:00:00Z,2398.11,2379.99,-0.7557,0.735,real,0.717597,-0.5757,0.00172009,0.00210642,0.0023389,0.9006,0.01,0.00219941,1.0,0.0,1.0,1.0,-1.0,-0.2363,2.0,-1.0,0.8124,1.0,-5.195e-05,1.0,0.0,0.0,-1.0,-1.0,0.953,False,False,-1.0,0.0,67.09,78.03,True,1.0,bullish,0.0,0.0,0.04208,0.013446,trade,yes,False,False,46.0,26.67,,0.158794,0.05,50.0,1000.0,3.0,-4.0,0.5448,1.2331,-1.2039,-0.0342,True,,True,True,18.03,2026-04-17 13:33:17+00:00,,,,,,,,,,,,,,,,,,,,,,,,,,,,,,,,,,,,,,,,,,,,,,,,,,,,,,,,,,,,,,,,,,,,,,,,,,,,,,,,,,,,,,,,,,,,,,,,,,,,,,,,,,0.4653715511144892,16,2026-W16,0.735,False,6.355708870561245e-33,1.0,4.0287590263616874e-24,0.6498899998830451,8.163075396879936,0.9638824310860187,7,7,
2026-04-17 14:03:09+00:00,2026-04-17 14:00,KXETHD-26APR1711-T2439.99,2026-04-17T15:00:00Z,2440.1,2439.99,-0.0045,0.475,real,0.501285,-0.0032,0.00189089,0.00183565,,,0.03,0.00183565,1.0,-1.0,0.0,2.0,0.0,-0.0386,2.0,-1.0,0.8674,0.0,-4.841e-05,1.0,1.0,-1.0,-2.0,-2.0,2.2687,False,False,-1.0,-1.0,91.74,91.96,True,1.0,bullish,0.0,0.0,0.074276,0.041819,trade,yes,False,False,48.0,56.81,,0.141477,0.05,50.0,1000.0,6.0,-12.0,0.47,1.8029,0.0287,0.2074,True,,True,True,55.26,2026-04-17 14:03:09+00:00,,,,,,,,,,,,,,,,,,,,,,,,,,,,,,,,,,,,,,,,,,,,,,,,,,,,,,,,,,,,,,,,,,,,,,,,,,,,,,,,,,,,,,,,,,,,,,,,,,,,,,,,,,0.4828773856076734,16,2026-W16,0.475,False,5.3383544666359986e-36,1.0,8.220834532444081e-28,1.5576022921401342,11.207071959107495,0.9096032950357701,7,7,
2026-04-17 14:09:31+00:00,2026-04-17 14:00,KXETHD-26APR1711-T2419.99,2026-04-17T15:00:00Z,2435.29,2419.99,-0.6283,0.705,real,0.709486,-0.5519,0.00180338,0.0015821,0.00164699,0.9606,0.05,0.00160805,1.0,-1.0,0.0,3.0,-1.0,-0.1007,2.0,-1.0,0.8429,0.0,-4.866e-05,1.0,1.0,-1.0,-2.0,-2.0,1.9707,False,False,-1.0,-1.0,86.08,90.08,True,1.0,bullish,0.0,0.0,0.044365,0.014807,trade,yes,False,False,48.0,50.44,,0.150389,0.05,50.0,1000.0,6.0,-10.0,0.47,1.0519,-0.0411,-0.3007,True,,True,True,20.92,2026-04-17 14:09:31+00:00,,,,,,,,,,,,,,,,,,,,,,,,,,,,,,,,,,,,,,,,,,,,,,,,,,,,,,,,,,,,,,,,,,,,,,,,,,,,,,,,,,,,,,,,,,,,,,,,,,,,,,,,,,0.4828773856076734,16,2026-W16,0.705,False,5.3383544666359986e-36,1.0,8.220834532444081e-28,1.5576022921401342,11.207071959107495,0.9096032950357701,7,7,
2026-04-17 17:04:39+00:00,2026-04-17 17:00,KXETHD-26APR1714-T2459.99,2026-04-17T18:00:00Z,2452.7,2459.99,0.2974,0.325,real,0.280174,0.5823,0.00087966,0.00055619,0.00088,0.632,0.03,0.00068572,1.0,0.0,1.0,2.0,-1.0,-0.1337,2.0,0.0,0.5945,1.0,-8.463e-05,1.0,1.0,-1.0,-2.0,-2.0,1.7672,False,False,0.0,0.0,74.67,84.95,True,1.0,bullish,0.0,0.0,0.054601,0.025791,trade,no,False,False,47.0,55.3,,0.168002,0.05,50.0,1000.0,5.0,-8.0,0.47,-0.2097,-0.0412,0.011,False,,False,True,24.07,2026-04-17 17:04:39+00:00,,,,,,,,,,,,,,,,,,,,,,,,,,,,,,,,,,,,,,,,,,,,,,,,,,,,,,,,,,,,,,,,,,,,,,,,,,,,,,,,,,,,,,,,,,,,,,,,,,,,,,,,,,0.5132395701537437,16,2026-W16,0.675,False,9.669240567951951e-26,1.0,3.721379227001764e-16,0.7945424210413173,11.738143567538934,0.8335732401124151,4,7,
2026-04-17 19:00:35+00:00,2026-04-17 19:00,KXETHD-26APR1717-T2429.99,2026-04-17T21:00:00Z,2422.06,2429.99,0.3273,0.355,real,0.351901,0.3802,0.00084807,0.00088879,0.0008042,1.1052,0.05,0.00085496,1.0,0.0,1.0,1.0,-1.0,-0.2301,2.0,0.0,0.5148,0.0,-3.343e-05,0.0,0.0,0.0,0.0,0.0,0.3662,False,False,1.0,1.0,6.9,11.04,False,0.0,bullish,0.0,0.0,0.168041,0.137013,trade,yes,False,False,79.0,119.36,,0.260528,0.05,50.0,1000.0,3.0,4.0,0.6693,-0.0888,-0.3907,-0.0562,False,,False,False,-50.0,2026-04-17 19:00:35+00:00,,,,,,,,,,,,,,,,,,,,,,,,,,,,,,,,,,,,,,,,,,,,,,,,,,,,,,,,,,,,,,,,,,,,,,,,,,,,,,,,,,,,,,,,,,,,,,,,,,,,,,,,,,0.4862930661624429,16,2026-W16,0.355,False,4.812713608521266e-13,0.9999999308435032,6.915602779296877e-08,0.7824211562089248,7.1784069010324885,0.7539927342518342,4,7,
2026-04-17 19:01:39+00:00,2026-04-17 19:00,KXETHD-26APR1716-T2439.99,2026-04-17T20:00:00Z,2423.81,2439.99,0.6674,0.135,real,0.1407,1.0772,0.00086272,0.00093856,0.00078973,1.1885,0.03,0.00087903,1.0,1.0,2.0,0.0,1.0,0.1176,2.0,0.0,0.5109,0.0,-3.343e-05,0.0,0.0,0.0,0.0,0.0,0.497,False,False,1.0,1.0,13.47,13.23,True,0.0,bullish,0.0,0.0,0.214543,0.191369,trade,yes,False,False,79.0,58.3,,0.248027,0.05,50.0,1000.0,3.0,2.0,0.7551,0.0417,0.0756,0.057,False,,False,False,-50.0,2026-04-17 19:01:39+00:00,,,,,,,,,,,,,,,,,,,,,,,,,,,,,,,,,,,,,,,,,,,,,,,,,,,,,,,,,,,,,,,,,,,,,,,,,,,,,,,,,,,,,,,,,,,,,,,,,,,,,,,,,,0.4862930661624429,16,2026-W16,0.135,False,4.812713608521266e-13,0.9999999308435032,6.915602779296877e-08,0.7824211562089248,7.1784069010324885,0.7539927342518342,4,7,
2026-04-17 19:08:02+00:00,2026-04-17 19:00,KXETHD-26APR1716-T2419.99,2026-04-17T20:00:00Z,2421.3,2419.99,-0.0542,0.565,real,0.547344,-0.119,0.00090767,0.00083861,0.00045933,1.8257,0.01,0.0006869,1.0,0.0,1.0,0.0,0.0,-0.0002,2.0,0.0,0.5019,0.0,-3.309e-05,0.0,0.0,0.0,0.0,0.0,0.4396,False,False,1.0,1.0,10.62,12.28,False,0.0,bullish,0.0,0.0,0.22591,0.193705,trade,yes,False,False,79.0,51.93,,0.519332,0.05,50.0,1000.0,3.0,2.0,0.7551,-0.1723,0.074,-0.1196,False,,True,True,38.5,2026-04-17 19:08:02+00:00,,,,,,,,,,,,,,,,,,,,,,,,,,,,,,,,,,,,,,,,,,,,,,,,,,,,,,,,,,,,,,,,,,,,,,,,,,,,,,,,,,,,,,,,,,,,,,,,,,,,,,,,,,0.4862930661624429,16,2026-W16,0.565,False,4.812713608521266e-13,0.9999999308435032,6.915602779296877e-08,0.7824211562089248,7.1784069010324885,0.7539927342518342,4,7,
2026-04-17 22:01:57+00:00,2026-04-17 22:00,KXETHD-26APR1719-T2419.99,2026-04-17T23:00:00Z,2429.48,2419.99,-0.3908,0.845,real,0.901087,-1.2878,0.00063566,0.0004545,0.00050639,0.8975,0.01,0.00047526,1.0,-1.0,0.0,1.0,-1.0,-0.2233,2.0,-1.0,0.9637,0.0,-5.26e-06,0.0,0.0,0.0,0.0,0.0,0.6209,False,False,0.0,0.0,61.96,58.69,False,1.0,bullish,0.0,0.0,0.114472,0.090304,trade,yes,False,False,45.0,58.0,,0.738528,0.05,50.0,1000.0,5.0,-1.0,0.6761,0.1026,0.0391,-0.0383,False,,True,True,9.17,2026-04-17 22:01:57+00:00,,,,,,,,,,,,,,,,,,,,,,,,,,,,,,,,,,,,,,,,,,,,,,,,,,,,,,,,,,,,,,,,,,,,,,,,,,,,,,,,,,,,,,,,,,,,,,,,,,,,,,,,,,0.476736019336749,16,2026-W16,0.845,False,8.084809585494119e-18,0.9999999998750582,1.2494900314492684e-10,0.5277828239629907,3.2486975626734917,0.8180135718692182,4,7,
2026-04-17 22:07:16+00:00,2026-04-17 22:00,KXETHD-26APR1719-T2439.99,2026-04-17T23:00:00Z,2431.5,2439.99,0.3493,0.165,real,0.11703,1.19,0.00058703,0.00047227,0.00049321,0.9576,0.15,0.00048065,1.0,-1.0,0.0,0.0,0.0,0.0552,2.0,-1.0,0.9091,0.0,-4.4e-06,0.0,0.0,0.0,0.0,0.0,0.7061,False,False,-1.0,0.0,74.3,62.8,False,1.0,bullish,0.0,0.0,0.066734,0.04209,trade,yes,False,False,45.0,52.68,,0.079921,0.039961,39.96,1000.0,5.0,-1.0,0.6761,0.1326,0.0527,0.0774,False,,False,False,-39.96,2026-04-17 22:07:16+00:00,,,,,,,,,,,,,,,,,,,,,,,,,,,,,,,,,,,,,,,,,,,,,,,,,,,,,,,,,,,,,,,,,,,,,,,,,,,,,,,,,,,,,,,,,,,,,,,,,,,,,,,,,,0.476736019336749,16,2026-W16,0.165,False,8.084809585494119e-18,0.9999999998750582,1.2494900314492684e-10,0.5277828239629907,3.2486975626734917,0.8180135718692182,4,7,
2026-04-18 08:00:43+00:00,2026-04-18 08:00,KXETHD-26APR1805-T2409.99,2026-04-18T09:00:00Z,2404.72,2409.99,0.2192,0.145,real,0.017769,2.1022,0.00016923,0.00015247,0.00026889,0.567,0.11,0.00019903,-1.0,1.0,2.0,1.0,0.0,0.0306,2.0,0.0,0.5442,-1.0,6.912e-05,0.0,-1.0,1.0,2.0,2.0,-0.4106,False,False,1.0,1.0,0.0,21.29,False,-1.0,neutral,0.0,0.0,0.115,0.097963,trade,no,False,False,41.0,59.23,,0.793103,0.05,50.0,1000.0,0.0,7.0,0.551,-0.1811,-0.0512,-0.0512,False,,False,True,8.48,2026-04-18 08:00:43+00:00,,,,,,,,,,,,,,,,,,,,,,,,,,,,,,,,,,,,,,,,,,,,,,,,,,,,,,,,,,,,,,,,,,,,,,,,,,,,,,,,,,,,,,,,,,,,,,,,,,,,,,,,,,0.5738801154695298,16,2026-W16,0.855,False,1.2045049917378147e-09,0.9997082060216004,0.0002917927739014699,0.48421862098724516,-6.800130806727182,0.13637307852097724,4,7,
2026-04-18 14:04:31+00:00,2026-04-18 14:00,KXETHD-26APR1811-T2369.99,2026-04-18T15:00:00Z,2356.07,2369.99,0.5909,0.16,real,0.057742,1.574,0.00051258,0.00038029,0.00079575,0.4779,0.24,0.00054647,-1.0,-1.0,0.0,1.0,0.0,-0.0404,2.0,0.0,0.3381,-1.0,0.0001,0.0,0.0,0.0,1.0,1.0,-1.1407,False,False,0.0,0.0,73.54,56.03,False,0.0,bearish,0.0,0.0,0.111071,0.092813,trade,no,False,False,39.0,55.43,,0.694193,0.05,50.0,1000.0,-1.0,3.0,0.5205,0.2126,0.017,0.0365,False,,False,True,9.52,2026-04-18 14:04:31+00:00,,,,,,,,,,,,,,,,,,,,,,,,,,,,,,,,,,,,,,,,,,,,,,,,,,,,,,,,,,,,,,,,,,,,,,,,,,,,,,,,,,,,,,,,,,,,,,,,,,,,,,,,,,0.525567973646143,16,2026-W16,0.84,False,0.00020674723761137994,0.0006609144298525821,0.9991323383325265,0.48502874681902974,-8.13558881317664,0.20541645375574785,6,0,
2026-04-18 15:04:57+00:00,2026-04-18 15:00,KXETHD-26APR1812-T2369.99,2026-04-18T16:00:00Z,2364.64,2369.99,0.2264,0.32,real,0.311394,0.4919,0.00053588,0.00068837,0.00065199,1.0558,0.1,0.00067382,-1.0,-1.0,0.0,3.0,-1.0,-0.1064,2.0,0.0,0.768,-1.0,9.7e-05,0.0,0.0,0.0,1.0,1.0,-0.7267,False,False,-1.0,-1.0,73.92,76.19,True,0.0,bearish,0.0,0.0,0.086748,0.059228,trade,no,False,False,40.0,55.0,,0.271086,0.05,50.0,1000.0,-1.0,1.0,0.4254,0.4147,-0.0152,-0.0427,False,,False,True,23.53,2026-04-18 15:04:57+00:00,,,,,,,,,,,,,,,,,,,,,,,,,,,,,,,,,,,,,,,,,,,,,,,,,,,,,,,,,,,,,,,,,,,,,,,,,,,,,,,,,,,,,,,,,,,,,,,,,,,,,,,,,,0.5589456497255471,16,2026-W16,0.6799999999999999,False,0.00017616996119867876,8.526317724700807e-05,0.9997385668615314,0.5296050862257499,-7.1278738522081815,0.1645375574859471,6,0,
2026-04-18 16:32:39+00:00,2026-04-18 16:00,KXETHD-26APR1813-T2369.99,2026-04-18T17:00:00Z,2367.55,2369.99,0.103,0.515,real,0.414029,0.2172,0.00067855,0.00090662,,,0.03,0.00090662,-1.0,-1.0,0.0,1.0,0.0,0.0637,2.0,0.0,0.7685,0.0,1.197e-05,-1.0,0.0,0.0,0.0,0.0,-0.4046,False,False,-1.0,-1.0,80.78,84.87,True,0.0,bearish,0.0,0.0,0.269882,0.241929,trade,no,False,False,40.0,27.31,,0.524042,0.05,50.0,1000.0,-1.0,-2.0,0.3182,0.3449,-0.0983,-0.0549,False,,False,True,53.09,2026-04-18 16:32:39+00:00,,,,,,,,,,,,,,,,,,,,,,,,,,,,,,,,,,,,,,,,,,,,,,,,,,,,,,,,,,,,,,,,,,,,,,,,,,,,,,,,,,,,,,,,,,,,,,,,,,,,,,,,,,0.5571809481975292,16,2026-W16,0.485,False,0.004827787198936592,0.000360437193827416,0.9948117756072181,0.4802535363583774,-6.159781753573421,0.1560551865099642,6,0,
2026-04-18 17:00:05+00:00,2026-04-18 17:00,KXETHD-26APR1814-T2369.99,2026-04-18T18:00:00Z,2361.71,2369.99,0.3506,0.205,real,0.185225,0.8956,0.00075075,0.00063602,0.00054899,1.1585,0.03,0.00060121,-1.0,-1.0,0.0,0.0,0.0,-0.0896,2.0,0.0,0.7767,0.0,1.041e-05,0.0,0.0,0.0,1.0,1.0,-0.7678,False,False,1.0,0.0,41.6,52.93,False,-1.0,bearish,0.0,0.0,0.065757,0.042367,trade,no,False,False,4.0,59.89,,0.320767,0.05,50.0,1000.0,-1.0,1.0,0.4254,-0.4309,0.0479,0.0479,False,,False,True,12.89,2026-04-18 17:00:05+00:00,,,,,,,,,,,,,,,,,,,,,,,,,,,,,,,,,,,,,,,,,,,,,,,,,,,,,,,,,,,,,,,,,,,,,,,,,,,,,,,,,,,,,,,,,,,,,,,,,,,,,,,,,,0.527419516268252,16,2026-W16,0.795,False,0.0066049869771779525,0.00020354567551467023,0.9931914673473098,0.44351968329362984,-4.981329076057883,0.19049565661727022,6,0,
2026-04-18 18:09:33+00:00,2026-04-18 18:00,KXETHD-26APR1815-T2369.99,2026-04-18T19:00:00Z,2363.44,2369.99,0.2772,0.225,real,0.193637,0.8646,0.0005649,0.00055074,0.00051618,1.067,0.15,0.00053691,-1.0,-1.0,0.0,0.0,0.0,0.0358,2.0,0.0,0.6652,0.0,-8.22e-06,0.0,0.0,0.0,1.0,1.0,-0.4389,False,False,0.0,0.0,35.14,40.8,False,-1.0,bearish,0.0,0.0,0.058296,0.033572,trade,no,False,False,39.0,50.4,,0.259092,0.05,50.0,1000.0,-1.0,0.0,0.4591,-0.162,-0.0973,0.143,False,,False,True,14.52,2026-04-18 18:09:33+00:00,,,,,,,,,,,,,,,,,,,,,,,,,,,,,,,,,,,,,,,,,,,,,,,,,,,,,,,,,,,,,,,,,,,,,,,,,,,,,,,,,,,,,,,,,,,,,,,,,,,,,,,,,,0.5983081610249749,16,2026-W16,0.775,False,0.050617283315579444,0.00031768009798079734,0.949065036586468,0.45795811913026874,-5.076756910846394,0.055128343983538934,6,0,
2026-04-19 02:06:23+00:00,2026-04-19 02:00,KXETHD-26APR1823-T2349.99,2026-04-19T03:00:00Z,2347.22,2349.99,0.1181,0.25,real,0.212858,0.7965,0.00041964,0.00033675,0.00023904,1.4087,0.2,0.00029767,-1.0,-1.0,0.0,0.0,0.0,-0.0179,2.0,0.0,0.6688,0.0,-1.12e-06,0.0,0.0,0.0,0.0,0.0,-0.0436,False,False,0.0,0.0,29.12,24.45,True,-1.0,bearish,0.0,0.0,0.091462,0.067124,trade,no,False,False,38.0,53.56,,0.365848,0.05,50.0,1000.0,-2.0,0.0,0.4192,0.1199,-0.1094,-0.0532,False,,False,True,16.67,2026-04-19 02:06:23+00:00,,,,,,,,,,,,,,,,,,,,,,,,,,,,,,,,,,,,,,,,,,,,,,,,,,,,,,,,,,,,,,,,,,,,,,,,,,,,,,,,,,,,,,,,,,,,,,,,,,,,,,,,,,0.61854444238539,16,2026-W16,0.75,False,0.9999999203790854,3.266574825481891e-08,4.69551686467189e-08,0.44814058558240927,-1.1563239662910192,0.09484747500640925,6,0,
2026-04-19 03:19:30+00:00,2026-04-19 03:00,KXETHD-26APR1900-T2349.99,2026-04-19T04:00:00Z,2340.84,2349.99,0.3908,0.145,real,0.043195,1.7148,0.0007917,0.00039789,0.00057955,0.6866,0.19,0.00047055,-1.0,-1.0,0.0,0.0,0.0,-0.0845,2.0,0.0,0.6953,0.0,5.76e-06,0.0,0.0,0.0,1.0,1.0,-0.2227,False,False,0.0,0.0,35.41,32.39,False,-1.0,bearish,0.0,0.0,0.115,0.097963,trade,no,False,False,38.0,40.45,,0.793103,0.05,50.0,1000.0,-2.0,0.0,0.4192,-0.0982,0.1267,0.0449,False,,False,True,8.48,2026-04-19 03:19:30+00:00,,,,,,,,,,,,,,,,,,,,,,,,,,,,,,,,,,,,,,,,,,,,,,,,,,,,,,,,,,,,,,,,,,,,,,,,,,,,,,,,,,,,,,,,,,,,,,,,,,,,,,,,,,0.5575816812829585,16,2026-W16,0.855,False,0.9999998432921994,3.9366944821149096e-08,1.1734084847849584e-07,0.5282833187068083,-1.025210764281745,0.1367025683512853,6,0,
2026-04-19 04:06:04+00:00,2026-04-19 04:00,KXETHD-26APR1901-T2349.99,2026-04-19T05:00:00Z,2343.8,2349.99,0.2643,0.205,real,0.012072,2.2548,0.00015881,9.988e-05,0.00043635,0.2289,0.25,0.00023447,-1.0,-1.0,0.0,0.0,0.0,-0.0165,2.0,-1.0,0.8222,0.0,1.388e-05,0.0,0.0,0.0,1.0,1.0,-0.1453,False,False,0.0,0.0,46.67,47.59,False,-1.0,bearish,0.0,0.0,0.175,0.157963,trade,no,False,False,38.0,53.89,,0.853659,0.05,50.0,1000.0,-2.0,0.0,0.4192,-0.0312,-0.0307,0.0056,False,,False,True,12.89,2026-04-19 04:06:04+00:00,,,,,,,,,,,,,,,,,,,,,,,,,,,,,,,,,,,,,,,,,,,,,,,,,,,,,,,,,,,,,,,,,,,,,,,,,,,,,,,,,,,,,,,,,,,,,,,,,,,,,,,,,,0.6001692157704757,16,2026-W16,0.795,False,0.9999999965568236,3.3546772274422758e-09,8.851865633784775e-11,0.4916069263063333,-1.2933857233622934,0.18636442291053795,6,0,
2026-04-19 07:06:03+00:00,2026-04-19 07:00,KXETHD-26APR1904-T2329.99,2026-04-19T08:00:00Z,2326.27,2329.99,0.1599,0.31,real,0.174777,0.9355,0.00053308,0.00016901,0.00043894,0.385,0.16,0.00027698,-1.0,1.0,2.0,0.0,1.0,0.1873,2.0,0.0,0.4343,0.0,2.766e-05,-1.0,-1.0,1.0,2.0,2.0,-0.3297,False,False,0.0,0.0,31.47,32.61,False,-1.0,bearish,0.0,0.0,0.111953,0.085835,trade,no,False,False,37.0,53.9,,0.361138,0.05,50.0,1000.0,-2.0,3.0,0.5346,-0.0155,0.0,0.0,False,,False,True,22.46,2026-04-19 07:06:03+00:00,,,,,,,,,,,,,,,,,,,,,,,,,,,,,,,,,,,,,,,,,,,,,,,,,,,,,,,,,,,,,,,,,,,,,,,,,,,,,,,,,,,,,,,,,,,,,,,,,,,,,,,,,,0.5921244359914667,16,2026-W16,0.69,False,0.9999999968239308,3.0994838549329992e-09,7.65794908187128e-11,0.4904544132489505,-1.8882293348170016,0.27736549165120533,6,0,
2026-04-19 11:07:21+00:00,2026-04-19 11:00,KXETHD-26APR1908-T2309.99,2026-04-19T12:00:00Z,2320.6,2309.99,-0.457,0.865,real,0.998772,-3.0286,0.00016024,3.205e-05,0.00057257,0.056,0.15,0.00024826,-1.0,0.0,1.0,0.0,0.0,-0.0972,2.0,0.0,0.4292,0.0,2.061e-05,0.0,-1.0,1.0,2.0,2.0,-0.6926,False,False,0.0,0.0,31.44,44.24,False,-1.0,bearish,0.0,0.0,0.105,0.081826,trade,yes,False,False,37.0,52.61,,0.777778,0.05,50.0,1000.0,-3.0,4.0,0.5546,0.0,0.0,0.0,False,,True,True,7.8,2026-04-19 11:07:21+00:00,,,,,,,,,,,,,,,,,,,,,,,,,,,,,,,,,,,,,,,,,,,,,,,,,,,,,,,,,,,,,,,,,,,,,,,,,,,,,,,,,,,,,,,,,,,,,,,,,,,,,,,,,,0.4900105755793139,16,2026-W16,0.865,False,0.9997177089455311,6.732064025894231e-07,0.00028161784806675496,0.5084882699686545,-1.032933050540855,0.4150543334216788,6,0,
2026-04-19 12:09:47+00:00,2026-04-19 12:00,KXETHD-26APR1909-T2329.99,2026-04-19T13:00:00Z,2332.96,2329.99,-0.1273,0.665,real,0.757953,-0.6997,0.00029745,0.00028228,0.000422,0.6689,0.15,0.00033817,-1.0,-1.0,0.0,1.0,0.0,-0.0427,2.0,0.0,0.3092,0.0,9.46e-06,0.0,0.0,0.0,0.0,0.0,0.1436,False,False,-1.0,-1.0,100.0,96.14,False,0.0,bearish,0.0,0.0,0.066356,0.035762,trade,yes,False,False,37.0,50.18,,0.198077,0.05,50.0,1000.0,-2.0,-6.0,0.467,0.2085,0.0747,0.0,False,,True,True,25.19,2026-04-19 12:09:47+00:00,,,,,,,,,,,,,,,,,,,,,,,,,,,,,,,,,,,,,,,,,,,,,,,,,,,,,,,,,,,,,,,,,,,,,,,,,,,,,,,,,,,,,,,,,,,,,,,,,,,,,,,,,,0.4967397746026538,16,2026-W16,0.665,False,0.9998068060132216,5.839547740678403e-07,0.00019261003202753746,0.7596737052926745,0.21174417006266744,0.5121326299924652,6,0,
2026-04-19 14:02:57+00:00,2026-04-19 14:00,KXETHD-26APR1911-T2329.99,2026-04-19T15:00:00Z,2338.7,2329.99,-0.3724,0.715,real,0.858018,-1.0715,0.00057864,0.00033509,0.0008698,0.3853,0.21,0.00054898,-1.0,-1.0,0.0,0.0,0.0,-0.0228,2.0,-1.0,0.8608,0.0,-2.087e-05,0.0,0.0,0.0,-1.0,-1.0,0.4779,False,False,-1.0,0.0,75.01,76.66,False,0.0,bearish,0.0,0.0,0.133927,0.104663,trade,yes,False,False,38.0,57.01,,0.469919,0.05,50.0,1000.0,0.0,-1.0,0.4842,-0.1183,0.0214,0.0214,False,,True,True,19.93,2026-04-19 14:02:57+00:00,,,,,,,,,,,,,,,,,,,,,,,,,,,,,,,,,,,,,,,,,,,,,,,,,,,,,,,,,,,,,,,,,,,,,,,,,,,,,,,,,,,,,,,,,,,,,,,,,,,,,,,,,,0.4732947054550881,16,2026-W16,0.715,False,0.9997159573143434,7.809759797923787e-07,0.0002832617097047874,0.5128931743484348,2.5631020828965276,0.714003294892913,6,0,
2026-04-19 16:03:35+00:00,2026-04-19 16:00,KXETHD-26APR1913-T2329.99,2026-04-19T17:00:00Z,2327.5,2329.99,0.107,0.385,real,0.353238,0.3766,0.00078199,0.00050481,0.00048732,1.0359,0.15,0.00049781,-1.0,0.0,1.0,1.0,-1.0,-0.189,2.0,0.0,0.0122,1.0,-8.949e-05,0.0,0.0,0.0,0.0,0.0,0.0737,False,False,1.0,0.0,33.89,31.18,False,0.0,bearish,0.0,0.0,0.089223,0.059642,trade,no,False,False,37.0,56.37,,0.231747,0.05,50.0,1000.0,-2.0,0.0,0.4192,-0.3118,0.0309,0.0309,False,,False,True,31.3,2026-04-19 16:03:35+00:00,,,,,,,,,,,,,,,,,,,,,,,,,,,,,,,,,,,,,,,,,,,,,,,,,,,,,,,,,,,,,,,,,,,,,,,,,,,,,,,,,,,,,,,,,,,,,,,,,,,,,,,,,,0.5761029900868507,16,2026-W16,0.615,False,0.9992690531908252,1.1955781064059958e-06,0.0007297512310531753,0.505512846236079,1.1894631352939768,0.24398682042833592,1,0,
2026-04-19 16:55:26+00:00,2026-04-19 16:00,KXETHD-26APR1913-T2309.99,2026-04-19T17:00:00Z,2307.53,2309.99,0.1067,0.715,real,0.299067,0.5271,0.00065783,0.00088054,,,0.01,0.00088054,-1.0,1.0,2.0,0.0,0.0,0.0362,2.0,0.0,0.3908,0.0,-2.89e-06,0.0,-1.0,1.0,2.0,2.0,-0.7678,False,False,1.0,1.0,3.36,11.34,False,-1.0,bearish,0.0,0.0,0.372804,0.342047,trade,no,False,False,36.0,4.53,,0.521404,0.05,50.0,1000.0,-3.0,11.0,0.548,-0.6944,-0.6242,-0.6675,False,,True,False,-50.0,2026-04-19 16:55:26+00:00,,,,,,,,,,,,,,,,,,,,,,,,,,,,,,,,,,,,,,,,,,,,,,,,,,,,,,,,,,,,,,,,,,,,,,,,,,,,,,,,,,,,,,,,,,,,,,,,,,,,,,,,,,0.5761029900868507,16,2026-W16,0.285,False,0.9992690531908252,1.1955781064059958e-06,0.0007297512310531753,0.505512846236079,1.1894631352939768,0.24398682042833592,1,0,
2026-04-19 18:28:31+00:00,2026-04-19 18:00,KXETHD-26APR1915-T2309.99,2026-04-19T19:00:00Z,2299.32,2309.99,0.4641,0.205,real,0.135474,1.1009,0.00080026,0.00058193,0.0010022,0.5807,0.07,0.00075004,-1.0,1.0,2.0,0.0,0.0,-0.0254,2.0,0.0,0.3684,0.0,6.85e-06,-1.0,-1.0,1.0,2.0,2.0,-1.0941,False,False,1.0,1.0,3.77,5.78,False,-1.0,bearish,0.0,0.0,0.041524,0.016951,trade,no,False,False,36.0,31.45,,0.202556,0.05,50.0,1000.0,-4.0,12.0,0.548,-0.3036,-0.1455,-0.1572,False,,False,True,12.89,2026-04-19 18:28:31+00:00,,,,,,,,,,,,,,,,,,,,,,,,,,,,,,,,,,,,,,,,,,,,,,,,,,,,,,,,,,,,,,,,,,,,,,,,,,,,,,,,,,,,,,,,,,,,,,,,,,,,,,,,,,0.5580571807681473,16,2026-W16,0.795,False,0.9997271237668836,8.297925812568715e-07,0.00027204644050933026,0.6316938781801359,-1.522150115417638,0.08748568155784815,1,0,
2026-04-19 19:01:18+00:00,2026-04-19 19:00,KXETHD-26APR1916-T2309.99,2026-04-19T20:00:00Z,2301.72,2309.99,0.3594,0.255,real,0.27523,0.5971,0.00072572,0.00083362,0.00071103,1.1724,0.15,0.00078459,-1.0,0.0,1.0,0.0,1.0,0.1302,2.0,0.0,0.4899,0.0,2.323e-05,-1.0,0.0,0.0,1.0,1.0,-0.6344,False,False,0.0,0.0,29.51,15.29,True,-1.0,bearish,0.0,0.0,0.075713,0.050412,trade,no,False,False,57.0,58.65,,0.296912,0.05,50.0,1000.0,-3.0,2.0,0.3741,0.2094,0.216,0.3292,False,,False,True,17.11,2026-04-19 19:01:18+00:00,,,,,,,,,,,,,,,,,,,,,,,,,,,,,,,,,,,,,,,,,,,,,,,,,,,,,,,,,,,,,,,,,,,,,,,,,,,,,,,,,,,,,,,,,,,,,,,,,,,,,,,,,,0.5821896551639095,16,2026-W16,0.745,False,0.9998772431023568,6.325554855379644e-07,0.00012212434217566582,0.5177074221450929,-1.7505967307722798,0.13825161193582616,1,0,
2026-04-19 19:02:22+00:00,2026-04-19 19:00,KXETHD-26APR1917-T2309.99,2026-04-19T21:00:00Z,2301.86,2309.99,0.3532,0.315,real,0.336415,0.4223,0.00072559,0.00083342,0.00067501,1.2347,0.03,0.00077006,-1.0,-1.0,0.0,0.0,0.0,-0.0731,2.0,0.0,0.4745,0.0,2.323e-05,-1.0,0.0,0.0,1.0,1.0,-0.6353,False,False,0.0,0.0,29.47,15.28,True,-1.0,bearish,0.0,0.0,0.086344,0.058998,trade,no,False,False,57.0,117.6,,0.274107,0.05,50.0,1000.0,-3.0,2.0,0.3741,0.2086,0.2749,0.3283,False,,False,True,22.99,2026-04-19 19:02:22+00:00,,,,,,,,,,,,,,,,,,,,,,,,,,,,,,,,,,,,,,,,,,,,,,,,,,,,,,,,,,,,,,,,,,,,,,,,,,,,,,,,,,,,,,,,,,,,,,,,,,,,,,,,,,0.5821896551639095,16,2026-W16,0.685,False,0.9998772431023568,6.325554855379644e-07,0.00012212434217566582,0.5177074221450929,-1.7505967307722798,0.13825161193582616,1,0,
2026-04-19 21:17:39+00:00,2026-04-19 21:00,KXETHD-26APR1918-T2289.99,2026-04-19T22:00:00Z,2282.95,2289.99,0.3082,0.315,real,0.241329,0.702,0.00110316,0.00068246,0.00098222,0.6948,0.01,0.00080236,-1.0,0.0,1.0,1.0,1.0,0.103,2.0,0.0,0.7776,-1.0,6.67e-05,-1.0,0.0,0.0,1.0,1.0,-0.8249,False,False,1.0,0.0,33.03,24.05,False,-1.0,bearish,0.0,0.0,0.057592,0.029211,trade,no,False,False,35.0,42.3,,0.182831,0.05,50.0,1000.0,-4.0,8.0,0.548,0.0938,0.0342,0.0368,False,,False,True,22.99,2026-04-19 21:17:39+00:00,,,,,,,,,,,,,,,,,,,,,,,,,,,,,,,,,,,,,,,,,,,,,,,,,,,,,,,,,,,,,,,,,,,,,,,,,,,,,,,,,,,,,,,,,,,,,,,,,,,,,,,,,,0.5927044369195836,16,2026-W16,0.685,False,0.9999429165872187,6.089952736744317e-07,5.647441748527793e-05,0.5416423688805836,-3.3764942277296583,0.01582753445217431,1,0,
2026-04-20 00:00:45+00:00,2026-04-20 00:00,KXETHD-26APR1921-T2269.99,2026-04-20T01:00:00Z,2264.53,2269.99,0.2411,0.305,real,0.245766,0.6879,0.00070918,0.00058862,0.00061349,0.9595,0.17,0.00059857,-1.0,-1.0,0.0,2.0,-1.0,-0.1471,2.0,0.0,0.5054,-1.0,6.009e-05,0.0,0.0,0.0,0.0,0.0,,False,False,1.0,0.0,23.95,25.7,False,-1.0,bearish,0.0,0.0,0.04287,0.01433,trade,no,False,False,34.0,59.2,,0.140556,0.05,50.0,1000.0,-4.0,8.0,0.548,-0.1792,-0.1836,-0.1875,False,,True,False,-50.0,2026-04-20 00:00:45+00:00,,,,,,,,,,,,,,,,,,,,,,,,,,,,,,,,,,,,,,,,,,,,,,,,,,,,,,,,,,,,,,,,,,,,,,,,,,,,,,,,,,,,,,,,,,,,,,,,,,,,,,,,,,0.5173863055329253,17,2026-W17,0.6950000000000001,False,0.1001959872455597,5.885697215313209e-05,0.8997451557822611,0.4461690213584217,-3.0651558745322767,0.2926055220564878,6,0,
2026-04-20 00:36:47+00:00,2026-04-20 00:00,KXETHD-26APR1921-T2289.99,2026-04-20T01:00:00Z,2277.06,2289.99,0.5678,0.21,real,0.124886,1.1509,0.00076089,0.00073083,0.00145833,0.5011,0.14,0.00102183,-1.0,0.0,1.0,0.0,1.0,0.1042,2.0,-1.0,0.9826,0.0,3.856e-05,0.0,0.0,0.0,0.0,0.0,,False,False,-1.0,0.0,62.84,58.86,False,0.0,bearish,0.0,0.0,0.1476,0.128505,trade,no,False,False,35.0,23.18,,0.702857,0.05,50.0,1000.0,-4.0,0.0,0.3156,0.2435,0.1267,-0.1251,False,,False,True,13.29,2026-04-20 00:36:47+00:00,,,,,,,,,,,,,,,,,,,,,,,,,,,,,,,,,,,,,,,,,,,,,,,,,,,,,,,,,,,,,,,,,,,,,,,,,,,,,,,,,,,,,,,,,,,,,,,,,,,,,,,,,,0.5173863055329253,17,2026-W17,0.79,False,0.1001959872455597,5.885697215313209e-05,0.8997451557822611,0.4461690213584217,-3.0651558745322767,0.2926055220564878,6,0,
2026-04-20 01:02:12+00:00,2026-04-20 01:00,KXETHD-26APR1922-T2289.99,2026-04-20T02:00:00Z,2283.19,2289.99,0.2976,0.235,real,0.183456,0.9023,0.00075109,0.00058964,0.00054129,1.0893,0.15,0.0005703,-1.0,-1.0,0.0,0.0,0.0,-0.0285,2.0,-1.0,0.8614,0.0,3.18e-05,1.0,0.0,0.0,0.0,0.0,0.078,False,False,-1.0,0.0,75.06,71.12,False,0.0,bearish,0.0,0.0,0.135831,0.114578,trade,no,False,False,35.0,57.74,,0.578005,0.05,50.0,1000.0,-4.0,0.0,0.3156,0.1106,-0.0053,-0.0289,False,,False,True,15.36,2026-04-20 01:02:12+00:00,,,,,,,,,,,,,,,,,,,,,,,,,,,,,,,,,,,,,,,,,,,,,,,,,,,,,,,,,,,,,,,,,,,,,,,,,,,,,,,,,,,,,,,,,,,,,,,,,,,,,,,,,,0.5155617486837107,17,2026-W17,0.765,False,0.0002924354298967786,2.7789852925466194e-05,0.9996797747171631,0.6304200315128321,-1.6925070946740028,0.3415846821114979,0,0,
2026-04-20 02:00:28+00:00,2026-04-20 02:00,KXETHD-26APR1923-T2289.99,2026-04-20T03:00:00Z,2287.07,2289.99,0.1276,0.52,real,0.390942,0.2769,0.00075251,0.00064926,,,0.04,0.00064926,-1.0,-1.0,0.0,0.0,0.0,-0.0725,2.0,0.0,0.7416,0.0,8.4e-06,1.0,0.0,0.0,-1.0,-1.0,0.2519,False,False,-1.0,0.0,76.48,82.3,True,0.0,bearish,0.0,0.0,0.26566,0.237385,trade,no,False,False,35.0,59.48,,0.510885,0.05,50.0,1000.0,-3.0,0.0,0.3156,-0.0131,-0.304,-0.1769,False,,False,True,54.17,2026-04-20 02:00:28+00:00,,,,,,,,,,,,,,,,,,,,,,,,,,,,,,,,,,,,,,,,,,,,,,,,,,,,,,,,,,,,,,,,,,,,,,,,,,,,,,,,,,,,,,,,,,,,,,,,,,,,,,,,,,0.5526507748969921,17,2026-W17,0.48,False,0.00012885120278373244,3.4010663177094764e-05,0.9998371381340573,0.535373083939702,-0.9713785233898982,0.2769491166825323,0,0,
2026-04-20 05:09:57+00:00,2026-04-20 05:00,KXETHD-26APR2002-T2279.99,2026-04-20T06:00:00Z,2274.63,2279.99,0.2355,0.2,real,0.195868,0.8565,0.00037852,0.00050702,0.00039517,1.2831,0.16,0.00046228,-1.0,-1.0,0.0,1.0,-1.0,-0.2343,2.0,0.0,0.5508,0.0,-1.3e-06,0.0,0.0,0.0,0.0,0.0,-0.1025,False,False,1.0,0.0,25.19,39.3,False,0.0,bearish,0.0,0.0,0.092606,0.070895,trade,no,False,False,37.0,50.01,,0.463028,0.05,50.0,1000.0,-4.0,0.0,0.3156,-0.1096,-0.3334,0.0,False,,False,True,12.5,2026-04-20 05:09:57+00:00,,,,,,,,,,,,,,,,,,,,,,,,,,,,,,,,,,,,,,,,,,,,,,,,,,,,,,,,,,,,,,,,,,,,,,,,,,,,,,,,,,,,,,,,,,,,,,,,,,,,,,,,,,0.5605142281147337,17,2026-W17,0.8,False,9.11996420493512e-06,1.9656362818584742e-05,0.9999712236729569,0.39903605642211737,0.6496351288260875,0.19570506717444155,0,0,
2026-04-20 06:04:02+00:00,2026-04-20 06:00,KXETHD-26APR2003-T2299.99,2026-04-20T07:00:00Z,2276.15,2299.99,1.0475,0.165,real,0.014821,2.1748,0.00053764,0.00045145,0.00143057,0.3156,0.15,0.0008431,-1.0,-1.0,0.0,1.0,-1.0,-0.1284,2.0,0.0,0.5773,0.0,9.07e-06,0.0,0.0,0.0,0.0,0.0,-0.1867,False,False,0.0,0.0,45.93,30.92,False,0.0,bearish,0.0,0.0,0.135,0.117963,trade,no,False,False,38.0,55.92,,0.818182,0.026827,26.83,1000.0,-4.0,0.0,0.3156,0.3452,0.2122,0.1677,False,,False,True,5.3,2026-04-20 06:04:02+00:00,,,,,,,,,,,,,,,,,,,,,,,,,,,,,,,,,,,,,,,,,,,,,,,,,,,,,,,,,,,,,,,,,,,,,,,,,,,,,,,,,,,,,,,,,,,,,,,,,,,,,,,,,,0.5156864488260259,17,2026-W17,0.835,False,2.1329558548963942e-05,3.054735557181381e-05,0.9999481230858572,0.5053849147863693,1.279620177805974,0.306569343065693,0,0,
2026-04-20 06:09:19+00:00,2026-04-20 06:00,KXETHD-26APR2003-T2279.99,2026-04-20T07:00:00Z,2274.41,2279.99,0.2455,0.345,real,0.263389,0.6329,0.00056224,0.00050426,0.00086394,0.5837,0.01,0.00064813,-1.0,-1.0,0.0,1.0,-1.0,-0.2346,2.0,0.0,0.58,0.0,1.028e-05,0.0,0.0,0.0,1.0,1.0,-0.2726,False,False,0.0,0.0,37.08,27.97,False,-1.0,bearish,0.0,0.0,0.190415,0.166266,trade,no,False,False,38.0,50.64,,0.551927,0.05,50.0,1000.0,-4.0,0.0,0.3156,0.185,0.0814,-0.1182,False,,True,False,-50.0,2026-04-20 06:09:19+00:00,,,,,,,,,,,,,,,,,,,,,,,,,,,,,,,,,,,,,,,,,,,,,,,,,,,,,,,,,,,,,,,,,,,,,,,,,,,,,,,,,,,,,,,,,,,,,,,,,,,,,,,,,,0.5156864488260259,17,2026-W17,0.655,False,2.1329558548963942e-05,3.054735557181381e-05,0.9999481230858572,0.5053849147863693,1.279620177805974,0.306569343065693,0,0,
2026-04-20 07:46:45+00:00,2026-04-20 07:00,KXETHD-26APR2004-T2299.99,2026-04-20T08:00:00Z,2301.21,2299.99,-0.0529,0.46,real,0.547192,-0.1186,0.00134167,0.00122733,,,0.1,0.00122733,-1.0,-1.0,0.0,1.0,-1.0,-0.2731,2.0,0.0,0.648,0.0,8.89e-06,0.0,0.0,0.0,-1.0,-1.0,0.3797,False,False,-1.0,0.0,45.18,56.67,False,1.0,bearish,0.0,0.0,0.097108,0.06472,trade,yes,False,False,39.0,13.2,,0.17983,0.036865,36.86,1000.0,0.0,0.0,0.5125,0.3024,-0.2126,-0.1192,False,,False,False,-36.86,2026-04-20 07:46:45+00:00,,,,,,,,,,,,,,,,,,,,,,,,,,,,,,,,,,,,,,,,,,,,,,,,,,,,,,,,,,,,,,,,,,,,,,,,,,,,,,,,,,,,,,,,,,,,,,,,,,,,,,,,,,0.4950640079015753,17,2026-W17,0.46,False,0.00019704807324096376,4.981916063203947e-05,0.999753132766121,0.5213950792623667,2.082971728063793,0.35956839098699,0,0,
2026-04-20 08:33:22+00:00,2026-04-20 08:00,KXETHD-26APR2005-T2299.99,2026-04-20T09:00:00Z,2300.44,2299.99,-0.0194,0.48,real,0.514792,-0.0371,0.001106,0.00101442,,,0.1,0.00101442,0.0,-1.0,0.0,0.0,0.0,-0.0288,2.0,0.0,0.6574,0.0,-2.071e-05,1.0,0.0,0.0,-1.0,-1.0,0.4829,False,False,-1.0,0.0,50.54,50.38,False,1.0,bearish,0.0,0.0,0.044782,0.01231,trade,yes,False,False,39.0,26.59,,0.086118,0.042709,42.71,1000.0,0.0,0.0,0.5125,0.0561,-0.1277,0.1581,False,,False,False,-42.71,2026-04-20 08:33:22+00:00,,,,,,,,,,,,,,,,,,,,,,,,,,,,,,,,,,,,,,,,,,,,,,,,,,,,,,,,,,,,,,,,,,,,,,,,,,,,,,,,,,,,,,,,,,,,,,,,,,,,,,,,,,0.4979196771700824,17,2026-W17,0.48,False,0.00022171831561905466,6.895171064614985e-05,0.9997093299737521,0.4636598178956342,3.0964050520393815,0.4373214852427807,0,0,
2026-04-20 11:03:27+00:00,2026-04-20 11:00,KXETHD-26APR2008-T2299.99,2026-04-20T12:00:00Z,2305.51,2299.99,-0.2395,0.655,real,0.691053,-0.4988,0.00075859,0.00062522,0.00079969,0.7818,0.21,0.00069501,1.0,0.0,1.0,0.0,1.0,0.1162,2.0,0.0,0.5111,0.0,-8.57e-06,0.0,0.0,0.0,-1.0,-1.0,0.454,False,False,1.0,0.0,47.04,52.45,False,0.0,bearish,0.0,0.0,0.044829,0.01401,trade,yes,False,False,38.0,56.51,,0.129938,0.012637,12.64,1000.0,0.0,0.0,0.5125,-0.3182,-0.2245,-0.2245,False,,True,True,6.66,2026-04-20 11:03:27+00:00,,,,,,,,,,,,,,,,,,,,,,,,,,,,,,,,,,,,,,,,,,,,,,,,,,,,,,,,,,,,,,,,,,,,,,,,,,,,,,,,,,,,,,,,,,,,,,,,,,,,,,,,,,0.4744396948751194,17,2026-W17,0.655,False,0.001253905753651403,7.393641758089025e-05,0.9986721578287944,0.45000591556216313,6.000859904707896,0.7578933912821162,0,0,
2026-04-20 13:04:01+00:00,2026-04-20 13:00,KXETHD-26APR2010-T2319.99,2026-04-20T14:00:00Z,2316.2,2319.99,0.1638,0.395,real,0.363555,0.349,0.00082643,0.00069635,0.00082168,0.8475,0.05,0.00074648,1.0,0.0,1.0,0.0,1.0,0.1245,2.0,0.0,0.6953,0.0,1.824e-05,0.0,0.0,0.0,-1.0,-1.0,0.8365,False,False,0.0,0.0,66.74,66.1,False,1.0,bearish,0.0,0.0,0.043274,0.012313,trade,no,False,False,40.0,55.94,,0.109555,0.05,50.0,1000.0,0.0,-1.0,0.4842,-0.1229,-0.0669,-0.1634,False,,False,True,32.64,2026-04-20 13:04:01+00:00,,,,,,,,,,,,,,,,,,,,,,,,,,,,,,,,,,,,,,,,,,,,,,,,,,,,,,,,,,,,,,,,,,,,,,,,,,,,,,,,,,,,,,,,,,,,,,,,,,,,,,,,,,0.5000538313672798,17,2026-W17,0.605,False,0.00032149011906665,0.0001684488427484313,0.9995100610382056,0.4255120464428761,6.424254403524058,0.77527802633261,0,0,
2026-04-20 14:05:27+00:00,2026-04-20 14:00,KXETHD-26APR2011-T2319.99,2026-04-20T15:00:00Z,2307.53,2319.99,0.5399,0.29,real,0.238137,0.7123,0.00128549,0.00115293,0.00131796,0.8748,0.04,0.00121894,1.0,-1.0,0.0,1.0,-1.0,-0.1776,2.0,0.0,0.5722,0.0,2.68e-05,0.0,0.0,0.0,0.0,0.0,0.1905,False,False,1.0,0.0,26.37,41.2,False,0.0,bearish,0.0,0.0,0.044033,0.01605,trade,no,False,False,40.0,54.51,,0.151838,0.05,50.0,1000.0,0.0,0.0,0.5125,-0.296,0.0889,0.0,False,,False,True,20.42,2026-04-20 14:05:27+00:00,,,,,,,,,,,,,,,,,,,,,,,,,,,,,,,,,,,,,,,,,,,,,,,,,,,,,,,,,,,,,,,,,,,,,,,,,,,,,,,,,,,,,,,,,,,,,,,,,,,,,,,,,,0.537806937204038,17,2026-W17,0.71,False,2.7785007610673264e-07,0.00010964062211060954,0.9998900815278264,0.4196653818219647,4.543705576455306,0.47411478972261456,0,0,
2026-04-20 16:02:15+00:00,2026-04-20 16:00,KXETHD-26APR2013-T2319.99,2026-04-20T17:00:00Z,2311.39,2319.99,0.3722,0.31,real,0.261262,0.6395,0.00126388,0.00085999,0.00098637,0.8719,0.04,0.00091054,0.0,-1.0,0.0,1.0,0.0,-0.0319,2.0,1.0,0.9522,-1.0,5.23e-05,1.0,0.0,0.0,0.0,0.0,0.2088,False,False,-1.0,0.0,69.43,71.32,False,1.0,bearish,0.0,0.0,0.05552,0.02724,trade,no,False,False,40.0,57.71,,0.179098,0.040274,40.27,1000.0,0.0,0.0,0.5125,0.0251,0.1898,-0.0355,False,,False,True,18.09,2026-04-20 16:02:15+00:00,,,,,,,,,,,,,,,,,,,,,,,,,,,,,,,,,,,,,,,,,,,,,,,,,,,,,,,,,,,,,,,,,,,,,,,,,,,,,,,,,,,,,,,,,,,,,,,,,,,,,,,,,,0.5298831388044936,17,2026-W17,0.69,False,4.4578678039470314e-06,0.0006453979274936974,0.9993501442046776,0.798079644226917,3.760337812969148,0.6055221781925078,0,2,
2026-04-20 17:19:48+00:00,2026-04-20 17:00,KXETHD-26APR2014-T2319.99,2026-04-20T18:00:00Z,2320.22,2319.99,-0.01,0.395,real,0.507828,-0.0196,0.00099342,0.00081445,,,0.05,0.00081445,0.0,0.0,1.0,1.0,1.0,0.1221,2.0,0.0,,-1.0,6.628e-05,0.0,0.0,0.0,0.0,0.0,,False,False,0.0,0.0,,,False,0.0,bearish,0.0,0.0,0.097828,0.0661,trade,yes,False,False,40.0,39.03,,0.1617,0.05,50.0,1000.0,0.0,0.0,0.509,0.0,0.0,0.0,False,,False,False,-50.0,2026-04-20 17:19:48+00:00,,,,,,,,,,,,,,,,,,,,,,,,,,,,,,,,,,,,,,,,,,,,,,,,,,,,,,,,,,,,,,,,,,,,,,,,,,,,,,,,,,,,,,,,,,,,,,,,,,,,,,,,,,0.4612352628715535,17,2026-W17,0.395,False,6.832264629895531e-06,0.0009211770517722832,0.9990719906835756,0.6872331242682449,4.2604643248811405,0.8547871660488288,0,1,
2026-04-20 23:15:14+00:00,2026-04-20 23:00,KXETHD-26APR2020-T2319.99,2026-04-21T00:00:00Z,2311.76,2319.99,0.356,0.2,real,0.136415,1.0966,0.00066184,0.00045688,0.00063127,0.7237,0.14,0.00052663,0.0,0.0,1.0,1.0,-1.0,-0.203,2.0,0.0,0.647,0.0,8.28e-06,0.0,0.0,0.0,0.0,0.0,-0.3141,False,False,1.0,1.0,1.32,5.9,False,0.0,bearish,0.0,0.0,0.040581,0.0162,trade,no,False,False,39.0,44.73,,0.202903,0.05,50.0,1000.0,0.0,4.0,0.5496,-0.3954,-0.0743,0.0195,False,,False,True,12.5,2026-04-20 23:15:14+00:00,,,,,,,,,,,,,,,,,,,,,,,,,,,,,,,,,,,,,,,,,,,,,,,,,,,,,,,,,,,,,,,,,,,,,,,,,,,,,,,,,,,,,,,,,,,,,,,,,,,,,,,,,,0.5447203196005221,17,2026-W17,0.8,False,1.7935174730253241e-07,0.002635212489649758,0.9973646081585973,0.5102527434477391,2.271827658963355,0.5963200790318591,0,1,
2026-04-21 00:03:44+00:00,2026-04-21 00:00,KXETHD-26APR2021-T2319.99,2026-04-21T01:00:00Z,2316.78,2319.99,0.1384,0.425,real,0.335936,0.4236,0.00042349,0.00030475,0.00097536,0.3124,0.15,0.00057299,1.0,0.0,1.0,0.0,1.0,0.2879,2.0,0.0,0.723,0.0,9.7e-06,0.0,0.0,0.0,0.0,0.0,,False,False,0.0,0.0,23.42,19.03,False,0.0,bearish,0.0,0.0,0.235298,0.209538,trade,no,False,False,39.0,56.21,,0.553643,0.035906,35.91,1000.0,0.0,0.0,0.5125,0.2922,0.0894,0.1314,False,,True,False,-35.91,2026-04-21 00:03:44+00:00,,,,,,,,,,,,,,,,,,,,,,,,,,,,,,,,,,,,,,,,,,,,,,,,,,,,,,,,,,,,,,,,,,,,,,,,,,,,,,,,,,,,,,,,,,,,,,,,,,,,,,,,,,0.5164731503960005,17,2026-W17,0.575,False,3.219726225106158e-06,0.0008209640597258277,0.9991758162140364,0.4653298340954993,1.673241620110904,0.6728821931341099,0,1,
2026-04-21 06:03:10+00:00,2026-04-21 06:00,KXETHD-26APR2103-T2309.99,2026-04-21T07:00:00Z,2312.77,2309.99,-0.1204,0.71,real,0.801636,-0.8475,0.00038907,0.00022101,0.00028879,0.7653,0.1,0.00024813,1.0,-1.0,0.0,1.0,-1.0,-0.1173,2.0,0.0,0.7558,0.0,4.315e-05,0.0,0.0,0.0,-1.0,-1.0,0.1911,False,False,0.0,0.0,73.28,75.41,False,0.0,bearish,0.0,0.0,0.058398,0.028985,trade,yes,False,False,41.0,56.79,,0.201373,0.05,50.0,1000.0,0.0,0.0,0.5125,0.0246,0.0436,0.0,False,,True,True,20.42,2026-04-21 06:03:10+00:00,,,,,,,,,,,,,,,,,,,,,,,,,,,,,,,,,,,,,,,,,,,,,,,,,,,,,,,,,,,,,,,,,,,,,,,,,,,,,,,,,,,,,,,,,,,,,,,,,,,,,,,,,,0.4956858642526118,17,2026-W17,0.71,False,1.4776078222742176e-05,0.0003415336737559073,0.999643690248021,0.3228712890239713,-0.32014248714734395,0.6173333333333344,0,2,
2026-04-21 12:01:26+00:00,2026-04-21 12:00,KXETHD-26APR2109-T2329.99,2026-04-21T13:00:00Z,2321.32,2329.99,0.3737,0.225,real,0.124708,1.1518,0.0005912,0.00040965,0.00064545,0.6347,0.01,0.00050397,1.0,-1.0,0.0,0.0,0.0,-0.0283,2.0,0.0,0.7019,0.0,-1.635e-05,0.0,0.0,0.0,-1.0,-1.0,0.2952,False,False,1.0,0.0,25.96,29.36,False,0.0,bearish,0.0,0.0,0.058091,0.033357,trade,no,False,False,42.0,58.51,,0.258181,0.05,50.0,1000.0,1.0,0.0,0.5963,-0.2476,-0.1506,0.0177,False,,False,True,14.52,2026-04-21 12:01:26+00:00,,,,,,,,,,,,,,,,,,,,,,,,,,,,,,,,,,,,,,,,,,,,,,,,,,,,,,,,,,,,,,,,,,,,,,,,,,,,,,,,,,,,,,,,,,,,,,,,,,,,,,,,,,0.5307063398976815,17,2026-W17,0.775,False,0.00010216775515798367,9.960231659853116e-05,0.9997982299282366,0.43223893527047325,-0.42080319572417046,0.32908950617284044,0,2,
2026-04-21 13:05:03+00:00,2026-04-21 13:00,KXETHD-26APR2110-T2309.99,2026-04-21T14:00:00Z,2304.97,2309.99,0.2177,0.375,real,0.358325,0.3629,0.00074543,0.00085083,0.00092101,0.9238,0.01,0.0008789,0.0,-1.0,0.0,0.0,0.0,0.0432,2.0,1.0,0.9101,0.0,-1.056e-05,-1.0,0.0,0.0,0.0,0.0,-0.2474,False,False,1.0,0.0,24.78,24.47,True,0.0,bearish,0.0,0.0,0.117461,0.089076,trade,no,False,False,42.0,54.9,,0.313229,0.05,50.0,1000.0,0.0,1.0,0.5245,-0.4263,-0.1412,-0.1594,False,,True,False,-50.0,2026-04-21 13:05:03+00:00,,,,,,,,,,,,,,,,,,,,,,,,,,,,,,,,,,,,,,,,,,,,,,,,,,,,,,,,,,,,,,,,,,,,,,,,,,,,,,,,,,,,,,,,,,,,,,,,,,,,,,,,,,0.5293744908015243,17,2026-W17,0.625,False,0.00015123884813563558,0.00010537478993932383,0.999743386361914,0.3974218310221117,-0.9203488838224607,0.34702932098765216,0,2,
2026-04-21 17:11:58+00:00,2026-04-21 17:00,KXETHD-26APR2114-T2309.99,2026-04-21T18:00:00Z,2300.96,2309.99,0.3923,0.235,real,0.169133,0.7002,0.00085387,0.00082378,0.00078222,1.0531,0.03,0.00080715,0.0,-1.0,0.0,1.0,-1.0,-0.1038,2.0,0.0,0.7055,0.0,6.43e-06,-1.0,0.0,0.0,1.0,1.0,-0.4571,False,False,1.0,0.0,26.37,44.99,False,-1.0,bearish,0.0,0.0,0.065867,0.04103,trade,no,False,False,42.0,47.99,,0.280284,0.05,50.0,1000.0,0.0,0.0,0.5125,-0.7357,-0.3297,-0.1766,False,,False,True,15.36,2026-04-21 17:11:58+00:00,,,,,,,,,,,,,,,,,,,,,,,,,,,,,,,,,,,,,,,,,,,,,,,,,,,,,,,,,,,,,,,,,,,,,,,,,,,,,,,,,,,,,,,,,,,,,,,,,,,,,,,,,,0.5205404122813367,17,2026-W17,0.765,False,0.31349172512049,0.0003436879830220335,0.686164586896474,0.3292086258022869,-2.1783538033830947,0.3582032003084628,1,0,
2026-04-21 19:08:29+00:00,2026-04-21 19:00,KXETHD-26APR2117-T2329.99,2026-04-21T21:00:00Z,2319.65,2329.99,0.4457,0.285,real,0.081165,0.6052,0.00059824,0.00076646,0.00074151,1.0336,0.05,0.00075648,0.0,-1.0,0.0,1.0,0.0,-0.057,2.0,1.0,0.8621,0.0,1.932e-05,0.0,0.0,0.0,-1.0,-1.0,0.3489,False,False,-1.0,-1.0,84.45,68.32,False,0.0,bearish,0.0,0.0,0.203835,0.183615,trade,no,False,False,66.0,111.47,,0.715212,0.023839,23.84,1000.0,1.0,-1.0,0.5038,0.3685,0.2994,-0.0573,False,,False,True,9.5,2026-04-21 19:08:29+00:00,,,,,,,,,,,,,,,,,,,,,,,,,,,,,,,,,,,,,,,,,,,,,,,,,,,,,,,,,,,,,,,,,,,,,,,,,,,,,,,,,,,,,,,,,,,,,,,,,,,,,,,,,,0.5306868236834175,17,2026-W17,0.7150000000000001,False,0.9998270992869888,7.183797811452377e-07,0.00017218233321941804,0.32613227712226683,-2.3125983193688158,0.2049354154617338,1,0,
2026-04-21 19:09:32+00:00,2026-04-21 19:00,KXETHD-26APR2116-T2329.99,2026-04-21T20:00:00Z,2319.4,2329.99,0.4566,0.215,real,0.079411,0.9167,0.00059707,0.00072612,0.00081314,0.893,0.03,0.00076093,0.0,-1.0,0.0,1.0,0.0,-0.0651,2.0,1.0,0.8621,0.0,1.811e-05,0.0,0.0,0.0,-1.0,-1.0,0.3489,False,False,-1.0,-1.0,84.45,68.32,False,0.0,bearish,0.0,0.0,0.135589,0.115471,trade,no,False,False,66.0,50.4,,0.630644,0.023839,23.84,1000.0,1.0,-1.0,0.5038,0.3685,0.2994,-0.0664,False,,False,True,6.53,2026-04-21 19:09:32+00:00,,,,,,,,,,,,,,,,,,,,,,,,,,,,,,,,,,,,,,,,,,,,,,,,,,,,,,,,,,,,,,,,,,,,,,,,,,,,,,,,,,,,,,,,,,,,,,,,,,,,,,,,,,0.5306868236834175,17,2026-W17,0.785,False,0.9998270992869888,7.183797811452377e-07,0.00017218233321941804,0.32613227712226683,-2.3125983193688158,0.2049354154617338,1,0,
2026-04-21 21:00:28+00:00,2026-04-21 21:00,KXETHD-26APR2118-T2329.99,2026-04-21T22:00:00Z,2316.94,2329.99,0.5632,0.205,real,0.162464,0.9198,0.00125044,0.00084503,0.00088392,0.956,0.01,0.00086058,-1.0,-1.0,0.0,1.0,-1.0,-0.1765,2.0,0.0,0.7253,0.0,1.06e-05,1.0,0.0,0.0,0.0,0.0,0.2625,False,False,-1.0,0.0,67.88,71.53,False,0.0,bearish,0.0,0.0,0.042536,0.018011,trade,no,False,False,43.0,59.47,,0.207491,0.039231,39.23,1000.0,0.0,0.0,0.5125,-0.0457,0.1968,-0.0759,False,,False,True,10.12,2026-04-21 21:00:28+00:00,,,,,,,,,,,,,,,,,,,,,,,,,,,,,,,,,,,,,,,,,,,,,,,,,,,,,,,,,,,,,,,,,,,,,,,,,,,,,,,,,,,,,,,,,,,,,,,,,,,,,,,,,,0.5005360003311055,17,2026-W17,0.795,False,0.9492145895319947,1.3070921573701236e-05,0.05077233954643443,0.6105778870529338,-0.8151480649598499,0.4902641218430671,1,0,
2026-04-21 22:03:48+00:00,2026-04-21 22:00,KXETHD-26APR2119-T2309.99,2026-04-21T23:00:00Z,2312.36,2309.99,-0.1025,0.58,real,0.847458,-0.4142,0.00029799,0.00027271,0.00067785,0.4023,0.2,0.00043477,-1.0,-1.0,0.0,0.0,0.0,0.0802,2.0,0.0,0.5699,0.0,9.08e-06,0.0,0.0,0.0,0.0,0.0,0.1505,False,False,0.0,0.0,61.45,59.19,False,0.0,bearish,0.0,0.0,0.267458,0.235406,trade,yes,False,False,41.0,56.15,,0.636804,0.05,50.0,1000.0,0.0,0.0,0.5125,0.0614,0.1186,0.1186,False,,True,True,36.21,2026-04-21 22:03:48+00:00,,,,,,,,,,,,,,,,,,,,,,,,,,,,,,,,,,,,,,,,,,,,,,,,,,,,,,,,,,,,,,,,,,,,,,,,,,,,,,,,,,,,,,,,,,,,,,,,,,,,,,,,,,0.4967537303076951,17,2026-W17,0.58,False,0.9542666455572785,1.2621179219761302e-05,0.04572073326351034,0.5298419875511583,-0.5408958830631384,0.4960478118372869,5,0,
2026-04-21 23:00:46+00:00,2026-04-21 23:00,KXETHD-26APR2120-T2309.99,2026-04-22T00:00:00Z,2312.6,2309.99,-0.1127,0.635,real,0.768398,-0.3479,0.00076079,0.00064064,0.00042466,1.5086,0.17,0.00055425,-1.0,-1.0,0.0,0.0,0.0,0.0618,2.0,0.0,0.3657,0.0,1.209e-05,0.0,0.0,0.0,0.0,0.0,0.0295,False,False,0.0,0.0,63.39,58.99,False,-1.0,bearish,0.0,0.0,0.133398,0.102174,trade,yes,False,False,42.0,59.19,,0.365475,0.05,50.0,1000.0,0.0,0.0,0.5125,0.183,0.1205,0.1205,False,,True,True,28.74,2026-04-21 23:00:46+00:00,,,,,,,,,,,,,,,,,,,,,,,,,,,,,,,,,,,,,,,,,,,,,,,,,,,,,,,,,,,,,,,,,,,,,,,,,,,,,,,,,,,,,,,,,,,,,,,,,,,,,,,,,,0.4630077091098082,17,2026-W17,0.635,False,0.9372417789925672,1.7648982217416072e-05,0.06274057202521838,0.4236283274139401,0.6539370152287844,0.7927511085405818,5,0,
2026-04-22 01:14:00+00:00,2026-04-22 01:00,KXETHD-26APR2122-T2329.99,2026-04-22T02:00:00Z,2326.2,2329.99,0.163,0.29,real,0.124422,0.9053,0.00028458,0.00029254,0.00043413,0.6738,0.06,0.00034917,-1.0,-1.0,0.0,0.0,0.0,0.069,2.0,0.0,0.205,0.0,7.43e-06,0.0,0.0,0.0,1.0,1.0,-0.0682,False,False,0.0,0.0,79.28,84.33,False,1.0,bearish,0.0,0.0,0.165578,0.142952,trade,no,False,False,42.0,45.95,,0.570957,0.05,50.0,1000.0,1.0,-2.0,0.567,-0.1109,-0.1186,-0.0606,False,,False,True,20.42,2026-04-22 01:14:00+00:00,,,,,,,,,,,,,,,,,,,,,,,,,,,,,,,,,,,,,,,,,,,,,,,,,,,,,,,,,,,,,,,,,,,,,,,,,,,,,,,,,,,,,,,,,,,,,,,,,,,,,,,,,,0.5227282361779126,17,2026-W17,0.71,False,0.9011896325870966,2.2149500179256077e-05,0.09878821791273783,0.4464116630287406,1.2787367574287598,0.6689801426643511,5,0,
2026-04-22 02:11:23+00:00,2026-04-22 02:00,KXETHD-26APR2123-T2329.99,2026-04-22T03:00:00Z,2334.76,2329.99,-0.2041,0.555,real,0.694175,-0.2092,0.0008733,0.00112534,0.00212009,0.5308,0.05,0.00152324,-1.0,0.0,1.0,2.0,1.0,0.107,2.0,0.0,0.2619,0.0,2.732e-05,0.0,1.0,-1.0,-2.0,-2.0,0.441,False,False,-1.0,-1.0,100.0,76.27,False,1.0,bearish,0.0,0.0,0.139175,0.106887,trade,yes,False,False,42.0,48.57,,0.312752,0.05,50.0,1000.0,3.0,-9.0,0.47,0.6104,0.4324,0.4471,False,,True,True,40.09,2026-04-22 02:11:23+00:00,,,,,,,,,,,,,,,,,,,,,,,,,,,,,,,,,,,,,,,,,,,,,,,,,,,,,,,,,,,,,,,,,,,,,,,,,,,,,,,,,,,,,,,,,,,,,,,,,,,,,,,,,,0.4596107350754855,17,2026-W17,0.555,False,0.0001258642391417405,0.006685627648719182,0.9931885081121281,0.3033665240183618,4.406437710857877,0.96295874173695,5,1,
2026-04-22 03:03:28+00:00,2026-04-22 03:00,KXETHD-26APR2200-T2369.99,2026-04-22T04:00:00Z,2374.22,2369.99,-0.1782,0.585,real,0.688215,-0.2188,0.00157317,0.00141547,0.00110544,1.2805,0.19,0.00129146,-1.0,-1.0,0.0,2.0,0.0,-0.0205,2.0,0.0,0.4787,0.0,3.332e-05,1.0,1.0,-1.0,-2.0,-2.0,0.8594,False,False,-1.0,-1.0,97.14,95.58,True,1.0,neutral,0.0,0.0,0.103215,0.071221,trade,yes,False,False,46.0,56.48,,0.248711,0.05,50.0,1000.0,4.0,-10.0,0.47,0.9633,0.3215,-0.0455,False,,False,False,-50.0,2026-04-22 03:03:28+00:00,,,,,,,,,,,,,,,,,,,,,,,,,,,,,,,,,,,,,,,,,,,,,,,,,,,,,,,,,,,,,,,,,,,,,,,,,,,,,,,,,,,,,,,,,,,,,,,,,,,,,,,,,,0.480763376419496,17,2026-W17,0.585,False,1.2764096713391727e-06,0.006045867543822843,0.9939528560465057,0.8564928219601943,5.789507338366247,0.8557858376511259,5,1,
2026-04-22 04:01:55+00:00,2026-04-22 04:00,KXETHD-26APR2201-T2359.99,2026-04-22T05:00:00Z,2366.06,2359.99,-0.2564,0.67,real,0.757746,-0.4995,0.00087629,0.00082793,0.00076607,1.0808,0.04,0.00080319,-1.0,-1.0,0.0,0.0,0.0,-0.0284,2.0,-1.0,0.9001,0.0,4.142e-05,-1.0,0.0,0.0,-1.0,-1.0,0.4151,False,False,-1.0,0.0,79.12,74.86,False,1.0,bullish,0.0,0.0,0.087746,0.057269,trade,yes,False,False,42.0,58.03,,0.265898,0.049632,49.63,1000.0,4.0,-4.0,0.5448,0.1605,-0.008,-0.0765,False,,True,True,24.44,2026-04-22 04:01:55+00:00,,,,,,,,,,,,,,,,,,,,,,,,,,,,,,,,,,,,,,,,,,,,,,,,,,,,,,,,,,,,,,,,,,,,,,,,,,,,,,,,,,,,,,,,,,,,,,,,,,,,,,,,,,0.4716754276584382,17,2026-W17,0.67,False,3.314040925258012e-06,0.003893770561778589,0.9961029153973007,0.7808324533500437,6.167744040764258,0.8278281519861848,5,1,
2026-04-22 12:03:19+00:00,2026-04-22 12:00,KXETHD-26APR2209-T2399.99,2026-04-22T13:00:00Z,2400.66,2399.99,-0.0278,0.52,real,0.582609,-0.0727,0.00045393,0.00062373,0.00073684,0.8465,0.04,0.00066897,0.0,-1.0,0.0,2.0,0.0,-0.0944,2.0,0.0,0.3225,0.0,4.208e-05,0.0,1.0,-1.0,-2.0,-2.0,0.8295,False,False,-1.0,-1.0,82.71,77.81,False,1.0,bullish,0.0,0.0,0.062609,0.030137,trade,yes,False,False,44.0,56.63,,0.130435,0.05,50.0,1000.0,4.0,-8.0,0.47,0.1566,-0.1224,0.0363,False,,True,True,46.15,2026-04-22 12:03:19+00:00,,,,,,,,,,,,,,,,,,,,,,,,,,,,,,,,,,,,,,,,,,,,,,,,,,,,,,,,,,,,,,,,,,,,,,,,,,,,,,,,,,,,,,,,,,,,,,,,,,,,,,,,,,0.4695823449346866,17,2026-W17,0.52,False,7.314885479754945e-15,0.9999985182604867,1.4817394919527504e-06,0.3865232727211152,4.368482825537203,0.9190040970690183,5,7,
2026-04-22 13:01:46+00:00,2026-04-22 13:00,KXETHD-26APR2210-T2399.99,2026-04-22T14:00:00Z,2405.71,2399.99,-0.2376,0.635,real,0.694175,-0.4757,0.00061807,0.00058526,0.00090368,0.6476,0.03,0.00071263,0.0,-1.0,0.0,3.0,-1.0,-0.131,2.0,0.0,0.3881,0.0,3.082e-05,0.0,1.0,-1.0,-2.0,-2.0,1.122,False,False,-1.0,-1.0,96.63,85.65,False,1.0,bullish,0.0,0.0,0.059175,0.027951,trade,yes,False,False,45.0,58.18,,0.162123,0.05,50.0,1000.0,4.0,-11.0,0.47,0.335,0.1199,0.1199,False,,True,True,28.74,2026-04-22 13:01:46+00:00,,,,,,,,,,,,,,,,,,,,,,,,,,,,,,,,,,,,,,,,,,,,,,,,,,,,,,,,,,,,,,,,,,,,,,,,,,,,,,,,,,,,,,,,,,,,,,,,,,,,,,,,,,0.469833128581392,17,2026-W17,0.635,False,9.776831118184362e-18,0.9999999575909451,4.240906441741114e-08,0.3770250429296217,4.4841301896733015,0.9500746268656712,5,7,
2026-04-22 14:01:22+00:00,2026-04-22 14:00,KXETHD-26APR2211-T2439.99,2026-04-22T15:00:00Z,2419.08,2439.99,0.8646,0.14,real,0.031906,1.4161,0.00083609,0.00074485,0.00104121,0.7154,0.04,0.00086339,0.0,0.0,1.0,2.0,1.0,0.1319,2.0,0.0,0.7231,0.0,1.612e-05,1.0,1.0,-1.0,-2.0,-2.0,1.3707,False,False,-1.0,-1.0,84.01,82.55,False,1.0,bullish,0.0,0.0,0.108094,0.090932,trade,no,False,False,46.0,58.57,,0.772099,0.040372,40.37,1000.0,4.0,-10.0,0.47,0.0704,0.1334,0.1135,False,,False,True,6.57,2026-04-22 14:01:22+00:00,,,,,,,,,,,,,,,,,,,,,,,,,,,,,,,,,,,,,,,,,,,,,,,,,,,,,,,,,,,,,,,,,,,,,,,,,,,,,,,,,,,,,,,,,,,,,,,,,,,,,,,,,,0.5057553505556106,17,2026-W17,0.86,False,4.781437885186481e-18,0.9999999579768835,4.2023121255776515e-08,0.4617507776076382,3.503361054199047,0.8664991129509139,5,7,
2026-04-22 15:01:09+00:00,2026-04-22 15:00,KXETHD-26APR2212-T2399.99,2026-04-22T16:00:00Z,2400.9,2399.99,-0.0377,0.52,real,0.754941,-0.0507,0.0011331,0.00110488,0.00098165,1.1255,0.04,0.00105559,0.0,-1.0,0.0,0.0,0.0,-0.0402,2.0,0.0,0.4437,0.0,2.65e-06,-1.0,0.0,0.0,-1.0,-1.0,0.5612,False,False,1.0,0.0,30.19,32.08,False,0.0,bullish,0.0,0.0,0.234941,0.202469,trade,yes,False,False,44.0,58.8,,0.48946,0.05,50.0,1000.0,5.0,-1.0,0.6761,-0.0745,-0.0937,-0.0662,False,,True,True,46.15,2026-04-22 15:01:09+00:00,,,,,,,,,,,,,,,,,,,,,,,,,,,,,,,,,,,,,,,,,,,,,,,,,,,,,,,,,,,,,,,,,,,,,,,,,,,,,,,,,,,,,,,,,,,,,,,,,,,,,,,,,,0.4955303648225974,17,2026-W17,0.52,False,9.633839686522408e-16,0.9999995885508206,4.11449191966902e-07,0.4659803408927197,2.475442130264188,0.8498445843627951,5,7,
2026-04-22 15:20:19+00:00,2026-04-22 15:00,KXETHD-26APR2212-T2419.99,2026-04-22T16:00:00Z,2398.87,2419.99,0.8803,0.065,real,0.124476,1.8604,0.00108649,0.0007427,0.00091951,0.8077,0.03,0.00081342,0.0,-1.0,0.0,0.0,0.0,-0.0743,2.0,-1.0,0.9309,0.0,1.89e-06,-1.0,0.0,0.0,-1.0,-1.0,0.4629,False,False,1.0,0.0,26.36,32.59,False,0.0,bullish,0.0,0.0,0.059476,0.040222,trade,yes,False,False,44.0,39.63,,0.063611,0.031805,31.81,1000.0,5.0,0.0,0.6517,-0.0175,-0.1062,-0.0042,False,,False,False,-31.81,2026-04-22 15:20:19+00:00,,,,,,,,,,,,,,,,,,,,,,,,,,,,,,,,,,,,,,,,,,,,,,,,,,,,,,,,,,,,,,,,,,,,,,,,,,,,,,,,,,,,,,,,,,,,,,,,,,,,,,,,,,0.4955303648225974,17,2026-W17,0.065,False,9.633839686522408e-16,0.9999995885508206,4.11449191966902e-07,0.4659803408927197,2.475442130264188,0.8498445843627951,5,7,
2026-04-22 16:28:47+00:00,2026-04-22 16:00,KXETHD-26APR2213-T2399.99,2026-04-22T17:00:00Z,2395.89,2399.99,0.1712,0.37,real,0.266978,0.3908,0.00090523,0.00080454,0.00092307,0.8716,0.04,0.00085195,0.0,0.0,1.0,0.0,0.0,-0.0207,2.0,0.0,0.1089,0.0,0.0,-1.0,0.0,0.0,0.0,0.0,-0.1177,False,False,1.0,1.0,9.66,32.22,False,0.0,bullish,0.0,0.0,0.103022,0.074323,trade,no,False,False,44.0,31.17,,0.278439,0.05,50.0,1000.0,1.0,4.0,0.7673,-0.5556,-0.4695,-0.1469,False,,False,True,29.37,2026-04-22 16:28:47+00:00,,,,,,,,,,,,,,,,,,,,,,,,,,,,,,,,,,,,,,,,,,,,,,,,,,,,,,,,,,,,,,,,,,,,,,,,,,,,,,,,,,,,,,,,,,,,,,,,,,,,,,,,,,0.5403199256113239,17,2026-W17,0.63,False,6.084919316873446e-14,0.9999995273958839,4.726040583047855e-07,0.42204433315239703,0.43724297223367614,0.7018757815756553,5,7,
2026-04-22 17:04:59+00:00,2026-04-22 17:00,KXETHD-26APR2214-T2399.99,2026-04-22T18:00:00Z,2392.9,2399.99,0.2965,0.3,real,0.212309,0.4993,0.00091364,0.00107925,0.00076146,1.4173,0.04,0.00095213,0.0,0.0,1.0,1.0,0.0,0.0783,2.0,0.0,0.5783,-1.0,5.008e-05,-1.0,0.0,0.0,0.0,0.0,-0.1944,False,False,1.0,1.0,20.23,11.47,True,0.0,bullish,0.0,0.0,0.102691,0.076605,trade,no,False,False,44.0,54.95,,0.342304,0.015976,15.98,1000.0,1.0,0.0,0.5963,0.051,0.259,0.2111,False,,False,True,6.85,2026-04-22 17:04:59+00:00,,,,,,,,,,,,,,,,,,,,,,,,,,,,,,,,,,,,,,,,,,,,,,,,,,,,,,,,,,,,,,,,,,,,,,,,,,,,,,,,,,,,,,,,,,,,,,,,,,,,,,,,,,0.5054550809531769,17,2026-W17,0.7,False,5.8252532106775605e-18,0.9999999988356478,1.1643475440178729e-09,0.5509143801650288,-0.06693701605302849,0.8304293455606494,5,7,
2026-04-22 19:03:32+00:00,2026-04-22 19:00,KXETHD-26APR2217-T2379.99,2026-04-22T21:00:00Z,2394.41,2379.99,-0.6021,0.75,real,0.888283,-0.8121,0.00067077,0.00081425,0.00082979,0.9813,0.04,0.00082046,1.0,-1.0,0.0,0.0,0.0,-0.0581,2.0,0.0,0.4519,0.0,4.741e-05,0.0,0.0,0.0,0.0,0.0,-0.2778,False,False,1.0,0.0,31.57,44.87,False,0.0,bullish,0.0,0.0,0.138283,0.110158,trade,yes,False,False,69.0,116.42,,0.553134,0.014452,14.45,1000.0,1.0,0.0,0.5963,-0.2093,-0.358,-0.2172,False,,True,True,4.82,2026-04-22 19:03:32+00:00,,,,,,,,,,,,,,,,,,,,,,,,,,,,,,,,,,,,,,,,,,,,,,,,,,,,,,,,,,,,,,,,,,,,,,,,,,,,,,,,,,,,,,,,,,,,,,,,,,,,,,,,,,0.4698215249375461,17,2026-W17,0.75,False,2.032796595781736e-18,0.9999999936625557,6.3374462085917016e-09,0.5843025472782883,-1.3532605880763562,0.789033798677441,5,7,
2026-04-22 22:02:45+00:00,2026-04-22 22:00,KXETHD-26APR2219-T2419.99,2026-04-22T23:00:00Z,2403.97,2419.99,0.6664,0.155,real,0.01,2.261,0.00031308,0.00027506,0.00086492,0.318,0.25,0.000511,1.0,-1.0,0.0,1.0,0.0,0.04,2.0,1.0,0.9828,0.0,4.822e-05,0.0,0.0,0.0,0.0,0.0,0.0857,False,False,-1.0,-1.0,80.96,84.22,True,1.0,bullish,0.0,0.0,0.125,0.107963,trade,no,False,False,44.0,57.21,,0.806452,0.046341,46.34,1000.0,3.0,-2.0,0.5517,0.239,-0.0129,0.047,False,,False,True,8.5,2026-04-22 22:02:45+00:00,,,,,,,,,,,,,,,,,,,,,,,,,,,,,,,,,,,,,,,,,,,,,,,,,,,,,,,,,,,,,,,,,,,,,,,,,,,,,,,,,,,,,,,,,,,,,,,,,,,,,,,,,,0.5006685040494067,17,2026-W17,0.845,False,1.4117555977241477e-13,0.9999962927650694,3.7072347945404465e-06,0.5669144613437549,-2.662467008630877,0.6146319433990629,5,7,
2026-04-22 23:02:50+00:00,2026-04-22 23:00,KXETHD-26APR2220-T2399.99,2026-04-23T00:00:00Z,2396.32,2399.99,0.1533,0.43,real,0.182314,0.4001,0.00048233,0.00034486,0.00114908,0.3001,0.16,0.00066655,1.0,-1.0,0.0,1.0,-1.0,-0.2998,2.0,-1.0,0.8389,0.0,4.599e-05,0.0,0.0,0.0,0.0,0.0,-0.1472,False,False,0.0,0.0,45.35,41.86,False,0.0,bullish,0.0,0.0,0.247686,0.222251,trade,no,False,False,44.0,57.13,,0.576014,0.049519,49.52,1000.0,3.0,0.0,0.6517,-0.055,0.1282,0.0067,False,,False,True,37.36,2026-04-22 23:02:50+00:00,,,,,,,,,,,,,,,,,,,,,,,,,,,,,,,,,,,,,,,,,,,,,,,,,,,,,,,,,,,,,,,,,,,,,,,,,,,,,,,,,,,,,,,,,,,,,,,,,,,,,,,,,,0.6038358867423136,17,2026-W17,0.5700000000000001,False,3.27204975975371e-09,0.999771012460635,0.00022898426730260028,0.5069689465616157,-4.407590173424399,0.2258522727272714,5,7,
2026-04-23 02:04:19+00:00,2026-04-23 02:00,KXETHD-26APR2223-T2379.99,2026-04-23T03:00:00Z,2363.45,2379.99,0.6998,0.155,real,0.051963,1.8788,0.00063623,0.00047733,0.0009209,0.5183,0.21,0.00065476,1.0,-1.0,0.0,1.0,0.0,-0.0214,2.0,0.0,0.5232,-1.0,7.623e-05,0.0,0.0,0.0,0.0,0.0,-0.0138,False,False,1.0,0.0,33.66,37.67,False,-1.0,neutral,0.0,0.0,0.118037,0.100545,trade,no,False,False,42.0,55.63,,0.76153,0.05,50.0,1000.0,0.0,1.0,0.5245,-0.0698,-0.1336,-0.1715,False,,False,True,9.17,2026-04-23 02:04:19+00:00,,,,,,,,,,,,,,,,,,,,,,,,,,,,,,,,,,,,,,,,,,,,,,,,,,,,,,,,,,,,,,,,,,,,,,,,,,,,,,,,,,,,,,,,,,,,,,,,,,,,,,,,,,0.5717222746979185,17,2026-W17,0.845,False,2.1689118813050858e-05,0.2865210530484077,0.7134572578327707,0.5733682222983573,-7.7834999906108,0.09750252270433904,5,2,
2026-04-23 09:03:22+00:00,2026-04-23 09:00,KXETHD-26APR2306-T2349.99,2026-04-23T10:00:00Z,2339.36,2349.99,0.4545,0.18,real,0.018028,1.6386,0.0004694,0.00036771,0.00065852,0.5584,0.18,0.00048403,-1.0,0.0,1.0,0.0,0.0,0.0222,2.0,-1.0,0.8101,0.0,3.993e-05,0.0,0.0,0.0,1.0,1.0,-0.7091,False,False,1.0,1.0,8.42,10.01,True,-1.0,bearish,0.0,0.0,0.15,0.132963,trade,no,False,False,38.0,56.58,,0.833333,0.05,50.0,1000.0,-1.0,9.0,0.554,0.0591,-0.0222,-0.0974,False,,False,True,10.98,2026-04-23 09:03:22+00:00,,,,,,,,,,,,,,,,,,,,,,,,,,,,,,,,,,,,,,,,,,,,,,,,,,,,,,,,,,,,,,,,,,,,,,,,,,,,,,,,,,,,,,,,,,,,,,,,,,,,,,,,,,0.5556789720685634,17,2026-W17,0.8200000000000001,False,3.8378452959548575e-08,1.4817252862495298e-05,0.9999851443686922,0.49391054357206676,-7.673497508361231,0.02649853801169257,5,3,
2026-04-23 09:11:53+00:00,2026-04-23 09:00,KXETHD-26APR2306-T2329.99,2026-04-23T10:00:00Z,2320.3,2329.99,0.4175,0.185,real,0.05904,0.6828,0.00065121,0.00091136,0.00067033,1.3596,0.13,0.00081495,-1.0,1.0,2.0,1.0,-1.0,-0.1878,2.0,0.0,0.5468,0.0,4.068e-05,0.0,-1.0,1.0,2.0,2.0,-1.4015,False,False,1.0,1.0,14.09,11.89,True,-1.0,bearish,0.0,0.0,0.12596,0.107072,trade,no,False,False,38.0,48.07,,0.680866,0.05,50.0,1000.0,-1.0,9.0,0.554,-0.6768,-0.8771,-0.353,False,,False,True,11.35,2026-04-23 09:11:53+00:00,,,,,,,,,,,,,,,,,,,,,,,,,,,,,,,,,,,,,,,,,,,,,,,,,,,,,,,,,,,,,,,,,,,,,,,,,,,,,,,,,,,,,,,,,,,,,,,,,,,,,,,,,,0.5556789720685634,17,2026-W17,0.815,False,3.8378452959548575e-08,1.4817252862495298e-05,0.9999851443686922,0.49391054357206676,-7.673497508361231,0.02649853801169257,5,3,
2026-04-23 11:44:41+00:00,2026-04-23 11:00,KXETHD-26APR2308-T2329.99,2026-04-23T12:00:00Z,2326.24,2329.99,0.1614,0.25,real,0.13109,0.6717,0.00055694,0.00061595,0.00061167,1.007,0.16,0.00061424,-1.0,-1.0,0.0,1.0,0.0,-0.0156,2.0,0.0,0.5531,-1.0,6.928e-05,0.0,0.0,0.0,1.0,1.0,-1.0302,False,False,-1.0,0.0,45.64,34.02,False,0.0,bearish,0.0,0.0,0.13391,0.111727,trade,no,False,False,37.0,15.27,,0.535638,0.029149,29.15,1000.0,-1.0,3.0,0.5205,0.3831,0.264,0.0254,False,,False,True,9.72,2026-04-23 11:44:41+00:00,,,,,,,,,,,,,,,,,,,,,,,,,,,,,,,,,,,,,,,,,,,,,,,,,,,,,,,,,,,,,,,,,,,,,,,,,,,,,,,,,,,,,,,,,,,,,,,,,,,,,,,,,,0.5213526307672953,17,2026-W17,0.75,False,5.239328441243768e-09,3.434014014636227e-05,0.9999656546205332,0.6429317767548646,-6.734631198708858,0.23603128238952376,5,3,
2026-04-23 13:03:11+00:00,2026-04-23 13:00,KXETHD-26APR2310-T2349.99,2026-04-23T14:00:00Z,2331.01,2349.99,0.8144,0.15,real,0.01,2.0466,0.000434,0.00035118,0.00103859,0.3381,0.02,0.00062614,-1.0,-1.0,0.0,3.0,-1.0,-0.1931,2.0,0.0,0.5638,-1.0,5.971e-05,0.0,0.0,0.0,1.0,1.0,-0.7368,False,False,-1.0,-1.0,82.68,81.19,False,0.0,bearish,0.0,0.0,0.12,0.102963,trade,no,False,False,39.0,56.78,,0.8,0.042626,42.63,1000.0,-1.0,0.0,0.4591,-0.0433,0.1742,0.064,False,,False,True,7.52,2026-04-23 13:03:11+00:00,,,,,,,,,,,,,,,,,,,,,,,,,,,,,,,,,,,,,,,,,,,,,,,,,,,,,,,,,,,,,,,,,,,,,,,,,,,,,,,,,,,,,,,,,,,,,,,,,,,,,,,,,,0.5168127820758365,17,2026-W17,0.85,False,2.154342456075754e-11,6.178639214237812e-06,0.999993821339234,0.6561202694271372,-5.176603804496446,0.1391321856438153,5,3,
2026-04-23 14:00:43+00:00,2026-04-23 14:00,KXETHD-26APR2311-T2329.99,2026-04-23T15:00:00Z,2320.33,2329.99,0.4165,0.245,real,0.066808,0.8546,0.00058222,0.00073243,0.00078252,0.936,0.05,0.00075247,-1.0,0.0,1.0,1.0,-1.0,-0.1146,2.0,0.0,0.4371,0.0,4.878e-05,0.0,-1.0,1.0,2.0,2.0,-0.882,False,False,1.0,0.0,35.18,41.39,False,-1.0,bearish,0.0,0.0,0.178192,0.158827,trade,no,False,False,38.0,59.21,,0.727313,0.022985,22.98,1000.0,-1.0,1.0,0.4254,-0.194,0.0832,0.1831,False,,True,False,-22.98,2026-04-23 14:00:43+00:00,,,,,,,,,,,,,,,,,,,,,,,,,,,,,,,,,,,,,,,,,,,,,,,,,,,,,,,,,,,,,,,,,,,,,,,,,,,,,,,,,,,,,,,,,,,,,,,,,,,,,,,,,,0.5225638443425881,17,2026-W17,0.755,False,1.2739465459695046e-09,3.612818691204394e-05,0.9999638705391277,0.5254675508725308,-3.644831182875061,0.2745394140742978,5,3,
2026-04-23 19:00:01+00:00,2026-04-23 18:00,KXETHD-26APR2317-T2309.99,2026-04-23T21:00:00Z,2306.69,2309.99,0.1428,0.415,real,0.31787,0.2502,0.00051627,0.00053999,0.00060821,0.8878,0.03,0.00056727,-1.0,-1.0,0.0,1.0,-1.0,-0.1379,2.0,0.0,0.6272,0.0,-3.82e-06,-1.0,0.0,0.0,1.0,1.0,-0.806,False,False,1.0,0.0,38.95,44.53,False,-1.0,bearish,0.0,0.0,0.09713,0.066952,trade,no,False,False,58.0,119.49,,0.234049,0.05,50.0,1000.0,-4.0,1.0,0.3631,-0.1878,-0.3254,-0.2232,False,,True,False,-50.0,2026-04-23 19:00:01+00:00,,,,,,,,,,,,,,,,,,,,,,,,,,,,,,,,,,,,,,,,,,,,,,,,,,,,,,,,,,,,,,,,,,,,,,,,,,,,,,,,,,,,,,,,,,,,,,,,,,,,,,,,,,0.5285531007427755,17,2026-W17,0.585,False,3.005270974843553e-10,7.349015289441141e-06,0.9999926506841974,0.5628097334196959,-2.201082947504963,0.29341751190229703,3,3,
2026-04-23 21:05:00+00:00,2026-04-23 21:00,KXETHD-26APR2318-T2329.99,2026-04-23T22:00:00Z,2325.55,2329.99,0.1908,0.285,real,0.17642,0.7027,0.00051238,0.00051837,0.00046869,1.106,0.07,0.0004985,-1.0,-1.0,0.0,1.0,0.0,0.0424,2.0,1.0,0.9581,0.0,1.689e-05,1.0,0.0,0.0,0.0,0.0,0.091,False,False,-1.0,-1.0,90.62,92.35,True,0.0,bearish,0.0,0.0,0.10858,0.08341,trade,no,False,False,37.0,51.24,,0.380983,0.046758,46.76,1000.0,0.0,-3.0,0.4167,0.2346,0.0065,-0.0155,False,,False,True,18.64,2026-04-23 21:05:00+00:00,,,,,,,,,,,,,,,,,,,,,,,,,,,,,,,,,,,,,,,,,,,,,,,,,,,,,,,,,,,,,,,,,,,,,,,,,,,,,,,,,,,,,,,,,,,,,,,,,,,,,,,,,,0.5147345005075422,17,2026-W17,0.7150000000000001,False,2.6836629659087825e-09,1.0978137488007067e-05,0.9999890191788624,0.5875463533854438,-0.12420014501591048,0.4755138289774189,3,2,
2026-04-23 22:00:08+00:00,2026-04-23 22:00,KXETHD-26APR2319-T2329.99,2026-04-23T23:00:00Z,2323.84,2329.99,0.2645,0.21,real,0.13555,0.9204,0.00044388,0.00053137,0.0004235,1.2547,0.14,0.00048822,-1.0,-1.0,0.0,1.0,-1.0,-0.2328,2.0,0.0,0.6415,0.0,2.366e-05,0.0,0.0,0.0,0.0,0.0,0.098,False,False,0.0,0.0,78.95,85.11,True,0.0,bearish,0.0,0.0,0.07445,0.051248,trade,no,False,False,29.0,59.82,,0.354524,0.05,50.0,1000.0,0.0,-1.0,0.4842,0.0551,-0.1937,-0.225,False,,True,False,-50.0,2026-04-23 22:00:08+00:00,,,,,,,,,,,,,,,,,,,,,,,,,,,,,,,,,,,,,,,,,,,,,,,,,,,,,,,,,,,,,,,,,,,,,,,,,,,,,,,,,,,,,,,,,,,,,,,,,,,,,,,,,,0.5094809210400273,17,2026-W17,0.79,False,2.3733831697398468e-08,2.036480979324428e-05,0.9999796114563834,0.5343244776711384,0.975179238129007,0.609819474835883,3,2,
2026-04-23 23:01:47+00:00,2026-04-23 23:00,KXETHD-26APR2320-T2349.99,2026-04-24T00:00:00Z,2332.94,2349.99,0.7309,0.155,real,0.016436,1.5643,0.00060834,0.0005841,0.00094055,0.621,0.25,0.00072668,-1.0,-1.0,0.0,1.0,-1.0,-0.1353,2.0,0.0,0.7286,0.0,2.023e-05,0.0,0.0,0.0,-1.0,-1.0,0.434,False,False,0.0,0.0,77.01,80.01,True,1.0,bearish,0.0,0.0,0.125,0.107963,trade,no,False,False,38.0,58.16,,0.806452,0.05,50.0,1000.0,0.0,0.0,0.5125,-0.0493,-0.2051,-0.2051,False,,False,True,9.17,2026-04-23 23:01:47+00:00,,,,,,,,,,,,,,,,,,,,,,,,,,,,,,,,,,,,,,,,,,,,,,,,,,,,,,,,,,,,,,,,,,,,,,,,,,,,,,,,,,,,,,,,,,,,,,,,,,,,,,,,,,0.5035848923986225,17,2026-W17,0.845,False,9.970802044029697e-05,3.903630756276285e-05,0.9998612556720078,0.5388730495448184,1.7401864465051755,0.6135120350109373,3,2,
2026-04-24 03:01:58+00:00,2026-04-24 03:00,KXETHD-26APR2400-T2329.99,2026-04-24T04:00:00Z,2320.45,2329.99,0.4111,0.21,real,0.138061,0.8122,0.00059686,0.00087071,0.00066808,1.3033,0.22,0.00078966,-1.0,1.0,2.0,0.0,0.0,0.0552,2.0,0.0,0.6285,0.0,1.218e-05,0.0,-1.0,1.0,2.0,2.0,-0.3672,False,False,1.0,1.0,18.13,28.25,False,0.0,bearish,0.0,0.0,0.071939,0.048609,trade,no,False,False,37.0,57.98,,0.342568,0.05,50.0,1000.0,0.0,2.0,0.5854,-0.2935,-0.1824,0.0022,False,,False,True,13.29,2026-04-24 03:01:58+00:00,,,,,,,,,,,,,,,,,,,,,,,,,,,,,,,,,,,,,,,,,,,,,,,,,,,,,,,,,,,,,,,,,,,,,,,,,,,,,,,,,,,,,,,,,,,,,,,,,,,,,,,,,,0.5375339309270006,17,2026-W17,0.79,False,0.00031322571569090745,4.4456827844006714e-05,0.9996423174564727,0.5666855074157086,0.9259084677994736,0.3784693019343998,0,0,
2026-04-24 06:00:10+00:00,2026-04-24 06:00,KXETHD-26APR2403-T2319.99,2026-04-24T07:00:00Z,2315.61,2319.99,0.189,0.33,real,0.248387,0.5467,0.00051388,0.00060945,0.00055508,1.098,0.06,0.0005877,0.0,-1.0,0.0,0.0,0.0,-0.0499,2.0,0.0,0.6843,0.0,3.224e-05,0.0,0.0,0.0,0.0,0.0,0.0169,False,False,-1.0,0.0,52.83,43.19,False,0.0,bearish,0.0,0.0,0.081613,0.053545,trade,no,False,False,33.0,59.79,,0.247313,0.027646,27.65,1000.0,0.0,0.0,0.5125,0.4384,0.1089,0.1089,False,,False,True,13.62,2026-04-24 06:00:10+00:00,,,,,,,,,,,,,,,,,,,,,,,,,,,,,,,,,,,,,,,,,,,,,,,,,,,,,,,,,,,,,,,,,,,,,,,,,,,,,,,,,,,,,,,,,,,,,,,,,,,,,,,,,,0.5454056766370159,17,2026-W17,0.6699999999999999,False,5.9416788200577894e-05,3.218649988312419e-05,0.9999083967119278,0.593513878901829,0.09472165370756436,0.4192639549216404,0,0,
2026-04-24 07:03:52+00:00,2026-04-24 07:00,KXETHD-26APR2404-T2319.99,2026-04-24T08:00:00Z,2311.26,2319.99,0.3778,0.205,real,0.043744,1.7074,0.00039804,0.00017768,0.00061107,0.2908,0.25,0.00035103,0.0,-1.0,0.0,0.0,0.0,0.009,2.0,0.0,0.6971,0.0,3.41e-05,0.0,0.0,0.0,1.0,1.0,-0.2555,False,False,0.0,0.0,55.39,54.15,False,-1.0,bearish,0.0,0.0,0.161256,0.143328,trade,no,False,False,39.0,56.09,,0.786615,0.05,50.0,1000.0,-2.0,0.0,0.4192,-0.0169,-0.0281,-0.0333,False,,False,True,12.89,2026-04-24 07:03:52+00:00,,,,,,,,,,,,,,,,,,,,,,,,,,,,,,,,,,,,,,,,,,,,,,,,,,,,,,,,,,,,,,,,,,,,,,,,,,,,,,,,,,,,,,,,,,,,,,,,,,,,,,,,,,0.521173533076282,17,2026-W17,0.795,False,0.0005536415475253565,4.7678108680381616e-05,0.9993986803437893,0.558801282581461,0.03698471995464381,0.4196161296002807,0,0,
2026-04-24 08:00:12+00:00,2026-04-24 08:00,KXETHD-26APR2405-T2319.99,2026-04-24T09:00:00Z,2312.44,2319.99,0.3267,0.19,real,0.064373,1.466,0.00039165,0.00031079,0.00048066,0.6466,0.06,0.00037874,0.0,-1.0,0.0,1.0,-1.0,-0.1123,2.0,0.0,0.1464,0.0,3.514e-05,0.0,0.0,0.0,1.0,1.0,-0.2454,False,False,1.0,0.0,55.51,62.99,False,-1.0,bearish,0.0,0.0,0.125627,0.106411,trade,no,False,False,26.0,59.73,,0.661196,0.05,50.0,1000.0,-2.0,0.0,0.4192,-0.1712,-0.1548,-0.016,False,,False,True,11.73,2026-04-24 08:00:12+00:00,,,,,,,,,,,,,,,,,,,,,,,,,,,,,,,,,,,,,,,,,,,,,,,,,,,,,,,,,,,,,,,,,,,,,,,,,,,,,,,,,,,,,,,,,,,,,,,,,,,,,,,,,,0.5071282307266644,17,2026-W17,0.81,False,0.0008019391739107348,5.436795557246875e-05,0.9991436928705058,0.4922698055246394,0.5023725291033081,0.5353055115337146,0,0,
2026-04-24 09:01:53+00:00,2026-04-24 09:00,KXETHD-26APR2406-T2319.99,2026-04-24T10:00:00Z,2315.61,2319.99,0.1892,0.245,real,0.17376,1.0703,0.00048966,0.00032848,0.00035937,0.9141,0.23,0.00034084,0.0,-1.0,0.0,0.0,0.0,-0.0957,2.0,0.0,0.2793,0.0,3.983e-05,0.0,0.0,0.0,0.0,0.0,0.0172,False,False,0.0,0.0,60.86,65.65,False,0.0,bearish,0.0,0.0,0.07124,0.046191,trade,no,False,False,39.0,58.06,,0.290777,0.05,50.0,1000.0,0.0,0.0,0.5125,-0.0035,0.0471,-0.0613,False,,False,True,16.23,2026-04-24 09:01:53+00:00,,,,,,,,,,,,,,,,,,,,,,,,,,,,,,,,,,,,,,,,,,,,,,,,,,,,,,,,,,,,,,,,,,,,,,,,,,,,,,,,,,,,,,,,,,,,,,,,,,,,,,,,,,0.5446828144615194,17,2026-W17,0.755,False,0.01755422172424741,0.00011507072066911005,0.9823307075550909,0.5117606530481479,0.22864356367780125,0.36397253037505956,0,0,
2026-04-24 10:35:16+00:00,2026-04-24 10:00,KXETHD-26APR2407-T2319.99,2026-04-24T11:00:00Z,2315.31,2319.99,0.2021,0.2,real,0.123745,0.8001,0.00055245,0.00079175,0.00048271,1.6402,0.08,0.00066813,0.0,-1.0,0.0,1.0,-1.0,-0.1528,2.0,-1.0,0.9921,0.0,3.92e-05,0.0,0.0,0.0,0.0,0.0,0.0487,False,False,-1.0,0.0,62.31,44.79,True,0.0,bearish,0.0,0.0,0.076255,0.053665,trade,no,False,False,39.0,24.69,,0.381275,0.033753,33.75,1000.0,0.0,0.0,0.5125,0.3733,0.0035,0.0035,False,,False,True,8.44,2026-04-24 10:35:16+00:00,,,,,,,,,,,,,,,,,,,,,,,,,,,,,,,,,,,,,,,,,,,,,,,,,,,,,,,,,,,,,,,,,,,,,,,,,,,,,,,,,,,,,,,,,,,,,,,,,,,,,,,,,,0.5002755469957446,17,2026-W17,0.8,False,0.0205181343919349,0.00012065345143504948,0.9793612121566434,0.5249389418399538,0.9067770998051259,0.5775664729705889,0,0,
2026-04-24 12:00:09+00:00,2026-04-24 12:00,KXETHD-26APR2409-T2339.99,2026-04-24T13:00:00Z,2329.54,2339.99,0.4486,0.19,real,0.036467,1.7598,0.00049307,0.00028176,0.00065937,0.4273,0.02,0.00043281,0.0,-1.0,0.0,2.0,-1.0,-0.1389,2.0,0.0,0.5986,0.0,5.17e-06,0.0,0.0,0.0,-1.0,-1.0,0.5935,False,False,-1.0,-1.0,93.44,95.63,True,0.0,bearish,0.0,0.0,0.153533,0.136073,trade,no,False,False,40.0,59.8,,0.808067,0.05,50.0,1000.0,0.0,-7.0,0.467,-0.036,0.0,0.0,False,,False,True,11.73,2026-04-24 12:00:09+00:00,,,,,,,,,,,,,,,,,,,,,,,,,,,,,,,,,,,,,,,,,,,,,,,,,,,,,,,,,,,,,,,,,,,,,,,,,,,,,,,,,,,,,,,,,,,,,,,,,,,,,,,,,,0.5009337409708133,17,2026-W17,0.81,False,0.09573403821137523,0.00011693710329667031,0.9041490246853396,0.6532585323755516,2.364620026481532,0.7127335112466612,1,0,
2026-04-24 13:00:32+00:00,2026-04-24 13:00,KXETHD-26APR2410-T2339.99,2026-04-24T14:00:00Z,2326.73,2339.99,0.5698,0.165,real,0.01,1.7662,0.00033155,0.00041079,0.00075672,0.5429,0.05,0.00054916,0.0,-1.0,0.0,0.0,0.0,0.078,2.0,1.0,0.8841,0.0,-1.033e-05,0.0,0.0,0.0,0.0,0.0,0.2409,False,False,1.0,0.0,66.51,72.57,False,0.0,bearish,0.0,0.0,0.135,0.117963,trade,no,False,False,40.0,59.42,,0.818182,0.05,50.0,1000.0,0.0,0.0,0.5125,-0.2422,-0.1852,-0.1852,False,,False,True,9.88,2026-04-24 13:00:32+00:00,,,,,,,,,,,,,,,,,,,,,,,,,,,,,,,,,,,,,,,,,,,,,,,,,,,,,,,,,,,,,,,,,,,,,,,,,,,,,,,,,,,,,,,,,,,,,,,,,,,,,,,,,,0.5178517307966615,17,2026-W17,0.835,False,0.14158303051646826,0.0001168913989735243,0.8583000780845573,0.6093157892924936,2.0746171585503763,0.4280413464086835,1,0,
2026-04-24 14:00:01+00:00,2026-04-24 13:00,KXETHD-26APR2411-T2319.99,2026-04-24T15:00:00Z,2317.53,2319.99,0.106,0.385,real,0.259708,0.2006,0.00070628,0.0009242,0.00046819,1.974,0.05,0.0007418,0.0,0.0,1.0,0.0,1.0,0.1997,2.0,1.0,0.8902,0.0,3.9e-05,0.0,0.0,0.0,0.0,0.0,-0.0116,False,False,1.0,0.0,23.71,38.0,False,0.0,bearish,0.0,0.0,0.125292,0.096834,trade,no,False,False,40.0,59.95,,0.325435,0.034819,34.82,1000.0,0.0,0.0,0.5125,-0.2961,0.0713,0.1357,False,,False,True,21.8,2026-04-24 14:00:01+00:00,,,,,,,,,,,,,,,,,,,,,,,,,,,,,,,,,,,,,,,,,,,,,,,,,,,,,,,,,,,,,,,,,,,,,,,,,,,,,,,,,,,,,,,,,,,,,,,,,,,,,,,,,,0.5252484262716065,17,2026-W17,0.615,False,0.4498521559448699,0.00011981751798108048,0.5500280265371419,0.5902123797213925,1.6336516114248258,0.33845746090643986,1,0,
2026-04-24 15:00:35+00:00,2026-04-24 15:00,KXETHD-26APR2412-T2319.99,2026-04-24T16:00:00Z,2313.68,2319.99,0.2727,0.315,real,0.214884,0.7412,0.00062366,0.00055651,0.00073357,0.7586,0.05,0.00062733,0.0,-1.0,0.0,0.0,0.0,0.0352,2.0,0.0,0.7448,0.0,1.29e-06,0.0,0.0,0.0,0.0,0.0,-0.1216,False,False,1.0,0.0,32.31,33.58,False,-1.0,bearish,0.0,0.0,0.100116,0.073306,trade,no,False,False,40.0,59.38,,0.317828,0.035604,35.6,1000.0,0.0,0.0,0.5125,0.3536,-0.035,-0.035,False,,True,False,-35.6,2026-04-24 15:00:35+00:00,,,,,,,,,,,,,,,,,,,,,,,,,,,,,,,,,,,,,,,,,,,,,,,,,,,,,,,,,,,,,,,,,,,,,,,,,,,,,,,,,,,,,,,,,,,,,,,,,,,,,,,,,,0.501403853547799,17,2026-W17,0.685,False,0.6135229423450248,6.0034205985929324e-05,0.3864170234489975,0.5579871669604519,1.9191804349320218,0.5807050092764338,1,0,
2026-04-24 17:00:53+00:00,2026-04-24 17:00,KXETHD-26APR2414-T2319.99,2026-04-24T18:00:00Z,2316.72,2319.99,0.1413,0.405,real,0.201795,0.3797,0.00061031,0.00055137,0.00076392,0.7218,0.03,0.00063639,0.0,-1.0,0.0,2.0,-1.0,-0.1541,2.0,0.0,0.7903,-1.0,5.37e-05,0.0,0.0,0.0,0.0,0.0,-0.1763,False,False,1.0,0.0,39.32,36.51,False,0.0,bearish,0.0,0.0,0.218205,0.192572,trade,no,False,False,40.0,59.07,,0.538778,0.05,50.0,1000.0,0.0,0.0,0.5125,-0.2462,-0.0406,0.0,False,,False,True,34.03,2026-04-24 17:00:53+00:00,,,,,,,,,,,,,,,,,,,,,,,,,,,,,,,,,,,,,,,,,,,,,,,,,,,,,,,,,,,,,,,,,,,,,,,,,,,,,,,,,,,,,,,,,,,,,,,,,,,,,,,,,,0.5002755469957446,17,2026-W17,0.595,False,0.9780507908045886,1.4617836010721681e-05,0.021934591359405724,0.5972569727985061,1.6499135262890334,0.5356480254439324,1,0,
2026-04-24 19:00:54+00:00,2026-04-24 19:00,KXETHD-26APR2416-T2319.99,2026-04-24T20:00:00Z,2322.93,2319.99,-0.1265,0.63,real,0.754941,-0.57,0.00035072,0.00030285,0.00049645,0.61,0.04,0.00038029,-1.0,-1.0,0.0,2.0,-1.0,-0.1329,2.0,0.0,0.5296,-1.0,6.967e-05,0.0,0.0,0.0,0.0,0.0,0.0422,False,False,-1.0,0.0,44.12,42.74,False,1.0,bearish,0.0,0.0,0.109941,0.078624,trade,yes,False,False,69.0,59.04,,0.297137,0.05,50.0,1000.0,0.0,0.0,0.5125,0.104,-0.0198,0.0,False,,True,True,29.37,2026-04-24 19:00:54+00:00,,,,,,,,,,,,,,,,,,,,,,,,,,,,,,,,,,,,,,,,,,,,,,,,,,,,,,,,,,,,,,,,,,,,,,,,,,,,,,,,,,,,,,,,,,,,,,,,,,,,,,,,,,0.4968351942097843,17,2026-W17,0.63,False,0.997541368776585,2.108038899736374e-06,0.0024565231845122453,0.5466653422306251,1.6416774920413033,0.539907382184689,1,0,
2026-04-24 21:01:01+00:00,2026-04-24 21:00,KXETHD-26APR2418-T2339.99,2026-04-24T22:00:00Z,2326.3,2339.99,0.5887,0.145,real,0.015385,1.9917,0.00029528,0.00027992,0.00072256,0.3874,0.05,0.00045698,-1.0,-1.0,0.0,2.0,0.0,0.0607,2.0,1.0,0.8523,-1.0,8.036e-05,1.0,0.0,0.0,-1.0,-1.0,0.3952,False,False,-1.0,-1.0,100.0,97.05,False,1.0,bearish,0.0,0.0,0.115,0.097963,trade,no,False,False,40.0,58.93,,0.793103,0.032245,32.25,1000.0,0.0,-7.0,0.467,0.3894,0.1644,0.0868,False,,False,True,5.47,2026-04-24 21:01:01+00:00,,,,,,,,,,,,,,,,,,,,,,,,,,,,,,,,,,,,,,,,,,,,,,,,,,,,,,,,,,,,,,,,,,,,,,,,,,,,,,,,,,,,,,,,,,,,,,,,,,,,,,,,,,0.5317907906222183,17,2026-W17,0.855,False,0.9936766957972112,2.7847422035780696e-06,0.0063205194605831135,0.576412369104558,1.5237702792894106,0.48069498069496897,1,0,
2026-04-24 21:14:51+00:00,2026-04-24 21:00,KXETHD-26APR2418-T2319.99,2026-04-24T22:00:00Z,2316.43,2319.99,0.1535,0.505,real,0.249736,0.2415,0.00068037,0.00102795,,,0.01,0.00102795,-1.0,-1.0,0.0,3.0,-1.0,-0.2302,2.0,-1.0,0.9093,-1.0,8.068e-05,1.0,0.0,0.0,0.0,0.0,-0.1308,False,False,1.0,-1.0,25.91,72.35,True,0.0,bearish,0.0,0.0,0.270264,0.24269,trade,no,False,False,40.0,45.1,,0.535177,0.05,50.0,1000.0,0.0,1.0,0.5245,-0.355,-0.3832,-0.4565,False,,False,True,51.01,2026-04-24 21:14:51+00:00,,,,,,,,,,,,,,,,,,,,,,,,,,,,,,,,,,,,,,,,,,,,,,,,,,,,,,,,,,,,,,,,,,,,,,,,,,,,,,,,,,,,,,,,,,,,,,,,,,,,,,,,,,0.5317907906222183,17,2026-W17,0.495,False,0.9936766957972112,2.7847422035780696e-06,0.0063205194605831135,0.576412369104558,1.5237702792894106,0.48069498069496897,1,0,
2026-04-24 22:14:18+00:00,2026-04-24 22:00,KXETHD-26APR2419-T2319.99,2026-04-24T23:00:00Z,2315.43,2319.99,0.1969,0.235,real,0.057928,1.5015,0.00028419,0.00020656,0.00040294,0.5126,0.07,0.00028511,-1.0,0.0,1.0,1.0,0.0,0.0247,2.0,0.0,0.7474,-1.0,8.449e-05,-1.0,0.0,0.0,0.0,0.0,-0.1412,False,False,0.0,1.0,19.97,19.04,True,0.0,bearish,0.0,0.0,0.192072,0.174196,trade,no,False,False,39.0,45.65,,0.817328,0.05,50.0,1000.0,0.0,1.0,0.5245,0.0385,0.0307,0.0,False,,False,True,15.36,2026-04-24 22:14:18+00:00,,,,,,,,,,,,,,,,,,,,,,,,,,,,,,,,,,,,,,,,,,,,,,,,,,,,,,,,,,,,,,,,,,,,,,,,,,,,,,,,,,,,,,,,,,,,,,,,,,,,,,,,,,0.5233540429620779,17,2026-W17,0.765,False,0.9960660071249475,2.111133964872807e-06,0.003931881741098995,0.6653517903831088,0.9460478792282268,0.39446589446588776,1,0,
2026-04-24 23:01:00+00:00,2026-04-24 23:00,KXETHD-26APR2420-T2319.99,2026-04-25T00:00:00Z,2313.1,2319.99,0.2979,0.195,real,0.067875,1.5569,0.00040423,0.00024526,0.0004507,0.5442,0.21,0.00032744,-1.0,-1.0,0.0,1.0,0.0,-0.0657,2.0,0.0,0.7452,-1.0,7.905e-05,-1.0,0.0,0.0,0.0,0.0,-0.2656,False,False,0.0,0.0,25.35,19.79,True,-1.0,bearish,0.0,0.0,0.142125,0.12362,trade,no,False,False,39.0,58.96,,0.728847,0.05,50.0,1000.0,0.0,0.0,0.5125,-0.0216,0.0,0.0,False,,False,True,12.11,2026-04-24 23:01:00+00:00,,,,,,,,,,,,,,,,,,,,,,,,,,,,,,,,,,,,,,,,,,,,,,,,,,,,,,,,,,,,,,,,,,,,,,,,,,,,,,,,,,,,,,,,,,,,,,,,,,,,,,,,,,0.5156019591121577,17,2026-W17,0.8049999999999999,False,0.9956837027621175,2.289785266674739e-06,0.004314007452607607,0.6187749031295772,0.7082657511774237,0.4620622568093363,1,0,
2026-04-25 00:00:20+00:00,2026-04-25 00:00,KXETHD-26APR2421-T2319.99,2026-04-25T01:00:00Z,2315.58,2319.99,0.1904,0.175,real,0.024613,1.9921,0.00020481,0.00012737,0.00026358,0.4832,0.05,0.00018185,-1.0,-1.0,0.0,2.0,-1.0,-0.1407,2.0,0.0,0.5613,-1.0,7.717e-05,0.0,0.0,0.0,0.0,0.0,,False,False,0.0,0.0,36.25,35.69,False,0.0,bearish,0.0,0.0,0.145,0.127963,trade,no,False,False,33.0,59.62,,0.828571,0.05,50.0,1000.0,0.0,0.0,0.5125,0.0147,0.0436,0.0,False,,False,True,10.61,2026-04-25 00:00:20+00:00,,,,,,,,,,,,,,,,,,,,,,,,,,,,,,,,,,,,,,,,,,,,,,,,,,,,,,,,,,,,,,,,,,,,,,,,,,,,,,,,,,,,,,,,,,,,,,,,,,,,,,,,,,0.5339292432791449,17,2026-W17,0.825,False,0.9959093136726574,2.20272193818321e-06,0.004088483605406409,0.5885384735608437,0.5815416352425493,0.4750324254215312,1,0,
2026-04-25 01:05:02+00:00,2026-04-25 01:00,KXETHD-26APR2422-T2319.99,2026-04-25T02:00:00Z,2317.32,2319.99,0.1151,0.21,real,0.081329,1.4449,0.00020257,0.00013492,0.0001924,0.7012,0.1,0.00015791,0.0,-1.0,0.0,2.0,0.0,0.0514,2.0,0.0,0.7769,-1.0,7.878e-05,1.0,0.0,0.0,-1.0,-1.0,0.0675,False,False,0.0,-1.0,88.56,72.97,False,0.0,bearish,0.0,0.0,0.143671,0.124335,trade,no,False,False,39.0,54.93,,0.684145,0.05,50.0,1000.0,0.0,-1.0,0.4842,0.1583,0.0,0.0,False,,False,True,13.29,2026-04-25 01:05:02+00:00,,,,,,,,,,,,,,,,,,,,,,,,,,,,,,,,,,,,,,,,,,,,,,,,,,,,,,,,,,,,,,,,,,,,,,,,,,,,,,,,,,,,,,,,,,,,,,,,,,,,,,,,,,0.504638021412163,17,2026-W17,0.79,False,0.9953345352759155,2.318791512869697e-06,0.004663145932583759,0.559501707630778,0.6746378887735962,0.5430418509697128,1,0,
2026-04-25 02:04:26+00:00,2026-04-25 02:00,KXETHD-26APR2423-T2319.99,2026-04-25T03:00:00Z,2315.65,2319.99,0.1874,0.245,real,0.021384,1.3348,0.000189,0.00021869,0.00036397,0.6008,0.25,0.0002768,0.0,-1.0,0.0,1.0,0.0,-0.0204,2.0,-1.0,0.9299,-1.0,6.716e-05,0.0,0.0,0.0,0.0,0.0,0.0367,False,False,0.0,0.0,65.35,83.37,False,0.0,bearish,0.0,0.0,0.215,0.197963,trade,no,False,False,39.0,55.51,,0.877551,0.05,50.0,1000.0,0.0,0.0,0.5125,-0.0919,-0.0919,-0.0897,False,,False,True,16.23,2026-04-25 02:04:26+00:00,,,,,,,,,,,,,,,,,,,,,,,,,,,,,,,,,,,,,,,,,,,,,,,,,,,,,,,,,,,,,,,,,,,,,,,,,,,,,,,,,,,,,,,,,,,,,,,,,,,,,,,,,,0.5058637864737117,17,2026-W17,0.755,False,0.9970957997890149,3.617076284562253e-06,0.0029005831346912954,0.5496451650663305,0.6746017902861268,0.5137801973460427,1,0,
2026-04-25 03:28:23+00:00,2026-04-25 03:00,KXETHD-26APR2500-T2319.99,2026-04-25T04:00:00Z,2317.17,2319.99,0.1215,0.3,real,0.030995,1.506,0.00015595,0.00012392,0.00041232,0.3006,0.2,0.00023928,0.0,-1.0,0.0,2.0,-1.0,-0.1067,2.0,1.0,0.8064,-1.0,5.403e-05,0.0,0.0,0.0,-1.0,-1.0,0.1139,False,False,0.0,0.0,79.09,77.79,False,1.0,bearish,0.0,0.0,0.27,0.252963,trade,no,False,False,39.0,31.56,,0.9,0.05,50.0,1000.0,0.0,-1.0,0.4842,0.0276,0.0155,0.0155,False,,False,True,21.43,2026-04-25 03:28:23+00:00,,,,,,,,,,,,,,,,,,,,,,,,,,,,,,,,,,,,,,,,,,,,,,,,,,,,,,,,,,,,,,,,,,,,,,,,,,,,,,,,,,,,,,,,,,,,,,,,,,,,,,,,,,0.5036141232619965,17,2026-W17,0.7,False,0.9996117587011983,2.431386908029477e-06,0.000385809911892207,0.5343090219747727,0.74615148032162,0.5566519224225909,1,0,
2026-04-25 04:37:23+00:00,2026-04-25 04:00,KXETHD-26APR2501-T2319.99,2026-04-25T05:00:00Z,2316.81,2319.99,0.1374,0.14,real,0.028458,2.6953,0.00016537,8.448e-05,0.00026758,0.3157,0.22,0.00015772,0.0,-1.0,0.0,3.0,-1.0,-0.1576,2.0,0.0,0.5912,0.0,4.559e-05,0.0,1.0,-1.0,-2.0,-2.0,0.139,False,False,0.0,-1.0,86.29,78.09,False,1.0,bearish,0.0,0.0,0.11,0.092963,trade,no,False,False,39.0,22.57,,0.785714,0.05,50.0,1000.0,0.0,-3.0,0.4167,-0.0147,0.0,0.0,False,,False,True,8.14,2026-04-25 04:37:23+00:00,,,,,,,,,,,,,,,,,,,,,,,,,,,,,,,,,,,,,,,,,,,,,,,,,,,,,,,,,,,,,,,,,,,,,,,,,,,,,,,,,,,,,,,,,,,,,,,,,,,,,,,,,,0.5022675478956328,17,2026-W17,0.86,False,0.9996819155245773,2.227652772985848e-06,0.0003158568226472357,0.5254933935508426,0.7018581688194594,0.5148009527049997,1,0,
2026-04-25 05:00:43+00:00,2026-04-25 05:00,KXETHD-26APR2502-T2319.99,2026-04-25T06:00:00Z,2317.05,2319.99,0.1268,0.195,real,0.029786,1.4946,0.00015806,0.00017834,0.00019157,0.9309,0.21,0.00018363,0.0,-1.0,0.0,1.0,-1.0,-0.1693,2.0,0.0,0.6352,0.0,4.47e-05,0.0,0.0,0.0,0.0,0.0,0.0591,False,False,0.0,0.0,47.26,60.27,True,0.0,bearish,0.0,0.0,0.165,0.147963,trade,no,False,False,39.0,59.24,,0.846154,0.05,50.0,1000.0,0.0,0.0,0.5125,-0.0798,-0.0798,0.0,False,,False,True,12.11,2026-04-25 05:00:43+00:00,,,,,,,,,,,,,,,,,,,,,,,,,,,,,,,,,,,,,,,,,,,,,,,,,,,,,,,,,,,,,,,,,,,,,,,,,,,,,,,,,,,,,,,,,,,,,,,,,,,,,,,,,,0.5292179187217263,17,2026-W17,0.8049999999999999,False,0.9992310187532912,4.5372118612047525e-06,0.0007644440348575544,0.5142160920069994,0.5242458542819151,0.44232732221843674,1,0,
2026-04-25 06:05:39+00:00,2026-04-25 06:00,KXETHD-26APR2503-T2319.99,2026-04-25T07:00:00Z,2317.07,2319.99,0.1259,0.285,real,0.01,1.5167,0.00011126,0.0001123,0.00030048,0.3737,0.25,0.00018757,0.0,-1.0,0.0,1.0,-1.0,-0.1996,2.0,0.0,0.5968,0.0,4.8e-05,0.0,0.0,0.0,0.0,0.0,-0.0318,False,False,0.0,0.0,31.41,36.0,False,0.0,bearish,0.0,0.0,0.255,0.237963,trade,no,False,False,39.0,54.3,,0.894737,0.05,50.0,1000.0,0.0,0.0,0.5125,-0.0432,0.0259,0.0,False,,False,True,19.93,2026-04-25 06:05:39+00:00,,,,,,,,,,,,,,,,,,,,,,,,,,,,,,,,,,,,,,,,,,,,,,,,,,,,,,,,,,,,,,,,,,,,,,,,,,,,,,,,,,,,,,,,,,,,,,,,,,,,,,,,,,0.5140593214959889,17,2026-W17,0.7150000000000001,False,0.9996634169924056,3.943916200440866e-06,0.00033263909138549625,0.5022719897749144,0.3842382139402458,0.42939775433821725,1,6,
2026-04-25 09:43:44+00:00,2026-04-25 09:00,KXETHD-26APR2506-T2319.99,2026-04-25T10:00:00Z,2320.95,2319.99,-0.0415,0.53,real,0.598361,-0.2574,0.00013782,0.00019925,0.00136972,0.1455,0.24,0.00066743,0.0,-1.0,0.0,2.0,0.0,-0.0945,2.0,0.0,0.7036,0.0,2.498e-05,0.0,1.0,-1.0,-2.0,-2.0,0.1913,False,False,0.0,-1.0,100.0,90.43,False,1.0,bearish,0.0,0.0,0.068361,0.035924,trade,yes,False,False,39.0,16.23,,0.145448,0.05,50.0,1000.0,0.0,-6.0,0.473,0.05,0.107,0.107,False,,True,True,44.34,2026-04-25 09:43:44+00:00,,,,,,,,,,,,,,,,,,,,,,,,,,,,,,,,,,,,,,,,,,,,,,,,,,,,,,,,,,,,,,,,,,,,,,,,,,,,,,,,,,,,,,,,,,,,,,,,,,,,,,,,,,0.4721046561636891,17,2026-W17,0.53,False,0.9999906717424044,1.8036449717025602e-06,7.52461262657056e-06,0.501212348553517,0.8054129633855596,0.6458186929023221,1,6,
2026-04-25 10:25:07+00:00,2026-04-25 10:00,KXETHD-26APR2507-T2319.99,2026-04-25T11:00:00Z,2321.64,2319.99,-0.0712,0.575,real,0.661538,-0.5837,0.00012957,8.14e-05,0.00063836,0.1275,0.01,0.00030418,0.0,-1.0,0.0,2.0,0.0,-0.0451,2.0,-1.0,0.9047,0.0,2.179e-05,0.0,1.0,-1.0,-2.0,-2.0,0.1567,False,False,0.0,-1.0,88.62,89.36,True,1.0,bearish,0.0,0.0,0.086538,0.054432,trade,yes,False,False,39.0,34.84,,0.20362,0.05,50.0,1000.0,0.0,-2.0,0.4797,-0.0233,0.0233,0.0,False,,True,True,36.96,2026-04-25 10:25:07+00:00,,,,,,,,,,,,,,,,,,,,,,,,,,,,,,,,,,,,,,,,,,,,,,,,,,,,,,,,,,,,,,,,,,,,,,,,,,,,,,,,,,,,,,,,,,,,,,,,,,,,,,,,,,0.4813506861509063,17,2026-W17,0.575,False,0.9999570380440829,1.933679142812555e-06,4.102827678027566e-05,0.4996865706428466,0.8637201018885252,0.6300070274068963,1,6,
2026-04-25 12:07:57+00:00,2026-04-25 12:00,KXETHD-26APR2509-T2319.99,2026-04-25T13:00:00Z,2317.36,2319.99,0.1135,0.235,real,0.164974,1.0246,0.00023508,0.00023124,0.00021783,1.0616,0.01,0.00022588,0.0,1.0,2.0,0.0,0.0,-0.0188,2.0,0.0,0.3343,0.0,1.853e-05,0.0,-1.0,1.0,2.0,2.0,-0.244,False,False,1.0,1.0,0.0,3.97,True,0.0,bearish,0.0,0.0,0.070026,0.045383,trade,no,False,False,39.0,52.0,,0.297982,0.05,50.0,1000.0,0.0,9.0,0.557,-0.133,-0.0406,-0.0851,False,,False,True,15.36,2026-04-25 12:07:57+00:00,,,,,,,,,,,,,,,,,,,,,,,,,,,,,,,,,,,,,,,,,,,,,,,,,,,,,,,,,,,,,,,,,,,,,,,,,,,,,,,,,,,,,,,,,,,,,,,,,,,,,,,,,,0.542264940256818,17,2026-W17,0.765,False,0.9999912365063058,1.7371914731399376e-06,7.026302229121059e-06,0.5205650540277373,0.20933380468756213,0.30337078651685195,1,6,
2026-04-25 13:04:13+00:00,2026-04-25 13:00,KXETHD-26APR2510-T2319.99,2026-04-25T14:00:00Z,2314.97,2319.99,0.217,0.175,real,0.036131,1.8478,0.00021931,0.00022937,0.00031068,0.7383,0.15,0.00026189,1.0,0.0,1.0,0.0,0.0,-0.0435,2.0,0.0,0.3035,0.0,2.195e-05,0.0,0.0,0.0,1.0,1.0,-0.1762,False,False,0.0,1.0,16.9,14.12,True,-1.0,bearish,0.0,0.0,0.138869,0.121431,trade,no,False,False,39.0,55.74,,0.793537,0.05,50.0,1000.0,0.0,3.0,0.6369,-0.0531,-0.054,0.0,False,,False,True,10.61,2026-04-25 13:04:13+00:00,,,,,,,,,,,,,,,,,,,,,,,,,,,,,,,,,,,,,,,,,,,,,,,,,,,,,,,,,,,,,,,,,,,,,,,,,,,,,,,,,,,,,,,,,,,,,,,,,,,,,,,,,,0.5117411910318527,17,2026-W17,0.825,False,0.9999851218177369,3.5080653128461117e-06,1.137011694541629e-05,0.5065821350202402,0.30832041413739963,0.500244259892531,1,6,
2026-04-25 14:05:45+00:00,2026-04-25 14:00,KXETHD-26APR2511-T2319.99,2026-04-25T15:00:00Z,2316.46,2319.99,0.1524,0.22,real,0.050587,1.6691,0.00019191,0.0001657,0.00026794,0.6184,0.12,0.0002066,1.0,-1.0,0.0,1.0,-1.0,-0.1699,2.0,0.0,0.3341,0.0,2.325e-05,0.0,0.0,0.0,0.0,0.0,-0.0848,False,False,0.0,0.0,59.28,55.55,False,0.0,bearish,0.0,0.0,0.169413,0.151051,trade,no,False,False,39.0,54.2,,0.770057,0.05,50.0,1000.0,0.0,0.0,0.5125,0.0389,-0.0125,0.0,False,,False,True,14.1,2026-04-25 14:05:45+00:00,,,,,,,,,,,,,,,,,,,,,,,,,,,,,,,,,,,,,,,,,,,,,,,,,,,,,,,,,,,,,,,,,,,,,,,,,,,,,,,,,,,,,,,,,,,,,,,,,,,,,,,,,,0.510201053417979,17,2026-W17,0.78,False,0.9999924886571296,2.6447975194076842e-06,4.866545347594102e-06,0.5127318838651191,0.3046823546463222,0.4509037616023402,1,6,
2026-04-25 15:02:03+00:00,2026-04-25 15:00,KXETHD-26APR2512-T2319.99,2026-04-25T16:00:00Z,2315.98,2319.99,0.1733,0.18,real,0.017302,2.3884,0.00014656,9.892e-05,0.0002486,0.3979,0.22,0.00015879,0.0,-1.0,0.0,1.0,0.0,-0.0483,2.0,0.0,0.2455,0.0,2.609e-05,0.0,0.0,0.0,0.0,0.0,-0.0936,False,False,0.0,-1.0,80.49,86.99,True,0.0,bearish,0.0,0.0,0.15,0.132963,trade,no,False,False,39.0,57.9,,0.833333,0.05,50.0,1000.0,0.0,-1.0,0.4842,-0.0479,0.0,0.0,False,,False,True,10.98,2026-04-25 15:02:03+00:00,,,,,,,,,,,,,,,,,,,,,,,,,,,,,,,,,,,,,,,,,,,,,,,,,,,,,,,,,,,,,,,,,,,,,,,,,,,,,,,,,,,,,,,,,,,,,,,,,,,,,,,,,,0.5510602970344782,17,2026-W17,0.8200000000000001,False,0.9999981068095012,1.4646163761425913e-06,4.285741280390625e-07,0.487401900004458,-0.2055948413562836,0.18025751072960453,1,6,
2026-04-25 16:01:30+00:00,2026-04-25 16:00,KXETHD-26APR2513-T2319.99,2026-04-25T17:00:00Z,2309.3,2319.99,0.4628,0.165,real,0.023793,1.416,0.0004182,0.00063209,0.00062002,1.0195,0.23,0.00062726,1.0,1.0,2.0,0.0,1.0,0.1157,2.0,0.0,0.5778,0.0,2.67e-05,0.0,-1.0,1.0,2.0,2.0,-0.3848,False,False,1.0,0.0,37.58,52.87,True,-1.0,bearish,0.0,0.0,0.135,0.117963,trade,no,False,False,39.0,58.45,,0.818182,0.014406,14.41,1000.0,0.0,2.0,0.5854,-0.3589,-0.0009,0.2174,False,,False,True,2.85,2026-04-25 16:01:30+00:00,,,,,,,,,,,,,,,,,,,,,,,,,,,,,,,,,,,,,,,,,,,,,,,,,,,,,,,,,,,,,,,,,,,,,,,,,,,,,,,,,,,,,,,,,,,,,,,,,,,,,,,,,,0.5440103092039877,17,2026-W17,0.835,False,0.9999939487563035,1.989097700079397e-06,4.0621460024913395e-06,0.5273428346950837,-0.43593582898262007,0.31691818903892255,1,6,
2026-04-25 23:38:12+00:00,2026-04-25 23:00,KXETHD-26APR2520-T2319.99,2026-04-26T00:00:00Z,2320.04,2319.99,-0.002,0.435,real,0.582609,-0.0436,0.00024744,0.00012913,,,0.07,0.00012913,-1.0,-1.0,0.0,2.0,0.0,-0.0374,2.0,0.0,0.485,-1.0,9.028e-05,0.0,0.0,0.0,0.0,0.0,0.157,False,False,0.0,-1.0,89.1,88.3,False,1.0,bearish,0.0,0.0,0.132609,0.100404,trade,yes,False,False,39.0,21.74,,0.234706,0.05,50.0,1000.0,0.0,-6.0,0.473,0.025,0.0332,0.0332,False,,False,False,-50.0,2026-04-25 23:38:12+00:00,,,,,,,,,,,,,,,,,,,,,,,,,,,,,,,,,,,,,,,,,,,,,,,,,,,,,,,,,,,,,,,,,,,,,,,,,,,,,,,,,,,,,,,,,,,,,,,,,,,,,,,,,,0.4564030409157209,17,2026-W17,0.435,False,0.9999985370901825,1.4622198500342006e-06,6.899637613796288e-10,0.48061486118201624,0.8433880233678006,0.9045174537987615,1,6,
2026-04-26 00:10:02+00:00,2026-04-26 00:00,KXETHD-26APR2521-T2319.99,2026-04-26T01:00:00Z,2317.63,2319.99,0.102,0.225,real,0.023522,1.1376,0.00011297,0.00015082,0.00019102,0.7895,0.05,0.0001669,-1.0,-1.0,0.0,1.0,0.0,-0.0692,2.0,0.0,0.3413,0.0,3.409e-05,0.0,0.0,0.0,0.0,0.0,,False,False,0.0,-1.0,63.33,81.02,True,0.0,bearish,0.0,0.0,0.195,0.177963,trade,no,False,False,40.0,49.9,,0.866667,0.05,50.0,1000.0,0.0,-2.0,0.4797,-0.0966,-0.1121,-0.0255,False,,False,True,14.52,2026-04-26 00:10:02+00:00,,,,,,,,,,,,,,,,,,,,,,,,,,,,,,,,,,,,,,,,,,,,,,,,,,,,,,,,,,,,,,,,,,,,,,,,,,,,,,,,,,,,,,,,,,,,,,,,,,,,,,,,,,0.507413819255694,17,2026-W17,0.775,False,0.9999977522808586,2.1619470990666664e-06,8.577203767353335e-08,0.4645824618756232,0.7706359317447622,0.708932238193015,1,6,
2026-04-26 01:02:51+00:00,2026-04-26 01:00,KXETHD-26APR2522-T2319.99,2026-04-26T02:00:00Z,2315.61,2319.99,0.1891,0.22,real,0.077841,0.9923,0.00029421,0.00040169,0.00032379,1.2406,0.22,0.00037053,0.0,-1.0,0.0,0.0,0.0,-0.0089,2.0,0.0,0.7477,0.0,3.465e-05,0.0,0.0,0.0,0.0,0.0,0.0221,False,False,0.0,0.0,28.88,37.34,False,0.0,bearish,0.0,0.0,0.142159,0.122134,trade,no,False,False,40.0,57.09,,0.646176,0.045945,45.94,1000.0,0.0,0.0,0.5125,-0.0078,-0.0786,0.0912,False,,False,True,12.96,2026-04-26 01:02:51+00:00,,,,,,,,,,,,,,,,,,,,,,,,,,,,,,,,,,,,,,,,,,,,,,,,,,,,,,,,,,,,,,,,,,,,,,,,,,,,,,,,,,,,,,,,,,,,,,,,,,,,,,,,,,0.5292179187217263,17,2026-W17,0.78,False,0.9999969820911112,2.918980615719314e-06,9.892826718481593e-08,0.45506645992685796,0.5713961643434182,0.6103696098562558,1,6,
2026-04-26 02:03:42+00:00,2026-04-26 02:00,KXETHD-26APR2523-T2319.99,2026-04-26T03:00:00Z,2315.18,2319.99,0.2078,0.145,real,0.015385,1.6955,0.00018137,0.00022573,0.0002616,0.8629,0.17,0.00024008,0.0,-1.0,0.0,0.0,0.0,-0.0642,2.0,1.0,0.8126,0.0,3.904e-05,0.0,0.0,0.0,0.0,0.0,0.0066,False,False,0.0,0.0,29.55,32.35,False,0.0,bearish,0.0,0.0,0.115,0.097963,trade,no,False,False,41.0,56.25,,0.793103,0.05,50.0,1000.0,0.0,0.0,0.5125,-0.0527,-0.0155,0.057,False,,False,True,8.48,2026-04-26 02:03:42+00:00,,,,,,,,,,,,,,,,,,,,,,,,,,,,,,,,,,,,,,,,,,,,,,,,,,,,,,,,,,,,,,,,,,,,,,,,,,,,,,,,,,,,,,,,,,,,,,,,,,,,,,,,,,0.5054725848774889,17,2026-W17,0.855,False,0.9999981314396655,1.7302528179087573e-06,1.383075167913371e-07,0.4360275144853616,0.5971086971593305,0.7448665297741378,1,6,
2026-04-26 03:13:49+00:00,2026-04-26 03:00,KXETHD-26APR2600-T2319.99,2026-04-26T04:00:00Z,2315.76,2319.99,0.1828,0.13,real,0.031739,1.4807,0.00019686,0.00028598,0.00023875,1.1979,0.12,0.00026709,0.0,-1.0,0.0,0.0,0.0,-0.045,2.0,1.0,0.9353,0.0,3.571e-05,1.0,0.0,0.0,1.0,1.0,-0.0789,False,False,0.0,0.0,35.62,44.86,False,0.0,bearish,0.0,0.0,0.098261,0.081109,trade,no,False,False,40.0,46.13,,0.755851,0.05,50.0,1000.0,0.0,0.0,0.5125,-0.0319,-0.0483,0.0648,False,,False,True,7.47,2026-04-26 03:13:49+00:00,,,,,,,,,,,,,,,,,,,,,,,,,,,,,,,,,,,,,,,,,,,,,,,,,,,,,,,,,,,,,,,,,,,,,,,,,,,,,,,,,,,,,,,,,,,,,,,,,,,,,,,,,,0.5707686024049886,17,2026-W17,0.87,False,0.9999983896951112,1.602411882003711e-06,7.893006858381933e-09,0.4392357786299024,0.13384867443635162,0.3732032854209433,1,6,
2026-04-26 12:06:21+00:00,2026-04-26 12:00,KXETHD-26APR2609-T2339.99,2026-04-26T13:00:00Z,2335.5,2339.99,0.1923,0.165,real,0.063473,2.8888,8.626e-05,1.961e-05,0.0002694,0.0728,0.13,0.00011953,1.0,-1.0,0.0,2.0,0.0,0.026,2.0,0.0,0.8083,0.0,3.54e-06,0.0,1.0,-1.0,-2.0,-2.0,0.5306,False,False,0.0,-1.0,99.6,98.67,True,1.0,bullish,0.0,0.0,0.101527,0.082366,trade,no,False,False,41.0,53.6,,0.615315,0.05,50.0,1000.0,4.0,-9.0,0.47,-0.0013,0.0,0.0,False,,False,True,9.88,2026-04-26 12:06:21+00:00,,,,,,,,,,,,,,,,,,,,,,,,,,,,,,,,,,,,,,,,,,,,,,,,,,,,,,,,,,,,,,,,,,,,,,,,,,,,,,,,,,,,,,,,,,,,,,,,,,,,,,,,,,0.5120867122090685,17,2026-W17,0.835,False,0.9999997546081562,2.449317697601018e-07,4.600696053778479e-10,0.4222566479594606,1.6140822984552559,0.7239202657807319,1,6,
2026-04-26 13:10:59+00:00,2026-04-26 13:00,KXETHD-26APR2610-T2339.99,2026-04-26T14:00:00Z,2332.29,2339.99,0.3303,0.09,real,0.157332,1.4494,0.00058559,0.00041081,0.00035149,1.1688,0.04,0.00038708,1.0,-1.0,0.0,0.0,0.0,-0.068,2.0,0.0,0.5527,0.0,9.36e-06,0.0,0.0,0.0,-1.0,-1.0,0.3119,False,False,0.0,0.0,57.07,34.23,False,0.0,bullish,0.0,0.0,0.067332,0.046599,trade,yes,False,False,40.0,48.96,,0.073991,0.036996,37.0,1000.0,3.0,-2.0,0.5517,0.0459,0.048,0.048,False,,False,False,-37.0,2026-04-26 13:10:59+00:00,,,,,,,,,,,,,,,,,,,,,,,,,,,,,,,,,,,,,,,,,,,,,,,,,,,,,,,,,,,,,,,,,,,,,,,,,,,,,,,,,,,,,,,,,,,,,,,,,,,,,,,,,,0.4442085533618054,17,2026-W17,0.09,False,0.9999998363557544,1.6358554326958174e-07,5.870573706478875e-11,0.44945390282183867,1.5506284789708928,0.9624584717607936,1,6,
2026-04-26 17:05:11+00:00,2026-04-26 17:00,KXETHD-26APR2614-T2339.99,2026-04-26T18:00:00Z,2342.88,2339.99,-0.1234,0.46,real,0.626794,-0.5293,0.00036064,0.00041475,,,0.16,0.00041475,1.0,-1.0,0.0,1.0,-1.0,-0.1469,2.0,0.0,0.457,0.0,3.623e-05,-1.0,0.0,0.0,0.0,0.0,0.0968,False,False,1.0,0.0,39.32,58.83,False,0.0,bullish,0.0,0.0,0.166794,0.134406,trade,yes,False,False,40.0,54.77,,0.308878,0.029834,29.83,1000.0,1.0,0.0,0.5963,-0.2917,-0.2131,-0.1557,False,,True,True,35.02,2026-04-26 17:05:11+00:00,,,,,,,,,,,,,,,,,,,,,,,,,,,,,,,,,,,,,,,,,,,,,,,,,,,,,,,,,,,,,,,,,,,,,,,,,,,,,,,,,,,,,,,,,,,,,,,,,,,,,,,,,,0.4413406307712452,17,2026-W17,0.46,False,0.9999999982580903,1.7419155456461778e-09,4.592622042874331e-24,0.4407994817627164,2.208510205231063,0.9625399725902269,1,6,
2026-04-26 18:12:57+00:00,2026-04-26 18:00,KXETHD-26APR2615-T2359.99,2026-04-26T19:00:00Z,2362.11,2359.99,-0.0897,0.305,real,0.694175,-0.1016,0.00074145,0.00111031,,,0.01,0.00111031,1.0,-1.0,0.0,2.0,0.0,-0.0574,2.0,0.0,0.7992,0.0,4.182e-05,0.0,1.0,-1.0,-2.0,-2.0,0.9917,False,False,-1.0,-1.0,94.86,82.95,False,1.0,bullish,0.0,0.0,0.389175,0.359337,trade,yes,False,False,42.0,47.0,,0.559964,0.05,50.0,1000.0,3.0,-14.0,0.47,0.8528,0.6592,0.4745,False,,True,True,113.93,2026-04-26 18:12:57+00:00,,,,,,,,,,,,,,,,,,,,,,,,,,,,,,,,,,,,,,,,,,,,,,,,,,,,,,,,,,,,,,,,,,,,,,,,,,,,,,,,,,,,,,,,,,,,,,,,,,,,,,,,,,0.4649480913419891,17,2026-W17,0.305,False,0.9999999997269811,2.7301649408748485e-10,1.0762069805739445e-25,0.4444372813208961,2.8500139585370414,0.8955763854629187,1,6,
2026-04-26 21:01:38+00:00,2026-04-26 21:00,KXETHD-26APR2618-T2359.99,2026-04-26T22:00:00Z,2365.63,2359.99,-0.2384,0.65,real,0.801282,-0.6757,0.00047603,0.00037698,0.00081104,0.4648,0.14,0.00055061,1.0,-1.0,0.0,1.0,-1.0,-0.1166,2.0,1.0,0.9876,0.0,2.096e-05,0.0,0.0,0.0,-1.0,-1.0,0.3492,False,False,1.0,0.0,60.0,69.05,True,0.0,bullish,0.0,0.0,0.151282,0.120357,trade,yes,False,False,42.0,58.31,,0.432234,0.04461,44.61,1000.0,3.0,-2.0,0.5517,-0.2486,-0.1609,-0.0491,False,,True,True,24.02,2026-04-26 21:01:38+00:00,,,,,,,,,,,,,,,,,,,,,,,,,,,,,,,,,,,,,,,,,,,,,,,,,,,,,,,,,,,,,,,,,,,,,,,,,,,,,,,,,,,,,,,,,,,,,,,,,,,,,,,,,,0.4739871721827692,17,2026-W17,0.65,False,0.9999999991411528,8.588417957514721e-10,1.8684888173003902e-21,0.4720401925906034,3.0612966805277857,0.8377468910021934,1,6,
2026-04-27 00:14:36+00:00,2026-04-27 00:00,KXETHD-26APR2621-T2359.99,2026-04-27T01:00:00Z,2368.04,2359.99,-0.34,0.61,real,0.746479,-0.4728,0.00072648,0.00073054,0.00181065,0.4035,0.18,0.00116257,1.0,-1.0,0.0,0.0,0.0,0.0286,2.0,0.0,0.4706,0.0,-2.75e-05,0.0,0.0,0.0,0.0,0.0,,False,False,0.0,0.0,58.99,67.44,False,1.0,bullish,0.0,0.0,0.136479,0.104826,trade,yes,False,False,42.0,45.35,,0.349946,0.014792,14.79,1000.0,3.0,0.0,0.6517,-0.2179,-0.2381,-0.2158,False,,True,True,9.46,2026-04-27 00:14:36+00:00,,,,,,,,,,,,,,,,,,,,,,,,,,,,,,,,,,,,,,,,,,,,,,,,,,,,,,,,,,,,,,,,,,,,,,,,,,,,,,,,,,,,,,,,,,,,,,,,,,,,,,,,,,0.4511485208833105,18,2026-W18,0.61,False,0.999999999961176,3.88285964639106e-11,5.360048297450557e-23,0.4212270680133021,3.1944172652025316,0.9675297986025498,1,0,
2026-04-27 07:19:09+00:00,2026-04-27 07:00,KXETHD-26APR2704-T2319.99,2026-04-27T08:00:00Z,2316.19,2319.99,0.1639,0.305,real,0.207392,0.6048,0.00069342,0.0003715,0.00050269,0.739,0.15,0.00042398,1.0,1.0,2.0,1.0,-1.0,-0.266,2.0,0.0,0.7174,0.0,3.096e-05,0.0,-1.0,1.0,2.0,2.0,-2.2648,False,False,1.0,1.0,7.09,8.44,False,-1.0,bearish,0.0,0.0,0.097608,0.071102,trade,no,False,False,40.0,40.79,,0.320028,0.05,50.0,1000.0,-3.0,11.0,0.548,-0.2882,-0.0862,0.0,False,,False,True,21.94,2026-04-27 07:19:09+00:00,,,,,,,,,,,,,,,,,,,,,,,,,,,,,,,,,,,,,,,,,,,,,,,,,,,,,,,,,,,,,,,,,,,,,,,,,,,,,,,,,,,,,,,,,,,,,,,,,,,,,,,,,,0.5702935721361441,18,2026-W18,0.6950000000000001,False,1.3948256343643016e-07,0.0037892555591456946,0.9962106049582915,1.155108114798528,-7.4508620411731386,0.07934604904632371,6,3,
2026-04-27 08:00:32+00:00,2026-04-27 08:00,KXETHD-26APR2705-T2319.99,2026-04-27T09:00:00Z,2317.1,2319.99,0.1249,0.38,real,0.173086,0.3284,0.00037663,0.0004683,0.00053004,0.8835,0.1,0.000493,1.0,1.0,2.0,1.0,-1.0,-0.165,2.0,0.0,0.7179,0.0,2.554e-05,0.0,-1.0,1.0,2.0,2.0,-2.3846,False,False,1.0,1.0,3.81,6.39,True,-1.0,bearish,0.0,0.0,0.206914,0.181895,trade,no,False,False,40.0,59.42,,0.544512,0.05,50.0,1000.0,-2.0,11.0,0.551,-0.1333,-0.1884,-0.1884,False,,False,True,30.65,2026-04-27 08:00:32+00:00,,,,,,,,,,,,,,,,,,,,,,,,,,,,,,,,,,,,,,,,,,,,,,,,,,,,,,,,,,,,,,,,,,,,,,,,,,,,,,,,,,,,,,,,,,,,,,,,,,,,,,,,,,0.566462029890593,18,2026-W18,0.62,False,7.2981819756459e-08,0.003823733560688553,0.9961761934574941,0.9843850844270673,-8.507345096794655,0.07710305221737727,6,3,
2026-04-27 12:03:35+00:00,2026-04-27 12:00,KXETHD-26APR2709-T2319.99,2026-04-27T13:00:00Z,2316.98,2319.99,0.1297,0.365,real,0.089156,0.4843,0.00033652,0.00037392,0.00050041,0.7472,0.01,0.00042452,0.0,-1.0,0.0,1.0,-1.0,-0.2202,2.0,0.0,0.598,0.0,-1.831e-05,0.0,0.0,0.0,1.0,1.0,-2.1667,False,False,1.0,0.0,46.0,67.07,True,-1.0,bearish,0.0,0.0,0.275844,0.25516,trade,no,False,False,40.0,56.37,,0.755738,0.05,50.0,1000.0,-3.0,6.0,0.536,-0.2295,-0.091,-0.091,False,,False,True,28.74,2026-04-27 12:03:35+00:00,,,,,,,,,,,,,,,,,,,,,,,,,,,,,,,,,,,,,,,,,,,,,,,,,,,,,,,,,,,,,,,,,,,,,,,,,,,,,,,,,,,,,,,,,,,,,,,,,,,,,,,,,,0.549009118202268,18,2026-W18,0.635,False,8.281130704515886e-08,0.003726217056662339,0.9962737001320247,0.5476590697474716,-7.268132333202522,0.04551738806764002,6,3,
2026-04-27 13:01:01+00:00,2026-04-27 13:00,KXETHD-26APR2710-T2319.99,2026-04-27T14:00:00Z,2314.54,2319.99,0.2356,0.335,real,0.068174,0.8948,0.00037428,0.00020024,0.00071947,0.2783,0.03,0.00040793,-1.0,0.0,1.0,0.0,0.0,-0.0575,2.0,0.0,0.5455,0.0,-1.625e-05,0.0,0.0,0.0,1.0,1.0,-2.2415,False,False,1.0,1.0,12.07,4.02,False,-1.0,bearish,0.0,0.0,0.266826,0.247379,trade,no,False,False,40.0,58.92,,0.796494,0.05,50.0,1000.0,-3.0,7.0,0.542,-0.0522,0.0532,0.0532,False,,False,True,25.19,2026-04-27 13:01:01+00:00,,,,,,,,,,,,,,,,,,,,,,,,,,,,,,,,,,,,,,,,,,,,,,,,,,,,,,,,,,,,,,,,,,,,,,,,,,,,,,,,,,,,,,,,,,,,,,,,,,,,,,,,,,0.5718575958887434,18,2026-W18,0.665,False,2.275583691826114e-08,0.0036275115218024545,0.9963724657223597,0.4954642992297321,-6.760674997851406,0.09221208780194266,6,3,
2026-04-27 14:00:40+00:00,2026-04-27 14:00,KXETHD-26APR2711-T2319.99,2026-04-27T15:00:00Z,2313.36,2319.99,0.2864,0.34,real,0.117159,0.4611,0.00070312,0.00099806,0.00090071,1.1081,0.04,0.00095912,-1.0,-1.0,0.0,0.0,0.0,-0.0674,2.0,0.0,0.2838,0.0,3.38e-06,-1.0,0.0,0.0,1.0,1.0,-2.2098,False,False,0.0,0.0,46.25,42.95,False,-1.0,bearish,0.0,0.0,0.222841,0.200601,trade,no,False,False,40.0,59.27,,0.655415,0.027929,27.93,1000.0,-3.0,6.0,0.536,-0.0899,0.2154,0.1633,False,,False,True,14.39,2026-04-27 14:00:40+00:00,,,,,,,,,,,,,,,,,,,,,,,,,,,,,,,,,,,,,,,,,,,,,,,,,,,,,,,,,,,,,,,,,,,,,,,,,,,,,,,,,,,,,,,,,,,,,,,,,,,,,,,,,,0.5519766098478006,18,2026-W18,0.6599999999999999,False,5.742912652750619e-09,0.0034605356922098977,0.9965394585648849,0.4371562211337779,-5.891003385905143,0.1212789415656,6,3,
2026-04-27 15:00:14+00:00,2026-04-27 15:00,KXETHD-26APR2712-T2319.99,2026-04-27T16:00:00Z,2315.09,2319.99,0.2115,0.34,real,0.223449,0.2857,0.00097385,0.00129178,0.00066293,1.9486,0.04,0.00104024,-1.0,0.0,1.0,0.0,0.0,-0.0835,2.0,0.0,0.3638,0.0,1.104e-05,0.0,-1.0,1.0,2.0,2.0,-1.6391,False,False,0.0,0.0,49.45,63.02,True,-1.0,bearish,0.0,0.0,0.116551,0.089405,trade,no,False,False,40.0,59.73,,0.342797,0.05,50.0,1000.0,-3.0,4.0,0.5546,0.1366,-0.4936,-0.1302,True,,False,True,25.76,2026-04-27 15:00:14+00:00,,,,,,,,,,,,,,,,,,,,,,,,,,,,,,,,,,,,,,,,,,,,,,,,,,,,,,,,,,,,,,,,,,,,,,,,,,,,,,,,,,,,,,,,,,,,,,,,,,,,,,,,,,0.561963113582147,18,2026-W18,0.6599999999999999,False,9.220080883638589e-22,0.9997116495121989,0.00028835048778690705,0.5186514346403408,-7.715639089947049,0.06719736087205885,6,3,
2026-04-27 15:07:41+00:00,2026-04-27 15:00,KXETHD-26APR2712-T2299.99,2026-04-27T16:00:00Z,2297.53,2299.99,0.1072,0.41,real,0.32521,0.103,0.00130114,0.00178719,0.00065153,2.7431,0.02,0.00133293,-1.0,1.0,2.0,0.0,0.0,-0.0878,2.0,-1.0,0.8208,0.0,1.149e-05,0.0,-1.0,1.0,2.0,2.0,-2.3316,False,False,1.0,1.0,6.58,48.73,True,-1.0,bearish,0.0,0.0,0.08479,0.054429,trade,no,False,False,39.0,52.26,,0.206806,0.05,50.0,1000.0,-4.0,11.0,0.548,-1.2145,-0.7385,-0.5275,False,,False,True,34.75,2026-04-27 15:07:41+00:00,,,,,,,,,,,,,,,,,,,,,,,,,,,,,,,,,,,,,,,,,,,,,,,,,,,,,,,,,,,,,,,,,,,,,,,,,,,,,,,,,,,,,,,,,,,,,,,,,,,,,,,,,,0.561963113582147,18,2026-W18,0.5900000000000001,False,9.220080883638589e-22,0.9997116495121989,0.00028835048778690705,0.5186514346403408,-7.715639089947049,0.06719736087205885,6,3,
2026-04-27 16:04:16+00:00,2026-04-27 16:00,KXETHD-26APR2713-T2279.99,2026-04-27T17:00:00Z,2273.23,2279.99,0.2974,0.365,real,0.319544,0.4825,0.00104113,0.00050401,0.00115294,0.4372,0.03,0.00076358,-1.0,1.0,2.0,1.0,-1.0,-0.1803,2.0,0.0,0.0,0.0,1.275e-05,0.0,-1.0,1.0,2.0,2.0,-1.9102,False,False,1.0,1.0,12.29,18.84,False,-1.0,bearish,0.0,0.0,0.045456,0.015236,trade,no,False,False,38.0,55.69,,0.124537,0.05,50.0,1000.0,-6.0,11.0,0.548,-0.4329,-0.1731,-0.0655,False,,False,True,28.74,2026-04-27 16:04:16+00:00,,,,,,,,,,,,,,,,,,,,,,,,,,,,,,,,,,,,,,,,,,,,,,,,,,,,,,,,,,,,,,,,,,,,,,,,,,,,,,,,,,,,,,,,,,,,,,,,,,,,,,,,,,0.5605899583684362,18,2026-W18,0.635,False,9.002867473252844e-23,0.9999992991526665,7.008473335806312e-07,1.2798995340684647,-8.220067745876388,0.08935742971887572,6,3,
2026-04-27 18:01:32+00:00,2026-04-27 18:00,KXETHD-26APR2715-T2299.99,2026-04-27T19:00:00Z,2289.08,2299.99,0.4767,0.15,real,0.026334,1.8127,0.00044419,0.00028082,0.00060031,0.4678,0.04,0.00040861,0.0,0.0,1.0,0.0,1.0,0.1183,2.0,0.0,0.6057,0.0,-2.343e-05,0.0,0.0,0.0,1.0,1.0,-0.5762,False,False,0.0,0.0,37.45,39.46,False,0.0,bearish,0.0,0.0,0.12,0.102963,trade,no,False,False,38.0,58.41,,0.8,0.05,50.0,1000.0,-3.0,1.0,0.3631,-0.1684,-0.1008,0.0,False,,False,True,8.82,2026-04-27 18:01:32+00:00,,,,,,,,,,,,,,,,,,,,,,,,,,,,,,,,,,,,,,,,,,,,,,,,,,,,,,,,,,,,,,,,,,,,,,,,,,,,,,,,,,,,,,,,,,,,,,,,,,,,,,,,,,0.5335265966282754,18,2026-W18,0.85,False,5.413224607302779e-24,0.9999997347648343,2.652351773701222e-07,0.9750100625958028,-6.229238674061419,0.17742398164085074,6,3,
2026-04-27 19:00:09+00:00,2026-04-27 19:00,KXETHD-26APR2717-T2299.99,2026-04-27T21:00:00Z,2288.58,2299.99,0.4985,0.22,real,0.017302,1.3716,0.00038351,0.00033417,0.00058835,0.568,0.04,0.00043584,0.0,-1.0,0.0,1.0,0.0,0.0767,2.0,0.0,0.5928,0.0,-3.921e-05,0.0,0.0,0.0,0.0,0.0,-0.0175,False,False,0.0,-1.0,84.72,85.66,True,0.0,bearish,0.0,0.0,0.19,0.172963,trade,no,False,False,61.0,119.8,,0.863636,0.05,50.0,1000.0,-3.0,-1.0,0.3789,0.1492,-0.0205,-0.076,False,,False,True,14.1,2026-04-27 19:00:09+00:00,,,,,,,,,,,,,,,,,,,,,,,,,,,,,,,,,,,,,,,,,,,,,,,,,,,,,,,,,,,,,,,,,,,,,,,,,,,,,,,,,,,,,,,,,,,,,,,,,,,,,,,,,,0.5134642428878022,18,2026-W18,0.78,False,2.782867087785392e-26,0.9999999548361426,4.516384874746813e-08,0.8468259944381458,-5.190391572966531,0.17147160068846704,6,3,
2026-04-27 19:01:12+00:00,2026-04-27 19:00,KXETHD-26APR2716-T2299.99,2026-04-27T20:00:00Z,2289.27,2299.99,0.4682,0.135,real,0.018388,1.905,0.00038583,0.00033323,0.00055251,0.6031,0.01,0.00042094,0.0,1.0,2.0,1.0,1.0,0.154,2.0,0.0,0.5928,0.0,-4.013e-05,0.0,-1.0,1.0,2.0,0.0,0.0148,False,True,0.0,-1.0,88.34,86.87,False,0.0,bearish,0.0,0.0,0.105,0.087963,trade,no,False,False,61.0,58.73,,0.777778,0.05,50.0,1000.0,-3.0,-1.0,0.3789,0.1816,-0.0061,-0.0437,False,,False,True,7.8,2026-04-27 19:01:12+00:00,,,,,,,,,,,,,,,,,,,,,,,,,,,,,,,,,,,,,,,,,,,,,,,,,,,,,,,,,,,,,,,,,,,,,,,,,,,,,,,,,,,,,,,,,,,,,,,,,,,,,,,,,,0.5134642428878022,18,2026-W18,0.865,False,2.782867087785392e-26,0.9999999548361426,4.516384874746813e-08,0.8468259944381458,-5.190391572966531,0.17147160068846704,6,3,
2026-04-27 19:31:02+00:00,2026-04-27 19:00,KXETHD-26APR2716-T2279.99,2026-04-27T20:00:00Z,2276.84,2279.99,0.1382,0.32,real,0.227056,0.4506,0.00048571,0.00058406,0.00054936,1.0632,0.04,0.00057018,0.0,0.0,1.0,0.0,0.0,-0.0014,2.0,0.0,0.4872,0.0,-4.265e-05,0.0,0.0,0.0,1.0,1.0,-0.4906,False,False,1.0,1.0,12.1,49.38,True,-1.0,bearish,0.0,0.0,0.092944,0.065659,trade,no,False,False,60.0,28.91,,0.290451,0.05,50.0,1000.0,-4.0,3.0,0.3571,-0.5433,-0.4876,-0.33,False,,True,False,-50.0,2026-04-27 19:31:02+00:00,,,,,,,,,,,,,,,,,,,,,,,,,,,,,,,,,,,,,,,,,,,,,,,,,,,,,,,,,,,,,,,,,,,,,,,,,,,,,,,,,,,,,,,,,,,,,,,,,,,,,,,,,,0.5134642428878022,18,2026-W18,0.6799999999999999,False,2.782867087785392e-26,0.9999999548361426,4.516384874746813e-08,0.8468259944381458,-5.190391572966531,0.17147160068846704,6,3,
2026-04-27 21:00:45+00:00,2026-04-27 21:00,KXETHD-26APR2718-T2299.99,2026-04-27T22:00:00Z,2290.68,2299.99,0.4065,0.14,real,0.012088,1.6146,0.00029293,0.00029443,0.00048801,0.6033,0.04,0.00038871,0.0,-1.0,0.0,0.0,0.0,0.0201,2.0,0.0,0.4596,0.0,-3.933e-05,1.0,0.0,0.0,0.0,0.0,0.2457,False,False,0.0,0.0,73.52,83.55,True,0.0,bearish,0.0,0.0,0.11,0.092963,trade,no,False,False,38.0,59.21,,0.785714,0.05,25.0,500.0,-3.0,0.0,0.3156,-0.1073,-0.0925,-0.0746,False,,False,True,4.07,2026-04-27 21:00:45+00:00,,,,,,,,,,,,,,,,,,,,,,,,,,,,,,,,,,,,,,,,,,,,,,,,,,,,,,,,,,,,,,,,,,,,,,,,,,,,,,,,,,,,,,,,,,,,,,,,,,,,,,,,,,0.5195143745245554,18,2026-W18,0.86,False,8.143902696234055e-25,0.9999998524264806,1.475735169290555e-07,0.6755236118465999,-3.0215326362409414,0.17744671435946544,6,3,
2026-04-27 22:43:51+00:00,2026-04-27 22:00,KXETHD-26APR2719-T2299.99,2026-04-27T23:00:00Z,2292.35,2299.99,0.3332,0.16,real,0.012088,1.9962,0.00028416,0.00025668,0.00083383,0.3078,0.01,0.0004945,0.0,-1.0,0.0,1.0,0.0,0.0606,2.0,0.0,0.4265,0.0,-3.447e-05,0.0,0.0,0.0,0.0,0.0,0.342,False,False,0.0,-1.0,84.99,74.48,False,0.0,bearish,0.0,0.0,0.13,0.112963,trade,no,False,False,38.0,16.1,,0.8125,0.05,25.0,500.0,-1.0,-2.0,0.3182,0.1521,0.0035,0.0323,False,,False,True,4.76,2026-04-27 22:43:51+00:00,,,,,,,,,,,,,,,,,,,,,,,,,,,,,,,,,,,,,,,,,,,,,,,,,,,,,,,,,,,,,,,,,,,,,,,,,,,,,,,,,,,,,,,,,,,,,,,,,,,,,,,,,,0.5232641349632788,18,2026-W18,0.84,False,3.1975999844748687e-23,0.9999994679676257,5.320323777078697e-07,0.6219039801487153,-1.9624852895144418,0.2056936352238354,6,3,
2026-04-27 23:18:56+00:00,2026-04-27 23:00,KXETHD-26APR2720-T2299.99,2026-04-28T00:00:00Z,2293.71,2299.99,0.274,0.19,real,0.01,1.7307,0.00023856,0.00020999,0.00048662,0.4315,0.01,0.00032478,0.0,0.0,1.0,0.0,1.0,0.1768,2.0,0.0,0.3958,0.0,-3.489e-05,0.0,0.0,0.0,0.0,0.0,0.3561,False,False,0.0,0.0,69.98,78.42,True,0.0,bearish,0.0,0.0,0.16,0.142963,trade,no,False,False,38.0,41.01,,0.842105,0.05,25.0,500.0,-1.0,-1.0,0.4875,0.0022,-0.0558,0.0,False,,True,False,-25.0,2026-04-27 23:18:56+00:00,,,,,,,,,,,,,,,,,,,,,,,,,,,,,,,,,,,,,,,,,,,,,,,,,,,,,,,,,,,,,,,,,,,,,,,,,,,,,,,,,,,,,,,,,,,,,,,,,,,,,,,,,,0.5051217932204396,18,2026-W18,0.81,False,5.269915494574569e-22,0.9999989050971604,1.094902838233313e-06,0.5869939024577685,-0.31315635336576797,0.30339306138009864,6,3,
2026-04-28 02:16:30+00:00,2026-04-28 02:00,KXETHD-26APR2723-T2299.99,2026-04-28T03:00:00Z,2297.23,2299.99,0.12,0.29,real,0.24986,0.7789,0.0003917,0.00024499,0.00032883,0.745,0.07,0.0003074,0.0,0.0,1.0,0.0,0.0,0.0517,2.0,0.0,0.6013,0.0,-1.015e-05,0.0,-1.0,1.0,2.0,2.0,-0.3186,False,False,1.0,0.0,30.46,37.22,False,0.0,bearish,0.0,0.0,0.04014,0.01202,trade,no,False,False,39.0,43.46,,0.138415,0.05,25.0,500.0,0.0,0.0,0.5125,-0.0579,-0.0413,-0.0796,False,,False,True,10.21,2026-04-28 02:16:30+00:00,,,,,,,,,,,,,,,,,,,,,,,,,,,,,,,,,,,,,,,,,,,,,,,,,,,,,,,,,,,,,,,,,,,,,,,,,,,,,,,,,,,,,,,,,,,,,,,,,,,,,,,,,,0.5463709028673458,18,2026-W18,0.71,False,4.208849108174719e-35,0.9999999999712372,2.875648636515015e-11,0.5927598259918351,1.0590634680035649,0.3623323978796427,6,3,
2026-04-28 05:17:00+00:00,2026-04-28 05:00,KXETHD-26APR2802-T2299.99,2026-04-28T06:00:00Z,2289.32,2299.99,0.4662,0.18,real,0.079716,1.4581,0.00064843,0.00043796,0.00077535,0.5649,0.01,0.00057945,-1.0,-1.0,0.0,0.0,0.0,0.027,2.0,0.0,0.3672,0.0,-1e-07,0.0,0.0,0.0,0.0,0.0,-0.2241,False,False,0.0,0.0,43.94,46.97,False,0.0,bearish,0.0,0.0,0.100284,0.080149,trade,no,False,False,38.0,42.95,,0.557136,0.05,25.0,500.0,-2.0,0.0,0.4192,-0.0083,-0.1487,-0.1487,False,,False,True,5.49,2026-04-28 05:17:00+00:00,,,,,,,,,,,,,,,,,,,,,,,,,,,,,,,,,,,,,,,,,,,,,,,,,,,,,,,,,,,,,,,,,,,,,,,,,,,,,,,,,,,,,,,,,,,,,,,,,,,,,,,,,,0.529970204468715,18,2026-W18,0.8200000000000001,False,0.00012637630782314096,0.10196272150009429,0.8979109021920765,0.5688952319881426,0.9978041946435994,0.38135328967882887,6,3,
2026-04-28 15:51:19+00:00,2026-04-28 15:00,KXETHD-26APR2812-T2279.99,2026-04-28T16:00:00Z,2277.69,2279.99,0.1009,0.4,real,0.274069,0.4705,0.0004594,0.00031662,0.00135739,0.2333,0.02,0.00079447,0.0,-1.0,0.0,0.0,0.0,0.0133,2.0,0.0,0.36,0.0,3.856e-05,-1.0,0.0,0.0,0.0,0.0,0.0664,False,False,-1.0,0.0,74.05,65.72,False,0.0,bearish,0.0,0.0,0.125931,0.097004,trade,no,False,False,37.0,8.6,,0.314827,0.036774,18.39,500.0,-1.0,0.0,0.4591,0.1627,0.0914,0.1279,False,,False,True,12.26,2026-04-28 15:51:19+00:00,,,,,,,,,,,,,,,,,,,,,,,,,,,,,,,,,,,,,,,,,,,,,,,,,,,,,,,,,,,,,,,,,,,,,,,,,,,,,,,,,,,,,,,,,,,,,,,,,,,,,,,,,,0.504944129656457,18,2026-W18,0.6,False,0.5476702761546263,0.0007243841172784484,0.4516053397281024,0.5521563498184211,0.5137258671958982,0.37900594895413453,1,0,
2026-04-28 15:51:20+00:00,2026-04-28 15:00,KXETHD-26APR2812-T2279.99,2026-04-28T16:00:00Z,2277.69,2279.99,0.1009,0.4,real,0.274069,0.4705,0.0004594,0.00031662,0.00135741,0.2333,0.02,0.00079448,0.0,-1.0,0.0,0.0,0.0,0.0333,2.0,0.0,0.36,0.0,3.856e-05,-1.0,0.0,0.0,0.0,0.0,0.0664,False,False,-1.0,0.0,74.05,65.72,False,0.0,bearish,0.0,0.0,0.125931,0.097004,trade,no,False,False,37.0,8.6,,0.314827,0.036774,18.39,500.0,-1.0,0.0,0.4591,0.1627,0.0914,0.1279,False,,False,True,12.26,2026-04-28 15:51:20+00:00,,,,,,,,,,,,,,,,,,,,,,,,,,,,,,,,,,,,,,,,,,,,,,,,,,,,,,,,,,,,,,,,,,,,,,,,,,,,,,,,,,,,,,,,,,,,,,,,,,,,,,,,,,0.504944129656457,18,2026-W18,0.6,False,0.5476702761546263,0.0007243841172784484,0.4516053397281024,0.5521563498184211,0.5137258671958982,0.37900594895413453,1,0,
2026-04-28 21:00:27+00:00,2026-04-28 21:00,KXETHD-26APR2818-T2299.99,2026-04-28T22:00:00Z,2295.44,2299.99,0.1982,0.3,real,0.027238,0.9977,0.00022346,0.00022864,0.00048937,0.4672,0.01,0.00033843,-1.0,-1.0,0.0,0.0,0.0,0.0951,2.0,-1.0,0.8757,0.0,-7.9e-06,0.0,0.0,0.0,-1.0,-1.0,0.5376,False,False,0.0,0.0,44.53,61.47,False,0.0,bearish,0.0,0.0,0.27,0.252963,trade,no,False,False,38.0,59.51,,0.9,0.05,25.0,500.0,0.0,-3.0,0.4167,-0.1227,-0.1131,-0.064,False,,False,True,10.71,2026-04-28 21:00:27+00:00,,,,,,,,,,,,,,,,,,,,,,,,,,,,,,,,,,,,,,,,,,,,,,,,,,,,,,,,,,,,,,,,,,,,,,,,,,,,,,,,,,,,,,,,,,,,,,,,,,,,,,,,,,0.5063983711213479,18,2026-W18,0.7,False,0.998822299917609,1.9247675249974593e-06,0.0011757753148547545,0.5489781505986061,3.267696729046002,0.6617710583153295,1,0,
2026-04-29 01:30:24+00:00,2026-04-29 01:00,KXETHD-26APR2822-T2279.99,2026-04-29T02:00:00Z,2280.47,2279.99,-0.0209,0.55,real,0.598361,-0.0534,0.00042481,0.00040637,0.00030587,1.3286,0.08,0.00085709,-1.0,1.0,2.0,0.0,0.0,-0.0301,2.0,0.0,0.7947,0.0,3.972e-05,0.0,-1.0,1.0,2.0,2.0,-0.2739,False,False,1.0,1.0,0.0,9.1,False,0.0,bearish,0.0,0.0,0.048361,0.016036,trade,yes,False,False,38.0,29.53,,0.107468,0.023106,11.55,500.0,-2.0,6.0,0.539,-0.4869,-0.0596,-0.0688,False,,True,True,9.45,2026-04-29 01:30:24+00:00,,,,,,,,,,,,,,,,,,,,,,,,,,,,,,,,,,,,,,,,,,,,,,,,,,,,,,,,,,,,,,,,,,,,,,,,,,,,,,,,,,,,,,,,,,,,,,,,,,,,,,,,,,0.4998990069250631,18,2026-W18,0.55,False,0.999723274968201,9.336007801912135e-07,0.00027579143102197376,0.47267635461268054,2.1270497259874945,0.7347732181425454,1,6,
2026-04-29 02:11:58+00:00,2026-04-29 02:00,KXETHD-26APR2823-T2299.99,2026-04-29T03:00:00Z,2292.73,2299.99,0.3166,0.2,real,0.05142,1.2603,0.00049542,0.0004248,0.00054218,0.7835,0.01,0.00047642,-1.0,-1.0,0.0,1.0,0.0,0.0216,2.0,0.0,0.6272,0.0,4.697e-05,0.0,0.0,0.0,-1.0,-1.0,0.2679,False,False,-1.0,-1.0,83.29,67.34,False,1.0,bearish,0.0,0.0,0.14858,0.130165,trade,no,False,False,38.0,47.99,,0.742899,0.025981,12.99,500.0,0.0,-2.0,0.4797,0.3422,-0.0148,-0.0148,False,,False,True,3.25,2026-04-29 02:11:58+00:00,,,,,,,,,,,,,,,,,,,,,,,,,,,,,,,,,,,,,,,,,,,,,,,,,,,,,,,,,,,,,,,,,,,,,,,,,,,,,,,,,,,,,,,,,,,,,,,,,,,,,,,,,,0.5306272378144138,18,2026-W18,0.8,False,0.9998974050491017,1.0163690313240495e-06,0.0001015785818808057,0.43918692382730284,1.6990895043705097,0.6408207343412518,1,6,
2026-04-29 03:21:17+00:00,2026-04-29 03:00,KXETHD-26APR2900-T2299.99,2026-04-29T04:00:00Z,2300.67,2299.99,-0.0297,0.5,real,0.582609,-0.0671,0.00065281,0.00077482,,,0.01,0.00077482,-1.0,-1.0,0.0,3.0,0.0,-0.0533,2.0,0.0,0.7662,-1.0,6.178e-05,0.0,1.0,-1.0,-2.0,-2.0,0.5957,False,False,-1.0,-1.0,100.0,73.92,False,1.0,bearish,0.0,0.0,0.067609,0.035109,trade,yes,False,False,39.0,38.67,,0.135217,0.05,25.0,500.0,0.0,-12.0,0.461,0.5506,0.4049,0.362,False,,True,True,25.0,2026-04-29 03:21:17+00:00,,,,,,,,,,,,,,,,,,,,,,,,,,,,,,,,,,,,,,,,,,,,,,,,,,,,,,,,,,,,,,,,,,,,,,,,,,,,,,,,,,,,,,,,,,,,,,,,,,,,,,,,,,0.4737454249128537,18,2026-W18,0.5,False,0.9994589233203858,1.7261004844044696e-06,0.0005393505791214396,0.5375686061475425,2.8731526386347195,0.9116638078902217,1,0,
2026-04-29 14:01:34+00:00,2026-04-29 14:00,KXETHD-26APR2911-T2309.99,2026-04-29T15:00:00Z,2297.87,2309.99,0.5273,0.21,real,0.103408,1.0109,0.0008387,0.00076941,0.00085346,0.9015,0.01,0.00081048,1.0,-1.0,0.0,1.0,0.0,0.0992,2.0,0.0,0.1147,-1.0,5.728e-05,-1.0,0.0,0.0,1.0,1.0,-0.4777,False,False,1.0,0.0,23.1,17.96,True,0.0,neutral,0.0,0.0,0.121592,0.100951,trade,no,False,False,42.0,58.39,,0.57901,0.048652,24.33,500.0,1.0,3.0,0.6837,-0.1406,0.1005,-0.1406,False,,False,True,6.47,2026-04-29 14:01:34+00:00,,,,,,,,,,,,,,,,,,,,,,,,,,,,,,,,,,,,,,,,,,,,,,,,,,,,,,,,,,,,,,,,,,,,,,,,,,,,,,,,,,,,,,,,,,,,,,,,,,,,,,,,,,0.5272544362011752,18,2026-W18,0.79,False,0.34251498612684006,0.00015335506156000927,0.6573316588116012,0.7945638400587501,-1.2322584399570298,0.3378903215783756,0,0,
2026-04-29 15:12:50+00:00,2026-04-29 15:00,KXETHD-26APR2912-T2289.99,2026-04-29T16:00:00Z,2284.15,2289.99,0.2556,0.32,real,0.261109,0.4248,0.00089166,0.00078772,0.0007953,0.9905,0.02,0.00081085,1.0,1.0,2.0,2.0,-1.0,-0.1217,2.0,0.0,0.5636,-1.0,6.375e-05,0.0,-1.0,1.0,2.0,2.0,-1.2453,False,False,1.0,1.0,0.0,17.15,False,-1.0,bearish,0.0,0.0,0.073891,0.045903,trade,no,False,False,41.0,47.11,,0.230909,0.05,25.0,500.0,1.0,11.0,0.56,-0.7357,-0.6792,-0.3846,True,,False,True,11.76,2026-04-29 15:12:50+00:00,,,,,,,,,,,,,,,,,,,,,,,,,,,,,,,,,,,,,,,,,,,,,,,,,,,,,,,,,,,,,,,,,,,,,,,,,,,,,,,,,,,,,,,,,,,,,,,,,,,,,,,,,,0.5409387575431248,18,2026-W18,0.6799999999999999,False,0.0013046491392263472,0.00015834204151559945,0.998537008819265,0.7143835834862639,-4.038405969641308,0.11770463722011365,0,3,
2026-04-29 15:52:51+00:00,2026-04-29 15:00,KXETHD-26APR2912-T2269.99,2026-04-29T16:00:00Z,2267.07,2269.99,0.1289,0.39,real,0.216013,0.2895,0.00077855,0.00074448,0.0017336,0.4294,0.05,0.00134881,1.0,1.0,2.0,1.0,0.0,-0.0716,2.0,0.0,0.1559,-1.0,6.992e-05,0.0,-1.0,1.0,2.0,2.0,-1.7631,False,False,1.0,1.0,5.31,6.3,False,-1.0,bearish,0.0,0.0,0.188987,0.162745,trade,no,False,False,39.0,7.08,,0.484582,0.05,25.0,500.0,-2.0,13.0,0.551,-0.7916,-0.2514,-0.1162,False,,True,False,-25.0,2026-04-29 15:52:51+00:00,,,,,,,,,,,,,,,,,,,,,,,,,,,,,,,,,,,,,,,,,,,,,,,,,,,,,,,,,,,,,,,,,,,,,,,,,,,,,,,,,,,,,,,,,,,,,,,,,,,,,,,,,,0.5409387575431248,18,2026-W18,0.61,False,0.0013046491392263472,0.00015834204151559945,0.998537008819265,0.7143835834862639,-4.038405969641308,0.11770463722011365,0,3,
2026-04-29 19:10:27+00:00,2026-04-29 19:00,KXETHD-26APR2916-T2229.99,2026-04-29T20:00:00Z,2226.22,2229.99,0.1693,0.37,real,0.335487,0.2009,0.00142747,0.00114571,0.00072438,1.5816,0.04,0.00103167,1.0,1.0,3.0,1.0,1.0,0.1491,2.0,0.0,0.7246,-1.0,6.126e-05,-1.0,-1.0,1.0,2.0,2.0,-1.2461,False,False,1.0,1.0,14.17,16.27,False,-1.0,bearish,0.0,0.0,0.049513,0.019269,trade,no,False,False,60.0,49.51,,0.13382,0.05,25.0,500.0,-6.0,10.0,0.548,-0.0556,-0.4459,-0.0806,False,,True,False,-25.0,2026-04-29 19:10:27+00:00,,,,,,,,,,,,,,,,,,,,,,,,,,,,,,,,,,,,,,,,,,,,,,,,,,,,,,,,,,,,,,,,,,,,,,,,,,,,,,,,,,,,,,,,,,,,,,,,,,,,,,,,,,0.555521267037013,18,2026-W18,0.63,False,2.7445934402665826e-15,0.4551907615197187,0.5448092384802689,1.330787856826425,-9.961327456759427,0.09646925749373884,4,3,
2026-04-29 19:24:12+00:00,2026-04-29 19:00,KXETHD-26APR2917-T2249.99,2026-04-29T21:00:00Z,2233.16,2249.99,0.7536,0.14,real,0.053312,0.8152,0.00110461,0.0009273,0.00071023,1.3056,0.05,0.00087145,1.0,-1.0,0.0,2.0,-1.0,-0.1291,2.0,0.0,0.7272,-1.0,6.177e-05,-1.0,0.0,0.0,1.0,1.0,-1.0598,False,False,1.0,0.0,20.07,23.56,False,-1.0,bearish,0.0,0.0,0.101688,0.084108,trade,no,False,False,60.0,95.74,,0.72634,0.05,25.0,500.0,-6.0,8.0,0.548,0.0945,-0.135,0.0,False,,False,True,4.07,2026-04-29 19:24:12+00:00,,,,,,,,,,,,,,,,,,,,,,,,,,,,,,,,,,,,,,,,,,,,,,,,,,,,,,,,,,,,,,,,,,,,,,,,,,,,,,,,,,,,,,,,,,,,,,,,,,,,,,,,,,0.555521267037013,18,2026-W18,0.86,False,2.7445934402665826e-15,0.4551907615197187,0.5448092384802689,1.330787856826425,-9.961327456759427,0.09646925749373884,4,3,
2026-04-29 21:04:00+00:00,2026-04-29 21:00,KXETHD-26APR2918-T2249.99,2026-04-29T22:00:00Z,2241.51,2249.99,0.3781,0.2,real,0.112549,0.7891,0.00065912,0.00055059,0.00059957,0.9183,0.18,0.0006951,0.0,-1.0,0.0,1.0,-1.0,-0.1232,2.0,0.0,0.5141,0.0,4.169e-05,0.0,0.0,0.0,1.0,1.0,-0.6874,False,False,0.0,0.0,29.3,33.51,False,-1.0,bearish,0.0,0.0,0.087451,0.06546,trade,no,False,False,39.0,55.95,,0.437257,0.05,25.0,500.0,-5.0,3.0,0.3571,0.0509,-0.2924,-0.1226,False,,True,False,-25.0,2026-04-29 21:04:00+00:00,,,,,,,,,,,,,,,,,,,,,,,,,,,,,,,,,,,,,,,,,,,,,,,,,,,,,,,,,,,,,,,,,,,,,,,,,,,,,,,,,,,,,,,,,,,,,,,,,,,,,,,,,,0.5209822648379192,18,2026-W18,0.8,False,4.1823940868809896e-11,0.7812594344409474,0.21874056551723173,1.1206815552146363,-8.315938831799755,0.26856265654035905,4,3,
2026-04-30 01:08:13+00:00,2026-04-30 01:00,KXETHD-26APR2922-T2269.99,2026-04-30T02:00:00Z,2267.61,2269.99,0.1051,0.45,real,0.376779,0.1522,0.0007764,0.00081097,0.00116256,0.6976,0.04,0.00126293,0.0,-1.0,0.0,2.0,-1.0,-0.2396,2.0,-1.0,0.8986,0.0,1.504e-05,1.0,0.0,0.0,0.0,0.0,0.0763,False,False,-1.0,-1.0,72.01,83.94,True,0.0,bearish,0.0,0.0,0.073221,0.041784,trade,no,False,False,40.0,51.72,,0.162713,0.05,25.0,500.0,-1.0,-2.0,0.3182,0.1386,-0.1729,-0.3163,False,,False,True,20.45,2026-04-30 01:08:13+00:00,,,,,,,,,,,,,,,,,,,,,,,,,,,,,,,,,,,,,,,,,,,,,,,,,,,,,,,,,,,,,,,,,,,,,,,,,,,,,,,,,,,,,,,,,,,,,,,,,,,,,,,,,,0.5170959969876233,18,2026-W18,0.55,False,1.7181562422450166e-11,0.9673796813400684,0.03262031864274781,0.9519459831515069,-1.8146179055681806,0.37828229781045625,4,3,
2026-04-30 04:04:19+00:00,2026-04-30 04:00,KXETHD-26APR3001-T2259.99,2026-04-30T05:00:00Z,2250.95,2259.99,0.4016,0.27,real,0.051202,0.9877,0.00040575,0.00048014,0.00087683,0.5476,0.01,0.00064764,-1.0,-1.0,0.0,0.0,0.0,-0.0003,2.0,0.0,0.5177,0.0,1.415e-05,0.0,0.0,0.0,0.0,0.0,-0.3428,False,False,0.0,0.0,40.1,43.22,False,-1.0,bearish,0.0,0.0,0.218798,0.200397,trade,no,False,False,36.0,55.62,,0.810363,0.044462,22.23,500.0,0.0,0.0,0.5125,0.1943,-0.1427,-0.1427,False,,False,True,8.22,2026-04-30 04:04:19+00:00,,,,,,,,,,,,,,,,,,,,,,,,,,,,,,,,,,,,,,,,,,,,,,,,,,,,,,,,,,,,,,,,,,,,,,,,,,,,,,,,,,,,,,,,,,,,,,,,,,,,,,,,,,0.5553427448310799,18,2026-W18,0.73,False,1.541935428335543e-24,0.9999921416154904,7.858384505869152e-06,0.9328423841364314,-1.9540553660531135,0.1489052274379922,4,3,
2026-04-30 04:42:57+00:00,2026-04-30 04:00,KXETHD-26APR3001-T2239.99,2026-04-30T05:00:00Z,2236.37,2239.99,0.1618,0.4,real,0.356306,0.3434,0.00069325,0.00081587,0.00154781,0.5271,0.01,0.00114191,-1.0,1.0,2.0,0.0,0.0,0.0769,2.0,0.0,0.541,0.0,1.249e-05,0.0,-1.0,1.0,2.0,2.0,-1.0118,False,False,1.0,1.0,3.06,20.8,False,-1.0,bearish,0.0,0.0,0.043694,0.012639,trade,no,False,False,35.0,17.0,,0.109234,0.05,25.0,500.0,-4.0,7.0,0.542,-0.5382,-0.2349,0.0152,False,,False,True,16.67,2026-04-30 04:42:57+00:00,,,,,,,,,,,,,,,,,,,,,,,,,,,,,,,,,,,,,,,,,,,,,,,,,,,,,,,,,,,,,,,,,,,,,,,,,,,,,,,,,,,,,,,,,,,,,,,,,,,,,,,,,,0.5553427448310799,18,2026-W18,0.6,False,1.541935428335543e-24,0.9999921416154904,7.858384505869152e-06,0.9328423841364314,-1.9540553660531135,0.1489052274379922,4,3,
2026-04-30 09:06:11+00:00,2026-04-30 09:00,KXETHD-26APR3006-T2259.99,2026-04-30T10:00:00Z,2257.52,2259.99,0.1094,0.34,real,0.175764,0.3921,0.00035513,0.00039691,0.00036139,1.0983,0.14,0.00050018,0.0,-1.0,0.0,2.0,-1.0,-0.1669,2.0,0.0,0.6627,0.0,-4.01e-05,0.0,0.0,0.0,0.0,0.0,0.1009,False,False,0.0,-1.0,82.83,86.27,True,1.0,bearish,0.0,0.0,0.164236,0.139095,trade,no,False,False,36.0,53.76,,0.483047,0.046893,23.45,500.0,0.0,-2.0,0.4797,0.054,-0.0199,0.0656,False,,True,False,-23.45,2026-04-30 09:06:11+00:00,,,,,,,,,,,,,,,,,,,,,,,,,,,,,,,,,,,,,,,,,,,,,,,,,,,,,,,,,,,,,,,,,,,,,,,,,,,,,,,,,,,,,,,,,,,,,,,,,,,,,,,,,,0.5024310588484896,18,2026-W18,0.6599999999999999,False,1.7613545664440343e-20,0.999870001862041,0.00012999813796090348,0.7954575809272099,1.7740236758060774,0.48547187354718735,4,3,
2026-04-30 11:42:33+00:00,2026-04-30 11:00,KXETHD-26APR3008-T2259.99,2026-04-30T12:00:00Z,2257.36,2259.99,0.1165,0.44,real,0.194313,0.3488,0.00047661,0.0004808,0.00184942,0.26,0.02,0.00117722,0.0,0.0,1.0,0.0,0.0,-0.0251,2.0,0.0,0.4468,0.0,-4.935e-05,0.0,0.0,0.0,0.0,0.0,0.0783,False,False,1.0,1.0,15.32,59.48,True,0.0,bearish,0.0,0.0,0.245687,0.219728,trade,no,False,False,37.0,17.39,,0.558379,0.05,25.0,500.0,0.0,1.0,0.5245,-0.6032,-0.3626,-0.3058,False,,False,True,19.64,2026-04-30 11:42:33+00:00,,,,,,,,,,,,,,,,,,,,,,,,,,,,,,,,,,,,,,,,,,,,,,,,,,,,,,,,,,,,,,,,,,,,,,,,,,,,,,,,,,,,,,,,,,,,,,,,,,,,,,,,,,0.5070507930549093,18,2026-W18,0.56,False,3.638198693871179e-19,0.9996648730994094,0.00033512690058651513,0.6983241925849732,2.427785882538082,0.5903424333280719,4,3,
2026-04-30 14:00:02+00:00,2026-04-30 14:00,KXETHD-26APR3011-T2279.99,2026-04-30T15:00:00Z,2262.75,2279.99,0.762,0.13,real,0.017506,1.2925,0.00072755,0.00088778,0.00087085,1.0194,0.03,0.00090348,0.0,-1.0,0.0,0.0,0.0,-0.0776,2.0,0.0,0.6055,0.0,-2.722e-05,0.0,0.0,0.0,0.0,0.0,0.2087,False,False,1.0,0.0,43.06,61.43,True,0.0,bearish,0.0,0.0,0.1,0.082963,trade,no,False,False,37.0,59.88,,0.769231,0.044996,22.5,500.0,0.0,0.0,0.5125,0.19,-0.4665,-0.1153,False,,False,True,3.36,2026-04-30 14:00:02+00:00,,,,,,,,,,,,,,,,,,,,,,,,,,,,,,,,,,,,,,,,,,,,,,,,,,,,,,,,,,,,,,,,,,,,,,,,,,,,,,,,,,,,,,,,,,,,,,,,,,,,,,,,,,0.5015802187139069,18,2026-W18,0.87,False,2.670983336289996e-11,0.8944750386121756,0.10552496136110694,0.607323459898381,2.8099640225996296,0.7078977932636433,4,2,
2026-04-30 14:30:54+00:00,2026-04-30 14:00,KXETHD-26APR3011-T2259.99,2026-04-30T15:00:00Z,2256.0,2259.99,0.177,0.39,real,0.27603,0.303,0.00105651,0.00123929,0.00117494,1.0548,0.03,0.00128957,0.0,-1.0,0.0,0.0,0.0,-0.0949,2.0,-1.0,1.0,0.0,-2.709e-05,0.0,0.0,0.0,0.0,0.0,0.1664,False,False,1.0,0.0,45.42,40.4,False,0.0,bearish,0.0,0.0,0.11397,0.084981,trade,no,False,False,37.0,29.05,,0.292231,0.022512,11.26,500.0,0.0,0.0,0.5125,-0.242,0.2312,0.0,False,,True,False,-11.26,2026-04-30 14:30:54+00:00,,,,,,,,,,,,,,,,,,,,,,,,,,,,,,,,,,,,,,,,,,,,,,,,,,,,,,,,,,,,,,,,,,,,,,,,,,,,,,,,,,,,,,,,,,,,,,,,,,,,,,,,,,0.5015802187139069,18,2026-W18,0.61,False,2.670983336289996e-11,0.8944750386121756,0.10552496136110694,0.607323459898381,2.8099640225996296,0.7078977932636433,4,2,
2026-04-30 15:03:56+00:00,2026-04-30 15:00,KXETHD-26APR3012-T2259.99,2026-04-30T16:00:00Z,2261.32,2259.99,-0.0589,0.53,real,0.582609,-0.0701,0.00113552,0.0008334,0.0010464,0.7964,0.03,0.00133774,0.0,-1.0,0.0,0.0,0.0,0.0106,2.0,0.0,0.6005,0.0,-2.069e-05,1.0,0.0,0.0,-1.0,-1.0,0.473,False,False,-1.0,0.0,72.27,56.85,False,1.0,bearish,0.0,0.0,0.052609,0.020172,trade,yes,False,False,37.0,56.01,,0.111933,0.042211,21.11,500.0,0.0,-2.0,0.4797,0.015,-0.1327,0.1061,False,,True,True,18.72,2026-04-30 15:03:56+00:00,,,,,,,,,,,,,,,,,,,,,,,,,,,,,,,,,,,,,,,,,,,,,,,,,,,,,,,,,,,,,,,,,,,,,,,,,,,,,,,,,,,,,,,,,,,,,,,,,,,,,,,,,,0.4821665512214227,18,2026-W18,0.53,False,3.1257334373058636e-06,0.1677830562384799,0.8322138180280718,0.575203321126891,2.985878497331476,0.7610450297366181,4,2,
2026-04-30 17:00:17+00:00,2026-04-30 17:00,KXETHD-26APR3014-T2259.99,2026-04-30T18:00:00Z,2255.97,2259.99,0.1781,0.35,real,0.15044,0.7502,0.0003365,0.00022837,0.00059775,0.3821,0.03,0.00040397,0.0,-1.0,0.0,1.0,-1.0,-0.183,2.0,-1.0,0.978,0.0,2.191e-05,-1.0,0.0,0.0,0.0,0.0,0.041,False,False,1.0,0.0,39.52,42.18,False,0.0,bearish,0.0,0.0,0.19956,0.175613,trade,no,False,False,37.0,59.68,,0.570171,0.05,30.0,600.0,0.0,0.0,0.5125,-0.1026,-0.1079,0.0,False,,False,True,16.15,2026-04-30 17:00:17+00:00,,,,,,,,,,,,,,,,,,,,,,,,,,,,,,,,,,,,,,,,,,,,,,,,,,,,,,,,,,,,,,,,,,,,,,,,,,,,,,,,,,,,,,,,,,,,,,,,,,,,,,,,,,0.515962589001683,18,2026-W18,0.65,False,4.376502333620096e-07,0.00043331046460900764,0.9995662518851701,0.5864215444154046,2.089935337027617,0.5660461986992634,4,2,
2026-04-30 18:35:37+00:00,2026-04-30 18:00,KXETHD-26APR3015-T2259.99,2026-04-30T19:00:00Z,2255.66,2259.99,0.192,0.24,real,0.167351,0.9204,0.00046386,0.00044478,0.00055058,0.8078,0.03,0.00050297,0.0,0.0,1.0,1.0,-1.0,-0.118,2.0,0.0,0.5074,0.0,4.349e-05,0.0,0.0,0.0,0.0,0.0,-0.0607,False,False,1.0,1.0,11.68,15.42,False,0.0,bearish,0.0,0.0,0.072649,0.047895,trade,no,False,False,36.0,24.33,,0.302705,0.05,30.0,600.0,0.0,1.0,0.5245,-0.2556,-0.2061,-0.0669,False,,False,True,9.47,2026-04-30 18:35:37+00:00,,,,,,,,,,,,,,,,,,,,,,,,,,,,,,,,,,,,,,,,,,,,,,,,,,,,,,,,,,,,,,,,,,,,,,,,,,,,,,,,,,,,,,,,,,,,,,,,,,,,,,,,,,0.5033880416396219,18,2026-W18,0.76,False,0.006524917825971474,0.00015761648178690217,0.9933174656922322,0.5496292848957917,1.9761462246631396,0.6207669881139314,0,2,
2026-04-30 21:29:03+00:00,2026-04-30 21:00,KXETHD-26APR3018-T2259.99,2026-04-30T22:00:00Z,2257.7,2259.99,0.1013,0.38,real,0.22484,0.4699,0.00038856,0.00043458,0.00059602,0.7291,0.01,0.00050984,0.0,-1.0,0.0,1.0,-1.0,-0.1229,2.0,0.0,0.3343,0.0,1.807e-05,0.0,0.0,0.0,0.0,0.0,0.0575,False,False,1.0,0.0,38.06,67.61,True,0.0,bearish,0.0,0.0,0.15516,0.12796,trade,no,False,False,36.0,30.9,,0.408317,0.05,30.0,600.0,0.0,0.0,0.5125,-0.2555,-0.1727,0.0549,False,,False,True,18.39,2026-04-30 21:29:03+00:00,,,,,,,,,,,,,,,,,,,,,,,,,,,,,,,,,,,,,,,,,,,,,,,,,,,,,,,,,,,,,,,,,,,,,,,,,,,,,,,,,,,,,,,,,,,,,,,,,,,,,,,,,,0.5240360822711935,18,2026-W18,0.62,False,0.023542682488757863,0.00013888442652588623,0.9763184330847181,0.5061085139339403,1.5353341060314936,0.5726100705424555,0,0,
2026-04-30 22:03:21+00:00,2026-04-30 22:00,KXETHD-26APR3019-T2259.99,2026-04-30T23:00:00Z,2256.79,2259.99,0.1417,0.21,real,0.166803,0.8804,0.00038204,0.00031411,0.00023345,1.3455,0.13,0.00031444,0.0,-1.0,0.0,0.0,0.0,0.058,2.0,0.0,0.6335,0.0,1.986e-05,0.0,0.0,0.0,0.0,0.0,-0.0247,False,False,1.0,0.0,25.74,25.76,False,-1.0,bearish,0.0,0.0,0.043197,0.018468,trade,no,False,False,36.0,56.6,,0.205698,0.05,30.0,600.0,0.0,0.0,0.5125,-0.0208,0.1157,0.0718,False,,False,True,7.97,2026-04-30 22:03:21+00:00,,,,,,,,,,,,,,,,,,,,,,,,,,,,,,,,,,,,,,,,,,,,,,,,,,,,,,,,,,,,,,,,,,,,,,,,,,,,,,,,,,,,,,,,,,,,,,,,,,,,,,,,,,0.5315105825785403,18,2026-W18,0.79,False,0.020167578214193908,0.0001273937968212853,0.9797050279889964,0.5360504924080872,0.9243546402456513,0.47847239114570694,0,0,
2026-04-30 23:06:34+00:00,2026-04-30 23:00,KXETHD-26APR3020-T2259.99,2026-05-01T00:00:00Z,2255.79,2259.99,0.1861,0.24,real,0.13562,1.0594,0.0003526,0.0003429,0.00036023,0.9519,0.01,0.00035317,0.0,0.0,1.0,0.0,0.0,0.0036,2.0,0.0,0.5795,0.0,1.894e-05,0.0,0.0,0.0,0.0,0.0,-0.0712,False,False,0.0,1.0,29.15,13.75,True,-1.0,bearish,0.0,0.0,0.10438,0.081174,trade,no,False,False,36.0,53.39,,0.434918,0.05,30.0,600.0,0.0,0.0,0.5125,0.0607,0.1033,0.1127,False,,False,True,9.47,2026-04-30 23:06:34+00:00,,,,,,,,,,,,,,,,,,,,,,,,,,,,,,,,,,,,,,,,,,,,,,,,,,,,,,,,,,,,,,,,,,,,,,,,,,,,,,,,,,,,,,,,,,,,,,,,,,,,,,,,,,0.5036575863233931,18,2026-W18,0.76,False,0.017545008228867856,0.00015878011675125671,0.9822962116543845,0.5185430296026081,0.9239380202987109,0.6270980296764807,0,0,
2026-05-01 01:03:36+00:00,2026-05-01 01:00,KXETHD-26APR3022-T2259.99,2026-05-01T02:00:00Z,2260.31,2259.99,-0.014,0.55,real,0.626794,-0.0801,0.00037756,0.0003877,0.00014834,2.6135,0.14,0.0003877,0.0,-1.0,0.0,1.0,-1.0,-0.1516,2.0,0.0,0.6721,0.0,1.548e-05,0.0,0.0,0.0,0.0,0.0,-0.0608,False,False,0.0,0.0,55.28,61.42,True,0.0,bearish,0.0,0.0,0.076794,0.044469,trade,yes,False,False,37.0,56.35,,0.170654,0.05,30.0,600.0,0.0,0.0,0.5125,-0.1233,-0.0385,-0.0385,False,,True,True,24.55,2026-05-01 01:03:36+00:00,,,,,,,,,,,,,,,,,,,,,,,,,,,,,,,,,,,,,,,,,,,,,,,,,,,,,,,,,,,,,,,,,,,,,,,,,,,,,,,,,,,,,,,,,,,,,,,,,,,,,,,,,,0.4779087956583345,18,2026-W18,0.55,False,0.1768182394082242,0.00017649410971697262,0.8230052664820583,0.49805033852739533,1.4540246886212924,0.7806155861165741,0,0,
2026-05-01 14:00:37+00:00,2026-05-01 14:00,KXETHD-26MAY0111-T2329.99,2026-05-01T15:00:00Z,2320.83,2329.99,0.3946,0.25,real,0.076119,0.4949,0.0008396,0.00102415,0.00075798,1.3512,0.05,0.0009566,1.0,-1.0,0.0,2.0,0.0,0.0188,2.0,0.0,0.4826,0.0,-2.276e-05,1.0,1.0,-1.0,-2.0,-2.0,1.5403,False,False,-1.0,-1.0,97.42,86.49,False,1.0,bullish,0.0,0.0,0.173881,0.153958,trade,no,False,False,43.0,59.33,,0.695525,0.05,30.0,600.0,3.0,-13.0,0.47,0.6143,0.3747,-0.0078,False,,False,True,10.0,2026-05-01 14:00:37+00:00,,,,,,,,,,,,,,,,,,,,,,,,,,,,,,,,,,,,,,,,,,,,,,,,,,,,,,,,,,,,,,,,,,,,,,,,,,,,,,,,,,,,,,,,,,,,,,,,,,,,,,,,,,0.516000499942086,18,2026-W18,0.75,False,0.9999993342002198,1.927072421375935e-07,4.7309253244792456e-07,0.7431287489864581,4.354515474257417,0.824657150853628,1,0,
2026-05-01 14:31:30+00:00,2026-05-01 14:00,KXETHD-26MAY0111-T2309.99,2026-05-01T15:00:00Z,2307.22,2309.99,0.1201,0.36,real,0.137457,0.3096,0.00088799,0.00069832,0.00062785,1.1122,0.05,0.00072689,1.0,-1.0,0.0,2.0,-1.0,-0.1107,2.0,0.0,0.7512,0.0,-2.805e-05,1.0,1.0,-1.0,-2.0,-2.0,0.7934,False,False,1.0,0.0,56.81,71.2,True,0.0,bullish,0.0,0.0,0.222543,0.199243,trade,no,False,False,42.0,28.45,,0.618174,0.05,30.0,600.0,0.0,-1.0,0.4842,-0.5954,-0.3782,-0.1415,True,,False,True,16.88,2026-05-01 14:31:30+00:00,,,,,,,,,,,,,,,,,,,,,,,,,,,,,,,,,,,,,,,,,,,,,,,,,,,,,,,,,,,,,,,,,,,,,,,,,,,,,,,,,,,,,,,,,,,,,,,,,,,,,,,,,,0.516000499942086,18,2026-W18,0.64,False,0.9999993342002198,1.927072421375935e-07,4.7309253244792456e-07,0.7431287489864581,4.354515474257417,0.824657150853628,1,0,
2026-05-01 15:01:18+00:00,2026-05-01 15:00,KXETHD-26MAY0112-T2309.99,2026-05-01T16:00:00Z,2307.09,2309.99,0.1256,0.35,real,0.11872,0.2507,0.00074599,0.0008419,0.0004256,1.9782,0.05,0.000711,1.0,-1.0,0.0,1.0,-1.0,-0.1691,2.0,0.0,0.0,0.0,-2.235e-05,-1.0,0.0,0.0,-1.0,-1.0,0.601,False,False,0.0,0.0,57.55,61.13,False,0.0,bullish,0.0,0.0,0.23128,0.208956,trade,no,False,False,42.0,58.63,,0.6608,0.05,30.0,600.0,0.0,-1.0,0.4842,0.013,0.0672,-0.1994,False,,False,True,16.15,2026-05-01 15:01:18+00:00,,,,,,,,,,,,,,,,,,,,,,,,,,,,,,,,,,,,,,,,,,,,,,,,,,,,,,,,,,,,,,,,,,,,,,,,,,,,,,,,,,,,,,,,,,,,,,,,,,,,,,,,,,0.5227032976016185,18,2026-W18,0.65,False,0.9999636550919605,7.214602973275781e-07,3.5623447741882125e-05,0.704357116776073,3.809109878190866,0.7348166806605121,1,0,
2026-05-01 16:14:05+00:00,2026-05-01 16:00,KXETHD-26MAY0113-T2309.99,2026-05-01T17:00:00Z,2306.26,2309.99,0.1616,0.33,real,0.116538,0.3495,0.00074517,0.00080834,0.00054184,1.4919,0.05,0.00074141,1.0,-1.0,0.0,0.0,0.0,-0.0444,2.0,0.0,0.2766,0.0,-2.704e-05,-1.0,0.0,0.0,-1.0,-1.0,0.5286,False,False,0.0,0.0,32.8,42.67,False,0.0,bullish,0.0,0.0,0.213462,0.191256,trade,no,False,False,42.0,45.87,,0.646856,0.05,30.0,600.0,0.0,-1.0,0.4842,-0.3032,-0.1933,-0.0377,False,,False,True,14.78,2026-05-01 16:14:05+00:00,,,,,,,,,,,,,,,,,,,,,,,,,,,,,,,,,,,,,,,,,,,,,,,,,,,,,,,,,,,,,,,,,,,,,,,,,,,,,,,,,,,,,,,,,,,,,,,,,,,,,,,,,,0.505281686817701,18,2026-W18,0.6699999999999999,False,0.9999996162481918,1.8567269270346625e-07,1.9807911247269202e-07,0.6784015514815172,3.190812023828588,0.7318779736915779,1,0,
2026-05-01 18:17:41+00:00,2026-05-01 18:00,KXETHD-26MAY0115-T2309.99,2026-05-01T19:00:00Z,2307.5,2309.99,0.108,0.37,real,0.092785,0.4328,0.00041373,0.00029843,0.00050002,0.5968,0.04,0.00041668,1.0,-1.0,0.0,1.0,-1.0,-0.2103,2.0,0.0,0.4577,0.0,2.703e-05,0.0,0.0,0.0,0.0,0.0,0.2376,False,False,0.0,0.0,53.2,68.36,False,0.0,bullish,0.0,0.0,0.277215,0.256323,trade,no,False,False,41.0,42.29,,0.74923,0.05,30.0,600.0,0.0,0.0,0.5125,-0.1009,-0.1026,-0.0741,False,,False,True,17.62,2026-05-01 18:17:41+00:00,,,,,,,,,,,,,,,,,,,,,,,,,,,,,,,,,,,,,,,,,,,,,,,,,,,,,,,,,,,,,,,,,,,,,,,,,,,,,,,,,,,,,,,,,,,,,,,,,,,,,,,,,,0.5181131000508915,18,2026-W18,0.63,False,0.9999840128642009,7.3304371826416e-07,1.5254092081628347e-05,0.6193674127852004,2.144006254061212,0.7156545019022137,1,0,
2026-05-01 21:02:22+00:00,2026-05-01 21:00,KXETHD-26MAY0118-T2289.99,2026-05-01T22:00:00Z,2285.73,2289.99,0.1862,0.29,real,0.196923,0.3246,0.00067054,0.00096343,0.00044296,2.175,0.18,0.00089903,1.0,1.0,2.0,1.0,-1.0,-0.2388,2.0,-1.0,0.9513,0.0,4.696e-05,0.0,-1.0,1.0,2.0,2.0,-0.8204,False,False,1.0,1.0,11.79,10.97,True,0.0,neutral,0.0,0.0,0.093077,0.067007,trade,no,False,False,40.0,57.6,,0.320957,0.05,30.0,600.0,0.0,7.0,0.551,-0.7182,-0.0359,0.0,False,,True,False,-30.0,2026-05-01 21:02:22+00:00,,,,,,,,,,,,,,,,,,,,,,,,,,,,,,,,,,,,,,,,,,,,,,,,,,,,,,,,,,,,,,,,,,,,,,,,,,,,,,,,,,,,,,,,,,,,,,,,,,,,,,,,,,0.5264541208845389,18,2026-W18,0.71,False,0.8438470840683584,3.498238994246807e-05,0.15611793354169942,0.8291949547280402,-1.3334313711354575,0.41945909168225665,1,0,
2026-05-02 14:08:05+00:00,2026-05-02 14:00,KXETHD-26MAY0211-T2309.99,2026-05-02T15:00:00Z,2307.56,2309.99,0.1055,0.28,real,0.133629,1.346,0.00022022,0.00011075,0.00025112,0.441,0.05,0.00018123,0.0,-1.0,0.0,0.0,0.0,0.0403,2.0,0.0,0.2512,0.0,1.668e-05,0.0,0.0,0.0,-1.0,-1.0,0.1771,False,False,0.0,0.0,76.59,68.79,False,1.0,bullish,0.0,0.0,0.146371,0.123267,trade,no,False,False,41.0,51.87,,0.522754,0.05,30.0,600.0,0.0,-4.0,0.375,0.049,0.0169,0.0,False,,False,True,11.67,2026-05-02 14:08:05+00:00,,,,,,,,,,,,,,,,,,,,,,,,,,,,,,,,,,,,,,,,,,,,,,,,,,,,,,,,,,,,,,,,,,,,,,,,,,,,,,,,,,,,,,,,,,,,,,,,,,,,,,,,,,0.5029708250644392,18,2026-W18,0.72,False,0.9998397553416278,7.649861746817178e-07,0.00015947967218486812,0.4215749738210021,-0.454329611750234,0.8700031476235407,1,6,
2026-05-02 16:10:54+00:00,2026-05-02 16:00,KXETHD-26MAY0213-T2309.99,2026-05-02T17:00:00Z,2311.53,2309.99,-0.0668,0.6,real,0.661538,-0.4119,0.00019123,0.00023127,0.00037649,0.6143,0.05,0.0003405,0.0,-1.0,0.0,1.0,0.0,0.0557,2.0,0.0,0.7817,0.0,3.688e-05,1.0,0.0,0.0,-1.0,-1.0,0.2188,False,False,-1.0,-1.0,88.34,76.84,False,1.0,bullish,0.0,0.0,0.061538,0.029738,trade,yes,False,False,41.0,49.06,,0.153846,0.05,30.0,600.0,3.0,-8.0,0.5143,0.1191,0.0485,0.0485,False,,False,False,-30.0,2026-05-02 16:10:54+00:00,,,,,,,,,,,,,,,,,,,,,,,,,,,,,,,,,,,,,,,,,,,,,,,,,,,,,,,,,,,,,,,,,,,,,,,,,,,,,,,,,,,,,,,,,,,,,,,,,,,,,,,,,,0.4752376700421117,18,2026-W18,0.6,False,0.99992570580844,8.377157130359358e-07,7.345647583403737e-05,0.3994759503252932,-0.20186191597347758,0.8632727272727359,1,6,
2026-05-02 17:30:58+00:00,2026-05-02 17:00,KXETHD-26MAY0214-T2309.99,2026-05-02T18:00:00Z,2307.15,2309.99,0.123,0.14,real,0.0371,1.8736,0.00014079,0.00019171,0.00021143,0.9067,0.02,0.00020318,0.0,-1.0,0.0,0.0,0.0,-0.0957,2.0,0.0,0.002,0.0,-1.04e-06,0.0,0.0,0.0,0.0,0.0,0.078,False,False,0.0,0.0,27.01,35.84,False,0.0,bullish,0.0,0.0,0.1029,0.0854,trade,no,False,False,41.0,28.98,,0.735002,0.05,30.0,600.0,0.0,0.0,0.5125,-0.0771,-0.087,-0.087,False,,False,True,4.88,2026-05-02 17:30:58+00:00,,,,,,,,,,,,,,,,,,,,,,,,,,,,,,,,,,,,,,,,,,,,,,,,,,,,,,,,,,,,,,,,,,,,,,,,,,,,,,,,,,,,,,,,,,,,,,,,,,,,,,,,,,0.5127492715244865,18,2026-W18,0.86,False,0.9999081501355751,6.908178303720827e-07,9.115904658531885e-05,0.34858540549571027,-0.4161148375958268,0.6671214188267287,1,6,
2026-05-02 21:03:42+00:00,2026-05-02 21:00,KXETHD-26MAY0218-T2309.99,2026-05-02T22:00:00Z,2311.69,2309.99,-0.0737,0.55,real,0.626794,-0.8481,0.00016298,0.00019319,0.00078231,0.2469,0.1,0.00019319,1.0,-1.0,0.0,2.0,-1.0,-0.1492,2.0,-1.0,0.9071,0.0,6.99e-06,0.0,0.0,0.0,-1.0,-1.0,0.1738,False,False,0.0,-1.0,82.94,76.29,False,1.0,bullish,0.0,0.0,0.076794,0.044469,trade,yes,False,False,42.0,56.25,,0.170654,0.05,30.0,600.0,2.0,-4.0,0.5128,0.0784,0.0684,-0.0026,False,,True,True,24.55,2026-05-02 21:03:42+00:00,,,,,,,,,,,,,,,,,,,,,,,,,,,,,,,,,,,,,,,,,,,,,,,,,,,,,,,,,,,,,,,,,,,,,,,,,,,,,,,,,,,,,,,,,,,,,,,,,,,,,,,,,,0.4751352765764682,18,2026-W18,0.55,False,0.9999999984534611,1.5465359772322363e-09,3.6103992111062226e-39,0.31426900211934733,0.8702929471098635,0.6853494914520646,1,6,
2026-05-03 01:18:36+00:00,2026-05-03 01:00,KXETHD-26MAY0222-T2309.99,2026-05-03T02:00:00Z,2307.18,2309.99,0.1218,0.46,real,0.170181,0.1996,0.00035188,0.00028182,0.00188536,0.1495,0.01,0.00103131,1.0,0.0,1.0,1.0,0.0,0.0605,2.0,0.0,0.049,-1.0,7.535e-05,0.0,0.0,0.0,1.0,1.0,-0.2429,False,False,1.0,1.0,10.79,10.19,True,0.0,neutral,0.0,0.0,0.304819,0.280642,trade,no,False,False,42.0,41.36,,0.662649,0.05,30.0,600.0,0.0,6.0,0.6447,-0.1945,0.0979,0.0,False,,False,True,25.56,2026-05-03 01:18:36+00:00,,,,,,,,,,,,,,,,,,,,,,,,,,,,,,,,,,,,,,,,,,,,,,,,,,,,,,,,,,,,,,,,,,,,,,,,,,,,,,,,,,,,,,,,,,,,,,,,,,,,,,,,,,0.5785644271578226,18,2026-W18,0.54,False,0.999995245491325,6.30117232297655e-07,4.124391429416317e-06,0.42676256574484944,-0.7184612031250621,0.1488680539675241,1,6,
2026-05-03 02:07:35+00:00,2026-05-03 02:00,KXETHD-26MAY0223-T2309.99,2026-05-03T03:00:00Z,2305.46,2309.99,0.1967,0.2,real,0.080679,1.1145,0.00034503,0.00022112,0.00032257,0.6855,0.09,0.00028998,1.0,0.0,1.0,1.0,0.0,0.0186,2.0,0.0,0.0266,-1.0,7.974e-05,0.0,0.0,0.0,1.0,1.0,-0.2339,False,False,1.0,1.0,9.53,4.27,True,0.0,neutral,0.0,0.0,0.134321,0.115026,trade,no,False,False,43.0,52.37,,0.671606,0.05,30.0,600.0,0.0,9.0,0.6447,0.0343,0.049,0.0338,False,,False,True,7.5,2026-05-03 02:07:35+00:00,,,,,,,,,,,,,,,,,,,,,,,,,,,,,,,,,,,,,,,,,,,,,,,,,,,,,,,,,,,,,,,,,,,,,,,,,,,,,,,,,,,,,,,,,,,,,,,,,,,,,,,,,,0.5554029991812722,18,2026-W18,0.8,False,0.9999874708833437,9.16058413687902e-07,1.1613058251556652e-05,0.44006750932367483,-1.3352742160432163,0.11624013393925219,1,6,
2026-05-03 21:01:06+00:00,2026-05-03 21:00,KXETHD-26MAY0318-T2339.99,2026-05-03T22:00:00Z,2328.4,2339.99,0.4978,0.08,real,0.033064,1.4023,0.0006064,0.00068837,0.00046069,1.4942,0.17,0.00067883,-1.0,0.0,1.0,1.0,-1.0,-0.1468,2.0,0.0,0.1579,0.0,1.067e-05,-1.0,0.0,0.0,0.0,0.0,0.0425,False,False,1.0,1.0,14.04,26.52,False,0.0,bullish,0.0,0.0,0.131936,0.114698,trade,no,False,False,40.0,58.85,,0.79961,0.05,30.0,600.0,0.0,1.0,0.5245,-0.1953,0.0,0.0,False,,False,True,2.61,2026-05-03 21:01:06+00:00,,,,,,,,,,,,,,,,,,,,,,,,,,,,,,,,,,,,,,,,,,,,,,,,,,,,,,,,,,,,,,,,,,,,,,,,,,,,,,,,,,,,,,,,,,,,,,,,,,,,,,,,,,0.534445737762596,18,2026-W18,0.92,False,0.9999886478823223,1.148688496004981e-06,1.0203429177948538e-05,0.5638655398025677,0.47887284592121127,0.573321746686938,1,6,
2026-05-04 00:00:11+00:00,2026-05-04 00:00,KXETHD-26MAY0321-T2339.99,2026-05-04T01:00:00Z,2321.36,2339.99,0.8025,0.06,real,0.013542,1.8,0.00067711,0.00038662,0.00066494,0.5814,0.24,0.00068374,0.0,0.0,1.0,1.0,-1.0,-0.1906,2.0,0.0,0.5578,0.0,1.796e-05,0.0,0.0,0.0,0.0,0.0,,False,False,1.0,1.0,16.76,21.37,False,0.0,neutral,0.0,0.0,0.15,0.132963,trade,no,False,False,31.0,59.77,,0.833333,0.05,30.0,600.0,0.0,2.0,0.5854,-0.141,-0.0452,-0.0667,False,,False,True,1.91,2026-05-04 00:00:11+00:00,,,,,,,,,,,,,,,,,,,,,,,,,,,,,,,,,,,,,,,,,,,,,,,,,,,,,,,,,,,,,,,,,,,,,,,,,,,,,,,,,,,,,,,,,,,,,,,,,,,,,,,,,,0.5384877708076179,19,2026-W19,0.94,False,0.9989986765703236,1.8087961789938905e-06,0.0009995146334915463,0.41718904405619195,-0.7053040627887901,0.38838977194194846,5,0,
2026-05-04 00:12:06+00:00,2026-05-04 00:00,KXETHD-26MAY0321-T2319.99,2026-05-04T01:00:00Z,2316.44,2319.99,0.1534,0.41,real,0.204325,0.2936,0.00069816,0.00067935,0.00097398,0.6975,0.01,0.0008205,-1.0,0.0,1.0,0.0,0.0,0.0474,2.0,0.0,0.481,0.0,4.198e-05,0.0,0.0,0.0,0.0,0.0,,False,False,1.0,1.0,4.26,17.2,False,0.0,neutral,0.0,0.0,0.210675,0.184294,trade,no,False,False,40.0,47.81,,0.50765,0.05,30.0,600.0,0.0,7.0,0.6447,-0.4729,-0.1134,-0.1151,False,,False,True,20.85,2026-05-04 00:12:06+00:00,,,,,,,,,,,,,,,,,,,,,,,,,,,,,,,,,,,,,,,,,,,,,,,,,,,,,,,,,,,,,,,,,,,,,,,,,,,,,,,,,,,,,,,,,,,,,,,,,,,,,,,,,,0.5384877708076179,19,2026-W19,0.5900000000000001,False,0.9989986765703236,1.8087961789938905e-06,0.0009995146334915463,0.41718904405619195,-0.7053040627887901,0.38838977194194846,5,0,
2026-05-04 07:01:48+00:00,2026-05-04 07:00,KXETHD-26MAY0404-T2379.99,2026-05-04T08:00:00Z,2369.04,2379.99,0.4623,0.1,real,0.044948,1.5332,0.00056416,0.00033357,0.00047193,0.7068,0.09,0.00042878,1.0,-1.0,0.0,1.0,-1.0,-0.2716,2.0,0.0,0.6385,0.0,-1.492e-05,0.0,0.0,0.0,0.0,0.0,0.2753,False,False,0.0,0.0,37.34,33.0,False,0.0,bullish,0.0,0.0,0.100052,0.082047,trade,no,False,False,42.0,58.15,,0.690013,0.05,30.0,600.0,2.0,0.0,0.6522,0.319,0.0565,0.0,False,,False,True,3.33,2026-05-04 07:01:48+00:00,,,,,,,,,,,,,,,,,,,,,,,,,,,,,,,,,,,,,,,,,,,,,,,,,,,,,,,,,,,,,,,,,,,,,,,,,,,,,,,,,,,,,,,,,,,,,,,,,,,,,,,,,,0.5101388338620532,19,2026-W19,0.9,False,1.3321700830050213e-05,5.641028051352542e-05,0.9999302680186545,0.7675577477832035,3.324182233772893,0.678320090805902,0,1,
2026-05-04 09:04:09+00:00,2026-05-04 09:00,KXETHD-26MAY0406-T2359.99,2026-05-04T10:00:00Z,2360.61,2359.99,-0.0262,0.56,real,0.626794,-0.0359,0.00018422,7.129e-05,0.00023246,0.3067,0.11,0.00116278,1.0,-1.0,0.0,2.0,-1.0,-0.2159,2.0,0.0,0.7289,-1.0,9.6e-05,0.0,0.0,0.0,0.0,0.0,-0.2002,False,False,1.0,0.0,20.03,18.86,True,0.0,bullish,0.0,0.0,0.051794,0.019546,trade,yes,False,False,43.0,55.8,,0.117714,0.05,30.0,600.0,1.0,1.0,0.5882,-0.0352,0.0,0.0,False,,True,True,23.57,2026-05-04 09:04:09+00:00,,,,,,,,,,,,,,,,,,,,,,,,,,,,,,,,,,,,,,,,,,,,,,,,,,,,,,,,,,,,,,,,,,,,,,,,,,,,,,,,,,,,,,,,,,,,,,,,,,,,,,,,,,0.4818724786713645,19,2026-W19,0.56,False,2.6454083905723035e-05,8.46467258875988e-05,0.9998888991902048,0.7867172010112289,1.0640478973913101,0.6661748013620864,0,1,
2026-05-04 09:09:28+00:00,2026-05-04 09:00,KXETHD-26MAY0417-T2339.99,2026-05-04T21:00:00Z,2358.87,2339.99,-0.8005,0.69,real,0.984645,-1.3183,0.00014125,3.655e-05,0.00060858,0.0601,0.01,0.0002725,1.0,-1.0,0.0,2.0,-1.0,-0.1713,1.0,0.0,0.7073,-1.0,9.6e-05,0.0,0.0,0.0,0.0,0.0,-0.2002,False,False,1.0,0.0,20.03,18.86,True,0.0,bullish,0.0,0.0,0.279645,0.249672,trade,yes,False,False,67.0,709.45,,0.90208,0.05,30.0,600.0,1.0,1.0,0.5882,-0.0102,0.0,0.0,False,,True,True,13.48,2026-05-04 09:09:28+00:00,,,,,,,,,,,,,,,,,,,,,,,,,,,,,,,,,,,,,,,,,,,,,,,,,,,,,,,,,,,,,,,,,,,,,,,,,,,,,,,,,,,,,,,,,,,,,,,,,,,,,,,,,,0.4818724786713645,19,2026-W19,0.69,False,2.6454083905723035e-05,8.46467258875988e-05,0.9998888991902048,0.7867172010112289,1.0640478973913101,0.6661748013620864,0,1,
2026-05-04 12:01:46+00:00,2026-05-04 12:00,KXETHD-26MAY0409-T2339.99,2026-05-04T13:00:00Z,2333.51,2339.99,0.2776,0.26,real,0.077863,0.7297,0.00042801,0.00042494,0.00056508,0.752,0.03,0.00049823,1.0,-1.0,0.0,1.0,0.0,-0.0443,2.0,0.0,0.6248,-1.0,6.295e-05,0.0,0.0,0.0,1.0,1.0,-1.1751,False,False,1.0,0.0,35.14,37.96,False,-1.0,neutral,0.0,0.0,0.212137,0.193013,trade,no,False,False,41.0,58.16,,0.771408,0.05,30.0,600.0,0.0,2.0,0.5854,-0.0753,-0.0497,-0.1493,False,,False,True,10.54,2026-05-04 12:01:46+00:00,,,,,,,,,,,,,,,,,,,,,,,,,,,,,,,,,,,,,,,,,,,,,,,,,,,,,,,,,,,,,,,,,,,,,,,,,,,,,,,,,,,,,,,,,,,,,,,,,,,,,,,,,,0.5259961849364878,19,2026-W19,0.74,False,2.3540471010265097e-05,0.0003771564850909362,0.999599303043904,1.066527293868623,-4.2176079323417,0.2997729852440431,0,1,
2026-05-04 13:00:14+00:00,2026-05-04 13:00,KXETHD-26MAY0410-T2339.99,2026-05-04T14:00:00Z,2331.78,2339.99,0.352,0.19,real,0.129424,0.9258,0.00051908,0.00051388,0.000518,0.992,0.04,0.00053389,0.0,-1.0,0.0,1.0,-1.0,-0.1703,2.0,0.0,0.561,0.0,3.997e-05,0.0,0.0,0.0,1.0,1.0,-1.1857,False,False,1.0,0.0,34.3,40.21,False,-1.0,neutral,0.0,0.0,0.080576,0.057689,trade,no,False,False,41.0,59.72,,0.383695,0.05,30.0,600.0,0.0,2.0,0.5854,-0.3225,-0.2842,-0.2842,False,,False,True,7.04,2026-05-04 13:00:14+00:00,,,,,,,,,,,,,,,,,,,,,,,,,,,,,,,,,,,,,,,,,,,,,,,,,,,,,,,,,,,,,,,,,,,,,,,,,,,,,,,,,,,,,,,,,,,,,,,,,,,,,,,,,,0.5210387156795053,19,2026-W19,0.81,False,2.2535302600365606e-05,0.000386940393586889,0.999590524303809,1.0159127845916855,-4.729728498251028,0.30578887627695733,0,2,
2026-05-04 14:09:53+00:00,2026-05-04 14:00,KXETHD-26MAY0411-T2319.99,2026-05-04T15:00:00Z,2328.43,2319.99,-0.3624,0.75,real,0.870968,-0.6343,0.00063428,0.00069024,0.00076077,0.9073,0.04,0.00074907,0.0,1.0,2.0,0.0,0.0,-0.0149,2.0,0.0,0.6698,0.0,2.687e-05,0.0,-1.0,1.0,2.0,2.0,-1.6056,False,False,1.0,1.0,10.19,50.32,False,-1.0,neutral,0.0,0.0,0.120968,0.092843,trade,yes,False,False,41.0,50.07,,0.483871,0.05,30.0,600.0,0.0,6.0,0.6447,-0.3991,-0.362,-0.1762,False,,True,True,10.0,2026-05-04 14:09:53+00:00,0.3213,1.0,,,,,,,,,,,bullish,bullish,False,False,8.847,5.08,False,False,,,,,,,,,,,,,,,,,,,,,,,,,,,,,,,,,,,,,,,,,,,,,,,,,,,,,,,,,,,,,,,,,,,,,,,,,,,,,,,,,,,,,,0.4755082946464224,19,2026-W19,0.75,False,2.252121772513874e-06,0.3196988430021065,0.6802989048761185,0.8686343303903938,-2.4631224645192464,0.7384790011350753,4,7,
2026-05-04 14:15:13+00:00,2026-05-04 14:00,KXETHD-26MAY0411-T2339.99,2026-05-04T15:00:00Z,2340.37,2339.99,-0.0163,0.56,real,0.685455,-0.0345,0.00079094,0.00103598,0.00016187,6.4002,0.03,0.00070806,0.0,-1.0,0.0,1.0,-1.0,-0.1442,2.0,0.0,0.648,0.0,2.562e-05,0.0,0.0,0.0,1.0,1.0,-1.0624,False,False,-1.0,0.0,79.74,74.65,False,0.0,neutral,0.0,0.0,0.125455,0.093207,trade,yes,False,False,41.0,44.74,,0.285126,0.05,30.0,600.0,0.0,1.0,0.5245,0.1471,0.3308,0.3738,False,,True,True,23.57,2026-05-04 14:15:13+00:00,0.3213,1.0,,,,,,,,,,,bullish,bullish,False,False,8.292,5.565,False,False,,,,,,,,,,,,,,,,,,,,,,,,,,,,,,,,,,,,,,,,,,,,,,,,,,,,,,,,,,,,,,,,,,,,,,,,,,,,,,,,,,,,,,0.4755082946464224,19,2026-W19,0.56,False,2.252121772513874e-06,0.3196988430021065,0.6802989048761185,0.8686343303903938,-2.4631224645192464,0.7384790011350753,4,7,
2026-05-04 15:00:00+00:00,2026-05-04 14:00,KXETHD-26MAY0412-T2379.99,2026-05-04T16:00:00Z,2371.49,2379.99,0.3583,0.31,real,0.160626,0.3137,0.00109993,0.00125622,0.00093154,1.3485,0.05,0.0011873,0.0,-1.0,0.0,2.0,-1.0,-0.1681,2.0,0.0,0.1858,0.0,1.532e-05,0.0,0.0,0.0,0.0,0.0,0.3493,False,False,-1.0,-1.0,90.37,86.78,False,0.0,neutral,0.0,0.0,0.174374,0.149936,trade,no,False,False,43.0,59.94,,0.52052,0.05,30.0,600.0,2.0,-8.0,0.4014,1.2249,0.3181,-0.1299,True,,False,True,13.48,2026-05-04 15:00:00+00:00,0.3213,1.0,,,,,,,,,,,bullish,bullish,False,False,6.871,6.804,False,False,,,,,,,,,,,,,,,,,,,,,,,,,,,,,,,,,,,,,,,,,,,,,,,,,,,,,,,,,,,,,,,,,,,,,,,,,,,,,,,,,,,,,,0.5375692386631027,19,2026-W19,0.69,False,1.938507018922598e-07,0.9005938012759023,0.09940600487339482,1.3673822182770718,-2.568863911802895,0.45959137343927436,4,7,
2026-05-04 16:03:08+00:00,2026-05-04 16:00,KXETHD-26MAY0413-T2339.99,2026-05-04T17:00:00Z,2349.99,2339.99,-0.4254,0.71,real,0.754941,-0.4099,0.00151672,0.00153901,0.00102193,1.506,0.04,0.00137961,0.0,-1.0,0.0,0.0,0.0,0.0711,2.0,0.0,0.6818,0.0,8.35e-06,-1.0,0.0,0.0,1.0,1.0,-0.7502,False,False,1.0,0.0,41.3,43.1,False,0.0,neutral,0.0,0.0,0.044941,0.015528,trade,yes,False,False,42.0,56.82,,0.154968,0.05,30.0,600.0,0.0,1.0,0.5245,0.1894,0.1313,-0.0472,False,,True,True,12.25,2026-05-04 16:03:08+00:00,0.2886,1.0,,,,,,,,,,,bullish,bullish,False,False,7.849,5.951,False,False,,,,,,,,,,,,,,,,,,,,,,,,,,,,,,,,,,,,,,,,,,,,,,,,,,,,,,,,,,,,,,,,,,,,,,,,,,,,,,,,,,,,,,0.4987134456486728,19,2026-W19,0.71,False,1.199966406240008e-08,0.9965614329757124,0.003438555024625793,1.4622940322093307,-2.224009368340921,0.5228149829738957,3,7,
2026-05-04 16:22:23+00:00,2026-05-04 16:00,KXETHD-26MAY0413-T2359.99,2026-05-04T17:00:00Z,2360.31,2359.99,-0.0136,0.53,real,0.626794,-0.023,0.0012112,0.00109493,0.00029391,3.7253,0.03,0.00089225,0.0,-1.0,0.0,1.0,-1.0,-0.1302,2.0,0.0,0.7927,0.0,2.963e-05,-1.0,0.0,0.0,0.0,0.0,-0.1339,False,False,-1.0,0.0,62.43,43.84,False,0.0,bullish,0.0,0.0,0.096794,0.064357,trade,yes,False,False,42.0,37.56,,0.205945,0.05,30.0,600.0,1.0,0.0,0.5963,0.6143,0.8293,0.6512,True,,False,False,-30.0,2026-05-04 16:22:23+00:00,0.2886,1.0,,,,,,,,,,,bullish,bullish,False,False,7.377,6.362,False,False,,,,,,,,,,,,,,,,,,,,,,,,,,,,,,,,,,,,,,,,,,,,,,,,,,,,,,,,,,,,,,,,,,,,,,,,,,,,,,,,,,,,,,0.4987134456486728,19,2026-W19,0.53,False,1.199966406240008e-08,0.9965614329757124,0.003438555024625793,1.4622940322093307,-2.224009368340921,0.5228149829738957,3,7,
2026-05-04 17:03:01+00:00,2026-05-04 17:00,KXETHD-26MAY0414-T2359.99,2026-05-04T18:00:00Z,2358.61,2359.99,0.0587,0.5,real,0.591283,0.0747,0.00088268,0.00068806,,,0.03,0.00123955,-1.0,-1.0,0.0,0.0,0.0,-0.0149,2.0,1.0,0.8937,0.0,9.86e-06,1.0,0.0,0.0,0.0,0.0,-0.0223,False,False,-1.0,0.0,58.99,58.95,False,0.0,bullish,0.0,0.0,0.106283,0.073799,trade,yes,False,False,42.0,56.94,,0.206375,0.05,30.0,600.0,1.0,0.0,0.5963,0.059,0.0836,0.2742,False,,True,True,30.0,2026-05-04 17:03:01+00:00,0.2634,1.0,,,,,,,,,,,bullish,bullish,False,False,7.455,6.295,False,False,,,,,,,,,,,,,,,,,,,,,,,,,,,,,,,,,,,,,,,,,,,,,,,,,,,,,,,,,,,,,,,,,,,,,,,,,,,,,,,,,,,,,,0.4690257075228479,19,2026-W19,0.5,False,1.480055049933545e-10,0.9999845941907738,1.5405661214923013e-05,1.3376910381607732,-0.8044291725782884,0.7298524404086256,3,7,
2026-05-04 18:03:26+00:00,2026-05-04 18:00,KXETHD-26MAY0415-T2379.99,2026-05-04T19:00:00Z,2371.09,2379.99,0.3754,0.26,real,0.150169,0.6757,0.00059853,0.00080717,0.00077473,1.0419,0.01,0.00080176,-1.0,-1.0,0.0,1.0,0.0,-0.0727,2.0,0.0,0.4602,0.0,3.79e-06,1.0,0.0,0.0,-1.0,-1.0,0.5947,False,False,-1.0,-1.0,76.99,78.86,True,0.0,bullish,0.0,0.0,0.114831,0.090897,trade,no,False,False,43.0,56.52,,0.433323,0.05,30.0,600.0,2.0,-2.0,0.4583,0.158,-0.3712,-0.1706,False,,False,True,10.54,2026-05-04 18:03:26+00:00,0.2768,1.0,,,,,,,,,,,bullish,bullish,False,False,6.889,6.788,False,False,,,,,,,,,,,,,,,,,,,,,,,,,,,,,,,,,,,,,,,,,,,,,,,,,,,,,,,,,,,,,,,,,,,,,,,,,,,,,,,,,,,,,,0.5376399567826569,19,2026-W19,0.74,False,3.3309073997487627e-10,0.9999330354181204,6.696424878524537e-05,1.2021790285308482,-0.9399804538466743,0.5530079455164592,3,7,
2026-05-05 01:09:00+00:00,2026-05-05 01:00,KXETHD-26MAY0422-T2359.99,2026-05-05T02:00:00Z,2358.93,2359.99,0.0449,0.45,real,0.454169,0.2353,0.00043652,0.00041149,0.00050023,0.8226,0.09,0.00035147,-1.0,-1.0,0.0,1.0,-1.0,-0.1272,2.0,0.0,0.4892,0.0,1.929e-05,0.0,0.0,0.0,-1.0,-1.0,0.2305,False,False,-1.0,0.0,69.04,60.24,False,0.0,neutral,0.0,0.0,0.049169,0.017301,trade,yes,False,False,43.0,50.96,,0.082637,0.041318,24.79,600.0,1.0,0.0,0.6103,0.2013,0.0004,0.0984,False,,True,True,30.3,2026-05-05 01:09:00+00:00,0.2069,1.0,,,,,,,,,,,bullish,bullish,False,False,7.44,6.308,False,False,,,,,,,,,,,,,,,,,,,,,,,,,,,,,,,,,,,,,,,,,,,,,,,,,,,,,,,,,,,,,,,,,,,,,,,,,,,,,,,,,,,,,,0.4984048964799983,19,2026-W19,0.45,False,2.616309814972968e-07,0.9630572499246965,0.036942488444334,0.879829167133856,-1.1197392735930531,0.7220100809531053,3,7,
2026-05-05 02:03:15+00:00,2026-05-05 02:00,KXETHD-26MAY0423-T2359.99,2026-05-05T03:00:00Z,2361.27,2359.99,-0.0544,0.64,real,0.694175,-0.2867,0.00027391,0.00019141,0.00020146,0.9501,0.19,0.00037039,-1.0,-1.0,0.0,1.0,0.0,0.0455,2.0,0.0,0.6514,0.0,4.37e-06,0.0,0.0,0.0,-1.0,-1.0,0.1333,False,False,0.0,-1.0,82.45,87.43,True,1.0,bullish,0.0,0.0,0.054175,0.023047,trade,yes,False,False,42.0,56.71,,0.150485,0.05,30.0,600.0,1.0,-1.0,0.4964,-0.0381,-0.055,-0.055,False,,True,True,16.88,2026-05-05 02:03:15+00:00,0.2244,1.0,,,,,,,,,,,bullish,bullish,False,False,7.333,6.401,False,False,,,,,,,,,,,,,,,,,,,,,,,,,,,,,,,,,,,,,,,,,,,,,,,,,,,,,,,,,,,,,,,,,,,,,,,,,,,,,,,,,,,,,,0.4740612021251785,19,2026-W19,0.64,False,6.674219655754556e-07,0.5822695776911307,0.41772975488690944,0.8102177347222577,-0.5177291219567133,0.7850924087368244,3,7,
2026-05-05 06:18:17+00:00,2026-05-05 06:00,KXETHD-26MAY0503-T2369.99,2026-05-05T07:00:00Z,2375.21,2369.99,-0.2196,0.75,real,0.801282,-0.9022,0.00047105,0.00047496,0.00050497,0.9406,0.02,0.00049674,0.0,-1.0,0.0,0.0,0.0,-0.0132,2.0,0.0,0.6674,0.0,-2.162e-05,-1.0,0.0,0.0,0.0,0.0,0.0339,False,False,1.0,0.0,41.18,49.34,False,0.0,bullish,0.0,0.0,0.051282,0.023157,trade,yes,False,False,40.0,41.67,,0.205128,0.05,30.0,600.0,1.0,0.0,0.6103,-0.1463,-0.1257,-0.0774,False,,True,True,10.0,2026-05-05 06:18:17+00:00,0.0039,0.0,,,,,,,,,,,bullish,bullish,False,False,6.704,6.95,False,False,True,,,24.04,0.6043,,6.0,,,,,,,,,,,,,,,,,,,,,,,,,,,,,,,,,,,,,,,,,,,,,,,,,,,,,,,,,,,,,,,,,,,,,,,,,,,,,,,0.4752376700421117,19,2026-W19,0.75,False,5.483600352674691e-06,0.00200062392093923,0.9979938924787141,0.755357221260694,1.5201034803309588,0.7698449976514821,3,7,
2026-05-05 08:01:01+00:00,2026-05-05 08:00,KXETHD-26MAY0505-T2369.99,2026-05-05T09:00:00Z,2380.67,2369.99,-0.4488,0.7,real,0.942797,-0.9868,0.00040893,0.00041224,0.00111726,0.369,0.01,0.0007068,1.0,-1.0,0.0,1.0,-1.0,-0.3186,2.0,0.0,0.6472,0.0,-7.27e-06,0.0,0.0,0.0,-1.0,-1.0,0.2575,False,False,0.0,0.0,56.39,64.82,True,1.0,bullish,0.0,0.0,0.242797,0.213097,trade,yes,False,False,42.0,58.93,,0.809322,0.05,30.0,600.0,3.0,-2.0,0.5613,-0.0957,-0.0965,-0.0965,False,,True,True,12.86,2026-05-05 08:01:01+00:00,-0.4284,-1.0,,,,,,,,,,,bullish,bullish,False,False,6.459,7.163,False,False,True,,,24.06,0.1532,,8.0,,,,,,,,,,,,,,,,,,,,,,,,,,,,,,,,,,,,,,,,,,,,,,,,,,,,,,,,,,,,,,,,,,,,,,,,,,,,,,,0.4871318778079121,19,2026-W19,0.7,False,1.2902208852084804e-05,0.0018569267788835799,0.9981301710122752,0.6817493032990867,1.0732995734424087,0.7751683106309739,3,7,
2026-05-05 11:00:54+00:00,2026-05-05 11:00,KXETHD-26MAY0508-T2369.99,2026-05-05T12:00:00Z,2376.5,2369.99,-0.274,0.7,real,0.801282,-0.8201,0.00029768,0.00025291,0.00068083,0.3715,0.17,0.00064019,1.0,-1.0,0.0,1.0,-1.0,-0.1777,2.0,0.0,0.5641,0.0,3.966e-05,0.0,0.0,0.0,0.0,0.0,0.0096,False,False,0.0,0.0,38.75,42.6,False,0.0,bullish,0.0,0.0,0.101282,0.071582,trade,yes,False,False,40.0,59.05,,0.337607,0.05,30.0,600.0,1.0,0.0,0.6103,-0.0215,-0.1001,-0.1001,False,,True,True,12.86,2026-05-05 11:00:54+00:00,-0.2405,-1.0,,,,,,,,,,,bullish,bullish,False,False,6.645,7.0,False,False,True,,,22.5,0.0,,11.0,,,,,,,,,,,,,,,,,,,,,,,,,,,,,,,,,,,,,,,,,,,,,,,,,,,,,,,,,,,,,,,,,,,,,,,,,,,,,,,0.4766320575191872,19,2026-W19,0.7,False,3.689705335888871e-05,0.0002210816805109633,0.9997420212661335,0.6147015776900918,-0.029050804114458373,0.7461739455020544,3,1,
2026-05-05 13:02:00+00:00,2026-05-05 13:00,KXETHD-26MAY0510-T2389.99,2026-05-05T14:00:00Z,2394.72,2389.99,-0.1974,0.68,real,0.870968,-0.4576,0.00053483,0.00071918,0.00055485,1.2962,0.03,0.00067509,1.0,0.0,1.0,3.0,1.0,0.2306,2.0,0.0,0.5026,-1.0,6.255e-05,0.0,1.0,-1.0,-2.0,-2.0,0.8332,False,False,-1.0,-1.0,100.0,100.0,False,1.0,bullish,0.0,0.0,0.175968,0.145736,trade,yes,False,False,41.0,57.96,,0.549899,0.05,30.0,600.0,4.0,-10.0,0.5144,0.2654,0.2197,0.2197,False,,False,False,-30.0,2026-05-05 13:02:00+00:00,-0.3041,-1.0,,,,,,,,,,,bullish,bullish,False,False,5.834,7.708,False,False,False,,,23.97,0.2709,,13.0,,,,,,,,,,,,,,,,,,,,,,,,,,,,,,,,,,,,,,,,,,,,,,,,,,,,,,,,,,,,,,,,,,,,,,,,,,,,,,,0.498444835140384,19,2026-W19,0.68,False,1.0217670763924854e-05,0.00040851124927577544,0.9995812710799628,0.6868955713700715,0.6941849020144462,0.7384644124789848,3,1,
2026-05-06 00:03:11+00:00,2026-05-06 00:00,KXETHD-26MAY0521-T2369.99,2026-05-06T01:00:00Z,2360.77,2369.99,0.3904,0.16,real,0.067311,1.1516,0.00056488,0.00055731,0.00052005,1.0716,0.1,0.00059091,-1.0,-1.0,0.0,1.0,0.0,0.002,2.0,1.0,1.0,-1.0,8.727e-05,-1.0,0.0,0.0,0.0,0.0,,False,False,0.0,0.0,22.51,17.13,True,-1.0,neutral,0.0,0.0,0.157689,0.139219,trade,no,False,False,39.0,56.78,,0.750901,0.05,30.0,600.0,-1.0,2.0,0.4946,0.0962,-0.025,0.0305,False,,False,True,5.71,2026-05-06 00:03:11+00:00,-0.0294,0.0,,,,,,,,,,,bullish,bearish,True,False,7.356,6.381,False,False,True,,,14.59,0.0215,,0.0,,,,,,,,,,,,,,,,,,,,,,,,,,,,,,,,,,,,,,,,,,,,,,,,,,,,,,,,,,,,,,,,,,,,,,,,,,,,,,,0.5314353549539275,19,2026-W19,0.84,False,0.9987951188215209,1.7616773629971412e-06,0.0012031195011203975,0.6846525308510738,-2.325152921614474,0.24266365688487485,3,0,
2026-05-06 01:08:31+00:00,2026-05-06 01:00,KXETHD-26MAY0522-T2369.99,2026-05-06T02:00:00Z,2366.04,2369.99,0.167,0.36,real,0.20276,0.4494,0.00070128,0.00064884,0.00064934,0.9992,0.03,0.0006815,-1.0,-1.0,0.0,1.0,0.0,-0.018,2.0,0.0,0.7844,-1.0,6.088e-05,1.0,0.0,0.0,-1.0,-1.0,0.1823,False,False,-1.0,0.0,44.6,37.38,False,0.0,neutral,0.0,0.0,0.18724,0.161565,trade,no,False,False,40.0,51.39,,0.499307,0.05,30.0,600.0,-1.0,0.0,0.4552,0.2189,0.0461,0.0533,False,,True,False,-30.0,2026-05-06 01:08:31+00:00,0.0575,1.0,,,,,,,,,,,bullish,bearish,True,False,7.117,6.589,False,False,True,,,13.75,0.013,,1.0,,,,,,,,,,,,,,,,,,,,,,,,,,,,,,,,,,,,,,,,,,,,,,,,,,,,,,,,,,,,,,,,,,,,,,,,,,,,,,,0.5186058126934047,19,2026-W19,0.64,False,0.9988712013445745,1.974271005908751e-06,0.0011268243844311477,0.6471378189461132,-1.923734334796189,0.3679458239277678,3,0,
2026-05-06 03:02:36+00:00,2026-05-06 03:00,KXETHD-26MAY0600-T2369.99,2026-05-06T04:00:00Z,2370.22,2369.99,-0.0097,0.39,real,0.598361,-0.0371,0.000422,0.00045195,,,0.01,0.00045195,-1.0,0.0,1.0,0.0,1.0,0.17,2.0,-1.0,0.9419,0.0,2.949e-05,0.0,0.0,0.0,0.0,0.0,0.1293,False,False,0.0,0.0,72.29,64.0,False,0.0,neutral,0.0,0.0,0.208361,0.176708,trade,yes,False,False,41.0,57.35,,0.341575,0.05,30.0,600.0,0.0,0.0,0.5174,0.2945,0.2305,-0.0181,False,,True,True,46.92,2026-05-06 03:02:36+00:00,0.0627,1.0,,,,,,,,,,,bullish,bearish,True,False,6.928,6.754,False,False,True,,,12.34,0.0003,,3.0,,,,,,,,,,,,,,,,,,,,,,,,,,,,,,,,,,,,,,,,,,,,,,,,,,,,,,,,,,,,,,,,,,,,,,,,,,,,,,,0.4991283531580108,19,2026-W19,0.39,False,0.9995037831698877,1.6175984377829434e-06,0.000494599231672551,0.5952097642650094,-1.1301742805448618,0.458013544018056,5,0,
2026-05-06 04:03:23+00:00,2026-05-06 04:00,KXETHD-26MAY0601-T2389.99,2026-05-06T05:00:00Z,2376.5,2389.99,0.5678,0.08,real,0.040664,1.8307,0.00060013,0.00033167,0.00053579,0.619,0.14,0.00048954,-1.0,-1.0,0.0,1.0,0.0,-0.0551,2.0,0.0,0.782,0.0,4.796e-05,0.0,0.0,0.0,-1.0,-1.0,0.3833,False,False,-1.0,-1.0,83.75,80.53,True,0.0,neutral,0.0,0.0,0.109336,0.091605,trade,no,False,False,41.0,56.56,,0.728907,0.05,30.0,600.0,0.0,-2.0,0.4718,0.0606,0.0362,0.0724,False,,False,True,2.61,2026-05-06 04:03:23+00:00,0.103,1.0,,,,,,,,,,,bullish,bearish,True,False,6.646,7.0,False,False,True,,,12.84,0.004,,4.0,,,,,,,,,,,,,,,,,,,,,,,,,,,,,,,,,,,,,,,,,,,,,,,,,,,,,,,,,,,,,,,,,,,,,,,,,,,,,,,0.5297850807200609,19,2026-W19,0.92,False,0.9996168196818666,1.2901501142492312e-06,0.00038189016802838235,0.5847542654518907,-1.2472325986368427,0.2803611738148989,5,0,
2026-05-06 05:04:15+00:00,2026-05-06 05:00,KXETHD-26MAY0602-T2369.99,2026-05-06T06:00:00Z,2364.49,2369.99,0.2326,0.24,real,0.186023,0.512,0.00062645,0.00086136,0.00044065,1.9548,0.18,0.00079981,-1.0,-1.0,0.0,0.0,0.0,-0.0291,2.0,0.0,0.7624,0.0,4.228e-05,0.0,0.0,0.0,0.0,0.0,-0.1027,False,False,1.0,0.0,22.46,33.59,False,-1.0,neutral,0.0,0.0,0.143977,0.118378,trade,no,False,False,40.0,55.7,,0.436295,0.05,30.0,600.0,-1.0,0.0,0.4552,-0.2968,-0.0642,-0.0824,False,,False,True,9.47,2026-05-06 05:04:15+00:00,0.124,1.0,,,,,,,,,,,bullish,bearish,True,False,7.187,6.528,False,False,True,,,11.5,0.0002,,5.0,,,,,,,,,,,,,,,,,,,,,,,,,,,,,,,,,,,,,,,,,,,,,,,,,,,,,,,,,,,,,,,,,,,,,,,,,,,,,,,0.5403396709998679,19,2026-W19,0.76,False,0.999612351134547,1.2264419369807287e-06,0.00038642242352016174,0.6022659852726663,-1.3901115599373222,0.23905191873589396,5,0,
2026-05-06 06:02:48+00:00,2026-05-06 06:00,KXETHD-26MAY0603-T2369.99,2026-05-06T07:00:00Z,2365.6,2369.99,0.1854,0.23,real,0.171706,0.6805,0.0004944,0.00041829,0.00033165,1.2612,0.2,0.00047378,-1.0,-1.0,0.0,1.0,0.0,-0.0133,2.0,-1.0,0.9821,-1.0,5.669e-05,0.0,0.0,0.0,0.0,0.0,0.0347,False,False,0.0,0.0,42.47,33.26,True,-1.0,neutral,0.0,0.0,0.173294,0.149043,trade,no,False,False,41.0,57.15,,0.525132,0.05,30.0,600.0,-1.0,0.0,0.4552,0.0245,0.2211,0.0736,False,,True,False,-30.0,2026-05-06 06:02:48+00:00,0.1289,1.0,,,,,,,,,,,bullish,bearish,True,False,7.137,6.572,False,False,True,,,11.25,0.0032,,6.0,,,,,,,,,,,,,,,,,,,,,,,,,,,,,,,,,,,,,,,,,,,,,,,,,,,,,,,,,,,,,,,,,,,,,,,,,,,,,,,0.5038459011932841,19,2026-W19,0.77,False,0.999189370853007,1.6705612498148936e-06,0.0008089585857424631,0.5717487649871555,-1.0494886544523006,0.3706546275395035,5,6,
2026-05-06 09:05:01+00:00,2026-05-06 09:00,KXETHD-26MAY0606-T2389.99,2026-05-06T10:00:00Z,2391.27,2389.99,-0.0536,0.57,real,0.626794,-0.1147,0.00066895,0.00075884,0.00040998,1.8509,0.04,0.00068548,0.0,-1.0,0.0,2.0,0.0,0.0601,2.0,0.0,0.5877,0.0,3.669e-05,0.0,1.0,-1.0,-2.0,-2.0,1.039,False,False,-1.0,-1.0,89.73,91.36,True,1.0,bullish,0.0,0.0,0.056794,0.024637,trade,yes,False,False,41.0,54.93,,0.13208,0.05,30.0,600.0,4.0,-9.0,0.5144,0.328,-0.1269,-0.0957,False,,True,True,22.63,2026-05-06 09:05:01+00:00,0.1296,1.0,,,,,,,,,,,bullish,bullish,True,False,5.987,7.575,False,False,True,,,12.22,0.0506,,9.0,,,,,,,,,,,,,,,,,,,,,,,,,,,,,,,,,,,,,,,,,,,,,,,,,,,,,,,,,,,,,,,,,,,,,,,,,,,,,,,0.4779307350860627,19,2026-W19,0.57,False,0.9928519816037854,5.681140455774427e-06,0.00714233725576448,0.8477087128062636,2.9183061626869704,0.9085308056872047,5,0,
2026-05-06 09:46:37+00:00,2026-05-06 09:00,KXETHD-26MAY0606-T2409.99,2026-05-06T10:00:00Z,2410.84,2409.99,-0.0352,0.58,real,0.757746,-0.085,0.00088784,0.00101271,0.00047772,2.1199,0.06,0.00091463,0.0,-1.0,0.0,3.0,-1.0,-0.1473,2.0,0.0,0.5948,0.0,3.667e-05,0.0,1.0,-1.0,-2.0,-2.0,1.0597,False,False,-1.0,-1.0,85.08,88.58,True,1.0,bullish,0.0,0.0,0.177746,0.145694,trade,yes,False,False,41.0,13.33,,0.423206,0.05,30.0,600.0,5.0,-10.0,0.5144,0.7369,0.4459,-0.1603,False,,True,True,21.72,2026-05-06 09:46:37+00:00,0.1296,1.0,,,,,,,,,,,bullish,bullish,False,False,5.126,8.325,False,False,True,,,13.25,5.9534,,9.0,,,,,,,,,,,,,,,,,,,,,,,,,,,,,,,,,,,,,,,,,,,,,,,,,,,,,,,,,,,,,,,,,,,,,,,,,,,,,,,0.4779307350860627,19,2026-W19,0.58,False,0.9928519816037854,5.681140455774427e-06,0.00714233725576448,0.8477087128062636,2.9183061626869704,0.9085308056872047,5,0,
2026-05-06 10:04:47+00:00,2026-05-06 10:00,KXETHD-26MAY0607-T2409.99,2026-05-06T11:00:00Z,2411.05,2409.99,-0.0441,0.62,real,0.754941,-0.1208,0.00074973,0.00054099,0.00019452,2.7812,0.15,0.00053486,0.0,-1.0,0.0,2.0,0.0,-0.0639,2.0,-1.0,0.8122,0.0,4.012e-05,1.0,1.0,-1.0,-2.0,-2.0,1.0871,False,False,-1.0,-1.0,86.73,91.58,True,1.0,bullish,0.0,0.0,0.134941,0.103449,trade,yes,False,False,43.0,55.15,,0.355107,0.05,30.0,600.0,5.0,-8.0,0.5144,0.5449,0.0963,-0.0298,False,,True,True,18.39,2026-05-06 10:04:47+00:00,0.2654,1.0,,,,,,,,,,,bullish,bullish,False,False,5.117,8.333,False,False,False,,,15.06,0.0008,,10.0,,,,,,,,,,,,,,,,,,,,,,,,,,,,,,,,,,,,,,,,,,,,,,,,,,,,,,,,,,,,,,,,,,,,,,,,,,,,,,,0.4685862286502862,19,2026-W19,0.62,False,0.9899418985116254,6.784377481477145e-06,0.010051317110895566,0.9888150090284471,4.095016664472656,0.9009478672985788,5,0,
2026-05-06 11:04:24+00:00,2026-05-06 11:00,KXETHD-26MAY0608-T2409.99,2026-05-06T12:00:00Z,2411.54,2409.99,-0.0643,0.68,real,0.757746,-0.2411,0.00048229,0.00044241,0.00018459,2.3966,0.19,0.00042628,0.0,-1.0,0.0,2.0,0.0,0.0539,2.0,1.0,0.9416,0.0,4.427e-05,1.0,1.0,-1.0,-2.0,-2.0,0.9211,False,False,-1.0,-1.0,85.53,85.02,False,1.0,bullish,0.0,0.0,0.077746,0.047514,trade,yes,False,False,43.0,55.55,,0.242958,0.05,30.0,600.0,5.0,-8.0,0.5144,-0.0464,-0.1023,-0.0299,False,,True,True,14.12,2026-05-06 11:04:24+00:00,0.2897,1.0,,,,,,,,,,,bullish,bullish,False,False,5.096,8.352,False,False,False,,,16.82,0.0005,,11.0,,,,,,,,,,,,,,,,,,,,,,,,,,,,,,,,,,,,,,,,,,,,,,,,,,,,,,,,,,,,,,,,,,,,,,,,,,,,,,,0.4688119824139091,19,2026-W19,0.68,False,0.9864459330001436,7.212872730474394e-06,0.013546854127129396,0.9081232873047299,4.494529128471246,0.8156194950088097,5,0,
2026-05-06 15:17:23+00:00,2026-05-06 15:00,KXETHD-26MAY0612-T2369.99,2026-05-06T16:00:00Z,2362.1,2369.99,0.3341,0.27,real,0.133221,0.6409,0.00077503,0.00074454,0.00083411,0.8926,0.02,0.00079752,1.0,0.0,1.0,1.0,0.0,0.0927,2.0,0.0,0.4537,-1.0,6.953e-05,-1.0,0.0,0.0,1.0,1.0,-1.0829,False,False,1.0,1.0,26.18,19.86,True,-1.0,bearish,0.0,0.0,0.161779,0.139481,trade,no,False,False,40.0,42.57,,0.577781,0.05,30.0,600.0,-2.0,2.0,0.5,-0.1896,0.1021,0.1123,False,,False,True,11.1,2026-05-06 15:17:23+00:00,0.0409,0.0,,,,,,,,,,,bullish,bullish,False,False,7.296,6.433,False,False,False,,,16.92,0.3599,,15.0,,,,,,,,,,,,,,,,,,,,,,,,,,,,,,,,,,,,,,,,,,,,,,,,,,,,,,,,,,,,,,,,,,,,,,,,,,,,,,,0.550545794829768,19,2026-W19,0.73,False,3.4613498758768344e-05,7.220657091358748e-05,0.9998931799303226,1.167293568600683,-2.6964265441175144,0.17214174857733985,3,2,
2026-05-06 18:12:51+00:00,2026-05-06 18:00,KXETHD-26MAY0615-T2349.99,2026-05-06T19:00:00Z,2339.89,2349.99,0.4318,0.16,real,0.060095,0.8511,0.00055218,0.00069958,0.00063125,1.1082,0.02,0.00068291,0.0,1.0,2.0,1.0,0.0,0.0965,2.0,0.0,0.5422,-1.0,0.00011767,0.0,-1.0,1.0,2.0,2.0,-1.9335,False,False,1.0,1.0,6.06,7.35,False,-1.0,bearish,0.0,0.0,0.124905,0.10689,trade,no,False,False,39.0,47.11,,0.734733,0.05,30.0,600.0,-3.0,11.0,0.4799,-0.4364,-0.4131,-0.4131,False,,False,True,5.71,2026-05-06 18:12:51+00:00,-0.0069,0.0,,,,,,,,,,,bullish,bearish,False,False,3.008,5.545,False,False,False,,,17.73,0.7416,-0.42,18.0,,,,,,,,,,,,,,,,,,,,,,,,,,,,,,,,,,,,,,,,,,,,,,,,,,,,,,,,,,,,,,,,,,,,,,,,,,,,,,,0.5538451288683461,19,2026-W19,0.84,False,8.991254713317087e-05,5.709517110334716e-05,0.9998529922817663,0.9327987617092832,-5.125697354786366,0.10778371954842185,3,2,
2026-05-06 19:01:53+00:00,2026-05-06 19:00,KXETHD-26MAY0617-T2349.99,2026-05-06T21:00:00Z,2345.33,2349.99,0.1986,0.37,real,0.231728,0.3756,0.00061705,0.00048244,0.00055038,0.8765,0.02,0.00052862,0.0,-1.0,0.0,1.0,0.0,0.004,2.0,0.0,0.7865,-1.0,0.00012031,0.0,0.0,0.0,1.0,1.0,-1.6715,False,False,1.0,0.0,25.97,27.97,False,-1.0,bearish,0.0,0.0,0.163272,0.136389,trade,no,False,False,60.0,118.05,,0.429663,0.05,30.0,600.0,-3.0,6.0,0.4799,-0.0196,0.0537,-0.1162,False,,False,True,17.62,2026-05-06 19:01:53+00:00,0.0119,0.0,,,,,,,,,,,bullish,bearish,True,False,2.768,5.764,False,False,False,,,18.3,0.0334,,19.0,,,,,,,,,,,,,,,,,,,,,,,,,,,,,,,,,,,,,,,,,,,,,,,,,,,,,,,,,,,,,,,,,,,,,,,,,,,,,,,0.5558641020792825,19,2026-W19,0.63,False,0.00012342702632272127,5.917103716348331e-05,0.9998174019365111,0.862086863363168,-5.114002683469266,0.12465834818775723,3,2,
2026-05-06 19:02:58+00:00,2026-05-06 19:00,KXETHD-26MAY0616-T2349.99,2026-05-06T20:00:00Z,2345.68,2349.99,0.1835,0.31,real,0.23542,0.5571,0.00061753,0.00045376,0.00048995,0.9261,0.01,0.00047398,0.0,-1.0,0.0,2.0,-1.0,-0.1716,2.0,0.0,0.7857,-1.0,0.0001205,0.0,0.0,0.0,1.0,1.0,-1.6562,False,False,1.0,0.0,27.31,28.41,False,-1.0,bearish,0.0,0.0,0.09458,0.067552,trade,no,False,False,60.0,56.97,,0.300255,0.05,30.0,600.0,-3.0,6.0,0.4799,0.1028,0.0175,-0.0656,False,,False,True,13.48,2026-05-06 19:02:58+00:00,0.0119,0.0,,,,,,,,,,,bullish,bearish,True,False,2.753,5.778,False,False,False,,,18.3,0.0339,,19.0,,,,,,,,,,,,,,,,,,,,,,,,,,,,,,,,,,,,,,,,,,,,,,,,,,,,,,,,,,,,,,,,,,,,,,,,,,,,,,,0.5558641020792825,19,2026-W19,0.69,False,0.00012342702632272127,5.917103716348331e-05,0.9998174019365111,0.862086863363168,-5.114002683469266,0.12465834818775723,3,2,
2026-05-06 22:26:06+00:00,2026-05-06 22:00,KXETHD-26MAY0619-T2349.99,2026-05-06T23:00:00Z,2346.64,2349.99,0.1426,0.26,real,0.169705,0.7614,0.00039637,0.00030962,0.00038073,0.8132,0.03,0.00034967,0.0,0.0,1.0,1.0,0.0,-0.0139,2.0,0.0,0.5788,-1.0,9.513e-05,0.0,-1.0,1.0,2.0,2.0,-1.5304,False,False,1.0,0.0,26.2,55.07,False,-1.0,bearish,0.0,0.0,0.120295,0.096141,trade,no,False,False,39.0,33.84,,0.437436,0.05,30.0,600.0,-3.0,5.0,0.4799,-0.3329,-0.1039,-0.0626,False,,False,True,10.54,2026-05-06 22:26:06+00:00,-0.0079,0.0,,,,,,,,,,,bullish,bearish,True,False,2.711,5.817,False,False,False,,,18.39,0.1564,-0.47,22.0,,,,,,,,,,,,,,,,,,,,,,,,,,,,,,,,,,,,,,,,,,,,,,,,,,,,,,,,,,,,,,,,,,,,,,,,,,,,,,,0.5378003844029161,19,2026-W19,0.74,False,0.00034819471561851916,5.627890562105168e-05,0.9995955263787627,0.6931481043593363,-3.7728333052737457,0.11063576945929811,0,2,
2026-05-06 23:01:24+00:00,2026-05-06 23:00,KXETHD-26MAY0620-T2349.99,2026-05-07T00:00:00Z,2345.33,2349.99,0.1985,0.17,real,0.155996,0.6554,0.00043139,0.00055592,0.00027164,2.0466,0.11,0.0004708,0.0,1.0,2.0,1.0,0.0,0.0877,2.0,1.0,0.8359,-1.0,9.174e-05,0.0,-1.0,1.0,2.0,2.0,-1.3897,False,False,1.0,1.0,3.26,25.81,False,-1.0,bearish,0.0,0.0,0.084004,0.060526,trade,no,False,False,39.0,58.56,,0.373352,0.05,30.0,600.0,-3.0,7.0,0.4799,-0.1409,-0.0072,-0.2004,False,,True,False,-30.0,2026-05-06 23:01:24+00:00,-0.0407,0.0,,,,,,,,,,,bullish,bearish,False,False,2.768,5.764,False,False,False,,,18.64,0.0018,,23.0,,,,,,,,,,,,,,,,,,,,,,,,,,,,,,,,,,,,,,,,,,,,,,,,,,,,,,,,,,,,,,,,,,,,,,,,,,,,,,,0.5291596264739725,19,2026-W19,0.83,False,0.0008075216133245948,6.674286104423085e-05,0.9991257355256266,0.6632652405354987,-3.1569807739663136,0.14759358288770125,0,2,
2026-05-07 00:22:03+00:00,2026-05-07 00:00,KXETHD-26MAY0621-T2349.99,2026-05-07T01:00:00Z,2347.07,2349.99,0.1245,0.26,real,0.154073,0.817,0.00030257,0.00035619,0.00031406,1.1341,0.07,0.0003637,-1.0,-1.0,0.0,2.0,-1.0,-0.1122,2.0,0.0,0.7086,-1.0,7.045e-05,0.0,0.0,0.0,0.0,0.0,,False,False,0.0,0.0,49.77,61.04,False,-1.0,bearish,0.0,0.0,0.155927,0.132546,trade,no,False,False,38.0,37.9,,0.528567,0.05,30.0,600.0,-2.0,2.0,0.5,-0.0349,-0.1679,0.0021,False,,False,True,10.54,2026-05-07 00:22:03+00:00,,0.0,,,,,,,,,,,bullish,bearish,True,False,2.692,5.834,False,False,False,,,19.14,0.2036,,0.0,,,,,,,,,,,,,,,,,,,,,,,,,,,,,,,,,,,,,,,,,,,,,,,,,,,,,,,,,,,,,,,,,,,,,,,,,,,,,,,0.6057216196728016,19,2026-W19,0.74,False,5.997159511812049e-06,5.261931024129431e-05,0.9999413835302473,0.6318872529141307,-3.9499921925407797,0.0037353255069360516,0,2,
2026-05-07 01:00:41+00:00,2026-05-07 01:00,KXETHD-26MAY0622-T2349.99,2026-05-07T02:00:00Z,2329.78,2349.99,0.8676,0.04,real,0.010138,1.4762,0.00064551,0.00091509,0.0006412,1.4272,0.24,0.00100057,-1.0,1.0,2.0,1.0,0.0,-0.0511,2.0,0.0,0.4688,-1.0,5.704e-05,0.0,-1.0,1.0,2.0,2.0,-0.4191,False,False,1.0,1.0,2.64,1.68,True,-1.0,bearish,0.0,0.0,0.13,0.112963,trade,no,False,False,39.0,59.22,,0.8125,0.05,30.0,600.0,-3.0,9.0,0.4799,-0.6397,-0.3516,-0.1149,False,,False,True,1.25,2026-05-07 01:00:41+00:00,,0.0,,,,,,,,,,,bullish,bearish,False,False,3.455,5.135,False,False,False,,,20.59,0.0006,,1.0,,,,,,,,,,,,,,,,,,,,,,,,,,,,,,,,,,,,,,,,,,,,,,,,,,,,,,,,,,,,,,,,,,,,,,,,,,,,,,,0.5660080450550162,19,2026-W19,0.96,False,2.035339845992496e-06,4.071080592984513e-05,0.9999572538542179,0.8627654436671742,-4.302609165961814,0.11947763267574382,0,2,
2026-05-07 02:05:42+00:00,2026-05-07 02:00,KXETHD-26MAY0623-T2329.99,2026-05-07T03:00:00Z,2322.45,2329.99,0.3248,0.29,real,0.237923,0.8548,0.00078137,0.00047732,0.00079568,0.5999,0.01,0.00061325,-1.0,0.0,1.0,0.0,1.0,0.2745,2.0,0.0,0.4872,0.0,4.992e-05,0.0,0.0,0.0,1.0,1.0,-0.2934,False,False,1.0,0.0,25.97,37.9,False,-1.0,bearish,0.0,0.0,0.057077,0.029385,trade,no,False,False,39.0,54.24,,0.193482,0.05,30.0,600.0,-3.0,5.0,0.4799,-0.1992,-0.1628,-0.0821,False,,False,True,12.25,2026-05-07 02:05:42+00:00,,0.0,,,,,,,,,,,bullish,bearish,False,False,3.781,4.836,False,False,False,,,22.67,0.0205,,2.0,,,,,,,,,,,,,,,,,,,,,,,,,,,,,,,,,,,,,,,,,,,,,,,,,,,,,,,,,,,,,,,,,,,,,,,,,,,,,,,0.5587981411289535,19,2026-W19,0.71,False,6.402769851424746e-07,3.9798275261025806e-05,0.9999595614477489,0.7959713207964423,-4.62830092910423,0.06477882657782717,0,2,
2026-05-07 03:02:05+00:00,2026-05-07 03:00,KXETHD-26MAY0700-T2329.99,2026-05-07T04:00:00Z,2320.24,2329.99,0.4204,0.05,real,0.047282,1.3032,0.00055142,0.00045429,0.00033527,1.355,0.24,0.00050376,-1.0,0.0,1.0,1.0,0.0,-0.083,2.0,0.0,0.6866,-1.0,7.356e-05,0.0,0.0,0.0,1.0,1.0,-0.3152,False,False,0.0,1.0,18.68,15.71,False,-1.0,bearish,0.0,0.0,0.137718,0.120531,trade,no,False,False,39.0,57.86,,0.810105,0.05,30.0,600.0,-3.0,7.0,0.4799,0.1285,0.1043,-0.0572,False,,False,True,1.58,2026-05-07 03:02:05+00:00,,0.0,,,,,,,,,,,bullish,bearish,False,False,3.88,4.745,False,False,False,,,24.11,0.0022,,3.0,,,,,,,,,,,,,,,,,,,,,,,,,,,,,,,,,,,,,,,,,,,,,,,,,,,,,,,,,,,,,,,,,,,,,,,,,,,,,,,0.5455622853188702,19,2026-W19,0.95,False,4.0537199969543145e-07,3.5805792329104453e-05,0.9999637888356654,0.7691538978575354,-4.400921116587231,0.08386500231160149,0,2,
2026-05-07 04:03:08+00:00,2026-05-07 04:00,KXETHD-26MAY0701-T2329.99,2026-05-07T05:00:00Z,2322.45,2329.99,0.3247,0.11,real,0.142602,1.0314,0.00053852,0.00043053,0.00035068,1.2277,0.25,0.00049645,-1.0,-1.0,0.0,1.0,0.0,-0.0079,2.0,0.0,0.4639,-1.0,7.254e-05,0.0,0.0,0.0,1.0,1.0,-0.21,False,False,0.0,0.0,35.64,26.31,False,0.0,bearish,0.0,0.0,0.107398,0.084605,trade,no,False,False,37.0,56.81,,0.457012,0.05,30.0,600.0,-3.0,2.0,0.3741,0.1625,-0.0899,-0.0228,False,,False,True,3.71,2026-05-07 04:03:08+00:00,,0.0,,,,,,,,,,,bullish,bearish,False,False,3.781,4.836,False,False,False,,,25.44,0.211,,4.0,,,,,,,,,,,,,,,,,,,,,,,,,,,,,,,,,,,,,,,,,,,,,,,,,,,,,,,,,,,,,,,,,,,,,,,,,,,,,,,0.5249120971242832,19,2026-W19,0.89,False,3.716663596879687e-06,5.1201393583032396e-05,0.999945081942822,0.7122705436182186,-3.7058822571944177,0.11955617198335483,0,2,
2026-05-07 10:11:26+00:00,2026-05-07 10:00,KXETHD-26MAY0707-T2329.99,2026-05-07T11:00:00Z,2327.55,2329.99,0.1047,0.28,real,0.329044,0.4838,0.00042855,0.00035313,0.00025782,1.3697,0.2,0.00040864,-1.0,0.0,1.0,0.0,0.0,0.017,2.0,0.0,0.5831,0.0,3.696e-05,0.0,0.0,0.0,0.0,0.0,-0.127,False,False,1.0,1.0,0.0,18.27,False,-1.0,bearish,0.0,0.0,0.050956,0.020502,trade,no,False,False,37.0,48.52,,0.134094,0.05,30.0,600.0,-3.0,2.0,0.3741,-0.0077,-0.1094,-0.1115,False,,False,True,11.67,2026-05-07 10:11:26+00:00,,0.0,,,,,,,,,,,bullish,bearish,False,False,3.553,5.044,False,False,False,,,26.14,0.0057,,10.0,,,,,,,,,,,,,,,,,,,,,,,,,,,,,,,,,,,,,,,,,,,,,,,,,,,,,,,,,,,,,,,,,,,,,,,,,,,,,,,0.5297528564946669,19,2026-W19,0.72,False,0.00027100754156371274,6.421818579097379e-05,0.9996647742726451,0.6421682647742027,0.03875507802300682,0.24180725227845395,6,2,
2026-05-07 14:00:19+00:00,2026-05-07 14:00,KXETHD-26MAY0711-T2329.99,2026-05-07T15:00:00Z,2314.21,2329.99,0.682,0.11,real,0.023898,1.2486,0.00067573,0.00075633,0.00071784,1.0536,0.04,0.00076646,-1.0,1.0,3.0,1.0,1.0,0.1353,2.0,0.0,0.7448,-1.0,5.832e-05,-1.0,-1.0,1.0,2.0,2.0,-0.6907,False,False,1.0,1.0,25.81,13.56,True,-1.0,bearish,0.0,0.0,0.1,0.082963,trade,no,False,False,37.0,59.6,,0.769231,0.05,30.0,600.0,-3.0,5.0,0.4799,-0.5933,0.2183,0.2183,False,,False,True,3.71,2026-05-07 14:00:19+00:00,,0.0,,,,,,,,,,,bullish,bearish,False,False,4.151,4.497,False,False,False,,,29.6,0.0017,,14.0,,,,,,,,,,,,,,,,,,,,,,,,,,,,,,,,,,,,,,,,,,,,,,,,,,,,,,,,,,,,,,,,,,,,,,,,,,,,,,,0.5541555096182418,19,2026-W19,0.89,False,0.9985903905693931,4.356714110861369e-06,0.0014052527164921252,0.948585625643109,-1.8988543282020327,0.09286898839137436,6,0,
2026-05-07 14:31:36+00:00,2026-05-07 14:00,KXETHD-26MAY0711-T2309.99,2026-05-07T15:00:00Z,2303.89,2309.99,0.2649,0.21,real,0.129531,0.7105,0.00068185,0.00062083,0.00061619,1.0075,0.05,0.00064761,-1.0,1.0,2.0,1.0,0.0,0.0022,2.0,0.0,0.5454,-1.0,6.536e-05,-1.0,-1.0,1.0,2.0,2.0,-1.1086,False,False,1.0,1.0,0.0,16.74,False,-1.0,bearish,0.0,0.0,0.120469,0.09837,trade,no,False,False,37.0,28.34,,0.512632,0.05,30.0,600.0,-4.0,10.0,0.4799,-0.4314,-0.409,-0.3952,False,,False,True,7.97,2026-05-07 14:31:36+00:00,,0.0,,,,,,,,,,,bearish,bearish,False,True,4.617,4.069,False,False,False,,,29.8,0.1514,,14.0,,,,,,,,,,,,,,,,,,,,,,,,,,,,,,,,,,,,,,,,,,,,,,,,,,,,,,,,,,,,,,,,,,,,,,,,,,,,,,,0.5541555096182418,19,2026-W19,0.79,False,0.9985903905693931,4.356714110861369e-06,0.0014052527164921252,0.948585625643109,-1.8988543282020327,0.09286898839137436,6,0,
2026-05-07 14:59:59+00:00,2026-05-07 14:00,KXETHD-26MAY0712-T2309.99,2026-05-07T16:00:00Z,2298.86,2309.99,0.4841,0.17,real,0.106232,0.7914,0.00084306,0.00073235,0.00065358,1.1205,0.05,0.00072959,-1.0,1.0,3.0,1.0,1.0,0.201,2.0,0.0,0.6981,-1.0,6.634e-05,-1.0,-1.0,1.0,2.0,2.0,-0.956,False,False,1.0,1.0,13.4,13.86,False,-1.0,bearish,0.0,0.0,0.103768,0.082964,trade,no,False,False,36.0,59.97,,0.532143,0.05,30.0,600.0,-4.0,10.0,0.4799,-0.5973,-0.0387,-0.1734,False,,False,True,6.14,2026-05-07 14:59:59+00:00,,0.0,,,,,,,,,,,bearish,bearish,False,False,4.846,3.859,False,False,False,,,30.26,2.4385,,14.0,,,,,,,,,,,,,,,,,,,,,,,,,,,,,,,,,,,,,,,,,,,,,,,,,,,,,,,,,,,,,,,,,,,,,,,,,,,,,,,0.5541555096182418,19,2026-W19,0.83,False,0.9985903905693931,4.356714110861369e-06,0.0014052527164921252,0.948585625643109,-1.8988543282020327,0.09286898839137436,6,0,
2026-05-07 15:27:28+00:00,2026-05-07 15:00,KXETHD-26MAY0712-T2289.99,2026-05-07T16:00:00Z,2286.82,2289.99,0.1387,0.37,real,0.268145,0.2831,0.00089856,0.00082301,0.00073289,1.123,0.05,0.0008591,-1.0,1.0,2.0,1.0,0.0,0.014,2.0,0.0,0.7467,-1.0,6.922e-05,-1.0,-1.0,1.0,2.0,2.0,-1.3513,False,False,1.0,1.0,0.0,14.1,True,-1.0,bearish,0.0,0.0,0.141855,0.113621,trade,no,False,False,36.0,32.49,,0.359126,0.05,30.0,600.0,-4.0,12.0,0.4799,-0.5968,-0.4947,-0.1362,False,,True,False,-30.0,2026-05-07 15:27:28+00:00,,0.0,,,,,,,,,,,bearish,bearish,False,False,5.398,3.353,False,False,False,,,31.95,0.0751,,15.0,,,,,,,,,,,,,,,,,,,,,,,,,,,,,,,,,,,,,,,,,,,,,,,,,,,,,,,,,,,,,,,,,,,,,,,,,,,,,,,0.5532427219968987,19,2026-W19,0.63,False,0.9998728817178415,6.996174518169921e-07,0.00012641866471136434,0.9485482989118683,-2.78936750327944,0.09944118068491271,6,0,
2026-05-07 18:00:47+00:00,2026-05-07 18:00,KXETHD-26MAY0715-T2309.99,2026-05-07T19:00:00Z,2300.79,2309.99,0.3999,0.23,real,0.128145,0.8645,0.00106424,0.00068981,0.00070226,0.9823,0.03,0.00071454,-1.0,-1.0,0.0,2.0,0.0,-0.0952,2.0,0.0,0.6012,-1.0,9.767e-05,1.0,0.0,0.0,0.0,0.0,-0.3683,False,False,-1.0,-1.0,87.71,63.63,False,0.0,bearish,0.0,0.0,0.131855,0.109831,trade,no,False,False,37.0,59.17,,0.538185,0.05,30.0,600.0,-3.0,-1.0,0.3854,0.454,0.4211,0.2658,False,,False,True,8.96,2026-05-07 18:00:47+00:00,,0.0,,,,,,,,,,,bearish,bearish,False,False,1.26,3.94,False,False,False,,,36.74,0.0606,,18.0,,,,,,,,,,,,,,,,,,,,,,,,,,,,,,,,,,,,,,,,,,,,,,,,,,,,,,,,,,,,,,,,,,,,,,,,,,,,,,,0.5268015905652715,19,2026-W19,0.77,False,0.9981743167527173,2.1677484036818102e-06,0.0018235154988754515,0.7766967776106444,-2.127169165884826,0.2697931034482751,6,0,
2026-05-07 19:01:44+00:00,2026-05-07 19:00,KXETHD-26MAY0717-T2309.99,2026-05-07T21:00:00Z,2295.82,2309.99,0.6172,0.14,real,0.064637,0.919,0.00065552,0.00083452,0.00052381,1.5932,0.05,0.00073308,-1.0,-1.0,0.0,2.0,0.0,0.0192,2.0,0.0,0.5626,-1.0,0.0001,0.0,0.0,0.0,1.0,1.0,-0.4394,False,False,0.0,-1.0,71.92,73.24,True,0.0,bearish,0.0,0.0,0.115363,0.09706,trade,no,False,False,57.0,118.21,,0.699167,0.05,30.0,600.0,-3.0,0.0,0.3176,-0.2683,0.2352,-0.1087,False,,False,True,4.88,2026-05-07 19:01:44+00:00,,0.0,,,,,,,,,,,bearish,bearish,False,False,1.479,3.732,False,False,False,,,37.51,0.0,,19.0,,,,,,,,,,,,,,,,,,,,,,,,,,,,,,,,,,,,,,,,,,,,,,,,,,,,,,,,,,,,,,,,,,,,,,,,,,,,,,,0.5272467940988078,19,2026-W19,0.86,False,0.9991531926995602,1.603566054928168e-06,0.0008452037343896817,0.7304341598596243,-1.9233284675339632,0.18896551724138308,6,0,
2026-05-07 22:04:32+00:00,2026-05-07 22:00,KXETHD-26MAY0719-T2289.99,2026-05-07T23:00:00Z,2285.86,2289.99,0.1806,0.22,real,0.218812,0.5654,0.0005202,0.00049228,0.000314,1.5678,0.13,0.0004661,-1.0,0.0,1.0,2.0,-1.0,-0.1207,2.0,0.0,0.4782,-1.0,0.0001,0.0,0.0,0.0,1.0,1.0,-0.5136,False,False,1.0,1.0,16.52,34.88,False,-1.0,bearish,0.0,0.0,0.081188,0.054829,trade,no,False,False,35.0,55.39,,0.28487,0.05,30.0,600.0,-4.0,5.0,0.4799,-0.3362,-0.2357,-0.2466,False,,False,True,8.46,2026-05-07 22:04:32+00:00,,0.0,,,,,,,,,,,bearish,bearish,False,False,1.921,3.313,False,False,False,,,40.28,0.0,,22.0,,,,,,,,,,,,,,,,,,,,,,,,,,,,,,,,,,,,,,,,,,,,,,,,,,,,,,,,,,,,,,,,,,,,,,,,,,,,,,,0.556885978284358,19,2026-W19,0.78,False,0.999734035643537,9.947190803194089e-07,0.00026496963738889805,0.6719939118824986,-1.231801708398546,0.11825384960383123,6,0,
2026-05-07 23:18:29+00:00,2026-05-07 23:00,KXETHD-26MAY0720-T2289.99,2026-05-08T00:00:00Z,2287.68,2289.99,0.1011,0.36,real,0.180646,0.5141,0.00024347,0.00019274,0.00043789,0.4401,0.08,0.00036347,-1.0,-1.0,0.0,2.0,-1.0,-0.1615,2.0,0.0,0.5865,-1.0,0.0001,-1.0,0.0,0.0,0.0,0.0,-0.2653,False,False,0.0,0.0,43.37,39.54,False,0.0,bearish,0.0,0.0,0.234354,0.20968,trade,no,False,False,35.0,41.48,,0.585886,0.05,30.0,600.0,-4.0,2.0,0.3741,0.2139,0.0144,0.0,False,,True,False,-30.0,2026-05-07 23:18:29+00:00,,0.0,,,,,,,,,,,bearish,bearish,False,False,1.84,3.389,False,False,False,,,41.22,0.0014,,23.0,,,,,,,,,,,,,,,,,,,,,,,,,,,,,,,,,,,,,,,,,,,,,,,,,,,,,,,,,,,,,,,,,,,,,,,,,,,,,,,0.5227426095208287,19,2026-W19,0.64,False,0.9997619022112235,8.801473672016607e-07,0.00023721764141485012,0.6532849598891917,-0.6845467535768233,0.16056211690835975,6,0,
2026-05-08 00:38:55+00:00,2026-05-08 00:00,KXETHD-26MAY0721-T2289.99,2026-05-08T01:00:00Z,2287.53,2289.99,0.1075,0.31,real,0.264006,0.6457,0.00042155,0.00045152,0.0004725,0.9556,0.03,0.00047744,-1.0,0.0,1.0,1.0,1.0,0.288,2.0,0.0,0.5868,-1.0,0.0001,0.0,0.0,0.0,0.0,0.0,,False,False,0.0,0.0,58.17,75.36,True,-1.0,bearish,0.0,0.0,0.075994,0.047904,trade,no,False,False,35.0,21.02,,0.233827,0.05,30.0,600.0,-4.0,2.0,0.3741,-0.1845,-0.2388,-0.0821,False,,False,True,13.48,2026-05-08 00:38:55+00:00,,0.0,,,,,,,,,,,bearish,bearish,False,False,1.846,3.383,False,False,False,,,41.39,0.0423,-0.23,0.0,,,,,,,,,,,,,,,,,,,,,,,,,,,,,,,,,,,,,,,,,,,,,,,,,,,,,,,,,,,,,,,,,,,,,,,,,,,,,,,0.5474358924870895,19,2026-W19,0.69,False,0.9999992411970063,1.0984152161517404e-07,6.48961471990739e-07,0.6421028754984861,-0.6133229709959167,0.05680968754672094,6,0,
2026-05-08 01:03:25+00:00,2026-05-08 01:00,KXETHD-26MAY0722-T2289.99,2026-05-08T02:00:00Z,2287.63,2289.99,0.1033,0.34,real,0.190298,0.3036,0.00042427,0.00047299,0.00033306,1.4201,0.18,0.00059535,0.0,-1.0,0.0,1.0,0.0,0.0245,2.0,0.0,0.4863,-1.0,0.0001,0.0,0.0,0.0,0.0,0.0,-0.0182,False,False,0.0,0.0,51.15,41.27,False,-1.0,bearish,0.0,0.0,0.254702,0.229582,trade,no,False,False,36.0,56.51,,0.59233,0.05,30.0,600.0,-4.0,2.0,0.3741,-0.1222,0.133,0.1764,False,,False,True,15.45,2026-05-08 01:03:25+00:00,,0.0,,,,,,,,,,,bearish,bearish,False,False,1.842,3.387,False,False,False,,,42.6,0.0028,,1.0,,,,,,,,,,,,,,,,,,,,,,,,,,,,,,,,,,,,,,,,,,,,,,,,,,,,,,,,,,,,,,,,,,,,,,,,,,,,,,,0.5570792366314742,19,2026-W19,0.6599999999999999,False,0.9999979203038006,1.6843005344076967e-07,1.9112661328453543e-06,0.6608889911335971,-0.3527313969512704,0.0675736283450435,6,0,
2026-05-08 02:00:50+00:00,2026-05-08 01:00,KXETHD-26MAY0723-T2289.99,2026-05-08T03:00:00Z,2283.93,2289.99,0.2652,0.19,real,0.080304,1.145,0.00039116,0.00031123,0.00039242,0.7931,0.13,0.00039589,-1.0,-1.0,0.0,2.0,-1.0,-0.1233,2.0,0.0,0.5306,-1.0,0.0001,0.0,0.0,0.0,0.0,0.0,-0.0546,False,False,0.0,0.0,27.91,31.13,False,-1.0,bearish,0.0,0.0,0.189696,0.170423,trade,no,False,False,35.0,59.11,,0.743906,0.05,30.0,600.0,-4.0,3.0,0.359,-0.0582,-0.0569,0.0407,False,,False,True,7.04,2026-05-08 02:00:50+00:00,,0.0,,,,,,,,,,,bearish,bearish,False,False,2.007,3.231,False,False,False,,,42.74,0.4823,,2.0,,,,,,,,,,,,,,,,,,,,,,,,,,,,,,,,,,,,,,,,,,,,,,,,,,,,,,,,,,,,,,,,,,,,,,,,,,,,,,,0.5563267071915378,19,2026-W19,0.81,False,0.9999976965480455,2.0486158816718746e-07,2.098590363945053e-06,0.642876301867207,-0.39025601918487496,0.12989005369470497,6,0,
2026-05-08 12:00:01+00:00,2026-05-08 11:00,KXETHD-26MAY0809-T2299.99,2026-05-08T13:00:00Z,2295.49,2299.99,0.1962,0.3,real,0.149792,0.57,0.00040144,0.00043273,0.00048278,0.8963,0.05,0.00048281,0.0,-1.0,0.0,2.0,0.0,0.0412,2.0,-1.0,0.9282,0.0,4.451e-05,0.0,1.0,-1.0,-2.0,-2.0,0.7553,False,False,-1.0,-1.0,91.44,84.81,False,1.0,bearish,0.0,0.0,0.175208,0.151293,trade,no,False,False,38.0,59.94,,0.539101,0.05,30.0,600.0,-2.0,-10.0,0.3182,0.0741,0.068,0.0144,False,,False,True,12.86,2026-05-08 12:00:01+00:00,,0.0,,,,,,,,,,,bearish,bearish,False,False,1.494,3.718,False,False,True,,,44.05,0.8129,,12.0,,,,,,,,,,,,,,,,,,,,,,,,,,,,,,,,,,,,,,,,,,,,,,,,,,,,,,,,,,,,,,,,,,,,,,,,,,,,,,,0.5220051987054274,19,2026-W19,0.7,False,0.9999996980587328,1.1240062185343464e-07,1.8954064413906348e-07,0.6274015635464075,3.080990049023846,0.4876675603217149,6,0,
2026-05-08 14:02:18+00:00,2026-05-08 14:00,KXETHD-26MAY0811-T2279.99,2026-05-08T15:00:00Z,2275.99,2279.99,0.1758,0.39,real,0.237322,0.4977,0.00061804,0.00046147,0.00082828,0.5571,0.04,0.00068358,0.0,0.0,1.0,2.0,-1.0,-0.1219,2.0,-1.0,1.0,-1.0,0.00014262,-1.0,0.0,0.0,0.0,0.0,-0.0975,False,False,1.0,1.0,14.9,13.12,False,-1.0,bearish,0.0,0.0,0.187678,0.160576,trade,no,False,False,38.0,57.64,,0.457752,0.05,30.0,600.0,-4.0,3.0,0.359,-0.0185,-0.0198,-0.0553,False,,True,False,-30.0,2026-05-08 14:02:18+00:00,,0.0,,,,,,,,,,,bearish,bearish,False,False,2.363,2.893,False,False,True,,,42.34,0.002,,14.0,,,,,,,,,,,,,,,,,,,,,,,,,,,,,,,,,,,,,,,,,,,,,,,,,,,,,,,,,,,,,,,,,,,,,,,,,,,,,,,0.5033212127535999,19,2026-W19,0.61,False,0.9999821683945039,1.8594470494614697e-06,1.597215844047596e-05,0.7246713337428409,2.4096960702948103,0.5432304698359696,1,6,
2026-05-08 16:12:14+00:00,2026-05-08 16:00,KXETHD-26MAY0813-T2299.99,2026-05-08T17:00:00Z,2290.41,2299.99,0.4182,0.15,real,0.037007,0.9528,0.00059648,0.00065176,0.00058289,1.1182,0.02,0.00063405,1.0,-1.0,0.0,2.0,0.0,-0.0289,2.0,-1.0,1.0,-1.0,0.00011901,1.0,0.0,0.0,-1.0,-1.0,0.536,False,False,-1.0,-1.0,90.38,72.48,False,1.0,bearish,0.0,0.0,0.13,0.112963,trade,no,False,False,39.0,47.71,,0.8125,0.05,30.0,600.0,-2.0,-3.0,0.3869,0.1893,-0.0981,0.0349,False,,False,True,5.29,2026-05-08 16:12:14+00:00,,0.0,,,,,,,,,,,bearish,bearish,False,False,1.718,3.505,False,False,True,,,39.8,0.8084,,16.0,,,,,,,,,,,,,,,,,,,,,,,,,,,,,,,,,,,,,,,,,,,,,,,,,,,,,,,,,,,,,,,,,,,,,,,,,,,,,,,0.5079330107893189,19,2026-W19,0.85,False,0.9999254745643233,1.9353315274762723e-06,7.259010415579374e-05,0.7648708257323067,2.9975108898783738,0.6878612716763076,6,6,
2026-05-09 05:03:59+00:00,2026-05-09 05:00,KXETHD-26MAY0902-T2309.99,2026-05-09T06:00:00Z,2312.18,2309.99,-0.0947,0.62,real,0.743923,-0.4533,0.00050577,0.00039586,0.00041442,0.9552,0.01,0.00041071,1.0,0.0,1.0,1.0,0.0,-0.0941,2.0,0.0,0.696,-1.0,8.381e-05,0.0,0.0,0.0,0.0,0.0,-0.0976,False,False,1.0,1.0,3.44,15.5,False,0.0,bearish,0.0,0.0,0.108923,0.077431,trade,yes,False,False,42.0,55.96,,0.286638,0.05,50.0,1000.0,0.0,2.0,0.5909,-0.2287,-0.0251,-0.0065,False,,True,True,30.65,2026-05-09 05:03:59+00:00,,0.0,,,,,,,,,,,bearish,bearish,False,False,0.761,4.413,False,False,False,,,20.22,0.0037,,5.0,,,,,,,,,,,,,,,,,,,,,,,,,,,,,,,,,,,,,,,,,,,,,,,,,,,,,,,,,,,,,,,,,,,,,,,,,,,,,,,0.4697259341682406,19,2026-W19,0.62,False,0.9999997770869378,2.2208995683999754e-07,8.231049152060634e-10,0.572629672465313,1.8977078326387353,0.8554752640355798,6,6,
2026-05-09 07:08:57+00:00,2026-05-09 07:00,KXETHD-26MAY0904-T2309.99,2026-05-09T08:00:00Z,2312.53,2309.99,-0.1099,0.71,real,0.792297,-0.6486,0.00031149,0.00034852,0.00027826,1.2525,0.08,0.00034913,1.0,0.0,1.0,2.0,-1.0,-0.2012,2.0,0.0,0.6082,-1.0,8.138e-05,0.0,0.0,0.0,0.0,0.0,-0.0657,False,False,1.0,1.0,9.48,21.15,False,0.0,bearish,0.0,0.0,0.067297,0.037884,trade,yes,False,False,42.0,50.98,,0.232057,0.05,50.0,1000.0,0.0,4.0,0.55,-0.2304,-0.0475,-0.0933,False,,True,True,20.42,2026-05-09 07:08:57+00:00,,0.0,,,,,,,,,,,bearish,bearish,False,False,0.745,4.428,False,False,False,,,19.42,0.211,,7.0,,,,,,,,,,,,,,,,,,,,,,,,,,,,,,,,,,,,,,,,,,,,,,,,,,,,,,,,,,,,,,,,,,,,,,,,,,,,,,,0.4697259341682406,19,2026-W19,0.71,False,0.99999976492495,2.3470445195823517e-07,3.705951298462629e-10,0.5434486093094908,1.2361891501356697,0.841208078562169,1,6,
2026-05-09 18:45:04+00:00,2026-05-09 18:00,KXETHD-26MAY0915-T2329.99,2026-05-09T19:00:00Z,2331.24,2329.99,-0.0538,0.69,real,0.762804,-0.401,0.00047558,0.00040431,0.00028107,1.4384,0.06,0.00037775,-1.0,-1.0,0.0,1.0,0.0,-0.043,2.0,0.0,0.5293,0.0,2.205e-05,1.0,1.0,-1.0,-2.0,-2.0,0.6372,False,False,0.0,0.0,77.62,85.21,True,1.0,bullish,0.0,0.0,0.072804,0.042831,trade,yes,False,False,43.0,14.9,,0.234851,0.05,50.0,1000.0,4.0,-6.0,0.5144,0.076,-0.1028,-0.0322,False,,False,False,-50.0,2026-05-09 18:45:04+00:00,,0.0,,,,,,,,,,,bearish,bullish,False,False,3.389,5.195,False,False,True,,,14.45,0.5452,,18.0,,,,,,,,,,,,,,,,,,,,,,,,,,,,,,,,,,,,,,,,,,,,,,,,,,,,,,,,,,,,,,,,,,,,,,,,,,,,,,,0.4534977387796851,19,2026-W19,0.69,False,0.9999998168052738,1.8319456314904066e-07,1.7586204189529228e-13,0.44932738174616943,1.1284272340123618,0.8271296527604287,1,6,
2026-05-09 19:01:10+00:00,2026-05-09 19:00,KXETHD-26MAY0917-T2329.99,2026-05-09T21:00:00Z,2330.6,2329.99,-0.026,0.51,real,0.564281,-0.1329,0.00042259,0.00023623,0.00095214,0.2481,0.04,0.00023623,-1.0,-1.0,0.0,0.0,0.0,-0.0334,2.0,0.0,0.6055,0.0,2.324e-05,0.0,0.0,0.0,-1.0,-1.0,0.5976,False,False,0.0,0.0,69.42,75.33,False,1.0,bullish,0.0,0.0,0.054281,0.021788,trade,yes,False,False,66.0,118.8,,0.110777,0.05,50.0,1000.0,4.0,-5.0,0.5144,-0.2414,0.018,0.0395,False,,False,False,-50.0,2026-05-09 19:01:10+00:00,,0.0,,,,,,,,,,,bearish,bullish,False,False,3.418,5.168,False,False,True,,,14.85,0.0123,,19.0,,,,,,,,,,,,,,,,,,,,,,,,,,,,,,,,,,,,,,,,,,,,,,,,,,,,,,,,,,,,,,,,,,,,,,,,,,,,,,,0.4586381064924224,19,2026-W19,0.51,False,0.9999998325558435,1.674440954187363e-07,6.040652766395416e-14,0.42690948173766413,1.397211469077992,0.8411191606295255,1,6,
2026-05-09 19:08:41+00:00,2026-05-09 19:00,KXETHD-26MAY0916-T2329.99,2026-05-09T20:00:00Z,2330.86,2329.99,-0.0374,0.54,real,0.657823,-0.142,0.00041531,0.00026718,0.00051984,0.514,0.02,0.00043776,-1.0,-1.0,0.0,0.0,0.0,-0.0445,2.0,0.0,0.6088,0.0,2.348e-05,0.0,0.0,0.0,-1.0,-1.0,0.4918,False,False,0.0,0.0,58.92,71.83,False,0.0,bullish,0.0,0.0,0.117823,0.085435,trade,yes,False,False,66.0,51.28,,0.256136,0.05,50.0,1000.0,4.0,0.0,0.65,-0.245,-0.073,-0.0549,False,,True,True,42.59,2026-05-09 19:08:41+00:00,,0.0,,,,,,,,,,,bearish,bullish,False,False,3.406,5.179,False,False,True,,,14.64,0.0366,,19.0,,,,,,,,,,,,,,,,,,,,,,,,,,,,,,,,,,,,,,,,,,,,,,,,,,,,,,,,,,,,,,,,,,,,,,,,,,,,,,,0.4586381064924224,19,2026-W19,0.54,False,0.9999998325558435,1.674440954187363e-07,6.040652766395416e-14,0.42690948173766413,1.397211469077992,0.8411191606295255,1,6,
2026-05-09 19:51:18+00:00,2026-05-09 19:00,KXETHD-26MAY0916-T2329.99,2026-05-09T20:00:00Z,2330.62,2329.99,-0.0269,0.58,real,0.712326,-0.1608,0.00022603,0.00015597,0.00045221,0.3449,0.11,0.00067597,-1.0,-1.0,0.0,0.0,0.0,0.0623,2.0,0.0,0.5531,0.0,2.59e-05,0.0,0.0,0.0,-1.0,-1.0,0.4445,False,False,0.0,0.0,34.59,42.71,False,0.0,bullish,0.0,0.0,0.132326,0.100274,trade,yes,False,False,65.0,8.66,,0.315062,0.05,50.0,1000.0,4.0,0.0,0.65,-0.0468,-0.0597,0.0,False,,True,True,36.21,2026-05-09 19:51:18+00:00,,0.0,,,,,,,,,,,bearish,bullish,False,False,3.417,5.169,False,False,True,,,14.48,0.0533,,19.0,,,,,,,,,,,,,,,,,,,,,,,,,,,,,,,,,,,,,,,,,,,,,,,,,,,,,,,,,,,,,,,,,,,,,,,,,,,,,,,0.4586381064924224,19,2026-W19,0.58,False,0.9999998325558435,1.674440954187363e-07,6.040652766395416e-14,0.42690948173766413,1.397211469077992,0.8411191606295255,1,6,
2026-05-09 19:52:21+00:00,2026-05-09 19:00,KXETHD-26MAY0917-T2329.99,2026-05-09T21:00:00Z,2330.59,2329.99,-0.0256,0.5,real,0.58067,-0.1085,0.0003058,0.00037725,,,0.02,0.00037725,-1.0,-1.0,0.0,0.0,0.0,0.0465,2.0,0.0,0.472,0.0,2.59e-05,0.0,0.0,0.0,-1.0,-1.0,0.595,False,False,0.0,0.0,56.15,49.89,False,1.0,bullish,0.0,0.0,0.08067,0.04817,trade,yes,False,False,65.0,67.61,,0.16134,0.05,50.0,1000.0,4.0,-4.0,0.5473,0.1031,0.15,0.15,False,,False,False,-50.0,2026-05-09 19:52:21+00:00,,0.0,,,,,,,,,,,bearish,bullish,False,False,3.419,5.168,False,False,True,,,14.48,0.0544,,19.0,,,,,,,,,,,,,,,,,,,,,,,,,,,,,,,,,,,,,,,,,,,,,,,,,,,,,,,,,,,,,,,,,,,,,,,,,,,,,,,0.4586381064924224,19,2026-W19,0.5,False,0.9999998325558435,1.674440954187363e-07,6.040652766395416e-14,0.42690948173766413,1.397211469077992,0.8411191606295255,1,6,
2026-05-10 00:19:27+00:00,2026-05-10 00:00,KXETHD-26MAY0921-T2329.99,2026-05-10T01:00:00Z,2326.68,2329.99,0.1424,0.23,real,0.217698,0.9164,0.00029012,0.00027781,0.00030266,0.9179,0.01,0.0002905,0.0,-1.0,0.0,1.0,0.0,-0.05,2.0,0.0,0.4462,-1.0,9.704e-05,0.0,0.0,0.0,0.0,0.0,,False,False,0.0,0.0,31.13,24.1,False,0.0,bullish,0.0,0.0,0.056194,0.031142,trade,no,False,False,42.0,40.51,,0.244322,0.05,50.0,1000.0,2.0,0.0,0.651,0.1037,0.1054,-0.0339,False,,False,True,14.94,2026-05-10 00:19:27+00:00,,0.0,,,,,,,,,,,bearish,bullish,False,False,3.592,5.009,False,False,False,,,13.94,0.3566,,0.0,,,,,,,,,,,,,,,,,,,,,,,,,,,,,,,,,,,,,,,,,,,,,,,,,,,,,,,,,,,,,,,,,,,,,,,,,,,,,,,0.5279775900955956,19,2026-W19,0.77,False,0.9999998144817711,1.8551822349756126e-07,1.9535730920712158e-14,0.34842468225031753,-0.0898388156561376,0.6187859105670711,1,6,
2026-05-10 16:06:10+00:00,2026-05-10 16:00,KXETHD-26MAY1013-T2339.99,2026-05-10T17:00:00Z,2345.31,2339.99,-0.2266,0.74,real,0.802327,-0.8322,0.00056109,0.00045213,0.00048088,0.9402,0.05,0.00048913,1.0,-1.0,0.0,2.0,0.0,-0.0984,2.0,-1.0,0.9296,0.0,3.087e-05,1.0,1.0,-1.0,-2.0,-2.0,0.6339,False,False,-1.0,-1.0,86.11,87.39,True,1.0,bullish,0.0,0.0,0.062327,0.033859,trade,yes,False,False,41.0,53.78,,0.23972,0.05,50.0,1000.0,3.0,-9.0,0.5144,0.344,0.0315,0.0,False,,True,True,17.57,2026-05-10 16:06:10+00:00,,0.0,,,,,,,,,,,bullish,bullish,False,True,2.77,0.986,False,False,False,,,17.76,0.0,,16.0,,,,,,,,,,,,,,,,,,,,,,,,,,,,,,,,,,,,,,,,,,,,,,,,,,,,,,,,,,,,,,,,,,,,,,,,,,,,,,,0.4687198915201207,19,2026-W19,0.74,False,0.9999999720372164,2.7962776842595148e-08,6.633131201271364e-19,0.4391778549017715,1.5607529848725576,0.9187817258883303,1,6,
2026-05-10 17:51:48+00:00,2026-05-10 17:00,KXETHD-26MAY1014-T2359.99,2026-05-10T18:00:00Z,2362.65,2359.99,-0.1125,0.61,real,0.718313,-0.358,0.00064031,0.00060625,0.00141109,0.4296,0.03,0.00101949,1.0,-1.0,0.0,2.0,0.0,0.0079,2.0,1.0,0.9775,0.0,3.689e-05,1.0,1.0,-1.0,-2.0,-2.0,0.803,False,False,-1.0,-1.0,100.0,91.71,False,1.0,bullish,0.0,0.0,0.108313,0.07666,trade,yes,False,False,41.0,8.16,,0.277726,0.05,50.0,1000.0,4.0,-14.0,0.5144,0.4682,0.3863,0.2763,False,,True,True,31.97,2026-05-10 17:51:48+00:00,,0.0,,,,,,,,,,,bullish,bullish,False,True,2.015,1.712,False,False,False,,,20.74,1.2926,0.51,17.0,,,,,,,,,,,,,,,,,,,,,,,,,,,,,,,,,,,,,,,,,,,,,,,,,,,,,,,,,,,,,,,,,,,,,,,,,,,,,,,0.4659282729727018,19,2026-W19,0.61,False,0.9999999918697995,8.130210623128486e-09,3.808212742149477e-19,0.3865719976249006,2.857340989202971,0.9215362378690948,1,6,
2026-05-10 18:05:19+00:00,2026-05-10 18:00,KXETHD-26MAY1015-T2359.99,2026-05-10T19:00:00Z,2365.55,2359.99,-0.2349,0.71,real,0.762379,-0.7133,0.00066648,0.00057362,0.00057489,0.9978,0.02,0.00058684,1.0,-1.0,0.0,2.0,0.0,-0.0866,2.0,0.0,0.401,0.0,3.604e-05,1.0,1.0,-1.0,-2.0,-2.0,0.7515,False,False,-1.0,-1.0,96.28,90.56,False,1.0,bullish,0.0,0.0,0.052379,0.022966,trade,yes,False,False,43.0,54.64,,0.180617,0.05,50.0,1000.0,5.0,-12.0,0.5144,0.4684,0.0761,0.1151,False,,False,False,-50.0,2026-05-10 18:05:19+00:00,,0.0,,,,,,,,,,,bullish,bullish,False,True,1.89,1.833,False,False,False,,,23.84,0.0134,,18.0,,,,,,,,,,,,,,,,,,,,,,,,,,,,,,,,,,,,,,,,,,,,,,,,,,,,,,,,,,,,,,,,,,,,,,,,,,,,,,,0.486834245631181,19,2026-W19,0.71,False,0.999999955540802,4.4459153087247584e-08,5.367017345003232e-14,0.4695171174599877,3.250181567778667,0.8465826966756171,1,6,
2026-05-11 00:10:54+00:00,2026-05-11 00:00,KXETHD-26MAY1021-T2379.99,2026-05-11T01:00:00Z,2368.9,2379.99,0.4681,0.2,real,0.168021,1.0886,0.00065896,0.00067581,0.00079225,0.853,0.01,0.0007292,0.0,-1.0,0.0,2.0,0.0,0.0871,2.0,-1.0,0.8116,-1.0,0.00012129,-1.0,0.0,0.0,0.0,0.0,,False,False,0.0,-1.0,80.33,85.61,True,1.0,bullish,0.0,0.0,0.062626,0.039331,trade,no,False,False,43.0,49.05,,0.313131,0.05,50.0,1000.0,3.0,-4.0,0.5473,-0.4108,-0.0527,-0.2048,False,,False,True,12.5,2026-05-11 00:10:54+00:00,,0.0,,,,,,,,,,,bullish,bullish,False,True,1.746,6.702,False,False,False,,,24.09,0.0826,0.05,0.0,,,,,,,,,,,,,,,,,,,,,,,,,,,,,,,,,,,,,,,,,,,,,,,,,,,,,,,,,,,,,,,,,,,,,,,,,,,,,,,0.5116164830898172,20,2026-W20,0.8,False,2.165169266501713e-05,0.0010480678878916777,0.9989302804194394,2.1932049135609812,1.4766966044419512,0.5754350640011521,0,1,
2026-05-11 05:04:40+00:00,2026-05-11 05:00,KXETHD-26MAY1102-T2339.99,2026-05-11T06:00:00Z,2334.15,2339.99,0.25,0.21,real,0.183848,0.89,0.00025449,0.00028335,0.00041658,0.6802,0.04,0.00041028,0.0,-1.0,0.0,1.0,0.0,0.0287,2.0,0.0,0.7075,-1.0,9.033e-05,0.0,0.0,0.0,1.0,1.0,-0.4171,False,False,0.0,0.0,34.82,34.75,False,-1.0,neutral,0.0,0.0,0.03885,0.01392,trade,no,False,False,41.0,55.26,,0.184999,0.05,50.0,1000.0,0.0,0.0,0.5174,0.0673,-0.0711,-0.0711,False,,False,True,13.29,2026-05-11 05:04:40+00:00,,0.0,,,,,,,,,,,bullish,bullish,False,True,1.524,5.313,False,False,False,,,19.33,0.0045,,5.0,,,,,,,,,,,,,,,,,,,,,,,,,,,,,,,,,,,,,,,,,,,,,,,,,,,,,,,,,,,,,,,,,,,,,,,,,,,,,,,0.5278098468417897,20,2026-W20,0.79,False,7.448471201101884e-06,0.0015476017134135355,0.9984449498153721,0.2499660498493106,-2.8504145041768174,0.3392780094923066,4,2,
2026-05-11 06:05:16+00:00,2026-05-11 06:00,KXETHD-26MAY1103-T2339.99,2026-05-11T07:00:00Z,2333.78,2339.99,0.2661,0.2,real,0.180055,0.9612,0.00032202,0.00022906,0.00042705,0.5364,0.01,0.00037393,1.0,-1.0,0.0,2.0,-1.0,-0.2244,2.0,0.0,0.6971,-1.0,8.5e-05,0.0,0.0,0.0,1.0,1.0,-0.3788,False,False,0.0,0.0,52.37,52.33,False,-1.0,neutral,0.0,0.0,0.044446,0.020251,trade,no,False,False,41.0,54.69,,0.222231,0.05,50.0,1000.0,0.0,0.0,0.5174,-0.2262,-0.0925,-0.0514,False,,False,True,12.5,2026-05-11 06:05:16+00:00,,0.0,,,,,,,,,,,bullish,bullish,False,True,1.54,5.298,False,False,True,,,18.46,1.9899,,6.0,,,,,,,,,,,,,,,,,,,,,,,,,,,,,,,,,,,,,,,,,,,,,,,,,,,,,,,,,,,,,,,,,,,,,,,,,,,,,,,0.569403694067567,20,2026-W20,0.8,False,3.944442254333692e-06,0.001416961073894258,0.9985790944838517,0.31956137400248125,-3.3157984159283247,0.2690924780670212,4,2,
2026-05-11 10:14:13+00:00,2026-05-11 10:00,KXETHD-26MAY1107-T2339.99,2026-05-11T11:00:00Z,2336.77,2339.99,0.1377,0.3,real,0.255426,0.601,0.00041797,0.00043929,0.00038816,1.1317,0.04,0.00049804,1.0,0.0,1.0,2.0,1.0,0.1092,2.0,0.0,0.5697,-1.0,5.398e-05,0.0,0.0,0.0,0.0,0.0,-0.1735,False,False,0.0,-1.0,89.5,72.53,False,0.0,neutral,0.0,0.0,0.044841,0.016538,trade,no,False,False,40.0,45.73,,0.149471,0.05,50.0,1000.0,0.0,-1.0,0.483,0.0325,0.0749,0.0749,False,,False,True,21.43,2026-05-11 10:14:13+00:00,,0.0,,,,,,,,,,,bullish,bullish,False,True,1.41,5.419,False,False,True,,,15.88,0.0041,,10.0,,,,,,,,,,,,,,,,,,,,,,,,,,,,,,,,,,,,,,,,,,,,,,,,,,,,,,,,,,,,,,,,,,,,,,,,,,,,,,,0.5364036774645704,20,2026-W20,0.7,False,4.924302902859805e-06,0.0014600056403632016,0.9985350700567199,0.33522817101349794,-2.8760626114330043,0.2538472601754644,4,2,
2026-05-11 13:37:02+00:00,2026-05-11 13:00,KXETHD-26MAY1110-T2319.99,2026-05-11T14:00:00Z,2315.89,2319.99,0.1771,0.27,real,0.161662,0.7032,0.00041985,0.0004951,0.00060329,0.8207,0.02,0.00057143,0.0,1.0,2.0,1.0,0.0,0.0902,2.0,0.0,0.4503,-1.0,5.887e-05,0.0,-1.0,1.0,2.0,2.0,-0.8759,False,False,1.0,1.0,0.0,4.05,False,-1.0,neutral,0.0,0.0,0.061408,0.034852,trade,no,False,False,40.0,22.92,,0.227436,0.05,50.0,1000.0,-2.0,10.0,0.5918,-0.6341,-0.5296,-0.3571,False,,True,False,-50.0,2026-05-11 13:37:02+00:00,,0.0,,,,,,,,,,,bullish,bearish,False,True,2.324,4.566,False,False,False,,,15.55,0.7137,,13.0,,,,,,,,,,,,,,,,,,,,,,,,,,,,,,,,,,,,,,,,,,,,,,,,,,,,,,,,,,,,,,,,,,,,,,,,,,,,,,,0.556885978284358,20,2026-W20,0.73,False,9.256330713188738e-07,0.0016411592058532553,0.9983579151610763,0.2320403727872343,-2.7341834115616437,0.12627642744139472,4,2,
2026-05-11 16:00:18+00:00,2026-05-11 16:00,KXETHD-26MAY1113-T2339.99,2026-05-11T17:00:00Z,2332.0,2339.99,0.3426,0.21,real,0.137899,0.8612,0.00082928,0.00067785,0.00054905,1.2346,0.05,0.00067646,0.0,-1.0,0.0,2.0,0.0,0.084,2.0,0.0,0.656,-1.0,6.015e-05,0.0,0.0,0.0,0.0,0.0,0.1595,False,False,-1.0,-1.0,91.69,83.7,False,0.0,neutral,0.0,0.0,0.042783,0.018035,trade,no,False,False,40.0,59.66,,0.203729,0.05,50.0,1000.0,0.0,-3.0,0.4098,0.0562,0.2191,0.0,False,,False,True,13.29,2026-05-11 16:00:18+00:00,,0.0,,,,,,,,,,,bullish,bearish,False,True,1.617,5.226,False,False,False,,,17.22,0.0,,16.0,,,,,,,,,,,,,,,,,,,,,,,,,,,,,,,,,,,,,,,,,,,,,,,,,,,,,,,,,,,,,,,,,,,,,,,,,,,,,,,0.5157288466973835,20,2026-W20,0.79,False,1.655413398891132e-07,0.0017369636168437625,0.9982628708418173,0.2713008709890261,-1.6043376561449663,0.34595502713879484,4,2,
2026-05-11 21:17:00+00:00,2026-05-11 21:00,KXETHD-26MAY1118-T2339.99,2026-05-11T22:00:00Z,2340.3,2339.99,-0.0134,0.46,real,0.645996,-0.0452,0.00034657,0.00040497,,,0.01,0.00053855,-1.0,-1.0,0.0,1.0,0.0,-0.0022,2.0,0.0,0.5832,-1.0,5.541e-05,0.0,0.0,0.0,-1.0,-1.0,0.3639,False,False,0.0,0.0,57.94,49.03,False,1.0,bullish,0.0,0.0,0.170996,0.138608,trade,yes,False,False,41.0,42.94,,0.316659,0.05,50.0,1000.0,0.0,-2.0,0.4718,0.1125,0.0641,0.1193,False,,True,True,58.7,2026-05-11 21:17:00+00:00,,0.0,,,,,,,,,,,bullish,bearish,False,True,1.257,5.562,False,False,True,,,16.96,0.0734,,21.0,,,,,,,,,,,,,,,,,,,,,,,,,,,,,,,,,,,,,,,,,,,,,,,,,,,,,,,,,,,,,,,,,,,,,,,,,,,,,,,0.4545993149360113,20,2026-W20,0.46,False,0.00016159361194663293,0.00011036698257453812,0.9997280394054872,0.14766096454496,1.0390789956099717,0.7034164358264097,0,2,
2026-05-12 02:02:07+00:00,2026-05-12 02:00,KXETHD-26MAY1123-T2319.99,2026-05-12T03:00:00Z,2313.44,2319.99,0.2832,0.3,real,0.167611,0.6482,0.00092232,0.00074844,0.00070924,1.0553,0.04,0.00075493,0.0,-1.0,0.0,2.0,-1.0,-0.126,2.0,-1.0,0.9196,-1.0,5.757e-05,-1.0,0.0,0.0,0.0,0.0,0.0078,False,False,1.0,0.0,34.44,29.99,False,-1.0,neutral,0.0,0.0,0.076558,0.049411,trade,no,False,False,39.0,57.83,,0.255192,0.05,50.0,1000.0,-4.0,2.0,0.3741,-0.4622,-0.1166,0.0545,False,,False,True,21.43,2026-05-12 02:02:07+00:00,,0.0,,,,,,,,,,,bearish,bearish,False,True,2.433,4.465,False,False,True,,,21.29,0.2276,,2.0,,,,,,,,,,,,,,,,,,,,,,,,,,,,,,,,,,,,,,,,,,,,,,,,,,,,,,,,,,,,,,,,,,,,,,,,,,,,,,,0.5275562432994129,20,2026-W20,0.7,False,0.9983983646451241,1.445863092612912e-06,0.0016001894917840257,0.6037013612082496,-1.9698631135089393,0.3817493524606553,1,0,
2026-05-12 03:04:30+00:00,2026-05-12 03:00,KXETHD-26MAY1200-T2319.99,2026-05-12T04:00:00Z,2314.74,2319.99,0.2269,0.23,real,0.178483,0.8012,0.00054653,0.00043421,0.00041187,1.0542,0.05,0.00049975,0.0,-1.0,0.0,1.0,0.0,-0.0887,2.0,0.0,0.7907,-1.0,6.823e-05,0.0,0.0,0.0,0.0,0.0,0.1078,False,False,0.0,0.0,41.35,37.72,False,-1.0,bearish,0.0,0.0,0.040372,0.014615,trade,no,False,False,41.0,55.45,,0.175531,0.05,50.0,1000.0,-2.0,1.0,0.4655,0.0553,0.0566,0.0,False,,False,True,14.94,2026-05-12 03:04:30+00:00,,0.0,,,,,,,,,,,bullish,bearish,False,True,2.375,4.519,False,False,True,,,23.32,0.0,,3.0,,,,,,,,,,,,,,,,,,,,,,,,,,,,,,,,,,,,,,,,,,,,,,,,,,,,,,,,,,,,,,,,,,,,,,,,,,,,,,,0.5375522011971013,20,2026-W20,0.77,False,0.9993343553268336,9.520114114114388e-07,0.000664692661745114,0.5833277688170201,-2.7423977225614187,0.27077106993425243,1,0,
2026-05-12 05:01:43+00:00,2026-05-12 05:00,KXETHD-26MAY1202-T2319.99,2026-05-12T06:00:00Z,2311.02,2319.99,0.3882,0.28,real,0.023859,1.5256,0.00026617,0.00027347,0.00087108,0.3139,0.01,0.0004894,0.0,-1.0,0.0,2.0,-1.0,-0.1734,2.0,0.0,0.6951,-1.0,0.00012667,0.0,0.0,0.0,0.0,0.0,-0.0047,False,False,0.0,0.0,51.83,55.95,False,-1.0,bearish,0.0,0.0,0.241999,0.22444,trade,no,False,False,39.0,58.24,,0.864284,0.05,50.0,1000.0,-3.0,0.0,0.3176,-0.0346,-0.0933,-0.0933,False,,False,True,19.44,2026-05-12 05:01:43+00:00,,0.0,,,,,,,,,,,bearish,bearish,False,True,2.54,4.365,False,False,True,,,27.14,0.0002,,5.0,,,,,,,,,,,,,,,,,,,,,,,,,,,,,,,,,,,,,,,,,,,,,,,,,,,,,,,,,,,,,,,,,,,,,,,,,,,,,,,0.5449195641772602,20,2026-W20,0.72,False,0.9995641393427491,7.943352104506572e-07,0.0004350663220445408,0.5626165635474399,-2.742985724257492,0.3227734608487797,1,0,
2026-05-12 13:10:27+00:00,2026-05-12 13:00,KXETHD-26MAY1210-T2299.99,2026-05-12T14:00:00Z,2290.46,2299.99,0.416,0.19,real,0.053685,1.3645,0.00059083,0.00047601,0.0006721,0.7082,0.01,0.00056896,0.0,-1.0,0.0,3.0,-1.0,-0.1617,2.0,0.0,0.7355,-1.0,7.591e-05,0.0,0.0,0.0,0.0,0.0,-0.0995,False,False,-1.0,-1.0,81.98,71.63,False,0.0,bearish,0.0,0.0,0.126267,0.10709,trade,no,False,False,38.0,49.51,,0.664565,0.05,50.0,1000.0,-3.0,-2.0,0.3953,-0.1129,0.1057,0.0065,False,,False,True,11.73,2026-05-12 13:10:27+00:00,,0.0,,,,,,,,,,,bearish,bearish,False,False,3.46,3.507,False,False,False,,,42.23,0.0502,,13.0,,,,,,,,,,,,,,,,,,,,,,,,,,,,,,,,,,,,,,,,,,,,,,,,,,,,,,,,,,,,,,,,,,,,,,,,,,,,,,,0.6007557798400773,20,2026-W20,0.81,False,0.9925062923142899,4.359003970403263e-06,0.007489348681733779,0.5571544777376448,-3.6888946255254513,0.0,1,0,
2026-05-12 13:47:49+00:00,2026-05-12 13:00,KXETHD-26MAY1210-T2279.99,2026-05-12T14:00:00Z,2276.95,2279.99,0.1335,0.32,real,0.256034,0.511,0.00054856,0.00069465,0.00081868,0.8485,0.04,0.00074933,0.0,-1.0,0.0,1.0,0.0,-0.0828,2.0,0.0,0.6944,-1.0,7.57e-05,0.0,0.0,0.0,1.0,1.0,-0.5296,False,False,1.0,0.0,26.6,31.4,False,-1.0,bearish,0.0,0.0,0.040372,0.011272,trade,no,False,False,37.0,12.13,,0.126163,0.05,50.0,1000.0,-4.0,5.0,0.4799,-0.3878,0.1132,0.0044,False,,False,True,23.53,2026-05-12 13:47:49+00:00,,0.0,,,,,,,,,,,bearish,bearish,False,False,4.074,2.934,False,False,False,,,42.47,0.4264,,13.0,,,,,,,,,,,,,,,,,,,,,,,,,,,,,,,,,,,,,,,,,,,,,,,,,,,,,,,,,,,,,,,,,,,,,,,,,,,,,,,0.6007557798400773,20,2026-W20,0.6799999999999999,False,0.9925062923142899,4.359003970403263e-06,0.007489348681733779,0.5571544777376448,-3.6888946255254513,0.0,1,0,
2026-05-12 14:01:30+00:00,2026-05-12 14:00,KXETHD-26MAY1211-T2279.99,2026-05-12T15:00:00Z,2272.2,2279.99,0.3427,0.3,real,0.254039,0.6084,0.00072026,0.00088465,0.00085345,1.0366,0.05,0.0008757,0.0,1.0,2.0,2.0,-1.0,-0.1452,2.0,0.0,0.6686,-1.0,7.618e-05,0.0,-1.0,1.0,2.0,2.0,-0.8116,False,False,1.0,1.0,10.84,12.29,False,-1.0,bearish,0.0,0.0,0.047077,0.01885,trade,no,False,False,38.0,58.42,,0.156923,0.05,50.0,1000.0,-4.0,10.0,0.4799,-0.4738,-0.1871,0.0145,False,,False,True,21.43,2026-05-12 14:01:30+00:00,,0.0,,,,,,,,,,,bearish,bearish,False,False,4.292,2.731,False,False,False,,,44.09,0.1873,,14.0,,,,,,,,,,,,,,,,,,,,,,,,,,,,,,,,,,,,,,,,,,,,,,,,,,,,,,,,,,,,,,,,,,,,,,,,,,,,,,,0.5524447872540232,20,2026-W20,0.7,False,0.9895727874689921,4.882713302085514e-06,0.010422329817706116,0.8084025732825183,-3.8338971058794975,0.06459823051751233,1,0,
2026-05-12 15:06:24+00:00,2026-05-12 15:00,KXETHD-26MAY1212-T2279.99,2026-05-12T16:00:00Z,2269.9,2279.99,0.4446,0.21,real,0.12417,1.0633,0.00076035,0.00061777,0.00075181,0.8217,0.03,0.00067877,0.0,1.0,2.0,2.0,-1.0,-0.139,2.0,0.0,0.1146,-1.0,7.879e-05,-1.0,-1.0,1.0,2.0,2.0,-0.8563,False,False,1.0,1.0,15.68,27.93,False,-1.0,bearish,0.0,0.0,0.085272,0.06263,trade,no,False,False,37.0,53.55,,0.406055,0.05,50.0,1000.0,-4.0,10.0,0.4799,0.0198,-0.0229,-0.0269,False,,False,True,13.29,2026-05-12 15:06:24+00:00,,0.0,,,,,,,,,,,bearish,bearish,False,False,4.398,2.633,False,False,False,,,45.79,0.0017,,15.0,,,,,,,,,,,,,,,,,,,,,,,,,,,,,,,,,,,,,,,,,,,,,,,,,,,,,,,,,,,,,,,,,,,,,,,,,,,,,,,0.5538451288683461,20,2026-W20,0.79,False,0.9999999880728582,9.851775946506709e-09,2.075363246398407e-09,0.7708364338429713,-3.946747040991573,0.07171853856563079,1,0,
2026-05-12 16:51:10+00:00,2026-05-12 16:00,KXETHD-26MAY1213-T2259.99,2026-05-12T17:00:00Z,2257.05,2259.99,0.1305,0.33,real,0.269171,0.5149,0.00072891,0.00079374,0.00101087,0.7852,0.05,0.00086367,0.0,1.0,2.0,2.0,-1.0,-0.1112,2.0,0.0,0.3596,-1.0,8.596e-05,-1.0,-1.0,1.0,2.0,2.0,-0.855,False,False,1.0,1.0,17.9,22.52,False,-1.0,bearish,0.0,0.0,0.064575,0.035927,trade,no,False,False,36.0,8.59,,0.195681,0.05,50.0,1000.0,-4.0,9.0,0.4799,-0.4187,-0.1351,0.0765,True,,True,False,-50.0,2026-05-12 16:51:10+00:00,,0.0,,,,,,,,,,,bearish,bearish,False,False,4.992,2.078,False,False,False,,,47.64,1.4102,,16.0,,,,,,,,,,,,,,,,,,,,,,,,,,,,,,,,,,,,,,,,,,,,,,,,,,,,,,,,,,,,,,,,,,,,,,,,,,,,,,,0.5532427219968987,20,2026-W20,0.6699999999999999,False,0.9999999804289248,1.3607912450244833e-08,5.963151638868165e-09,0.7650172851021272,-3.6666697513720017,0.0830713964975314,1,0,
2026-05-12 17:28:18+00:00,2026-05-12 17:00,KXETHD-26MAY1214-T2279.99,2026-05-12T18:00:00Z,2273.91,2279.99,0.2673,0.21,real,0.113426,0.8145,0.00057953,0.00051713,0.00058826,0.8791,0.03,0.00058244,0.0,-1.0,0.0,2.0,-1.0,-0.221,2.0,1.0,0.9175,-1.0,8.787e-05,1.0,0.0,0.0,0.0,0.0,-0.2564,False,False,-1.0,0.0,77.99,53.86,False,0.0,bearish,0.0,0.0,0.039148,0.014231,trade,no,False,False,37.0,31.67,,0.186417,0.05,50.0,1000.0,-4.0,0.0,0.3176,0.4204,-0.0242,0.0,False,,False,True,13.29,2026-05-12 17:28:18+00:00,,0.0,,,,,,,,,,,bearish,bearish,False,False,4.213,2.804,False,False,False,,,48.39,1.8412,0.01,17.0,,,,,,,,,,,,,,,,,,,,,,,,,,,,,,,,,,,,,,,,,,,,,,,,,,,,,,,,,,,,,,,,,,,,,,,,,,,,,,,0.5145761182660828,20,2026-W20,0.79,False,0.9999880244486401,2.2969028225553942e-07,1.1745861078060366e-05,0.7129703788933335,-2.4262057717090304,0.21531207903008365,1,0,
2026-05-12 18:10:22+00:00,2026-05-12 18:00,KXETHD-26MAY1215-T2279.99,2026-05-12T19:00:00Z,2275.93,2279.99,0.1783,0.32,real,0.179162,0.6191,0.00038888,0.00034754,0.0005409,0.6425,0.06,0.00048643,0.0,-1.0,0.0,2.0,0.0,-0.0681,2.0,-1.0,0.9052,-1.0,8.827e-05,1.0,0.0,0.0,0.0,0.0,-0.134,False,False,-1.0,-1.0,89.65,89.27,False,0.0,bearish,0.0,0.0,0.086438,0.058907,trade,no,False,False,38.0,49.57,,0.270119,0.05,50.0,1000.0,-4.0,-1.0,0.3854,0.0444,-0.0294,-0.0531,False,,False,True,23.53,2026-05-12 18:10:22+00:00,,0.0,,,,,,,,,,,bearish,bearish,False,False,4.121,2.891,False,False,False,,,48.34,0.4952,,18.0,,,,,,,,,,,,,,,,,,,,,,,,,,,,,,,,,,,,,,,,,,,,,,,,,,,,,,,,,,,,,,,,,,,,,,,,,,,,,,,0.503329457388327,20,2026-W20,0.6799999999999999,False,0.9993049308032543,1.3036016845425353e-06,0.0006937655950481732,0.7738244897440276,-0.9280258513976367,0.30867079005718057,1,0,
2026-05-13 00:15:23+00:00,2026-05-13 00:00,KXETHD-26MAY1221-T2279.99,2026-05-13T01:00:00Z,2277.13,2279.99,0.1257,0.36,real,0.229599,0.6681,0.00029155,0.00024973,0.00052475,0.4759,0.03,0.00041403,0.0,0.0,1.0,2.0,-1.0,-0.1133,2.0,0.0,0.5935,-1.0,5.539e-05,0.0,0.0,0.0,0.0,0.0,,False,False,1.0,1.0,18.95,13.23,True,0.0,bearish,0.0,0.0,0.127546,0.100056,trade,no,False,False,38.0,44.57,,0.354294,0.05,50.0,1000.0,-3.0,2.0,0.3741,-0.0013,0.0765,0.0004,False,,True,False,-50.0,2026-05-13 00:15:23+00:00,,0.0,,,,,,,,,,,bearish,bearish,False,False,4.066,2.942,False,False,False,,,43.01,0.0031,0.26,0.0,,,,,,,,,,,,,,,,,,,,,,,,,,,,,,,,,,,,,,,,,,,,,,,,,,,,,,,,,,,,,,,,,,,,,,,,,,,,,,,0.5054330687163529,20,2026-W20,0.64,False,0.997822954281052,2.265509567590042e-06,0.002174780209378656,0.6323779843567595,2.0423186708769077,0.4389774120119087,1,0,
2026-05-13 05:08:18+00:00,2026-05-13 05:00,KXETHD-26MAY1302-T2309.99,2026-05-13T06:00:00Z,2305.89,2309.99,0.1778,0.25,real,0.194516,0.7537,0.00040041,0.00035129,0.00036634,0.9589,0.01,0.00043136,1.0,-1.0,0.0,3.0,0.0,0.0572,2.0,0.0,0.7071,-1.0,7.726e-05,0.0,1.0,-1.0,-2.0,-2.0,0.4828,False,False,-1.0,-1.0,83.61,89.83,True,1.0,bearish,0.0,0.0,0.045903,0.019532,trade,no,False,False,41.0,51.66,,0.183613,0.05,50.0,1000.0,0.0,-6.0,0.4058,-0.0087,-0.1473,0.0,False,,False,True,16.67,2026-05-13 05:08:18+00:00,,0.0,,,,,,,,,,,bearish,bearish,False,False,2.768,4.152,False,False,False,,,31.54,0.0284,,5.0,,,,,,,,,,,,,,,,,,,,,,,,,,,,,,,,,,,,,,,,,,,,,,,,,,,,,,,,,,,,,,,,,,,,,,,,,,,,,,,0.5021468262040079,20,2026-W20,0.75,False,0.9953851380755437,2.6779417645704984e-06,0.004612183982701023,0.6129320692170023,4.535824759063364,0.7780769230769238,1,0,
2026-05-13 11:04:17+00:00,2026-05-13 11:00,KXETHD-26MAY1308-T2309.99,2026-05-13T12:00:00Z,2305.43,2309.99,0.1978,0.31,real,0.229855,0.8188,0.00039185,0.00031353,0.00053407,0.5871,0.09,0.00047563,1.0,-1.0,0.0,1.0,0.0,0.0431,2.0,0.0,0.7021,-1.0,0.000113,-1.0,0.0,0.0,0.0,0.0,0.1593,False,False,1.0,0.0,35.37,41.45,False,0.0,bearish,0.0,0.0,0.113983,0.087952,trade,no,False,False,41.0,55.68,,0.367688,0.05,50.0,1000.0,0.0,0.0,0.5174,-0.0792,-0.0459,-0.0459,False,,False,True,22.46,2026-05-13 11:04:17+00:00,,0.0,,,,,,,,,,,bearish,bearish,False,False,2.789,4.133,False,False,False,,,24.94,0.0,,11.0,,,,,,,,,,,,,,,,,,,,,,,,,,,,,,,,,,,,,,,,,,,,,,,,,,,,,,,,,,,,,,,,,,,,,,,,,,,,,,,0.5223246092062691,20,2026-W20,0.69,False,0.9878894018093076,6.910987012225016e-06,0.012103687203675944,0.8007202954043116,3.2994447668227767,0.6734509271822723,1,0,
2026-05-13 12:01:27+00:00,2026-05-13 12:00,KXETHD-26MAY1309-T2309.99,2026-05-13T13:00:00Z,2301.54,2309.99,0.3671,0.15,real,0.094092,1.6777,0.00041234,0.00029705,0.00046223,0.6427,0.02,0.00041993,0.0,0.0,1.0,1.0,0.0,0.0239,2.0,0.0,0.4221,-1.0,0.00016533,0.0,0.0,0.0,0.0,0.0,-0.1107,False,False,1.0,1.0,9.95,14.51,False,0.0,bearish,0.0,0.0,0.110789,0.093152,trade,no,False,False,41.0,58.5,,0.738593,0.05,50.0,1000.0,0.0,3.0,0.642,-0.0278,0.0022,0.0126,False,,False,True,8.82,2026-05-13 12:01:27+00:00,,0.0,,,,,,,,,,,bearish,bearish,False,False,2.962,3.971,False,False,False,,,22.68,0.047,,12.0,,,,,,,,,,,,,,,,,,,,,,,,,,,,,,,,,,,,,,,,,,,,,,,,,,,,,,,,,,,,,,,,,,,,,,,,,,,,,,,0.5311965856731256,20,2026-W20,0.85,False,0.8776462166029199,2.4338158042441174e-05,0.12232944523902704,0.7549638226217007,1.324889570689,0.3179723502304153,1,0,
2026-05-13 13:15:45+00:00,2026-05-13 13:00,KXETHD-26MAY1310-T2289.99,2026-05-13T14:00:00Z,2284.12,2289.99,0.2569,0.31,real,0.334102,0.6828,0.00103964,0.00059482,0.00077863,0.7639,0.03,0.00067313,0.0,-1.0,0.0,1.0,0.0,0.0985,2.0,0.0,0.6306,-1.0,0.00016633,-1.0,0.0,0.0,1.0,1.0,-0.6244,False,False,1.0,0.0,27.61,28.27,False,0.0,bearish,0.0,0.0,0.061297,0.033217,trade,no,False,False,41.0,44.18,,0.197732,0.05,50.0,1000.0,0.0,3.0,0.642,0.2729,-0.077,-0.0844,False,,False,True,22.46,2026-05-13 13:15:45+00:00,,0.0,,,,,,,,,,,bearish,bearish,False,False,3.748,3.239,False,False,False,,,24.53,0.0112,-0.06,13.0,,,,,,,,,,,,,,,,,,,,,,,,,,,,,,,,,,,,,,,,,,,,,,,,,,,,,,,,,,,,,,,,,,,,,,,,,,,,,,,0.5328064065289999,20,2026-W20,0.69,False,0.3972025113062355,9.236753608053877e-05,0.6027051211576797,0.8332002333064993,-1.3765444119015926,0.04375396322130979,1,2,
2026-05-13 14:36:51+00:00,2026-05-13 14:00,KXETHD-26MAY1311-T2269.99,2026-05-13T15:00:00Z,2264.67,2269.99,0.235,0.28,real,0.222462,0.6855,0.00101027,0.00053399,0.0008378,0.6374,0.05,0.00065956,0.0,-1.0,0.0,2.0,-1.0,-0.1434,2.0,0.0,0.6029,-1.0,0.00016149,-1.0,0.0,0.0,1.0,1.0,-0.9553,False,False,1.0,0.0,28.71,26.3,False,-1.0,bearish,0.0,0.0,0.053408,0.02614,trade,no,False,False,39.0,23.1,,0.190742,0.05,50.0,1000.0,-5.0,3.0,0.359,0.2206,-0.0582,0.0,False,,False,True,19.44,2026-05-13 14:36:51+00:00,,0.0,,,,,,,,,,,bearish,bearish,False,False,4.639,2.408,False,False,False,,,26.17,1.8023,-0.05,14.0,,,,,,,,,,,,,,,,,,,,,,,,,,,,,,,,,,,,,,,,,,,,,,,,,,,,,,,,,,,,,,,,,,,,,,,,,,,,,,,0.5313016013394155,20,2026-W20,0.72,False,0.06870900713054642,0.00013207343184883243,0.9311589194375967,1.0408612979053262,-2.964187852158859,0.1634991615427589,6,2,
2026-05-13 15:00:31+00:00,2026-05-13 15:00,KXETHD-26MAY1312-T2269.99,2026-05-13T16:00:00Z,2267.01,2269.99,0.1313,0.39,real,0.326515,0.399,0.00048902,0.00027771,0.00060959,0.4556,0.04,0.00046382,0.0,0.0,1.0,2.0,-1.0,-0.1352,2.0,0.0,0.5651,-1.0,0.00015972,1.0,-1.0,1.0,2.0,2.0,-1.1072,False,False,1.0,0.0,21.12,23.0,False,-1.0,bearish,0.0,0.0,0.063779,0.033393,trade,no,False,False,40.0,59.42,,0.163536,0.05,50.0,1000.0,-5.0,6.0,0.4799,-0.1857,0.0,0.0,False,,False,True,31.97,2026-05-13 15:00:31+00:00,,0.0,,,,,,,,,,,bearish,bearish,False,False,4.531,2.509,False,False,False,,,27.17,0.0,,15.0,,,,,,,,,,,,,,,,,,,,,,,,,,,,,,,,,,,,,,,,,,,,,,,,,,,,,,,,,,,,,,,,,,,,,,,,,,,,,,,0.5565879514316384,20,2026-W20,0.61,False,1.7566238731682766e-05,0.00015000968753503527,0.9998324240737455,0.8487230490107588,-5.614286680001374,0.006408094435072627,6,3,
2026-05-14 01:01:46+00:00,2026-05-14 01:00,KXETHD-26MAY1322-T2269.99,2026-05-14T02:00:00Z,2266.32,2269.99,0.162,0.26,real,0.140981,0.8435,0.00041416,0.00022975,0.0003299,0.6964,0.09,0.00037004,0.0,-1.0,0.0,2.0,0.0,0.055,2.0,0.0,0.5264,-1.0,8.085e-05,0.0,0.0,0.0,0.0,0.0,0.0588,False,False,-1.0,-1.0,91.04,93.19,True,0.0,bearish,0.0,0.0,0.088257,0.063299,trade,no,False,False,39.0,58.15,,0.339449,0.05,50.0,1000.0,0.0,-5.0,0.4058,0.0459,-0.0075,-0.0075,False,,False,True,17.57,2026-05-14 01:01:46+00:00,,0.0,,,,,,,,,,,bearish,bearish,False,False,1.562,2.479,False,False,False,,,29.41,0.0005,,1.0,,,,,,,,,,,,,,,,,,,,,,,,,,,,,,,,,,,,,,,,,,,,,,,,,,,,,,,,,,,,,,,,,,,,,,,,,,,,,,,0.5052934787755485,20,2026-W20,0.74,False,5.624590556467295e-06,0.00014970991081734682,0.9998446654986262,0.7225497220972499,0.6186386548853058,0.37313097245643756,0,2,
2026-05-14 02:03:10+00:00,2026-05-14 02:00,KXETHD-26MAY1323-T2269.99,2026-05-14T03:00:00Z,2265.73,2269.99,0.188,0.26,real,0.190907,0.8604,0.00026105,0.00031664,0.00038735,0.8174,0.05,0.00042592,0.0,0.0,1.0,1.0,1.0,0.2474,2.0,0.0,0.7486,-1.0,8.016e-05,0.0,0.0,0.0,0.0,0.0,0.021,False,False,0.0,0.0,76.91,73.93,False,0.0,bearish,0.0,0.0,0.081001,0.055714,trade,no,False,False,39.0,56.78,,0.311542,0.05,50.0,1000.0,0.0,-1.0,0.483,0.1202,0.0181,-0.0582,False,,False,True,17.57,2026-05-14 02:03:10+00:00,,0.0,,,,,,,,,,,bearish,bearish,False,False,1.588,2.454,False,False,False,,,28.77,0.0011,,2.0,,,,,,,,,,,,,,,,,,,,,,,,,,,,,,,,,,,,,,,,,,,,,,,,,,,,,,,,,,,,,,,,,,,,,,,,,,,,,,,0.551171553316896,20,2026-W20,0.74,False,5.114262368578123e-08,0.00015298495905047567,0.9998469638983319,0.654099085382285,0.06538472264750617,0.18718381112984964,0,2,
2026-05-14 02:53:19+00:00,2026-05-14 02:00,KXETHD-26MAY1323-T2249.99,2026-05-14T03:00:00Z,2247.52,2249.99,0.11,0.31,real,0.190552,0.638,0.00039589,0.00051913,0.00086202,0.6022,0.18,0.00079754,0.0,1.0,2.0,1.0,0.0,0.0535,2.0,0.0,0.6059,-1.0,8.002e-05,0.0,-1.0,1.0,2.0,2.0,-0.3197,False,False,1.0,1.0,0.0,29.53,False,-1.0,bearish,0.0,0.0,0.078513,0.05106,trade,no,False,False,38.0,6.61,,0.253269,0.05,50.0,1000.0,-3.0,6.0,0.4799,-0.5494,-0.4438,-0.3411,False,,True,False,-50.0,2026-05-14 02:53:19+00:00,,0.0,,,,,,,,,,,bearish,bearish,False,False,2.411,1.663,False,False,False,,,29.32,0.0363,,2.0,,,,,,,,,,,,,,,,,,,,,,,,,,,,,,,,,,,,,,,,,,,,,,,,,,,,,,,,,,,,,,,,,,,,,,,,,,,,,,,0.551171553316896,20,2026-W20,0.69,False,5.114262368578123e-08,0.00015298495905047567,0.9998469638983319,0.654099085382285,0.06538472264750617,0.18718381112984964,0,2,
2026-05-14 03:20:18+00:00,2026-05-14 03:00,KXETHD-26MAY1400-T2249.99,2026-05-14T04:00:00Z,2245.87,2249.99,0.1833,0.43,real,0.385747,0.4154,0.00053373,0.00069519,0.00164932,0.4215,0.01,0.00092135,0.0,1.0,2.0,1.0,1.0,0.1228,2.0,0.0,0.293,-1.0,8.497e-05,0.0,0.0,0.0,0.0,0.0,-0.0742,False,False,1.0,1.0,15.32,14.25,True,-1.0,bearish,0.0,0.0,0.096891,0.06634,trade,no,False,False,38.0,39.65,,0.225327,0.05,50.0,1000.0,-4.0,4.0,0.5492,-0.2507,-0.0142,-0.0876,False,,False,True,37.72,2026-05-14 03:20:18+00:00,,0.0,,,,,,,,,,,bearish,bearish,False,False,2.486,1.591,False,False,False,,,29.97,1.6499,,3.0,,,,,,,,,,,,,,,,,,,,,,,,,,,,,,,,,,,,,,,,,,,,,,,,,,,,,,,,,,,,,,,,,,,,,,,,,,,,,,,0.531168197272792,20,2026-W20,0.5700000000000001,False,7.038279287661024e-10,9.620506875417917e-05,0.999903794227416,0.8271996027150057,-0.8000040043162144,0.08195615514333872,0,2,
2026-05-14 04:25:47+00:00,2026-05-14 04:00,KXETHD-26MAY1401-T2259.99,2026-05-14T05:00:00Z,2250.88,2259.99,0.4047,0.13,real,0.030238,1.6331,0.00061922,0.00045856,0.00061361,0.7473,0.04,0.00055687,0.0,-1.0,0.0,1.0,0.0,-0.0968,2.0,0.0,0.3788,-1.0,8.52e-05,-1.0,0.0,0.0,0.0,0.0,0.1014,False,False,0.0,0.0,42.33,26.54,True,0.0,bearish,0.0,0.0,0.09871,0.081588,trade,no,False,False,36.0,34.14,,0.759304,0.05,50.0,1000.0,-3.0,0.0,0.3176,0.3539,0.104,-0.0599,False,,False,True,7.47,2026-05-14 04:25:47+00:00,,0.0,,,,,,,,,,,bearish,bearish,False,False,2.258,1.81,False,False,False,,,30.74,0.4775,,4.0,,,,,,,,,,,,,,,,,,,,,,,,,,,,,,,,,,,,,,,,,,,,,,,,,,,,,,,,,,,,,,,,,,,,,,,,,,,,,,,0.5059241611075714,20,2026-W20,0.87,False,2.1675667481020395e-09,0.00019790586974394024,0.9998020919626918,0.7945795759279202,-0.2110512875266597,0.25879707700955623,0,2,
2026-05-14 13:20:11+00:00,2026-05-14 13:00,KXETHD-26MAY1410-T2259.99,2026-05-14T14:00:00Z,2256.25,2259.99,0.1659,0.36,real,0.329279,0.62,0.00051529,0.0005252,0.00073337,0.7161,0.02,0.00062357,0.0,-1.0,0.0,2.0,0.0,0.0297,2.0,0.0,0.5224,-1.0,6.781e-05,0.0,0.0,0.0,0.0,0.0,-0.1313,False,False,0.0,-1.0,50.94,70.25,True,-1.0,bearish,0.0,0.0,0.095508,0.066891,trade,no,False,False,37.0,39.77,,0.265301,0.05,50.0,1000.0,0.0,0.0,0.5174,-0.1711,-0.2514,-0.3003,False,,False,True,28.12,2026-05-14 13:20:11+00:00,,0.0,,,,,,,,,,,bearish,bearish,False,False,2.015,2.043,False,False,True,,,24.74,0.0524,,13.0,,,,,,,,,,,,,,,,,,,,,,,,,,,,,,,,,,,,,,,,,,,,,,,,,,,,,,,,,,,,,,,,,,,,,,,,,,,,,,,0.5325242904376963,20,2026-W20,0.64,False,0.00015007204482090936,0.00010734077278086945,0.9997425871824029,0.6377367401082353,0.5975148231362439,0.312409603702623,0,2,
2026-05-14 16:33:39+00:00,2026-05-14 16:00,KXETHD-26MAY1413-T2299.99,2026-05-14T17:00:00Z,2304.98,2299.99,-0.2166,0.73,real,0.776058,-0.7006,0.00073096,0.00043767,0.00069015,0.6342,0.03,0.00055893,0.0,-1.0,0.0,2.0,0.0,-0.0611,2.0,0.0,0.4941,0.0,-1.195e-05,1.0,1.0,-1.0,-2.0,-2.0,1.306,False,False,-1.0,-1.0,89.93,91.33,True,1.0,bearish,0.0,0.0,0.046058,0.017261,trade,yes,False,False,40.0,26.28,,0.170585,0.05,50.0,1000.0,3.0,-8.0,0.5144,0.3202,-0.0078,0.0,False,,True,True,18.49,2026-05-14 16:33:39+00:00,,0.0,,,,,,,,,,,bearish,bullish,True,False,2.809,2.223,False,False,False,,,23.68,0.6155,,16.0,,,,,,,,,,,,,,,,,,,,,,,,,,,,,,,,,,,,,,,,,,,,,,,,,,,,,,,,,,,,,,,,,,,,,,,,,,,,,,,0.4587413498288554,20,2026-W20,0.73,False,1.1107980184264784e-07,0.00027968822858918306,0.9997202006916102,0.9731612041918887,6.6831312125589175,1.0,0,1,
2026-05-14 23:29:32+00:00,2026-05-14 23:00,KXETHD-26MAY1420-T2299.99,2026-05-15T00:00:00Z,2295.24,2299.99,0.2068,0.21,real,0.132726,1.1582,0.00036747,0.00030153,0.00046451,0.6491,0.01,0.00042556,1.0,-1.0,0.0,1.0,0.0,0.0186,2.0,0.0,0.4741,-1.0,6.213e-05,0.0,0.0,0.0,0.0,0.0,0.2233,False,False,0.0,0.0,53.27,52.12,False,0.0,bullish,0.0,0.0,0.099134,0.077234,trade,no,False,False,38.0,30.41,,0.472067,0.05,50.0,1000.0,1.0,0.0,0.6103,-0.1262,0.1182,0.137,False,,False,True,13.29,2026-05-14 23:29:32+00:00,,0.0,,,,,,,,,,,bearish,bullish,True,False,3.245,1.808,False,False,False,,,22.4,0.1392,0.11,23.0,,,,,,,,,,,,,,,,,,,,,,,,,,,,,,,,,,,,,,,,,,,,,,,,,,,,,,,,,,,,,,,,,,,,,,,,,,,,,,,0.5376753775314639,20,2026-W20,0.79,False,9.94459046951284e-06,0.0005636920333322885,0.9994263633762013,0.63956510147417,1.472302098794862,0.545570589737043,0,1,
2026-05-15 01:01:21+00:00,2026-05-15 01:00,KXETHD-26MAY1422-T2299.99,2026-05-15T02:00:00Z,2292.6,2299.99,0.3225,0.25,real,0.243351,0.895,0.00068338,0.00068965,0.00062375,1.1057,0.01,0.00069125,1.0,-1.0,0.0,1.0,0.0,-0.0838,2.0,0.0,0.5515,-1.0,6.965e-05,0.0,0.0,0.0,0.0,0.0,0.0553,False,False,0.0,0.0,56.62,41.18,False,0.0,neutral,0.0,0.0,0.06488,0.03932,trade,no,False,False,38.0,58.57,,0.259518,0.05,50.0,1000.0,1.0,0.0,0.6103,-0.0575,0.0135,0.1472,False,,False,True,16.67,2026-05-15 01:01:21+00:00,,0.0,,,,,,,,,,,bearish,bullish,True,False,3.364,1.694,False,False,False,,,19.37,0.011,,1.0,,,,,,,,,,,,,,,,,,,,,,,,,,,,,,,,,,,,,,,,,,,,,,,,,,,,,,,,,,,,,,,,,,,,,,,,,,,,,,,0.5428375029389568,20,2026-W20,0.75,False,1.5663661145735245e-05,0.0003454281096197931,0.9996389082292406,0.6721406341984937,-0.720530799718393,0.4036984352773793,0,1,
2026-05-15 03:08:10+00:00,2026-05-15 03:00,KXETHD-26MAY1500-T2279.99,2026-05-15T04:00:00Z,2272.34,2279.99,0.3367,0.24,real,0.231571,0.8224,0.00071746,0.00065307,0.00066135,0.9875,0.01,0.00067615,1.0,-1.0,0.0,2.0,-1.0,-0.1278,2.0,0.0,0.1346,-1.0,8.775e-05,1.0,0.0,0.0,0.0,0.0,-0.2794,False,False,1.0,0.0,27.19,30.19,False,-1.0,bearish,0.0,0.0,0.042702,0.016616,trade,no,False,False,38.0,51.79,,0.177924,0.05,50.0,1000.0,1.0,1.0,0.5882,0.1388,-0.2082,-0.1485,False,,False,True,15.79,2026-05-15 03:08:10+00:00,,0.0,,,,,,,,,,,bearish,bullish,True,False,4.286,0.818,False,False,False,,,19.94,0.0034,,3.0,,,,,,,,,,,,,,,,,,,,,,,,,,,,,,,,,,,,,,,,,,,,,,,,,,,,,,,,,,,,,,,,,,,,,,,,,,,,,,,0.5206794599947351,20,2026-W20,0.76,False,1.6567629077246606e-05,0.0002809693719581903,0.9997024629989606,0.6635993255180954,-2.3018569968156015,0.3594594594594606,0,2,
2026-05-15 04:45:14+00:00,2026-05-15 04:00,KXETHD-26MAY1501-T2269.99,2026-05-15T05:00:00Z,2267.49,2269.99,0.1103,0.27,real,0.164753,0.7717,0.00039681,0.00028898,0.00046868,0.6166,0.09,0.00044309,1.0,-1.0,0.0,1.0,0.0,-0.0619,2.0,0.0,0.252,-1.0,8.995e-05,0.0,0.0,0.0,1.0,1.0,-0.4087,False,False,1.0,0.0,27.98,23.35,False,-1.0,bearish,0.0,0.0,0.07671,0.050794,trade,no,False,False,39.0,14.72,,0.284109,0.05,50.0,1000.0,0.0,4.0,0.55,-0.1347,0.0,0.0,False,,False,True,18.49,2026-05-15 04:45:14+00:00,,0.0,,,,,,,,,,,bearish,bullish,True,False,4.509,0.606,False,False,False,,,20.13,0.2135,,4.0,,,,,,,,,,,,,,,,,,,,,,,,,,,,,,,,,,,,,,,,,,,,,,,,,,,,,,,,,,,,,,,,,,,,,,,,,,,,,,,0.5569512959732515,20,2026-W20,0.73,False,5.092670859437317e-05,0.0001774223719351901,0.999771650919466,0.6119068372088137,-3.3503235997050833,0.20967283072546,0,2,
2026-05-15 05:03:39+00:00,2026-05-15 05:00,KXETHD-26MAY1502-T2269.99,2026-05-15T06:00:00Z,2262.8,2269.99,0.318,0.21,real,0.251483,1.0226,0.00038705,0.00029416,0.0005247,0.5606,0.19,0.00049261,1.0,1.0,2.0,2.0,-1.0,-0.1797,2.0,0.0,0.2869,-1.0,9.047e-05,0.0,-1.0,1.0,2.0,2.0,-0.6235,False,False,1.0,1.0,7.85,11.39,False,-1.0,bearish,0.0,0.0,0.054454,0.030259,trade,no,False,False,39.0,56.29,,0.259304,0.05,50.0,1000.0,0.0,10.0,0.6447,-0.1636,-0.0799,-0.0543,False,,False,True,13.29,2026-05-15 05:03:39+00:00,,0.0,,,,,,,,,,,bearish,bullish,True,False,4.725,0.4,False,False,False,,,20.83,0.0621,,5.0,,,,,,,,,,,,,,,,,,,,,,,,,,,,,,,,,,,,,,,,,,,,,,,,,,,,,,,,,,,,,,,,,,,,,,,,,,,,,,,0.5525594652252263,20,2026-W20,0.79,False,1.8666803320468404e-06,0.0001569919288817705,0.9998411413907873,0.6047263261549104,-5.003845626044674,0.08375983023342415,0,2,
2026-05-15 14:49:16+00:00,2026-05-15 14:00,KXETHD-26MAY1511-T2209.99,2026-05-15T15:00:00Z,2207.76,2209.99,0.1011,0.44,real,0.189805,0.1249,0.00127673,0.00083198,0.00205056,0.4057,0.09,0.00229555,0.0,1.0,2.0,1.0,0.0,0.079,2.0,0.0,0.5833,-1.0,9.434e-05,-1.0,-1.0,1.0,2.0,2.0,-1.2972,False,False,1.0,1.0,5.65,10.81,False,-1.0,bearish,0.0,0.0,0.063579,0.032148,trade,no,False,False,36.0,10.66,,0.144498,0.05,50.0,1000.0,-6.0,12.0,0.4799,-0.6168,-0.2956,-0.2155,False,,True,False,-50.0,2026-05-15 14:49:16+00:00,,0.0,,,,,,,,,,,bearish,bearish,False,False,7.336,6.655,False,False,False,,,27.52,2.587,,14.0,,,,,,,,,,,,,,,,,,,,,,,,,,,,,,,,,,,,,,,,,,,,,,,,,,,,,,,,,,,,,,,,,,,,,,,,,,,,,,,0.5422428895365319,20,2026-W20,0.56,False,3.4158424286956597e-13,0.0017454922929756706,0.9982545077066757,0.7337204735042496,-5.92682004696218,0.07663197729422822,4,3,
2026-05-15 16:22:45+00:00,2026-05-15 16:00,KXETHD-26MAY1513-T2229.99,2026-05-15T17:00:00Z,2225.47,2229.99,0.2032,0.26,real,0.173778,0.7062,0.00058107,0.00047937,0.00051727,0.9267,0.07,0.00056097,0.0,-1.0,0.0,1.0,0.0,-0.0678,2.0,0.0,0.6759,-1.0,9.142e-05,1.0,0.0,0.0,0.0,0.0,0.0742,False,False,-1.0,0.0,42.79,37.57,False,0.0,bearish,0.0,0.0,0.04923,0.022586,trade,no,False,False,37.0,37.19,,0.189347,0.05,50.0,1000.0,-5.0,0.0,0.3176,0.2138,0.2034,0.1615,False,,False,True,17.57,2026-05-15 16:22:45+00:00,,0.0,,,,,,,,,,,bearish,bearish,False,False,1.46,7.397,False,False,False,,,30.59,0.293,,16.0,,,,,,,,,,,,,,,,,,,,,,,,,,,,,,,,,,,,,,,,,,,,,,,,,,,,,,,,,,,,,,,,,,,,,,,,,,,,,,,0.5238606910897997,20,2026-W20,0.74,False,5.1479126830675274e-15,3.529399590004472e-05,0.999964706004093,0.7631466233312227,-5.105005699662986,0.18736200189254695,0,3,
2026-05-15 17:22:30+00:00,2026-05-15 17:00,KXETHD-26MAY1514-T2229.99,2026-05-15T18:00:00Z,2225.26,2229.99,0.2127,0.26,real,0.167877,0.7344,0.00065053,0.00050283,0.00053973,0.9316,0.02,0.00056289,0.0,-1.0,0.0,1.0,0.0,-0.0467,2.0,-1.0,0.9023,-1.0,7.914e-05,0.0,0.0,0.0,0.0,0.0,-0.0135,False,False,0.0,0.0,71.86,65.88,False,0.0,bearish,0.0,0.0,0.057311,0.030998,trade,no,False,False,37.0,37.45,,0.220426,0.05,50.0,1000.0,-5.0,0.0,0.3176,0.1256,-0.1866,-0.0548,False,,False,True,17.57,2026-05-15 17:22:30+00:00,,0.0,,,,,,,,,,,bearish,bearish,False,False,1.469,7.389,False,False,False,,,30.97,2.1154,,17.0,,,,,,,,,,,,,,,,,,,,,,,,,,,,,,,,,,,,,,,,,,,,,,,,,,,,,,,,,,,,,,,,,,,,,,,,,,,,,,,0.5180632734102486,20,2026-W20,0.74,False,7.734646357037305e-13,4.664835304296346e-05,0.9999533516461838,1.6031875278625989,-4.168576443672677,0.2268951740090411,0,3,
2026-05-15 19:02:28+00:00,2026-05-15 19:00,KXETHD-26MAY1516-T2229.99,2026-05-15T20:00:00Z,2225.1,2229.99,0.2199,0.27,real,0.124946,0.7458,0.00049485,0.00043674,0.00047282,0.9237,0.03,0.00051118,0.0,-1.0,0.0,1.0,0.0,0.013,2.0,0.0,0.7878,-1.0,5.263e-05,1.0,0.0,0.0,0.0,0.0,0.0982,False,False,0.0,0.0,61.23,70.22,False,-1.0,bearish,0.0,0.0,0.080818,0.055081,trade,no,False,False,63.0,57.46,,0.299327,0.05,50.0,1000.0,-5.0,0.0,0.3176,0.0243,-0.0956,-0.0642,False,,False,True,18.49,2026-05-15 19:02:28+00:00,,0.0,,,,,,,,,,,bearish,bearish,False,False,1.476,7.382,False,False,False,,,32.33,0.2435,,19.0,,,,,,,,,,,,,,,,,,,,,,,,,,,,,,,,,,,,,,,,,,,,,,,,,,,,,,,,,,,,,,,,,,,,,,,,,,,,,,,0.5214244122086399,20,2026-W20,0.73,False,2.779664254145692e-11,3.722761605439004e-05,0.9999627723561437,0.5256044557816403,-2.640322759114044,0.1920783645655872,0,3,
2026-05-16 00:46:21+00:00,2026-05-16 00:00,KXETHD-26MAY1521-T2229.99,2026-05-16T01:00:00Z,2226.32,2229.99,0.1647,0.28,real,0.136922,1.1562,0.00030809,0.0003393,0.00076546,0.4433,0.01,0.00050772,0.0,-1.0,0.0,1.0,0.0,0.0364,2.0,0.0,0.6781,-1.0,6.231e-05,0.0,0.0,0.0,0.0,0.0,,False,False,0.0,0.0,73.35,83.57,True,0.0,bearish,0.0,0.0,0.16865,0.146723,trade,no,False,False,37.0,13.6,,0.60232,0.05,50.0,1000.0,-3.0,0.0,0.3176,-0.0256,-0.1838,-0.1502,False,,False,True,19.44,2026-05-16 00:46:21+00:00,,0.0,,,,,,,,,,,bearish,bearish,False,False,1.421,7.433,False,False,False,,,35.47,1.1666,,0.0,,,,,,,,,,,,,,,,,,,,,,,,,,,,,,,,,,,,,,,,,,,,,,,,,,,,,,,,,,,,,,,,,,,,,,,,,,,,,,,0.5042951831553847,20,2026-W20,0.72,False,1.9984304907701114e-09,3.6761714738825724e-05,0.9999632362868358,0.6365135649201277,0.2765343313043722,0.31384377416859915,0,3,
2026-05-16 04:04:59+00:00,2026-05-16 04:00,KXETHD-26MAY1601-T2229.99,2026-05-16T05:00:00Z,2226.6,2229.99,0.1524,0.23,real,0.135872,0.9244,0.00021258,0.00027291,0.00027803,0.9816,0.03,0.00037038,0.0,-1.0,0.0,1.0,0.0,-0.036,2.0,0.0,0.6058,-1.0,6.125e-05,0.0,0.0,0.0,0.0,0.0,-0.0071,False,False,0.0,0.0,59.94,67.56,True,0.0,bearish,0.0,0.0,0.076294,0.052189,trade,no,False,False,37.0,54.97,,0.331714,0.05,50.0,1000.0,-2.0,0.0,0.4121,-0.108,0.0355,0.0355,False,,False,True,14.94,2026-05-16 04:04:59+00:00,,0.0,,,,,,,,,,,bearish,bearish,False,False,1.408,7.444,False,False,False,,,34.79,0.0678,,4.0,,,,,,,,,,,,,,,,,,,,,,,,,,,,,,,,,,,,,,,,,,,,,,,,,,,,,,,,,,,,,,,,,,,,,,,,,,,,,,,0.540379017453893,20,2026-W20,0.77,False,1.1105373380296204e-06,6.866749692751296e-05,0.9999302219657376,0.5508162525826183,1.7431128949723078,0.304559693699965,0,2,
2026-05-16 05:04:30+00:00,2026-05-16 05:00,KXETHD-26MAY1602-T2229.99,2026-05-16T06:00:00Z,2224.48,2229.99,0.2475,0.15,real,0.029735,1.4961,0.00044918,0.00026081,0.00032035,0.8141,0.02,0.00036988,0.0,-1.0,0.0,2.0,-1.0,-0.1177,2.0,0.0,0.6916,-1.0,6.698e-05,0.0,0.0,0.0,0.0,0.0,-0.0609,False,False,0.0,0.0,49.95,27.27,True,0.0,bearish,0.0,0.0,0.107232,0.089366,trade,no,False,False,37.0,55.44,,0.71488,0.05,50.0,1000.0,-3.0,0.0,0.3176,0.2473,0.0895,0.0895,False,,False,True,8.82,2026-05-16 05:04:30+00:00,,0.0,,,,,,,,,,,bearish,bearish,False,False,1.504,7.356,False,False,False,,,35.63,0.001,,5.0,,,,,,,,,,,,,,,,,,,,,,,,,,,,,,,,,,,,,,,,,,,,,,,,,,,,,,,,,,,,,,,,,,,,,,,,,,,,,,,0.5042537818089549,20,2026-W20,0.85,False,0.00010271297154999245,8.947396916791113e-05,0.9998078130592798,0.5441908667578265,1.8895113750108052,0.35851026801252867,0,2,
2026-05-17 06:06:49+00:00,2026-05-17 06:00,KXETHD-26MAY1703-T2189.99,2026-05-17T07:00:00Z,2185.69,2189.99,0.1969,0.2,real,0.120583,0.9211,0.00028948,0.00027983,0.00032064,0.8727,0.04,0.00038549,-1.0,0.0,1.0,1.0,1.0,0.2262,2.0,0.0,0.7346,-1.0,7.107e-05,0.0,0.0,0.0,-1.0,-1.0,0.2845,False,False,0.0,0.0,66.95,69.27,False,1.0,bearish,0.0,0.0,0.049297,0.025338,trade,no,False,False,40.0,53.14,,0.246485,0.05,50.0,1000.0,-3.0,0.0,0.3176,-0.0667,-0.0014,0.0476,False,,False,True,12.5,2026-05-17 06:06:49+00:00,,0.0,,,,,,,,,,,bearish,bearish,False,False,3.306,5.712,False,False,True,,,39.78,0.0165,,6.0,,,,,,,,,,,,,,,,,,,,,,,,,,,,,,,,,,,,,,,,,,,,,,,,,,,,,,,,,,,,,,,,,,,,,,,,,,,,,,,0.5049075179636315,20,2026-W20,0.8,False,0.9991721504365839,2.1946682840522993e-06,0.0008256548951388025,0.6605743070177622,3.18383726212398,0.6224648985959373,1,0,
2026-05-17 12:08:52+00:00,2026-05-17 12:00,KXETHD-26MAY1709-T2189.99,2026-05-17T13:00:00Z,2191.21,2189.99,-0.0555,0.57,real,0.636762,-0.2141,0.00039419,0.0002859,0.00044044,0.6491,0.03,0.00043202,0.0,-1.0,0.0,2.0,0.0,-0.0371,2.0,0.0,0.6263,-1.0,5.61e-05,0.0,1.0,-1.0,-2.0,-2.0,0.4679,False,False,0.0,0.0,62.33,52.49,False,1.0,bearish,0.0,0.0,0.051762,0.019605,trade,yes,False,False,40.0,51.08,,0.120377,0.05,50.0,1000.0,0.0,-2.0,0.4718,0.1805,0.0114,0.0119,False,,True,True,37.72,2026-05-17 12:08:52+00:00,,0.0,,,,,,,,,,,bearish,bearish,False,False,3.046,5.95,False,False,False,,,28.68,0.3433,,12.0,,,,,,,,,,,,,,,,,,,,,,,,,,,,,,,,,,,,,,,,,,,,,,,,,,,,,,,,,,,,,,,,,,,,,,,,,,,,,,,0.4583106795021964,20,2026-W20,0.57,False,0.9999997276146304,2.723853664791724e-07,1.1331588872006364e-17,0.5990858691688731,3.4071017101036034,0.8825321597833512,1,6,
2026-05-17 13:09:58+00:00,2026-05-17 13:00,KXETHD-26MAY1710-T2189.99,2026-05-17T14:00:00Z,2192.52,2189.99,-0.1156,0.67,real,0.740346,-0.4823,0.00023698,0.00027299,0.00037189,0.7341,0.06,0.00040379,0.0,-1.0,0.0,2.0,0.0,0.0792,2.0,-1.0,0.8073,-1.0,6.08e-05,0.0,1.0,-1.0,-2.0,-2.0,0.4921,False,False,0.0,0.0,58.55,70.76,True,1.0,bearish,0.0,0.0,0.055346,0.024869,trade,yes,False,False,40.0,49.96,,0.167714,0.05,50.0,1000.0,0.0,-2.0,0.4718,-0.1952,-0.0374,-0.0314,False,,True,True,24.63,2026-05-17 13:09:58+00:00,,0.0,,,,,,,,,,,bearish,bearish,False,False,2.984,6.006,False,False,False,,,27.79,0.1541,,13.0,,,,,,,,,,,,,,,,,,,,,,,,,,,,,,,,,,,,,,,,,,,,,,,,,,,,,,,,,,,,,,,,,,,,,,,,,,,,,,,0.4998150186940878,20,2026-W20,0.67,False,0.9999995780902149,4.219097014389841e-07,7.708538603273316e-14,0.5973397134036343,3.064197668162704,0.7748815165876898,1,6,
2026-05-17 15:02:01+00:00,2026-05-17 15:00,KXETHD-26MAY1712-T2189.99,2026-05-17T16:00:00Z,2184.4,2189.99,0.2558,0.2,real,0.114834,1.2458,0.00053273,0.00025348,0.00039891,0.6354,0.08,0.00039632,0.0,0.0,1.0,1.0,0.0,-0.0513,2.0,0.0,0.5184,-1.0,7.572e-05,-1.0,-1.0,1.0,2.0,0.0,0.0136,False,True,0.0,0.0,37.45,34.1,False,0.0,bearish,0.0,0.0,0.106932,0.086023,trade,no,False,False,40.0,57.92,,0.534658,0.05,50.0,1000.0,0.0,0.0,0.5174,-0.1466,0.0453,0.0453,False,,False,True,12.5,2026-05-17 15:02:01+00:00,,0.0,,,,,,,,,,,bearish,bearish,False,False,3.367,5.657,False,False,False,,,25.33,0.0021,,15.0,,,,,,,,,,,,,,,,,,,,,,,,,,,,,,,,,,,,,,,,,,,,,,,,,,,,,,,,,,,,,,,,,,,,,,,,,,,,,,,0.5247017793293717,20,2026-W20,0.8,False,0.9999943428019412,5.5923854951808555e-06,6.48125572715017e-08,0.6366531525584097,1.8751646192095874,0.62119160460394,1,6,
2026-05-17 16:10:40+00:00,2026-05-17 16:00,KXETHD-26MAY1713-T2189.99,2026-05-17T17:00:00Z,2185.14,2189.99,0.2221,0.21,real,0.139798,1.2288,0.00025383,0.00024691,0.00039205,0.6298,0.01,0.00037837,0.0,-1.0,0.0,1.0,0.0,-0.0014,2.0,0.0,0.822,-1.0,0.00010149,0.0,0.0,0.0,0.0,0.0,0.0031,False,False,0.0,0.0,40.97,39.2,False,0.0,bearish,0.0,0.0,0.107773,0.086349,trade,no,False,False,40.0,49.25,,0.513206,0.05,50.0,1000.0,1.0,0.0,0.6103,0.0581,-0.0311,-0.0626,False,,False,True,13.29,2026-05-17 16:10:40+00:00,,0.0,,,,,,,,,,,bearish,bearish,False,False,3.332,5.688,False,False,False,,,24.47,0.0012,,16.0,,,,,,,,,,,,,,,,,,,,,,,,,,,,,,,,,,,,,,,,,,,,,,,,,,,,,,,,,,,,,,,,,,,,,,,,,,,,,,,0.5381742169976583,20,2026-W20,0.79,False,0.9999855269378362,1.4431046362082936e-05,4.201579846370009e-08,0.6304882707675471,1.2479973172870604,0.46716316858497625,1,6,
2026-05-18 03:15:34+00:00,2026-05-18 03:00,KXETHD-26MAY1800-T2129.99,2026-05-18T04:00:00Z,2117.11,2129.99,0.6085,0.16,real,0.037703,1.5545,0.00040566,0.00049023,0.00091563,0.5354,0.01,0.00063671,-1.0,-1.0,0.0,2.0,-1.0,-0.1842,2.0,0.0,0.7055,-1.0,6.953e-05,0.0,0.0,0.0,0.0,0.0,0.1372,False,False,0.0,0.0,56.27,45.52,False,0.0,bearish,0.0,0.0,0.120107,0.102426,trade,no,False,False,37.0,44.39,,0.75067,0.05,50.0,1000.0,-6.0,4.0,0.5492,0.1384,-0.0387,-0.1314,False,,False,True,9.52,2026-05-18 03:15:34+00:00,,0.0,,,,,,,,,,,bearish,bearish,False,False,6.653,2.658,False,False,False,,,34.09,0.0013,0.03,3.0,,,,,,,,,,,,,,,,,,,,,,,,,,,,,,,,,,,,,,,,,,,,,,,,,,,,,,,,,,,,,,,,,,,,,,,,,,,,,,,0.5260494440375005,21,2026-W21,0.84,False,1.1687863120310218e-11,0.00046837345230460464,0.9995316265360102,1.3987575812491626,-7.801454879390821,0.18830505009200704,6,3,
2026-05-18 13:07:05+00:00,2026-05-18 13:00,KXETHD-26MAY1810-T2149.99,2026-05-18T14:00:00Z,2145.23,2149.99,0.2219,0.35,real,0.261878,0.4678,0.0007665,0.00063272,0.00079141,0.7995,0.03,0.00070857,0.0,-1.0,0.0,1.0,0.0,-0.0185,2.0,0.0,0.5431,0.0,4.138e-05,1.0,1.0,-1.0,-2.0,-2.0,1.0173,False,False,-1.0,0.0,76.47,88.2,True,1.0,bearish,0.0,0.0,0.042076,0.012159,trade,no,False,False,39.0,52.86,,0.120217,0.05,50.0,1000.0,0.0,-3.0,0.4098,-0.1503,-0.2385,-0.0722,False,,False,True,26.92,2026-05-18 13:07:05+00:00,,0.0,,,,,,,,,,,bearish,bearish,False,False,5.255,3.934,False,False,False,,,37.11,0.2177,,13.0,,,,,,,,,,,,,,,,,,,,,,,,,,,,,,,,,,,,,,,,,,,,,,,,,,,,,,,,,,,,,,,,,,,,,,,,,,,,,,,0.5370835838422064,21,2026-W21,0.65,False,3.849676647638003e-13,0.02216589017607897,0.9778341098235307,1.228801118555595,2.9625769591281745,0.34717100410915464,6,3,
2026-05-18 14:06:59+00:00,2026-05-18 14:00,KXETHD-26MAY1811-T2129.99,2026-05-18T15:00:00Z,2124.61,2129.99,0.2535,0.39,real,0.247089,0.3668,0.00124665,0.00114524,0.00124513,0.9198,0.03,0.00112882,-1.0,0.0,1.0,0.0,1.0,0.1384,2.0,1.0,0.9651,0.0,3.83e-05,-1.0,0.0,0.0,0.0,0.0,-0.0208,False,False,1.0,0.0,34.9,38.43,False,0.0,bearish,0.0,0.0,0.056462,0.025902,trade,no,False,False,38.0,52.98,,0.144775,0.05,50.0,1000.0,-3.0,0.0,0.3176,-0.0263,-0.2878,-0.1132,False,,False,True,31.97,2026-05-18 14:06:59+00:00,,0.0,,,,,,,,,,,bearish,bearish,False,False,6.276,3.001,False,False,False,,,36.03,0.6677,,14.0,,,,,,,,,,,,,,,,,,,,,,,,,,,,,,,,,,,,,,,,,,,,,,,,,,,,,,,,,,,,,,,,,,,,,,,,,,,,,,,0.5395300069190813,21,2026-W21,0.61,False,5.792437397434162e-19,0.9450202545097524,0.05497974549026157,1.349923417466677,1.5949894794034503,0.09726443768996708,6,3,
2026-05-18 16:05:09+00:00,2026-05-18 16:00,KXETHD-26MAY1813-T2109.99,2026-05-18T17:00:00Z,2101.62,2109.99,0.3984,0.23,real,0.17824,0.8273,0.00084485,0.00057574,0.00072713,0.7918,0.02,0.00064935,1.0,1.0,2.0,1.0,0.0,0.0091,2.0,0.0,0.7229,-1.0,8.569e-05,0.0,-1.0,1.0,2.0,2.0,-1.0296,False,False,1.0,1.0,14.06,18.87,False,-1.0,bearish,0.0,0.0,0.046307,0.02081,trade,no,False,False,37.0,54.79,,0.201334,0.05,50.0,1000.0,-4.0,6.0,0.4799,-0.0162,-0.0884,-0.214,False,,False,True,14.94,2026-05-18 16:05:09+00:00,,0.0,,,,,,,,,,,bearish,bearish,False,False,1.582,1.94,False,False,False,,,36.43,0.0025,,16.0,,,,,,,,,,,,,,,,,,,,,,,,,,,,,,,,,,,,,,,,,,,,,,,,,,,,,,,,,,,,,,,,,,,,,,,,,,,,,,,0.5370879785036533,21,2026-W21,0.77,False,1.391692593186216e-23,0.9999857022128068,1.4297787203553195e-05,1.3201153454428194,-0.2012243383652894,0.08361592868908155,6,3,
2026-05-18 17:31:02+00:00,2026-05-18 17:00,KXETHD-26MAY1814-T2109.99,2026-05-18T18:00:00Z,2104.54,2109.99,0.2589,0.2,real,0.106514,0.9551,0.00053618,0.00038364,0.00057134,0.6715,0.03,0.00050344,1.0,-1.0,0.0,1.0,0.0,0.0214,2.0,-1.0,0.842,-1.0,9.654e-05,0.0,0.0,0.0,1.0,1.0,-0.772,False,False,0.0,0.0,43.01,35.13,False,0.0,bearish,0.0,0.0,0.059508,0.036056,trade,no,False,False,36.0,28.92,,0.297542,0.05,50.0,1000.0,-4.0,1.0,0.3711,0.4004,0.0218,0.0,False,,False,True,12.5,2026-05-18 17:31:02+00:00,,0.0,,,,,,,,,,,bearish,bearish,False,False,1.441,2.077,False,False,False,,,36.75,0.1231,0.02,17.0,,,,,,,,,,,,,,,,,,,,,,,,,,,,,,,,,,,,,,,,,,,,,,,,,,,,,,,,,,,,,,,,,,,,,,,,,,,,,,,0.5262924435329029,21,2026-W21,0.8,False,1.9324781741021668e-22,0.9999775964610642,2.2403538934928032e-05,1.1451364455350481,-0.1773227838513165,0.1577574967405477,6,3,
2026-05-18 18:03:17+00:00,2026-05-18 18:00,KXETHD-26MAY1815-T2109.99,2026-05-18T19:00:00Z,2103.18,2109.99,0.3237,0.22,real,0.12468,0.825,0.0005603,0.00057763,0.0005559,1.0391,0.04,0.00061939,1.0,-1.0,0.0,2.0,-1.0,-0.1133,2.0,0.0,0.7187,-1.0,0.0001,0.0,0.0,0.0,1.0,1.0,-0.7056,False,False,0.0,0.0,77.15,60.94,False,0.0,bearish,0.0,0.0,0.048379,0.023428,trade,no,False,False,37.0,56.67,,0.219906,0.05,50.0,1000.0,-4.0,1.0,0.3711,0.0674,0.0,0.0,False,,False,True,14.1,2026-05-18 18:03:17+00:00,,0.0,,,,,,,,,,,bearish,bearish,False,False,1.507,2.013,False,False,True,,,36.74,0.0,,18.0,,,,,,,,,,,,,,,,,,,,,,,,,,,,,,,,,,,,,,,,,,,,,,,,,,,,,,,,,,,,,,,,,,,,,,,,,,,,,,,0.5530255408939927,21,2026-W21,0.78,False,1.5221306310904851e-37,0.9999999999915872,8.402020162999335e-12,0.9977008350399104,-1.7110612520302642,0.037539001560061534,6,3,
2026-05-18 23:52:33+00:00,2026-05-18 23:00,KXETHD-26MAY1820-T2129.99,2026-05-19T00:00:00Z,2127.68,2129.99,0.1085,0.2,real,0.063584,1.0184,0.00038357,0.00036607,0.0004742,0.772,0.02,0.00046651,0.0,-1.0,0.0,1.0,0.0,0.0944,2.0,0.0,0.6741,-1.0,8.171e-05,0.0,0.0,0.0,0.0,0.0,0.5256,False,False,1.0,0.0,51.0,60.79,False,0.0,bearish,0.0,0.0,0.083604,0.061405,trade,no,False,False,37.0,7.38,,0.418021,0.05,50.0,1000.0,0.0,-1.0,0.483,-0.1908,-0.1861,-0.1861,False,,False,True,12.5,2026-05-18 23:52:33+00:00,,0.0,,,,,,,,,,,bearish,bearish,False,False,6.123,3.142,False,False,True,,,29.6,0.2053,,23.0,,,,,,,,,,,,,,,,,,,,,,,,,,,,,,,,,,,,,,,,,,,,,,,,,,,,,,,,,,,,,,,,,,,,,,,,,,,,,,,0.5005087834041777,21,2026-W21,0.8,False,2.3209560999350122e-12,0.9996747753572449,0.00032522464042506876,1.4537806494531842,4.515290762843161,0.6627122877122904,7,5,
2026-05-19 12:21:22+00:00,2026-05-19 12:00,KXETHD-26MAY1909-T2119.99,2026-05-19T13:00:00Z,2113.34,2119.99,0.3147,0.16,real,0.060161,1.4042,0.00034904,0.00029008,0.00050887,0.57,0.03,0.00042902,0.0,-1.0,0.0,2.0,-1.0,-0.2133,2.0,0.0,0.3675,-1.0,9.682e-05,0.0,0.0,0.0,1.0,1.0,-0.7821,False,False,0.0,0.0,21.89,17.65,True,-1.0,bearish,0.0,0.0,0.099218,0.080222,trade,no,False,False,39.0,38.56,,0.620111,0.05,50.0,1000.0,0.0,5.0,0.6447,0.1184,0.0005,-0.0846,False,,False,True,9.52,2026-05-19 12:21:22+00:00,,0.0,,,,,,,,,,,bearish,bullish,True,False,6.843,2.484,False,False,False,,,22.71,0.239,0.04,12.0,,,,,,,,,,,,,,,,,,,,,,,,,,,,,,,,,,,,,,,,,,,,,,,,,,,,,,,,,,,,,,,,,,,,,,,,,,,,,,,0.5214245062503916,21,2026-W21,0.84,False,6.733555125134526e-15,0.9995568561447062,0.0004431438552931844,0.9086731351081876,-0.6551386831926229,0.5975975975975985,4,7,
2026-05-19 13:06:43+00:00,2026-05-19 13:00,KXETHD-26MAY1910-T2119.99,2026-05-19T14:00:00Z,2113.01,2119.99,0.3305,0.25,real,0.193516,0.9291,0.00040193,0.00049257,0.00067053,0.7346,0.01,0.00057948,-1.0,-1.0,0.0,3.0,-1.0,-0.1851,2.0,0.0,0.2187,-1.0,9.72e-05,0.0,0.0,0.0,1.0,1.0,-0.6596,False,False,0.0,-1.0,57.44,62.51,True,-1.0,bearish,0.0,0.0,0.08524,0.060607,trade,no,False,False,40.0,53.23,,0.34096,0.05,50.0,1000.0,0.0,1.0,0.5223,-0.1077,-0.1567,-0.1605,False,,False,True,16.67,2026-05-19 13:06:43+00:00,,0.0,,,,,,,,,,,bearish,bullish,True,False,6.86,2.469,False,False,True,,,23.41,0.0207,,13.0,,,,,,,,,,,,,,,,,,,,,,,,,,,,,,,,,,,,,,,,,,,,,,,,,,,,,,,,,,,,,,,,,,,,,,,,,,,,,,,0.5157274313659028,21,2026-W21,0.75,False,3.7951531694638194e-11,0.994821981609322,0.005178018352729101,0.8619998601124297,-0.5892866060532342,0.6174746174746166,4,7,
2026-05-19 18:06:37+00:00,2026-05-19 18:00,KXETHD-26MAY1915-T2119.99,2026-05-19T19:00:00Z,2114.28,2119.99,0.2701,0.25,real,0.249235,0.8471,0.00059005,0.00051543,0.00054751,0.9414,0.03,0.00057357,-1.0,-1.0,0.0,1.0,0.0,0.0591,2.0,0.0,0.7315,-1.0,8.786e-05,-1.0,0.0,0.0,0.0,0.0,-0.092,False,False,0.0,0.0,74.56,72.71,False,0.0,bearish,0.0,0.0,0.053487,0.027434,trade,no,False,False,39.0,53.34,,0.213948,0.05,50.0,1000.0,1.0,0.0,0.6103,0.1177,0.0936,0.0865,False,,False,True,16.67,2026-05-19 18:06:37+00:00,,0.0,,,,,,,,,,,bearish,bullish,True,False,6.795,2.528,False,False,True,,,21.89,0.2237,,18.0,,,,,,,,,,,,,,,,,,,,,,,,,,,,,,,,,,,,,,,,,,,,,,,,,,,,,,,,,,,,,,,,,,,,,,,,,,,,,,,0.5169108551357986,21,2026-W21,0.75,False,1.5136480106070662e-08,0.9846716299172311,0.015328354946286281,0.7972991984125324,-0.45308700906450117,0.3932281646787182,4,7,
2026-05-19 19:00:31+00:00,2026-05-19 19:00,KXETHD-26MAY1916-T2119.99,2026-05-19T20:00:00Z,2114.13,2119.99,0.2773,0.24,real,0.238709,0.9146,0.00042281,0.00043085,0.00050869,0.847,0.04,0.00051685,-1.0,-1.0,0.0,2.0,-1.0,-0.2122,2.0,0.0,0.6842,-1.0,9.582e-05,1.0,0.0,0.0,0.0,0.0,-0.1217,False,False,0.0,0.0,44.43,48.25,False,0.0,bearish,0.0,0.0,0.059972,0.034638,trade,no,False,False,61.0,59.4,,0.249881,0.05,50.0,1000.0,1.0,0.0,0.6103,0.1231,-0.0524,-0.0647,False,,False,True,15.79,2026-05-19 19:00:31+00:00,,0.0,,,,,,,,,,,bearish,bullish,True,False,6.803,2.521,False,False,True,,,21.64,0.0,,19.0,,,,,,,,,,,,,,,,,,,,,,,,,,,,,,,,,,,,,,,,,,,,,,,,,,,,,,,,,,,,,,,,,,,,,,,,,,,,,,,0.5240720794563205,21,2026-W21,0.76,False,0.0009747315507901999,0.1483250330201716,0.8507002354290377,0.6885673680912215,-0.427362231510827,0.35263562908811236,0,2,
2026-05-19 21:00:46+00:00,2026-05-19 21:00,KXETHD-26MAY1918-T2119.99,2026-05-19T22:00:00Z,2116.77,2119.99,0.1521,0.32,real,0.240725,0.7525,0.00023501,0.000258,0.00042247,0.6107,0.01,0.00038614,-1.0,-1.0,0.0,1.0,0.0,-0.0818,2.0,-1.0,0.8067,-1.0,0.00011951,0.0,0.0,0.0,0.0,0.0,0.0016,False,False,0.0,0.0,51.33,54.37,False,0.0,bearish,0.0,0.0,0.106192,0.079425,trade,no,False,False,39.0,59.18,,0.33185,0.05,50.0,1000.0,0.0,0.0,0.5174,0.0747,-0.0208,-0.0812,False,,False,True,23.53,2026-05-19 21:00:46+00:00,,0.0,,,,,,,,,,,bearish,bullish,True,False,6.67,2.642,False,False,True,,,19.53,0.4064,,21.0,,,,,,,,,,,,,,,,,,,,,,,,,,,,,,,,,,,,,,,,,,,,,,,,,,,,,,,,,,,,,,,,,,,,,,,,,,,,,,,0.5044913771197096,21,2026-W21,0.6799999999999999,False,0.019553949963499476,0.00020496971616745525,0.9802410803203271,0.6135886839551417,0.26209511831087884,0.4646141543382605,0,0,
2026-05-20 13:05:07+00:00,2026-05-20 13:00,KXETHD-26MAY2010-T2139.99,2026-05-20T14:00:00Z,2132.73,2139.99,0.3402,0.22,real,0.109071,1.239,0.00028598,0.00036749,0.00059405,0.6186,0.01,0.00048713,1.0,-1.0,0.0,2.0,-1.0,-0.1812,2.0,0.0,0.5318,-1.0,0.00015493,0.0,0.0,0.0,-1.0,-1.0,0.4476,False,False,-1.0,0.0,61.01,64.22,False,1.0,bearish,0.0,0.0,0.127051,0.10615,trade,no,False,False,40.0,54.83,,0.577507,0.05,50.0,1000.0,0.0,-2.0,0.4718,0.0558,-0.0351,-0.0351,False,,False,True,14.1,2026-05-20 13:05:07+00:00,,0.0,,,,,,,,,,,bearish,bullish,True,False,5.871,3.371,False,False,False,,,18.38,0.009,,13.0,,,,,,,,,,,,,,,,,,,,,,,,,,,,,,,,,,,,,,,,,,,,,,,,,,,,,,,,,,,,,,,,,,,,,,,,,,,,,,,0.5284186033876314,21,2026-W21,0.78,False,0.9881663913111587,1.2187324310583754e-05,0.011821421364531784,0.7500714689012765,1.2458132493770515,0.4570437566702268,5,0,
2026-05-20 18:15:17+00:00,2026-05-20 18:00,KXETHD-26MAY2015-T2139.99,2026-05-20T19:00:00Z,2136.12,2139.99,0.1811,0.28,real,0.257357,0.7738,0.0004822,0.00035663,0.0004646,0.7676,0.04,0.00046039,1.0,0.0,1.0,1.0,1.0,0.1191,2.0,0.0,0.6944,-1.0,0.00016165,1.0,0.0,0.0,0.0,0.0,0.1737,False,False,0.0,0.0,59.47,61.83,False,0.0,neutral,0.0,0.0,0.065594,0.038803,trade,no,False,False,40.0,44.65,,0.234263,0.05,50.0,1000.0,1.0,0.0,0.6103,-0.335,-0.0131,0.0,False,,False,True,19.44,2026-05-20 18:15:17+00:00,,0.0,,,,,,,,,,,bearish,bullish,True,False,5.703,3.524,False,False,True,,,18.07,0.0188,-0.08,18.0,,,,,,,,,,,,,,,,,,,,,,,,,,,,,,,,,,,,,,,,,,,,,,,,,,,,,,,,,,,,,,,,,,,,,,,,,,,,,,,0.5274936927627809,21,2026-W21,0.72,False,0.9955770931555923,9.898811969708957e-06,0.0044130080324339,0.7933884888417566,1.1503674052958908,0.6373674911660777,5,0,
2026-05-20 21:13:30+00:00,2026-05-20 21:00,KXETHD-26MAY2018-T2139.99,2026-05-20T22:00:00Z,2136.2,2139.99,0.1775,0.23,real,0.223206,0.8907,0.00055964,0.00027643,0.00035211,0.7851,0.03,0.00038429,1.0,-1.0,0.0,1.0,0.0,0.0002,2.0,0.0,0.4616,-1.0,7.991e-05,0.0,0.0,0.0,0.0,0.0,0.0759,False,False,0.0,0.0,45.91,37.74,False,1.0,bullish,0.0,0.0,0.045553,0.020023,trade,no,False,False,40.0,46.46,,0.198057,0.05,50.0,1000.0,2.0,0.0,0.651,0.0276,0.0988,0.0051,False,,False,True,14.94,2026-05-20 21:13:30+00:00,,0.0,,,,,,,,,,,bearish,bullish,True,False,5.699,3.528,False,False,True,,,17.99,0.0353,0.08,21.0,,,,,,,,,,,,,,,,,,,,,,,,,,,,,,,,,,,,,,,,,,,,,,,,,,,,,,,,,,,,,,,,,,,,,,,,,,,,,,,0.525509061085309,21,2026-W21,0.77,False,0.990828713810715,1.3587743241413761e-05,0.009157698446047356,0.7226831100516232,0.3461738227658624,0.6032045240339273,5,0,
2026-05-21 03:01:11+00:00,2026-05-21 03:00,KXETHD-26MAY2100-T2139.99,2026-05-21T04:00:00Z,2140.59,2139.99,-0.0282,0.56,real,0.645331,-0.1669,0.00026411,0.00015917,0.00024376,0.653,0.01,0.00029005,1.0,0.0,1.0,1.0,1.0,0.1077,2.0,0.0,0.3679,-1.0,7.507e-05,0.0,0.0,0.0,0.0,0.0,-0.0813,False,False,0.0,0.0,53.23,56.66,False,1.0,bullish,0.0,0.0,0.070331,0.038083,trade,yes,False,False,40.0,58.75,,0.159842,0.05,50.0,1000.0,1.0,0.0,0.6103,-0.1016,-0.0774,0.0,False,,True,True,39.29,2026-05-21 03:01:11+00:00,,0.0,,0.6094,0.5,,,,,1.0,-1.0,0.7476,bearish,bullish,True,False,5.482,3.726,False,False,True,,,18.48,0.0,,3.0,-2.0,-1.0,71.51,0.0114,,,,,,,,,,,,,,,,,,,-0.1748,0.0,0.0,0.011092,-0.06568,0.0045,,,,,,,,,,,,,,,,,,,,,,,,,,,,,,,,,,,,,,,,,,,,,,,,,,,0.4732700801680644,21,2026-W21,0.56,False,0.9997490690744747,1.327909310939575e-06,0.00024960301622293265,0.7293020328675796,0.9123604542445367,0.7430588235294101,5,0,1.0
2026-05-21 09:05:40+00:00,2026-05-21 09:00,KXETHD-26MAY2106-T2139.99,2026-05-21T10:00:00Z,2135.34,2139.99,0.2176,0.15,real,0.064912,1.561,0.00062129,0.00012426,0.00028464,0.4366,0.05,0.00027791,1.0,-1.0,0.0,1.0,0.0,0.0579,2.0,0.0,0.7285,-1.0,0.00012669,0.0,0.0,0.0,0.0,0.0,-0.0462,False,False,0.0,0.0,58.28,58.28,False,0.0,bullish,0.0,0.0,0.10464,0.086609,trade,no,False,False,40.0,54.28,,0.697602,0.05,50.0,1000.0,0.0,0.0,0.5174,0.0,0.0,0.0,False,,False,True,8.82,2026-05-21 09:05:40+00:00,,0.0,,0.5184,0.5,,,,,0.0,1.0,0.7777,bearish,bullish,True,False,5.742,3.489,False,False,True,,,16.72,0.0,,9.0,-2.0,-1.0,72.1,-0.0099,,,,,,,,,,,,,,,,,,,-0.2876,1722514.08,0.0,0.008542,-0.06338,0.00447,,,,,,,,,,,,,,,,,,,,,,,,,,,,,,,,,,,,,,,,,,,,,,,,,,,0.5284186033876314,21,2026-W21,0.85,False,0.9897796969694069,3.740638955369907e-06,0.01021656239162619,0.7249367363173038,-1.1590235857540407,0.3407058823529416,5,0,1.0
2026-05-21 13:01:21+00:00,2026-05-21 13:00,KXETHD-26MAY2110-T2119.99,2026-05-21T14:00:00Z,2116.59,2119.99,0.1607,0.37,real,0.323833,0.5578,0.00025754,0.00028342,0.0006329,0.4478,0.02,0.00044827,-1.0,-1.0,0.0,1.0,0.0,-0.0192,2.0,0.0,0.4343,-1.0,9.544e-05,0.0,0.0,0.0,1.0,1.0,-0.5967,False,False,0.0,0.0,36.46,30.05,False,-1.0,bearish,0.0,0.0,0.089576,0.060451,trade,no,False,False,40.0,58.44,,0.242098,0.05,50.0,1000.0,0.0,4.0,0.55,0.1906,-0.0156,-0.083,False,,False,True,29.37,2026-05-21 13:01:21+00:00,,0.0,,0.5401,0.0,,,,,0.0682,-1.0,0.6964,bearish,bearish,False,False,6.679,2.634,False,False,True,,,15.63,0.0,,13.0,,,,,,,,,,,,,,,,,,,,,,,-1.0,6197580.35,0.0,0.002627,-0.05508,0.00409,,,,,,,,,,,,,,,,,,,,,,,,,,,,,,,,,,,,,,,,,,,,,,,,,,,0.5263886353764252,21,2026-W21,0.63,False,0.983360618459166,6.918484944448032e-06,0.016632463055875516,0.7647457473170419,-2.8754221928473553,0.272342064714952,5,0,
2026-05-21 14:15:48+00:00,2026-05-21 14:00,KXETHD-26MAY2111-T2119.99,2026-05-21T15:00:00Z,2116.53,2119.99,0.1633,0.33,real,0.248584,0.4944,0.00077181,0.00053929,0.00055816,0.9662,0.04,0.00059127,0.0,-1.0,0.0,2.0,0.0,-0.0713,2.0,0.0,0.5646,-1.0,9.281e-05,1.0,0.0,0.0,0.0,0.0,-0.3089,False,False,-1.0,-1.0,84.56,85.54,True,0.0,bearish,0.0,0.0,0.047386,0.018194,trade,no,False,False,40.0,44.16,,0.143593,0.05,50.0,1000.0,0.0,-1.0,0.483,0.5008,-0.1205,0.0156,False,,True,False,-50.0,2026-05-21 14:15:48+00:00,,0.0,,0.4268,0.5548,,,,,0.104,1.0,0.7233,bearish,bearish,False,False,6.682,2.631,False,False,True,,,16.39,0.0035,,14.0,-2.0,-0.7974,74.83,0.1572,,,,,,,,,,,,,,,,,,,-1.0,5776722.32,0.0,0.001663,-0.00497,0.00444,,,,,,,,,,,,,,,,,,,,,,,,,,,,,,,,,,,,,,,,,,,,,,,,,,,0.5138490451815759,21,2026-W21,0.6699999999999999,False,0.9996732801474535,8.615084639679e-07,0.0003258583440824579,0.7005886081903574,-2.474338150732123,0.31953004622496384,5,0,1.0
2026-05-21 21:14:10+00:00,2026-05-21 21:00,KXETHD-26MAY2118-T2139.99,2026-05-21T22:00:00Z,2135.84,2139.99,0.1941,0.22,real,0.184372,0.9489,0.00032252,0.00024551,0.00037115,0.6615,0.01,0.00035957,0.0,0.0,1.0,1.0,1.0,0.1075,2.0,0.0,0.6943,-1.0,0.00011503,0.0,0.0,0.0,0.0,0.0,0.3105,False,False,0.0,0.0,52.44,50.57,False,1.0,bullish,0.0,0.0,0.0611,0.036745,trade,no,False,False,40.0,45.79,,0.277728,0.05,50.0,1000.0,0.0,0.0,0.5174,0.08,-0.0505,-0.0187,False,,False,True,14.1,2026-05-21 21:14:10+00:00,,0.0,,0.52,0.0286,,,,,0.4474,1.0,0.7649,bearish,bullish,False,False,5.717,3.512,False,False,True,,,14.16,0.0433,-0.03,21.0,0.0,1.0,71.68,-0.0734,,,,,,,,,,,,,,,,,,,-0.328,1915419.65,0.0,0.010109,-0.0636,0.00429,,,,,,,,,,,,,,,,,,,,,,,,,,,,,,,,,,,,,,,,,,,,,,,,,,,0.5123534214593979,21,2026-W21,0.78,False,0.0005226737836871423,7.870221054444008e-05,0.9993986240057573,1.23170270723147,1.1064715519567456,0.6256983240223463,5,2,1.0
2026-05-22 16:29:15+00:00,2026-05-22 16:00,KXETHD-26MAY2213-T2119.99,2026-05-22T17:00:00Z,2117.44,2119.99,0.1205,0.35,real,0.21802,0.4774,0.00045362,0.0003271,0.0005642,0.5798,0.03,0.0004554,-1.0,-1.0,0.0,1.0,0.0,-0.0354,2.0,0.0,0.6204,-1.0,8.794e-05,1.0,0.0,0.0,1.0,1.0,-0.2658,False,False,0.0,0.0,31.01,32.84,False,-1.0,bearish,0.0,0.0,0.069598,0.040473,trade,no,False,False,39.0,30.71,,0.19885,0.05,50.0,1000.0,0.0,0.0,0.5174,-0.0156,0.0571,0.0057,False,,True,False,-50.0,2026-05-22 16:29:15+00:00,,0.0,,0.3815,0.3407,,,,,0.178,1.0,0.7392,bearish,bullish,False,False,6.636,2.673,False,False,True,,,14.44,0.7955,,16.0,0.0,1.0,74.15,0.0157,,,,,,,,,,,,,,,,,,,-0.078,759281.66,0.0,0.011749,-0.00466,0.00468,,,,,,,,,,,,,,,,,,,,,,,,,,,,,,,,,,,,,,,,,,,,,,,,,,,0.5245709717604145,21,2026-W21,0.65,False,0.004263384751169334,7.73314685423632e-05,0.9956592837802942,0.715708589400801,-0.9803317925146495,0.34650670430487346,5,0,1.0
2026-05-22 22:02:14+00:00,2026-05-22 22:00,KXETHD-26MAY2219-T2079.99,2026-05-22T23:00:00Z,2076.32,2079.99,0.1766,0.31,real,0.198167,0.5097,0.0003871,0.00035037,0.00046831,0.7481,0.05,0.00045562,-1.0,-1.0,0.0,2.0,-1.0,-0.2184,2.0,0.0,0.5095,-1.0,9.951e-05,0.0,0.0,0.0,1.0,1.0,-1.0285,False,False,-1.0,0.0,40.24,33.6,False,0.0,bearish,0.0,0.0,0.043153,0.014458,trade,no,False,False,37.0,57.72,,0.139204,0.05,50.0,1000.0,-5.0,1.0,0.3711,0.2565,0.0346,0.0043,False,,False,True,22.46,2026-05-22 22:02:14+00:00,,0.0,,0.3675,0.5,,,,,1.0,1.0,0.3383,bearish,bearish,False,False,2.125,4.352,False,False,False,,,27.18,0.0016,,22.0,0.0,1.0,77.05,-0.0602,,,,,,,,,,,,,,,,,,,-0.0993,1474121.66,0.0,0.008683,-0.03676,0.00437,,,,,,,,,,,,,,,,,,,,,,,,,,,,,,,,,,,,,,,,,,,2073.12,-0.1541,-0.3303,0.0,win,,,,0.5394679898434513,21,2026-W21,0.69,False,4.186934097655725e-08,1.7169227147951166e-05,0.999982788903516,1.2663601607504276,-5.975453504455235,0.16203931203931252,3,3,1.0
2026-05-23 00:44:29+00:00,2026-05-23 00:00,KXETHD-26MAY2221-T2059.99,2026-05-23T01:00:00Z,2057.74,2059.99,0.1092,0.38,real,0.176661,0.2833,0.0009843,0.000809,0.00090789,0.8911,0.04,0.00084398,-1.0,0.0,1.0,2.0,-1.0,-0.1642,2.0,0.0,0.3632,-1.0,9.81e-05,0.0,0.0,0.0,0.0,0.0,,False,False,1.0,1.0,17.45,34.42,False,-1.0,bearish,0.0,0.0,0.054925,0.024567,trade,no,False,False,36.0,15.47,,0.144539,0.05,50.0,1000.0,-5.0,8.0,0.4799,-0.404,-0.3481,-0.1378,False,,True,False,-50.0,2026-05-23 00:44:29+00:00,,0.0,,0.2595,0.0929,,,,,0.106,1.0,0.3652,bearish,bearish,False,False,3.047,3.488,False,False,False,,,32.65,4.1661,,0.0,-2.0,-1.0,77.02,0.1919,,,,,,,,,,,,,,,,,,,-0.0953,758136.04,0.0,0.009534,-0.02806,0.01859,,,,,,,,,,,,,,,,,,,,,,,,,,,,,,,,,,,,,,,,,,,2065.86,0.3946,0.285,0.285,clear_loss,,,,0.5727480877811056,21,2026-W21,0.62,False,8.037893413738704e-09,1.3201549496226869e-05,0.9999867904126132,0.880451964357554,-5.62307780489102,0.1311612364243972,3,3,1.0
2026-05-24 05:01:32+00:00,2026-05-24 05:00,KXETHD-26MAY2402-T2119.99,2026-05-24T06:00:00Z,2117.55,2119.99,0.1153,0.35,real,0.249742,0.8806,0.00015737,5.141e-05,0.00039149,0.1313,0.01,0.0002519,0.0,0.0,1.0,1.0,1.0,0.1451,2.0,0.0,0.5515,-1.0,0.00010192,0.0,0.0,0.0,0.0,0.0,-0.0477,False,False,0.0,0.0,38.96,39.91,False,0.0,bullish,0.0,0.0,0.160368,0.134611,trade,no,False,False,44.0,58.4,,0.458195,0.05,50.0,1000.0,1.0,0.0,0.6103,-0.0108,0.0,0.0,False,,False,True,26.92,2026-05-24 05:01:32+00:00,,0.0,,0.6092,0.5,,,,,1.0,-1.0,0.036,bearish,bullish,False,False,6.63,6.214,False,False,False,,,42.76,0.0,,5.0,-2.0,-1.0,69.13,0.0016,,,,,,,,,,,,,,,,,,,-0.1119,698338.13,0.0,0.009722,-0.05551,0.00476,,,,,,,,,,,,,,,,,,,,,,,,,,,,,,,,,,,,,,,,,,,2115.58,-0.093,-0.208,0.0,win,,,,0.512521221059996,21,2026-W21,0.65,False,8.166609744681736e-21,1.0,1.7903673713296175e-16,0.8126211290092458,4.1602992123697735,0.7253225939015365,3,5,1.0
2026-05-24 11:03:57+00:00,2026-05-24 11:00,KXETHD-26MAY2408-T2119.99,2026-05-24T12:00:00Z,2120.43,2119.99,-0.0209,0.58,real,0.651472,-0.1681,0.00033695,0.00011803,0.00013856,0.8518,0.03,0.00024465,0.0,1.0,2.0,1.0,1.0,0.1193,2.0,0.0,0.2848,-1.0,0.00015649,0.0,0.0,0.0,0.0,0.0,-0.0261,False,False,0.0,1.0,11.14,11.14,False,0.0,bullish,0.0,0.0,0.056472,0.02442,trade,yes,False,False,45.0,55.97,,0.134457,0.05,50.0,1000.0,0.0,2.0,0.5909,-0.1144,0.0,0.0,False,,True,True,36.21,2026-05-24 11:03:57+00:00,,0.0,,0.5875,0.5,,,,,0.0,1.0,0.0278,bearish,bullish,False,False,6.485,6.341,False,False,False,,,43.09,0.0,,11.0,-1.0,0.2135,68.42,0.1308,,,,,,,,,,,,,,,,,,,-1.0,4015402.03,0.0,0.001897,-0.0568,0.00496,,,,,,,,,,,,,,,,,,,,,,,,,,,,,,,,,,,,,,,,,,,2126.52,0.2872,0.308,0.0,win,,,,0.449167014779983,21,2026-W21,0.58,False,3.233517493233935e-29,1.0,8.86399638715731e-24,0.8195968298211025,0.40010510539205235,0.7539135194307603,3,7,1.0
2026-05-24 13:10:14+00:00,2026-05-24 13:00,KXETHD-26MAY2410-T2119.99,2026-05-24T14:00:00Z,2116.66,2119.99,0.1573,0.26,real,0.275742,0.7553,0.00036136,0.00034821,0.00034646,1.005,0.08,0.00043393,1.0,0.0,1.0,2.0,-1.0,-0.1082,2.0,0.0,0.3517,-1.0,6.641e-05,0.0,0.0,0.0,1.0,1.0,-0.1178,False,False,1.0,1.0,6.23,7.36,True,0.0,bullish,0.0,0.0,0.040276,0.013275,trade,no,False,False,45.0,49.7,,0.154907,0.05,50.0,1000.0,0.0,4.0,0.55,0.0042,-0.0245,-0.1014,False,,False,True,17.57,2026-05-24 13:10:14+00:00,,0.0,,0.5635,0.0,,,,,0.3333,1.0,0.0717,bearish,bullish,False,False,6.675,6.174,False,False,False,,,43.36,0.0013,0.05,13.0,-2.0,-1.0,68.17,-0.0013,,,,,,,,,,,,,,,,,,,-1.0,5526641.91,0.0,0.002473,-0.05512,0.00431,,,,,,,,,,,,,,,,,,,,,,,,,,,,,,,,,,,,,,,,,,,2111.21,-0.2575,-0.4142,0.0,win,,,,0.5693884103797255,21,2026-W21,0.74,False,4.649638954802355e-20,1.0,2.916496597060808e-15,0.8876666602465446,-1.583668222430525,0.49157097483508644,3,7,1.0
2026-05-24 15:02:19+00:00,2026-05-24 15:00,KXETHD-26MAY2412-T2099.99,2026-05-24T16:00:00Z,2095.49,2099.99,0.2148,0.3,real,0.341012,0.6427,0.00123363,0.00038329,0.00053902,0.7111,0.11,0.00052355,1.0,-1.0,0.0,1.0,0.0,0.0043,2.0,0.0,0.6218,-1.0,6.864e-05,-1.0,0.0,0.0,1.0,1.0,-0.3896,False,False,1.0,0.0,36.19,35.79,False,-1.0,neutral,0.0,0.0,0.03945,0.010963,trade,no,False,False,44.0,57.63,,0.131499,0.05,50.0,1000.0,0.0,2.0,0.5909,0.0238,-0.0305,-0.0305,False,,False,True,21.43,2026-05-24 15:02:19+00:00,,0.0,,0.5921,0.5,,,,,0.7754,1.0,0.3815,bearish,bearish,True,False,7.753,5.226,False,False,True,,,37.36,0.0027,,15.0,0.0,0.9987,69.2,0.1725,,,,,,,,,,,,,,,,,,,-1.0,4954290.11,0.0,0.000446,-0.04557,0.00428,,,,,,,,,,,,,,,,,,,,,,,,,,,,,,,,,,,,,,,,,,,2096.21,0.0344,-0.18,0.0,win,,,,0.527370223082458,21,2026-W21,0.7,False,1.1022478291401543e-15,0.9999999991461266,8.538840509835345e-10,0.9838988679779729,-3.9729316241771766,0.27684931506849364,3,7,1.0
2026-05-24 16:27:17+00:00,2026-05-24 16:00,KXETHD-26MAY2413-T2099.99,2026-05-24T17:00:00Z,2097.79,2099.99,0.1051,0.42,real,0.33015,0.3064,0.0006068,0.00073292,0.00091015,0.8053,0.02,0.00078912,1.0,-1.0,0.0,2.0,-1.0,-0.1688,2.0,-1.0,0.8811,-1.0,9.351e-05,0.0,0.0,0.0,0.0,0.0,-0.1261,False,False,0.0,0.0,50.95,48.31,False,0.0,bearish,0.0,0.0,0.065427,0.034407,trade,no,False,False,44.0,32.65,,0.155778,0.05,50.0,1000.0,0.0,0.0,0.5174,0.2314,-0.3557,-0.2123,False,,True,False,-50.0,2026-05-24 16:27:17+00:00,,0.0,,0.447,0.0,,,,,0.8498,1.0,0.667,bearish,bearish,True,False,7.635,5.33,False,False,True,,,34.72,0.0611,,16.0,0.0,1.0,69.43,-0.2075,,,,,,,,,,,,,,,,,,,-1.0,5712914.91,0.0,0.001286,-0.04661,0.00436,,,,,,,,,,,,,,,,,,,,,,,,,,,,,,,,,,,,,,,,,,,2103.27,0.2612,0.1562,0.1562,marginal,,,,0.5125077643115719,21,2026-W21,0.5800000000000001,False,3.73997207326909e-16,0.9999999998877911,1.1221825768379654e-10,0.8661116794034805,-3.982673267806197,0.33551293228712714,3,7,2.0
2026-05-24 18:32:02+00:00,2026-05-24 18:00,KXETHD-26MAY2415-T2099.99,2026-05-24T19:00:00Z,2095.86,2099.99,0.1971,0.31,real,0.129367,1.1197,0.00021574,0.00016781,0.00075242,0.223,0.01,0.00039661,0.0,-1.0,0.0,1.0,0.0,-0.0244,2.0,0.0,0.6685,-1.0,7.668e-05,0.0,0.0,0.0,-1.0,-1.0,0.2385,False,False,0.0,0.0,73.87,69.68,False,0.0,neutral,0.0,0.0,0.193989,0.17181,trade,no,False,False,43.0,27.86,,0.62577,0.05,50.0,1000.0,0.0,0.0,0.5174,0.0837,0.0,0.0,False,,False,True,22.46,2026-05-24 18:32:02+00:00,,0.0,,0.4961,0.5,,,,,1.0,1.0,0.1901,bearish,bearish,True,False,7.734,5.243,False,False,False,,,30.03,0.0027,,18.0,-2.0,-1.0,69.68,0.0414,,,,,,,,,,,,,,,,,,,-0.0562,1652019.24,0.0,0.007401,-0.04574,0.00419,,,,,,,,,,,,,,,,,,,,,,,,,,,,,,,,,,,,,,,,,,,2101.17,0.2534,0.0562,0.0,win,,,,0.5373867787776062,21,2026-W21,0.69,False,1.808192914757248e-14,0.9999999519335188,4.806645618964346e-08,0.840305844998214,-3.9603936310145613,0.3554810725552072,3,7,1.0
2026-05-24 21:03:55+00:00,2026-05-24 21:00,KXETHD-26MAY2418-T2099.99,2026-05-24T22:00:00Z,2093.49,2099.99,0.3105,0.2,real,0.160816,1.2293,0.0004554,0.00040754,0.00049219,0.828,0.05,0.00049552,0.0,0.0,1.0,1.0,0.0,-0.0283,2.0,1.0,0.8007,-1.0,6.746e-05,0.0,0.0,0.0,0.0,0.0,-0.1602,False,False,0.0,1.0,19.94,8.93,True,-1.0,bearish,0.0,0.0,0.096333,0.074829,trade,no,False,False,43.0,56.03,,0.481667,0.05,50.0,1000.0,0.0,2.0,0.5909,-0.0053,0.1243,0.1243,False,,False,True,12.5,2026-05-24 21:03:55+00:00,,0.0,,0.5941,0.5,,,,,0.8512,-1.0,0.4209,bearish,bearish,True,False,7.856,5.136,False,False,False,,,26.07,0.0008,,21.0,-2.0,-1.0,69.7,0.1343,,,,,,,,,,,,,,,,,,,-0.266,2201904.31,0.0,0.006444,-0.04466,0.01935,,,,,,,,,,,,,,,,,,,,,,,,,,,,,,,,,,,,,,,,,,,2075.78,-0.846,-1.1529,0.0,win,,,,0.5841141859125838,21,2026-W21,0.8,False,0.8713111311990513,0.004828585594679594,0.12386028320627486,0.934492384278728,-5.261737749527708,0.11762962962963044,3,0,2.0
2026-05-25 02:05:36+00:00,2026-05-25 02:00,KXETHD-26MAY2423-T2099.99,2026-05-25T03:00:00Z,2097.04,2099.99,0.1405,0.39,real,0.381891,0.3669,0.00036088,0.0005304,0.00068184,0.7779,0.03,0.00061785,0.0,0.0,1.0,1.0,0.0,-0.0549,2.0,0.0,0.284,-1.0,8.252e-05,0.0,-1.0,1.0,2.0,2.0,-0.332,False,False,1.0,0.0,23.06,40.33,False,0.0,neutral,0.0,0.0,0.043203,0.012346,trade,no,False,False,43.0,54.34,,0.110777,0.05,50.0,1000.0,0.0,0.0,0.5174,-0.4712,-0.2822,0.0,False,,False,True,31.97,2026-05-25 02:05:36+00:00,,0.0,,0.5265,0.5,,,,,0.9274,-1.0,0.5401,bearish,bearish,False,False,7.673,5.297,False,False,False,,,27.69,0.0,,2.0,-2.0,-1.0,70.71,-0.0469,,,,,,,,,,,,,,,,,,,-0.2742,462712.74,0.0,0.010741,-0.04628,0.00491,,,,,,,,,,,,,,,,,,,,,,,,,,,,,,,,,,,,,,,,,,,2097.66,0.0296,-0.111,0.0,win,,,,0.5031102865197219,22,2026-W22,0.61,False,0.0002473366821008971,5.3644549636138784e-05,0.999699018768261,1.0276397025747597,-1.5313469356416678,0.5075555555555521,3,0,1.0
2026-05-26 00:43:08+00:00,2026-05-26 00:00,KXETHD-26MAY2521-T2099.99,2026-05-26T01:00:00Z,2096.22,2099.99,0.1797,0.29,real,0.091878,0.6916,0.00041551,0.00056445,0.00079246,0.7123,0.01,0.00063397,1.0,0.0,1.0,1.0,0.0,-0.0348,2.0,0.0,0.3247,-1.0,5.288e-05,1.0,0.0,0.0,0.0,0.0,,False,False,1.0,1.0,1.01,35.41,False,-1.0,neutral,0.0,0.0,0.098653,0.072822,trade,no,False,False,38.0,16.77,,0.340184,0.05,50.0,1000.0,0.0,11.0,0.6447,-0.5856,-0.3557,-0.0948,False,,False,True,20.42,2026-05-26 00:43:08+00:00,,0.0,,0.2619,0.1344,,,,,0.8049,-1.0,0.3187,bearish,bullish,True,False,7.715,5.26,False,False,False,,,16.71,2.1627,,0.0,-2.0,-1.0,69.39,0.0797,,,,,,,,,,,,,,,,,,,-0.1937,1313418.57,0.0,0.009566,-0.0459,0.00483,,,,,,,,,,,,,,,,,,,,,,,,,,,,,,,,,,,,,,,,,,,2095.39,-0.0396,-0.219,0.0,win,,,,0.543146277263819,22,2026-W22,0.71,False,0.9974543391165107,1.8971933051766176e-06,0.00254376369019745,0.877184367863263,-2.9741252664092936,0.22144647332617826,1,0,1.0
2026-05-26 06:18:49+00:00,2026-05-26 06:00,KXETHD-26MAY2603-T2099.99,2026-05-26T07:00:00Z,2097.77,2099.99,0.1056,0.33,real,0.248537,0.554,0.00034857,0.00030134,0.00037426,0.8052,0.02,0.00039098,-1.0,-1.0,0.0,1.0,0.0,-0.0672,2.0,0.0,0.5391,0.0,4.432e-05,0.0,0.0,0.0,0.0,0.0,0.0833,False,False,0.0,-1.0,84.8,86.12,False,0.0,bearish,0.0,0.0,0.048722,0.019571,trade,no,False,False,38.0,41.13,,0.147643,0.05,50.0,1000.0,0.0,-2.0,0.4718,0.0,-0.0014,0.0071,False,,False,True,24.63,2026-05-26 06:18:49+00:00,,0.0,,0.4502,0.5,,,,,0.0122,1.0,0.1852,bearish,bullish,True,False,7.636,5.33,False,False,False,,,21.53,0.029,,6.0,-1.0,-0.3241,72.01,0.0699,,,,,,,,,,,,,,,,,,,-0.1289,546495.6,0.0,0.009981,-0.04661,0.00449,,,,,,,,,,,,,,,,,,,,,,,,,,,,,,,,,,,,,,,,,,,2101.48,0.1769,0.071,0.0,win,,,,0.5046264008347934,22,2026-W22,0.6699999999999999,False,0.999212193085227,1.280471295175958e-06,0.0007865264434712829,0.8847278044405502,-2.2283140385706526,0.2911775168979002,1,0,3.0
2026-05-26 07:06:25+00:00,2026-05-26 07:00,KXETHD-26MAY2604-T2099.99,2026-05-26T08:00:00Z,2097.38,2099.99,0.1246,0.26,real,0.141205,0.797,0.0003262,0.00020354,0.0002646,0.7692,0.06,0.0003141,-1.0,-1.0,0.0,2.0,-1.0,-0.1184,2.0,0.0,0.507,0.0,4.055e-05,0.0,0.0,0.0,0.0,0.0,0.1463,False,False,0.0,-1.0,90.51,88.32,False,0.0,bearish,0.0,0.0,0.063048,0.036977,trade,no,False,False,39.0,53.53,,0.242493,0.05,50.0,1000.0,0.0,-4.0,0.3778,0.0752,0.0752,0.0,False,,False,True,17.57,2026-05-26 07:06:25+00:00,,0.0,,0.3905,0.5,,,,,1.0,1.0,0.1071,bearish,bullish,True,False,7.656,5.312,False,False,False,,,21.28,0.0,,7.0,-2.0,-1.0,72.09,0.0846,,,,,,,,,,,,,,,,,,,-1.0,5041631.3,0.0,0.002225,-0.04643,0.00468,,,,,,,,,,,,,,,,,,,,,,,,,,,,,,,,,,,,,,,,,,,2095.68,-0.0811,-0.2052,0.0,win,,,,0.5421283864226997,22,2026-W22,0.74,False,0.9998941329165323,1.075895684183752e-06,0.00010479118778431897,0.8143615150201123,-2.008405370685491,0.1880113838491595,1,0,3.0
2026-05-26 08:39:25+00:00,2026-05-26 08:00,KXETHD-26MAY2605-T2099.99,2026-05-26T09:00:00Z,2096.68,2099.99,0.158,0.21,real,0.161965,1.0157,0.00048351,0.00038529,0.00043213,0.8916,0.02,0.00045138,-1.0,-1.0,0.0,0.0,0.0,-0.0859,2.0,0.0,0.7952,0.0,6.85e-06,0.0,0.0,0.0,0.0,0.0,0.0492,False,False,0.0,0.0,67.61,64.51,False,0.0,bearish,0.0,0.0,0.053723,0.029493,trade,no,False,False,38.0,20.54,,0.255825,0.05,50.0,1000.0,0.0,0.0,0.5174,0.1164,0.0324,0.0925,False,,False,True,13.29,2026-05-26 08:39:25+00:00,,0.0,,0.5117,0.0,,,,,0.1709,-1.0,0.3189,bearish,bullish,True,False,7.692,5.28,False,False,False,,,21.8,0.0506,0.09,8.0,-2.0,-0.6404,72.08,-0.0136,,,,,,,,,,,,,,,,,,,-0.2352,524617.49,0.0,0.010297,-0.04611,0.00451,,,,,,,,,,,,,,,,,,,,,,,,,,,,,,,,,,,,,,,,,,,2097.53,0.0405,-0.1171,0.0,win,,,,0.5148590611006819,22,2026-W22,0.79,False,0.9998095057120687,1.2892927626307963e-06,0.0001892049951575059,0.8447762917596767,-1.62869674190202,0.22091782283884948,1,0,3.0
2026-05-26 14:11:34+00:00,2026-05-26 14:00,KXETHD-26MAY2611-T2139.99,2026-05-26T15:00:00Z,2126.98,2139.99,0.6116,0.19,real,0.091206,1.2692,0.00069392,0.00067663,0.0009987,0.6775,0.03,0.00075087,0.0,-1.0,0.0,1.0,0.0,0.0218,2.0,0.0,0.7726,-1.0,8.469e-05,-1.0,0.0,0.0,-1.0,-1.0,0.5193,False,False,-1.0,0.0,78.38,60.04,False,1.0,bullish,0.0,0.0,0.106921,0.086589,trade,no,False,False,40.0,48.37,,0.562743,0.05,50.0,1000.0,2.0,-5.0,0.3935,0.6551,0.2344,0.1274,False,,False,True,11.73,2026-05-26 14:11:34+00:00,,0.0,,0.4535,0.4035,,,,,0.601,1.0,0.3808,bearish,bullish,True,False,6.157,6.63,False,False,False,,,22.04,0.1415,,14.0,-1.0,0.577,69.55,0.0701,,,,,,,,,,,,,,,,,,,-1.0,5770136.24,0.0,0.004469,-0.0597,0.00462,,,,,,,,,,,,,,,,,,,,,,,,,,,,,,,,,,,,,,,,,,,2111.07,-0.748,-1.3514,0.0,win,,,,0.5360603183051679,22,2026-W22,0.81,False,0.00022817441311369743,7.202639398389251e-05,0.9996997991928936,0.8511414161470814,2.174627121550214,0.45556968926040026,3,0,1.0
2026-05-27 01:12:00+00:00,2026-05-27 01:00,KXETHD-26MAY2622-T2079.99,2026-05-27T02:00:00Z,2077.64,2079.99,0.1129,0.3,real,0.210399,0.5746,0.00040342,0.00026581,0.00031085,0.8551,0.08,0.00037326,0.0,0.0,1.0,3.0,1.0,0.1427,2.0,0.0,0.4912,-1.0,6.789e-05,0.0,1.0,-1.0,-2.0,0.0,-0.0215,True,False,0.0,-1.0,80.27,90.83,True,0.0,bearish,0.0,0.0,0.0476,0.019391,trade,no,False,False,38.0,47.94,,0.158666,0.05,50.0,1000.0,-2.0,-2.0,0.375,-0.037,-0.0951,-0.0274,False,,False,True,21.43,2026-05-27 01:12:00+00:00,,0.0,,0.4089,0.3386,,,,,0.9014,1.0,0.1133,bearish,bearish,True,False,2.101,4.412,False,False,False,,,21.64,1.163,,1.0,0.0,0.8966,75.53,0.0139,,,,,,,,,,,,,,,,,,,-1.0,3757935.09,0.0,0.002794,-0.03232,0.01991,,,,,,,,,,,,,,,,,,,,,,,,,,,,,,,,,,,,,,,,,,,2076.66,-0.0472,-0.1601,0.0,win,,,,0.5390801712437664,22,2026-W22,0.7,False,2.0072304631555597e-05,8.675754902806471e-05,0.9998931701463275,0.9802662127563745,-1.1868781057525588,0.24617028856430365,0,2,1.0
2026-05-27 03:30:47+00:00,2026-05-27 03:00,KXETHD-26MAY2700-T2079.99,2026-05-27T04:00:00Z,2074.0,2079.99,0.2889,0.13,real,0.049967,1.6999,0.0005284,0.00028618,0.0004742,0.6035,0.06,0.00041342,0.0,-1.0,0.0,1.0,0.0,0.0939,2.0,0.0,0.7727,-1.0,6.336e-05,0.0,0.0,0.0,0.0,0.0,0.0672,False,False,0.0,0.0,49.89,51.67,False,0.0,bearish,0.0,0.0,0.099386,0.082309,trade,no,False,False,37.0,29.17,,0.76451,0.05,50.0,1000.0,-2.0,0.0,0.4121,0.2622,0.0029,0.0,False,,False,True,7.47,2026-05-27 03:30:47+00:00,,0.0,,0.5218,0.5,,,,,0.9104,-1.0,0.1186,bearish,bearish,True,False,2.28,4.244,False,False,False,,,21.11,0.0502,,3.0,0.0,1.0,75.39,-0.0344,,,,,,,,,,,,,,,,,,,0.1712,2071578.44,0.0,0.004331,-0.03062,0.01929,,,,,,,,,,,,,,,,,,,,,,,,,,,,,,,,,,,,,,,,,,,2071.27,-0.1316,-0.4192,0.0,win,,,,0.514200385307422,22,2026-W22,0.87,False,1.7861877605465012e-05,8.309083513255245e-05,0.9998990472872565,0.8733765602530279,-0.8577093096887403,0.19000118750742184,0,2,1.0
2026-05-27 04:06:17+00:00,2026-05-27 04:00,KXETHD-26MAY2701-T2069.99,2026-05-27T05:00:00Z,2066.27,2069.99,0.1802,0.37,real,0.317816,0.6551,0.00031781,0.0002748,0.00074041,0.3711,0.06,0.00049352,0.0,0.0,1.0,1.0,0.0,-0.0802,2.0,0.0,0.5457,-1.0,7.377e-05,0.0,0.0,0.0,1.0,1.0,-0.2625,False,False,1.0,1.0,3.08,18.68,False,-1.0,bearish,0.0,0.0,0.11698,0.08875,trade,no,False,False,40.0,53.66,,0.316162,0.05,50.0,1000.0,-3.0,4.0,0.5492,-0.3347,-0.11,-0.0782,False,,False,True,29.37,2026-05-27 04:06:17+00:00,,0.0,,0.5719,0.2087,,,,,0.5587,-1.0,0.277,bearish,bearish,True,False,2.663,3.886,False,False,False,,,20.71,0.0053,,4.0,-2.0,-1.0,75.39,0.241,,,,,,,,,,,,,,,,,,,-1.0,3765787.19,0.0,0.002775,-0.02699,0.02068,,,,,,,,,,,,,,,,,,,,,,,,,,,,,,,,,,,,,,,,,,,2072.76,0.3141,0.1338,0.0,win,,,,0.5264843612388911,22,2026-W22,0.63,False,1.635596743731672e-05,8.199441643837473e-05,0.9999016496161295,0.828713289302268,-0.5368547261562853,0.1998574991093739,0,2,1.0
2026-05-27 11:30:00+00:00,2026-05-27 11:00,KXETHD-26MAY2708-T2089.99,2026-05-27T12:00:00Z,2080.69,2089.99,0.4469,0.17,real,0.037115,1.7918,0.0003416,0.00048223,0.00085407,0.5646,0.01,0.00059836,0.0,-1.0,0.0,0.0,0.0,-0.0728,2.0,1.0,0.8243,0.0,4.674e-05,0.0,0.0,0.0,-1.0,-1.0,0.4218,False,False,0.0,0.0,33.88,24.97,True,1.0,bearish,0.0,0.0,0.133314,0.11584,trade,no,False,False,40.0,29.94,,0.784201,0.05,50.0,1000.0,0.0,0.0,0.5174,0.0701,0.1104,0.0,False,,False,True,10.24,2026-05-27 11:30:00+00:00,,0.0,,0.5027,0.5,,,,,0.8369,1.0,0.5554,bearish,bearish,True,False,1.951,4.552,False,False,True,,,15.94,0.5218,,11.0,0.0,1.0,74.4,-0.0077,,,,,,,,,,,,,,,,,,,-0.9625,1288142.45,0.0,0.001805,-0.03373,0.01985,,,,,,,,,,,,,,,,,,,,,,,,,,,,,,,,,,,,,,,,,,,2080.1,-0.0284,-0.4732,0.0,win,,,,0.5071600145610146,22,2026-W22,0.83,False,0.9937726672916156,9.462653748818244e-06,0.006217870054630367,0.7810986941969892,1.8817449529494414,0.6047035276457323,1,0,5.0
2026-05-27 14:00:18+00:00,2026-05-27 14:00,KXETHD-26MAY2711-T2069.99,2026-05-27T15:00:00Z,2062.82,2069.99,0.3473,0.34,real,0.17526,0.4633,0.00102101,0.00109544,0.00108854,1.0063,0.05,0.00105343,0.0,-1.0,0.0,2.0,-1.0,-0.1259,2.0,0.0,0.4235,-1.0,0.00015097,-1.0,0.0,0.0,0.0,0.0,0.2381,False,False,1.0,0.0,35.6,19.71,True,-1.0,bearish,0.0,0.0,0.06635,0.037437,trade,no,False,False,40.0,59.64,,0.195148,0.05,50.0,1000.0,-4.0,0.0,0.3176,0.1278,0.4419,0.3055,False,,False,True,25.76,2026-05-27 14:00:18+00:00,,0.0,,0.3191,0.296,,,,,0.793,1.0,0.5596,bearish,bearish,False,False,2.834,3.726,False,False,True,,,15.54,0.0065,,14.0,-1.0,0.1633,74.44,0.7737,,,,,,,,,,,,,,,,,,,-1.0,4947707.79,0.0,0.002396,-0.00466,0.01851,,,,,,,,,,,,,,,,,,,,,,,,,,,,,,,,,,,,,,,,,,,2062.77,-0.0024,-0.3488,0.0,win,,,,0.5364459428650736,22,2026-W22,0.6599999999999999,False,0.9973204923546846,2.543485834625047e-06,0.0026769641594827174,1.2484072558263877,-0.23579285839509811,0.24054982817869366,1,0,1.0
2026-05-27 15:03:58+00:00,2026-05-27 15:00,KXETHD-26MAY2712-T2069.99,2026-05-27T16:00:00Z,2061.2,2069.99,0.4263,0.21,real,0.071348,1.0141,0.00096352,0.00074137,0.00070504,1.0515,0.05,0.00073769,1.0,-1.0,0.0,2.0,-1.0,-0.2095,2.0,0.0,0.5747,-1.0,0.00016438,0.0,0.0,0.0,0.0,0.0,0.1172,False,False,0.0,0.0,28.64,22.73,False,0.0,bearish,0.0,0.0,0.090302,0.067926,trade,no,False,False,39.0,55.97,,0.430011,0.05,50.0,1000.0,-4.0,0.0,0.3176,0.464,0.2723,0.0678,False,,False,True,13.29,2026-05-27 15:03:58+00:00,,0.0,,0.3257,0.5385,,,,,0.7815,1.0,0.4581,bearish,bearish,False,False,2.915,3.65,False,False,True,,,15.54,0.0275,,15.0,0.0,1.0,74.34,0.0035,,,,,,,,,,,,,,,,,,,-0.3893,2501108.25,0.0,0.00466,-0.00502,0.01882,,,,,,,,,,,,,,,,,,,,,,,,,,,,,,,,,,,,,,,,,,,2068.54,0.3561,-0.07,0.0,win,,,,0.5356570514594898,22,2026-W22,0.79,False,0.9998957192349605,5.651736279329485e-07,0.0001037155914050055,0.9227976620450725,-0.3260729197349468,0.35601374570446576,1,0,1.0
2026-05-27 18:12:19+00:00,2026-05-27 18:00,KXETHD-26MAY2715-T2049.99,2026-05-27T19:00:00Z,2044.62,2049.99,0.2628,0.24,real,0.171993,0.7726,0.00064464,0.00056575,0.00053839,1.0508,0.01,0.0005859,0.0,0.0,1.0,1.0,0.0,-0.036,2.0,0.0,0.4684,-1.0,0.000175,-1.0,0.0,0.0,1.0,1.0,-0.5221,False,False,1.0,1.0,17.6,15.17,False,-1.0,bearish,0.0,0.0,0.045276,0.019299,trade,no,False,False,39.0,47.64,,0.188649,0.05,50.0,1000.0,-3.0,6.0,0.4799,-0.3067,0.0,0.0,False,,True,False,-50.0,2026-05-27 18:12:19+00:00,,0.0,,0.4311,0.5,,,,,0.2566,-1.0,0.3916,bearish,bearish,False,False,3.75,2.868,False,False,True,,,15.62,0.0406,,18.0,-2.0,-0.8259,74.63,-0.3918,,,,,,,,,,,,,,,,,,,-1.0,6643479.14,0.0,0.002773,-0.02182,0.00513,,,,,,,,,,,,,,,,,,,,,,,,,,,,,,,,,,,,,,,,,,,2056.56,0.584,0.3205,0.3205,clear_loss,,,,0.5278289059260386,22,2026-W22,0.76,False,0.9963971259219815,2.884615967967053e-06,0.0035999894620483354,1.2398589267822744,-1.452436497482796,0.2410071942446039,1,0,1.0
2026-05-28 00:16:25+00:00,2026-05-28 00:00,KXETHD-26MAY2721-T2029.99,2026-05-28T01:00:00Z,2020.93,2029.99,0.4481,0.14,real,0.041848,1.5734,0.00068793,0.00048575,0.00062745,0.7742,0.05,0.00056683,0.0,0.0,1.0,1.0,0.0,-0.0375,2.0,0.0,0.6705,-1.0,8.967e-05,0.0,0.0,0.0,0.0,0.0,,False,False,1.0,1.0,14.97,16.37,False,-1.0,bearish,0.0,0.0,0.100713,0.083071,trade,no,False,False,37.0,43.51,,0.719376,0.05,50.0,1000.0,-4.0,8.0,0.4799,-0.0889,-0.1155,-0.1155,False,,False,True,8.14,2026-05-28 00:16:25+00:00,,0.0,,0.4379,0.0,,,,,0.5055,-1.0,0.4877,bearish,bearish,False,False,1.786,1.73,False,False,False,,,22.71,0.1628,,0.0,-2.0,-1.0,77.33,-0.0547,,,,,,,,,,,,,,,,,,,-0.5656,2400614.81,0.0,0.003236,-0.01036,0.01834,,,,,,,,,,,,,,,,,,,,,,,,,,,,,,,,,,,,,,,,,,,2025.62,0.2321,-0.2153,0.0,win,,,,0.5610645289689363,22,2026-W22,0.86,False,1.4928430162942225e-10,0.00011665063455875942,0.9998833492161516,0.9421855542352093,-4.133082898554932,0.11179192197073683,0,3,1.0
2026-05-28 09:00:39+00:00,2026-05-28 09:00,KXETHD-26MAY2806-T1989.99,2026-05-28T10:00:00Z,1985.35,1989.99,0.2338,0.2,real,0.076804,1.0611,0.00037182,0.00022206,0.00036033,0.6163,0.15,0.00037605,0.0,-1.0,0.0,1.0,0.0,0.0232,2.0,0.0,0.5253,-1.0,5.198e-05,0.0,0.0,0.0,0.0,0.0,-0.2283,False,False,0.0,0.0,65.46,66.55,False,0.0,bearish,0.0,0.0,0.08665,0.064615,trade,no,False,False,35.0,59.29,,0.433252,0.05,50.0,1000.0,-4.0,3.0,0.359,0.1148,-0.0362,-0.0362,False,,True,False,-50.0,2026-05-28 09:00:39+00:00,,0.0,,0.3572,0.0,,,,,1.0,-1.0,0.1133,bearish,bearish,False,False,2.0,4.414,False,False,False,,,38.74,0.0,,9.0,0.0,1.0,78.04,0.0069,,,,,,,,,,,,,,,,,,,0.1552,920215.33,0.0,0.004163,-0.0178,0.02098,,,,,,,,,,,,,,,,,,,,,,,,,,,,,,,,,,,,,,,,,,,1994.46,0.4589,0.2246,0.2246,marginal,,,,0.5159072821323807,22,2026-W22,0.8,False,2.830922168883031e-29,0.99999994084172,5.9158275885579826e-08,0.9115573338627225,-1.8433581621713593,0.23940239402393965,4,3,1.0
2026-05-28 11:17:07+00:00,2026-05-28 11:00,KXETHD-26MAY2808-T1989.99,2026-05-28T12:00:00Z,1986.84,1989.99,0.1586,0.35,real,0.225968,0.4671,0.00049819,0.00039593,0.00062851,0.6299,0.2,0.00076246,0.0,-1.0,0.0,1.0,-1.0,-0.1284,2.0,0.0,0.671,0.0,4.337e-05,0.0,0.0,0.0,0.0,0.0,-0.1063,False,False,0.0,0.0,37.15,35.11,False,0.0,bearish,0.0,0.0,0.049895,0.020192,trade,no,False,False,36.0,42.82,,0.142557,0.05,50.0,1000.0,-4.0,0.0,0.3176,-0.216,0.0487,0.1207,False,,False,True,26.92,2026-05-28 11:17:07+00:00,,0.0,,0.3878,0.5405,,,,,0.5597,-1.0,0.5115,bearish,bearish,False,False,1.923,4.485,False,False,False,,,39.0,2.3745,-0.12,11.0,-2.0,-1.0,77.19,-0.3477,,,,,,,,,,,,,,,,,,,-1.0,5194796.66,0.0,0.004343,-0.01854,0.00662,,,,,,,,,,,,,,,,,,,,,,,,,,,,,,,,,,,,,,,,,,,1990.13,0.1656,0.007,0.0,win,,,,0.5225902040277857,22,2026-W22,0.65,False,7.164280543004979e-30,0.9999999607490516,3.92509463022422e-08,0.8634115372337585,-0.10562676119051417,0.21113889957676113,4,3,3.0
2026-05-28 12:05:22+00:00,2026-05-28 12:00,KXETHD-26MAY2809-T1989.99,2026-05-28T13:00:00Z,1985.4,1989.99,0.2311,0.23,real,0.101081,1.0381,0.00032912,0.00035257,0.00042323,0.833,0.03,0.00044294,0.0,0.0,1.0,1.0,0.0,-0.0496,2.0,0.0,0.633,-1.0,5.305e-05,0.0,0.0,0.0,0.0,0.0,-0.2122,False,False,0.0,1.0,13.89,16.93,True,-1.0,bearish,0.0,0.0,0.106172,0.083577,trade,no,False,False,36.0,54.5,,0.461617,0.05,50.0,1000.0,-4.0,1.0,0.3711,0.081,-0.0558,-0.0774,False,,False,True,14.94,2026-05-28 12:05:22+00:00,,0.0,,0.4062,0.0,,,,,1.0,1.0,0.3022,bearish,bearish,False,False,1.997,4.416,False,False,False,,,39.33,0.1119,,12.0,-2.0,-1.0,77.02,0.0294,,,,,,,,,,,,,,,,,,,-1.0,5977684.92,0.0,0.002399,-0.01783,0.00735,,,,,,,,,,,,,,,,,,,,,,,,,,,,,,,,,,,,,,,,,,,1992.56,0.3606,0.1291,0.0,win,,,,0.5130407136083945,22,2026-W22,0.77,False,1.667767143156811e-29,0.9999999513216279,4.8678377856185964e-08,0.84123518708764,0.7301437050472614,0.24003944773175495,4,3,1.0
2026-05-28 13:08:40+00:00,2026-05-28 13:00,KXETHD-26MAY2810-T1989.99,2026-05-28T14:00:00Z,1984.26,1989.99,0.2886,0.23,real,0.11318,0.8968,0.00054443,0.00054586,0.00054461,1.0023,0.05,0.00059032,-1.0,-1.0,0.0,2.0,-1.0,-0.1109,2.0,0.0,0.5704,-1.0,5.975e-05,0.0,0.0,0.0,0.0,0.0,-0.2392,False,False,0.0,0.0,34.67,54.52,False,-1.0,bearish,0.0,0.0,0.076329,0.052225,trade,no,False,False,36.0,51.29,,0.331867,0.05,50.0,1000.0,-4.0,0.0,0.3176,-0.0875,-0.2239,-0.2364,False,,False,True,14.94,2026-05-28 13:08:40+00:00,,0.0,,0.3772,0.5,,,,,1.0,1.0,0.4969,bearish,bearish,False,False,2.055,4.362,False,False,False,,,40.1,0.0014,,13.0,0.0,1.0,76.97,0.0708,,,,,,,,,,,,,,,,,,,-1.0,6376240.22,0.0,0.00245,-0.01727,0.00793,,,,,,,,,,,,,,,,,,,,,,,,,,,,,,,,,,,,,,,,,,,1982.74,-0.0766,-0.3643,0.0,win,,,,0.5492981685259116,22,2026-W22,0.77,False,2.1493088324019185e-27,0.9999996005102448,3.994897538703316e-07,0.8505040665722502,0.5429095560825807,0.11066460587326135,4,3,1.0
2026-05-29 02:17:57+00:00,2026-05-29 02:00,KXETHD-26MAY2823-T2009.99,2026-05-29T03:00:00Z,2006.08,2009.99,0.1951,0.2,real,0.233507,0.9707,0.00053551,0.00039995,0.00035737,1.1191,0.05,0.00045563,1.0,0.0,1.0,1.0,0.0,-0.0482,2.0,0.0,0.3379,-1.0,8.933e-05,0.0,0.0,0.0,1.0,1.0,-0.14,False,False,1.0,1.0,14.86,29.07,False,0.0,bearish,0.0,0.0,0.036751,0.012189,trade,no,False,False,36.0,41.99,,0.183755,0.05,50.0,1000.0,0.0,3.0,0.642,-0.0647,-0.0592,-0.0692,False,,False,True,12.5,2026-05-29 02:17:57+00:00,,0.0,,0.5961,0.5,,,,,0.0129,-1.0,0.2864,bearish,bearish,False,False,2.54,5.401,False,False,False,,,22.25,0.1453,,2.0,-2.0,-1.0,73.66,0.0857,,,,,,,,,,,,,,,,,,,-0.3639,1334218.3,0.0,0.016002,-0.02795,0.00445,,,,,,,,,,,,,,,,,,,,,,,,,,,,,,,,,,,,,,,,,,,2000.75,-0.2657,-0.4597,0.0,win,,,,0.5448065407712441,22,2026-W22,0.8,False,2.118642106061299e-08,0.002935637721449343,0.9970643410921172,0.8683013855859549,2.2454865045453047,0.4888444888444914,3,2,1.0
2026-05-29 07:34:05+00:00,2026-05-29 07:00,KXETHD-26MAY2904-T2009.99,2026-05-29T08:00:00Z,2007.1,2009.99,0.1439,0.33,real,0.296635,0.5959,0.00034598,0.00047219,0.00064288,0.7345,0.04,0.00056497,1.0,0.0,1.0,2.0,1.0,0.1052,2.0,0.0,0.6075,-1.0,6.576e-05,0.0,1.0,-1.0,-2.0,0.0,-0.0178,True,False,1.0,0.0,49.52,72.68,True,0.0,bearish,0.0,0.0,0.065234,0.036607,trade,no,False,False,41.0,25.86,,0.197678,0.05,50.0,1000.0,0.0,0.0,0.5174,-0.3786,-0.3905,-0.2897,False,,False,True,24.63,2026-05-29 07:34:05+00:00,,0.0,,0.5246,0.1852,,,,,0.876,-1.0,0.5401,bearish,bearish,False,False,2.488,5.45,False,False,True,,,19.17,4.3305,,7.0,-2.0,-1.0,73.56,-0.0096,,,,,,,,,,,,,,,,,,,-0.0147,638841.0,0.0,0.006503,-0.02845,0.01259,,,,,,,,,,,,,,,,,,,,,,,,,,,,,,,,,,,,,,,,,,,2006.92,-0.009,-0.1527,0.0,win,,,,0.5467931217362084,22,2026-W22,0.6699999999999999,False,0.00023037902720586127,0.00030618085397813487,0.9994634401188112,0.9100080575471939,1.7819676539398897,0.6262071262071289,3,0,1.0
2026-05-29 08:21:21+00:00,2026-05-29 08:00,KXETHD-26MAY2905-T2009.99,2026-05-29T09:00:00Z,2006.9,2009.99,0.1539,0.25,real,0.234835,0.7763,0.00054862,0.00042026,0.00036698,1.1452,0.05,0.00046888,1.0,0.0,1.0,1.0,0.0,0.0426,2.0,0.0,0.6122,-1.0,5.104e-05,-1.0,0.0,0.0,0.0,0.0,-0.0413,False,False,0.0,1.0,32.26,22.03,True,0.0,bearish,0.0,0.0,0.043059,0.01657,trade,no,False,False,42.0,38.6,,0.172234,0.05,50.0,1000.0,0.0,0.0,0.5174,0.1161,0.0139,0.0797,False,,False,True,16.67,2026-05-29 08:21:21+00:00,,0.0,,0.5213,0.5,,,,,0.1028,1.0,0.2894,bearish,bearish,False,False,2.498,5.44,False,False,True,,,19.11,0.0452,,8.0,0.0,1.0,74.14,-0.0681,,,,,,,,,,,,,,,,,,,-1.0,4123809.14,0.0,0.004768,-0.02835,0.01204,,,,,,,,,,,,,,,,,,,,,,,,,,,,,,,,,,,,,,,,,,,2008.31,0.0703,-0.0836,0.0,win,,,,0.5224182412514332,22,2026-W22,0.75,False,0.00020230593848396928,0.00035227484317866217,0.9994454192183254,1.0171898371552717,1.4637762812475374,0.6493506493506499,3,0,1.0
2026-05-29 10:34:47+00:00,2026-05-29 10:00,KXETHD-26MAY2907-T2009.99,2026-05-29T11:00:00Z,2007.77,2009.99,0.1108,0.2,real,0.116173,1.2322,0.00026183,0.000126,0.00026224,0.4805,0.01,0.00026339,0.0,-1.0,0.0,1.0,0.0,0.0213,2.0,0.0,0.7324,-1.0,5.586e-05,0.0,0.0,0.0,0.0,0.0,0.0593,False,False,0.0,0.0,50.63,55.3,False,0.0,bearish,0.0,0.0,0.104647,0.083609,trade,no,False,False,41.0,25.15,,0.523234,0.05,50.0,1000.0,0.0,0.0,0.5174,-0.0864,-0.0442,-0.0338,False,,False,True,12.5,2026-05-29 10:34:47+00:00,,0.0,,0.5151,0.5,,,,,1.0,-1.0,0.0393,bearish,bearish,False,False,2.454,5.481,False,False,True,,,17.02,0.088,,10.0,-2.0,-1.0,73.94,-0.0294,,,,,,,,,,,,,,,,,,,0.1579,623973.2,0.0,0.007186,-0.02877,0.01176,,,,,,,,,,,,,,,,,,,,,,,,,,,,,,,,,,,,,,,,,,,2010.18,0.12,0.0095,0.0,win,,,,0.5088249196629052,22,2026-W22,0.8,False,8.697856075072876e-05,0.0007855198857679508,0.9991275015534803,0.9280286608880715,1.5082239780029774,0.6123269316659243,3,0,1.0
2026-05-29 11:00:40+00:00,2026-05-29 11:00,KXETHD-26MAY2908-T2009.99,2026-05-29T12:00:00Z,2007.1,2009.99,0.1442,0.34,real,0.257941,0.6992,0.00021267,0.00025892,0.00045368,0.5707,0.04,0.00039352,0.0,-1.0,0.0,1.0,0.0,0.0975,2.0,0.0,0.6854,-1.0,6.058e-05,0.0,0.0,0.0,0.0,0.0,-0.0245,False,False,0.0,0.0,34.64,48.46,False,0.0,bearish,0.0,0.0,0.109694,0.082285,trade,no,False,False,41.0,59.28,,0.322628,0.05,50.0,1000.0,0.0,0.0,0.5174,-0.0835,-0.0522,-0.091,False,,False,True,25.76,2026-05-29 11:00:40+00:00,,0.0,,0.5198,0.5,,,,,1.0,1.0,0.1034,bearish,bearish,False,False,2.488,5.449,False,False,True,,,16.19,0.0131,,11.0,0.0,0.983,73.89,0.0116,,,,,,,,,,,,,,,,,,,0.1191,593769.76,0.0,0.007005,-0.02845,0.01217,,,,,,,,,,,,,,,,,,,,,,,,,,,,,,,,,,,,,,,,,,,2007.63,0.0264,-0.1174,0.0,win,,,,0.5192410183136921,22,2026-W22,0.6599999999999999,False,9.734342044460257e-05,0.0007027773710274954,0.9991998792085164,0.8850103371057587,1.0431286760208134,0.4734265734265737,3,0,1.0
2026-06-01 05:21:44+00:00,2026-06-01 05:00,KXETHD-26JUN0102-T1999.99,2026-06-01T06:00:00Z,1997.1,1999.99,0.1448,0.32,real,0.219459,0.5379,0.00050136,0.0003827,0.00050048,0.7647,0.02,0.00047297,-1.0,-1.0,0.0,1.0,0.0,-0.0536,2.0,0.0,0.5853,-1.0,9.767e-05,-1.0,0.0,0.0,1.0,1.0,-0.4296,False,False,1.0,0.0,31.33,32.4,False,-1.0,bearish,0.0,0.0,0.055759,0.027149,trade,no,False,False,38.0,38.2,,0.174246,0.05,50.0,1000.0,-3.0,0.0,0.3176,0.037,0.051,0.028,False,,False,True,23.53,2026-06-01 05:21:44+00:00,,0.0,,0.4067,0.5,,,,,0.1687,-1.0,0.2864,bearish,bearish,False,True,3.001,4.976,False,False,True,,,24.33,0.0058,0.05,5.0,-2.0,-0.6941,75.51,0.0456,,,,,,,,,,,,,,,,,,,-0.1465,1205236.44,0.0,0.010903,-0.00466,0.00492,,,,,,,,,,,,,,,,,,,,,,,,,,,,,,,,,,,,,,,,,,,1994.75,-0.1177,-0.262,0.0,win,,,,0.5366024923425938,23,2026-W23,0.6799999999999999,False,0.01324081832939193,5.619096960422664e-05,0.9867029907010034,0.9997297494747932,-0.5769997078949762,0.11430246189918164,5,0,1.0
2026-06-01 13:01:03+00:00,2026-06-01 13:00,KXETHD-26JUN0110-T1999.99,2026-06-01T14:00:00Z,1987.2,1999.99,0.6436,0.14,real,0.031327,1.5523,0.00078966,0.00056686,0.00077372,0.7326,0.03,0.00064103,-1.0,-1.0,0.0,3.0,-1.0,-0.1478,2.0,0.0,0.5397,-1.0,8.375e-05,1.0,0.0,0.0,0.0,0.0,-0.3367,False,False,-1.0,-1.0,80.08,86.19,True,0.0,bearish,0.0,0.0,0.101755,0.08418,trade,no,False,False,38.0,58.9,,0.726821,0.05,50.0,1000.0,-2.0,-2.0,0.375,0.076,-0.0296,0.0649,False,,False,True,8.14,2026-06-01 13:01:03+00:00,,0.0,,0.3785,0.6232,,,,,0.582,-1.0,0.4943,bearish,bearish,False,False,3.514,4.503,False,False,False,,,34.1,0.0,,13.0,-1.0,-0.2259,75.46,-0.05,,,,,,,,,,,,,,,,,,,-1.0,3338634.54,0.0,0.002224,-0.01872,0.01902,,,,,,,,,,,,,,,,,,,,,,,,,,,,,,,,,,,,,,,,,,,1969.93,-0.8691,-1.503,0.0,win,,,,0.5407282222095477,23,2026-W23,0.86,False,1.344048147674613e-07,2.6280326054922857e-05,0.9999735852691303,0.997144778054357,-1.6538209974827183,0.20750927070457445,5,2,1.0
2026-06-01 13:20:15+00:00,2026-06-01 13:00,KXETHD-26JUN0110-T1979.99,2026-06-01T14:00:00Z,1975.85,1979.99,0.2093,0.4,real,0.25659,0.3061,0.0007651,0.00084494,0.00131054,0.6447,0.02,0.00093502,-1.0,-1.0,0.0,1.0,0.0,0.0491,2.0,0.0,0.0867,-1.0,8.173e-05,1.0,0.0,0.0,0.0,0.0,-0.4726,False,False,1.0,0.0,41.08,49.97,False,-1.0,bearish,0.0,0.0,0.06142,0.030743,trade,no,False,False,38.0,39.67,,0.153549,0.05,50.0,1000.0,-5.0,2.0,0.3741,-0.5952,-0.0651,0.1883,False,,False,True,33.33,2026-06-01 13:20:15+00:00,,0.0,,0.364,0.6656,,,,,0.8,-1.0,0.3934,bearish,bearish,False,False,4.108,3.954,False,False,True,,,34.1,1.9934,,13.0,0.0,1.0,75.32,0.1473,,,,,,,,,,,,,,,,,,,0.0303,1514207.81,0.0,0.005072,-0.01308,0.01981,,,,,,,,,,,,,,,,,,,,,,,,,,,,,,,,,,,,,,,,,,,1969.93,-0.2996,-0.5081,0.0,win,,,,0.5407282222095477,23,2026-W23,0.6,False,1.344048147674613e-07,2.6280326054922857e-05,0.9999735852691303,0.997144778054357,-1.6538209974827183,0.20750927070457445,5,2,1.0
2026-06-02 00:25:26+00:00,2026-06-02 00:00,KXETHD-26JUN0121-T1999.99,2026-06-02T01:00:00Z,1996.95,1999.99,0.1524,0.41,real,0.494391,0.4642,0.00055135,0.00042467,0.00114003,0.3725,0.03,0.00066518,0.0,0.0,1.0,1.0,1.0,0.1997,2.0,0.0,0.5634,-1.0,0.0001,0.0,0.0,0.0,0.0,0.0,,False,False,1.0,0.0,56.8,71.79,False,0.0,bearish,0.0,0.0,0.059088,0.028144,trade,no,False,False,38.0,34.47,,0.144116,0.05,50.0,1000.0,1.0,-2.0,0.5612,-0.2943,-0.2669,-0.1084,False,,False,True,34.75,2026-06-02 00:25:26+00:00,,0.0,,0.7283,0.0,,,,,0.1449,1.0,0.46,bearish,bearish,False,False,3.009,1.283,False,False,True,,,25.54,0.1424,,0.0,-2.0,-1.0,73.01,0.1364,,,,,,,,,,,,,,,,,,,-0.1882,1554776.91,0.0,0.007533,-0.02351,0.02006,,,,,,,,,,,,,,,,,,,,,,,,,,,,,,,,,,,,,,,,,,,1997.49,0.027,-0.125,0.0,win,,,,0.5226574770232999,23,2026-W23,0.5900000000000001,False,1.1406629211630136e-05,8.960597751936634e-05,0.9998989873932738,0.902142547074357,3.279211492604418,0.768972994283461,5,2,1.0
2026-06-02 01:05:37+00:00,2026-06-02 01:00,KXETHD-26JUN0122-T1999.99,2026-06-02T02:00:00Z,1992.57,1999.99,0.3723,0.2,real,0.214031,1.0059,0.00048251,0.00054998,0.00059929,0.9177,0.04,0.00059692,1.0,0.0,1.0,1.0,0.0,0.0616,2.0,0.0,0.5983,-1.0,0.0001,0.0,-1.0,1.0,2.0,2.0,-0.2897,False,False,1.0,0.0,37.65,46.7,False,0.0,bearish,0.0,0.0,0.043503,0.019262,trade,no,False,False,38.0,54.29,,0.217513,0.05,50.0,1000.0,1.0,0.0,0.6103,-0.3707,-0.287,-0.1612,False,,False,True,12.5,2026-06-02 01:05:37+00:00,,0.0,,0.6133,0.1367,,,,,0.1865,-1.0,0.4564,bearish,bearish,False,False,3.235,1.066,False,False,True,,,25.11,0.0164,,1.0,-2.0,-1.0,72.76,-0.042,,,,,,,,,,,,,,,,,,,-0.4905,3540538.87,0.0,0.005781,-0.02136,0.00409,,,,,,,,,,,,,,,,,,,,,,,,,,,,,,,,,,,,,,,,,,,1979.61,-0.6504,-1.019,0.0,win,,,,0.5421845528290828,23,2026-W23,0.8,False,3.712417716655148e-05,8.920627895681369e-05,0.9998736695438766,0.9340419116994457,1.6698331674281786,0.4267691701163036,5,2,1.0
2026-06-02 06:04:35+00:00,2026-06-02 06:00,KXETHD-26JUN0203-T1989.99,2026-06-02T07:00:00Z,1983.01,1989.99,0.3518,0.23,real,0.263137,0.8899,0.00073651,0.00059495,0.00063885,0.9313,0.03,0.00063143,1.0,0.0,1.0,1.0,0.0,0.0939,2.0,0.0,0.6584,-1.0,9.857e-05,0.0,0.0,0.0,0.0,0.0,0.2392,False,False,1.0,1.0,2.79,21.91,False,0.0,bearish,0.0,0.0,0.044167,0.018576,trade,no,False,False,40.0,55.36,,0.192031,0.05,50.0,1000.0,0.0,2.0,0.5909,-0.2397,-0.1167,0.006,False,,False,True,14.94,2026-06-02 06:04:35+00:00,,0.0,,0.6011,0.0,,,,,0.7407,-1.0,0.3555,bearish,bearish,False,False,3.733,4.301,False,False,True,,,28.39,0.0205,,6.0,-2.0,-1.0,72.12,0.0448,,,,,,,,,,,,,,,,,,,-0.4406,2895300.79,0.0,0.007117,-0.01665,0.00426,,,,,,,,,,,,,,,,,,,,,,,,,,,,,,,,,,,,,,,,,,,1985.53,0.1271,-0.2241,0.0,win,,,,0.5361510163723686,23,2026-W23,0.77,False,5.100226210913023e-05,0.00010562819420890812,0.999843369543681,1.013357494532676,-0.19646010700043437,0.43583678296865547,5,2,1.0
2026-06-02 14:05:18+00:00,2026-06-02 14:00,KXETHD-26JUN0211-T1969.99,2026-06-02T15:00:00Z,1966.71,1969.99,0.1668,0.38,real,0.332157,0.3733,0.00060255,0.00069742,0.00073813,0.9449,0.02,0.00071908,0.0,0.0,1.0,1.0,0.0,-0.0771,2.0,0.0,0.5446,-1.0,0.0001,-1.0,0.0,0.0,0.0,0.0,-0.4309,False,False,1.0,1.0,4.32,21.41,False,-1.0,bearish,0.0,0.0,0.045039,0.014446,trade,no,False,False,40.0,54.61,,0.118524,0.05,50.0,1000.0,-4.0,5.0,0.4799,-0.4214,-0.1707,-0.068,False,,False,True,30.65,2026-06-02 14:05:18+00:00,,0.0,,0.4758,0.1448,,,,,0.5394,-1.0,0.219,bearish,bearish,False,False,4.592,3.508,False,False,True,,,34.76,0.1397,,14.0,-2.0,-0.9997,74.96,0.0713,,,,,,,,,,,,,,,,,,,-1.0,4694515.46,0.0,0.001307,-0.00432,0.02099,,,,,,,,,,,,,,,,,,,,,,,,,,,,,,,,,,,,,,,,,,,1939.67,-1.3749,-1.5391,0.0,win,,,,0.5375066827010958,23,2026-W23,0.62,False,5.487040111641954e-08,0.0005249571803986673,0.9994749879492065,0.898211105134014,-3.374593754197199,0.17759826380516047,5,3,1.0
2026-06-02 17:22:41+00:00,2026-06-02 17:00,KXETHD-26JUN0214-T1929.99,2026-06-02T18:00:00Z,1924.88,1929.99,0.2653,0.28,real,0.27771,0.7372,0.00074356,0.00048499,0.00074467,0.6513,0.01,0.00058868,0.0,0.0,1.0,1.0,1.0,0.1299,2.0,0.0,0.6239,-1.0,0.0001,1.0,0.0,0.0,1.0,1.0,-0.9156,False,False,0.0,0.0,40.44,37.41,False,-1.0,bearish,0.0,0.0,0.055438,0.028249,trade,no,False,False,37.0,37.26,,0.197994,0.05,50.0,1000.0,-2.0,4.0,0.6202,0.1004,0.0182,0.0166,False,,False,True,19.44,2026-06-02 17:22:41+00:00,,0.0,,0.5587,0.4267,,,,,0.4562,1.0,0.6411,bearish,bearish,False,False,2.832,,False,False,False,,,43.02,0.5331,0.12,17.0,0.0,1.0,75.9,0.0536,,,,,,,,,,,,,,,,,,,-0.2189,2549097.39,0.0,0.008653,-0.0389,0.00449,,,,,,,,,,,,,,,,,,,,,,,,,,,,,,,,,,,,,,,,,,,1922.69,-0.1138,-0.3782,0.0,win,,,,0.5224527812836164,23,2026-W23,0.72,False,3.077810907067644e-15,0.014247115833643558,0.9857528841663483,0.9374271298464836,-7.0735338649982324,0.27209897610921574,4,3,1.0
2026-06-02 18:01:09+00:00,2026-06-02 18:00,KXETHD-26JUN0215-T1929.99,2026-06-02T19:00:00Z,1923.3,1929.99,0.3479,0.21,real,0.219772,0.944,0.00071609,0.00042381,0.00056161,0.7546,0.04,0.00052146,-1.0,-1.0,0.0,1.0,0.0,-0.0678,2.0,0.0,0.6987,-1.0,0.0001,1.0,0.0,0.0,1.0,1.0,-0.904,False,False,1.0,0.0,58.62,52.77,False,-1.0,bearish,0.0,0.0,0.043541,0.018828,trade,no,False,False,37.0,58.8,,0.207337,0.05,50.0,1000.0,-2.0,3.0,0.5667,-0.2801,0.0057,0.0073,False,,False,True,13.29,2026-06-02 18:01:09+00:00,,0.0,,0.5679,1.0,,,,,0.5842,-1.0,0.3121,bearish,bearish,False,False,2.917,,False,False,False,,,45.65,0.0,,18.0,-2.0,-1.0,75.99,0.2261,,,,,,,,,,,,,,,,,,,-0.67,3214694.1,0.0,0.007711,-0.03811,0.00459,,,,,,,,,,,,,,,,,,,,,,,,,,,,,,,,,,,,,,,,,,,1913.62,-0.5033,-0.8482,0.0,win,,,,0.5284459620143565,23,2026-W23,0.79,False,8.347361778327145e-18,0.029708082310593825,0.9702919176894121,0.9053439516241194,-7.269485857128105,0.1944539249146754,4,3,1.0
2026-06-03 00:32:23+00:00,2026-06-03 00:00,KXETHD-26JUN0221-T1869.99,2026-06-03T01:00:00Z,1863.08,1869.99,0.3708,0.27,real,0.112547,0.7583,0.0011033,0.0008909,0.00115062,0.7743,0.02,0.00092982,-1.0,-1.0,0.0,1.0,0.0,-0.0503,2.0,0.0,0.5536,-1.0,6.065e-05,-1.0,0.0,0.0,0.0,0.0,,False,False,1.0,0.0,30.21,34.83,False,-1.0,bearish,0.0,0.0,0.087137,0.061678,trade,no,False,False,34.0,27.56,,0.322731,0.05,50.0,1000.0,-4.0,4.0,0.5492,-0.0703,-0.371,-0.3133,False,,False,True,18.49,2026-06-03 00:32:23+00:00,,0.0,,0.3246,0.0997,,,,,0.4717,-1.0,0.6113,bearish,bearish,False,False,2.669,,False,False,False,,,58.03,2.3397,0.01,0.0,0.0,0.9197,76.36,-0.3636,,,,,,,,,,,,,,,,,,,-0.1607,1511946.36,0.0,0.004312,-0.03386,0.02035,,,,,,,,,,,,,,,,,,,,,,,,,,,,,,,,,,,,,,,,,,,1865.93,0.153,-0.2171,0.0,win,,,,0.5242310217809926,23,2026-W23,0.73,False,2.9545082206988975e-46,0.9999999999779732,2.2016089405545842e-11,1.0029927373586465,-7.830619767113912,0.1846009389671362,4,3,1.0
2026-06-03 01:04:38+00:00,2026-06-03 01:00,KXETHD-26JUN0222-T1869.99,2026-06-03T02:00:00Z,1863.92,1869.99,0.3255,0.3,real,0.157122,0.614,0.0010244,0.0007225,0.00083314,0.8672,0.04,0.00077346,-1.0,-1.0,0.0,2.0,-1.0,-0.1049,2.0,0.0,0.517,-1.0,5.813e-05,0.0,0.0,0.0,0.0,0.0,-0.1295,False,False,1.0,0.0,35.22,39.9,False,-1.0,bearish,0.0,0.0,0.070673,0.043301,trade,no,False,False,34.0,55.31,,0.235576,0.05,50.0,1000.0,-4.0,3.0,0.359,-0.3133,-0.2962,-0.2664,False,,False,True,21.43,2026-06-03 01:04:38+00:00,,0.0,,0.3474,0.0,,,,,0.4766,-1.0,0.344,bearish,bearish,False,False,2.623,,False,False,False,,,59.78,0.6327,,1.0,-2.0,-1.0,76.26,0.1097,,,,,,,,,,,,,,,,,,,-0.3217,2784551.94,0.0,0.007411,-0.0343,0.00461,,,,,,,,,,,,,,,,,,,,,,,,,,,,,,,,,,,,,,,,,,,1864.08,0.0086,-0.316,0.0,win,,,,0.5536156724224899,23,2026-W23,0.7,False,1.31059497811894e-38,0.9999999802850825,1.971491424702524e-08,0.9949632240910449,-7.160610626990479,0.16166498825109044,4,3,1.0
2026-06-03 09:38:06+00:00,2026-06-03 09:00,KXETHD-26JUN0306-T1869.99,2026-06-03T10:00:00Z,1872.26,1869.99,-0.1214,0.7,real,0.765725,-0.6302,0.00039401,0.0003854,0.00049559,0.7777,0.04,0.00049083,-1.0,-1.0,0.0,1.0,0.0,-0.0888,2.0,0.0,0.4241,-1.0,6.051e-05,0.0,0.0,0.0,-1.0,-1.0,0.8511,False,False,1.0,0.0,47.05,63.64,False,0.0,bearish,0.0,0.0,0.050725,0.021025,trade,yes,False,False,35.0,21.84,,0.169085,0.05,50.0,1000.0,-2.0,-1.0,0.4902,-0.1793,-0.1735,-0.1501,False,,True,True,21.43,2026-06-03 09:38:06+00:00,,0.0,,0.5377,0.5,,,,,0.657,-1.0,0.1799,bearish,bearish,False,False,2.166,,False,False,False,,,60.86,0.2887,,9.0,-2.0,-1.0,73.77,0.4729,,,,,,,,,,,,,,,,,,,-1.0,5253577.37,0.0,0.000877,-0.0386,0.00503,,,,,,,,,,,,,,,,,,,,,,,,,,,,,,,,,,,,,,,,,,,1876.73,0.2387,0.3604,0.0,win,,,,0.4977489118282767,23,2026-W23,0.7,False,4.514724719287339e-43,1.0,8.374898095520822e-17,0.8931788377841217,4.438946091781659,0.4257722747000256,4,3,1.0
2026-06-03 14:02:13+00:00,2026-06-03 14:00,KXETHD-26JUN0311-T1869.99,2026-06-03T15:00:00Z,1860.45,1869.99,0.5127,0.22,real,0.267092,0.9236,0.00096349,0.00102209,0.00087179,1.1724,0.05,0.00095906,-1.0,0.0,1.0,1.0,0.0,-0.0847,2.0,0.0,0.793,-1.0,0.0001756,-1.0,0.0,0.0,0.0,0.0,-0.0875,False,False,1.0,1.0,6.28,11.52,True,0.0,bearish,0.0,0.0,0.040985,0.015698,trade,no,False,False,35.0,57.71,,0.186297,0.05,50.0,1000.0,-2.0,4.0,0.6202,-0.7,-0.3406,-0.3081,False,,False,True,14.1,2026-06-03 14:02:13+00:00,,0.0,,0.6187,0.5,,,,,0.6068,1.0,0.4097,bearish,bearish,False,False,2.814,,False,False,True,,,56.26,0.0043,,14.0,-2.0,-0.6466,72.85,0.3966,,,,,,,,,,,,,,,,,,,-1.0,5672822.23,0.0,0.017968,-0.0053,0.01911,,,,,,,,,,,,,,,,,,,,,,,,,,,,,,,,,,,,,,,,,,,1859.45,-0.0538,-0.5636,0.0,win,,,,0.5390628197465457,23,2026-W23,0.78,False,8.401154972330899e-34,0.9999999998918838,1.0812282782534283e-10,0.9462860294208887,3.563894542882039,0.38074940523394174,6,3,1.0
2026-06-03 17:32:44+00:00,2026-06-03 17:00,KXETHD-26JUN0314-T1829.99,2026-06-03T18:00:00Z,1827.79,1829.99,0.1206,0.46,real,0.279476,0.1467,0.00101118,0.00093791,0.00230137,0.4075,0.03,0.00145873,-1.0,-1.0,0.0,2.0,-1.0,-0.1815,2.0,0.0,0.483,-1.0,0.0001723,-1.0,0.0,0.0,1.0,1.0,-1.3327,False,False,0.0,0.0,33.55,25.37,True,-1.0,bearish,0.0,0.0,0.067604,0.035915,trade,no,False,False,32.0,27.18,,0.146966,0.05,50.0,1000.0,-5.0,3.0,0.359,-0.0753,0.2147,0.3135,False,,False,True,42.59,2026-06-03 17:32:44+00:00,,0.0,,0.3308,1.0,,,,,1.0,1.0,0.7581,bearish,bearish,False,False,4.652,,False,False,True,,,58.04,0.6592,0.18,17.0,0.0,1.0,75.03,0.1563,,,,,,,,,,,,,,,,,,,-0.2374,371746.2,0.0,0.011926,-0.0152,0.00574,,,,,,,,,,,,,,,,,,,,,,,,,,,,,,,,,,,,,,,,,,,1825.19,-0.1422,-0.2623,0.0,win,,,,0.5478740016349458,23,2026-W23,0.54,False,3.786250461341849e-39,0.999999999996561,3.4349617455056962e-12,0.9478320159087119,-1.059329031054439,0.13185230895814215,6,3,1.0
2026-06-03 19:07:45+00:00,2026-06-03 19:00,KXETHD-26JUN0316-T1829.99,2026-06-03T20:00:00Z,1827.23,1829.99,0.1513,0.34,real,0.211849,0.4109,0.00074425,0.00047843,0.00050727,0.9432,0.02,0.00055348,-1.0,-1.0,0.0,2.0,-1.0,-0.1422,2.0,0.0,0.4219,-1.0,0.00017367,1.0,0.0,0.0,1.0,1.0,-0.8965,False,False,-1.0,0.0,60.41,49.53,False,0.0,bearish,0.0,0.0,0.042478,0.012848,trade,no,False,False,52.0,52.18,,0.124935,0.05,50.0,1000.0,-5.0,1.0,0.3711,0.4478,-0.0218,0.0082,False,,False,True,25.76,2026-06-03 19:07:45+00:00,,0.0,,0.3486,0.559,,,,,0.2655,1.0,0.4729,bearish,bearish,False,False,4.684,,False,False,False,,,59.14,0.0825,,19.0,-2.0,-1.0,75.42,-0.1328,,,,,,,,,,,,,,,,,,,-1.0,13223099.22,0.0,0.000499,-0.0149,0.00508,,,,,,,,,,,,,,,,,,,,,,,,,,,,,,,,,,,,,,,,,,,1800.37,-1.47,-1.6186,0.0,win,,,,0.5511501276681131,23,2026-W23,0.6599999999999999,False,6.921670126991003e-54,1.0,2.2369742314664054e-21,0.9722512707482882,-2.5985753044211037,0.08623392913138908,6,3,1.0
2026-06-03 22:05:26+00:00,2026-06-03 22:00,KXETHD-26JUN0319-T1849.99,2026-06-03T23:00:00Z,1842.01,1849.99,0.4334,0.35,real,0.195371,0.3912,0.00231631,0.0018475,0.00152041,1.2151,0.04,0.00162764,-1.0,-1.0,0.0,3.0,-1.0,-0.1642,2.0,0.0,0.6796,-1.0,0.00013827,1.0,0.0,0.0,0.0,0.0,0.5106,False,False,-1.0,-1.0,90.43,93.56,True,0.0,bearish,0.0,0.0,0.051034,0.021363,trade,no,False,False,35.0,54.5,,0.145811,0.05,50.0,1000.0,-2.0,-6.0,0.3182,1.4736,-0.2322,-0.1884,False,,False,True,26.92,2026-06-03 22:05:26+00:00,,0.0,,0.3202,0.0,,,,,0.9471,1.0,0.7683,bearish,bearish,False,False,3.844,,False,False,False,,,58.18,0.018,,22.0,-2.0,-0.8353,74.81,0.5215,,,,,,,,,,,,,,,,,,,-1.0,13641722.54,0.0,0.000454,-0.00558,0.00587,,,,,,,,,,,,,,,,,,,,,,,,,,,,,,,,,,,,,,,,,,,1829.0,-0.7063,-1.1346,0.0,win,,,,0.5158735601001293,23,2026-W23,0.65,False,3.842466539946403e-49,1.0,3.285988618244075e-25,4.258069704790372,-0.02814153042164591,0.48290633495345453,7,4,1.0
2026-06-04 02:33:11+00:00,2026-06-04 02:00,KXETHD-26JUN0323-T1769.99,2026-06-04T03:00:00Z,1766.25,1769.99,0.2118,0.47,real,0.414663,0.2104,0.00282974,0.00242929,0.00543998,0.4466,0.11,0.00180219,-1.0,-1.0,0.0,1.0,0.0,0.0888,2.0,0.0,0.4251,-1.0,0.00012306,-1.0,0.0,0.0,1.0,1.0,-0.6773,False,False,1.0,0.0,44.78,38.36,False,-1.0,bearish,0.0,0.0,0.070127,0.038329,trade,no,False,False,30.0,26.7,,0.149206,0.05,50.0,1000.0,-5.0,2.0,0.3741,2.087,0.0544,-0.0153,True,,False,True,44.34,2026-06-04 02:33:11+00:00,,0.0,,0.4907,0.1744,,,,,0.7437,1.0,0.7395,bearish,bearish,False,False,8.298,,False,False,False,,,57.74,3.6637,,2.0,0.0,0.68,73.44,-0.262,,,,,,,,,,,,,,,,,,,-1.0,3729873.07,0.0,0.000828,-0.00452,0.00713,,,,,,,,,,,,,,,,,,,,,,,,,,,,,,,,,,,,,,,,,,,1771.35,0.2887,0.0768,0.0,win,,,,0.534455048755396,23,2026-W23,0.53,False,1.2001710946451631e-89,1.0,8.460856500093794e-52,2.0596358860775283,-4.3648192438003655,0.29132635453813444,7,4,1.0
2026-06-04 10:03:34+00:00,2026-06-04 10:00,KXETHD-26JUN0407-T1769.99,2026-06-04T11:00:00Z,1760.58,1769.99,0.5346,0.25,real,0.161266,0.7047,0.00145691,0.00114978,0.00105276,1.0922,0.04,0.00109521,-1.0,-1.0,0.0,2.0,-1.0,-0.1509,2.0,0.0,0.401,-1.0,0.0001026,0.0,0.0,0.0,0.0,0.0,-0.7052,False,False,-1.0,0.0,39.09,29.23,False,-1.0,bearish,0.0,0.0,0.04186,0.015322,trade,no,False,False,34.0,56.37,,0.167438,0.05,50.0,1000.0,-4.0,1.0,0.3711,1.0951,0.4413,0.1225,False,,False,True,16.67,2026-06-04 10:03:34+00:00,,0.0,,0.388,1.0,,,,,0.9853,1.0,0.6164,bearish,bearish,False,False,8.647,,False,False,True,,,54.05,0.0,,10.0,0.0,1.0,71.58,-0.1802,,,,,,,,,,,,,,,,,,,-1.0,2860304.53,0.0,0.003589,-0.03441,0.00563,,,,,,,,,,,,,,,,,,,,,,,,,,,,,,,,,,,,,,,,,,,1735.39,-1.4308,-1.9548,0.0,win,,,,0.5460554494800195,23,2026-W23,0.75,False,1.053970636768528e-169,1.0,6.497491343742964e-117,0.9312720763455252,-1.688235648838706,0.14276622825625826,7,4,1.0
2026-06-04 12:20:46+00:00,2026-06-04 12:00,KXETHD-26JUN0409-T1749.99,2026-06-04T13:00:00Z,1746.73,1749.99,0.1866,0.41,real,0.233587,0.2343,0.00131496,0.00133096,0.00130948,1.0164,0.02,0.00127174,-1.0,0.0,1.0,1.0,1.0,0.2117,2.0,0.0,0.6718,-1.0,0.00018868,0.0,0.0,0.0,1.0,1.0,-1.2028,False,False,-1.0,0.0,44.87,39.24,False,0.0,bearish,0.0,0.0,0.055378,0.024357,trade,no,False,False,34.0,39.16,,0.135068,0.05,50.0,1000.0,-4.0,1.0,0.3711,0.0771,0.2346,0.21,False,,True,False,-50.0,2026-06-04 12:20:46+00:00,,0.0,,0.3111,1.0,,,,,0.3195,-1.0,0.7249,bearish,bearish,False,False,9.508,,False,False,False,,,54.6,0.5461,-0.02,12.0,0.0,1.0,72.24,-0.07,,,,,,,,,,,,,,,,,,,-1.0,5483103.3,0.0,0.001426,-0.02675,0.00638,,,,,,,,,,,,,,,,,,,,,,,,,,,,,,,,,,,,,,,,,,,1776.13,1.6831,1.4937,1.4937,clear_loss,,,,0.5168610378497438,23,2026-W23,0.5900000000000001,False,5.3063215709839e-121,1.0,1.923446107065879e-76,1.1834752127977046,0.13791328778302514,0.43257666867107614,7,4,1.0
2026-06-04 12:27:55+00:00,2026-06-04 12:00,KXETHD-26JUN0409-T1769.99,2026-06-04T13:00:00Z,1763.82,1769.99,0.3501,0.32,real,0.277198,0.4605,0.00137055,0.00147602,0.00132054,1.1177,0.02,0.00134098,-1.0,-1.0,0.0,1.0,0.0,0.0595,2.0,0.0,0.7021,-1.0,0.00018771,0.0,0.0,0.0,0.0,0.0,-0.47,False,False,-1.0,0.0,73.81,48.88,False,0.0,bearish,0.0,0.0,0.042912,0.01389,trade,no,False,False,35.0,32.02,,0.134099,0.05,50.0,1000.0,-4.0,0.0,0.3176,0.9323,0.9519,0.4743,True,,True,False,-50.0,2026-06-04 12:27:55+00:00,,0.0,,0.3322,0.9873,,,,,0.3195,-1.0,0.7182,bearish,bearish,False,False,8.447,,False,False,True,,,54.02,0.7001,,12.0,0.0,0.9917,72.31,-0.07,,,,,,,,,,,,,,,,,,,-1.0,5921586.98,0.0,0.017483,-0.03618,0.00618,,,,,,,,,,,,,,,,,,,,,,,,,,,,,,,,,,,,,,,,,,,1776.13,0.6979,0.3469,0.3469,clear_loss,,,,0.5168610378497438,23,2026-W23,0.6799999999999999,False,5.3063215709839e-121,1.0,1.923446107065879e-76,1.1834752127977046,0.13791328778302514,0.43257666867107614,7,4,1.0
2026-06-04 14:04:04+00:00,2026-06-04 14:00,KXETHD-26JUN0411-T1789.99,2026-06-04T15:00:00Z,1782.93,1789.99,0.3959,0.32,real,0.210849,0.4823,0.00153284,0.00127425,0.00113029,1.1274,0.04,0.0011914,0.0,0.0,1.0,2.0,1.0,0.2473,2.0,0.0,0.4653,-1.0,0.00017357,1.0,0.0,0.0,0.0,0.0,0.878,False,False,-1.0,-1.0,93.65,89.82,False,0.0,bearish,0.0,0.0,0.050323,0.021536,trade,no,False,False,36.0,55.87,,0.15726,0.05,50.0,1000.0,-1.0,-5.0,0.3113,0.2043,0.362,-0.0314,True,,False,True,23.53,2026-06-04 14:04:04+00:00,,0.0,,0.3323,1.0,,,,,0.7288,1.0,0.764,bearish,bearish,False,False,7.285,,False,False,True,,,50.41,0.0959,,14.0,0.0,0.7732,71.7,-0.0358,,,,,,,,,,,,,,,,,,,-1.0,5674369.48,0.0,0.000758,-0.04651,0.00609,,,,,,,,,,,,,,,,,,,,,,,,,,,,,,,,,,,,,,,,,,,1775.47,-0.4184,-0.8112,0.0,win,,,,0.5247085809509492,23,2026-W23,0.6799999999999999,False,1.4031320915673052e-101,1.0,1.1562600629461308e-61,1.2026843669342024,3.0183888497120073,0.4237071557426348,7,4,1.0
2026-06-04 14:54:13+00:00,2026-06-04 14:00,KXETHD-26JUN0411-T1769.99,2026-06-04T15:00:00Z,1767.47,1769.99,0.1425,0.31,real,0.228887,0.5322,0.00134928,0.00111694,0.00120084,0.9301,0.05,0.00111856,0.0,0.0,1.0,1.0,1.0,0.1604,2.0,0.0,0.4041,-1.0,0.00016348,1.0,0.0,0.0,0.0,0.0,0.0619,False,False,1.0,0.0,58.6,67.95,False,0.0,bearish,0.0,0.0,0.042099,0.01337,trade,no,False,False,34.0,5.72,,0.135803,0.05,50.0,1000.0,-4.0,0.0,0.3176,-0.6428,-0.079,0.2019,False,,True,False,-50.0,2026-06-04 14:54:13+00:00,,0.0,,0.4167,0.0711,,,,,0.8067,-1.0,0.4826,bearish,bearish,False,False,8.223,,False,False,True,,,50.19,1.7363,,14.0,-2.0,-0.9993,71.49,0.2665,,,,,,,,,,,,,,,,,,,-0.173,830146.36,0.0,0.01088,-0.00595,0.00572,,,,,,,,,,,,,,,,,,,,,,,,,,,,,,,,,,,,,,,,,,,1775.47,0.4526,0.3096,0.3096,clear_loss,,,,0.5247085809509492,23,2026-W23,0.69,False,1.4031320915673052e-101,1.0,1.1562600629461308e-61,1.2026843669342024,3.0183888497120073,0.4237071557426348,7,4,1.0
2026-06-04 21:35:48+00:00,2026-06-04 21:00,KXETHD-26JUN0418-T1769.99,2026-06-04T22:00:00Z,1764.48,1769.99,0.3121,0.32,real,0.224334,0.7562,0.00077204,0.00078033,0.00135662,0.5752,0.01,0.00091196,0.0,0.0,1.0,1.0,1.0,0.138,2.0,0.0,0.433,-1.0,7.23e-05,0.0,0.0,0.0,0.0,0.0,0.0491,False,False,1.0,0.0,34.96,47.2,False,0.0,bearish,0.0,0.0,0.110324,0.083725,trade,no,False,False,35.0,24.11,,0.344764,0.05,50.0,1000.0,-1.0,0.0,0.4552,-0.5727,-0.1986,-0.0333,False,,False,True,23.53,2026-06-04 21:35:48+00:00,,0.0,,0.4994,0.2203,,,,,1.0,-1.0,0.3925,bearish,bearish,False,False,8.406,,False,False,True,,,41.63,0.9378,,21.0,-2.0,-1.0,71.54,0.0482,,,,,,,,,,,,,,,,,,,-1.0,4437496.03,0.0,0.000671,-0.00625,0.00553,,,,,,,,,,,,,,,,,,,,,,,,,,,,,,,,,,,,,,,,,,,1759.57,-0.2783,-0.5887,0.0,win,,,,0.5309531182881561,23,2026-W23,0.6799999999999999,False,2.7140775829468165e-67,1.0,1.5141296680752859e-34,0.7433923623310829,3.573790804012596,0.4391871398240827,7,5,1.0
2026-06-04 22:09:57+00:00,2026-06-04 22:00,KXETHD-26JUN0419-T1769.99,2026-06-04T23:00:00Z,1755.5,1769.99,0.8256,0.2,real,0.140593,0.9304,0.00118858,0.00150904,0.00138171,1.0922,0.02,0.0013585,0.0,1.0,2.0,1.0,1.0,0.1339,2.0,0.0,0.4734,-1.0,6.918e-05,0.0,0.0,0.0,0.0,0.0,-0.5186,False,False,1.0,1.0,15.22,20.55,False,-1.0,bearish,0.0,0.0,0.046442,0.022344,trade,no,False,False,35.0,49.99,,0.232212,0.05,50.0,1000.0,-4.0,3.0,0.359,-0.2778,-0.1504,-0.2478,False,,False,True,12.5,2026-06-04 22:09:57+00:00,,0.0,,0.4415,0.3884,,,,,0.9934,-1.0,0.7654,bearish,bearish,False,False,8.961,,False,False,True,,,40.64,0.9254,-0.15,22.0,-2.0,-0.9466,71.69,-0.0131,,,,,,,,,,,,,,,,,,,-1.0,5287925.71,0.0,0.016796,-0.00313,0.00603,,,,,,,,,,,,,,,,,,,,,,,,,,,,,,,,,,,,,,,,,,,1770.0,0.826,0.0006,0.0,win,,,,0.5320948814221964,23,2026-W23,0.8,False,4.679090481146775e-48,1.0,2.931528833976943e-22,1.0360860023504992,3.455492626711205,0.43943298969072087,7,5,1.0
2026-06-04 23:33:49+00:00,2026-06-04 23:00,KXETHD-26JUN0420-T1769.99,2026-06-05T00:00:00Z,1763.33,1769.99,0.3778,0.23,real,0.204543,0.8713,0.00110605,0.00090414,0.00099862,0.9054,0.03,0.00092047,0.0,-1.0,0.0,1.0,0.0,-0.0845,2.0,0.0,0.5518,-1.0,6.784e-05,0.0,0.0,0.0,0.0,0.0,-0.2165,False,False,0.0,0.0,38.49,41.73,False,-1.0,bearish,0.0,0.0,0.050689,0.025388,trade,no,False,False,34.0,26.13,,0.220389,0.05,50.0,1000.0,-1.0,0.0,0.4552,-0.2887,0.3891,0.1225,False,,False,True,14.94,2026-06-04 23:33:49+00:00,,0.0,,0.5183,0.5434,,,,,0.7188,-1.0,0.3205,bearish,bearish,False,False,8.477,,False,False,True,,,39.55,0.6638,0.04,23.0,0.0,1.0,72.01,-0.027,,,,,,,,,,,,,,,,,,,-0.6069,2441716.97,0.0,0.006553,-0.00649,0.00596,,,,,,,,,,,,,,,,,,,,,,,,,,,,,,,,,,,,,,,,,,,1767.19,0.2189,-0.1582,0.0,win,,,,0.5090553021318571,23,2026-W23,0.77,False,5.916005256441508e-39,1.0,3.553573710043305e-17,0.9213810065228372,3.523412525163632,0.46883786316775916,7,5,1.0
2026-06-05 02:24:27+00:00,2026-06-05 02:00,KXETHD-26JUN0423-T1749.99,2026-06-05T03:00:00Z,1739.0,1749.99,0.6318,0.2,real,0.151549,1.012,0.00114477,0.00103825,0.00125636,0.8264,0.01,0.00104482,0.0,1.0,2.0,1.0,0.0,-0.0346,2.0,0.0,0.5104,-1.0,7.879e-05,-1.0,-1.0,1.0,2.0,2.0,-0.8443,False,False,1.0,1.0,2.71,12.02,False,-1.0,bearish,0.0,0.0,0.060083,0.03666,trade,no,False,False,34.0,35.47,,0.300417,0.05,50.0,1000.0,-4.0,10.0,0.4799,-0.855,-0.4647,-0.1951,False,,False,True,12.5,2026-06-05 02:24:27+00:00,,0.0,,0.4929,0.1283,,,,,0.5696,-1.0,0.2279,bearish,bearish,False,False,9.995,,False,False,True,,,37.98,1.1023,-0.18,2.0,-2.0,-1.0,72.34,-0.2954,,,,,,,,,,,,,,,,,,,-1.0,5121359.7,0.0,0.016879,-0.02243,0.00594,,,,,,,,,,,,,,,,,,,,,,,,,,,,,,,,,,,,,,,,,,,1731.71,-0.4192,-1.0446,0.0,win,,,,0.5582388667318583,23,2026-W23,0.8,False,1.5922546063820902e-34,0.9999999999999432,3.1033383774247836e-14,0.8194052466175642,0.019317646914675635,0.03249767873723159,7,5,1.0
2026-06-05 03:07:05+00:00,2026-06-05 03:00,KXETHD-26JUN0500-T1729.99,2026-06-05T04:00:00Z,1724.05,1729.99,0.3448,0.35,real,0.322164,0.4561,0.00123026,0.00102981,0.00122865,0.8382,0.01,0.00103795,0.0,1.0,2.0,2.0,-1.0,-0.2049,2.0,0.0,0.3815,-1.0,7.6e-05,0.0,-1.0,1.0,2.0,2.0,-1.5423,False,False,1.0,1.0,0.53,7.8,False,-1.0,bearish,0.0,0.0,0.042168,0.012253,trade,no,False,False,33.0,52.85,,0.120479,0.05,50.0,1000.0,-4.0,11.0,0.4799,-0.9445,-0.5098,-0.1372,True,,False,True,26.92,2026-06-05 03:07:05+00:00,,0.0,,0.4927,0.3873,,,,,0.6417,-1.0,0.2111,bearish,bearish,False,False,10.949,,False,False,True,,,38.57,0.1747,,3.0,-2.0,-1.0,72.68,0.5568,,,,,,,,,,,,,,,,,,,-1.0,4696930.14,0.0,0.016927,-0.01395,0.00505,,,,,,,,,,,,,,,,,,,,,,,,,,,,,,,,,,,,,,,,,,,1729.12,0.2941,-0.0503,0.0,win,,,,0.558644437707925,23,2026-W23,0.65,False,3.4607555405577763e-39,0.9999999999998863,1.2602145630763638e-13,1.5308686573503347,-1.1891776639634735,0.09065315315315368,7,3,1.0
2026-06-05 04:04:48+00:00,2026-06-05 04:00,KXETHD-26JUN0501-T1729.99,2026-06-05T05:00:00Z,1722.14,1729.99,0.4558,0.28,real,0.224119,0.7078,0.00104416,0.00091116,0.0010507,0.8672,0.03,0.0009404,0.0,0.0,1.0,1.0,0.0,0.0683,2.0,0.0,0.4088,-1.0,0.00015429,-1.0,0.0,0.0,1.0,1.0,-0.5589,False,False,1.0,1.0,9.9,13.23,False,-1.0,bearish,0.0,0.0,0.058601,0.031534,trade,no,False,False,38.0,55.14,,0.209289,0.05,50.0,1000.0,-4.0,10.0,0.4799,-0.7013,-0.4703,-0.2533,False,,True,False,-50.0,2026-06-05 04:04:48+00:00,,0.0,,0.4799,0.0245,,,,,0.3718,-1.0,0.316,bearish,bearish,False,False,11.072,,False,False,True,,,39.0,1.4279,,4.0,-2.0,-1.0,73.24,0.1205,,,,,,,,,,,,,,,,,,,-1.0,5128989.91,0.0,0.017156,-0.00544,0.00658,,,,,,,,,,,,,,,,,,,,,,,,,,,,,,,,,,,,,,,,,,,1746.98,1.4424,0.9821,0.9821,clear_loss,,,,0.5355951602309976,23,2026-W23,0.72,False,1.87388869244355e-31,0.9999999999453166,5.467195992379258e-11,0.9285211522525892,-0.7910327228703018,0.33355632860583134,7,3,1.0
2026-06-05 05:36:05+00:00,2026-06-05 05:00,KXETHD-26JUN0502-T1729.99,2026-06-05T06:00:00Z,1720.6,1729.99,0.5455,0.2,real,0.130275,0.8905,0.00125371,0.00132922,0.00132352,1.0043,0.04,0.00125089,0.0,0.0,1.0,1.0,0.0,0.019,2.0,0.0,0.4954,-1.0,0.00016206,0.0,0.0,0.0,1.0,1.0,-0.7288,False,False,1.0,1.0,7.79,31.74,False,-1.0,bearish,0.0,0.0,0.040724,0.01635,trade,no,False,False,38.0,23.85,,0.203618,0.05,50.0,1000.0,-4.0,10.0,0.4799,-0.9814,-0.4816,-0.8479,False,,False,True,12.5,2026-06-05 05:36:05+00:00,,0.0,,0.4073,0.0,,,,,0.3886,1.0,0.7275,bearish,bearish,False,False,11.171,,False,False,True,,,38.18,0.7611,,5.0,-2.0,-1.0,73.82,0.4502,,,,,,,,,,,,,,,,,,,-1.0,5037054.78,0.0,0.016897,-0.00655,0.00597,,,,,,,,,,,,,,,,,,,,,,,,,,,,,,,,,,,,,,,,,,,1678.45,-2.4497,-2.9792,0.0,win,,,,0.5594483395091977,23,2026-W23,0.8,False,5.043573084005272e-88,1.0,8.461822954687718e-49,1.1316698217585586,-4.201934668815529,0.014152633464707326,7,4,1.0
2026-06-05 06:18:44+00:00,2026-06-05 06:00,KXETHD-26JUN0503-T1669.99,2026-06-05T07:00:00Z,1660.03,1669.99,0.6001,0.42,real,0.380754,0.3136,0.00216575,0.00233218,0.00461701,0.5051,0.01,0.00256199,0.0,1.0,2.0,1.0,0.0,0.0171,2.0,0.0,0.3198,-1.0,0.00014172,0.0,-1.0,1.0,2.0,2.0,-3.9009,False,False,1.0,1.0,2.6,5.37,True,-1.0,bearish,0.0,0.0,0.055544,0.02433,trade,no,False,False,36.0,41.19,,0.132249,0.05,50.0,1000.0,-4.0,12.0,0.4799,-2.0913,-1.5321,-0.8525,True,,False,True,36.21,2026-06-05 06:18:44+00:00,,0.0,,0.5134,0.2026,,,,,0.3946,-1.0,0.573,bearish,bearish,False,False,15.228,,False,False,False,,,40.79,7.4708,,6.0,0.0,0.9936,74.12,0.036,,,,,,,,,,,,,,,,,,,-1.0,10298335.18,0.0,8.9e-05,-0.00604,0.00555,,,,,,,,,,,,,,,,,,,,,,,,,,,,,,,,,,,,,,,,,,,1658.06,-0.1187,-0.7144,0.0,win,,,,0.5546065531813752,23,2026-W23,0.5800000000000001,False,9.715425215027214e-134,1.0,1.3539160267336655e-83,3.686651285715852,-7.764672187204056,0.17657207448390766,7,4,1.0
2026-06-05 09:03:10+00:00,2026-06-05 09:00,KXETHD-26JUN0506-T1669.99,2026-06-05T10:00:00Z,1667.4,1669.99,0.1551,0.45,real,0.466079,0.2301,0.00092933,0.00088521,0.00163702,0.5407,0.11,0.00089389,-1.0,0.0,1.0,2.0,-1.0,-0.1409,2.0,0.0,0.4912,-1.0,7.072e-05,0.0,-1.0,1.0,2.0,2.0,-3.3247,False,False,1.0,0.0,45.66,40.28,False,-1.0,bearish,0.0,0.0,0.044701,0.012828,trade,no,False,False,35.0,56.76,,0.099335,0.049667,49.67,1000.0,-4.0,4.0,0.5492,-0.7842,-0.062,0.0,False,,True,False,-49.67,2026-06-05 09:03:10+00:00,,0.0,,0.5576,0.5,,,,,0.7017,-1.0,0.4566,bearish,bearish,False,False,3.697,,False,False,False,,,45.87,0.0,,9.0,-2.0,-1.0,72.3,0.2129,,,,,,,,,,,,,,,,,,,-1.0,4379547.3,0.0,0.000934,-0.04042,0.00734,,,,,,,,,,,,,,,,,,,,,,,,,,,,,,,,,,,,,,,,,,,1682.44,0.902,0.7455,0.7455,clear_loss,,,,0.5147838360674085,23,2026-W23,0.55,False,6.816620587594322e-89,1.0,2.3955089730090945e-50,1.2694288278797474,-6.928531693099078,0.3384496400737703,7,4,1.0
2026-06-05 10:03:25+00:00,2026-06-05 10:00,KXETHD-26JUN0507-T1689.99,2026-06-05T11:00:00Z,1680.97,1689.99,0.5367,0.22,real,0.168311,0.8669,0.00138374,0.00074234,0.00092208,0.8051,0.03,0.00082136,-1.0,-1.0,0.0,3.0,-1.0,-0.1901,2.0,0.0,0.54,-1.0,7.449e-05,0.0,0.0,0.0,1.0,1.0,-1.9224,False,False,-1.0,-1.0,87.81,86.48,False,0.0,bearish,0.0,0.0,0.047106,0.022096,trade,no,False,False,35.0,56.52,,0.21412,0.05,50.0,1000.0,-2.0,1.0,0.4655,-0.1685,0.0095,0.0178,False,,False,True,14.1,2026-06-05 10:03:25+00:00,,0.0,,0.4626,1.0,,,,,0.7188,1.0,0.5413,bearish,bearish,False,False,2.86,,False,False,False,,,45.51,0.042,,10.0,0.0,0.9997,72.23,0.1453,,,,,,,,,,,,,,,,,,,-1.0,2889783.21,0.0,0.004593,-0.04817,0.00578,,,,,,,,,,,,,,,,,,,,,,,,,,,,,,,,,,,,,,,,,,,1676.86,-0.2445,-0.7769,0.0,win,,,,0.517295795720123,23,2026-W23,0.78,False,2.307489996250051e-68,1.0,1.5118680771173212e-35,1.5615266498193638,-5.640632337367428,0.310932008241425,7,5,1.0
2026-06-05 11:46:07+00:00,2026-06-05 11:00,KXETHD-26JUN0508-T1669.99,2026-06-05T12:00:00Z,1664.4,1669.99,0.3356,0.22,real,0.091229,0.7593,0.00101913,0.00106602,0.0011674,0.9132,0.08,0.0010993,-1.0,0.0,1.0,2.0,-1.0,-0.1244,2.0,0.0,0.5121,-1.0,9.911e-05,0.0,0.0,0.0,1.0,1.0,-2.7958,False,False,1.0,1.0,19.88,35.07,False,-1.0,bearish,0.0,0.0,0.043959,0.018805,trade,no,False,False,34.0,13.82,,0.199813,0.05,50.0,1000.0,-4.0,3.0,0.359,-0.2388,-0.4735,-0.3474,False,,False,True,14.1,2026-06-05 11:46:07+00:00,,0.0,,0.283,0.0,,,,,1.0,-1.0,0.546,bearish,bearish,False,False,3.883,,False,False,False,,,46.15,2.6635,,11.0,-2.0,-1.0,72.04,-0.0097,,,,,,,,,,,,,,,,,,,-0.4744,1685418.45,0.0,0.00685,-0.03869,0.00616,,,,,,,,,,,,,,,,,,,,,,,,,,,,,,,,,,,,,,,,,,,1664.37,-0.0018,-0.3365,0.0,win,,,,0.514652710937942,23,2026-W23,0.78,False,2.0380630494079746e-86,1.0,4.3411412028450464e-48,0.8863798871804424,-5.114374958714119,0.2396961773129123,7,5,1.0
2026-06-05 22:22:10+00:00,2026-06-05 22:00,KXETHD-26JUN0519-T1609.99,2026-06-05T23:00:00Z,1601.25,1609.99,0.5461,0.3,real,0.224603,0.7711,0.00124316,0.00118861,0.00169044,0.7031,0.01,0.00124961,-1.0,0.0,1.0,0.0,1.0,0.1454,2.0,0.0,0.4087,0.0,-2.631e-05,0.0,0.0,0.0,0.0,0.0,-0.1846,False,False,1.0,0.0,75.63,78.14,False,0.0,bearish,0.0,0.0,0.076838,0.049703,trade,no,False,False,32.0,37.74,,0.256126,0.05,50.0,1000.0,-4.0,0.0,0.3176,-1.01,0.2815,0.107,True,,False,True,21.43,2026-06-05 22:22:10+00:00,,0.0,,0.519,1.0,,,,,0.7862,-1.0,0.7198,bearish,bearish,False,False,3.942,,False,False,False,,,58.24,3.0495,0.17,22.0,-2.0,-0.9257,72.01,0.0293,,,,,,,,,,,,,,,,,,,-1.0,4548544.57,0.0,0.014901,-0.05698,0.00633,,,,,,,,,,,,,,,,,,,,,,,,,,,,,,,,,,,,,,,,,,,1598.45,-0.1749,-0.7168,0.0,win,,,,0.5287878881108882,23,2026-W23,0.7,False,1.1028516379020957e-269,1.0,3.0559553022691815e-207,1.7721874167522205,1.010068289176104,0.2729253413382391,2,4,3.0
2026-06-05 23:06:08+00:00,2026-06-05 23:00,KXETHD-26JUN0520-T1609.99,2026-06-06T00:00:00Z,1598.14,1609.99,0.7417,0.25,real,0.126424,0.872,0.00125581,0.00124447,0.0014939,0.833,0.03,0.00125602,-1.0,0.0,1.0,0.0,1.0,0.1692,2.0,0.0,0.2895,0.0,-1.387e-05,0.0,0.0,0.0,0.0,0.0,-0.2243,False,False,1.0,0.0,67.39,72.18,False,0.0,bearish,0.0,0.0,0.07285,0.047646,trade,no,False,False,32.0,53.79,,0.2914,0.05,50.0,1000.0,-4.0,0.0,0.3176,0.1028,-0.0713,-0.2367,False,,False,True,16.67,2026-06-05 23:06:08+00:00,,0.0,,0.393,0.2382,,,,,0.1755,-1.0,0.7367,bearish,bearish,False,False,4.144,,False,False,False,,,57.97,0.3487,,23.0,0.0,1.0,72.12,0.0164,,,,,,,,,,,,,,,,,,,-1.0,10684333.78,0.0,0.000123,-0.05515,0.0066,,,,,,,,,,,,,,,,,,,,,,,,,,,,,,,,,,,,,,,,,,,1587.56,-0.662,-1.3932,0.0,win,,,,0.5248619977353371,23,2026-W23,0.75,False,6.948531660089399e-308,1.0,1.205349862499817e-243,1.560367674149395,1.4289290187196144,0.20494819405442014,2,4,3.0
2026-06-06 00:04:24+00:00,2026-06-06 00:00,KXETHD-26JUN0521-T1609.99,2026-06-06T01:00:00Z,1595.04,1609.99,0.9373,0.27,real,0.180131,0.7868,0.00172152,0.00162191,0.00204303,0.7939,0.02,0.00159118,-1.0,-1.0,0.0,0.0,0.0,-0.0829,2.0,0.0,0.5421,0.0,-1.259e-05,-1.0,0.0,0.0,0.0,0.0,,False,False,-1.0,0.0,64.46,40.18,True,0.0,bearish,0.0,0.0,0.078355,0.05251,trade,no,False,False,32.0,55.52,,0.290203,0.05,50.0,1000.0,-4.0,0.0,0.3176,2.3355,0.9635,0.9284,True,,False,True,18.49,2026-06-06 00:04:24+00:00,,0.0,,0.3354,1.0,,,,,1.0,1.0,0.7519,bearish,bearish,False,False,4.347,,False,False,False,,,58.49,0.2923,,0.0,0.0,1.0,72.17,0.2064,,,,,,,,,,,,,,,,,,,-1.0,10678913.28,0.0,0.000157,-0.0251,0.00728,,,,,,,,,,,,,,,,,,,,,,,,,,,,,,,,,,,,,,,,,,,1595.26,0.0138,-0.9149,0.0,win,,,,0.5249806614509607,23,2026-W23,0.73,False,5.9825032791153844e-260,1.0,6.885437111935565e-198,1.419688617745438,2.7378580108447537,0.26117772707412956,2,4,3.0
2026-06-06 01:15:56+00:00,2026-06-06 01:00,KXETHD-26JUN0522-T1589.99,2026-06-06T02:00:00Z,1586.53,1589.99,0.2183,0.4,real,0.329615,0.345,0.00092463,0.00090461,0.00129769,0.6971,0.03,0.0010359,-1.0,0.0,1.0,0.0,0.0,0.0873,2.0,0.0,0.5086,0.0,-3.298e-05,0.0,-1.0,1.0,2.0,2.0,-0.4792,False,False,1.0,0.0,51.78,51.17,False,-1.0,bearish,0.0,0.0,0.042129,0.011043,trade,no,False,False,31.0,44.0,,0.105324,0.05,50.0,1000.0,-4.0,0.0,0.3176,-0.5479,-0.5821,-0.5086,False,,False,True,33.33,2026-06-06 01:15:56+00:00,,0.0,,0.4618,0.0282,,,,,0.7862,-1.0,0.3822,bearish,bearish,False,False,4.907,,False,False,False,,,58.59,0.1596,,1.0,-2.0,-1.0,71.99,0.1986,,,,,,,,,,,,,,,,,,,-1.0,4091820.73,0.0,0.015059,-0.01987,0.00643,,,,,,,,,,,,,,,,,,,,,,,,,,,,,,,,,,,,,,,,,,,1585.82,-0.0448,-0.2623,0.0,win,,,,0.5538751317574363,23,2026-W23,0.6,False,3.372858243317335e-269,1.0,1.3962600018099745e-206,1.2881343559229965,3.224224374039622,0.3019872010778034,7,4,3.0
2026-06-06 14:12:44+00:00,2026-06-06 14:00,KXETHD-26JUN0611-T1569.99,2026-06-06T15:00:00Z,1561.22,1569.99,0.5617,0.22,real,0.142418,0.8424,0.00102188,0.00105635,0.00105569,1.0006,0.03,0.00105181,0.0,-1.0,0.0,1.0,0.0,0.0116,2.0,0.0,0.2306,-1.0,9.599e-05,0.0,0.0,0.0,0.0,0.0,0.755,False,False,0.0,0.0,67.13,62.93,False,-1.0,bearish,0.0,0.0,0.04769,0.022706,trade,no,False,False,34.0,47.2,,0.21677,0.05,50.0,1000.0,-4.0,-1.0,0.3854,0.1115,0.2967,-0.0557,False,,False,True,14.1,2026-06-06 14:12:44+00:00,,0.0,,0.4102,0.5976,,,,,0.8251,-1.0,0.5397,bearish,bearish,False,False,6.607,,False,False,True,,,59.05,0.1828,0.02,14.0,0.0,0.9799,69.78,0.0089,,,,,,,,,,,,,,,,,,,-1.0,2963820.25,0.0,0.003716,-0.03921,0.00637,,,,,,,,,,,,,,,,,,,,,,,,,,,,,,,,,,,,,,,,,,,1560.04,-0.0756,-0.6338,0.0,win,,,,0.5354054817451832,23,2026-W23,0.78,False,9.027911084015622e-97,1.0,7.962582140672187e-58,1.3515849068915866,4.912926927323095,0.4604585036431498,2,4,1.0
2026-06-06 19:08:35+00:00,2026-06-06 19:00,KXETHD-26JUN0617-T1569.99,2026-06-06T21:00:00Z,1561.67,1569.99,0.5327,0.28,real,0.215514,0.6466,0.00100305,0.0009062,0.00086376,1.0491,0.04,0.0009269,0.0,0.0,1.0,1.0,0.0,-0.0413,2.0,0.0,0.5861,-1.0,7.693e-05,0.0,-1.0,1.0,2.0,0.0,0.001,False,True,-1.0,0.0,74.15,59.86,False,0.0,bearish,0.0,0.0,0.045086,0.017505,trade,no,False,False,54.0,111.36,,0.161022,0.05,50.0,1000.0,-3.0,0.0,0.3176,0.1071,0.2601,0.2749,False,,False,True,19.44,2026-06-06 19:08:35+00:00,,0.0,,0.444,0.0355,,,,,0.1517,1.0,0.4903,bearish,bearish,False,False,6.576,,False,False,True,,,58.19,0.0246,0.14,19.0,-1.0,0.1478,70.31,0.0044,,,,,,,,,,,,,,,,,,,-1.0,11340345.14,0.0,7.2e-05,-0.03949,0.00608,,,,,,,,,,,,,,,,,,,,,,,,,,,,,,,,,,,,,,,,,,,1558.65,-0.1934,-0.7223,0.0,win,,,,0.5553234637469887,23,2026-W23,0.72,False,2.0837682932683216e-56,1.0,6.000397973856772e-31,0.809365894279135,4.396717174198631,0.5178477413920191,3,5,1.0
2026-06-07 12:08:04+00:00,2026-06-07 12:00,KXETHD-26JUN0709-T1629.99,2026-06-07T13:00:00Z,1626.23,1629.99,0.2314,0.37,real,0.282896,0.5469,0.00038174,0.00042011,0.00096733,0.4343,0.01,0.00063794,1.0,0.0,1.0,1.0,1.0,0.2024,2.0,0.0,0.5529,0.0,5.36e-06,0.0,1.0,-1.0,-2.0,-2.0,1.2935,False,False,0.0,0.0,25.86,39.35,False,0.0,bearish,0.0,0.0,0.079665,0.050242,trade,no,False,False,42.0,51.86,,0.21531,0.05,50.0,1000.0,0.0,-1.0,0.483,-0.1434,-0.0693,-0.0693,False,,False,True,29.37,2026-06-07 12:08:04+00:00,,0.0,,0.4891,0.5278,,,,,0.5967,-1.0,0.397,bearish,bullish,False,False,2.346,,False,False,False,,,33.65,0.0437,,12.0,-2.0,-1.0,70.11,0.0273,,,,,,,,,,,,,,,,,,,-0.0005,1150695.85,0.0,0.004648,-0.07762,0.00793,,,,,,,,,,,,,,,,,,,,,,,,,,,,,,,,,,,,,,,,,,,1617.95,-0.5092,-0.7387,0.0,win,,,,0.5070993036618523,23,2026-W23,0.63,False,7.454432645307266e-17,0.9999948360897722,5.16391028397178e-06,0.9924738135686969,5.741040665435786,0.7116127116127106,3,1,3.0
2026-06-09 02:39:54+00:00,2026-06-09 02:00,KXETHD-26JUN0823-T1659.99,2026-06-09T03:00:00Z,1655.72,1659.99,0.258,0.3,real,0.135654,0.5923,0.00070242,0.00095031,0.001098,0.8655,0.02,0.00097207,1.0,1.0,2.0,1.0,-1.0,-0.1192,2.0,0.0,0.7534,0.0,-4.132e-05,0.0,-1.0,1.0,2.0,2.0,-0.9122,False,False,1.0,1.0,2.57,10.32,False,-1.0,neutral,0.0,0.0,0.056108,0.028199,trade,no,False,False,41.0,20.02,,0.187025,0.05,50.0,1000.0,0.0,10.0,0.6447,-0.7886,-0.4847,-0.3824,False,,True,False,-50.0,2026-06-09 02:39:54+00:00,,0.0,,0.3058,0.0,,0.0,0.0,0.0,0.3168,-1.0,0.3095,bearish,bullish,False,False,4.428,,False,False,True,,,27.41,0.0928,,2.0,-2.0,-0.9569,68.61,-0.0857,,,,,,,,,,,,,,,,,,,-0.2813,1488443.8,0.0,0.006619,-0.00714,0.00754,,,,,,,,,,,,,,,,,,,,,,,,,,,,,,,,,,,,,,,,,,,1668.78,0.7888,0.5295,0.5295,clear_loss,,,,0.5482951351885261,24,2026-W24,0.7,False,5.5547802836602705e-12,0.9983236517162659,0.0016763482781706701,0.9160345390090542,-4.852961862496409,0.18612578830748353,4,7,3.0
2026-06-09 12:43:56+00:00,2026-06-09 12:00,KXETHD-26JUN0909-T1669.99,2026-06-09T13:00:00Z,1673.22,1669.99,-0.1928,0.75,real,0.791166,-0.7945,0.00091889,0.00066902,0.00071559,0.9349,0.03,0.00072311,-1.0,-1.0,0.0,0.0,0.0,-0.0938,2.0,1.0,0.8969,0.0,2.219e-05,0.0,0.0,0.0,0.0,0.0,-0.0588,False,False,0.0,0.0,58.43,75.82,False,0.0,neutral,0.0,0.0,0.041166,0.013041,trade,yes,False,False,40.0,15.99,,0.164664,0.05,50.0,1000.0,0.0,0.0,0.5174,-0.1061,-0.1448,-0.0483,False,,True,True,16.67,2026-06-09 12:43:56+00:00,,0.0,,0.5064,0.2944,,0.0,0.0,0.0,0.7468,-1.0,0.6518,bearish,bullish,False,False,3.336,,False,False,True,,,20.97,2.5474,,12.0,-2.0,-0.8732,67.94,-0.0023,,,,,,,,,,,,,,,,,,,-1.0,4527380.62,0.0,0.001249,-0.04376,0.00811,,,,,,,,,,,,,,,,,,,,,,,,,,,,,,,,,,,,,,,,,,,1676.85,0.2169,0.4108,0.0,win,,,,0.4890867246419837,24,2026-W24,0.75,False,1.944789416915755e-08,0.7322779200389368,0.2677220605131931,0.7990720617156521,-2.23989322224327,0.3787284813362877,4,2,5.0
2026-06-10 03:02:57+00:00,2026-06-10 03:00,KXETHD-26JUN1000-T1629.99,2026-06-10T04:00:00Z,1625.2,1629.99,0.2949,0.27,real,0.264139,0.838,0.00079376,0.00041888,0.00063654,0.6581,0.01,0.00055412,-1.0,0.0,1.0,0.0,0.0,-0.0014,2.0,0.0,0.6035,0.0,3.968e-05,0.0,0.0,0.0,1.0,1.0,-0.6658,False,False,1.0,1.0,6.88,6.83,True,-1.0,bearish,0.0,0.0,0.057144,0.030416,trade,no,False,False,37.0,56.98,,0.211644,0.05,50.0,1000.0,-2.0,8.0,0.5918,-0.3196,0.0369,0.0,False,,False,True,18.49,2026-06-10 03:02:57+00:00,,0.0,,0.5821,1.0,,0.0,0.0,0.0,0.0469,1.0,0.5375,bearish,bearish,False,False,6.39,,False,False,False,,,22.56,0.0045,,3.0,-2.0,-1.0,69.5,0.0046,,,,,,,,,,,,,,,,,,,-0.3866,2023528.46,0.0,0.006054,-0.0155,0.00734,,,,,,,,,,,,,,,,,,,,,,,,,,,,,,,,,,,,,,,,,,,1630.0,0.2953,0.0006,0.0,win,,,,0.5321557900648036,24,2026-W24,0.73,False,1.5892774050051295e-10,0.0025045876573186235,0.997495412183728,0.7977179706548032,-2.2374664931809267,0.2373856594865731,6,3,3.0
2026-06-10 04:05:00+00:00,2026-06-10 04:00,KXETHD-26JUN1001-T1629.99,2026-06-10T05:00:00Z,1627.05,1629.99,0.1806,0.36,real,0.314607,0.5317,0.00056886,0.00038739,0.00067925,0.5703,0.01,0.00054512,-1.0,0.0,1.0,2.0,-1.0,-0.1041,2.0,0.0,0.4158,-1.0,0.00016045,0.0,0.0,0.0,1.0,1.0,-0.4374,False,False,1.0,1.0,18.0,23.6,False,-1.0,bearish,0.0,0.0,0.074147,0.044857,trade,no,False,False,37.0,54.93,,0.205963,0.05,50.0,1000.0,-2.0,2.0,0.5,-0.2623,-0.1785,-0.1485,False,,False,True,28.12,2026-06-10 04:05:00+00:00,,0.0,,0.5195,0.0,,0.0,0.0,0.0,0.3235,1.0,0.2381,bearish,bearish,False,False,6.268,,False,False,False,,,23.14,0.0024,,4.0,-2.0,-1.0,69.79,-0.001,,,,,,,,,,,,,,,,,,,-0.1706,851235.09,0.0,0.005769,-0.01663,0.00696,,,,,,,,,,,,,,,,,,,,,,,,,,,,,,,,,,,,,,,,,,,1625.82,-0.0756,-0.2558,0.0,win,,,,0.5382129077300949,24,2026-W24,0.64,False,4.911851185998068e-13,4.600129196526281e-05,0.9999539987075622,0.7867587929262362,-2.251982776898883,0.18043670699321368,6,3,1.0
2026-06-10 05:03:04+00:00,2026-06-10 05:00,KXETHD-26JUN1002-T1629.99,2026-06-10T06:00:00Z,1624.32,1629.99,0.3493,0.24,real,0.27969,0.8859,0.00064459,0.00052019,0.00065493,0.7943,0.02,0.00062158,-1.0,0.0,1.0,1.0,0.0,-0.0339,2.0,0.0,0.0182,-1.0,0.00016137,0.0,0.0,0.0,1.0,1.0,-0.5771,False,False,1.0,1.0,10.91,9.12,True,-1.0,bearish,0.0,0.0,0.050456,0.024703,trade,no,False,False,37.0,56.82,,0.210233,0.05,50.0,1000.0,-2.0,4.0,0.6202,-0.2633,-0.0135,-0.0695,False,,False,True,15.79,2026-06-10 05:03:04+00:00,,0.0,,0.6187,1.0,,0.0,0.0,0.0,1.0,1.0,0.6012,bearish,bearish,False,False,6.447,,False,False,False,,,23.9,0.0,,5.0,-2.0,-1.0,69.74,0.0367,,,,,,,,,,,,,,,,,,,-0.6638,1646986.01,0.0,0.00679,-0.01497,0.00749,,,,,,,,,,,,,,,,,,,,,,,,,,,,,,,,,,,,,,,,,,,1627.49,0.1952,-0.1534,0.0,win,,,,0.5293685090401737,24,2026-W24,0.76,False,1.1337760658333686e-12,3.7586854578346986e-05,0.9999624131442706,0.7705594481743804,-1.981174275226616,0.20109176748303167,6,3,1.0
2026-06-10 06:10:56+00:00,2026-06-10 06:00,KXETHD-26JUN1003-T1629.99,2026-06-10T07:00:00Z,1626.9,1629.99,0.1897,0.34,real,0.259389,0.4787,0.00067454,0.0005921,0.00065655,0.9018,0.03,0.0006734,-1.0,-1.0,0.0,1.0,0.0,0.0837,2.0,0.0,0.3077,-1.0,0.00016718,0.0,0.0,0.0,0.0,0.0,-0.3017,False,False,-1.0,0.0,62.43,55.8,False,0.0,bearish,0.0,0.0,0.050682,0.021289,trade,no,False,False,37.0,48.98,,0.149064,0.05,50.0,1000.0,-2.0,0.0,0.4121,0.1599,0.0731,0.0283,False,,True,False,-50.0,2026-06-10 06:10:56+00:00,,0.0,,0.4339,1.0,,0.0,0.0,0.0,0.4006,1.0,0.5176,bearish,bearish,False,False,6.278,,False,False,False,,,25.05,0.067,0.04,6.0,0.0,0.9356,69.74,0.0308,,,,,,,,,,,,,,,,,,,-0.3073,1108622.4,0.0,0.00658,-0.01654,0.00744,,,,,,,,,,,,,,,,,,,,,,,,,,,,,,,,,,,,,,,,,,,1631.42,0.2778,0.0877,0.0877,near_miss,,,,0.5109136074823298,24,2026-W24,0.6599999999999999,False,2.376621398212961e-11,5.7939054688464046e-05,0.9999420609215729,0.7514335850799144,-1.3472237564123475,0.2660076718796102,6,3,1.0
2026-06-10 08:35:33+00:00,2026-06-10 08:00,KXETHD-26JUN1005-T1629.99,2026-06-10T09:00:00Z,1626.93,1629.99,0.1884,0.32,real,0.275673,0.5246,0.00070116,0.00070494,0.00081515,0.8648,0.06,0.00078981,0.0,0.0,1.0,1.0,1.0,0.2376,2.0,0.0,0.5524,-1.0,0.00019143,0.0,0.0,0.0,1.0,1.0,-0.3945,False,False,1.0,0.0,39.71,58.44,False,0.0,bearish,0.0,0.0,0.040009,0.010898,trade,no,False,False,37.0,24.37,,0.125029,0.05,50.0,1000.0,-2.0,0.0,0.4121,-0.5086,-0.4423,-0.3734,False,,False,True,23.53,2026-06-10 08:35:33+00:00,,0.0,,0.4717,0.0,,0.0,0.0,0.0,0.5228,-1.0,0.2993,bearish,bearish,False,False,6.277,,False,False,True,,,24.02,0.2665,,8.0,-2.0,-1.0,68.55,-0.1291,,,,,,,,,,,,,,,,,,,-0.2225,871938.54,0.0,0.007242,-0.00783,0.00689,,,,,,,,,,,,,,,,,,,,,,,,,,,,,,,,,,,,,,,,,,,1621.9,-0.3092,-0.4963,0.0,win,,,,0.5459511660864702,24,2026-W24,0.6799999999999999,False,2.7279493637673464e-13,0.0008121075340382642,0.9991878924656747,0.7363143720015041,-0.6797528858964093,0.11982603479304182,6,3,1.0
2026-06-10 10:31:42+00:00,2026-06-10 10:00,KXETHD-26JUN1007-T1629.99,2026-06-10T11:00:00Z,1625.01,1629.99,0.3067,0.22,real,0.149836,0.8213,0.00074528,0.00081368,0.00074631,1.0903,0.07,0.00083531,0.0,-1.0,0.0,1.0,0.0,-0.0861,2.0,0.0,0.5065,-1.0,0.00016365,0.0,0.0,0.0,0.0,0.0,-0.3608,False,False,-1.0,0.0,54.11,43.91,False,0.0,bearish,0.0,0.0,0.04133,0.016058,trade,no,False,False,37.0,28.23,,0.187865,0.05,50.0,1000.0,-2.0,0.0,0.4121,0.2749,0.3894,0.2929,False,,False,True,14.1,2026-06-10 10:31:42+00:00,,0.0,,0.4146,0.5,,0.0,0.0,0.0,0.5134,1.0,0.4776,bearish,bearish,False,False,6.402,,False,False,True,,,25.87,0.0215,,10.0,0.0,0.9032,70.25,0.0641,,,,,,,,,,,,,,,,,,,-0.0876,1384231.01,0.0,0.004966,-0.00734,0.0083,,,,,,,,,,,,,,,,,,,,,,,,,,,,,,,,,,,,,,,,,,,1627.48,0.152,-0.154,0.0,win,,,,0.5097669456866988,24,2026-W24,0.78,False,1.0266628563956076e-11,0.0006227342666970539,0.999377265723064,0.7764911274200482,-0.33122267544634987,0.3730625334045967,6,3,1.0
2026-06-10 17:47:11+00:00,2026-06-10 17:00,KXETHD-26JUN1014-T1629.99,2026-06-10T18:00:00Z,1626.38,1629.99,0.2217,0.3,real,0.090839,0.468,0.00128531,0.00119583,0.00118288,1.0109,0.03,0.00114264,0.0,0.0,1.0,1.0,0.0,-0.0218,2.0,1.0,0.8617,-1.0,9.544e-05,-1.0,0.0,0.0,1.0,1.0,-0.7801,False,False,1.0,1.0,3.74,3.85,False,0.0,bearish,0.0,0.0,0.054403,0.026433,trade,no,False,False,37.0,12.75,,0.181343,0.05,50.0,1000.0,-3.0,6.0,0.4799,-1.0088,-0.2114,0.0591,False,,True,False,-50.0,2026-06-10 17:47:11+00:00,,0.0,,0.1928,0.763,,0.0,0.0,0.0,0.22,-1.0,0.2918,bearish,bullish,True,False,6.312,,False,False,True,,,20.48,2.8304,,17.0,-2.0,-0.9977,69.8,-0.8334,,,,,,,,,,,,,,,,,,,-0.3246,998701.74,0.0,0.007013,-0.00795,0.00838,,,,,,,,,,,,,,,,,,,,,,,,,,,,,,,,,,,,,,,,,,,1634.05,0.4716,0.2491,0.2491,clear_loss,,,,0.5211628707007154,24,2026-W24,0.7,False,9.928997356647627e-07,0.00041214668873971414,0.9995868604114999,0.8786567770231293,2.3693215576327384,0.4292763157894762,4,2,2.0
2026-06-25 18:18:51+00:00,2026-06-25 18:00,KXETHD-26JUN2515-T1569.99,2026-06-25T19:00:00Z,1566.24,1569.99,0.2392,0.4,real,0.342629,0.3033,0.0011419,0.00139974,0.00147195,0.9509,0.02,0.00133639,0.0,0.0,1.0,1.0,1.0,0.2107,2.0,0.0,0.3981,-1.0,9.978e-05,1.0,0.0,0.0,0.0,0.0,-0.5967,False,False,0.0,0.0,59.97,56.77,False,0.0,bearish,0.0,0.0,0.04192,0.01083,trade,no,False,False,35.0,41.04,,0.104799,0.01572,31.44,2000.0,-7.0,1.0,0.3711,0.1748,-0.1869,0.1397,False,,False,True,20.96,2026-06-25 18:18:51+00:00,,0.0,,0.4594,0.0,,0.0,0.0,0.0,0.7698,-1.0,0.7129,bearish,bearish,True,False,4.199,,False,False,False,,,27.94,0.1065,,18.0,0.0,1.0,72.35,-0.0903,,,,,,,,,,,,,,,,,,,-1.0,904066.02,0.0,0.016134,-0.00689,0.01836,,,,,,,,,,,,,,,,,,,,,,,,,,,,,,,,,,,,,,,,,,,1566.4,0.0102,-0.2287,0.0,win,,,,0.5254087056732513,26,2026-W26,0.6,False,5.0163073356711315e-74,1.0,9.852850211449011e-53,1.6243612512384913,-6.080619234963814,0.26271992391821136,2,4,1.0
2026-06-25 19:01:00+00:00,2026-06-25 19:00,KXETHD-26JUN2516-T1569.99,2026-06-25T20:00:00Z,1564.06,1569.99,0.3792,0.31,real,0.202202,0.5205,0.00097303,0.00106173,0.00099442,1.0677,0.04,0.00102974,0.0,-1.0,0.0,1.0,0.0,-0.0629,2.0,0.0,0.5452,-1.0,0.00011481,-1.0,0.0,0.0,0.0,0.0,-0.5745,False,False,0.0,0.0,30.0,36.97,False,-1.0,bearish,0.0,0.0,0.0451,0.016469,trade,no,False,False,55.0,58.93,,0.145483,0.021822,43.64,2000.0,-7.0,1.0,0.3711,-0.1632,0.0703,0.0415,False,,False,True,19.61,2026-06-25 19:01:00+00:00,,0.0,,0.377,1.0,,0.0,0.0,0.0,0.6119,1.0,0.5483,bearish,bearish,True,False,4.345,,False,False,False,,,28.81,0.0296,,19.0,0.0,0.8709,72.37,0.6456,,,,,,,,,,,,,,,,,,,-1.0,9288188.47,0.0,0.000274,-0.04096,0.01914,,,,,,,,,,,,,,,,,,,,,,,,,,,,,,,,,,,,,,,,,,,1562.61,-0.0927,-0.4701,0.0,win,,,,0.5325030242732812,26,2026-W26,0.69,False,2.3604129270623e-82,1.0,2.3024547366606775e-53,1.5709410599704732,-5.824988988563916,0.2020922491678557,2,4,1.0
2026-06-25 19:05:18+00:00,2026-06-25 19:00,KXETHD-26JUN2517-T1569.99,2026-06-25T21:00:00Z,1559.9,1569.99,0.6466,0.27,real,0.165552,0.6538,0.00089843,0.00103353,0.00098248,1.052,0.03,0.00100093,0.0,0.0,1.0,1.0,0.0,0.0265,2.0,0.0,0.5274,-1.0,0.00011858,-1.0,0.0,0.0,1.0,1.0,-0.7746,False,False,1.0,1.0,17.86,32.92,False,-1.0,bearish,0.0,0.0,0.048448,0.021375,trade,no,False,False,56.0,114.59,,0.179436,0.026915,53.83,2000.0,-7.0,2.0,0.3741,-0.0013,-0.1744,-0.2158,False,,False,True,19.91,2026-06-25 19:05:18+00:00,,0.0,,0.3752,0.0,,0.0,0.0,0.0,0.6119,1.0,0.5353,bearish,bearish,True,False,4.622,,False,False,False,,,28.81,0.0327,,19.0,-2.0,-1.0,72.4,-0.125,,,,,,,,,,,,,,,,,,,-1.0,10798372.32,0.0,0.000273,-0.00752,0.01929,,,,,,,,,,,,,,,,,,,,,,,,,,,,,,,,,,,,,,,,,,,1559.37,-0.034,-0.6764,0.0,win,,,,0.5325030242732812,26,2026-W26,0.73,False,2.3604129270623e-82,1.0,2.3024547366606775e-53,1.5709410599704732,-5.824988988563916,0.2020922491678557,2,4,1.0
2026-06-25 23:48:15+00:00,2026-06-25 23:00,KXETHD-26JUN2520-T1569.99,2026-06-26T00:00:00Z,1567.02,1569.99,0.1893,0.21,real,0.143041,0.9844,0.00055893,0.00060347,0.00068675,0.8787,0.01,0.00066958,1.0,-1.0,0.0,1.0,0.0,0.0599,2.0,0.0,0.5702,-1.0,0.00010019,0.0,0.0,0.0,0.0,0.0,0.0082,False,False,1.0,0.0,48.81,62.95,True,0.0,bearish,0.0,0.0,0.066564,0.042964,trade,no,False,False,34.0,11.66,,0.316973,0.047546,95.09,2000.0,-4.0,0.0,0.3176,-0.4571,-0.4451,-0.23,False,,False,True,25.28,2026-06-25 23:48:15+00:00,,0.0,,0.4672,0.0,,0.0,0.0,0.0,0.9814,-1.0,0.423,bearish,bearish,True,False,4.147,,False,False,False,,,29.09,0.3322,,23.0,-2.0,-1.0,72.6,0.1318,,,,,,,,,,,,,,,,,,,0.0624,937990.65,0.0,0.003966,-0.04277,0.01977,,,,,,,,,,,,,,,,,,,,,,,,,,,,,,,,,,,,,,,,,,,1568.99,0.1257,-0.0637,0.0,win,,,,0.5160647525982973,26,2026-W26,0.79,False,1.8319074816565746e-100,1.0,2.1928578467453875e-62,1.4291862384554226,-1.2330760422163856,0.2740529402440955,2,4,1.0
2026-06-26 00:00:59+00:00,2026-06-26 00:00,KXETHD-26JUN2521-T1569.99,2026-06-26T01:00:00Z,1566.74,1569.99,0.2076,0.37,real,0.185238,0.4417,0.00061164,0.0007238,0.00081414,0.889,0.05,0.00080479,1.0,-1.0,0.0,1.0,0.0,0.0163,2.0,0.0,0.5759,-1.0,9.708e-05,0.0,0.0,0.0,0.0,0.0,,False,False,1.0,0.0,44.38,47.8,False,0.0,bearish,0.0,0.0,0.087802,0.058623,trade,no,False,False,34.0,58.92,,0.237302,0.035595,71.19,2000.0,-3.0,0.0,0.3176,-0.6182,0.0472,0.1999,False,,False,True,41.81,2026-06-26 00:00:59+00:00,,0.0,,0.325,0.9833,,0.0,0.0,0.0,0.6412,-1.0,0.3555,bearish,bearish,True,False,4.166,,False,False,False,,,29.01,0.0002,,0.0,-2.0,-1.0,72.57,0.1318,,,,,,,,,,,,,,,,,,,0.0135,693584.39,0.0,0.004287,-0.0426,0.01995,,,,,,,,,,,,,,,,,,,,,,,,,,,,,,,,,,,,,,,,,,,1565.53,-0.0772,-0.2841,0.0,win,,,,0.5479386404109825,26,2026-W26,0.63,False,4.92900770455956e-99,1.0,2.169388858057079e-61,1.375611492669705,-0.7512759477473594,0.25281344111586546,2,4,1.0
2026-06-26 01:01:00+00:00,2026-06-26 01:00,KXETHD-26JUN2522-T1569.99,2026-06-26T02:00:00Z,1562.8,1569.99,0.46,0.2,real,0.08312,1.0849,0.00049187,0.00056705,0.00071047,0.7981,0.02,0.00065611,0.0,1.0,2.0,1.0,0.0,-0.0686,2.0,0.0,0.5577,-1.0,9.443e-05,0.0,-1.0,1.0,2.0,2.0,-0.2395,False,False,1.0,1.0,2.9,11.34,False,-1.0,bearish,0.0,0.0,0.088853,0.066938,trade,no,False,False,34.0,58.91,,0.444266,0.05,100.0,2000.0,-5.0,2.0,0.3741,-0.1913,-0.1206,0.0339,False,,False,True,25.0,2026-06-26 01:01:00+00:00,,0.0,,0.3823,1.0,,0.0,0.0,0.0,0.863,-1.0,0.4021,bearish,bearish,True,False,4.429,,False,False,False,,,28.91,0.0,,1.0,-2.0,-1.0,72.58,0.0514,,,,,,,,,,,,,,,,,,,-0.5409,1771341.68,0.0,0.003254,-0.04019,0.0206,,,,,,,,,,,,,,,,,,,,,,,,,,,,,,,,,,,,,,,,,,,1560.54,-0.1446,-0.6019,0.0,win,,,,0.538403863947802,26,2026-W26,0.8,False,5.962665424925931e-110,1.0,1.1707480206726519e-68,1.3722974534421213,-0.6448356796692067,0.20383579014106698,2,4,1.0
2026-06-26 05:02:22+00:00,2026-06-26 05:00,KXETHD-26JUN2602-T1549.99,2026-06-26T06:00:00Z,1548.11,1549.99,0.1217,0.44,real,0.272326,0.1924,0.0006891,0.00084171,0.00106183,0.7927,0.01,0.00090544,0.0,-1.0,0.0,0.0,0.0,-0.0645,2.0,0.0,0.433,0.0,4.791e-05,0.0,0.0,0.0,0.0,0.0,-0.3988,False,False,0.0,0.0,70.87,71.08,False,-1.0,bearish,0.0,0.0,0.048383,0.016705,trade,no,False,False,33.0,57.55,,0.109961,0.016494,32.99,2000.0,-4.0,0.0,0.3176,-0.336,-0.1329,0.0,False,,True,False,-32.99,2026-06-26 05:02:22+00:00,,0.0,,0.3397,0.5,,0.0,0.0,0.0,0.8232,-1.0,0.4291,bearish,bearish,False,False,5.42,,False,False,False,,,35.51,0.0,,5.0,-2.0,-1.0,71.02,-0.1321,,,,,,,,,,,,,,,,,,,-0.0013,110277.25,0.0,0.006147,-0.00666,0.01996,,,,,,,,,,,,,,,,,,,,,,,,,,,,,,,,,,,,,,,,,,,1555.13,0.4535,0.3316,0.3316,clear_loss,,,,0.5182018758053276,26,2026-W26,0.56,False,3.8956995732549993e-162,1.0,1.0948592464585443e-109,1.4741097033561665,-0.10747012937557088,0.31241763069263506,2,4,3.0
2026-06-26 10:41:52+00:00,2026-06-26 10:00,KXETHD-26JUN2607-T1549.99,2026-06-26T11:00:00Z,1546.85,1549.99,0.2029,0.27,real,0.138375,0.7404,0.00109528,0.000725,0.0007783,0.9315,0.02,0.00076688,0.0,0.0,1.0,1.0,0.0,-0.0044,2.0,0.0,0.5031,-1.0,9.418e-05,0.0,0.0,0.0,0.0,0.0,-0.4629,False,False,1.0,1.0,5.84,10.15,True,-1.0,bearish,0.0,0.0,0.075976,0.05003,trade,no,False,False,33.0,18.06,,0.281393,0.042209,84.42,2000.0,-6.0,6.0,0.4799,-0.3867,-0.4047,-0.4047,False,,False,True,31.22,2026-06-26 10:41:52+00:00,,0.0,,0.3642,0.0,,0.0,0.0,0.0,0.0,1.0,0.3472,bearish,bearish,False,False,5.505,,False,False,True,,,34.52,0.6189,,10.0,-2.0,-1.0,69.79,0.0313,,,,,,,,,,,,,,,,,,,0.0734,1282684.27,0.0,0.003782,-0.00753,0.02272,,,,,,,,,,,,,,,,,,,,,,,,,,,,,,,,,,,,,,,,,,,1547.13,0.0181,-0.1845,0.0,win,,,,0.5276130238489426,26,2026-W26,0.73,False,1.6158036999519276e-161,1.0,6.62927487526479e-110,1.3486541593172099,2.0443599933247594,0.49169163715608655,2,4,1.0
2026-06-26 11:00:39+00:00,2026-06-26 11:00,KXETHD-26JUN2608-T1549.99,2026-06-26T12:00:00Z,1545.36,1549.99,0.2997,0.27,real,0.231033,0.6939,0.00060182,0.00059624,0.00063426,0.9401,0.04,0.0006668,0.0,0.0,1.0,1.0,0.0,0.0638,2.0,0.0,0.5368,-1.0,9.379e-05,0.0,0.0,0.0,0.0,0.0,-0.4299,False,False,1.0,1.0,7.64,7.52,True,-1.0,bearish,0.0,0.0,0.04373,0.016475,trade,no,False,False,33.0,59.27,,0.161964,0.024295,48.59,2000.0,-4.0,5.0,0.4799,-0.3719,-0.0336,0.0,False,,False,True,17.97,2026-06-26 11:00:39+00:00,,0.0,,0.4834,0.5,,0.0,0.0,0.0,1.0,-1.0,0.4737,bearish,bearish,False,False,5.607,,False,False,True,,,34.69,0.0,,11.0,-2.0,-0.9993,69.85,-0.0225,,,,,,,,,,,,,,,,,,,-0.288,1475964.69,0.0,0.004829,-0.00745,0.01983,,,,,,,,,,,,,,,,,,,,,,,,,,,,,,,,,,,,,,,,,,,1546.68,0.0854,-0.2135,0.0,win,,,,0.5406168880853618,26,2026-W26,0.73,False,1.4524079824487635e-159,1.0,3.3937130677264425e-108,1.307844030163551,1.4072121033509877,0.4489239989103787,2,4,1.0
2026-06-26 12:07:03+00:00,2026-06-26 12:00,KXETHD-26JUN2609-T1549.99,2026-06-26T13:00:00Z,1544.26,1549.99,0.3712,0.29,real,0.167213,0.7301,0.00083206,0.00077959,0.00092072,0.8467,0.02,0.00083074,0.0,0.0,1.0,1.0,1.0,0.1126,2.0,0.0,0.5248,-1.0,0.0002559,0.0,0.0,0.0,0.0,0.0,-0.5055,False,False,1.0,0.0,20.3,12.71,True,-1.0,bearish,0.0,0.0,0.086464,0.060117,trade,no,False,False,34.0,52.88,,0.298152,0.044723,89.45,2000.0,-5.0,1.0,0.3711,-0.0872,0.1392,0.1793,False,,False,True,36.54,2026-06-26 12:07:03+00:00,,0.0,,0.4071,1.0,,0.0,0.0,0.0,0.1302,-1.0,0.5494,bearish,bearish,False,False,5.683,,False,False,True,,,35.32,0.1033,,12.0,0.0,1.0,70.31,0.1068,,,,,,,,,,,,,,,,,,,-1.0,4113957.34,0.0,0.015635,-0.00742,0.01732,,,,,,,,,,,,,,,,,,,,,,,,,,,,,,,,,,,,,,,,,,,1537.63,-0.4293,-0.7974,0.0,win,,,,0.5435284111060776,26,2026-W26,0.71,False,3.081055772168528e-177,1.0,1.0652435167451722e-122,1.276743062632418,0.5271978757386346,0.3395807302512848,2,4,1.0
2026-06-27 18:21:00,2026-06-27 18:00,KXETHD-26JUN2715-T1589.99,2026-06-27T19:00:00Z,1590.25,1589.99,-0.0161,0.52,real,0.588413,-0.0398,0.00037854,0.00062892,0.00051489,1.2215,0.03,0.00095309,1.0,0.0,1.0,2.0,-1.0,-0.1079,2.0,0.0,0.7575,-1.0,0.00013965,-1.0,0.0,0.0,0.0,0.0,0.051,False,False,1.0,1.0,23.06,19.4,True,0.0,bullish,0.0,0.0,0.053413,0.020941,trade,yes,False,False,40.0,38.94,,0.111278,0.016692,33.38,2000.0,0.0,0.0,0.5174,-0.0351,0.0779,-0.0013,False,,True,True,30.81,2026-06-27 18:21:00+00:00,,0.0,,0.5728,0.0,,0.0,0.0,0.0,0.209,1.0,0.662,bullish,bullish,False,True,2.626,,False,False,False,,,14.69,0.0038,,18.0,-1.0,-0.427,67.69,0.0257,,,,,,,,,,,,,,,,,,,0.1146,0.0,0.0,0.005593,-0.00742,0.01808,,,,,,,,,,,,,,,,,,,,,,,,,,,,,,,,,,,,,,,,,,,1593.3,0.1918,0.2082,0.0,win,,,,0.4938533764468512,26,2026-W26,0.52,False,0.9999862145047941,5.414817578773285e-07,1.3244013467271485e-05,1.0089937918838963,1.1501497086081685,0.5621664887940215,5,6,1.0
2026-06-27 19:21:03,2026-06-27 19:00,KXETHD-26JUN2716-T1589.99,2026-06-27T20:00:00Z,1587.7,1589.99,0.1439,0.33,real,0.382453,0.5753,0.0002591,0.00041327,0.00052422,0.7883,0.03,0.00052738,1.0,0.0,1.0,1.0,0.0,-0.025,2.0,0.0,0.7525,-1.0,0.00015156,0.0,0.0,0.0,0.0,0.0,-0.0797,False,False,1.0,1.0,17.46,24.83,False,0.0,bullish,0.0,0.0,0.043497,0.014188,trade,no,False,False,63.0,38.89,,0.131809,0.019771,39.54,2000.0,0.0,2.0,0.5909,-0.1199,-0.2213,-0.1512,False,,False,True,19.47,2026-06-27 19:21:03+00:00,,0.0,,0.6088,0.0,,0.0,0.0,0.0,0.6543,1.0,0.3344,bullish,bullish,False,True,2.791,,False,False,False,,,14.36,0.0778,,19.0,-2.0,-1.0,67.73,0.0083,,,,,,,,,,,,,,,,,,,-1.0,10962927.16,0.0,0.000103,-0.05524,0.0216,,,,,,,,,,,,,,,,,,,,,,,,,,,,,,,,,,,,,,,,,,,1578.1,-0.6046,-0.7478,0.0,win,,,,0.5557063671086921,26,2026-W26,0.6699999999999999,False,0.9762719088987986,7.36451230102765e-06,0.0237207265888993,0.9616957222976316,-0.27394971789313427,0.15661686232657118,5,0,1.0
2026-06-27 19:24:16,2026-06-27 19:00,KXETHD-26JUN2717-T1589.99,2026-06-27T21:00:00Z,1587.35,1589.99,0.1661,0.37,real,0.344419,0.4254,0.00024266,0.00039919,0.00051125,0.7808,0.04,0.00052478,1.0,0.0,1.0,2.0,-1.0,-0.1385,2.0,0.0,0.7629,-1.0,0.00015156,0.0,0.0,0.0,0.0,0.0,-0.0808,False,False,1.0,1.0,17.46,24.83,False,0.0,bullish,0.0,0.0,0.047902,0.017617,trade,no,False,False,63.0,95.66,,0.129465,0.01942,38.84,2000.0,0.0,2.0,0.5909,-0.1199,-0.1863,0.0,False,,False,True,22.81,2026-06-27 19:24:16+00:00,,0.0,,0.51,0.0,,0.0,0.0,0.0,0.6543,1.0,0.3344,bullish,bullish,False,True,2.813,,False,False,False,,,14.36,0.0778,,19.0,-2.0,-1.0,67.73,0.0083,,,,,,,,,,,,,,,,,,,-1.0,10755346.32,0.0,0.000104,-0.05503,0.01931,,,,,,,,,,,,,,,,,,,,,,,,,,,,,,,,,,,,,,,,,,,1580.3,-0.4441,-0.6094,0.0,win,,,,0.5557063671086921,26,2026-W26,0.63,False,0.9762719088987986,7.36451230102765e-06,0.0237207265888993,0.9616957222976316,-0.27394971789313427,0.15661686232657118,5,0,1.0
2026-06-28 05:07:07,2026-06-28 05:00,KXETHD-26JUN2802-T1569.99,2026-06-28T06:00:00Z,1568.33,1569.99,0.1058,0.39,real,0.34397,0.4486,0.00042149,0.00031861,0.00052107,0.6115,0.03,0.00047715,1.0,-1.0,0.0,2.0,-1.0,-0.1534,2.0,0.0,0.4739,-1.0,7.304e-05,0.0,0.0,0.0,0.0,0.0,0.0705,False,False,0.0,0.0,61.22,52.45,False,0.0,bearish,0.0,0.0,0.074732,0.044621,trade,no,False,False,40.0,52.75,,0.191621,0.028743,57.49,2000.0,0.0,0.0,0.5174,-0.0089,0.0,0.0,False,,False,True,36.76,2026-06-28 05:07:07+00:00,,0.0,,0.5187,0.5,,0.0,0.0,0.0,0.6293,1.0,0.3289,bullish,bullish,False,True,4.06,,False,False,False,,,19.48,0.0,,5.0,-2.0,-1.0,69.63,0.0217,,,,,,,,,,,,,,,,,,,-1.0,3482068.61,0.0,0.00131,-0.00723,0.01892,,,,,,,,,,,,,,,,,,,,,,,,,,,,,,,,,,,,,,,,,,,1570.73,0.153,0.0471,0.0,win,,,,0.5947332931326824,26,2026-W26,0.61,False,0.058053466994987195,0.00037195191036089743,0.9415745810946531,0.9037452057136393,-1.8695188601145996,0.15168661588683396,5,0,1.0
2026-06-28 06:05:27,2026-06-28 06:00,KXETHD-26JUN2803-T1569.99,2026-06-28T07:00:00Z,1566.97,1569.99,0.1924,0.26,real,0.259372,0.7754,0.00059303,0.00040327,0.00040481,0.9962,0.03,0.0004939,0.0,-1.0,0.0,1.0,0.0,0.0192,2.0,1.0,0.9598,-1.0,7.765e-05,-1.0,0.0,0.0,0.0,0.0,-0.0204,False,False,0.0,0.0,49.48,44.89,False,-1.0,bearish,0.0,0.0,0.04819,0.021504,trade,no,False,False,39.0,54.48,,0.185346,0.041703,83.41,2000.0,0.0,2.0,0.5909,0.1205,-0.0146,0.007,False,,False,True,29.31,2026-06-28 06:05:27+00:00,,0.0,,0.5518,1.0,,0.0,0.0,0.0,0.3636,1.0,0.3984,bullish,bullish,False,True,4.15,,False,False,False,,,21.0,0.0654,,6.0,0.0,1.0,69.61,0.1013,,,,,,,,,,,,,,,,,,,0.1515,1062765.32,0.0,0.003532,-0.00789,0.0198,,,,,,,,,,,,,,,,,,,,,,,,,,,,,,,,,,,,,,,,,,,1568.47,0.0957,-0.0968,0.0,win,,,,0.5936142462899024,26,2026-W26,0.74,False,0.04097458853711018,0.0004998789382440826,0.9585255325246239,0.9116838139437115,-1.9160221475785573,0.10102107321311897,5,0,2.0
2026-06-28 16:39:07,2026-06-28 16:00,KXETHD-26JUN2813-T1569.99,2026-06-28T17:00:00Z,1567.89,1569.99,0.1339,0.38,real,0.230194,0.294,0.00077199,0.00103062,0.00096003,1.0735,0.02,0.00099752,0.0,0.0,1.0,1.0,0.0,-0.0318,2.0,0.0,0.3541,-1.0,0.00016327,-1.0,0.0,0.0,1.0,1.0,-0.321,False,False,1.0,1.0,14.9,20.52,False,0.0,bearish,0.0,0.0,0.044069,0.013453,trade,no,False,False,39.0,20.81,,0.115971,0.017396,34.79,2000.0,0.0,4.0,0.55,-0.5464,-0.2566,0.1613,False,,True,False,-34.79,2026-06-28 16:39:07+00:00,,0.0,,0.3284,0.0,,0.0,0.0,0.0,0.9823,-1.0,0.5076,bullish,bullish,False,True,4.089,,False,False,True,,,13.95,0.138,,16.0,-2.0,-0.9994,69.12,0.0639,,,,,,,,,,,,,,,,,,,0.2353,388173.0,0.0,0.003792,-0.00806,0.01984,,,,,,,,,,,,,,,,,,,,,,,,,,,,,,,,,,,,,,,,,,,1572.71,0.3074,0.1732,0.1732,marginal,,,,0.5689655601697496,26,2026-W26,0.62,False,0.7842402913622922,0.0001230751441415618,0.21563663349359266,0.8211631029975218,0.04197205003489424,0.3651435503437107,5,0,1.0
2026-06-28 18:30:26,2026-06-28 18:00,KXETHD-26JUN2815-T1569.99,2026-06-28T19:00:00Z,1567.84,1569.99,0.1369,0.35,real,0.233663,0.4295,0.00061408,0.00065444,0.00065377,1.001,0.01,0.00069817,0.0,-1.0,0.0,1.0,0.0,-0.0254,2.0,0.0,0.4814,-1.0,0.00017723,0.0,0.0,0.0,1.0,1.0,-0.3335,False,False,1.0,0.0,29.36,35.38,False,-1.0,bearish,0.0,0.0,0.052575,0.022947,trade,no,False,False,39.0,29.49,,0.150213,0.022532,45.06,2000.0,-1.0,0.0,0.4552,-0.0821,-0.1387,-0.152,False,,False,True,24.26,2026-06-28 18:30:26+00:00,,0.0,,0.3831,0.0,,0.0,0.0,0.0,1.0,-1.0,0.5697,bullish,bullish,False,True,4.093,,False,False,True,,,15.46,0.01,,18.0,-2.0,-1.0,69.66,-0.0405,,,,,,,,,,,,,,,,,,,0.073,553295.61,0.0,0.004554,-0.00754,0.01987,,,,,,,,,,,,,,,,,,,,,,,,,,,,,,,,,,,,,,,,,,,1571.94,0.2615,0.1242,0.0,win,,,,0.5494521842250549,26,2026-W26,0.65,False,0.9999690883717616,3.112338141494403e-07,3.060039444891656e-05,0.8003342411841947,-0.587253697255349,0.33400727860897633,5,6,1.0
2026-06-29 13:50:22,2026-06-29 13:00,KXETHD-26JUN2910-T1569.99,2026-06-29T14:00:00Z,1563.76,1569.99,0.3984,0.2,real,0.059054,0.9393,0.0012525,0.00146555,0.00152902,0.9585,0.03,0.00136981,-1.0,1.0,2.0,1.0,1.0,0.1,2.0,0.0,0.6376,-1.0,0.00012821,1.0,0.0,0.0,1.0,1.0,-0.6411,False,False,1.0,1.0,6.68,14.87,False,0.0,bearish,0.0,0.0,0.080982,0.058642,trade,no,False,False,39.0,9.55,,0.40491,0.05,100.0,2000.0,-1.0,6.0,0.5376,-1.2026,-0.3676,-0.2083,True,,False,True,25.0,2026-06-29 13:50:22+00:00,,0.0,,0.2,0.4283,,0.0,0.0,0.0,0.2681,-1.0,0.8001,bullish,bearish,False,True,4.364,,False,False,True,,,30.85,0.173,,13.0,-2.0,-0.8378,69.57,-0.3789,,,,,,,,,,,,,,,,,,,-0.3917,1792602.13,0.0,0.003719,-0.00779,0.0187,,,,,,,,,,,,,,,,,,,,,,,,,,,,,,,,,,,,,,,,,,,1569.77,0.3843,-0.014,0.0,win,,,,0.5095827481330006,27,2026-W27,0.8,False,0.9350986672475028,1.0948150884190658e-05,0.06489038460159899,0.7776245279219611,-0.13350622966847198,0.4961498439125898,3,6,1.0
2026-06-29 23:23:30,2026-06-29 23:00,KXETHD-26JUN2920-T1609.99,2026-06-30T00:00:00Z,1606.78,1609.99,0.1999,0.26,real,0.247691,0.8267,0.00032889,0.00034737,0.00051451,0.6752,0.02,0.00047662,1.0,1.0,2.0,1.0,1.0,0.1283,2.0,0.0,0.654,-1.0,0.00012378,0.0,0.0,0.0,0.0,0.0,0.8939,False,False,1.0,1.0,0.0,0.88,False,0.0,bullish,0.0,0.0,0.050003,0.02339,trade,no,False,False,41.0,36.41,,0.192318,0.028848,57.7,2000.0,3.0,3.0,0.7837,-0.285,-0.2213,-0.1204,False,,True,False,-57.7,2026-06-29 23:23:30+00:00,,0.0,,0.6393,0.0,,0.0,0.0,0.0,0.3291,-1.0,0.1971,bullish,bullish,False,False,4.526,1.679,False,False,False,,,28.66,0.0258,,23.0,-2.0,-1.0,66.39,-0.0159,,,,,,,,,,,,,,,,,,,0.1284,1151963.56,0.0,0.004361,-0.026,0.02441,,,,,,,,,,,,,,,,,,,,,,,,,,,,,,,,,,,,,,,,,,,1611.95,0.3218,0.1217,0.1217,marginal,,,,0.5063875313217171,27,2026-W27,0.74,False,1.0075954052984881e-09,0.9992669278252141,0.000733071167190908,1.021317201969436,3.158370268837368,0.702671900721795,3,1,1.0
2026-06-30 00:20:34,2026-06-30 00:00,KXETHD-26JUN2921-T1609.99,2026-06-30T01:00:00Z,1607.41,1609.99,0.1604,0.36,real,0.35321,0.5219,0.00049234,0.00056093,0.0007128,0.7869,0.01,0.00064421,1.0,0.0,1.0,1.0,0.0,-0.0754,2.0,0.0,0.5647,-1.0,0.00013993,0.0,0.0,0.0,0.0,0.0,,False,False,1.0,1.0,6.31,19.77,False,0.0,bullish,0.0,0.0,0.055446,0.02562,trade,no,False,False,41.0,39.36,,0.154016,0.023102,46.2,2000.0,2.0,4.0,0.5561,-0.1477,-0.1061,-0.2133,False,,False,True,25.99,2026-06-30 00:20:34+00:00,,0.0,,0.6043,0.0,,0.0,0.0,0.0,0.0633,1.0,0.635,bullish,bullish,False,False,4.485,1.718,False,False,False,,,28.31,0.139,,0.0,-2.0,-0.968,66.78,0.0104,,,,,,,,,,,,,,,,,,,0.0881,865419.1,0.0,0.003931,-0.02638,0.02152,,,,,,,,,,,,,,,,,,,,,,,,,,,,,,,,,,,,,,,,,,,1594.68,-0.792,-0.9509,0.0,win,,,,0.5580754728582704,27,2026-W27,0.64,False,5.3149557980263875e-09,0.9990751607151066,0.000924833969941062,1.0024354334418204,1.1348189099523598,0.4657464860073454,3,7,1.0
2026-06-30 03:32:10,2026-06-30 03:00,KXETHD-26JUN3000-T1589.99,2026-06-30T04:00:00Z,1588.03,1589.99,0.1237,0.35,real,0.384674,0.5128,0.00045126,0.00043108,0.00060907,0.7078,0.01,0.00054481,1.0,0.0,1.0,1.0,0.0,-0.0796,2.0,0.0,0.5098,-1.0,0.00014419,0.0,0.0,0.0,1.0,1.0,-0.3052,False,False,0.0,1.0,17.84,19.11,False,-1.0,neutral,0.0,0.0,0.045421,0.015594,trade,no,False,False,40.0,27.73,,0.129774,0.019466,38.93,2000.0,-1.0,3.0,0.5333,-0.0126,-0.2357,-0.0383,False,,False,True,20.96,2026-06-30 03:32:10+00:00,,0.0,,0.5869,0.0435,,0.0,0.0,0.0,0.1501,-1.0,0.4077,bullish,bullish,False,False,5.76,0.518,False,False,False,,,22.28,0.05,,3.0,-2.0,-1.0,69.67,0.054,,,,,,,,,,,,,,,,,,,0.1569,662821.57,0.0,0.00385,-0.0061,0.0195,,,,,,,,,,,,,,,,,,,,,,,,,,,,,,,,,,,,,,,,,,,1587.39,-0.0403,-0.1635,0.0,win,,,,0.534808596203089,27,2026-W27,0.65,False,1.1690589202933606e-08,0.9877003791233133,0.012299609186091324,0.9989802003736107,-2.438421920208615,0.37748512093199976,3,7,1.0
2026-06-30 04:30:35,2026-06-30 04:00,KXETHD-26JUN3001-T1589.99,2026-06-30T05:00:00Z,1585.42,1589.99,0.288,0.22,real,0.191428,0.9281,0.000755,0.0006177,0.00068766,0.8983,0.04,0.00068111,1.0,0.0,1.0,2.0,-1.0,-0.2624,2.0,0.0,0.6619,-1.0,9.437e-05,0.0,-1.0,1.0,2.0,2.0,-0.4959,False,False,0.0,0.0,40.22,41.17,False,-1.0,neutral,0.0,0.0,0.055422,0.030798,trade,no,False,False,40.0,29.33,,0.251919,0.037788,75.58,2000.0,0.0,1.0,0.5223,0.0258,0.1931,0.1931,False,,False,True,21.32,2026-06-30 04:30:35+00:00,,0.0,,0.5221,1.0,,0.0,0.0,0.0,0.15,-1.0,0.582,bullish,bullish,False,False,5.934,0.355,False,False,False,,,21.47,0.0417,0.11,4.0,-2.0,-1.0,70.55,-0.3487,,,,,,,,,,,,,,,,,,,-0.0406,1113921.52,0.0,0.003962,-0.00698,0.01866,,,,,,,,,,,,,,,,,,,,,,,,,,,,,,,,,,,,,,,,,,,1587.78,0.1489,-0.139,0.0,win,,,,0.5241191877516734,27,2026-W27,0.78,False,2.1151321185324967e-08,0.9883054083520983,0.011694570496569376,0.9847296424279566,-2.942166990146222,0.37837153349373126,3,7,1.0
2026-06-30 05:09:15,2026-06-30 05:00,KXETHD-26JUN3002-T1589.99,2026-06-30T06:00:00Z,1587.33,1589.99,0.1677,0.32,real,0.290936,0.5365,0.00073564,0.00043054,0.00050331,0.8554,0.01,0.00052233,1.0,0.0,1.0,2.0,-1.0,-0.2339,2.0,0.0,0.5928,-1.0,8.955e-05,0.0,-1.0,1.0,2.0,2.0,-0.4161,False,False,0.0,0.0,57.53,46.85,False,-1.0,neutral,0.0,0.0,0.04017,0.011063,trade,no,False,False,40.0,50.64,,0.125531,0.01883,37.66,2000.0,0.0,0.0,0.5174,-0.0924,0.0731,-0.0447,False,,False,True,17.72,2026-06-30 05:09:15+00:00,,0.0,,0.4944,0.974,,0.0,0.0,0.0,0.4454,-1.0,0.397,bullish,bullish,False,False,5.807,0.474,False,False,False,,,20.57,0.004,0.0,5.0,0.0,1.0,71.07,0.0295,,,,,,,,,,,,,,,,,,,0.2139,1026729.86,0.0,0.003384,-0.00678,0.01995,,,,,,,,,,,,,,,,,,,,,,,,,,,,,,,,,,,,,,,,,,,1591.43,0.2583,0.0906,0.0,win,,,,0.5142742999294821,27,2026-W27,0.6799999999999999,False,2.407439818424435e-08,0.9872322018492271,0.012767774076361602,0.9707225373771691,-2.9381163860151,0.4234519437761164,3,7,1.0
2026-06-30 06:08:48,2026-06-30 06:00,KXETHD-26JUN3003-T1589.99,2026-06-30T07:00:00Z,1587.65,1589.99,0.1476,0.32,real,0.347306,0.627,0.00032004,0.00030343,0.0004413,0.6876,0.01,0.00043311,1.0,-1.0,0.0,1.0,0.0,-0.0169,2.0,0.0,0.5588,-1.0,8.154e-05,0.0,0.0,0.0,1.0,1.0,-0.1918,False,False,-1.0,0.0,73.9,70.61,False,0.0,neutral,0.0,0.0,0.048525,0.019681,trade,no,False,False,40.0,51.08,,0.151642,0.022746,45.49,2000.0,1.0,2.0,0.7636,0.2507,0.0057,0.0,False,,True,False,-45.49,2026-06-30 06:08:48+00:00,,0.0,,0.6241,0.5,,0.0,0.0,0.0,0.8516,1.0,0.2433,bullish,bullish,False,False,5.786,0.494,False,False,False,,,19.75,0.0009,,6.0,0.0,1.0,71.31,0.1038,,,,,,,,,,,,,,,,,,,0.3169,789497.64,0.0,0.003285,-0.00638,0.01975,,,,,,,,,,,,,,,,,,,,,,,,,,,,,,,,,,,,,,,,,,,1593.47,0.3666,0.2189,0.2189,marginal,,,,0.5164303585812197,27,2026-W27,0.6799999999999999,False,2.2276370999670586e-08,0.9888956931183599,0.01110428460528068,0.9595666463516941,-2.7057628613721683,0.45042421172597225,3,7,1.0
2026-06-30 08:16:44,2026-06-30 08:00,KXETHD-26JUN3005-T1589.99,2026-06-30T09:00:00Z,1585.91,1589.99,0.2571,0.27,real,0.211459,1.0747,0.00032716,0.00030719,0.00063763,0.4818,0.02,0.00047839,1.0,-1.0,0.0,0.0,0.0,-0.029,2.0,0.0,0.4709,0.0,3.946e-05,0.0,0.0,0.0,1.0,1.0,-0.3629,False,False,1.0,0.0,24.74,45.77,False,-1.0,neutral,0.0,0.0,0.111559,0.087225,trade,no,False,False,40.0,43.18,,0.413181,0.05,100.0,2000.0,1.0,2.0,0.7636,-0.2932,-0.3145,-0.2306,False,,False,True,36.99,2026-06-30 08:16:44+00:00,,0.0,,0.6439,0.0,,0.0,0.0,0.0,0.7421,-1.0,0.2105,bullish,bullish,False,False,5.901,0.385,False,False,False,,,17.65,0.1761,,8.0,-2.0,-1.0,71.19,-0.0139,,,,,,,,,,,,,,,,,,,0.1598,998633.68,0.0,0.003135,-0.00607,0.01834,,,,,,,,,,,,,,,,,,,,,,,,,,,,,,,,,,,,,,,,,,,1584.15,-0.111,-0.3673,0.0,win,,,,0.5676095338314636,27,2026-W27,0.73,False,1.3029713599178841e-08,0.9903867634948822,0.009613223475408257,0.9359834150796191,-2.846493139243906,0.3337976446751927,3,2,3.0
2026-06-30 09:05:35,2026-06-30 09:00,KXETHD-26JUN3006-T1589.99,2026-06-30T10:00:00Z,1583.8,1589.99,0.3909,0.22,real,0.198541,1.0795,0.00071303,0.00050578,0.00068558,0.7377,0.01,0.00058378,1.0,1.0,2.0,1.0,1.0,0.1225,2.0,0.0,0.4261,-1.0,9.692e-05,0.0,-1.0,1.0,2.0,2.0,-0.442,False,False,0.0,0.0,38.88,26.29,False,-1.0,neutral,0.0,0.0,0.084199,0.060984,trade,no,False,False,40.0,54.31,,0.382725,0.05,100.0,2000.0,0.0,3.0,0.642,-0.0176,0.0587,0.1275,False,,False,True,28.21,2026-06-30 09:05:35+00:00,,0.0,,0.592,1.0,,0.0,0.0,0.0,0.4888,1.0,0.659,bullish,bullish,False,False,6.043,0.252,False,False,False,,,18.3,0.0043,,9.0,-1.0,0.3865,71.75,0.1945,,,,,,,,,,,,,,,,,,,-0.636,1425981.42,0.0,0.003273,-0.00624,0.0197,,,,,,,,,,,,,,,,,,,,,,,,,,,,,,,,,,,,,,,,,,,1583.84,0.0025,-0.3868,0.0,win,,,,0.5706187994486565,27,2026-W27,0.78,False,1.3297794116047454e-08,0.9894315418421543,0.010568444860060046,0.9341763812999586,-2.9580514126529396,0.3284791693047979,3,2,1.0
2026-06-30 23:00:38,2026-06-30 23:00,KXETHD-26JUN3020-T1569.99,2026-07-01T00:00:00Z,1565.62,1569.99,0.2789,0.2,real,0.194472,0.9857,0.00044111,0.00038376,0.00042975,0.893,0.02,0.0004828,-1.0,0.0,1.0,1.0,0.0,0.0793,2.0,0.0,0.6699,-1.0,0.00015918,0.0,0.0,0.0,0.0,0.0,-0.0286,False,False,1.0,1.0,8.55,9.34,False,-1.0,bearish,0.0,0.0,0.046689,0.022603,trade,no,False,False,39.0,59.29,,0.233446,0.035017,70.03,2000.0,-3.0,4.0,0.5492,-0.0472,-0.0115,-0.03,False,,False,True,17.51,2026-06-30 23:00:38+00:00,,0.0,,0.5494,0.0,,0.0,0.0,0.0,1.0,-1.0,0.3491,bullish,bearish,False,False,7.274,,False,False,False,,,24.89,0.0017,,23.0,-2.0,-1.0,71.76,-0.3059,,,,,,,,,,,,,,,,,,,-0.0872,1616861.6,0.0,0.003999,-0.02172,0.01142,,,,,,,,,,,,,,,,,,,,,,,,,,,,,,,,,,,,,,,,,,,1572.09,0.4133,0.1338,0.0,win,,,,0.5270942555052545,27,2026-W27,0.8,False,5.740050837325996e-10,0.0001246441356392877,0.9998753552903639,0.9070228400353529,-0.09625332637364536,0.47028011842404766,3,2,1.0
2026-07-01 12:42:09,2026-07-01 12:00,KXETHD-26JUL0109-T1569.99,2026-07-01T13:00:00Z,1566.82,1569.99,0.2022,0.2,real,0.077648,0.9907,0.0005464,0.00049536,0.00056938,0.87,0.01,0.0005758,1.0,0.0,1.0,1.0,0.0,-0.0702,2.0,0.0,0.7211,-1.0,8.806e-05,0.0,0.0,0.0,1.0,1.0,-1.081,False,False,1.0,1.0,6.86,12.59,True,-1.0,bearish,0.0,0.0,0.074202,0.051504,trade,no,False,False,39.0,17.78,,0.37101,0.05,100.0,2000.0,-2.0,6.0,0.5918,0.0077,-0.1802,0.0402,False,,False,True,25.0,2026-07-01 12:42:09+00:00,,0.0,,0.3334,0.8265,,0.0,0.0,0.0,1.0,1.0,0.6401,bullish,bullish,True,False,7.192,,False,False,True,,,26.91,0.0648,-0.15,12.0,-2.0,-1.0,70.78,0.0221,,,,,,,,,,,,,,,,,,,0.2025,1016378.39,0.0,0.004151,-0.00765,0.01862,,,,,,,,,,,,,,,,,,,,,,,,,,,,,,,,,,,,,,,,,,,1568.97,0.1372,-0.065,0.0,win,,,,0.5277757162334326,27,2026-W27,0.8,False,0.0020776860420675812,0.00010689977113986572,0.9978154141867841,0.9104156863982733,-1.1346163232579045,0.3129155752569013,0,2,1.0
2026-07-02 01:03:07,2026-07-02 01:00,KXETHD-26JUL0122-T1609.99,2026-07-02T02:00:00Z,1603.29,1609.99,0.418,0.21,real,0.25386,0.9806,0.00065553,0.00074213,0.0006863,1.0813,0.01,0.00074258,1.0,0.0,1.0,1.0,0.0,0.0323,2.0,0.0,0.5974,-1.0,9.67e-05,0.0,0.0,0.0,0.0,0.0,0.0398,False,False,1.0,1.0,12.87,9.0,True,0.0,neutral,0.0,0.0,0.039529,0.01463,trade,no,False,False,41.0,56.8,,0.188232,0.028235,56.47,2000.0,1.0,3.0,0.6837,0.0237,-0.0661,0.0424,False,,True,False,-56.47,2026-07-02 01:03:07+00:00,,0.0,,0.6662,0.3191,,0.0,0.0,0.0,0.6202,1.0,0.662,bullish,bullish,False,False,4.753,2.091,False,False,False,,,22.68,0.038,,1.0,0.0,0.9921,66.46,-0.2624,,,,,,,,,,,,,,,,,,,-0.7348,2439175.79,0.0,0.005897,-0.0071,0.00661,,,,,,,,,,,,,,,,,,,,,,,,,,,,,,,,,,,,,,,,,,,1618.95,0.9767,0.5565,0.5565,clear_loss,,,,0.5013652596835059,27,2026-W27,0.79,False,3.6976127838519997e-11,0.9999905123210223,9.487642003878766e-06,0.9685329081429905,0.4261938112749437,0.6693528078569625,4,1,1.0
2026-07-02 13:48:19,2026-07-02 13:00,KXETHD-26JUL0210-T1709.99,2026-07-02T14:00:00Z,1710.24,1709.99,-0.0148,0.5,real,0.770504,-0.0174,0.00221032,0.00264985,,,0.04,0.00188912,0.0,-1.0,0.0,3.0,0.0,-0.0476,2.0,0.0,0.7019,-1.0,5.94e-05,1.0,1.0,-1.0,-2.0,-2.0,3.6375,False,False,-1.0,-1.0,98.36,91.08,False,1.0,bullish,0.0,0.0,0.255504,0.223004,trade,yes,False,False,47.0,11.61,,0.511009,0.05,100.0,2000.0,7.0,-15.0,0.5144,2.3472,0.5206,0.1023,True,,False,False,-100.0,2026-07-02 13:48:19+00:00,,0.0,,0.7652,0.6977,,0.0,0.0,0.0,0.8196,1.0,0.6332,bullish,bullish,False,False,1.123,5.971,False,False,False,,,29.53,0.9491,,13.0,1.0,0.8093,62.81,2.3811,,,,,,,,,,,,,,,,,,,-1.0,5064498.42,0.0,0.001726,-0.00675,0.0074,,,,,,,,,,,,,,,,,,,,,,,,,,,,,,,,,,,,,,,,,,,1709.18,-0.062,-0.0474,0.0474,marginal,,,,0.4603485185847379,27,2026-W27,0.5,False,9.340506758804541e-56,1.0,1.6803776265508433e-52,0.9544476717879378,6.219580938723437,0.9875149649392848,6,4,1.0
2026-07-04 09:25:38,2026-07-04 09:00,KXETHD-26JUL0406-T1759.99,2026-07-04T10:00:00Z,1757.97,1759.99,0.1147,0.24,real,0.204705,0.7156,0.00038348,0.00025461,0.00027718,0.9186,0.04,0.00035994,0.0,-1.0,0.0,3.0,0.0,-0.0146,2.0,0.0,0.7255,-1.0,8.345e-05,0.0,1.0,-1.0,-2.0,-2.0,0.5863,False,False,-1.0,-1.0,100.0,100.0,False,1.0,bullish,0.0,0.0,0.047061,0.021161,trade,no,False,False,42.0,34.28,,0.196088,0.029413,73.53,2500.0,5.0,-6.0,0.5144,0.0,0.0,0.0,False,,False,True,23.22,2026-07-04 09:25:38+00:00,,0.0,,0.312,0.5,,0.0,0.0,0.0,0.0,1.0,0.0586,bullish,bullish,False,False,8.808,6.078,False,False,False,0.7842,0.0,55.77,0.0,,9.0,-1.0,-1.0,61.06,-0.0586,-9900.78,-22411945.22,0.969947,125591672.56,1.10504,0.2843,1431909.16,0.9733,0.0161,1.0,0.0311,0.2373,1700.0,-3.2978,0.6348,-1.21e-05,,,-1.0,11582906.43,0.0,0.000985,-0.01092,0.01936,0.0,0.0178,,20.0,0.275,140.3,-0.000275,ihs,112.0,-1.3996,1.6e-05,0.01695,22.0,,,,,,,,0.001174,0.9098,2.0,,,,2.226477,0.5639,-0.036061,-0.007247,-0.000117,-0.001134,6.0,1.0,1.0,1.0,2.0,1.0,,,,,1757.93,-0.0023,-0.117,0.0,win,,,,0.5247333613762508,27,2026-W27,0.76,False,0.00017858493673876985,0.0016733016042832871,0.9981481134589517,0.8709527479197803,-2.030854954215778,0.6240136489656658,0,1,1.0
2026-07-04 13:02:15,2026-07-04 13:00,KXETHD-26JUL0410-T1759.99,2026-07-04T14:00:00Z,1762.41,1759.99,-0.1375,0.68,real,0.736012,-0.6274,0.00030991,0.00033578,0.00038746,0.8666,0.01,0.00042476,0.0,-1.0,0.0,3.0,-1.0,-0.1019,2.0,0.0,0.7504,0.0,4.244e-05,0.0,1.0,-1.0,-2.0,-2.0,0.6113,False,False,-1.0,-1.0,83.55,83.55,True,1.0,bullish,0.0,0.0,0.056012,0.02578,trade,yes,False,False,42.0,57.67,,0.175037,0.026256,65.64,2500.0,4.0,-8.0,0.5144,0.03,0.0,0.0,False,,True,True,30.89,2026-07-04 13:02:15+00:00,,0.0,,0.5049,0.5,,0.0,0.0,0.0,0.0,1.0,0.1265,bullish,bullish,False,False,8.534,6.314,False,False,True,0.7717,0.0,54.61,0.0,,13.0,1.0,1.0,60.92,0.1678,4180.76,-20547233.35,0.961713,-105202526.68,1.024803,0.7706,1137932.73,0.9693,0.0177,1.0,0.154,0.6782,1700.0,-3.5414,0.5908,-1.2e-05,,,-1.0,5152111.54,0.0,0.002643,-0.0073,0.00746,0.0,0.0176,,20.0,0.4381,280.3,-0.000339,ihs,116.0,-1.3996,1.6e-05,0.01695,22.0,,,,,,,,0.000409,0.8843,2.0,,,,1.970548,0.6316,-0.033412,-0.054239,-0.000163,-0.00093,6.0,1.0,3.0,1.0,2.0,1.0,,,,,1764.17,0.0999,0.2375,0.0,win,,,,0.4963255708220265,27,2026-W27,0.68,False,0.019786279802314552,0.03535699376703879,0.9448567264306407,0.8587455212182462,-1.662087145424323,0.6513650640251243,0,0,3.0
