logged_at,decision_time,contract_ticker,close_ts,spot,strike,offset_pct,p_market,p_market_source,p_yes_model,z_score,vol_60m,vol_60m_model,vol_implied_kalshi,vol_ratio,spread,vol_eff,structure_bias,confirmation_bias,confirmation_score,no_score,obi_score,obi_raw,obi_exchanges,vpin_score,vpin_raw,funding_bias,avg_funding_rate,vol_score,cmf_raw,cmf_score,vwap_score,vwap_signal,vwap_total,vwap_stretch_score,vwap_distance_pct,bearish_rejection,bullish_rejection,ema_stretch_score,stoch_bias,stoch_k,stoch_k_4h,stoch_d,stoch_crossover_active,ema_stack_bias,ema_alignment,z_shift,direction_strength,raw_edge,net_edge,decision,side,neutral_gate,pure_edge_gate,contracts_scanned,tau_minutes,gate_blocked,kelly_fraction,bet_fraction,bet_amount,bankroll,composite_trend,composite_rev,composite_p_up,p_up_v2,chg_30m,chg_10m,chg_5m,bp_5m,bp_1h,chg_1h,chg_2h,chg_3h,body_15m,dir_15m,p_gbdt,sharp_move_active,smc_4h,smc_1h,choch_1h,choch_4h,supply_pct,demand_pct,in_supply_zone,in_demand_zone,stoch_flipped,squeeze_1h,kc_pct_1h,kc_bo_1h,adx_1h,rvol_1h,pm_drift_5m,hour_utc,liq_score,liq_bias,ls_long_pct,oi_chg_pct,cvd_4h,cg_futures_delta_4h,cg_futures_ratio_4h,cg_futures_cvd_12h,cg_spot_cb_ratio_4h,cg_liq_ratio_4h,cg_liq_total_4h,hl_ls_ratio,hl_squeeze_idx,hl_liq_ratio_4h,all_liq_ratio_1h,all_liq_ratio_4h,max_pain_nearest,max_pain_dist_pct,opt_pc_ratio,arima_forecast_1h,markov_regime_daily,markov_regime_7state,ob_imbalance,ob_path_ask_usd,ob_path_bid_usd,ob_ask_frac,ob_bid_wall_pct,ob_ask_wall_pct,hmm_vol_state,hmm_r1_prob,hmm_vol_k10,hmm_time_in_state,ou_z_score,ou_halflife_min,ou_tau_drift,hs_pattern_type,hs_bars_since_break,hs_r2,hs_neck_slope,hs_head_height,hs_head_width,flag_signal,flag_bull_bars_ago,flag_bear_bars_ago,flag_bull_tip_y,flag_bear_tip_y,flag_bull_pole_pct,flag_bear_pole_pct,pip_last_slope,pip_up_frac,pip_n_turns,v_hawk,hawk_vol_regime,pc1_rsi,ou_theta,hurst_exponent,autocorr1_15,autocorr1_30,kalman_velocity,kalman_residual,hmm_ms_state,hmm_ms_prob,hmm_of_state,hmm_of_prob,hmm_vd_state,hmm_vd_prob,hmm_pnl_state,hmm_ps_state,hmm_gd_state,hmm_zdrift_state,resolved_yes,would_win,would_pnl,spot_at_expiry,price_move_pct,miss_pct,loss_margin_pct,loss_category,p_up_v3,pup_v3_hmm_state,eth_p_up_v1,sol_p_up_v1,cg_flow_state,bb_width_5m,logged_at_p,won,be,tedge,ts,dir15,d,week,grp,signed_d
2026-07-02 01:07:23,2026-07-02 01:00,KXBTCD-26JUL0122-T59899.99,2026-07-02T02:00:00Z,59667.4,59899.99,0.3898,0.16,real,0.081059,1.4101,0.00045728,0.0005411,0.00054054,1.001,0.01,0.00056059,0.0,0.0,1.0,2.0,-1.0,-0.1041,2.0,0.0,0.4491,-1.0,6.029e-05,0.0,,0.0,0.0,0.0,1.0,1.0,-0.1069,False,False,1.0,1.0,8.31,,4.92,True,0.0,neutral,0.0,0.0,0.080146,0.060003,trade,no,False,False,108.0,52.38,,0.500914,0.05,100.0,2000.0,1.0,5.0,0.5187,0.5052,0.1033,0.0556,-0.0637,0.5408,0.4066,0.0556,-0.4942,-1.246,0.2333,1.0,0.2493,False,bearish,bullish,False,False,10.229,1.734,False,False,,False,,,27.85,0.0055,,1.0,0.0,0.98,66.14,-0.2722,,,,,,,,,,,,,,,,,,,-1.0,10925981.47,0.0,0.002552,-0.00165,0.00208,,,,,,,,,,,,,,,,,,,,,,,,,,,,,,,,,,,,,,,,,,,1.0,False,-100.0,60150.52,0.8097,0.4182,0.4182,clear_loss,,,,,,,2026-07-02 01:07:23+00:00,False,0.84,-0.84,2026-07-02 01:06:22+00:00,-1.0,-0.21760000000000007,2026-06-27/2026-07-03,AGREE,0.21760000000000007
2026-07-02 09:16:30,2026-07-02 09:00,KXBTCD-26JUL0206-T60499.99,2026-07-02T10:00:00Z,60359.41,60499.99,0.2329,0.2,real,0.181427,1.0227,0.00042938,0.00037313,0.00042007,0.8883,0.01,0.00045484,0.0,-1.0,0.0,1.0,0.0,0.079,2.0,-1.0,1.0,-1.0,6.567e-05,0.0,,0.0,0.0,0.0,0.0,0.0,-0.1582,False,False,0.0,0.0,62.33,,62.39,False,0.0,bullish,0.0,0.0,0.037719,0.013203,trade,no,False,False,120.0,43.3,,0.188595,0.01886,37.72,2000.0,2.0,0.0,0.6111,0.5581,-0.0212,0.0376,0.0503,0.689,0.3711,-0.1205,0.509,0.2072,0.1755,-1.0,0.2673,False,bullish,bullish,False,False,8.966,0.568,False,False,,True,,,26.57,5.7962,-0.17,9.0,-2.0,-0.8261,66.15,0.1585,,,,,,,,,,,,,,,,,,,-1.0,7558486.61,0.0,0.001358,-0.00161,0.00198,,,,,,,,,,,,,,,,,,,,,,,,,,,,,,,,,,,,,,,,,,,1.0,False,-37.72,61132.5,1.2808,1.0455,1.0455,clear_loss,,,,,,,2026-07-02 09:16:30+00:00,False,0.8,-0.8,2026-07-02 09:08:35+00:00,1.0,0.2022,2026-06-27/2026-07-03,DISAGREE,-0.2022
2026-07-02 09:30:46,2026-07-02 09:00,KXBTCD-26JUL0206-T60799.99,2026-07-02T10:00:00Z,60562.01,60799.99,0.393,0.14,real,0.055512,1.5784,0.00050534,0.0004052,0.00067431,0.6009,0.01,0.00054941,0.0,0.0,1.0,2.0,1.0,0.149,2.0,0.0,0.6309,-1.0,6.567e-05,0.0,,0.0,0.0,0.0,0.0,0.0,0.2134,False,False,-1.0,-1.0,100.0,,87.08,False,1.0,bullish,0.0,0.0,0.083346,0.064605,trade,no,False,False,120.0,28.98,,0.59533,0.05,100.0,2000.0,3.0,-2.0,0.4915,0.4905,0.3577,0.3286,0.1428,1.0,0.9706,0.1151,0.7461,0.4436,0.6757,1.0,0.0483,False,bullish,bullish,False,False,8.601,0.901,False,False,,True,,,26.65,5.8129,,9.0,0.0,1.0,66.0,-0.1089,,,,,,,,,,,,,,,,,,,-1.0,9189230.57,0.0,0.001222,-0.00059,0.00277,,,,,,,,,,,,,,,,,,,,,,,,,,,,,,,,,,,,,,,,,,,1.0,False,-100.0,61132.5,0.942,0.5469,0.5469,clear_loss,,,,,,,2026-07-02 09:30:46+00:00,False,0.86,-0.86,2026-07-02 09:23:51+00:00,1.0,0.2062000000000001,2026-06-27/2026-07-03,DISAGREE,-0.2062000000000001
2026-07-02 16:28:10,2026-07-02 16:00,KXBTCD-26JUL0213-T61299.99,2026-07-02T17:00:00Z,61124.59,61299.99,0.287,0.29,real,0.241182,0.7271,0.00092896,0.00123381,0.00092086,1.3398,0.01,0.00092212,0.0,0.0,1.0,3.0,-1.0,-0.1179,2.0,0.0,0.5812,-1.0,6.445e-05,0.0,,0.0,1.0,-1.0,-2.0,0.0,-0.0999,True,False,1.0,1.0,0.0,,27.13,False,0.0,bullish,0.0,0.0,0.0539,0.026275,trade,no,False,False,130.0,31.62,,0.185862,0.018586,37.17,2000.0,3.0,4.0,0.5187,0.5175,-0.6373,-0.5247,-0.432,0.6091,0.0,-0.6033,-0.7375,-1.1832,0.456,1.0,0.6539,True,bullish,bullish,False,False,7.602,1.813,False,False,,False,,,34.74,0.1253,,16.0,-1.0,-1.0,62.19,-0.0152,,,,,,,,,,,,,,,,,,,-1.0,10157798.74,0.0,0.001877,-0.00138,0.00179,,,,,,,,,,,,,,,,,,,,,,,,,,,,,,,,,,,,,,,,,,,1.0,False,-37.17,61680.45,0.9094,0.6207,0.6207,clear_loss,,,,,,,2026-07-02 16:28:10+00:00,False,0.71,-0.71,2026-07-02 16:10:37+00:00,1.0,0.26580000000000004,2026-06-27/2026-07-03,DISAGREE,-0.26580000000000004
2026-07-02 22:53:07,2026-07-02 22:00,KXBTCD-26JUL0219-T61499.99,2026-07-02T23:00:00Z,61431.7,61499.99,0.1112,0.17,real,0.089619,1.4816,0.00020999,0.00027489,0.00045143,0.6089,0.01,0.0004275,1.0,-1.0,0.0,1.0,0.0,0.0882,2.0,0.0,0.7891,-1.0,5.833e-05,0.0,,0.0,0.0,0.0,0.0,0.0,0.0652,False,False,0.0,0.0,41.04,,45.19,False,0.0,bullish,0.0,0.0,0.094421,0.074531,trade,no,False,False,126.0,6.65,,0.555419,0.05,125.0,2500.0,5.0,0.0,0.7278,0.6863,-0.0364,-0.0579,-0.0377,0.5,0.0318,-0.1869,-0.2378,-0.0022,0.8209,-1.0,0.1877,False,bullish,bullish,False,False,7.064,2.304,False,False,,False,,,33.26,0.0228,-0.09,22.0,1.0,1.0,62.56,-0.1009,,,,,,,,,,,,,,,,,,,-0.1906,4404680.08,0.0,0.009212,-0.00162,0.00204,,,,,,,,,,,,,,,,,,,,,,,,,,,,,,,,,,,,,,,,,,,0.0,True,25.6,61422.59,-0.0148,-0.1259,0.0,win,,,,,,,2026-07-02 22:53:07+00:00,True,0.83,0.17000000000000004,2026-07-02 22:50:52+00:00,1.0,0.36879999999999996,2026-06-27/2026-07-03,DISAGREE,-0.36879999999999996
2026-07-02 23:00:54,2026-07-02 23:00,KXBTCD-26JUL0220-T61499.99,2026-07-03T00:00:00Z,61337.25,61499.99,0.2653,0.21,real,0.237355,1.1362,0.00031382,0.00035159,0.0004283,0.8209,0.01,0.00044703,1.0,-1.0,0.0,2.0,0.0,-0.025,2.0,0.0,0.7846,-1.0,5.867e-05,0.0,,0.0,1.0,-1.0,-2.0,0.0,-0.0438,True,False,1.0,0.0,21.81,,41.28,False,0.0,bullish,0.0,0.0,0.050317,0.025924,trade,no,False,False,128.0,58.85,,0.239606,0.023961,59.9,2500.0,5.0,1.0,0.8113,0.6798,-0.1348,-0.0534,-0.1807,0.0,0.0,-0.1693,-0.2134,-0.2643,0.2086,1.0,0.6283,False,bullish,bullish,False,False,7.229,2.154,False,False,,False,,,32.52,0.0006,,23.0,1.0,0.6,62.56,-0.1009,,,,,,,,,,,,,,,,,,,-1.0,10924352.29,0.0,0.004176,-0.00177,0.00184,,,,,,,,,,,,,,,,,,,,,,,,,,,,,,,,,,,,,,,,,,,0.0,True,15.92,61573.15,0.3846,0.119,0.0,win,,,,,,,2026-07-02 23:00:54+00:00,True,0.79,0.20999999999999996,2026-07-02 22:55:56+00:00,1.0,0.254,2026-06-27/2026-07-03,DISAGREE,-0.254
2026-07-03 00:15:43,2026-07-03 00:00,KXBTCD-26JUL0221-T61499.99,2026-07-03T01:00:00Z,61326.39,61499.99,0.2831,0.2,real,0.180674,1.3072,0.00034169,0.00036935,0.00050601,0.7299,0.01,0.00047909,1.0,-1.0,0.0,1.0,0.0,-0.0089,2.0,0.0,0.5477,-1.0,6.3e-05,0.0,,0.0,0.0,0.0,0.0,0.0,,False,False,0.0,0.0,29.24,,45.47,False,0.0,bullish,0.0,0.0,0.08015,0.057766,trade,no,False,False,129.0,44.06,,0.400751,0.040075,100.19,2500.0,5.0,0.0,0.7278,0.6863,-0.0922,-0.0346,0.0281,0.9781,0.2207,-0.2073,-0.1624,-0.2065,0.7793,-1.0,0.4722,False,bullish,bullish,False,False,7.248,2.136,False,False,,False,,,31.34,0.068,,0.0,-1.0,-1.0,62.67,0.0207,,,,,,,,,,,,,,,,,,,-1.0,11379525.76,0.0,0.008144,-0.00182,0.00145,,,,,,,,,,,,,,,,,,,,,,,,,,,,,,,,,,,,,,,,,,,0.0,True,25.05,61318.1,-0.0135,-0.2958,0.0,win,,,,,,,2026-07-03 00:15:43+00:00,True,0.8,0.19999999999999996,2026-07-03 00:02:10+00:00,1.0,0.2962,2026-06-27/2026-07-03,DISAGREE,-0.2962
2026-07-03 00:48:05,2026-07-03 00:00,KXBTCD-26JUL0221-T61399.99,2026-07-03T01:00:00Z,61323.24,61399.99,0.1252,0.21,real,0.201638,0.9853,0.00041855,0.00044512,0.0004533,0.982,0.01,0.00048815,1.0,-1.0,0.0,1.0,0.0,0.0936,2.0,0.0,0.5216,-1.0,6.3e-05,0.0,,0.0,0.0,0.0,0.0,0.0,,False,False,0.0,0.0,42.06,,20.68,True,0.0,bullish,0.0,0.0,0.035224,0.010128,trade,no,False,False,125.0,11.71,,0.167733,0.013755,34.38,2500.0,4.0,0.0,0.6483,0.6405,0.0047,0.0499,0.1184,0.7068,0.2857,-0.326,-0.2811,-0.3252,0.3703,1.0,0.6407,False,bullish,bullish,False,False,7.253,2.131,False,False,,False,,,31.06,0.1392,,0.0,-1.0,-0.9859,62.64,0.062,,,,,,,,,,,,,,,,,,,0.0885,1200975.08,0.0,0.003241,-0.00527,0.01104,,,,,,,,,,,,,,,,,,,,,,,,,,,,,,,,,,,,,,,,,,,0.0,True,9.14,61318.1,-0.0084,-0.1334,0.0,win,,,,,,,2026-07-03 00:48:05+00:00,True,0.79,0.20999999999999996,2026-07-03 00:47:51+00:00,1.0,0.21799999999999997,2026-06-27/2026-07-03,DISAGREE,-0.21799999999999997
2026-07-03 02:13:30,2026-07-03 02:00,KXBTCD-26JUL0223-T61599.99,2026-07-03T03:00:00Z,61451.68,61599.99,0.2413,0.22,real,0.262557,1.0406,0.00048503,0.00047665,0.00045876,1.039,0.01,0.00050061,1.0,-1.0,0.0,1.0,0.0,-0.093,2.0,0.0,0.5155,-1.0,6.3e-05,0.0,,0.0,0.0,0.0,0.0,0.0,0.174,False,False,0.0,0.0,58.38,,74.02,True,0.0,bullish,0.0,0.0,0.03742,0.011972,trade,no,False,False,131.0,46.3,,0.170089,0.017009,42.52,2500.0,5.0,0.0,0.7278,0.6863,-0.2678,-0.0869,-0.0576,1.0,0.102,-0.1032,0.3556,-0.0324,0.6753,-1.0,0.3781,False,bullish,bullish,False,False,7.029,2.336,False,False,,False,,,29.61,0.0219,,2.0,-1.0,-1.0,63.4,-0.052,,,,,,,,,,,,,,,,,,,-1.0,10782184.52,0.0,0.012197,-0.00169,0.00161,,,,,,,,,,,,,,,,,,,,,,,,,,,,,,,,,,,,,,,,,,,0.0,True,11.99,61443.41,-0.0135,-0.2542,0.0,win,,,,,,,2026-07-03 02:13:30+00:00,True,0.78,0.21999999999999997,2026-07-03 02:09:14+00:00,1.0,0.02900000000000008,2026-06-27/2026-07-03,DISAGREE,-0.02900000000000008
2026-07-03 03:00:25,2026-07-03 03:00,KXBTCD-26JUL0300-T61399.99,2026-07-03T04:00:00Z,61331.01,61399.99,0.1125,0.33,real,0.495157,0.4853,0.00051084,0.00044382,0.0003316,1.3384,0.01,0.000442,0.0,-1.0,0.0,2.0,-1.0,-0.1086,2.0,0.0,0.4351,-1.0,6.3e-05,0.0,,0.0,0.0,0.0,0.0,0.0,0.0201,False,False,0.0,0.0,37.79,,31.68,True,-1.0,bullish,0.0,0.0,0.150157,0.11968,trade,yes,False,False,127.0,59.39,,0.224115,0.011206,28.01,2500.0,5.0,0.0,0.7278,0.6865,0.2116,0.141,0.141,0.967,0.5,-0.0157,-0.2562,0.2018,0.752,1.0,0.8443,False,bullish,bullish,False,False,7.24,2.144,False,False,,True,,,28.95,0.0001,,3.0,-1.0,-0.9859,63.51,0.004,,,,,,,,,,,,,,,,,,,-1.0,10043487.19,0.0,0.003264,-0.00179,0.00186,,,,,,,,,,,,,,,,,,,,,,,,,,,,,,,,,,,,,,,,,,,0.0,False,-28.01,61444.55,0.1851,0.0726,0.0726,near_miss,,,,,,,2026-07-03 03:00:25+00:00,False,0.33,-0.33,2026-07-03 02:54:51+00:00,1.0,0.02499999999999994,2026-06-27/2026-07-03,AGREE,0.02499999999999994
2026-07-03 03:06:38,2026-07-03 03:00,KXBTCD-26JUL0300-T61299.99,2026-07-03T04:00:00Z,61350.07,61299.99,-0.0816,0.66,real,0.800017,-0.394,0.0004905,0.0004142,0.00027157,1.5252,0.01,0.00041807,0.0,-1.0,0.0,1.0,0.0,-0.0579,2.0,0.0,0.435,-1.0,6.3e-05,0.0,,0.0,0.0,0.0,0.0,0.0,0.0136,False,False,0.0,0.0,36.91,,31.39,True,-1.0,bullish,0.0,0.0,0.125017,0.094309,trade,yes,False,False,129.0,53.16,,0.367696,0.018385,45.96,2500.0,5.0,0.0,0.7278,0.6865,0.0274,0.1345,-0.0065,0.5,0.0,-0.0222,-0.2627,0.1953,0.752,1.0,0.9048,False,bullish,bullish,False,False,7.206,2.174,False,False,,True,,,28.95,0.0001,,3.0,0.0,0.0,63.63,-0.0145,,,,,,,,,,,,,,,,,,,-1.0,10956590.78,0.0,0.009263,-0.00168,0.00195,,,,,,,,,,,,,,,,,,,,,,,,,,,,,,,,,,,,,,,,,,,1.0,True,23.68,61444.55,0.154,0.2358,0.0,win,,,,,,,2026-07-03 03:06:38+00:00,True,0.66,0.33999999999999997,2026-07-03 03:05:05+00:00,1.0,0.5444,2026-06-27/2026-07-03,AGREE,0.5444
2026-07-03 04:00:56,2026-07-03 04:00,KXBTCD-26JUL0301-T61399.99,2026-07-03T05:00:00Z,61356.69,61399.99,0.0706,0.47,real,0.559735,0.2084,0.00040438,0.00036171,0.0012219,0.296,0.01,0.00064914,-1.0,-1.0,0.0,1.0,0.0,0.0348,2.0,0.0,0.4594,-1.0,6.3e-05,0.0,,0.0,0.0,0.0,0.0,0.0,0.0188,False,False,0.0,0.0,31.57,,33.32,False,-1.0,bullish,0.0,0.0,0.074735,0.042298,trade,yes,False,False,113.0,58.82,,0.141009,0.00705,17.63,2500.0,4.0,0.0,0.6483,0.6404,-0.1638,0.0867,0.1264,1.0,0.5,0.0,-0.0139,-0.2544,0.5439,1.0,0.9041,False,bullish,bullish,False,False,7.195,2.185,False,False,,True,,,28.33,0.0,,4.0,-1.0,-1.0,63.63,0.0379,,,,,,,,,,,,,,,,,,,-1.0,11588677.86,0.0,0.004271,-0.00171,0.00203,,,,,,,,,,,,,,,,,,,,,,,,,,,,,,,,,,,,,,,,,,,0.0,False,-17.63,61443.41,0.1413,0.0707,0.0707,near_miss,,,,,,,2026-07-03 04:00:56+00:00,False,0.47,-0.47,2026-07-03 03:55:51+00:00,1.0,0.3428,2026-06-27/2026-07-03,AGREE,0.3428
2026-07-03 04:59:55,2026-07-03 04:00,KXBTCD-26JUL0302-T61299.99,2026-07-03T06:00:00Z,61369.15,61299.99,-0.1127,0.66,real,0.806201,-0.5021,0.00041272,0.00036397,0.00035332,1.0301,0.01,0.00042684,-1.0,0.0,1.0,1.0,1.0,0.1027,2.0,0.0,0.4327,-1.0,0.0001,0.0,,0.0,0.0,0.0,0.0,0.0,0.0405,False,False,0.0,0.0,40.65,,40.59,False,-1.0,bullish,0.0,0.0,0.131201,0.100493,trade,yes,False,False,94.0,59.88,,0.385884,0.019294,48.24,2500.0,4.0,0.0,0.6483,0.6404,0.0446,0.1236,0.0773,0.5054,0.567,0.0159,0.002,-0.2385,0.2919,-1.0,0.9423,False,bullish,bullish,False,False,7.173,2.204,False,False,,True,,,28.33,0.268,,4.0,1.0,0.7297,63.82,0.0659,,,,,,,,,,,,,,,,,,,-1.0,10871578.69,0.0,0.004231,-0.00192,0.0017,,,,,,,,,,,,,,,,,,,,,,,,,,,,,,,,,,,,,,,,,,,1.0,True,24.85,61688.74,0.5208,0.6342,0.0,win,,,,,,,2026-07-03 04:59:55+00:00,True,0.66,0.33999999999999997,2026-07-03 04:56:52+00:00,1.0,0.06939999999999995,2026-06-27/2026-07-03,AGREE,0.06939999999999995
2026-07-03 05:07:56,2026-07-03 05:00,KXBTCD-26JUL0302-T61599.99,2026-07-03T06:00:00Z,61459.42,61599.99,0.2287,0.22,real,0.23826,1.0589,0.00041609,0.00035386,0.00041091,0.8612,0.01,0.00044066,-1.0,0.0,1.0,1.0,1.0,0.1233,2.0,0.0,0.3836,-1.0,0.0001,0.0,,0.0,0.0,0.0,-1.0,-1.0,0.1761,False,False,-1.0,0.0,65.44,85.02,48.86,False,0.0,bullish,0.0,0.0,0.047218,0.022213,trade,no,False,False,115.0,51.84,,0.214629,0.021463,53.66,2500.0,4.0,0.0,0.6483,0.6399,0.0288,0.064,0.0577,0.9282,0.8011,0.1396,0.1554,0.1416,0.2919,-1.0,0.4362,False,bullish,bullish,False,False,7.015,2.348,False,False,,True,0.5596,0.0,27.89,0.0841,,5.0,1.0,0.7297,63.79,-0.048,46667.38,998336.65,1.000892,-64383602.88,0.79452,4.6745,3298198.16,0.9277,-0.0072,0.0,0.1347,1.4484,61000.0,-0.7475,0.7141,-3.6e-05,Bull,Consolidation,-1.0,11731746.57,0.0,0.011337,-0.00195,0.00168,0.0,0.0178,0.1503,16.0,-0.352,261.0,0.000337,,,,,,,,,,,,,,0.001044,0.6816,3.0,1.047395,mid,-3.978231,4.140809,0.8087,0.060796,0.051267,0.000531,0.000372,0.0,1.0,0.0,1.0,3.0,1.0,0.0,4.0,1.0,,1.0,False,-53.66,61688.74,0.3731,0.1441,0.1441,marginal,,,,,,,2026-07-03 05:07:56+00:00,False,0.78,-0.78,2026-07-03 05:07:05+00:00,1.0,0.17640000000000006,2026-06-27/2026-07-03,DISAGREE,-0.17640000000000006
2026-07-03 06:06:24,2026-07-03 06:00,KXBTCD-26JUL0303-T61899.99,2026-07-03T07:00:00Z,61758.43,61899.99,0.2292,0.21,real,0.143527,0.9886,0.00036082,0.000311,0.00038862,0.8003,0.01,0.00041708,-1.0,-1.0,0.0,3.0,0.0,0.042,2.0,0.0,0.4174,-1.0,0.0001,0.0,,0.0,1.0,-1.0,-2.0,-2.0,0.5989,False,False,-1.0,-1.0,96.43,91.28,87.35,True,1.0,bullish,0.0,0.0,0.054699,0.030517,trade,no,False,False,118.0,53.37,,0.260474,0.026047,65.12,2500.0,6.0,-8.0,0.4588,0.4695,0.1122,0.1824,0.1538,1.0,0.8597,0.1739,0.5876,0.6036,0.2571,1.0,0.3244,False,bullish,bullish,False,False,6.497,2.821,False,False,,True,0.7811,0.0,28.76,0.0105,,6.0,1.0,1.0,63.86,-0.008,35153.26,998336.65,1.000892,-64383602.88,0.79452,4.6745,3298198.16,0.9301,-0.0149,1.0,0.002,1.4852,61000.0,-1.2281,0.7142,-3.58e-05,Bull,Consolidation,-1.0,18175583.55,0.0,0.003828,-0.00183,0.00145,0.0,0.02,0.1511,19.0,0.1853,171.5,-0.000257,,,,,,,,,,,,,,-0.000116,0.7811,3.0,1.045747,mid,-13.816705,4.426319,0.7665,0.150812,0.048202,0.000544,-0.000742,0.0,1.0,0.0,1.0,3.0,1.0,0.0,4.0,1.0,,0.0,True,17.31,61710.91,-0.0769,-0.3055,0.0,win,,,,,,,2026-07-03 06:06:24+00:00,True,0.79,0.20999999999999996,2026-07-03 05:55:54+00:00,1.0,0.12620000000000006,2026-06-27/2026-07-03,DISAGREE,-0.12620000000000006
2026-07-03 06:19:25,2026-07-03 06:00,KXBTCD-26JUL0303-T61799.99,2026-07-03T07:00:00Z,61693.8,61799.99,0.1721,0.24,real,0.186027,0.8709,0.00034064,0.0002924,0.00038318,0.7631,0.01,0.00040889,-1.0,-1.0,0.0,3.0,0.0,0.0193,2.0,0.0,0.3782,-1.0,0.0001,0.0,,0.0,1.0,-1.0,-2.0,-2.0,0.5536,False,False,-1.0,-1.0,91.14,90.69,87.53,False,0.0,bullish,0.0,0.0,0.050063,0.024293,trade,no,False,False,118.0,40.38,,0.208595,0.02086,52.15,2500.0,6.0,-6.0,0.5524,0.49,0.1402,-0.0565,0.0273,0.0,0.6607,0.1317,0.5452,0.5612,0.4486,1.0,0.4167,False,bullish,bullish,False,False,6.609,2.719,False,False,,True,0.7562,0.0,28.76,0.0154,-0.08,6.0,1.0,1.0,63.86,0.0683,35202.8,998336.65,1.000892,-64383602.88,0.79452,4.6745,3298198.16,0.9287,-0.0095,1.0,0.0018,1.0379,61000.0,-1.1246,0.7142,-3.58e-05,Bull,Consolidation,-1.0,18575862.17,0.0,0.003936,-0.00174,0.00156,0.0,0.0136,0.1488,19.0,0.0558,169.8,-6e-05,,,,,,,,,,,,,,-0.000141,0.7769,3.0,1.045747,mid,-13.761832,4.518956,0.79,0.14845,0.047188,0.000406,-0.000857,0.0,1.0,0.0,1.0,3.0,1.0,0.0,3.0,1.0,4.0,0.0,True,16.47,61710.91,0.0277,-0.1441,0.0,win,,,,,,,2026-07-03 06:19:25+00:00,True,0.76,0.24,2026-07-03 06:16:10+00:00,1.0,0.2098,2026-06-27/2026-07-03,DISAGREE,-0.2098
2026-07-03 07:09:13,2026-07-03 07:00,KXBTCD-26JUL0304-T61799.99,2026-07-03T08:00:00Z,61680.67,61799.99,0.1934,0.26,real,0.207345,0.8412,0.00034826,0.00030068,0.00042249,0.7117,0.01,0.00042512,-1.0,-1.0,0.0,3.0,0.0,-0.0198,2.0,0.0,0.697,-1.0,0.0001,0.0,,0.0,1.0,-1.0,-2.0,-2.0,0.5102,False,False,-1.0,-1.0,87.86,90.36,79.33,False,1.0,bullish,0.0,0.0,0.057498,0.031193,trade,no,False,False,119.0,50.55,,0.221145,0.022114,55.29,2500.0,5.0,-5.0,0.5701,0.5103,0.2574,0.0634,0.1293,0.2435,1.0,0.0634,0.1084,0.5219,0.3879,1.0,0.3547,False,bullish,bullish,False,False,6.632,2.698,False,False,,True,0.7189,0.0,28.96,0.0044,,7.0,1.0,1.0,63.66,0.0172,32333.04,998336.65,1.000892,-64383602.88,0.79452,4.6745,3298198.16,0.9291,-0.0141,1.0,0.0096,0.09,61000.0,-1.1035,0.7213,-3.58e-05,Bull,Consolidation,-1.0,15913174.69,0.0,0.007437,-0.00174,0.00153,0.0,0.0137,0.1489,19.0,0.1603,83.5,-0.000339,,,,,,,,,,,,,,-0.000146,0.8219,3.0,1.039719,low,-14.632257,4.567078,0.7746,0.100919,0.046819,-0.000218,-0.000282,0.0,1.0,0.0,1.0,3.0,1.0,0.0,3.0,1.0,,0.0,True,19.43,61766.84,0.1397,-0.0536,0.0,win,,,,,,,2026-07-03 07:09:13+00:00,True,0.74,0.26,2026-07-03 07:06:58+00:00,1.0,0.3144,2026-06-27/2026-07-03,DISAGREE,-0.3144
2026-07-03 08:05:26,2026-07-03 08:00,KXBTCD-26JUL0305-T61799.99,2026-07-03T09:00:00Z,61685.52,61799.99,0.1856,0.26,real,0.297017,0.9054,0.0003375,0.00028559,0.00039099,0.7304,0.01,0.00040855,-1.0,-1.0,0.0,1.0,0.0,0.0495,2.0,0.0,0.6019,-1.0,7.967e-05,1.0,,0.0,0.0,0.0,0.0,0.0,0.1049,False,False,0.0,0.0,68.46,89.41,77.18,True,1.0,bullish,0.0,0.0,0.042682,0.015775,trade,no,False,False,118.0,54.33,,0.16416,0.016416,41.04,2500.0,4.0,0.0,0.6483,0.6358,-0.0172,0.0,0.0365,0.4586,0.4586,0.0448,0.0867,0.1317,0.1969,-1.0,0.2713,False,bullish,bullish,False,False,6.623,2.706,False,False,,True,0.7001,0.0,29.89,0.0031,,8.0,0.0,0.0,63.65,0.1368,415531.56,998336.65,1.000892,-64383602.88,0.79452,4.6745,3298198.16,0.9224,-0.0146,1.0,0.0004,0.0042,61000.0,-1.1113,0.723,-3.58e-05,Bull,Consolidation,-1.0,18658347.46,0.0,0.004126,-0.00178,0.00186,0.0,0.0146,0.1492,19.0,0.3027,47.7,-0.00072,,,,,,,,,,,,,,-0.000126,0.8236,3.0,1.03563,low,-15.713251,4.313469,0.605,0.03311,0.043616,-0.000297,-5e-06,0.0,1.0,0.0,1.0,3.0,1.0,0.0,3.0,1.0,,0.0,True,14.42,61554.45,-0.2125,-0.3973,0.0,win,,,,,,,2026-07-03 08:05:26+00:00,True,0.74,0.26,2026-07-03 08:02:50+00:00,1.0,0.289,2026-06-27/2026-07-03,DISAGREE,-0.289
2026-07-03 09:09:56,2026-07-03 09:00,KXBTCD-26JUL0306-T61699.99,2026-07-03T10:00:00Z,61545.26,61699.99,0.2514,0.21,real,0.232978,1.1743,0.00044038,0.00034904,0.00044111,0.7913,0.01,0.00044546,-1.0,-1.0,0.0,1.0,0.0,0.0054,2.0,0.0,0.5591,-1.0,8.267e-05,0.0,,0.0,0.0,0.0,0.0,0.0,-0.1335,False,False,1.0,0.0,21.12,85.66,33.32,False,0.0,bullish,0.0,0.0,0.057533,0.033487,trade,no,False,False,115.0,49.82,,0.273966,0.027397,68.49,2500.0,4.0,0.0,0.6483,0.6358,-0.1628,0.1456,0.0449,1.0,1.0,0.1106,-0.1904,-0.1487,1.0,-1.0,0.2643,False,bullish,bullish,False,False,6.866,2.484,False,False,,True,0.5521,0.0,29.31,0.0016,,9.0,-1.0,-1.0,63.56,-0.1416,433572.2,11141657.08,1.010506,-30914733.25,0.911849,0.0014,1071105.21,0.9201,-0.0186,1.0,0.5918,0.2393,60000.0,-2.5108,1.3412,-3.59e-05,Bull,Consolidation,-1.0,3425627.62,0.0,0.011115,-0.00561,0.00739,0.0,0.1828,0.2083,19.0,-0.2649,47.4,0.000363,,,,,,,,,,,,,,-0.000238,0.7906,3.0,1.03366,low,19.128572,4.766388,0.6535,0.146695,0.040559,7.5e-05,0.001261,0.0,1.0,0.0,1.0,3.0,1.0,0.0,1.0,1.0,,0.0,True,18.21,61746.13,0.3264,0.0748,0.0,win,,,,,,,2026-07-03 09:09:56+00:00,True,0.79,0.20999999999999996,2026-07-03 09:08:50+00:00,1.0,0.14920000000000005,2026-06-27/2026-07-03,DISAGREE,-0.14920000000000005
2026-07-03 10:17:07,2026-07-03 10:00,KXBTCD-26JUL0307-T61799.99,2026-07-03T11:00:00Z,61608.22,61799.99,0.3113,0.15,real,0.093857,1.7194,0.00021553,0.00022441,0.0004591,0.4888,0.01,0.00040695,0.0,-1.0,0.0,1.0,0.0,0.047,2.0,0.0,0.4949,-1.0,7.533e-05,0.0,,0.0,0.0,0.0,0.0,0.0,-0.0381,False,False,0.0,0.0,34.99,87.18,41.79,False,0.0,bullish,0.0,0.0,0.093564,0.074837,trade,no,False,False,116.0,42.66,,0.623762,0.05,125.0,2500.0,4.0,0.0,0.6483,0.6358,-0.0734,-0.0244,-0.0705,0.9763,0.0,-0.07,0.2061,-0.0952,0.0,1.0,0.1003,False,bullish,bullish,False,False,6.757,2.584,False,False,,True,0.589,0.0,29.29,0.0297,0.0,10.0,1.0,1.0,63.64,0.036,433748.58,11141657.08,1.010506,-30914733.25,0.911849,0.0014,1071105.21,0.9263,-0.0229,1.0,0.2934,0.4643,60000.0,-2.6104,1.3274,-3.59e-05,Bull,Consolidation,-1.0,10881940.19,0.0,0.010504,-0.00153,0.00207,0.0,0.0159,0.1496,19.0,0.0163,36.1,-2.2e-05,,,,,,,,,,,,,,-0.000181,0.8012,3.0,1.027255,low,17.766318,4.428227,0.7871,0.069519,0.033148,-0.000158,-0.000649,0.0,1.0,0.0,1.0,3.0,1.0,0.0,4.0,1.0,4.0,1.0,False,-125.0,61875.86,0.4344,0.1228,0.1228,marginal,,,,,,,2026-07-03 10:17:07+00:00,False,0.85,-0.85,2026-07-03 10:09:43+00:00,1.0,0.22579999999999997,2026-06-27/2026-07-03,DISAGREE,-0.22579999999999997
2026-07-03 11:02:20,2026-07-03 11:00,KXBTCD-26JUL0308-T61999.99,2026-07-03T12:00:00Z,61824.31,61999.99,0.2842,0.22,real,0.20206,1.2097,0.0004125,0.00033137,0.00048479,0.6835,0.02,0.00045507,-1.0,-1.0,0.0,1.0,0.0,0.0596,2.0,0.0,0.0209,-1.0,7.767e-05,1.0,,0.0,0.0,0.0,0.0,0.0,0.1655,False,False,-1.0,0.0,65.01,91.65,76.68,False,1.0,bullish,0.0,0.0,0.080944,0.057563,trade,no,False,False,119.0,57.46,,0.367927,0.036793,91.98,2500.0,5.0,-2.0,0.6188,0.6112,0.2179,-0.1396,-0.0987,0.0,0.4808,-0.0698,0.2101,0.4871,1.0,-1.0,0.0377,False,bullish,bullish,False,False,6.384,2.924,False,False,,True,0.7075,0.0,30.55,0.0006,,11.0,1.0,0.997,63.87,0.057,227625.98,11141657.08,1.010506,-30914733.25,0.911849,0.0014,1071105.21,0.9194,-0.0128,0.3174,0.0467,0.102,60000.0,-2.9508,1.3556,-3.58e-05,Bull,Consolidation,-1.0,18041846.93,0.0,0.003906,-0.0003,0.00173,0.0,0.0503,0.1617,19.0,1.1578,44.7,-0.001753,,,,,,,,,,,,,,-4.5e-05,0.8422,3.0,1.024834,low,8.922439,4.27918,0.7294,0.022632,0.035111,-0.000388,-0.00114,0.0,1.0,0.0,1.0,3.0,1.0,0.0,3.0,1.0,,0.0,True,25.94,62031.64,0.3354,0.051,0.0,win,,,,,,,2026-07-03 11:02:20+00:00,True,0.78,0.21999999999999997,2026-07-03 10:55:24+00:00,1.0,0.32340000000000013,2026-06-27/2026-07-03,DISAGREE,-0.32340000000000013
2026-07-03 11:07:54,2026-07-03 11:00,KXBTCD-26JUL0308-T62099.99,2026-07-03T12:00:00Z,61918.25,62099.99,0.2935,0.2,real,0.108685,1.1838,0.00043691,0.00033509,0.0004834,0.6932,0.01,0.00045219,-1.0,0.0,1.0,2.0,1.0,0.1267,2.0,0.0,0.0,-1.0,7.667e-05,1.0,,0.0,0.0,0.0,-1.0,-1.0,0.3481,False,False,-1.0,-1.0,87.86,94.57,84.29,False,1.0,bullish,0.0,0.0,0.085006,0.062882,trade,no,False,False,120.0,51.9,,0.425031,0.042503,106.26,2500.0,6.0,-6.0,0.5524,0.4843,0.2526,0.0836,0.1126,0.9984,0.963,0.1126,0.393,0.6705,1.0,-1.0,0.0281,False,bullish,bullish,False,False,6.222,3.072,False,False,,True,0.8123,0.0,30.55,0.0099,,11.0,1.0,0.7935,63.74,0.125,226951.53,11141657.08,1.010506,-30914733.25,0.911849,0.0014,1071105.21,0.9194,-0.0128,0.3174,0.0467,0.102,60000.0,-3.098,1.3556,-3.57e-05,Bull,Consolidation,-1.0,18313157.07,0.0,0.00514,-0.00161,0.00132,0.0,0.0551,0.1634,19.0,1.5815,53.6,-0.002094,,,,,,,,,,,,,,3.7e-05,0.8547,2.0,1.027365,low,-6.422402,4.470447,0.6275,0.033106,0.037675,0.000215,-0.000644,0.0,1.0,0.0,1.0,3.0,1.0,0.0,4.0,1.0,,0.0,True,26.57,62031.64,0.1831,-0.1101,0.0,win,,,,,,,2026-07-03 11:07:54+00:00,True,0.8,0.19999999999999996,2026-07-03 11:05:33+00:00,1.0,0.2673999999999999,2026-06-27/2026-07-03,DISAGREE,-0.2673999999999999
2026-07-03 12:01:01,2026-07-03 12:00,KXBTCD-26JUL0309-T62099.99,2026-07-03T13:00:00Z,61981.31,62099.99,0.1915,0.26,real,0.209074,0.7561,0.00040541,0.00036215,0.00038785,0.9337,0.02,0.00043423,0.0,-1.0,0.0,2.0,0.0,0.011,2.0,0.0,0.0684,-1.0,7.01e-05,1.0,,0.0,0.0,0.0,-1.0,-1.0,0.3465,False,False,-1.0,-1.0,89.32,95.67,83.34,False,1.0,bullish,0.0,0.0,0.040516,0.013524,trade,no,False,False,121.0,58.77,,0.155829,0.015583,38.96,2500.0,6.0,-6.0,0.5524,0.4843,0.0642,-0.0277,-0.0009,0.0,1.0,-0.0009,0.1818,0.4624,0.6768,1.0,0.1129,False,bullish,bullish,False,False,6.114,3.17,False,False,,True,0.8174,0.0,31.45,0.0009,,12.0,1.0,1.0,63.53,0.0233,67729.69,11141657.08,1.010506,-30914733.25,0.911849,0.0014,1071105.21,0.9252,-0.0153,0.1027,0.02,0.0942,60500.0,-2.3899,1.3336,-3.56e-05,Bull,Consolidation,-1.0,20385421.27,0.0,0.00284,-0.00162,0.00144,0.0,0.0171,0.1501,19.0,1.6273,86.8,-0.001787,,,,,,,,,,,,,,6.6e-05,0.8046,2.0,1.019876,low,-6.522711,4.44189,0.6124,-0.018754,0.042098,-0.000459,-0.000742,0.0,1.0,0.0,1.0,3.0,1.0,0.0,3.0,1.0,,0.0,True,13.69,61980.23,-0.0017,-0.1929,0.0,win,,,,,,,2026-07-03 12:01:01+00:00,True,0.74,0.26,2026-07-03 11:46:08+00:00,1.0,0.3326,2026-06-27/2026-07-03,DISAGREE,-0.3326
2026-07-03 12:07:24,2026-07-03 12:00,KXBTCD-26JUL0309-T62299.99,2026-07-03T13:00:00Z,62074.08,62299.99,0.3639,0.19,real,0.095598,1.2838,0.00045208,0.00042653,0.00057185,0.7459,0.01,0.00051455,0.0,-1.0,0.0,3.0,0.0,0.0128,2.0,0.0,0.1617,-1.0,6.745e-05,1.0,,0.0,1.0,-1.0,-2.0,-2.0,0.5415,False,False,-1.0,-1.0,99.76,97.7,86.83,False,1.0,bullish,0.0,0.0,0.091738,0.070535,trade,no,False,False,122.0,52.36,,0.482831,0.048283,120.71,2500.0,6.0,-9.0,0.465,0.4928,0.3532,0.1937,0.0683,1.0,0.6888,0.1253,0.3082,0.5892,0.6768,1.0,0.0188,False,bullish,bullish,False,False,5.956,3.315,False,False,,True,0.9214,0.0,31.6,0.0014,,12.0,1.0,1.0,63.45,0.2309,68190.18,11141657.08,1.010506,-30914733.25,0.911849,0.0014,1071105.21,0.9252,-0.0153,0.1027,0.02,0.0942,60500.0,-2.5358,1.3336,-3.56e-05,Bull,Consolidation,-1.0,18099233.26,0.0,0.002621,-0.00015,0.00136,0.0,0.0286,0.1541,19.0,1.9644,103.0,-0.001778,,,,,,,,,,,,,,0.000121,0.8072,2.0,1.022893,low,-7.578574,4.365145,0.5625,-0.015585,0.042908,-4.2e-05,-0.000399,0.0,1.0,0.0,1.0,3.0,1.0,0.0,4.0,1.0,,0.0,True,28.31,61980.23,-0.1512,-0.5133,0.0,win,,,,,,,2026-07-03 12:07:24+00:00,True,0.81,0.18999999999999995,2026-07-03 12:06:24+00:00,1.0,0.1778,2026-06-27/2026-07-03,DISAGREE,-0.1778
2026-07-03 13:25:38,2026-07-03 13:00,KXBTCD-26JUL0310-T62099.99,2026-07-03T14:00:00Z,61965.4,62099.99,0.2172,0.26,real,0.288629,0.8705,0.00030541,0.00039879,0.00057702,0.6911,0.01,0.00050768,0.0,-1.0,0.0,1.0,0.0,0.0614,2.0,-1.0,0.8348,-1.0,5.207e-05,0.0,,0.0,0.0,0.0,-1.0,-1.0,0.3407,False,False,0.0,0.0,71.26,95.84,69.86,False,1.0,bullish,0.0,0.0,0.038195,0.011112,trade,no,False,False,120.0,34.16,,0.146904,0.01469,36.73,2500.0,6.0,-2.0,0.6188,0.6112,0.0777,-0.0434,-0.0083,1.0,0.6403,0.1217,0.0092,0.1919,0.7789,1.0,0.0504,False,bullish,bullish,False,False,6.142,3.145,False,False,,True,0.7672,0.0,32.54,0.3446,0.0,13.0,1.0,0.9184,62.88,-0.1399,126223.07,140229219.95,1.112203,177567957.13,0.998878,0.0347,5461745.69,0.919,-0.0149,0.0,0.5612,0.0497,60500.0,-2.3649,1.2784,-3.56e-05,Bull,Consolidation,-1.0,15938102.32,0.0,0.005058,-0.00181,0.00152,0.0,0.0165,0.1499,18.0,1.5759,121.1,-0.000863,,,,,,,,,,,,,,6.7e-05,0.8063,2.0,1.019041,low,4.688619,5.67032,0.5854,0.042523,0.031839,-0.00011,0.000575,0.0,1.0,2.0,1.0,3.0,1.0,0.0,4.0,1.0,2.0,0.0,True,12.91,62005.59,0.0649,-0.152,0.0,win,,,,,,,2026-07-03 13:25:38+00:00,True,0.74,0.26,2026-07-03 13:22:37+00:00,1.0,0.36139999999999994,2026-06-27/2026-07-03,DISAGREE,-0.36139999999999994
2026-07-04 01:02:06,2026-07-04 01:00,KXBTCD-26JUL0322-T62499.99,2026-07-04T02:00:00Z,62597.1,62499.99,-0.1551,0.68,real,0.88929,-0.4965,0.00055226,0.00048154,0.00043706,1.1018,0.01,0.00049009,1.0,1.0,2.0,0.0,0.0,0.013,2.0,0.0,0.766,1.0,-6.476e-05,1.0,,0.0,-1.0,1.0,2.0,2.0,-0.2286,False,False,1.0,0.0,31.71,91.17,47.84,False,0.0,bullish,0.0,0.0,0.22429,0.194058,trade,yes,False,False,126.0,57.68,,0.700906,0.035045,87.61,2500.0,6.0,0.0,0.7278,0.7114,-0.201,-0.1819,-0.1755,0.7176,0.0,-0.1847,0.0843,0.0979,0.5362,1.0,0.5523,False,bullish,bullish,False,False,5.07,4.123,False,False,,False,0.6861,0.0,43.5,0.0044,,1.0,1.0,1.0,60.42,-0.0673,-54334.71,393884184.67,1.19839,487641945.71,1.136821,0.0192,18182262.25,0.9285,0.0296,0.0,0.1218,0.1679,61000.0,-2.5514,1.1789,-3.52e-05,Bull,Consolidation,-1.0,10204920.08,0.0,0.002142,-0.00238,0.00116,0.0,0.0267,0.1534,19.0,-4.1595,2174.7,0.000518,,,,,,,,,,,,,,0.000322,0.8065,2.0,0.994532,low,40.021563,3.553937,0.5692,-0.28751,-0.022685,-0.000899,-0.000959,0.0,1.0,5.0,1.0,3.0,1.0,0.0,4.0,1.0,,0.0,False,-87.61,62485.13,-0.1789,-0.0238,0.0238,near_miss,,,,,,,2026-07-04 01:02:06+00:00,False,0.68,-0.68,2026-07-04 01:01:07+00:00,1.0,0.4806,2026-07-04/2026-07-10,AGREE,0.4806
2026-07-04 02:01:00,2026-07-04 02:00,KXBTCD-26JUL0323-T62499.99,2026-07-04T03:00:00Z,62426.28,62499.99,0.1181,0.36,real,0.390864,0.4867,0.00053031,0.00043773,0.00042935,1.0195,0.01,0.00046506,1.0,1.0,2.0,0.0,0.0,-0.0016,2.0,0.0,0.0015,1.0,-5.639e-05,-1.0,,0.0,0.0,0.0,0.0,0.0,-0.1572,False,False,1.0,1.0,10.17,85.97,8.76,True,0.0,bullish,0.0,0.0,0.045864,0.014736,trade,yes,False,False,123.0,58.79,,0.071662,0.003583,8.96,2500.0,5.0,2.0,0.8308,0.5659,-0.0793,0.0591,0.0585,0.9149,0.5,0.0062,-0.4634,-0.1952,0.5829,1.0,0.6781,False,bullish,bullish,False,False,5.358,3.86,False,False,,False,0.5103,0.0,42.88,0.0003,,2.0,-1.0,-1.0,60.21,0.0227,143435.58,393884184.67,1.19839,487641945.71,1.136821,0.0192,18182262.25,0.9264,0.0231,1.0,23.3079,0.9914,61000.0,-2.2847,1.1794,-3.53e-05,Bull,Consolidation,-1.0,10542625.18,0.0,0.002088,-0.00195,0.0016,0.0,0.0154,0.1495,19.0,-0.4729,510.6,0.000242,,,,,,,,,,,,,,0.000238,0.7764,2.0,0.99049,low,47.503313,3.533662,0.597,-0.26463,-0.030455,3.5e-05,0.001086,0.0,1.0,5.0,1.0,3.0,1.0,0.0,4.0,1.0,,0.0,False,-8.96,62538.96,0.1805,0.0624,0.0624,near_miss,,,,,,,2026-07-04 02:01:00+00:00,False,0.36,-0.36,2026-07-04 01:57:05+00:00,-1.0,-0.03819999999999998,2026-07-04/2026-07-10,DISAGREE,-0.03819999999999998
2026-07-04 04:18:37,2026-07-04 04:00,KXBTCD-26JUL0401-T62599.99,2026-07-04T05:00:00Z,62541.49,62599.99,0.0935,0.35,real,0.519812,0.5372,0.00035424,0.0003008,0.00037825,0.7952,0.01,0.000399,1.0,-1.0,0.0,0.0,0.0,-0.0441,2.0,-1.0,0.8001,0.0,-3.225e-05,0.0,,0.0,0.0,0.0,0.0,0.0,0.0899,False,False,0.0,0.0,55.28,89.93,60.88,False,0.0,bullish,0.0,0.0,0.169812,0.138887,trade,yes,False,False,111.0,41.14,,0.26125,0.010225,25.57,2500.0,5.0,0.0,0.7278,0.7114,-0.1264,-0.0869,-0.1263,0.6861,0.0,-0.056,0.1268,0.2193,0.714,1.0,0.3772,False,bullish,bullish,False,False,5.164,4.038,False,False,,False,0.6154,0.0,44.47,0.0047,,4.0,1.0,1.0,60.07,0.0586,-1539.04,393884184.67,1.19839,487641945.71,1.136821,0.0192,18182262.25,0.9251,0.029,1.0,0.0008,1.2637,61000.0,-2.4648,1.1804,-3.52e-05,Bull,Consolidation,-1.0,11885591.78,0.0,0.002511,-0.00151,0.00173,0.0,0.0184,0.1505,17.0,-0.1827,360.8,8.8e-05,,,,,,,,,,,,,,0.000748,0.6667,3.0,0.981934,low,27.588058,5.278461,0.5892,-0.292902,0.0343,-0.000186,-0.000608,0.0,1.0,5.0,1.0,3.0,1.0,0.0,4.0,1.0,,1.0,True,47.49,62649.03,0.1719,0.0783,0.0,win,,,,,,,2026-07-04 04:18:37+00:00,True,0.35,0.65,2026-07-04 04:09:16+00:00,1.0,0.2154,2026-07-04/2026-07-10,AGREE,0.2154
2026-07-04 05:02:57,2026-07-04 05:00,KXBTCD-26JUL0402-T62599.99,2026-07-04T06:00:00Z,62563.38,62599.99,0.0585,0.41,real,0.654358,0.3144,0.00030218,0.00023731,0.000341,0.6959,0.01,0.00036291,1.0,-1.0,0.0,0.0,0.0,-0.0145,2.0,0.0,0.792,0.0,-3.378e-05,0.0,,0.0,0.0,0.0,0.0,0.0,0.1131,False,False,0.0,0.0,66.18,90.53,73.52,True,0.0,bullish,0.0,0.0,0.244358,0.212425,trade,yes,False,False,111.0,56.84,,0.414167,0.020701,51.75,2500.0,5.0,0.0,0.7278,0.7114,-0.1317,-0.0801,-0.0801,0.0,0.0,-0.0801,-0.024,0.159,0.4827,-1.0,0.3988,False,bullish,bullish,False,False,5.127,4.071,False,False,,False,0.6188,0.0,45.1,0.002,,5.0,1.0,0.9887,60.03,-0.0022,-206339.05,61156459.3,1.058719,459880979.4,0.844477,0.7109,1872665.77,0.9218,0.0253,0.0,0.1371,0.7983,61000.0,-2.4989,1.1834,-3.52e-05,Bull,Consolidation,-1.0,12073979.77,0.0,0.002288,-0.00179,0.00145,0.0,0.0129,0.1486,19.0,-0.3998,510.3,0.00018,,,,,,,,,,,,,,0.000734,0.7077,3.0,0.974399,low,32.704789,3.083208,0.5456,-0.303553,0.040915,-0.000572,-0.000373,0.0,1.0,5.0,1.0,3.0,1.0,0.0,4.0,1.0,,0.0,False,-51.75,62473.88,-0.1431,-0.2015,0.2015,marginal,,,,,,,2026-07-04 05:02:57+00:00,False,0.41,-0.41,2026-07-04 04:54:58+00:00,1.0,0.22919999999999988,2026-07-04/2026-07-10,AGREE,0.22919999999999988
2026-07-04 05:08:41,2026-07-04 05:00,KXBTCD-26JUL0402-T62499.99,2026-07-04T06:00:00Z,62545.81,62499.99,-0.0733,0.68,real,0.871389,-0.4596,0.0002971,0.00022794,0.00021934,1.0392,0.01,0.00032826,1.0,-1.0,0.0,0.0,0.0,0.0023,2.0,0.0,0.7886,0.0,-3.448e-05,0.0,,0.0,0.0,0.0,0.0,0.0,0.0694,False,False,0.0,0.0,57.15,90.25,70.51,True,0.0,bullish,0.0,0.0,0.191389,0.161157,trade,yes,False,False,110.0,51.04,,0.598089,0.029904,74.76,2500.0,5.0,0.0,0.7278,0.7114,-0.1379,-0.1237,-0.0437,0.0107,0.0241,-0.095,-0.0389,0.144,0.4827,-1.0,0.708,False,bullish,bullish,False,False,5.157,4.044,False,False,,False,0.5855,0.0,45.1,0.002,,5.0,1.0,0.8529,60.05,-0.0022,-206200.64,61156459.3,1.058719,459880979.4,0.844477,0.7109,1872665.77,0.9218,0.0253,0.0,0.1371,0.7983,61000.0,-2.4715,1.1834,-3.52e-05,Bull,Consolidation,-1.0,11863401.87,0.0,0.00253,-0.0017,0.00187,0.0,0.0138,0.1489,19.0,-0.4114,501.3,0.00017,,,,,,,,,,,,,,0.000729,0.7071,3.0,0.974676,low,34.820902,3.084971,0.549,-0.30316,0.040925,-0.000634,-0.000401,0.0,1.0,5.0,1.0,3.0,1.0,0.0,4.0,1.0,,0.0,False,-74.76,62473.88,-0.115,-0.0418,0.0418,near_miss,,,,,,,2026-07-04 05:08:41+00:00,False,0.68,-0.68,2026-07-04 05:05:08+00:00,1.0,0.2964000000000001,2026-07-04/2026-07-10,AGREE,0.2964000000000001
2026-07-04 07:04:09,2026-07-04 07:00,KXBTCD-26JUL0404-T62399.99,2026-07-04T08:00:00Z,62433.06,62399.99,-0.053,0.63,real,0.77457,-0.3329,0.00025617,0.00018545,0.00021413,0.866,0.01,0.00031392,1.0,-1.0,0.0,0.0,0.0,0.0167,2.0,0.0,0.649,0.0,-1.569e-05,0.0,,0.0,0.0,0.0,0.0,0.0,-0.1126,False,False,0.0,0.0,37.28,86.58,37.59,False,0.0,bullish,0.0,0.0,0.14457,0.113253,trade,yes,False,False,108.0,55.59,,0.390728,0.019536,48.84,2500.0,4.0,0.0,0.6483,0.6358,0.0177,-0.0236,-0.0236,0.5,0.5,-0.0023,0.0542,-0.2917,0.5972,1.0,0.8446,False,bullish,bullish,False,False,5.347,3.871,False,False,,False,0.4628,0.0,42.23,0.0006,,7.0,1.0,1.0,59.89,0.0114,19402.85,61156459.3,1.058719,459880979.4,0.844477,0.7109,1872665.77,0.9121,0.0285,0.0,4.6127,0.8349,61000.0,-2.2954,1.1826,-3.53e-05,Bull,Consolidation,-1.0,10423689.56,0.0,0.00204,-0.00179,0.00145,0.0,0.013,0.1486,19.0,-0.2598,301.5,0.000173,,,,,,,,,,,,,,-0.000341,0.7823,3.0,0.9637,low,36.473658,3.311953,0.6461,-0.177513,0.040501,0.000326,-9e-06,0.0,1.0,5.0,1.0,3.0,1.0,0.0,4.0,1.0,,1.0,True,28.68,62596.76,0.2622,0.3153,0.0,win,,,,,,,2026-07-04 07:04:09+00:00,True,0.63,0.37,2026-07-04 07:01:53+00:00,1.0,0.3978000000000001,2026-07-04/2026-07-10,AGREE,0.3978000000000001
2026-07-04 07:10:45,2026-07-04 07:00,KXBTCD-26JUL0404-T62499.99,2026-07-04T08:00:00Z,62478.35,62499.99,0.0346,0.47,real,0.588352,0.1719,0.00025361,0.0001837,0.0006571,0.2796,0.01,0.00042323,1.0,-1.0,0.0,0.0,0.0,0.0977,2.0,0.0,0.6839,0.0,-1.513e-05,0.0,,0.0,0.0,0.0,0.0,0.0,-0.0611,False,False,0.0,0.0,45.4,86.25,40.3,False,0.0,bullish,0.0,0.0,0.118352,0.085915,trade,yes,False,False,108.0,49.01,,0.223306,0.011165,27.91,2500.0,4.0,0.0,0.6483,0.6358,0.0897,0.0349,0.0399,0.6343,0.2591,-0.0199,0.0366,-0.3093,0.5972,1.0,0.7635,False,bullish,bullish,False,False,5.27,3.941,False,False,,False,0.5035,0.0,42.23,0.0021,,7.0,0.0,0.4884,59.89,0.0114,18987.89,61156459.3,1.058719,459880979.4,0.844477,0.7109,1872665.77,0.9121,0.0285,0.0,4.6127,0.8349,61000.0,-2.3662,1.1826,-3.53e-05,Bull,Consolidation,-1.0,10097517.53,0.0,0.002038,-0.00188,0.00173,0.0,0.0129,0.1486,19.0,-0.1142,299.3,6.8e-05,,,,,,,,,,,,,,-0.000357,0.7801,3.0,0.964076,low,38.868539,3.313389,0.6491,-0.177457,0.040517,0.000252,-4.1e-05,0.0,1.0,5.0,1.0,3.0,1.0,0.0,4.0,1.0,,1.0,True,31.47,62596.76,0.1895,0.1548,0.0,win,,,,,,,2026-07-04 07:10:45+00:00,True,0.47,0.53,2026-07-04 07:06:58+00:00,1.0,0.3012000000000001,2026-07-04/2026-07-10,AGREE,0.3012000000000001
2026-07-04 08:02:25,2026-07-04 08:00,KXBTCD-26JUL0405-T62399.99,2026-07-04T09:00:00Z,62494.54,62399.99,-0.1513,0.75,real,0.903615,-0.8604,0.00022643,0.00019304,0.00029642,0.6512,0.01,0.00034174,1.0,0.0,1.0,0.0,0.0,0.0454,2.0,0.0,0.6845,1.0,-6.72e-05,0.0,,0.0,0.0,0.0,0.0,0.0,0.0082,False,False,0.0,0.0,56.32,86.29,53.1,False,0.0,bullish,0.0,0.0,0.168615,0.14049,trade,yes,False,False,109.0,57.35,,0.67446,0.033723,84.31,2500.0,4.0,0.0,0.6483,0.6358,0.0012,-0.0393,-0.024,0.0,0.0,-0.024,0.097,0.1536,0.8302,1.0,0.9618,False,bullish,bullish,False,False,5.243,3.965,False,False,,True,0.547,0.0,41.84,0.0014,,8.0,-1.0,-1.0,59.84,-0.0774,15032.21,61156459.3,1.058719,459880979.4,0.844477,0.7109,1872665.77,0.9156,0.0294,0.0,0.1701,1.5572,61000.0,-2.3915,1.1767,-3.52e-05,Bull,Consolidation,-1.0,3413221.11,0.0,0.002672,-0.00504,0.01609,0.0,0.0137,0.1489,19.0,-0.127,200.0,0.000123,,,,,,,,,,,,,,-0.00023,0.8042,3.0,0.957876,low,21.157091,1.784326,0.5976,-0.194922,0.033562,-3.9e-05,-0.000369,0.0,1.0,5.0,1.0,3.0,1.0,0.0,4.0,1.0,,1.0,True,28.1,62567.77,0.1172,0.2689,0.0,win,,,,,,,2026-07-04 08:02:25+00:00,True,0.75,0.25,2026-07-04 07:57:54+00:00,-1.0,-0.04100000000000012,2026-07-04/2026-07-10,DISAGREE,-0.04100000000000012
2026-07-04 08:08:45,2026-07-04 08:00,KXBTCD-26JUL0405-T62499.99,2026-07-04T09:00:00Z,62479.58,62499.99,0.0327,0.49,real,0.581894,0.1054,0.00023627,0.00019157,0.00182421,0.105,0.01,0.00063778,1.0,-1.0,0.0,0.0,0.0,-0.0304,2.0,0.0,0.731,0.0,-2.616e-05,0.0,,0.0,0.0,0.0,0.0,0.0,-0.0459,False,False,0.0,0.0,47.78,85.1,50.26,False,0.0,bullish,0.0,0.0,0.091894,0.059401,trade,yes,False,False,109.0,51.03,,0.180184,0.009009,22.52,2500.0,3.0,0.0,0.6686,0.6029,0.0644,-0.0781,-0.0541,0.0,0.0,-0.0781,0.0429,0.0994,0.8302,1.0,0.7516,False,bullish,bullish,False,False,5.268,3.942,False,False,,True,0.5015,0.0,41.84,0.002,,8.0,-1.0,-1.0,59.86,-0.0774,15029.71,61156459.3,1.058719,459880979.4,0.844477,0.7109,1872665.77,0.9161,0.0295,0.0,0.122,1.5574,61000.0,-2.3681,1.1767,-3.52e-05,Bull,Consolidation,-1.0,3745251.44,0.0,0.002673,-0.00527,0.01633,0.0,0.0149,0.1493,19.0,-0.1382,196.0,0.000122,,,,,,,,,,,,,,-0.000275,0.7976,3.0,0.958733,low,30.647558,1.779443,0.5829,-0.195899,0.033234,-0.000268,-0.000465,0.0,1.0,5.0,1.0,3.0,1.0,0.0,3.0,1.0,,1.0,True,23.44,62567.77,0.1412,0.1084,0.0,win,,,,,,,2026-07-04 08:08:45+00:00,True,0.49,0.51,2026-07-04 08:08:04+00:00,1.0,0.20239999999999994,2026-07-04/2026-07-10,AGREE,0.20239999999999994
2026-07-04 09:04:36,2026-07-04 09:00,KXBTCD-26JUL0406-T62399.99,2026-07-04T10:00:00Z,62440.96,62399.99,-0.0656,0.6,real,0.739728,-0.3161,0.00022196,0.00021035,0.00034874,0.6032,0.01,0.00036775,0.0,-1.0,0.0,1.0,0.0,-0.0683,2.0,0.0,0.5769,0.0,-4.802e-05,0.0,,0.0,0.0,0.0,0.0,0.0,-0.0865,False,False,0.0,-1.0,55.47,84.22,76.31,True,0.0,bullish,0.0,0.0,0.139728,0.107928,trade,yes,False,False,109.0,55.19,,0.349321,0.017466,43.67,2500.0,3.0,0.0,0.6686,0.6029,-0.1122,-0.209,-0.163,0.0,0.0,-0.163,-0.118,0.003,0.5227,1.0,0.861,False,bullish,bullish,False,False,5.333,3.883,False,False,,True,0.4477,0.0,41.23,0.0129,,9.0,0.0,0.0,59.84,0.1096,-3093.5,-123633922.09,0.84471,278669924.97,0.984181,1.2656,1220674.67,0.9144,0.0289,1.0,0.0121,3.0234,62000.0,-0.7062,2.4963,-3.53e-05,Bull,Consolidation,-1.0,3452698.95,0.0,0.002581,-0.00466,0.01696,0.0,0.0188,0.1507,19.0,-0.2458,181.1,0.000225,,,,,,,,,,,,,,-0.000285,0.7711,3.0,0.951883,low,40.691078,1.413301,0.6395,-0.190915,0.112212,-0.000921,-0.00038,0.0,1.0,5.0,1.0,3.0,1.0,0.0,4.0,1.0,,1.0,True,29.11,62497.41,0.0904,0.1561,0.0,win,,,,,,,2026-07-04 09:04:36+00:00,True,0.6,0.4,2026-07-04 09:04:07+00:00,1.0,0.26259999999999994,2026-07-04/2026-07-10,AGREE,0.26259999999999994
2026-07-04 09:10:33,2026-07-04 09:00,KXBTCD-26JUL0406-T62499.99,2026-07-04T10:00:00Z,62462.34,62499.99,0.0603,0.39,real,0.502718,0.3015,0.00034733,0.00031058,0.00030749,1.0101,0.02,0.00037477,0.0,0.0,1.0,1.0,0.0,-0.0008,2.0,0.0,0.5573,1.0,-5.477e-05,0.0,,0.0,0.0,0.0,0.0,0.0,-0.0844,False,False,0.0,-1.0,55.91,84.27,76.45,True,0.0,bullish,0.0,0.0,0.127718,0.096065,trade,yes,False,False,108.0,49.23,,0.209373,0.010469,26.17,2500.0,3.0,0.0,0.6686,0.6029,-0.1825,-0.0919,0.0464,0.6501,0.4563,-0.1609,-0.1159,0.0051,0.5227,1.0,0.7724,False,bullish,bullish,False,False,5.297,3.916,False,False,,True,0.4511,0.0,40.91,0.0174,,9.0,1.0,0.7048,59.91,-0.1465,-2935.38,-123633922.09,0.84471,278669924.97,0.984181,1.2656,1220674.67,0.9123,0.0283,1.0,0.0293,2.9669,62000.0,-0.7402,2.4963,-3.53e-05,Bull,Consolidation,-1.0,3391947.31,0.0,0.002076,-0.005,0.01661,0.0,0.0187,0.1506,19.0,-0.1758,181.2,0.000145,,,,,,,,,,,,,,-0.000283,0.7714,3.0,0.953175,low,40.55979,1.413291,0.6383,-0.190979,0.112217,-0.000912,-0.000377,0.0,1.0,5.0,1.0,3.0,1.0,0.0,4.0,1.0,,0.0,False,-26.17,62497.41,0.0561,-0.0041,0.0041,near_miss,,,,,,,2026-07-04 09:10:33+00:00,False,0.39,-0.39,2026-07-04 09:09:12+00:00,1.0,0.26839999999999997,2026-07-04/2026-07-10,AGREE,0.26839999999999997
2026-07-04 13:23:58,2026-07-04 13:00,KXBTCD-26JUL0410-T62699.99,2026-07-04T14:00:00Z,62608.91,62699.99,0.1455,0.26,real,0.209641,0.807,0.00035691,0.0004078,0.00037755,1.0801,0.01,0.00044259,0.0,-1.0,0.0,0.0,0.0,0.0324,2.0,1.0,1.0,0.0,1.549e-05,0.0,,0.0,0.0,0.0,-1.0,-1.0,0.1583,False,False,-1.0,0.0,70.6,90.06,79.2,True,0.0,bullish,0.0,0.0,0.05024,0.023637,trade,no,False,False,110.0,35.82,,0.19323,0.019323,48.31,2500.0,4.0,-1.0,0.5,0.4998,0.1264,0.1021,0.0345,1.0,0.4538,0.0044,0.2724,0.2109,0.9798,-1.0,0.2573,False,bullish,bullish,False,False,5.051,4.141,False,False,,True,0.6918,0.0,38.66,0.5451,,13.0,1.0,1.0,60.11,-0.0156,-59788.66,8286524.9,1.015561,-100639631.44,0.982815,0.816,242417.25,0.9131,0.0365,1.0,0.0044,0.2184,62000.0,-0.9726,2.4736,-3.51e-05,Bull,Consolidation,-1.0,10098695.8,0.0,0.002558,-0.00177,0.00177,0.0,0.0155,0.1495,19.0,0.2255,143.4,-0.000132,,,,,,,,,,,,,,-6.1e-05,0.8266,2.0,0.927374,low,-5.119212,1.392137,0.6663,-0.212839,0.014887,-0.000273,-0.000494,0.0,1.0,5.0,1.0,3.0,1.0,0.0,4.0,1.0,,0.0,True,16.97,62599.68,-0.0147,-0.16,0.0,win,,,,,,,2026-07-04 13:23:58+00:00,True,0.74,0.26,2026-07-04 13:23:18+00:00,1.0,0.10180000000000008,2026-07-04/2026-07-10,DISAGREE,-0.10180000000000008
2026-07-04 18:05:57,2026-07-04 18:00,KXBTCD-26JUL0415-T63399.99,2026-07-04T19:00:00Z,63210.57,63399.99,0.2997,0.22,real,0.211607,0.985,0.00050883,0.0005593,0.00052831,1.0587,0.01,0.00054498,0.0,-1.0,0.0,2.0,-1.0,-0.1129,2.0,0.0,0.5224,0.0,-7.94e-06,1.0,,0.0,1.0,-1.0,-2.0,-2.0,0.5571,False,False,-1.0,0.0,79.38,91.83,85.62,True,1.0,bullish,0.0,0.0,0.04215,0.016914,trade,no,False,False,117.0,53.8,,0.191589,0.019159,47.9,2500.0,5.0,-7.0,0.5926,0.5598,0.2207,-0.1669,0.0424,0.0,0.0004,-0.0934,0.5098,0.486,0.5253,1.0,0.042,False,bullish,bullish,False,False,4.051,5.053,False,False,,False,1.0495,1.0,44.02,0.0092,,18.0,-1.0,-1.0,60.52,-0.2023,358675.35,296797369.01,1.271737,162112091.79,1.295859,0.0132,6619245.86,0.8958,0.0911,0.0005,0.1746,0.1488,62000.0,-1.9151,2.2966,-3.47e-05,Bull,Consolidation,-1.0,17354317.91,0.0,0.011273,-0.00066,0.00257,0.0,0.0256,0.153,19.0,1.5814,171.7,-0.001194,,,,,,,,,,,,,,0.001656,0.7863,3.0,0.917325,low,15.618919,1.255555,0.5853,-0.241429,-0.109977,-0.001651,-0.001177,0.0,1.0,5.0,1.0,3.0,1.0,0.0,4.0,1.0,,0.0,True,13.51,63173.19,-0.0591,-0.3577,0.0,win,,,,,,,2026-07-04 18:05:57+00:00,True,0.78,0.21999999999999997,2026-07-04 18:04:11+00:00,1.0,0.37999999999999995,2026-07-04/2026-07-10,DISAGREE,-0.37999999999999995
2026-07-04 22:10:48,2026-07-04 22:00,KXBTCD-26JUL0419-T63099.99,2026-07-04T23:00:00Z,63179.97,63099.99,-0.1266,0.75,real,0.847973,-0.635,0.00034081,0.00031552,0.00026838,1.1757,0.01,0.00037505,0.0,-1.0,0.0,0.0,0.0,0.0426,2.0,0.0,0.4356,0.0,3.639e-05,0.0,,0.0,0.0,0.0,-1.0,-1.0,0.218,False,False,1.0,0.0,35.29,92.32,50.65,False,0.0,bullish,0.0,0.0,0.097973,0.069848,trade,yes,False,False,116.0,48.97,,0.391894,0.018557,46.4,2500.0,5.0,-2.0,0.6188,0.6112,-0.2282,-0.1342,-0.0534,1.0,0.1324,-0.0702,0.0614,-0.0491,0.438,1.0,0.7839,False,bullish,bullish,False,False,4.101,5.007,False,False,,False,0.709,0.0,49.77,0.0049,,22.0,0.0,-0.3481,59.88,-0.0283,-201070.49,0.0,1.0,0.0,1.0,1.0,0.0,0.9051,0.0483,0.0,0.0711,0.0825,,,,-3.47e-05,Bull,Consolidation,-1.0,16781865.78,0.0,0.005928,-0.00168,0.00149,0.0,0.0189,0.1507,18.0,-1.9816,1468.4,0.000214,,,,,,,,,,,,,,0.001116,0.893,2.0,0.906431,low,34.389136,1.116354,0.5999,-0.294425,-0.293161,-0.000558,-0.000268,0.0,1.0,5.0,1.0,3.0,1.0,0.0,4.0,1.0,,1.0,True,15.47,63197.91,0.0284,0.1552,0.0,win,0.4398,,,,,,2026-07-04 22:10:48+00:00,True,0.75,0.25,2026-07-04 22:10:06+00:00,1.0,0.34619999999999995,2026-07-04/2026-07-10,AGREE,0.34619999999999995
2026-07-04 22:18:38,2026-07-04 22:00,KXBTCD-26JUL0419-T63199.99,2026-07-04T23:00:00Z,63248.56,63199.99,-0.0768,0.67,real,0.784014,-0.4267,0.00030059,0.0002929,0.00027218,1.0761,0.01,0.0003692,0.0,-1.0,0.0,0.0,0.0,-0.0041,2.0,0.0,0.543,0.0,3.724e-05,0.0,,0.0,0.0,0.0,-1.0,-1.0,0.2501,False,False,0.0,0.0,42.08,91.55,47.59,False,0.0,bullish,0.0,0.0,0.114014,0.083537,trade,yes,False,False,116.0,41.17,,0.345496,0.017275,43.19,2500.0,5.0,-2.0,0.6188,0.6112,-0.0683,-0.0174,0.0,0.3534,0.2418,-0.0983,0.0333,-0.0772,0.8052,-1.0,0.5831,False,bullish,bullish,False,False,3.988,5.11,False,False,,False,0.7354,0.0,49.77,0.0053,,22.0,0.0,-0.4365,59.88,0.0217,-210568.08,0.0,1.0,0.0,1.0,1.0,0.0,0.9051,0.0483,0.0,0.0711,0.0825,,,,-3.47e-05,Bull,Consolidation,-1.0,17058095.43,0.0,0.00572,-0.00173,0.00154,0.0,0.0143,0.1491,19.0,-1.1338,1228.8,0.000122,,,,,,,,,,,,,,0.00109,0.8921,2.0,0.907217,low,38.030645,1.114503,0.5908,-0.294742,-0.293401,-0.000687,-0.000308,0.0,1.0,5.0,1.0,3.0,1.0,0.0,4.0,1.0,,0.0,False,-43.19,63197.91,-0.0801,-0.0033,0.0033,near_miss,0.4398,,,,,,2026-07-04 22:18:38+00:00,False,0.67,-0.67,2026-07-04 22:10:06+00:00,1.0,0.34619999999999995,2026-07-04/2026-07-10,AGREE,0.34619999999999995
2026-07-05 04:00:44,2026-07-05 03:00,KXBTCD-26JUL0501-T62599.99,2026-07-05T05:00:00Z,62676.21,62599.99,-0.1216,0.74,real,0.497786,-0.5807,0.00019013,0.00020035,0.00024626,0.8136,0.01,0.00032481,0.0,0.0,1.0,0.0,1.0,0.1336,2.0,0.0,0.3339,0.0,4.614e-05,0.0,,0.0,0.0,0.0,1.0,1.0,-0.3351,False,False,0.0,0.0,34.47,69.01,31.76,False,0.0,neutral,0.0,0.0,0.090023,0.059098,trade,no,False,False,101.0,58.99,,0.121653,0.012165,30.41,2500.0,-3.0,0.0,0.375,0.3532,0.1456,0.0425,0.0058,0.5,0.9806,0.1244,-0.1487,-0.3347,0.8655,1.0,0.7853,False,bullish,bullish,False,False,4.938,4.244,False,False,,False,0.278,0.0,40.93,0.1079,,4.0,-1.0,-0.9286,59.28,0.096,217097.32,-17250883.65,0.977573,277049831.3,1.134701,7.1107,1592303.17,0.9236,0.0283,1.0,4.2289,28.5208,62000.0,-1.0789,2.3277,-3.5e-05,Bull,Consolidation,-1.0,10343419.53,0.0,0.005338,-0.00161,0.00163,0.0,0.0129,0.1486,19.0,-0.7713,468.6,0.000294,,,,,,,,,,,,,,-0.00144,0.7311,3.0,0.892535,quiet,22.686204,1.658196,0.3559,-0.253728,-0.268831,0.001603,0.000597,0.0,1.0,5.0,1.0,3.0,1.0,0.0,4.0,1.0,,1.0,False,-30.41,62820.5,0.2302,0.3523,0.3523,clear_loss,0.5122,,,,,,2026-07-05 04:00:44+00:00,False,0.26,-0.26,2026-07-05 03:57:58+00:00,0.0,0.004999999999999921,2026-07-04/2026-07-10,NEUTRAL,-0.004999999999999921
2026-07-05 07:57:28,2026-07-05 07:00,KXBTCD-26JUL0504-T62999.99,2026-07-05T08:00:00Z,62966.13,62999.99,0.0538,0.24,real,0.128645,1.1105,0.00025872,0.00021157,0.00050097,0.4223,0.01,0.00041921,1.0,-1.0,0.0,1.0,0.0,0.0085,2.0,0.0,0.4477,0.0,3.953e-05,0.0,,0.0,0.0,0.0,0.0,0.0,0.049,False,False,-1.0,-1.0,100.0,79.56,76.08,False,0.0,neutral,0.0,0.0,0.108197,0.085187,trade,no,False,False,100.0,2.31,,0.45082,0.045082,112.7,2500.0,0.0,-6.0,0.3571,0.4712,0.3345,0.1522,0.0491,0.9956,1.0,0.3481,0.396,0.2768,0.8988,1.0,0.3933,False,bullish,bullish,False,False,4.455,4.685,False,False,,True,0.6644,0.0,36.05,0.1866,,7.0,1.0,1.0,59.63,-0.0365,34516.36,-272901136.54,0.778991,-48937795.34,0.705988,25.5429,2952649.73,0.9135,0.0539,1.0,0.0464,0.1205,62000.0,-1.5344,2.4188,-3.49e-05,Bull,Consolidation,-0.1197,59112.4,0.0,0.013709,-0.00167,0.00193,0.0,0.0206,0.1513,19.0,-0.2035,327.3,4e-06,,,,,,,,,,,,,,-0.000324,0.7971,3.0,0.878562,quiet,-19.454481,1.634094,0.3806,-0.173275,-0.24239,0.001653,0.000407,0.0,1.0,5.0,1.0,3.0,1.0,0.0,3.0,1.0,,0.0,True,35.59,63042.82,0.1218,0.068,0.0,win,0.5011,,,,,,2026-07-05 07:57:28+00:00,True,0.76,0.24,2026-07-05 07:57:01+00:00,-1.0,-0.04100000000000012,2026-07-04/2026-07-10,AGREE,0.04100000000000012
2026-07-05 08:06:05,2026-07-05 08:00,KXBTCD-26JUL0505-T62999.99,2026-07-05T09:00:00Z,62933.79,62999.99,0.1052,0.32,real,0.227906,0.5655,0.00029532,0.00025257,0.00030676,0.8234,0.02,0.00037308,1.0,-1.0,0.0,2.0,0.0,0.0811,2.0,0.0,0.4921,-1.0,5.601e-05,0.0,,0.0,0.0,0.0,0.0,0.0,0.0315,False,False,-1.0,-1.0,78.4,78.31,87.73,True,0.0,neutral,0.0,0.0,0.054212,0.025552,trade,no,False,False,103.0,53.7,,0.169413,0.016941,42.35,2500.0,0.0,-1.0,0.4264,0.4509,0.2706,0.01,-0.1418,0.0146,0.0,-0.0723,0.3319,0.3799,0.9841,1.0,0.5008,False,bullish,bullish,False,False,4.508,4.636,False,False,,True,0.6215,0.0,35.85,0.2241,,8.0,1.0,1.0,59.63,0.0967,40718.2,-272901136.54,0.778991,-48937795.34,0.705988,25.5429,2952649.73,0.9135,0.0539,1.0,0.0464,0.1205,62000.0,-1.4838,2.4188,-3.49e-05,Bull,Consolidation,-1.0,11984146.71,0.0,0.013406,-0.00165,0.00163,0.0,0.0191,0.1507,19.0,-0.3055,294.7,0.00015,,,,,,,,,,,,,,-0.000313,0.7909,3.0,0.873042,quiet,-4.669202,1.706136,0.4761,-0.195888,-0.243937,-0.00097,-0.000843,0.0,1.0,0.0,1.0,3.0,1.0,0.0,4.0,1.0,,0.0,True,19.93,62923.52,-0.0163,-0.1214,0.0,win,0.4482,,,,,,2026-07-05 08:06:05+00:00,True,0.6799999999999999,0.32000000000000006,2026-07-05 08:02:07+00:00,1.0,0.371,2026-07-04/2026-07-10,DISAGREE,-0.371
2026-07-05 09:09:52,2026-07-05 09:00,KXBTCD-26JUL0506-T62899.99,2026-07-05T10:00:00Z,62834.32,62899.99,0.1045,0.33,real,0.245682,0.6167,0.00020799,0.00018029,0.00033619,0.5363,0.01,0.00035265,1.0,-1.0,0.0,0.0,0.0,-0.0299,2.0,0.0,0.4701,0.0,1.032e-05,0.0,,0.0,0.0,0.0,0.0,0.0,-0.1475,False,False,0.0,0.0,50.97,72.91,59.2,False,0.0,bullish,0.0,0.0,0.069087,0.040589,trade,no,False,False,102.0,49.88,,0.209355,0.020935,52.34,2500.0,0.0,0.0,0.492,0.4797,-0.0991,-0.0633,-0.0318,0.0,0.0,-0.0633,-0.2525,0.151,0.4419,-1.0,0.6739,False,bullish,bullish,False,False,4.674,4.485,False,False,,True,0.4656,0.0,35.85,0.2381,0.05,9.0,-1.0,-1.0,59.59,0.0454,20127.69,180645273.61,1.268682,-123776836.96,1.109397,0.0652,1150279.1,0.9077,0.0276,1.0,0.0663,0.1494,61500.0,-2.1236,2.1575,-3.49e-05,Bull,Consolidation,-1.0,7853073.56,0.0,0.018194,-0.00162,0.00166,0.0,0.0137,0.1489,19.0,-0.6378,222.1,0.00037,,,,,,,,,,,,,,-0.000579,0.7477,3.0,0.867645,quiet,15.294984,1.578607,0.5153,-0.216567,-0.248323,-0.000689,0.000241,0.0,1.0,5.0,1.0,3.0,1.0,0.0,3.0,1.0,2.0,0.0,True,25.78,62586.93,-0.3937,-0.4977,0.0,win,0.5262,,,,,,2026-07-05 09:09:52+00:00,True,0.6699999999999999,0.33000000000000007,2026-07-05 09:08:09+00:00,1.0,0.11440000000000004,2026-07-04/2026-07-10,DISAGREE,-0.11440000000000004
2026-07-05 09:25:45,2026-07-05 09:00,KXBTCD-26JUL0506-T62799.99,2026-07-05T10:00:00Z,62707.91,62799.99,0.1468,0.21,real,0.144139,0.8721,0.00017955,0.0001797,0.00031206,0.5758,0.01,0.00034351,1.0,-1.0,0.0,0.0,0.0,-0.0733,2.0,0.0,0.6794,0.0,1.654e-05,0.0,,0.0,0.0,0.0,1.0,1.0,-0.3052,False,False,1.0,0.0,26.9,68.17,46.53,False,0.0,neutral,0.0,0.0,0.035204,0.010107,trade,no,False,False,101.0,33.99,,0.167638,0.016764,41.91,2500.0,-1.0,0.0,0.4559,0.4336,-0.1994,-0.1566,-0.1299,0.0,0.0,-0.2217,-0.4106,-0.0077,0.8813,-1.0,0.3818,False,bullish,bullish,False,False,4.885,4.292,False,False,,True,0.3375,0.0,35.2,0.2544,,9.0,-1.0,-1.0,59.53,0.0081,23099.32,180645273.61,1.268682,-123776836.96,1.109397,0.0652,1150279.1,0.9086,0.0275,1.0,54.4462,0.1897,61500.0,-1.9263,2.1575,-3.5e-05,Bull,Consolidation,-1.0,10720920.24,0.0,0.005401,-0.00166,0.00158,0.0,0.0193,0.1508,19.0,-1.0362,220.3,0.000424,,,,,,,,,,,,,,-0.000505,0.7254,3.0,0.870238,quiet,22.961655,1.638531,0.491,-0.190639,-0.236945,-0.001427,2.3e-05,0.0,1.0,5.0,1.0,3.0,1.0,0.0,1.0,1.0,,0.0,True,11.14,62586.93,-0.1929,-0.3393,0.0,win,0.5262,,,,,,2026-07-05 09:25:45+00:00,True,0.79,0.20999999999999996,2026-07-05 09:18:18+00:00,1.0,0.3536000000000001,2026-07-04/2026-07-10,DISAGREE,-0.3536000000000001
2026-07-05 11:15:58,2026-07-05 11:00,KXBTCD-26JUL0508-T62699.99,2026-07-05T12:00:00Z,62609.86,62699.99,0.144,0.26,real,0.167902,0.7648,0.00025989,0.00024192,0.00033798,0.7158,0.01,0.00037409,0.0,0.0,1.0,1.0,-1.0,-0.1321,2.0,0.0,0.7593,0.0,2.533e-05,0.0,,0.0,-1.0,1.0,2.0,2.0,-0.4215,False,False,0.0,0.0,29.92,62.8,37.64,False,-1.0,neutral,0.0,0.0,0.056924,0.030596,trade,no,False,False,100.0,43.77,,0.21894,0.032841,82.1,2500.0,-1.0,0.0,0.4559,0.4336,-0.056,-0.0807,-0.0987,0.5,0.0,-0.1113,0.0957,-0.4014,0.2932,-1.0,0.3297,False,bullish,bearish,True,False,5.049,4.142,False,False,,True,0.2908,0.0,29.33,0.0264,-0.11,11.0,1.0,1.0,59.32,-0.0119,-88942.69,180645273.61,1.268682,-123776836.96,1.109397,0.0652,1150279.1,0.9159,0.0147,1.0,0.5663,3.6228,61500.0,-1.7727,2.1696,-3.51e-05,Bull,Consolidation,-1.0,8469577.81,0.0,0.004693,-0.00147,0.00177,0.0,0.0151,0.1494,19.0,-1.3911,165.0,0.000903,,,,,,,,,,,,,,-0.000549,0.6644,3.0,0.868143,quiet,11.394488,1.591047,0.5509,-0.195738,-0.237639,2e-05,-0.000492,0.0,1.0,5.0,1.0,3.0,1.0,0.0,4.0,1.0,4.0,0.0,True,28.85,62681.34,0.1142,-0.0297,0.0,win,0.5014,,,,,,2026-07-05 11:15:58+00:00,True,0.74,0.26,2026-07-05 11:10:10+00:00,1.0,0.20700000000000005,2026-07-04/2026-07-10,DISAGREE,-0.20700000000000005
2026-07-05 11:32:45,2026-07-05 11:00,KXBTCD-26JUL0508-T62599.99,2026-07-05T12:00:00Z,62630.97,62599.99,-0.0495,0.68,real,0.580842,-0.3591,0.0002097,0.00021231,0.00020342,1.0437,0.01,0.00031539,0.0,0.0,1.0,1.0,-1.0,-0.1428,2.0,0.0,0.7569,0.0,2.379e-05,0.0,,0.0,-1.0,1.0,2.0,2.0,-0.4344,False,False,0.0,0.0,32.63,62.01,32.92,False,-1.0,neutral,0.0,0.0,0.059261,0.027782,trade,no,False,False,98.0,27.04,,0.087149,0.008715,21.79,2500.0,-1.0,0.0,0.4559,0.4336,-0.1379,0.0,0.0467,0.4686,0.184,-0.1379,0.0691,-0.4279,0.8109,-1.0,0.876,False,bullish,bearish,True,False,5.014,4.175,False,False,,True,0.2856,0.0,29.33,0.0288,0.01,11.0,-1.0,-1.0,59.32,-0.0119,-89057.93,180645273.61,1.268682,-123776836.96,1.109397,0.0652,1150279.1,0.9173,0.0145,1.0,0.3697,3.5759,61500.0,-1.8058,2.1696,-3.51e-05,Bull,Consolidation,0.1028,1367585.09,0.0,0.001206,-0.00528,0.00749,0.0,0.0143,0.1491,19.0,-1.2886,166.9,0.000531,,,,,,,,,,,,,,-0.000564,0.6597,3.0,0.869342,quiet,12.390629,1.583812,0.5611,-0.198501,-0.238546,-0.000102,-0.00053,0.0,1.0,5.0,1.0,3.0,1.0,0.0,4.0,1.0,4.0,1.0,False,-21.79,62681.34,0.0804,0.13,0.13,marginal,0.5014,,,,,,2026-07-05 11:32:45+00:00,False,0.31999999999999995,-0.31999999999999995,2026-07-05 11:25:22+00:00,1.0,0.0424,2026-07-04/2026-07-10,DISAGREE,-0.0424
2026-07-05 12:02:07,2026-07-05 12:00,KXBTCD-26JUL0509-T62499.99,2026-07-05T13:00:00Z,62564.34,62499.99,-0.1029,0.71,real,0.796298,-0.5218,0.00021862,0.0002377,0.00024492,0.9705,0.01,0.00034175,-1.0,0.0,1.0,0.0,0.0,-0.0873,2.0,0.0,0.7229,0.0,2.044e-05,0.0,,0.0,-1.0,1.0,2.0,2.0,-0.4762,False,False,1.0,0.0,30.0,55.94,37.59,False,-1.0,neutral,0.0,0.0,0.086298,0.056885,trade,yes,False,False,99.0,57.64,,0.297578,0.014879,37.2,2500.0,-2.0,2.0,0.5385,0.5876,-0.0467,-0.1156,-0.0899,0.5,0.0,-0.0899,-0.1845,0.0223,0.3367,-1.0,0.8472,False,bullish,bearish,True,False,5.125,4.073,False,False,,False,0.2596,0.0,27.37,0.0912,,12.0,1.0,1.0,59.17,-0.0358,-105970.82,180645273.61,1.268682,-123776836.96,1.109397,0.0652,1150279.1,0.9198,0.0165,1.0,0.3676,3.8056,61500.0,-1.7012,2.1696,-3.51e-05,Bull,Consolidation,-1.0,6952076.05,0.0,0.007528,-0.00156,0.00166,0.0,0.0147,0.1492,19.0,-1.4807,207.8,0.000971,,,,,,,,,,,,,,-0.000559,0.6336,3.0,0.862167,quiet,17.136399,1.668334,0.6265,-0.190397,-0.195885,-0.000142,-7.3e-05,0.0,1.0,5.0,1.0,3.0,1.0,0.0,4.0,1.0,,1.0,True,15.19,62741.67,0.2834,0.3867,0.0,win,0.5685,,,,,,2026-07-05 12:02:07+00:00,True,0.71,0.29000000000000004,2026-07-05 11:55:51+00:00,1.0,0.21300000000000002,2026-07-04/2026-07-10,AGREE,0.21300000000000002
2026-07-05 12:16:55,2026-07-05 12:00,KXBTCD-26JUL0509-T62699.99,2026-07-05T13:00:00Z,62606.73,62699.99,0.149,0.21,real,0.095443,0.8457,0.00021721,0.00023743,0.00028192,0.8422,0.01,0.00035371,-1.0,0.0,1.0,1.0,0.0,0.004,2.0,-1.0,0.8202,-1.0,5.082e-05,0.0,,0.0,-1.0,1.0,2.0,2.0,-0.3968,False,False,0.0,0.0,42.87,58.38,38.15,False,-1.0,neutral,0.0,0.0,0.051296,0.02695,trade,no,False,False,99.0,42.87,,0.244266,0.024427,61.07,2500.0,-2.0,0.0,0.3381,0.3497,-0.0991,0.0637,0.0956,0.7396,0.8764,-0.0167,-0.1113,0.0956,0.6766,-1.0,0.3455,False,bullish,bearish,True,False,5.054,4.138,False,False,,False,0.3238,0.0,27.23,0.2099,,12.0,-1.0,-1.0,59.09,-0.0196,-117612.93,-240088902.03,0.800088,-484728742.87,0.693378,11.8551,2390362.06,0.922,0.0152,1.0,0.1615,8.1716,61500.0,-1.7677,2.1836,-3.51e-05,Bull,Consolidation,-0.8991,6991911.5,0.0,0.007357,-0.00188,0.00181,0.0,0.0143,0.1491,19.0,-1.357,197.0,0.000706,,,,,,,,,,,,,,-0.00052,0.6469,3.0,0.862907,quiet,12.388038,1.654553,0.6039,-0.195696,-0.198745,0.000195,3.1e-05,0.0,1.0,2.0,1.0,3.0,1.0,0.0,4.0,1.0,,0.0,True,16.23,62741.67,0.2155,0.0665,0.0,win,0.5685,,,,,,2026-07-05 12:16:55+00:00,True,0.79,0.20999999999999996,2026-07-05 12:16:08+00:00,1.0,0.21999999999999995,2026-07-04/2026-07-10,DISAGREE,-0.21999999999999995
2026-07-05 13:03:52,2026-07-05 13:00,KXBTCD-26JUL0510-T62699.99,2026-07-05T14:00:00Z,62655.16,62699.99,0.0715,0.39,real,0.19689,0.3239,0.00025065,0.00027215,0.00034243,0.7947,0.01,0.00038851,-1.0,-1.0,0.0,1.0,0.0,-0.0451,2.0,-1.0,0.8371,-1.0,5.122e-05,0.0,,0.0,0.0,0.0,1.0,1.0,-0.3272,False,False,0.0,0.0,73.14,60.69,72.52,False,0.0,neutral,0.0,0.0,0.081538,0.051606,trade,no,False,False,100.0,55.92,,0.209071,0.020907,52.27,2500.0,-2.0,0.0,0.3381,0.3497,0.0539,-0.0317,-0.0422,1.0,0.0,-0.0422,0.0526,-0.0422,1.0,1.0,0.6026,False,bullish,bearish,True,False,4.973,4.212,False,False,,False,0.388,0.0,25.47,0.0007,,13.0,1.0,1.0,59.34,0.0057,-36620.21,-240088902.03,0.800088,-484728742.87,0.693378,11.8551,2390362.06,0.9196,0.0097,1.0,1.324,7.3098,61500.0,-1.8437,2.1836,-3.51e-05,Bull,Consolidation,-1.0,6967460.94,0.0,0.009502,-0.00163,0.00193,0.0,0.0138,0.1489,19.0,-1.2865,164.4,0.000986,,,,,,,,,,,,,,-0.00046,0.6708,3.0,0.857091,quiet,4.492053,1.559432,0.5481,-0.208113,-0.178969,-0.000164,-0.000265,0.0,1.0,2.0,1.0,3.0,1.0,0.0,4.0,1.0,,1.0,False,-52.27,62798.95,0.2295,0.1578,0.1578,marginal,0.5142,,,,,,2026-07-05 13:03:52+00:00,False,0.61,-0.61,2026-07-05 13:01:52+00:00,1.0,0.4159999999999999,2026-07-04/2026-07-10,DISAGREE,-0.4159999999999999
2026-07-05 13:28:57,2026-07-05 13:00,KXBTCD-26JUL0510-T62599.99,2026-07-05T14:00:00Z,62643.46,62599.99,-0.0694,0.68,real,0.500899,-0.393,0.00027982,0.00033649,0.0002673,1.2588,0.01,0.00037874,-1.0,0.0,1.0,2.0,0.0,-0.0975,2.0,-1.0,0.8779,-1.0,5.143e-05,0.0,,0.0,-1.0,1.0,2.0,2.0,-0.4078,False,False,0.0,-1.0,36.31,57.75,67.95,True,-1.0,neutral,0.0,0.0,0.076384,0.044635,trade,no,False,False,100.0,30.83,,0.112329,0.008425,21.06,2500.0,-2.0,0.0,0.3381,0.3497,-0.1301,-0.1232,-0.1269,0.2379,0.0,-0.1301,-0.0354,-0.1301,0.2293,1.0,0.8703,False,bullish,bearish,True,False,4.993,4.194,False,False,,False,0.3264,0.0,25.76,0.1469,0.02,13.0,0.0,0.0,59.4,0.012,-57672.84,-240088902.03,0.800088,-484728742.87,0.693378,11.8551,2390362.06,0.9205,0.0098,1.0,0.0911,6.6466,61500.0,-1.8253,2.1725,-3.51e-05,Bull,Consolidation,-1.0,10132659.99,0.0,0.004586,-0.00198,0.00158,0.0,0.0197,0.151,19.0,-1.2826,171.8,0.000553,,,,,,,,,,,,,,-0.000504,0.6545,3.0,0.860593,quiet,13.362661,1.549432,0.5698,-0.211809,-0.179971,-0.000569,-0.000389,0.0,1.0,2.0,1.0,3.0,1.0,0.0,4.0,1.0,2.0,1.0,False,-21.06,62798.95,0.2482,0.3178,0.3178,clear_loss,0.5142,,,,,,2026-07-05 13:28:57+00:00,False,0.31999999999999995,-0.31999999999999995,2026-07-05 13:27:15+00:00,1.0,0.4622000000000001,2026-07-04/2026-07-10,DISAGREE,-0.4622000000000001
2026-07-05 14:01:39,2026-07-05 14:00,KXBTCD-26JUL0511-T62899.99,2026-07-05T15:00:00Z,62751.61,62899.99,0.2365,0.18,real,0.054514,1.1044,0.00029611,0.00035415,0.00033851,1.0462,0.01,0.0004126,-1.0,-1.0,0.0,1.0,0.0,-0.049,2.0,-1.0,0.8191,0.0,4.877e-05,0.0,,0.0,0.0,0.0,1.0,1.0,-0.1807,False,False,0.0,-1.0,90.81,65.19,84.13,False,0.0,neutral,0.0,0.0,0.078038,0.056629,trade,no,False,False,101.0,58.1,,0.433547,0.043355,108.39,2500.0,-1.0,-2.0,0.3736,0.3612,0.1618,0.0061,0.0024,0.0,1.0,0.0114,0.0928,0.1876,0.57,1.0,0.1769,False,bullish,bearish,True,False,4.812,4.359,False,False,,False,0.5078,0.0,24.27,0.0,,14.0,1.0,1.0,59.42,-0.0767,-34835.45,-240088902.03,0.800088,-484728742.87,0.693378,11.8551,2390362.06,0.9221,0.009,1.0,0.0034,0.1901,61500.0,-1.9945,2.1725,-3.5e-05,Bull,Consolidation,-1.0,10564089.13,0.0,0.005361,-0.00148,0.00175,0.0,0.0138,0.1489,18.0,-0.942,155.5,0.000747,,,,,,,,,,,,,,-0.000374,0.6577,3.0,0.852217,quiet,-16.835595,1.672196,0.5333,-0.199084,-0.182892,-0.000147,-0.000167,0.0,1.0,5.0,1.0,3.0,1.0,0.0,4.0,1.0,,0.0,True,23.79,62823.13,0.114,-0.1222,0.0,win,0.4972,,,,,,2026-07-05 14:01:39+00:00,True,0.8200000000000001,0.17999999999999994,2026-07-05 13:57:44+00:00,-1.0,-0.05200000000000002,2026-07-04/2026-07-10,AGREE,0.05200000000000002
2026-07-05 14:16:51,2026-07-05 14:00,KXBTCD-26JUL0511-T62699.99,2026-07-05T15:00:00Z,62656.46,62699.99,0.0695,0.39,real,0.221627,0.3033,0.0003244,0.00043917,0.00037945,1.1574,0.01,0.00045977,-1.0,-1.0,0.0,0.0,0.0,-0.0301,2.0,-1.0,0.8205,0.0,4.933e-05,0.0,,0.0,0.0,0.0,1.0,1.0,-0.3212,False,False,0.0,0.0,48.91,61.02,69.55,True,-1.0,neutral,0.0,0.0,0.066446,0.036125,trade,no,False,False,100.0,42.93,,0.170373,0.017037,42.59,2500.0,-2.0,0.0,0.3381,0.3497,-0.155,-0.0555,-0.0556,1.0,0.0,-0.1136,-0.0323,0.0625,0.3719,-1.0,0.5974,False,bullish,bearish,True,False,4.971,4.214,False,False,,False,0.386,0.0,24.31,0.0051,-0.07,14.0,-1.0,-1.0,59.42,-0.0767,-33276.58,-240088902.03,0.800088,-484728742.87,0.693378,11.8551,2390362.06,0.9171,0.0168,1.0,0.6507,0.686,61500.0,-1.8457,2.1882,-3.51e-05,Bull,Consolidation,-1.0,7041072.23,0.0,0.009363,-0.00156,0.00202,0.0,0.0147,0.1492,19.0,-1.3022,163.4,0.000762,,,,,,,,,,,,,,-0.000433,0.6343,3.0,0.854811,quiet,10.072501,1.661468,0.5605,-0.203674,-0.183883,-0.000724,-0.000343,0.0,1.0,5.0,1.0,3.0,1.0,0.0,4.0,1.0,4.0,1.0,False,-42.59,62823.13,0.266,0.1964,0.1964,marginal,0.4972,,,,,,2026-07-05 14:16:51+00:00,False,0.61,-0.61,2026-07-05 14:12:59+00:00,1.0,0.05560000000000005,2026-07-04/2026-07-10,DISAGREE,-0.05560000000000005
2026-07-05 15:11:59,2026-07-05 15:00,KXBTCD-26JUL0512-T62899.99,2026-07-05T16:00:00Z,62801.84,62899.99,0.1563,0.26,real,0.17588,0.707,0.00036595,0.00050473,0.00035123,1.437,0.01,0.00047,-1.0,-1.0,0.0,1.0,0.0,-0.0351,2.0,-1.0,0.9983,0.0,4.826e-05,0.0,,0.0,0.0,0.0,0.0,0.0,-0.053,False,False,-1.0,-1.0,79.85,69.26,81.66,True,0.0,neutral,0.0,0.0,0.042817,0.015916,trade,no,False,False,101.0,47.76,,0.16468,0.016468,41.17,2500.0,-1.0,0.0,0.4559,0.4336,0.182,0.0767,-0.1028,0.5073,0.4594,0.0951,0.1331,0.2146,0.8508,1.0,0.3429,False,bullish,bearish,True,False,4.728,4.435,False,False,,True,0.609,0.0,23.72,0.057,,15.0,1.0,0.9996,59.34,-0.0264,-242000.96,-240088902.03,0.800088,-484728742.87,0.693378,11.8551,2390362.06,0.9186,0.0141,1.0,0.1317,0.4892,61500.0,-2.0729,2.1882,-3.5e-05,Bull,Consolidation,-0.9859,6527928.61,0.0,0.010405,-0.00154,0.00171,0.0,0.015,0.1493,19.0,-0.6023,192.0,0.000322,,,,,,,,,,,,,,-0.000301,0.6674,3.0,0.85069,quiet,-28.326287,1.836094,0.4988,-0.193938,-0.182871,0.000193,6.4e-05,0.0,1.0,5.0,1.0,3.0,1.0,0.0,3.0,1.0,,0.0,True,14.47,62731.07,-0.1127,-0.2686,0.0,win,0.4736,,,,,,2026-07-05 15:11:59+00:00,True,0.74,0.26,2026-07-05 15:08:55+00:00,1.0,0.018999999999999934,2026-07-04/2026-07-10,DISAGREE,-0.018999999999999934
2026-07-05 15:21:27,2026-07-05 15:00,KXBTCD-26JUL0512-T62799.99,2026-07-05T16:00:00Z,62714.27,62799.99,0.1367,0.27,real,0.18602,0.6912,0.00036618,0.00049429,0.00035997,1.3732,0.01,0.00046934,-1.0,-1.0,0.0,0.0,0.0,0.0047,2.0,-1.0,0.9951,0.0,4.77e-05,0.0,,0.0,0.0,0.0,1.0,1.0,-0.1983,False,False,0.0,0.0,53.65,64.39,74.07,True,0.0,neutral,0.0,0.0,0.045875,0.018703,trade,no,False,False,101.0,38.34,,0.169908,0.016991,42.48,2500.0,-1.0,0.0,0.4559,0.4336,0.0828,-0.1454,-0.0505,0.4428,0.0,-0.0504,-0.0125,0.0689,0.3459,1.0,0.4384,False,bullish,bearish,True,False,4.874,4.302,False,False,,True,0.4811,0.0,23.72,0.0586,-0.07,15.0,0.0,-0.0356,59.43,-0.1554,-242203.21,-240088902.03,0.800088,-484728742.87,0.693378,11.8551,2390362.06,0.9177,0.0141,1.0,0.0557,0.1421,61500.0,-1.9362,2.1657,-3.5e-05,Bull,Consolidation,-1.0,10369473.97,0.0,0.006045,-0.00163,0.00143,0.0,0.0158,0.1496,19.0,-0.9074,204.4,0.000376,,,,,,,,,,,,,,-0.000367,0.6377,3.0,0.851521,quiet,2.615117,1.832123,0.5164,-0.196016,-0.182783,-0.00049,-0.000129,0.0,1.0,5.0,1.0,3.0,1.0,0.0,4.0,1.0,1.0,0.0,True,15.71,62731.07,0.0268,-0.1097,0.0,win,0.4736,,,,,,2026-07-05 15:21:27+00:00,True,0.73,0.27,2026-07-05 15:19:05+00:00,1.0,0.4312,2026-07-04/2026-07-10,DISAGREE,-0.4312
2026-07-05 16:10:04,2026-07-05 16:00,KXBTCD-26JUL0513-T62699.99,2026-07-05T17:00:00Z,62650.31,62699.99,0.0793,0.38,real,0.283756,0.3436,0.00029218,0.00036906,0.00036811,1.0026,0.01,0.00043065,-1.0,-1.0,0.0,0.0,0.0,-0.0117,2.0,-1.0,0.9927,0.0,4.231e-05,0.0,,0.0,0.0,0.0,1.0,1.0,-0.2796,False,False,0.0,0.0,25.47,58.53,24.65,False,0.0,neutral,0.0,0.0,0.042617,0.011968,trade,no,False,False,100.0,49.7,,0.112149,0.011215,28.04,2500.0,-1.0,0.0,0.4559,0.4336,-0.1316,0.0017,-0.0138,0.3588,0.1232,-0.0138,-0.133,-0.0951,0.7584,1.0,0.6021,False,bullish,bearish,True,False,4.981,4.204,False,False,,True,0.42,0.0,22.72,0.0015,,16.0,1.0,0.9986,59.49,0.0199,-225223.02,-240088902.03,0.800088,-484728742.87,0.693378,11.8551,2390362.06,0.9143,0.0237,0.0,0.6129,0.0978,61500.0,-1.8361,2.1657,-3.51e-05,Bull,Consolidation,-1.0,6759145.48,0.0,0.009471,-0.00161,0.0021,0.0,0.0132,0.1487,19.0,-1.0921,221.0,0.000549,,,,,,,,,,,,,,-0.000387,0.67,3.0,0.846683,quiet,17.505305,1.764015,0.5271,-0.191319,-0.181314,-3.7e-05,0.000217,0.0,1.0,5.0,1.0,3.0,1.0,0.0,1.0,1.0,,0.0,True,17.19,62644.76,-0.0089,-0.0881,0.0,win,0.518,,,,,,2026-07-05 16:10:04+00:00,True,0.62,0.38,2026-07-05 16:10:02+00:00,1.0,0.4056,2026-07-04/2026-07-10,DISAGREE,-0.4056
2026-07-05 16:16:42,2026-07-05 16:00,KXBTCD-26JUL0513-T62599.99,2026-07-05T17:00:00Z,62664.04,62599.99,-0.1022,0.73,real,0.628254,-0.5396,0.00026555,0.00035056,0.0002542,1.3791,0.01,0.00037985,-1.0,0.0,1.0,0.0,0.0,-0.0422,2.0,-1.0,0.9917,0.0,3.901e-05,0.0,,0.0,0.0,0.0,1.0,1.0,-0.2891,False,False,0.0,1.0,23.32,57.3,23.28,True,-1.0,neutral,0.0,0.0,0.049601,0.019379,trade,no,False,False,99.0,43.09,,0.067947,0.006795,16.99,2500.0,-1.0,0.0,0.4559,0.4336,0.0416,-0.0098,-0.0098,0.0,0.0,-0.0477,-0.1669,-0.129,0.3637,-1.0,0.7416,False,bullish,bearish,True,False,4.958,4.225,False,False,,True,0.4121,0.0,22.72,0.0026,0.01,16.0,1.0,0.9986,59.49,-0.0235,-226047.64,-23831543.35,0.972053,-155040941.08,0.909892,0.1686,749496.87,0.9143,0.0237,0.0,0.6129,0.0978,61500.0,-1.8576,2.1467,-3.51e-05,Bull,Consolidation,-0.7356,5793284.23,0.0,0.009481,-0.00183,0.00155,0.0,0.013,0.1486,19.0,-0.9969,226.4,0.00043,,,,,,,,,,,,,,-0.000402,0.6641,3.0,0.847116,quiet,22.067065,1.773797,0.5134,-0.18835,-0.179752,-0.000197,0.000173,0.0,1.0,5.0,1.0,3.0,1.0,0.0,4.0,1.0,4.0,0.0,True,45.94,62644.76,-0.0308,0.0715,0.0,win,0.518,,,,,,2026-07-05 16:16:42+00:00,True,0.27,0.73,2026-07-05 16:10:02+00:00,1.0,0.4056,2026-07-04/2026-07-10,DISAGREE,-0.4056
2026-07-05 17:01:30,2026-07-05 17:00,KXBTCD-26JUL0514-T62499.99,2026-07-05T18:00:00Z,62609.15,62499.99,-0.1743,0.82,real,0.561854,-0.8292,0.00025173,0.00030601,0.00024973,1.2254,0.01,0.00036273,-1.0,-1.0,0.0,1.0,0.0,-0.0163,2.0,0.0,0.7472,-1.0,5.677e-05,0.0,,0.0,0.0,0.0,1.0,1.0,-0.2724,False,False,0.0,0.0,21.91,54.05,15.8,False,-1.0,neutral,0.0,0.0,0.092694,0.06381,trade,no,False,False,99.0,58.27,,0.113041,0.011304,28.26,2500.0,-2.0,0.0,0.3381,0.3497,0.0255,0.0074,0.0691,0.7581,1.0,0.0387,-0.1379,-0.257,0.1127,-1.0,0.8154,False,bullish,bearish,True,False,5.05,4.141,False,False,,True,0.3453,0.0,20.97,0.0062,,17.0,-1.0,-1.0,59.33,-0.2526,-418678.38,-23831543.35,0.972053,-155040941.08,0.909892,0.1686,749496.87,0.9186,0.0226,0.0,0.2833,0.1903,61500.0,-1.7715,2.1467,-3.51e-05,Bull,Consolidation,-0.8613,7165590.78,0.0,0.007899,-0.00159,0.00167,0.0,0.0129,0.1486,19.0,-0.5696,263.2,0.000296,,,,,,,,,,,,,,-0.000423,0.6319,3.0,0.841538,quiet,13.137531,1.801354,0.5961,-0.170669,-0.178751,0.000588,0.00039,0.0,1.0,0.0,1.0,3.0,1.0,0.0,4.0,1.0,,1.0,False,-28.26,62631.83,0.0362,0.2109,0.2109,marginal,0.5748,,,,,,2026-07-05 17:01:30+00:00,False,0.18000000000000005,-0.18000000000000005,2026-07-05 17:01:04+00:00,1.0,0.29120000000000007,2026-07-04/2026-07-10,DISAGREE,-0.29120000000000007
2026-07-05 17:07:45,2026-07-05 17:00,KXBTCD-26JUL0514-T62599.99,2026-07-05T18:00:00Z,62658.36,62599.99,-0.0932,0.71,real,0.580732,-0.4764,0.00025339,0.00030515,0.0002335,1.3068,0.01,0.00035691,-1.0,-1.0,0.0,1.0,0.0,-0.0061,2.0,0.0,0.7458,-1.0,5.855e-05,0.0,,0.0,0.0,0.0,1.0,1.0,-0.1784,False,False,0.0,0.0,36.63,57.21,20.71,False,0.0,neutral,0.0,0.0,0.059933,0.02901,trade,no,False,False,100.0,52.02,,0.084413,0.008441,21.1,2500.0,-1.0,0.0,0.4559,0.4336,0.0881,0.1103,0.0612,1.0,0.8529,0.1264,-0.0503,-0.1695,0.1127,-1.0,0.7367,False,bullish,bearish,True,False,4.968,4.217,False,False,,True,0.43,0.0,20.97,0.0066,,17.0,1.0,1.0,59.28,0.0579,-418610.02,-23831543.35,0.972053,-155040941.08,0.909892,0.1686,749496.87,0.9178,0.0196,0.0,39.7344,0.1944,61500.0,-1.8487,2.1467,-3.51e-05,Bull,Consolidation,-1.0,7536174.04,0.0,0.00892,-0.00163,0.00187,0.0,0.0158,0.1496,19.0,-0.4886,239.2,0.000247,,,,,,,,,,,,,,-0.000386,0.6485,3.0,0.843281,quiet,-3.951728,1.76652,0.5835,-0.180031,-0.183467,0.000999,0.000507,0.0,1.0,0.0,1.0,3.0,1.0,0.0,4.0,1.0,,0.0,True,51.66,62631.83,-0.0423,0.0509,0.0,win,0.5748,,,,,,2026-07-05 17:07:45+00:00,True,0.29000000000000004,0.71,2026-07-05 17:06:08+00:00,1.0,0.09499999999999996,2026-07-04/2026-07-10,DISAGREE,-0.09499999999999996
2026-07-05 17:30:14,2026-07-05 17:00,KXBTCD-26JUL0514-T62699.99,2026-07-05T18:00:00Z,62634.85,62699.99,0.104,0.26,real,0.133814,0.6326,0.00026569,0.00035286,0.00029733,1.1868,0.01,0.00039786,-1.0,-1.0,0.0,1.0,0.0,0.0524,2.0,0.0,0.7095,-1.0,5.552e-05,0.0,,0.0,0.0,0.0,1.0,1.0,-0.1436,False,False,0.0,0.0,32.57,56.34,34.18,False,-1.0,neutral,0.0,0.0,0.045601,0.018811,trade,no,False,False,98.0,29.53,,0.17539,0.017539,43.85,2500.0,-2.0,0.0,0.3381,0.3497,0.0787,-0.0195,-0.1432,0.0,0.3541,0.1022,-0.0744,-0.1936,0.2002,-1.0,0.4895,False,bullish,bearish,True,False,5.007,4.181,False,False,,True,0.4125,0.0,21.06,0.0366,-0.1,17.0,1.0,1.0,59.32,-0.0023,-413334.83,-23831543.35,0.972053,-155040941.08,0.909892,0.1686,749496.87,0.9184,0.0196,0.0,2.4469,0.1893,61500.0,-1.8118,2.1452,-3.51e-05,Bull,Consolidation,-0.2019,4606348.03,0.0,0.009092,-0.00165,0.00159,0.0,0.013,0.1486,19.0,-0.5573,245.4,0.000162,,,,,,,,,,,,,,-0.000397,0.6438,3.0,0.844957,quiet,-0.570151,1.775993,0.5853,-0.177543,-0.182207,0.000886,0.000475,0.0,1.0,0.0,1.0,3.0,1.0,0.0,1.0,1.0,4.0,0.0,True,15.41,62631.83,-0.0048,-0.1087,0.0,win,0.5748,,,,,,2026-07-05 17:30:14+00:00,True,0.74,0.26,2026-07-05 17:26:31+00:00,1.0,0.11460000000000002,2026-07-04/2026-07-10,DISAGREE,-0.11460000000000002
2026-07-05 18:08:10,2026-07-05 18:00,KXBTCD-26JUL0515-T62699.99,2026-07-05T19:00:00Z,62634.59,62699.99,0.1044,0.26,real,0.107333,0.5965,0.00028704,0.00030494,0.00022591,1.3498,0.01,0.0003583,-1.0,0.0,1.0,1.0,0.0,0.0119,2.0,0.0,0.5094,-1.0,6.43e-05,0.0,,0.0,0.0,0.0,0.0,0.0,-0.0643,False,False,0.0,1.0,28.24,52.82,18.44,True,0.0,neutral,0.0,0.0,0.051401,0.024845,trade,no,False,False,99.0,51.56,,0.197695,0.019769,49.42,2500.0,-2.0,0.0,0.3381,0.3497,-0.0312,0.0739,0.072,0.1653,0.1653,0.0019,0.0045,-0.172,0.3975,1.0,0.515,False,bullish,bearish,True,False,5.008,4.18,False,False,,True,0.4149,0.0,19.99,0.0001,,18.0,-1.0,-1.0,59.36,0.0377,-418150.44,-23831543.35,0.972053,-155040941.08,0.909892,0.1686,749496.87,0.9135,0.0231,0.0,0.0097,0.1876,61500.0,-1.8114,2.1452,-3.51e-05,Bull,Consolidation,-0.7992,7039867.08,0.0,0.007236,-0.00176,0.00148,0.0,0.014,0.149,19.0,-0.3457,329.8,0.000126,,,,,,,,,,,,,,-0.00042,0.6099,3.0,0.837592,quiet,24.815204,1.815823,0.4989,-0.147954,-0.176653,0.00038,-1.1e-05,0.0,1.0,0.0,1.0,3.0,1.0,0.0,4.0,1.0,,1.0,False,-49.42,62827.24,0.3076,0.203,0.203,marginal,0.548,,,,,,2026-07-05 18:08:10+00:00,False,0.74,-0.74,2026-07-05 18:07:16+00:00,1.0,0.06539999999999992,2026-07-04/2026-07-10,DISAGREE,-0.06539999999999992
2026-07-05 18:17:45,2026-07-05 18:00,KXBTCD-26JUL0515-T62599.99,2026-07-05T19:00:00Z,62639.22,62599.99,-0.0626,0.64,real,0.422352,-0.3831,0.00031791,0.00032386,0.00026963,1.2011,0.02,0.00037105,-1.0,-1.0,0.0,1.0,0.0,0.0873,2.0,0.0,0.5903,-1.0,6.421e-05,0.0,,0.0,0.0,0.0,0.0,0.0,-0.0444,False,False,0.0,0.0,31.45,56.1,22.15,True,0.0,neutral,0.0,0.0,0.064625,0.032522,trade,no,False,False,100.0,42.01,,0.100976,0.010098,25.24,2500.0,-2.0,0.0,0.3381,0.3497,0.0795,0.0191,0.0247,0.0,1.0,0.093,0.0956,-0.0811,0.2346,1.0,0.7404,False,bullish,bearish,True,False,5.0,4.187,False,False,,True,0.4329,0.0,19.99,0.0021,,18.0,-1.0,-1.0,59.36,0.0377,-417881.9,-23831543.35,0.972053,-155040941.08,0.909892,0.1686,749496.87,0.9132,0.023,0.0,0.0101,0.1875,61500.0,-1.8187,2.1502,-3.51e-05,Bull,Consolidation,-1.0,10018795.29,0.0,0.004957,-0.00156,0.00168,0.0,0.0137,0.1488,19.0,-0.4941,294.2,0.000163,,,,,,,,,,,,,,-0.000383,0.6271,3.0,0.838965,quiet,-11.290225,1.813569,0.5222,-0.147285,-0.177108,0.000808,0.000109,0.0,1.0,0.0,1.0,3.0,1.0,0.0,1.0,1.0,,1.0,False,-25.24,62827.24,0.3002,0.363,0.363,clear_loss,0.548,,,,,,2026-07-05 18:17:45+00:00,False,0.36,-0.36,2026-07-05 18:17:26+00:00,1.0,0.29780000000000006,2026-07-04/2026-07-10,DISAGREE,-0.29780000000000006
2026-07-05 19:04:18,2026-07-05 19:00,KXBTCD-26JUL0517-T62999.99,2026-07-05T21:00:00Z,62779.08,62999.99,0.3519,0.19,real,0.022363,1.1173,0.0003428,0.00037362,0.00037249,1.003,0.01,0.0004304,-1.0,-1.0,0.0,2.0,0.0,0.003,2.0,0.0,0.4829,-1.0,6.297e-05,0.0,,0.0,0.0,0.0,-1.0,-1.0,0.2036,False,False,-1.0,-1.0,95.55,64.0,78.39,False,0.0,neutral,0.0,0.0,0.111311,0.091236,trade,no,False,False,146.0,115.39,,0.585848,0.05,125.0,2500.0,-1.0,-3.0,0.3636,0.3583,0.2377,0.0015,0.0307,0.5,0.5,0.0,0.3123,0.3149,0.5262,1.0,0.1554,False,bullish,bearish,True,False,4.766,4.401,False,False,,True,0.6358,0.0,19.77,0.0,,19.0,0.0,0.0968,59.37,0.0199,-202220.27,-23831543.35,0.972053,-155040941.08,0.909892,0.1686,749496.87,0.9115,0.0183,0.0,0.0647,0.1688,61500.0,-2.0374,2.1502,-3.5e-05,Bull,Consolidation,-1.0,13050996.69,0.0,0.012707,-0.00185,0.00204,0.0,0.0136,0.1488,19.0,-0.0491,167.2,6.3e-05,,,,,,,,,,,,,,-0.000284,0.6668,3.0,0.83468,quiet,-25.338992,1.833053,0.5629,-0.131203,-0.178383,-0.000295,-0.00061,0.0,1.0,0.0,1.0,3.0,1.0,0.0,4.0,1.0,,0.0,True,29.32,62731.66,-0.0755,-0.4259,0.0,win,0.4685,,,,,,2026-07-05 19:04:18+00:00,True,0.81,0.18999999999999995,2026-07-05 19:03:18+00:00,1.0,0.12400000000000005,2026-07-04/2026-07-10,DISAGREE,-0.12400000000000005
2026-07-05 19:29:44,2026-07-05 19:00,KXBTCD-26JUL0516-T62799.99,2026-07-05T20:00:00Z,62716.98,62799.99,0.1324,0.22,real,0.138668,0.877,0.00034665,0.00035707,0.0003125,1.1426,0.01,0.00040461,-1.0,-1.0,0.0,2.0,0.0,0.0306,2.0,0.0,0.55,-1.0,6.059e-05,0.0,,0.0,0.0,0.0,0.0,0.0,0.1037,False,False,0.0,-1.0,72.48,61.51,80.2,True,0.0,neutral,0.0,0.0,0.048128,0.023165,trade,no,False,False,144.0,30.04,,0.218764,0.021876,54.69,2500.0,-1.0,0.0,0.4559,0.4336,-0.0689,-0.0821,-0.0257,0.0,0.35,-0.0689,0.2432,0.2458,0.0,1.0,0.1939,False,bullish,bearish,True,False,4.87,4.306,False,False,,True,0.5442,0.0,19.88,0.1318,-0.12,19.0,1.0,1.0,59.38,-0.0179,-202830.6,-23831543.35,0.972053,-155040941.08,0.909892,0.1686,749496.87,0.9071,0.0196,0.0,0.158,0.2632,61500.0,-1.9404,2.1504,-3.5e-05,Bull,Consolidation,-1.0,12639034.07,0.0,0.012689,-0.00177,0.00178,0.0,0.0138,0.1489,19.0,-0.2998,169.1,0.000117,,,,,,,,,,,,,,-0.000311,0.6516,3.0,0.837941,quiet,-9.194866,1.789023,0.5963,-0.143738,-0.183575,-0.000616,-0.000703,0.0,1.0,0.0,1.0,3.0,1.0,0.0,4.0,1.0,2.0,0.0,True,15.43,62784.0,0.1069,-0.0255,0.0,win,0.4685,,,,,,2026-07-05 19:29:44+00:00,True,0.78,0.21999999999999997,2026-07-05 19:23:38+00:00,1.0,0.2782,2026-07-04/2026-07-10,DISAGREE,-0.2782
2026-07-05 20:20:58,2026-07-05 20:00,KXBTCD-26JUL0517-T62749.99,2026-07-05T21:00:00Z,62701.12,62749.99,0.0779,0.38,real,0.276227,0.3558,0.00026328,0.00029498,0.00040949,0.7204,0.01,0.00041851,-1.0,-1.0,0.0,2.0,0.0,-0.0122,2.0,-1.0,1.0,-1.0,6.558e-05,-1.0,,0.0,0.0,0.0,0.0,0.0,0.0197,False,False,0.0,-1.0,57.5,54.38,72.89,True,0.0,neutral,0.0,0.0,0.048308,0.017791,trade,no,False,False,43.0,38.79,,0.127126,0.012713,31.78,2500.0,-1.0,0.0,0.4559,0.4336,-0.0504,-0.1255,-0.1255,0.0099,0.0,-0.0504,-0.1192,0.1927,0.7294,1.0,0.3955,False,bullish,bearish,True,False,4.896,4.282,False,False,,True,0.4915,0.0,19.51,2.7049,-0.1,20.0,1.0,1.0,59.37,0.0316,-176010.28,-10481287.4,0.984411,-209883627.33,0.841748,0.0616,1472405.55,0.9085,0.0204,1.0,2.83,0.7674,61500.0,-1.9156,2.1603,-3.5e-05,Bull,Consolidation,-0.2015,632639.59,0.0,0.014554,-0.00164,0.00162,0.0,0.0163,0.1498,19.0,-0.3878,147.9,0.000198,,,,,,,,,,,,,,-0.000318,0.6391,3.0,0.832153,quiet,3.31659,1.545971,0.6268,-0.18348,-0.162052,-0.000583,3.4e-05,0.0,1.0,2.0,1.0,3.0,1.0,0.0,4.0,1.0,3.0,0.0,True,19.48,62731.66,0.0487,-0.0292,0.0,win,0.5137,,,,,,2026-07-05 20:20:58+00:00,True,0.62,0.38,2026-07-05 20:19:32+00:00,1.0,0.28279999999999994,2026-07-04/2026-07-10,DISAGREE,-0.28279999999999994
2026-07-05 21:01:45,2026-07-05 21:00,KXBTCD-26JUL0518-T62699.99,2026-07-05T22:00:00Z,62632.2,62699.99,0.1082,0.39,real,0.122164,0.4842,0.00021925,0.0002326,0.00050834,0.4576,0.01,0.00043122,-1.0,-1.0,0.0,1.0,0.0,0.017,2.0,1.0,0.9208,-1.0,6.86e-05,-1.0,,0.0,0.0,0.0,0.0,0.0,-0.0791,False,False,1.0,0.0,30.16,50.16,43.35,False,0.0,neutral,0.0,0.0,0.151424,0.123708,trade,no,False,False,101.0,58.04,,0.388266,0.038827,97.07,2500.0,-2.0,0.0,0.3381,0.3497,-0.0507,-0.1169,-0.0972,0.0,0.0,-0.085,-0.1539,-0.2226,0.0508,-1.0,0.557,False,bullish,bearish,True,False,5.012,4.177,False,False,,True,0.3931,0.0,18.54,0.0007,,21.0,0.0,0.5,59.35,-0.0064,42100.86,-10481287.4,0.984411,-209883627.33,0.841748,0.0616,1472405.55,0.9093,0.0237,1.0,4.2288,0.1569,61500.0,-1.8077,2.1603,-3.51e-05,Bull,Consolidation,-1.0,11493350.66,0.0,0.014754,-0.00183,0.00174,0.0,0.0139,0.1489,19.0,-0.7228,97.8,0.000696,,,,,,,,,,,,,,-1e-05,0.4841,2.0,0.825917,quiet,19.625862,1.563825,0.5991,-0.185181,-0.178933,-0.000416,6e-05,0.0,1.0,2.0,1.0,3.0,1.0,0.0,4.0,1.0,,1.0,False,-97.07,63053.95,0.6734,0.5645,0.5645,clear_loss,0.5148,,,,,,2026-07-05 21:01:45+00:00,False,0.61,-0.61,2026-07-05 20:55:09+00:00,1.0,0.05439999999999995,2026-07-04/2026-07-10,DISAGREE,-0.05439999999999995
2026-07-05 21:09:59,2026-07-05 21:00,KXBTCD-26JUL0518-T62499.99,2026-07-05T22:00:00Z,62581.6,62499.99,-0.1304,0.76,real,0.506301,-0.6404,0.00021513,0.00023586,0.00026183,0.9008,0.01,0.00034375,-1.0,-1.0,0.0,1.0,0.0,-0.0585,2.0,1.0,0.8945,-1.0,6.844e-05,-1.0,,0.0,0.0,0.0,1.0,1.0,-0.1669,False,False,1.0,0.0,24.2,46.37,41.36,False,-1.0,neutral,0.0,0.0,0.092789,0.062247,trade,no,False,False,100.0,49.79,,0.122091,0.012209,30.52,2500.0,-2.0,0.0,0.3381,0.3497,-0.1665,-0.1635,-0.0667,0.6424,0.4226,-0.1779,-0.2467,-0.3154,0.0508,-1.0,0.7841,False,bullish,bearish,True,False,5.096,4.099,False,False,,True,0.3177,0.0,18.21,0.4061,,21.0,-1.0,-1.0,59.38,-0.0286,15498.88,-10481287.4,0.984411,-209883627.33,0.841748,0.0616,1472405.55,0.905,0.0198,1.0,23.7617,0.1514,61500.0,-1.7283,2.1603,-3.51e-05,Bull,Consolidation,-1.0,10919032.74,0.0,0.005057,-0.00145,0.00189,0.0,0.0191,0.1507,19.0,-0.9446,100.5,0.000794,,,,,,,,,,,,,,-5.9e-05,0.4679,2.0,0.829459,quiet,23.673635,1.578448,0.6046,-0.180059,-0.175633,-0.000871,-4.7e-05,0.0,1.0,2.0,1.0,3.0,1.0,0.0,4.0,1.0,,1.0,False,-30.52,63053.95,0.7548,0.8863,0.8863,clear_loss,0.5148,,,,,,2026-07-05 21:09:59+00:00,False,0.24,-0.24,2026-07-05 21:05:22+00:00,1.0,0.1634,2026-07-04/2026-07-10,DISAGREE,-0.1634
2026-07-05 21:16:57,2026-07-05 21:00,KXBTCD-26JUL0518-T62799.99,2026-07-05T22:00:00Z,62673.14,62799.99,0.2024,0.2,real,0.054334,1.0196,0.00026972,0.00028599,0.000367,0.7793,0.01,0.00039861,-1.0,-1.0,0.0,1.0,0.0,0.0396,2.0,1.0,0.8997,-1.0,6.996e-05,-1.0,,0.0,0.0,0.0,0.0,0.0,-0.0057,False,False,0.0,0.0,56.78,52.94,57.14,False,0.0,neutral,0.0,0.0,0.087713,0.065735,trade,no,False,False,100.0,42.85,,0.438564,0.043856,109.64,2500.0,-2.0,0.0,0.3381,0.3497,-0.0168,0.1659,0.0522,1.0,0.8738,-0.0168,-0.0857,-0.1545,0.1189,1.0,0.2993,False,bullish,bearish,True,False,4.943,4.239,False,False,,True,0.4667,0.0,18.21,0.4088,0.04,21.0,-1.0,-0.9103,59.38,-0.0289,15602.34,-10481287.4,0.984411,-209883627.33,0.841748,0.0616,1472405.55,0.905,0.0198,1.0,23.7617,0.1514,61500.0,-1.8718,2.1603,-3.5e-05,Bull,Consolidation,-1.0,6958470.64,0.0,0.009246,-0.00176,0.00187,0.0,0.0131,0.1486,19.0,-0.5325,95.9,0.000402,,,,,,,,,,,,,,2.6e-05,0.4969,3.0,0.830094,quiet,10.524094,1.553315,0.6094,-0.188297,-0.181087,-8.2e-05,0.000138,0.0,1.0,2.0,1.0,3.0,1.0,0.0,3.0,1.0,2.0,1.0,False,-109.64,63053.95,0.6076,0.4044,0.4044,clear_loss,0.5148,,,,,,2026-07-05 21:16:57+00:00,False,0.8,-0.8,2026-07-05 21:10:26+00:00,1.0,0.05000000000000002,2026-07-04/2026-07-10,DISAGREE,-0.05000000000000002
2026-07-05 22:00:40,2026-07-05 22:00,KXBTCD-26JUL0519-T63299.99,2026-07-05T23:00:00Z,63021.14,63299.99,0.4425,0.21,real,0.074525,1.1261,0.00056327,0.00055664,0.00071215,0.7816,0.01,0.0006071,-1.0,0.0,1.0,2.0,1.0,0.1363,2.0,0.0,0.7156,-1.0,6.884e-05,1.0,,0.0,1.0,-1.0,-2.0,-2.0,0.4299,False,False,-1.0,0.0,75.13,74.01,85.96,True,1.0,neutral,0.0,0.0,0.100974,0.079174,trade,no,False,False,107.0,59.1,,0.480828,0.048083,120.21,2500.0,0.0,-2.0,0.3813,0.4122,0.0849,0.1193,-0.1204,0.3896,0.2855,-0.1888,0.4992,0.43,0.2977,1.0,0.0167,False,bullish,bullish,False,False,4.364,4.768,False,False,,True,0.7811,0.0,21.53,0.0168,,22.0,1.0,1.0,59.31,-0.0044,290355.22,-10481287.4,0.984411,-209883627.33,0.841748,0.0616,1472405.55,0.9114,0.0134,1.0,0.0355,0.0512,61500.0,-2.4137,2.163,-3.48e-05,Bull,Consolidation,-1.0,20143096.67,0.0,0.009796,-0.00192,0.00166,0.0,0.0196,0.1509,19.0,1.201,67.0,-0.001473,,,,,,,,,,,,,,0.000542,0.571,3.0,0.835105,quiet,2.097537,1.385807,0.5901,-0.245381,-0.22625,-0.001956,-0.001401,0.0,1.0,0.0,1.0,3.0,1.0,0.0,4.0,1.0,,1.0,False,-120.21,63735.33,1.1333,0.6877,0.6877,clear_loss,0.4323,,,,,,2026-07-05 22:00:40+00:00,False,0.79,-0.79,2026-07-05 21:51:16+00:00,1.0,0.40639999999999993,2026-07-04/2026-07-10,DISAGREE,-0.40639999999999993
2026-07-05 22:06:44,2026-07-05 22:00,KXBTCD-26JUL0519-T63199.99,2026-07-05T23:00:00Z,63007.45,63199.99,0.3056,0.24,real,0.191961,0.8557,0.00060953,0.00059975,0.00059336,1.0108,0.01,0.00058303,-1.0,0.0,1.0,3.0,1.0,0.1187,2.0,0.0,0.7066,-1.0,6.747e-05,1.0,,0.0,1.0,-1.0,-2.0,-2.0,0.4801,False,False,-1.0,-1.0,80.06,76.14,87.6,True,1.0,neutral,0.0,0.0,0.045299,0.019324,trade,no,False,False,107.0,53.01,,0.188746,0.018875,47.19,2500.0,1.0,-6.0,0.4792,0.4956,0.2345,-0.2052,0.1205,0.4527,0.9999,-0.1369,0.5514,0.4821,0.2977,1.0,0.0151,False,bullish,bullish,False,False,4.386,4.747,False,False,,True,0.8112,0.0,21.53,0.0909,,22.0,-1.0,-1.0,59.31,-0.1599,281576.03,-10481287.4,0.984411,-209883627.33,0.841748,0.0616,1472405.55,0.9046,0.0219,1.0,0.0198,0.0325,61500.0,-2.3925,2.163,-3.48e-05,Bull,Consolidation,-1.0,20083625.21,0.0,0.009857,-0.00174,0.00168,0.0,0.0174,0.1502,19.0,1.0934,70.6,-0.001201,,,,,,,,,,,,,,0.001448,0.5787,3.0,0.836098,quiet,-1.430649,1.438593,0.6032,-0.226451,-0.218047,-0.001715,-0.00133,0.0,1.0,0.0,1.0,3.0,1.0,0.0,3.0,1.0,,1.0,False,-47.19,63735.33,1.1552,0.8471,0.8471,clear_loss,0.4323,,,,,,2026-07-05 22:06:44+00:00,False,0.76,-0.76,2026-07-05 22:06:33+00:00,1.0,0.39260000000000006,2026-07-04/2026-07-10,DISAGREE,-0.39260000000000006
2026-07-06 00:09:41,2026-07-06 00:00,KXBTCD-26JUL0521-T63699.99,2026-07-06T01:00:00Z,63514.08,63699.99,0.2927,0.22,real,0.144216,1.0609,0.00052877,0.00063349,0.00053485,1.1844,0.01,0.00057249,0.0,0.0,1.0,0.0,1.0,0.1137,2.0,1.0,0.9058,0.0,2.16e-05,0.0,,0.0,0.0,0.0,0.0,0.0,,False,False,0.0,0.0,69.74,77.23,75.46,False,1.0,bullish,0.0,0.0,0.075683,0.052038,trade,no,False,False,112.0,50.08,,0.344012,0.034401,86.0,2500.0,4.0,-1.0,0.5,0.4998,-0.1733,-0.1181,-0.2039,1.0,0.0,-0.0755,-0.1735,0.659,0.4893,-1.0,0.0293,False,bullish,bullish,False,False,3.554,1.149,False,False,,False,0.8746,0.0,28.1,0.0246,,0.0,0.0,-0.2727,58.77,-0.1175,490008.21,-10481287.4,0.984411,-209883627.33,0.841748,0.0616,1472405.55,0.9117,0.0576,0.0,0.1063,0.0412,62000.0,-2.3838,2.1361,-3.44e-05,Bull,Consolidation,-1.0,14513761.53,0.0,0.005486,-0.00213,0.00142,1.0,0.3535,0.2683,8.0,0.1999,946.7,-3.4e-05,,,,,,,,,,,,,,0.002168,0.691,3.0,0.854034,quiet,15.339323,4.391202,0.5313,0.171834,-0.055798,-0.002178,0.000171,0.0,1.0,5.0,1.0,3.0,1.0,0.0,4.0,1.0,,0.0,True,24.26,63729.07,0.3385,0.0457,0.0,win,0.5525,,,,,,2026-07-06 00:09:41+00:00,True,0.78,0.21999999999999997,2026-07-06 00:08:49+00:00,1.0,0.37660000000000005,2026-07-04/2026-07-10,DISAGREE,-0.37660000000000005
2026-07-06 00:32:00,2026-07-06 00:00,KXBTCD-26JUL0521-T63599.99,2026-07-06T01:00:00Z,63418.41,63599.99,0.2863,0.2,real,0.204116,1.0644,0.00053781,0.00062674,0.00064458,0.9723,0.01,0.00060675,0.0,0.0,1.0,0.0,1.0,0.1543,2.0,-1.0,0.8816,0.0,3.056e-05,0.0,,0.0,0.0,0.0,0.0,0.0,,False,False,1.0,0.0,58.32,70.63,63.05,False,0.0,bullish,0.0,0.0,0.037752,0.013238,trade,no,False,False,109.0,27.77,,0.188762,0.018876,47.19,2500.0,2.0,0.0,0.6111,0.6145,-0.2766,-0.0514,-0.0088,0.0,0.275,-0.2627,-0.3605,0.4705,0.6667,-1.0,0.0776,False,bullish,bullish,False,False,3.71,1.0,False,False,,False,0.7828,0.0,26.92,0.2727,-0.14,0.0,0.0,-0.0328,58.66,-0.0486,492445.61,642439228.12,1.294366,634053802.51,1.326539,0.0255,23685562.68,0.9161,0.062,0.0,55.0698,0.0676,62000.0,-2.2366,2.1543,-3.45e-05,Bull,Consolidation,-1.0,3315384.56,0.0,0.009563,-0.00538,0.00917,0.0,0.1198,0.1861,5.0,1.1609,411.4,-0.000245,,,,,,,,,,,,,,0.0019,0.6761,3.0,0.859564,quiet,26.750632,3.902275,0.4993,0.17979,-0.049314,-0.003031,-0.000108,3.0,0.9744,4.0,1.0,4.0,0.9903,0.0,4.0,1.0,2.0,1.0,False,-47.19,63729.07,0.4899,0.203,0.203,clear_loss,0.5525,,,,,,2026-07-06 00:32:00+00:00,False,0.8,-0.8,2026-07-06 00:23:24+00:00,1.0,0.3874,2026-07-04/2026-07-10,DISAGREE,-0.3874
2026-07-06 01:02:25,2026-07-06 01:00,KXBTCD-26JUL0522-T63899.99,2026-07-06T02:00:00Z,63683.04,63899.99,0.3407,0.2,real,0.139245,1.0362,0.00061145,0.00063098,0.00053362,1.1825,0.01,0.00057028,0.0,0.0,1.0,0.0,1.0,0.1373,2.0,1.0,0.8243,0.0,4.913e-05,1.0,,0.0,0.0,0.0,-1.0,-1.0,0.2305,False,False,-1.0,0.0,74.71,85.33,73.96,False,1.0,bullish,0.0,0.0,0.053609,0.029862,trade,no,False,False,114.0,57.35,,0.268046,0.026805,67.01,2500.0,7.0,-6.0,0.5524,0.4843,0.3832,0.0659,0.0356,1.0,0.4336,0.0,0.1537,0.0555,1.0,1.0,0.0124,False,bullish,bullish,False,False,3.279,1.412,False,False,,False,0.9345,0.0,27.96,0.0004,,1.0,1.0,1.0,58.85,-0.0907,245461.76,642439228.12,1.294366,634053802.51,1.326539,0.0255,23685562.68,0.9148,0.0714,0.0,3.3997,0.0743,62000.0,-2.6428,2.1543,-3.43e-05,Bull,Consolidation,-1.0,17010241.69,0.0,0.007766,-0.00184,0.00182,0.0,0.1213,0.1867,7.0,-1011.2903,415867.5,0.000543,,,,,,,,,,,,,,0.002184,0.6658,3.0,0.852864,quiet,5.536886,4.574185,0.5123,0.17278,-0.069949,-0.001079,1.1e-05,3.0,0.9997,4.0,1.0,4.0,0.9923,0.0,4.0,1.0,,0.0,True,16.75,63605.64,-0.1215,-0.4606,0.0,win,0.4515,,,,,,2026-07-06 01:02:25+00:00,True,0.8,0.19999999999999996,2026-07-06 00:53:52+00:00,1.0,0.13220000000000007,2026-07-04/2026-07-10,DISAGREE,-0.13220000000000007
2026-07-06 02:09:34,2026-07-06 02:00,KXBTCD-26JUL0523-T63599.99,2026-07-06T03:00:00Z,63417.93,63599.99,0.2871,0.22,real,0.163481,0.9712,0.00056314,0.00057632,0.00052397,1.0999,0.01,0.00054815,1.0,0.0,1.0,0.0,0.0,-0.0328,2.0,0.0,0.7125,0.0,4.38e-05,-1.0,,0.0,0.0,0.0,1.0,1.0,-0.248,False,False,1.0,1.0,15.92,76.8,38.69,False,0.0,bullish,0.0,0.0,0.055027,0.030384,trade,no,False,False,110.0,50.2,,0.250124,0.025012,62.53,2500.0,4.0,1.0,0.4853,0.4968,-0.4976,-0.1664,-0.2427,0.417,0.0027,-0.0001,-0.2411,-0.0878,0.8757,-1.0,0.5057,False,bullish,bullish,False,False,3.711,1.0,False,False,,False,0.6478,0.0,29.98,0.1572,-0.21,2.0,0.0,-0.5695,58.68,-0.0464,190495.55,642439228.12,1.294366,634053802.51,1.326539,0.0255,23685562.68,0.8985,0.0654,0.0017,0.1092,0.0818,62000.0,-2.2359,2.2187,-3.44e-05,Bull,Consolidation,-1.0,10837005.31,0.0,0.010163,-0.00187,0.00184,0.0,0.0347,0.1562,11.0,-1.9448,1330.4,0.00029,,,,,,,,,,,,,,-0.000465,0.7025,3.0,0.854312,quiet,32.55634,6.28236,0.4243,0.16307,-0.061667,-0.000215,0.000597,3.0,0.9996,3.0,0.9966,4.0,0.9955,0.0,4.0,1.0,2.0,0.0,True,17.64,63453.59,0.0562,-0.2302,0.0,win,0.5503,,,,,,2026-07-06 02:09:34+00:00,True,0.78,0.21999999999999997,2026-07-06 02:04:05+00:00,1.0,0.1320000000000001,2026-07-04/2026-07-10,DISAGREE,-0.1320000000000001
2026-07-06 04:06:33,2026-07-06 04:00,KXBTCD-26JUL0601-T63399.99,2026-07-06T05:00:00Z,63247.75,63399.99,0.2407,0.2,real,0.14467,1.0027,0.00040709,0.00036955,0.00039162,0.9436,0.01,0.00043248,1.0,-1.0,0.0,1.0,0.0,0.0634,2.0,0.0,0.7491,-1.0,5.814e-05,0.0,,0.0,0.0,0.0,1.0,1.0,-0.3668,False,False,0.0,0.0,23.25,60.5,12.91,True,0.0,bullish,0.0,0.0,0.046536,0.022442,trade,no,False,False,107.0,53.21,,0.23268,0.023268,58.17,2500.0,0.0,0.0,0.492,0.4797,0.1251,0.1981,0.0491,1.0,0.6381,0.114,-0.1693,-0.3705,1.0,1.0,0.3427,False,bullish,bullish,False,False,3.99,0.733,False,False,,False,0.5293,0.0,28.34,0.1339,,4.0,1.0,1.0,59.28,-0.0129,252689.53,642439228.12,1.294366,634053802.51,1.326539,0.0255,23685562.68,0.9166,0.0598,0.4685,10.5163,2.2897,62000.0,-1.9728,2.2245,-3.46e-05,Bull,Consolidation,-1.0,10021494.68,0.0,0.007011,-0.00189,0.00172,0.0,0.0198,0.151,19.0,-0.0606,535.1,2.3e-05,,,,,,,,,,,,,,-0.000928,0.6248,3.0,0.853116,quiet,29.310686,3.365795,0.4077,0.199932,-0.013832,0.001405,0.000703,3.0,0.9983,0.0,0.985,4.0,0.9979,0.0,4.0,1.0,,0.0,True,14.54,63259.68,0.0189,-0.2213,0.0,win,0.4921,,,,,,2026-07-06 04:06:33+00:00,True,0.8,0.19999999999999996,2026-07-06 04:01:51+00:00,1.0,0.30800000000000005,2026-07-04/2026-07-10,DISAGREE,-0.30800000000000005
2026-07-06 04:33:50,2026-07-06 04:00,KXBTCD-26JUL0601-T63299.99,2026-07-06T05:00:00Z,63202.09,63299.99,0.1549,0.27,real,0.268273,0.8586,0.00041148,0.000363,0.0004961,0.7317,0.01,0.00046592,1.0,1.0,2.0,1.0,1.0,0.2074,2.0,0.0,0.6875,-1.0,6.216e-05,0.0,,0.0,0.0,0.0,1.0,1.0,-0.488,False,False,0.0,1.0,12.61,55.1,12.94,False,0.0,bullish,0.0,0.0,0.05183,0.02489,trade,no,False,False,105.0,25.92,,0.191963,0.019192,47.98,2500.0,-1.0,3.0,0.619,0.6212,-0.0759,-0.1188,0.08,0.0,0.2476,-0.0274,-0.3103,-0.5112,0.8356,-1.0,0.5833,False,bullish,bullish,False,False,4.065,0.662,False,False,,False,0.4611,0.0,28.34,0.2509,-0.11,4.0,-1.0,-1.0,59.36,-0.0735,252385.04,38468823.05,1.022313,661808071.72,0.800578,2.5387,3289736.46,0.9192,0.0579,0.4685,9.2921,1.5678,62000.0,-1.902,2.1879,-3.47e-05,Bull,Consolidation,-0.7179,6542463.65,0.0,0.004938,-0.00164,0.00193,0.0,0.0173,0.1501,19.0,0.0177,478.1,-4e-06,,,,,,,,,,,,,,-0.001885,0.6029,3.0,0.854792,quiet,48.553654,3.035389,0.3882,0.218223,-0.003487,0.000757,0.0005,3.0,0.9955,0.0,0.9967,4.0,0.9979,0.0,4.0,1.0,2.0,0.0,True,17.75,63259.68,0.0911,-0.0637,0.0,win,0.4921,,,,,,2026-07-06 04:33:50+00:00,True,0.73,0.27,2026-07-06 04:32:19+00:00,1.0,0.3756,2026-07-04/2026-07-10,DISAGREE,-0.3756
2026-07-06 05:05:09,2026-07-06 05:00,KXBTCD-26JUL0602-T63299.99,2026-07-06T06:00:00Z,63148.64,63299.99,0.2397,0.21,real,0.161778,1.0435,0.00034999,0.00029043,0.00040171,0.723,0.01,0.00040845,1.0,0.0,1.0,1.0,0.0,-0.0453,2.0,0.0,0.7486,-1.0,6.563e-05,0.0,,0.0,0.0,0.0,1.0,1.0,-0.5256,False,False,1.0,1.0,12.52,54.17,15.24,False,0.0,bullish,0.0,0.0,0.057261,0.033202,trade,no,False,False,106.0,54.61,,0.272672,0.027267,68.17,2500.0,-1.0,4.0,0.5556,0.5198,-0.0641,-0.1436,-0.0289,0.0,0.0,-0.0289,-0.0516,-0.3344,0.8565,-1.0,0.4489,False,bullish,bullish,False,False,4.153,0.577,False,False,,False,0.4399,0.0,27.85,0.0004,,5.0,-1.0,-1.0,59.5,0.0172,225208.65,38468823.05,1.022313,661808071.72,0.800578,2.5387,3289736.46,0.9223,0.0569,0.4679,0.0428,1.3646,62000.0,-1.819,2.1879,-3.47e-05,Bull,Consolidation,-1.0,9972837.9,0.0,0.001236,-0.00158,0.00168,0.0,0.0157,0.1495,19.0,-0.2169,444.4,0.000101,,,,,,,,,,,,,,-0.001556,0.5949,3.0,0.846767,quiet,49.338709,2.918895,0.4797,0.216701,-0.003766,0.000625,-5e-05,3.0,0.9951,0.0,0.9981,4.0,0.9972,0.0,1.0,1.0,,0.0,True,18.12,63134.65,-0.0222,-0.2612,0.0,win,0.5385,,,,,,2026-07-06 05:05:09+00:00,True,0.79,0.20999999999999996,2026-07-06 05:02:51+00:00,1.0,0.37979999999999997,2026-07-04/2026-07-10,DISAGREE,-0.37979999999999997
2026-07-06 05:19:53,2026-07-06 05:00,KXBTCD-26JUL0602-T63199.99,2026-07-06T06:00:00Z,63126.12,63199.99,0.117,0.38,real,0.321558,0.5086,0.00031724,0.00028483,0.00060626,0.4698,0.01,0.00047909,1.0,0.0,1.0,1.0,0.0,-0.0366,2.0,0.0,0.6356,-1.0,6.665e-05,0.0,,0.0,0.0,0.0,1.0,1.0,-0.5635,False,False,1.0,1.0,8.72,52.66,11.59,False,0.0,bullish,0.0,0.0,0.069185,0.039191,trade,no,False,False,105.0,39.88,,0.182066,0.018207,45.52,2500.0,-1.0,5.0,0.5946,0.5187,-0.2048,0.0383,0.0,0.5223,0.3591,-0.0684,-0.091,-0.3737,0.1162,-1.0,0.457,False,bullish,bullish,False,False,4.19,0.542,False,False,,False,0.4175,0.0,27.74,0.0424,-0.09,5.0,-1.0,-1.0,59.5,-0.0372,227256.94,38468823.05,1.022313,661808071.72,0.800578,2.5387,3289736.46,0.9216,0.0557,0.5056,0.1959,2.3286,62000.0,-1.7839,2.2123,-3.47e-05,Bull,Consolidation,-1.0,10300901.72,0.0,0.0011,-0.0017,0.00187,0.0,0.0142,0.149,18.0,-0.2339,433.7,8.3e-05,,,,,,,,,,,,,,-0.001635,0.5899,3.0,0.848058,quiet,49.79723,2.907586,0.4698,0.216943,-0.003288,0.000442,-0.000105,3.0,0.9949,0.0,0.9982,4.0,0.9974,0.0,4.0,1.0,1.0,0.0,True,27.9,63134.65,0.0135,-0.1034,0.0,win,0.5385,,,,,,2026-07-06 05:19:53+00:00,True,0.62,0.38,2026-07-06 05:18:04+00:00,1.0,0.36960000000000015,2026-07-04/2026-07-10,DISAGREE,-0.36960000000000015
2026-07-06 06:02:19,2026-07-06 06:00,KXBTCD-26JUL0603-T63199.99,2026-07-06T07:00:00Z,63029.47,63199.99,0.2705,0.21,real,0.205342,1.0767,0.00044332,0.00032944,0.0004419,0.7455,0.01,0.0004355,1.0,0.0,1.0,1.0,0.0,-0.0329,2.0,0.0,0.673,-1.0,6.76e-05,0.0,,0.0,-1.0,1.0,2.0,2.0,-0.7393,False,False,1.0,0.0,26.23,45.07,26.15,False,0.0,neutral,0.0,0.0,0.049403,0.024967,trade,no,False,False,105.0,57.48,,0.235252,0.023525,58.81,2500.0,-2.0,2.0,0.5385,0.5876,0.0889,-0.0621,-0.0621,0.0,0.0,-0.0605,-0.267,-0.2896,0.0722,-1.0,0.1931,False,bullish,bullish,False,False,4.35,0.389,False,False,,False,0.3264,0.0,25.09,0.0168,,6.0,1.0,1.0,59.55,0.0288,-13597.79,38468823.05,1.022313,661808071.72,0.800578,2.5387,3289736.46,0.9217,0.0555,8.6699,9.8467,5.5739,62000.0,-1.6333,2.2123,-3.48e-05,Bull,Consolidation,-1.0,9716211.34,0.0,0.001075,-0.00153,0.00164,0.0,0.0222,0.1518,19.0,-0.3138,387.8,0.000173,,,,,,,,,,,,,,-0.001694,0.5946,3.0,0.847445,quiet,48.152038,2.803737,0.4236,0.200623,0.002995,0.000432,0.000191,3.0,0.9939,0.0,0.9976,4.0,0.9979,0.0,4.0,1.0,,0.0,True,15.63,62985.76,-0.0693,-0.339,0.0,win,0.5226,,,,,,2026-07-06 06:02:19+00:00,True,0.79,0.20999999999999996,2026-07-06 05:53:40+00:00,1.0,0.119,2026-07-04/2026-07-10,DISAGREE,-0.119
2026-07-06 07:44:05,2026-07-06 07:00,KXBTCD-26JUL0604-T63099.99,2026-07-06T08:00:00Z,63020.4,63099.99,0.1263,0.25,real,0.141684,0.9893,0.00031448,0.00026514,0.00047245,0.5612,0.01,0.00042383,1.0,0.0,1.0,1.0,1.0,0.132,2.0,0.0,0.4692,-1.0,7.619e-05,0.0,,0.0,0.0,0.0,1.0,1.0,-0.6938,False,False,0.0,0.0,40.32,42.88,25.09,True,0.0,neutral,0.0,0.0,0.095446,0.0713,trade,no,False,False,103.0,15.69,,0.381786,0.038179,95.45,2500.0,-2.0,1.0,0.3793,0.4461,0.2114,0.2061,0.1373,1.0,1.0,0.0862,-0.1179,-0.3243,0.5577,1.0,0.2365,False,bullish,bullish,False,False,4.365,0.375,False,False,,False,0.3726,0.0,23.36,0.4208,,7.0,-1.0,-1.0,59.82,0.0095,-50403.21,38468823.05,1.022313,661808071.72,0.800578,2.5387,3289736.46,0.9202,0.049,1.0,8.8771,4.903,62000.0,-1.6192,2.2613,-3.48e-05,Bull,Consolidation,-0.6254,6171708.35,0.0,0.005514,-0.00134,0.0019,0.0,0.0169,0.15,19.0,-0.0313,449.5,4e-06,,,,,,,,,,,,,,-0.001534,0.5836,3.0,0.845549,quiet,22.514151,2.745703,0.4071,0.183736,0.008891,0.001206,0.000442,3.0,0.9932,0.0,0.9967,4.0,0.9961,0.0,4.0,1.0,,0.0,True,31.82,63142.94,0.1944,0.0681,0.0,win,0.5433,neutral,,,,,2026-07-06 07:44:05+00:00,True,0.75,0.25,2026-07-06 07:39:39+00:00,1.0,0.256,2026-07-04/2026-07-10,DISAGREE,-0.256
2026-07-06 08:03:39,2026-07-06 08:00,KXBTCD-26JUL0605-T63199.99,2026-07-06T09:00:00Z,63065.03,63199.99,0.214,0.32,real,0.301106,0.7922,0.0003375,0.00027524,0.00061045,0.4509,0.01,0.00047422,1.0,-1.0,0.0,1.0,0.0,0.051,2.0,0.0,0.4375,-1.0,9.807e-05,0.0,,0.0,0.0,0.0,1.0,1.0,-0.6202,False,False,-1.0,0.0,52.54,45.08,46.77,False,0.0,neutral,0.0,0.0,0.078614,0.050795,trade,no,False,False,106.0,56.06,,0.245668,0.021123,52.81,2500.0,-1.0,1.0,0.5368,0.5917,0.2748,0.0863,0.0686,1.0,0.5,0.0068,0.1441,-0.0601,0.5756,-1.0,0.2542,False,bullish,bullish,False,False,4.291,0.446,False,False,,False,0.4307,0.0,21.99,0.0,,8.0,1.0,1.0,59.97,0.0536,-58448.56,38468823.05,1.022313,661808071.72,0.800578,2.5387,3289736.46,0.9147,0.0512,1.0,0.3414,4.1613,62000.0,-1.6888,2.2613,-3.48e-05,Bull,Consolidation,-1.0,3385994.05,0.0,0.001353,-0.00106,0.01483,0.0,0.0144,0.1491,19.0,-0.1197,452.4,5.5e-05,,,,,,,,,,,,,,-0.00127,0.5803,3.0,0.838766,quiet,12.978886,2.785005,0.4097,0.194882,0.008505,0.000415,-0.000316,3.0,0.99,0.0,0.9974,4.0,0.9941,0.0,4.0,1.0,,0.0,True,24.85,62890.53,-0.2767,-0.4897,0.0,win,0.5092,neutral,,,,,2026-07-06 08:03:39+00:00,True,0.6799999999999999,0.32000000000000006,2026-07-06 07:54:55+00:00,1.0,0.36179999999999995,2026-07-04/2026-07-10,DISAGREE,-0.36179999999999995
2026-07-06 08:12:35,2026-07-06 08:00,KXBTCD-26JUL0605-T63099.99,2026-07-06T09:00:00Z,62986.14,63099.99,0.1807,0.29,real,0.302172,0.7665,0.00037889,0.00034091,0.00047495,0.7178,0.01,0.00045119,1.0,1.0,2.0,1.0,1.0,0.1255,2.0,0.0,0.4332,-1.0,6.584e-05,0.0,,0.0,-1.0,1.0,2.0,2.0,-0.7556,False,False,0.0,0.0,33.64,42.24,40.47,False,-1.0,neutral,0.0,0.0,0.042916,0.014893,trade,no,False,False,106.0,47.21,,0.147985,0.014798,37.0,2500.0,-1.0,1.0,0.5368,0.5917,0.0228,-0.1588,-0.273,1.0,0.0,-0.0679,0.0693,-0.1348,0.5756,-1.0,0.3348,False,bullish,bullish,False,False,4.421,0.321,False,False,,False,0.3478,0.0,22.37,0.3033,,8.0,1.0,1.0,60.09,0.0536,-58381.57,38468823.05,1.022313,661808071.72,0.800578,2.5387,3289736.46,0.9147,0.0512,1.0,0.3414,4.1613,62000.0,-1.5657,2.2613,-3.48e-05,Bull,Consolidation,-1.0,10505105.14,0.0,0.001612,-0.00167,0.00157,0.0,0.0149,0.1493,19.0,-0.2786,447.4,0.00011,,,,,,,,,,,,,,-0.001364,0.5718,3.0,0.843319,quiet,22.263335,2.830189,0.4464,0.190578,0.005957,7.2e-05,-0.000422,3.0,0.9931,0.0,0.9957,4.0,0.9945,0.0,4.0,1.0,,0.0,True,15.11,62890.53,-0.1518,-0.3319,0.0,win,0.5092,neutral,,,,,2026-07-06 08:12:35+00:00,True,0.71,0.29000000000000004,2026-07-06 08:10:08+00:00,1.0,0.08799999999999988,2026-07-04/2026-07-10,DISAGREE,-0.08799999999999988
2026-07-06 08:15:03,2026-07-06 08:00,KXBTCD-26JUL0605-T62899.99,2026-07-06T09:00:00Z,62995.63,62899.99,-0.1518,0.73,real,0.833219,-0.7253,0.00037884,0.00032931,0.00037068,0.8884,0.01,0.00041211,1.0,1.0,2.0,1.0,1.0,0.272,2.0,0.0,0.4765,-1.0,6.584e-05,0.0,,0.0,-1.0,1.0,2.0,2.0,-0.7562,False,False,0.0,0.0,41.41,42.21,38.72,False,-1.0,neutral,0.0,0.0,0.088219,0.059422,trade,yes,False,False,105.0,44.74,,0.326736,0.016337,40.84,2500.0,-1.0,1.0,0.5368,0.5917,-0.1167,-0.2736,-0.1945,0.0049,0.0037,-0.0685,0.0686,-0.1354,0.4263,-1.0,0.7403,False,bullish,bullish,False,False,4.406,0.336,False,False,,False,0.3475,0.0,22.37,0.3037,,8.0,1.0,1.0,60.09,0.0536,-58384.72,38468823.05,1.022313,661808071.72,0.800578,2.5387,3289736.46,0.9147,0.0512,1.0,0.3414,4.1613,62000.0,-1.5805,2.2613,-3.48e-05,Bull,Consolidation,-1.0,10210689.15,0.0,0.001176,-0.00168,0.0016,0.0,0.0134,0.1487,19.0,-0.2511,447.3,9.4e-05,,,,,,,,,,,,,,-0.001364,0.5718,3.0,0.843346,quiet,22.308382,2.830573,0.4468,0.19054,0.005936,6.9e-05,-0.000423,3.0,0.9932,0.0,0.9957,4.0,0.9945,0.0,4.0,1.0,,0.0,False,-40.84,62890.53,-0.1668,-0.015,0.015,near_miss,0.5092,neutral,,,,,2026-07-06 08:15:03+00:00,False,0.73,-0.73,2026-07-06 08:10:08+00:00,1.0,0.08799999999999988,2026-07-04/2026-07-10,AGREE,0.08799999999999988
2026-07-06 10:37:59,2026-07-06 10:00,KXBTCD-26JUL0607-T62999.99,2026-07-06T11:00:00Z,62920.45,62999.99,0.1264,0.22,real,0.1595,0.8778,0.00025217,0.00021865,0.0003503,0.6242,0.01,0.00036683,1.0,0.0,1.0,1.0,1.0,0.1357,2.0,0.0,0.2892,-1.0,9.145e-05,0.0,,0.0,0.0,0.0,1.0,1.0,-0.6737,False,False,-1.0,0.0,54.65,36.99,42.16,False,0.0,neutral,0.0,0.0,0.040527,0.015219,trade,no,False,False,102.0,21.81,,0.184214,0.018421,46.05,2500.0,-1.0,0.0,0.4559,0.4336,0.219,0.1443,0.03,0.8892,0.9626,0.4546,0.1052,-0.2056,1.0,1.0,0.2323,False,bullish,bullish,False,False,4.531,4.616,False,False,,False,0.4078,0.0,20.15,0.0332,,10.0,1.0,1.0,60.91,0.0137,-36271.6,-75039571.58,0.942877,613675896.7,0.859611,2.2075,2374149.24,0.9281,0.0365,1.0,51.3072,14.8232,62500.0,-0.6682,2.7561,-3.49e-05,Bull,Consolidation,-0.7287,6791568.35,0.0,0.005108,-0.00214,0.00154,0.0,0.0203,0.1512,19.0,-0.5431,354.4,0.000126,,,,,,,,,,,,,,-0.001229,0.5666,3.0,0.845621,quiet,-11.750143,3.277584,0.55,0.138369,-0.013445,0.002994,0.001379,3.0,0.9996,0.0,0.9961,4.0,0.9985,0.0,3.0,1.0,,0.0,True,12.99,62870.48,-0.0794,-0.2056,0.0,win,0.5209,neutral,,,,,2026-07-06 10:37:59+00:00,True,0.78,0.21999999999999997,2026-07-06 10:37:23+00:00,1.0,0.05000000000000007,2026-07-04/2026-07-10,DISAGREE,-0.05000000000000007
2026-07-06 11:03:10,2026-07-06 11:00,KXBTCD-26JUL0608-T62899.99,2026-07-06T12:00:00Z,62774.82,62899.99,0.1994,0.27,real,0.200686,0.8701,0.00030102,0.00023493,0.00043196,0.5439,0.01,0.00040031,1.0,0.0,1.0,1.0,1.0,0.209,2.0,0.0,0.3193,-1.0,8.473e-05,0.0,,0.0,0.0,0.0,1.0,1.0,-0.806,False,False,0.0,0.0,39.54,31.76,42.06,False,0.0,neutral,0.0,0.0,0.075043,0.049057,trade,no,False,False,103.0,56.63,,0.277939,0.027794,69.48,2500.0,-2.0,3.0,0.4516,0.5105,-0.1074,0.0,0.0,0.5,1.0,0.0,0.3166,-0.0323,1.0,-1.0,0.3197,False,bullish,bullish,False,False,4.773,4.394,False,False,,False,0.3438,0.0,18.8,0.0006,,11.0,-1.0,-1.0,60.79,0.0968,-17261.65,-75039571.58,0.942877,613675896.7,0.859611,2.2075,2374149.24,0.9269,0.0272,1.0,0.0345,6.6286,62500.0,-0.4378,2.7319,-3.49e-05,Bull,Consolidation,-1.0,10382104.29,0.0,0.001447,-0.0015,0.00207,0.0,0.0134,0.1487,19.0,-0.9553,359.2,0.000546,,,,,,,,,,,,,,-0.001242,0.5478,3.0,0.839767,quiet,-7.637998,2.898851,0.4826,0.159063,-0.002473,0.000406,-0.000658,3.0,0.9964,0.0,0.9957,4.0,0.9952,0.0,3.0,1.0,,0.0,True,25.7,62308.3,-0.7432,-0.9407,0.0,win,0.5265,neutral,,,,,2026-07-06 11:03:10+00:00,True,0.73,0.27,2026-07-06 11:02:49+00:00,1.0,0.37160000000000015,2026-07-04/2026-07-10,DISAGREE,-0.37160000000000015
2026-07-06 11:10:06,2026-07-06 11:00,KXBTCD-26JUL0608-T62799.99,2026-07-06T12:00:00Z,62746.67,62799.99,0.085,0.4,real,0.361395,0.3837,0.00027732,0.00021794,0.00047556,0.4583,0.01,0.00041317,1.0,0.0,1.0,1.0,1.0,0.1368,2.0,0.0,0.3194,-1.0,8.349e-05,0.0,,0.0,0.0,0.0,1.0,1.0,-0.806,False,False,0.0,0.0,39.54,31.76,42.06,False,0.0,neutral,0.0,0.0,0.045811,0.014799,trade,no,False,False,102.0,49.7,,0.114527,0.011453,28.63,2500.0,-2.0,3.0,0.4516,0.5105,-0.1761,0.0,-0.0143,0.0,0.7529,0.0,0.3166,-0.0323,1.0,-1.0,0.6214,False,bullish,bullish,False,False,4.82,4.351,False,False,,False,0.3445,0.0,18.8,0.0007,-0.16,11.0,-1.0,-1.0,60.66,0.0196,-17241.53,-75039571.58,0.942877,613675896.7,0.859611,2.2075,2374149.24,0.9269,0.0272,1.0,0.0345,6.6286,62500.0,-0.3931,2.7319,-3.49e-05,Bull,Consolidation,-1.0,3598955.75,0.0,0.001335,-0.00151,0.01997,0.0,0.0134,0.1487,19.0,-1.0365,359.2,0.000523,,,,,,,,,,,,,,-0.001242,0.5478,3.0,0.840007,quiet,-7.637998,2.898851,0.4826,0.159063,-0.002473,0.000406,-0.000658,3.0,0.9964,0.0,0.9967,4.0,0.9952,0.0,3.0,1.0,2.0,0.0,True,19.09,62308.3,-0.6986,-0.7829,0.0,win,0.5265,neutral,,,,,2026-07-06 11:10:06+00:00,True,0.6,0.4,2026-07-06 11:07:53+00:00,1.0,0.22560000000000002,2026-07-04/2026-07-10,DISAGREE,-0.22560000000000002
2026-07-07 02:12:54,2026-07-07 02:00,KXBTCD-26JUL0623-T63899.99,2026-07-07T03:00:00Z,63782.64,63899.99,0.184,0.27,real,0.230883,0.7612,0.00053571,0.00057124,0.00043808,1.304,0.01,0.00051862,0.0,0.0,1.0,1.0,0.0,-0.0674,2.0,0.0,0.6228,-1.0,0.0001,0.0,,0.0,0.0,0.0,1.0,1.0,-0.1931,False,False,1.0,1.0,10.16,75.46,15.34,False,0.0,bullish,0.0,0.0,0.044215,0.016978,trade,no,False,False,114.0,46.88,,0.163759,0.016376,40.94,2500.0,2.0,3.0,0.5192,0.5195,-0.049,-0.003,-0.0013,0.1037,0.3983,0.0029,-0.5807,-0.3121,0.6955,-1.0,0.5005,False,bullish,bullish,True,False,3.118,2.011,False,False,,False,0.5104,0.0,22.54,0.3865,,2.0,-1.0,-0.6568,56.32,0.1645,75882.92,344140104.81,1.189517,458161502.07,1.051026,0.0258,36133650.94,0.9479,0.0099,1.0,3.5803,5.8351,62500.0,-2.011,2.5796,-3.42e-05,Bull,Consolidation,-1.0,10141850.19,0.0,0.006435,-0.00154,0.0016,0.0,0.021,0.1514,17.0,0.5261,316.9,-0.00058,,,,,,,,,,,,,,-0.002003,0.5771,3.0,0.905988,quiet,38.069211,1.932177,0.6283,0.168479,0.122936,8e-06,0.001646,0.0,0.9863,0.0,0.9967,5.0,0.9991,0.0,4.0,1.0,,0.0,True,15.14,63312.6,-0.7369,-0.9192,0.0,win,0.5672,neutral,,,,,2026-07-07 02:12:54+00:00,True,0.73,0.27,2026-07-07 02:12:05+00:00,1.0,0.4285999999999999,2026-07-04/2026-07-10,DISAGREE,-0.4285999999999999
2026-07-07 04:41:53,2026-07-07 04:00,KXBTCD-26JUL0701-T63099.99,2026-07-07T05:00:00Z,63157.36,63099.99,-0.0908,0.69,real,0.752493,-0.6648,0.00027389,0.00029993,0.00043355,0.6918,0.01,0.00042545,0.0,1.0,2.0,1.0,0.0,0.0815,2.0,0.0,0.5779,-1.0,7.133e-05,0.0,,0.0,-1.0,1.0,2.0,2.0,-0.7893,False,False,1.0,1.0,4.5,56.28,7.56,False,0.0,neutral,0.0,0.0,0.047493,0.01752,trade,yes,False,False,103.0,17.87,,0.153203,0.00766,19.15,2500.0,-2.0,7.0,0.5344,0.5226,-0.0999,-0.1028,-0.0317,0.2221,0.2745,0.0342,-0.1835,-0.9956,0.5491,1.0,0.8368,False,bullish,bullish,True,False,1.394,1.041,False,False,,False,0.1945,0.0,18.86,0.0827,,4.0,-1.0,-1.0,58.0,-0.0899,11389.42,-405191772.62,0.836043,39779729.91,0.926956,22.0135,5889901.8,0.9454,0.0101,1.0,24.6946,35.2505,62500.0,-1.0408,2.5696,-3.47e-05,Bull,Consolidation,-0.18,3858994.15,0.0,0.009226,-0.00162,0.00148,0.0,0.0161,0.1497,19.0,-0.1287,264.9,6.6e-05,,,,,,,,,,,,,,-0.002864,0.5302,3.0,0.908798,quiet,32.267177,1.663023,0.6491,0.188616,0.170282,0.001468,0.001384,0.0,0.9997,0.0,0.9981,5.0,0.9975,0.0,1.0,1.0,,0.0,False,-19.15,63106.86,-0.08,0.0109,0.0109,near_miss,0.523,neutral,,,,,2026-07-07 04:41:53+00:00,False,0.69,-0.69,2026-07-07 04:39:20+00:00,1.0,0.15620000000000006,2026-07-04/2026-07-10,AGREE,0.15620000000000006
2026-07-07 04:49:23,2026-07-07 04:00,KXBTCD-26JUL0701-T62999.99,2026-07-07T05:00:00Z,63051.67,62999.99,-0.082,0.74,real,0.795836,-0.8134,0.00027216,0.00029812,0.00039561,0.7536,0.01,0.00041163,0.0,1.0,2.0,1.0,0.0,0.042,2.0,0.0,0.6196,-1.0,7.167e-05,0.0,,0.0,-1.0,1.0,2.0,2.0,-0.9306,False,False,1.0,1.0,0.0,54.05,3.94,False,0.0,neutral,0.0,0.0,0.040836,0.012368,trade,yes,False,False,102.0,10.38,,0.15706,0.007853,19.63,2500.0,-2.0,7.0,0.5344,0.5226,-0.1281,-0.1526,-0.1159,0.0,0.0,-0.0833,-0.3007,-1.1119,0.9216,-1.0,0.9181,False,bullish,bullish,True,False,1.564,0.875,False,False,,False,0.1344,0.0,18.96,0.0886,,4.0,-1.0,-0.9948,58.12,-0.1392,8245.76,-405191772.62,0.836043,39779729.91,0.926956,22.0135,5889901.8,0.939,0.0016,1.0,14.6254,39.8869,62500.0,-0.8749,2.5696,-3.47e-05,Bull,Consolidation,-0.0788,4713916.66,0.0,0.007583,-0.00164,0.00113,0.0,0.0178,0.1503,15.0,-0.2482,266.0,7.4e-05,,,,,,,,,,,,,,-0.003032,0.5248,3.0,0.910031,quiet,36.818471,1.652305,0.6769,0.190558,0.17215,0.001092,0.001051,0.0,0.9997,0.0,0.9978,5.0,0.9968,0.0,1.0,1.0,,1.0,True,6.9,63106.86,0.0875,0.1696,0.0,win,0.523,neutral,,,,,2026-07-07 04:49:23+00:00,True,0.74,0.26,2026-07-07 04:39:20+00:00,1.0,0.15620000000000006,2026-07-04/2026-07-10,AGREE,0.15620000000000006
2026-07-07 05:17:38,2026-07-07 05:00,KXBTCD-26JUL0702-T62999.99,2026-07-07T06:00:00Z,62823.38,62999.99,0.2811,0.2,real,0.15726,1.0058,0.00035736,0.00034334,0.00051382,0.6682,0.01,0.00046733,0.0,1.0,2.0,1.0,0.0,-0.0083,2.0,0.0,0.6174,-1.0,6.967e-05,0.0,,0.0,-1.0,1.0,2.0,2.0,-1.3431,False,False,1.0,1.0,0.0,45.17,1.21,False,-1.0,bearish,0.0,0.0,0.041952,0.017637,trade,no,False,False,103.0,42.14,,0.209758,0.020976,52.44,2500.0,-3.0,10.0,0.4627,0.5082,-0.5087,-0.3802,-0.2718,0.0,0.0,-0.4431,-0.5502,-0.7666,0.9635,-1.0,0.3488,False,bullish,bullish,True,False,1.934,0.515,False,False,,False,-0.003,-1.0,18.68,0.0937,,5.0,-1.0,-1.0,58.27,-0.6009,21098.26,-405191772.62,0.836043,39779729.91,0.926956,22.0135,5889901.8,0.9343,-0.0172,1.0,75.34,55.357,62500.0,-0.5147,2.5696,-3.49e-05,Bull,Consolidation,-1.0,10700279.34,0.0,0.001063,-0.00082,0.00237,0.0,0.0872,0.1747,17.0,-0.4894,274.2,0.000557,,,,,,,,,,,,,,-0.003239,0.4996,3.0,0.909811,quiet,32.985609,1.627648,0.6466,0.193805,0.18666,-6.9e-05,-0.000965,0.0,0.9998,0.0,0.4329,5.0,0.9972,0.0,1.0,1.0,,1.0,False,-52.44,63133.81,0.4941,0.2124,0.2124,marginal,0.5465,neutral,,,,,2026-07-07 05:17:38+00:00,False,0.8,-0.8,2026-07-07 05:09:49+00:00,1.0,0.17320000000000002,2026-07-04/2026-07-10,DISAGREE,-0.17320000000000002
2026-07-07 06:03:04,2026-07-07 06:00,KXBTCD-26JUL0703-T62999.99,2026-07-07T07:00:00Z,63124.94,62999.99,-0.1979,0.72,real,0.780036,-0.7643,0.00051506,0.00036166,0.00045147,0.8011,0.01,0.00045293,0.0,0.0,1.0,1.0,0.0,-0.0662,2.0,0.0,0.7271,-1.0,6.6e-05,0.0,,0.0,-1.0,1.0,2.0,2.0,-0.763,False,False,0.0,0.0,44.5,55.58,39.25,False,0.0,bearish,0.0,0.0,0.045036,0.015924,trade,yes,False,False,106.0,56.7,,0.160845,0.008042,20.11,2500.0,-2.0,3.0,0.4516,0.5057,0.0883,-0.1109,0.0,0.0,1.0,0.0584,0.1051,-0.0026,0.2565,-1.0,0.7639,False,bullish,bullish,True,False,1.447,0.99,False,False,,False,0.2798,0.0,18.32,0.0465,,6.0,1.0,1.0,59.49,-0.1021,13513.02,-405191772.62,0.836043,39779729.91,0.926956,22.0135,5889901.8,0.925,0.0,1.0,3.3745,13.2238,62500.0,-0.99,2.5786,-3.47e-05,Bull,Consolidation,-1.0,9589683.71,0.0,0.001355,-0.00221,0.00112,0.0,0.0772,0.1712,19.0,-0.2614,262.4,0.000406,,,,,,,,,,,,,,-0.002269,0.53,3.0,0.905907,quiet,10.7047,1.65453,0.5792,0.196328,0.189251,0.001193,-0.00027,0.0,0.9998,0.0,0.9976,5.0,0.999,0.0,4.0,1.0,,1.0,True,7.82,63346.87,0.3516,0.5506,0.0,win,0.5165,neutral,,,,,2026-07-07 06:03:04+00:00,True,0.72,0.28,2026-07-07 05:55:31+00:00,-1.0,-0.03900000000000012,2026-07-04/2026-07-10,DISAGREE,-0.03900000000000012
2026-07-07 06:14:34,2026-07-07 06:00,KXBTCD-26JUL0703-T63099.99,2026-07-07T07:00:00Z,62959.58,63099.99,0.223,0.23,real,0.170298,0.9697,0.00046603,0.00035541,0.0004485,0.7924,0.01,0.00044963,0.0,0.0,1.0,1.0,0.0,0.027,2.0,0.0,0.6974,-1.0,6.367e-05,0.0,,0.0,-1.0,1.0,2.0,2.0,-0.9632,False,False,1.0,0.0,27.81,51.68,33.69,False,-1.0,bearish,0.0,0.0,0.062505,0.037745,trade,no,False,False,105.0,45.19,,0.271763,0.027176,67.94,2500.0,-2.0,5.0,0.4878,0.5134,-0.2054,-0.1173,-0.0135,0.253,0.1126,-0.1471,-0.1005,-0.2079,0.2565,-1.0,0.376,False,bullish,bullish,True,False,1.713,0.73,False,False,,False,0.1925,0.0,18.32,0.08,-0.13,6.0,-1.0,-1.0,59.99,-0.1021,14386.23,-405191772.62,0.836043,39779729.91,0.926956,22.0135,5889901.8,0.925,0.0,1.0,3.3745,13.2238,62500.0,-0.73,2.5786,-3.48e-05,Bull,Consolidation,-1.0,10068927.35,0.0,0.000924,-0.00176,0.00171,0.0,0.0997,0.1791,19.0,-0.4433,265.1,0.000553,,,,,,,,,,,,,,-0.002497,0.5202,3.0,0.90868,quiet,31.271228,1.658055,0.5908,0.194836,0.188431,0.000536,-0.000854,0.0,0.9998,0.0,0.9981,5.0,0.9988,0.0,1.0,1.0,1.0,1.0,False,-67.94,63346.87,0.6151,0.3913,0.3913,clear_loss,0.5165,neutral,,,,,2026-07-07 06:14:34+00:00,False,0.77,-0.77,2026-07-07 06:11:08+00:00,-1.0,-0.0464,2026-07-04/2026-07-10,AGREE,0.0464
2026-07-07 08:03:47,2026-07-07 08:00,KXBTCD-26JUL0705-T63199.99,2026-07-07T09:00:00Z,63062.36,63199.99,0.2182,0.23,real,0.186366,0.9458,0.00033506,0.00028653,0.00039448,0.7263,0.01,0.00040546,1.0,0.0,1.0,1.0,0.0,0.001,2.0,0.0,0.6136,-1.0,6.094e-05,0.0,,0.0,-1.0,1.0,2.0,2.0,-0.8398,False,False,1.0,0.0,42.0,52.98,45.69,False,-1.0,neutral,0.0,0.0,0.05321,0.028023,trade,no,False,False,106.0,55.95,,0.231349,0.023135,57.84,2500.0,-1.0,3.0,0.619,0.5397,-0.2089,-0.0447,-0.0015,0.0,0.5,0.0288,-0.4244,-0.0786,0.8564,-1.0,0.3295,False,bullish,bullish,True,False,1.547,0.892,False,False,,False,0.2746,0.0,16.45,0.0002,,8.0,-1.0,-1.0,60.88,0.0777,19622.84,-405191772.62,0.836043,39779729.91,0.926956,22.0135,5889901.8,0.9112,-0.0027,1.0,0.1077,2.3161,62500.0,-0.8918,2.5532,-3.47e-05,Bull,Consolidation,-1.0,9949158.68,0.0,0.001331,-0.00152,0.00139,0.0,0.0181,0.1504,19.0,-0.3765,250.2,0.000603,,,,,,,,,,,,,,-0.001981,0.5033,3.0,0.905932,quiet,11.248545,1.736333,0.6377,0.171168,0.177189,3.2e-05,0.000866,0.0,0.9997,5.0,0.6018,5.0,0.9988,0.0,2.0,1.0,,0.0,True,17.28,63058.54,-0.0061,-0.2238,0.0,win,0.5641,rising,,,,,2026-07-07 08:03:47+00:00,True,0.77,0.22999999999999998,2026-07-07 08:02:52+00:00,1.0,0.37959999999999994,2026-07-04/2026-07-10,DISAGREE,-0.37959999999999994
2026-07-07 08:28:18,2026-07-07 08:00,KXBTCD-26JUL0705-T63099.99,2026-07-07T09:00:00Z,63021.34,63099.99,0.1248,0.29,real,0.247586,0.723,0.00030415,0.00027614,0.00040167,0.6875,0.01,0.0004045,1.0,0.0,1.0,0.0,0.0,0.0582,2.0,0.0,0.6087,0.0,4.687e-05,0.0,,0.0,-1.0,1.0,2.0,2.0,-0.8591,False,False,1.0,0.0,39.67,52.55,42.61,False,-1.0,neutral,0.0,0.0,0.050943,0.02321,trade,no,False,False,104.0,31.48,,0.175667,0.017567,43.92,2500.0,-1.0,3.0,0.619,0.5397,-0.0243,-0.0913,-0.1159,1.0,0.1487,0.006,-0.4471,-0.1014,0.5584,1.0,0.3069,False,bullish,bullish,True,False,1.613,0.827,False,False,,False,0.2698,0.0,16.48,0.0565,0.01,8.0,0.0,-0.5328,60.83,0.1512,18562.55,-405191772.62,0.836043,39779729.91,0.926956,22.0135,5889901.8,0.9072,0.0024,1.0,19.1017,2.4425,62500.0,-0.8272,2.5532,-3.48e-05,Bull,Consolidation,-1.0,3252761.2,0.0,0.000822,-0.01015,0.02346,0.0,0.0175,0.1502,19.0,-0.4293,250.7,0.0004,,,,,,,,,,,,,,-0.002002,0.5022,3.0,0.908547,quiet,14.404047,1.731826,0.6381,0.172025,0.177931,-4.1e-05,0.000801,0.0,0.9997,3.0,0.994,5.0,0.9987,0.0,4.0,1.0,1.0,0.0,True,17.94,63058.54,0.059,-0.0657,0.0,win,0.5641,rising,,,,,2026-07-07 08:28:18+00:00,True,0.71,0.29000000000000004,2026-07-07 08:23:12+00:00,1.0,0.20500000000000007,2026-07-04/2026-07-10,DISAGREE,-0.20500000000000007
2026-07-07 10:07:43,2026-07-07 10:00,KXBTCD-26JUL0707-T63499.99,2026-07-07T11:00:00Z,63324.79,63499.99,0.2767,0.18,real,0.077769,1.4047,0.00040705,0.00035214,0.00041839,0.8417,0.01,0.00040092,1.0,0.0,1.0,1.0,1.0,0.1099,2.0,1.0,0.9047,0.0,2.854e-05,0.0,,0.0,0.0,0.0,0.0,0.0,-0.0799,False,False,-1.0,-1.0,87.05,63.46,69.78,False,0.0,neutral,0.0,0.0,0.100715,0.080605,trade,no,False,False,109.0,52.04,,0.559529,0.05,125.0,2500.0,-1.0,-3.0,0.3636,0.4883,0.3807,0.2323,-0.0136,0.8419,0.9347,0.3047,0.4956,0.5813,0.4664,-1.0,0.0911,False,bullish,bullish,True,False,1.126,1.302,False,False,,False,0.5641,0.0,14.59,0.0755,,10.0,1.0,0.9991,61.46,-0.0712,155015.4,12794045.48,1.00637,58406689.1,0.933686,1.5675,4547699.89,0.9067,0.0101,1.0,0.1211,0.5112,,,,-3.45e-05,Bull,Consolidation,-1.0,10382042.12,0.0,0.001231,-0.0017,0.00141,0.0,0.0249,0.1528,18.0,-0.185,233.8,0.000289,,,,,,,,,,,,,,-0.001252,0.56,3.0,0.90405,quiet,-28.93935,1.654036,0.7461,0.174477,0.181506,0.001084,0.000244,0.0,0.9998,4.0,1.0,5.0,0.9989,0.0,4.0,1.0,,0.0,True,27.44,63188.81,-0.2147,-0.49,0.0,win,0.5014,neutral,,,,,2026-07-07 10:07:43+00:00,True,0.8200000000000001,0.17999999999999994,2026-07-07 09:54:33+00:00,1.0,0.44860000000000005,2026-07-04/2026-07-10,DISAGREE,-0.44860000000000005
2026-07-07 10:34:51,2026-07-07 10:00,KXBTCD-26JUL0707-T63299.99,2026-07-07T11:00:00Z,63202.21,63299.99,0.1547,0.21,real,0.158577,0.9788,0.00045163,0.00032202,0.00038403,0.8385,0.02,0.00041631,1.0,-1.0,0.0,0.0,0.0,0.0386,2.0,-1.0,0.9569,0.0,2.312e-05,0.0,,0.0,0.0,0.0,0.0,0.0,-0.276,False,False,0.0,0.0,59.19,58.47,71.17,False,0.0,neutral,0.0,0.0,0.047925,0.023419,trade,no,False,False,105.0,24.92,,0.228215,0.022821,57.05,2500.0,-1.0,0.0,0.4559,0.4767,-0.2418,-0.1972,-0.1107,0.1816,0.1694,0.0423,0.2327,0.3181,0.3375,-1.0,0.2183,False,bullish,bullish,True,False,1.323,1.111,False,False,,False,0.4615,0.0,14.59,0.2088,-0.34,10.0,-1.0,-1.0,61.68,0.0338,156036.85,12794045.48,1.00637,58406689.1,0.933686,1.5675,4547699.89,0.9023,0.0134,1.0,0.1531,0.4156,,,,-3.46e-05,Bull,Consolidation,-0.1877,5028442.39,0.0,0.007309,-0.00161,0.0015,0.0,0.0161,0.1497,19.0,-0.3022,235.3,0.000233,,,,,,,,,,,,,,-0.001454,0.5472,3.0,0.904758,quiet,-19.65753,1.671778,0.7766,0.170809,0.178529,0.000245,-0.000498,0.0,0.9998,4.0,0.9999,5.0,0.9989,0.0,4.0,1.0,2.0,0.0,True,15.17,63188.81,-0.0212,-0.1756,0.0,win,0.5014,neutral,,,,,2026-07-07 10:34:51+00:00,True,0.79,0.20999999999999996,2026-07-07 10:25:03+00:00,1.0,0.36920000000000003,2026-07-04/2026-07-10,DISAGREE,-0.36920000000000003
2026-07-07 10:57:39,2026-07-07 10:00,KXBTCD-26JUL0707-T63199.99,2026-07-07T11:00:00Z,63189.99,63199.99,0.0158,0.52,real,0.370896,0.3232,0.00040463,0.00026509,,,0.02,0.00043993,1.0,-1.0,0.0,0.0,0.0,0.0866,2.0,-1.0,0.9463,0.0,2.442e-05,0.0,,0.0,0.0,0.0,0.0,0.0,-0.3065,False,False,0.0,0.0,54.82,57.73,64.63,False,0.0,neutral,0.0,0.0,0.14751,0.116148,trade,no,False,False,102.0,2.15,,0.283673,0.028367,70.92,2500.0,-1.0,0.0,0.4559,0.4767,-0.2158,-0.0809,-0.0497,1.0,0.0557,0.0036,0.194,0.2794,0.2951,-1.0,0.4421,False,bullish,bullish,True,False,1.342,1.092,False,False,,False,0.4455,0.0,14.59,0.2336,-0.24,10.0,-1.0,-1.0,61.61,-0.2226,155553.45,12794045.48,1.00637,58406689.1,0.933686,1.5675,4547699.89,0.9014,0.0143,1.0,0.1888,0.4529,62500.0,-1.0919,1.6319,-3.46e-05,Bull,Consolidation,0.0816,226722.02,0.0,0.004384,-0.01084,0.02073,0.0,0.0142,0.149,19.0,-0.3109,235.6,2.1e-05,,,,,,,,,,,,,,-0.001484,0.5453,3.0,0.904758,quiet,-15.965842,1.674441,0.7821,0.170184,0.178016,0.000122,-0.000607,0.0,0.9998,4.0,1.0,5.0,0.9989,0.0,3.0,1.0,2.0,1.0,False,-70.92,63188.81,-0.0019,-0.0177,0.0177,near_miss,0.5014,neutral,,,,,2026-07-07 10:57:39+00:00,False,0.48,-0.48,2026-07-07 10:55:28+00:00,1.0,0.33759999999999996,2026-07-04/2026-07-10,DISAGREE,-0.33759999999999996
2026-07-07 11:01:22,2026-07-07 11:00,KXBTCD-26JUL0708-T63199.99,2026-07-07T12:00:00Z,63119.32,63199.99,0.1278,0.36,real,0.294642,0.5069,0.00042937,0.00029384,0.00046615,0.6304,0.01,0.00043377,1.0,-1.0,0.0,0.0,0.0,0.0403,2.0,-1.0,0.9423,0.0,2.442e-05,0.0,,0.0,0.0,0.0,1.0,1.0,-0.3944,False,False,1.0,0.0,42.36,56.05,54.93,False,-1.0,neutral,0.0,0.0,0.057723,0.02796,trade,no,False,False,106.0,58.42,,0.160342,0.024051,60.13,2500.0,-1.0,0.0,0.4559,0.4767,-0.1082,-0.1382,-0.0885,0.8131,0.0,-0.112,-0.0848,0.1053,0.5397,-1.0,0.3385,False,bullish,bullish,True,False,1.456,0.981,False,False,,False,0.3973,0.0,13.66,0.0023,,11.0,-1.0,-1.0,61.61,-0.2226,159123.52,12794045.48,1.00637,58406689.1,0.933686,1.5675,4547699.89,0.9014,0.0143,1.0,0.1888,0.4529,62500.0,-0.9812,1.6319,-3.47e-05,Bull,Consolidation,-1.0,3549125.12,0.0,0.00126,-0.02882,0.02187,0.0,0.0156,0.1495,19.0,-0.4688,220.3,0.000852,,,,,,,,,,,,,,-0.001441,0.5324,3.0,0.897966,quiet,7.030437,1.6689,0.7573,0.167012,0.177734,-0.000486,-0.000603,0.0,0.9998,4.0,1.0,5.0,0.999,0.0,4.0,1.0,,1.0,False,-60.13,63401.34,0.4468,0.3186,0.3186,clear_loss,0.4961,neutral,,,,,2026-07-07 11:01:22+00:00,False,0.64,-0.64,2026-07-07 10:55:28+00:00,1.0,0.33759999999999996,2026-07-04/2026-07-10,DISAGREE,-0.33759999999999996
2026-07-07 11:08:14,2026-07-07 11:00,KXBTCD-26JUL0708-T63299.99,2026-07-07T12:00:00Z,63158.5,63299.99,0.224,0.2,real,0.145599,1.0245,0.00032264,0.00029372,0.00037022,0.7934,0.01,0.00040018,1.0,-1.0,0.0,0.0,0.0,0.0905,2.0,-1.0,0.9359,0.0,2.744e-05,0.0,,0.0,0.0,0.0,1.0,1.0,-0.3499,False,False,0.0,0.0,48.51,56.88,56.98,False,0.0,neutral,0.0,0.0,0.049622,0.025678,trade,no,False,False,106.0,51.58,,0.248108,0.024811,62.03,2500.0,-1.0,0.0,0.4559,0.4767,-0.122,-0.0448,0.1119,0.0279,0.5527,-0.0684,-0.0412,0.1491,0.5397,-1.0,0.3188,False,bullish,bullish,True,False,1.393,1.043,False,False,,False,0.4238,0.0,13.75,0.009,,11.0,-1.0,-1.0,61.52,-0.0039,159264.58,12794045.48,1.00637,58406689.1,0.933686,1.5675,4547699.89,0.9049,0.0047,1.0,0.8197,0.8601,62500.0,-1.0426,1.6319,-3.46e-05,Bull,Consolidation,-1.0,10504678.6,0.0,0.001146,-0.00169,0.00143,0.0,0.0139,0.1489,19.0,-0.4212,220.1,0.000684,,,,,,,,,,,,,,-0.00141,0.5345,3.0,0.899087,quiet,0.64927,1.668721,0.745,0.167151,0.177866,-0.000346,-0.000479,0.0,0.9998,4.0,0.9999,5.0,0.9991,0.0,4.0,1.0,,1.0,False,-62.03,63401.34,0.3845,0.1601,0.1601,marginal,0.4961,neutral,,,,,2026-07-07 11:08:14+00:00,False,0.8,-0.8,2026-07-07 10:55:28+00:00,1.0,0.33759999999999996,2026-07-04/2026-07-10,DISAGREE,-0.33759999999999996
2026-07-07 11:49:27,2026-07-07 11:00,KXBTCD-26JUL0708-T63399.99,2026-07-07T12:00:00Z,63295.17,63399.99,0.1656,0.16,real,0.056459,1.5768,0.00046822,0.00038404,0.00051753,0.7421,0.01,0.00047996,1.0,-1.0,0.0,2.0,-1.0,-0.3196,2.0,0.0,0.7609,0.0,2.801e-05,0.0,,0.0,0.0,0.0,0.0,0.0,-0.1082,False,False,-1.0,-1.0,81.42,61.2,61.4,False,0.0,neutral,0.0,0.0,0.102903,0.084134,trade,no,False,False,106.0,10.34,,0.643144,0.05,125.0,2500.0,-1.0,-2.0,0.3736,0.4859,0.3017,0.331,0.1653,1.0,0.9271,0.1586,0.1859,0.3766,0.5179,1.0,0.0831,False,bullish,bullish,True,False,1.174,1.256,False,False,,False,0.5521,0.0,13.82,0.0751,,11.0,1.0,1.0,61.49,-0.0624,152307.65,12794045.48,1.00637,58406689.1,0.933686,1.5675,4547699.89,0.9116,0.0025,1.0,3.8993,0.793,62500.0,-1.2563,1.6345,-3.45e-05,Bull,Consolidation,-0.8056,4278477.68,0.0,0.004901,-0.00167,0.00388,0.0,0.0197,0.151,18.0,-0.2712,219.0,9.4e-05,,,,,,,,,,,,,,-0.001248,0.5454,3.0,0.902433,quiet,-31.08222,1.667898,0.7124,0.167448,0.178164,0.000382,0.000163,0.0,0.9998,3.0,0.9999,5.0,0.9991,0.0,4.0,1.0,,0.0,True,23.81,63401.34,0.1677,0.0021,0.0,win,0.4961,neutral,,,,,2026-07-07 11:49:27+00:00,True,0.84,0.16000000000000003,2026-07-07 11:46:17+00:00,1.0,0.2549999999999999,2026-07-04/2026-07-10,DISAGREE,-0.2549999999999999
2026-07-07 12:01:29,2026-07-07 12:00,KXBTCD-26JUL0709-T63499.99,2026-07-07T13:00:00Z,63349.91,63499.99,0.2369,0.26,real,0.164456,0.9153,0.00049435,0.00046659,0.00048188,0.9683,0.01,0.00049808,1.0,0.0,1.0,1.0,1.0,0.148,2.0,0.0,0.7515,0.0,2.485e-05,0.0,,0.0,0.0,0.0,0.0,0.0,-0.0496,False,False,-1.0,-1.0,87.06,62.45,77.72,False,0.0,neutral,0.0,0.0,0.08527,0.060176,trade,no,False,False,110.0,58.26,,0.327962,0.032796,81.99,2500.0,0.0,-2.0,0.3813,0.4612,0.32,0.0055,0.0254,0.8244,0.5,0.0188,0.2239,0.2512,0.709,1.0,0.0729,False,bullish,bullish,True,False,1.086,1.342,False,False,,False,0.5764,0.0,13.02,0.0,,12.0,1.0,0.998,61.49,0.0135,149676.62,12794045.48,1.00637,58406689.1,0.933686,1.5675,4547699.89,0.91,0.0062,1.0,0.6464,0.7253,62500.0,-1.3416,1.6345,-3.45e-05,Bull,Consolidation,-1.0,4037385.84,0.0,0.001289,-0.01043,0.01815,0.0,0.0176,0.1502,19.0,-0.4346,151.1,0.001084,,,,,,,,,,,,,,-0.001121,0.5526,3.0,0.89494,quiet,-33.122356,1.671935,0.6877,0.169815,0.174506,-0.000142,-0.000593,0.0,0.9996,3.0,1.0,5.0,0.9989,0.0,4.0,1.0,,0.0,True,28.81,63422.36,0.1144,-0.1223,0.0,win,0.4668,neutral,,,,,2026-07-07 12:01:29+00:00,True,0.74,0.26,2026-07-07 11:46:17+00:00,1.0,0.2549999999999999,2026-07-04/2026-07-10,DISAGREE,-0.2549999999999999
2026-07-07 12:16:11,2026-07-07 12:00,KXBTCD-26JUL0709-T63899.99,2026-07-07T13:00:00Z,63690.96,63899.99,0.3282,0.21,real,0.185568,0.9793,0.00067716,0.00064402,0.0006155,1.0463,0.01,0.00060338,1.0,-1.0,0.0,1.0,0.0,0.0603,2.0,0.0,0.6756,0.0,2.425e-05,0.0,,0.0,0.0,0.0,-1.0,-1.0,0.4763,False,False,-1.0,-1.0,85.93,74.37,89.07,True,0.0,neutral,0.0,0.0,0.03919,0.014275,trade,no,False,False,116.0,43.58,,0.186617,0.018662,46.65,2500.0,2.0,-5.0,0.5278,0.5629,0.5546,0.0363,0.0088,0.6575,0.9426,0.6441,0.8506,0.878,0.8781,1.0,0.0785,False,bullish,bullish,True,False,0.545,1.87,False,False,,False,0.8281,0.0,13.7,0.0166,0.02,12.0,1.0,1.0,61.61,-0.4316,156688.16,12794045.48,1.00637,58406689.1,0.933686,1.5675,4547699.89,0.9039,0.0119,0.0,0.0211,0.1694,62500.0,-1.8699,1.6345,-3.43e-05,Bull,Consolidation,-1.0,10615328.94,0.0,0.004127,-0.002,0.00127,0.0,0.5717,0.3451,19.0,-0.034,152.1,6.6e-05,,,,,,,,,,,,,,-0.000705,0.5863,3.0,0.905817,quiet,-31.543464,1.627392,0.6402,0.176829,0.180718,0.001844,0.001184,0.0,0.9997,5.0,0.8819,5.0,0.9989,0.0,4.0,1.0,4.0,0.0,True,12.4,63422.36,-0.4217,-0.7475,0.0,win,0.4668,neutral,,,,,2026-07-07 12:16:11+00:00,True,0.79,0.20999999999999996,2026-07-07 12:01:32+00:00,1.0,0.29980000000000007,2026-07-04/2026-07-10,DISAGREE,-0.29980000000000007
2026-07-07 13:01:16,2026-07-07 13:00,KXBTCD-26JUL0710-T63599.99,2026-07-07T14:00:00Z,63373.9,63599.99,0.3568,0.23,real,0.126856,1.1279,0.00066763,0.00064074,0.00063001,1.017,0.01,0.00060691,1.0,-1.0,0.0,1.0,0.0,0.017,2.0,0.0,0.399,0.0,2.129e-05,0.0,,0.0,1.0,-1.0,-2.0,0.0,-0.0766,True,False,1.0,0.0,38.81,62.58,51.49,False,0.0,bullish,0.0,0.0,0.101262,0.078411,trade,no,False,False,113.0,58.53,,0.440272,0.044027,110.07,2500.0,0.0,0.0,0.492,0.4914,-0.3163,-0.1223,-0.1105,0.6475,0.0,-0.1229,0.0257,0.2309,0.7781,-1.0,0.2332,False,bullish,bullish,True,False,1.048,1.379,False,False,,False,0.5485,0.0,13.51,0.0016,,13.0,-1.0,-0.8261,62.11,-0.1164,24370.39,56453320.86,1.042061,-231628302.27,1.270401,0.3697,1318825.05,0.9044,0.0091,0.0,0.0472,0.0919,62500.0,-1.379,1.3992,-3.45e-05,Bull,Consolidation,-1.0,10876295.09,0.0,0.001146,-0.00191,0.00158,0.0,0.1627,0.2012,19.0,-0.432,99.7,0.001337,,,,,,,,,,,,,,-0.001047,0.5491,3.0,0.898833,quiet,-3.295341,1.67109,0.7122,0.174138,0.171184,-0.000756,-0.000912,0.0,0.9996,3.0,0.9948,5.0,0.999,0.0,4.0,1.0,,0.0,True,32.88,63003.24,-0.5849,-0.9383,0.0,win,0.5332,neutral,,,,,2026-07-07 13:01:16+00:00,True,0.77,0.22999999999999998,2026-07-07 12:52:20+00:00,1.0,0.3458,2026-07-04/2026-07-10,DISAGREE,-0.3458
2026-07-07 13:08:24,2026-07-07 13:00,KXBTCD-26JUL0710-T63499.99,2026-07-07T14:00:00Z,63274.36,63499.99,0.3566,0.21,real,0.113049,1.1979,0.00059717,0.00066108,0.00061599,1.0732,0.01,0.00060983,1.0,0.0,1.0,0.0,1.0,0.1453,2.0,0.0,0.4607,0.0,2.334e-05,0.0,,0.0,0.0,0.0,0.0,0.0,-0.1821,False,False,1.0,0.0,29.43,60.44,48.37,False,0.0,neutral,0.0,0.0,0.095331,0.073225,trade,no,False,False,111.0,51.35,,0.453957,0.045396,113.49,2500.0,0.0,0.0,0.492,0.4914,-0.3446,-0.2122,-0.1574,0.0,0.0,-0.235,-0.0865,0.1184,0.7781,-1.0,0.1153,False,bullish,bullish,True,False,1.207,1.224,False,False,,False,0.4894,0.0,13.31,0.0074,,13.0,-1.0,-1.0,62.0,-0.1732,31443.32,56453320.86,1.042061,-231628302.27,1.270401,0.3697,1318825.05,0.9044,0.0091,0.0,0.0472,0.0919,62500.0,-1.2238,1.3992,-3.46e-05,Bull,Consolidation,-1.0,10598336.77,0.0,0.001181,-0.00176,0.00143,0.0,0.254,0.2333,19.0,-0.5863,99.5,0.001632,,,,,,,,,,,,,,-0.001117,0.5438,3.0,0.900682,quiet,8.561788,1.676855,0.745,0.17256,0.169839,-0.001114,-0.001231,0.0,0.9996,3.0,0.9999,5.0,0.9989,0.0,4.0,1.0,,0.0,True,30.17,63003.24,-0.4285,-0.7823,0.0,win,0.5332,neutral,,,,,2026-07-07 13:08:24+00:00,True,0.79,0.20999999999999996,2026-07-07 13:02:32+00:00,1.0,0.3778000000000001,2026-07-04/2026-07-10,DISAGREE,-0.3778000000000001
2026-07-07 13:14:59,2026-07-07 13:00,KXBTCD-26JUL0710-T63399.99,2026-07-07T14:00:00Z,63271.58,63399.99,0.203,0.3,real,0.25114,0.6591,0.00055802,0.00068004,0.00057789,1.1768,0.01,0.00060494,1.0,0.0,1.0,0.0,1.0,0.1769,2.0,0.0,0.4567,0.0,2.33e-05,0.0,,0.0,0.0,0.0,0.0,0.0,-0.2071,False,False,1.0,0.0,27.22,60.79,35.8,False,0.0,neutral,0.0,0.0,0.046352,0.0181,trade,no,False,False,111.0,44.76,,0.154506,0.015451,38.63,2500.0,0.0,0.0,0.492,0.4914,-0.3604,0.0238,0.0417,0.8091,0.3205,-0.2163,-0.0678,0.1371,0.6519,-1.0,0.225,False,bullish,bullish,True,False,1.211,1.219,False,False,,False,0.4762,0.0,13.15,0.0748,-0.03,13.0,-1.0,-1.0,62.0,-0.0654,31898.54,56453320.86,1.042061,-231628302.27,1.270401,0.3697,1318825.05,0.906,0.0176,0.0,0.4202,0.177,62500.0,-1.2195,1.3992,-3.45e-05,Bull,Consolidation,-1.0,3815615.64,0.0,0.001364,-0.01018,0.01942,0.0,0.1041,0.1806,19.0,-0.5937,99.6,0.001472,,,,,,,,,,,,,,-0.001105,0.5447,3.0,0.902058,quiet,7.118074,1.675891,0.739,0.172834,0.170073,-0.001055,-0.001178,0.0,0.9996,3.0,1.0,5.0,0.9989,0.0,4.0,1.0,1.0,0.0,True,16.56,63003.24,-0.4241,-0.6258,0.0,win,0.5332,neutral,,,,,2026-07-07 13:14:59+00:00,True,0.7,0.30000000000000004,2026-07-07 13:02:32+00:00,1.0,0.3778000000000001,2026-07-04/2026-07-10,DISAGREE,-0.3778000000000001
2026-07-07 14:18:10,2026-07-07 14:00,KXBTCD-26JUL0711-T63299.99,2026-07-07T15:00:00Z,62956.21,63299.99,0.5461,0.2,real,0.14223,1.0704,0.00096898,0.00123092,0.00100359,1.2265,0.01,0.00093942,1.0,0.0,1.0,0.0,0.0,-0.0223,2.0,0.0,0.5618,0.0,3.254e-05,-1.0,,0.0,0.0,0.0,1.0,1.0,-0.5423,False,False,1.0,1.0,12.8,49.89,11.38,True,-1.0,neutral,0.0,0.0,0.053294,0.029532,trade,no,False,False,109.0,41.57,,0.266472,0.039971,99.93,2500.0,-1.0,6.0,0.6504,0.5456,-0.5461,-0.0407,-0.1783,0.0,0.286,-0.0647,-0.7869,-0.6392,0.1375,-1.0,0.0175,False,bullish,bullish,True,False,1.718,0.725,False,False,,False,0.2793,0.0,12.48,0.5889,-0.11,14.0,-1.0,-1.0,61.84,0.1504,-375826.03,56453320.86,1.042061,-231628302.27,1.270401,0.3697,1318825.05,0.9081,-0.0093,0.3692,4.0859,1.3186,62500.0,-0.7246,1.4334,-3.48e-05,Bull,Consolidation,-1.0,4642181.89,0.0,0.001045,-0.00248,0.02452,0.0,0.0421,0.1588,19.0,-1.2373,69.5,0.003284,,,,,,,,,,,,,,-0.001377,0.5136,3.0,0.910199,quiet,21.409733,1.719217,0.5433,0.156544,0.165795,-0.000562,0.001897,0.0,0.9994,3.0,0.9944,5.0,0.9987,0.0,4.0,1.0,2.0,1.0,False,-99.93,63562.4,0.9629,0.4145,0.4145,clear_loss,0.5555,neutral,,,,,2026-07-07 14:18:10+00:00,False,0.8,-0.8,2026-07-07 14:08:41+00:00,1.0,0.36119999999999997,2026-07-04/2026-07-10,DISAGREE,-0.36119999999999997
2026-07-07 14:35:12,2026-07-07 14:00,KXBTCD-26JUL0711-T63099.99,2026-07-07T15:00:00Z,63137.18,63099.99,-0.0589,0.44,real,0.568119,-0.18,0.00099056,0.00124902,,,0.01,0.00078592,1.0,0.0,1.0,0.0,1.0,0.147,2.0,0.0,0.5517,0.0,3.361e-05,-1.0,,0.0,0.0,0.0,0.0,0.0,-0.2388,False,False,0.0,0.0,32.17,56.62,24.55,True,-1.0,neutral,0.0,0.0,0.128119,0.095871,trade,yes,False,False,109.0,24.6,,0.228783,0.011439,28.6,2500.0,0.0,0.0,0.492,0.4916,0.0328,0.3006,0.0574,0.8608,0.8712,0.2897,-0.4351,-0.2869,0.6858,1.0,0.5509,False,bullish,bullish,True,False,1.427,1.009,False,False,,False,0.3912,0.0,12.48,0.6208,0.16,14.0,1.0,1.0,61.83,-0.2635,-368421.69,56453320.86,1.042061,-231628302.27,1.270401,0.3697,1318825.05,0.9158,-0.0158,0.3692,2.6832,1.3911,62500.0,-1.0092,1.4334,-3.47e-05,Bull,Consolidation,-1.0,2722973.87,0.0,0.002122,-0.00298,0.02159,0.0,0.0429,0.1591,19.0,-0.9161,65.9,0.001613,,,,,,,,,,,,,,-0.001169,0.5303,3.0,0.910199,quiet,-2.473616,1.830692,0.6921,0.134559,0.147281,0.000555,0.002917,0.0,0.9988,3.0,0.9998,5.0,0.999,0.0,4.0,1.0,2.0,1.0,True,36.4,63562.4,0.6735,0.7328,0.0,win,0.5555,neutral,,,,,2026-07-07 14:35:12+00:00,True,0.44,0.56,2026-07-07 14:34:08+00:00,1.0,0.13100000000000003,2026-07-04/2026-07-10,AGREE,0.13100000000000003
2026-07-07 19:20:04,2026-07-07 19:00,KXBTCD-26JUL0716-T63699.99,2026-07-07T20:00:00Z,63515.49,63699.99,0.2905,0.2,real,0.143793,0.9852,0.00072438,0.00074784,0.00054701,1.3671,0.01,0.00061481,-1.0,1.0,2.0,0.0,1.0,0.4109,2.0,0.0,0.6739,0.0,4.54e-05,-1.0,,0.0,0.0,0.0,0.0,0.0,-0.0884,False,False,1.0,1.0,20.81,65.99,8.33,True,0.0,neutral,0.0,0.0,0.044063,0.01985,trade,no,False,False,161.0,39.69,,0.220317,0.02087,52.18,2500.0,-1.0,0.0,0.4559,0.4541,-0.4664,0.0076,0.0912,0.6921,0.2295,-0.2584,-1.0339,-0.7433,0.5874,-1.0,0.0176,False,bullish,bullish,True,False,3.551,1.599,False,False,,True,0.4356,0.0,10.67,0.1539,,19.0,-1.0,-1.0,58.39,-0.3047,-259551.68,53900408.23,1.011881,264570179.06,1.081987,0.6855,21156590.0,0.9367,0.0015,0.0,11.0406,0.2784,63000.0,-0.8116,1.3536,-3.44e-05,Bull,Consolidation,-1.0,3831690.57,0.0,0.001626,-0.0019,0.0155,0.0,0.1893,0.2106,18.0,-0.1036,174.9,9.9e-05,,,,,,,,,,,,,,-0.00068,0.5525,3.0,0.934583,low,28.888724,1.918748,0.5083,0.121252,0.141445,-0.00169,0.001598,0.0,0.9409,3.0,0.9992,3.0,0.7758,0.0,4.0,1.0,,1.0,False,-52.18,63847.52,0.5228,0.2316,0.2316,marginal,0.5434,neutral,,,,,2026-07-07 19:20:04+00:00,False,0.8,-0.8,2026-07-07 19:16:29+00:00,1.0,0.22340000000000004,2026-07-04/2026-07-10,DISAGREE,-0.22340000000000004
2026-07-07 19:28:12,2026-07-07 19:00,KXBTCD-26JUL0717-T63999.99,2026-07-07T21:00:00Z,63605.54,63999.99,0.6202,0.15,real,0.050373,1.522,0.00070952,0.00070214,0.00062326,1.1266,0.01,0.00062414,-1.0,0.0,1.0,0.0,0.0,-0.0876,2.0,0.0,0.6102,0.0,4.516e-05,-1.0,,0.0,0.0,0.0,0.0,0.0,-0.0176,False,False,1.0,1.0,26.21,68.79,10.13,True,0.0,bullish,0.0,0.0,0.090826,0.071929,trade,no,False,False,161.0,91.6,,0.60551,0.05,125.0,2500.0,-1.0,0.0,0.4559,0.4541,-0.1662,0.2605,0.0699,1.0,0.5546,-0.1123,-0.8889,-0.5979,0.5874,-1.0,0.01,False,bullish,bullish,True,False,3.405,1.738,False,False,,True,0.4632,0.0,10.67,0.1915,,19.0,-1.0,-0.9671,58.47,-0.3047,-258680.99,53900408.23,1.011881,264570179.06,1.081987,0.6855,21156590.0,0.935,-0.0009,0.0096,36.6647,0.6371,63000.0,-0.952,1.3536,-3.43e-05,Bull,Consolidation,-1.0,10543530.73,0.0,0.006749,-0.00156,0.00159,0.0,0.2022,0.2151,18.0,0.0689,176.7,-0.000136,,,,,,,,,,,,,,-0.000613,0.5604,3.0,0.934583,low,27.547582,1.972787,0.5202,0.109699,0.134362,-0.001242,0.002037,0.0,0.917,3.0,0.8886,3.0,0.7781,0.0,4.0,1.0,,0.0,True,22.06,63778.62,0.2721,-0.3459,0.0,win,0.5434,neutral,,,,,2026-07-07 19:28:12+00:00,True,0.85,0.15000000000000002,2026-07-07 19:26:36+00:00,1.0,0.20440000000000008,2026-07-04/2026-07-10,DISAGREE,-0.20440000000000008
2026-07-07 19:32:50,2026-07-07 19:00,KXBTCD-26JUL0716-T63899.99,2026-07-07T20:00:00Z,63678.19,63899.99,0.3483,0.15,real,0.05307,1.5511,0.00073303,0.00071205,0.00064632,1.1017,0.01,0.00063508,-1.0,-1.0,0.0,0.0,0.0,0.0274,2.0,0.0,0.6148,0.0,4.531e-05,-1.0,,0.0,0.0,0.0,0.0,0.0,0.146,False,False,1.0,0.0,38.7,69.93,23.03,True,0.0,bullish,0.0,0.0,0.0921,0.073281,trade,no,False,False,161.0,26.94,,0.613998,0.05,125.0,2500.0,-1.0,0.0,0.4559,0.4541,-0.0366,0.2423,0.1638,0.5085,0.6867,-0.0529,-0.83,-0.5388,0.2474,1.0,0.01,False,bullish,bullish,True,False,3.287,1.85,False,False,,True,0.5272,0.0,10.67,0.1945,,19.0,1.0,1.0,58.47,-0.3418,-258483.12,53900408.23,1.011881,264570179.06,1.081987,0.6855,21156590.0,0.935,-0.0009,0.0096,36.6647,0.6371,63000.0,-1.065,1.3536,-3.43e-05,Bull,Consolidation,-1.0,10646249.54,0.0,0.006567,-0.00166,0.00182,0.0,0.1206,0.1864,19.0,0.225,177.4,-0.000147,,,,,,,,,,,,,,-0.000586,0.5636,3.0,0.934583,low,26.548005,1.995604,0.5263,0.104929,0.13143,-0.00106,0.002215,0.0,0.8271,3.0,0.8323,3.0,0.7509,0.0,4.0,1.0,,0.0,True,22.06,63847.52,0.2659,-0.0821,0.0,win,0.5434,neutral,,,,,2026-07-07 19:32:50+00:00,True,0.85,0.15000000000000002,2026-07-07 19:31:40+00:00,1.0,0.27299999999999996,2026-07-04/2026-07-10,DISAGREE,-0.27299999999999996
2026-07-07 20:59:52,2026-07-07 20:00,KXBTCD-26JUL0718-T63799.99,2026-07-07T22:00:00Z,63655.62,63799.99,0.2268,0.28,real,0.228122,0.7569,0.00041528,0.0004584,0.00050221,0.9128,0.03,0.00050881,-1.0,-1.0,0.0,0.0,0.0,-0.0019,2.0,0.0,0.4591,0.0,4.441e-05,0.0,,0.0,0.0,0.0,0.0,0.0,0.0829,False,False,0.0,0.0,34.96,70.92,36.04,False,0.0,bullish,0.0,0.0,0.054265,0.027031,trade,no,False,False,110.0,59.9,,0.193804,0.01938,48.45,2500.0,0.0,0.0,0.492,0.5057,-0.0715,0.0847,0.0184,1.0,0.2216,-0.1855,-0.0013,-0.7787,0.5797,-1.0,0.0251,False,bullish,bullish,True,False,3.323,1.815,False,False,,True,0.4944,0.0,10.35,0.9673,,20.0,1.0,0.9993,58.89,0.0052,-149764.68,-125286827.39,0.943248,-47219009.45,0.814523,0.9586,7068389.71,0.9361,0.001,1.0,0.402,1.6819,63000.0,-1.03,1.3568,-3.43e-05,Bull,Consolidation,-1.0,10481589.12,0.0,0.006756,-0.00151,0.00155,0.0,0.0149,0.1493,18.0,0.2008,173.4,-0.000282,,,,,,,,,,,,,,-0.000538,0.5694,3.0,0.935579,low,22.937405,2.076287,0.5346,0.025079,0.111207,-0.00047,-0.000131,0.0,0.3391,3.0,0.9982,3.0,0.909,0.0,1.0,1.0,,0.0,True,18.84,63280.6,-0.5891,-0.8141,0.0,win,0.517,neutral,,,,,2026-07-07 20:59:52+00:00,True,0.72,0.28,2026-07-07 20:57:52+00:00,1.0,0.30140000000000006,2026-07-04/2026-07-10,DISAGREE,-0.30140000000000006
2026-07-07 21:06:16,2026-07-07 21:00,KXBTCD-26JUL0718-T63699.99,2026-07-07T22:00:00Z,63803.39,63699.99,-0.1621,0.71,real,0.759698,-0.5385,0.00046836,0.00052889,0.00040061,1.3202,0.01,0.00049011,-1.0,0.0,1.0,0.0,1.0,0.1933,2.0,0.0,0.4508,0.0,4.509e-05,0.0,,0.0,0.0,0.0,0.0,0.0,0.3119,False,False,-1.0,0.0,52.59,75.91,40.08,False,0.0,bullish,0.0,0.0,0.049698,0.020285,trade,yes,False,False,115.0,53.53,,0.171374,0.008569,21.42,2500.0,1.0,0.0,0.5648,0.5756,0.2583,0.2473,0.0784,1.0,1.0,0.2606,0.0747,0.2593,0.1669,1.0,0.745,False,bullish,bullish,True,False,3.084,2.043,False,False,,True,0.5943,0.0,10.12,0.0035,,21.0,1.0,1.0,58.85,-0.0552,-150229.71,-125286827.39,0.943248,-47219009.45,0.814523,0.9586,7068389.71,0.9361,0.001,1.0,0.402,1.6819,63000.0,-1.2592,1.3568,-3.42e-05,Bull,Consolidation,-1.0,10741427.94,0.0,0.007857,-0.00183,0.00191,0.0,0.0275,0.1537,19.0,0.7444,144.8,-0.001109,,,,,,,,,,,,,,-0.000407,0.5871,3.0,0.929631,low,-0.099153,2.41304,0.5854,-0.101818,0.114763,0.00101,0.001422,1.0,0.9844,3.0,1.0,3.0,0.979,0.0,4.0,1.0,,0.0,False,-21.42,,,,,,0.517,neutral,,,,,2026-07-07 21:06:16+00:00,False,0.71,-0.71,2026-07-07 21:02:57+00:00,1.0,0.29200000000000004,2026-07-04/2026-07-10,AGREE,0.29200000000000004
2026-07-08 00:00:01,2026-07-08 00:00,KXBTCD-26JUL0721-T63499.99,2026-07-08T01:00:00Z,63328.6,63499.99,0.2706,0.25,real,0.166074,1.0546,0.0003451,0.00040249,0.00051852,0.7762,0.01,0.00048769,-1.0,-1.0,0.0,0.0,0.0,0.0248,2.0,0.0,0.322,0.0,3.631e-05,0.0,,0.0,0.0,0.0,0.0,0.0,,False,False,1.0,0.0,21.16,60.58,27.13,False,-1.0,neutral,0.0,0.0,0.097633,0.073592,trade,no,False,False,109.0,59.72,,0.390531,0.039053,97.63,2500.0,0.0,1.0,0.5641,0.5363,-0.5187,-0.159,-0.0532,0.1064,0.5,0.0,-0.3343,-0.0699,0.9374,-1.0,0.074,False,bullish,bullish,True,False,3.857,1.308,False,False,,True,0.3354,0.0,12.06,0.0,,0.0,-1.0,-1.0,58.94,-0.006,-75245.39,0.0,1.0,0.0,1.0,1.0,0.0,0.9309,0.0121,1.0,4.939,4.9845,,,,-3.45e-05,Bull,Consolidation,-1.0,9764889.0,0.0,0.001771,-0.00123,0.00208,0.0,0.0268,0.1534,19.0,-0.1937,92.5,0.000373,,,,,,,,,,,,,,0.000184,0.4762,3.0,0.932602,low,20.471502,2.354815,0.6597,-0.095041,0.110885,0.000372,0.000658,1.0,0.9988,3.0,0.9971,3.0,0.999,0.0,4.0,1.0,,1.0,False,-97.63,63580.07,0.3971,0.1261,0.1261,marginal,0.5682,neutral,,,,,2026-07-08 00:00:01+00:00,False,0.75,-0.75,2026-07-07 23:51:07+00:00,1.0,0.053600000000000037,2026-07-04/2026-07-10,DISAGREE,-0.053600000000000037
2026-07-08 00:01:18,2026-07-08 00:00,KXBTCD-26JUL0721-T63199.99,2026-07-08T01:00:00Z,63290.8,63199.99,-0.1435,0.68,real,0.758072,-0.6162,0.00034519,0.00039799,0.00040141,0.9915,0.01,0.00044805,-1.0,-1.0,0.0,0.0,0.0,-0.0136,2.0,0.0,0.308,0.0,3.631e-05,0.0,,0.0,0.0,0.0,0.0,0.0,,False,False,1.0,0.0,20.56,60.47,26.93,False,-1.0,neutral,0.0,0.0,0.078072,0.04784,trade,yes,False,False,109.0,58.49,,0.243975,0.012199,30.5,2500.0,0.0,1.0,0.5641,0.5363,-0.4922,-0.1651,-0.0573,0.1064,0.0,-0.0061,-0.3404,-0.0761,0.9374,-1.0,0.9149,False,bullish,bullish,True,False,3.919,1.249,False,False,,True,0.3346,0.0,12.06,0.0,,0.0,-1.0,-1.0,58.94,-0.006,-75394.9,0.0,1.0,0.0,1.0,1.0,0.0,0.9309,0.0121,1.0,4.939,4.9845,,,,-3.45e-05,Bull,Consolidation,-1.0,10285634.43,0.0,0.001911,-0.00193,0.00176,0.0,0.0268,0.1535,19.0,-0.3041,92.5,0.000576,,,,,,,,,,,,,,0.000181,0.4759,3.0,0.932703,low,20.720608,2.353378,0.661,-0.0947,0.111019,0.000353,0.000639,1.0,0.9988,3.0,0.9971,3.0,0.999,0.0,4.0,1.0,,1.0,True,14.35,63580.07,0.457,0.6014,0.0,win,0.5682,neutral,,,,,2026-07-08 00:01:18+00:00,True,0.68,0.31999999999999995,2026-07-08 00:01:18+00:00,-1.0,-0.2158,2026-07-04/2026-07-10,DISAGREE,-0.2158
2026-07-08 00:06:54,2026-07-08 00:00,KXBTCD-26JUL0721-T63299.99,2026-07-08T01:00:00Z,63415.28,63299.99,-0.1818,0.73,real,0.791311,-0.7986,0.00034589,0.00042975,0.00040833,1.0524,0.01,0.0004608,-1.0,-1.0,0.0,0.0,0.0,-0.086,2.0,0.0,0.3659,0.0,2.409e-05,0.0,,0.0,0.0,0.0,0.0,0.0,,False,False,0.0,0.0,37.63,63.61,32.62,False,0.0,neutral,0.0,0.0,0.061311,0.032514,trade,yes,False,False,110.0,52.88,,0.227076,0.011354,28.38,2500.0,0.0,0.0,0.492,0.5057,-0.1879,0.1492,0.1742,0.5918,0.6948,0.1587,-0.1761,0.0887,0.9374,-1.0,0.9176,False,bullish,bullish,True,False,3.715,1.443,False,False,,True,0.4163,0.0,12.06,0.1191,,0.0,-1.0,-1.0,58.82,-0.0281,-66119.87,0.0,1.0,0.0,1.0,1.0,0.0,0.9309,0.0121,1.0,4.939,4.9845,,,,-3.45e-05,Bull,Consolidation,-1.0,10957582.69,0.0,0.001995,-0.00188,0.00183,0.0,0.0391,0.1578,19.0,0.0246,90.7,-4.4e-05,,,,,,,,,,,,,,0.000263,0.4845,3.0,0.936476,low,2.684755,2.392702,0.6325,-0.103628,0.107346,0.000864,0.001125,1.0,0.9992,3.0,0.997,3.0,0.9991,0.0,4.0,1.0,,1.0,True,10.5,63580.07,0.2599,0.4425,0.0,win,0.5682,neutral,,,,,2026-07-08 00:06:54+00:00,True,0.73,0.27,2026-07-08 00:01:18+00:00,-1.0,-0.2158,2026-07-04/2026-07-10,DISAGREE,-0.2158
2026-07-08 01:01:00,2026-07-08 01:00,KXBTCD-26JUL0722-T63699.99,2026-07-08T02:00:00Z,63554.87,63699.99,0.2283,0.25,real,0.190092,0.8907,0.00048813,0.00048854,0.00044116,1.1074,0.01,0.00049126,0.0,-1.0,0.0,0.0,0.0,-0.0161,2.0,1.0,1.0,0.0,2.059e-05,0.0,,0.0,0.0,0.0,1.0,1.0,-0.104,False,False,0.0,0.0,69.95,67.82,77.51,False,0.0,neutral,0.0,0.0,0.062284,0.036611,trade,no,False,False,111.0,58.75,,0.249138,0.031142,77.86,2500.0,0.0,0.0,0.492,0.5056,0.0411,-0.0638,-0.0721,0.3627,0.0233,-0.0567,0.3798,0.0442,0.7957,-1.0,0.1296,False,bullish,bullish,True,False,3.487,1.66,False,False,,True,0.5022,0.0,12.3,0.0026,,1.0,-1.0,-1.0,59.03,-0.0158,-62362.12,-129817165.1,0.886896,-336002928.58,0.844017,4.6833,3164118.81,0.9371,0.011,1.0,0.0156,3.5517,63000.0,-0.8731,1.3747,-3.44e-05,Bull,Consolidation,-1.0,10702664.69,0.0,0.001635,-0.00181,0.00178,0.0,0.0201,0.1511,15.0,0.3762,94.7,-0.000636,,,,,,,,,,,,,,0.000356,0.4883,3.0,0.934158,low,-3.717229,2.531088,0.6715,-0.120362,0.098186,0.000266,-0.001388,1.0,0.9997,4.0,0.9956,3.0,0.9989,0.0,4.0,1.0,,0.0,True,25.95,62934.91,-0.9755,-1.2011,0.0,win,0.5502,rising,,,,,2026-07-08 01:01:00+00:00,True,0.75,0.25,2026-07-08 00:52:08+00:00,1.0,0.29479999999999995,2026-07-04/2026-07-10,DISAGREE,-0.29479999999999995
2026-07-08 01:12:10,2026-07-08 01:00,KXBTCD-26JUL0722-T63599.99,2026-07-08T02:00:00Z,63514.05,63599.99,0.1353,0.31,real,0.273505,0.6141,0.00047925,0.00046604,0.00039515,1.1794,0.01,0.00046919,0.0,-1.0,0.0,0.0,0.0,0.0216,2.0,1.0,0.9352,0.0,2.119e-05,0.0,,0.0,0.0,0.0,1.0,1.0,-0.1352,False,False,0.0,0.0,65.78,67.15,76.12,False,0.0,neutral,0.0,0.0,0.039121,0.010295,trade,no,False,False,110.0,47.63,,0.126196,0.01262,31.55,2500.0,0.0,0.0,0.492,0.5056,-0.1593,-0.0016,0.0902,0.7639,0.6148,-0.092,0.3443,0.0088,0.7957,-1.0,0.2018,False,bullish,bullish,True,False,3.554,1.597,False,False,,True,0.4866,0.0,12.3,0.0478,-0.02,1.0,-1.0,-1.0,59.01,-0.0023,-60600.5,-129817165.1,0.886896,-336002928.58,0.844017,4.6833,3164118.81,0.9371,0.011,1.0,0.0156,3.5517,63000.0,-0.8093,1.3747,-3.44e-05,Bull,Consolidation,-1.0,10304995.5,0.0,0.002163,-0.00168,0.00143,0.0,0.0216,0.1517,15.0,0.2516,94.2,-0.000359,,,,,,,,,,,,,,0.000339,0.4865,3.0,0.936757,low,-0.832656,2.544074,0.6795,-0.122999,0.097264,0.000157,-0.001492,1.0,0.9997,4.0,0.9955,3.0,0.9989,0.0,4.0,1.0,4.0,0.0,True,14.17,62934.91,-0.9118,-1.0457,0.0,win,0.5502,rising,,,,,2026-07-08 01:12:10+00:00,True,0.69,0.31000000000000005,2026-07-08 01:02:20+00:00,1.0,0.45619999999999994,2026-07-04/2026-07-10,DISAGREE,-0.45619999999999994
2026-07-08 06:51:27,2026-07-08 06:00,KXBTCD-26JUL0803-T62699.99,2026-07-08T07:00:00Z,62642.33,62699.99,0.0921,0.29,real,0.178601,0.8329,0.00045436,0.0003814,0.00057608,0.6621,0.01,0.0005036,-1.0,1.0,2.0,0.0,0.0,-0.0133,2.0,0.0,0.6415,0.0,-1.762e-05,0.0,,0.0,-1.0,1.0,2.0,2.0,-0.7672,False,False,0.0,1.0,35.72,40.47,21.84,True,0.0,bearish,0.0,0.0,0.095702,0.069744,trade,no,False,False,93.0,8.33,,0.330008,0.033001,82.5,2500.0,-2.0,3.0,0.4516,0.3996,0.222,0.1918,0.2112,1.0,0.9076,0.0661,-0.1085,-0.1471,0.5381,-1.0,0.1317,False,bullish,bearish,False,False,4.995,4.192,False,False,,False,0.2103,0.0,21.11,0.8508,,6.0,-1.0,-0.9792,61.38,-0.0248,-1832.77,-346079162.97,0.849318,-607677084.88,0.804992,6.7613,10285061.61,0.9386,-0.0239,1.0,59.358,4.2948,63000.0,0.571,1.3948,-3.5e-05,Bull,Consolidation,-0.3649,4368730.1,0.0,0.013059,-0.00125,0.00193,0.0,0.0302,0.1546,19.0,-1.2378,295.2,0.000156,,,,,,,,,,,,,,-0.000861,0.4608,2.0,0.94478,low,1.251693,3.057158,0.7042,-0.165512,0.073992,0.000873,0.000543,1.0,0.9994,3.0,0.997,2.0,0.9754,0.0,4.0,1.0,,0.0,True,33.7,62619.76,-0.036,-0.128,0.0,win,0.5398,rising,,,,,2026-07-08 06:51:27+00:00,True,0.71,0.29000000000000004,2026-07-08 06:47:45+00:00,1.0,0.20920000000000005,2026-07-04/2026-07-10,DISAGREE,-0.20920000000000005
2026-07-08 11:05:13,2026-07-08 11:00,KXBTCD-26JUL0808-T62199.99,2026-07-08T12:00:00Z,62093.46,62199.99,0.1716,0.29,real,0.21996,0.6333,0.00036095,0.00033913,0.00041933,0.8087,0.01,0.00043618,-1.0,-1.0,0.0,0.0,0.0,-0.0424,2.0,0.0,0.5743,0.0,-2.533e-05,1.0,,0.0,0.0,0.0,1.0,1.0,-1.0188,False,False,0.0,0.0,33.21,24.57,33.52,False,0.0,bearish,0.0,0.0,0.041643,0.013576,trade,no,False,False,91.0,54.57,,0.143596,0.021539,53.85,2500.0,-5.0,3.0,0.4552,0.4282,-0.0181,-0.0256,-0.0294,0.0,0.0,0.0003,0.1322,0.1741,0.1397,-1.0,0.7439,False,bearish,bearish,False,True,5.923,3.345,False,False,,False,0.2042,0.0,29.35,0.0107,,11.0,1.0,1.0,64.32,0.0113,-434669.92,145817162.33,1.114645,-225461209.9,0.828342,1.6882,1787959.44,0.9325,-0.0772,1.0,2.2832,9.4237,62500.0,0.6547,1.2806,-3.54e-05,Bull,Consolidation,-1.0,8529369.52,0.0,0.000596,-0.00178,0.00135,0.0,0.0218,0.1517,11.0,0.2697,989.8,-0.0001,,,,,,,,,,,,,,-0.001795,0.4401,2.0,0.955921,low,-16.300858,4.749541,0.6541,-0.333646,0.005429,0.00096,-0.000348,3.0,0.9998,3.0,0.9982,2.0,0.9996,0.0,4.0,1.0,,1.0,False,-53.85,62267.42,0.2802,0.1084,0.1084,marginal,0.5432,rising,,,,,2026-07-08 11:05:13+00:00,False,0.71,-0.71,2026-07-08 11:02:13+00:00,1.0,0.33179999999999993,2026-07-04/2026-07-10,DISAGREE,-0.33179999999999993
2026-07-08 12:01:20,2026-07-08 12:00,KXBTCD-26JUL0809-T62399.99,2026-07-08T13:00:00Z,62184.32,62399.99,0.3468,0.23,real,0.120316,1.0003,0.00062631,0.00061293,0.0006131,0.9997,0.01,0.00059586,-1.0,-1.0,0.0,1.0,0.0,0.0314,2.0,0.0,0.5697,0.0,-2.703e-05,0.0,,0.0,0.0,0.0,1.0,1.0,-0.7981,False,False,-1.0,-1.0,83.79,28.33,77.18,False,0.0,bearish,0.0,0.0,0.084969,0.061289,trade,no,False,False,94.0,58.42,,0.369431,0.033066,82.67,2500.0,-4.0,0.0,0.3982,0.4134,0.256,-0.0458,-0.1499,0.3072,0.0,-0.0761,0.2011,0.3333,0.1221,1.0,0.5323,False,bearish,bearish,False,True,5.768,3.486,False,False,,False,0.3149,0.0,29.43,0.0,,12.0,1.0,1.0,64.38,0.1235,-400176.11,145817162.33,1.114645,-225461209.9,0.828342,1.6882,1787959.44,0.9395,-0.0438,1.0,0.1375,8.7453,62500.0,0.5077,1.2665,-3.53e-05,Bull,Consolidation,-1.0,3822238.73,0.0,0.004828,-0.01905,0.01312,0.0,0.0299,0.1546,15.0,-0.1636,682.5,9.5e-05,,,,,,,,,,,,,,-0.000894,0.4616,2.0,0.953973,low,-27.485182,5.178611,0.6431,-0.304111,0.009547,0.000316,-0.001468,3.0,1.0,3.0,0.9972,2.0,0.9995,0.0,4.0,1.0,,0.0,True,24.69,61944.62,-0.3855,-0.7298,0.0,win,0.5543,rising,,,,,2026-07-08 12:01:20+00:00,True,0.77,0.22999999999999998,2026-07-08 11:53:26+00:00,1.0,0.3388,2026-07-04/2026-07-10,DISAGREE,-0.3388
2026-07-08 12:28:09,2026-07-08 12:00,KXBTCD-26JUL0809-T62299.99,2026-07-08T13:00:00Z,62185.51,62299.99,0.1841,0.24,real,0.164844,0.817,0.0007049,0.00055819,0.00046289,1.2059,0.01,0.00052654,-1.0,-1.0,0.0,1.0,0.0,-0.0699,2.0,0.0,0.527,0.0,9.7e-07,0.0,,0.0,0.0,0.0,1.0,1.0,-0.8428,False,False,0.0,-1.0,71.96,27.37,85.19,True,0.0,bearish,0.0,0.0,0.047732,0.021861,trade,no,False,False,93.0,31.65,,0.198883,0.029832,74.58,2500.0,-4.0,1.0,0.4186,0.3933,-0.0963,-0.1751,-0.0642,0.069,0.1064,-0.1274,0.1496,0.2818,0.2881,1.0,0.4377,False,bearish,bearish,False,True,5.766,3.488,False,False,,False,0.302,0.0,29.29,0.0968,-0.25,12.0,-1.0,-1.0,64.4,0.0983,-393979.54,145817162.33,1.114645,-225461209.9,0.828342,1.6882,1787959.44,0.9415,-0.0431,1.0,0.1189,9.0786,62500.0,0.5057,1.2665,-3.53e-05,Bull,Consolidation,-1.0,10426917.77,0.0,0.004856,-0.00126,0.00171,0.0,0.0364,0.1568,16.0,-0.0505,720.5,1.5e-05,,,,,,,,,,,,,,-0.000907,0.4591,2.0,0.957638,low,-22.895001,5.033482,0.6472,-0.306657,0.008649,0.000158,-0.001621,3.0,0.9999,3.0,0.9963,2.0,0.9995,0.0,3.0,1.0,2.0,0.0,True,23.55,61944.62,-0.3874,-0.5704,0.0,win,0.5543,rising,,,,,2026-07-08 12:28:09+00:00,True,0.76,0.24,2026-07-08 12:23:54+00:00,1.0,0.3627999999999999,2026-07-04/2026-07-10,DISAGREE,-0.3627999999999999
2026-07-08 12:33:54,2026-07-08 12:00,KXBTCD-26JUL0809-T62199.99,2026-07-08T13:00:00Z,62098.18,62199.99,0.164,0.25,real,0.173367,0.7984,0.00072019,0.0005554,0.00047732,1.1636,0.01,0.00053054,-1.0,-1.0,0.0,0.0,0.0,0.0465,2.0,0.0,0.5277,0.0,7.4e-07,0.0,,0.0,0.0,0.0,1.0,1.0,-0.9728,False,False,1.0,0.0,59.7,25.06,74.57,True,-1.0,bearish,0.0,0.0,0.051205,0.025056,trade,no,False,False,91.0,25.89,,0.204822,0.030723,76.81,2500.0,-4.0,1.0,0.4186,0.3933,-0.204,-0.1952,-0.1311,0.0,0.0,-0.2505,0.0262,0.1582,0.5335,-1.0,0.518,False,bearish,bearish,False,True,5.915,3.352,False,False,,False,0.2513,0.0,29.29,0.0975,-0.47,12.0,-1.0,-1.0,64.4,0.0625,-394053.61,145817162.33,1.114645,-225461209.9,0.828342,1.6882,1787959.44,0.9415,-0.0431,1.0,0.1189,9.0786,62500.0,0.6471,1.2665,-3.54e-05,Bull,Consolidation,-1.0,9912704.96,0.0,0.00067,-0.00146,0.00167,0.0,0.0269,0.1535,17.0,0.1312,830.7,-2.8e-05,,,,,,,,,,,,,,-0.000939,0.4531,2.0,0.959119,low,-15.693799,4.752402,0.6591,-0.312251,0.006488,-0.000219,-0.001989,3.0,0.9999,3.0,0.9968,2.0,0.9996,0.0,4.0,1.0,2.0,0.0,True,25.6,61944.62,-0.2473,-0.4106,0.0,win,0.5543,rising,,,,,2026-07-08 12:33:54+00:00,True,0.75,0.25,2026-07-08 12:23:54+00:00,1.0,0.3627999999999999,2026-07-04/2026-07-10,DISAGREE,-0.3627999999999999
2026-07-08 13:02:59,2026-07-08 13:00,KXBTCD-26JUL0810-T62199.99,2026-07-08T14:00:00Z,61899.51,62199.99,0.4854,0.18,real,0.075224,1.2442,0.00047228,0.00058084,0.00070192,0.8275,0.01,0.00061477,-1.0,0.0,1.0,0.0,0.0,-0.0744,2.0,0.0,0.5472,0.0,5.69e-06,0.0,,0.0,-1.0,1.0,2.0,2.0,-1.2803,False,False,1.0,0.0,21.07,18.98,32.07,False,-1.0,bearish,0.0,0.0,0.084693,0.063657,trade,no,False,False,93.0,56.81,,0.470516,0.070577,176.44,2500.0,-7.0,5.0,0.3902,0.4007,-0.3251,-0.228,-0.0235,0.0,0.4748,-0.0234,-0.5748,-0.299,0.7275,-1.0,0.3232,False,bearish,bearish,False,True,6.255,3.042,False,False,,False,0.1619,0.0,30.57,0.0002,,13.0,-1.0,-1.0,63.8,-0.0137,-181264.24,-303436263.78,0.91545,-586879525.76,0.881204,8.2536,18913829.41,0.939,-0.076,1.0,5.055,3.2724,62500.0,0.9701,1.2401,-3.55e-05,Bull,Consolidation,-1.0,10720191.4,0.0,0.000871,-0.00157,0.00152,0.0,0.0232,0.1522,19.0,3.643,3388.4,-0.000457,,,,,,,,,,,,,,-0.001765,0.5146,3.0,0.955092,low,-7.576561,4.301486,0.6948,-0.315082,-0.001071,-5.5e-05,0.001057,3.0,0.9998,3.0,0.997,2.0,0.9997,0.0,1.0,1.0,,0.0,True,38.73,62006.92,0.1735,-0.3104,0.0,win,0.5688,rising,,,,,2026-07-08 13:02:59+00:00,True,0.8200000000000001,0.17999999999999994,2026-07-08 12:54:29+00:00,-1.0,-0.021400000000000086,2026-07-04/2026-07-10,AGREE,0.021400000000000086
2026-07-08 13:30:52,2026-07-08 13:00,KXBTCD-26JUL0810-T62099.99,2026-07-08T14:00:00Z,61856.77,62099.99,0.3932,0.2,real,0.111603,1.1397,0.00051183,0.00064715,0.00086715,0.7463,0.01,0.00069603,-1.0,1.0,2.0,0.0,0.0,-0.0553,2.0,0.0,0.5559,0.0,1.131e-05,0.0,,0.0,-1.0,1.0,2.0,2.0,-1.2839,False,False,1.0,1.0,24.27,18.28,14.89,True,-1.0,bearish,0.0,0.0,0.078154,0.055664,trade,no,False,False,90.0,28.91,,0.390771,0.039077,97.69,2500.0,-7.0,4.0,0.4474,0.4433,-0.0373,0.0919,0.237,0.2907,0.7274,-0.0607,-0.6119,-0.3362,0.8133,-1.0,0.1782,False,bearish,bearish,False,True,6.328,2.975,False,False,,False,0.1674,0.0,30.84,0.2411,,13.0,-1.0,-1.0,63.51,0.0853,-197664.02,-303436263.78,0.91545,-586879525.76,0.881204,8.2536,18913829.41,0.9387,-0.072,1.0,404.1185,2.5548,62500.0,1.0399,1.2401,-3.55e-05,Bull,Consolidation,-1.0,11068607.52,0.0,0.000734,-0.00119,0.00191,0.0,0.0356,0.1565,19.0,5.1856,4318.6,-0.000261,,,,,,,,,,,,,,-0.001784,0.5129,3.0,0.960081,low,-6.608456,4.405328,0.6981,-0.312316,-3.2e-05,-0.000169,0.000945,3.0,0.9999,3.0,0.9965,2.0,0.9997,0.0,4.0,1.0,,0.0,True,24.42,62006.92,0.2427,-0.1499,0.0,win,0.5688,rising,,,,,2026-07-08 13:30:52+00:00,True,0.8,0.19999999999999996,2026-07-08 13:25:01+00:00,1.0,0.2864,2026-07-04/2026-07-10,DISAGREE,-0.2864
2026-07-08 13:42:58,2026-07-08 13:00,KXBTCD-26JUL0810-T61999.99,2026-07-08T14:00:00Z,61934.78,61999.99,0.1053,0.38,real,0.323424,0.3984,0.00055704,0.00066856,0.00083979,0.7961,0.01,0.00069987,-1.0,1.0,2.0,0.0,0.0,-0.0725,2.0,0.0,0.4524,0.0,1.617e-05,0.0,,0.0,-1.0,1.0,2.0,2.0,-1.2564,False,False,1.0,1.0,26.62,18.74,15.67,True,-1.0,bearish,0.0,0.0,0.042135,0.011475,trade,no,False,False,89.0,16.83,,0.110882,0.011088,27.72,2500.0,-7.0,4.0,0.4474,0.4433,0.0332,-0.1376,-0.0838,0.3941,0.6115,-0.0362,-0.5875,-0.3117,0.8133,-1.0,0.7643,False,bearish,bearish,False,True,6.194,3.098,False,False,,False,0.1845,0.0,30.84,0.2758,0.01,13.0,1.0,1.0,63.55,0.0468,-201649.32,-303436263.78,0.91545,-586879525.76,0.881204,8.2536,18913829.41,0.9333,-0.068,1.0,8.9083,1.6635,62500.0,0.9126,1.2401,-3.55e-05,Bull,Consolidation,-1.0,10160327.8,0.0,0.000817,-0.0015,0.00155,0.0,0.0414,0.1586,19.0,4.1616,3658.2,-0.000144,,,,,,,,,,,,,,-0.001771,0.514,3.0,0.961799,low,-7.221996,4.335811,0.6959,-0.314143,-0.000716,-9.4e-05,0.001019,3.0,0.9999,3.0,0.9981,2.0,0.9997,0.0,4.0,1.0,2.0,0.0,True,16.99,62006.92,0.1165,0.0112,0.0,win,0.5688,rising,,,,,2026-07-08 13:42:58+00:00,True,0.62,0.38,2026-07-08 13:25:01+00:00,1.0,0.2864,2026-07-04/2026-07-10,DISAGREE,-0.2864
2026-07-08 14:09:18,2026-07-08 14:00,KXBTCD-26JUL0811-T62199.99,2026-07-08T15:00:00Z,61933.7,62199.99,0.43,0.21,real,0.167588,0.968,0.00069115,0.00089305,0.00074875,1.1927,0.01,0.00074255,-1.0,0.0,1.0,0.0,0.0,-0.035,2.0,0.0,0.4335,0.0,2.512e-05,0.0,,0.0,-1.0,1.0,2.0,2.0,-1.1237,False,False,0.0,0.0,47.31,20.89,37.17,False,0.0,bearish,0.0,0.0,0.043127,0.018395,trade,no,False,False,94.0,50.49,,0.205368,0.020537,51.34,2500.0,-4.0,3.0,0.4672,0.5022,0.0317,0.1456,0.1402,0.0,0.8214,0.1456,0.0794,-0.4726,0.016,-1.0,0.036,False,bearish,bearish,False,True,6.196,3.096,False,False,,False,0.2772,0.0,32.29,0.0237,-0.04,14.0,1.0,1.0,63.88,0.3025,-19272.07,-303436263.78,0.91545,-586879525.76,0.881204,8.2536,18913829.41,0.9387,-0.0798,1.0,10.0248,3.0776,62500.0,0.9144,1.2693,-3.55e-05,Bull,Consolidation,-1.0,8721710.8,0.0,0.000976,-0.00152,0.00134,0.0,0.0231,0.1522,18.0,3.9946,2480.2,-0.000634,,,,,,,,,,,,,,-0.000511,0.5241,1.0,0.958053,low,-27.654264,2.571686,0.7343,-0.318874,-0.002266,0.000805,0.000965,3.0,0.9863,3.0,0.9507,2.0,0.9999,0.0,4.0,1.0,4.0,0.0,True,13.65,61920.23,-0.0217,-0.4498,0.0,win,0.5471,rising,,,,,2026-07-08 14:09:18+00:00,True,0.79,0.20999999999999996,2026-07-08 14:05:48+00:00,1.0,0.32919999999999994,2026-07-04/2026-07-10,DISAGREE,-0.32919999999999994
2026-07-08 14:17:17,2026-07-08 14:00,KXBTCD-26JUL0811-T61899.99,2026-07-08T15:00:00Z,61799.67,61899.99,0.1623,0.41,real,0.326566,0.3173,0.00081215,0.00107457,0.00109348,0.9827,0.01,0.00093323,-1.0,0.0,1.0,1.0,-1.0,-0.1959,2.0,0.0,0.5138,0.0,2.63e-05,0.0,,0.0,-1.0,1.0,2.0,2.0,-1.3147,False,False,1.0,0.0,31.16,17.19,40.89,False,-1.0,bearish,0.0,0.0,0.051085,0.019978,trade,no,False,False,92.0,42.5,,0.124597,0.01869,46.72,2500.0,-7.0,3.0,0.4552,0.4282,0.1429,-0.1895,-0.2015,0.622,0.1104,-0.0533,-0.1193,-0.6702,0.6466,1.0,0.4111,False,bearish,bearish,False,True,6.426,2.886,False,False,,False,0.2058,0.0,32.01,0.0334,,14.0,1.0,1.0,63.88,0.3025,-24737.19,-303436263.78,0.91545,-586879525.76,0.881204,8.2536,18913829.41,0.9387,-0.0798,1.0,10.0248,3.0776,62500.0,1.1332,1.2693,-3.56e-05,Bull,Consolidation,-1.0,8071025.67,0.0,0.001058,-0.00167,0.00192,0.0,0.0844,0.1737,19.0,21.4014,9740.2,-0.00074,,,,,,,,,,,,,,-0.001727,0.5116,1.0,0.962025,low,-4.219684,2.573929,0.7568,-0.320006,-0.001997,0.000196,0.000372,3.0,0.9862,3.0,0.9957,2.0,0.9999,0.0,4.0,1.0,,0.0,True,32.47,61920.23,0.1951,0.0327,0.0,win,0.5471,rising,,,,,2026-07-08 14:17:17+00:00,True,0.5900000000000001,0.4099999999999999,2026-07-08 14:10:52+00:00,1.0,0.07819999999999999,2026-07-04/2026-07-10,DISAGREE,-0.07819999999999999
2026-07-08 15:05:42,2026-07-08 15:00,KXBTCD-26JUL0812-T61999.99,2026-07-08T16:00:00Z,61772.64,61999.99,0.368,0.25,real,0.180152,0.7617,0.00085339,0.00100877,0.00074073,1.3619,0.01,0.00078085,-1.0,0.0,1.0,0.0,0.0,-0.0152,2.0,0.0,0.3885,0.0,2.79e-05,0.0,,0.0,-1.0,1.0,2.0,2.0,-1.3733,False,False,1.0,0.0,24.09,14.92,31.05,False,-1.0,bearish,0.0,0.0,0.041811,0.015272,trade,no,False,False,93.0,54.07,,0.167244,0.025087,62.72,2500.0,-7.0,3.0,0.4552,0.4282,-0.1457,-0.2024,-0.1242,0.0029,0.0353,-0.1803,-0.1749,-0.2409,0.2128,1.0,0.3924,False,bearish,bearish,False,True,6.473,2.843,False,False,,False,0.2031,0.0,32.7,0.003,,15.0,1.0,1.0,63.97,0.1502,-15315.89,-303436263.78,0.91545,-586879525.76,0.881204,8.2536,18913829.41,0.937,-0.0792,1.0,3.0406,2.9261,62500.0,1.1775,1.2662,-3.56e-05,Bull,Consolidation,-1.0,10216085.98,0.0,0.000719,-0.00116,0.0018,0.0,0.0192,0.1508,19.0,3.8258,1891.7,-0.000885,,,,,,,,,,,,,,-0.001703,0.4793,1.0,0.959305,low,0.722168,1.536505,0.7361,-0.326704,-0.002224,-0.000184,-0.000463,3.0,0.9812,3.0,0.9965,2.0,1.0,0.0,4.0,1.0,,0.0,True,20.91,61705.76,-0.1083,-0.4746,0.0,win,0.536,rising,,,,,2026-07-08 15:05:42+00:00,True,0.75,0.25,2026-07-08 15:01:45+00:00,1.0,0.26099999999999995,2026-07-04/2026-07-10,DISAGREE,-0.26099999999999995
2026-07-08 21:06:06,2026-07-08 21:00,KXBTCD-26JUL0818-T62299.99,2026-07-08T22:00:00Z,62086.01,62299.99,0.3447,0.14,real,0.037595,1.4569,0.00043629,0.00043201,0.00043459,0.9941,0.01,0.00047391,-1.0,-1.0,0.0,1.0,0.0,0.0165,2.0,-1.0,0.8304,-1.0,8.232e-05,-1.0,,0.0,0.0,0.0,0.0,0.0,0.1307,False,False,1.0,0.0,26.59,17.84,30.62,False,0.0,bearish,0.0,0.0,0.081131,0.062253,trade,no,False,False,92.0,53.7,,0.579505,0.05,125.0,2500.0,-5.0,0.0,0.2888,0.3473,-0.1307,0.0165,0.0528,1.0,1.0,0.0158,-0.2309,-0.1077,0.7205,-1.0,0.3537,False,bearish,bearish,False,True,5.935,3.334,False,False,,False,0.4679,0.0,29.59,0.0293,,21.0,0.0,-0.3899,64.28,-0.0711,-188862.05,190650955.08,1.136113,-263405347.58,1.038914,0.0861,2208084.56,0.9472,-0.0684,0.0,9.0953,0.2842,62500.0,0.6668,1.3611,-3.54e-05,Bull,Consolidation,-1.0,8992023.13,0.0,0.004415,-0.00157,0.00139,0.0,0.0148,0.1492,19.0,-0.0448,299.9,4.6e-05,,,,,,,,,,,,,,0.000107,0.2951,3.0,0.94767,low,-13.938089,1.404922,0.6401,-0.441368,-0.017111,-0.000268,0.00075,3.0,0.9927,2.0,1.0,2.0,0.9816,0.0,1.0,1.0,,0.0,True,20.35,62227.46,0.2278,-0.1164,0.0,win,0.5551,rising,,,3.0,,2026-07-08 21:06:06+00:00,True,0.86,0.14,2026-07-08 21:02:00+00:00,1.0,0.37159999999999993,2026-07-04/2026-07-10,DISAGREE,-0.37159999999999993
2026-07-08 21:11:24,2026-07-08 21:00,KXBTCD-26JUL0818-T62099.99,2026-07-08T22:00:00Z,62005.26,62099.99,0.1528,0.34,real,0.261024,0.6402,0.00043214,0.00041937,0.00053207,0.7882,0.01,0.00050411,-1.0,0.0,1.0,1.0,0.0,0.0282,2.0,0.0,0.9011,-1.0,8.315e-05,-1.0,,0.0,0.0,0.0,0.0,0.0,0.0571,False,False,1.0,1.0,9.54,16.33,24.93,False,0.0,bearish,0.0,0.0,0.107154,0.07965,trade,no,False,False,91.0,48.39,,0.31516,0.031516,78.79,2500.0,-6.0,2.0,0.3043,0.3657,-0.1676,-0.022,-0.0748,0.0,0.0,-0.059,-0.3055,-0.1824,0.7205,-1.0,0.43,False,bearish,bearish,False,True,6.073,3.208,False,False,,False,0.4271,0.0,29.59,0.0293,-0.11,21.0,-1.0,-1.0,64.28,-0.0711,-188912.95,190650955.08,1.136113,-263405347.58,1.038914,0.0861,2208084.56,0.9499,-0.0678,0.0,18.6296,0.5003,62500.0,0.7979,1.3611,-3.54e-05,Bull,Consolidation,-1.0,9731122.98,0.0,0.001025,-0.00147,0.00149,0.0,0.0153,0.1494,19.0,-0.149,306.6,0.000136,,,,,,,,,,,,,,5e-05,0.287,3.0,0.948029,low,-4.724334,1.410888,0.6269,-0.439845,-0.016185,-0.000537,0.000569,3.0,0.9926,0.0,0.998,2.0,0.9859,0.0,4.0,1.0,4.0,1.0,False,-78.79,,,,,,0.5551,rising,,,3.0,,2026-07-08 21:11:24+00:00,False,0.6599999999999999,-0.6599999999999999,2026-07-08 21:07:03+00:00,1.0,0.39019999999999994,2026-07-04/2026-07-10,DISAGREE,-0.39019999999999994
2026-07-09 00:19:05,2026-07-09 00:00,KXBTCD-26JUL0821-T62199.99,2026-07-09T01:00:00Z,62145.52,62199.99,0.0877,0.35,real,0.265266,0.4894,0.00035443,0.00032953,0.00035647,0.9244,0.01,0.00041272,0.0,-1.0,0.0,1.0,0.0,-0.0555,2.0,-1.0,0.937,-1.0,8.606e-05,-1.0,,0.0,0.0,0.0,0.0,0.0,,False,False,0.0,0.0,60.46,20.69,69.87,True,0.0,bearish,0.0,0.0,0.053791,0.024198,trade,no,False,False,91.0,40.69,,0.153688,0.015369,38.42,2500.0,-3.0,0.0,0.375,0.4249,-0.0916,0.004,0.004,0.5,0.2415,-0.1519,-0.1854,-0.0299,0.839,-1.0,0.2554,False,bearish,bearish,False,True,5.834,3.426,False,False,,True,0.478,0.0,27.59,0.0355,-0.1,0.0,-1.0,-0.9952,63.8,0.0783,-168353.51,-57545627.31,0.927181,44990939.52,0.953176,7.8703,730187.91,0.9412,-0.0728,1.0,80.5848,4.4914,62500.0,0.5704,1.3443,2.6e-05,Bull,Consolidation,-1.0,10455332.56,0.0,0.00086,-0.00159,0.00175,0.0,0.0153,0.1494,19.0,-0.1114,106.1,0.000179,,,,,,,,,,,,,,0.000969,0.3253,3.0,0.935676,quiet,0.466427,1.486886,0.6625,-0.401942,-0.034447,-0.000821,-0.000342,3.0,0.9587,2.0,1.0,3.0,0.7153,0.0,4.0,1.0,4.0,0.0,True,20.69,62123.01,-0.0362,-0.1238,0.0,win,0.496,neutral,,,6.0,,2026-07-09 00:19:05+00:00,True,0.65,0.35,2026-07-09 00:16:17+00:00,1.0,0.26119999999999993,2026-07-04/2026-07-10,DISAGREE,-0.26119999999999993
2026-07-09 00:26:03,2026-07-09 00:00,KXBTCD-26JUL0821-T62099.99,2026-07-09T01:00:00Z,62080.14,62099.99,0.032,0.45,real,0.338088,0.1579,0.00033237,0.00035241,0.00043828,0.8041,0.01,0.00045908,0.0,-1.0,0.0,1.0,0.0,-0.0568,2.0,-1.0,1.0,-1.0,8.155e-05,-1.0,,0.0,0.0,0.0,0.0,0.0,,False,False,1.0,0.0,49.13,19.15,66.1,True,0.0,bearish,0.0,0.0,0.046564,0.014717,trade,no,False,False,89.0,33.71,,0.103476,0.010348,25.87,2500.0,-5.0,0.0,0.2888,0.3473,-0.2471,-0.1364,-0.1025,0.0,0.0,-0.228,-0.2615,-0.1061,0.839,-1.0,0.4931,False,bearish,bearish,False,True,5.945,3.324,False,False,,True,0.4356,0.0,27.65,0.0369,,0.0,1.0,1.0,63.8,0.0783,-168270.85,-57545627.31,0.927181,44990939.52,0.953176,7.8703,730187.91,0.9383,-0.0706,1.0,12.0398,4.4492,62500.0,0.6763,1.3443,3.9e-05,Bull,Consolidation,-1.0,7068586.4,0.0,0.005195,-0.00148,0.00148,0.0,0.0163,0.1498,19.0,-0.2485,106.4,0.000338,,,,,,,,,,,,,,0.000885,0.3191,3.0,0.936126,quiet,5.603332,1.486173,0.6732,-0.401955,-0.034186,-0.001096,-0.000525,3.0,0.9594,2.0,1.0,2.0,0.3481,0.0,4.0,1.0,,0.0,True,21.17,62123.01,0.0691,0.0371,0.0,win,0.496,neutral,,,6.0,,2026-07-09 00:26:03+00:00,True,0.55,0.44999999999999996,2026-07-09 00:21:24+00:00,1.0,0.33419999999999994,2026-07-04/2026-07-10,DISAGREE,-0.33419999999999994
2026-07-09 01:01:55,2026-07-09 01:00,KXBTCD-26JUL0822-T62199.99,2026-07-09T02:00:00Z,62128.5,62199.99,0.1151,0.36,real,0.210942,0.4336,0.00052504,0.00055115,0.00042176,1.3068,0.01,0.00051274,0.0,0.0,1.0,1.0,0.0,-0.0173,2.0,-1.0,0.9752,-1.0,6.615e-05,0.0,,0.0,0.0,0.0,0.0,0.0,-0.0456,False,False,0.0,1.0,35.78,19.78,31.91,True,0.0,bearish,0.0,0.0,0.07116,0.041782,trade,no,False,False,91.0,57.87,,0.197668,0.019767,49.42,2500.0,-5.0,0.0,0.2888,0.3472,-0.0896,0.1385,0.1418,1.0,1.0,0.116,-0.1966,-0.2301,0.1543,-1.0,0.7223,False,bearish,bearish,False,True,5.863,3.4,False,False,,True,0.4818,0.0,27.47,0.0087,,1.0,-1.0,-1.0,63.63,-0.0021,-176681.18,-57545627.31,0.927181,44990939.52,0.953176,7.8703,730187.91,0.9405,-0.0675,1.0,32.9474,3.4561,62500.0,0.598,1.3443,1e-06,Bull,Consolidation,-1.0,10056373.08,0.0,0.000849,-0.00163,0.00157,0.0,0.0154,0.1494,19.0,-0.1687,126.4,0.000257,,,,,,,,,,,,,,0.000828,0.3115,3.0,0.930131,quiet,-12.642424,1.25641,0.6517,-0.405024,-0.037041,0.000402,0.001179,3.0,0.9725,2.0,1.0,3.0,0.8759,0.0,4.0,1.0,,0.0,True,27.8,61904.52,-0.3605,-0.475,0.0,win,0.5293,neutral,,,6.0,,2026-07-09 01:01:55+00:00,True,0.64,0.36,2026-07-09 00:46:49+00:00,1.0,0.23980000000000004,2026-07-04/2026-07-10,DISAGREE,-0.23980000000000004
2026-07-09 02:05:07,2026-07-09 02:00,KXBTCD-26JUL0823-T62099.99,2026-07-09T03:00:00Z,61892.39,62099.99,0.3354,0.21,real,0.184336,0.899,0.00108127,0.00085061,0.0005617,1.5144,0.01,0.00066298,0.0,0.0,1.0,2.0,-1.0,-0.1683,2.0,0.0,0.3262,-1.0,6.178e-05,0.0,,0.0,0.0,0.0,0.0,0.0,-0.0761,False,False,1.0,1.0,13.86,10.8,6.2,True,0.0,bearish,0.0,0.0,0.039872,0.014989,trade,no,False,False,91.0,54.65,,0.189868,0.018987,47.47,2500.0,-6.0,3.0,0.4552,0.4283,-0.6109,0.0213,0.0504,1.0,0.5,0.0,-0.3291,-0.6404,0.83,-1.0,0.4432,False,bearish,bearish,False,True,6.267,3.031,False,False,,True,0.3164,0.0,24.48,2.3387,,2.0,-1.0,-1.0,64.05,-0.2509,-114632.22,-57545627.31,0.927181,44990939.52,0.953176,7.8703,730187.91,0.9434,-0.0655,0.0001,0.2781,0.2862,62500.0,0.9817,1.3319,1.83e-05,Bull,Consolidation,-1.0,10267134.86,0.0,0.001332,-0.00178,0.00158,0.0,0.3908,0.2814,19.0,-0.69,108.3,0.001093,,,,,,,,,,,,,,-0.000117,0.2714,2.0,0.938964,quiet,14.583098,1.183606,0.5438,-0.399507,-0.109522,0.000501,0.001069,7.0,0.6143,0.0,0.9982,2.0,0.4911,0.0,4.0,1.0,,0.0,True,12.62,61787.15,-0.17,-0.5038,0.0,win,0.5643,rising,,,1.0,,2026-07-09 02:05:07+00:00,True,0.79,0.20999999999999996,2026-07-09 02:03:08+00:00,1.0,0.3332,2026-07-04/2026-07-10,DISAGREE,-0.3332
2026-07-09 02:29:06,2026-07-09 02:00,KXBTCD-26JUL0823-T61999.99,2026-07-09T03:00:00Z,61929.34,61999.99,0.1141,0.34,real,0.232685,0.4646,0.00063313,0.00067759,0.00049904,1.3578,0.01,0.00058289,0.0,-1.0,0.0,1.0,0.0,-0.0832,2.0,0.0,0.3509,-1.0,6.137e-05,0.0,,0.0,0.0,0.0,0.0,0.0,0.0346,False,False,1.0,0.0,22.78,14.13,18.86,True,0.0,bearish,0.0,0.0,0.049903,0.020487,trade,no,False,False,89.0,30.68,,0.146774,0.014677,36.69,2500.0,-6.0,0.0,0.2888,0.3472,0.1652,-0.0836,-0.0667,0.0,0.6334,0.1654,-0.1643,-0.476,0.6436,1.0,0.5001,False,bearish,bearish,False,True,6.203,3.089,False,False,,True,0.3876,0.0,24.64,4.0143,0.0,2.0,1.0,1.0,64.0,0.1748,-112278.41,-57545627.31,0.927181,44990939.52,0.953176,7.8703,730187.91,0.9445,-0.0673,0.0008,36.5305,0.3019,62500.0,0.9215,1.3051,-9.8e-06,Bull,Consolidation,-1.0,9971367.3,0.0,0.001126,-0.00139,0.00158,0.0,0.3378,0.2628,19.0,-0.6429,102.5,0.000639,,,,,,,,,,,,,,-2.5e-05,0.2783,2.0,0.946542,low,-11.353918,1.164716,0.5469,-0.405089,-0.113408,0.00111,0.001453,7.0,0.6378,0.0,0.995,2.0,0.3924,0.0,4.0,1.0,3.0,0.0,True,18.9,61787.15,-0.2296,-0.3433,0.0,win,0.5643,rising,,,1.0,,2026-07-09 02:29:06+00:00,True,0.6599999999999999,0.3400000000000001,2026-07-09 02:23:26+00:00,1.0,0.3293999999999999,2026-07-04/2026-07-10,DISAGREE,-0.3293999999999999
2026-07-09 02:35:01,2026-07-09 02:00,KXBTCD-26JUL0823-T61899.99,2026-07-09T03:00:00Z,61815.42,61899.99,0.1368,0.3,real,0.268222,0.6182,0.00062407,0.00066114,0.00052366,1.2625,0.01,0.00058447,0.0,0.0,1.0,2.0,-1.0,-0.1039,2.0,0.0,0.3573,-1.0,5.929e-05,0.0,,0.0,0.0,0.0,0.0,0.0,-0.1623,False,False,1.0,1.0,7.5,10.16,19.78,False,0.0,bearish,0.0,0.0,0.048399,0.020218,trade,no,False,False,87.0,24.79,,0.161328,0.016133,40.33,2500.0,-6.0,5.0,0.3902,0.4007,-0.082,-0.2967,-0.2125,0.0,0.2086,-0.0317,-0.3607,-0.6718,0.6876,-1.0,0.5697,False,bearish,bearish,False,True,6.399,2.91,False,False,,True,0.2878,0.0,24.64,4.0309,-0.19,2.0,0.0,-0.3824,63.98,0.0942,-111142.49,-57545627.31,0.927181,44990939.52,0.953176,7.8703,730187.91,0.9454,-0.0618,0.0008,40.4131,0.3025,62500.0,1.1075,1.3051,2.37e-05,Bull,Consolidation,-1.0,9472766.86,0.0,0.000695,-0.00186,0.00137,0.0,0.2408,0.2287,19.0,-0.908,109.4,0.00071,,,,,,,,,,,,,,-0.000134,0.2701,2.0,0.946542,low,14.805931,1.187281,0.5476,-0.398184,-0.108744,0.000384,0.000996,7.0,0.5921,0.0,0.9994,2.0,0.5822,0.0,4.0,1.0,3.0,0.0,True,17.28,61787.15,-0.0457,-0.1823,0.0,win,0.5643,rising,,,1.0,,2026-07-09 02:35:01+00:00,True,0.7,0.30000000000000004,2026-07-09 02:33:36+00:00,1.0,0.19599999999999998,2026-07-04/2026-07-10,DISAGREE,-0.19599999999999998
2026-07-09 03:01:08,2026-07-09 03:00,KXBTCD-26JUL0900-T61899.99,2026-07-09T04:00:00Z,61730.12,61899.99,0.2752,0.21,real,0.173771,0.9394,0.00042498,0.00050298,0.00044527,1.1296,0.01,0.00050296,0.0,0.0,1.0,1.0,0.0,0.0039,2.0,0.0,0.8886,-1.0,5.33e-05,-1.0,,0.0,0.0,0.0,1.0,1.0,-0.2727,False,False,1.0,1.0,8.24,6.99,8.62,False,-1.0,bearish,0.0,0.0,0.055575,0.031435,trade,no,False,False,88.0,58.57,,0.264644,0.026464,66.16,2500.0,-6.0,5.0,0.3902,0.4007,-0.3702,0.1018,0.0,0.5,0.5,0.0,-0.1896,-0.5181,0.1663,-1.0,0.6173,False,bearish,bearish,False,True,6.546,2.776,False,False,,True,0.2362,0.0,24.0,0.0,,3.0,-1.0,-0.9916,63.96,-0.039,-3591.14,-57545627.31,0.927181,44990939.52,0.953176,7.8703,730187.91,0.9509,-0.0663,0.0008,160.4382,0.3477,62500.0,1.2472,1.3051,6.9e-06,Bull,Consolidation,-1.0,9495870.0,0.0,0.00091,-0.00153,0.0014,0.0,0.0656,0.1671,19.0,-1.1156,115.3,0.001676,,,,,,,,,,,,,,-0.00021,0.2994,2.0,0.940075,low,14.460422,1.197486,0.4511,-0.374352,-0.211558,0.000811,0.000628,6.0,0.8449,0.0,0.9981,2.0,0.8524,0.0,1.0,1.0,,1.0,False,-66.16,62006.92,0.4484,0.1727,0.1727,marginal,0.5463,rising,,,1.0,,2026-07-09 03:01:08+00:00,False,0.79,-0.79,2026-07-09 02:48:54+00:00,1.0,0.18680000000000002,2026-07-04/2026-07-10,DISAGREE,-0.18680000000000002
2026-07-09 03:11:02,2026-07-09 03:00,KXBTCD-26JUL0900-T61799.99,2026-07-09T04:00:00Z,61729.77,61799.99,0.1138,0.37,real,0.338502,0.4166,0.00039941,0.00048341,0.00049065,0.9852,0.01,0.00051431,0.0,0.0,1.0,1.0,0.0,-0.0007,2.0,1.0,0.917,-1.0,5.173e-05,-1.0,,0.0,0.0,0.0,1.0,1.0,-0.2653,False,False,1.0,1.0,8.58,7.09,8.74,False,-1.0,bearish,0.0,0.0,0.057211,0.027164,trade,no,False,False,88.0,48.75,,0.154623,0.015462,38.66,2500.0,-6.0,5.0,0.3902,0.4007,-0.1132,0.0137,-0.0084,1.0,0.4761,0.005,-0.1846,-0.5131,0.1663,-1.0,0.5755,False,bearish,bearish,False,True,6.547,2.776,False,False,,True,0.2471,0.0,24.0,0.0884,-0.01,3.0,0.0,-0.285,64.1,-0.039,-6585.42,-57545627.31,0.927181,44990939.52,0.953176,7.8703,730187.91,0.9516,-0.0725,0.0273,42.2834,0.5244,62500.0,1.2477,1.3051,6.1e-06,Bull,Consolidation,-1.0,10262255.86,0.0,0.000867,-0.00169,0.00172,0.0,0.0656,0.1671,19.0,-1.1196,115.0,0.001442,,,,,,,,,,,,,,-0.000208,0.2997,2.0,0.942,low,12.937851,1.197188,0.453,-0.374419,-0.211622,0.00083,0.000639,6.0,0.8448,2.0,0.9999,2.0,0.8496,0.0,4.0,1.0,1.0,1.0,False,-38.66,62006.92,0.449,0.3348,0.3348,clear_loss,0.5463,rising,,,1.0,,2026-07-09 03:11:02+00:00,False,0.63,-0.63,2026-07-09 03:09:13+00:00,1.0,0.3756,2026-07-04/2026-07-10,DISAGREE,-0.3756
2026-07-09 03:33:46,2026-07-09 03:00,KXBTCD-26JUL0900-T62099.99,2026-07-09T04:00:00Z,61989.94,62099.99,0.1775,0.2,real,0.125762,0.9081,0.00052644,0.00053828,0.00041344,1.3019,0.01,0.00050416,0.0,-1.0,0.0,1.0,0.0,-0.0952,2.0,-1.0,0.8805,-1.0,5.871e-05,-1.0,,0.0,0.0,0.0,0.0,0.0,0.1225,False,False,-1.0,0.0,34.78,14.85,23.18,False,0.0,bearish,0.0,0.0,0.038331,0.013844,trade,no,False,False,89.0,25.98,,0.191655,0.019165,47.91,2500.0,-6.0,0.0,0.2888,0.3472,0.3376,0.2727,0.1775,1.0,1.0,0.3914,0.2011,-0.1287,0.3428,1.0,0.3116,False,bearish,bearish,False,True,6.1,3.184,False,False,,True,0.4595,0.0,24.0,0.1739,,3.0,1.0,1.0,64.27,-0.0511,-10504.14,-57545627.31,0.927181,44990939.52,0.953176,7.8703,730187.91,0.9493,-0.0718,0.0273,2.6725,0.9026,62500.0,0.8228,1.3064,-5.94e-05,Bull,Consolidation,-1.0,3269524.61,0.0,0.000921,-0.0079,0.01629,0.0,0.0373,0.1572,19.0,-0.4484,96.6,0.000375,,,,,,,,,,,,,,-5e-06,0.32,2.0,0.947508,low,-28.565605,1.175021,0.5152,-0.373934,-0.214915,0.002241,0.001544,6.0,0.8237,2.0,1.0,2.0,0.6904,0.0,4.0,1.0,,0.0,True,11.98,62006.92,0.0274,-0.1499,0.0,win,0.5463,rising,,,1.0,0.006685,2026-07-09 03:33:46+00:00,True,0.8,0.19999999999999996,2026-07-09 03:24:29+00:00,1.0,0.23759999999999984,2026-07-04/2026-07-10,DISAGREE,-0.23759999999999984
2026-07-09 09:44:42,2026-07-09 09:00,KXBTCD-26JUL0906-T62799.99,2026-07-09T10:00:00Z,62744.89,62799.99,0.0878,0.3,real,0.226264,0.683,0.00040553,0.00033838,0.00043196,0.7834,0.01,0.00043638,0.0,-1.0,0.0,0.0,0.0,-0.017,2.0,0.0,0.5116,0.0,1.35e-05,0.0,,0.0,0.0,0.0,-1.0,-1.0,0.8461,False,False,1.0,0.0,40.49,48.13,50.71,False,0.0,bearish,0.0,0.0,0.05982,0.032045,trade,no,False,False,111.0,15.02,,0.199399,0.01994,49.85,2500.0,0.0,-1.0,0.4264,0.4509,-0.0674,-0.2303,-0.2567,0.0045,0.008,-0.057,-0.217,-0.0587,0.9293,1.0,0.7596,False,bearish,bearish,False,True,4.823,4.349,False,False,,False,0.716,0.0,25.54,0.6724,-0.12,9.0,0.0,0.1344,60.23,0.0479,-14259.54,412873143.43,1.164709,244684112.54,1.017673,0.0046,10967210.6,0.9547,-0.0143,0.0,4.9042,0.0263,62000.0,-1.1872,0.9507,2e-05,Bull,Consolidation,-1.0,10490686.93,0.0,0.000807,-0.0017,0.00157,0.0,0.0249,0.1528,13.0,0.3143,507.8,-3.6e-05,,,,,,,,,,,,,,0.001054,0.4725,3.0,0.943397,low,6.25167,1.641197,0.4624,-0.100502,-0.133602,-0.001176,0.000519,6.0,0.9932,3.0,0.9971,4.0,0.9452,0.0,4.0,1.0,2.0,1.0,False,-49.85,62935.54,0.3038,0.2158,0.2158,clear_loss,0.5446,neutral,,,0.0,0.004049,2026-07-09 09:44:42+00:00,False,0.7,-0.7,2026-07-09 09:40:16+00:00,1.0,0.18660000000000007,2026-07-04/2026-07-10,DISAGREE,-0.18660000000000007
2026-07-09 10:03:21,2026-07-09 09:00,KXBTCD-26JUL0907-T62999.99,2026-07-09T11:00:00Z,62860.61,62999.99,0.2217,0.21,real,0.139587,0.8818,0.00034102,0.00029676,0.00036576,0.8113,0.01,0.00039819,0.0,-1.0,0.0,0.0,0.0,-0.0106,2.0,0.0,0.5231,0.0,1.896e-05,0.0,,0.0,0.0,0.0,-1.0,-1.0,1.0131,False,False,0.0,0.0,24.77,52.01,34.94,False,1.0,bearish,0.0,0.0,0.038591,0.013649,trade,no,False,False,113.0,56.39,,0.183767,0.018377,45.94,2500.0,1.0,-3.0,0.4458,0.426,-0.0589,-0.0115,-0.0612,1.0,0.8161,0.1067,-0.0536,0.105,1.0,1.0,0.2092,False,bearish,bearish,False,True,4.63,4.525,False,False,,False,0.775,0.0,25.36,0.7672,,10.0,1.0,0.8431,60.14,0.0415,-34249.03,412873143.43,1.164709,244684112.54,1.017673,0.0046,10967210.6,0.9548,-0.0144,0.0,4.3774,0.0278,62000.0,-1.3691,0.9494,-7.7e-06,Bull,Consolidation,-1.0,10261417.11,0.0,0.001263,-0.00166,0.00158,0.0,0.0218,0.1517,15.0,-0.2159,784.3,6e-05,,,,,,,,,,,,,,0.001145,0.4833,3.0,0.9445,low,-9.664973,1.62709,0.4926,-0.106309,-0.135339,-0.000584,0.00091,6.0,0.9968,3.0,0.998,4.0,0.9977,0.0,4.0,1.0,,0.0,True,12.21,62781.89,-0.1252,-0.3462,0.0,win,0.4666,neutral,,,0.0,0.004753,2026-07-09 10:03:21+00:00,True,0.79,0.20999999999999996,2026-07-09 09:50:25+00:00,1.0,0.16419999999999996,2026-07-04/2026-07-10,DISAGREE,-0.16419999999999996
2026-07-09 10:11:08,2026-07-09 10:00,KXBTCD-26JUL0907-T63099.99,2026-07-09T11:00:00Z,62963.19,63099.99,0.2173,0.2,real,0.13476,0.9224,0.00036785,0.0003029,0.00036967,0.8194,0.01,0.00040155,0.0,-1.0,0.0,1.0,0.0,0.097,2.0,0.0,0.4505,0.0,1.999e-05,0.0,,0.0,1.0,-1.0,-2.0,-2.0,1.195,False,False,-1.0,0.0,50.67,54.91,43.57,False,1.0,bearish,0.0,0.0,0.037186,0.012644,trade,no,False,False,114.0,48.66,,0.185928,0.018593,46.48,2500.0,1.0,-4.0,0.5952,0.4277,0.1523,0.1501,0.1349,1.0,0.9003,0.1223,0.2292,0.0687,1.0,1.0,0.1954,False,bearish,bearish,False,True,4.46,4.68,False,False,,False,0.8662,0.0,26.06,0.3668,,10.0,1.0,1.0,60.14,0.0415,-36317.71,412873143.43,1.164709,244684112.54,1.017673,0.0046,10967210.6,0.9572,-0.0138,0.0,3.6563,0.0347,62000.0,-1.5298,0.9494,-3.59e-05,Bull,Consolidation,-1.0,10384282.15,0.0,0.002085,-0.00145,0.00131,0.0,0.0251,0.1529,15.0,-2.0179,1650.4,0.000251,,,,,,,,,,,,,,0.001149,0.4798,3.0,0.938447,quiet,-15.458578,1.633136,0.508,-0.106285,-0.143275,1.3e-05,0.000395,6.0,0.9962,3.0,0.9982,4.0,0.9978,0.0,4.0,1.0,,0.0,True,11.62,62781.89,-0.2879,-0.5041,0.0,win,0.4666,neutral,,,0.0,0.004534,2026-07-09 10:11:08+00:00,True,0.8,0.19999999999999996,2026-07-09 10:10:50+00:00,1.0,0.04099999999999995,2026-07-04/2026-07-10,DISAGREE,-0.04099999999999995
2026-07-09 11:52:11,2026-07-09 11:00,KXBTCD-26JUL0908-T62699.99,2026-07-09T12:00:00Z,62660.22,62699.99,0.0635,0.29,real,0.219086,0.7106,0.00036752,0.0003255,0.00041545,0.7835,0.01,0.00042567,0.0,-1.0,0.0,0.0,0.0,0.0526,2.0,0.0,0.4429,0.0,2.901e-05,0.0,,0.0,0.0,0.0,-1.0,-1.0,0.6819,False,False,0.0,0.0,25.68,41.36,16.99,True,0.0,bearish,0.0,0.0,0.057969,0.030495,trade,no,False,False,108.0,7.62,,0.199892,0.019989,49.97,2500.0,-1.0,0.0,0.4559,0.4336,0.0218,0.0717,0.0742,0.0,0.3616,-0.0977,-0.4488,-0.3426,0.2691,-1.0,0.2084,False,bearish,bearish,False,True,4.965,4.219,False,False,,False,0.5674,0.0,25.09,0.0512,,11.0,0.0,0.0,59.91,0.2572,12940.81,412873143.43,1.164709,244684112.54,1.017673,0.0046,10967210.6,0.9539,-0.0159,0.0,7.0192,0.5156,62000.0,-1.0537,0.9543,4.37e-05,Bull,Consolidation,-0.1397,3779005.18,0.0,0.008999,-0.00152,0.00145,0.0,0.0157,0.1496,19.0,0.5897,433.6,-4.3e-05,,,,,,,,,,,,,,0.000806,0.44,3.0,0.940535,low,31.207032,1.600154,0.4352,-0.106067,-0.140243,-0.000437,0.00084,6.0,0.9963,3.0,0.9751,4.0,0.9989,0.0,4.0,1.0,,1.0,False,-49.97,62789.79,0.2068,0.1432,0.1432,clear_loss,0.5519,neutral,,,0.0,0.008309,2026-07-09 11:52:11+00:00,False,0.71,-0.71,2026-07-09 11:47:22+00:00,1.0,0.37759999999999994,2026-07-04/2026-07-10,DISAGREE,-0.37759999999999994
2026-07-09 12:07:26,2026-07-09 12:00,KXBTCD-26JUL0909-T62799.99,2026-07-09T13:00:00Z,62655.37,62799.99,0.2308,0.32,real,0.252145,0.7087,0.00039408,0.00038403,0.00068135,0.5636,0.01,0.00053528,0.0,0.0,1.0,0.0,1.0,0.161,2.0,-1.0,0.9938,0.0,2.14e-05,0.0,,0.0,0.0,0.0,-1.0,-1.0,0.612,False,False,0.0,0.0,33.54,44.35,30.09,False,0.0,bearish,0.0,0.0,0.07649,0.048595,trade,no,False,False,113.0,52.34,,0.23903,0.023903,59.76,2500.0,-1.0,-1.0,0.4533,0.515,0.1953,-0.0735,-0.0087,0.0,0.0,-0.0601,0.0286,-0.323,0.7371,1.0,0.2831,False,bearish,bearish,False,True,4.973,4.212,False,False,,False,0.5744,0.0,24.75,1.7368,,12.0,-1.0,-1.0,60.07,-0.0474,-190117.23,412873143.43,1.164709,244684112.54,1.017673,0.0046,10967210.6,0.9549,-0.0126,1.0,25.4977,4.3826,62000.0,-1.046,0.9537,-6.7e-06,Bull,Consolidation,-1.0,10354560.99,0.0,0.001075,-0.00144,0.00192,0.0,0.0176,0.1502,19.0,-0.2257,548.1,9e-05,,,,,,,,,,,,,,0.000828,0.4376,3.0,0.932251,quiet,21.58014,1.630164,0.483,-0.12173,-0.132279,7.9e-05,-0.000106,6.0,0.9934,4.0,1.0,4.0,0.9976,0.0,4.0,1.0,,0.0,True,28.12,62657.63,0.0036,-0.2267,0.0,win,0.4757,neutral,,,3.0,0.005673,2026-07-09 12:07:26+00:00,True,0.6799999999999999,0.32000000000000006,2026-07-09 12:02:42+00:00,1.0,0.3946,2026-07-04/2026-07-10,DISAGREE,-0.3946
2026-07-09 12:28:39,2026-07-09 12:00,KXBTCD-26JUL0909-T62899.99,2026-07-09T13:00:00Z,62683.08,62899.99,0.346,0.17,real,0.065084,1.3729,0.00044941,0.00042681,0.00064928,0.6574,0.01,0.00053718,0.0,0.0,1.0,0.0,1.0,0.2207,2.0,0.0,0.897,0.0,2.115e-05,0.0,,0.0,0.0,0.0,0.0,0.0,0.514,False,False,1.0,0.0,22.4,44.19,36.53,False,0.0,bearish,0.0,0.0,0.092161,0.072137,trade,no,False,False,111.0,31.09,,0.542126,0.05,125.0,2500.0,-1.0,0.0,0.4559,0.4336,-0.155,-0.0877,-0.0843,0.4252,0.4231,-0.0669,0.0219,-0.3297,0.0973,1.0,0.0435,False,bearish,bearish,False,True,4.926,4.254,False,False,,False,0.5237,0.0,24.84,1.839,-0.02,12.0,0.0,0.391,60.21,0.0116,-199395.87,412873143.43,1.164709,244684112.54,1.017673,0.0046,10967210.6,0.9586,-0.0113,1.0,1.1585,3.4266,62000.0,-1.0897,0.9537,-5.5e-06,Bull,Consolidation,-1.0,3013751.21,0.0,0.000886,-0.00148,0.01782,0.0,0.0232,0.1522,19.0,-0.1391,543.4,3.4e-05,,,,,,,,,,,,,,0.000824,0.4372,3.0,0.935875,quiet,22.2155,1.629784,0.4819,-0.121835,-0.13236,5.4e-05,-0.000122,6.0,0.9938,3.0,0.9998,4.0,0.9982,0.0,4.0,1.0,3.0,0.0,True,25.6,62657.63,-0.0406,-0.3853,0.0,win,0.4757,neutral,,,3.0,0.004007,2026-07-09 12:28:39+00:00,True,0.83,0.17000000000000004,2026-07-09 12:23:01+00:00,1.0,0.25919999999999993,2026-07-04/2026-07-10,DISAGREE,-0.25919999999999993
2026-07-09 13:29:08,2026-07-09 13:00,KXBTCD-26JUL0910-T62799.99,2026-07-09T14:00:00Z,62639.84,62799.99,0.2557,0.25,real,0.137854,0.9525,0.00073452,0.00067694,0.0006837,0.9901,0.01,0.00063704,0.0,-1.0,0.0,0.0,0.0,-0.088,2.0,0.0,0.7844,0.0,2.16e-05,-1.0,,0.0,0.0,0.0,0.0,0.0,0.4981,False,False,0.0,0.0,39.0,42.27,48.03,False,0.0,bearish,0.0,0.0,0.090934,0.066571,trade,no,False,False,114.0,30.66,,0.363738,0.036374,90.93,2500.0,-1.0,0.0,0.4559,0.4336,0.0533,-0.1396,-0.0806,0.0,0.1563,0.0533,-0.148,-0.0593,0.8966,1.0,0.3343,False,bearish,bearish,False,True,4.999,4.188,False,False,,False,0.526,0.0,23.47,0.0075,-0.14,13.0,-1.0,-1.0,60.74,0.0595,-196289.82,-158514764.25,0.882598,68116557.17,0.923204,8.8859,1147339.82,0.9558,-0.0125,1.0,0.9155,1.3393,62000.0,-1.0215,0.9517,5.8e-06,Bull,Consolidation,-1.0,11062224.92,0.0,0.001212,-0.00194,0.00161,0.0,0.1835,0.2086,19.0,-0.0848,428.8,2.5e-05,,,,,,,,,,,,,,0.00075,0.4236,3.0,0.939993,low,16.867542,2.024422,0.4749,0.004704,-0.18666,0.000496,0.000593,6.0,0.9988,3.0,0.9969,4.0,0.9978,0.0,4.0,1.0,4.0,1.0,False,-90.93,63070.01,0.6867,0.43,0.43,clear_loss,0.4985,neutral,,,6.0,0.006297,2026-07-09 13:29:08+00:00,False,0.75,-0.75,2026-07-09 13:18:56+00:00,1.0,0.39379999999999993,2026-07-04/2026-07-10,DISAGREE,-0.39379999999999993
2026-07-09 13:35:22,2026-07-09 13:00,KXBTCD-26JUL0910-T62699.99,2026-07-09T14:00:00Z,62555.24,62699.99,0.2314,0.28,real,0.159331,0.875,0.00075115,0.00075014,0.00080243,0.9348,0.01,0.00070329,0.0,-1.0,0.0,0.0,0.0,0.0139,2.0,0.0,0.6755,0.0,2.207e-05,-1.0,,0.0,0.0,0.0,0.0,0.0,0.3485,False,False,1.0,0.0,23.3,38.78,44.75,False,0.0,bearish,0.0,0.0,0.100092,0.074764,trade,no,False,False,113.0,24.42,,0.357471,0.035747,89.37,2500.0,-1.0,0.0,0.4559,0.4336,-0.3156,-0.2436,-0.1438,0.5051,0.2006,-0.0945,-0.2955,-0.2069,1.0,-1.0,0.1712,False,bearish,bearish,False,True,5.141,4.059,False,False,,False,0.4519,0.0,23.47,0.0409,-0.22,13.0,-1.0,-1.0,60.74,0.1651,-193873.05,-158514764.25,0.882598,68116557.17,0.923204,8.8859,1147339.82,0.957,-0.0145,1.0,1.3459,1.6806,62000.0,-0.8876,0.9517,3.08e-05,Bull,Consolidation,-1.0,11571932.92,0.0,0.001266,-0.00151,0.00158,0.0,0.1054,0.1811,19.0,-0.1268,388.8,3.3e-05,,,,,,,,,,,,,,-0.001021,0.4105,3.0,0.943366,low,33.837645,2.04751,0.4682,0.012575,-0.184051,-4.6e-05,0.000247,6.0,0.9984,3.0,0.9934,4.0,0.9982,0.0,4.0,1.0,2.0,1.0,False,-89.37,63070.01,0.8229,0.5901,0.5901,clear_loss,0.4985,neutral,,,6.0,0.006357,2026-07-09 13:35:22+00:00,False,0.72,-0.72,2026-07-09 13:34:10+00:00,1.0,0.3714,2026-07-04/2026-07-10,DISAGREE,-0.3714
2026-07-09 14:08:04,2026-07-09 14:00,KXBTCD-26JUL0911-T63199.99,2026-07-09T15:00:00Z,62894.56,63199.99,0.4856,0.22,real,0.153432,1.0195,0.00084702,0.00116565,0.00087232,1.3363,0.01,0.00086938,0.0,-1.0,0.0,0.0,0.0,0.0057,2.0,0.0,0.7594,0.0,2.302e-05,0.0,,0.0,0.0,0.0,-1.0,-1.0,0.9109,False,False,-1.0,0.0,65.81,51.51,75.43,False,1.0,bearish,0.0,0.0,0.066196,0.042085,trade,no,False,False,119.0,51.72,,0.300889,0.021211,53.03,2500.0,1.0,-1.0,0.5233,0.4991,0.3574,-0.1166,-0.0624,0.9047,0.0,-0.1467,0.4449,0.2429,0.2105,1.0,0.0172,False,bearish,bearish,False,True,4.574,4.576,False,False,,False,0.6797,0.0,24.29,0.0705,,14.0,1.0,0.9487,60.81,0.3278,-166903.13,-158514764.25,0.882598,68116557.17,0.923204,8.8859,1147339.82,0.9556,-0.0081,0.0,0.1923,0.7921,62000.0,-1.4223,0.9433,-3.09e-05,Bull,Consolidation,-1.0,10272150.54,0.0,0.001955,-0.0013,0.00204,0.0,0.1419,0.1939,19.0,0.016,488.3,-7e-06,,,,,,,,,,,,,,0.00154,0.4914,2.0,0.94716,low,4.479548,1.484819,0.6153,-0.070413,-0.221434,-0.0005,-0.001842,6.0,0.9948,3.0,0.9112,4.0,0.9989,0.0,4.0,1.0,,0.0,True,14.96,63013.28,0.1888,-0.2954,0.0,win,0.4895,neutral,,,2.0,0.010006,2026-07-09 14:08:04+00:00,True,0.78,0.21999999999999997,2026-07-09 14:04:43+00:00,1.0,0.28659999999999997,2026-07-04/2026-07-10,DISAGREE,-0.28659999999999997
2026-07-09 20:05:43,2026-07-09 20:00,KXBTCD-26JUL0917-T63249.99,2026-07-09T21:00:00Z,63131.94,63249.99,0.187,0.29,real,0.24226,0.6965,0.0003718,0.00045789,0.00045902,0.9975,0.01,0.00047987,1.0,-1.0,0.0,0.0,0.0,-0.0558,2.0,0.0,0.2795,0.0,1.601e-05,1.0,,0.0,0.0,0.0,-1.0,-1.0,0.5098,False,False,0.0,0.0,66.28,61.36,75.3,True,0.0,bullish,0.0,0.0,0.047205,0.019336,trade,no,False,False,50.0,54.09,,0.162775,0.016277,40.69,2500.0,1.0,-1.0,0.5233,0.4991,-0.0992,-0.1193,-0.1142,0.0261,0.0304,-0.0944,0.0025,0.1835,0.9609,-1.0,0.081,False,bearish,bullish,True,True,4.18,4.935,False,False,,False,0.6793,0.0,25.03,0.0006,-0.13,20.0,1.0,1.0,59.85,-0.0118,154256.18,0.0,1.0,0.0,1.0,1.0,0.0,0.9635,-0.0182,0.0,4.5996,0.081,,,,5.3e-06,Bull,Consolidation,-1.0,10663468.71,0.0,0.00406,-0.00153,0.00171,0.0,0.0179,0.1503,19.0,-0.5076,650.0,0.000195,,,,,,,,,,,,,,0.000262,0.4193,1.0,0.948177,low,7.847219,1.651571,0.6446,-0.045944,-0.192257,-0.001087,-0.000509,6.0,0.9992,3.0,0.9982,4.0,0.9986,0.0,4.0,1.0,4.0,1.0,False,-40.69,63360.0,0.3612,0.1739,0.1739,marginal,0.5335,neutral,,,0.0,0.003525,2026-07-09 20:05:43+00:00,False,0.71,-0.71,2026-07-09 20:02:11+00:00,1.0,0.48400000000000004,2026-07-04/2026-07-10,DISAGREE,-0.48400000000000004
2026-07-09 21:27:26,2026-07-09 21:00,KXBTCD-26JUL0918-T63299.99,2026-07-09T22:00:00Z,63200.16,63299.99,0.158,0.2,real,0.144763,0.9389,0.00028328,0.00032113,0.00032972,0.9739,0.01,0.00038889,1.0,-1.0,0.0,0.0,0.0,-0.0709,2.0,0.0,0.0477,0.0,1.226e-05,0.0,,0.0,0.0,0.0,-1.0,-1.0,0.4509,False,False,0.0,0.0,46.64,64.88,62.16,False,0.0,bullish,0.0,0.0,0.036203,0.011616,trade,no,False,False,116.0,32.35,,0.181017,0.018102,45.25,2500.0,2.0,-2.0,0.5114,0.4436,0.004,-0.077,-0.0998,0.0,0.0942,-0.0245,0.0533,0.1503,0.15,-1.0,0.0724,False,bearish,bullish,True,True,4.068,5.038,False,False,,False,0.7032,0.0,25.59,0.0415,-0.27,21.0,1.0,1.0,59.75,-0.1211,32396.69,219755033.81,1.128883,255988837.91,1.053547,0.107,12162774.81,0.9653,-0.0221,0.0,0.0491,0.0457,62000.0,-1.899,0.9458,-4.7e-06,Bull,Consolidation,-1.0,10321907.01,0.0,0.002023,-0.00153,0.00143,0.0,0.0139,0.1489,19.0,-1.1365,945.7,0.000187,,,,,,,,,,,,,,0.000348,0.4475,1.0,0.942902,low,-3.84914,1.72845,0.6062,0.078663,-0.191633,-0.000708,-0.000154,6.0,0.9995,3.0,0.9968,4.0,0.9984,0.0,4.0,1.0,2.0,0.0,True,11.31,63258.72,0.0927,-0.0652,0.0,win,0.4756,neutral,,,0.0,0.003262,2026-07-09 21:27:26+00:00,True,0.8,0.19999999999999996,2026-07-09 21:25:56+00:00,1.0,0.2474,2026-07-04/2026-07-10,DISAGREE,-0.2474
